path,size_bytes,sha256
data/derived/sets_dict.parquet,1362903,f671198e3dc459226909aa9f1282cbb6c8c1affb64af99e0806c1bdf14f399b8
data/raw/indel/1/indel_SRR7890851_bwa2-SRR7890850_bwa2_mutect.vcf.secondbed.vcf.recode.vcf,431392,4c28acc7bed1c9a921eb189c38372c40d9f8ab8d85590a9bfa036c1003334aeb
data/raw/indel/1/indel_SRR7890851_bwa2-SRR7890850_bwa2_mutect.vcf.secondbed.vcf.recode.vcf.gz,53491,8988f9de7d346561be6d467f19d84648e08a50353a08a1293de9eeb80e48fdf3
data/raw/indel/10/indel_SRR7890851-SRR7890851bwa2-SRR7890850-SRR7890850bwa2_strelka.vcf.secondbed.vcf.recode.vcf,307244,7de010821a18451e15a96d13c2820e2293fd5766f0908874d4ab6500d98abcfa
data/raw/indel/10/indel_SRR7890851-SRR7890851bwa2-SRR7890850-SRR7890850bwa2_strelka.vcf.secondbed.vcf.recode.vcf.gz,31481,2cdd757652ce34dc34ad54c336762817cd008a38d9d4cdd36fe6088ad570f911
data/raw/indel/100/indel_SRR7890874_bowtie-SRR7890883_bowtie_strelka.vcf.secondbed.vcf.recode.vcf,330853,d609479f47909c3c8c07a070f6df20531371f235a945ffab9e162596306acee5
data/raw/indel/101/indel_SRR7890874_bwa2-SRR7890883_bwa2_mutect.vcf.secondbed.vcf.recode.vcf,990526,f135758c0d3d94f62b5ad3697cf3258427f9396080b4a8ecefae2e4dc9d1d2fb
data/raw/indel/102/indel_SRR7890874_bwa2-SRR7890883_bwa2_strelka.vcf.secondbed.vcf.recode.vcf,330158,24ead6b53d51e1ee7dc9f083612ae687eb4057c03c5c912d24a0f67133bb44b9
data/raw/indel/103/indel_SRR7890874_bowtie-SRR7890883_bowtie_mutect.vcf.secondbed.vcf.recode.vcf,939638,5c649cd78edff8660cccb0797193560b4b3a2af59bea0536d1b5f6bd019d93f3
data/raw/indel/104/indel_SRR7890874_bowtie-SRR7890883_bowtie_strelka.vcf.secondbed.vcf.recode.vcf,329745,d5d7b4808354736060d655acdaf58c83c94fdb6d8a30bc2a72cc7e9031592d04
data/raw/indel/105/indel_SRR7890874-SRR7890874bwa2-SRR7890883-SRR7890883bwa2_mutect.vcf.secondbed.vcf.recode.vcf,909272,b2cf8583254926d73ea899a4721d2cf03a65a3ad32bc351eb14d5a14491bd48f
data/raw/indel/106/indel_SRR7890874-SRR7890874bwa2-SRR7890883-SRR7890883bwa2_strelka.vcf.secondbed.vcf.recode.vcf,329012,9c56c734f041a5e947fc4d154930d2f95f53df378878f2be775031c696b187d6
data/raw/indel/107/indel_SRR7890874-SRR7890874bowtie-SRR7890883-SRR7890883bowtie_mutect.vcf.secondbed.vcf.recode.vcf,849742,da2c0391dd521066e09009abc3a981a25dff3500f8ad18567cb6ae301c3bfa3e
data/raw/indel/108/indel_SRR7890874-SRR7890874bowtie-SRR7890883-SRR7890883bowtie_strelka.vcf.secondbed.vcf.recode.vcf,327419,64c80ce332cfdef71c2ee5d18565663f28407a36cc8fec58a7044460d25494bc
data/raw/indel/109/indel_SRR7890874-SRR7890874bwa2-SRR7890883-SRR7890883bwa2_mutect.vcf.secondbed.vcf.recode.vcf,1023615,81ad4309de9ca7b05da1edc06de2f2eb296901d1f0be4cc31a983514755934e4
data/raw/indel/11/indel_SRR7890851-SRR7890851bowtie-SRR7890850-SRR7890850bowtie_mutect.vcf.secondbed.vcf.recode.vcf,680783,13fc7893655fde0071466bf853d74d7eb819c06efd3eaa34d00e90fafc930bdc
data/raw/indel/11/indel_SRR7890851-SRR7890851bowtie-SRR7890850-SRR7890850bowtie_mutect.vcf.secondbed.vcf.recode.vcf.gz,99478,400620d1a1f9fbaa6cf8302716a23f285174c04a542d848065c77d87ff31ba8c
data/raw/indel/110/indel_SRR7890874-SRR7890874bwa2-SRR7890883-SRR7890883bwa2_strelka.vcf.secondbed.vcf.recode.vcf,327887,4fe05e942c9fc4ad8b086f1c5ae3b8a33c69fe3389d8db94e0ac68f9f5060d1c
data/raw/indel/111/indel_SRR7890874-SRR7890874bowtie-SRR7890883-SRR7890883bowtie_mutect.vcf.secondbed.vcf.recode.vcf,987908,ee8334d8f80fa673510c989f618f0876b09b9553d8710e63af6a1be33ca9cd3b
data/raw/indel/112/indel_SRR7890874-SRR7890874bowtie-SRR7890883-SRR7890883bowtie_strelka.vcf.secondbed.vcf.recode.vcf,327391,d14083499397cc7085b5afbe67e9897137fab40ea57350cf4e8fcaf99c4deb26
data/raw/indel/113/indel_SRR7890874_bwa2-SRR7890883_bwa2_mutect.vcf.secondbed.vcf.recode.vcf,874348,4416dd913ada8ed1cac8baa5eb0117b6302f8d3cb60412fc1e231cfa06abfaae
data/raw/indel/114/indel_SRR7890874_bwa2-SRR7890883_bwa2_strelka.vcf.secondbed.vcf.recode.vcf,332036,51c3e685d2e278351642a32405600e53ad2cd51092456b53044cf4bbb266effa
data/raw/indel/115/indel_SRR7890874_bowtie-SRR7890883_bowtie_mutect.vcf.secondbed.vcf.recode.vcf,812441,15b3c52590688efb1eb5cb667bdb6ae4705459cef3b7c8ef8f7c970725fd4cbb
data/raw/indel/116/indel_SRR7890874_bowtie-SRR7890883_bowtie_strelka.vcf.secondbed.vcf.recode.vcf,330857,9e00231b9562b095189ca30e7118dcc448d2f1d2520a882f3656e0b3154f14cb
data/raw/indel/117/indel_SRR7890874_bwa2-SRR7890883_bwa2_mutect.vcf.secondbed.vcf.recode.vcf,990641,798f20fbcc90f70db28053b6c1c2a3ba73b857de117f16bf44eb0d7b80a8d557
data/raw/indel/118/indel_SRR7890874_bwa2-SRR7890883_bwa2_strelka.vcf.secondbed.vcf.recode.vcf,330162,6651db574dc441c9114e5bf0d8c4446ad9f702022ebf10c26dad7acf5ca0018b
data/raw/indel/119/indel_SRR7890874_bowtie-SRR7890883_bowtie_mutect.vcf.secondbed.vcf.recode.vcf,939636,2e86b6705634945c13a076006e87f3670e72215245c8ddbcecf5a2189a2c82a7
data/raw/indel/12/indel_SRR7890851-SRR7890851bowtie-SRR7890850-SRR7890850bowtie_strelka.vcf.secondbed.vcf.recode.vcf,308121,ec520db43510cf92a555f145fc458c076d32a96e3831b870b59e6444c6e9bc62
data/raw/indel/12/indel_SRR7890851-SRR7890851bowtie-SRR7890850-SRR7890850bowtie_strelka.vcf.secondbed.vcf.recode.vcf.gz,31499,cc6eafd903439da8624fc8dc97671ba19cc881de2246f9f6a3e4547246c1c139
data/raw/indel/120/indel_SRR7890874_bowtie-SRR7890883_bowtie_strelka.vcf.secondbed.vcf.recode.vcf,329749,8c56f384917123242fe75f8a57024b50f9a32c027078ce72c959f7531cea8e7f
data/raw/indel/121/indel_SRR7890874-SRR7890874bwa2-SRR7890883-SRR7890883bwa2_mutect.vcf.secondbed.vcf.recode.vcf,909272,e002ea3dd526df232ab03cc4c144b9dd17c22cee46f8b81bbfc9ef0654d9d6a0
data/raw/indel/122/indel_SRR7890874-SRR7890874bwa2-SRR7890883-SRR7890883bwa2_strelka.vcf.secondbed.vcf.recode.vcf,329016,5ce1f2238a3dfa6356f6ee778487240256dd76b30d3a8cac77671900b86a4747
data/raw/indel/123/indel_SRR7890874-SRR7890874bowtie-SRR7890883-SRR7890883bowtie_mutect.vcf.secondbed.vcf.recode.vcf,849742,c431eda5cd3cf66c5bd8f50bdcada11fff17c5406d08702f47b3dee02b3c7cb7
data/raw/indel/124/indel_SRR7890874-SRR7890874bowtie-SRR7890883-SRR7890883bowtie_strelka.vcf.secondbed.vcf.recode.vcf,327423,451c9c8c3baf4e122f49dee63a093e9248119cdfb7beea6b85a56f9ef375d42d
data/raw/indel/125/indel_SRR7890874-SRR7890874bwa2-SRR7890883-SRR7890883bwa2_mutect.vcf.secondbed.vcf.recode.vcf,1023615,da6251ed4e9a9c9960b4811d8d071954853fb1df39005bb92fd72e85c19fe42f
data/raw/indel/126/indel_SRR7890874-SRR7890874bwa2-SRR7890883-SRR7890883bwa2_strelka.vcf.secondbed.vcf.recode.vcf,327891,33f1ea7d03e4a7f75f9e9fb7c60742cdd275d40f8e5bea50947dda7fcd9f8faa
data/raw/indel/127/indel_SRR7890874-SRR7890874bowtie-SRR7890883-SRR7890883bowtie_mutect.vcf.secondbed.vcf.recode.vcf,987909,f5ebfa25ee0c6171aa15d1d5ba136f05c832bd48f0c4825c11e2fa48d6717100
data/raw/indel/128/indel_SRR7890874-SRR7890874bowtie-SRR7890883-SRR7890883bowtie_strelka.vcf.secondbed.vcf.recode.vcf,327395,814340c45162ad4b3b7cb1b1558abd646c628919e9da01bf851cc08bc8525653
data/raw/indel/129/indel_SRR7890919_bwa2-SRR7890918_bwa2_mutect.vcf.secondbed.vcf.recode.vcf,977424,6bed87eca1da5479e99bebf62a471d4e351f8b8d77b0884b1d6c071ded235ef7
data/raw/indel/129/indel_SRR7890919_bwa2-SRR7890918_bwa2_mutect.vcf.secondbed.vcf.recode.vcf.gz,195141,50d02a4fb6dd7a5ff2ceaa7bbb71f173dfdce376029b8be29a5668529a3d5a94
data/raw/indel/13/indel_SRR7890851-SRR7890851bwa2-SRR7890850-SRR7890850bwa2_mutect.vcf.secondbed.vcf.recode.vcf,517612,7a99c762ba33474b9684ea4c84e065dfd2408b83697e9a23f265a95243937079
data/raw/indel/13/indel_SRR7890851-SRR7890851bwa2-SRR7890850-SRR7890850bwa2_mutect.vcf.secondbed.vcf.recode.vcf.gz,72274,f3c13d07dbff4f1c539ab28c4c9249899c07cf418f7a76309336b13fd7918aa3
data/raw/indel/130/indel_SRR7890919_bwa2-SRR7890918_bwa2_strelka.vcf.secondbed.vcf.recode.vcf,317782,1cbd2eb202447dfd4d09b5452fd637f683b00bb762cd1a466348139449e0824e
data/raw/indel/130/indel_SRR7890919_bwa2-SRR7890918_bwa2_strelka.vcf.secondbed.vcf.recode.vcf.gz,33983,2b195fed8f2d97b6fb364d27c5303d762b0780d053fa83ffbe261985e72ad76b
data/raw/indel/131/indel_SRR7890919_bowtie-SRR7890918_bowtie_mutect.vcf.secondbed.vcf.recode.vcf,970255,618347ee3c53616b17ba0b3c33fde4b8c8c2f359da6dce27dfc4031fed48bab4
data/raw/indel/131/indel_SRR7890919_bowtie-SRR7890918_bowtie_mutect.vcf.secondbed.vcf.recode.vcf.gz,192049,1244aca82fb58003433bdad6a367dd93a5c9ec304a12d316de2823e31584457a
data/raw/indel/132/indel_SRR7890919_bowtie-SRR7890918_bowtie_strelka.vcf.secondbed.vcf.recode.vcf,318313,3140936336e002a30a743d8372fea758fe30bd443e0b1a40880e021dad1ea683
data/raw/indel/132/indel_SRR7890919_bowtie-SRR7890918_bowtie_strelka.vcf.secondbed.vcf.recode.vcf.gz,34153,2e44d253a3a44bda57bc091bffcfb80c3728da71ecc81cf0af482f5492fc77fc
data/raw/indel/133/indel_SRR7890919_bwa2-SRR7890918_bwa2_mutect.vcf.secondbed.vcf.recode.vcf,974580,7ed4d6a3bed3b66be3ecf9ec15518df27298e119a2410db7ba6a0e1c56bece49
data/raw/indel/133/indel_SRR7890919_bwa2-SRR7890918_bwa2_mutect.vcf.secondbed.vcf.recode.vcf.gz,193439,61a2c88937d9bb8efe12ff49d2c858046adced21957a22c1f68a580a330632aa
data/raw/indel/134/indel_SRR7890919_bwa2-SRR7890918_bwa2_strelka.vcf.secondbed.vcf.recode.vcf,318058,8b0932e81c8f2d997918e618330bf1c7703176bd68e458d4d6c3e9ed0d0ad284
data/raw/indel/134/indel_SRR7890919_bwa2-SRR7890918_bwa2_strelka.vcf.secondbed.vcf.recode.vcf.gz,34035,f5f821bce46800c1f92291ebd95388e127bdf8b5dd0c39ac11d15d49b5619a29
data/raw/indel/135/indel_SRR7890919_bowtie-SRR7890918_bowtie_mutect.vcf.secondbed.vcf.recode.vcf,971442,8e35c43ebcdef375b3fefaced86f591ce3b2388b5b7f11d6a21f6110e467d4d3
data/raw/indel/135/indel_SRR7890919_bowtie-SRR7890918_bowtie_mutect.vcf.secondbed.vcf.recode.vcf.gz,192335,311d70451eeeedc07f4f82d45bbf8595d006c8a58544511bbfbd1665163305e8
data/raw/indel/136/indel_SRR7890919_bowtie-SRR7890918_bowtie_strelka.vcf.secondbed.vcf.recode.vcf,318553,db83dc2323ec299cab4fd277a53ebb9c7cbac2b003d59c502b1ab13223b54821
data/raw/indel/136/indel_SRR7890919_bowtie-SRR7890918_bowtie_strelka.vcf.secondbed.vcf.recode.vcf.gz,34197,ed343b8cd06c6ab0f6dee510d76e10c27d1497fb90aca65b020b6f8f1cc72a5d
data/raw/indel/137/indel_SRR7890919-SRR7890919bwa2-SRR7890918-SRR7890918bwa2_mutect.vcf.secondbed.vcf.recode.vcf,1134990,1d3fae4497899c496cdc757e4665b4bf35ddc0d6f8e4f1b5eb85e2241e95b3a5
data/raw/indel/137/indel_SRR7890919-SRR7890919bwa2-SRR7890918-SRR7890918bwa2_mutect.vcf.secondbed.vcf.recode.vcf.gz,239727,b0b1fc3d816b7c4fa85cfaa3642f8473c95b6ca617952deae60ecd7d4f9c3f52
data/raw/indel/138/indel_SRR7890919-SRR7890919bwa2-SRR7890918-SRR7890918bwa2_strelka.vcf.secondbed.vcf.recode.vcf,311760,f1779e1f617f5b92ab8122ad08444a13da006c297cd668a3f0d9c835d38f7044
data/raw/indel/138/indel_SRR7890919-SRR7890919bwa2-SRR7890918-SRR7890918bwa2_strelka.vcf.secondbed.vcf.recode.vcf.gz,33119,aed07d1d07d35f851e65252147c687b3fda6b38fdb8123f133f3a86649db8b75
data/raw/indel/139/indel_SRR7890919-SRR7890919bowtie-SRR7890918-SRR7890918bowtie_mutect.vcf.secondbed.vcf.recode.vcf,1109900,5b9a600f540f397ca9ad9184bbee3baff1b4f4754e28af43c876119bcc145936
data/raw/indel/139/indel_SRR7890919-SRR7890919bowtie-SRR7890918-SRR7890918bowtie_mutect.vcf.secondbed.vcf.recode.vcf.gz,229684,e0ba8963a7913c3613db759d3eed1be8d9fcb9fb2d67412e912c7f15bb292bb7
data/raw/indel/14/indel_SRR7890851-SRR7890851bwa2-SRR7890850-SRR7890850bwa2_strelka.vcf.secondbed.vcf.recode.vcf,306436,46dea971fe27233240f0ce4e418905daf01f1126ad572723c755990bb20fe197
data/raw/indel/14/indel_SRR7890851-SRR7890851bwa2-SRR7890850-SRR7890850bwa2_strelka.vcf.secondbed.vcf.recode.vcf.gz,31302,07dede1ef6cc43baad7296c23ed0944794de4949ecf9a6fbe837fb40aa0b47b4
data/raw/indel/140/indel_SRR7890919-SRR7890919bowtie-SRR7890918-SRR7890918bowtie_strelka.vcf.secondbed.vcf.recode.vcf,311104,f9d885be02e7c14323670d5ad25482873c749c8673733c84ce75457f62311b28
data/raw/indel/140/indel_SRR7890919-SRR7890919bowtie-SRR7890918-SRR7890918bowtie_strelka.vcf.secondbed.vcf.recode.vcf.gz,33047,3110b51d18876d805c48776ca060b150cb010b1c350564973eae3016f9d27c9d
data/raw/indel/141/indel_SRR7890919-SRR7890919bwa2-SRR7890918-SRR7890918bwa2_mutect.vcf.secondbed.vcf.recode.vcf,1126459,7d92c7f017dd8d9f6d24b996791c6e75feebafe3504c35f1afb4788da6d9b2b3
data/raw/indel/141/indel_SRR7890919-SRR7890919bwa2-SRR7890918-SRR7890918bwa2_mutect.vcf.secondbed.vcf.recode.vcf.gz,236539,816ed750a486512765ec8e8ead9db02475c4c454df8052a22be18990e0adb3b8
data/raw/indel/142/indel_SRR7890919-SRR7890919bwa2-SRR7890918-SRR7890918bwa2_strelka.vcf.secondbed.vcf.recode.vcf,312048,99cf532f0323e8f94444077c5865e8dff00c7702dec131af3be016456d192882
data/raw/indel/142/indel_SRR7890919-SRR7890919bwa2-SRR7890918-SRR7890918bwa2_strelka.vcf.secondbed.vcf.recode.vcf.gz,33172,7357818819f32fd1e4aa51a563eb4b8341fa68252bd554290655356a8abd5f06
data/raw/indel/143/indel_SRR7890919-SRR7890919bowtie-SRR7890918-SRR7890918bowtie_mutect.vcf.secondbed.vcf.recode.vcf,1174477,4bfc20cd006f2be5e40ba567e2b40c08452eb7d257e9c42a638449d732b34e6e
data/raw/indel/143/indel_SRR7890919-SRR7890919bowtie-SRR7890918-SRR7890918bowtie_mutect.vcf.secondbed.vcf.recode.vcf.gz,243090,af4a742495fa19ff5803a0076316abc6382b1ff3dd30a797a9bca2fff9022859
data/raw/indel/144/indel_SRR7890919-SRR7890919bowtie-SRR7890918-SRR7890918bowtie_strelka.vcf.secondbed.vcf.recode.vcf,311362,20e4b43dac82b9e546e55ec8e8f4109ab93029fc54c67e76a0affb67e06dd55b
data/raw/indel/144/indel_SRR7890919-SRR7890919bowtie-SRR7890918-SRR7890918bowtie_strelka.vcf.secondbed.vcf.recode.vcf.gz,33106,8773aa75f280c4c7d32cbcc3d890eee70e314abb6a05babe27c3d2c0423b6646
data/raw/indel/145/indel_SRR7890919_bwa2-SRR7890918_bwa2_mutect.vcf.secondbed.vcf.recode.vcf,977428,bd2cdd833167d00c6692e68d4b2db4d88cda98fe0d316c7042c652a28ad72b4a
data/raw/indel/146/indel_SRR7890919_bwa2-SRR7890918_bwa2_strelka.vcf.secondbed.vcf.recode.vcf,317786,5653dfadb9f939615cad7f253d857a068d91c4b0c2a295677d01d12576981499
data/raw/indel/147/indel_SRR7890919_bowtie-SRR7890918_bowtie_mutect.vcf.secondbed.vcf.recode.vcf,970257,3a529b0041a7af5e5c158705599773859c54142d23e516090d4f797ac5f0f9e8
data/raw/indel/148/indel_SRR7890919_bowtie-SRR7890918_bowtie_strelka.vcf.secondbed.vcf.recode.vcf,318317,f5692c9010d3f7ade15f8111c28739e5b1e5f0a14e3d4832f010fc2720dc1871
data/raw/indel/149/indel_SRR7890919_bwa2-SRR7890918_bwa2_mutect.vcf.secondbed.vcf.recode.vcf,974582,fb74dfbcee73b8455a44bb2d8ee0eb32adf9acd82a200deed4da7dff0b957fea
data/raw/indel/15/indel_SRR7890851-SRR7890851bowtie-SRR7890850-SRR7890850bowtie_mutect.vcf.secondbed.vcf.recode.vcf,781235,16a8dd8dd177312af9a83d8b6d0b72eb3f9bd41279ef7037c14c7c04b622134b
data/raw/indel/15/indel_SRR7890851-SRR7890851bowtie-SRR7890850-SRR7890850bowtie_mutect.vcf.secondbed.vcf.recode.vcf.gz,117761,6e3cea7a3645f5e5084a8691a550b1a5fc8684f38e74eebc4996bae70affcdf3
data/raw/indel/150/indel_SRR7890919_bwa2-SRR7890918_bwa2_strelka.vcf.secondbed.vcf.recode.vcf,318062,3540faae718000f696f03b60e74863b26fe8716efa683d4c91956f8125f0dfa6
data/raw/indel/151/indel_SRR7890919_bowtie-SRR7890918_bowtie_mutect.vcf.secondbed.vcf.recode.vcf,971444,425ee82ab6a8d0b497d340b91af1b17305110112a5ccdfff246c4a3d5e522538
data/raw/indel/152/indel_SRR7890919_bowtie-SRR7890918_bowtie_strelka.vcf.secondbed.vcf.recode.vcf,318557,fda9e2bbb26f90bb228a958b2620219011f1ddae7537977f028e7b5c866c00a6
data/raw/indel/153/indel_SRR7890919-SRR7890919bwa2-SRR7890918-SRR7890918bwa2_mutect.vcf.secondbed.vcf.recode.vcf,1134990,37b0e0f20540a511c4594537bbb6224a8a5d4142b64fe263dad78bcaff8eaf57
data/raw/indel/154/indel_SRR7890919-SRR7890919bwa2-SRR7890918-SRR7890918bwa2_strelka.vcf.secondbed.vcf.recode.vcf,311764,bb888062d5169d494af855d3ede851dbd872f7312f530da3c90e86b60560da23
data/raw/indel/155/indel_SRR7890919-SRR7890919bowtie-SRR7890918-SRR7890918bowtie_mutect.vcf.secondbed.vcf.recode.vcf,1109902,eaa1f22b95397223866d6a67e7b760a5d29eaabb09fb831a53d7140ba7b88e74
data/raw/indel/156/indel_SRR7890919-SRR7890919bowtie-SRR7890918-SRR7890918bowtie_strelka.vcf.secondbed.vcf.recode.vcf,311108,3035441b714492a4ec15d496375057402807bb077a95781ad3e12f54d92fc490
data/raw/indel/157/indel_SRR7890919-SRR7890919bwa2-SRR7890918-SRR7890918bwa2_mutect.vcf.secondbed.vcf.recode.vcf,1126463,7dbc24bcb26b93a41227d5794deccbbc9836b9ef62ee74756ae0d1343c5c796e
data/raw/indel/158/indel_SRR7890919-SRR7890919bwa2-SRR7890918-SRR7890918bwa2_strelka.vcf.secondbed.vcf.recode.vcf,312052,beae82456cfab58f409d030d598a727436263e817d7dd50b75838b928de6f2b1
data/raw/indel/159/indel_SRR7890919-SRR7890919bowtie-SRR7890918-SRR7890918bowtie_mutect.vcf.secondbed.vcf.recode.vcf,1174479,2aaa228848b91fce11f8caa576f7d174c199b955aee2b22e6f48c821ed4b0732
data/raw/indel/16/indel_SRR7890851-SRR7890851bowtie-SRR7890850-SRR7890850bowtie_strelka.vcf.secondbed.vcf.recode.vcf,307315,43b3a15a3db9963fa083e761360d6461cd5c1b13dca211e2658e5f8cad357b47
data/raw/indel/16/indel_SRR7890851-SRR7890851bowtie-SRR7890850-SRR7890850bowtie_strelka.vcf.secondbed.vcf.recode.vcf.gz,31332,a2bd1cf21b5795c919c365e049079f639830fca1b5b39a9d87f754caf301e31b
data/raw/indel/160/indel_SRR7890919-SRR7890919bowtie-SRR7890918-SRR7890918bowtie_strelka.vcf.secondbed.vcf.recode.vcf,311366,507f6b24719e715f22a7d7eb107814eff6e93ad0ee9aa5c3ec8967181f339d92
data/raw/indel/161/indel_SRR7890919_bwa2-SRR7890918_bwa2_mutect.vcf.secondbed.vcf.recode.vcf,977414,2ea3ad928925971af4774d8b74cba1410eafe039c6b2bdf74d6376ac87285169
data/raw/indel/162/indel_SRR7890919_bwa2-SRR7890918_bwa2_strelka.vcf.secondbed.vcf.recode.vcf,317762,073a3160104ccaf634d9f37a69add5167b386a9e9d23b9b139ca53b4088967a3
data/raw/indel/163/indel_SRR7890919_bowtie-SRR7890918_bowtie_mutect.vcf.secondbed.vcf.recode.vcf,970243,a47c6c57860008a382c7be1207a44d791562764d5e73aba10bdd45c7ca017fcc
data/raw/indel/164/indel_SRR7890919_bowtie-SRR7890918_bowtie_strelka.vcf.secondbed.vcf.recode.vcf,318293,e5ec1541b04240ef113f981500eddb856dd5bbd6c7f025dc48dd748ee0c171f1
data/raw/indel/165/indel_SRR7890919_bwa2-SRR7890918_bwa2_mutect.vcf.secondbed.vcf.recode.vcf,974570,7c3a795c51ef546c6a01a1b5435ea7932ad91224ed23829f503f3118f55ad333
data/raw/indel/166/indel_SRR7890919_bwa2-SRR7890918_bwa2_strelka.vcf.secondbed.vcf.recode.vcf,318038,453fd9a483a0a5cbf62cedf859be8d6ad15e1257982558f267ef3beb1cb0261c
data/raw/indel/167/indel_SRR7890919_bowtie-SRR7890918_bowtie_mutect.vcf.secondbed.vcf.recode.vcf,971432,b67e84d7c579de1fad1ecd4ce178672cd5b924029c60dbd7460690c0225e2384
data/raw/indel/168/indel_SRR7890919_bowtie-SRR7890918_bowtie_strelka.vcf.secondbed.vcf.recode.vcf,318533,e0c47295e3e5bb4f7410afd5a3ba41630aa5c9e4a7b82d6072cf86a09df1121b
data/raw/indel/169/indel_SRR7890919-SRR7890919bwa2-SRR7890918-SRR7890918bwa2_mutect.vcf.secondbed.vcf.recode.vcf,1134980,416fb01fa01b648aebc9022d9406be12c9d06081a2cc58b2a7e7827e2a679923
data/raw/indel/17/indel_SRR7890851_bwa2-SRR7890850_bwa2_mutect.vcf.secondbed.vcf.recode.vcf,431393,4415b870abb5861f380a59c1716f8e8b90e5f48a1c7510cbbfd61ff99c3eb1ba
data/raw/indel/170/indel_SRR7890919-SRR7890919bwa2-SRR7890918-SRR7890918bwa2_strelka.vcf.secondbed.vcf.recode.vcf,311740,1541089196badc0499222a0afcf52ee3cda0b8a32d636fb6396b364105a7c8a4
data/raw/indel/171/indel_SRR7890919-SRR7890919bowtie-SRR7890918-SRR7890918bowtie_mutect.vcf.secondbed.vcf.recode.vcf,1109890,fa8d29ebf1fd5f26293136bdce9708f103e4099a0a4bd4e2cc06c452e683173c
data/raw/indel/172/indel_SRR7890919-SRR7890919bowtie-SRR7890918-SRR7890918bowtie_strelka.vcf.secondbed.vcf.recode.vcf,311084,e1b950729c444bfdeec7ee2892f30336224579889046b95668029dd47029b3d5
data/raw/indel/173/indel_SRR7890919-SRR7890919bwa2-SRR7890918-SRR7890918bwa2_mutect.vcf.secondbed.vcf.recode.vcf,1126449,e51ed934c710b7c1d6819f2d52a2d527f2639e5fb238ef545781ee08aab8e7ad
data/raw/indel/174/indel_SRR7890919-SRR7890919bwa2-SRR7890918-SRR7890918bwa2_strelka.vcf.secondbed.vcf.recode.vcf,312028,61db0fca739f3c5010be36584102c5d5e05f29af064efcd6442468dcb3a0e3ab
data/raw/indel/175/indel_SRR7890919-SRR7890919bowtie-SRR7890918-SRR7890918bowtie_mutect.vcf.secondbed.vcf.recode.vcf,1174467,4b2b4f533093e020226626b90a2d78808a853c3921e8a34f71ed697cfbcbc641
data/raw/indel/176/indel_SRR7890919-SRR7890919bowtie-SRR7890918-SRR7890918bowtie_strelka.vcf.secondbed.vcf.recode.vcf,311342,41104d599615b2560860086d55b0bb2ba8f7ff1285bd5bda5622144ca8bbbe6e
data/raw/indel/177/indel_SRR7890919_bwa2-SRR7890918_bwa2_mutect.vcf.secondbed.vcf.recode.vcf,977416,44a7bbe0a6adc7d7da012cd22e61dbfd8955da793e67d1fed9375477902acf69
data/raw/indel/178/indel_SRR7890919_bwa2-SRR7890918_bwa2_strelka.vcf.secondbed.vcf.recode.vcf,317766,5cd9bf5992a5b878676aa046fb17ebd2f4a98ac4c60ef88e95c17a293bba8700
data/raw/indel/179/indel_SRR7890919_bowtie-SRR7890918_bowtie_mutect.vcf.secondbed.vcf.recode.vcf,970245,c9c9ad8a3fdca2a9e0af2f86cd2c0cce1f82b94632b94ade03b70d0541b78738
data/raw/indel/18/indel_SRR7890851_bwa2-SRR7890850_bwa2_strelka.vcf.secondbed.vcf.recode.vcf,317261,420507fae97a03604e407641c6deb12eb4714b18fd2e68d6ce629b71d7c559d4
data/raw/indel/180/indel_SRR7890919_bowtie-SRR7890918_bowtie_strelka.vcf.secondbed.vcf.recode.vcf,318297,0ac60fb76b5ed6a87c980a7fe4827942f5ae4c103dcb2ecb73156bfce921f001
data/raw/indel/181/indel_SRR7890919_bwa2-SRR7890918_bwa2_mutect.vcf.secondbed.vcf.recode.vcf,974570,c74329c321cc4e4db500bc6130bdeebb811dcc554605603d054c0de7bd475ef3
data/raw/indel/182/indel_SRR7890919_bwa2-SRR7890918_bwa2_strelka.vcf.secondbed.vcf.recode.vcf,318042,090c68abe2482dce26668978daf9e58a2290ca351966966bfb797d1bd6d0cc25
data/raw/indel/183/indel_SRR7890919_bowtie-SRR7890918_bowtie_mutect.vcf.secondbed.vcf.recode.vcf,971432,3789faccaf98a6fc004a09169989d301ba7f12c6f845cf01fec71023d2dc464e
data/raw/indel/184/indel_SRR7890919_bowtie-SRR7890918_bowtie_strelka.vcf.secondbed.vcf.recode.vcf,318537,63e8bbdb2347e184cb262a434e3799d9cae596561674ce469eb6366d75607fb1
data/raw/indel/185/indel_SRR7890919-SRR7890919bwa2-SRR7890918-SRR7890918bwa2_mutect.vcf.secondbed.vcf.recode.vcf,1134980,2bec3f56d542aa709d45d25be32fb88b31164bd5610a0d36ad7a48a334e87b3b
data/raw/indel/186/indel_SRR7890919-SRR7890919bwa2-SRR7890918-SRR7890918bwa2_strelka.vcf.secondbed.vcf.recode.vcf,311744,7e626b58b28a6d6fba9ba5020a10e85995ffd8f18aeb169d783df2d9c9b72108
data/raw/indel/187/indel_SRR7890919-SRR7890919bowtie-SRR7890918-SRR7890918bowtie_mutect.vcf.secondbed.vcf.recode.vcf,1109890,3176af3b3ea649bd315e837b9486b76f8060a0208b08fc7e660d26ebfff9b10e
data/raw/indel/188/indel_SRR7890919-SRR7890919bowtie-SRR7890918-SRR7890918bowtie_strelka.vcf.secondbed.vcf.recode.vcf,311088,3b5020ab406bc3605e67ab0f6e81a9379711be0731f37bc9e01fe7560bda34e8
data/raw/indel/189/indel_SRR7890919-SRR7890919bwa2-SRR7890918-SRR7890918bwa2_mutect.vcf.secondbed.vcf.recode.vcf,1126449,678a41992ff174c66d0d465662fb1414a49f5c0832bd7f241afa7f913b7b22a8
data/raw/indel/19/indel_SRR7890851_bowtie-SRR7890850_bowtie_mutect.vcf.secondbed.vcf.recode.vcf,418688,2b1e96870390f0e8d1191262fa2286aaa5013f3f12aacf8bf70f9a1b4dbf3d9f
data/raw/indel/190/indel_SRR7890919-SRR7890919bwa2-SRR7890918-SRR7890918bwa2_strelka.vcf.secondbed.vcf.recode.vcf,312032,e3c3a781d747e45767caa7e353d39baa6602e47344c1eb38029e1534accc79bf
data/raw/indel/191/indel_SRR7890919-SRR7890919bowtie-SRR7890918-SRR7890918bowtie_mutect.vcf.secondbed.vcf.recode.vcf,1174467,8be6875c104c6ef5b59cebfbb6173c5023545219fbf04660d3e72b40df45c926
data/raw/indel/192/indel_SRR7890919-SRR7890919bowtie-SRR7890918-SRR7890918bowtie_strelka.vcf.secondbed.vcf.recode.vcf,311346,3b83da09368d24aefbe539f805fcab06acffbf916982a881c9f854f359373f32
data/raw/indel/193/indel_SRR7890845_bwa2-SRR7890844_bwa2_mutect.vcf.secondbed.vcf.recode.vcf,602589,3d8689aa39f4d592010463848859c4ddf332b77debca285f1481331404ec44a4
data/raw/indel/193/indel_SRR7890845_bwa2-SRR7890844_bwa2_mutect.vcf.secondbed.vcf.recode.vcf.gz,95721,ca5de69282747157de91a8ba01715753ec837bec33eafb751af121d273e05314
data/raw/indel/194/indel_SRR7890845_bwa2-SRR7890844_bwa2_strelka.vcf.secondbed.vcf.recode.vcf,314583,85a38f55ec4236408fa12dc1276c78949366ec827532eb2dce66af9954f3d2f9
data/raw/indel/194/indel_SRR7890845_bwa2-SRR7890844_bwa2_strelka.vcf.secondbed.vcf.recode.vcf.gz,33150,7715c1d54ad5e501936bc20ec795476ec8645782823364e254ef5bed01081bed
data/raw/indel/195/indel_SRR7890845_bowtie-SRR7890844_bowtie_mutect.vcf.secondbed.vcf.recode.vcf,584812,c9e2dec5f3e1271cfe5ace50465dfeb0964ddbe5637b3b4a0ab3b040cbc1adb2
data/raw/indel/195/indel_SRR7890845_bowtie-SRR7890844_bowtie_mutect.vcf.secondbed.vcf.recode.vcf.gz,90160,7b9c912a54e6f3c7172ca99c5f7df54d7f66f666cc489617ebae4afbbc5f42c1
data/raw/indel/196/indel_SRR7890845_bowtie-SRR7890844_bowtie_strelka.vcf.secondbed.vcf.recode.vcf,315749,4e69cbdc24d05668bfe08cb8e13f5504dccf5b496f83985884cbf13adbc2231b
data/raw/indel/196/indel_SRR7890845_bowtie-SRR7890844_bowtie_strelka.vcf.secondbed.vcf.recode.vcf.gz,33489,f566e62ce30e8e93ddafbf5a008d9ca5906cb65a12e0b3fbca810cca8e3e55a3
data/raw/indel/197/indel_SRR7890845_bwa2-SRR7890844_bwa2_mutect.vcf.secondbed.vcf.recode.vcf,583400,4bb2315dd28ed881632c4689481c8396ed962f5807853e73f0b1e7ce9623bb3b
data/raw/indel/197/indel_SRR7890845_bwa2-SRR7890844_bwa2_mutect.vcf.secondbed.vcf.recode.vcf.gz,90394,6b5516945172c14e1bf207b593a749b24832e318db5ebb85942e778b26a957d8
data/raw/indel/198/indel_SRR7890845_bwa2-SRR7890844_bwa2_strelka.vcf.secondbed.vcf.recode.vcf,314846,f78285140db766f412dbc50f20ba6022dc10a3a7b95d594de7969af421244021
data/raw/indel/198/indel_SRR7890845_bwa2-SRR7890844_bwa2_strelka.vcf.secondbed.vcf.recode.vcf.gz,33193,be6fe763f51b24825b13fbc93e4c2610137ce477d2f78b37b283c973239b4ff2
data/raw/indel/199/indel_SRR7890845_bowtie-SRR7890844_bowtie_mutect.vcf.secondbed.vcf.recode.vcf,560352,50cd0ce5fd860fa373a706f2bda10632cb17fbb29b8a463123fd24715c30857d
data/raw/indel/199/indel_SRR7890845_bowtie-SRR7890844_bowtie_mutect.vcf.secondbed.vcf.recode.vcf.gz,84831,82c8f33643a2f7a0041fd8a441d1b118bdb8b0925ab44efec6b3113fe1b26cc9
data/raw/indel/2/indel_SRR7890851_bwa2-SRR7890850_bwa2_strelka.vcf.secondbed.vcf.recode.vcf,317256,95e248284235a7dbb0d2de11bf452e694b078b4ff0ca1ba9757e029fa9feee5d
data/raw/indel/2/indel_SRR7890851_bwa2-SRR7890850_bwa2_strelka.vcf.secondbed.vcf.recode.vcf.gz,33040,0c6bc16e9aa5ef3ebd3997cbe7e344d9ef9d97e3b217f8c2890ff58662f9a457
data/raw/indel/20/indel_SRR7890851_bowtie-SRR7890850_bowtie_strelka.vcf.secondbed.vcf.recode.vcf,317713,cb7a844845bd4410aa7fc3b1f8a14574a346da0f619b4412de914af1ba61eaa9
data/raw/indel/200/indel_SRR7890845_bowtie-SRR7890844_bowtie_strelka.vcf.secondbed.vcf.recode.vcf,316016,11cb379c47116a7d6ab86954d18a9b732f1e6ccb6e53801045fc5d3c72bd7b73
data/raw/indel/200/indel_SRR7890845_bowtie-SRR7890844_bowtie_strelka.vcf.secondbed.vcf.recode.vcf.gz,33539,b3f024805f0077156c05c84bfb128d3a7f9dadc7d7819ba350ae389d935a86ec
data/raw/indel/201/indel_SRR7890845-SRR7890845bwa2-SRR7890844-SRR7890844bwa2_mutect.vcf.secondbed.vcf.recode.vcf,601075,2975d2645eeb4bd8735855724ae4d48c2aa476b669701124e4bbaef3f63aed62
data/raw/indel/201/indel_SRR7890845-SRR7890845bwa2-SRR7890844-SRR7890844bwa2_mutect.vcf.secondbed.vcf.recode.vcf.gz,95329,674bcb8473e867d29bb85500268f5cad1c69da01e00bf3a95e792960237864de
data/raw/indel/202/indel_SRR7890845-SRR7890845bwa2-SRR7890844-SRR7890844bwa2_strelka.vcf.secondbed.vcf.recode.vcf,309623,ad76e658efff9152818489ee4aac0a0e2599cdeaa0421e81f14ebecbbc5db7a8
data/raw/indel/202/indel_SRR7890845-SRR7890845bwa2-SRR7890844-SRR7890844bwa2_strelka.vcf.secondbed.vcf.recode.vcf.gz,32405,7265176e60b802d03ff44a036364ff5c8f68341c3574497298b518e891103730
data/raw/indel/203/indel_SRR7890845-SRR7890845bowtie-SRR7890844-SRR7890844bowtie_mutect.vcf.secondbed.vcf.recode.vcf,620423,e948f2351e84b5e9fe4a01de46229b12a3480523cfbbcd2f185a0bb7a448fd0f
data/raw/indel/203/indel_SRR7890845-SRR7890845bowtie-SRR7890844-SRR7890844bowtie_mutect.vcf.secondbed.vcf.recode.vcf.gz,97398,fa77438331fdc6eeecb54d783c540d763c11f1313dcc03a8350eefa114270f8b
data/raw/indel/204/indel_SRR7890845-SRR7890845bowtie-SRR7890844-SRR7890844bowtie_strelka.vcf.secondbed.vcf.recode.vcf,306524,7a68e8900bebf9c8ee88f349fc54ca1b6b3e06cd239ed862fd7a5bcd87cd4a8a
data/raw/indel/204/indel_SRR7890845-SRR7890845bowtie-SRR7890844-SRR7890844bowtie_strelka.vcf.secondbed.vcf.recode.vcf.gz,31868,1294c0c0a3c719a1d857a234debd20798331acf4547402c4381e52497ab1de31
data/raw/indel/205/indel_SRR7890845-SRR7890845bwa2-SRR7890844-SRR7890844bwa2_mutect.vcf.secondbed.vcf.recode.vcf,592455,953223c4d8d6b5726013d8346fa3b3711af541dd88edf5436cd09c9925adb5cc
data/raw/indel/205/indel_SRR7890845-SRR7890845bwa2-SRR7890844-SRR7890844bwa2_mutect.vcf.secondbed.vcf.recode.vcf.gz,93003,127447e05d6eb9e39bbc7b6a7bf7627fe680466f3f29a45916601333f6c49c5b
data/raw/indel/206/indel_SRR7890845-SRR7890845bwa2-SRR7890844-SRR7890844bwa2_strelka.vcf.secondbed.vcf.recode.vcf,309884,c632e73ce472d882cd369f5c20adf34c455f0fe451055a600a0fa351e4a160b8
data/raw/indel/206/indel_SRR7890845-SRR7890845bwa2-SRR7890844-SRR7890844bwa2_strelka.vcf.secondbed.vcf.recode.vcf.gz,32433,41e36dbf1a1be746b1ee412b7f0cada40b1fdca21ecf620f77c6d27a70949eb4
data/raw/indel/207/indel_SRR7890845-SRR7890845bowtie-SRR7890844-SRR7890844bowtie_mutect.vcf.secondbed.vcf.recode.vcf,635750,3033d30f13b05ae4d57e7756f8de5ea0b2993908bbe308d387ae8aeffc7a5795
data/raw/indel/207/indel_SRR7890845-SRR7890845bowtie-SRR7890844-SRR7890844bowtie_mutect.vcf.secondbed.vcf.recode.vcf.gz,99681,284904db0ae90be1bc7579a25be68fb8bd2f70c54ff706222d1ae1aaa74294b4
data/raw/indel/208/indel_SRR7890845-SRR7890845bowtie-SRR7890844-SRR7890844bowtie_strelka.vcf.secondbed.vcf.recode.vcf,306517,f69efd559d032cfd7c16d1d5f0dcba91b7ad82442216ab8045f7159e9c026d37
data/raw/indel/208/indel_SRR7890845-SRR7890845bowtie-SRR7890844-SRR7890844bowtie_strelka.vcf.secondbed.vcf.recode.vcf.gz,31871,9ec7940bf2d3e1e9901952b594bd0f402ab729db5f08f8b19fcd52a987adb4df
data/raw/indel/209/indel_SRR7890845_bwa2-SRR7890844_bwa2_mutect.vcf.secondbed.vcf.recode.vcf,602589,24542b7b2aaebd6152f33a4c06388c3d4cbf541ed1d499ae3cbaf5f6912211c9
data/raw/indel/21/indel_SRR7890851_bwa2-SRR7890850_bwa2_mutect.vcf.secondbed.vcf.recode.vcf,482173,b29783e242fe20d88be8250592460a3bae7b2be481a7fd033c576920fadba8c0
data/raw/indel/210/indel_SRR7890845_bwa2-SRR7890844_bwa2_strelka.vcf.secondbed.vcf.recode.vcf,314587,5cd8d8d966911d87ce6f7d3779984ddd77d2527b284e2ee97f02656343163fdd
data/raw/indel/211/indel_SRR7890845_bowtie-SRR7890844_bowtie_mutect.vcf.secondbed.vcf.recode.vcf,584812,4ea071e76ce1eaa177842d7e1a2b53a643fccd888d665233a552a07c2009d319
data/raw/indel/212/indel_SRR7890845_bowtie-SRR7890844_bowtie_strelka.vcf.secondbed.vcf.recode.vcf,315753,35b11283a8044c011b4291aeb0e45eb8acefbffcd9d8588a172b8b387f18b6e1
data/raw/indel/213/indel_SRR7890845_bwa2-SRR7890844_bwa2_mutect.vcf.secondbed.vcf.recode.vcf,583400,f0f8a5dc576e9c3e0407bba8472f221eca57e45e1a057e9e9a0498df7c33b06e
data/raw/indel/214/indel_SRR7890845_bwa2-SRR7890844_bwa2_strelka.vcf.secondbed.vcf.recode.vcf,314850,7bcb7dd7ed595762ccb0779d7cacbc1d79fe6b0c376c39f06d24d10f062fc659
data/raw/indel/215/indel_SRR7890845_bowtie-SRR7890844_bowtie_mutect.vcf.secondbed.vcf.recode.vcf,560352,e9c43bb824d3f4b0c84e068754665c8c90e3320a4b224fb4faa748598ee6633b
data/raw/indel/216/indel_SRR7890845_bowtie-SRR7890844_bowtie_strelka.vcf.secondbed.vcf.recode.vcf,316020,ead56f79bf25a3f01313e1aca1281b596ed30bd38134c71a921a86ec126f2363
data/raw/indel/217/indel_SRR7890845-SRR7890845bwa2-SRR7890844-SRR7890844bwa2_mutect.vcf.secondbed.vcf.recode.vcf,601075,fdb87615817fd31506421a32ebfa0e439383f5fc2316e58a20330fb11b8c2360
data/raw/indel/218/indel_SRR7890845-SRR7890845bwa2-SRR7890844-SRR7890844bwa2_strelka.vcf.secondbed.vcf.recode.vcf,309627,7e63e46d4c388ad5ff9dce1cde7bd816ddcf9a8605cfc5b80bf978080a70885b
data/raw/indel/219/indel_SRR7890845-SRR7890845bowtie-SRR7890844-SRR7890844bowtie_mutect.vcf.secondbed.vcf.recode.vcf,620423,4abf369680c7ec1885aae8db18e65265ca28141e936cb029382fd8fee3218560
data/raw/indel/22/indel_SRR7890851_bwa2-SRR7890850_bwa2_strelka.vcf.secondbed.vcf.recode.vcf,317267,bfc1bbb79daf3f88051de0014965abbdee531ecd1e9ed080f07c54e512a4350c
data/raw/indel/220/indel_SRR7890845-SRR7890845bowtie-SRR7890844-SRR7890844bowtie_strelka.vcf.secondbed.vcf.recode.vcf,306528,a5a9b777a1eb2650af295c6e78b3afd5968ee1f71eab46405cf1c44826ca4865
data/raw/indel/221/indel_SRR7890845-SRR7890845bwa2-SRR7890844-SRR7890844bwa2_mutect.vcf.secondbed.vcf.recode.vcf,592455,b9cd16f22eeb6e8066a0dcb2f31489a021c4ecfa6a6c1a11e261db2e6e118a8b
data/raw/indel/222/indel_SRR7890845-SRR7890845bwa2-SRR7890844-SRR7890844bwa2_strelka.vcf.secondbed.vcf.recode.vcf,309888,e14b021d2fa576919549dab04ebfb04714da83dec6e15affeb3da76db1904760
data/raw/indel/223/indel_SRR7890845-SRR7890845bowtie-SRR7890844-SRR7890844bowtie_mutect.vcf.secondbed.vcf.recode.vcf,635750,7f0c62a4de6a9e2fb36b6c9eb89ad2080e729570aa8aa9b4a46d7365203f6c3f
data/raw/indel/224/indel_SRR7890845-SRR7890845bowtie-SRR7890844-SRR7890844bowtie_strelka.vcf.secondbed.vcf.recode.vcf,306521,64e471e4c82716a9de0e0c19eb8853b389930fa0645119e9b1d2f4600b56ea01
data/raw/indel/225/indel_SRR7890845_bwa2-SRR7890844_bwa2_mutect.vcf.secondbed.vcf.recode.vcf,602577,cc5a1371de77c89a7ceab2fc01040fa9477d2c211129edb05c4253ed7f75e92e
data/raw/indel/226/indel_SRR7890845_bwa2-SRR7890844_bwa2_strelka.vcf.secondbed.vcf.recode.vcf,314557,fe3375d1d9695a03d5223f6364157a843f627712ac5c6f2a7f607848ac27fb21
data/raw/indel/227/indel_SRR7890845_bowtie-SRR7890844_bowtie_mutect.vcf.secondbed.vcf.recode.vcf,584800,3802fefb997eb7fbb6e60daaefbe582967a931e3f5df62e234fc9fab5cf86f8c
data/raw/indel/228/indel_SRR7890845_bowtie-SRR7890844_bowtie_strelka.vcf.secondbed.vcf.recode.vcf,315723,adf8800c08e6c6191e5d3c0edba2d4b7d2783eb9865909a0ad9e51e4dbf2d732
data/raw/indel/229/indel_SRR7890845_bwa2-SRR7890844_bwa2_mutect.vcf.secondbed.vcf.recode.vcf,583390,0250e0485ff5acc77413e6cafad1767de8f0f3f3fdcbfaac47a4f0d094a02b6b
data/raw/indel/23/indel_SRR7890851_bowtie-SRR7890850_bowtie_mutect.vcf.secondbed.vcf.recode.vcf,454434,90c6d612dcf0e4f8588a46d70900701261ef3ff25d101bc634c800ba56a91c94
data/raw/indel/230/indel_SRR7890845_bwa2-SRR7890844_bwa2_strelka.vcf.secondbed.vcf.recode.vcf,314820,4aa2aaa22cec3f2444c5471db61275452c3054ce9e7ac9cec63ff7d1c095ca89
data/raw/indel/231/indel_SRR7890845_bowtie-SRR7890844_bowtie_mutect.vcf.secondbed.vcf.recode.vcf,560342,93044eada76468c9dc9238844c5174df7f84933257cd041f0c6a366460a15dcf
data/raw/indel/232/indel_SRR7890845_bowtie-SRR7890844_bowtie_strelka.vcf.secondbed.vcf.recode.vcf,315990,5ab48ba967e07e6f384a49b0ffbcf55da5b54c539092271ae865676064bfd768
data/raw/indel/233/indel_SRR7890845-SRR7890845bwa2-SRR7890844-SRR7890844bwa2_mutect.vcf.secondbed.vcf.recode.vcf,601068,6f9bbaf4dd2f7556f3a1477419fbee303a8854d3aaa90e8bdb0501386aee8dc6
data/raw/indel/234/indel_SRR7890845-SRR7890845bwa2-SRR7890844-SRR7890844bwa2_strelka.vcf.secondbed.vcf.recode.vcf,309597,e677219166492f3e85cb4e38e3372a328965dde678df4f07991646210710ebc6
data/raw/indel/235/indel_SRR7890845-SRR7890845bowtie-SRR7890844-SRR7890844bowtie_mutect.vcf.secondbed.vcf.recode.vcf,620415,d7478afcf1d3baee828de6ec2cd9ee0dbf2f009704f7b6400b68d7d4d2766fe5
data/raw/indel/236/indel_SRR7890845-SRR7890845bowtie-SRR7890844-SRR7890844bowtie_strelka.vcf.secondbed.vcf.recode.vcf,306498,ae5fc525a076c0282574aa8f37a373e90ae36ac55b5cd546a5401bedfc2687ee
data/raw/indel/237/indel_SRR7890845-SRR7890845bwa2-SRR7890844-SRR7890844bwa2_mutect.vcf.secondbed.vcf.recode.vcf,592443,c2e0b23367bbcbcfe8de037d92e6b5ba52cb84d7ab055f37be8ac84668bf9b7f
data/raw/indel/238/indel_SRR7890845-SRR7890845bwa2-SRR7890844-SRR7890844bwa2_strelka.vcf.secondbed.vcf.recode.vcf,309858,26eb5c89e3023a9cacbfbf2ee004347d4136565d3fa189eb966edfe605b77030
data/raw/indel/239/indel_SRR7890845-SRR7890845bowtie-SRR7890844-SRR7890844bowtie_mutect.vcf.secondbed.vcf.recode.vcf,635741,845ad645e1d10cf679a6304726a8c78ce04f798d6f2fb90e80bdf140bb4d558c
data/raw/indel/24/indel_SRR7890851_bowtie-SRR7890850_bowtie_strelka.vcf.secondbed.vcf.recode.vcf,316639,eb0637f0bc014091d7427e867fcb2ea8e6f68def980b9ac87bbc9bfd5436adba
data/raw/indel/240/indel_SRR7890845-SRR7890845bowtie-SRR7890844-SRR7890844bowtie_strelka.vcf.secondbed.vcf.recode.vcf,306491,9be6c028d3d0f03c9096229b3ee6abed3a571161081f59805b6b0c1d271edf48
data/raw/indel/241/indel_SRR7890845_bwa2-SRR7890844_bwa2_mutect.vcf.secondbed.vcf.recode.vcf,602577,37c12512460bbe9e66d25d3e1841e24cd994b268b160406aa1e6cd0b183000be
data/raw/indel/242/indel_SRR7890845_bwa2-SRR7890844_bwa2_strelka.vcf.secondbed.vcf.recode.vcf,314561,656d6a0f0925d53ee3920eb1c97a97c345aa3dedb1651e2349ebddf86b54a2e6
data/raw/indel/243/indel_SRR7890845_bowtie-SRR7890844_bowtie_mutect.vcf.secondbed.vcf.recode.vcf,584800,1df81c861e2cdd4692e213adb6f47b5005f9afc5c38b7f70aea3c6990e86851f
data/raw/indel/244/indel_SRR7890845_bowtie-SRR7890844_bowtie_strelka.vcf.secondbed.vcf.recode.vcf,315727,207ff5f7a8ca37cff4d2db77b0200dad2155c9c6a74809f077f29445fab07533
data/raw/indel/245/indel_SRR7890845_bwa2-SRR7890844_bwa2_mutect.vcf.secondbed.vcf.recode.vcf,583390,afeec9fbda3137dafa141a79b97ede85f39b7434c586d176a2bc0546a1a39631
data/raw/indel/246/indel_SRR7890845_bwa2-SRR7890844_bwa2_strelka.vcf.secondbed.vcf.recode.vcf,314824,905cccc0281532ed02652dba58d7a04aeca1840b2d604e8461a95e6fe896b4b0
data/raw/indel/247/indel_SRR7890845_bowtie-SRR7890844_bowtie_mutect.vcf.secondbed.vcf.recode.vcf,560342,276505eda79ac7bc48ce246031d49da5e61365f0cc4d8613635fbc10d83e026c
data/raw/indel/248/indel_SRR7890845_bowtie-SRR7890844_bowtie_strelka.vcf.secondbed.vcf.recode.vcf,315994,9cbfef84ed035ee51823abb0d6d0642af1d336df94284a3c24af4b155b2450c3
data/raw/indel/249/indel_SRR7890845-SRR7890845bwa2-SRR7890844-SRR7890844bwa2_mutect.vcf.secondbed.vcf.recode.vcf,601068,9a266c89bd5fad95632d8e90533b47a5da3110eb312d670a9ea5ef3c61e22929
data/raw/indel/25/indel_SRR7890851-SRR7890851bwa2-SRR7890850-SRR7890850bwa2_mutect.vcf.secondbed.vcf.recode.vcf,461282,97237847298fca9b53a710b9ce7616f4b017bc2215ebe64c2b035472c96c1b5e
data/raw/indel/250/indel_SRR7890845-SRR7890845bwa2-SRR7890844-SRR7890844bwa2_strelka.vcf.secondbed.vcf.recode.vcf,309601,4d313e781373e57b9d00d2bfbb814fca4552fcdc0abe6c078d658149c4501582
data/raw/indel/251/indel_SRR7890845-SRR7890845bowtie-SRR7890844-SRR7890844bowtie_mutect.vcf.secondbed.vcf.recode.vcf,620415,83bb3ce8e75f028d0c908912bc8ea612a9d47ddf226eab7fe3f3a8c79bcb1c0f
data/raw/indel/252/indel_SRR7890845-SRR7890845bowtie-SRR7890844-SRR7890844bowtie_strelka.vcf.secondbed.vcf.recode.vcf,306502,726e9a04d7b3ba765272c075af6195c731114240c9d62e5492419e19057897c9
data/raw/indel/253/indel_SRR7890845-SRR7890845bwa2-SRR7890844-SRR7890844bwa2_mutect.vcf.secondbed.vcf.recode.vcf,592443,4b5c4d2f669c1051e70a463ca2ed2197fcc826b55c62d1c0fab770c2c74be078
data/raw/indel/254/indel_SRR7890845-SRR7890845bwa2-SRR7890844-SRR7890844bwa2_strelka.vcf.secondbed.vcf.recode.vcf,309862,8645537bfde0a94caf333abb07b2c08d4d09df5090e7d658b1ba60f6c854d258
data/raw/indel/255/indel_SRR7890845-SRR7890845bowtie-SRR7890844-SRR7890844bowtie_mutect.vcf.secondbed.vcf.recode.vcf,635756,e9b503ab804917f7f246ecfbd8d880c51e8ab7ab4ec483a947fc00dfa8fb55e5
data/raw/indel/256/indel_SRR7890845-SRR7890845bowtie-SRR7890844-SRR7890844bowtie_strelka.vcf.secondbed.vcf.recode.vcf,306495,6ffddf7464d4a0ad1f18fb8346eb2da3d32e8e8f32fd5d99c5db3aa1adbff8c6
data/raw/indel/257/indel_SRR7890880_bwa2-SRR7890879_bwa2_mutect.vcf.secondbed.vcf.recode.vcf,597400,81d6e38c7f4e5e36b14c47c389beee9038cf0a1854277c123938098cba270a84
data/raw/indel/257/indel_SRR7890880_bwa2-SRR7890879_bwa2_mutect.vcf.secondbed.vcf.recode.vcf.gz,95536,85eafe02ea092611287490169701144f38861156d17774eac58767d02b14482b
data/raw/indel/258/indel_SRR7890880_bwa2-SRR7890879_bwa2_strelka.vcf.secondbed.vcf.recode.vcf,347501,f44a69fc3c97347e732fcd23902aff9635888b71060d95f1d293a7f31a83b14d
data/raw/indel/258/indel_SRR7890880_bwa2-SRR7890879_bwa2_strelka.vcf.secondbed.vcf.recode.vcf.gz,39173,b029106e763cbe78247e74bf4d76378a449a036c7abb6619cb91e8868619219f
data/raw/indel/259/indel_SRR7890880_bowtie-SRR7890879_bowtie_mutect.vcf.secondbed.vcf.recode.vcf,602543,63e852d7075c12957ccfcba405192318e3f18002aaa02f102eba2b6c3644b031
data/raw/indel/259/indel_SRR7890880_bowtie-SRR7890879_bowtie_mutect.vcf.secondbed.vcf.recode.vcf.gz,95060,ab952b5966f5f6d2203515be88db33b9f570c9a597d7dcdca87872fbb0f3d996
data/raw/indel/26/indel_SRR7890851-SRR7890851bwa2-SRR7890850-SRR7890850bwa2_strelka.vcf.secondbed.vcf.recode.vcf,307248,aecf5911da29eb78d10c25275dc91bf5fed0529b0f4b7db3c00768795d2e9533
data/raw/indel/260/indel_SRR7890880_bowtie-SRR7890879_bowtie_strelka.vcf.secondbed.vcf.recode.vcf,343658,4fa641204e7354cd658be0a2f4b5b4ae595738620d6a54c5b953adbc5a0a54d5
data/raw/indel/260/indel_SRR7890880_bowtie-SRR7890879_bowtie_strelka.vcf.secondbed.vcf.recode.vcf.gz,38743,dbdd881e68b62d7ce70f339b92677ebe1c901cacf7e0fe27bf097a07ff665804
data/raw/indel/261/indel_SRR7890880_bwa2-SRR7890879_bwa2_mutect.vcf.secondbed.vcf.recode.vcf,594831,d00feab773cc9a6892d872e7f83d9729adb539acf2a7951aacd60f288b5457fc
data/raw/indel/261/indel_SRR7890880_bwa2-SRR7890879_bwa2_mutect.vcf.secondbed.vcf.recode.vcf.gz,94869,b8aa7157372167b06ab41b0e02b7a252b9a8eb7c634a56a5749dcdc7e3311827
data/raw/indel/262/indel_SRR7890880_bwa2-SRR7890879_bwa2_strelka.vcf.secondbed.vcf.recode.vcf,347472,7e9593009e2814c3cb5d10193b0be5ea85b129e2c6b0b97eac5201065493adf7
data/raw/indel/262/indel_SRR7890880_bwa2-SRR7890879_bwa2_strelka.vcf.secondbed.vcf.recode.vcf.gz,39171,2fb638b2764a70e401a39d0e432619f323cf38a7af230ba18089ddb86f05186f
data/raw/indel/263/indel_SRR7890880_bowtie-SRR7890879_bowtie_mutect.vcf.secondbed.vcf.recode.vcf,588728,0efcf3e912562dca2100723cbd111f1b53701b2e6b0e5060c1a55444e667490e
data/raw/indel/263/indel_SRR7890880_bowtie-SRR7890879_bowtie_mutect.vcf.secondbed.vcf.recode.vcf.gz,91719,9071c8dfece4b2f122f9ce3f45e17f4417c754d42f951200a70a514eca81e29b
data/raw/indel/264/indel_SRR7890880_bowtie-SRR7890879_bowtie_strelka.vcf.secondbed.vcf.recode.vcf,343115,d85276b370c6f41738883ac03c6d1fdac856906f3b9384a3b485f040a319d72f
data/raw/indel/264/indel_SRR7890880_bowtie-SRR7890879_bowtie_strelka.vcf.secondbed.vcf.recode.vcf.gz,38622,8ee48471ee2977e67a03f8c0430c3aed1d7e063cdc96ef51b8629ce9ed49a0ae
data/raw/indel/265/indel_SRR7890880-SRR7890880bwa2-SRR7890879-SRR7890879bwa2_mutect.vcf.secondbed.vcf.recode.vcf,620970,965f2e40bfa8e0010d5e3b958d2cae2bb603af1979139bb16f15f7e046c49337
data/raw/indel/265/indel_SRR7890880-SRR7890880bwa2-SRR7890879-SRR7890879bwa2_mutect.vcf.secondbed.vcf.recode.vcf.gz,102024,690ec2bb4d824b9f3be4138e4220a8c5423b2e970dd9372d0b33bb1b9679d5c2
data/raw/indel/266/indel_SRR7890880-SRR7890880bwa2-SRR7890879-SRR7890879bwa2_strelka.vcf.secondbed.vcf.recode.vcf,326152,151a8f4dfa0294b611b6189c17e818db06f8daac015b587232025afb9572a202
data/raw/indel/266/indel_SRR7890880-SRR7890880bwa2-SRR7890879-SRR7890879bwa2_strelka.vcf.secondbed.vcf.recode.vcf.gz,35546,1d71fff4d9e16b94a7e1794eb4dab1484792cdab0f4baaff556bd33d0ba96aa8
data/raw/indel/267/indel_SRR7890880-SRR7890880bowtie-SRR7890879-SRR7890879bowtie_mutect.vcf.secondbed.vcf.recode.vcf,817580,c91092308451507c9c94d662bd72684905c89d7f76c5f527d8684f4f2d03899e
data/raw/indel/267/indel_SRR7890880-SRR7890880bowtie-SRR7890879-SRR7890879bowtie_mutect.vcf.secondbed.vcf.recode.vcf.gz,132475,42c29320eebf31ad7ab4c6041df300f5905e7556787b0f59866f103d7b0d3019
data/raw/indel/268/indel_SRR7890880-SRR7890880bowtie-SRR7890879-SRR7890879bowtie_strelka.vcf.secondbed.vcf.recode.vcf,319385,8c2df1bf24a2964741332da301d6e03121cb4d9394ccf38b250ed0d600179c16
data/raw/indel/268/indel_SRR7890880-SRR7890880bowtie-SRR7890879-SRR7890879bowtie_strelka.vcf.secondbed.vcf.recode.vcf.gz,34026,436f193f05902e92fa9ecd7ee25ebe4419a692888453b0234f8463eeba06be1c
data/raw/indel/269/indel_SRR7890880-SRR7890880bwa2-SRR7890879-SRR7890879bwa2_mutect.vcf.secondbed.vcf.recode.vcf,626781,18cc44023ee50b0478c489a1bf0bce78067833e77b33f5601f37b7674608700f
data/raw/indel/269/indel_SRR7890880-SRR7890880bwa2-SRR7890879-SRR7890879bwa2_mutect.vcf.secondbed.vcf.recode.vcf.gz,103392,a33c0a0c794ba50938e7133cac6cf3bd9b2b1a400105cb86c2eb37a60c05e832
data/raw/indel/27/indel_SRR7890851-SRR7890851bowtie-SRR7890850-SRR7890850bowtie_mutect.vcf.secondbed.vcf.recode.vcf,680783,f51946dcd2bb71ca9c53b55454476a2288197ac05468363517986fdd858abb15
data/raw/indel/270/indel_SRR7890880-SRR7890880bwa2-SRR7890879-SRR7890879bwa2_strelka.vcf.secondbed.vcf.recode.vcf,326362,a57dbbfd4eeb1f1a252f4754d4ea0ef0e05198e8635f2d662d95ec6e918c43f4
data/raw/indel/270/indel_SRR7890880-SRR7890880bwa2-SRR7890879-SRR7890879bwa2_strelka.vcf.secondbed.vcf.recode.vcf.gz,35778,4350c2064568c5e0be3adb700f481e67c35c857adacb00713b779130f39522ed
data/raw/indel/271/indel_SRR7890880-SRR7890880bowtie-SRR7890879-SRR7890879bowtie_mutect.vcf.secondbed.vcf.recode.vcf,862420,6f1762d489f8478eaae8625196ff29752462c42e551564afdf9fe6456bfc904b
data/raw/indel/271/indel_SRR7890880-SRR7890880bowtie-SRR7890879-SRR7890879bowtie_mutect.vcf.secondbed.vcf.recode.vcf.gz,141820,76648074f323b5ae2ca975d77a8347945704be90747c1f18ae3138abbcc444e1
data/raw/indel/272/indel_SRR7890880-SRR7890880bowtie-SRR7890879-SRR7890879bowtie_strelka.vcf.secondbed.vcf.recode.vcf,319864,beaa920aa1f6acce51b14fcb944dea7774041a39f525df0023318af38086d90c
data/raw/indel/272/indel_SRR7890880-SRR7890880bowtie-SRR7890879-SRR7890879bowtie_strelka.vcf.secondbed.vcf.recode.vcf.gz,34320,a00422b82ce9bab9b8c19fd5a335b724a0bd6b74f61789d38dd827f281c9d1e5
data/raw/indel/273/indel_SRR7890880_bwa2-SRR7890879_bwa2_mutect.vcf.secondbed.vcf.recode.vcf,597402,b1c31f448ec4554cef55118e411b9aa9c8c85bd5fdc9f30c4092056066c8cd37
data/raw/indel/274/indel_SRR7890880_bwa2-SRR7890879_bwa2_strelka.vcf.secondbed.vcf.recode.vcf,347505,ed5a6ed5f7b987b62c47211fa12b55eaaf2df61edfe23d74aea1dce3f5b2e4a0
data/raw/indel/275/indel_SRR7890880_bowtie-SRR7890879_bowtie_mutect.vcf.secondbed.vcf.recode.vcf,602545,9452f5180b01ca7e3957a3306252e9fcd3e255c24fd1e88e7acd29acd0e867f8
data/raw/indel/276/indel_SRR7890880_bowtie-SRR7890879_bowtie_strelka.vcf.secondbed.vcf.recode.vcf,343662,fcbdc320879205289c4826e4a3e3519347341b6d919eca6b783a1977c65e8768
data/raw/indel/277/indel_SRR7890880_bwa2-SRR7890879_bwa2_mutect.vcf.secondbed.vcf.recode.vcf,594835,d0272932f4662c04d657cd44423f26d1cb6c3f5469bbe4068bc9efac165b294f
data/raw/indel/278/indel_SRR7890880_bwa2-SRR7890879_bwa2_strelka.vcf.secondbed.vcf.recode.vcf,347476,14ac6fed30fdcc68dd2bf700c4e052c5777b8dc454e920f7a67e471edcbf4258
data/raw/indel/279/indel_SRR7890880_bowtie-SRR7890879_bowtie_mutect.vcf.secondbed.vcf.recode.vcf,588732,ae9ae8e19a057513bd1e1d37c79b37ed47f8a4389d623a16180eb60d14df5b70
data/raw/indel/28/indel_SRR7890851-SRR7890851bowtie-SRR7890850-SRR7890850bowtie_strelka.vcf.secondbed.vcf.recode.vcf,308125,4b141179012c74815649523c194cf06de782ebc1aab4551d30d759f0fa3437a8
data/raw/indel/280/indel_SRR7890880_bowtie-SRR7890879_bowtie_strelka.vcf.secondbed.vcf.recode.vcf,343119,882d0f0b10d3d191364cb32e7617a50f318b0a0acfb0fb0540e08987ec813d8b
data/raw/indel/281/indel_SRR7890880-SRR7890880bwa2-SRR7890879-SRR7890879bwa2_mutect.vcf.secondbed.vcf.recode.vcf,620972,215f265d6cb8d712361d66798eb2ec9c4b8a06c2e6f3453bd04bec700f3a51b2
data/raw/indel/282/indel_SRR7890880-SRR7890880bwa2-SRR7890879-SRR7890879bwa2_strelka.vcf.secondbed.vcf.recode.vcf,326156,5263941c8304f2fd05982aafb8c01b9d0b92ace06d8e760ed7a479b674a553c7
data/raw/indel/283/indel_SRR7890880-SRR7890880bowtie-SRR7890879-SRR7890879bowtie_mutect.vcf.secondbed.vcf.recode.vcf,817582,441a9ef3f33db930a7812cf164a1d2eb0ef80c01f389628a1e709dcb3d6322a8
data/raw/indel/284/indel_SRR7890880-SRR7890880bowtie-SRR7890879-SRR7890879bowtie_strelka.vcf.secondbed.vcf.recode.vcf,319389,2e7f916cc9008c91f9875e14e293ff9023b6c80c4676dac225a2cea6b52a6703
data/raw/indel/285/indel_SRR7890880-SRR7890880bwa2-SRR7890879-SRR7890879bwa2_mutect.vcf.secondbed.vcf.recode.vcf,626786,91292bb9dff1f4a8017dfdb2b4356a42ae02ed1fc217ab20cd2cb5f199aac5ca
data/raw/indel/286/indel_SRR7890880-SRR7890880bwa2-SRR7890879-SRR7890879bwa2_strelka.vcf.secondbed.vcf.recode.vcf,326366,726988fdb6591973db629e8176213dc23fd8229e63acdfc2a7870f7886f14e05
data/raw/indel/287/indel_SRR7890880-SRR7890880bowtie-SRR7890879-SRR7890879bowtie_mutect.vcf.secondbed.vcf.recode.vcf,862424,9ddde8f380c0b335af90f215bab528c2c97e6413c2526b9517cde8225fae517e
data/raw/indel/288/indel_SRR7890880-SRR7890880bowtie-SRR7890879-SRR7890879bowtie_strelka.vcf.secondbed.vcf.recode.vcf,319868,32ad1b5d18a270f2e95078cd1d03675f1a656702ab74df9241471e0057eac373
data/raw/indel/289/indel_SRR7890880_bwa2-SRR7890879_bwa2_mutect.vcf.secondbed.vcf.recode.vcf,597390,9ec771143dadb46fedfd64918bbb04275d4238d42c5e60e3e4aedca592c50dd6
data/raw/indel/29/indel_SRR7890851-SRR7890851bwa2-SRR7890850-SRR7890850bwa2_mutect.vcf.secondbed.vcf.recode.vcf,517614,d2ab9c08df3dd6bd407d6735bc9388b75ff180c46b8e68831192830ad31095f2
data/raw/indel/290/indel_SRR7890880_bwa2-SRR7890879_bwa2_strelka.vcf.secondbed.vcf.recode.vcf,347482,3a69af673ac9f65e7c2da7457551dee5d930339b4d804f6f7a073ef6248ba017
data/raw/indel/291/indel_SRR7890880_bowtie-SRR7890879_bowtie_mutect.vcf.secondbed.vcf.recode.vcf,602533,ec21b43080931d415f3491c564fbe4de17e582b3baf14b8009a60f9c02983913
data/raw/indel/292/indel_SRR7890880_bowtie-SRR7890879_bowtie_strelka.vcf.secondbed.vcf.recode.vcf,343639,64d6366e2bdc8a1ca4d3af8b3d06ab13d30ea2092d16c78541e407348665b45d
data/raw/indel/293/indel_SRR7890880_bwa2-SRR7890879_bwa2_mutect.vcf.secondbed.vcf.recode.vcf,594821,bb0b00f678919faa2050beff94baaf52a5daedb7d0413c32d41298c3e52ba27f
data/raw/indel/294/indel_SRR7890880_bwa2-SRR7890879_bwa2_strelka.vcf.secondbed.vcf.recode.vcf,347453,c07221dc929b7a505ca8d02de9163e53f7c18d3ae3e2ded9afec93a9821b10f3
data/raw/indel/295/indel_SRR7890880_bowtie-SRR7890879_bowtie_mutect.vcf.secondbed.vcf.recode.vcf,588718,1680cb316be91db507db1d82ee0997f258758b93494a6a004df17d66b011cc58
data/raw/indel/296/indel_SRR7890880_bowtie-SRR7890879_bowtie_strelka.vcf.secondbed.vcf.recode.vcf,343096,d224353fe74211841a6feca3727bf9906c19141247392228f18f1425586cf5c9
data/raw/indel/297/indel_SRR7890880-SRR7890880bwa2-SRR7890879-SRR7890879bwa2_mutect.vcf.secondbed.vcf.recode.vcf,620960,a122f93ea834a470fe3908bf63e5d7f57b0c27abe837e0172880ea6f9885d0ae
data/raw/indel/298/indel_SRR7890880-SRR7890880bwa2-SRR7890879-SRR7890879bwa2_strelka.vcf.secondbed.vcf.recode.vcf,326133,19c82976c14faad73e65e8bb5efa3896d81033f1df02953c0f5268b2dcbb3468
data/raw/indel/299/indel_SRR7890880-SRR7890880bowtie-SRR7890879-SRR7890879bowtie_mutect.vcf.secondbed.vcf.recode.vcf,817572,65cb0e15cc9a1f5ff3a855671e6d95116a8606f54b2f24c082f4536287661e24
data/raw/indel/3/indel_SRR7890851_bowtie-SRR7890850_bowtie_mutect.vcf.secondbed.vcf.recode.vcf,418687,dfbeed61d0b15ad73bc03c1b13bb7c11c9722ba6546f384301fecf2e9ab870b5
data/raw/indel/3/indel_SRR7890851_bowtie-SRR7890850_bowtie_mutect.vcf.secondbed.vcf.recode.vcf.gz,49966,261a31adac544515c366bce2fec9d9da6bfc043fa11380b65d9125d2e7ea386d
data/raw/indel/30/indel_SRR7890851-SRR7890851bwa2-SRR7890850-SRR7890850bwa2_strelka.vcf.secondbed.vcf.recode.vcf,306440,bb13a5d79a874f91dd0f9d7ebbb941f6b34f86e5f30b4397f140a19f07220530
data/raw/indel/300/indel_SRR7890880-SRR7890880bowtie-SRR7890879-SRR7890879bowtie_strelka.vcf.secondbed.vcf.recode.vcf,319366,f6f9bd97b4cde4a97a54a611025ee5d467847a036b634938041c312d1aac0961
data/raw/indel/301/indel_SRR7890880-SRR7890880bwa2-SRR7890879-SRR7890879bwa2_mutect.vcf.secondbed.vcf.recode.vcf,626772,4dc4c1d89ea684ba6b4d1bb8b70ef21a0554a831f1d01e68b32c5436d8ee6558
data/raw/indel/302/indel_SRR7890880-SRR7890880bwa2-SRR7890879-SRR7890879bwa2_strelka.vcf.secondbed.vcf.recode.vcf,326343,533229ba2d4fd15c7be524bd6003174ebb05be293863669dcad65ea7499a0ff6
data/raw/indel/303/indel_SRR7890880-SRR7890880bowtie-SRR7890879-SRR7890879bowtie_mutect.vcf.secondbed.vcf.recode.vcf,862410,3a426f0fd3932453aec54bce566632b17a0785a27866453a96709d6a9dfb7b3a
data/raw/indel/304/indel_SRR7890880-SRR7890880bowtie-SRR7890879-SRR7890879bowtie_strelka.vcf.secondbed.vcf.recode.vcf,319845,2ba7059a29e023453d2445d6f2882b80fa342618499bed7715c93d9777fff76b
data/raw/indel/305/indel_SRR7890880_bwa2-SRR7890879_bwa2_mutect.vcf.secondbed.vcf.recode.vcf,597390,865446683ea37ba6efde1662383c1a7ce823968852096fcb71664f39ea09ad34
data/raw/indel/306/indel_SRR7890880_bwa2-SRR7890879_bwa2_strelka.vcf.secondbed.vcf.recode.vcf,347486,8cbaccdc91e66783e75701148af79504472b5971f43c7e3210f6cc25b05dcd28
data/raw/indel/307/indel_SRR7890880_bowtie-SRR7890879_bowtie_mutect.vcf.secondbed.vcf.recode.vcf,602533,ddddcb74a123c06966c9458f794721e8e7ade64eb070177f1bd9147accd020dc
data/raw/indel/308/indel_SRR7890880_bowtie-SRR7890879_bowtie_strelka.vcf.secondbed.vcf.recode.vcf,343643,bc845fcef870f5f9de1728207708fc093807130ae209d9839763df983f789d6c
data/raw/indel/309/indel_SRR7890880_bwa2-SRR7890879_bwa2_mutect.vcf.secondbed.vcf.recode.vcf,594823,e9fe52657159e3ee4760c5c11c09afb4a065a810421ad98b64f1d8fee10facc7
data/raw/indel/31/indel_SRR7890851-SRR7890851bowtie-SRR7890850-SRR7890850bowtie_mutect.vcf.secondbed.vcf.recode.vcf,781235,3cfc7ffde05107f5678ac1e81eab57783a8c4800c3f62e8e32eeef7c36a06a07
data/raw/indel/310/indel_SRR7890880_bwa2-SRR7890879_bwa2_strelka.vcf.secondbed.vcf.recode.vcf,347457,fd540a373ae568f537d4c8236b2b3dcb0bb085ef352857abea8c0b275e07e6e2
data/raw/indel/311/indel_SRR7890880_bowtie-SRR7890879_bowtie_mutect.vcf.secondbed.vcf.recode.vcf,588720,5a5d0e19072a3065858b47d5bf49be420063fdc789f655ad2b024a463d8889d5
data/raw/indel/312/indel_SRR7890880_bowtie-SRR7890879_bowtie_strelka.vcf.secondbed.vcf.recode.vcf,343100,3735f6c5ec8c9c3683ba12660ae139bbcca41f043041771002e346f3c739de4c
data/raw/indel/313/indel_SRR7890880-SRR7890880bwa2-SRR7890879-SRR7890879bwa2_mutect.vcf.secondbed.vcf.recode.vcf,620960,9579716456561051cf838619f7ccfd11f0d0925d1cb6e756c8f450c90d68d7cf
data/raw/indel/314/indel_SRR7890880-SRR7890880bwa2-SRR7890879-SRR7890879bwa2_strelka.vcf.secondbed.vcf.recode.vcf,326137,860abd216644f426bc4ce83e7270f7cf5270718b81baafb2f51f749971c4da5d
data/raw/indel/315/indel_SRR7890880-SRR7890880bowtie-SRR7890879-SRR7890879bowtie_mutect.vcf.secondbed.vcf.recode.vcf,817570,b026286dc7d00862ef3d71fafffc97c724939278dda843c615a93b0613276c8f
data/raw/indel/316/indel_SRR7890880-SRR7890880bowtie-SRR7890879-SRR7890879bowtie_strelka.vcf.secondbed.vcf.recode.vcf,319370,970f40cdf8975bbbf95aeb4dc8e74d5005103540c06e3025f257295b31bcbed7
data/raw/indel/317/indel_SRR7890880-SRR7890880bwa2-SRR7890879-SRR7890879bwa2_mutect.vcf.secondbed.vcf.recode.vcf,626774,0733813900d6f4446c01811bffd7f4125bb74b9dc3374858efacdceeb2b9653a
data/raw/indel/318/indel_SRR7890880-SRR7890880bwa2-SRR7890879-SRR7890879bwa2_strelka.vcf.secondbed.vcf.recode.vcf,326347,879d99bb8fc6445d9e49608bc4a1519f40a7f1a7a0599894692c2bc90d6cbab5
data/raw/indel/319/indel_SRR7890880-SRR7890880bowtie-SRR7890879-SRR7890879bowtie_mutect.vcf.secondbed.vcf.recode.vcf,862412,cf5e5de0726505de268a6fe3c7bbcc16b8aa4165a6f3b3fbc8b34ce01240057c
data/raw/indel/32/indel_SRR7890851-SRR7890851bowtie-SRR7890850-SRR7890850bowtie_strelka.vcf.secondbed.vcf.recode.vcf,307319,aaeda0202c1af04565486926de0924f66e3a961620d9d8283df23e4cbbde9e39
data/raw/indel/320/indel_SRR7890880-SRR7890880bowtie-SRR7890879-SRR7890879bowtie_strelka.vcf.secondbed.vcf.recode.vcf,319849,19f6976f31c8ad7ebc9e6e07e728a6421d6a12bc822ba066aed5df8c4b4308e0
data/raw/indel/33/indel_SRR7890851_bwa2-SRR7890850_bwa2_mutect.vcf.secondbed.vcf.recode.vcf,431383,5d64de5fcdd9d8d9958975ff390fdd3b6f80c2716645be6bb4b349959be509f5
data/raw/indel/34/indel_SRR7890851_bwa2-SRR7890850_bwa2_strelka.vcf.secondbed.vcf.recode.vcf,317231,8924525d34eb9f07d6f6e475eeb838e32889df559e75e257c2cb3bc42c3ec37a
data/raw/indel/35/indel_SRR7890851_bowtie-SRR7890850_bowtie_mutect.vcf.secondbed.vcf.recode.vcf,418678,293833622779d3d1a4e4e3a4ee4f4bc68a39d05fdb6fb205302f6d8e8669521f
data/raw/indel/36/indel_SRR7890851_bowtie-SRR7890850_bowtie_strelka.vcf.secondbed.vcf.recode.vcf,317683,214502e8579ba5d79025a2ea1676a597bd51fec2cbb77db220464fc486858d5f
data/raw/indel/37/indel_SRR7890851_bwa2-SRR7890850_bwa2_mutect.vcf.secondbed.vcf.recode.vcf,482163,7d64f344cbd0938aca929ef399ebcb49a208b0799055603a4badb0940536d42a
data/raw/indel/38/indel_SRR7890851_bwa2-SRR7890850_bwa2_strelka.vcf.secondbed.vcf.recode.vcf,317237,e7ce38da16d7e1bb1c188c8fb8a0a95156b93066e3821977e806c61691f9cbda
data/raw/indel/39/indel_SRR7890851_bowtie-SRR7890850_bowtie_mutect.vcf.secondbed.vcf.recode.vcf,454424,68080e0b0164dba4baf94328ed15b3ef1fcb597d151731e852af44720ba63c6f
data/raw/indel/4/indel_SRR7890851_bowtie-SRR7890850_bowtie_strelka.vcf.secondbed.vcf.recode.vcf,317708,b70abf1d9e3902b26f69d8dfdcb84242c09fee7c1fa6f9ac8a804c341398ff82
data/raw/indel/4/indel_SRR7890851_bowtie-SRR7890850_bowtie_strelka.vcf.secondbed.vcf.recode.vcf.gz,33275,e44433152f66223f6f2731699d6a03ce2af403ff42cd472ee6b49a846c268fea
data/raw/indel/40/indel_SRR7890851_bowtie-SRR7890850_bowtie_strelka.vcf.secondbed.vcf.recode.vcf,316609,a96c3be39c029bea4dbe96e3579fac2070d321e2722cd61959f6fd7c003e4786
data/raw/indel/41/indel_SRR7890851-SRR7890851bwa2-SRR7890850-SRR7890850bwa2_mutect.vcf.secondbed.vcf.recode.vcf,461272,a21a0eaaa920df5b2aa45786b0c1dea9b81276df996dbf39a941eae8afaee887
data/raw/indel/42/indel_SRR7890851-SRR7890851bwa2-SRR7890850-SRR7890850bwa2_strelka.vcf.secondbed.vcf.recode.vcf,307218,8618ab7bb8e1012ac6c479c91e3408df2a112ed41809fc09880a33ed99ac2597
data/raw/indel/43/indel_SRR7890851-SRR7890851bowtie-SRR7890850-SRR7890850bowtie_mutect.vcf.secondbed.vcf.recode.vcf,680773,6861fb32647384b0fb71a8038274280cfc6160c2186736e381d3b208621603d1
data/raw/indel/44/indel_SRR7890851-SRR7890851bowtie-SRR7890850-SRR7890850bowtie_strelka.vcf.secondbed.vcf.recode.vcf,308095,0029f5267af91b60a5bf2a7a8968059466459fd009d811ae7af6a90475227c05
data/raw/indel/45/indel_SRR7890851-SRR7890851bwa2-SRR7890850-SRR7890850bwa2_mutect.vcf.secondbed.vcf.recode.vcf,517604,9c4bdbfb121e0a004568b2ad77411f2e39f2a6817295520f2de1752eeb425520
data/raw/indel/46/indel_SRR7890851-SRR7890851bwa2-SRR7890850-SRR7890850bwa2_strelka.vcf.secondbed.vcf.recode.vcf,306410,2c076dca46788268a42717addb0b1dd5682d8cff6339deb45145e71bb94c58ba
data/raw/indel/47/indel_SRR7890851-SRR7890851bowtie-SRR7890850-SRR7890850bowtie_mutect.vcf.secondbed.vcf.recode.vcf,781227,e6d8d132176ecc8ab174bc94a171be2b3d6c236e99534b162f21a094b59e7dc4
data/raw/indel/48/indel_SRR7890851-SRR7890851bowtie-SRR7890850-SRR7890850bowtie_strelka.vcf.secondbed.vcf.recode.vcf,307289,30e727a7cbfb7cea34750de5cdec7fb3fda99e17c10a16e6e65d5285468139d2
data/raw/indel/49/indel_SRR7890851_bwa2-SRR7890850_bwa2_mutect.vcf.secondbed.vcf.recode.vcf,431383,bb05677af424e5e791cc34505a7c22f9343aaf7e7a0676f835723ff0dc0b0287
data/raw/indel/5/indel_SRR7890851_bwa2-SRR7890850_bwa2_mutect.vcf.secondbed.vcf.recode.vcf,482174,1db75779c570ff0924bf22eb0b7c78990108c501187163d99e8f2daf45b9280c
data/raw/indel/5/indel_SRR7890851_bwa2-SRR7890850_bwa2_mutect.vcf.secondbed.vcf.recode.vcf.gz,63850,d45aa01fce30cfeb908d3a21119f7ec45490ebe8d41f8b3b46bc477fbca4b843
data/raw/indel/50/indel_SRR7890851_bwa2-SRR7890850_bwa2_strelka.vcf.secondbed.vcf.recode.vcf,317235,2d6de504128185079f37247dd109d53bc0bb9840a13d31d58bbae38b73195d7c
data/raw/indel/51/indel_SRR7890851_bowtie-SRR7890850_bowtie_mutect.vcf.secondbed.vcf.recode.vcf,418678,24ea0ddc99f3c11cd2c4caccf3c2a90aec9d1036bb96efbf0148b37bc86afffb
data/raw/indel/52/indel_SRR7890851_bowtie-SRR7890850_bowtie_strelka.vcf.secondbed.vcf.recode.vcf,317687,aa5d1e996c6b1bcd5c503663cebbbd881370b525abd35d617748fb3312f21983
data/raw/indel/53/indel_SRR7890851_bwa2-SRR7890850_bwa2_mutect.vcf.secondbed.vcf.recode.vcf,482163,09ecbb828aafd9f8d22b058551f4e8171604998141e390dc9ab81924f201b7cb
data/raw/indel/54/indel_SRR7890851_bwa2-SRR7890850_bwa2_strelka.vcf.secondbed.vcf.recode.vcf,317241,f5bcdf25e1e6b4dced8339e8c3f787eb804e22958dff579e8ad61e3b245fcf34
data/raw/indel/55/indel_SRR7890851_bowtie-SRR7890850_bowtie_mutect.vcf.secondbed.vcf.recode.vcf,454424,2e4654278aca08ddaec17b284cdb4bc431fcbbf6a57c17c44b4acc3002a40a8f
data/raw/indel/56/indel_SRR7890851_bowtie-SRR7890850_bowtie_strelka.vcf.secondbed.vcf.recode.vcf,316613,34324df64061507bc178a12334e28bbb43d185ec353b693b4f02ae2241a4fbe8
data/raw/indel/57/indel_SRR7890851-SRR7890851bwa2-SRR7890850-SRR7890850bwa2_mutect.vcf.secondbed.vcf.recode.vcf,461274,8f0c001dd476b726f4596f05d111d85c57de925055e66802a35c411e3726f48f
data/raw/indel/58/indel_SRR7890851-SRR7890851bwa2-SRR7890850-SRR7890850bwa2_strelka.vcf.secondbed.vcf.recode.vcf,307222,5fffea4c26dc1d841cca8a172ca4bd6e4a1ea35a22032588fad6e0d6169eb644
data/raw/indel/59/indel_SRR7890851-SRR7890851bowtie-SRR7890850-SRR7890850bowtie_mutect.vcf.secondbed.vcf.recode.vcf,680775,62512aff7fc857a6560c668f473ceadc64b03391afc3c4571e34c54ee2dc67bf
data/raw/indel/6/indel_SRR7890851_bwa2-SRR7890850_bwa2_strelka.vcf.secondbed.vcf.recode.vcf,317262,e70f182188f7373c19326920091e845ab849a49a9f9d8a0fe2dd7480738cff95
data/raw/indel/6/indel_SRR7890851_bwa2-SRR7890850_bwa2_strelka.vcf.secondbed.vcf.recode.vcf.gz,33020,c87a95d476ce6791a0984585346f29591a3b452e3a2163a3ccda053fb476bf08
data/raw/indel/60/indel_SRR7890851-SRR7890851bowtie-SRR7890850-SRR7890850bowtie_strelka.vcf.secondbed.vcf.recode.vcf,308099,cfe653acd9f2777c141458811026ec394e76baf9d871492a588d5f845fb76804
data/raw/indel/61/indel_SRR7890851-SRR7890851bwa2-SRR7890850-SRR7890850bwa2_mutect.vcf.secondbed.vcf.recode.vcf,517602,631db4e50109f917abd9bf9e7e211d5980f4d836006c1d3f439c3ff29a59b970
data/raw/indel/62/indel_SRR7890851-SRR7890851bwa2-SRR7890850-SRR7890850bwa2_strelka.vcf.secondbed.vcf.recode.vcf,306414,c9288f5ab43b314d68874df35c50969929c862ae9bbe05d2634ab33a42c8c918
data/raw/indel/63/indel_SRR7890851-SRR7890851bowtie-SRR7890850-SRR7890850bowtie_mutect.vcf.secondbed.vcf.recode.vcf,781225,8c26701da583b3105d60a4fe7c1e60c8a1f5b74538ae48404e84dac11ac2ebba
data/raw/indel/64/indel_SRR7890851-SRR7890851bowtie-SRR7890850-SRR7890850bowtie_strelka.vcf.secondbed.vcf.recode.vcf,307293,0ba308c45dff943ee11f99f2953c83a642fc94688c2a30104ce56eca7b8063d3
data/raw/indel/65/indel_SRR7890874_bwa2-SRR7890883_bwa2_mutect.vcf.secondbed.vcf.recode.vcf,874357,a1aae540a7d2e64fe8df51491d56e2d6a047d19450079d90dea601b9702114a4
data/raw/indel/65/indel_SRR7890874_bwa2-SRR7890883_bwa2_mutect.vcf.secondbed.vcf.recode.vcf.gz,167662,fe49800df8a87546b8fb44b2f3a3973c05fa06e817df511351df124ac8750401
data/raw/indel/66/indel_SRR7890874_bwa2-SRR7890883_bwa2_strelka.vcf.secondbed.vcf.recode.vcf,332051,acf9fd7932745cd4a61c6a7d8dfc7a12283bb4c1c78c17452f783ab1f3c5a74a
data/raw/indel/66/indel_SRR7890874_bwa2-SRR7890883_bwa2_strelka.vcf.secondbed.vcf.recode.vcf.gz,37301,f804a9739c840e2e2f0c4cac4b7fc92268ef2acce61329b8bd2e5cafbb26f8de
data/raw/indel/67/indel_SRR7890874_bowtie-SRR7890883_bowtie_mutect.vcf.secondbed.vcf.recode.vcf,812450,14d2144d5fb4368c87cd8476b850dd095a2b1f673a9cb29c72116ff32a9f4e6d
data/raw/indel/67/indel_SRR7890874_bowtie-SRR7890883_bowtie_mutect.vcf.secondbed.vcf.recode.vcf.gz,151190,7901e90630964e1c815f8d6334c5fdf4147eb8b0d06910d4a4d26f33698ea8ce
data/raw/indel/68/indel_SRR7890874_bowtie-SRR7890883_bowtie_strelka.vcf.secondbed.vcf.recode.vcf,330872,c8d9c23c86d513a70d4da085374a4a13ce6a9d579cfad31e899ed8a3f502040e
data/raw/indel/68/indel_SRR7890874_bowtie-SRR7890883_bowtie_strelka.vcf.secondbed.vcf.recode.vcf.gz,37106,e87fed283ae5aafa06add1ec32e20871d188c0c03f3528774e2287e7825eec2f
data/raw/indel/69/indel_SRR7890874_bwa2-SRR7890883_bwa2_mutect.vcf.secondbed.vcf.recode.vcf,992389,c7d0bd3dcb5cca2aafc527f951daa508c2dceb4675a127538d2426c61a36b8d8
data/raw/indel/69/indel_SRR7890874_bwa2-SRR7890883_bwa2_mutect.vcf.secondbed.vcf.recode.vcf.gz,193274,686e91e5d1c1d2fe29bfcb54d265066b23843e0651acb438acbe7cc7cd6c01d6
data/raw/indel/7/indel_SRR7890851_bowtie-SRR7890850_bowtie_mutect.vcf.secondbed.vcf.recode.vcf,454435,ecac0672c6dddd7a7f07e0c5784d101952fb9a5dd036236970b42d91d7da1167
data/raw/indel/7/indel_SRR7890851_bowtie-SRR7890850_bowtie_mutect.vcf.secondbed.vcf.recode.vcf.gz,56789,81e818ca587550af63106dbb528f50306d62535e5911e3ed877aefa27f5353cf
data/raw/indel/70/indel_SRR7890874_bwa2-SRR7890883_bwa2_strelka.vcf.secondbed.vcf.recode.vcf,330177,e8c1a940feea33e8534577c5b7021c20d5d74e46f6e284447835dc414af46787
data/raw/indel/70/indel_SRR7890874_bwa2-SRR7890883_bwa2_strelka.vcf.secondbed.vcf.recode.vcf.gz,36896,f4907f306f7abc8b22f4ec8c3f5223e61b0f2cd7caa29789858b378009259593
data/raw/indel/71/indel_SRR7890874_bowtie-SRR7890883_bowtie_mutect.vcf.secondbed.vcf.recode.vcf,939647,0e96074808e50ff50921bcd757883af57250bdaf391d3fdb8d71893fce119df7
data/raw/indel/71/indel_SRR7890874_bowtie-SRR7890883_bowtie_mutect.vcf.secondbed.vcf.recode.vcf.gz,180318,543a5b628e16de8473c519fb1aead56e2af7428cb4fbfb3e8fed9a2584a40384
data/raw/indel/72/indel_SRR7890874_bowtie-SRR7890883_bowtie_strelka.vcf.secondbed.vcf.recode.vcf,329764,7b472aef65b4bf58ca70df121269febc75789494727b69cd8ee7fead3d1d5812
data/raw/indel/72/indel_SRR7890874_bowtie-SRR7890883_bowtie_strelka.vcf.secondbed.vcf.recode.vcf.gz,36880,50ad7b992de2760adf5a089e3d16ccf0e5a664604d822b694e8e380bee136334
data/raw/indel/73/indel_SRR7890874-SRR7890874bwa2-SRR7890883-SRR7890883bwa2_mutect.vcf.secondbed.vcf.recode.vcf,909283,e6104c45247148d5b88a484c5d1a16eb9572bb74325004320b9abecd89f723fc
data/raw/indel/73/indel_SRR7890874-SRR7890874bwa2-SRR7890883-SRR7890883bwa2_mutect.vcf.secondbed.vcf.recode.vcf.gz,175904,f2b0de6548bcce01d177c12a5a663523f9f63c9045cb7cc483d179b09adde4ff
data/raw/indel/74/indel_SRR7890874-SRR7890874bwa2-SRR7890883-SRR7890883bwa2_strelka.vcf.secondbed.vcf.recode.vcf,329031,a90eeb2cd4b76754d12f6e52169f36b785ad19a0a38416e9200c725e721c17b0
data/raw/indel/74/indel_SRR7890874-SRR7890874bwa2-SRR7890883-SRR7890883bwa2_strelka.vcf.secondbed.vcf.recode.vcf.gz,36889,824a0943f65e8fa8c52fc5bbf3054d5ffdfaf8caf256b8e447fa9be95e21ba13
data/raw/indel/75/indel_SRR7890874-SRR7890874bowtie-SRR7890883-SRR7890883bowtie_mutect.vcf.secondbed.vcf.recode.vcf,849755,288cc422f6d10a2e908bc9baa23a39ae0c32636e6a4e1f76d75df584124b2cea
data/raw/indel/75/indel_SRR7890874-SRR7890874bowtie-SRR7890883-SRR7890883bowtie_mutect.vcf.secondbed.vcf.recode.vcf.gz,159151,721418f20c308dbbd6093ab7022d7827f7ec0a679e224970f6450fed322ce262
data/raw/indel/76/indel_SRR7890874-SRR7890874bowtie-SRR7890883-SRR7890883bowtie_strelka.vcf.secondbed.vcf.recode.vcf,327438,aa72ee84bbb58c49e7164862da80518a8ccfc84c37b2548f38d2c007e06c0a4e
data/raw/indel/76/indel_SRR7890874-SRR7890874bowtie-SRR7890883-SRR7890883bowtie_strelka.vcf.secondbed.vcf.recode.vcf.gz,36488,c3e025d6dea4399f127e5eab351275f9d39759f9f1294a5a4fd34839db329283
data/raw/indel/77/indel_SRR7890874-SRR7890874bwa2-SRR7890883-SRR7890883bwa2_mutect.vcf.secondbed.vcf.recode.vcf,1023626,d67c3784e9626a3666286941f7ee5b93bcd73d5c0dbfea4417a0b1e9bda4c67b
data/raw/indel/77/indel_SRR7890874-SRR7890874bwa2-SRR7890883-SRR7890883bwa2_mutect.vcf.secondbed.vcf.recode.vcf.gz,201441,047ad7fba52513098e2c334c03d31146461a37bcb77605cf92ce71a4e5ab56ed
data/raw/indel/78/indel_SRR7890874-SRR7890874bwa2-SRR7890883-SRR7890883bwa2_strelka.vcf.secondbed.vcf.recode.vcf,327906,51d3628bc93a4c9af272b15ae1a1e8495940dfa2967e87f3ff08710b88035a0d
data/raw/indel/78/indel_SRR7890874-SRR7890874bwa2-SRR7890883-SRR7890883bwa2_strelka.vcf.secondbed.vcf.recode.vcf.gz,36615,4517db50e358bebd2ed03dd269c2feff3d4ecb6dc4845583e4f722060b92564e
data/raw/indel/79/indel_SRR7890874-SRR7890874bowtie-SRR7890883-SRR7890883bowtie_mutect.vcf.secondbed.vcf.recode.vcf,987918,077c4a6277cce261b3dcd560f81ceb8fafaa408a73795c6d13e6dab729641ffb
data/raw/indel/79/indel_SRR7890874-SRR7890874bowtie-SRR7890883-SRR7890883bowtie_mutect.vcf.secondbed.vcf.recode.vcf.gz,189675,2c425096acb7e563977e88f8d01cbf70b656abbbf9aa05fe25a4eda54b0db160
data/raw/indel/8/indel_SRR7890851_bowtie-SRR7890850_bowtie_strelka.vcf.secondbed.vcf.recode.vcf,316634,ccd9324eadd90ff9ef49ca0a220fa318f6f55a9ec457d96d950bcd6aa8791d8c
data/raw/indel/8/indel_SRR7890851_bowtie-SRR7890850_bowtie_strelka.vcf.secondbed.vcf.recode.vcf.gz,33090,0494a045ed408dc068f00485a8beccc5fc117fd3a5b420a09c7833584007df45
data/raw/indel/80/indel_SRR7890874-SRR7890874bowtie-SRR7890883-SRR7890883bowtie_strelka.vcf.secondbed.vcf.recode.vcf,327410,32ba3f5650dd3b5a5f90c390abb75adce953dab466e96f4d1b252f7271bca5dc
data/raw/indel/80/indel_SRR7890874-SRR7890874bowtie-SRR7890883-SRR7890883bowtie_strelka.vcf.secondbed.vcf.recode.vcf.gz,36511,ada447458ca201d416b9b9c2271cb91b3d24a49f5ca21666925722f525fd17ed
data/raw/indel/81/indel_SRR7890874_bwa2-SRR7890883_bwa2_mutect.vcf.secondbed.vcf.recode.vcf,874357,1b3b77e64d020df18a4525cc251bb3ca1e5291d51f6c97495dd34f8e0d5e5226
data/raw/indel/82/indel_SRR7890874_bwa2-SRR7890883_bwa2_strelka.vcf.secondbed.vcf.recode.vcf,332056,59b61a54a269cdfec95d84cd9f432955d60e83af88dfa8d59823351a3facb167
data/raw/indel/83/indel_SRR7890874_bowtie-SRR7890883_bowtie_mutect.vcf.secondbed.vcf.recode.vcf,812450,140a0801cb375aff41d9b382dc35124b8256a901d287584e01cda1d3905fd99d
data/raw/indel/84/indel_SRR7890874_bowtie-SRR7890883_bowtie_strelka.vcf.secondbed.vcf.recode.vcf,330876,ecdb27d60a3923833ce3154c56b285121a7bddcf33419fb9af59caf44acb64fe
data/raw/indel/85/indel_SRR7890874_bwa2-SRR7890883_bwa2_mutect.vcf.secondbed.vcf.recode.vcf,990653,24638497334f1f717e85267121bf50cec0446cbbb9260db6feecaf793f74cc8b
data/raw/indel/86/indel_SRR7890874_bwa2-SRR7890883_bwa2_strelka.vcf.secondbed.vcf.recode.vcf,330181,fe2b0b66105c0660b3ebc9ba829372b176bac2ee3bf46753d176b8b597bc9201
data/raw/indel/87/indel_SRR7890874_bowtie-SRR7890883_bowtie_mutect.vcf.secondbed.vcf.recode.vcf,939648,98fd6b50fde38cbadcc36a352ae89f76294d0a6c206c8042b442b7fdd06f2a5f
data/raw/indel/88/indel_SRR7890874_bowtie-SRR7890883_bowtie_strelka.vcf.secondbed.vcf.recode.vcf,329768,ac7ad243a34213f0794db644d443750c9bd212ebd669e3f91532891301d50eba
data/raw/indel/89/indel_SRR7890874-SRR7890874bwa2-SRR7890883-SRR7890883bwa2_mutect.vcf.secondbed.vcf.recode.vcf,909283,0d82cc5fe4ab4ab171422f202bfd1e3c70023d61de9a0906d32e79544f8875af
data/raw/indel/9/indel_SRR7890851-SRR7890851bwa2-SRR7890850-SRR7890850bwa2_mutect.vcf.secondbed.vcf.recode.vcf,461281,6843f2d104dcfa59c34ac103112b58b2b356f0241be4a41ed04c3795312b9da9
data/raw/indel/9/indel_SRR7890851-SRR7890851bwa2-SRR7890850-SRR7890850bwa2_mutect.vcf.secondbed.vcf.recode.vcf.gz,61212,00cf7e7ba07179dbf0d18bc29beaca9d5cc71f73e4ba33baca0bd009daef0154
data/raw/indel/90/indel_SRR7890874-SRR7890874bwa2-SRR7890883-SRR7890883bwa2_strelka.vcf.secondbed.vcf.recode.vcf,329035,e57c041ca9009da07aeb6d8a0800f1e269ce739ce7f5835a34a86b74d99cb8d9
data/raw/indel/91/indel_SRR7890874-SRR7890874bowtie-SRR7890883-SRR7890883bowtie_mutect.vcf.secondbed.vcf.recode.vcf,849753,3bc41488dd976d35436c59002c0f4b9ff5e16b024ce6e1f58f9db142d3bf6642
data/raw/indel/92/indel_SRR7890874-SRR7890874bowtie-SRR7890883-SRR7890883bowtie_strelka.vcf.secondbed.vcf.recode.vcf,327442,f8d7f0f79640b22dc00fbe947072235ae0a22dc7f8c81246d5cdec0ad33e35be
data/raw/indel/93/indel_SRR7890874-SRR7890874bwa2-SRR7890883-SRR7890883bwa2_mutect.vcf.secondbed.vcf.recode.vcf,1023626,a3610057a55ee4d9c55d23071d12606365cf273c3e23304da0a6a83878a7748a
data/raw/indel/94/indel_SRR7890874-SRR7890874bwa2-SRR7890883-SRR7890883bwa2_strelka.vcf.secondbed.vcf.recode.vcf,327910,79f7d685034527298d224b3bc853d26e5e333c19259139f3c282767d57e74e58
data/raw/indel/95/indel_SRR7890874-SRR7890874bowtie-SRR7890883-SRR7890883bowtie_mutect.vcf.secondbed.vcf.recode.vcf,987922,56960098fc394c5998a6bd0f685305fd96800a1fb07db6d23f4eaf4b233bb7c8
data/raw/indel/96/indel_SRR7890874-SRR7890874bowtie-SRR7890883-SRR7890883bowtie_strelka.vcf.secondbed.vcf.recode.vcf,327414,01d820aa480cc469aa12f355b1eb6de12ff9f261ae3bf891e681bb2e10ab699d
data/raw/indel/97/indel_SRR7890874_bwa2-SRR7890883_bwa2_mutect.vcf.secondbed.vcf.recode.vcf,874347,96f851e87fc3723bc5f1dc62a3b73b81e7e39fd72877517342d377b983301c80
data/raw/indel/98/indel_SRR7890874_bwa2-SRR7890883_bwa2_strelka.vcf.secondbed.vcf.recode.vcf,332032,22255ee9d0284a414b801f42f21a04a18ba0507314684a134fa62292397b07fd
data/raw/indel/99/indel_SRR7890874_bowtie-SRR7890883_bowtie_mutect.vcf.secondbed.vcf.recode.vcf,812440,dff452c5b29dc1afc8825751968ea6c969e4e366a07caffbeeb77eacf883299d
data/raw/snv/TestCase 104/snp_SRR7890919-SRR7890919bwa2-SRR7890918-SRR7890918bwa2_somaticsniper.vcf.filtered.recode.vcf,498028,8b018a88cb5db5f5c64df4e12fa5a0373862d37ac049db7505bb1821436a3f04
data/raw/snv/TestCase 104/snp_SRR7890919-SRR7890919bwa2-SRR7890918-SRR7890918bwa2_somaticsniper.vcf.filtered.recode.vcf.gz,75040,e73d78f126a354a85061de65fd151c9088ca71361772ae23131056201062a7a3
data/raw/snv/TestCase 110/snp_SRR7890919_bwa2-SRR7890918_bwa2_somaticsniper.vcf.filtered.recode.vcf,507954,5c4a0991bb24339b3faa5ae801e0e85c1cffaa89c34d9ef5ef632377f8e0073f
data/raw/snv/TestCase 110/snp_SRR7890919_bwa2-SRR7890918_bwa2_somaticsniper.vcf.filtered.recode.vcf.gz,76002,a8cd2e9cda361438f32ca000fbd7ae72accf05f8b8a97fcd387a4632eb30514d
data/raw/snv/TestCase 116/snp_SRR7890919-SRR7890919bwa2-SRR7890918-SRR7890918bwa2_somaticsniper.vcf.filtered.recode.vcf,485522,b6802c798dd97e91e5061dc73e2c4b9c21712af72e657cd88eb310372b493036
data/raw/snv/TestCase 116/snp_SRR7890919-SRR7890919bwa2-SRR7890918-SRR7890918bwa2_somaticsniper.vcf.filtered.recode.vcf.gz,74476,051ac42d6a502d5bd9d7afca838702856cea7b613b7ea52d19c29cff4e7efe12
data/raw/snv/TestCase 122/snp_SRR7890919_bowtie-SRR7890918_bowtie_somaticsniper.vcf.filtered.recode.vcf,435665,f4d99a44e761eec56b45e78b524e335074c3d7aefe4b87bfd04b62c12a9b2721
data/raw/snv/TestCase 122/snp_SRR7890919_bowtie-SRR7890918_bowtie_somaticsniper.vcf.filtered.recode.vcf.gz,63181,ee9a9c360e9a101915de751f968c34852f0263a6dde70c174dc153319aa83756
data/raw/snv/TestCase 128/snp_SRR7890919-SRR7890919bowtie-SRR7890918-SRR7890918bowtie_somaticsniper.vcf.filtered.recode.vcf,351360,881289cfa3ea41873ca0a66c52968ea78204b6fd85821cceb4f7878f73ac8a82
data/raw/snv/TestCase 128/snp_SRR7890919-SRR7890919bowtie-SRR7890918-SRR7890918bowtie_somaticsniper.vcf.filtered.recode.vcf.gz,48028,2c66e9b37bd36c489e74746e66397fa6a5a205af5c4574ee884e640da0cec958
data/raw/snv/TestCase 134/snp_SRR7890919_bowtie-SRR7890918_bowtie_somaticsniper.vcf.filtered.recode.vcf,470343,97dcd07233344d88e070fba479da251eb22651462737295f20e4ef49621408fb
data/raw/snv/TestCase 134/snp_SRR7890919_bowtie-SRR7890918_bowtie_somaticsniper.vcf.filtered.recode.vcf.gz,68547,8b5e1e06ed814ddfb3e6d33fc2a8fe7f889f5563b74d2fc70f74b0ad842af0b0
data/raw/snv/TestCase 14/snp_SRR7890919_bwa2-SRR7890918_bwa2_mutect.vcf.secondbed.vcf.recode.vcf,1001548,a6c0146fe351b5dcfa19a56b68a31fc7cf55d978f493d5abd78cbf7f403e6b1d
data/raw/snv/TestCase 14/snp_SRR7890919_bwa2-SRR7890918_bwa2_mutect.vcf.secondbed.vcf.recode.vcf.gz,191455,645fa661f3fa37cde03812e1769d15eb29b881dd8bd1d5caaac23be391eb4852
data/raw/snv/TestCase 140/snp_SRR7890919-SRR7890919bowtie-SRR7890918-SRR7890918bowtie_somaticsniper.vcf.filtered.recode.vcf,329843,7bbd41b894cc18634e1f8e19bdb8c498b67b9356957ce9f3a1cc26966d141b1c
data/raw/snv/TestCase 140/snp_SRR7890919-SRR7890919bowtie-SRR7890918-SRR7890918bowtie_somaticsniper.vcf.filtered.recode.vcf.gz,44811,a997298adb740f20872e69e4f9bf0533bb9ed419a056d174ce7d1e942e27b596
data/raw/snv/TestCase 147/snp_SRR7890851_bwa2-SRR7890850_bwa2_mutect.vcf.secondbed.vcf.recode.vcf,1091741,73d5b9db094e89f09e20dfd5442ee3416c32cea435b775e1173729a4222c2ca6
data/raw/snv/TestCase 147/snp_SRR7890851_bwa2-SRR7890850_bwa2_mutect.vcf.secondbed.vcf.recode.vcf.gz,187339,f6a13e00cf041c00e7af8e9caee407c894b22775190191f969c810f18dae6edc
data/raw/snv/TestCase 148/snp_SRR7890919_bwa2-SRR7890918_bwa2_mutect.vcf.secondbed.vcf.recode.vcf,1005027,adb47e51520d3b19ff75530fa1e8beeaed75dd39fb2d8172cdf7f92a3082ce4d
data/raw/snv/TestCase 148/snp_SRR7890919_bwa2-SRR7890918_bwa2_mutect.vcf.secondbed.vcf.recode.vcf.gz,192848,260615ff51f64de52994d042e260e28be082315e8eacba43248f6e788ce52fa6
data/raw/snv/TestCase 149/snp_SRR7890851_bwa2-SRR7890850_bwa2_mutect.vcf.secondbed.vcf.recode.vcf,1091731,d5a21f49b05559a3d83eaf9e3becaa0fafe2b5317f76d73a644baaf67975cbe1
data/raw/snv/TestCase 149/snp_SRR7890851_bwa2-SRR7890850_bwa2_mutect.vcf.secondbed.vcf.recode.vcf.gz,187325,5d5ff06218bddb18f7d79667cc42901ff35ea787b5d53e92f83642f0e384d35a
data/raw/snv/TestCase 150/snp_SRR7890845_bwa2-SRR7890844_bwa2_mutect.vcf.secondbed.vcf.recode.vcf,1160720,e4765370753377aebdb2a1d2fa0b2b61e58980c8e1db6a7201371693f15ba75d
data/raw/snv/TestCase 150/snp_SRR7890845_bwa2-SRR7890844_bwa2_mutect.vcf.secondbed.vcf.recode.vcf.gz,220856,fa5b59b979f08103cfb33179d5747451b2606f096c435213b7985aef234be278
data/raw/snv/TestCase 153/snp_SRR7890851-SRR7890851bwa2-SRR7890850-SRR7890850bwa2_mutect.vcf.secondbed.vcf.recode.vcf,1293104,7ef47952e6586b56300313a7ceac089dbd23c5c1dbf340edb91acc014744b6c1
data/raw/snv/TestCase 153/snp_SRR7890851-SRR7890851bwa2-SRR7890850-SRR7890850bwa2_mutect.vcf.secondbed.vcf.recode.vcf.gz,231133,e111e7f99be7a0d0f08f2514f28d79ae1c75d7e4faa7964f9af3a2a366de1fb9
data/raw/snv/TestCase 154/snp_SRR7890919-SRR7890919bwa2-SRR7890918-SRR7890918bwa2_mutect.vcf.secondbed.vcf.recode.vcf,1076313,e46299a62e31bc2d1e48171fc5920d3381770cfb466f3f8b9d5409833741959d
data/raw/snv/TestCase 154/snp_SRR7890919-SRR7890919bwa2-SRR7890918-SRR7890918bwa2_mutect.vcf.secondbed.vcf.recode.vcf.gz,208932,b0f3ba8b78c614b38508ad0912169f6bd7d28961917b780c787593d27e6b6d08
data/raw/snv/TestCase 155/snp_SRR7890851-SRR7890851bwa2-SRR7890850-SRR7890850bwa2_mutect.vcf.secondbed.vcf.recode.vcf,1293096,363d57d3f9b0cc5d983c38e6871c00d579c2b3c2e4ef5f6c694df1a8893a560d
data/raw/snv/TestCase 155/snp_SRR7890851-SRR7890851bwa2-SRR7890850-SRR7890850bwa2_mutect.vcf.secondbed.vcf.recode.vcf.gz,231126,57101153336a8cf2575e22947ba3d7ff93e61bac44f7f09408086034b6d7c9a5
data/raw/snv/TestCase 156/snp_SRR7890845-SRR7890845bwa2-SRR7890844-SRR7890844bwa2_mutect.vcf.secondbed.vcf.recode.vcf,1096080,dbb74627d51af154571c446e21c6aeb4ba1256fc0aacbf03a19ead71588b98e3
data/raw/snv/TestCase 156/snp_SRR7890845-SRR7890845bwa2-SRR7890844-SRR7890844bwa2_mutect.vcf.secondbed.vcf.recode.vcf.gz,204437,fbc346c6485fe7da078beaf089be4d86a67a7d58bedfdfa5a018db26e1b725c6
data/raw/snv/TestCase 159/snp_SRR7890851_bwa2-SRR7890850_bwa2_mutect.vcf.secondbed.vcf.recode.vcf,1242471,dcc9e794a9e7bd15d226bfc234b8e88ef1c2cc6d6437ab19eb34f0661723e37d
data/raw/snv/TestCase 159/snp_SRR7890851_bwa2-SRR7890850_bwa2_mutect.vcf.secondbed.vcf.recode.vcf.gz,219736,ea449ae8da100acc31c269e1afcc9ed25870ab644dd1eae40c771ba34d8b56eb
data/raw/snv/TestCase 160/snp_SRR7890919_bwa2-SRR7890918_bwa2_mutect.vcf.secondbed.vcf.recode.vcf,1001559,17a1733b15cd34a1179785755854512bdb3e48b135afae4406bce4ac57bc4d31
data/raw/snv/TestCase 160/snp_SRR7890919_bwa2-SRR7890918_bwa2_mutect.vcf.secondbed.vcf.recode.vcf.gz,191461,9334eb198d8a24773dd4f3b858a47fbf9fb33edb69afe0e2434572c84d8585cb
data/raw/snv/TestCase 161/snp_SRR7890851_bwa2-SRR7890850_bwa2_mutect.vcf.secondbed.vcf.recode.vcf,1242459,7c16e95e2e38bcf2abe00fcbc1c861507731924487cc59ebcae7f9a26d2eec06
data/raw/snv/TestCase 161/snp_SRR7890851_bwa2-SRR7890850_bwa2_mutect.vcf.secondbed.vcf.recode.vcf.gz,219761,d7585df068e035450868f4363ffebf1e88901f14b46b3a304274f9e2134251ad
data/raw/snv/TestCase 162/snp_SRR7890845_bwa2-SRR7890844_bwa2_mutect.vcf.secondbed.vcf.recode.vcf,1097455,5a9f36d0ab704db93852985cf2c08cfd03d578044a5d835668efa3912114544d
data/raw/snv/TestCase 162/snp_SRR7890845_bwa2-SRR7890844_bwa2_mutect.vcf.secondbed.vcf.recode.vcf.gz,204016,e0e57d4969085b79439e21a1a2904e62f660c2c5170a62c9f6c80cf534d9744c
data/raw/snv/TestCase 165/snp_SRR7890851-SRR7890851bwa2-SRR7890850-SRR7890850bwa2_mutect.vcf.secondbed.vcf.recode.vcf,1112842,5c5be27c5094f3f447d4f67972eaf5392478954bfa1597b9df42563333a6c70d
data/raw/snv/TestCase 165/snp_SRR7890851-SRR7890851bwa2-SRR7890850-SRR7890850bwa2_mutect.vcf.secondbed.vcf.recode.vcf.gz,192661,41efd8a024b44a38e2b7d42a2f0b5871353c5f54e0df121bd2333387e2c8b1bd
data/raw/snv/TestCase 166/snp_SRR7890919-SRR7890919bwa2-SRR7890918-SRR7890918bwa2_mutect.vcf.secondbed.vcf.recode.vcf,1060404,be99931fa8f48e9bd792afa16ac009f9a269afee81d39b1bb7370969f6d0ca10
data/raw/snv/TestCase 166/snp_SRR7890919-SRR7890919bwa2-SRR7890918-SRR7890918bwa2_mutect.vcf.secondbed.vcf.recode.vcf.gz,205811,14dc9ce600820dafe2185547ec6c26904067d63ef1c9a85e621b1bc2f712896f
data/raw/snv/TestCase 167/snp_SRR7890851-SRR7890851bwa2-SRR7890850-SRR7890850bwa2_mutect.vcf.secondbed.vcf.recode.vcf,1112832,66db312663a74b47dc0d81e5e94fa4d02f470836763515dbc03f838fbea4e53d
data/raw/snv/TestCase 167/snp_SRR7890851-SRR7890851bwa2-SRR7890850-SRR7890850bwa2_mutect.vcf.secondbed.vcf.recode.vcf.gz,192620,2a37e9bba42412d1334536e59e250f1842c59c4240ef171481d9582fce7829ea
data/raw/snv/TestCase 168/snp_SRR7890845-SRR7890845bwa2-SRR7890844-SRR7890844bwa2_mutect.vcf.secondbed.vcf.recode.vcf,1105411,c41794c881c5c83fb358e56910202a1e670e67a7a1c5249a68c58d1183b5be67
data/raw/snv/TestCase 168/snp_SRR7890845-SRR7890845bwa2-SRR7890844-SRR7890844bwa2_mutect.vcf.secondbed.vcf.recode.vcf.gz,209265,75bb1fe2b93edb9ce3f959fa7c6aae10f0800362232203bd25c9387a5fb99ed8
data/raw/snv/TestCase 171/snp_SRR7890851_bowtie-SRR7890850_bowtie_mutect.vcf.secondbed.vcf.recode.vcf,1019865,fe6eb6afae9d4d0eb71a0d5b32492cb512bb79d90e7e3f4b00b88e8ff53114b3
data/raw/snv/TestCase 171/snp_SRR7890851_bowtie-SRR7890850_bowtie_mutect.vcf.secondbed.vcf.recode.vcf.gz,169993,45cb2912faea60f261fee1d3b8cf52dc63a62118ab9a61780385168d4bf3ff83
data/raw/snv/TestCase 172/snp_SRR7890919_bowtie-SRR7890918_bowtie_mutect.vcf.secondbed.vcf.recode.vcf,846732,2eb8ee1279d1608f4039e7b76ab031231359398d5bdbd3ae73370ca4775fdf15
data/raw/snv/TestCase 172/snp_SRR7890919_bowtie-SRR7890918_bowtie_mutect.vcf.secondbed.vcf.recode.vcf.gz,153326,df0c6c4a940234ab44803af65cb0c1ac7f591f207a5e3c5169d8a4c6c60f3805
data/raw/snv/TestCase 173/snp_SRR7890851_bowtie-SRR7890850_bowtie_mutect.vcf.secondbed.vcf.recode.vcf,1019855,63ae425dc4f45a9a6725cf602ff7f751956f1e17f4b324672711d70f582a2d98
data/raw/snv/TestCase 173/snp_SRR7890851_bowtie-SRR7890850_bowtie_mutect.vcf.secondbed.vcf.recode.vcf.gz,169976,967beaa063a334e0d13e34293570807d264da1d7c981d4ca42bf79d8cf20a0db
data/raw/snv/TestCase 174/snp_SRR7890845_bowtie-SRR7890844_bowtie_mutect.vcf.secondbed.vcf.recode.vcf,1047048,d6f9d72d11031815d2b8b5e2d812c475f529e7da76c7a0f48436a4fcba4897a3
data/raw/snv/TestCase 174/snp_SRR7890845_bowtie-SRR7890844_bowtie_mutect.vcf.secondbed.vcf.recode.vcf.gz,195308,38b75dd3026bff0fdd33396860c3ce0726e47b1da2e80f21dadff8c2e33ade32
data/raw/snv/TestCase 177/snp_SRR7890851-SRR7890851bowtie-SRR7890850-SRR7890850bowtie_mutect.vcf.secondbed.vcf.recode.vcf,1548791,0847c626953322f3fab131a5cf7272869b1db664446f086d14d91c0df002e5c6
data/raw/snv/TestCase 177/snp_SRR7890851-SRR7890851bowtie-SRR7890850-SRR7890850bowtie_mutect.vcf.secondbed.vcf.recode.vcf.gz,275113,5521a696c9f8e4782a9d3747087e356d2f7346f2e5dd05eaf0e113cfbe023def
data/raw/snv/TestCase 178/snp_SRR7890919-SRR7890919bowtie-SRR7890918-SRR7890918bowtie_mutect.vcf.secondbed.vcf.recode.vcf,1060594,59671252fb55d9efec9a7c129ec076d9cc85dd21e6f9c99b9f21e89af977cd37
data/raw/snv/TestCase 178/snp_SRR7890919-SRR7890919bowtie-SRR7890918-SRR7890918bowtie_mutect.vcf.secondbed.vcf.recode.vcf.gz,201601,cb3b39bbc8a7795c4659f4217cc6a1440ca1e63c1229686a081e6c3227b35b7d
data/raw/snv/TestCase 179/snp_SRR7890851-SRR7890851bowtie-SRR7890850-SRR7890850bowtie_mutect.vcf.secondbed.vcf.recode.vcf,1548783,44c425aa8b9fd326514466f14ca463dabbda70a5e8b7db2000e172188b6b1a87
data/raw/snv/TestCase 179/snp_SRR7890851-SRR7890851bowtie-SRR7890850-SRR7890850bowtie_mutect.vcf.secondbed.vcf.recode.vcf.gz,275058,5975dca9ef3a97febc9ba38bf798850620261d36b97271bba6512628ad4c053f
data/raw/snv/TestCase 180/snp_SRR7890845-SRR7890845bowtie-SRR7890844-SRR7890844bowtie_mutect.vcf.secondbed.vcf.recode.vcf,1102912,fe8c5c5d9fae19431f12f59a7de196573375374e32e35affb924c39ec64a67a5
data/raw/snv/TestCase 180/snp_SRR7890845-SRR7890845bowtie-SRR7890844-SRR7890844bowtie_mutect.vcf.secondbed.vcf.recode.vcf.gz,203928,bd8f9e06dbfd18b12863225595f4d9663add63a969afb5f05012d35b1994bf14
data/raw/snv/TestCase 183/snp_SRR7890851_bowtie-SRR7890850_bowtie_mutect.vcf.secondbed.vcf.recode.vcf,1194054,b3bd6951f0d514c0c31475d069a051eae8e5665c12eef7b46803313319751f21
data/raw/snv/TestCase 183/snp_SRR7890851_bowtie-SRR7890850_bowtie_mutect.vcf.secondbed.vcf.recode.vcf.gz,207246,d9837e1dfcf2396d904db02be7e3b8cc89a17cc2e3b70d5b07fa78c046e44e34
data/raw/snv/TestCase 184/snp_SRR7890919_bowtie-SRR7890918_bowtie_mutect.vcf.secondbed.vcf.recode.vcf,867648,1bb801f6dae722f4d79e0600db9d138c26f2f27f9e335ac3011f4df7dbe0aef0
data/raw/snv/TestCase 184/snp_SRR7890919_bowtie-SRR7890918_bowtie_mutect.vcf.secondbed.vcf.recode.vcf.gz,158237,f33057fad93940e5780a17478a985e7065a319a188a4895c4e5ec480881bfe87
data/raw/snv/TestCase 185/snp_SRR7890851_bowtie-SRR7890850_bowtie_mutect.vcf.secondbed.vcf.recode.vcf,1194042,6d69028b501683a6d8f8f447dcb99743fe9a51d9021284b1c733e38c47d7ee1b
data/raw/snv/TestCase 185/snp_SRR7890851_bowtie-SRR7890850_bowtie_mutect.vcf.secondbed.vcf.recode.vcf.gz,207183,e9c55ddb2c4855a4fcb8df8d994a630e87568210d3e5c3538db8446f8d50356b
data/raw/snv/TestCase 186/snp_SRR7890845_bowtie-SRR7890844_bowtie_mutect.vcf.secondbed.vcf.recode.vcf,995144,d8ce381f4839cf313aa8354ee81dc8340f15d75a55100268d2f833545024af50
data/raw/snv/TestCase 186/snp_SRR7890845_bowtie-SRR7890844_bowtie_mutect.vcf.secondbed.vcf.recode.vcf.gz,180425,295196c1a2d9d29d4b61951dad5b370b6456ab03c8b1039f9f10beadc164358d
data/raw/snv/TestCase 189/snp_SRR7890851-SRR7890851bowtie-SRR7890850-SRR7890850bowtie_mutect.vcf.secondbed.vcf.recode.vcf,1213186,a76a27a617ae8d8fcbd4984ab45c0c17c18e8ba6b35bea3d37c745d8e4daa61f
data/raw/snv/TestCase 189/snp_SRR7890851-SRR7890851bowtie-SRR7890850-SRR7890850bowtie_mutect.vcf.secondbed.vcf.recode.vcf.gz,208498,b8ae5f444d252315cbfb43f46c4190e4975fd330bcaa90e5c8916326a44632ec
data/raw/snv/TestCase 190/snp_SRR7890919-SRR7890919bowtie-SRR7890918-SRR7890918bowtie_mutect.vcf.secondbed.vcf.recode.vcf,952794,f8e84ab05ea9c55cf83a9816acf9366c018f64dcaa17bd3f6603f2e35a018400
data/raw/snv/TestCase 190/snp_SRR7890919-SRR7890919bowtie-SRR7890918-SRR7890918bowtie_mutect.vcf.secondbed.vcf.recode.vcf.gz,178920,54170880d83758390f663d63ce3f4fed6392ece27c28581ee26ccdd63eb63fc0
data/raw/snv/TestCase 191/snp_SRR7890851-SRR7890851bowtie-SRR7890850-SRR7890850bowtie_mutect.vcf.secondbed.vcf.recode.vcf,1213176,e828dd64dbc37acfde782bfd48702ba269a12cff294b70460f85bb2ff281ee4e
data/raw/snv/TestCase 191/snp_SRR7890851-SRR7890851bowtie-SRR7890850-SRR7890850bowtie_mutect.vcf.secondbed.vcf.recode.vcf.gz,208639,af2098e26c8b9af6d1055a1a0a3917f138673f49883a50d90d959f98e513c036
data/raw/snv/TestCase 192/snp_SRR7890845-SRR7890845bowtie-SRR7890844-SRR7890844bowtie_mutect.vcf.secondbed.vcf.recode.vcf,1050030,b907fb7c00511a181b27e3b49a0da5f3fe1775fd60be18673795ddb7877088c7
data/raw/snv/TestCase 192/snp_SRR7890845-SRR7890845bowtie-SRR7890844-SRR7890844bowtie_mutect.vcf.secondbed.vcf.recode.vcf.gz,195091,2c7b2455726ccd04ddd075bba18fe69e9d0c5544ea74663bd993b81a331879e3
data/raw/snv/TestCase 195/snp_SRR7890851_bwa2-SRR7890850_bwa2_strelka.vcf.secondbed.vcf.recode.vcf,19804787,c8476378fd7d8c6d031faf34af741d2d22b6e6f1da4d8535b7746b687241705f
data/raw/snv/TestCase 195/snp_SRR7890851_bwa2-SRR7890850_bwa2_strelka.vcf.secondbed.vcf.recode.vcf.gz,2874223,685e375624f3e7284984a3214a2d362b3cea27448e37f241a07ba38e7b7a23b3
data/raw/snv/TestCase 196/snp_SRR7890919_bwa2-SRR7890918_bwa2_strelka.vcf.secondbed.vcf.recode.vcf,15353790,4472ddf270f2bd241af612c6d55b0725bc68991ff974acdf8f37d3c18cbeca8e
data/raw/snv/TestCase 196/snp_SRR7890919_bwa2-SRR7890918_bwa2_strelka.vcf.secondbed.vcf.recode.vcf.gz,2378435,bc2d0446815dc9478e8e079b53702da00c4a91928a6a53460e58f0ca5d932c5a
data/raw/snv/TestCase 197/snp_SRR7890851_bwa2-SRR7890850_bwa2_strelka.vcf.secondbed.vcf.recode.vcf,19804761,5a1d227b84ca45a7adeffac68917d69c6e40c41a093eee8535ca74623afda64a
data/raw/snv/TestCase 197/snp_SRR7890851_bwa2-SRR7890850_bwa2_strelka.vcf.secondbed.vcf.recode.vcf.gz,2874274,62ad59a98f8f4e40214271c7e14a0becd95e85025576d17b719561da76d2789c
data/raw/snv/TestCase 198/snp_SRR7890845_bwa2-SRR7890844_bwa2_strelka.vcf.secondbed.vcf.recode.vcf,18393851,db457f1309cc9353b6755b9c9804b17e6bd0661184d06fced3eb7158dba53a90
data/raw/snv/TestCase 198/snp_SRR7890845_bwa2-SRR7890844_bwa2_strelka.vcf.secondbed.vcf.recode.vcf.gz,2711020,6664738a2c2884d64204da391675e9b09a9057e04fb5c97674cc40199d1a44b3
data/raw/snv/TestCase 2/snp_SRR7890919_bwa2-SRR7890918_bwa2_mutect.vcf.secondbed.vcf.recode.vcf,1005015,ad243d3947f0c7cc2724199044dd71dce8135c0172e8fef282c038e2f0d9d587
data/raw/snv/TestCase 2/snp_SRR7890919_bwa2-SRR7890918_bwa2_mutect.vcf.secondbed.vcf.recode.vcf.gz,192831,63a903718aa47407d4a7925265241c1eed5d8f0b837623703ae105f5dd40ab16
data/raw/snv/TestCase 20/snp_SRR7890919-SRR7890919bwa2-SRR7890918-SRR7890918bwa2_mutect.vcf.secondbed.vcf.recode.vcf,1060393,32eb2d5377308fce62c76218458f354b9e061d7b7e21e707e732f024f96c9fe1
data/raw/snv/TestCase 20/snp_SRR7890919-SRR7890919bwa2-SRR7890918-SRR7890918bwa2_mutect.vcf.secondbed.vcf.recode.vcf.gz,205788,321904fc30894e993940be77987bb20c3c4e4a7b865fc1650d02e09cbfa6f4de
data/raw/snv/TestCase 201/snp_SRR7890851-SRR7890851bwa2-SRR7890850-SRR7890850bwa2_strelka.vcf.secondbed.vcf.recode.vcf,24314081,de76511057c97535ab22bba2507a265225e169547121b5c886e2cabdfdefc2de
data/raw/snv/TestCase 201/snp_SRR7890851-SRR7890851bwa2-SRR7890850-SRR7890850bwa2_strelka.vcf.secondbed.vcf.recode.vcf.gz,3612023,b13e4e523f51888fdb1cbae79ecbe6f43592ea87a730c8a59b8a177e9cd27026
data/raw/snv/TestCase 202/snp_SRR7890919-SRR7890919bwa2-SRR7890918-SRR7890918bwa2_strelka.vcf.secondbed.vcf.recode.vcf,19264643,6409474cd6046485cf92cc338c4729c4b667e109f1a1ce7b1bd9c48a1ef50236
data/raw/snv/TestCase 202/snp_SRR7890919-SRR7890919bwa2-SRR7890918-SRR7890918bwa2_strelka.vcf.secondbed.vcf.recode.vcf.gz,3029243,be81c7600083c37b18d5a6cbb7a817b6e2125ef05423e40dd1766c886c359df5
data/raw/snv/TestCase 203/snp_SRR7890851-SRR7890851bwa2-SRR7890850-SRR7890850bwa2_strelka.vcf.secondbed.vcf.recode.vcf,24314055,fdb9b7bf71aec60314df80572fa8d35a602f4f9265b2d6cd1a549e24675b3888
data/raw/snv/TestCase 203/snp_SRR7890851-SRR7890851bwa2-SRR7890850-SRR7890850bwa2_strelka.vcf.secondbed.vcf.recode.vcf.gz,3612199,7433bb91e0d0ac7e2a087eb7da0d286ec9ea98b3ff32a603524af27ecf007a32
data/raw/snv/TestCase 204/snp_SRR7890845-SRR7890845bwa2-SRR7890844-SRR7890844bwa2_strelka.vcf.secondbed.vcf.recode.vcf,22471184,94fccc030b2ec4261b874ded5975654dcf647308610f34c0a289800c005abcef
data/raw/snv/TestCase 204/snp_SRR7890845-SRR7890845bwa2-SRR7890844-SRR7890844bwa2_strelka.vcf.secondbed.vcf.recode.vcf.gz,3324952,29554c0008b83fcbce1604d650f0e10f1c41dcde6bace80bb1eadc4088d68db1
data/raw/snv/TestCase 207/snp_SRR7890851_bwa2-SRR7890850_bwa2_strelka.vcf.secondbed.vcf.recode.vcf,25092329,8a15e363bb93bb23e7a6b5ec3d1a78b0996dfd3f0a6012c44339736ea59c5507
data/raw/snv/TestCase 207/snp_SRR7890851_bwa2-SRR7890850_bwa2_strelka.vcf.secondbed.vcf.recode.vcf.gz,3682263,8bcf3a4182ec1de8bc6f3cb189278dd0034b44ce6c9db57cefc0f326a9442574
data/raw/snv/TestCase 208/snp_SRR7890919_bwa2-SRR7890918_bwa2_strelka.vcf.secondbed.vcf.recode.vcf,19299577,c64399fce70410d1a39eca621a19295b7fb5d37980f78211929c6b69d21725ee
data/raw/snv/TestCase 208/snp_SRR7890919_bwa2-SRR7890918_bwa2_strelka.vcf.secondbed.vcf.recode.vcf.gz,2922596,107a2f4815579c5609754d926aa4eef45394e8f2d1c494beb72b6e71fe179386
data/raw/snv/TestCase 209/snp_SRR7890851_bwa2-SRR7890850_bwa2_strelka.vcf.secondbed.vcf.recode.vcf,25092308,5ce607cd1b788ba66fbc9321e2971ebd5673f140833173f2054efa06ffca3fdf
data/raw/snv/TestCase 209/snp_SRR7890851_bwa2-SRR7890850_bwa2_strelka.vcf.secondbed.vcf.recode.vcf.gz,3682442,5b804011c3721ed31f84849a63cb05e85809c8ece55ee558146f6b3b00a48c98
data/raw/snv/TestCase 210/snp_SRR7890845_bwa2-SRR7890844_bwa2_strelka.vcf.secondbed.vcf.recode.vcf,22307147,710676a61ea0db9b59e73ec871d8206a1956dc7a0877e413ebe03e171147c8d7
data/raw/snv/TestCase 210/snp_SRR7890845_bwa2-SRR7890844_bwa2_strelka.vcf.secondbed.vcf.recode.vcf.gz,3229316,9cbef5e48713a2673bbcb08c0f52b0244ef2828793b3ee0ed54370a2f6fcc191
data/raw/snv/TestCase 213/snp_SRR7890851-SRR7890851bwa2-SRR7890850-SRR7890850bwa2_strelka.vcf.secondbed.vcf.recode.vcf,19775943,47d91db70c52361822651ad25cc41763e8dba8833dfd776d870e645e822095e2
data/raw/snv/TestCase 213/snp_SRR7890851-SRR7890851bwa2-SRR7890850-SRR7890850bwa2_strelka.vcf.secondbed.vcf.recode.vcf.gz,2905752,2f245e45968b9849d4034f374f9a384f93666bf7fb04e8bf915e5cfaeb662a47
data/raw/snv/TestCase 214/snp_SRR7890919-SRR7890919bwa2-SRR7890918-SRR7890918bwa2_strelka.vcf.secondbed.vcf.recode.vcf,14692778,d1754913bcf9056caf93caa08a4d305f5a47c73aee0ad61b6bf7224b6d089c51
data/raw/snv/TestCase 214/snp_SRR7890919-SRR7890919bwa2-SRR7890918-SRR7890918bwa2_strelka.vcf.secondbed.vcf.recode.vcf.gz,2364212,4caf39cb0a0d8c098752bc888803f53244fa3ec8211eb6e94f2523904a4b74b1
data/raw/snv/TestCase 215/snp_SRR7890851-SRR7890851bwa2-SRR7890850-SRR7890850bwa2_strelka.vcf.secondbed.vcf.recode.vcf,19775917,5d2683191f8c25e15333bec65df1463e2fa1d36c6120227e74b43a4e912f9f98
data/raw/snv/TestCase 215/snp_SRR7890851-SRR7890851bwa2-SRR7890850-SRR7890850bwa2_strelka.vcf.secondbed.vcf.recode.vcf.gz,2905840,78a82e3c32df0b526f6346999a67cb4c510d7a119868e50a2852e46fea62ae11
data/raw/snv/TestCase 216/snp_SRR7890845-SRR7890845bwa2-SRR7890844-SRR7890844bwa2_strelka.vcf.secondbed.vcf.recode.vcf,18433169,24674871cfe9cc041b90ea4419c9a3dbf1b35bfd27e28860f200a07f3a692036
data/raw/snv/TestCase 216/snp_SRR7890845-SRR7890845bwa2-SRR7890844-SRR7890844bwa2_strelka.vcf.secondbed.vcf.recode.vcf.gz,2772765,d2ff31bb8a8d2ee062dff9e57c51004d5ec912d3d7e7650f8103eaa9bee07786
data/raw/snv/TestCase 219/snp_SRR7890851_bowtie-SRR7890850_bowtie_strelka.vcf.secondbed.vcf.recode.vcf,15608179,5e0b7f24dbe611d75253c858c434f034c276f0bc560a455e4fd41aef5b8fd707
data/raw/snv/TestCase 219/snp_SRR7890851_bowtie-SRR7890850_bowtie_strelka.vcf.secondbed.vcf.recode.vcf.gz,2311787,dc3438251ee5b28db7c844c3c6500cd82f87db0a9c7638389583037253f65c33
data/raw/snv/TestCase 220/snp_SRR7890919_bowtie-SRR7890918_bowtie_strelka.vcf.secondbed.vcf.recode.vcf,12184198,10c2210a2601316861d0e17dc63e9e5187f5ea5c83f3e4d2700457fbd503d993
data/raw/snv/TestCase 220/snp_SRR7890919_bowtie-SRR7890918_bowtie_strelka.vcf.secondbed.vcf.recode.vcf.gz,1984472,6f89409444b32589940d9cce69a18c229eabf45ed6c9e62c442f6f2de6edc052
data/raw/snv/TestCase 221/snp_SRR7890851_bowtie-SRR7890850_bowtie_strelka.vcf.secondbed.vcf.recode.vcf,15608618,b1b48515d51bb56047de82ea05604c81f8f7a6c28167394c2e7446a1c156e635
data/raw/snv/TestCase 221/snp_SRR7890851_bowtie-SRR7890850_bowtie_strelka.vcf.secondbed.vcf.recode.vcf.gz,2311394,f81e0c17ccb4151a13aa65dbcdb59ebe1fbd45fd600f97b93ea0eb5528e61882
data/raw/snv/TestCase 222/snp_SRR7890845_bowtie-SRR7890844_bowtie_strelka.vcf.secondbed.vcf.recode.vcf,15117626,e84da33ea7288ed2a659cb797d688e7f5a3de2f9151a9be90d3f8ca3a93abddc
data/raw/snv/TestCase 222/snp_SRR7890845_bowtie-SRR7890844_bowtie_strelka.vcf.secondbed.vcf.recode.vcf.gz,2290996,c00e5b98cf8176ddb3d3e3eb1e7a59c74074b3c0d4efe16d70ba8700478bcf6c
data/raw/snv/TestCase 225/snp_SRR7890851-SRR7890851bowtie-SRR7890850-SRR7890850bowtie_strelka.vcf.secondbed.vcf.recode.vcf,15062272,167f9fb8fe849e94c0125a5a93299f1895630214352aa7c5cb67e1b3161e6e3a
data/raw/snv/TestCase 225/snp_SRR7890851-SRR7890851bowtie-SRR7890850-SRR7890850bowtie_strelka.vcf.secondbed.vcf.recode.vcf.gz,2529724,bee42ccf2076784982ed483fae7da73c6042984e6f0e058bbde014efa09892d0
data/raw/snv/TestCase 226/snp_SRR7890919-SRR7890919bowtie-SRR7890918-SRR7890918bowtie_strelka.vcf.secondbed.vcf.recode.vcf,14439710,cf11aded3baf076bdb32c1982c22022b8a756f5552302e933125d9f9aae66bb5
data/raw/snv/TestCase 226/snp_SRR7890919-SRR7890919bowtie-SRR7890918-SRR7890918bowtie_strelka.vcf.secondbed.vcf.recode.vcf.gz,2589443,c52acf0a1d6553b1b16f90a775791f7acfc52ed0be8fc38cd5a528f137283002
data/raw/snv/TestCase 227/snp_SRR7890851-SRR7890851bowtie-SRR7890850-SRR7890850bowtie_strelka.vcf.secondbed.vcf.recode.vcf,15062243,f8fbe36451a8abb340b566088cad05826132c9cd3e2ebfdffc3b08b3bcea7238
data/raw/snv/TestCase 227/snp_SRR7890851-SRR7890851bowtie-SRR7890850-SRR7890850bowtie_strelka.vcf.secondbed.vcf.recode.vcf.gz,2529509,9b87e046b05c016c4ea7ad5bb07d18a33dd11e0cf8b9c081013a2e13f95f8507
data/raw/snv/TestCase 228/snp_SRR7890845-SRR7890845bowtie-SRR7890844-SRR7890844bowtie_strelka.vcf.secondbed.vcf.recode.vcf,17233599,8395ae2c08a6f916b19492c7d40bc5b7674e3d16579206254b0657ead84efcf1
data/raw/snv/TestCase 228/snp_SRR7890845-SRR7890845bowtie-SRR7890844-SRR7890844bowtie_strelka.vcf.secondbed.vcf.recode.vcf.gz,2900162,b3cff87d1c1e8bb042262dc95c1c2727c489c2f0e38a0b549be7a3a510fa7ac1
data/raw/snv/TestCase 231/snp_SRR7890851_bowtie-SRR7890850_bowtie_strelka.vcf.secondbed.vcf.recode.vcf,21565414,9693eaeb7a5a29bb33c9501e9e59484042ff910777c8451fc0423dcaacee71a6
data/raw/snv/TestCase 231/snp_SRR7890851_bowtie-SRR7890850_bowtie_strelka.vcf.secondbed.vcf.recode.vcf.gz,3205036,32ed285931ac801e136b5718ac112d765a02c526c2d843c363484f99c6441cdc
data/raw/snv/TestCase 232/snp_SRR7890919_bowtie-SRR7890918_bowtie_strelka.vcf.secondbed.vcf.recode.vcf,16123076,bdcc7f341d52a649c03664c89f515269386158d0e31393c92f76f656358d6249
data/raw/snv/TestCase 232/snp_SRR7890919_bowtie-SRR7890918_bowtie_strelka.vcf.secondbed.vcf.recode.vcf.gz,2551681,48e8a533daa77812f859a079969e461d9c78cfb82c4939723a4cc7349bcc2469
data/raw/snv/TestCase 233/snp_SRR7890851_bowtie-SRR7890850_bowtie_strelka.vcf.secondbed.vcf.recode.vcf,21566089,8ec2fcfa8a3ac66ad85de0ebe434fd3fcb6a4b8706f4eac17893208bd69ab3d3
data/raw/snv/TestCase 233/snp_SRR7890851_bowtie-SRR7890850_bowtie_strelka.vcf.secondbed.vcf.recode.vcf.gz,3205372,e8f1366ca49db583c57066802fa90970924e4ccd43203783ab8cc0f4d28ad76a
data/raw/snv/TestCase 234/snp_SRR7890845_bowtie-SRR7890844_bowtie_strelka.vcf.secondbed.vcf.recode.vcf,19517389,37f3e034399f214c56b30c07fc03262d3c7099acf6357d881f8a5f74e4e85d78
data/raw/snv/TestCase 234/snp_SRR7890845_bowtie-SRR7890844_bowtie_strelka.vcf.secondbed.vcf.recode.vcf.gz,2887379,83ab87631de38f76a4353463d617f8ab3bda2dd265b393720fa77efd1516b2fe
data/raw/snv/TestCase 237/snp_SRR7890851-SRR7890851bowtie-SRR7890850-SRR7890850bowtie_strelka.vcf.secondbed.vcf.recode.vcf,10421974,eac80c4ec58087f28743146c61569aff0f7360905afc83419a1ef47504606fdd
data/raw/snv/TestCase 237/snp_SRR7890851-SRR7890851bowtie-SRR7890850-SRR7890850bowtie_strelka.vcf.secondbed.vcf.recode.vcf.gz,1746798,23da7f2ef0c7a842315308fc65e35c39392274186404422ab1b3a3f2382fe76b
data/raw/snv/TestCase 238/snp_SRR7890919-SRR7890919bowtie-SRR7890918-SRR7890918bowtie_strelka.vcf.secondbed.vcf.recode.vcf,11107764,43ae40ba2b8570cf09526ddfbeef2df04b53da51bb047e180565c1869ac049e4
data/raw/snv/TestCase 238/snp_SRR7890919-SRR7890919bowtie-SRR7890918-SRR7890918bowtie_strelka.vcf.secondbed.vcf.recode.vcf.gz,2021826,5fd015f0b62e221e6208a02d3c195b70271fbf18429ede14b806f909f4ded4da
data/raw/snv/TestCase 239/snp_SRR7890851-SRR7890851bowtie-SRR7890850-SRR7890850bowtie_strelka.vcf.secondbed.vcf.recode.vcf,10422185,2f716259b790e8cc879d95e8ee869e13142621ee13513233a49274c0a6f5e36c
data/raw/snv/TestCase 239/snp_SRR7890851-SRR7890851bowtie-SRR7890850-SRR7890850bowtie_strelka.vcf.secondbed.vcf.recode.vcf.gz,1746735,10bf9405a59d39029dc967bcb91b3cf08dc0a2620eee8ab7255f89f7fa4d8cb0
data/raw/snv/TestCase 240/snp_SRR7890845-SRR7890845bowtie-SRR7890844-SRR7890844bowtie_strelka.vcf.secondbed.vcf.recode.vcf,12828724,717f0b44a2223d54086f27ef8193a82cbc4867babbe6f2cd84aaf559e5fe9510
data/raw/snv/TestCase 240/snp_SRR7890845-SRR7890845bowtie-SRR7890844-SRR7890844bowtie_strelka.vcf.secondbed.vcf.recode.vcf.gz,2194425,78269a239801664fa59428b91c57f2bad41cbc055b2e1f414b3376adddc27d25
data/raw/snv/TestCase 243/snp_SRR7890851_bwa2-SRR7890850_bwa2_somaticsniper.vcf.filtered.recode.vcf,610459,5ed21613e56d9aba8790362c6d8d59986f57515c329106cc448e504998a481b0
data/raw/snv/TestCase 243/snp_SRR7890851_bwa2-SRR7890850_bwa2_somaticsniper.vcf.filtered.recode.vcf.gz,92190,42d6dc3fff39ab9f15ccff601c66568a4271f5e73628db263bef6eaedb5d2dbe
data/raw/snv/TestCase 244/snp_SRR7890919_bwa2-SRR7890918_bwa2_somaticsniper.vcf.filtered.recode.vcf,499305,1b563aa4316a9545ff8e9e00a44c7d0c83f66ecc3370cbd4249f3ee43929b052
data/raw/snv/TestCase 244/snp_SRR7890919_bwa2-SRR7890918_bwa2_somaticsniper.vcf.filtered.recode.vcf.gz,76505,fa6ee092036393b88ad24a4cced105734bd89c0c0a8b301ce40a372b638e5dec
data/raw/snv/TestCase 245/snp_SRR7890851_bwa2-SRR7890850_bwa2_somaticsniper.vcf.filtered.recode.vcf,610457,7a9cf862a4400f6ed93f151daa4bf29d2576797d3c9d35770d2a7df25709d4dd
data/raw/snv/TestCase 245/snp_SRR7890851_bwa2-SRR7890850_bwa2_somaticsniper.vcf.filtered.recode.vcf.gz,92177,a77339a5fd979f6cc64bc5fbba86c9ed55510ca5082908bfbd9fc5a6fc449e1e
data/raw/snv/TestCase 246/snp_SRR7890845_bwa2-SRR7890844_bwa2_somaticsniper.vcf.filtered.recode.vcf,487223,1a9731e7c76ba8caa1df8c207a1741a98b5ac2f9a60cead852a4837dfe9a9cd2
data/raw/snv/TestCase 246/snp_SRR7890845_bwa2-SRR7890844_bwa2_somaticsniper.vcf.filtered.recode.vcf.gz,73158,349cb69d3b1d3e3b3586741fa8d83680ff9ab872d8c5464212ac6ce0b9ccc364
data/raw/snv/TestCase 249/snp_SRR7890851-SRR7890851bwa2-SRR7890850-SRR7890850bwa2_somaticsniper.vcf.filtered.recode.vcf,685011,119c0b5a32f3783c58b1ed56245cf2066d0421dd00173fb2da5ac029021f6c8f
data/raw/snv/TestCase 249/snp_SRR7890851-SRR7890851bwa2-SRR7890850-SRR7890850bwa2_somaticsniper.vcf.filtered.recode.vcf.gz,102530,5531ca242b213d132ec68e686b651283d1e402a4376e9c78f961ea002f61133b
data/raw/snv/TestCase 250/snp_SRR7890919-SRR7890919bwa2-SRR7890918-SRR7890918bwa2_somaticsniper.vcf.filtered.recode.vcf,498030,182a826c8f5038a016b9dd56e0df69ea41581a7bfbd00b05c517f7461ba4b6bc
data/raw/snv/TestCase 250/snp_SRR7890919-SRR7890919bwa2-SRR7890918-SRR7890918bwa2_somaticsniper.vcf.filtered.recode.vcf.gz,75047,a5184f0fc07f9b6892a6bcd58f5aa1ff29cb07edf40237f52348e2184b9c8e46
data/raw/snv/TestCase 251/snp_SRR7890851-SRR7890851bwa2-SRR7890850-SRR7890850bwa2_somaticsniper.vcf.filtered.recode.vcf,685009,766f44229650af1a6f66d3e06d6dccf391a6c75ed9cf47bb58bde4a6a32a4a9a
data/raw/snv/TestCase 251/snp_SRR7890851-SRR7890851bwa2-SRR7890850-SRR7890850bwa2_somaticsniper.vcf.filtered.recode.vcf.gz,102528,67d87a3b35663d1dbbe7a93ec90027c84620a022ce46a1ff2c3a27a43fe25d78
data/raw/snv/TestCase 252/snp_SRR7890845-SRR7890845bwa2-SRR7890844-SRR7890844bwa2_somaticsniper.vcf.filtered.recode.vcf,490516,715bd19ed44da489ea167816aa396a78735fb33dc87d8bfc26b4faaa1ff16662
data/raw/snv/TestCase 252/snp_SRR7890845-SRR7890845bwa2-SRR7890844-SRR7890844bwa2_somaticsniper.vcf.filtered.recode.vcf.gz,73123,d620fe2c531c84ab95167c64ca945b49ed0ece8a1c61b831c05eefdd1ed531be
data/raw/snv/TestCase 255/snp_SRR7890851_bwa2-SRR7890850_bwa2_somaticsniper.vcf.filtered.recode.vcf,703095,d77ecdc83e8426ea8eb0428a384c036b5440d081341e2fb4392bc66867d9dd64
data/raw/snv/TestCase 255/snp_SRR7890851_bwa2-SRR7890850_bwa2_somaticsniper.vcf.filtered.recode.vcf.gz,104405,90774ba726903a398f139828a63c645e2f224a46edb1e0c7112fc0c5256501c6
data/raw/snv/TestCase 256/snp_SRR7890919_bwa2-SRR7890918_bwa2_somaticsniper.vcf.filtered.recode.vcf,507956,904ea8f461ab5b03146d0b12f1171af65cbbbad7988906c2a4975ef8aaab87f1
data/raw/snv/TestCase 256/snp_SRR7890919_bwa2-SRR7890918_bwa2_somaticsniper.vcf.filtered.recode.vcf.gz,76003,1dd026ba47f0197a16d8c2b8f29abeb42b491dfebc3386d8bce62c70cc2ed1e1
data/raw/snv/TestCase 257/snp_SRR7890851_bwa2-SRR7890850_bwa2_somaticsniper.vcf.filtered.recode.vcf,703093,fe47da096f980541b6334505d80378b9a39f585ce9ef44d6c5475f2db50c9a01
data/raw/snv/TestCase 257/snp_SRR7890851_bwa2-SRR7890850_bwa2_somaticsniper.vcf.filtered.recode.vcf.gz,104397,364c199035c6a9307f6188306dd592cabb6a7ec8e0e73da875d920e132d186b9
data/raw/snv/TestCase 258/snp_SRR7890845_bwa2-SRR7890844_bwa2_somaticsniper.vcf.filtered.recode.vcf,498561,0c7ed58e3d96d329471e9bb6fed86a485cb64099db07b638d21a7f4deffb5b9f
data/raw/snv/TestCase 258/snp_SRR7890845_bwa2-SRR7890844_bwa2_somaticsniper.vcf.filtered.recode.vcf.gz,73954,be261f21ae42d21f774db6ac3d94a7652dece55292ee6a0a54c6739acbf6a3bb
data/raw/snv/TestCase 26/snp_SRR7890919_bowtie-SRR7890918_bowtie_mutect.vcf.secondbed.vcf.recode.vcf,846719,60b7c7a76c22b24aaf5306163bc91dde3f5c752382e3573741201e112610672f
data/raw/snv/TestCase 26/snp_SRR7890919_bowtie-SRR7890918_bowtie_mutect.vcf.secondbed.vcf.recode.vcf.gz,153312,b38bd0bb89059dd318cbf0c3beb9c7a646dbebbd534107905b34f1ef33e6a94d
data/raw/snv/TestCase 261/snp_SRR7890851-SRR7890851bwa2-SRR7890850-SRR7890850bwa2_somaticsniper.vcf.filtered.recode.vcf,602288,768935d0f43f33b2184c8cda2e3a212750c1f90408f7e9e111271352d02eff0e
data/raw/snv/TestCase 261/snp_SRR7890851-SRR7890851bwa2-SRR7890850-SRR7890850bwa2_somaticsniper.vcf.filtered.recode.vcf.gz,91235,ae56d15af4aba79fd1ace7059e5f6bfe7d3aad1b0f4540397381996b69905907
data/raw/snv/TestCase 262/snp_SRR7890919-SRR7890919bwa2-SRR7890918-SRR7890918bwa2_somaticsniper.vcf.filtered.recode.vcf,485524,00b16d8c1d28209936594eeaa5bc4b8540ca8a5fd400cf84832367d4074bf98d
data/raw/snv/TestCase 262/snp_SRR7890919-SRR7890919bwa2-SRR7890918-SRR7890918bwa2_somaticsniper.vcf.filtered.recode.vcf.gz,74528,9aea5e97dd4fbe7254c1594bdb73cd06cada357ded81a0837a9de2857e8bef32
data/raw/snv/TestCase 263/snp_SRR7890851-SRR7890851bwa2-SRR7890850-SRR7890850bwa2_somaticsniper.vcf.filtered.recode.vcf,602286,983725f2edf734eb766c022253028bba3e59756c71093da1a41da3fc7416b01f
data/raw/snv/TestCase 263/snp_SRR7890851-SRR7890851bwa2-SRR7890850-SRR7890850bwa2_somaticsniper.vcf.filtered.recode.vcf.gz,91231,09e268071da6133eb0c56399ffb4096616ad3218d2afb96e6ce9fdfa3e179f55
data/raw/snv/TestCase 264/snp_SRR7890845-SRR7890845bwa2-SRR7890844-SRR7890844bwa2_somaticsniper.vcf.filtered.recode.vcf,479859,1418f8bc4a7b77e4f157b9c65a9e62fe2622832637d487637d16f60dde6098b8
data/raw/snv/TestCase 264/snp_SRR7890845-SRR7890845bwa2-SRR7890844-SRR7890844bwa2_somaticsniper.vcf.filtered.recode.vcf.gz,72491,6cf0b1c09b074333e0fd783dec8825b2f037793668721c4049d9eb6d067562e9
data/raw/snv/TestCase 267/snp_SRR7890851_bowtie-SRR7890850_bowtie_somaticsniper.vcf.filtered.recode.vcf,526951,98bc2736a9b192d9307b2a566f1d80d680133cb0da602f7b84aa20d6a7e2e1d4
data/raw/snv/TestCase 267/snp_SRR7890851_bowtie-SRR7890850_bowtie_somaticsniper.vcf.filtered.recode.vcf.gz,76832,26cfae3d68d936caf093bec24264f8e4fe40458d8712eb83853d63174d891bc5
data/raw/snv/TestCase 268/snp_SRR7890919_bowtie-SRR7890918_bowtie_somaticsniper.vcf.filtered.recode.vcf,435667,10efc3e67aa3a653684e3395f4a6bd46495776de0516329a674b87eeb179f99a
data/raw/snv/TestCase 268/snp_SRR7890919_bowtie-SRR7890918_bowtie_somaticsniper.vcf.filtered.recode.vcf.gz,63187,a2e114f9f6d58cc078fc58c40fa17225e8f16d2ea7bc445bb69e3623132b01d5
data/raw/snv/TestCase 269/snp_SRR7890851_bowtie-SRR7890850_bowtie_somaticsniper.vcf.filtered.recode.vcf,526949,979499e3ed806d2bc5b2492246d74b93a2e87949a824086999e07d3a9a006ae5
data/raw/snv/TestCase 269/snp_SRR7890851_bowtie-SRR7890850_bowtie_somaticsniper.vcf.filtered.recode.vcf.gz,76830,d8c47a3a73248c28095674b0eff7c1b122bb74206fb82d0d35432d1acf8088fa
data/raw/snv/TestCase 270/snp_SRR7890845_bowtie-SRR7890844_bowtie_somaticsniper.vcf.filtered.recode.vcf,440044,9c23f8adc715e89d7f11f21b7ccc0d4b9ea5edfd5b368dcab21464c028fc6bd5
data/raw/snv/TestCase 270/snp_SRR7890845_bowtie-SRR7890844_bowtie_somaticsniper.vcf.filtered.recode.vcf.gz,63360,dcee86759b68648b28d1577a7e3487fb46e1bc97774fe723b4dbfa408150afcc
data/raw/snv/TestCase 273/snp_SRR7890851-SRR7890851bowtie-SRR7890850-SRR7890850bowtie_somaticsniper.vcf.filtered.recode.vcf,361527,9e1ef9e73f7e8583ff03c644aac6e943918d861a6b652c30961058b221d00721
data/raw/snv/TestCase 273/snp_SRR7890851-SRR7890851bowtie-SRR7890850-SRR7890850bowtie_somaticsniper.vcf.filtered.recode.vcf.gz,46237,17b9dc071b2265c5a67f155ce07d08772eca3664079080483625be31409ee422
data/raw/snv/TestCase 274/snp_SRR7890919-SRR7890919bowtie-SRR7890918-SRR7890918bowtie_somaticsniper.vcf.filtered.recode.vcf,351362,b81a9342562f4c97ce63ef6fdb010633ef4893f1fd6a1c799c4461cc248202dc
data/raw/snv/TestCase 274/snp_SRR7890919-SRR7890919bowtie-SRR7890918-SRR7890918bowtie_somaticsniper.vcf.filtered.recode.vcf.gz,48086,fdfd84d494ed41b59d9245d2f1a388e835d36a5fb002a39278a7378b98119a5c
data/raw/snv/TestCase 275/snp_SRR7890851-SRR7890851bowtie-SRR7890850-SRR7890850bowtie_somaticsniper.vcf.filtered.recode.vcf,361525,05cea46164bcbd43e6467672a94bb9a97246ee39359cbb39386c650dad7a5411
data/raw/snv/TestCase 275/snp_SRR7890851-SRR7890851bowtie-SRR7890850-SRR7890850bowtie_somaticsniper.vcf.filtered.recode.vcf.gz,46204,9495b75cd21b9e069007433e6e76dd4fab69fc9690fb04f26f8f985f05f166fc
data/raw/snv/TestCase 276/snp_SRR7890845-SRR7890845bowtie-SRR7890844-SRR7890844bowtie_somaticsniper.vcf.filtered.recode.vcf,355427,0138f7a7f06d9e79b1f6d46c6ddf43529134a9fd8a5c12d805d06afe3d8a7709
data/raw/snv/TestCase 276/snp_SRR7890845-SRR7890845bowtie-SRR7890844-SRR7890844bowtie_somaticsniper.vcf.filtered.recode.vcf.gz,48211,5f9c7f5bd9178d0edceea3385a58ecebbbeb941b387b71f09167c7a9c82d7515
data/raw/snv/TestCase 279/snp_SRR7890851_bowtie-SRR7890850_bowtie_somaticsniper.vcf.filtered.recode.vcf,644762,a1b7e219ff63ca088b6d88adef9c8fff294d6fc19899f1b7ed5b64946e2b189c
data/raw/snv/TestCase 279/snp_SRR7890851_bowtie-SRR7890850_bowtie_somaticsniper.vcf.filtered.recode.vcf.gz,93590,bfbbf5747f56077e14d8ad498188caa5929e639ecce1e802885c0e1c051b44ed
data/raw/snv/TestCase 280/snp_SRR7890919_bowtie-SRR7890918_bowtie_somaticsniper.vcf.filtered.recode.vcf,470345,ec169cd24a3364ece31c3701f8322cf91dc20c26b47f1729f16b395ab6d4f270
data/raw/snv/TestCase 280/snp_SRR7890919_bowtie-SRR7890918_bowtie_somaticsniper.vcf.filtered.recode.vcf.gz,68584,160015acabe1335def52a4e860e4110e50236c5a8dfb75d26b973863b99d468a
data/raw/snv/TestCase 281/snp_SRR7890851_bowtie-SRR7890850_bowtie_somaticsniper.vcf.filtered.recode.vcf,644760,d58d937b83901cd8524e3b94a4fc6cc0209b078f705a32c46ddbf9cd5c79421b
data/raw/snv/TestCase 281/snp_SRR7890851_bowtie-SRR7890850_bowtie_somaticsniper.vcf.filtered.recode.vcf.gz,93588,852977354c97142a2bcc6d8e97d8e69f3c5093e21bffdabdc35c22d4c6dc33d5
data/raw/snv/TestCase 282/snp_SRR7890845_bowtie-SRR7890844_bowtie_somaticsniper.vcf.filtered.recode.vcf,462295,3e1b04e2b22f8e08c7311b40e1225b21e09d928e93dd49679ceda3c6fbc07b68
data/raw/snv/TestCase 282/snp_SRR7890845_bowtie-SRR7890844_bowtie_somaticsniper.vcf.filtered.recode.vcf.gz,66365,2be4d643e7fd53d149b9ea815fc8658a6bf811bf2f2b3f333818d7b139898422
data/raw/snv/TestCase 285/snp_SRR7890851-SRR7890851bowtie-SRR7890850-SRR7890850bowtie_somaticsniper.vcf.filtered.recode.vcf,308366,9328901d07331297382d948402efc648755030d0f891e72d8bdb500eff179a51
data/raw/snv/TestCase 285/snp_SRR7890851-SRR7890851bowtie-SRR7890850-SRR7890850bowtie_somaticsniper.vcf.filtered.recode.vcf.gz,37910,72e037edc585d6d200dece3286191a7f9a8315be339e2ce9040e2167cf027762
data/raw/snv/TestCase 286/snp_SRR7890919-SRR7890919bowtie-SRR7890918-SRR7890918bowtie_somaticsniper.vcf.filtered.recode.vcf,329845,f9b9f476a0a1bab57834170154f7b5f58001b2e0c084e8488cfe966601323947
data/raw/snv/TestCase 286/snp_SRR7890919-SRR7890919bowtie-SRR7890918-SRR7890918bowtie_somaticsniper.vcf.filtered.recode.vcf.gz,44840,9bcab141d56c3bcc3ba6d47d85470541e8d6596b94b0014acedd7d3c0a042690
data/raw/snv/TestCase 287/snp_SRR7890851-SRR7890851bowtie-SRR7890850-SRR7890850bowtie_somaticsniper.vcf.filtered.recode.vcf,308364,8273a3e11928e1cff835aab69300d9faeb5655405272c0d3aabb7b29ecb6c4a4
data/raw/snv/TestCase 287/snp_SRR7890851-SRR7890851bowtie-SRR7890850-SRR7890850bowtie_somaticsniper.vcf.filtered.recode.vcf.gz,37880,5a7f284eeff8f90dec8dba8e34e2d9c8fcbaba566050545a7a581c7716d2d4a0
data/raw/snv/TestCase 288/snp_SRR7890845-SRR7890845bowtie-SRR7890844-SRR7890844bowtie_somaticsniper.vcf.filtered.recode.vcf,339131,38fbba224d8edd25049825deef02c9817fe68fb8b94c0fb7dea577766a3dc6c0
data/raw/snv/TestCase 288/snp_SRR7890845-SRR7890845bowtie-SRR7890844-SRR7890844bowtie_somaticsniper.vcf.filtered.recode.vcf.gz,46293,5ce26c34ab1956d3c9c376bc4586e053c1ac349dbef10b1d863d8358888c917b
data/raw/snv/TestCase 290/snp_SRR7890919_bwa2-SRR7890918_bwa2_mutect.vcf.secondbed.vcf.recode.vcf,1005019,2ad4f079fcd3a0a4771f7731afc1c968a074bef2124cc8b1c16901ca0836da68
data/raw/snv/TestCase 290/snp_SRR7890919_bwa2-SRR7890918_bwa2_mutect.vcf.secondbed.vcf.recode.vcf.gz,192840,71cf934ef66802214221fc3f7ed65407d8baf4761f21bfce87fe41f889fdac37
data/raw/snv/TestCase 296/snp_SRR7890919-SRR7890919bwa2-SRR7890918-SRR7890918bwa2_mutect.vcf.secondbed.vcf.recode.vcf,1076303,31a279fb41908989478b324baa0078a39c1e8f0d2cbdd8862570aabe3440c6ad
data/raw/snv/TestCase 296/snp_SRR7890919-SRR7890919bwa2-SRR7890918-SRR7890918bwa2_mutect.vcf.secondbed.vcf.recode.vcf.gz,208919,b0ad80bf06a4af63f0d4e12a3ebcf9a473dd18850679f106e4f7817d275a042f
data/raw/snv/TestCase 302/snp_SRR7890919_bwa2-SRR7890918_bwa2_mutect.vcf.secondbed.vcf.recode.vcf,1001549,567b7d2fe8af80b04477bd0c31a2e0dd2843244c41491834ca652b3d0c7711ed
data/raw/snv/TestCase 302/snp_SRR7890919_bwa2-SRR7890918_bwa2_mutect.vcf.secondbed.vcf.recode.vcf.gz,191453,7bc4c0127de14eadd49b85d36bdc94de9d1b4f2a16ef5b8d43a8a71295341213
data/raw/snv/TestCase 308/snp_SRR7890919-SRR7890919bwa2-SRR7890918-SRR7890918bwa2_mutect.vcf.secondbed.vcf.recode.vcf,1060394,9a98f468478cb4c9ce81f4e2843528c1af922486f0c6375102bdbe52188ad8b9
data/raw/snv/TestCase 308/snp_SRR7890919-SRR7890919bwa2-SRR7890918-SRR7890918bwa2_mutect.vcf.secondbed.vcf.recode.vcf.gz,205791,7900b52340fbb23a2cbe53b1ce43567bdd9b1b22139672fcf80afed30c1feb2a
data/raw/snv/TestCase 314/snp_SRR7890919_bowtie-SRR7890918_bowtie_mutect.vcf.secondbed.vcf.recode.vcf,846722,f76eb8d85c9e2136490d937d330aa1e4418df43949e9b5d165001d1a4a19c6ff
data/raw/snv/TestCase 314/snp_SRR7890919_bowtie-SRR7890918_bowtie_mutect.vcf.secondbed.vcf.recode.vcf.gz,153321,0d9f219e70b28e6b770e52bd762ebed849200f60df8e73250bff73286c83fd97
data/raw/snv/TestCase 32/snp_SRR7890919-SRR7890919bowtie-SRR7890918-SRR7890918bowtie_mutect.vcf.secondbed.vcf.recode.vcf,1060583,5a9c7daf1ef7e0a32e8c922f7d7ed90c7f98b5f0ddbe7ee884e72083d477fe6c
data/raw/snv/TestCase 32/snp_SRR7890919-SRR7890919bowtie-SRR7890918-SRR7890918bowtie_mutect.vcf.secondbed.vcf.recode.vcf.gz,201574,32ff6f212b4efe91a0d7ccc7cff20f37baf4f6b7abc3cd03a7a3ddd986ccebf5
data/raw/snv/TestCase 320/snp_SRR7890919-SRR7890919bowtie-SRR7890918-SRR7890918bowtie_mutect.vcf.secondbed.vcf.recode.vcf,1060584,5b8640a2796bab39f1300c16cc41703a39432af51fb0c533ab042b7b7aa3fc34
data/raw/snv/TestCase 320/snp_SRR7890919-SRR7890919bowtie-SRR7890918-SRR7890918bowtie_mutect.vcf.secondbed.vcf.recode.vcf.gz,201581,1c44c002dd739bd0211b94910658d1aed48a79f179a9e09e0dfe294bb9146376
data/raw/snv/TestCase 326/snp_SRR7890919_bowtie-SRR7890918_bowtie_mutect.vcf.secondbed.vcf.recode.vcf,867638,db68c5862243e7aede4893e77bca21b9644dadbcf81fdc2a91b0bef47b26dc9d
data/raw/snv/TestCase 326/snp_SRR7890919_bowtie-SRR7890918_bowtie_mutect.vcf.secondbed.vcf.recode.vcf.gz,158234,4b993e6d4f9ff43f2d51dcec7ac7f1f9b4baf64004ff383b19e0901bf6624023
data/raw/snv/TestCase 332/snp_SRR7890919-SRR7890919bowtie-SRR7890918-SRR7890918bowtie_mutect.vcf.secondbed.vcf.recode.vcf,952784,b7e77460f61ad50312aa501bb78f1ec447a96ec6e6832d63e42c60a8204b9e9d
data/raw/snv/TestCase 332/snp_SRR7890919-SRR7890919bowtie-SRR7890918-SRR7890918bowtie_mutect.vcf.secondbed.vcf.recode.vcf.gz,178913,30e1157dc000e49e1f2808691aa8519d88ae7c51ddfe00640f339ff6e7c5e9bd
data/raw/snv/TestCase 338/snp_SRR7890919_bwa2-SRR7890918_bwa2_strelka.vcf.secondbed.vcf.recode.vcf,15353773,a0bb2a82f75d9b512e3e7717df9f901171841edd2d18b0ecf9319b57d4d6ea2d
data/raw/snv/TestCase 338/snp_SRR7890919_bwa2-SRR7890918_bwa2_strelka.vcf.secondbed.vcf.recode.vcf.gz,2378382,68cb6459be16e342c642d16f054e8f6b4a4886a5c85d0e580eaae9c537a27fb5
data/raw/snv/TestCase 344/snp_SRR7890919-SRR7890919bwa2-SRR7890918-SRR7890918bwa2_strelka.vcf.secondbed.vcf.recode.vcf,19264627,e0b190213522c1d618adda51329ceaa5deefc39ffde18abc0203cfe4ed5131ca
data/raw/snv/TestCase 344/snp_SRR7890919-SRR7890919bwa2-SRR7890918-SRR7890918bwa2_strelka.vcf.secondbed.vcf.recode.vcf.gz,3029290,33eccc5dea1fd1f06c72a862d0f00ad729146a530335242a246f51e40145d41d
data/raw/snv/TestCase 350/snp_SRR7890919_bwa2-SRR7890918_bwa2_strelka.vcf.secondbed.vcf.recode.vcf,19299560,837b7e796cec14710ec9d1d280fe78021acf9e3e74360c5de7e1c1ae9c5a47cf
data/raw/snv/TestCase 350/snp_SRR7890919_bwa2-SRR7890918_bwa2_strelka.vcf.secondbed.vcf.recode.vcf.gz,2922625,3d1aa9763c036300dd6e647474fa0ad44f0d8cdc42c569cfd3f18c61ed0eeee9
data/raw/snv/TestCase 356/snp_SRR7890919-SRR7890919bwa2-SRR7890918-SRR7890918bwa2_strelka.vcf.secondbed.vcf.recode.vcf,14692762,c4208eded6bebb90bef0202b2a3aaf7e2ba06aa03db983609ca089bbfd7c5281
data/raw/snv/TestCase 356/snp_SRR7890919-SRR7890919bwa2-SRR7890918-SRR7890918bwa2_strelka.vcf.secondbed.vcf.recode.vcf.gz,2363915,ace39a16bd9c91eafbbbf6f92ad806577eef0ac31c4104cd25fc2aa42a2ca7c7
data/raw/snv/TestCase 362/snp_SRR7890919_bowtie-SRR7890918_bowtie_strelka.vcf.secondbed.vcf.recode.vcf,12184182,1b1f09e28ea28cd46b1eb6e0e55ca869c174f53c47e79b619cba04718653317e
data/raw/snv/TestCase 362/snp_SRR7890919_bowtie-SRR7890918_bowtie_strelka.vcf.secondbed.vcf.recode.vcf.gz,1984266,d46598926768187d5f606aacb76afc41894a4e93486d0feaac9ed98bfab7fb56
data/raw/snv/TestCase 368/snp_SRR7890919-SRR7890919bowtie-SRR7890918-SRR7890918bowtie_strelka.vcf.secondbed.vcf.recode.vcf,14439694,4519f5555a222bc05c309025937f12762ca1cb5f051e0dfd4373c6fb1d5081a2
data/raw/snv/TestCase 368/snp_SRR7890919-SRR7890919bowtie-SRR7890918-SRR7890918bowtie_strelka.vcf.secondbed.vcf.recode.vcf.gz,2589397,5048b112ccdfb7e267393285e3325e6ea2dbd1ee9139cdb3571a933ace18b97d
data/raw/snv/TestCase 374/snp_SRR7890919_bowtie-SRR7890918_bowtie_strelka.vcf.secondbed.vcf.recode.vcf,16123060,d96a5bff8f07306cdeb57e6f14d14f37a23bcb790da0e77172bdd9ec8122eba8
data/raw/snv/TestCase 374/snp_SRR7890919_bowtie-SRR7890918_bowtie_strelka.vcf.secondbed.vcf.recode.vcf.gz,2551694,8942899158a9f264ec9532899ee4db424ace658f2dc99cf60d4ed56acb19ba8f
data/raw/snv/TestCase 38/snp_SRR7890919_bowtie-SRR7890918_bowtie_mutect.vcf.secondbed.vcf.recode.vcf,867637,e23e0b44a210c0defae9c678db4cad71d96d2a3a35cfafbea4e186253fa8dd62
data/raw/snv/TestCase 38/snp_SRR7890919_bowtie-SRR7890918_bowtie_mutect.vcf.secondbed.vcf.recode.vcf.gz,158227,30439bea4eba88a38b684c585a887426b3037af77d3a172bba3032ccb6710e4a
data/raw/snv/TestCase 380/snp_SRR7890919-SRR7890919bowtie-SRR7890918-SRR7890918bowtie_strelka.vcf.secondbed.vcf.recode.vcf,11107748,94155b7c0b4f811c81aa0d3cf3a5b7e4d0e0cbe9dadd2ff72aee3027e1ae8f8d
data/raw/snv/TestCase 380/snp_SRR7890919-SRR7890919bowtie-SRR7890918-SRR7890918bowtie_strelka.vcf.secondbed.vcf.recode.vcf.gz,2021601,5db458d26d1cf67806213ffc65fbf612cf24e70e7ea38eeb4c4ea5e0aca55595
data/raw/snv/TestCase 386/snp_SRR7890919_bwa2-SRR7890918_bwa2_somaticsniper.vcf.filtered.recode.vcf,499303,cae860071b2b63fe8d168fc72b9541720f11e5bc217a5bcb7cf2f617070aea16
data/raw/snv/TestCase 386/snp_SRR7890919_bwa2-SRR7890918_bwa2_somaticsniper.vcf.filtered.recode.vcf.gz,76493,1b2c441001c5b37ef590ed935de4155af928e2440ff737e05709da346d36acff
data/raw/snv/TestCase 392/snp_SRR7890919-SRR7890919bwa2-SRR7890918-SRR7890918bwa2_somaticsniper.vcf.filtered.recode.vcf,498028,59d1827cc330483f7282a556dfc8c4870619a5298ac28cec7344d9230abb2060
data/raw/snv/TestCase 392/snp_SRR7890919-SRR7890919bwa2-SRR7890918-SRR7890918bwa2_somaticsniper.vcf.filtered.recode.vcf.gz,75043,48d011b165478689b1282dbde53f9669296b62beb933e047fb85e7dd31b14877
data/raw/snv/TestCase 398/snp_SRR7890919_bwa2-SRR7890918_bwa2_somaticsniper.vcf.filtered.recode.vcf,507954,5057bf24a59ceeea7de24217cdab83497c3a4e331776543bea5a118412aaedea
data/raw/snv/TestCase 398/snp_SRR7890919_bwa2-SRR7890918_bwa2_somaticsniper.vcf.filtered.recode.vcf.gz,76000,4ba1d063d4a3edd2c3c007a0f5b96a024c0cc78be5223bc67ebf9f3e90820134
data/raw/snv/TestCase 404/snp_SRR7890919-SRR7890919bwa2-SRR7890918-SRR7890918bwa2_somaticsniper.vcf.filtered.recode.vcf,485522,7346f59cb465b1e6ab1e3429ca5851cfad864078092933dcb8be6eeeb7dc2a09
data/raw/snv/TestCase 404/snp_SRR7890919-SRR7890919bwa2-SRR7890918-SRR7890918bwa2_somaticsniper.vcf.filtered.recode.vcf.gz,74479,271604d4329f91d0073fd13f1ca58c27916eae83ebe777615a0580299eecfffa
data/raw/snv/TestCase 410/snp_SRR7890919_bowtie-SRR7890918_bowtie_somaticsniper.vcf.filtered.recode.vcf,435665,d8fef997d2455f028db9c0f413b5ced54981534808cb16585d367887a668af2e
data/raw/snv/TestCase 410/snp_SRR7890919_bowtie-SRR7890918_bowtie_somaticsniper.vcf.filtered.recode.vcf.gz,63181,d89ca1a55662287e05bd9289c5d283933e66d3f9a847e45f7376b07645954e93
data/raw/snv/TestCase 416/snp_SRR7890919-SRR7890919bowtie-SRR7890918-SRR7890918bowtie_somaticsniper.vcf.filtered.recode.vcf,351360,ece9250d477411b4c75559d1d269503b6a42d7bff826321b7f9e24e67eb20a5d
data/raw/snv/TestCase 416/snp_SRR7890919-SRR7890919bowtie-SRR7890918-SRR7890918bowtie_somaticsniper.vcf.filtered.recode.vcf.gz,48028,977422a4f60453fc94c10e89598e0555c585dcbff40c48a56cf956cea66fc98c
data/raw/snv/TestCase 422/snp_SRR7890919_bowtie-SRR7890918_bowtie_somaticsniper.vcf.filtered.recode.vcf,470343,a21e609205da491a865039b8f4805278b02e3f076c4d14338d3ec8643cb538ce
data/raw/snv/TestCase 422/snp_SRR7890919_bowtie-SRR7890918_bowtie_somaticsniper.vcf.filtered.recode.vcf.gz,68578,f93fa16a213476962c7faf48ede752f66b59d314beaa049c14f9602218b8efaf
data/raw/snv/TestCase 428/snp_SRR7890919-SRR7890919bowtie-SRR7890918-SRR7890918bowtie_somaticsniper.vcf.filtered.recode.vcf,329843,46e5d0379b7b1b1828632725049db1dd31f87e8bbc282676d5fc6af97e4149e7
data/raw/snv/TestCase 428/snp_SRR7890919-SRR7890919bowtie-SRR7890918-SRR7890918bowtie_somaticsniper.vcf.filtered.recode.vcf.gz,44811,6ab369ea37ee9752f08e55dfac501d7f3a7c7a1fadced98f37a9a3ff3201e8c4
data/raw/snv/TestCase 435/snp_SRR7890851_bwa2-SRR7890850_bwa2_mutect.vcf.secondbed.vcf.recode.vcf,1091749,f80f1817da9379e789fe8b9e584112c5121f339aca397f454a8f95200d74118d
data/raw/snv/TestCase 435/snp_SRR7890851_bwa2-SRR7890850_bwa2_mutect.vcf.secondbed.vcf.recode.vcf.gz,187336,d350915ec17218e29f1fc1c6d2d772120b8fd610e13260b69d0b503856310020
data/raw/snv/TestCase 436/snp_SRR7890919_bwa2-SRR7890918_bwa2_mutect.vcf.secondbed.vcf.recode.vcf,1005031,880470d86d1a32337847498c80a99537d18514f4df9506fff8e71eaf0edec1e0
data/raw/snv/TestCase 436/snp_SRR7890919_bwa2-SRR7890918_bwa2_mutect.vcf.secondbed.vcf.recode.vcf.gz,192835,021b7a038fdf9c377efebc5af645bb2212f21cd1dbd827847a36355f4538fd1e
data/raw/snv/TestCase 437/snp_SRR7890851_bwa2-SRR7890850_bwa2_mutect.vcf.secondbed.vcf.recode.vcf,1091731,542c7a3f120b8c0e2802158fbfd2b50f2f9f6fceacd7bf409743277dbbf348f1
data/raw/snv/TestCase 437/snp_SRR7890851_bwa2-SRR7890850_bwa2_mutect.vcf.secondbed.vcf.recode.vcf.gz,187324,30e1a6cbcd301484b5847f21d9747b5603bcc2dcd995aa63f9b36418ee9c6bf3
data/raw/snv/TestCase 438/snp_SRR7890845_bwa2-SRR7890844_bwa2_mutect.vcf.secondbed.vcf.recode.vcf,1160720,31bb70434392ae2a3325b0611acac85b3fe12330da636cff65749c73e21f2cf6
data/raw/snv/TestCase 438/snp_SRR7890845_bwa2-SRR7890844_bwa2_mutect.vcf.secondbed.vcf.recode.vcf.gz,220857,da3bcce58b0e3ee74113d0a8c61a329170419a9c1bd02eff5ce0cac60179f89a
data/raw/snv/TestCase 44/snp_SRR7890919-SRR7890919bowtie-SRR7890918-SRR7890918bowtie_mutect.vcf.secondbed.vcf.recode.vcf,952783,15c260467c802f5fca9c2e01b0aa35d495e1bce260332979433a787be7143857
data/raw/snv/TestCase 44/snp_SRR7890919-SRR7890919bowtie-SRR7890918-SRR7890918bowtie_mutect.vcf.secondbed.vcf.recode.vcf.gz,178915,0c04cb4c71be92506e23a283274394c7dfb39154b47136ff404e73cb1b6e44df
data/raw/snv/TestCase 441/snp_SRR7890851-SRR7890851bwa2-SRR7890850-SRR7890850bwa2_mutect.vcf.secondbed.vcf.recode.vcf,1293114,436e0217f08f8c0e3ad1057c79f4e4166c7cec47ba3c822490f779edfd611ff0
data/raw/snv/TestCase 441/snp_SRR7890851-SRR7890851bwa2-SRR7890850-SRR7890850bwa2_mutect.vcf.secondbed.vcf.recode.vcf.gz,231129,36dea51dd4fecb8f595976ff5659c90c04b8749ef5e7be77b7e803f287999719
data/raw/snv/TestCase 442/snp_SRR7890919-SRR7890919bwa2-SRR7890918-SRR7890918bwa2_mutect.vcf.secondbed.vcf.recode.vcf,1076317,921646edba85825e18c293d9409ea0ea132891951117f695cc1eefe815420864
data/raw/snv/TestCase 442/snp_SRR7890919-SRR7890919bwa2-SRR7890918-SRR7890918bwa2_mutect.vcf.secondbed.vcf.recode.vcf.gz,208940,705bcb4b7a5ed4372d5caaac0c1d3f3b4a664a8c4f8ea3aa872b7c25abc851cd
data/raw/snv/TestCase 443/snp_SRR7890851-SRR7890851bwa2-SRR7890850-SRR7890850bwa2_mutect.vcf.secondbed.vcf.recode.vcf,1293094,127fc76b4df28a49751894e3ef185e752781aba24dfb780b674f3651af8fe0a1
data/raw/snv/TestCase 443/snp_SRR7890851-SRR7890851bwa2-SRR7890850-SRR7890850bwa2_mutect.vcf.secondbed.vcf.recode.vcf.gz,231123,36cb4acc7b7c27ac817fd4fb06899c9e2e5235a1a4e1cc8224ce83cacce842f0
data/raw/snv/TestCase 444/snp_SRR7890845-SRR7890845bwa2-SRR7890844-SRR7890844bwa2_mutect.vcf.secondbed.vcf.recode.vcf,1096080,5c7f561f96926223a43b88ee9f0cf0eeea02973bf106312d562f3647efe60286
data/raw/snv/TestCase 444/snp_SRR7890845-SRR7890845bwa2-SRR7890844-SRR7890844bwa2_mutect.vcf.secondbed.vcf.recode.vcf.gz,204438,419506a9065e510d4aa929139332eb981cd82b4ab1a080c21c8a626acae798fa
data/raw/snv/TestCase 447/snp_SRR7890851_bwa2-SRR7890850_bwa2_mutect.vcf.secondbed.vcf.recode.vcf,1242477,21d25f809aaa39766da63103245bcac523f1bb80d1de6e5ebcb1a6f172b4de24
data/raw/snv/TestCase 447/snp_SRR7890851_bwa2-SRR7890850_bwa2_mutect.vcf.secondbed.vcf.recode.vcf.gz,219736,7da75fc06bbfd89d0812cdc9a56fdefd6d103a308abcf0f7431eaa6f0eb6f361
data/raw/snv/TestCase 448/snp_SRR7890919_bwa2-SRR7890918_bwa2_mutect.vcf.secondbed.vcf.recode.vcf,1001561,ac240a731f3fef5076dd3c9ecfb45652f83949527b7ff86c3756ac1a79296722
data/raw/snv/TestCase 448/snp_SRR7890919_bwa2-SRR7890918_bwa2_mutect.vcf.secondbed.vcf.recode.vcf.gz,191458,596aa77b324d650840e34227ee4743f9aa096935a6d6e428ada37f1bb4100106
data/raw/snv/TestCase 449/snp_SRR7890851_bwa2-SRR7890850_bwa2_mutect.vcf.secondbed.vcf.recode.vcf,1242459,aa3209585ea487f764e098fe6a711dd362c4cc01fe5fd91fd13dc9bd1aa8e8b0
data/raw/snv/TestCase 449/snp_SRR7890851_bwa2-SRR7890850_bwa2_mutect.vcf.secondbed.vcf.recode.vcf.gz,219758,df5aad001b634d0831bf37dc0371a23eaf6ddd10866a2f54c37d74d3242b1edf
data/raw/snv/TestCase 450/snp_SRR7890845_bwa2-SRR7890844_bwa2_mutect.vcf.secondbed.vcf.recode.vcf,1097455,9b7e32311593a58fed9ea54d5e663d91493b1b38c2ab6606dd583c29f47862f1
data/raw/snv/TestCase 450/snp_SRR7890845_bwa2-SRR7890844_bwa2_mutect.vcf.secondbed.vcf.recode.vcf.gz,204015,87cf92f5ab14b47f406ea5a8d1e2fec2a4468ba0aebb9149ffe1fd9b276c4989
data/raw/snv/TestCase 453/snp_SRR7890851-SRR7890851bwa2-SRR7890850-SRR7890850bwa2_mutect.vcf.secondbed.vcf.recode.vcf,1112850,4c71169ef7be0efc06ec4ecea870e41423f2d1dd4e23ccb18d0e63a50aafa1fa
data/raw/snv/TestCase 453/snp_SRR7890851-SRR7890851bwa2-SRR7890850-SRR7890850bwa2_mutect.vcf.secondbed.vcf.recode.vcf.gz,192712,2ca213f6071a06e38f47c96668f65ce915c2631f5dd8b4ff7848c52249323bbe
data/raw/snv/TestCase 454/snp_SRR7890919-SRR7890919bwa2-SRR7890918-SRR7890918bwa2_mutect.vcf.secondbed.vcf.recode.vcf,1060404,6e48a9936856ed418ecb3533259eef1cbb54474af0ca27667a1e7d68f2e9483e
data/raw/snv/TestCase 454/snp_SRR7890919-SRR7890919bwa2-SRR7890918-SRR7890918bwa2_mutect.vcf.secondbed.vcf.recode.vcf.gz,205814,bea4319902922b593ff5b5e21979a21ce265c661971e16a12bd998f5647500ec
data/raw/snv/TestCase 455/snp_SRR7890851-SRR7890851bwa2-SRR7890850-SRR7890850bwa2_mutect.vcf.secondbed.vcf.recode.vcf,1112834,f5022043a195fb3c4a8fb4825d6878889d027407c2f4be223fa58d198dc908d8
data/raw/snv/TestCase 455/snp_SRR7890851-SRR7890851bwa2-SRR7890850-SRR7890850bwa2_mutect.vcf.secondbed.vcf.recode.vcf.gz,192633,86f3c65050c0e6cbf5e8bca599bbf2acbd19fdb04edc6512aff904fd5c5d7c3a
data/raw/snv/TestCase 456/snp_SRR7890845-SRR7890845bwa2-SRR7890844-SRR7890844bwa2_mutect.vcf.secondbed.vcf.recode.vcf,1105411,57294eac0cc8d3dd2b1a1e688bfd4d24e306711b29303572a02ede67422aa8b0
data/raw/snv/TestCase 456/snp_SRR7890845-SRR7890845bwa2-SRR7890844-SRR7890844bwa2_mutect.vcf.secondbed.vcf.recode.vcf.gz,209269,83c2104e998a40b6731b953b0347b0c08a29c3883a93cacd6794c4ecb185d2bc
data/raw/snv/TestCase 459/snp_SRR7890851_bowtie-SRR7890850_bowtie_mutect.vcf.secondbed.vcf.recode.vcf,1019873,05506fedc04b20dcdbf7d42fd0f860b4e85126dfa7d1100914cc48fc21c6c86f
data/raw/snv/TestCase 459/snp_SRR7890851_bowtie-SRR7890850_bowtie_mutect.vcf.secondbed.vcf.recode.vcf.gz,169996,3406846513bb6f1f2215263ad26e71ec8e7589df3ee9c361ebae639b0440c1c5
data/raw/snv/TestCase 460/snp_SRR7890919_bowtie-SRR7890918_bowtie_mutect.vcf.secondbed.vcf.recode.vcf,846734,7eb937c2388d7e59b6f43b49fec418bdc60e1a219cd1eebd92e07914dfed1190
data/raw/snv/TestCase 460/snp_SRR7890919_bowtie-SRR7890918_bowtie_mutect.vcf.secondbed.vcf.recode.vcf.gz,153323,466c1893888ba6a7de5ab3652280c98c540041048005551a4096b70d0e2d1a1d
data/raw/snv/TestCase 461/snp_SRR7890851_bowtie-SRR7890850_bowtie_mutect.vcf.secondbed.vcf.recode.vcf,1019855,d0cff56d3d79615d4f932c717848a8d066d3ead83224cabe42396fd2b43fa45a
data/raw/snv/TestCase 461/snp_SRR7890851_bowtie-SRR7890850_bowtie_mutect.vcf.secondbed.vcf.recode.vcf.gz,169974,a7bc1cd794beaf0253077517f213eb241273731615e8e0d126a21d1b9df35f42
data/raw/snv/TestCase 462/snp_SRR7890845_bowtie-SRR7890844_bowtie_mutect.vcf.secondbed.vcf.recode.vcf,1047048,e81c0877174eb6d4296522bd2363dedc008682b9c8fb4a00e5e0b3719e685e75
data/raw/snv/TestCase 462/snp_SRR7890845_bowtie-SRR7890844_bowtie_mutect.vcf.secondbed.vcf.recode.vcf.gz,195307,4007de22153a839117750587598a2fa1649bb1914657c2dcf5d5da38c03f1757
data/raw/snv/TestCase 465/snp_SRR7890851-SRR7890851bowtie-SRR7890850-SRR7890850bowtie_mutect.vcf.secondbed.vcf.recode.vcf,1548799,251b1522e0205c68292db8caa974bff0cb6812e294df819c00c3b22c4af9d085
data/raw/snv/TestCase 465/snp_SRR7890851-SRR7890851bowtie-SRR7890850-SRR7890850bowtie_mutect.vcf.secondbed.vcf.recode.vcf.gz,275171,9f5b3fc9a4cf5d3b5a3d8c332babf10768c3b8fc32ab3e2940514ea52d752ed5
data/raw/snv/TestCase 466/snp_SRR7890919-SRR7890919bowtie-SRR7890918-SRR7890918bowtie_mutect.vcf.secondbed.vcf.recode.vcf,1060596,6dd188bb31ccb1f78e7b76cab1cea9e74cd6182324bbe10d1e851363e69070cd
data/raw/snv/TestCase 466/snp_SRR7890919-SRR7890919bowtie-SRR7890918-SRR7890918bowtie_mutect.vcf.secondbed.vcf.recode.vcf.gz,201586,394352159c4405c1b2fd18d38c3e6fb527b5548186feea3c989afdb851f8bc88
data/raw/snv/TestCase 467/snp_SRR7890851-SRR7890851bowtie-SRR7890850-SRR7890850bowtie_mutect.vcf.secondbed.vcf.recode.vcf,1548781,23781d360afc61b092c306f2c9e8e6888c97c1b78c265a67fe23807dac5ba805
data/raw/snv/TestCase 467/snp_SRR7890851-SRR7890851bowtie-SRR7890850-SRR7890850bowtie_mutect.vcf.secondbed.vcf.recode.vcf.gz,275104,2caf79f818c1d1384508623d55dfc9aa8cf5e62681649df1679b8ad14290a8fc
data/raw/snv/TestCase 468/snp_SRR7890845-SRR7890845bowtie-SRR7890844-SRR7890844bowtie_mutect.vcf.secondbed.vcf.recode.vcf,1102913,f48e90dc4fd85da4a336f0e2b63583ae00566184f4ac9dd268da33274bad3f65
data/raw/snv/TestCase 468/snp_SRR7890845-SRR7890845bowtie-SRR7890844-SRR7890844bowtie_mutect.vcf.secondbed.vcf.recode.vcf.gz,203937,b36530bbe433ff8e9cf94bea25b573722c0b8076f4fd147707b22ee0b9654b6e
data/raw/snv/TestCase 471/snp_SRR7890851_bowtie-SRR7890850_bowtie_mutect.vcf.secondbed.vcf.recode.vcf,1194060,81e120ffefdc19313b67954705177a4ebdf71b1e1077aa03025d5e8fd8d189dc
data/raw/snv/TestCase 471/snp_SRR7890851_bowtie-SRR7890850_bowtie_mutect.vcf.secondbed.vcf.recode.vcf.gz,207237,d431968bc8889769f06d16c18201a246443c25cc76c687b7357a5b1437672ade
data/raw/snv/TestCase 472/snp_SRR7890919_bowtie-SRR7890918_bowtie_mutect.vcf.secondbed.vcf.recode.vcf,867650,91def49e9b41f6a048a1badcc9d26b5429c1218bcfc3106597aa13f83f793725
data/raw/snv/TestCase 472/snp_SRR7890919_bowtie-SRR7890918_bowtie_mutect.vcf.secondbed.vcf.recode.vcf.gz,158235,f900de90fc7fc60505e3ba12b4b5d240456d3dcb7bf232b2e9aad4f2856b67bf
data/raw/snv/TestCase 473/snp_SRR7890851_bowtie-SRR7890850_bowtie_mutect.vcf.secondbed.vcf.recode.vcf,1194042,ef880419c6eb39552b0b2ae2f6d7f6c4b6dffd7965a23f8f86c7223e7ef3b086
data/raw/snv/TestCase 473/snp_SRR7890851_bowtie-SRR7890850_bowtie_mutect.vcf.secondbed.vcf.recode.vcf.gz,207181,c68db86b5cb7303f1531503cd78466e113646a0f1c5945729889a0b7324e7ee6
data/raw/snv/TestCase 474/snp_SRR7890845_bowtie-SRR7890844_bowtie_mutect.vcf.secondbed.vcf.recode.vcf,995144,90a3d887ab461ebe91be839aa00fe9c53e61ac0866a862b9335d1620da33034c
data/raw/snv/TestCase 474/snp_SRR7890845_bowtie-SRR7890844_bowtie_mutect.vcf.secondbed.vcf.recode.vcf.gz,180425,0acac4a37a99db779484da6a7df239a5e2e27d05758d863d82a7714715674925
data/raw/snv/TestCase 477/snp_SRR7890851-SRR7890851bowtie-SRR7890850-SRR7890850bowtie_mutect.vcf.secondbed.vcf.recode.vcf,1213194,084bf287b0a4af4356e68ca7d64b3c8ace63495d7d6bdbee080cb1251cce366f
data/raw/snv/TestCase 477/snp_SRR7890851-SRR7890851bowtie-SRR7890850-SRR7890850bowtie_mutect.vcf.secondbed.vcf.recode.vcf.gz,208505,58268f24ccec7e646dce9abbf876e43ff6b2c109d002d77dea2ab70854147fc8
data/raw/snv/TestCase 478/snp_SRR7890919-SRR7890919bowtie-SRR7890918-SRR7890918bowtie_mutect.vcf.secondbed.vcf.recode.vcf,952796,93cbd0ffc80a367859d6a6a60d848d7dfeefc5ed3467176b49589fa4f3c8d272
data/raw/snv/TestCase 478/snp_SRR7890919-SRR7890919bowtie-SRR7890918-SRR7890918bowtie_mutect.vcf.secondbed.vcf.recode.vcf.gz,178931,a781c3d238132cf2af2369d8a69df350753ead21ce166ff7f83af8ea49e0a23e
data/raw/snv/TestCase 479/snp_SRR7890851-SRR7890851bowtie-SRR7890850-SRR7890850bowtie_mutect.vcf.secondbed.vcf.recode.vcf,1213178,46c0d80b8c148539432208039a15638404f40d9a45a70de03738efd34639f574
data/raw/snv/TestCase 479/snp_SRR7890851-SRR7890851bowtie-SRR7890850-SRR7890850bowtie_mutect.vcf.secondbed.vcf.recode.vcf.gz,208641,ad4323bd19f9ba6f90b95b9ec1b597924c598aa665b159df2bdb78381778d198
data/raw/snv/TestCase 480/snp_SRR7890845-SRR7890845bowtie-SRR7890844-SRR7890844bowtie_mutect.vcf.secondbed.vcf.recode.vcf,1050030,1c4e6e1ac6b7f11fe8545fca65d0782858c1c0d4dc0fba4d5e9c86ba1745bece
data/raw/snv/TestCase 480/snp_SRR7890845-SRR7890845bowtie-SRR7890844-SRR7890844bowtie_mutect.vcf.secondbed.vcf.recode.vcf.gz,195093,9f3114bd28e1313f2f62b18b5ebc0317877fed556f2281f50331aa1a8e28a38e
data/raw/snv/TestCase 483/snp_SRR7890851_bwa2-SRR7890850_bwa2_strelka.vcf.secondbed.vcf.recode.vcf,19804763,0ab1672606516007d33ef422e0c13ae8c7ed5721a02c6891e328cfddf54654b2
data/raw/snv/TestCase 483/snp_SRR7890851_bwa2-SRR7890850_bwa2_strelka.vcf.secondbed.vcf.recode.vcf.gz,2874145,15b6d6824f63328942a370ecc583ba049469ecebd6722802209eaa2733250f46
data/raw/snv/TestCase 484/snp_SRR7890919_bwa2-SRR7890918_bwa2_strelka.vcf.secondbed.vcf.recode.vcf,15353787,14f72951f8f19f8ce98de7bc2ac2b6d18df7b1a7ecc5d2a603f568c57a2f40f4
data/raw/snv/TestCase 484/snp_SRR7890919_bwa2-SRR7890918_bwa2_strelka.vcf.secondbed.vcf.recode.vcf.gz,2378389,d8f3f18504357f4c8bdfe679d129bf9d9db27c2cac01ad6f8505d845630f05cc
data/raw/snv/TestCase 485/snp_SRR7890851_bwa2-SRR7890850_bwa2_strelka.vcf.secondbed.vcf.recode.vcf,19804764,9dfbe332432ab6756ccb63ce39ae430d41873fd905ad588bcf3a5e2d8005cacd
data/raw/snv/TestCase 485/snp_SRR7890851_bwa2-SRR7890850_bwa2_strelka.vcf.secondbed.vcf.recode.vcf.gz,2874268,5e8a24b629d091feb7c4aedb24d4d8ef7bfca7c43549a1b91bb2aad4b1186fcb
data/raw/snv/TestCase 486/snp_SRR7890845_bwa2-SRR7890844_bwa2_strelka.vcf.secondbed.vcf.recode.vcf,18393858,1d3852db6359723f19626f72d0c45ea0cd97c320d3e708098a1add5564fd2247
data/raw/snv/TestCase 486/snp_SRR7890845_bwa2-SRR7890844_bwa2_strelka.vcf.secondbed.vcf.recode.vcf.gz,2711020,f793f3430a40f974b76093bd4515217094c4d5200869c8ff46d8602e1205d46c
data/raw/snv/TestCase 489/snp_SRR7890851-SRR7890851bwa2-SRR7890850-SRR7890850bwa2_strelka.vcf.secondbed.vcf.recode.vcf,24314065,bec3b355285498e9371d7aad253e5cdac05a83720b565b590cf2c97ca293b255
data/raw/snv/TestCase 489/snp_SRR7890851-SRR7890851bwa2-SRR7890850-SRR7890850bwa2_strelka.vcf.secondbed.vcf.recode.vcf.gz,3611995,b8d5c7b4964fe724e63b5adaaa85ecccf5e7b527cc99c94cc8495dc9f2536add
data/raw/snv/TestCase 490/snp_SRR7890919-SRR7890919bwa2-SRR7890918-SRR7890918bwa2_strelka.vcf.secondbed.vcf.recode.vcf,19264647,dd249c3fd67d93a3929c1cbc8db0f78018e27f34fb2e124da8b9fc75517920dc
data/raw/snv/TestCase 490/snp_SRR7890919-SRR7890919bwa2-SRR7890918-SRR7890918bwa2_strelka.vcf.secondbed.vcf.recode.vcf.gz,3029299,63a3cbe7e78ff16b9c06d9a02230518cf60cf434c3818b9cbe14a4efd3f4db8b
data/raw/snv/TestCase 491/snp_SRR7890851-SRR7890851bwa2-SRR7890850-SRR7890850bwa2_strelka.vcf.secondbed.vcf.recode.vcf,24314059,87f3adc3d7c9b00bc2204bf4cf58b3c4d63bd43e3195421d6e27642a420bf39d
data/raw/snv/TestCase 491/snp_SRR7890851-SRR7890851bwa2-SRR7890850-SRR7890850bwa2_strelka.vcf.secondbed.vcf.recode.vcf.gz,3612246,4b167134863e0a166da7fca3cf4b78ed819a35d0df5398cdfef361826d8edd9c
data/raw/snv/TestCase 492/snp_SRR7890845-SRR7890845bwa2-SRR7890844-SRR7890844bwa2_strelka.vcf.secondbed.vcf.recode.vcf,22471188,3b568b55237258751303067d915ab808972a11514181dd13e0a80b5e8a4ce377
data/raw/snv/TestCase 492/snp_SRR7890845-SRR7890845bwa2-SRR7890844-SRR7890844bwa2_strelka.vcf.secondbed.vcf.recode.vcf.gz,3324866,2a22b65094322f205abc5380d4af5b36983c4b7198b71ad6ca8300f8201356f9
data/raw/snv/TestCase 495/snp_SRR7890851_bwa2-SRR7890850_bwa2_strelka.vcf.secondbed.vcf.recode.vcf,25092311,ba60eb42e7cf9c3b3f2d5486411cc581f5f4e41dfb981a3e35fb076ee432f548
data/raw/snv/TestCase 495/snp_SRR7890851_bwa2-SRR7890850_bwa2_strelka.vcf.secondbed.vcf.recode.vcf.gz,3682221,1f2bd9bf98108fa37d3e5e55621b357e092a0550db2d2bd93e4ed9ba8e964dd5
data/raw/snv/TestCase 496/snp_SRR7890919_bwa2-SRR7890918_bwa2_strelka.vcf.secondbed.vcf.recode.vcf,19299580,652a85879b422d0cf174541a1aa81d5925be51d3beca99aba754115504f09a65
data/raw/snv/TestCase 496/snp_SRR7890919_bwa2-SRR7890918_bwa2_strelka.vcf.secondbed.vcf.recode.vcf.gz,2922758,5d71acfb0d3050c6009f12068d71cfc01f8d72942d281a84ecb7f3a8e9718096
data/raw/snv/TestCase 497/snp_SRR7890851_bwa2-SRR7890850_bwa2_strelka.vcf.secondbed.vcf.recode.vcf,25092305,23f359e62ab156d9ecd9fefd9f80787597493177ee802f4e49d495bdceff3227
data/raw/snv/TestCase 497/snp_SRR7890851_bwa2-SRR7890850_bwa2_strelka.vcf.secondbed.vcf.recode.vcf.gz,3682491,bd2253bdbe0173b095bc5bcf11459c55b04ebdf2f03a5339d08919db8caea7e5
data/raw/snv/TestCase 498/snp_SRR7890845_bwa2-SRR7890844_bwa2_strelka.vcf.secondbed.vcf.recode.vcf,22307150,0e433a8f3bbdacc47c1c099e256db80c869b4ff3d1be289307852320b3fb4982
data/raw/snv/TestCase 498/snp_SRR7890845_bwa2-SRR7890844_bwa2_strelka.vcf.secondbed.vcf.recode.vcf.gz,3229344,5c7203e3431308cbf1d9be81f27f985e635e7466643407a17e5661eee2142f94
data/raw/snv/TestCase 50/snp_SRR7890919_bwa2-SRR7890918_bwa2_strelka.vcf.secondbed.vcf.recode.vcf,15353537,3ba3bdbe353b14da7066ce3def8af349c2c802881a66fcdbe4a4912eb2aaab5d
data/raw/snv/TestCase 50/snp_SRR7890919_bwa2-SRR7890918_bwa2_strelka.vcf.secondbed.vcf.recode.vcf.gz,2378378,e0daf940494194928f9f6785c2d2f721ff21fd1bcb200347701f21347004077e
data/raw/snv/TestCase 501/snp_SRR7890851-SRR7890851bwa2-SRR7890850-SRR7890850bwa2_strelka.vcf.secondbed.vcf.recode.vcf,19775927,243e4ff4b63eaae0af444501be712877d98ab440f228a15496542a9d234a0919
data/raw/snv/TestCase 501/snp_SRR7890851-SRR7890851bwa2-SRR7890850-SRR7890850bwa2_strelka.vcf.secondbed.vcf.recode.vcf.gz,2905796,f294950651adc89db033b7a682898c7c2c7d8b97b3f4ac3dfd067d9fe34f7fc1
data/raw/snv/TestCase 502/snp_SRR7890919-SRR7890919bwa2-SRR7890918-SRR7890918bwa2_strelka.vcf.secondbed.vcf.recode.vcf,14692782,8a7a86038090dafcf40969b9b8459c4ebe85e799f1a472525ef2fe76edcd1633
data/raw/snv/TestCase 502/snp_SRR7890919-SRR7890919bwa2-SRR7890918-SRR7890918bwa2_strelka.vcf.secondbed.vcf.recode.vcf.gz,2363982,59dc163af9b18d910cecd4504bd7fc531a0ccb2e6bea9855cee36bef5c1e11ed
data/raw/snv/TestCase 503/snp_SRR7890851-SRR7890851bwa2-SRR7890850-SRR7890850bwa2_strelka.vcf.secondbed.vcf.recode.vcf,19775921,cca16e094c1d0a957619d4d92511ae7351c10fb9403992e8db474d6cdb9b8454
data/raw/snv/TestCase 503/snp_SRR7890851-SRR7890851bwa2-SRR7890850-SRR7890850bwa2_strelka.vcf.secondbed.vcf.recode.vcf.gz,2905812,877abc2ba06a08f98ae282c32f3d9df417e604035fe8186ea4846e0a25e5ef53
data/raw/snv/TestCase 504/snp_SRR7890845-SRR7890845bwa2-SRR7890844-SRR7890844bwa2_strelka.vcf.secondbed.vcf.recode.vcf,18433173,82761038780fc095a1c7f00219939c563d197b5c1ef1a0a01bb30fcf4522d23e
data/raw/snv/TestCase 504/snp_SRR7890845-SRR7890845bwa2-SRR7890844-SRR7890844bwa2_strelka.vcf.secondbed.vcf.recode.vcf.gz,2772763,dd61bfab487d0fa7250aef04c64c4a2cde5945c97967c40305fdc22b958039d0
data/raw/snv/TestCase 507/snp_SRR7890851_bowtie-SRR7890850_bowtie_strelka.vcf.secondbed.vcf.recode.vcf,15607924,8dd3dc7bd0962aa0f642015947288f1de918b8ad61b5b99e29536a81067fe3c5
data/raw/snv/TestCase 507/snp_SRR7890851_bowtie-SRR7890850_bowtie_strelka.vcf.secondbed.vcf.recode.vcf.gz,2311711,dec4b58aacfc759964d622d003fd4ed2f9ec7fb4dca234a2bb971a277d0f3a22
data/raw/snv/TestCase 508/snp_SRR7890919_bowtie-SRR7890918_bowtie_strelka.vcf.secondbed.vcf.recode.vcf,12184202,b1223b639609d586366daf433c80283d1ae780bbc3b1b0ca1f7a6f94ce68dd3c
data/raw/snv/TestCase 508/snp_SRR7890919_bowtie-SRR7890918_bowtie_strelka.vcf.secondbed.vcf.recode.vcf.gz,1984225,2f0636aa4b4a9b4b3915062264036ce27e840663aedcdc6242ae89101f757c2a
data/raw/snv/TestCase 509/snp_SRR7890851_bowtie-SRR7890850_bowtie_strelka.vcf.secondbed.vcf.recode.vcf,15607920,8aff95f1ce93e72faba9847fee365cfde4218dab5d85e9c86ebcbfc8f7169c9a
data/raw/snv/TestCase 509/snp_SRR7890851_bowtie-SRR7890850_bowtie_strelka.vcf.secondbed.vcf.recode.vcf.gz,2311918,463dc19a6d6e5798f5f8c4b14c381bc5f7668030446a232607ead065c03c26f1
data/raw/snv/TestCase 510/snp_SRR7890845_bowtie-SRR7890844_bowtie_strelka.vcf.secondbed.vcf.recode.vcf,15117630,0956b22747aa7961be8590d456ab92ba9086118f96854dcfe2a83ec4afdf9155
data/raw/snv/TestCase 510/snp_SRR7890845_bowtie-SRR7890844_bowtie_strelka.vcf.secondbed.vcf.recode.vcf.gz,2291052,69625c9495dbff52ad19e24700ff4ce2052830f290f6ea2ad0ff71d902dce0c7
data/raw/snv/TestCase 513/snp_SRR7890851-SRR7890851bowtie-SRR7890850-SRR7890850bowtie_strelka.vcf.secondbed.vcf.recode.vcf,15062013,ce06d0c916f81d2725d9c3624040e18eb5842c16d87da5b2a97d57620fdaefc9
data/raw/snv/TestCase 513/snp_SRR7890851-SRR7890851bowtie-SRR7890850-SRR7890850bowtie_strelka.vcf.secondbed.vcf.recode.vcf.gz,2529760,1f8e66c24739441ee8122e7525a206f8a650e4dee23f5eaf2ae2af5542d7d7ee
data/raw/snv/TestCase 514/snp_SRR7890919-SRR7890919bowtie-SRR7890918-SRR7890918bowtie_strelka.vcf.secondbed.vcf.recode.vcf,14439714,1063a85425b38ba7f339c83ee87cfd0e190754ed59826bcd660c9545e5170147
data/raw/snv/TestCase 514/snp_SRR7890919-SRR7890919bowtie-SRR7890918-SRR7890918bowtie_strelka.vcf.secondbed.vcf.recode.vcf.gz,2589378,6c4db4bd3621eddaf4c343dcef3a4d5571b74d14319f304f8107bebce0983ccd
data/raw/snv/TestCase 515/snp_SRR7890851-SRR7890851bowtie-SRR7890850-SRR7890850bowtie_strelka.vcf.secondbed.vcf.recode.vcf,15062485,718ec0425a1cf4768c3f8bffdf425cbe3fa75964f74c9a885f9f67dafd8f11a9
data/raw/snv/TestCase 515/snp_SRR7890851-SRR7890851bowtie-SRR7890850-SRR7890850bowtie_strelka.vcf.secondbed.vcf.recode.vcf.gz,2529811,585c2b88163a3d12b04e0f76c5b679abdc80276a8ca1af10cde5a9b02ef51a3a
data/raw/snv/TestCase 516/snp_SRR7890845-SRR7890845bowtie-SRR7890844-SRR7890844bowtie_strelka.vcf.secondbed.vcf.recode.vcf,17233603,28bdca2fdeef925c449c70bfdf376951e31dfc6eedfffa2f334d063b55595922
data/raw/snv/TestCase 516/snp_SRR7890845-SRR7890845bowtie-SRR7890844-SRR7890844bowtie_strelka.vcf.secondbed.vcf.recode.vcf.gz,2900100,98861d0b818320a59617c4acc107f4bc7b897c7f66850388806e0f686d4db51d
data/raw/snv/TestCase 519/snp_SRR7890851_bowtie-SRR7890850_bowtie_strelka.vcf.secondbed.vcf.recode.vcf,21565859,3022e14f5991a7704dc5a87079ac47df1ea437b4a2d9c7a1bd965c1067fa2a2b
data/raw/snv/TestCase 519/snp_SRR7890851_bowtie-SRR7890850_bowtie_strelka.vcf.secondbed.vcf.recode.vcf.gz,3205138,3d48947f0e38444cd6ec24fc71bba22bde3ca01e2cf0b985e374ce5bb7469c7b
data/raw/snv/TestCase 520/snp_SRR7890919_bowtie-SRR7890918_bowtie_strelka.vcf.secondbed.vcf.recode.vcf,16123080,71ba389ee155af75b1162ad2289d142569d331d69d0e2fc3ca0750b09a272269
data/raw/snv/TestCase 520/snp_SRR7890919_bowtie-SRR7890918_bowtie_strelka.vcf.secondbed.vcf.recode.vcf.gz,2551357,cb68afddfdc8051ce5aa28383ca8d2ca0dd3b6049cecfc1954647c547b00c676
data/raw/snv/TestCase 521/snp_SRR7890851_bowtie-SRR7890850_bowtie_strelka.vcf.secondbed.vcf.recode.vcf,21565626,9ea1562efd26343fe28b4e1c2c60c0a67de7c3b2c25bda1b50207dbfb08338d1
data/raw/snv/TestCase 521/snp_SRR7890851_bowtie-SRR7890850_bowtie_strelka.vcf.secondbed.vcf.recode.vcf.gz,3205358,2b4a852ed01a1eb335079fbd8352fe529499f691f9e90af289a70549ad8c38d3
data/raw/snv/TestCase 522/snp_SRR7890845_bowtie-SRR7890844_bowtie_strelka.vcf.secondbed.vcf.recode.vcf,19517393,642378d62f2cd431f03ffc14f92659782a4c64f334d1d91b7b9b16952eea62bd
data/raw/snv/TestCase 522/snp_SRR7890845_bowtie-SRR7890844_bowtie_strelka.vcf.secondbed.vcf.recode.vcf.gz,2887359,db678ff6233b630d997793bdef77c20c9020a5af0cf9e35e819446036e3bc496
data/raw/snv/TestCase 525/snp_SRR7890851-SRR7890851bowtie-SRR7890850-SRR7890850bowtie_strelka.vcf.secondbed.vcf.recode.vcf,10422194,5ffaf3aa05e93bf2a0d041d6e8c4d05269705ee1b5c6b8316cb8bcdbb3fde694
data/raw/snv/TestCase 525/snp_SRR7890851-SRR7890851bowtie-SRR7890850-SRR7890850bowtie_strelka.vcf.secondbed.vcf.recode.vcf.gz,1746791,42e7e069f75c294a541dc3c4296d538deb1d9aacd0b88128fc737f944fb5cd5f
data/raw/snv/TestCase 526/snp_SRR7890919-SRR7890919bowtie-SRR7890918-SRR7890918bowtie_strelka.vcf.secondbed.vcf.recode.vcf,11107768,45313384a0c2040cd264193b2f64ea5405881dec90ae488582550669695f58cd
data/raw/snv/TestCase 526/snp_SRR7890919-SRR7890919bowtie-SRR7890918-SRR7890918bowtie_strelka.vcf.secondbed.vcf.recode.vcf.gz,2021673,b4c73557ebd68a6181ce7ce648947912b8926364a511ade8b753442e23d67c77
data/raw/snv/TestCase 527/snp_SRR7890851-SRR7890851bowtie-SRR7890850-SRR7890850bowtie_strelka.vcf.secondbed.vcf.recode.vcf,10421952,a0b6662e4e32a0e827cb5ad1a80cf0a51dc5fd42e481fd660d96c1eb875ae65c
data/raw/snv/TestCase 527/snp_SRR7890851-SRR7890851bowtie-SRR7890850-SRR7890850bowtie_strelka.vcf.secondbed.vcf.recode.vcf.gz,1746797,b8a840f5696beb062326bc55e73b2b79364d001a921a1adafb19636899d92f93
data/raw/snv/TestCase 528/snp_SRR7890845-SRR7890845bowtie-SRR7890844-SRR7890844bowtie_strelka.vcf.secondbed.vcf.recode.vcf,12828728,079061284145780bcbb6051fa2c0b0edd6b0da2831ab2e7a75ac182ff9327732
data/raw/snv/TestCase 528/snp_SRR7890845-SRR7890845bowtie-SRR7890844-SRR7890844bowtie_strelka.vcf.secondbed.vcf.recode.vcf.gz,2194300,2cab155bf49b73b923d34e865f25d57eaf1fb073f234b3ce100c320ad41d23f8
data/raw/snv/TestCase 531/snp_SRR7890851_bwa2-SRR7890850_bwa2_somaticsniper.vcf.filtered.recode.vcf,610459,8430ed546713c2ebd948c8a4c53931dce75ac07c1515a29b716f4ac433ca4d47
data/raw/snv/TestCase 531/snp_SRR7890851_bwa2-SRR7890850_bwa2_somaticsniper.vcf.filtered.recode.vcf.gz,92186,f703966f3d4bf339e69d89bb9b51a413ea60045a0d62f556b159a590fde15899
data/raw/snv/TestCase 532/snp_SRR7890919_bwa2-SRR7890918_bwa2_somaticsniper.vcf.filtered.recode.vcf,499307,db7a1dc3c9e959a1baf72b2808daf62b8a7b246242dd7364cf191048c8f185d0
data/raw/snv/TestCase 532/snp_SRR7890919_bwa2-SRR7890918_bwa2_somaticsniper.vcf.filtered.recode.vcf.gz,76506,fe6c1a58836311185b23756bae459e1ff67291b647ce2a54e194e7bcad956d2d
data/raw/snv/TestCase 533/snp_SRR7890851_bwa2-SRR7890850_bwa2_somaticsniper.vcf.filtered.recode.vcf,610457,199b4a97400d3702aeabcdf58835ff11914e3f9e5f4f248623e4168f331480fd
data/raw/snv/TestCase 533/snp_SRR7890851_bwa2-SRR7890850_bwa2_somaticsniper.vcf.filtered.recode.vcf.gz,92175,4dff119451db5a00b77e5c996afbd222dd4436d0cad9d887f8df180668d0b63a
data/raw/snv/TestCase 534/snp_SRR7890845_bwa2-SRR7890844_bwa2_somaticsniper.vcf.filtered.recode.vcf,487223,7394650b541cbee9489f3a0c7e39473da547138baf78dfc5759f8add3fc97a5b
data/raw/snv/TestCase 534/snp_SRR7890845_bwa2-SRR7890844_bwa2_somaticsniper.vcf.filtered.recode.vcf.gz,73161,e77762512fdb88293d5fceb65468c28b50c99ecf891287132e3e9b74f8cdbbd6
data/raw/snv/TestCase 537/snp_SRR7890851-SRR7890851bwa2-SRR7890850-SRR7890850bwa2_somaticsniper.vcf.filtered.recode.vcf,685011,a642f409467c2ed0cb3df4a8a7b9205f266cfb7bac627064254aff7292b474fc
data/raw/snv/TestCase 537/snp_SRR7890851-SRR7890851bwa2-SRR7890850-SRR7890850bwa2_somaticsniper.vcf.filtered.recode.vcf.gz,102527,528b279e4bc26bb528ad47cc1ec10ce848cb0bceb8d29a519f39e6c0ac006623
data/raw/snv/TestCase 538/snp_SRR7890919-SRR7890919bwa2-SRR7890918-SRR7890918bwa2_somaticsniper.vcf.filtered.recode.vcf,498032,9fce97130bdfc51d307b2eeb62782871776ea99427cde129ad03721d8710fc46
data/raw/snv/TestCase 538/snp_SRR7890919-SRR7890919bwa2-SRR7890918-SRR7890918bwa2_somaticsniper.vcf.filtered.recode.vcf.gz,75048,f76670567ac6a30daa2960bde92ab53a924d0a02fa35a61cdb94f7565700daf8
data/raw/snv/TestCase 539/snp_SRR7890851-SRR7890851bwa2-SRR7890850-SRR7890850bwa2_somaticsniper.vcf.filtered.recode.vcf,685009,7cface312848f71eb6d5004cbc10afd396bc88bd1a754da0ca33e006cdc56715
data/raw/snv/TestCase 539/snp_SRR7890851-SRR7890851bwa2-SRR7890850-SRR7890850bwa2_somaticsniper.vcf.filtered.recode.vcf.gz,102527,a40baabba9406d0fa2b50ca270742c496c1dc3a6fbe634e46bb4cb33da3c7e29
data/raw/snv/TestCase 540/snp_SRR7890845-SRR7890845bwa2-SRR7890844-SRR7890844bwa2_somaticsniper.vcf.filtered.recode.vcf,490516,929b13b6a967e83cd0f5c337790467487ce73d85cbfb078266e3ef4d76546027
data/raw/snv/TestCase 540/snp_SRR7890845-SRR7890845bwa2-SRR7890844-SRR7890844bwa2_somaticsniper.vcf.filtered.recode.vcf.gz,73123,3a0514aeb11232fb3d5107bab80c217a15400596709e241d2c9f9354795d0e6a
data/raw/snv/TestCase 543/snp_SRR7890851_bwa2-SRR7890850_bwa2_somaticsniper.vcf.filtered.recode.vcf,703095,c2839f28c96782b0449c1bd9684dc7c81bf8f4e11badeff9d49f8cdba011d1ba
data/raw/snv/TestCase 543/snp_SRR7890851_bwa2-SRR7890850_bwa2_somaticsniper.vcf.filtered.recode.vcf.gz,104406,e5601a51439cf75b6c4f999eeae8ba51f57c1306e0cbe5474a54818732b87f36
data/raw/snv/TestCase 544/snp_SRR7890919_bwa2-SRR7890918_bwa2_somaticsniper.vcf.filtered.recode.vcf,507958,d8e23fea6b0c4a39d517c81d3b07009c1ebc1852c1bf04e5ab439d8df211bc07
data/raw/snv/TestCase 544/snp_SRR7890919_bwa2-SRR7890918_bwa2_somaticsniper.vcf.filtered.recode.vcf.gz,76007,92604dd389c68b5d9eb1e14e9408ea0e0d95bfefb233aca59c0d74e7b732d4a1
data/raw/snv/TestCase 545/snp_SRR7890851_bwa2-SRR7890850_bwa2_somaticsniper.vcf.filtered.recode.vcf,703093,3f8280ee06ae8d4309c2dd424f53a2f03ef2844a36145a99f7f0424041bb4ad4
data/raw/snv/TestCase 545/snp_SRR7890851_bwa2-SRR7890850_bwa2_somaticsniper.vcf.filtered.recode.vcf.gz,104397,6650199a3fa11cde61a502bd2d3c91d3654f3b45dde22744fe8381e24dde3511
data/raw/snv/TestCase 546/snp_SRR7890845_bwa2-SRR7890844_bwa2_somaticsniper.vcf.filtered.recode.vcf,498561,30319090ade1e0edd27e757efab26116ad67c24365e88b8616652938b8eaf1bd
data/raw/snv/TestCase 546/snp_SRR7890845_bwa2-SRR7890844_bwa2_somaticsniper.vcf.filtered.recode.vcf.gz,73954,a89ab20f377f732dabd67bd3d0439cda9a8511d578bba22ba40c167af5393ff0
data/raw/snv/TestCase 549/snp_SRR7890851-SRR7890851bwa2-SRR7890850-SRR7890850bwa2_somaticsniper.vcf.filtered.recode.vcf,602288,47f6d4f190a02018fa8ef053b24840c6085f52a28de0e551411d4ca5f3efd6da
data/raw/snv/TestCase 549/snp_SRR7890851-SRR7890851bwa2-SRR7890850-SRR7890850bwa2_somaticsniper.vcf.filtered.recode.vcf.gz,91231,24f61c2bcfb6b58a0277148f9de821697f2942175ece2e98178905eea2e37373
data/raw/snv/TestCase 550/snp_SRR7890919-SRR7890919bwa2-SRR7890918-SRR7890918bwa2_somaticsniper.vcf.filtered.recode.vcf,485526,529176440dfa4dc765e07e25b47f777eaf0ebc310523c26f6004cba8fdccbf2d
data/raw/snv/TestCase 550/snp_SRR7890919-SRR7890919bwa2-SRR7890918-SRR7890918bwa2_somaticsniper.vcf.filtered.recode.vcf.gz,74529,272d4262b7f7837047eb068c8983bb54c30ede3368632908a79c0c3b6afcb660
data/raw/snv/TestCase 551/snp_SRR7890851-SRR7890851bwa2-SRR7890850-SRR7890850bwa2_somaticsniper.vcf.filtered.recode.vcf,602286,c90575453df1168c5b534f6ee5a350b2aa5ab3f46dbd69688d29cdbb0f666151
data/raw/snv/TestCase 551/snp_SRR7890851-SRR7890851bwa2-SRR7890850-SRR7890850bwa2_somaticsniper.vcf.filtered.recode.vcf.gz,91228,92eb45f55b06ebc22e2c176806b129cd52d5b1c46ba155717bddf0587aa4bc82
data/raw/snv/TestCase 552/snp_SRR7890845-SRR7890845bwa2-SRR7890844-SRR7890844bwa2_somaticsniper.vcf.filtered.recode.vcf,479859,66d1ddc3e0fc51047d2af8c7b2cfa61906128841de3a0fe25fb21f0bcda4be9c
data/raw/snv/TestCase 552/snp_SRR7890845-SRR7890845bwa2-SRR7890844-SRR7890844bwa2_somaticsniper.vcf.filtered.recode.vcf.gz,72492,a8662e04d4c4e874b1bb24f1e77508c4cac538fb4dba7eabfca48d95757f513e
data/raw/snv/TestCase 555/snp_SRR7890851_bowtie-SRR7890850_bowtie_somaticsniper.vcf.filtered.recode.vcf,526951,4642759ffe4d048585d5af8885493da5cb2bbbf9663e7f6cd757b62042a386d3
data/raw/snv/TestCase 555/snp_SRR7890851_bowtie-SRR7890850_bowtie_somaticsniper.vcf.filtered.recode.vcf.gz,76832,8e670da1917a1c34ee7a7c172dd04788ac4594832b1d2439de52aeaf657af491
data/raw/snv/TestCase 556/snp_SRR7890919_bowtie-SRR7890918_bowtie_somaticsniper.vcf.filtered.recode.vcf,435669,4e840093b0e9ece895051fd3a482f004710705a9bb3b6432ee5a84b352623893
data/raw/snv/TestCase 556/snp_SRR7890919_bowtie-SRR7890918_bowtie_somaticsniper.vcf.filtered.recode.vcf.gz,63194,6147ede4d1ffcea5f35c90fc70dab319ce000a21892faaba1a4883ced38a13e1
data/raw/snv/TestCase 557/snp_SRR7890851_bowtie-SRR7890850_bowtie_somaticsniper.vcf.filtered.recode.vcf,526949,8146403ea5b5b0a0e579bcc64f473b6ecca5b9606cf0c60efca676ef9cc00aa5
data/raw/snv/TestCase 557/snp_SRR7890851_bowtie-SRR7890850_bowtie_somaticsniper.vcf.filtered.recode.vcf.gz,76830,a19f9262e80414b5a19ed96e9a319e77d53182bf4bcc89475a874baee7a8a99f
data/raw/snv/TestCase 558/snp_SRR7890845_bowtie-SRR7890844_bowtie_somaticsniper.vcf.filtered.recode.vcf,440044,088df54cccdc58219eed6ebc2235af184f26035687b0ff510dd528c421b2b94b
data/raw/snv/TestCase 558/snp_SRR7890845_bowtie-SRR7890844_bowtie_somaticsniper.vcf.filtered.recode.vcf.gz,63361,9a2c7cc534dfed48df13958c1d0ea17caa7a468515ac16dcf2dc0774bd663b52
data/raw/snv/TestCase 56/snp_SRR7890919-SRR7890919bwa2-SRR7890918-SRR7890918bwa2_strelka.vcf.secondbed.vcf.recode.vcf,19264622,dd817ffc3f021a38336c435b257902d11d6b1265ed72bb5e73612eddca689dad
data/raw/snv/TestCase 56/snp_SRR7890919-SRR7890919bwa2-SRR7890918-SRR7890918bwa2_strelka.vcf.secondbed.vcf.recode.vcf.gz,3029190,05610eaed6d15d0a483cb35fb89263339ca8333c68621fe4476142b2606cbecc
data/raw/snv/TestCase 561/snp_SRR7890851-SRR7890851bowtie-SRR7890850-SRR7890850bowtie_somaticsniper.vcf.filtered.recode.vcf,361527,72148914dc80ff7e68506aa4b82ff244e9806f5804a102a78f34cde2563cac1c
data/raw/snv/TestCase 561/snp_SRR7890851-SRR7890851bowtie-SRR7890850-SRR7890850bowtie_somaticsniper.vcf.filtered.recode.vcf.gz,46234,6d582b1e546f74a7eba40979ce0dcab9062df36fc5347b772a69d57fa2f60d42
data/raw/snv/TestCase 562/snp_SRR7890919-SRR7890919bowtie-SRR7890918-SRR7890918bowtie_somaticsniper.vcf.filtered.recode.vcf,351364,e392692708d3084fb68fe9f4ea4be6ad94c2509b5d232e5454d4d988156bfa02
data/raw/snv/TestCase 562/snp_SRR7890919-SRR7890919bowtie-SRR7890918-SRR7890918bowtie_somaticsniper.vcf.filtered.recode.vcf.gz,48087,89a6549a2357206a7503a4a6f4bbba6d3d40e4aa9ae18e2349a0efbe00f4fc72
data/raw/snv/TestCase 563/snp_SRR7890851-SRR7890851bowtie-SRR7890850-SRR7890850bowtie_somaticsniper.vcf.filtered.recode.vcf,361525,ec55e9853d2a4cdd29a9bc611f16597a9ab9b54d8e96fd20cf5ec60b7ec7e0ed
data/raw/snv/TestCase 563/snp_SRR7890851-SRR7890851bowtie-SRR7890850-SRR7890850bowtie_somaticsniper.vcf.filtered.recode.vcf.gz,46205,6a2e2015c8be6c93d504f19cb3c4091c0f1dc63a5f369d12b175a580b5242daa
data/raw/snv/TestCase 564/snp_SRR7890845-SRR7890845bowtie-SRR7890844-SRR7890844bowtie_somaticsniper.vcf.filtered.recode.vcf,355427,24d03b50e8a3a46e4576080d5ac9e0ea3f57a6a6d13917ee9f9ca1e43d74967d
data/raw/snv/TestCase 564/snp_SRR7890845-SRR7890845bowtie-SRR7890844-SRR7890844bowtie_somaticsniper.vcf.filtered.recode.vcf.gz,48211,5b5f4384e634e25ea9aa771f215144fc5723d2c662407be933ca722bf103ad41
data/raw/snv/TestCase 567/snp_SRR7890851_bowtie-SRR7890850_bowtie_somaticsniper.vcf.filtered.recode.vcf,644762,057bc13a4d5eecda6515031fc8427c46f1e8a234b4c1d9279bcdf8f75dc00ec4
data/raw/snv/TestCase 567/snp_SRR7890851_bowtie-SRR7890850_bowtie_somaticsniper.vcf.filtered.recode.vcf.gz,93589,28e0e25c8b6ea3f9a7fe0d2f2e03a832f42cf5c04aef70ee90090c1bb525d27f
data/raw/snv/TestCase 568/snp_SRR7890919_bowtie-SRR7890918_bowtie_somaticsniper.vcf.filtered.recode.vcf,470347,74378100f4bcc0f848b64ed5b1e0bd274b9e91a0d7dcf5ca591584577f809c33
data/raw/snv/TestCase 568/snp_SRR7890919_bowtie-SRR7890918_bowtie_somaticsniper.vcf.filtered.recode.vcf.gz,68590,170d4a33c5f060d17ccc4c3688d5c5f2596bb251bd3917ec7aed449648245ef3
data/raw/snv/TestCase 569/snp_SRR7890851_bowtie-SRR7890850_bowtie_somaticsniper.vcf.filtered.recode.vcf,644760,3628ad0c509f1c867f858436f0ee851f6bc1f6cb9ba19ab7f74da7990f22e063
data/raw/snv/TestCase 569/snp_SRR7890851_bowtie-SRR7890850_bowtie_somaticsniper.vcf.filtered.recode.vcf.gz,93588,1188228351887319cc9dbe318dec655051535748f2762a28ef6f163222fb7bf4
data/raw/snv/TestCase 570/snp_SRR7890845_bowtie-SRR7890844_bowtie_somaticsniper.vcf.filtered.recode.vcf,462295,1b9fb6fb63fd7766c2399a6d6c3e1e56137e8185fd649269296e5a4802c89c2e
data/raw/snv/TestCase 570/snp_SRR7890845_bowtie-SRR7890844_bowtie_somaticsniper.vcf.filtered.recode.vcf.gz,66365,58c4bdeae2f5cdfb8e5f3a561c6dc58682e1c7797af50e96f6691729bddba142
data/raw/snv/TestCase 573/snp_SRR7890851-SRR7890851bowtie-SRR7890850-SRR7890850bowtie_somaticsniper.vcf.filtered.recode.vcf,308366,94a386f13c217a4d3a445362b1e200e4f5ccb4a13227e57519496567c36e100a
data/raw/snv/TestCase 573/snp_SRR7890851-SRR7890851bowtie-SRR7890850-SRR7890850bowtie_somaticsniper.vcf.filtered.recode.vcf.gz,37907,8259954355d52e8e3e1f33927669813eb1b8a8ccafa59009ca9854e9eb4e4679
data/raw/snv/TestCase 574/snp_SRR7890919-SRR7890919bowtie-SRR7890918-SRR7890918bowtie_somaticsniper.vcf.filtered.recode.vcf,329847,ef1587b09ab458caf9de4b252c19d41af625be06e903d926d574ea1ca49f2f08
data/raw/snv/TestCase 574/snp_SRR7890919-SRR7890919bowtie-SRR7890918-SRR7890918bowtie_somaticsniper.vcf.filtered.recode.vcf.gz,44839,0e64036a2b531d860ab08503d2af3c6ed8e2e4c6c6b813e7ea2b44264ff914d3
data/raw/snv/TestCase 575/snp_SRR7890851-SRR7890851bowtie-SRR7890850-SRR7890850bowtie_somaticsniper.vcf.filtered.recode.vcf,308364,365ca8c049e05c3407f5069260121a7e431d1d68388dc24f68945ab3e597a862
data/raw/snv/TestCase 575/snp_SRR7890851-SRR7890851bowtie-SRR7890850-SRR7890850bowtie_somaticsniper.vcf.filtered.recode.vcf.gz,37882,e2ca7a985771e0aba1f32eed18742d1983b00524f796415da5def3049c680ad9
data/raw/snv/TestCase 576/snp_SRR7890845-SRR7890845bowtie-SRR7890844-SRR7890844bowtie_somaticsniper.vcf.filtered.recode.vcf,339131,d7be6dc843d4eee8613f2ea9683b1ce82d99b6c4200c92e3422224772db589bf
data/raw/snv/TestCase 576/snp_SRR7890845-SRR7890845bowtie-SRR7890844-SRR7890844bowtie_somaticsniper.vcf.filtered.recode.vcf.gz,46293,3d344daa482ddfcae8561ddc85bb9c06fcdbcd0008cc2fb539819eefe6e89a5b
data/raw/snv/TestCase 577/snp_SRR7890880_bwa2-SRR7890879_bwa2_mutect.vcf.secondbed.vcf.recode.vcf,1231790,0ad42ba2c8902e7edb24a1bb552540802866dec303d1c3049c15ae73f8d2ebea
data/raw/snv/TestCase 577/snp_SRR7890880_bwa2-SRR7890879_bwa2_mutect.vcf.secondbed.vcf.recode.vcf.gz,215142,2aa8cec7d73dd4614e5f943b259b1b20fd15794bc7d929253e6598bb3b7b7b39
data/raw/snv/TestCase 578/snp_SRR7890880_bowtie-SRR7890879_bowtie_mutect.vcf.secondbed.vcf.recode.vcf,1144576,ecbcfa1e0b7dfb19eb83ea19be8abd7f42c14719f3ea55fad8cecbad709e4e20
data/raw/snv/TestCase 578/snp_SRR7890880_bowtie-SRR7890879_bowtie_mutect.vcf.secondbed.vcf.recode.vcf.gz,194356,ea7fb2aa981e87e92af2055560e92066e69283f3449f0dc580aced07ea589b8f
data/raw/snv/TestCase 579/snp_SRR7890880_bwa2-SRR7890879_bwa2_strelka.vcf.secondbed.vcf.recode.vcf,23385785,944a9cdc4288d2f9a033ea7fe993f37e55edca3d98a5091d8cc7d3ccc6dff413
data/raw/snv/TestCase 579/snp_SRR7890880_bwa2-SRR7890879_bwa2_strelka.vcf.secondbed.vcf.recode.vcf.gz,3245492,db4ac6dab2e5d18753d1f84cdce329cf81bcde80aa0ba2f03de9ea32aeb08bae
data/raw/snv/TestCase 580/snp_SRR7890880_bowtie-SRR7890879_bowtie_strelka.vcf.secondbed.vcf.recode.vcf,19873588,374902a3773bbdf0d5d8e1142512da946a4c961c5448f0b5dc68941334b2097a
data/raw/snv/TestCase 580/snp_SRR7890880_bowtie-SRR7890879_bowtie_strelka.vcf.secondbed.vcf.recode.vcf.gz,2822497,e1109dc82c0c6fc2203213cdc9cb896397502f6350fc9b63e43b9c17e27f4f3d
data/raw/snv/TestCase 581/snp_SRR7890880_bwa2-SRR7890879_bwa2_somaticsniper.vcf.filtered.recode.vcf,613961,6e5ae96acc10f37c7fdc23260b23db52d3b0be4e5ab9b54e83eccc231d7fddfe
data/raw/snv/TestCase 581/snp_SRR7890880_bwa2-SRR7890879_bwa2_somaticsniper.vcf.filtered.recode.vcf.gz,94189,f6bc7a82122fc1561ce1bf5a3d47d8aac508f235ec306e7345c0a1181fd2fb0d
data/raw/snv/TestCase 582/snp_SRR7890880_bowtie-SRR7890879_bowtie_somaticsniper.vcf.filtered.recode.vcf,530018,63d55cb9c4db200f230e5ba9bcd7e553f432fe33464f13f376c83630647484ba
data/raw/snv/TestCase 582/snp_SRR7890880_bowtie-SRR7890879_bowtie_somaticsniper.vcf.filtered.recode.vcf.gz,77863,627b81ce0b42d4fbf9950e120540053b4e8eec8c3fea4709b1345e285ad8ad06
data/raw/snv/TestCase 583/snp_SRR7890880_bwa2-SRR7890879_bwa2_mutect.vcf.secondbed.vcf.recode.vcf,1231788,8c44f20f90d83453c3cb2eed1002ab208fd4de17abf4a48dd5e6f5d6bcdd8302
data/raw/snv/TestCase 583/snp_SRR7890880_bwa2-SRR7890879_bwa2_mutect.vcf.secondbed.vcf.recode.vcf.gz,215144,8876e9924d59805c6cb41471aed2924060d56aa6c23e3f3c834d81c921864f53
data/raw/snv/TestCase 584/snp_SRR7890880_bowtie-SRR7890879_bowtie_mutect.vcf.secondbed.vcf.recode.vcf,1144574,e979ba8c2f14c53b27976e1d8d3a95ad5b2457a9255cadd49f23deb1f8b67ed7
data/raw/snv/TestCase 584/snp_SRR7890880_bowtie-SRR7890879_bowtie_mutect.vcf.secondbed.vcf.recode.vcf.gz,194376,e6e3dec1723ed8073e6551ad6289856e91dce347812f3e41dc41cf0ec71a1f52
data/raw/snv/TestCase 585/snp_SRR7890880_bwa2-SRR7890879_bwa2_strelka.vcf.secondbed.vcf.recode.vcf,23385781,e0805d4e3b16e489645baaf6e57a8eab088138de556f4cdcc3d83a6cfc677410
data/raw/snv/TestCase 585/snp_SRR7890880_bwa2-SRR7890879_bwa2_strelka.vcf.secondbed.vcf.recode.vcf.gz,3245704,e36b9cd4c432bf96430fbb5be74a55059a3dbdbfde7f053dfa618016363e8bc2
data/raw/snv/TestCase 586/snp_SRR7890880_bowtie-SRR7890879_bowtie_strelka.vcf.secondbed.vcf.recode.vcf,19873348,d1996119be4d97dff4c96a695a2654e7fa216b1c671e95392018c301f40a611b
data/raw/snv/TestCase 586/snp_SRR7890880_bowtie-SRR7890879_bowtie_strelka.vcf.secondbed.vcf.recode.vcf.gz,2822322,c7d324bc4e2cd0a9d229376bbc731f0b9361dff9727bb68507f4c1a5e0fb7f5c
data/raw/snv/TestCase 587/snp_SRR7890880_bwa2-SRR7890879_bwa2_somaticsniper.vcf.filtered.recode.vcf,613959,b4628850480749811c8368baed1e939bac15558a614b2a9c985b30a5028a7f61
data/raw/snv/TestCase 587/snp_SRR7890880_bwa2-SRR7890879_bwa2_somaticsniper.vcf.filtered.recode.vcf.gz,94186,0214d94409738a8cde4fea901a3b39eda5d201ce727de4e72aa6e32bb07909f0
data/raw/snv/TestCase 588/snp_SRR7890880_bowtie-SRR7890879_bowtie_somaticsniper.vcf.filtered.recode.vcf,530016,04939b2c3bec0e0960d3dcc1867cbe6062f53a32056b67f4df6bfd537038c2d3
data/raw/snv/TestCase 588/snp_SRR7890880_bowtie-SRR7890879_bowtie_somaticsniper.vcf.filtered.recode.vcf.gz,77844,b706ea18c9c37b78140ed4b3f33b1659188c1215e50ba4e747f4e3c6074a5520
data/raw/snv/TestCase 589/snp_SRR7890880_bwa2-SRR7890879_bwa2_mutect.vcf.secondbed.vcf.recode.vcf,1286548,9d444512a98edc739f3e3c81e13c5a087a28153e8cc9f67522b97aa609e42f72
data/raw/snv/TestCase 589/snp_SRR7890880_bwa2-SRR7890879_bwa2_mutect.vcf.secondbed.vcf.recode.vcf.gz,226058,45d2cf59b448bbe08f4e7f0159f19c285c79342e5bccbe3ab86cf5f18d216a4a
data/raw/snv/TestCase 590/snp_SRR7890880_bowtie-SRR7890879_bowtie_mutect.vcf.secondbed.vcf.recode.vcf,1207450,f955a35664b2a4c562ceae8a3c5b6ffd287ef964a4a6d642b3ad7cc2e8ba7760
data/raw/snv/TestCase 590/snp_SRR7890880_bowtie-SRR7890879_bowtie_mutect.vcf.secondbed.vcf.recode.vcf.gz,207301,91b1537bedaed4509d1337a32414019ed0e5e5c876b6e013bca1f7a67bbc83b9
data/raw/snv/TestCase 591/snp_SRR7890880_bwa2-SRR7890879_bwa2_strelka.vcf.secondbed.vcf.recode.vcf,42266076,07e72104403f81f2a108ee78ad9cf1a489bdeb14d5b5167867c651b4f0e30e0e
data/raw/snv/TestCase 591/snp_SRR7890880_bwa2-SRR7890879_bwa2_strelka.vcf.secondbed.vcf.recode.vcf.gz,5886567,0419800530630cd5cb6574b3d5461514e840dc767b5460146a012d1df7f76953
data/raw/snv/TestCase 592/snp_SRR7890880_bowtie-SRR7890879_bowtie_strelka.vcf.secondbed.vcf.recode.vcf,35538432,f60dc2fb3e952fe1d28ccc3a9dc506d62d38e7d0129368c456934e01c20c7984
data/raw/snv/TestCase 592/snp_SRR7890880_bowtie-SRR7890879_bowtie_strelka.vcf.secondbed.vcf.recode.vcf.gz,4996249,55164c4b0309601c97e02a01426aa53b1917e09d52ec7a2c3d579f0defb03b6c
data/raw/snv/TestCase 593/snp_SRR7890880_bwa2-SRR7890879_bwa2_somaticsniper.vcf.filtered.recode.vcf,806051,791c26a2a41ca683b1f34e606aab618e2381449314d674ba30792ba661f59f7f
data/raw/snv/TestCase 593/snp_SRR7890880_bwa2-SRR7890879_bwa2_somaticsniper.vcf.filtered.recode.vcf.gz,119322,cf132b48d3566a657eded97408c2d9593c238e266af1d2a813c4f5d8f15d5ca0
data/raw/snv/TestCase 594/snp_SRR7890880_bowtie-SRR7890879_bowtie_somaticsniper.vcf.filtered.recode.vcf,731753,a96cd9fca4942347034ca590e667ee3178e0146351d3c272c366fa5d1d2ec513
data/raw/snv/TestCase 594/snp_SRR7890880_bowtie-SRR7890879_bowtie_somaticsniper.vcf.filtered.recode.vcf.gz,105892,c132772a5428797a17e0f0b100c1e737548efc8c95cbce3b5e118f2b708b30dc
data/raw/snv/TestCase 595/snp_SRR7890880_bwa2-SRR7890879_bwa2_mutect.vcf.secondbed.vcf.recode.vcf,1286544,d1ef4652a784b593d15f963f4fbbf4ff42e6dd47611203dca9ddfb3c3d00281e
data/raw/snv/TestCase 595/snp_SRR7890880_bwa2-SRR7890879_bwa2_mutect.vcf.secondbed.vcf.recode.vcf.gz,226203,ac6898c9925201a6bea5ab401bad7ce04d62c26000e1cbe8c54569802f8cd6fe
data/raw/snv/TestCase 596/snp_SRR7890880_bowtie-SRR7890879_bowtie_mutect.vcf.secondbed.vcf.recode.vcf,1207446,104987a43f4009ed67f7a6a0f2a843f77c091c9f07418c17a4d88cb6aa780803
data/raw/snv/TestCase 596/snp_SRR7890880_bowtie-SRR7890879_bowtie_mutect.vcf.secondbed.vcf.recode.vcf.gz,207192,58c700e4b82a60b1dae938db315e9383ef88e1eba33c406b8ed04a3524cbf90a
data/raw/snv/TestCase 597/snp_SRR7890880_bwa2-SRR7890879_bwa2_strelka.vcf.secondbed.vcf.recode.vcf,42265838,43c2fd5863f118d1a52f02e0c47c023c4624b8e34686840a7c3b47f6c917eaad
data/raw/snv/TestCase 597/snp_SRR7890880_bwa2-SRR7890879_bwa2_strelka.vcf.secondbed.vcf.recode.vcf.gz,5886776,bf063e2c1be084be9f402d69680943a7c917ca316b08ec4659b064023a07b585
data/raw/snv/TestCase 598/snp_SRR7890880_bowtie-SRR7890879_bowtie_strelka.vcf.secondbed.vcf.recode.vcf,35538662,fb95fcf10db8a3147560732ed551d3f1db31af4ac63403060d62762207533326
data/raw/snv/TestCase 598/snp_SRR7890880_bowtie-SRR7890879_bowtie_strelka.vcf.secondbed.vcf.recode.vcf.gz,4996685,8827a0b46aaaa9158cfe9de8f2e55d1d5e44df9cbd64563e009160ff0634faa8
data/raw/snv/TestCase 599/snp_SRR7890880_bwa2-SRR7890879_bwa2_somaticsniper.vcf.filtered.recode.vcf,806049,853757362f852b548570e28298728fa8c19cb0ff70ea147a43a6733120590eae
data/raw/snv/TestCase 599/snp_SRR7890880_bwa2-SRR7890879_bwa2_somaticsniper.vcf.filtered.recode.vcf.gz,119334,9d1e5e7a26241d66c926e700cb4fb617256459687f38c3c05f50d5605e45f764
data/raw/snv/TestCase 600/snp_SRR7890880_bowtie-SRR7890879_bowtie_somaticsniper.vcf.filtered.recode.vcf,731751,6ca17454de8df29b109c45a7f455883e9c7a53620623e4a3025808061a2ec881
data/raw/snv/TestCase 600/snp_SRR7890880_bowtie-SRR7890879_bowtie_somaticsniper.vcf.filtered.recode.vcf.gz,105881,cbed688a6c5168bf952e2f5da3bae331cc6e08fdbb8078a68c33e13fbe1a6924
data/raw/snv/TestCase 601/snp_SRR7890880-SRR7890880bwa2-SRR7890879-SRR7890879bwa2_mutect.vcf.secondbed.vcf.recode.vcf,1266491,f9e42ea1d66f58fb20415d332492a5243101e50b566b1c6722cf4aad40eb7803
data/raw/snv/TestCase 601/snp_SRR7890880-SRR7890880bwa2-SRR7890879-SRR7890879bwa2_mutect.vcf.secondbed.vcf.recode.vcf.gz,223822,69ac641b863f92a51f7559f0d1b686af76f7ad7c087f0fa645aff7b55792d192
data/raw/snv/TestCase 602/snp_SRR7890880-SRR7890880bowtie-SRR7890879-SRR7890879bowtie_mutect.vcf.secondbed.vcf.recode.vcf,1545529,11e7fbbaf08d0f2f8750bf17634961fdd2bf71c47dcd6fd9b612fccedc29ba05
data/raw/snv/TestCase 602/snp_SRR7890880-SRR7890880bowtie-SRR7890879-SRR7890879bowtie_mutect.vcf.secondbed.vcf.recode.vcf.gz,271977,7929b5609f30d4a7d1d1274ecd331e7954a19a81135cad175ef55532847c4cd7
data/raw/snv/TestCase 603/snp_SRR7890880-SRR7890880bwa2-SRR7890879-SRR7890879bwa2_strelka.vcf.secondbed.vcf.recode.vcf,24042377,0f303655fb25b321d8213b897c57bdb6cecd6c07a662510769fe87551b074aaf
data/raw/snv/TestCase 603/snp_SRR7890880-SRR7890880bwa2-SRR7890879-SRR7890879bwa2_strelka.vcf.secondbed.vcf.recode.vcf.gz,3386442,24901bb1b5f30bceb20048b09a44d7332169ff76c975d15cd7a81d1b7114ccad
data/raw/snv/TestCase 604/snp_SRR7890880-SRR7890880bowtie-SRR7890879-SRR7890879bowtie_strelka.vcf.secondbed.vcf.recode.vcf,12963098,a489448a89025047c6a8c1f66f8e454347115231136f5955bb9eb2d20efbbcb2
data/raw/snv/TestCase 604/snp_SRR7890880-SRR7890880bowtie-SRR7890879-SRR7890879bowtie_strelka.vcf.secondbed.vcf.recode.vcf.gz,2144713,4d5902b3c5731bfafd35a49d817e3a9cb815815c7891b39bd0c15f25873b81ac
data/raw/snv/TestCase 605/snp_SRR7890880-SRR7890880bwa2-SRR7890879-SRR7890879bwa2_somaticsniper.vcf.filtered.recode.vcf,606402,3371635c8825e62a6990a0c519dd814d4625e7dbf6679d30f35c1208acba48ed
data/raw/snv/TestCase 605/snp_SRR7890880-SRR7890880bwa2-SRR7890879-SRR7890879bwa2_somaticsniper.vcf.filtered.recode.vcf.gz,92890,bdb2a046fa7bc244f9321aa76dd3cff55eeeb70dd616e02662c2392a04d5cdd9
data/raw/snv/TestCase 606/snp_SRR7890880-SRR7890880bowtie-SRR7890879-SRR7890879bowtie_somaticsniper.vcf.filtered.recode.vcf,277537,c01ebd2b9a143bb286e2786f21593ba50631b248eeceb36d85210c4cb332d569
data/raw/snv/TestCase 606/snp_SRR7890880-SRR7890880bowtie-SRR7890879-SRR7890879bowtie_somaticsniper.vcf.filtered.recode.vcf.gz,32086,58a1458c2d7ea3074b4fca8bad0fecb370bd89ff9d7bf0aa33f888c27a74e99a
data/raw/snv/TestCase 607/snp_SRR7890880-SRR7890880bwa2-SRR7890879-SRR7890879bwa2_mutect.vcf.secondbed.vcf.recode.vcf,1266489,6ebe73c1e73ad3f17865283f7da190b5887c554d40ab06fc7d5bda5e81b93440
data/raw/snv/TestCase 607/snp_SRR7890880-SRR7890880bwa2-SRR7890879-SRR7890879bwa2_mutect.vcf.secondbed.vcf.recode.vcf.gz,223825,583fc9232696de93c72081bb3b7a5c6fdf582f2de82120aa50fedd51666c2d11
data/raw/snv/TestCase 608/snp_SRR7890880-SRR7890880bowtie-SRR7890879-SRR7890879bowtie_mutect.vcf.secondbed.vcf.recode.vcf,1545527,10c1dd55ed1094465192a0a6da5423ddef7eac8d3f6194a4b1f4a4939995ba07
data/raw/snv/TestCase 608/snp_SRR7890880-SRR7890880bowtie-SRR7890879-SRR7890879bowtie_mutect.vcf.secondbed.vcf.recode.vcf.gz,271981,8c37d317a7abf107cec084fb427348d444bd2420f02886f0bc3d5a8ff646e104
data/raw/snv/TestCase 609/snp_SRR7890880-SRR7890880bwa2-SRR7890879-SRR7890879bwa2_strelka.vcf.secondbed.vcf.recode.vcf,24042373,ba568fad1851b01e372e6d749a52ca24512c0f6636a1bdd694dc7fb82be30ff5
data/raw/snv/TestCase 609/snp_SRR7890880-SRR7890880bwa2-SRR7890879-SRR7890879bwa2_strelka.vcf.secondbed.vcf.recode.vcf.gz,3386321,dba89887c8b5b850a08c1f093df3d85b4820d72734f7120f8fecb607cf962939
data/raw/snv/TestCase 610/snp_SRR7890880-SRR7890880bowtie-SRR7890879-SRR7890879bowtie_strelka.vcf.secondbed.vcf.recode.vcf,12963094,b5778ddf20a77cddf96ea4aff866a6feb2013f7257239b2ecf68962ed5a557d6
data/raw/snv/TestCase 610/snp_SRR7890880-SRR7890880bowtie-SRR7890879-SRR7890879bowtie_strelka.vcf.secondbed.vcf.recode.vcf.gz,2144741,8edf3c31cef5aa2802cf544eaac23e237e47f91a482f81ba9b72aecf5eaed8e1
data/raw/snv/TestCase 611/snp_SRR7890880-SRR7890880bwa2-SRR7890879-SRR7890879bwa2_somaticsniper.vcf.filtered.recode.vcf,606400,58fb9492385c8a6010326f87033ef45187eb7c47238a84912bed03b056d399ec
data/raw/snv/TestCase 611/snp_SRR7890880-SRR7890880bwa2-SRR7890879-SRR7890879bwa2_somaticsniper.vcf.filtered.recode.vcf.gz,92893,f2bf2976f7985f8577f3181ee81ffe2b850fc60aaac80188b6d8f0ec46b08315
data/raw/snv/TestCase 612/snp_SRR7890880-SRR7890880bowtie-SRR7890879-SRR7890879bowtie_somaticsniper.vcf.filtered.recode.vcf,277535,05fd1d2707478f4a28d359a021483f592f68bd585949dce83640a36fb71016ed
data/raw/snv/TestCase 612/snp_SRR7890880-SRR7890880bowtie-SRR7890879-SRR7890879bowtie_somaticsniper.vcf.filtered.recode.vcf.gz,32084,201c82ee63f6051002984b7191876d90c6ad1407a388fc45271573b098ae21d1
data/raw/snv/TestCase 613/snp_SRR7890880-SRR7890880bwa2-SRR7890879-SRR7890879bwa2_mutect.vcf.secondbed.vcf.recode.vcf,1324184,863814ee309159ab643ab955252b2bb45236579775243c01b0d717383bfaba09
data/raw/snv/TestCase 613/snp_SRR7890880-SRR7890880bwa2-SRR7890879-SRR7890879bwa2_mutect.vcf.secondbed.vcf.recode.vcf.gz,235931,77a81128a7bd1bf51dbefec79d8c18663fe0dd02be3525a50c83561e7fa51a42
data/raw/snv/TestCase 614/snp_SRR7890880-SRR7890880bowtie-SRR7890879-SRR7890879bowtie_mutect.vcf.secondbed.vcf.recode.vcf,1622787,671303f2a1c6e432b8669882f3c357a8ab4828171fe4041db52ad6ef210c64e8
data/raw/snv/TestCase 614/snp_SRR7890880-SRR7890880bowtie-SRR7890879-SRR7890879bowtie_mutect.vcf.secondbed.vcf.recode.vcf.gz,284541,7396dfaeeba547a815c4e91b5ec5fb78d9251b5f798ead19e5583ee3d1ee202c
data/raw/snv/TestCase 615/snp_SRR7890880-SRR7890880bwa2-SRR7890879-SRR7890879bwa2_strelka.vcf.secondbed.vcf.recode.vcf,40737185,48142840ffbf65c22e9d5a5073ef8b19ff3c97955e4528d1753d9e2cfaf42e4e
data/raw/snv/TestCase 615/snp_SRR7890880-SRR7890880bwa2-SRR7890879-SRR7890879bwa2_strelka.vcf.secondbed.vcf.recode.vcf.gz,5773426,993271ee151a8903190848eab3f779687febd6f71bbba4f0241f3275b3c40128
data/raw/snv/TestCase 616/snp_SRR7890880-SRR7890880bowtie-SRR7890879-SRR7890879bowtie_strelka.vcf.secondbed.vcf.recode.vcf,24172258,3bf167c81b983811628c831675c5220bc19422cd563571300600d0254f935f9e
data/raw/snv/TestCase 616/snp_SRR7890880-SRR7890880bowtie-SRR7890879-SRR7890879bowtie_strelka.vcf.secondbed.vcf.recode.vcf.gz,3967884,57121b0f2cad732d85d4236fe032e19932a7c22ca45d4303303bc0697fcf74e9
data/raw/snv/TestCase 617/snp_SRR7890880-SRR7890880bwa2-SRR7890879-SRR7890879bwa2_somaticsniper.vcf.filtered.recode.vcf,772489,734d8d62df7b0a16be0a20ba27012cf02ceada2b3615c4110326b59dd4bd51e1
data/raw/snv/TestCase 617/snp_SRR7890880-SRR7890880bwa2-SRR7890879-SRR7890879bwa2_somaticsniper.vcf.filtered.recode.vcf.gz,114318,3df4e586c7989768afebf2abf2306b82cd1299777a0cde932043f31e4f2df2f4
data/raw/snv/TestCase 618/snp_SRR7890880-SRR7890880bowtie-SRR7890879-SRR7890879bowtie_somaticsniper.vcf.filtered.recode.vcf,351230,0652bb24418cf913001c2f94ef15b4dfee06b8b4bd6ce725ce375593c4454ea1
data/raw/snv/TestCase 618/snp_SRR7890880-SRR7890880bowtie-SRR7890879-SRR7890879bowtie_somaticsniper.vcf.filtered.recode.vcf.gz,43234,cd8690979c21d8efd36c82e0d8598aaa5d2acf16984430e01447e988075ec863
data/raw/snv/TestCase 619/snp_SRR7890880-SRR7890880bwa2-SRR7890879-SRR7890879bwa2_mutect.vcf.secondbed.vcf.recode.vcf,1324180,5455b0e8e014f3568177855cbf38e8ac2b02f06efb26547232e98faf605e22fb
data/raw/snv/TestCase 619/snp_SRR7890880-SRR7890880bwa2-SRR7890879-SRR7890879bwa2_mutect.vcf.secondbed.vcf.recode.vcf.gz,235921,8ccdeff4a5ab7b725eeffd56f47263f795e9e3db07f9764825a480d6d3b7ecc3
data/raw/snv/TestCase 62/snp_SRR7890919_bwa2-SRR7890918_bwa2_strelka.vcf.secondbed.vcf.recode.vcf,19299556,37f9f94c34efa545b595cd2f107ff87b2371a0da38319fcbc46a01796bf5e432
data/raw/snv/TestCase 62/snp_SRR7890919_bwa2-SRR7890918_bwa2_strelka.vcf.secondbed.vcf.recode.vcf.gz,2922663,4cd9f678ab356391ffdde3346aec423416a7db785cd76d891259cdf1d601c310
data/raw/snv/TestCase 620/snp_SRR7890880-SRR7890880bowtie-SRR7890879-SRR7890879bowtie_mutect.vcf.secondbed.vcf.recode.vcf,1622783,b511bf9cf4a70c831ad2e1e83397b7c1a5a5f76869b5206492dbcb11b84e729e
data/raw/snv/TestCase 620/snp_SRR7890880-SRR7890880bowtie-SRR7890879-SRR7890879bowtie_mutect.vcf.secondbed.vcf.recode.vcf.gz,284542,2483618d80a01e90995baaa880619e39c6e3132a54c407fcaa342d116e15f90b
data/raw/snv/TestCase 621/snp_SRR7890880-SRR7890880bwa2-SRR7890879-SRR7890879bwa2_strelka.vcf.secondbed.vcf.recode.vcf,40737181,754d3d3c3eabebeb5d94f90621dec835d2ced211d4ba32ebef77d04ce2793e21
data/raw/snv/TestCase 621/snp_SRR7890880-SRR7890880bwa2-SRR7890879-SRR7890879bwa2_strelka.vcf.secondbed.vcf.recode.vcf.gz,5773730,0d02f72d6ed3438eee370984682a5eb1e6780a043d3bd6292b213b7df1bd4997
data/raw/snv/TestCase 622/snp_SRR7890880-SRR7890880bowtie-SRR7890879-SRR7890879bowtie_strelka.vcf.secondbed.vcf.recode.vcf,24172493,29cbbeab5dab59477868f8e139d8354a1ee6558b557310c307bf59fc98c1d57a
data/raw/snv/TestCase 622/snp_SRR7890880-SRR7890880bowtie-SRR7890879-SRR7890879bowtie_strelka.vcf.secondbed.vcf.recode.vcf.gz,3968071,2f0990f0ca00a14ee63435acfef5315ee1d2a0510c4f8ae0863a930393d7a015
data/raw/snv/TestCase 623/snp_SRR7890880-SRR7890880bwa2-SRR7890879-SRR7890879bwa2_somaticsniper.vcf.filtered.recode.vcf,772487,c7ce6f2504dc4fb27d9c5eeff370a25315981972035f67fb683d92675537ceab
data/raw/snv/TestCase 623/snp_SRR7890880-SRR7890880bwa2-SRR7890879-SRR7890879bwa2_somaticsniper.vcf.filtered.recode.vcf.gz,114316,756d044859b04e1c9b96e79950344f4e1354b1a5c3dcf178bc6eafcab3483f58
data/raw/snv/TestCase 624/snp_SRR7890880-SRR7890880bowtie-SRR7890879-SRR7890879bowtie_somaticsniper.vcf.filtered.recode.vcf,351228,a31a7fe51c4579014a0dd3d329b8814e23d7aae32cb9dcdfa53714c6996a7c71
data/raw/snv/TestCase 624/snp_SRR7890880-SRR7890880bowtie-SRR7890879-SRR7890879bowtie_somaticsniper.vcf.filtered.recode.vcf.gz,43234,2d7beed8a804555f382167c932023de08796efe20bee37e19052321813e9b55d
data/raw/snv/TestCase 625/snp_SRR7890880_bwa2-SRR7890879_bwa2_mutect.vcf.secondbed.vcf.recode.vcf,1231778,4feeeac5fb234764cd48723bc0dbd2fbd95883b55e8d199020851b3c6285a659
data/raw/snv/TestCase 625/snp_SRR7890880_bwa2-SRR7890879_bwa2_mutect.vcf.secondbed.vcf.recode.vcf.gz,215132,9e61925440c621b12e037f45e3ec1fe9c66d61d13432358c1575a4e23385fd0e
data/raw/snv/TestCase 626/snp_SRR7890880_bowtie-SRR7890879_bowtie_mutect.vcf.secondbed.vcf.recode.vcf,1144564,5cbdb14a61f17bba4766abc38d22e3dc1b1e917b530ad7ccacc638a664df298c
data/raw/snv/TestCase 626/snp_SRR7890880_bowtie-SRR7890879_bowtie_mutect.vcf.secondbed.vcf.recode.vcf.gz,194355,14716b6a194358b89cc5bd4eb8d18576270ba990c723b63c79436c2fe12e7c2e
data/raw/snv/TestCase 627/snp_SRR7890880_bwa2-SRR7890879_bwa2_strelka.vcf.secondbed.vcf.recode.vcf,23385766,6b301d0761c9435d58e8b400e6d2f808eb404ea1b4f5b2b6f68c1bfc3c330e9f
data/raw/snv/TestCase 627/snp_SRR7890880_bwa2-SRR7890879_bwa2_strelka.vcf.secondbed.vcf.recode.vcf.gz,3245160,81d704bbf60634cfc649b38419dbe97f21a1dbce892f741042013ca25b38c399
data/raw/snv/TestCase 628/snp_SRR7890880_bowtie-SRR7890879_bowtie_strelka.vcf.secondbed.vcf.recode.vcf,19873096,4ae4aed2f6388fe40abe7eaed7d77892bef98bba6dca039fde51f276e8d07d96
data/raw/snv/TestCase 628/snp_SRR7890880_bowtie-SRR7890879_bowtie_strelka.vcf.secondbed.vcf.recode.vcf.gz,2822504,99be8e99af3ee921adcb0d746583f835d9792b83d285913b291a9ba64ae3e3fb
data/raw/snv/TestCase 629/snp_SRR7890880_bwa2-SRR7890879_bwa2_somaticsniper.vcf.filtered.recode.vcf,613957,e670de7ff05d57aee3f4a2d367e526fe31051e5472ddc15cff83a45815c4d746
data/raw/snv/TestCase 629/snp_SRR7890880_bwa2-SRR7890879_bwa2_somaticsniper.vcf.filtered.recode.vcf.gz,94183,6d184c8d6d4737889d191a9824827dd578163ed21541785397fca1e0a5c80410
data/raw/snv/TestCase 630/snp_SRR7890880_bowtie-SRR7890879_bowtie_somaticsniper.vcf.filtered.recode.vcf,530014,0e65095ae560186659dd51c8ba82b05fe232ea6c407d6608981778c9659ff2b4
data/raw/snv/TestCase 630/snp_SRR7890880_bowtie-SRR7890879_bowtie_somaticsniper.vcf.filtered.recode.vcf.gz,77843,9e9cdcb697cf1dd51e6836956ffdbea0101df2d3f165f3556bf7ba9c1f338534
data/raw/snv/TestCase 631/snp_SRR7890880_bwa2-SRR7890879_bwa2_mutect.vcf.secondbed.vcf.recode.vcf,1231778,cb6b5a506a0856b97348d26be760786f4e4f24ede53371c955920adaf34e592d
data/raw/snv/TestCase 631/snp_SRR7890880_bwa2-SRR7890879_bwa2_mutect.vcf.secondbed.vcf.recode.vcf.gz,215132,ab191990c0c13664d9047ed2966c3a8b9ae8387032bdfe1f9b43e7d8a69df5a4
data/raw/snv/TestCase 632/snp_SRR7890880_bowtie-SRR7890879_bowtie_mutect.vcf.secondbed.vcf.recode.vcf,1144564,8b18f30644d9282291acf21c704cb7ee1f0c1c74f1f3197d9ff4c06b081ec8b4
data/raw/snv/TestCase 632/snp_SRR7890880_bowtie-SRR7890879_bowtie_mutect.vcf.secondbed.vcf.recode.vcf.gz,194377,1b193a5978b76a5d7df8f36a9131c8812c6e7aa7f83ade5f8bed67a9869e8045
data/raw/snv/TestCase 633/snp_SRR7890880_bwa2-SRR7890879_bwa2_strelka.vcf.secondbed.vcf.recode.vcf,23385762,413c7f689ec962df4e6de74b0ed8ba360562eb200ea4cbdcd9b78346d6955a2f
data/raw/snv/TestCase 633/snp_SRR7890880_bwa2-SRR7890879_bwa2_strelka.vcf.secondbed.vcf.recode.vcf.gz,3245283,93486bd59e1c4b5124b66c34459a5f0419b734a74d1b69d787d3e4ef25eec40e
data/raw/snv/TestCase 634/snp_SRR7890880_bowtie-SRR7890879_bowtie_strelka.vcf.secondbed.vcf.recode.vcf,19873327,cc5ec988ceaa55dae2de1f4900f49959631dc568cc23f5d5eaa8de61788cab77
data/raw/snv/TestCase 634/snp_SRR7890880_bowtie-SRR7890879_bowtie_strelka.vcf.secondbed.vcf.recode.vcf.gz,2822208,f98adc760f50c8f6b933b20b7aad5436c944e12e3f49d1a981b327fe902733c6
data/raw/snv/TestCase 635/snp_SRR7890880_bwa2-SRR7890879_bwa2_somaticsniper.vcf.filtered.recode.vcf,613957,60ee2df1c06deed0f75a24e94203feef84da200c6449589a62bd0b6f74c074e3
data/raw/snv/TestCase 635/snp_SRR7890880_bwa2-SRR7890879_bwa2_somaticsniper.vcf.filtered.recode.vcf.gz,94183,620a1e99fe22c73df7534215ab2460d159b000547c97582bfa6c39d9d018ed62
data/raw/snv/TestCase 636/snp_SRR7890880_bowtie-SRR7890879_bowtie_somaticsniper.vcf.filtered.recode.vcf,530014,6e954663689cc04640daae4d5b97bd034337c43864c8b114aa4ca0939bcc6867
data/raw/snv/TestCase 636/snp_SRR7890880_bowtie-SRR7890879_bowtie_somaticsniper.vcf.filtered.recode.vcf.gz,77843,733569faf61f7cfc5e3ff1a281d902a962834d5c7da9c38b76b942d0c778d6a3
data/raw/snv/TestCase 637/snp_SRR7890880_bwa2-SRR7890879_bwa2_mutect.vcf.secondbed.vcf.recode.vcf,1286536,1c9c032e151a63ba326e315d29f2da7061f36e230700c3ce6c549304817e9954
data/raw/snv/TestCase 637/snp_SRR7890880_bwa2-SRR7890879_bwa2_mutect.vcf.secondbed.vcf.recode.vcf.gz,226200,12066d93dc9840d2b59e050278384f85149c3a7d2e5dc68100bb72caf7243cbe
data/raw/snv/TestCase 638/snp_SRR7890880_bowtie-SRR7890879_bowtie_mutect.vcf.secondbed.vcf.recode.vcf,1207438,f003efdac0d47a4ddb5bf74757703bbfd96926d8cfa65f8d42dd73459290f29d
data/raw/snv/TestCase 638/snp_SRR7890880_bowtie-SRR7890879_bowtie_mutect.vcf.secondbed.vcf.recode.vcf.gz,207118,ae9a82e4d67a27b5e02d873dd3552450d79d96b6f5102e76de5418d47ba1ff27
data/raw/snv/TestCase 639/snp_SRR7890880_bwa2-SRR7890879_bwa2_strelka.vcf.secondbed.vcf.recode.vcf,42266301,74db51b92e43aca40fee026c94d56235bdbcca0316d85c1a1cf2d96c6e7d90bb
data/raw/snv/TestCase 639/snp_SRR7890880_bwa2-SRR7890879_bwa2_strelka.vcf.secondbed.vcf.recode.vcf.gz,5886685,d794480c2d5f98cb26180f05f5ad8be14c8b75528f5bb555d921c5de1a1e7ad4
data/raw/snv/TestCase 640/snp_SRR7890880_bowtie-SRR7890879_bowtie_strelka.vcf.secondbed.vcf.recode.vcf,35538880,64ee1a6cce3a0aeb52b34a4b99a67e62547ec644639ae1df3e01b9073784ec32
data/raw/snv/TestCase 640/snp_SRR7890880_bowtie-SRR7890879_bowtie_strelka.vcf.secondbed.vcf.recode.vcf.gz,4996412,0518539009c24f04a0ed0a0d6a8930d2d7b35577a1492576c7031a9da7a7974e
data/raw/snv/TestCase 641/snp_SRR7890880_bwa2-SRR7890879_bwa2_somaticsniper.vcf.filtered.recode.vcf,806047,48538b3ee19d5130e6ed3fc353ddb081744d94d0cd08d8262e29be84b8b1f909
data/raw/snv/TestCase 641/snp_SRR7890880_bwa2-SRR7890879_bwa2_somaticsniper.vcf.filtered.recode.vcf.gz,119306,c7aa6d1a557d063bbdf676256e83796421a00bab306247c482b551dd44f20e50
data/raw/snv/TestCase 642/snp_SRR7890880_bowtie-SRR7890879_bowtie_somaticsniper.vcf.filtered.recode.vcf,731749,eda95ad2ec6774eca4e103a5e8a24a884d74c70f33db9d72341ed988cf0c6748
data/raw/snv/TestCase 642/snp_SRR7890880_bowtie-SRR7890879_bowtie_somaticsniper.vcf.filtered.recode.vcf.gz,105849,67baa8fd66f355ecb5d7f494a934d25f2bf4ef5163e9f9a52b6230364a891c0b
data/raw/snv/TestCase 643/snp_SRR7890880_bwa2-SRR7890879_bwa2_mutect.vcf.secondbed.vcf.recode.vcf,1286534,a0cffe865ec17b418de2fbb9d2fac3b0f01c12139440811b62b7388233ed9ecd
data/raw/snv/TestCase 643/snp_SRR7890880_bwa2-SRR7890879_bwa2_mutect.vcf.secondbed.vcf.recode.vcf.gz,226195,51c0bd5bec3e71c6df437a5e982beaa34e047309018677f41b0b7bfaf4ef1af4
data/raw/snv/TestCase 644/snp_SRR7890880_bowtie-SRR7890879_bowtie_mutect.vcf.secondbed.vcf.recode.vcf,1207436,7c4f6315ac4a3ee6d3de919b505265aa0ec9af8f3dd2ba93505425eac65e5d7b
data/raw/snv/TestCase 644/snp_SRR7890880_bowtie-SRR7890879_bowtie_mutect.vcf.secondbed.vcf.recode.vcf.gz,207113,65d546f1c2e3ccdfc6274db87d18286247b7393734d88ba0677e70b458e64e48
data/raw/snv/TestCase 645/snp_SRR7890880_bwa2-SRR7890879_bwa2_strelka.vcf.secondbed.vcf.recode.vcf,42266053,45d496b4b2d555c06d7d9b57154a14ea29e4f8478caf1868ed52c7ae5c421863
data/raw/snv/TestCase 645/snp_SRR7890880_bwa2-SRR7890879_bwa2_strelka.vcf.secondbed.vcf.recode.vcf.gz,5887012,8becbf2df8cb2f3991dadce3485f10a048a15801263017b9477c422e46a1f7ff
data/raw/snv/TestCase 646/snp_SRR7890880_bowtie-SRR7890879_bowtie_strelka.vcf.secondbed.vcf.recode.vcf,35538639,032c683da8f26871ede2183ce1e3b88f245bc5b89691b3652d413faa25818fb9
data/raw/snv/TestCase 646/snp_SRR7890880_bowtie-SRR7890879_bowtie_strelka.vcf.secondbed.vcf.recode.vcf.gz,4996667,d71c17e4c72dbf5af3d05ea6bad453bde6ac1d134ef14e4e55b6a27fc7328ff7
data/raw/snv/TestCase 647/snp_SRR7890880_bwa2-SRR7890879_bwa2_somaticsniper.vcf.filtered.recode.vcf,806047,fa01c085fd95cf77a06ebff8c2ee714ae5e3e570d32a08943fde3235e1364e5e
data/raw/snv/TestCase 647/snp_SRR7890880_bwa2-SRR7890879_bwa2_somaticsniper.vcf.filtered.recode.vcf.gz,119306,48f82a1ca0e07733250ca3bc4d5e96ab9222e19401c1124d22a6a99464beaffd
data/raw/snv/TestCase 648/snp_SRR7890880_bowtie-SRR7890879_bowtie_somaticsniper.vcf.filtered.recode.vcf,731749,38098ab9440401dc2b1e53e0885be55ea9c4403b12cd9f0ffcec3fbd3e1d133a
data/raw/snv/TestCase 648/snp_SRR7890880_bowtie-SRR7890879_bowtie_somaticsniper.vcf.filtered.recode.vcf.gz,105879,b25c4a38a36b2459430f2bab01d2b3686ee9928407c590d70fd421fd5ee42406
data/raw/snv/TestCase 649/snp_SRR7890880-SRR7890880bwa2-SRR7890879-SRR7890879bwa2_mutect.vcf.secondbed.vcf.recode.vcf,1266479,9cf512a8f220351d36ec3e44ae16eaea5ff78dadfce5b8223837ff5c8643d402
data/raw/snv/TestCase 649/snp_SRR7890880-SRR7890880bwa2-SRR7890879-SRR7890879bwa2_mutect.vcf.secondbed.vcf.recode.vcf.gz,223752,cf3240a9547c66849e4b4ac9f8c678d4fd9e7c6adbce12d74d1873f6824a9f45
data/raw/snv/TestCase 650/snp_SRR7890880-SRR7890880bowtie-SRR7890879-SRR7890879bowtie_mutect.vcf.secondbed.vcf.recode.vcf,1545517,4365fc29b3df122b4f6203fb811293332c7dd0dd9b0dd60e1705a00755a28390
data/raw/snv/TestCase 650/snp_SRR7890880-SRR7890880bowtie-SRR7890879-SRR7890879bowtie_mutect.vcf.secondbed.vcf.recode.vcf.gz,271952,832507a9ed528a47336d37028c0a57792599414402993ffaa6516260e24641c7
data/raw/snv/TestCase 651/snp_SRR7890880-SRR7890880bwa2-SRR7890879-SRR7890879bwa2_strelka.vcf.secondbed.vcf.recode.vcf,24042358,4f3d9a5d005cb0aae3c140c4dc61227392ec8775d4c63fbc4a07743e936d4ea6
data/raw/snv/TestCase 651/snp_SRR7890880-SRR7890880bwa2-SRR7890879-SRR7890879bwa2_strelka.vcf.secondbed.vcf.recode.vcf.gz,3386466,913e81098c0581f9cd6dc1b807586a17643721c8f2d25905c71dd985b2fcd48d
data/raw/snv/TestCase 652/snp_SRR7890880-SRR7890880bowtie-SRR7890879-SRR7890879bowtie_strelka.vcf.secondbed.vcf.recode.vcf,12963082,ce6c70c2e78e30563efaeb71278cf7775e83bc5cbaf21cbf0d4c756bab7639ec
data/raw/snv/TestCase 652/snp_SRR7890880-SRR7890880bowtie-SRR7890879-SRR7890879bowtie_strelka.vcf.secondbed.vcf.recode.vcf.gz,2144890,b0b77e176d07f9565325ce359b73e65f8850c483a4a70a6f3c54c2a28e93b836
data/raw/snv/TestCase 653/snp_SRR7890880-SRR7890880bwa2-SRR7890879-SRR7890879bwa2_somaticsniper.vcf.filtered.recode.vcf,606398,f1f31fa4212ad34eb6d098a87902b898a77fbdab5b61b2f848d67e26950cbf2f
data/raw/snv/TestCase 653/snp_SRR7890880-SRR7890880bwa2-SRR7890879-SRR7890879bwa2_somaticsniper.vcf.filtered.recode.vcf.gz,92877,51b15a438c4a685ed251891b12969587ff326abd66f698edcb1de6035c9ce3aa
data/raw/snv/TestCase 654/snp_SRR7890880-SRR7890880bowtie-SRR7890879-SRR7890879bowtie_somaticsniper.vcf.filtered.recode.vcf,277533,75e0b194ceaa09cabce1a4925f9f6cd71b672297fe6f4e302483b0c12054ad64
data/raw/snv/TestCase 654/snp_SRR7890880-SRR7890880bowtie-SRR7890879-SRR7890879bowtie_somaticsniper.vcf.filtered.recode.vcf.gz,32075,111e6d911dd2bf78b567d073cbf6f8ef282efedf5c459c759599897ac521c8c0
data/raw/snv/TestCase 655/snp_SRR7890880-SRR7890880bwa2-SRR7890879-SRR7890879bwa2_mutect.vcf.secondbed.vcf.recode.vcf,1266479,273c212c11e808d0d1a35a52ee7ffc7846bc4a745d46a828f9ba9fe01d9b2a2d
data/raw/snv/TestCase 655/snp_SRR7890880-SRR7890880bwa2-SRR7890879-SRR7890879bwa2_mutect.vcf.secondbed.vcf.recode.vcf.gz,223751,549870aaa5610640f34bf71f9672929cb4f0ef513bfcf7a98bf04a754ef536a1
data/raw/snv/TestCase 656/snp_SRR7890880-SRR7890880bowtie-SRR7890879-SRR7890879bowtie_mutect.vcf.secondbed.vcf.recode.vcf,1545519,b2fe21f989646b94481fe6537bb3e8f4eb3b27b614af0814c55c3dece06a29d3
data/raw/snv/TestCase 656/snp_SRR7890880-SRR7890880bowtie-SRR7890879-SRR7890879bowtie_mutect.vcf.secondbed.vcf.recode.vcf.gz,271968,e21a4d89b2676c1047d2bc58d64e5c494d4696d4b765e44749b4730665703db7
data/raw/snv/TestCase 657/snp_SRR7890880-SRR7890880bwa2-SRR7890879-SRR7890879bwa2_strelka.vcf.secondbed.vcf.recode.vcf,24042354,44b4d29085e2f195518dc3fa94ee14eadabe10d3a1fb75bb4e6ee4aaee15e1a9
data/raw/snv/TestCase 657/snp_SRR7890880-SRR7890880bwa2-SRR7890879-SRR7890879bwa2_strelka.vcf.secondbed.vcf.recode.vcf.gz,3386486,45057faa925af7d4f768fa4bdd799473f719c8774a485e15b97c1feb8873ea26
data/raw/snv/TestCase 658/snp_SRR7890880-SRR7890880bowtie-SRR7890879-SRR7890879bowtie_strelka.vcf.secondbed.vcf.recode.vcf,12963078,cc1b8ec2dab027a0d1a4b1f952ca84326cefec94ec64455beb4733b51be0261e
data/raw/snv/TestCase 658/snp_SRR7890880-SRR7890880bowtie-SRR7890879-SRR7890879bowtie_strelka.vcf.secondbed.vcf.recode.vcf.gz,2144823,dee61ca911725abc87a56b592c551087d47ef44fa11ffdd0eb6c8e8ba6815dd0
data/raw/snv/TestCase 659/snp_SRR7890880-SRR7890880bwa2-SRR7890879-SRR7890879bwa2_somaticsniper.vcf.filtered.recode.vcf,606398,7ec9b5446f24eaab5bc9c57c1563625b79a6a5e614290d87dbae210de265924f
data/raw/snv/TestCase 659/snp_SRR7890880-SRR7890880bwa2-SRR7890879-SRR7890879bwa2_somaticsniper.vcf.filtered.recode.vcf.gz,92876,9949cb45c8d063e9aaa7b69bd118f973b9ee1aa27debbb9da574dc4ae71bf95f
data/raw/snv/TestCase 660/snp_SRR7890880-SRR7890880bowtie-SRR7890879-SRR7890879bowtie_somaticsniper.vcf.filtered.recode.vcf,277533,5934d58a61239425757a01742e3cbc756c139c4f21986385d6d85e03573569a2
data/raw/snv/TestCase 660/snp_SRR7890880-SRR7890880bowtie-SRR7890879-SRR7890879bowtie_somaticsniper.vcf.filtered.recode.vcf.gz,32081,27b93c31c394fc6c1c61f08ac2f440527cf8b31d4ebe4d198483b6df993fffda
data/raw/snv/TestCase 661/snp_SRR7890880-SRR7890880bwa2-SRR7890879-SRR7890879bwa2_mutect.vcf.secondbed.vcf.recode.vcf,1324172,7bfb10102ae4faa1efe192985f0fdab544dfd20a12eccbcd6e5cef9c1a4bbd56
data/raw/snv/TestCase 661/snp_SRR7890880-SRR7890880bwa2-SRR7890879-SRR7890879bwa2_mutect.vcf.secondbed.vcf.recode.vcf.gz,235912,ce8d4b06e43dca44a2dbd360112c5c70ba0de59f078e2dc853373fee712ab0dc
data/raw/snv/TestCase 662/snp_SRR7890880-SRR7890880bowtie-SRR7890879-SRR7890879bowtie_mutect.vcf.secondbed.vcf.recode.vcf,1622775,890362ff26a5bec4e5806f6894e42263bee862343df9e14140f3505c10e88175
data/raw/snv/TestCase 662/snp_SRR7890880-SRR7890880bowtie-SRR7890879-SRR7890879bowtie_mutect.vcf.secondbed.vcf.recode.vcf.gz,284519,8bd402bc5ab8128c37bf22b0cf783b88d76d7b86dea8b3803addbec612ab1bf8
data/raw/snv/TestCase 663/snp_SRR7890880-SRR7890880bwa2-SRR7890879-SRR7890879bwa2_strelka.vcf.secondbed.vcf.recode.vcf,40737166,cb2a5c0f6354910f8aa7712333b17bb14727d1b190fca80e70c291ce56e35d05
data/raw/snv/TestCase 663/snp_SRR7890880-SRR7890880bwa2-SRR7890879-SRR7890879bwa2_strelka.vcf.secondbed.vcf.recode.vcf.gz,5773627,c8f44cc45dd27d7a7fe09ef30958d6414ac27c760d626bbb39c7c5d792066d57
data/raw/snv/TestCase 664/snp_SRR7890880-SRR7890880bowtie-SRR7890879-SRR7890879bowtie_strelka.vcf.secondbed.vcf.recode.vcf,24172952,9a456b7cbf8219b724b9f0f4b27b82f01f3247f46164ab0bb324acce4eb3050f
data/raw/snv/TestCase 664/snp_SRR7890880-SRR7890880bowtie-SRR7890879-SRR7890879bowtie_strelka.vcf.secondbed.vcf.recode.vcf.gz,3968537,7f6d123c20c07c208fa68fc0fe79c9bfb4d45716810e8e7665ec2a18a306dbe7
data/raw/snv/TestCase 665/snp_SRR7890880-SRR7890880bwa2-SRR7890879-SRR7890879bwa2_somaticsniper.vcf.filtered.recode.vcf,772485,223549316b0a40e220299c992491f85e9bf4fabeb53e48195ac551384770b59d
data/raw/snv/TestCase 665/snp_SRR7890880-SRR7890880bwa2-SRR7890879-SRR7890879bwa2_somaticsniper.vcf.filtered.recode.vcf.gz,114309,ae81bc60734ac0779a7a324de5c9eaf79b169e1d7c8ccad5388695bdc8a9e3c3
data/raw/snv/TestCase 666/snp_SRR7890880-SRR7890880bowtie-SRR7890879-SRR7890879bowtie_somaticsniper.vcf.filtered.recode.vcf,351226,59ba75af395a5c569adc1d127ad6a1fe2f7702a2126d79dbbdba3742f98f0225
data/raw/snv/TestCase 666/snp_SRR7890880-SRR7890880bowtie-SRR7890879-SRR7890879bowtie_somaticsniper.vcf.filtered.recode.vcf.gz,43230,85bc8243025f7c2e82db04568085c3e69cef917da0b0dd6c5f21fc6557c5778d
data/raw/snv/TestCase 667/snp_SRR7890880-SRR7890880bwa2-SRR7890879-SRR7890879bwa2_mutect.vcf.secondbed.vcf.recode.vcf,1324170,e9280725fae22367bbacd7a7a8c0912792f1690bc176c380f54ccb428ee3e3aa
data/raw/snv/TestCase 667/snp_SRR7890880-SRR7890880bwa2-SRR7890879-SRR7890879bwa2_mutect.vcf.secondbed.vcf.recode.vcf.gz,235910,8ea84b39c8b9a304f795b9b96625b7216ad9e90307092c5b4c489e7561ed46b0
data/raw/snv/TestCase 668/snp_SRR7890880-SRR7890880bowtie-SRR7890879-SRR7890879bowtie_mutect.vcf.secondbed.vcf.recode.vcf,1622773,cef600784610aada1f0db6a4d72e00427641b5ef91974635497d596dc9876bee
data/raw/snv/TestCase 668/snp_SRR7890880-SRR7890880bowtie-SRR7890879-SRR7890879bowtie_mutect.vcf.secondbed.vcf.recode.vcf.gz,284589,b1fc6925933b5bdaa7c1718df3350797d62f70f117e0edf2815c02611a983451
data/raw/snv/TestCase 669/snp_SRR7890880-SRR7890880bwa2-SRR7890879-SRR7890879bwa2_strelka.vcf.secondbed.vcf.recode.vcf,40737162,4920a49872cc8ffd692bf3166b0db25fd1a22be73c611f42f68d0d46a41cb14e
data/raw/snv/TestCase 669/snp_SRR7890880-SRR7890880bwa2-SRR7890879-SRR7890879bwa2_strelka.vcf.secondbed.vcf.recode.vcf.gz,5773226,57ba783f12c102fe3fa1e2b7b1e737ba40336356203bca980f8c5830ffe348d7
data/raw/snv/TestCase 670/snp_SRR7890880-SRR7890880bowtie-SRR7890879-SRR7890879bowtie_strelka.vcf.secondbed.vcf.recode.vcf,24172944,49d2159bc6813b3b7996129bcb809f53f783b6578855d7f2d9ccab1f734700a9
data/raw/snv/TestCase 670/snp_SRR7890880-SRR7890880bowtie-SRR7890879-SRR7890879bowtie_strelka.vcf.secondbed.vcf.recode.vcf.gz,3968230,6457fde3e841db4171adbf8fff9c78bea1d6a08ca4248b753c062c1f1a27c6d6
data/raw/snv/TestCase 671/snp_SRR7890880-SRR7890880bwa2-SRR7890879-SRR7890879bwa2_somaticsniper.vcf.filtered.recode.vcf,772485,fa9186425b57221f3ca0ae1b31a0115a571a495b311f61880e09d3c5244453f5
data/raw/snv/TestCase 671/snp_SRR7890880-SRR7890880bwa2-SRR7890879-SRR7890879bwa2_somaticsniper.vcf.filtered.recode.vcf.gz,114310,e32c57852f561cf56fcad18dfb32b32d44f9b43ee5e9c240ea3c7731c197ade0
data/raw/snv/TestCase 672/snp_SRR7890880-SRR7890880bowtie-SRR7890879-SRR7890879bowtie_somaticsniper.vcf.filtered.recode.vcf,351226,9a41242bd9c9c7386ed0cb1dc66f0127b7f71b2be6b3162971f3dec786da2dbd
data/raw/snv/TestCase 672/snp_SRR7890880-SRR7890880bowtie-SRR7890879-SRR7890879bowtie_somaticsniper.vcf.filtered.recode.vcf.gz,43230,5c2e634f644178a02ccf1e09cbd52a7d8e77a0705f1110e1018b1e5ce0c5d7a9
data/raw/snv/TestCase 68/snp_SRR7890919-SRR7890919bwa2-SRR7890918-SRR7890918bwa2_strelka.vcf.secondbed.vcf.recode.vcf,14692757,2e01a0769d129f84d4cf5f737a48e35417248660d21cc59b62e19eb252a091c1
data/raw/snv/TestCase 68/snp_SRR7890919-SRR7890919bwa2-SRR7890918-SRR7890918bwa2_strelka.vcf.secondbed.vcf.recode.vcf.gz,2363988,a0b5400d374cae39be577028a32d916b4da32c4db42cd4e15c690ad5f513603e
data/raw/snv/TestCase 721/snp_SRR7890845_bwa2-SRR7890844_bwa2_mutect.vcf.secondbed.vcf.recode.vcf,1160708,76f02cff756bcc2f62c9ab2d5996e5aac609fd6f45f5d57ee78017bdcbb40d8c
data/raw/snv/TestCase 721/snp_SRR7890845_bwa2-SRR7890844_bwa2_mutect.vcf.secondbed.vcf.recode.vcf.gz,220799,420131c48f1797d90afb2095bd220f77d19e755666d16b26f9f428761f607cbc
data/raw/snv/TestCase 722/snp_SRR7890845_bowtie-SRR7890844_bowtie_mutect.vcf.secondbed.vcf.recode.vcf,1047036,e14ea8ad28bd8e8c263e4144c35c91b5b0c8ad1bed5e0b8d4b47553547927e5a
data/raw/snv/TestCase 722/snp_SRR7890845_bowtie-SRR7890844_bowtie_mutect.vcf.secondbed.vcf.recode.vcf.gz,195288,9be4e74f5a948d15871015c08a6f44e4c99b29e935af3dd57511f27f6bccaac7
data/raw/snv/TestCase 723/snp_SRR7890845_bwa2-SRR7890844_bwa2_strelka.vcf.secondbed.vcf.recode.vcf,18393831,9f81e92d0459118551cc09ebd55f362a654c3e5748664ea7a11913d29b01bc71
data/raw/snv/TestCase 723/snp_SRR7890845_bwa2-SRR7890844_bwa2_strelka.vcf.secondbed.vcf.recode.vcf.gz,2711205,b705dec8406b97fa46787a96f043575e57b4e2dc529fcaffb533dd284d949d77
data/raw/snv/TestCase 724/snp_SRR7890845_bowtie-SRR7890844_bowtie_strelka.vcf.secondbed.vcf.recode.vcf,15117604,7588fc415febf5583ca00cdf790fef682fa2c09c4da9137ea97d70b01412d508
data/raw/snv/TestCase 724/snp_SRR7890845_bowtie-SRR7890844_bowtie_strelka.vcf.secondbed.vcf.recode.vcf.gz,2291179,66d670af56552a359729913d0eaaca423eb9555fee63b09eb2418d75d8b97d77
data/raw/snv/TestCase 725/snp_SRR7890845_bwa2-SRR7890844_bwa2_somaticsniper.vcf.filtered.recode.vcf,487221,62defa87a56aa5695a847843566f0370ebe771a84e6ba686e813a3aa90740c3b
data/raw/snv/TestCase 725/snp_SRR7890845_bwa2-SRR7890844_bwa2_somaticsniper.vcf.filtered.recode.vcf.gz,73156,4fb724794dc28c9d4e34312b1264a75db6b526ee057a0c46d531fc90c3eb6642
data/raw/snv/TestCase 726/snp_SRR7890845_bowtie-SRR7890844_bowtie_somaticsniper.vcf.filtered.recode.vcf,440042,fa86325ad514f441446422b990de6850bc274c1837bcbbfd53e97f7214ff7a85
data/raw/snv/TestCase 726/snp_SRR7890845_bowtie-SRR7890844_bowtie_somaticsniper.vcf.filtered.recode.vcf.gz,63358,2ed2d0dbcc9482c425b2b54f7b59fa2193c09c8343b3af2d208c0168066fd19f
data/raw/snv/TestCase 727/snp_SRR7890845_bwa2-SRR7890844_bwa2_mutect.vcf.secondbed.vcf.recode.vcf,1160708,15c26c64ddf541c16a612a78c42ab03b915337267a4638380fafb962c68945ea
data/raw/snv/TestCase 727/snp_SRR7890845_bwa2-SRR7890844_bwa2_mutect.vcf.secondbed.vcf.recode.vcf.gz,220802,1238cc1b4c2c3f01b3f7f1993d2579d8cb13168b68b88254e349f5995831ab8f
data/raw/snv/TestCase 728/snp_SRR7890845_bowtie-SRR7890844_bowtie_mutect.vcf.secondbed.vcf.recode.vcf,1047036,11ec177432f41b50b02f41a25062979a530377bd3ea63e8c8f553a97300aad10
data/raw/snv/TestCase 728/snp_SRR7890845_bowtie-SRR7890844_bowtie_mutect.vcf.secondbed.vcf.recode.vcf.gz,195292,34db5b476c73407f87b5560cc9ad11e1d0f4a43462bfd533cdcdb0c67326ecca
data/raw/snv/TestCase 729/snp_SRR7890845_bwa2-SRR7890844_bwa2_strelka.vcf.secondbed.vcf.recode.vcf,18393827,748f0d7ea56d3f069276dd4edf6016e10bc885fea9da4e4929221a5706beeb82
data/raw/snv/TestCase 729/snp_SRR7890845_bwa2-SRR7890844_bwa2_strelka.vcf.secondbed.vcf.recode.vcf.gz,2711250,4771150e62dee7df078751d3843e129b61eddd8c167b1917972d51212a7a70b1
data/raw/snv/TestCase 730/snp_SRR7890845_bowtie-SRR7890844_bowtie_strelka.vcf.secondbed.vcf.recode.vcf,15117600,9ee4797ca2c1fd8ecbf94e45533a828fc3f11f2284cf7c1b1fa2e82a22b8a5b5
data/raw/snv/TestCase 730/snp_SRR7890845_bowtie-SRR7890844_bowtie_strelka.vcf.secondbed.vcf.recode.vcf.gz,2291204,9c9d2a71f554a1606d4252a1ddcfe7c0d9173d02a110b90f506892240b7e8772
data/raw/snv/TestCase 731/snp_SRR7890845_bwa2-SRR7890844_bwa2_somaticsniper.vcf.filtered.recode.vcf,487221,68fc7f063444dae32dd574bcd8b328a3c0a1b44f2daabf1b5b8115c6771b3afe
data/raw/snv/TestCase 731/snp_SRR7890845_bwa2-SRR7890844_bwa2_somaticsniper.vcf.filtered.recode.vcf.gz,73156,3ba17288c05a96ba6b438f3f940c59e595dee10f7a278d483047171ba13c1a47
data/raw/snv/TestCase 732/snp_SRR7890845_bowtie-SRR7890844_bowtie_somaticsniper.vcf.filtered.recode.vcf,440042,ca9a3ab450e0b91b9bf66d0ee50174ac7d3d63d71b79badde0a7d8680795228e
data/raw/snv/TestCase 732/snp_SRR7890845_bowtie-SRR7890844_bowtie_somaticsniper.vcf.filtered.recode.vcf.gz,63359,7e9bc1db59445f524ea466f2e1ac99a0e8e3b95dcf12a5e25632b13d5becc238
data/raw/snv/TestCase 733/snp_SRR7890845_bwa2-SRR7890844_bwa2_mutect.vcf.secondbed.vcf.recode.vcf,1097445,fdffbf9dc253be7c95b63c6c316794f7dbcc48314566ab058fc282d596e6115a
data/raw/snv/TestCase 733/snp_SRR7890845_bwa2-SRR7890844_bwa2_mutect.vcf.secondbed.vcf.recode.vcf.gz,203993,230b11571ccb21e4dd23efbe1096f6fe6d3ee98bef27af1a0d4412fd065bf05d
data/raw/snv/TestCase 734/snp_SRR7890845_bowtie-SRR7890844_bowtie_mutect.vcf.secondbed.vcf.recode.vcf,995134,3848ced179370a39b09efb5c4c5d98f4c44edc315b772b13cb849ed1297fa967
data/raw/snv/TestCase 734/snp_SRR7890845_bowtie-SRR7890844_bowtie_mutect.vcf.secondbed.vcf.recode.vcf.gz,180421,47f50eb7df9d58dbac481627048cb31ebf224cceab5d2219cbd2701031331cfd
data/raw/snv/TestCase 735/snp_SRR7890845_bwa2-SRR7890844_bwa2_strelka.vcf.secondbed.vcf.recode.vcf,22307125,f1593f11a09a644470d0588bd68add82930aa928223dbb579d558e6122490c47
data/raw/snv/TestCase 735/snp_SRR7890845_bwa2-SRR7890844_bwa2_strelka.vcf.secondbed.vcf.recode.vcf.gz,3229542,c12510e9da188cc04cd1bda7e99d76b62cbaf94c987fa081aeafda052102b383
data/raw/snv/TestCase 736/snp_SRR7890845_bowtie-SRR7890844_bowtie_strelka.vcf.secondbed.vcf.recode.vcf,19517367,0ee995ad28d8bd4de0220d7ec850d533014c25ae7adb8434219e6c5aacbd651a
data/raw/snv/TestCase 736/snp_SRR7890845_bowtie-SRR7890844_bowtie_strelka.vcf.secondbed.vcf.recode.vcf.gz,2887180,ec92eb4baffb68892e7c634b0b2df860953725ca51fbe64cf916c0d526929916
data/raw/snv/TestCase 737/snp_SRR7890845_bwa2-SRR7890844_bwa2_somaticsniper.vcf.filtered.recode.vcf,498559,acae164e50d899b978f1a1455634f3caf49486a92606a0076cf5073a809d0ce8
data/raw/snv/TestCase 737/snp_SRR7890845_bwa2-SRR7890844_bwa2_somaticsniper.vcf.filtered.recode.vcf.gz,73956,2b527e5804a9d50a0a54d1636204d6cd1a57235ff21caf5a4e96572fbbb4c5aa
data/raw/snv/TestCase 738/snp_SRR7890845_bowtie-SRR7890844_bowtie_somaticsniper.vcf.filtered.recode.vcf,462293,7749b24b3fbc175f71e2dd371f2507f841521a75928777f8967cae92acfa234b
data/raw/snv/TestCase 738/snp_SRR7890845_bowtie-SRR7890844_bowtie_somaticsniper.vcf.filtered.recode.vcf.gz,66362,89ef7cdb06ed686e6967e412d3e552f18a28de6676bb211b208fda81254adeaa
data/raw/snv/TestCase 739/snp_SRR7890845_bwa2-SRR7890844_bwa2_mutect.vcf.secondbed.vcf.recode.vcf,1097445,d0ca34594f10f8db7f31f73d7c57af800d8e2de4cf8b5f3fa229d720d76d7be7
data/raw/snv/TestCase 739/snp_SRR7890845_bwa2-SRR7890844_bwa2_mutect.vcf.secondbed.vcf.recode.vcf.gz,203991,8000163f5c93b4fe071b1fec5c44bbd83d49c0df3028ab759e8af959de44446a
data/raw/snv/TestCase 74/snp_SRR7890919_bowtie-SRR7890918_bowtie_strelka.vcf.secondbed.vcf.recode.vcf,12184177,6d886971292f794ed9c4cd6aa7eb2045d65eb97d271ac2c4ee12484e07f40967
data/raw/snv/TestCase 74/snp_SRR7890919_bowtie-SRR7890918_bowtie_strelka.vcf.secondbed.vcf.recode.vcf.gz,1984338,57d31a8b4b3df1a8e5e64e122714a5be18eed9dbc7605fec14e2d93d1dd82f9c
data/raw/snv/TestCase 740/snp_SRR7890845_bowtie-SRR7890844_bowtie_mutect.vcf.secondbed.vcf.recode.vcf,995134,96cd4f979fa708221b8d9e9c61b64afce3e2952a60bdf24b4bdbde30021193a7
data/raw/snv/TestCase 740/snp_SRR7890845_bowtie-SRR7890844_bowtie_mutect.vcf.secondbed.vcf.recode.vcf.gz,180420,561abdbad188afdeec32a054dea389f9f7dbf094ff2bc2e9e0ea42d1f21a86df
data/raw/snv/TestCase 741/snp_SRR7890845_bwa2-SRR7890844_bwa2_strelka.vcf.secondbed.vcf.recode.vcf,22307121,95fc095cebb77f022ff947182d8e0ed37a60c35503df8587eede37b970e16457
data/raw/snv/TestCase 741/snp_SRR7890845_bwa2-SRR7890844_bwa2_strelka.vcf.secondbed.vcf.recode.vcf.gz,3229562,d4215990d87fa3f82055f4ed2f14d147800af7bbda0554bcca550a34e9ded06d
data/raw/snv/TestCase 742/snp_SRR7890845_bowtie-SRR7890844_bowtie_strelka.vcf.secondbed.vcf.recode.vcf,19517363,2fd4cf5fad5e8c7ebfe43bbad4a89a1ac219b53a78fb5257e560f4a127db5885
data/raw/snv/TestCase 742/snp_SRR7890845_bowtie-SRR7890844_bowtie_strelka.vcf.secondbed.vcf.recode.vcf.gz,2887360,f66bdd0cb0ddafd544392e5b3abb10ef68b3c6e7b5bdeada9a69658154507490
data/raw/snv/TestCase 743/snp_SRR7890845_bwa2-SRR7890844_bwa2_somaticsniper.vcf.filtered.recode.vcf,498559,067d880a0c2334cc038aff53c4bde531dd9fbaf4700cd10d81429ed85c3ac8c1
data/raw/snv/TestCase 743/snp_SRR7890845_bwa2-SRR7890844_bwa2_somaticsniper.vcf.filtered.recode.vcf.gz,73955,ebe7046b6f9d753e4a440606ff2a95940a6188589358f0c5c3416465aa868fbb
data/raw/snv/TestCase 744/snp_SRR7890845_bowtie-SRR7890844_bowtie_somaticsniper.vcf.filtered.recode.vcf,462293,a11dbcbf48140ce60aefaa20b67b1a25eaf0414a353e66e88b1421c1a4320b58
data/raw/snv/TestCase 744/snp_SRR7890845_bowtie-SRR7890844_bowtie_somaticsniper.vcf.filtered.recode.vcf.gz,66362,02f8b4c76001a47151bee324eb84bfb71328bbd71811143fbef0775b14b5be55
data/raw/snv/TestCase 745/snp_SRR7890845-SRR7890845bwa2-SRR7890844-SRR7890844bwa2_mutect.vcf.secondbed.vcf.recode.vcf,1105403,c6ad797f1dbf6ac67e876ac1fe6bbb5f13d49261ade8aa11eb60d16f367b6040
data/raw/snv/TestCase 745/snp_SRR7890845-SRR7890845bwa2-SRR7890844-SRR7890844bwa2_mutect.vcf.secondbed.vcf.recode.vcf.gz,209302,4cf0fbe232c0473a75cfeb06b98c4fe75839bfc65830643647c541283e07e9d9
data/raw/snv/TestCase 746/snp_SRR7890845-SRR7890845bowtie-SRR7890844-SRR7890844bowtie_mutect.vcf.secondbed.vcf.recode.vcf,1050022,9419a3f8557546ad6392135c6c463901234697b8532b2aa7f80a53009eed07ab
data/raw/snv/TestCase 746/snp_SRR7890845-SRR7890845bowtie-SRR7890844-SRR7890844bowtie_mutect.vcf.secondbed.vcf.recode.vcf.gz,195087,0869cafe0467ddf5811eaf7beacf9508c0f56967d641ef991ad49e34449b8d22
data/raw/snv/TestCase 747/snp_SRR7890845-SRR7890845bwa2-SRR7890844-SRR7890844bwa2_strelka.vcf.secondbed.vcf.recode.vcf,18433147,5a099128d0c055d6a9d0dca6d8ca132a852a7c4ecde77c9da38d3b59f291dcaf
data/raw/snv/TestCase 747/snp_SRR7890845-SRR7890845bwa2-SRR7890844-SRR7890844bwa2_strelka.vcf.secondbed.vcf.recode.vcf.gz,2772885,9b9ec9d38caa54882a85fb5fb1556efb701454c50283e0811a3b58d2c759fdeb
data/raw/snv/TestCase 748/snp_SRR7890845-SRR7890845bowtie-SRR7890844-SRR7890844bowtie_strelka.vcf.secondbed.vcf.recode.vcf,12828702,b87bc41d90724aef6b91bb92a3f2d1e5769d620f84da9f770d2cac96e8fb7a84
data/raw/snv/TestCase 748/snp_SRR7890845-SRR7890845bowtie-SRR7890844-SRR7890844bowtie_strelka.vcf.secondbed.vcf.recode.vcf.gz,2194320,9407a1b18833a04caceca0726db7579c5a1cbb61bd75079018f0915af712c3f5
data/raw/snv/TestCase 749/snp_SRR7890845-SRR7890845bwa2-SRR7890844-SRR7890844bwa2_somaticsniper.vcf.filtered.recode.vcf,479857,642037f482e79da7b7aca18b1b017ae89b1ac1840c47ecbfa1b85128617ff6bd
data/raw/snv/TestCase 749/snp_SRR7890845-SRR7890845bwa2-SRR7890844-SRR7890844bwa2_somaticsniper.vcf.filtered.recode.vcf.gz,72484,c3c3da260b4e21f2e973cd9d5910fc38a9d307b3a561f72e373473adf87a92a9
data/raw/snv/TestCase 750/snp_SRR7890845-SRR7890845bowtie-SRR7890844-SRR7890844bowtie_somaticsniper.vcf.filtered.recode.vcf,339129,418933fdfbb81afbc7d354e199e61a120c621b1bb16c7a097298319a8dd0d583
data/raw/snv/TestCase 750/snp_SRR7890845-SRR7890845bowtie-SRR7890844-SRR7890844bowtie_somaticsniper.vcf.filtered.recode.vcf.gz,46287,142c22a915f42c6f83c9c171e3e8e5853e7bd808daef26a0d4a9a22044eedefe
data/raw/snv/TestCase 751/snp_SRR7890845-SRR7890845bwa2-SRR7890844-SRR7890844bwa2_mutect.vcf.secondbed.vcf.recode.vcf,1105403,bd5febc53cb4510439b466c4d7513fe0ba98b022a68c182c8f5f94a33cb2290e
data/raw/snv/TestCase 751/snp_SRR7890845-SRR7890845bwa2-SRR7890844-SRR7890844bwa2_mutect.vcf.secondbed.vcf.recode.vcf.gz,209302,8f7c768eb56b732921b1a6223c12be1876495b442fe4f4a841525a743e6547bf
data/raw/snv/TestCase 752/snp_SRR7890845-SRR7890845bowtie-SRR7890844-SRR7890844bowtie_mutect.vcf.secondbed.vcf.recode.vcf,1050022,5804387f4f14a6cc3e80a2cd1a073b7a4e2e2648bde4fd838d2a50ce379d82b2
data/raw/snv/TestCase 752/snp_SRR7890845-SRR7890845bowtie-SRR7890844-SRR7890844bowtie_mutect.vcf.secondbed.vcf.recode.vcf.gz,195089,bf82ca812e96ed360379435767ff1312df165f121e746786f9051f1d1866eb2c
data/raw/snv/TestCase 753/snp_SRR7890845-SRR7890845bwa2-SRR7890844-SRR7890844bwa2_strelka.vcf.secondbed.vcf.recode.vcf,18433143,cfe8bd2f9e32cfa00698ca4dda1096a0bcd8da95f9d4e4f31c357261012b6116
data/raw/snv/TestCase 753/snp_SRR7890845-SRR7890845bwa2-SRR7890844-SRR7890844bwa2_strelka.vcf.secondbed.vcf.recode.vcf.gz,2772819,800fa4fa27177ced27bde39a311bc4c52d24187c92ed9464f455359c5c0b4bde
data/raw/snv/TestCase 754/snp_SRR7890845-SRR7890845bowtie-SRR7890844-SRR7890844bowtie_strelka.vcf.secondbed.vcf.recode.vcf,12828698,d6346eeb85277bc477d7f82f9423d8154fb1b35f7765db0998bcc2f8bfeb7c9a
data/raw/snv/TestCase 754/snp_SRR7890845-SRR7890845bowtie-SRR7890844-SRR7890844bowtie_strelka.vcf.secondbed.vcf.recode.vcf.gz,2194453,2080e64f772d65e7429940aa701fefbc35c57dc9c5108b658fee17f65654c61f
data/raw/snv/TestCase 755/snp_SRR7890845-SRR7890845bwa2-SRR7890844-SRR7890844bwa2_somaticsniper.vcf.filtered.recode.vcf,479857,c6e4e7b8090b3e15fcae86b78a4661749ed68d96f05528dfa2c6d87ce3ea162c
data/raw/snv/TestCase 755/snp_SRR7890845-SRR7890845bwa2-SRR7890844-SRR7890844bwa2_somaticsniper.vcf.filtered.recode.vcf.gz,72485,b59a61d9675311f74f096cc6c5cab3eb0b10b43287872ef3566812557ca96dd5
data/raw/snv/TestCase 756/snp_SRR7890845-SRR7890845bowtie-SRR7890844-SRR7890844bowtie_somaticsniper.vcf.filtered.recode.vcf,339129,47f9ca5cfce5bc5b367da15332bcff47eff32d5bfb045639f12564d8609a809e
data/raw/snv/TestCase 756/snp_SRR7890845-SRR7890845bowtie-SRR7890844-SRR7890844bowtie_somaticsniper.vcf.filtered.recode.vcf.gz,46288,1cd3eadb7baf5064b303954c01f882e5045482a59055c0ecccd6b0506c0beff9
data/raw/snv/TestCase 757/snp_SRR7890845-SRR7890845bwa2-SRR7890844-SRR7890844bwa2_mutect.vcf.secondbed.vcf.recode.vcf,1096068,43fcf5f6b09b2e3e8b048827a6861d5856d52af88edc2b31f1cf8ba96b69c20b
data/raw/snv/TestCase 757/snp_SRR7890845-SRR7890845bwa2-SRR7890844-SRR7890844bwa2_mutect.vcf.secondbed.vcf.recode.vcf.gz,204428,fc5309d134aaa10f28223c946c442225d12a00be813d2b53e109b7dceb993e12
data/raw/snv/TestCase 758/snp_SRR7890845-SRR7890845bowtie-SRR7890844-SRR7890844bowtie_mutect.vcf.secondbed.vcf.recode.vcf,1102927,42d4e051fdb64966098cdf90440470b732a7b3e4e3594d0acb6aef6c4c2afdd5
data/raw/snv/TestCase 758/snp_SRR7890845-SRR7890845bowtie-SRR7890844-SRR7890844bowtie_mutect.vcf.secondbed.vcf.recode.vcf.gz,203754,4f56adb7f6e731a3c9d1506c54677ee16dc21242493e8977b54ce098e3ded282
data/raw/snv/TestCase 759/snp_SRR7890845-SRR7890845bwa2-SRR7890844-SRR7890844bwa2_strelka.vcf.secondbed.vcf.recode.vcf,22471162,0e57e7884c605b7ba6bf921aca913bbe14cb90b3f79eab8e6c434f64b8480390
data/raw/snv/TestCase 759/snp_SRR7890845-SRR7890845bwa2-SRR7890844-SRR7890844bwa2_strelka.vcf.secondbed.vcf.recode.vcf.gz,3325060,1cd3dce16bd5745f7a64f05ea9d12a34bc289743e36922d3e5d318752753683b
data/raw/snv/TestCase 760/snp_SRR7890845-SRR7890845bowtie-SRR7890844-SRR7890844bowtie_strelka.vcf.secondbed.vcf.recode.vcf,17233577,1cadc34d4fb83000f27b7e2b7dc42231622c64b16a889cb1832978ff7ce81ecf
data/raw/snv/TestCase 760/snp_SRR7890845-SRR7890845bowtie-SRR7890844-SRR7890844bowtie_strelka.vcf.secondbed.vcf.recode.vcf.gz,2900183,b68c6b4f66cb84ad7a93e1b151fce2e973e553dc74342248efe47d6cec280b71
data/raw/snv/TestCase 761/snp_SRR7890845-SRR7890845bwa2-SRR7890844-SRR7890844bwa2_somaticsniper.vcf.filtered.recode.vcf,490514,50e6e71a4deb30a92524d639cdd264378fd6582c5f5bc06d748f7d2e0cfb5eb7
data/raw/snv/TestCase 761/snp_SRR7890845-SRR7890845bwa2-SRR7890844-SRR7890844bwa2_somaticsniper.vcf.filtered.recode.vcf.gz,73107,ed3c9cee68a70025b9d40d808641799ee82f16a79b793fd9e13d41f0407eda24
data/raw/snv/TestCase 762/snp_SRR7890845-SRR7890845bowtie-SRR7890844-SRR7890844bowtie_somaticsniper.vcf.filtered.recode.vcf,355425,38def05cbd67cadac87ed71a12eb5d8429ef3253dbe80b790eb75a44b5809575
data/raw/snv/TestCase 762/snp_SRR7890845-SRR7890845bowtie-SRR7890844-SRR7890844bowtie_somaticsniper.vcf.filtered.recode.vcf.gz,48199,60b96dfa1a609c6321a5c8b305a3c1bd5fb2ba97d48141220105d857da717e4c
data/raw/snv/TestCase 763/snp_SRR7890845-SRR7890845bwa2-SRR7890844-SRR7890844bwa2_mutect.vcf.secondbed.vcf.recode.vcf,1096068,cefd23c7732c8b58ca902d2f1ca6a1cd064905c7a93925a25ebd6aa903e3d3f9
data/raw/snv/TestCase 763/snp_SRR7890845-SRR7890845bwa2-SRR7890844-SRR7890844bwa2_mutect.vcf.secondbed.vcf.recode.vcf.gz,204429,e4e8e062c7a26668ce511de4f992b460eaa8b1432c7628ef3bdcfe924b8c6bc4
data/raw/snv/TestCase 764/snp_SRR7890845-SRR7890845bowtie-SRR7890844-SRR7890844bowtie_mutect.vcf.secondbed.vcf.recode.vcf,1102900,d977a955e8db60f4e858dea916e1ed66bbc55a3379849d985bb808deb6a61ee9
data/raw/snv/TestCase 764/snp_SRR7890845-SRR7890845bowtie-SRR7890844-SRR7890844bowtie_mutect.vcf.secondbed.vcf.recode.vcf.gz,203756,448255d1d68ead6e821cf9a1b98b4000930bd5234aa6046d51ef6ba5f471eedd
data/raw/snv/TestCase 765/snp_SRR7890845-SRR7890845bwa2-SRR7890844-SRR7890844bwa2_strelka.vcf.secondbed.vcf.recode.vcf,22471158,d66c9fbf1a47763480bc4ac791dd5f2af7e3a049842b309404c16bf3e8aa339d
data/raw/snv/TestCase 765/snp_SRR7890845-SRR7890845bwa2-SRR7890844-SRR7890844bwa2_strelka.vcf.secondbed.vcf.recode.vcf.gz,3325020,e6accb22394ba580a5941027a6a7a4a4aab4c3c3f70455d0510c47ac99bd7ae0
data/raw/snv/TestCase 766/snp_SRR7890845-SRR7890845bowtie-SRR7890844-SRR7890844bowtie_strelka.vcf.secondbed.vcf.recode.vcf,17233573,8ab43152e71b7966e986c5e3f9daca02d8d5c421bf19266f3c67fee269452b8a
data/raw/snv/TestCase 766/snp_SRR7890845-SRR7890845bowtie-SRR7890844-SRR7890844bowtie_strelka.vcf.secondbed.vcf.recode.vcf.gz,2900181,bb3d1c43cd6dc1defec2d6fa92fe609417aa64b6468849a96da8f90d589ec75a
data/raw/snv/TestCase 767/snp_SRR7890845-SRR7890845bwa2-SRR7890844-SRR7890844bwa2_somaticsniper.vcf.filtered.recode.vcf,490514,92935e9baea204fd9e33012d1bfc11751f385d245707eecb73006c8da4c07cea
data/raw/snv/TestCase 767/snp_SRR7890845-SRR7890845bwa2-SRR7890844-SRR7890844bwa2_somaticsniper.vcf.filtered.recode.vcf.gz,73109,f3cfb94ce9b0f52c29c3ec3f05e86defd71ebf91b2cb22111d6b68d16cf71855
data/raw/snv/TestCase 768/snp_SRR7890845-SRR7890845bowtie-SRR7890844-SRR7890844bowtie_somaticsniper.vcf.filtered.recode.vcf,355425,3ad32c27bd93baad8b0b7ce43a13c54c5aabe4f3576eec8e892e440b40c66025
data/raw/snv/TestCase 768/snp_SRR7890845-SRR7890845bowtie-SRR7890844-SRR7890844bowtie_somaticsniper.vcf.filtered.recode.vcf.gz,48200,a20b879a386f9f545d1b3d3733b79b28ae0eb04549e3f5b520a0c9ebbe84dd2b
data/raw/snv/TestCase 769/snp_SRR7890874_bwa2-SRR7890883_bwa2_mutect.vcf.secondbed.vcf.recode.vcf,1131745,1751f954246285e8128e15e3c7eb212024988238d169cf7af6f06ce7630ad3d1
data/raw/snv/TestCase 769/snp_SRR7890874_bwa2-SRR7890883_bwa2_mutect.vcf.secondbed.vcf.recode.vcf.gz,223456,27f082e60c4e1ba43b592b79a44c57576df939a7255e0218c9666c5c644ae416
data/raw/snv/TestCase 770/snp_SRR7890874-SRR7890874bwa2-SRR7890883-SRR7890883bwa2_mutect.vcf.secondbed.vcf.recode.vcf,2111628,399c3d62bd502a89f9105651283e7db107a95aec718b6a35a87d6bdbcb9003c6
data/raw/snv/TestCase 770/snp_SRR7890874-SRR7890874bwa2-SRR7890883-SRR7890883bwa2_mutect.vcf.secondbed.vcf.recode.vcf.gz,434664,af4c16afdef8de8186ddffe7b10f8e5459f4cca7d44fdca1f99795ea65b83fd1
data/raw/snv/TestCase 771/snp_SRR7890874_bwa2-SRR7890883_bwa2_mutect.vcf.secondbed.vcf.recode.vcf,2112731,7a4708f802b370521c7300b5b40f6aa2e090c78e04cb3e9510beece57b8b1069
data/raw/snv/TestCase 771/snp_SRR7890874_bwa2-SRR7890883_bwa2_mutect.vcf.secondbed.vcf.recode.vcf.gz,433522,33d721cda89b1a73e555c56b81e591d2d35d2e895cf5b30feccd809ef24d27b2
data/raw/snv/TestCase 772/snp_SRR7890874-SRR7890874bwa2-SRR7890883-SRR7890883bwa2_mutect.vcf.secondbed.vcf.recode.vcf,1108989,37a27c9929e893f55b2ab56dcd5edec487259ff47e8afe929af06de8065b4d1d
data/raw/snv/TestCase 772/snp_SRR7890874-SRR7890874bwa2-SRR7890883-SRR7890883bwa2_mutect.vcf.secondbed.vcf.recode.vcf.gz,217578,42fb8891c15e164e839bb2f5cfe3568f79016d9756a7574494f28b8963ae0d09
data/raw/snv/TestCase 773/snp_SRR7890874_bowtie-SRR7890883_bowtie_mutect.vcf.secondbed.vcf.recode.vcf,999429,659ecdf7e43bf07fdcfabe5395221f90382c167c5ada8c830b2ee90cde2c5c89
data/raw/snv/TestCase 773/snp_SRR7890874_bowtie-SRR7890883_bowtie_mutect.vcf.secondbed.vcf.recode.vcf.gz,190425,9fad4b5ea1b529acaea521a50ef2ff80930a273d61950f679256ff09309f4fc2
data/raw/snv/TestCase 774/snp_SRR7890874-SRR7890874bowtie-SRR7890883-SRR7890883bowtie_mutect.vcf.secondbed.vcf.recode.vcf,2163553,4a5cac6ac1ade9a99c802ba8a8bbb25a51bbcb416df528452255de86d2a53e8f
data/raw/snv/TestCase 774/snp_SRR7890874-SRR7890874bowtie-SRR7890883-SRR7890883bowtie_mutect.vcf.secondbed.vcf.recode.vcf.gz,439931,873603da5839420f14354ec1b375109a90b59e9890516d80a4ef9a7c6c1ef71c
data/raw/snv/TestCase 775/snp_SRR7890874_bowtie-SRR7890883_bowtie_mutect.vcf.secondbed.vcf.recode.vcf,2091808,ae07af93ce13f5b7c532ae9701e0b199ba50a7f0dc15fcfc46fc40c8ad607268
data/raw/snv/TestCase 775/snp_SRR7890874_bowtie-SRR7890883_bowtie_mutect.vcf.secondbed.vcf.recode.vcf.gz,424231,f0003fe22f99700de85d577ec1a512daa8c367bcebcfd373d2f8d61bfb8bc611
data/raw/snv/TestCase 776/snp_SRR7890874-SRR7890874bowtie-SRR7890883-SRR7890883bowtie_mutect.vcf.secondbed.vcf.recode.vcf,1056145,b48cc6cab600ebde404d61fcf2c7ddf1045bdb40b1b58e54a841246b0c340eef
data/raw/snv/TestCase 776/snp_SRR7890874-SRR7890874bowtie-SRR7890883-SRR7890883bowtie_mutect.vcf.secondbed.vcf.recode.vcf.gz,202078,90a643b97d01c46bda3458cc9dd65dd2b04e17303ee921ec9bfa0ad50fbe8fd7
data/raw/snv/TestCase 777/snp_SRR7890874_bwa2-SRR7890883_bwa2_strelka.vcf.secondbed.vcf.recode.vcf,14131070,ccbbea9c9451a457c0ab088f4471f11642ce545de99372a2076ac35070160ecc
data/raw/snv/TestCase 777/snp_SRR7890874_bwa2-SRR7890883_bwa2_strelka.vcf.secondbed.vcf.recode.vcf.gz,2318717,7d83f489f20f9fa24cd4d33474f345278981bd7d55cc3c8a5a0a87904b8ca375
data/raw/snv/TestCase 778/snp_SRR7890874-SRR7890874bwa2-SRR7890883-SRR7890883bwa2_strelka.vcf.secondbed.vcf.recode.vcf,25883688,cb02d14546520dd6beaebf7f609cba7f8864052715e2942a51614fb676f8aab6
data/raw/snv/TestCase 778/snp_SRR7890874-SRR7890874bwa2-SRR7890883-SRR7890883bwa2_strelka.vcf.secondbed.vcf.recode.vcf.gz,4202346,1c69a49ec815d4e6a3c567de226af004185d796d5c3bf2d234b65ffbab1bebf6
data/raw/snv/TestCase 779/snp_SRR7890874_bwa2-SRR7890883_bwa2_strelka.vcf.secondbed.vcf.recode.vcf,25468593,408a494ebe571edcb4e586906bcaf79c370f2aecd9d66528a062c6e5fd7039b4
data/raw/snv/TestCase 779/snp_SRR7890874_bwa2-SRR7890883_bwa2_strelka.vcf.secondbed.vcf.recode.vcf.gz,4052792,6002fa929dead7266f2c4bd74ca0ac10a4942071f3956a01f4425fa35ffa0394
data/raw/snv/TestCase 780/snp_SRR7890874-SRR7890874bwa2-SRR7890883-SRR7890883bwa2_strelka.vcf.secondbed.vcf.recode.vcf,13901644,67757c927dfa0c276ac08c1452267b1f0badd85b44954f11d7c6e9ca679a7a8b
data/raw/snv/TestCase 780/snp_SRR7890874-SRR7890874bwa2-SRR7890883-SRR7890883bwa2_strelka.vcf.secondbed.vcf.recode.vcf.gz,2317801,6faa73261f756c6d0d4e7792f2541679612f75fdda1314a6aad704b6dbb268de
data/raw/snv/TestCase 781/snp_SRR7890874_bowtie-SRR7890883_bowtie_strelka.vcf.secondbed.vcf.recode.vcf,11067936,a9e635d37f273b118d5aee8445ee2fc3007a17241299985cad31a7ac898b850d
data/raw/snv/TestCase 781/snp_SRR7890874_bowtie-SRR7890883_bowtie_strelka.vcf.secondbed.vcf.recode.vcf.gz,1894292,72082b35249a7fbd04f9ee48f3459f35ffec2894a52a55ebcde457b4f3b296d0
data/raw/snv/TestCase 782/snp_SRR7890874-SRR7890874bowtie-SRR7890883-SRR7890883bowtie_strelka.vcf.secondbed.vcf.recode.vcf,18436792,05735263b9deee4b85e30c8ea2f84323b36ac568609ad26f19044527445d85d5
data/raw/snv/TestCase 782/snp_SRR7890874-SRR7890874bowtie-SRR7890883-SRR7890883bowtie_strelka.vcf.secondbed.vcf.recode.vcf.gz,3288301,756a3b8abc1640132768467300383c245ce72ac83b6a147f1df1a955cd4f572d
data/raw/snv/TestCase 783/snp_SRR7890874_bowtie-SRR7890883_bowtie_strelka.vcf.secondbed.vcf.recode.vcf,20487836,c407d37829dc7f2a13f9907eb652e6d6c463e299b8bd545fe77467114ac0de70
data/raw/snv/TestCase 783/snp_SRR7890874_bowtie-SRR7890883_bowtie_strelka.vcf.secondbed.vcf.recode.vcf.gz,3391383,783fa2362602a787977dc8964344823f99821c509cfe783de8bf46d4e82bbab9
data/raw/snv/TestCase 784/snp_SRR7890874-SRR7890874bowtie-SRR7890883-SRR7890883bowtie_strelka.vcf.secondbed.vcf.recode.vcf,10652512,ff369e19bdfbdcdd5c28cc51b913626134a10aa166b8d24dd99ef200f0a75325
data/raw/snv/TestCase 784/snp_SRR7890874-SRR7890874bowtie-SRR7890883-SRR7890883bowtie_strelka.vcf.secondbed.vcf.recode.vcf.gz,1940558,f8b7b2f6a1329fc5192240cee85f1605f7b6c10b8e17075d3ae9233513f172a6
data/raw/snv/TestCase 785/snp_SRR7890874_bwa2-SRR7890883_bwa2_somaticsniper.vcf.filtered.recode.vcf,485500,3c3407198a768effa38b2b98ac2390cd98ecaab77d2f5040aa503e54e3f1880c
data/raw/snv/TestCase 785/snp_SRR7890874_bwa2-SRR7890883_bwa2_somaticsniper.vcf.filtered.recode.vcf.gz,75225,a08308ded69ac3fed1ecf2fe22a31ddbd74d41bc04f34d262715beb535decab4
data/raw/snv/TestCase 786/snp_SRR7890874-SRR7890874bwa2-SRR7890883-SRR7890883bwa2_somaticsniper.vcf.filtered.recode.vcf,525899,ee401c2adf2bda3d3d9d5b30f248d806657bdd65a49f1f3c9aae564d15431db5
data/raw/snv/TestCase 786/snp_SRR7890874-SRR7890874bwa2-SRR7890883-SRR7890883bwa2_somaticsniper.vcf.filtered.recode.vcf.gz,83429,c5bef2e6beee7574d665a4a99e4cf22fa1c4e3601cc4b6cbf0f41ac3b6bc0e9d
data/raw/snv/TestCase 787/snp_SRR7890874_bwa2-SRR7890883_bwa2_somaticsniper.vcf.filtered.recode.vcf,522433,8fc6c7a6c8cd080875cb1e430760fd497273dd3155f592a41e4c91ce5cdf753a
data/raw/snv/TestCase 787/snp_SRR7890874_bwa2-SRR7890883_bwa2_somaticsniper.vcf.filtered.recode.vcf.gz,81688,851235dbcc2a28e10d025ac387c8793b9aecad141ab6584ed3c96018959f44ec
data/raw/snv/TestCase 788/snp_SRR7890874-SRR7890874bwa2-SRR7890883-SRR7890883bwa2_somaticsniper.vcf.filtered.recode.vcf,480505,6064bc9330fe3f8c9c7d43a80c79f4b283459c35b52108ed97c6b5b8c2fb5c61
data/raw/snv/TestCase 788/snp_SRR7890874-SRR7890874bwa2-SRR7890883-SRR7890883bwa2_somaticsniper.vcf.filtered.recode.vcf.gz,74829,d2114b865b6f1c17338aec5305d740f14129b3d5e11ffdac2b1a2ef3a2443009
data/raw/snv/TestCase 789/snp_SRR7890874_bowtie-SRR7890883_bowtie_somaticsniper.vcf.filtered.recode.vcf,412773,38937e6c080fed630f89e8187133e2174b0d571754e794fd1331c737faf6916a
data/raw/snv/TestCase 789/snp_SRR7890874_bowtie-SRR7890883_bowtie_somaticsniper.vcf.filtered.recode.vcf.gz,59630,4f92997682e6d16f341b596fed1b0f220ac1eeffd70384c6b35652a0fee5a325
data/raw/snv/TestCase 790/snp_SRR7890874-SRR7890874bowtie-SRR7890883-SRR7890883bowtie_somaticsniper.vcf.filtered.recode.vcf,365963,9cf37930b0b56cf81b9360fb0e4a61973ccade347a97266b2874ac56863285be
data/raw/snv/TestCase 790/snp_SRR7890874-SRR7890874bowtie-SRR7890883-SRR7890883bowtie_somaticsniper.vcf.filtered.recode.vcf.gz,51652,d5e29201329d28dcf165f2b75273d450122d380da8c062dcf3c93c3999dbf6df
data/raw/snv/TestCase 791/snp_SRR7890874_bowtie-SRR7890883_bowtie_somaticsniper.vcf.filtered.recode.vcf,463681,d0562b04f0f8e4ddf276d7316bbeeb609adee58deb38c82588c5b8f702d8cdff
data/raw/snv/TestCase 791/snp_SRR7890874_bowtie-SRR7890883_bowtie_somaticsniper.vcf.filtered.recode.vcf.gz,69635,06d75b11ae2a001ba5f26074f8c5d9f247f89a7a5e3df556ac96d7215fc9ea14
data/raw/snv/TestCase 792/snp_SRR7890874-SRR7890874bowtie-SRR7890883-SRR7890883bowtie_somaticsniper.vcf.filtered.recode.vcf,338011,c1f98e0886f8fd650991d6958c1bc3da9d1f9b8fc1004217ca70e23cbc4ad536
data/raw/snv/TestCase 792/snp_SRR7890874-SRR7890874bowtie-SRR7890883-SRR7890883bowtie_somaticsniper.vcf.filtered.recode.vcf.gz,46561,ef40c3772fbd879d26379b9f3a6038a4b79ceb335bdd938a7c1466b78da3d640
data/raw/snv/TestCase 793/snp_SRR7890874_bwa2-SRR7890883_bwa2_mutect.vcf.secondbed.vcf.recode.vcf,1131745,f23a4f7fafbfb630f61e20450ca9e8319c797af03c167948f3f89cfb0fbed666
data/raw/snv/TestCase 793/snp_SRR7890874_bwa2-SRR7890883_bwa2_mutect.vcf.secondbed.vcf.recode.vcf.gz,223457,0bb61405f394700d772bd6ac54650c88c12f12988e6a7beb953e07d55fefedd5
data/raw/snv/TestCase 794/snp_SRR7890874-SRR7890874bwa2-SRR7890883-SRR7890883bwa2_mutect.vcf.secondbed.vcf.recode.vcf,2111628,297090d18179d369b3436fd02f56a270f89ac47a29893814ec4f5421a078d9cf
data/raw/snv/TestCase 794/snp_SRR7890874-SRR7890874bwa2-SRR7890883-SRR7890883bwa2_mutect.vcf.secondbed.vcf.recode.vcf.gz,434661,866c0ce8d505cce05bc59916e3b8b260e024e2641ce7b9bf552d9437baab0733
data/raw/snv/TestCase 795/snp_SRR7890874_bwa2-SRR7890883_bwa2_mutect.vcf.secondbed.vcf.recode.vcf,2112349,8c6633f2315c2874578fd991715709ecd0500b88f700563ea8042e5bc22a2e6f
data/raw/snv/TestCase 795/snp_SRR7890874_bwa2-SRR7890883_bwa2_mutect.vcf.secondbed.vcf.recode.vcf.gz,433553,8879cd89b0f6844a98f53d35b2e90f49fe6e85a9198a31b48565b17cb64be7bc
data/raw/snv/TestCase 796/snp_SRR7890874-SRR7890874bwa2-SRR7890883-SRR7890883bwa2_mutect.vcf.secondbed.vcf.recode.vcf,1108989,28eac98a450f739506fe967efc98d0ccbbcba169420d4e65303d78c0ddfef747
data/raw/snv/TestCase 796/snp_SRR7890874-SRR7890874bwa2-SRR7890883-SRR7890883bwa2_mutect.vcf.secondbed.vcf.recode.vcf.gz,217580,55826536a480a060bf2639a8c6766e859c8ea03fe0b1a75fe4e298b93c011c63
data/raw/snv/TestCase 797/snp_SRR7890874_bowtie-SRR7890883_bowtie_mutect.vcf.secondbed.vcf.recode.vcf,999427,4a1597c45ccebe159f8e12ed25c76bbbdf5b34407663b2131bc3907d9f7272bf
data/raw/snv/TestCase 797/snp_SRR7890874_bowtie-SRR7890883_bowtie_mutect.vcf.secondbed.vcf.recode.vcf.gz,190432,94226d6f38d4378202a84145fa1bafabd7076b4fdf9945711d8aadf3e9cbb1c5
data/raw/snv/TestCase 798/snp_SRR7890874-SRR7890874bowtie-SRR7890883-SRR7890883bowtie_mutect.vcf.secondbed.vcf.recode.vcf,2163554,acc907af208777899635ae109b2bc62e6c25316dfad12c23907f6166c060499c
data/raw/snv/TestCase 798/snp_SRR7890874-SRR7890874bowtie-SRR7890883-SRR7890883bowtie_mutect.vcf.secondbed.vcf.recode.vcf.gz,440103,7c2bc6195cdc0f16af2281bbbee00a588b6254eb05fe7459a37ec8fe6d351ad5
data/raw/snv/TestCase 799/snp_SRR7890874_bowtie-SRR7890883_bowtie_mutect.vcf.secondbed.vcf.recode.vcf,2091807,5a731d5d8d5be34aa1190a9a961a5fddfd901189fa69ba8644355b36f6c9a3c9
data/raw/snv/TestCase 799/snp_SRR7890874_bowtie-SRR7890883_bowtie_mutect.vcf.secondbed.vcf.recode.vcf.gz,424224,b601b8eeed98acc4c2508401a936b9a59ab76510830e5a9da8699489d97eb952
data/raw/snv/TestCase 8/snp_SRR7890919-SRR7890919bwa2-SRR7890918-SRR7890918bwa2_mutect.vcf.secondbed.vcf.recode.vcf,1076301,f80aec1a47112653a2bbcdf693af4b9a028e2b850d83ce20b35bc96ae56a0ed2
data/raw/snv/TestCase 8/snp_SRR7890919-SRR7890919bwa2-SRR7890918-SRR7890918bwa2_mutect.vcf.secondbed.vcf.recode.vcf.gz,208906,6313218de40c65c1c91b5c994faddce308b93129141b16471439830a5bd903ec
data/raw/snv/TestCase 80/snp_SRR7890919-SRR7890919bowtie-SRR7890918-SRR7890918bowtie_strelka.vcf.secondbed.vcf.recode.vcf,14439689,6afeb375eb4a925ff3901fbe11359e9a159ff293a3a3ec566dbca31d44af07b8
data/raw/snv/TestCase 80/snp_SRR7890919-SRR7890919bowtie-SRR7890918-SRR7890918bowtie_strelka.vcf.secondbed.vcf.recode.vcf.gz,2589236,159c02009c68d566cc43a03d4f831db8d7522b6d1e8cef716df5a13aef5bdc14
data/raw/snv/TestCase 800/snp_SRR7890874-SRR7890874bowtie-SRR7890883-SRR7890883bowtie_mutect.vcf.secondbed.vcf.recode.vcf,1056143,d9bc8563bff40536df104a9bfc1ff5777e4e9468492c87f0d22c32ac6b9b2610
data/raw/snv/TestCase 800/snp_SRR7890874-SRR7890874bowtie-SRR7890883-SRR7890883bowtie_mutect.vcf.secondbed.vcf.recode.vcf.gz,202069,aef4174f1a228433647bea7a272b16f7e043609da3a25a155aab2c7def59f601
data/raw/snv/TestCase 801/snp_SRR7890874_bwa2-SRR7890883_bwa2_strelka.vcf.secondbed.vcf.recode.vcf,14130838,8c7e43260cb0b876f0519ce5712493bc72717e441cab22f502ce240ceff78a8a
data/raw/snv/TestCase 801/snp_SRR7890874_bwa2-SRR7890883_bwa2_strelka.vcf.secondbed.vcf.recode.vcf.gz,2318598,61db314f665ebf50091b10784621e30ed9b360e745c3787e696bd75a93e43800
data/raw/snv/TestCase 802/snp_SRR7890874-SRR7890874bwa2-SRR7890883-SRR7890883bwa2_strelka.vcf.secondbed.vcf.recode.vcf,25883692,074d466e7675a467e4646b79cf736b26552a18fdc97a612bd8a98be28d149c2c
data/raw/snv/TestCase 802/snp_SRR7890874-SRR7890874bwa2-SRR7890883-SRR7890883bwa2_strelka.vcf.secondbed.vcf.recode.vcf.gz,4202395,b5cb22a23101c3ea6fc6a19f9c2cde8c6f09d105cc5c1a7ba5ea8f2d253db9b4
data/raw/snv/TestCase 803/snp_SRR7890874_bwa2-SRR7890883_bwa2_strelka.vcf.secondbed.vcf.recode.vcf,25468602,3fb0ad2fe39f267dd5d1e9dbb5afd10774faee0428589f655fde10808f8cc31c
data/raw/snv/TestCase 803/snp_SRR7890874_bwa2-SRR7890883_bwa2_strelka.vcf.secondbed.vcf.recode.vcf.gz,4052712,974a8c8a105d64603afb233a26c2da164a40b5312c99b34051ea3894631a4cf4
data/raw/snv/TestCase 804/snp_SRR7890874-SRR7890874bwa2-SRR7890883-SRR7890883bwa2_strelka.vcf.secondbed.vcf.recode.vcf,13901648,ff752578c1666233595cda0e7ebb92b97a265551caaebeb2f743dddeb1ba77d6
data/raw/snv/TestCase 804/snp_SRR7890874-SRR7890874bwa2-SRR7890883-SRR7890883bwa2_strelka.vcf.secondbed.vcf.recode.vcf.gz,2317868,29fdbb79515a72e1fbc0324fc2106d9018e642716af0569b34271c01c974bc73
data/raw/snv/TestCase 805/snp_SRR7890874_bowtie-SRR7890883_bowtie_strelka.vcf.secondbed.vcf.recode.vcf,11067940,c4429de4c5039deebd63804aca94c8704fa6900597692f99dac9d642b4929e9f
data/raw/snv/TestCase 805/snp_SRR7890874_bowtie-SRR7890883_bowtie_strelka.vcf.secondbed.vcf.recode.vcf.gz,1894332,6dacdf5db328f1e8ab91f4676474ddf35d81d89949be3c696399f12d8fe87185
data/raw/snv/TestCase 806/snp_SRR7890874-SRR7890874bowtie-SRR7890883-SRR7890883bowtie_strelka.vcf.secondbed.vcf.recode.vcf,18436797,48a81b3213d28ca73984ab18338155dd94d2e3c206f791413549bbf062e8d936
data/raw/snv/TestCase 806/snp_SRR7890874-SRR7890874bowtie-SRR7890883-SRR7890883bowtie_strelka.vcf.secondbed.vcf.recode.vcf.gz,3288333,8642aaa41004641da30d016439de235e6f033ebcf075d8e8c01cb6ef124ee8c0
data/raw/snv/TestCase 807/snp_SRR7890874_bowtie-SRR7890883_bowtie_strelka.vcf.secondbed.vcf.recode.vcf,20487840,2658a0a4684e2eba48b923bb97ad765e9e5c9b52cf29335fcb230ac9862475cd
data/raw/snv/TestCase 807/snp_SRR7890874_bowtie-SRR7890883_bowtie_strelka.vcf.secondbed.vcf.recode.vcf.gz,3391426,e37db59921593f74b029026a14f3a577dd7fba5dbfd121b13deac3d8cc29e384
data/raw/snv/TestCase 808/snp_SRR7890874-SRR7890874bowtie-SRR7890883-SRR7890883bowtie_strelka.vcf.secondbed.vcf.recode.vcf,10652516,0cfbaf6d7c73e638052bf78cd3eef6e4c070f7751e17e494663ea4d3c07e4fd9
data/raw/snv/TestCase 808/snp_SRR7890874-SRR7890874bowtie-SRR7890883-SRR7890883bowtie_strelka.vcf.secondbed.vcf.recode.vcf.gz,1940516,fc5a019169a28e8a4ad0dd2822d48af7409e2a400c567fe12f02553a6ee30275
data/raw/snv/TestCase 809/snp_SRR7890874_bwa2-SRR7890883_bwa2_somaticsniper.vcf.filtered.recode.vcf,485501,1b4e607c91180849018f2265ee68b3b06ad23967c930d386f6325fa6940ce63b
data/raw/snv/TestCase 809/snp_SRR7890874_bwa2-SRR7890883_bwa2_somaticsniper.vcf.filtered.recode.vcf.gz,75225,01f8f8bed3a2930bb512173487f7b96e4a69492476cf24c2bbe4b0566aaa2939
data/raw/snv/TestCase 810/snp_SRR7890874-SRR7890874bwa2-SRR7890883-SRR7890883bwa2_somaticsniper.vcf.filtered.recode.vcf,525900,2da20b6160855dad749c0dd0ec3ce20d2612cc039244fbd20aa668c308dcf615
data/raw/snv/TestCase 810/snp_SRR7890874-SRR7890874bwa2-SRR7890883-SRR7890883bwa2_somaticsniper.vcf.filtered.recode.vcf.gz,83431,21393f543663b061c4e836cc5cd9ff62e11b2a1fe3919c0ba70877fd529329bd
data/raw/snv/TestCase 811/snp_SRR7890874_bwa2-SRR7890883_bwa2_somaticsniper.vcf.filtered.recode.vcf,522434,ad3cef5b7ca81f49f53e425fd30e39bf1cda5e6d6ed7aaa4112136e2fefe6832
data/raw/snv/TestCase 811/snp_SRR7890874_bwa2-SRR7890883_bwa2_somaticsniper.vcf.filtered.recode.vcf.gz,81693,c98d28c15565320c331408385ab6583819b073b96a95ead1f05987d4ceb974a9
data/raw/snv/TestCase 812/snp_SRR7890874-SRR7890874bwa2-SRR7890883-SRR7890883bwa2_somaticsniper.vcf.filtered.recode.vcf,480506,18e41520fea6722e1f616f4edd6281294b89a3a23894e422c7cdd7b222a3bd21
data/raw/snv/TestCase 812/snp_SRR7890874-SRR7890874bwa2-SRR7890883-SRR7890883bwa2_somaticsniper.vcf.filtered.recode.vcf.gz,74823,383dee07e54d4b32688d9e8b1e4415ba3f23ed253411268ff86eddc216670d2d
data/raw/snv/TestCase 813/snp_SRR7890874_bowtie-SRR7890883_bowtie_somaticsniper.vcf.filtered.recode.vcf,412774,9e64a8108fe5fe04185fbee6cbd0f92dd3b5a835c327b885e0d116eb4fad2fcc
data/raw/snv/TestCase 813/snp_SRR7890874_bowtie-SRR7890883_bowtie_somaticsniper.vcf.filtered.recode.vcf.gz,59634,80240541c3b02877d58ebd164853958c69c635ba474af52898f31ff44aad02e5
data/raw/snv/TestCase 814/snp_SRR7890874-SRR7890874bowtie-SRR7890883-SRR7890883bowtie_somaticsniper.vcf.filtered.recode.vcf,365964,d0a4300979db7e70740aef4343139958c9fa0ed6b55277223586d6730254a300
data/raw/snv/TestCase 814/snp_SRR7890874-SRR7890874bowtie-SRR7890883-SRR7890883bowtie_somaticsniper.vcf.filtered.recode.vcf.gz,51652,e6bedfc080f5ad45dcaa08ca7ef96955af763099583304efffaec22e26e9722c
data/raw/snv/TestCase 815/snp_SRR7890874_bowtie-SRR7890883_bowtie_somaticsniper.vcf.filtered.recode.vcf,463682,5e91fac626ad6748c513aa1d131a602f9e76637acf0ab825a9de87c3a9b6cb21
data/raw/snv/TestCase 815/snp_SRR7890874_bowtie-SRR7890883_bowtie_somaticsniper.vcf.filtered.recode.vcf.gz,69642,c94484d4d85c0e51722bf6a4f19550fffec20224b46204dc68674d2360cf985c
data/raw/snv/TestCase 816/snp_SRR7890874-SRR7890874bowtie-SRR7890883-SRR7890883bowtie_somaticsniper.vcf.filtered.recode.vcf,338012,fc89e61f081dbdae3e2b199d8d27e0a24e4dca5c729ac3fef53f7df9e9ca9aa4
data/raw/snv/TestCase 816/snp_SRR7890874-SRR7890874bowtie-SRR7890883-SRR7890883bowtie_somaticsniper.vcf.filtered.recode.vcf.gz,46560,794b38348fd2953e1f42b6c1c3dc9787deb62f27e51fd8ceec1d048f70c24406
data/raw/snv/TestCase 817/snp_SRR7890874_bwa2-SRR7890883_bwa2_mutect.vcf.secondbed.vcf.recode.vcf,1131735,8c2d8d2cf2716ff4e538681c4774f878c02dc0175cbdf911d3d7fc58afadb907
data/raw/snv/TestCase 817/snp_SRR7890874_bwa2-SRR7890883_bwa2_mutect.vcf.secondbed.vcf.recode.vcf.gz,223445,9ce3b9577f01b3bd06d32e4fe008a31832d6aae150ef3a085dddd20c8cf1ddb3
data/raw/snv/TestCase 818/snp_SRR7890874-SRR7890874bwa2-SRR7890883-SRR7890883bwa2_mutect.vcf.secondbed.vcf.recode.vcf,2111616,34b90137d9a1595a3784ade4011e2bdbc65ab4ed7ac1f415143c0c727c47f4e2
data/raw/snv/TestCase 818/snp_SRR7890874-SRR7890874bwa2-SRR7890883-SRR7890883bwa2_mutect.vcf.secondbed.vcf.recode.vcf.gz,434659,af6765d017ef7c01a7858ecf3a61dd6d975bece6c08f3072d860a33b022913b1
data/raw/snv/TestCase 819/snp_SRR7890874_bwa2-SRR7890883_bwa2_mutect.vcf.secondbed.vcf.recode.vcf,2113445,7191988e94390dbe77db26896dc1132fbbf96546cfcd6dc6b66b160d48a41eee
data/raw/snv/TestCase 819/snp_SRR7890874_bwa2-SRR7890883_bwa2_mutect.vcf.secondbed.vcf.recode.vcf.gz,434602,ad2d6b8f4c99a02d60e92a2ef934f371441d8bdf6733e24100c46c2955d8b3e9
data/raw/snv/TestCase 820/snp_SRR7890874-SRR7890874bwa2-SRR7890883-SRR7890883bwa2_mutect.vcf.secondbed.vcf.recode.vcf,1108977,e701065f050b1d2c9afa3aa2a50c669aa92d86016f28c974e51d503bb5050c35
data/raw/snv/TestCase 820/snp_SRR7890874-SRR7890874bwa2-SRR7890883-SRR7890883bwa2_mutect.vcf.secondbed.vcf.recode.vcf.gz,217824,1712f1de94dd56f77fde376a10864cdd6f5d87787ffd3fe7d7641ffe09e146e7
data/raw/snv/TestCase 821/snp_SRR7890874_bowtie-SRR7890883_bowtie_mutect.vcf.secondbed.vcf.recode.vcf,999417,e65ac475d2b5d260cf8d1c0c4203e012e255b02d42b78c978a775bbbbd32db62
data/raw/snv/TestCase 821/snp_SRR7890874_bowtie-SRR7890883_bowtie_mutect.vcf.secondbed.vcf.recode.vcf.gz,190429,84c3502b2629fedb00f64116b69ce68ff34b768947cf13e67fbb5e27acc5d3e0
data/raw/snv/TestCase 822/snp_SRR7890874-SRR7890874bowtie-SRR7890883-SRR7890883bowtie_mutect.vcf.secondbed.vcf.recode.vcf,2163544,933772b07c7da7e76056126b97a96486bbd6c0d1056711c790016cb107bd9454
data/raw/snv/TestCase 822/snp_SRR7890874-SRR7890874bowtie-SRR7890883-SRR7890883bowtie_mutect.vcf.secondbed.vcf.recode.vcf.gz,439911,3edf0bec38bb38cf56a2cd75f290912e3573ffc2da14efd89dd939649a0fa181
data/raw/snv/TestCase 823/snp_SRR7890874_bowtie-SRR7890883_bowtie_mutect.vcf.secondbed.vcf.recode.vcf,2091798,7dabd3104af6db2009cce685273670f8a6ec19d4e0ed1a22393d1e4ed8313696
data/raw/snv/TestCase 823/snp_SRR7890874_bowtie-SRR7890883_bowtie_mutect.vcf.secondbed.vcf.recode.vcf.gz,423911,b7f55cdbfe5bb32a349014b1f97253c3c72e414e865d9fc8eb9afeebed118c96
data/raw/snv/TestCase 824/snp_SRR7890874-SRR7890874bowtie-SRR7890883-SRR7890883bowtie_mutect.vcf.secondbed.vcf.recode.vcf,1056131,d147a1d30bd11a3177f537107a45f5d2d3d6bef3be89ab80992f92380be13341
data/raw/snv/TestCase 824/snp_SRR7890874-SRR7890874bowtie-SRR7890883-SRR7890883bowtie_mutect.vcf.secondbed.vcf.recode.vcf.gz,201888,218952264a76456bbc0172e4eab0aceb262dbeb4643d86bea6b2f21f6cfe284d
data/raw/snv/TestCase 825/snp_SRR7890874_bwa2-SRR7890883_bwa2_strelka.vcf.secondbed.vcf.recode.vcf,14130811,fbff3bb96d574b50743e5a49e46d972d7c6535bcc53c80d5593bb5a982d4115d
data/raw/snv/TestCase 825/snp_SRR7890874_bwa2-SRR7890883_bwa2_strelka.vcf.secondbed.vcf.recode.vcf.gz,2318554,eca89a1aa9217993ca64c9246b3490d90d330118851b09fd1bcb29de1f03d1dd
data/raw/snv/TestCase 826/snp_SRR7890874-SRR7890874bwa2-SRR7890883-SRR7890883bwa2_strelka.vcf.secondbed.vcf.recode.vcf,25883668,bab3c90b047e8866ae4b00cfd1ea40f0060305a153b1a0bfb37a6168d60379b7
data/raw/snv/TestCase 826/snp_SRR7890874-SRR7890874bwa2-SRR7890883-SRR7890883bwa2_strelka.vcf.secondbed.vcf.recode.vcf.gz,4202359,b4494cb3eda9be1f8a99b51dbcc43c5b1bc475c10be7f88b002a49229a5d39e2
data/raw/snv/TestCase 827/snp_SRR7890874_bwa2-SRR7890883_bwa2_strelka.vcf.secondbed.vcf.recode.vcf,25468575,887eedd70fe2949ce5cabbfa21a41b2c462f762f5976b1b96f1dbd995ab4798f
data/raw/snv/TestCase 827/snp_SRR7890874_bwa2-SRR7890883_bwa2_strelka.vcf.secondbed.vcf.recode.vcf.gz,4053011,62756e6093a2458a87a8fde1d9514c0e99aeb7c15c66aaad5329825f6ccff4fc
data/raw/snv/TestCase 828/snp_SRR7890874-SRR7890874bwa2-SRR7890883-SRR7890883bwa2_strelka.vcf.secondbed.vcf.recode.vcf,13901624,14e5d14dda16483772e75425af369902bb399e669da7c25fd49bfb1b66acac08
data/raw/snv/TestCase 828/snp_SRR7890874-SRR7890874bwa2-SRR7890883-SRR7890883bwa2_strelka.vcf.secondbed.vcf.recode.vcf.gz,2317710,99e9d36c3eeb8a56d4590ef98915061685351219943c40ef5ae42a694596d8af
data/raw/snv/TestCase 829/snp_SRR7890874_bowtie-SRR7890883_bowtie_strelka.vcf.secondbed.vcf.recode.vcf,11067916,b86097407a39ee5418e4d131bcd0fa3e20744450f818e9a89f990c29de23710e
data/raw/snv/TestCase 829/snp_SRR7890874_bowtie-SRR7890883_bowtie_strelka.vcf.secondbed.vcf.recode.vcf.gz,1894331,0da5e738f6ecd9feb64c2a5a41000bdc0a7d4131c04051e2138733b19e458be4
data/raw/snv/TestCase 830/snp_SRR7890874-SRR7890874bowtie-SRR7890883-SRR7890883bowtie_strelka.vcf.secondbed.vcf.recode.vcf,18436776,f8bf368629631795aa435d8daabcb770f7d5660c2828aa0a18caad2c7b26485a
data/raw/snv/TestCase 830/snp_SRR7890874-SRR7890874bowtie-SRR7890883-SRR7890883bowtie_strelka.vcf.secondbed.vcf.recode.vcf.gz,3288191,79a77a75330676cec1b6189244c504a178189d01217558ff7a8cf18a1a3b922a
data/raw/snv/TestCase 831/snp_SRR7890874_bowtie-SRR7890883_bowtie_strelka.vcf.secondbed.vcf.recode.vcf,20487816,5ef80af7c6ae7a3594d8028df27748da9580364110993e08eef7a6e18db24f2c
data/raw/snv/TestCase 831/snp_SRR7890874_bowtie-SRR7890883_bowtie_strelka.vcf.secondbed.vcf.recode.vcf.gz,3391553,53e7a8fecf91fc1df88f6e501fd43cfc55b69467509cc76cfcc32774d8cda3d9
data/raw/snv/TestCase 832/snp_SRR7890874-SRR7890874bowtie-SRR7890883-SRR7890883bowtie_strelka.vcf.secondbed.vcf.recode.vcf,10652492,6517b413beeaf6f9184b310b7e571d5f2d04b3cf95c22362e43f7221cc64020d
data/raw/snv/TestCase 832/snp_SRR7890874-SRR7890874bowtie-SRR7890883-SRR7890883bowtie_strelka.vcf.secondbed.vcf.recode.vcf.gz,1940503,63d295231a562f6e23f8392ede826f6a9fca6833ce0a8155a5297b79c5f01f2a
data/raw/snv/TestCase 833/snp_SRR7890874_bwa2-SRR7890883_bwa2_somaticsniper.vcf.filtered.recode.vcf,485311,8ecccb998bbbf96df72dc665527abe7c837bab108316c0d6635e972d25040141
data/raw/snv/TestCase 833/snp_SRR7890874_bwa2-SRR7890883_bwa2_somaticsniper.vcf.filtered.recode.vcf.gz,75168,313b6f7db9fbf6d40a93486b45ca600211802b658a1b7d72023a44c70d9695b7
data/raw/snv/TestCase 834/snp_SRR7890874-SRR7890874bwa2-SRR7890883-SRR7890883bwa2_somaticsniper.vcf.filtered.recode.vcf,525896,f61b7df2e29c3dcf8a83338f14498b649738a5005f39601ca837008bf33fc48d
data/raw/snv/TestCase 834/snp_SRR7890874-SRR7890874bwa2-SRR7890883-SRR7890883bwa2_somaticsniper.vcf.filtered.recode.vcf.gz,83365,6c0ec680139b611fbef81b5b0330797f4885c384bc6939ceabf8e0848bc1bbb5
data/raw/snv/TestCase 835/snp_SRR7890874_bwa2-SRR7890883_bwa2_somaticsniper.vcf.filtered.recode.vcf,522430,f5ce771c0c39a2b3ed67d5edbbf25bca634028da98965a3e17ebc9418e7ad47c
data/raw/snv/TestCase 835/snp_SRR7890874_bwa2-SRR7890883_bwa2_somaticsniper.vcf.filtered.recode.vcf.gz,81683,9d5f329e964082f2e88b3b063f50cbd8096afc8b03527dfeb4e2a4d55c2e607f
data/raw/snv/TestCase 836/snp_SRR7890874-SRR7890874bwa2-SRR7890883-SRR7890883bwa2_somaticsniper.vcf.filtered.recode.vcf,480502,83d0ad846f7fef9221d0b44e9a8d55b950301e83610b8ef7761757717f903324
data/raw/snv/TestCase 836/snp_SRR7890874-SRR7890874bwa2-SRR7890883-SRR7890883bwa2_somaticsniper.vcf.filtered.recode.vcf.gz,74768,592a908cc6b030ef1bf89bf23cbcb63b0e186ffeed5b0e3e895c125ff3982d63
data/raw/snv/TestCase 837/snp_SRR7890874_bowtie-SRR7890883_bowtie_somaticsniper.vcf.filtered.recode.vcf,412770,e5ec3d54e4d3470ec1f4864a73d31d31deddfeee44fa745e92d011360e88255b
data/raw/snv/TestCase 837/snp_SRR7890874_bowtie-SRR7890883_bowtie_somaticsniper.vcf.filtered.recode.vcf.gz,59575,ea8cfb65666f323f57f14c4f6593820ab8212f28ab4c868a1ad176be04bb0126
data/raw/snv/TestCase 838/snp_SRR7890874-SRR7890874bowtie-SRR7890883-SRR7890883bowtie_somaticsniper.vcf.filtered.recode.vcf,365960,9c582d835ce0e6d95de189c7aa27e96ac8407a797d6f73a46c9f42ecd55a02af
data/raw/snv/TestCase 838/snp_SRR7890874-SRR7890874bowtie-SRR7890883-SRR7890883bowtie_somaticsniper.vcf.filtered.recode.vcf.gz,51641,586b5345c727926e82f8fbfe2d79c9c117fe9cc85094a81f993f05b22932e9ca
data/raw/snv/TestCase 839/snp_SRR7890874_bowtie-SRR7890883_bowtie_somaticsniper.vcf.filtered.recode.vcf,463678,7a9280aad4c67616c836a2ce892a4134104711e1b4f20fde321b61fae2a498f5
data/raw/snv/TestCase 839/snp_SRR7890874_bowtie-SRR7890883_bowtie_somaticsniper.vcf.filtered.recode.vcf.gz,69630,6f9067308fbe017e46e6b3ccbfe0bf93242f976deabaaf6657787b57e9a67c63
data/raw/snv/TestCase 840/snp_SRR7890874-SRR7890874bowtie-SRR7890883-SRR7890883bowtie_somaticsniper.vcf.filtered.recode.vcf,338008,398dc8239ec88c0f2935fc75bb01c29364af180c728dd9186c1991cf4c28cd38
data/raw/snv/TestCase 840/snp_SRR7890874-SRR7890874bowtie-SRR7890883-SRR7890883bowtie_somaticsniper.vcf.filtered.recode.vcf.gz,46558,1a24f60c079b1471f8e6ea0f4ea9a11fd8cde3441f6a3055abe9517dd7224cb2
data/raw/snv/TestCase 841/snp_SRR7890874_bwa2-SRR7890883_bwa2_mutect.vcf.secondbed.vcf.recode.vcf,1131735,70225f91256b52a40bbdf7315c148914518657310784f8dcf97ba0a841014a27
data/raw/snv/TestCase 841/snp_SRR7890874_bwa2-SRR7890883_bwa2_mutect.vcf.secondbed.vcf.recode.vcf.gz,223444,22d4a3a4696831bb6a8d4fc8a0e70d68b0ce682adf625686b44f67056ba0163d
data/raw/snv/TestCase 842/snp_SRR7890874-SRR7890874bwa2-SRR7890883-SRR7890883bwa2_mutect.vcf.secondbed.vcf.recode.vcf,2111616,9150b1ccce3c4aca4db9ffd1f23b74e18e5fd11809e827add96000528f6bd35c
data/raw/snv/TestCase 842/snp_SRR7890874-SRR7890874bwa2-SRR7890883-SRR7890883bwa2_mutect.vcf.secondbed.vcf.recode.vcf.gz,434664,dbb1da388e8a1ca6d2795a5d872bf297f0d2c346da55fff6f71c51b2129b153c
data/raw/snv/TestCase 843/snp_SRR7890874_bwa2-SRR7890883_bwa2_mutect.vcf.secondbed.vcf.recode.vcf,2112337,d3d9a6521ae7a5f7d39d4f6528d99550ac321f220e265bbc2bbb5f80abcb1c31
data/raw/snv/TestCase 843/snp_SRR7890874_bwa2-SRR7890883_bwa2_mutect.vcf.secondbed.vcf.recode.vcf.gz,433606,0ac559044417e22e71554d1f90b8c6e0798fe1090726af87e0f011d3e7a75e22
data/raw/snv/TestCase 844/snp_SRR7890874-SRR7890874bwa2-SRR7890883-SRR7890883bwa2_mutect.vcf.secondbed.vcf.recode.vcf,1108977,b8efca34623fa365e914eb3d8feaec25394abcb6e5c4deb9ad61fa7b504173d5
data/raw/snv/TestCase 844/snp_SRR7890874-SRR7890874bwa2-SRR7890883-SRR7890883bwa2_mutect.vcf.secondbed.vcf.recode.vcf.gz,217823,8e696810138aa268d64a86a98276389e74aa83c4e216e33d1bb0c7366493b816
data/raw/snv/TestCase 845/snp_SRR7890874_bowtie-SRR7890883_bowtie_mutect.vcf.secondbed.vcf.recode.vcf,999417,e2855fefb294ea0a75e325d95fc18068973168539e2694ff2dff052ab653fe3a
data/raw/snv/TestCase 845/snp_SRR7890874_bowtie-SRR7890883_bowtie_mutect.vcf.secondbed.vcf.recode.vcf.gz,190427,ef4ffb8b931e8f8c4824b615d771503408028a8cf0acfa67f3a20555e1ece831
data/raw/snv/TestCase 846/snp_SRR7890874-SRR7890874bowtie-SRR7890883-SRR7890883bowtie_mutect.vcf.secondbed.vcf.recode.vcf,2163541,52ff02a93c31967b05b64c6230f9cb62a68196b11003f121385829188f66972b
data/raw/snv/TestCase 846/snp_SRR7890874-SRR7890874bowtie-SRR7890883-SRR7890883bowtie_mutect.vcf.secondbed.vcf.recode.vcf.gz,439909,24a53696ed08a3b36023ebf11cf804466a92709bd28f81375e80ef1ab6a480bc
data/raw/snv/TestCase 847/snp_SRR7890874_bowtie-SRR7890883_bowtie_mutect.vcf.secondbed.vcf.recode.vcf,2091794,5553d775b0f411f99bcb9958b375ee0fcd1fed6e8199b4f4fbfe8c0088e38ca6
data/raw/snv/TestCase 847/snp_SRR7890874_bowtie-SRR7890883_bowtie_mutect.vcf.secondbed.vcf.recode.vcf.gz,423898,0b255d99ec7589ef534fde46c6c37bedbd26f128438cef7ba850164ffd4442fd
data/raw/snv/TestCase 848/snp_SRR7890874-SRR7890874bowtie-SRR7890883-SRR7890883bowtie_mutect.vcf.secondbed.vcf.recode.vcf,1056131,6fb3cf692cb9da1506b54a9269cb1bb2c49470c6dadf310c6ff470c96fb89b07
data/raw/snv/TestCase 848/snp_SRR7890874-SRR7890874bowtie-SRR7890883-SRR7890883bowtie_mutect.vcf.secondbed.vcf.recode.vcf.gz,201887,40eb45f94e45ad49670fcfe244328d026a14edda2eef9e04c853e08dbea49299
data/raw/snv/TestCase 849/snp_SRR7890874_bwa2-SRR7890883_bwa2_strelka.vcf.secondbed.vcf.recode.vcf,14130818,9945731f941f5e3efd3b86d7cc646179d55a350410074776a1de8f0c6000b94f
data/raw/snv/TestCase 849/snp_SRR7890874_bwa2-SRR7890883_bwa2_strelka.vcf.secondbed.vcf.recode.vcf.gz,2318556,6c2e6a0b0ca5d11aec2fc881836ac21c42ef4ca54219de1d14cf4042c5ae9da5
data/raw/snv/TestCase 850/snp_SRR7890874-SRR7890874bwa2-SRR7890883-SRR7890883bwa2_strelka.vcf.secondbed.vcf.recode.vcf,25883672,e90ae8965773ce8bab35c2bb45c47d2e6b1285378807f46193512e0120fbf962
data/raw/snv/TestCase 850/snp_SRR7890874-SRR7890874bwa2-SRR7890883-SRR7890883bwa2_strelka.vcf.secondbed.vcf.recode.vcf.gz,4202454,f00c190b6068426cec856cfa93bad19a58511bb95b5ee88840bf71025e3d6d82
data/raw/snv/TestCase 851/snp_SRR7890874_bwa2-SRR7890883_bwa2_strelka.vcf.secondbed.vcf.recode.vcf,25468817,2a6180b9ed6685b87f0dae039b6ebe03500203b5e14dad09665664f0d083b04b
data/raw/snv/TestCase 851/snp_SRR7890874_bwa2-SRR7890883_bwa2_strelka.vcf.secondbed.vcf.recode.vcf.gz,4053232,6b3084e2984bb1149ee54a2186969ed097e8232d4fd15687d66dd93c5b52a1f7
data/raw/snv/TestCase 852/snp_SRR7890874-SRR7890874bwa2-SRR7890883-SRR7890883bwa2_strelka.vcf.secondbed.vcf.recode.vcf,13901628,32eae9f1857d516681e6bd08e95b9dd4b9b37c926ae477a3801a97d210de5ee5
data/raw/snv/TestCase 852/snp_SRR7890874-SRR7890874bwa2-SRR7890883-SRR7890883bwa2_strelka.vcf.secondbed.vcf.recode.vcf.gz,2317829,fd900e7ef3dd84eed251fff04c823ad98b2dfe3f929235d4a468fe7f8e076bde
data/raw/snv/TestCase 853/snp_SRR7890874_bowtie-SRR7890883_bowtie_strelka.vcf.secondbed.vcf.recode.vcf,11067920,5f3a5b1d41734f17b3d5b4c6288e5f5decd472a0373a01eb07ca28f5b12555cc
data/raw/snv/TestCase 853/snp_SRR7890874_bowtie-SRR7890883_bowtie_strelka.vcf.secondbed.vcf.recode.vcf.gz,1894255,cea57b42a873ad902abe20ebba9999a543868fc5ea7fbb67dc00cfc28471c0cb
data/raw/snv/TestCase 854/snp_SRR7890874-SRR7890874bowtie-SRR7890883-SRR7890883bowtie_strelka.vcf.secondbed.vcf.recode.vcf,18436777,6b39134942e3ab4b17b8d72d969678cf1b25b4cc00f3c927a957cb4e66104326
data/raw/snv/TestCase 854/snp_SRR7890874-SRR7890874bowtie-SRR7890883-SRR7890883bowtie_strelka.vcf.secondbed.vcf.recode.vcf.gz,3288196,20398d430c443e25ddbbdc062cc9bedeb7de3230e03c45b4f0d30bc233011b36
data/raw/snv/TestCase 855/snp_SRR7890874_bowtie-SRR7890883_bowtie_strelka.vcf.secondbed.vcf.recode.vcf,20487820,d7e50bfd004d6114519e136bf308ab988a4edaead86ab4be7d55b0f9709bdb80
data/raw/snv/TestCase 855/snp_SRR7890874_bowtie-SRR7890883_bowtie_strelka.vcf.secondbed.vcf.recode.vcf.gz,3391391,d27fa6f6d512e4d4414d69ae65232682670ed91155fb33b4162b51fb1080b02e
data/raw/snv/TestCase 856/snp_SRR7890874-SRR7890874bowtie-SRR7890883-SRR7890883bowtie_strelka.vcf.secondbed.vcf.recode.vcf,10652496,7abcfc75a6e03a898767c92c848e1a35edd6c060a6a512de1e173a531b2eaeb3
data/raw/snv/TestCase 856/snp_SRR7890874-SRR7890874bowtie-SRR7890883-SRR7890883bowtie_strelka.vcf.secondbed.vcf.recode.vcf.gz,1940624,dc0401bc6e8d6608e33e43de608e6a1a0913c6210e71d14c7d394b9ec06e3843
data/raw/snv/TestCase 857/snp_SRR7890874_bwa2-SRR7890883_bwa2_somaticsniper.vcf.filtered.recode.vcf,485497,d54635995b5eab1d39e9223094534eb136f50a116cbe2f21edb2b51aa467202f
data/raw/snv/TestCase 857/snp_SRR7890874_bwa2-SRR7890883_bwa2_somaticsniper.vcf.filtered.recode.vcf.gz,75218,ad1234021e9c39b76d1a04675a6bb04255a521a90e9f9e5272e8295d11c14ee7
data/raw/snv/TestCase 858/snp_SRR7890874-SRR7890874bwa2-SRR7890883-SRR7890883bwa2_somaticsniper.vcf.filtered.recode.vcf,525896,75fb395282fbef545297c2635e75a71abf6a739debd9cd14c5080e5a13774f50
data/raw/snv/TestCase 858/snp_SRR7890874-SRR7890874bwa2-SRR7890883-SRR7890883bwa2_somaticsniper.vcf.filtered.recode.vcf.gz,83362,fd96159238511e9a26d147b665b73b1fd4c6ce138aa7cc7a8f67c36ea276e923
data/raw/snv/TestCase 859/snp_SRR7890874_bwa2-SRR7890883_bwa2_somaticsniper.vcf.filtered.recode.vcf,522430,4c743e371037c14fdfa6cf14d71a37f628e072683493a05534fb0f4079a857e4
data/raw/snv/TestCase 859/snp_SRR7890874_bwa2-SRR7890883_bwa2_somaticsniper.vcf.filtered.recode.vcf.gz,81681,2317859efecc4ba67e6e3e73954c2d5c1dac82eb271d9787f136884d1f45c8fb
data/raw/snv/TestCase 86/snp_SRR7890919_bowtie-SRR7890918_bowtie_strelka.vcf.secondbed.vcf.recode.vcf,16123055,03e81632858e877cbeed624235e33b88d9e46beba40ef501918a11ae9e2dc66f
data/raw/snv/TestCase 86/snp_SRR7890919_bowtie-SRR7890918_bowtie_strelka.vcf.secondbed.vcf.recode.vcf.gz,2551542,244c0fc6071b59774c63fb981820f81abcb11a7a240d592cd510b59795270d17
data/raw/snv/TestCase 860/snp_SRR7890874-SRR7890874bwa2-SRR7890883-SRR7890883bwa2_somaticsniper.vcf.filtered.recode.vcf,480502,e5b074271711b036e4df6ce290c8ed356da4c7244177e7d2acb073f67e69be32
data/raw/snv/TestCase 860/snp_SRR7890874-SRR7890874bwa2-SRR7890883-SRR7890883bwa2_somaticsniper.vcf.filtered.recode.vcf.gz,74766,5075364f55ca393541000f2a4d1e37e3a2b316d7f882391707f37dc7aa01b133
data/raw/snv/TestCase 861/snp_SRR7890874_bowtie-SRR7890883_bowtie_somaticsniper.vcf.filtered.recode.vcf,412770,f70d8c0b866cf4bb7a047bc1783b23e0a5d4d58d58b9c35526ecbb294c1c5f9b
data/raw/snv/TestCase 861/snp_SRR7890874_bowtie-SRR7890883_bowtie_somaticsniper.vcf.filtered.recode.vcf.gz,59573,b801e939c72fe1ccea3f6efe690a58021ca54881a6e8ff1dfa569a301828f318
data/raw/snv/TestCase 862/snp_SRR7890874-SRR7890874bowtie-SRR7890883-SRR7890883bowtie_somaticsniper.vcf.filtered.recode.vcf,365960,9ab6be0380e3d89f668e44e3332b13e31cac4adc93379241ea3c565251dea4a2
data/raw/snv/TestCase 862/snp_SRR7890874-SRR7890874bowtie-SRR7890883-SRR7890883bowtie_somaticsniper.vcf.filtered.recode.vcf.gz,51640,e4506d9a22306ede257077787c9b52922f40fa40d43c12f3aad6b047c5a08ddd
data/raw/snv/TestCase 863/snp_SRR7890874_bowtie-SRR7890883_bowtie_somaticsniper.vcf.filtered.recode.vcf,463678,1270ddbecb0ded7f6aad4462550a5ee982f01c50b9ebba1a6b2638ecd1b5e684
data/raw/snv/TestCase 863/snp_SRR7890874_bowtie-SRR7890883_bowtie_somaticsniper.vcf.filtered.recode.vcf.gz,69631,d1a11cfc0bf41fcb34ec12bc659caa56a35679735e0bb8031a50f05f4bc29b32
data/raw/snv/TestCase 864/snp_SRR7890874-SRR7890874bowtie-SRR7890883-SRR7890883bowtie_somaticsniper.vcf.filtered.recode.vcf,338008,07e67bf0c02a366873a23237aa06837a1db40f9a235cd35de3286902ec25f231
data/raw/snv/TestCase 864/snp_SRR7890874-SRR7890874bowtie-SRR7890883-SRR7890883bowtie_somaticsniper.vcf.filtered.recode.vcf.gz,46557,ed23522c7dc4d87c363f06610561be733ffef341f203f4b48259eba918979ea7
data/raw/snv/TestCase 92/snp_SRR7890919-SRR7890919bowtie-SRR7890918-SRR7890918bowtie_strelka.vcf.secondbed.vcf.recode.vcf,11107743,7160405db57eeff3227857f8e7112efbce4bb2e4f1beb651386318c9ff691949
data/raw/snv/TestCase 92/snp_SRR7890919-SRR7890919bowtie-SRR7890918-SRR7890918bowtie_strelka.vcf.secondbed.vcf.recode.vcf.gz,2021717,b589acacab6585de950e6f0d5716a842abe008b4cedd77c6977210e601a254fc
data/raw/snv/TestCase 98/snp_SRR7890919_bwa2-SRR7890918_bwa2_somaticsniper.vcf.filtered.recode.vcf,499300,a5b4eb821e7376f757f2b30948bb814a03e71b93d4fef15396cb15069b00acdb
data/raw/snv/TestCase 98/snp_SRR7890919_bwa2-SRR7890918_bwa2_somaticsniper.vcf.filtered.recode.vcf.gz,76491,d828058d134cdd7122dab5b2b3c5facf3a87205a9a3a6786f1735ae2101c66aa
