TestCase1,TestCase2,Inter/Union
bo/so/no/yes/d/606/fd/U,bo/so/no/yes/d/606/fd/U,1.0
bo/so/no/yes/d/606/fd/U,bw/st/yes/no/d/639/fd/A,0.04
bo/so/no/yes/d/606/fd/U,bw/mu/no/yes/d/601/fd/U,0.04
bo/so/no/yes/d/606/fd/U,bw/mu/yes/no/d/637/fd/A,0.04
bo/so/no/yes/d/606/fd/U,bo/mu/no/yes/m/608/fd/U,0.04
bo/so/no/yes/d/606/fd/U,bo/so/yes/yes/d/630/fd/A,0.14
bo/so/no/yes/d/606/fd/U,bo/st/no/no/d/664/fd/A,0.07
bo/so/no/yes/d/606/fd/U,bw/st/no/no/d/663/fd/A,0.04
bo/so/no/yes/d/606/fd/U,bw/mu/no/yes/m/655/fd/A,0.04
bo/so/no/yes/d/606/fd/U,bo/st/no/yes/d/652/fd/A,0.07
bo/so/no/yes/d/606/fd/U,bw/mu/yes/yes/m/631/fd/A,0.04
bo/so/no/yes/d/606/fd/U,bo/so/yes/yes/m/636/fd/A,0.14
bo/so/no/yes/d/606/fd/U,bw/st/no/yes/m/609/fd/U,0.05
bo/so/no/yes/d/606/fd/U,bo/so/yes/no/m/600/fd/U,0.1
bo/so/no/yes/d/606/fd/U,bw/mu/no/yes/m/607/fd/U,0.04
bo/so/no/yes/d/606/fd/U,bo/mu/yes/no/d/638/fd/A,0.05
bo/so/no/yes/d/606/fd/U,bw/so/no/yes/d/653/fd/A,0.12
bo/so/no/yes/d/606/fd/U,bo/so/no/yes/d/654/fd/A,1.0
bo/so/no/yes/d/606/fd/U,bo/mu/no/no/d/662/fd/A,0.03
bo/so/no/yes/d/606/fd/U,bw/so/no/no/d/665/fd/A,0.1
bo/so/no/yes/d/606/fd/U,bo/mu/yes/yes/d/578/fd/U,0.05
bo/so/no/yes/d/606/fd/U,bo/so/yes/yes/d/582/fd/U,0.14
bo/so/no/yes/d/606/fd/U,bw/st/yes/yes/m/585/fd/U,0.05
bo/so/no/yes/d/606/fd/U,bo/mu/yes/yes/m/584/fd/U,0.05
bo/so/no/yes/d/606/fd/U,bw/mu/yes/yes/m/583/fd/U,0.04
bo/so/no/yes/d/606/fd/U,bw/mu/yes/yes/d/577/fd/U,0.04
bo/so/no/yes/d/606/fd/U,bw/st/yes/yes/d/579/fd/U,0.05
bo/so/no/yes/d/606/fd/U,bo/mu/yes/no/d/590/fd/U,0.05
bo/so/no/yes/d/606/fd/U,bw/st/yes/no/m/597/fd/U,0.04
bo/so/no/yes/d/606/fd/U,bw/so/yes/no/m/599/fd/U,0.09
bo/so/no/yes/d/606/fd/U,bo/st/yes/no/m/598/fd/U,0.06
bo/so/no/yes/d/606/fd/U,bo/mu/yes/no/m/596/fd/U,0.05
bo/so/no/yes/d/606/fd/U,bw/st/yes/no/d/591/fd/U,0.04
bo/so/no/yes/d/606/fd/U,bw/so/yes/no/m/647/fd/A,0.09
bo/so/no/yes/d/606/fd/U,bo/st/yes/no/d/640/fd/A,0.06
bo/so/no/yes/d/606/fd/U,bw/mu/no/yes/d/649/fd/A,0.04
bo/so/no/yes/d/606/fd/U,bw/so/no/no/m/671/fd/A,0.1
bo/so/no/yes/d/606/fd/U,bw/mu/yes/yes/d/625/fd/A,0.04
bo/so/no/yes/d/606/fd/U,bo/st/no/no/m/622/fd/U,0.07
bo/so/no/yes/d/606/fd/U,bo/mu/no/no/d/614/fd/U,0.03
bo/so/no/yes/d/606/fd/U,bw/mu/no/no/d/613/fd/U,0.04
bo/so/no/yes/d/606/fd/U,bo/st/no/no/m/670/fd/A,0.07
bo/so/no/yes/d/606/fd/U,bo/so/yes/no/m/648/fd/A,0.1
bo/so/no/yes/d/606/fd/U,bw/so/yes/no/d/641/fd/A,0.09
bo/so/no/yes/d/606/fd/U,bo/st/yes/no/m/646/fd/A,0.06
bo/so/no/yes/d/606/fd/U,bo/so/no/yes/m/612/fd/U,1.0
bo/so/no/yes/d/606/fd/U,bw/st/no/no/d/615/fd/U,0.04
bo/so/no/yes/d/606/fd/U,bw/so/no/no/m/623/fd/U,0.1
bo/so/no/yes/d/606/fd/U,bo/so/no/no/m/624/fd/U,0.44
bo/so/no/yes/d/606/fd/U,bo/so/no/yes/m/660/fd/A,1.0
bo/so/no/yes/d/606/fd/U,bo/st/no/yes/m/658/fd/A,0.07
bo/so/no/yes/d/606/fd/U,bw/mu/no/no/m/667/fd/A,0.04
bo/so/no/yes/d/606/fd/U,bw/st/no/yes/d/651/fd/A,0.05
bo/so/no/yes/d/606/fd/U,bw/st/no/no/m/669/fd/A,0.04
bo/so/no/yes/d/606/fd/U,bo/mu/no/yes/m/656/fd/A,0.04
bo/so/no/yes/d/606/fd/U,bo/mu/no/yes/d/602/fd/U,0.04
bo/so/no/yes/d/606/fd/U,bw/so/no/yes/d/605/fd/U,0.12
bo/so/no/yes/d/606/fd/U,bw/st/yes/yes/m/633/fd/A,0.05
bo/so/no/yes/d/606/fd/U,bo/st/yes/yes/m/634/fd/A,0.06
bo/so/no/yes/d/606/fd/U,bo/mu/no/no/m/668/fd/A,0.03
bo/so/no/yes/d/606/fd/U,bw/st/no/yes/m/657/fd/A,0.05
bo/so/no/yes/d/606/fd/U,bo/mu/no/yes/d/650/fd/A,0.04
bo/so/no/yes/d/606/fd/U,bw/so/no/yes/m/659/fd/A,0.12
bo/so/no/yes/d/606/fd/U,bo/so/no/no/d/666/fd/A,0.44
bo/so/no/yes/d/606/fd/U,bw/mu/no/no/d/661/fd/A,0.04
bo/so/no/yes/d/606/fd/U,bw/so/yes/yes/m/635/fd/A,0.11
bo/so/no/yes/d/606/fd/U,bo/mu/yes/yes/m/632/fd/A,0.05
bo/so/no/yes/d/606/fd/U,bo/st/no/yes/d/604/fd/U,0.07
bo/so/no/yes/d/606/fd/U,bw/st/no/yes/d/603/fd/U,0.05
bo/so/no/yes/d/606/fd/U,bo/so/yes/yes/m/588/fd/U,0.14
bo/so/no/yes/d/606/fd/U,bo/st/yes/yes/m/586/fd/U,0.06
bo/so/no/yes/d/606/fd/U,bw/so/yes/yes/d/581/fd/U,0.11
bo/so/no/yes/d/606/fd/U,bo/st/yes/yes/d/580/fd/U,0.06
bo/so/no/yes/d/606/fd/U,bw/so/yes/yes/m/587/fd/U,0.11
bo/so/no/yes/d/606/fd/U,bw/mu/yes/no/d/589/fd/U,0.04
bo/so/no/yes/d/606/fd/U,bo/so/yes/no/d/594/fd/U,0.1
bo/so/no/yes/d/606/fd/U,bw/so/yes/no/d/593/fd/U,0.09
bo/so/no/yes/d/606/fd/U,bo/st/yes/no/d/592/fd/U,0.06
bo/so/no/yes/d/606/fd/U,bw/mu/yes/no/m/595/fd/U,0.04
bo/so/no/yes/d/606/fd/U,bw/st/no/no/m/621/fd/U,0.04
bo/so/no/yes/d/606/fd/U,bw/mu/no/no/m/619/fd/U,0.04
bo/so/no/yes/d/606/fd/U,bo/mu/yes/yes/d/626/fd/A,0.05
bo/so/no/yes/d/606/fd/U,bo/st/no/yes/m/610/fd/U,0.07
bo/so/no/yes/d/606/fd/U,bo/st/yes/yes/d/628/fd/A,0.06
bo/so/no/yes/d/606/fd/U,bw/so/no/no/d/617/fd/U,0.1
bo/so/no/yes/d/606/fd/U,bw/mu/yes/no/m/643/fd/A,0.04
bo/so/no/yes/d/606/fd/U,bo/mu/yes/no/m/644/fd/A,0.05
bo/so/no/yes/d/606/fd/U,bo/so/no/no/m/672/fd/A,0.44
bo/so/no/yes/d/606/fd/U,bw/so/yes/yes/d/629/fd/A,0.11
bo/so/no/yes/d/606/fd/U,bo/st/no/no/d/616/fd/U,0.07
bo/so/no/yes/d/606/fd/U,bw/so/no/yes/m/611/fd/U,0.12
bo/so/no/yes/d/606/fd/U,bo/so/no/no/d/618/fd/U,0.44
bo/so/no/yes/d/606/fd/U,bw/st/yes/yes/d/627/fd/A,0.05
bo/so/no/yes/d/606/fd/U,bo/mu/no/no/m/620/fd/U,0.03
bo/so/no/yes/d/606/fd/U,bw/st/yes/no/m/645/fd/A,0.04
bo/so/no/yes/d/606/fd/U,bo/so/yes/no/d/642/fd/A,0.1
bw/st/yes/no/d/639/fd/A,bo/so/no/yes/d/606/fd/U,0.04
bw/st/yes/no/d/639/fd/A,bw/st/yes/no/d/639/fd/A,1.0
bw/st/yes/no/d/639/fd/A,bw/mu/no/yes/d/601/fd/U,0.35
bw/st/yes/no/d/639/fd/A,bw/mu/yes/no/d/637/fd/A,0.37
bw/st/yes/no/d/639/fd/A,bo/mu/no/yes/m/608/fd/U,0.29
bw/st/yes/no/d/639/fd/A,bo/so/yes/yes/d/630/fd/A,0.3
bw/st/yes/no/d/639/fd/A,bo/st/no/no/d/664/fd/A,0.28
bw/st/yes/no/d/639/fd/A,bw/st/no/no/d/663/fd/A,0.81
bw/st/yes/no/d/639/fd/A,bw/mu/no/yes/m/655/fd/A,0.35
bw/st/yes/no/d/639/fd/A,bo/st/no/yes/d/652/fd/A,0.26
bw/st/yes/no/d/639/fd/A,bw/mu/yes/yes/m/631/fd/A,0.36
bw/st/yes/no/d/639/fd/A,bo/so/yes/yes/m/636/fd/A,0.3
bw/st/yes/no/d/639/fd/A,bw/st/no/yes/m/609/fd/U,0.63
bw/st/yes/no/d/639/fd/A,bo/so/yes/no/m/600/fd/U,0.27
bw/st/yes/no/d/639/fd/A,bw/mu/no/yes/m/607/fd/U,0.35
bw/st/yes/no/d/639/fd/A,bo/mu/yes/no/d/638/fd/A,0.31
bw/st/yes/no/d/639/fd/A,bw/so/no/yes/d/653/fd/A,0.31
bw/st/yes/no/d/639/fd/A,bo/so/no/yes/d/654/fd/A,0.04
bw/st/yes/no/d/639/fd/A,bo/mu/no/no/d/662/fd/A,0.32
bw/st/yes/no/d/639/fd/A,bw/so/no/no/d/665/fd/A,0.28
bw/st/yes/no/d/639/fd/A,bo/mu/yes/yes/d/578/fd/U,0.3
bw/st/yes/no/d/639/fd/A,bo/so/yes/yes/d/582/fd/U,0.3
bw/st/yes/no/d/639/fd/A,bw/st/yes/yes/m/585/fd/U,0.68
bw/st/yes/no/d/639/fd/A,bo/mu/yes/yes/m/584/fd/U,0.3
bw/st/yes/no/d/639/fd/A,bw/mu/yes/yes/m/583/fd/U,0.36
bw/st/yes/no/d/639/fd/A,bw/mu/yes/yes/d/577/fd/U,0.36
bw/st/yes/no/d/639/fd/A,bw/st/yes/yes/d/579/fd/U,0.68
bw/st/yes/no/d/639/fd/A,bo/mu/yes/no/d/590/fd/U,0.31
bw/st/yes/no/d/639/fd/A,bw/st/yes/no/m/597/fd/U,1.0
bw/st/yes/no/d/639/fd/A,bw/so/yes/no/m/599/fd/U,0.29
bw/st/yes/no/d/639/fd/A,bo/st/yes/no/m/598/fd/U,0.4
bw/st/yes/no/d/639/fd/A,bo/mu/yes/no/m/596/fd/U,0.31
bw/st/yes/no/d/639/fd/A,bw/st/yes/no/d/591/fd/U,1.0
bw/st/yes/no/d/639/fd/A,bw/so/yes/no/m/647/fd/A,0.29
bw/st/yes/no/d/639/fd/A,bo/st/yes/no/d/640/fd/A,0.4
bw/st/yes/no/d/639/fd/A,bw/mu/no/yes/d/649/fd/A,0.35
bw/st/yes/no/d/639/fd/A,bw/so/no/no/m/671/fd/A,0.28
bw/st/yes/no/d/639/fd/A,bw/mu/yes/yes/d/625/fd/A,0.36
bw/st/yes/no/d/639/fd/A,bo/st/no/no/m/622/fd/U,0.28
bw/st/yes/no/d/639/fd/A,bo/mu/no/no/d/614/fd/U,0.32
bw/st/yes/no/d/639/fd/A,bw/mu/no/no/d/613/fd/U,0.37
bw/st/yes/no/d/639/fd/A,bo/st/no/no/m/670/fd/A,0.28
bw/st/yes/no/d/639/fd/A,bo/so/yes/no/m/648/fd/A,0.27
bw/st/yes/no/d/639/fd/A,bw/so/yes/no/d/641/fd/A,0.29
bw/st/yes/no/d/639/fd/A,bo/st/yes/no/m/646/fd/A,0.4
bw/st/yes/no/d/639/fd/A,bo/so/no/yes/m/612/fd/U,0.04
bw/st/yes/no/d/639/fd/A,bw/st/no/no/d/615/fd/U,0.81
bw/st/yes/no/d/639/fd/A,bw/so/no/no/m/623/fd/U,0.28
bw/st/yes/no/d/639/fd/A,bo/so/no/no/m/624/fd/U,0.05
bw/st/yes/no/d/639/fd/A,bo/so/no/yes/m/660/fd/A,0.04
bw/st/yes/no/d/639/fd/A,bo/st/no/yes/m/658/fd/A,0.26
bw/st/yes/no/d/639/fd/A,bw/mu/no/no/m/667/fd/A,0.37
bw/st/yes/no/d/639/fd/A,bw/st/no/yes/d/651/fd/A,0.63
bw/st/yes/no/d/639/fd/A,bw/st/no/no/m/669/fd/A,0.81
bw/st/yes/no/d/639/fd/A,bo/mu/no/yes/m/656/fd/A,0.29
bw/st/yes/no/d/639/fd/A,bo/mu/no/yes/d/602/fd/U,0.29
bw/st/yes/no/d/639/fd/A,bw/so/no/yes/d/605/fd/U,0.31
bw/st/yes/no/d/639/fd/A,bw/st/yes/yes/m/633/fd/A,0.68
bw/st/yes/no/d/639/fd/A,bo/st/yes/yes/m/634/fd/A,0.36
bw/st/yes/no/d/639/fd/A,bo/mu/no/no/m/668/fd/A,0.32
bw/st/yes/no/d/639/fd/A,bw/st/no/yes/m/657/fd/A,0.63
bw/st/yes/no/d/639/fd/A,bo/mu/no/yes/d/650/fd/A,0.29
bw/st/yes/no/d/639/fd/A,bw/so/no/yes/m/659/fd/A,0.31
bw/st/yes/no/d/639/fd/A,bo/so/no/no/d/666/fd/A,0.05
bw/st/yes/no/d/639/fd/A,bw/mu/no/no/d/661/fd/A,0.37
bw/st/yes/no/d/639/fd/A,bw/so/yes/yes/m/635/fd/A,0.32
bw/st/yes/no/d/639/fd/A,bo/mu/yes/yes/m/632/fd/A,0.3
bw/st/yes/no/d/639/fd/A,bo/st/no/yes/d/604/fd/U,0.26
bw/st/yes/no/d/639/fd/A,bw/st/no/yes/d/603/fd/U,0.63
bw/st/yes/no/d/639/fd/A,bo/so/yes/yes/m/588/fd/U,0.3
bw/st/yes/no/d/639/fd/A,bo/st/yes/yes/m/586/fd/U,0.36
bw/st/yes/no/d/639/fd/A,bw/so/yes/yes/d/581/fd/U,0.32
bw/st/yes/no/d/639/fd/A,bo/st/yes/yes/d/580/fd/U,0.36
bw/st/yes/no/d/639/fd/A,bw/so/yes/yes/m/587/fd/U,0.32
bw/st/yes/no/d/639/fd/A,bw/mu/yes/no/d/589/fd/U,0.37
bw/st/yes/no/d/639/fd/A,bo/so/yes/no/d/594/fd/U,0.27
bw/st/yes/no/d/639/fd/A,bw/so/yes/no/d/593/fd/U,0.29
bw/st/yes/no/d/639/fd/A,bo/st/yes/no/d/592/fd/U,0.4
bw/st/yes/no/d/639/fd/A,bw/mu/yes/no/m/595/fd/U,0.37
bw/st/yes/no/d/639/fd/A,bw/st/no/no/m/621/fd/U,0.81
bw/st/yes/no/d/639/fd/A,bw/mu/no/no/m/619/fd/U,0.37
bw/st/yes/no/d/639/fd/A,bo/mu/yes/yes/d/626/fd/A,0.3
bw/st/yes/no/d/639/fd/A,bo/st/no/yes/m/610/fd/U,0.26
bw/st/yes/no/d/639/fd/A,bo/st/yes/yes/d/628/fd/A,0.36
bw/st/yes/no/d/639/fd/A,bw/so/no/no/d/617/fd/U,0.28
bw/st/yes/no/d/639/fd/A,bw/mu/yes/no/m/643/fd/A,0.37
bw/st/yes/no/d/639/fd/A,bo/mu/yes/no/m/644/fd/A,0.31
bw/st/yes/no/d/639/fd/A,bo/so/no/no/m/672/fd/A,0.05
bw/st/yes/no/d/639/fd/A,bw/so/yes/yes/d/629/fd/A,0.32
bw/st/yes/no/d/639/fd/A,bo/st/no/no/d/616/fd/U,0.28
bw/st/yes/no/d/639/fd/A,bw/so/no/yes/m/611/fd/U,0.31
bw/st/yes/no/d/639/fd/A,bo/so/no/no/d/618/fd/U,0.05
bw/st/yes/no/d/639/fd/A,bw/st/yes/yes/d/627/fd/A,0.68
bw/st/yes/no/d/639/fd/A,bo/mu/no/no/m/620/fd/U,0.32
bw/st/yes/no/d/639/fd/A,bw/st/yes/no/m/645/fd/A,1.0
bw/st/yes/no/d/639/fd/A,bo/so/yes/no/d/642/fd/A,0.27
bw/mu/no/yes/d/601/fd/U,bo/so/no/yes/d/606/fd/U,0.04
bw/mu/no/yes/d/601/fd/U,bw/st/yes/no/d/639/fd/A,0.35
bw/mu/no/yes/d/601/fd/U,bw/mu/no/yes/d/601/fd/U,1.0
bw/mu/no/yes/d/601/fd/U,bw/mu/yes/no/d/637/fd/A,0.83
bw/mu/no/yes/d/601/fd/U,bo/mu/no/yes/m/608/fd/U,0.64
bw/mu/no/yes/d/601/fd/U,bo/so/yes/yes/d/630/fd/A,0.34
bw/mu/no/yes/d/601/fd/U,bo/st/no/no/d/664/fd/A,0.46
bw/mu/no/yes/d/601/fd/U,bw/st/no/no/d/663/fd/A,0.34
bw/mu/no/yes/d/601/fd/U,bw/mu/no/yes/m/655/fd/A,1.0
bw/mu/no/yes/d/601/fd/U,bo/st/no/yes/d/652/fd/A,0.49
bw/mu/no/yes/d/601/fd/U,bw/mu/yes/yes/m/631/fd/A,0.89
bw/mu/no/yes/d/601/fd/U,bo/so/yes/yes/m/636/fd/A,0.34
bw/mu/no/yes/d/601/fd/U,bw/st/no/yes/m/609/fd/U,0.46
bw/mu/no/yes/d/601/fd/U,bo/so/yes/no/m/600/fd/U,0.25
bw/mu/no/yes/d/601/fd/U,bw/mu/no/yes/m/607/fd/U,1.0
bw/mu/no/yes/d/601/fd/U,bo/mu/yes/no/d/638/fd/A,0.73
bw/mu/no/yes/d/601/fd/U,bw/so/no/yes/d/653/fd/A,0.32
bw/mu/no/yes/d/601/fd/U,bo/so/no/yes/d/654/fd/A,0.04
bw/mu/no/yes/d/601/fd/U,bo/mu/no/no/d/662/fd/A,0.57
bw/mu/no/yes/d/601/fd/U,bw/so/no/no/d/665/fd/A,0.25
bw/mu/no/yes/d/601/fd/U,bo/mu/yes/yes/d/578/fd/U,0.71
bw/mu/no/yes/d/601/fd/U,bo/so/yes/yes/d/582/fd/U,0.34
bw/mu/no/yes/d/601/fd/U,bw/st/yes/yes/m/585/fd/U,0.46
bw/mu/no/yes/d/601/fd/U,bo/mu/yes/yes/m/584/fd/U,0.71
bw/mu/no/yes/d/601/fd/U,bw/mu/yes/yes/m/583/fd/U,0.89
bw/mu/no/yes/d/601/fd/U,bw/mu/yes/yes/d/577/fd/U,0.89
bw/mu/no/yes/d/601/fd/U,bw/st/yes/yes/d/579/fd/U,0.46
bw/mu/no/yes/d/601/fd/U,bo/mu/yes/no/d/590/fd/U,0.73
bw/mu/no/yes/d/601/fd/U,bw/st/yes/no/m/597/fd/U,0.35
bw/mu/no/yes/d/601/fd/U,bw/so/yes/no/m/599/fd/U,0.24
bw/mu/no/yes/d/601/fd/U,bo/st/yes/no/m/598/fd/U,0.49
bw/mu/no/yes/d/601/fd/U,bo/mu/yes/no/m/596/fd/U,0.73
bw/mu/no/yes/d/601/fd/U,bw/st/yes/no/d/591/fd/U,0.35
bw/mu/no/yes/d/601/fd/U,bw/so/yes/no/m/647/fd/A,0.24
bw/mu/no/yes/d/601/fd/U,bo/st/yes/no/d/640/fd/A,0.49
bw/mu/no/yes/d/601/fd/U,bw/mu/no/yes/d/649/fd/A,1.0
bw/mu/no/yes/d/601/fd/U,bw/so/no/no/m/671/fd/A,0.25
bw/mu/no/yes/d/601/fd/U,bw/mu/yes/yes/d/625/fd/A,0.89
bw/mu/no/yes/d/601/fd/U,bo/st/no/no/m/622/fd/U,0.46
bw/mu/no/yes/d/601/fd/U,bo/mu/no/no/d/614/fd/U,0.57
bw/mu/no/yes/d/601/fd/U,bw/mu/no/no/d/613/fd/U,0.86
bw/mu/no/yes/d/601/fd/U,bo/st/no/no/m/670/fd/A,0.46
bw/mu/no/yes/d/601/fd/U,bo/so/yes/no/m/648/fd/A,0.25
bw/mu/no/yes/d/601/fd/U,bw/so/yes/no/d/641/fd/A,0.24
bw/mu/no/yes/d/601/fd/U,bo/st/yes/no/m/646/fd/A,0.49
bw/mu/no/yes/d/601/fd/U,bo/so/no/yes/m/612/fd/U,0.04
bw/mu/no/yes/d/601/fd/U,bw/st/no/no/d/615/fd/U,0.34
bw/mu/no/yes/d/601/fd/U,bw/so/no/no/m/623/fd/U,0.25
bw/mu/no/yes/d/601/fd/U,bo/so/no/no/m/624/fd/U,0.04
bw/mu/no/yes/d/601/fd/U,bo/so/no/yes/m/660/fd/A,0.04
bw/mu/no/yes/d/601/fd/U,bo/st/no/yes/m/658/fd/A,0.49
bw/mu/no/yes/d/601/fd/U,bw/mu/no/no/m/667/fd/A,0.86
bw/mu/no/yes/d/601/fd/U,bw/st/no/yes/d/651/fd/A,0.46
bw/mu/no/yes/d/601/fd/U,bw/st/no/no/m/669/fd/A,0.34
bw/mu/no/yes/d/601/fd/U,bo/mu/no/yes/m/656/fd/A,0.64
bw/mu/no/yes/d/601/fd/U,bo/mu/no/yes/d/602/fd/U,0.64
bw/mu/no/yes/d/601/fd/U,bw/so/no/yes/d/605/fd/U,0.32
bw/mu/no/yes/d/601/fd/U,bw/st/yes/yes/m/633/fd/A,0.46
bw/mu/no/yes/d/601/fd/U,bo/st/yes/yes/m/634/fd/A,0.51
bw/mu/no/yes/d/601/fd/U,bo/mu/no/no/m/668/fd/A,0.57
bw/mu/no/yes/d/601/fd/U,bw/st/no/yes/m/657/fd/A,0.46
bw/mu/no/yes/d/601/fd/U,bo/mu/no/yes/d/650/fd/A,0.64
bw/mu/no/yes/d/601/fd/U,bw/so/no/yes/m/659/fd/A,0.32
bw/mu/no/yes/d/601/fd/U,bo/so/no/no/d/666/fd/A,0.04
bw/mu/no/yes/d/601/fd/U,bw/mu/no/no/d/661/fd/A,0.86
bw/mu/no/yes/d/601/fd/U,bw/so/yes/yes/m/635/fd/A,0.31
bw/mu/no/yes/d/601/fd/U,bo/mu/yes/yes/m/632/fd/A,0.71
bw/mu/no/yes/d/601/fd/U,bo/st/no/yes/d/604/fd/U,0.49
bw/mu/no/yes/d/601/fd/U,bw/st/no/yes/d/603/fd/U,0.46
bw/mu/no/yes/d/601/fd/U,bo/so/yes/yes/m/588/fd/U,0.34
bw/mu/no/yes/d/601/fd/U,bo/st/yes/yes/m/586/fd/U,0.51
bw/mu/no/yes/d/601/fd/U,bw/so/yes/yes/d/581/fd/U,0.31
bw/mu/no/yes/d/601/fd/U,bo/st/yes/yes/d/580/fd/U,0.51
bw/mu/no/yes/d/601/fd/U,bw/so/yes/yes/m/587/fd/U,0.31
bw/mu/no/yes/d/601/fd/U,bw/mu/yes/no/d/589/fd/U,0.83
bw/mu/no/yes/d/601/fd/U,bo/so/yes/no/d/594/fd/U,0.25
bw/mu/no/yes/d/601/fd/U,bw/so/yes/no/d/593/fd/U,0.24
bw/mu/no/yes/d/601/fd/U,bo/st/yes/no/d/592/fd/U,0.49
bw/mu/no/yes/d/601/fd/U,bw/mu/yes/no/m/595/fd/U,0.83
bw/mu/no/yes/d/601/fd/U,bw/st/no/no/m/621/fd/U,0.34
bw/mu/no/yes/d/601/fd/U,bw/mu/no/no/m/619/fd/U,0.86
bw/mu/no/yes/d/601/fd/U,bo/mu/yes/yes/d/626/fd/A,0.71
bw/mu/no/yes/d/601/fd/U,bo/st/no/yes/m/610/fd/U,0.49
bw/mu/no/yes/d/601/fd/U,bo/st/yes/yes/d/628/fd/A,0.51
bw/mu/no/yes/d/601/fd/U,bw/so/no/no/d/617/fd/U,0.25
bw/mu/no/yes/d/601/fd/U,bw/mu/yes/no/m/643/fd/A,0.83
bw/mu/no/yes/d/601/fd/U,bo/mu/yes/no/m/644/fd/A,0.73
bw/mu/no/yes/d/601/fd/U,bo/so/no/no/m/672/fd/A,0.04
bw/mu/no/yes/d/601/fd/U,bw/so/yes/yes/d/629/fd/A,0.31
bw/mu/no/yes/d/601/fd/U,bo/st/no/no/d/616/fd/U,0.46
bw/mu/no/yes/d/601/fd/U,bw/so/no/yes/m/611/fd/U,0.32
bw/mu/no/yes/d/601/fd/U,bo/so/no/no/d/618/fd/U,0.04
bw/mu/no/yes/d/601/fd/U,bw/st/yes/yes/d/627/fd/A,0.46
bw/mu/no/yes/d/601/fd/U,bo/mu/no/no/m/620/fd/U,0.57
bw/mu/no/yes/d/601/fd/U,bw/st/yes/no/m/645/fd/A,0.35
bw/mu/no/yes/d/601/fd/U,bo/so/yes/no/d/642/fd/A,0.25
bw/mu/yes/no/d/637/fd/A,bo/so/no/yes/d/606/fd/U,0.04
bw/mu/yes/no/d/637/fd/A,bw/st/yes/no/d/639/fd/A,0.37
bw/mu/yes/no/d/637/fd/A,bw/mu/no/yes/d/601/fd/U,0.83
bw/mu/yes/no/d/637/fd/A,bw/mu/yes/no/d/637/fd/A,1.0
bw/mu/yes/no/d/637/fd/A,bo/mu/no/yes/m/608/fd/U,0.66
bw/mu/yes/no/d/637/fd/A,bo/so/yes/yes/d/630/fd/A,0.34
bw/mu/yes/no/d/637/fd/A,bo/st/no/no/d/664/fd/A,0.47
bw/mu/yes/no/d/637/fd/A,bw/st/no/no/d/663/fd/A,0.36
bw/mu/yes/no/d/637/fd/A,bw/mu/no/yes/m/655/fd/A,0.83
bw/mu/yes/no/d/637/fd/A,bo/st/no/yes/d/652/fd/A,0.5
bw/mu/yes/no/d/637/fd/A,bw/mu/yes/yes/m/631/fd/A,0.89
bw/mu/yes/no/d/637/fd/A,bo/so/yes/yes/m/636/fd/A,0.34
bw/mu/yes/no/d/637/fd/A,bw/st/no/yes/m/609/fd/U,0.46
bw/mu/yes/no/d/637/fd/A,bo/so/yes/no/m/600/fd/U,0.25
bw/mu/yes/no/d/637/fd/A,bw/mu/no/yes/m/607/fd/U,0.83
bw/mu/yes/no/d/637/fd/A,bo/mu/yes/no/d/638/fd/A,0.76
bw/mu/yes/no/d/637/fd/A,bw/so/no/yes/d/653/fd/A,0.32
bw/mu/yes/no/d/637/fd/A,bo/so/no/yes/d/654/fd/A,0.04
bw/mu/yes/no/d/637/fd/A,bo/mu/no/no/d/662/fd/A,0.62
bw/mu/yes/no/d/637/fd/A,bw/so/no/no/d/665/fd/A,0.25
bw/mu/yes/no/d/637/fd/A,bo/mu/yes/yes/d/578/fd/U,0.72
bw/mu/yes/no/d/637/fd/A,bo/so/yes/yes/d/582/fd/U,0.34
bw/mu/yes/no/d/637/fd/A,bw/st/yes/yes/m/585/fd/U,0.46
bw/mu/yes/no/d/637/fd/A,bo/mu/yes/yes/m/584/fd/U,0.72
bw/mu/yes/no/d/637/fd/A,bw/mu/yes/yes/m/583/fd/U,0.89
bw/mu/yes/no/d/637/fd/A,bw/mu/yes/yes/d/577/fd/U,0.89
bw/mu/yes/no/d/637/fd/A,bw/st/yes/yes/d/579/fd/U,0.46
bw/mu/yes/no/d/637/fd/A,bo/mu/yes/no/d/590/fd/U,0.76
bw/mu/yes/no/d/637/fd/A,bw/st/yes/no/m/597/fd/U,0.37
bw/mu/yes/no/d/637/fd/A,bw/so/yes/no/m/599/fd/U,0.24
bw/mu/yes/no/d/637/fd/A,bo/st/yes/no/m/598/fd/U,0.49
bw/mu/yes/no/d/637/fd/A,bo/mu/yes/no/m/596/fd/U,0.76
bw/mu/yes/no/d/637/fd/A,bw/st/yes/no/d/591/fd/U,0.37
bw/mu/yes/no/d/637/fd/A,bw/so/yes/no/m/647/fd/A,0.24
bw/mu/yes/no/d/637/fd/A,bo/st/yes/no/d/640/fd/A,0.49
bw/mu/yes/no/d/637/fd/A,bw/mu/no/yes/d/649/fd/A,0.83
bw/mu/yes/no/d/637/fd/A,bw/so/no/no/m/671/fd/A,0.25
bw/mu/yes/no/d/637/fd/A,bw/mu/yes/yes/d/625/fd/A,0.89
bw/mu/yes/no/d/637/fd/A,bo/st/no/no/m/622/fd/U,0.47
bw/mu/yes/no/d/637/fd/A,bo/mu/no/no/d/614/fd/U,0.62
bw/mu/yes/no/d/637/fd/A,bw/mu/no/no/d/613/fd/U,0.89
bw/mu/yes/no/d/637/fd/A,bo/st/no/no/m/670/fd/A,0.47
bw/mu/yes/no/d/637/fd/A,bo/so/yes/no/m/648/fd/A,0.25
bw/mu/yes/no/d/637/fd/A,bw/so/yes/no/d/641/fd/A,0.24
bw/mu/yes/no/d/637/fd/A,bo/st/yes/no/m/646/fd/A,0.49
bw/mu/yes/no/d/637/fd/A,bo/so/no/yes/m/612/fd/U,0.04
bw/mu/yes/no/d/637/fd/A,bw/st/no/no/d/615/fd/U,0.36
bw/mu/yes/no/d/637/fd/A,bw/so/no/no/m/623/fd/U,0.25
bw/mu/yes/no/d/637/fd/A,bo/so/no/no/m/624/fd/U,0.04
bw/mu/yes/no/d/637/fd/A,bo/so/no/yes/m/660/fd/A,0.04
bw/mu/yes/no/d/637/fd/A,bo/st/no/yes/m/658/fd/A,0.5
bw/mu/yes/no/d/637/fd/A,bw/mu/no/no/m/667/fd/A,0.89
bw/mu/yes/no/d/637/fd/A,bw/st/no/yes/d/651/fd/A,0.46
bw/mu/yes/no/d/637/fd/A,bw/st/no/no/m/669/fd/A,0.36
bw/mu/yes/no/d/637/fd/A,bo/mu/no/yes/m/656/fd/A,0.66
bw/mu/yes/no/d/637/fd/A,bo/mu/no/yes/d/602/fd/U,0.66
bw/mu/yes/no/d/637/fd/A,bw/so/no/yes/d/605/fd/U,0.32
bw/mu/yes/no/d/637/fd/A,bw/st/yes/yes/m/633/fd/A,0.46
bw/mu/yes/no/d/637/fd/A,bo/st/yes/yes/m/634/fd/A,0.52
bw/mu/yes/no/d/637/fd/A,bo/mu/no/no/m/668/fd/A,0.62
bw/mu/yes/no/d/637/fd/A,bw/st/no/yes/m/657/fd/A,0.46
bw/mu/yes/no/d/637/fd/A,bo/mu/no/yes/d/650/fd/A,0.66
bw/mu/yes/no/d/637/fd/A,bw/so/no/yes/m/659/fd/A,0.32
bw/mu/yes/no/d/637/fd/A,bo/so/no/no/d/666/fd/A,0.04
bw/mu/yes/no/d/637/fd/A,bw/mu/no/no/d/661/fd/A,0.89
bw/mu/yes/no/d/637/fd/A,bw/so/yes/yes/m/635/fd/A,0.31
bw/mu/yes/no/d/637/fd/A,bo/mu/yes/yes/m/632/fd/A,0.72
bw/mu/yes/no/d/637/fd/A,bo/st/no/yes/d/604/fd/U,0.5
bw/mu/yes/no/d/637/fd/A,bw/st/no/yes/d/603/fd/U,0.46
bw/mu/yes/no/d/637/fd/A,bo/so/yes/yes/m/588/fd/U,0.34
bw/mu/yes/no/d/637/fd/A,bo/st/yes/yes/m/586/fd/U,0.52
bw/mu/yes/no/d/637/fd/A,bw/so/yes/yes/d/581/fd/U,0.31
bw/mu/yes/no/d/637/fd/A,bo/st/yes/yes/d/580/fd/U,0.52
bw/mu/yes/no/d/637/fd/A,bw/so/yes/yes/m/587/fd/U,0.31
bw/mu/yes/no/d/637/fd/A,bw/mu/yes/no/d/589/fd/U,1.0
bw/mu/yes/no/d/637/fd/A,bo/so/yes/no/d/594/fd/U,0.25
bw/mu/yes/no/d/637/fd/A,bw/so/yes/no/d/593/fd/U,0.24
bw/mu/yes/no/d/637/fd/A,bo/st/yes/no/d/592/fd/U,0.49
bw/mu/yes/no/d/637/fd/A,bw/mu/yes/no/m/595/fd/U,1.0
bw/mu/yes/no/d/637/fd/A,bw/st/no/no/m/621/fd/U,0.36
bw/mu/yes/no/d/637/fd/A,bw/mu/no/no/m/619/fd/U,0.89
bw/mu/yes/no/d/637/fd/A,bo/mu/yes/yes/d/626/fd/A,0.72
bw/mu/yes/no/d/637/fd/A,bo/st/no/yes/m/610/fd/U,0.5
bw/mu/yes/no/d/637/fd/A,bo/st/yes/yes/d/628/fd/A,0.52
bw/mu/yes/no/d/637/fd/A,bw/so/no/no/d/617/fd/U,0.25
bw/mu/yes/no/d/637/fd/A,bw/mu/yes/no/m/643/fd/A,1.0
bw/mu/yes/no/d/637/fd/A,bo/mu/yes/no/m/644/fd/A,0.76
bw/mu/yes/no/d/637/fd/A,bo/so/no/no/m/672/fd/A,0.04
bw/mu/yes/no/d/637/fd/A,bw/so/yes/yes/d/629/fd/A,0.31
bw/mu/yes/no/d/637/fd/A,bo/st/no/no/d/616/fd/U,0.47
bw/mu/yes/no/d/637/fd/A,bw/so/no/yes/m/611/fd/U,0.32
bw/mu/yes/no/d/637/fd/A,bo/so/no/no/d/618/fd/U,0.04
bw/mu/yes/no/d/637/fd/A,bw/st/yes/yes/d/627/fd/A,0.46
bw/mu/yes/no/d/637/fd/A,bo/mu/no/no/m/620/fd/U,0.62
bw/mu/yes/no/d/637/fd/A,bw/st/yes/no/m/645/fd/A,0.37
bw/mu/yes/no/d/637/fd/A,bo/so/yes/no/d/642/fd/A,0.25
bo/mu/no/yes/m/608/fd/U,bo/so/no/yes/d/606/fd/U,0.04
bo/mu/no/yes/m/608/fd/U,bw/st/yes/no/d/639/fd/A,0.29
bo/mu/no/yes/m/608/fd/U,bw/mu/no/yes/d/601/fd/U,0.64
bo/mu/no/yes/m/608/fd/U,bw/mu/yes/no/d/637/fd/A,0.66
bo/mu/no/yes/m/608/fd/U,bo/mu/no/yes/m/608/fd/U,1.0
bo/mu/no/yes/m/608/fd/U,bo/so/yes/yes/d/630/fd/A,0.36
bo/mu/no/yes/m/608/fd/U,bo/st/no/no/d/664/fd/A,0.54
bo/mu/no/yes/m/608/fd/U,bw/st/no/no/d/663/fd/A,0.29
bo/mu/no/yes/m/608/fd/U,bw/mu/no/yes/m/655/fd/A,0.64
bo/mu/no/yes/m/608/fd/U,bo/st/no/yes/d/652/fd/A,0.59
bo/mu/no/yes/m/608/fd/U,bw/mu/yes/yes/m/631/fd/A,0.68
bo/mu/no/yes/m/608/fd/U,bo/so/yes/yes/m/636/fd/A,0.36
bo/mu/no/yes/m/608/fd/U,bw/st/no/yes/m/609/fd/U,0.4
bo/mu/no/yes/m/608/fd/U,bo/so/yes/no/m/600/fd/U,0.25
bo/mu/no/yes/m/608/fd/U,bw/mu/no/yes/m/607/fd/U,0.64
bo/mu/no/yes/m/608/fd/U,bo/mu/yes/no/d/638/fd/A,0.74
bo/mu/no/yes/m/608/fd/U,bw/so/no/yes/d/653/fd/A,0.31
bo/mu/no/yes/m/608/fd/U,bo/so/no/yes/d/654/fd/A,0.04
bo/mu/no/yes/m/608/fd/U,bo/mu/no/no/d/662/fd/A,0.71
bo/mu/no/yes/m/608/fd/U,bw/so/no/no/d/665/fd/A,0.24
bo/mu/no/yes/m/608/fd/U,bo/mu/yes/yes/d/578/fd/U,0.74
bo/mu/no/yes/m/608/fd/U,bo/so/yes/yes/d/582/fd/U,0.36
bo/mu/no/yes/m/608/fd/U,bw/st/yes/yes/m/585/fd/U,0.4
bo/mu/no/yes/m/608/fd/U,bo/mu/yes/yes/m/584/fd/U,0.74
bo/mu/no/yes/m/608/fd/U,bw/mu/yes/yes/m/583/fd/U,0.68
bo/mu/no/yes/m/608/fd/U,bw/mu/yes/yes/d/577/fd/U,0.68
bo/mu/no/yes/m/608/fd/U,bw/st/yes/yes/d/579/fd/U,0.4
bo/mu/no/yes/m/608/fd/U,bo/mu/yes/no/d/590/fd/U,0.74
bo/mu/no/yes/m/608/fd/U,bw/st/yes/no/m/597/fd/U,0.29
bo/mu/no/yes/m/608/fd/U,bw/so/yes/no/m/599/fd/U,0.23
bo/mu/no/yes/m/608/fd/U,bo/st/yes/no/m/598/fd/U,0.5
bo/mu/no/yes/m/608/fd/U,bo/mu/yes/no/m/596/fd/U,0.74
bo/mu/no/yes/m/608/fd/U,bw/st/yes/no/d/591/fd/U,0.29
bo/mu/no/yes/m/608/fd/U,bw/so/yes/no/m/647/fd/A,0.23
bo/mu/no/yes/m/608/fd/U,bo/st/yes/no/d/640/fd/A,0.5
bo/mu/no/yes/m/608/fd/U,bw/mu/no/yes/d/649/fd/A,0.64
bo/mu/no/yes/m/608/fd/U,bw/so/no/no/m/671/fd/A,0.24
bo/mu/no/yes/m/608/fd/U,bw/mu/yes/yes/d/625/fd/A,0.68
bo/mu/no/yes/m/608/fd/U,bo/st/no/no/m/622/fd/U,0.54
bo/mu/no/yes/m/608/fd/U,bo/mu/no/no/d/614/fd/U,0.71
bo/mu/no/yes/m/608/fd/U,bw/mu/no/no/d/613/fd/U,0.61
bo/mu/no/yes/m/608/fd/U,bo/st/no/no/m/670/fd/A,0.54
bo/mu/no/yes/m/608/fd/U,bo/so/yes/no/m/648/fd/A,0.25
bo/mu/no/yes/m/608/fd/U,bw/so/yes/no/d/641/fd/A,0.23
bo/mu/no/yes/m/608/fd/U,bo/st/yes/no/m/646/fd/A,0.5
bo/mu/no/yes/m/608/fd/U,bo/so/no/yes/m/612/fd/U,0.04
bo/mu/no/yes/m/608/fd/U,bw/st/no/no/d/615/fd/U,0.29
bo/mu/no/yes/m/608/fd/U,bw/so/no/no/m/623/fd/U,0.24
bo/mu/no/yes/m/608/fd/U,bo/so/no/no/m/624/fd/U,0.04
bo/mu/no/yes/m/608/fd/U,bo/so/no/yes/m/660/fd/A,0.04
bo/mu/no/yes/m/608/fd/U,bo/st/no/yes/m/658/fd/A,0.59
bo/mu/no/yes/m/608/fd/U,bw/mu/no/no/m/667/fd/A,0.61
bo/mu/no/yes/m/608/fd/U,bw/st/no/yes/d/651/fd/A,0.4
bo/mu/no/yes/m/608/fd/U,bw/st/no/no/m/669/fd/A,0.29
bo/mu/no/yes/m/608/fd/U,bo/mu/no/yes/m/656/fd/A,1.0
bo/mu/no/yes/m/608/fd/U,bo/mu/no/yes/d/602/fd/U,1.0
bo/mu/no/yes/m/608/fd/U,bw/so/no/yes/d/605/fd/U,0.31
bo/mu/no/yes/m/608/fd/U,bw/st/yes/yes/m/633/fd/A,0.4
bo/mu/no/yes/m/608/fd/U,bo/st/yes/yes/m/634/fd/A,0.55
bo/mu/no/yes/m/608/fd/U,bo/mu/no/no/m/668/fd/A,0.71
bo/mu/no/yes/m/608/fd/U,bw/st/no/yes/m/657/fd/A,0.4
bo/mu/no/yes/m/608/fd/U,bo/mu/no/yes/d/650/fd/A,1.0
bo/mu/no/yes/m/608/fd/U,bw/so/no/yes/m/659/fd/A,0.31
bo/mu/no/yes/m/608/fd/U,bo/so/no/no/d/666/fd/A,0.04
bo/mu/no/yes/m/608/fd/U,bw/mu/no/no/d/661/fd/A,0.61
bo/mu/no/yes/m/608/fd/U,bw/so/yes/yes/m/635/fd/A,0.31
bo/mu/no/yes/m/608/fd/U,bo/mu/yes/yes/m/632/fd/A,0.74
bo/mu/no/yes/m/608/fd/U,bo/st/no/yes/d/604/fd/U,0.59
bo/mu/no/yes/m/608/fd/U,bw/st/no/yes/d/603/fd/U,0.4
bo/mu/no/yes/m/608/fd/U,bo/so/yes/yes/m/588/fd/U,0.36
bo/mu/no/yes/m/608/fd/U,bo/st/yes/yes/m/586/fd/U,0.55
bo/mu/no/yes/m/608/fd/U,bw/so/yes/yes/d/581/fd/U,0.31
bo/mu/no/yes/m/608/fd/U,bo/st/yes/yes/d/580/fd/U,0.55
bo/mu/no/yes/m/608/fd/U,bw/so/yes/yes/m/587/fd/U,0.31
bo/mu/no/yes/m/608/fd/U,bw/mu/yes/no/d/589/fd/U,0.66
bo/mu/no/yes/m/608/fd/U,bo/so/yes/no/d/594/fd/U,0.25
bo/mu/no/yes/m/608/fd/U,bw/so/yes/no/d/593/fd/U,0.23
bo/mu/no/yes/m/608/fd/U,bo/st/yes/no/d/592/fd/U,0.5
bo/mu/no/yes/m/608/fd/U,bw/mu/yes/no/m/595/fd/U,0.66
bo/mu/no/yes/m/608/fd/U,bw/st/no/no/m/621/fd/U,0.29
bo/mu/no/yes/m/608/fd/U,bw/mu/no/no/m/619/fd/U,0.61
bo/mu/no/yes/m/608/fd/U,bo/mu/yes/yes/d/626/fd/A,0.74
bo/mu/no/yes/m/608/fd/U,bo/st/no/yes/m/610/fd/U,0.59
bo/mu/no/yes/m/608/fd/U,bo/st/yes/yes/d/628/fd/A,0.55
bo/mu/no/yes/m/608/fd/U,bw/so/no/no/d/617/fd/U,0.24
bo/mu/no/yes/m/608/fd/U,bw/mu/yes/no/m/643/fd/A,0.66
bo/mu/no/yes/m/608/fd/U,bo/mu/yes/no/m/644/fd/A,0.74
bo/mu/no/yes/m/608/fd/U,bo/so/no/no/m/672/fd/A,0.04
bo/mu/no/yes/m/608/fd/U,bw/so/yes/yes/d/629/fd/A,0.31
bo/mu/no/yes/m/608/fd/U,bo/st/no/no/d/616/fd/U,0.54
bo/mu/no/yes/m/608/fd/U,bw/so/no/yes/m/611/fd/U,0.31
bo/mu/no/yes/m/608/fd/U,bo/so/no/no/d/618/fd/U,0.04
bo/mu/no/yes/m/608/fd/U,bw/st/yes/yes/d/627/fd/A,0.4
bo/mu/no/yes/m/608/fd/U,bo/mu/no/no/m/620/fd/U,0.71
bo/mu/no/yes/m/608/fd/U,bw/st/yes/no/m/645/fd/A,0.29
bo/mu/no/yes/m/608/fd/U,bo/so/yes/no/d/642/fd/A,0.25
bo/so/yes/yes/d/630/fd/A,bo/so/no/yes/d/606/fd/U,0.14
bo/so/yes/yes/d/630/fd/A,bw/st/yes/no/d/639/fd/A,0.3
bo/so/yes/yes/d/630/fd/A,bw/mu/no/yes/d/601/fd/U,0.34
bo/so/yes/yes/d/630/fd/A,bw/mu/yes/no/d/637/fd/A,0.34
bo/so/yes/yes/d/630/fd/A,bo/mu/no/yes/m/608/fd/U,0.36
bo/so/yes/yes/d/630/fd/A,bo/so/yes/yes/d/630/fd/A,1.0
bo/so/yes/yes/d/630/fd/A,bo/st/no/no/d/664/fd/A,0.41
bo/so/yes/yes/d/630/fd/A,bw/st/no/no/d/663/fd/A,0.29
bo/so/yes/yes/d/630/fd/A,bw/mu/no/yes/m/655/fd/A,0.34
bo/so/yes/yes/d/630/fd/A,bo/st/no/yes/d/652/fd/A,0.4
bo/so/yes/yes/d/630/fd/A,bw/mu/yes/yes/m/631/fd/A,0.35
bo/so/yes/yes/d/630/fd/A,bo/so/yes/yes/m/636/fd/A,1.0
bo/so/yes/yes/d/630/fd/A,bw/st/no/yes/m/609/fd/U,0.37
bo/so/yes/yes/d/630/fd/A,bo/so/yes/no/m/600/fd/U,0.58
bo/so/yes/yes/d/630/fd/A,bw/mu/no/yes/m/607/fd/U,0.34
bo/so/yes/yes/d/630/fd/A,bo/mu/yes/no/d/638/fd/A,0.39
bo/so/yes/yes/d/630/fd/A,bw/so/no/yes/d/653/fd/A,0.64
bo/so/yes/yes/d/630/fd/A,bo/so/no/yes/d/654/fd/A,0.14
bo/so/yes/yes/d/630/fd/A,bo/mu/no/no/d/662/fd/A,0.32
bo/so/yes/yes/d/630/fd/A,bw/so/no/no/d/665/fd/A,0.46
bo/so/yes/yes/d/630/fd/A,bo/mu/yes/yes/d/578/fd/U,0.4
bo/so/yes/yes/d/630/fd/A,bo/so/yes/yes/d/582/fd/U,1.0
bo/so/yes/yes/d/630/fd/A,bw/st/yes/yes/m/585/fd/U,0.38
bo/so/yes/yes/d/630/fd/A,bo/mu/yes/yes/m/584/fd/U,0.4
bo/so/yes/yes/d/630/fd/A,bw/mu/yes/yes/m/583/fd/U,0.35
bo/so/yes/yes/d/630/fd/A,bw/mu/yes/yes/d/577/fd/U,0.35
bo/so/yes/yes/d/630/fd/A,bw/st/yes/yes/d/579/fd/U,0.38
bo/so/yes/yes/d/630/fd/A,bo/mu/yes/no/d/590/fd/U,0.39
bo/so/yes/yes/d/630/fd/A,bw/st/yes/no/m/597/fd/U,0.3
bo/so/yes/yes/d/630/fd/A,bw/so/yes/no/m/599/fd/U,0.46
bo/so/yes/yes/d/630/fd/A,bo/st/yes/no/m/598/fd/U,0.5
bo/so/yes/yes/d/630/fd/A,bo/mu/yes/no/m/596/fd/U,0.39
bo/so/yes/yes/d/630/fd/A,bw/st/yes/no/d/591/fd/U,0.3
bo/so/yes/yes/d/630/fd/A,bw/so/yes/no/m/647/fd/A,0.46
bo/so/yes/yes/d/630/fd/A,bo/st/yes/no/d/640/fd/A,0.5
bo/so/yes/yes/d/630/fd/A,bw/mu/no/yes/d/649/fd/A,0.34
bo/so/yes/yes/d/630/fd/A,bw/so/no/no/m/671/fd/A,0.46
bo/so/yes/yes/d/630/fd/A,bw/mu/yes/yes/d/625/fd/A,0.35
bo/so/yes/yes/d/630/fd/A,bo/st/no/no/m/622/fd/U,0.41
bo/so/yes/yes/d/630/fd/A,bo/mu/no/no/d/614/fd/U,0.32
bo/so/yes/yes/d/630/fd/A,bw/mu/no/no/d/613/fd/U,0.32
bo/so/yes/yes/d/630/fd/A,bo/st/no/no/m/670/fd/A,0.41
bo/so/yes/yes/d/630/fd/A,bo/so/yes/no/m/648/fd/A,0.58
bo/so/yes/yes/d/630/fd/A,bw/so/yes/no/d/641/fd/A,0.46
bo/so/yes/yes/d/630/fd/A,bo/st/yes/no/m/646/fd/A,0.5
bo/so/yes/yes/d/630/fd/A,bo/so/no/yes/m/612/fd/U,0.14
bo/so/yes/yes/d/630/fd/A,bw/st/no/no/d/615/fd/U,0.29
bo/so/yes/yes/d/630/fd/A,bw/so/no/no/m/623/fd/U,0.46
bo/so/yes/yes/d/630/fd/A,bo/so/no/no/m/624/fd/U,0.14
bo/so/yes/yes/d/630/fd/A,bo/so/no/yes/m/660/fd/A,0.14
bo/so/yes/yes/d/630/fd/A,bo/st/no/yes/m/658/fd/A,0.4
bo/so/yes/yes/d/630/fd/A,bw/mu/no/no/m/667/fd/A,0.32
bo/so/yes/yes/d/630/fd/A,bw/st/no/yes/d/651/fd/A,0.37
bo/so/yes/yes/d/630/fd/A,bw/st/no/no/m/669/fd/A,0.29
bo/so/yes/yes/d/630/fd/A,bo/mu/no/yes/m/656/fd/A,0.36
bo/so/yes/yes/d/630/fd/A,bo/mu/no/yes/d/602/fd/U,0.36
bo/so/yes/yes/d/630/fd/A,bw/so/no/yes/d/605/fd/U,0.64
bo/so/yes/yes/d/630/fd/A,bw/st/yes/yes/m/633/fd/A,0.38
bo/so/yes/yes/d/630/fd/A,bo/st/yes/yes/m/634/fd/A,0.48
bo/so/yes/yes/d/630/fd/A,bo/mu/no/no/m/668/fd/A,0.32
bo/so/yes/yes/d/630/fd/A,bw/st/no/yes/m/657/fd/A,0.37
bo/so/yes/yes/d/630/fd/A,bo/mu/no/yes/d/650/fd/A,0.36
bo/so/yes/yes/d/630/fd/A,bw/so/no/yes/m/659/fd/A,0.64
bo/so/yes/yes/d/630/fd/A,bo/so/no/no/d/666/fd/A,0.14
bo/so/yes/yes/d/630/fd/A,bw/mu/no/no/d/661/fd/A,0.32
bo/so/yes/yes/d/630/fd/A,bw/so/yes/yes/m/635/fd/A,0.67
bo/so/yes/yes/d/630/fd/A,bo/mu/yes/yes/m/632/fd/A,0.4
bo/so/yes/yes/d/630/fd/A,bo/st/no/yes/d/604/fd/U,0.4
bo/so/yes/yes/d/630/fd/A,bw/st/no/yes/d/603/fd/U,0.37
bo/so/yes/yes/d/630/fd/A,bo/so/yes/yes/m/588/fd/U,1.0
bo/so/yes/yes/d/630/fd/A,bo/st/yes/yes/m/586/fd/U,0.48
bo/so/yes/yes/d/630/fd/A,bw/so/yes/yes/d/581/fd/U,0.67
bo/so/yes/yes/d/630/fd/A,bo/st/yes/yes/d/580/fd/U,0.48
bo/so/yes/yes/d/630/fd/A,bw/so/yes/yes/m/587/fd/U,0.67
bo/so/yes/yes/d/630/fd/A,bw/mu/yes/no/d/589/fd/U,0.34
bo/so/yes/yes/d/630/fd/A,bo/so/yes/no/d/594/fd/U,0.58
bo/so/yes/yes/d/630/fd/A,bw/so/yes/no/d/593/fd/U,0.46
bo/so/yes/yes/d/630/fd/A,bo/st/yes/no/d/592/fd/U,0.5
bo/so/yes/yes/d/630/fd/A,bw/mu/yes/no/m/595/fd/U,0.34
bo/so/yes/yes/d/630/fd/A,bw/st/no/no/m/621/fd/U,0.29
bo/so/yes/yes/d/630/fd/A,bw/mu/no/no/m/619/fd/U,0.32
bo/so/yes/yes/d/630/fd/A,bo/mu/yes/yes/d/626/fd/A,0.4
bo/so/yes/yes/d/630/fd/A,bo/st/no/yes/m/610/fd/U,0.4
bo/so/yes/yes/d/630/fd/A,bo/st/yes/yes/d/628/fd/A,0.48
bo/so/yes/yes/d/630/fd/A,bw/so/no/no/d/617/fd/U,0.46
bo/so/yes/yes/d/630/fd/A,bw/mu/yes/no/m/643/fd/A,0.34
bo/so/yes/yes/d/630/fd/A,bo/mu/yes/no/m/644/fd/A,0.39
bo/so/yes/yes/d/630/fd/A,bo/so/no/no/m/672/fd/A,0.14
bo/so/yes/yes/d/630/fd/A,bw/so/yes/yes/d/629/fd/A,0.67
bo/so/yes/yes/d/630/fd/A,bo/st/no/no/d/616/fd/U,0.41
bo/so/yes/yes/d/630/fd/A,bw/so/no/yes/m/611/fd/U,0.64
bo/so/yes/yes/d/630/fd/A,bo/so/no/no/d/618/fd/U,0.14
bo/so/yes/yes/d/630/fd/A,bw/st/yes/yes/d/627/fd/A,0.38
bo/so/yes/yes/d/630/fd/A,bo/mu/no/no/m/620/fd/U,0.32
bo/so/yes/yes/d/630/fd/A,bw/st/yes/no/m/645/fd/A,0.3
bo/so/yes/yes/d/630/fd/A,bo/so/yes/no/d/642/fd/A,0.58
bo/st/no/no/d/664/fd/A,bo/so/no/yes/d/606/fd/U,0.07
bo/st/no/no/d/664/fd/A,bw/st/yes/no/d/639/fd/A,0.28
bo/st/no/no/d/664/fd/A,bw/mu/no/yes/d/601/fd/U,0.46
bo/st/no/no/d/664/fd/A,bw/mu/yes/no/d/637/fd/A,0.47
bo/st/no/no/d/664/fd/A,bo/mu/no/yes/m/608/fd/U,0.54
bo/st/no/no/d/664/fd/A,bo/so/yes/yes/d/630/fd/A,0.41
bo/st/no/no/d/664/fd/A,bo/st/no/no/d/664/fd/A,1.0
bo/st/no/no/d/664/fd/A,bw/st/no/no/d/663/fd/A,0.28
bo/st/no/no/d/664/fd/A,bw/mu/no/yes/m/655/fd/A,0.46
bo/st/no/no/d/664/fd/A,bo/st/no/yes/d/652/fd/A,0.84
bo/st/no/no/d/664/fd/A,bw/mu/yes/yes/m/631/fd/A,0.5
bo/st/no/no/d/664/fd/A,bo/so/yes/yes/m/636/fd/A,0.41
bo/st/no/no/d/664/fd/A,bw/st/no/yes/m/609/fd/U,0.4
bo/st/no/no/d/664/fd/A,bo/so/yes/no/m/600/fd/U,0.29
bo/st/no/no/d/664/fd/A,bw/mu/no/yes/m/607/fd/U,0.46
bo/st/no/no/d/664/fd/A,bo/mu/yes/no/d/638/fd/A,0.55
bo/st/no/no/d/664/fd/A,bw/so/no/yes/d/653/fd/A,0.37
bo/st/no/no/d/664/fd/A,bo/so/no/yes/d/654/fd/A,0.07
bo/st/no/no/d/664/fd/A,bo/mu/no/no/d/662/fd/A,0.45
bo/st/no/no/d/664/fd/A,bw/so/no/no/d/665/fd/A,0.29
bo/st/no/no/d/664/fd/A,bo/mu/yes/yes/d/578/fd/U,0.57
bo/st/no/no/d/664/fd/A,bo/so/yes/yes/d/582/fd/U,0.41
bo/st/no/no/d/664/fd/A,bw/st/yes/yes/m/585/fd/U,0.39
bo/st/no/no/d/664/fd/A,bo/mu/yes/yes/m/584/fd/U,0.57
bo/st/no/no/d/664/fd/A,bw/mu/yes/yes/m/583/fd/U,0.5
bo/st/no/no/d/664/fd/A,bw/mu/yes/yes/d/577/fd/U,0.5
bo/st/no/no/d/664/fd/A,bw/st/yes/yes/d/579/fd/U,0.39
bo/st/no/no/d/664/fd/A,bo/mu/yes/no/d/590/fd/U,0.55
bo/st/no/no/d/664/fd/A,bw/st/yes/no/m/597/fd/U,0.28
bo/st/no/no/d/664/fd/A,bw/so/yes/no/m/599/fd/U,0.27
bo/st/no/no/d/664/fd/A,bo/st/yes/no/m/598/fd/U,0.58
bo/st/no/no/d/664/fd/A,bo/mu/yes/no/m/596/fd/U,0.55
bo/st/no/no/d/664/fd/A,bw/st/yes/no/d/591/fd/U,0.28
bo/st/no/no/d/664/fd/A,bw/so/yes/no/m/647/fd/A,0.27
bo/st/no/no/d/664/fd/A,bo/st/yes/no/d/640/fd/A,0.58
bo/st/no/no/d/664/fd/A,bw/mu/no/yes/d/649/fd/A,0.46
bo/st/no/no/d/664/fd/A,bw/so/no/no/m/671/fd/A,0.29
bo/st/no/no/d/664/fd/A,bw/mu/yes/yes/d/625/fd/A,0.5
bo/st/no/no/d/664/fd/A,bo/st/no/no/m/622/fd/U,1.0
bo/st/no/no/d/664/fd/A,bo/mu/no/no/d/614/fd/U,0.45
bo/st/no/no/d/664/fd/A,bw/mu/no/no/d/613/fd/U,0.44
bo/st/no/no/d/664/fd/A,bo/st/no/no/m/670/fd/A,1.0
bo/st/no/no/d/664/fd/A,bo/so/yes/no/m/648/fd/A,0.29
bo/st/no/no/d/664/fd/A,bw/so/yes/no/d/641/fd/A,0.27
bo/st/no/no/d/664/fd/A,bo/st/yes/no/m/646/fd/A,0.58
bo/st/no/no/d/664/fd/A,bo/so/no/yes/m/612/fd/U,0.07
bo/st/no/no/d/664/fd/A,bw/st/no/no/d/615/fd/U,0.28
bo/st/no/no/d/664/fd/A,bw/so/no/no/m/623/fd/U,0.29
bo/st/no/no/d/664/fd/A,bo/so/no/no/m/624/fd/U,0.08
bo/st/no/no/d/664/fd/A,bo/so/no/yes/m/660/fd/A,0.07
bo/st/no/no/d/664/fd/A,bo/st/no/yes/m/658/fd/A,0.84
bo/st/no/no/d/664/fd/A,bw/mu/no/no/m/667/fd/A,0.44
bo/st/no/no/d/664/fd/A,bw/st/no/yes/d/651/fd/A,0.4
bo/st/no/no/d/664/fd/A,bw/st/no/no/m/669/fd/A,0.28
bo/st/no/no/d/664/fd/A,bo/mu/no/yes/m/656/fd/A,0.54
bo/st/no/no/d/664/fd/A,bo/mu/no/yes/d/602/fd/U,0.54
bo/st/no/no/d/664/fd/A,bw/so/no/yes/d/605/fd/U,0.37
bo/st/no/no/d/664/fd/A,bw/st/yes/yes/m/633/fd/A,0.39
bo/st/no/no/d/664/fd/A,bo/st/yes/yes/m/634/fd/A,0.6
bo/st/no/no/d/664/fd/A,bo/mu/no/no/m/668/fd/A,0.45
bo/st/no/no/d/664/fd/A,bw/st/no/yes/m/657/fd/A,0.4
bo/st/no/no/d/664/fd/A,bo/mu/no/yes/d/650/fd/A,0.54
bo/st/no/no/d/664/fd/A,bw/so/no/yes/m/659/fd/A,0.37
bo/st/no/no/d/664/fd/A,bo/so/no/no/d/666/fd/A,0.08
bo/st/no/no/d/664/fd/A,bw/mu/no/no/d/661/fd/A,0.44
bo/st/no/no/d/664/fd/A,bw/so/yes/yes/m/635/fd/A,0.36
bo/st/no/no/d/664/fd/A,bo/mu/yes/yes/m/632/fd/A,0.57
bo/st/no/no/d/664/fd/A,bo/st/no/yes/d/604/fd/U,0.84
bo/st/no/no/d/664/fd/A,bw/st/no/yes/d/603/fd/U,0.4
bo/st/no/no/d/664/fd/A,bo/so/yes/yes/m/588/fd/U,0.41
bo/st/no/no/d/664/fd/A,bo/st/yes/yes/m/586/fd/U,0.6
bo/st/no/no/d/664/fd/A,bw/so/yes/yes/d/581/fd/U,0.36
bo/st/no/no/d/664/fd/A,bo/st/yes/yes/d/580/fd/U,0.6
bo/st/no/no/d/664/fd/A,bw/so/yes/yes/m/587/fd/U,0.36
bo/st/no/no/d/664/fd/A,bw/mu/yes/no/d/589/fd/U,0.47
bo/st/no/no/d/664/fd/A,bo/so/yes/no/d/594/fd/U,0.29
bo/st/no/no/d/664/fd/A,bw/so/yes/no/d/593/fd/U,0.27
bo/st/no/no/d/664/fd/A,bo/st/yes/no/d/592/fd/U,0.58
bo/st/no/no/d/664/fd/A,bw/mu/yes/no/m/595/fd/U,0.47
bo/st/no/no/d/664/fd/A,bw/st/no/no/m/621/fd/U,0.28
bo/st/no/no/d/664/fd/A,bw/mu/no/no/m/619/fd/U,0.44
bo/st/no/no/d/664/fd/A,bo/mu/yes/yes/d/626/fd/A,0.57
bo/st/no/no/d/664/fd/A,bo/st/no/yes/m/610/fd/U,0.84
bo/st/no/no/d/664/fd/A,bo/st/yes/yes/d/628/fd/A,0.6
bo/st/no/no/d/664/fd/A,bw/so/no/no/d/617/fd/U,0.29
bo/st/no/no/d/664/fd/A,bw/mu/yes/no/m/643/fd/A,0.47
bo/st/no/no/d/664/fd/A,bo/mu/yes/no/m/644/fd/A,0.55
bo/st/no/no/d/664/fd/A,bo/so/no/no/m/672/fd/A,0.08
bo/st/no/no/d/664/fd/A,bw/so/yes/yes/d/629/fd/A,0.36
bo/st/no/no/d/664/fd/A,bo/st/no/no/d/616/fd/U,1.0
bo/st/no/no/d/664/fd/A,bw/so/no/yes/m/611/fd/U,0.37
bo/st/no/no/d/664/fd/A,bo/so/no/no/d/618/fd/U,0.08
bo/st/no/no/d/664/fd/A,bw/st/yes/yes/d/627/fd/A,0.39
bo/st/no/no/d/664/fd/A,bo/mu/no/no/m/620/fd/U,0.45
bo/st/no/no/d/664/fd/A,bw/st/yes/no/m/645/fd/A,0.28
bo/st/no/no/d/664/fd/A,bo/so/yes/no/d/642/fd/A,0.29
bw/st/no/no/d/663/fd/A,bo/so/no/yes/d/606/fd/U,0.04
bw/st/no/no/d/663/fd/A,bw/st/yes/no/d/639/fd/A,0.81
bw/st/no/no/d/663/fd/A,bw/mu/no/yes/d/601/fd/U,0.34
bw/st/no/no/d/663/fd/A,bw/mu/yes/no/d/637/fd/A,0.36
bw/st/no/no/d/663/fd/A,bo/mu/no/yes/m/608/fd/U,0.29
bw/st/no/no/d/663/fd/A,bo/so/yes/yes/d/630/fd/A,0.29
bw/st/no/no/d/663/fd/A,bo/st/no/no/d/664/fd/A,0.28
bw/st/no/no/d/663/fd/A,bw/st/no/no/d/663/fd/A,1.0
bw/st/no/no/d/663/fd/A,bw/mu/no/yes/m/655/fd/A,0.34
bw/st/no/no/d/663/fd/A,bo/st/no/yes/d/652/fd/A,0.26
bw/st/no/no/d/663/fd/A,bw/mu/yes/yes/m/631/fd/A,0.35
bw/st/no/no/d/663/fd/A,bo/so/yes/yes/m/636/fd/A,0.29
bw/st/no/no/d/663/fd/A,bw/st/no/yes/m/609/fd/U,0.66
bw/st/no/no/d/663/fd/A,bo/so/yes/no/m/600/fd/U,0.25
bw/st/no/no/d/663/fd/A,bw/mu/no/yes/m/607/fd/U,0.34
bw/st/no/no/d/663/fd/A,bo/mu/yes/no/d/638/fd/A,0.31
bw/st/no/no/d/663/fd/A,bw/so/no/yes/d/653/fd/A,0.31
bw/st/no/no/d/663/fd/A,bo/so/no/yes/d/654/fd/A,0.04
bw/st/no/no/d/663/fd/A,bo/mu/no/no/d/662/fd/A,0.32
bw/st/no/no/d/663/fd/A,bw/so/no/no/d/665/fd/A,0.28
bw/st/no/no/d/663/fd/A,bo/mu/yes/yes/d/578/fd/U,0.29
bw/st/no/no/d/663/fd/A,bo/so/yes/yes/d/582/fd/U,0.29
bw/st/no/no/d/663/fd/A,bw/st/yes/yes/m/585/fd/U,0.59
bw/st/no/no/d/663/fd/A,bo/mu/yes/yes/m/584/fd/U,0.29
bw/st/no/no/d/663/fd/A,bw/mu/yes/yes/m/583/fd/U,0.35
bw/st/no/no/d/663/fd/A,bw/mu/yes/yes/d/577/fd/U,0.35
bw/st/no/no/d/663/fd/A,bw/st/yes/yes/d/579/fd/U,0.59
bw/st/no/no/d/663/fd/A,bo/mu/yes/no/d/590/fd/U,0.31
bw/st/no/no/d/663/fd/A,bw/st/yes/no/m/597/fd/U,0.81
bw/st/no/no/d/663/fd/A,bw/so/yes/no/m/599/fd/U,0.27
bw/st/no/no/d/663/fd/A,bo/st/yes/no/m/598/fd/U,0.38
bw/st/no/no/d/663/fd/A,bo/mu/yes/no/m/596/fd/U,0.31
bw/st/no/no/d/663/fd/A,bw/st/yes/no/d/591/fd/U,0.81
bw/st/no/no/d/663/fd/A,bw/so/yes/no/m/647/fd/A,0.27
bw/st/no/no/d/663/fd/A,bo/st/yes/no/d/640/fd/A,0.38
bw/st/no/no/d/663/fd/A,bw/mu/no/yes/d/649/fd/A,0.34
bw/st/no/no/d/663/fd/A,bw/so/no/no/m/671/fd/A,0.28
bw/st/no/no/d/663/fd/A,bw/mu/yes/yes/d/625/fd/A,0.35
bw/st/no/no/d/663/fd/A,bo/st/no/no/m/622/fd/U,0.28
bw/st/no/no/d/663/fd/A,bo/mu/no/no/d/614/fd/U,0.32
bw/st/no/no/d/663/fd/A,bw/mu/no/no/d/613/fd/U,0.36
bw/st/no/no/d/663/fd/A,bo/st/no/no/m/670/fd/A,0.28
bw/st/no/no/d/663/fd/A,bo/so/yes/no/m/648/fd/A,0.25
bw/st/no/no/d/663/fd/A,bw/so/yes/no/d/641/fd/A,0.27
bw/st/no/no/d/663/fd/A,bo/st/yes/no/m/646/fd/A,0.38
bw/st/no/no/d/663/fd/A,bo/so/no/yes/m/612/fd/U,0.04
bw/st/no/no/d/663/fd/A,bw/st/no/no/d/615/fd/U,1.0
bw/st/no/no/d/663/fd/A,bw/so/no/no/m/623/fd/U,0.28
bw/st/no/no/d/663/fd/A,bo/so/no/no/m/624/fd/U,0.05
bw/st/no/no/d/663/fd/A,bo/so/no/yes/m/660/fd/A,0.04
bw/st/no/no/d/663/fd/A,bo/st/no/yes/m/658/fd/A,0.26
bw/st/no/no/d/663/fd/A,bw/mu/no/no/m/667/fd/A,0.36
bw/st/no/no/d/663/fd/A,bw/st/no/yes/d/651/fd/A,0.66
bw/st/no/no/d/663/fd/A,bw/st/no/no/m/669/fd/A,1.0
bw/st/no/no/d/663/fd/A,bo/mu/no/yes/m/656/fd/A,0.29
bw/st/no/no/d/663/fd/A,bo/mu/no/yes/d/602/fd/U,0.29
bw/st/no/no/d/663/fd/A,bw/so/no/yes/d/605/fd/U,0.31
bw/st/no/no/d/663/fd/A,bw/st/yes/yes/m/633/fd/A,0.59
bw/st/no/no/d/663/fd/A,bo/st/yes/yes/m/634/fd/A,0.34
bw/st/no/no/d/663/fd/A,bo/mu/no/no/m/668/fd/A,0.32
bw/st/no/no/d/663/fd/A,bw/st/no/yes/m/657/fd/A,0.66
bw/st/no/no/d/663/fd/A,bo/mu/no/yes/d/650/fd/A,0.29
bw/st/no/no/d/663/fd/A,bw/so/no/yes/m/659/fd/A,0.31
bw/st/no/no/d/663/fd/A,bo/so/no/no/d/666/fd/A,0.05
bw/st/no/no/d/663/fd/A,bw/mu/no/no/d/661/fd/A,0.36
bw/st/no/no/d/663/fd/A,bw/so/yes/yes/m/635/fd/A,0.3
bw/st/no/no/d/663/fd/A,bo/mu/yes/yes/m/632/fd/A,0.29
bw/st/no/no/d/663/fd/A,bo/st/no/yes/d/604/fd/U,0.26
bw/st/no/no/d/663/fd/A,bw/st/no/yes/d/603/fd/U,0.66
bw/st/no/no/d/663/fd/A,bo/so/yes/yes/m/588/fd/U,0.29
bw/st/no/no/d/663/fd/A,bo/st/yes/yes/m/586/fd/U,0.34
bw/st/no/no/d/663/fd/A,bw/so/yes/yes/d/581/fd/U,0.3
bw/st/no/no/d/663/fd/A,bo/st/yes/yes/d/580/fd/U,0.34
bw/st/no/no/d/663/fd/A,bw/so/yes/yes/m/587/fd/U,0.3
bw/st/no/no/d/663/fd/A,bw/mu/yes/no/d/589/fd/U,0.36
bw/st/no/no/d/663/fd/A,bo/so/yes/no/d/594/fd/U,0.25
bw/st/no/no/d/663/fd/A,bw/so/yes/no/d/593/fd/U,0.27
bw/st/no/no/d/663/fd/A,bo/st/yes/no/d/592/fd/U,0.38
bw/st/no/no/d/663/fd/A,bw/mu/yes/no/m/595/fd/U,0.36
bw/st/no/no/d/663/fd/A,bw/st/no/no/m/621/fd/U,1.0
bw/st/no/no/d/663/fd/A,bw/mu/no/no/m/619/fd/U,0.36
bw/st/no/no/d/663/fd/A,bo/mu/yes/yes/d/626/fd/A,0.29
bw/st/no/no/d/663/fd/A,bo/st/no/yes/m/610/fd/U,0.26
bw/st/no/no/d/663/fd/A,bo/st/yes/yes/d/628/fd/A,0.34
bw/st/no/no/d/663/fd/A,bw/so/no/no/d/617/fd/U,0.28
bw/st/no/no/d/663/fd/A,bw/mu/yes/no/m/643/fd/A,0.36
bw/st/no/no/d/663/fd/A,bo/mu/yes/no/m/644/fd/A,0.31
bw/st/no/no/d/663/fd/A,bo/so/no/no/m/672/fd/A,0.05
bw/st/no/no/d/663/fd/A,bw/so/yes/yes/d/629/fd/A,0.3
bw/st/no/no/d/663/fd/A,bo/st/no/no/d/616/fd/U,0.28
bw/st/no/no/d/663/fd/A,bw/so/no/yes/m/611/fd/U,0.31
bw/st/no/no/d/663/fd/A,bo/so/no/no/d/618/fd/U,0.05
bw/st/no/no/d/663/fd/A,bw/st/yes/yes/d/627/fd/A,0.59
bw/st/no/no/d/663/fd/A,bo/mu/no/no/m/620/fd/U,0.32
bw/st/no/no/d/663/fd/A,bw/st/yes/no/m/645/fd/A,0.81
bw/st/no/no/d/663/fd/A,bo/so/yes/no/d/642/fd/A,0.25
bw/mu/no/yes/m/655/fd/A,bo/so/no/yes/d/606/fd/U,0.04
bw/mu/no/yes/m/655/fd/A,bw/st/yes/no/d/639/fd/A,0.35
bw/mu/no/yes/m/655/fd/A,bw/mu/no/yes/d/601/fd/U,1.0
bw/mu/no/yes/m/655/fd/A,bw/mu/yes/no/d/637/fd/A,0.83
bw/mu/no/yes/m/655/fd/A,bo/mu/no/yes/m/608/fd/U,0.64
bw/mu/no/yes/m/655/fd/A,bo/so/yes/yes/d/630/fd/A,0.34
bw/mu/no/yes/m/655/fd/A,bo/st/no/no/d/664/fd/A,0.46
bw/mu/no/yes/m/655/fd/A,bw/st/no/no/d/663/fd/A,0.34
bw/mu/no/yes/m/655/fd/A,bw/mu/no/yes/m/655/fd/A,1.0
bw/mu/no/yes/m/655/fd/A,bo/st/no/yes/d/652/fd/A,0.49
bw/mu/no/yes/m/655/fd/A,bw/mu/yes/yes/m/631/fd/A,0.89
bw/mu/no/yes/m/655/fd/A,bo/so/yes/yes/m/636/fd/A,0.34
bw/mu/no/yes/m/655/fd/A,bw/st/no/yes/m/609/fd/U,0.46
bw/mu/no/yes/m/655/fd/A,bo/so/yes/no/m/600/fd/U,0.25
bw/mu/no/yes/m/655/fd/A,bw/mu/no/yes/m/607/fd/U,1.0
bw/mu/no/yes/m/655/fd/A,bo/mu/yes/no/d/638/fd/A,0.73
bw/mu/no/yes/m/655/fd/A,bw/so/no/yes/d/653/fd/A,0.32
bw/mu/no/yes/m/655/fd/A,bo/so/no/yes/d/654/fd/A,0.04
bw/mu/no/yes/m/655/fd/A,bo/mu/no/no/d/662/fd/A,0.57
bw/mu/no/yes/m/655/fd/A,bw/so/no/no/d/665/fd/A,0.25
bw/mu/no/yes/m/655/fd/A,bo/mu/yes/yes/d/578/fd/U,0.71
bw/mu/no/yes/m/655/fd/A,bo/so/yes/yes/d/582/fd/U,0.34
bw/mu/no/yes/m/655/fd/A,bw/st/yes/yes/m/585/fd/U,0.46
bw/mu/no/yes/m/655/fd/A,bo/mu/yes/yes/m/584/fd/U,0.71
bw/mu/no/yes/m/655/fd/A,bw/mu/yes/yes/m/583/fd/U,0.89
bw/mu/no/yes/m/655/fd/A,bw/mu/yes/yes/d/577/fd/U,0.89
bw/mu/no/yes/m/655/fd/A,bw/st/yes/yes/d/579/fd/U,0.46
bw/mu/no/yes/m/655/fd/A,bo/mu/yes/no/d/590/fd/U,0.73
bw/mu/no/yes/m/655/fd/A,bw/st/yes/no/m/597/fd/U,0.35
bw/mu/no/yes/m/655/fd/A,bw/so/yes/no/m/599/fd/U,0.24
bw/mu/no/yes/m/655/fd/A,bo/st/yes/no/m/598/fd/U,0.49
bw/mu/no/yes/m/655/fd/A,bo/mu/yes/no/m/596/fd/U,0.73
bw/mu/no/yes/m/655/fd/A,bw/st/yes/no/d/591/fd/U,0.35
bw/mu/no/yes/m/655/fd/A,bw/so/yes/no/m/647/fd/A,0.24
bw/mu/no/yes/m/655/fd/A,bo/st/yes/no/d/640/fd/A,0.49
bw/mu/no/yes/m/655/fd/A,bw/mu/no/yes/d/649/fd/A,1.0
bw/mu/no/yes/m/655/fd/A,bw/so/no/no/m/671/fd/A,0.25
bw/mu/no/yes/m/655/fd/A,bw/mu/yes/yes/d/625/fd/A,0.89
bw/mu/no/yes/m/655/fd/A,bo/st/no/no/m/622/fd/U,0.46
bw/mu/no/yes/m/655/fd/A,bo/mu/no/no/d/614/fd/U,0.57
bw/mu/no/yes/m/655/fd/A,bw/mu/no/no/d/613/fd/U,0.86
bw/mu/no/yes/m/655/fd/A,bo/st/no/no/m/670/fd/A,0.46
bw/mu/no/yes/m/655/fd/A,bo/so/yes/no/m/648/fd/A,0.25
bw/mu/no/yes/m/655/fd/A,bw/so/yes/no/d/641/fd/A,0.24
bw/mu/no/yes/m/655/fd/A,bo/st/yes/no/m/646/fd/A,0.49
bw/mu/no/yes/m/655/fd/A,bo/so/no/yes/m/612/fd/U,0.04
bw/mu/no/yes/m/655/fd/A,bw/st/no/no/d/615/fd/U,0.34
bw/mu/no/yes/m/655/fd/A,bw/so/no/no/m/623/fd/U,0.25
bw/mu/no/yes/m/655/fd/A,bo/so/no/no/m/624/fd/U,0.04
bw/mu/no/yes/m/655/fd/A,bo/so/no/yes/m/660/fd/A,0.04
bw/mu/no/yes/m/655/fd/A,bo/st/no/yes/m/658/fd/A,0.49
bw/mu/no/yes/m/655/fd/A,bw/mu/no/no/m/667/fd/A,0.86
bw/mu/no/yes/m/655/fd/A,bw/st/no/yes/d/651/fd/A,0.46
bw/mu/no/yes/m/655/fd/A,bw/st/no/no/m/669/fd/A,0.34
bw/mu/no/yes/m/655/fd/A,bo/mu/no/yes/m/656/fd/A,0.64
bw/mu/no/yes/m/655/fd/A,bo/mu/no/yes/d/602/fd/U,0.64
bw/mu/no/yes/m/655/fd/A,bw/so/no/yes/d/605/fd/U,0.32
bw/mu/no/yes/m/655/fd/A,bw/st/yes/yes/m/633/fd/A,0.46
bw/mu/no/yes/m/655/fd/A,bo/st/yes/yes/m/634/fd/A,0.51
bw/mu/no/yes/m/655/fd/A,bo/mu/no/no/m/668/fd/A,0.57
bw/mu/no/yes/m/655/fd/A,bw/st/no/yes/m/657/fd/A,0.46
bw/mu/no/yes/m/655/fd/A,bo/mu/no/yes/d/650/fd/A,0.64
bw/mu/no/yes/m/655/fd/A,bw/so/no/yes/m/659/fd/A,0.32
bw/mu/no/yes/m/655/fd/A,bo/so/no/no/d/666/fd/A,0.04
bw/mu/no/yes/m/655/fd/A,bw/mu/no/no/d/661/fd/A,0.86
bw/mu/no/yes/m/655/fd/A,bw/so/yes/yes/m/635/fd/A,0.31
bw/mu/no/yes/m/655/fd/A,bo/mu/yes/yes/m/632/fd/A,0.71
bw/mu/no/yes/m/655/fd/A,bo/st/no/yes/d/604/fd/U,0.49
bw/mu/no/yes/m/655/fd/A,bw/st/no/yes/d/603/fd/U,0.46
bw/mu/no/yes/m/655/fd/A,bo/so/yes/yes/m/588/fd/U,0.34
bw/mu/no/yes/m/655/fd/A,bo/st/yes/yes/m/586/fd/U,0.51
bw/mu/no/yes/m/655/fd/A,bw/so/yes/yes/d/581/fd/U,0.31
bw/mu/no/yes/m/655/fd/A,bo/st/yes/yes/d/580/fd/U,0.51
bw/mu/no/yes/m/655/fd/A,bw/so/yes/yes/m/587/fd/U,0.31
bw/mu/no/yes/m/655/fd/A,bw/mu/yes/no/d/589/fd/U,0.83
bw/mu/no/yes/m/655/fd/A,bo/so/yes/no/d/594/fd/U,0.25
bw/mu/no/yes/m/655/fd/A,bw/so/yes/no/d/593/fd/U,0.24
bw/mu/no/yes/m/655/fd/A,bo/st/yes/no/d/592/fd/U,0.49
bw/mu/no/yes/m/655/fd/A,bw/mu/yes/no/m/595/fd/U,0.83
bw/mu/no/yes/m/655/fd/A,bw/st/no/no/m/621/fd/U,0.34
bw/mu/no/yes/m/655/fd/A,bw/mu/no/no/m/619/fd/U,0.86
bw/mu/no/yes/m/655/fd/A,bo/mu/yes/yes/d/626/fd/A,0.71
bw/mu/no/yes/m/655/fd/A,bo/st/no/yes/m/610/fd/U,0.49
bw/mu/no/yes/m/655/fd/A,bo/st/yes/yes/d/628/fd/A,0.51
bw/mu/no/yes/m/655/fd/A,bw/so/no/no/d/617/fd/U,0.25
bw/mu/no/yes/m/655/fd/A,bw/mu/yes/no/m/643/fd/A,0.83
bw/mu/no/yes/m/655/fd/A,bo/mu/yes/no/m/644/fd/A,0.73
bw/mu/no/yes/m/655/fd/A,bo/so/no/no/m/672/fd/A,0.04
bw/mu/no/yes/m/655/fd/A,bw/so/yes/yes/d/629/fd/A,0.31
bw/mu/no/yes/m/655/fd/A,bo/st/no/no/d/616/fd/U,0.46
bw/mu/no/yes/m/655/fd/A,bw/so/no/yes/m/611/fd/U,0.32
bw/mu/no/yes/m/655/fd/A,bo/so/no/no/d/618/fd/U,0.04
bw/mu/no/yes/m/655/fd/A,bw/st/yes/yes/d/627/fd/A,0.46
bw/mu/no/yes/m/655/fd/A,bo/mu/no/no/m/620/fd/U,0.57
bw/mu/no/yes/m/655/fd/A,bw/st/yes/no/m/645/fd/A,0.35
bw/mu/no/yes/m/655/fd/A,bo/so/yes/no/d/642/fd/A,0.25
bo/st/no/yes/d/652/fd/A,bo/so/no/yes/d/606/fd/U,0.07
bo/st/no/yes/d/652/fd/A,bw/st/yes/no/d/639/fd/A,0.26
bo/st/no/yes/d/652/fd/A,bw/mu/no/yes/d/601/fd/U,0.49
bo/st/no/yes/d/652/fd/A,bw/mu/yes/no/d/637/fd/A,0.5
bo/st/no/yes/d/652/fd/A,bo/mu/no/yes/m/608/fd/U,0.59
bo/st/no/yes/d/652/fd/A,bo/so/yes/yes/d/630/fd/A,0.4
bo/st/no/yes/d/652/fd/A,bo/st/no/no/d/664/fd/A,0.84
bo/st/no/yes/d/652/fd/A,bw/st/no/no/d/663/fd/A,0.26
bo/st/no/yes/d/652/fd/A,bw/mu/no/yes/m/655/fd/A,0.49
bo/st/no/yes/d/652/fd/A,bo/st/no/yes/d/652/fd/A,1.0
bo/st/no/yes/d/652/fd/A,bw/mu/yes/yes/m/631/fd/A,0.53
bo/st/no/yes/d/652/fd/A,bo/so/yes/yes/m/636/fd/A,0.4
bo/st/no/yes/d/652/fd/A,bw/st/no/yes/m/609/fd/U,0.38
bo/st/no/yes/d/652/fd/A,bo/so/yes/no/m/600/fd/U,0.26
bo/st/no/yes/d/652/fd/A,bw/mu/no/yes/m/607/fd/U,0.49
bo/st/no/yes/d/652/fd/A,bo/mu/yes/no/d/638/fd/A,0.6
bo/st/no/yes/d/652/fd/A,bw/so/no/yes/d/653/fd/A,0.35
bo/st/no/yes/d/652/fd/A,bo/so/no/yes/d/654/fd/A,0.07
bo/st/no/yes/d/652/fd/A,bo/mu/no/no/d/662/fd/A,0.48
bo/st/no/yes/d/652/fd/A,bw/so/no/no/d/665/fd/A,0.26
bo/st/no/yes/d/652/fd/A,bo/mu/yes/yes/d/578/fd/U,0.64
bo/st/no/yes/d/652/fd/A,bo/so/yes/yes/d/582/fd/U,0.4
bo/st/no/yes/d/652/fd/A,bw/st/yes/yes/m/585/fd/U,0.38
bo/st/no/yes/d/652/fd/A,bo/mu/yes/yes/m/584/fd/U,0.64
bo/st/no/yes/d/652/fd/A,bw/mu/yes/yes/m/583/fd/U,0.53
bo/st/no/yes/d/652/fd/A,bw/mu/yes/yes/d/577/fd/U,0.53
bo/st/no/yes/d/652/fd/A,bw/st/yes/yes/d/579/fd/U,0.38
bo/st/no/yes/d/652/fd/A,bo/mu/yes/no/d/590/fd/U,0.6
bo/st/no/yes/d/652/fd/A,bw/st/yes/no/m/597/fd/U,0.26
bo/st/no/yes/d/652/fd/A,bw/so/yes/no/m/599/fd/U,0.24
bo/st/no/yes/d/652/fd/A,bo/st/yes/no/m/598/fd/U,0.57
bo/st/no/yes/d/652/fd/A,bo/mu/yes/no/m/596/fd/U,0.6
bo/st/no/yes/d/652/fd/A,bw/st/yes/no/d/591/fd/U,0.26
bo/st/no/yes/d/652/fd/A,bw/so/yes/no/m/647/fd/A,0.24
bo/st/no/yes/d/652/fd/A,bo/st/yes/no/d/640/fd/A,0.57
bo/st/no/yes/d/652/fd/A,bw/mu/no/yes/d/649/fd/A,0.49
bo/st/no/yes/d/652/fd/A,bw/so/no/no/m/671/fd/A,0.26
bo/st/no/yes/d/652/fd/A,bw/mu/yes/yes/d/625/fd/A,0.53
bo/st/no/yes/d/652/fd/A,bo/st/no/no/m/622/fd/U,0.84
bo/st/no/yes/d/652/fd/A,bo/mu/no/no/d/614/fd/U,0.48
bo/st/no/yes/d/652/fd/A,bw/mu/no/no/d/613/fd/U,0.46
bo/st/no/yes/d/652/fd/A,bo/st/no/no/m/670/fd/A,0.84
bo/st/no/yes/d/652/fd/A,bo/so/yes/no/m/648/fd/A,0.26
bo/st/no/yes/d/652/fd/A,bw/so/yes/no/d/641/fd/A,0.24
bo/st/no/yes/d/652/fd/A,bo/st/yes/no/m/646/fd/A,0.57
bo/st/no/yes/d/652/fd/A,bo/so/no/yes/m/612/fd/U,0.07
bo/st/no/yes/d/652/fd/A,bw/st/no/no/d/615/fd/U,0.26
bo/st/no/yes/d/652/fd/A,bw/so/no/no/m/623/fd/U,0.26
bo/st/no/yes/d/652/fd/A,bo/so/no/no/m/624/fd/U,0.05
bo/st/no/yes/d/652/fd/A,bo/so/no/yes/m/660/fd/A,0.07
bo/st/no/yes/d/652/fd/A,bo/st/no/yes/m/658/fd/A,1.0
bo/st/no/yes/d/652/fd/A,bw/mu/no/no/m/667/fd/A,0.46
bo/st/no/yes/d/652/fd/A,bw/st/no/yes/d/651/fd/A,0.38
bo/st/no/yes/d/652/fd/A,bw/st/no/no/m/669/fd/A,0.26
bo/st/no/yes/d/652/fd/A,bo/mu/no/yes/m/656/fd/A,0.59
bo/st/no/yes/d/652/fd/A,bo/mu/no/yes/d/602/fd/U,0.59
bo/st/no/yes/d/652/fd/A,bw/so/no/yes/d/605/fd/U,0.35
bo/st/no/yes/d/652/fd/A,bw/st/yes/yes/m/633/fd/A,0.38
bo/st/no/yes/d/652/fd/A,bo/st/yes/yes/m/634/fd/A,0.63
bo/st/no/yes/d/652/fd/A,bo/mu/no/no/m/668/fd/A,0.48
bo/st/no/yes/d/652/fd/A,bw/st/no/yes/m/657/fd/A,0.38
bo/st/no/yes/d/652/fd/A,bo/mu/no/yes/d/650/fd/A,0.59
bo/st/no/yes/d/652/fd/A,bw/so/no/yes/m/659/fd/A,0.35
bo/st/no/yes/d/652/fd/A,bo/so/no/no/d/666/fd/A,0.05
bo/st/no/yes/d/652/fd/A,bw/mu/no/no/d/661/fd/A,0.46
bo/st/no/yes/d/652/fd/A,bw/so/yes/yes/m/635/fd/A,0.34
bo/st/no/yes/d/652/fd/A,bo/mu/yes/yes/m/632/fd/A,0.64
bo/st/no/yes/d/652/fd/A,bo/st/no/yes/d/604/fd/U,1.0
bo/st/no/yes/d/652/fd/A,bw/st/no/yes/d/603/fd/U,0.38
bo/st/no/yes/d/652/fd/A,bo/so/yes/yes/m/588/fd/U,0.4
bo/st/no/yes/d/652/fd/A,bo/st/yes/yes/m/586/fd/U,0.63
bo/st/no/yes/d/652/fd/A,bw/so/yes/yes/d/581/fd/U,0.34
bo/st/no/yes/d/652/fd/A,bo/st/yes/yes/d/580/fd/U,0.63
bo/st/no/yes/d/652/fd/A,bw/so/yes/yes/m/587/fd/U,0.34
bo/st/no/yes/d/652/fd/A,bw/mu/yes/no/d/589/fd/U,0.5
bo/st/no/yes/d/652/fd/A,bo/so/yes/no/d/594/fd/U,0.26
bo/st/no/yes/d/652/fd/A,bw/so/yes/no/d/593/fd/U,0.24
bo/st/no/yes/d/652/fd/A,bo/st/yes/no/d/592/fd/U,0.57
bo/st/no/yes/d/652/fd/A,bw/mu/yes/no/m/595/fd/U,0.5
bo/st/no/yes/d/652/fd/A,bw/st/no/no/m/621/fd/U,0.26
bo/st/no/yes/d/652/fd/A,bw/mu/no/no/m/619/fd/U,0.46
bo/st/no/yes/d/652/fd/A,bo/mu/yes/yes/d/626/fd/A,0.64
bo/st/no/yes/d/652/fd/A,bo/st/no/yes/m/610/fd/U,1.0
bo/st/no/yes/d/652/fd/A,bo/st/yes/yes/d/628/fd/A,0.63
bo/st/no/yes/d/652/fd/A,bw/so/no/no/d/617/fd/U,0.26
bo/st/no/yes/d/652/fd/A,bw/mu/yes/no/m/643/fd/A,0.5
bo/st/no/yes/d/652/fd/A,bo/mu/yes/no/m/644/fd/A,0.6
bo/st/no/yes/d/652/fd/A,bo/so/no/no/m/672/fd/A,0.05
bo/st/no/yes/d/652/fd/A,bw/so/yes/yes/d/629/fd/A,0.34
bo/st/no/yes/d/652/fd/A,bo/st/no/no/d/616/fd/U,0.84
bo/st/no/yes/d/652/fd/A,bw/so/no/yes/m/611/fd/U,0.35
bo/st/no/yes/d/652/fd/A,bo/so/no/no/d/618/fd/U,0.05
bo/st/no/yes/d/652/fd/A,bw/st/yes/yes/d/627/fd/A,0.38
bo/st/no/yes/d/652/fd/A,bo/mu/no/no/m/620/fd/U,0.48
bo/st/no/yes/d/652/fd/A,bw/st/yes/no/m/645/fd/A,0.26
bo/st/no/yes/d/652/fd/A,bo/so/yes/no/d/642/fd/A,0.26
bw/mu/yes/yes/m/631/fd/A,bo/so/no/yes/d/606/fd/U,0.04
bw/mu/yes/yes/m/631/fd/A,bw/st/yes/no/d/639/fd/A,0.36
bw/mu/yes/yes/m/631/fd/A,bw/mu/no/yes/d/601/fd/U,0.89
bw/mu/yes/yes/m/631/fd/A,bw/mu/yes/no/d/637/fd/A,0.89
bw/mu/yes/yes/m/631/fd/A,bo/mu/no/yes/m/608/fd/U,0.68
bw/mu/yes/yes/m/631/fd/A,bo/so/yes/yes/d/630/fd/A,0.35
bw/mu/yes/yes/m/631/fd/A,bo/st/no/no/d/664/fd/A,0.5
bw/mu/yes/yes/m/631/fd/A,bw/st/no/no/d/663/fd/A,0.35
bw/mu/yes/yes/m/631/fd/A,bw/mu/no/yes/m/655/fd/A,0.89
bw/mu/yes/yes/m/631/fd/A,bo/st/no/yes/d/652/fd/A,0.53
bw/mu/yes/yes/m/631/fd/A,bw/mu/yes/yes/m/631/fd/A,1.0
bw/mu/yes/yes/m/631/fd/A,bo/so/yes/yes/m/636/fd/A,0.35
bw/mu/yes/yes/m/631/fd/A,bw/st/no/yes/m/609/fd/U,0.48
bw/mu/yes/yes/m/631/fd/A,bo/so/yes/no/m/600/fd/U,0.26
bw/mu/yes/yes/m/631/fd/A,bw/mu/no/yes/m/607/fd/U,0.89
bw/mu/yes/yes/m/631/fd/A,bo/mu/yes/no/d/638/fd/A,0.8
bw/mu/yes/yes/m/631/fd/A,bw/so/no/yes/d/653/fd/A,0.33
bw/mu/yes/yes/m/631/fd/A,bo/so/no/yes/d/654/fd/A,0.04
bw/mu/yes/yes/m/631/fd/A,bo/mu/no/no/d/662/fd/A,0.6
bw/mu/yes/yes/m/631/fd/A,bw/so/no/no/d/665/fd/A,0.26
bw/mu/yes/yes/m/631/fd/A,bo/mu/yes/yes/d/578/fd/U,0.77
bw/mu/yes/yes/m/631/fd/A,bo/so/yes/yes/d/582/fd/U,0.35
bw/mu/yes/yes/m/631/fd/A,bw/st/yes/yes/m/585/fd/U,0.48
bw/mu/yes/yes/m/631/fd/A,bo/mu/yes/yes/m/584/fd/U,0.77
bw/mu/yes/yes/m/631/fd/A,bw/mu/yes/yes/m/583/fd/U,1.0
bw/mu/yes/yes/m/631/fd/A,bw/mu/yes/yes/d/577/fd/U,1.0
bw/mu/yes/yes/m/631/fd/A,bw/st/yes/yes/d/579/fd/U,0.48
bw/mu/yes/yes/m/631/fd/A,bo/mu/yes/no/d/590/fd/U,0.8
bw/mu/yes/yes/m/631/fd/A,bw/st/yes/no/m/597/fd/U,0.36
bw/mu/yes/yes/m/631/fd/A,bw/so/yes/no/m/599/fd/U,0.25
bw/mu/yes/yes/m/631/fd/A,bo/st/yes/no/m/598/fd/U,0.52
bw/mu/yes/yes/m/631/fd/A,bo/mu/yes/no/m/596/fd/U,0.8
bw/mu/yes/yes/m/631/fd/A,bw/st/yes/no/d/591/fd/U,0.36
bw/mu/yes/yes/m/631/fd/A,bw/so/yes/no/m/647/fd/A,0.25
bw/mu/yes/yes/m/631/fd/A,bo/st/yes/no/d/640/fd/A,0.52
bw/mu/yes/yes/m/631/fd/A,bw/mu/no/yes/d/649/fd/A,0.89
bw/mu/yes/yes/m/631/fd/A,bw/so/no/no/m/671/fd/A,0.26
bw/mu/yes/yes/m/631/fd/A,bw/mu/yes/yes/d/625/fd/A,1.0
bw/mu/yes/yes/m/631/fd/A,bo/st/no/no/m/622/fd/U,0.5
bw/mu/yes/yes/m/631/fd/A,bo/mu/no/no/d/614/fd/U,0.6
bw/mu/yes/yes/m/631/fd/A,bw/mu/no/no/d/613/fd/U,0.8
bw/mu/yes/yes/m/631/fd/A,bo/st/no/no/m/670/fd/A,0.5
bw/mu/yes/yes/m/631/fd/A,bo/so/yes/no/m/648/fd/A,0.26
bw/mu/yes/yes/m/631/fd/A,bw/so/yes/no/d/641/fd/A,0.25
bw/mu/yes/yes/m/631/fd/A,bo/st/yes/no/m/646/fd/A,0.52
bw/mu/yes/yes/m/631/fd/A,bo/so/no/yes/m/612/fd/U,0.04
bw/mu/yes/yes/m/631/fd/A,bw/st/no/no/d/615/fd/U,0.35
bw/mu/yes/yes/m/631/fd/A,bw/so/no/no/m/623/fd/U,0.26
bw/mu/yes/yes/m/631/fd/A,bo/so/no/no/m/624/fd/U,0.04
bw/mu/yes/yes/m/631/fd/A,bo/so/no/yes/m/660/fd/A,0.04
bw/mu/yes/yes/m/631/fd/A,bo/st/no/yes/m/658/fd/A,0.53
bw/mu/yes/yes/m/631/fd/A,bw/mu/no/no/m/667/fd/A,0.8
bw/mu/yes/yes/m/631/fd/A,bw/st/no/yes/d/651/fd/A,0.48
bw/mu/yes/yes/m/631/fd/A,bw/st/no/no/m/669/fd/A,0.35
bw/mu/yes/yes/m/631/fd/A,bo/mu/no/yes/m/656/fd/A,0.68
bw/mu/yes/yes/m/631/fd/A,bo/mu/no/yes/d/602/fd/U,0.68
bw/mu/yes/yes/m/631/fd/A,bw/so/no/yes/d/605/fd/U,0.33
bw/mu/yes/yes/m/631/fd/A,bw/st/yes/yes/m/633/fd/A,0.48
bw/mu/yes/yes/m/631/fd/A,bo/st/yes/yes/m/634/fd/A,0.55
bw/mu/yes/yes/m/631/fd/A,bo/mu/no/no/m/668/fd/A,0.6
bw/mu/yes/yes/m/631/fd/A,bw/st/no/yes/m/657/fd/A,0.48
bw/mu/yes/yes/m/631/fd/A,bo/mu/no/yes/d/650/fd/A,0.68
bw/mu/yes/yes/m/631/fd/A,bw/so/no/yes/m/659/fd/A,0.33
bw/mu/yes/yes/m/631/fd/A,bo/so/no/no/d/666/fd/A,0.04
bw/mu/yes/yes/m/631/fd/A,bw/mu/no/no/d/661/fd/A,0.8
bw/mu/yes/yes/m/631/fd/A,bw/so/yes/yes/m/635/fd/A,0.32
bw/mu/yes/yes/m/631/fd/A,bo/mu/yes/yes/m/632/fd/A,0.77
bw/mu/yes/yes/m/631/fd/A,bo/st/no/yes/d/604/fd/U,0.53
bw/mu/yes/yes/m/631/fd/A,bw/st/no/yes/d/603/fd/U,0.48
bw/mu/yes/yes/m/631/fd/A,bo/so/yes/yes/m/588/fd/U,0.35
bw/mu/yes/yes/m/631/fd/A,bo/st/yes/yes/m/586/fd/U,0.55
bw/mu/yes/yes/m/631/fd/A,bw/so/yes/yes/d/581/fd/U,0.32
bw/mu/yes/yes/m/631/fd/A,bo/st/yes/yes/d/580/fd/U,0.55
bw/mu/yes/yes/m/631/fd/A,bw/so/yes/yes/m/587/fd/U,0.32
bw/mu/yes/yes/m/631/fd/A,bw/mu/yes/no/d/589/fd/U,0.89
bw/mu/yes/yes/m/631/fd/A,bo/so/yes/no/d/594/fd/U,0.26
bw/mu/yes/yes/m/631/fd/A,bw/so/yes/no/d/593/fd/U,0.25
bw/mu/yes/yes/m/631/fd/A,bo/st/yes/no/d/592/fd/U,0.52
bw/mu/yes/yes/m/631/fd/A,bw/mu/yes/no/m/595/fd/U,0.89
bw/mu/yes/yes/m/631/fd/A,bw/st/no/no/m/621/fd/U,0.35
bw/mu/yes/yes/m/631/fd/A,bw/mu/no/no/m/619/fd/U,0.8
bw/mu/yes/yes/m/631/fd/A,bo/mu/yes/yes/d/626/fd/A,0.77
bw/mu/yes/yes/m/631/fd/A,bo/st/no/yes/m/610/fd/U,0.53
bw/mu/yes/yes/m/631/fd/A,bo/st/yes/yes/d/628/fd/A,0.55
bw/mu/yes/yes/m/631/fd/A,bw/so/no/no/d/617/fd/U,0.26
bw/mu/yes/yes/m/631/fd/A,bw/mu/yes/no/m/643/fd/A,0.89
bw/mu/yes/yes/m/631/fd/A,bo/mu/yes/no/m/644/fd/A,0.8
bw/mu/yes/yes/m/631/fd/A,bo/so/no/no/m/672/fd/A,0.04
bw/mu/yes/yes/m/631/fd/A,bw/so/yes/yes/d/629/fd/A,0.32
bw/mu/yes/yes/m/631/fd/A,bo/st/no/no/d/616/fd/U,0.5
bw/mu/yes/yes/m/631/fd/A,bw/so/no/yes/m/611/fd/U,0.33
bw/mu/yes/yes/m/631/fd/A,bo/so/no/no/d/618/fd/U,0.04
bw/mu/yes/yes/m/631/fd/A,bw/st/yes/yes/d/627/fd/A,0.48
bw/mu/yes/yes/m/631/fd/A,bo/mu/no/no/m/620/fd/U,0.6
bw/mu/yes/yes/m/631/fd/A,bw/st/yes/no/m/645/fd/A,0.36
bw/mu/yes/yes/m/631/fd/A,bo/so/yes/no/d/642/fd/A,0.26
bo/so/yes/yes/m/636/fd/A,bo/so/no/yes/d/606/fd/U,0.14
bo/so/yes/yes/m/636/fd/A,bw/st/yes/no/d/639/fd/A,0.3
bo/so/yes/yes/m/636/fd/A,bw/mu/no/yes/d/601/fd/U,0.34
bo/so/yes/yes/m/636/fd/A,bw/mu/yes/no/d/637/fd/A,0.34
bo/so/yes/yes/m/636/fd/A,bo/mu/no/yes/m/608/fd/U,0.36
bo/so/yes/yes/m/636/fd/A,bo/so/yes/yes/d/630/fd/A,1.0
bo/so/yes/yes/m/636/fd/A,bo/st/no/no/d/664/fd/A,0.41
bo/so/yes/yes/m/636/fd/A,bw/st/no/no/d/663/fd/A,0.29
bo/so/yes/yes/m/636/fd/A,bw/mu/no/yes/m/655/fd/A,0.34
bo/so/yes/yes/m/636/fd/A,bo/st/no/yes/d/652/fd/A,0.4
bo/so/yes/yes/m/636/fd/A,bw/mu/yes/yes/m/631/fd/A,0.35
bo/so/yes/yes/m/636/fd/A,bo/so/yes/yes/m/636/fd/A,1.0
bo/so/yes/yes/m/636/fd/A,bw/st/no/yes/m/609/fd/U,0.37
bo/so/yes/yes/m/636/fd/A,bo/so/yes/no/m/600/fd/U,0.58
bo/so/yes/yes/m/636/fd/A,bw/mu/no/yes/m/607/fd/U,0.34
bo/so/yes/yes/m/636/fd/A,bo/mu/yes/no/d/638/fd/A,0.39
bo/so/yes/yes/m/636/fd/A,bw/so/no/yes/d/653/fd/A,0.64
bo/so/yes/yes/m/636/fd/A,bo/so/no/yes/d/654/fd/A,0.14
bo/so/yes/yes/m/636/fd/A,bo/mu/no/no/d/662/fd/A,0.32
bo/so/yes/yes/m/636/fd/A,bw/so/no/no/d/665/fd/A,0.46
bo/so/yes/yes/m/636/fd/A,bo/mu/yes/yes/d/578/fd/U,0.4
bo/so/yes/yes/m/636/fd/A,bo/so/yes/yes/d/582/fd/U,1.0
bo/so/yes/yes/m/636/fd/A,bw/st/yes/yes/m/585/fd/U,0.38
bo/so/yes/yes/m/636/fd/A,bo/mu/yes/yes/m/584/fd/U,0.4
bo/so/yes/yes/m/636/fd/A,bw/mu/yes/yes/m/583/fd/U,0.35
bo/so/yes/yes/m/636/fd/A,bw/mu/yes/yes/d/577/fd/U,0.35
bo/so/yes/yes/m/636/fd/A,bw/st/yes/yes/d/579/fd/U,0.38
bo/so/yes/yes/m/636/fd/A,bo/mu/yes/no/d/590/fd/U,0.39
bo/so/yes/yes/m/636/fd/A,bw/st/yes/no/m/597/fd/U,0.3
bo/so/yes/yes/m/636/fd/A,bw/so/yes/no/m/599/fd/U,0.46
bo/so/yes/yes/m/636/fd/A,bo/st/yes/no/m/598/fd/U,0.5
bo/so/yes/yes/m/636/fd/A,bo/mu/yes/no/m/596/fd/U,0.39
bo/so/yes/yes/m/636/fd/A,bw/st/yes/no/d/591/fd/U,0.3
bo/so/yes/yes/m/636/fd/A,bw/so/yes/no/m/647/fd/A,0.46
bo/so/yes/yes/m/636/fd/A,bo/st/yes/no/d/640/fd/A,0.5
bo/so/yes/yes/m/636/fd/A,bw/mu/no/yes/d/649/fd/A,0.34
bo/so/yes/yes/m/636/fd/A,bw/so/no/no/m/671/fd/A,0.46
bo/so/yes/yes/m/636/fd/A,bw/mu/yes/yes/d/625/fd/A,0.35
bo/so/yes/yes/m/636/fd/A,bo/st/no/no/m/622/fd/U,0.41
bo/so/yes/yes/m/636/fd/A,bo/mu/no/no/d/614/fd/U,0.32
bo/so/yes/yes/m/636/fd/A,bw/mu/no/no/d/613/fd/U,0.32
bo/so/yes/yes/m/636/fd/A,bo/st/no/no/m/670/fd/A,0.41
bo/so/yes/yes/m/636/fd/A,bo/so/yes/no/m/648/fd/A,0.58
bo/so/yes/yes/m/636/fd/A,bw/so/yes/no/d/641/fd/A,0.46
bo/so/yes/yes/m/636/fd/A,bo/st/yes/no/m/646/fd/A,0.5
bo/so/yes/yes/m/636/fd/A,bo/so/no/yes/m/612/fd/U,0.14
bo/so/yes/yes/m/636/fd/A,bw/st/no/no/d/615/fd/U,0.29
bo/so/yes/yes/m/636/fd/A,bw/so/no/no/m/623/fd/U,0.46
bo/so/yes/yes/m/636/fd/A,bo/so/no/no/m/624/fd/U,0.14
bo/so/yes/yes/m/636/fd/A,bo/so/no/yes/m/660/fd/A,0.14
bo/so/yes/yes/m/636/fd/A,bo/st/no/yes/m/658/fd/A,0.4
bo/so/yes/yes/m/636/fd/A,bw/mu/no/no/m/667/fd/A,0.32
bo/so/yes/yes/m/636/fd/A,bw/st/no/yes/d/651/fd/A,0.37
bo/so/yes/yes/m/636/fd/A,bw/st/no/no/m/669/fd/A,0.29
bo/so/yes/yes/m/636/fd/A,bo/mu/no/yes/m/656/fd/A,0.36
bo/so/yes/yes/m/636/fd/A,bo/mu/no/yes/d/602/fd/U,0.36
bo/so/yes/yes/m/636/fd/A,bw/so/no/yes/d/605/fd/U,0.64
bo/so/yes/yes/m/636/fd/A,bw/st/yes/yes/m/633/fd/A,0.38
bo/so/yes/yes/m/636/fd/A,bo/st/yes/yes/m/634/fd/A,0.48
bo/so/yes/yes/m/636/fd/A,bo/mu/no/no/m/668/fd/A,0.32
bo/so/yes/yes/m/636/fd/A,bw/st/no/yes/m/657/fd/A,0.37
bo/so/yes/yes/m/636/fd/A,bo/mu/no/yes/d/650/fd/A,0.36
bo/so/yes/yes/m/636/fd/A,bw/so/no/yes/m/659/fd/A,0.64
bo/so/yes/yes/m/636/fd/A,bo/so/no/no/d/666/fd/A,0.14
bo/so/yes/yes/m/636/fd/A,bw/mu/no/no/d/661/fd/A,0.32
bo/so/yes/yes/m/636/fd/A,bw/so/yes/yes/m/635/fd/A,0.67
bo/so/yes/yes/m/636/fd/A,bo/mu/yes/yes/m/632/fd/A,0.4
bo/so/yes/yes/m/636/fd/A,bo/st/no/yes/d/604/fd/U,0.4
bo/so/yes/yes/m/636/fd/A,bw/st/no/yes/d/603/fd/U,0.37
bo/so/yes/yes/m/636/fd/A,bo/so/yes/yes/m/588/fd/U,1.0
bo/so/yes/yes/m/636/fd/A,bo/st/yes/yes/m/586/fd/U,0.48
bo/so/yes/yes/m/636/fd/A,bw/so/yes/yes/d/581/fd/U,0.67
bo/so/yes/yes/m/636/fd/A,bo/st/yes/yes/d/580/fd/U,0.48
bo/so/yes/yes/m/636/fd/A,bw/so/yes/yes/m/587/fd/U,0.67
bo/so/yes/yes/m/636/fd/A,bw/mu/yes/no/d/589/fd/U,0.34
bo/so/yes/yes/m/636/fd/A,bo/so/yes/no/d/594/fd/U,0.58
bo/so/yes/yes/m/636/fd/A,bw/so/yes/no/d/593/fd/U,0.46
bo/so/yes/yes/m/636/fd/A,bo/st/yes/no/d/592/fd/U,0.5
bo/so/yes/yes/m/636/fd/A,bw/mu/yes/no/m/595/fd/U,0.34
bo/so/yes/yes/m/636/fd/A,bw/st/no/no/m/621/fd/U,0.29
bo/so/yes/yes/m/636/fd/A,bw/mu/no/no/m/619/fd/U,0.32
bo/so/yes/yes/m/636/fd/A,bo/mu/yes/yes/d/626/fd/A,0.4
bo/so/yes/yes/m/636/fd/A,bo/st/no/yes/m/610/fd/U,0.4
bo/so/yes/yes/m/636/fd/A,bo/st/yes/yes/d/628/fd/A,0.48
bo/so/yes/yes/m/636/fd/A,bw/so/no/no/d/617/fd/U,0.46
bo/so/yes/yes/m/636/fd/A,bw/mu/yes/no/m/643/fd/A,0.34
bo/so/yes/yes/m/636/fd/A,bo/mu/yes/no/m/644/fd/A,0.39
bo/so/yes/yes/m/636/fd/A,bo/so/no/no/m/672/fd/A,0.14
bo/so/yes/yes/m/636/fd/A,bw/so/yes/yes/d/629/fd/A,0.67
bo/so/yes/yes/m/636/fd/A,bo/st/no/no/d/616/fd/U,0.41
bo/so/yes/yes/m/636/fd/A,bw/so/no/yes/m/611/fd/U,0.64
bo/so/yes/yes/m/636/fd/A,bo/so/no/no/d/618/fd/U,0.14
bo/so/yes/yes/m/636/fd/A,bw/st/yes/yes/d/627/fd/A,0.38
bo/so/yes/yes/m/636/fd/A,bo/mu/no/no/m/620/fd/U,0.32
bo/so/yes/yes/m/636/fd/A,bw/st/yes/no/m/645/fd/A,0.3
bo/so/yes/yes/m/636/fd/A,bo/so/yes/no/d/642/fd/A,0.58
bw/st/no/yes/m/609/fd/U,bo/so/no/yes/d/606/fd/U,0.05
bw/st/no/yes/m/609/fd/U,bw/st/yes/no/d/639/fd/A,0.63
bw/st/no/yes/m/609/fd/U,bw/mu/no/yes/d/601/fd/U,0.46
bw/st/no/yes/m/609/fd/U,bw/mu/yes/no/d/637/fd/A,0.46
bw/st/no/yes/m/609/fd/U,bo/mu/no/yes/m/608/fd/U,0.4
bw/st/no/yes/m/609/fd/U,bo/so/yes/yes/d/630/fd/A,0.37
bw/st/no/yes/m/609/fd/U,bo/st/no/no/d/664/fd/A,0.4
bw/st/no/yes/m/609/fd/U,bw/st/no/no/d/663/fd/A,0.66
bw/st/no/yes/m/609/fd/U,bw/mu/no/yes/m/655/fd/A,0.46
bw/st/no/yes/m/609/fd/U,bo/st/no/yes/d/652/fd/A,0.38
bw/st/no/yes/m/609/fd/U,bw/mu/yes/yes/m/631/fd/A,0.48
bw/st/no/yes/m/609/fd/U,bo/so/yes/yes/m/636/fd/A,0.37
bw/st/no/yes/m/609/fd/U,bw/st/no/yes/m/609/fd/U,1.0
bw/st/no/yes/m/609/fd/U,bo/so/yes/no/m/600/fd/U,0.29
bw/st/no/yes/m/609/fd/U,bw/mu/no/yes/m/607/fd/U,0.46
bw/st/no/yes/m/609/fd/U,bo/mu/yes/no/d/638/fd/A,0.44
bw/st/no/yes/m/609/fd/U,bw/so/no/yes/d/653/fd/A,0.38
bw/st/no/yes/m/609/fd/U,bo/so/no/yes/d/654/fd/A,0.05
bw/st/no/yes/m/609/fd/U,bo/mu/no/no/d/662/fd/A,0.39
bw/st/no/yes/m/609/fd/U,bw/so/no/no/d/665/fd/A,0.31
bw/st/no/yes/m/609/fd/U,bo/mu/yes/yes/d/578/fd/U,0.44
bw/st/no/yes/m/609/fd/U,bo/so/yes/yes/d/582/fd/U,0.37
bw/st/no/yes/m/609/fd/U,bw/st/yes/yes/m/585/fd/U,0.84
bw/st/no/yes/m/609/fd/U,bo/mu/yes/yes/m/584/fd/U,0.44
bw/st/no/yes/m/609/fd/U,bw/mu/yes/yes/m/583/fd/U,0.48
bw/st/no/yes/m/609/fd/U,bw/mu/yes/yes/d/577/fd/U,0.48
bw/st/no/yes/m/609/fd/U,bw/st/yes/yes/d/579/fd/U,0.84
bw/st/no/yes/m/609/fd/U,bo/mu/yes/no/d/590/fd/U,0.44
bw/st/no/yes/m/609/fd/U,bw/st/yes/no/m/597/fd/U,0.63
bw/st/no/yes/m/609/fd/U,bw/so/yes/no/m/599/fd/U,0.3
bw/st/no/yes/m/609/fd/U,bo/st/yes/no/m/598/fd/U,0.54
bw/st/no/yes/m/609/fd/U,bo/mu/yes/no/m/596/fd/U,0.44
bw/st/no/yes/m/609/fd/U,bw/st/yes/no/d/591/fd/U,0.63
bw/st/no/yes/m/609/fd/U,bw/so/yes/no/m/647/fd/A,0.3
bw/st/no/yes/m/609/fd/U,bo/st/yes/no/d/640/fd/A,0.54
bw/st/no/yes/m/609/fd/U,bw/mu/no/yes/d/649/fd/A,0.46
bw/st/no/yes/m/609/fd/U,bw/so/no/no/m/671/fd/A,0.31
bw/st/no/yes/m/609/fd/U,bw/mu/yes/yes/d/625/fd/A,0.48
bw/st/no/yes/m/609/fd/U,bo/st/no/no/m/622/fd/U,0.4
bw/st/no/yes/m/609/fd/U,bo/mu/no/no/d/614/fd/U,0.39
bw/st/no/yes/m/609/fd/U,bw/mu/no/no/d/613/fd/U,0.44
bw/st/no/yes/m/609/fd/U,bo/st/no/no/m/670/fd/A,0.4
bw/st/no/yes/m/609/fd/U,bo/so/yes/no/m/648/fd/A,0.29
bw/st/no/yes/m/609/fd/U,bw/so/yes/no/d/641/fd/A,0.3
bw/st/no/yes/m/609/fd/U,bo/st/yes/no/m/646/fd/A,0.54
bw/st/no/yes/m/609/fd/U,bo/so/no/yes/m/612/fd/U,0.05
bw/st/no/yes/m/609/fd/U,bw/st/no/no/d/615/fd/U,0.66
bw/st/no/yes/m/609/fd/U,bw/so/no/no/m/623/fd/U,0.31
bw/st/no/yes/m/609/fd/U,bo/so/no/no/m/624/fd/U,0.06
bw/st/no/yes/m/609/fd/U,bo/so/no/yes/m/660/fd/A,0.05
bw/st/no/yes/m/609/fd/U,bo/st/no/yes/m/658/fd/A,0.38
bw/st/no/yes/m/609/fd/U,bw/mu/no/no/m/667/fd/A,0.44
bw/st/no/yes/m/609/fd/U,bw/st/no/yes/d/651/fd/A,1.0
bw/st/no/yes/m/609/fd/U,bw/st/no/no/m/669/fd/A,0.66
bw/st/no/yes/m/609/fd/U,bo/mu/no/yes/m/656/fd/A,0.4
bw/st/no/yes/m/609/fd/U,bo/mu/no/yes/d/602/fd/U,0.4
bw/st/no/yes/m/609/fd/U,bw/so/no/yes/d/605/fd/U,0.38
bw/st/no/yes/m/609/fd/U,bw/st/yes/yes/m/633/fd/A,0.84
bw/st/no/yes/m/609/fd/U,bo/st/yes/yes/m/634/fd/A,0.51
bw/st/no/yes/m/609/fd/U,bo/mu/no/no/m/668/fd/A,0.39
bw/st/no/yes/m/609/fd/U,bw/st/no/yes/m/657/fd/A,1.0
bw/st/no/yes/m/609/fd/U,bo/mu/no/yes/d/650/fd/A,0.4
bw/st/no/yes/m/609/fd/U,bw/so/no/yes/m/659/fd/A,0.38
bw/st/no/yes/m/609/fd/U,bo/so/no/no/d/666/fd/A,0.06
bw/st/no/yes/m/609/fd/U,bw/mu/no/no/d/661/fd/A,0.44
bw/st/no/yes/m/609/fd/U,bw/so/yes/yes/m/635/fd/A,0.38
bw/st/no/yes/m/609/fd/U,bo/mu/yes/yes/m/632/fd/A,0.44
bw/st/no/yes/m/609/fd/U,bo/st/no/yes/d/604/fd/U,0.38
bw/st/no/yes/m/609/fd/U,bw/st/no/yes/d/603/fd/U,1.0
bw/st/no/yes/m/609/fd/U,bo/so/yes/yes/m/588/fd/U,0.37
bw/st/no/yes/m/609/fd/U,bo/st/yes/yes/m/586/fd/U,0.51
bw/st/no/yes/m/609/fd/U,bw/so/yes/yes/d/581/fd/U,0.38
bw/st/no/yes/m/609/fd/U,bo/st/yes/yes/d/580/fd/U,0.51
bw/st/no/yes/m/609/fd/U,bw/so/yes/yes/m/587/fd/U,0.38
bw/st/no/yes/m/609/fd/U,bw/mu/yes/no/d/589/fd/U,0.46
bw/st/no/yes/m/609/fd/U,bo/so/yes/no/d/594/fd/U,0.29
bw/st/no/yes/m/609/fd/U,bw/so/yes/no/d/593/fd/U,0.3
bw/st/no/yes/m/609/fd/U,bo/st/yes/no/d/592/fd/U,0.54
bw/st/no/yes/m/609/fd/U,bw/mu/yes/no/m/595/fd/U,0.46
bw/st/no/yes/m/609/fd/U,bw/st/no/no/m/621/fd/U,0.66
bw/st/no/yes/m/609/fd/U,bw/mu/no/no/m/619/fd/U,0.44
bw/st/no/yes/m/609/fd/U,bo/mu/yes/yes/d/626/fd/A,0.44
bw/st/no/yes/m/609/fd/U,bo/st/no/yes/m/610/fd/U,0.38
bw/st/no/yes/m/609/fd/U,bo/st/yes/yes/d/628/fd/A,0.51
bw/st/no/yes/m/609/fd/U,bw/so/no/no/d/617/fd/U,0.31
bw/st/no/yes/m/609/fd/U,bw/mu/yes/no/m/643/fd/A,0.46
bw/st/no/yes/m/609/fd/U,bo/mu/yes/no/m/644/fd/A,0.44
bw/st/no/yes/m/609/fd/U,bo/so/no/no/m/672/fd/A,0.06
bw/st/no/yes/m/609/fd/U,bw/so/yes/yes/d/629/fd/A,0.38
bw/st/no/yes/m/609/fd/U,bo/st/no/no/d/616/fd/U,0.4
bw/st/no/yes/m/609/fd/U,bw/so/no/yes/m/611/fd/U,0.38
bw/st/no/yes/m/609/fd/U,bo/so/no/no/d/618/fd/U,0.06
bw/st/no/yes/m/609/fd/U,bw/st/yes/yes/d/627/fd/A,0.84
bw/st/no/yes/m/609/fd/U,bo/mu/no/no/m/620/fd/U,0.39
bw/st/no/yes/m/609/fd/U,bw/st/yes/no/m/645/fd/A,0.63
bw/st/no/yes/m/609/fd/U,bo/so/yes/no/d/642/fd/A,0.29
bo/so/yes/no/m/600/fd/U,bo/so/no/yes/d/606/fd/U,0.1
bo/so/yes/no/m/600/fd/U,bw/st/yes/no/d/639/fd/A,0.27
bo/so/yes/no/m/600/fd/U,bw/mu/no/yes/d/601/fd/U,0.25
bo/so/yes/no/m/600/fd/U,bw/mu/yes/no/d/637/fd/A,0.25
bo/so/yes/no/m/600/fd/U,bo/mu/no/yes/m/608/fd/U,0.25
bo/so/yes/no/m/600/fd/U,bo/so/yes/yes/d/630/fd/A,0.58
bo/so/yes/no/m/600/fd/U,bo/st/no/no/d/664/fd/A,0.29
bo/so/yes/no/m/600/fd/U,bw/st/no/no/d/663/fd/A,0.25
bo/so/yes/no/m/600/fd/U,bw/mu/no/yes/m/655/fd/A,0.25
bo/so/yes/no/m/600/fd/U,bo/st/no/yes/d/652/fd/A,0.26
bo/so/yes/no/m/600/fd/U,bw/mu/yes/yes/m/631/fd/A,0.26
bo/so/yes/no/m/600/fd/U,bo/so/yes/yes/m/636/fd/A,0.58
bo/so/yes/no/m/600/fd/U,bw/st/no/yes/m/609/fd/U,0.29
bo/so/yes/no/m/600/fd/U,bo/so/yes/no/m/600/fd/U,1.0
bo/so/yes/no/m/600/fd/U,bw/mu/no/yes/m/607/fd/U,0.25
bo/so/yes/no/m/600/fd/U,bo/mu/yes/no/d/638/fd/A,0.27
bo/so/yes/no/m/600/fd/U,bw/so/no/yes/d/653/fd/A,0.48
bo/so/yes/no/m/600/fd/U,bo/so/no/yes/d/654/fd/A,0.1
bo/so/yes/no/m/600/fd/U,bo/mu/no/no/d/662/fd/A,0.23
bo/so/yes/no/m/600/fd/U,bw/so/no/no/d/665/fd/A,0.71
bo/so/yes/no/m/600/fd/U,bo/mu/yes/yes/d/578/fd/U,0.28
bo/so/yes/no/m/600/fd/U,bo/so/yes/yes/d/582/fd/U,0.58
bo/so/yes/no/m/600/fd/U,bw/st/yes/yes/m/585/fd/U,0.3
bo/so/yes/no/m/600/fd/U,bo/mu/yes/yes/m/584/fd/U,0.28
bo/so/yes/no/m/600/fd/U,bw/mu/yes/yes/m/583/fd/U,0.26
bo/so/yes/no/m/600/fd/U,bw/mu/yes/yes/d/577/fd/U,0.26
bo/so/yes/no/m/600/fd/U,bw/st/yes/yes/d/579/fd/U,0.3
bo/so/yes/no/m/600/fd/U,bo/mu/yes/no/d/590/fd/U,0.27
bo/so/yes/no/m/600/fd/U,bw/st/yes/no/m/597/fd/U,0.27
bo/so/yes/no/m/600/fd/U,bw/so/yes/no/m/599/fd/U,0.76
bo/so/yes/no/m/600/fd/U,bo/st/yes/no/m/598/fd/U,0.36
bo/so/yes/no/m/600/fd/U,bo/mu/yes/no/m/596/fd/U,0.27
bo/so/yes/no/m/600/fd/U,bw/st/yes/no/d/591/fd/U,0.27
bo/so/yes/no/m/600/fd/U,bw/so/yes/no/m/647/fd/A,0.76
bo/so/yes/no/m/600/fd/U,bo/st/yes/no/d/640/fd/A,0.36
bo/so/yes/no/m/600/fd/U,bw/mu/no/yes/d/649/fd/A,0.25
bo/so/yes/no/m/600/fd/U,bw/so/no/no/m/671/fd/A,0.71
bo/so/yes/no/m/600/fd/U,bw/mu/yes/yes/d/625/fd/A,0.26
bo/so/yes/no/m/600/fd/U,bo/st/no/no/m/622/fd/U,0.29
bo/so/yes/no/m/600/fd/U,bo/mu/no/no/d/614/fd/U,0.23
bo/so/yes/no/m/600/fd/U,bw/mu/no/no/d/613/fd/U,0.25
bo/so/yes/no/m/600/fd/U,bo/st/no/no/m/670/fd/A,0.29
bo/so/yes/no/m/600/fd/U,bo/so/yes/no/m/648/fd/A,1.0
bo/so/yes/no/m/600/fd/U,bw/so/yes/no/d/641/fd/A,0.76
bo/so/yes/no/m/600/fd/U,bo/st/yes/no/m/646/fd/A,0.36
bo/so/yes/no/m/600/fd/U,bo/so/no/yes/m/612/fd/U,0.1
bo/so/yes/no/m/600/fd/U,bw/st/no/no/d/615/fd/U,0.25
bo/so/yes/no/m/600/fd/U,bw/so/no/no/m/623/fd/U,0.71
bo/so/yes/no/m/600/fd/U,bo/so/no/no/m/624/fd/U,0.19
bo/so/yes/no/m/600/fd/U,bo/so/no/yes/m/660/fd/A,0.1
bo/so/yes/no/m/600/fd/U,bo/st/no/yes/m/658/fd/A,0.26
bo/so/yes/no/m/600/fd/U,bw/mu/no/no/m/667/fd/A,0.25
bo/so/yes/no/m/600/fd/U,bw/st/no/yes/d/651/fd/A,0.29
bo/so/yes/no/m/600/fd/U,bw/st/no/no/m/669/fd/A,0.25
bo/so/yes/no/m/600/fd/U,bo/mu/no/yes/m/656/fd/A,0.25
bo/so/yes/no/m/600/fd/U,bo/mu/no/yes/d/602/fd/U,0.25
bo/so/yes/no/m/600/fd/U,bw/so/no/yes/d/605/fd/U,0.48
bo/so/yes/no/m/600/fd/U,bw/st/yes/yes/m/633/fd/A,0.3
bo/so/yes/no/m/600/fd/U,bo/st/yes/yes/m/634/fd/A,0.32
bo/so/yes/no/m/600/fd/U,bo/mu/no/no/m/668/fd/A,0.23
bo/so/yes/no/m/600/fd/U,bw/st/no/yes/m/657/fd/A,0.29
bo/so/yes/no/m/600/fd/U,bo/mu/no/yes/d/650/fd/A,0.25
bo/so/yes/no/m/600/fd/U,bw/so/no/yes/m/659/fd/A,0.48
bo/so/yes/no/m/600/fd/U,bo/so/no/no/d/666/fd/A,0.19
bo/so/yes/no/m/600/fd/U,bw/mu/no/no/d/661/fd/A,0.25
bo/so/yes/no/m/600/fd/U,bw/so/yes/yes/m/635/fd/A,0.49
bo/so/yes/no/m/600/fd/U,bo/mu/yes/yes/m/632/fd/A,0.28
bo/so/yes/no/m/600/fd/U,bo/st/no/yes/d/604/fd/U,0.26
bo/so/yes/no/m/600/fd/U,bw/st/no/yes/d/603/fd/U,0.29
bo/so/yes/no/m/600/fd/U,bo/so/yes/yes/m/588/fd/U,0.58
bo/so/yes/no/m/600/fd/U,bo/st/yes/yes/m/586/fd/U,0.32
bo/so/yes/no/m/600/fd/U,bw/so/yes/yes/d/581/fd/U,0.49
bo/so/yes/no/m/600/fd/U,bo/st/yes/yes/d/580/fd/U,0.32
bo/so/yes/no/m/600/fd/U,bw/so/yes/yes/m/587/fd/U,0.49
bo/so/yes/no/m/600/fd/U,bw/mu/yes/no/d/589/fd/U,0.25
bo/so/yes/no/m/600/fd/U,bo/so/yes/no/d/594/fd/U,1.0
bo/so/yes/no/m/600/fd/U,bw/so/yes/no/d/593/fd/U,0.76
bo/so/yes/no/m/600/fd/U,bo/st/yes/no/d/592/fd/U,0.36
bo/so/yes/no/m/600/fd/U,bw/mu/yes/no/m/595/fd/U,0.25
bo/so/yes/no/m/600/fd/U,bw/st/no/no/m/621/fd/U,0.25
bo/so/yes/no/m/600/fd/U,bw/mu/no/no/m/619/fd/U,0.25
bo/so/yes/no/m/600/fd/U,bo/mu/yes/yes/d/626/fd/A,0.28
bo/so/yes/no/m/600/fd/U,bo/st/no/yes/m/610/fd/U,0.26
bo/so/yes/no/m/600/fd/U,bo/st/yes/yes/d/628/fd/A,0.32
bo/so/yes/no/m/600/fd/U,bw/so/no/no/d/617/fd/U,0.71
bo/so/yes/no/m/600/fd/U,bw/mu/yes/no/m/643/fd/A,0.25
bo/so/yes/no/m/600/fd/U,bo/mu/yes/no/m/644/fd/A,0.27
bo/so/yes/no/m/600/fd/U,bo/so/no/no/m/672/fd/A,0.19
bo/so/yes/no/m/600/fd/U,bw/so/yes/yes/d/629/fd/A,0.49
bo/so/yes/no/m/600/fd/U,bo/st/no/no/d/616/fd/U,0.29
bo/so/yes/no/m/600/fd/U,bw/so/no/yes/m/611/fd/U,0.48
bo/so/yes/no/m/600/fd/U,bo/so/no/no/d/618/fd/U,0.19
bo/so/yes/no/m/600/fd/U,bw/st/yes/yes/d/627/fd/A,0.3
bo/so/yes/no/m/600/fd/U,bo/mu/no/no/m/620/fd/U,0.23
bo/so/yes/no/m/600/fd/U,bw/st/yes/no/m/645/fd/A,0.27
bo/so/yes/no/m/600/fd/U,bo/so/yes/no/d/642/fd/A,1.0
bw/mu/no/yes/m/607/fd/U,bo/so/no/yes/d/606/fd/U,0.04
bw/mu/no/yes/m/607/fd/U,bw/st/yes/no/d/639/fd/A,0.35
bw/mu/no/yes/m/607/fd/U,bw/mu/no/yes/d/601/fd/U,1.0
bw/mu/no/yes/m/607/fd/U,bw/mu/yes/no/d/637/fd/A,0.83
bw/mu/no/yes/m/607/fd/U,bo/mu/no/yes/m/608/fd/U,0.64
bw/mu/no/yes/m/607/fd/U,bo/so/yes/yes/d/630/fd/A,0.34
bw/mu/no/yes/m/607/fd/U,bo/st/no/no/d/664/fd/A,0.46
bw/mu/no/yes/m/607/fd/U,bw/st/no/no/d/663/fd/A,0.34
bw/mu/no/yes/m/607/fd/U,bw/mu/no/yes/m/655/fd/A,1.0
bw/mu/no/yes/m/607/fd/U,bo/st/no/yes/d/652/fd/A,0.49
bw/mu/no/yes/m/607/fd/U,bw/mu/yes/yes/m/631/fd/A,0.89
bw/mu/no/yes/m/607/fd/U,bo/so/yes/yes/m/636/fd/A,0.34
bw/mu/no/yes/m/607/fd/U,bw/st/no/yes/m/609/fd/U,0.46
bw/mu/no/yes/m/607/fd/U,bo/so/yes/no/m/600/fd/U,0.25
bw/mu/no/yes/m/607/fd/U,bw/mu/no/yes/m/607/fd/U,1.0
bw/mu/no/yes/m/607/fd/U,bo/mu/yes/no/d/638/fd/A,0.73
bw/mu/no/yes/m/607/fd/U,bw/so/no/yes/d/653/fd/A,0.32
bw/mu/no/yes/m/607/fd/U,bo/so/no/yes/d/654/fd/A,0.04
bw/mu/no/yes/m/607/fd/U,bo/mu/no/no/d/662/fd/A,0.57
bw/mu/no/yes/m/607/fd/U,bw/so/no/no/d/665/fd/A,0.25
bw/mu/no/yes/m/607/fd/U,bo/mu/yes/yes/d/578/fd/U,0.71
bw/mu/no/yes/m/607/fd/U,bo/so/yes/yes/d/582/fd/U,0.34
bw/mu/no/yes/m/607/fd/U,bw/st/yes/yes/m/585/fd/U,0.46
bw/mu/no/yes/m/607/fd/U,bo/mu/yes/yes/m/584/fd/U,0.71
bw/mu/no/yes/m/607/fd/U,bw/mu/yes/yes/m/583/fd/U,0.89
bw/mu/no/yes/m/607/fd/U,bw/mu/yes/yes/d/577/fd/U,0.89
bw/mu/no/yes/m/607/fd/U,bw/st/yes/yes/d/579/fd/U,0.46
bw/mu/no/yes/m/607/fd/U,bo/mu/yes/no/d/590/fd/U,0.73
bw/mu/no/yes/m/607/fd/U,bw/st/yes/no/m/597/fd/U,0.35
bw/mu/no/yes/m/607/fd/U,bw/so/yes/no/m/599/fd/U,0.24
bw/mu/no/yes/m/607/fd/U,bo/st/yes/no/m/598/fd/U,0.49
bw/mu/no/yes/m/607/fd/U,bo/mu/yes/no/m/596/fd/U,0.73
bw/mu/no/yes/m/607/fd/U,bw/st/yes/no/d/591/fd/U,0.35
bw/mu/no/yes/m/607/fd/U,bw/so/yes/no/m/647/fd/A,0.24
bw/mu/no/yes/m/607/fd/U,bo/st/yes/no/d/640/fd/A,0.49
bw/mu/no/yes/m/607/fd/U,bw/mu/no/yes/d/649/fd/A,1.0
bw/mu/no/yes/m/607/fd/U,bw/so/no/no/m/671/fd/A,0.25
bw/mu/no/yes/m/607/fd/U,bw/mu/yes/yes/d/625/fd/A,0.89
bw/mu/no/yes/m/607/fd/U,bo/st/no/no/m/622/fd/U,0.46
bw/mu/no/yes/m/607/fd/U,bo/mu/no/no/d/614/fd/U,0.57
bw/mu/no/yes/m/607/fd/U,bw/mu/no/no/d/613/fd/U,0.86
bw/mu/no/yes/m/607/fd/U,bo/st/no/no/m/670/fd/A,0.46
bw/mu/no/yes/m/607/fd/U,bo/so/yes/no/m/648/fd/A,0.25
bw/mu/no/yes/m/607/fd/U,bw/so/yes/no/d/641/fd/A,0.24
bw/mu/no/yes/m/607/fd/U,bo/st/yes/no/m/646/fd/A,0.49
bw/mu/no/yes/m/607/fd/U,bo/so/no/yes/m/612/fd/U,0.04
bw/mu/no/yes/m/607/fd/U,bw/st/no/no/d/615/fd/U,0.34
bw/mu/no/yes/m/607/fd/U,bw/so/no/no/m/623/fd/U,0.25
bw/mu/no/yes/m/607/fd/U,bo/so/no/no/m/624/fd/U,0.04
bw/mu/no/yes/m/607/fd/U,bo/so/no/yes/m/660/fd/A,0.04
bw/mu/no/yes/m/607/fd/U,bo/st/no/yes/m/658/fd/A,0.49
bw/mu/no/yes/m/607/fd/U,bw/mu/no/no/m/667/fd/A,0.86
bw/mu/no/yes/m/607/fd/U,bw/st/no/yes/d/651/fd/A,0.46
bw/mu/no/yes/m/607/fd/U,bw/st/no/no/m/669/fd/A,0.34
bw/mu/no/yes/m/607/fd/U,bo/mu/no/yes/m/656/fd/A,0.64
bw/mu/no/yes/m/607/fd/U,bo/mu/no/yes/d/602/fd/U,0.64
bw/mu/no/yes/m/607/fd/U,bw/so/no/yes/d/605/fd/U,0.32
bw/mu/no/yes/m/607/fd/U,bw/st/yes/yes/m/633/fd/A,0.46
bw/mu/no/yes/m/607/fd/U,bo/st/yes/yes/m/634/fd/A,0.51
bw/mu/no/yes/m/607/fd/U,bo/mu/no/no/m/668/fd/A,0.57
bw/mu/no/yes/m/607/fd/U,bw/st/no/yes/m/657/fd/A,0.46
bw/mu/no/yes/m/607/fd/U,bo/mu/no/yes/d/650/fd/A,0.64
bw/mu/no/yes/m/607/fd/U,bw/so/no/yes/m/659/fd/A,0.32
bw/mu/no/yes/m/607/fd/U,bo/so/no/no/d/666/fd/A,0.04
bw/mu/no/yes/m/607/fd/U,bw/mu/no/no/d/661/fd/A,0.86
bw/mu/no/yes/m/607/fd/U,bw/so/yes/yes/m/635/fd/A,0.31
bw/mu/no/yes/m/607/fd/U,bo/mu/yes/yes/m/632/fd/A,0.71
bw/mu/no/yes/m/607/fd/U,bo/st/no/yes/d/604/fd/U,0.49
bw/mu/no/yes/m/607/fd/U,bw/st/no/yes/d/603/fd/U,0.46
bw/mu/no/yes/m/607/fd/U,bo/so/yes/yes/m/588/fd/U,0.34
bw/mu/no/yes/m/607/fd/U,bo/st/yes/yes/m/586/fd/U,0.51
bw/mu/no/yes/m/607/fd/U,bw/so/yes/yes/d/581/fd/U,0.31
bw/mu/no/yes/m/607/fd/U,bo/st/yes/yes/d/580/fd/U,0.51
bw/mu/no/yes/m/607/fd/U,bw/so/yes/yes/m/587/fd/U,0.31
bw/mu/no/yes/m/607/fd/U,bw/mu/yes/no/d/589/fd/U,0.83
bw/mu/no/yes/m/607/fd/U,bo/so/yes/no/d/594/fd/U,0.25
bw/mu/no/yes/m/607/fd/U,bw/so/yes/no/d/593/fd/U,0.24
bw/mu/no/yes/m/607/fd/U,bo/st/yes/no/d/592/fd/U,0.49
bw/mu/no/yes/m/607/fd/U,bw/mu/yes/no/m/595/fd/U,0.83
bw/mu/no/yes/m/607/fd/U,bw/st/no/no/m/621/fd/U,0.34
bw/mu/no/yes/m/607/fd/U,bw/mu/no/no/m/619/fd/U,0.86
bw/mu/no/yes/m/607/fd/U,bo/mu/yes/yes/d/626/fd/A,0.71
bw/mu/no/yes/m/607/fd/U,bo/st/no/yes/m/610/fd/U,0.49
bw/mu/no/yes/m/607/fd/U,bo/st/yes/yes/d/628/fd/A,0.51
bw/mu/no/yes/m/607/fd/U,bw/so/no/no/d/617/fd/U,0.25
bw/mu/no/yes/m/607/fd/U,bw/mu/yes/no/m/643/fd/A,0.83
bw/mu/no/yes/m/607/fd/U,bo/mu/yes/no/m/644/fd/A,0.73
bw/mu/no/yes/m/607/fd/U,bo/so/no/no/m/672/fd/A,0.04
bw/mu/no/yes/m/607/fd/U,bw/so/yes/yes/d/629/fd/A,0.31
bw/mu/no/yes/m/607/fd/U,bo/st/no/no/d/616/fd/U,0.46
bw/mu/no/yes/m/607/fd/U,bw/so/no/yes/m/611/fd/U,0.32
bw/mu/no/yes/m/607/fd/U,bo/so/no/no/d/618/fd/U,0.04
bw/mu/no/yes/m/607/fd/U,bw/st/yes/yes/d/627/fd/A,0.46
bw/mu/no/yes/m/607/fd/U,bo/mu/no/no/m/620/fd/U,0.57
bw/mu/no/yes/m/607/fd/U,bw/st/yes/no/m/645/fd/A,0.35
bw/mu/no/yes/m/607/fd/U,bo/so/yes/no/d/642/fd/A,0.25
bo/mu/yes/no/d/638/fd/A,bo/so/no/yes/d/606/fd/U,0.05
bo/mu/yes/no/d/638/fd/A,bw/st/yes/no/d/639/fd/A,0.31
bo/mu/yes/no/d/638/fd/A,bw/mu/no/yes/d/601/fd/U,0.73
bo/mu/yes/no/d/638/fd/A,bw/mu/yes/no/d/637/fd/A,0.76
bo/mu/yes/no/d/638/fd/A,bo/mu/no/yes/m/608/fd/U,0.74
bo/mu/yes/no/d/638/fd/A,bo/so/yes/yes/d/630/fd/A,0.39
bo/mu/yes/no/d/638/fd/A,bo/st/no/no/d/664/fd/A,0.55
bo/mu/yes/no/d/638/fd/A,bw/st/no/no/d/663/fd/A,0.31
bo/mu/yes/no/d/638/fd/A,bw/mu/no/yes/m/655/fd/A,0.73
bo/mu/yes/no/d/638/fd/A,bo/st/no/yes/d/652/fd/A,0.6
bo/mu/yes/no/d/638/fd/A,bw/mu/yes/yes/m/631/fd/A,0.8
bo/mu/yes/no/d/638/fd/A,bo/so/yes/yes/m/636/fd/A,0.39
bo/mu/yes/no/d/638/fd/A,bw/st/no/yes/m/609/fd/U,0.44
bo/mu/yes/no/d/638/fd/A,bo/so/yes/no/m/600/fd/U,0.27
bo/mu/yes/no/d/638/fd/A,bw/mu/no/yes/m/607/fd/U,0.73
bo/mu/yes/no/d/638/fd/A,bo/mu/yes/no/d/638/fd/A,1.0
bo/mu/yes/no/d/638/fd/A,bw/so/no/yes/d/653/fd/A,0.34
bo/mu/yes/no/d/638/fd/A,bo/so/no/yes/d/654/fd/A,0.05
bo/mu/yes/no/d/638/fd/A,bo/mu/no/no/d/662/fd/A,0.62
bo/mu/yes/no/d/638/fd/A,bw/so/no/no/d/665/fd/A,0.26
bo/mu/yes/no/d/638/fd/A,bo/mu/yes/yes/d/578/fd/U,0.93
bo/mu/yes/no/d/638/fd/A,bo/so/yes/yes/d/582/fd/U,0.39
bo/mu/yes/no/d/638/fd/A,bw/st/yes/yes/m/585/fd/U,0.43
bo/mu/yes/no/d/638/fd/A,bo/mu/yes/yes/m/584/fd/U,0.93
bo/mu/yes/no/d/638/fd/A,bw/mu/yes/yes/m/583/fd/U,0.8
bo/mu/yes/no/d/638/fd/A,bw/mu/yes/yes/d/577/fd/U,0.8
bo/mu/yes/no/d/638/fd/A,bw/st/yes/yes/d/579/fd/U,0.43
bo/mu/yes/no/d/638/fd/A,bo/mu/yes/no/d/590/fd/U,1.0
bo/mu/yes/no/d/638/fd/A,bw/st/yes/no/m/597/fd/U,0.31
bo/mu/yes/no/d/638/fd/A,bw/so/yes/no/m/599/fd/U,0.25
bo/mu/yes/no/d/638/fd/A,bo/st/yes/no/m/598/fd/U,0.57
bo/mu/yes/no/d/638/fd/A,bo/mu/yes/no/m/596/fd/U,1.0
bo/mu/yes/no/d/638/fd/A,bw/st/yes/no/d/591/fd/U,0.31
bo/mu/yes/no/d/638/fd/A,bw/so/yes/no/m/647/fd/A,0.25
bo/mu/yes/no/d/638/fd/A,bo/st/yes/no/d/640/fd/A,0.57
bo/mu/yes/no/d/638/fd/A,bw/mu/no/yes/d/649/fd/A,0.73
bo/mu/yes/no/d/638/fd/A,bw/so/no/no/m/671/fd/A,0.26
bo/mu/yes/no/d/638/fd/A,bw/mu/yes/yes/d/625/fd/A,0.8
bo/mu/yes/no/d/638/fd/A,bo/st/no/no/m/622/fd/U,0.55
bo/mu/yes/no/d/638/fd/A,bo/mu/no/no/d/614/fd/U,0.62
bo/mu/yes/no/d/638/fd/A,bw/mu/no/no/d/613/fd/U,0.7
bo/mu/yes/no/d/638/fd/A,bo/st/no/no/m/670/fd/A,0.55
bo/mu/yes/no/d/638/fd/A,bo/so/yes/no/m/648/fd/A,0.27
bo/mu/yes/no/d/638/fd/A,bw/so/yes/no/d/641/fd/A,0.25
bo/mu/yes/no/d/638/fd/A,bo/st/yes/no/m/646/fd/A,0.57
bo/mu/yes/no/d/638/fd/A,bo/so/no/yes/m/612/fd/U,0.05
bo/mu/yes/no/d/638/fd/A,bw/st/no/no/d/615/fd/U,0.31
bo/mu/yes/no/d/638/fd/A,bw/so/no/no/m/623/fd/U,0.26
bo/mu/yes/no/d/638/fd/A,bo/so/no/no/m/624/fd/U,0.04
bo/mu/yes/no/d/638/fd/A,bo/so/no/yes/m/660/fd/A,0.05
bo/mu/yes/no/d/638/fd/A,bo/st/no/yes/m/658/fd/A,0.6
bo/mu/yes/no/d/638/fd/A,bw/mu/no/no/m/667/fd/A,0.7
bo/mu/yes/no/d/638/fd/A,bw/st/no/yes/d/651/fd/A,0.44
bo/mu/yes/no/d/638/fd/A,bw/st/no/no/m/669/fd/A,0.31
bo/mu/yes/no/d/638/fd/A,bo/mu/no/yes/m/656/fd/A,0.74
bo/mu/yes/no/d/638/fd/A,bo/mu/no/yes/d/602/fd/U,0.74
bo/mu/yes/no/d/638/fd/A,bw/so/no/yes/d/605/fd/U,0.34
bo/mu/yes/no/d/638/fd/A,bw/st/yes/yes/m/633/fd/A,0.43
bo/mu/yes/no/d/638/fd/A,bo/st/yes/yes/m/634/fd/A,0.61
bo/mu/yes/no/d/638/fd/A,bo/mu/no/no/m/668/fd/A,0.62
bo/mu/yes/no/d/638/fd/A,bw/st/no/yes/m/657/fd/A,0.44
bo/mu/yes/no/d/638/fd/A,bo/mu/no/yes/d/650/fd/A,0.74
bo/mu/yes/no/d/638/fd/A,bw/so/no/yes/m/659/fd/A,0.34
bo/mu/yes/no/d/638/fd/A,bo/so/no/no/d/666/fd/A,0.04
bo/mu/yes/no/d/638/fd/A,bw/mu/no/no/d/661/fd/A,0.7
bo/mu/yes/no/d/638/fd/A,bw/so/yes/yes/m/635/fd/A,0.33
bo/mu/yes/no/d/638/fd/A,bo/mu/yes/yes/m/632/fd/A,0.93
bo/mu/yes/no/d/638/fd/A,bo/st/no/yes/d/604/fd/U,0.6
bo/mu/yes/no/d/638/fd/A,bw/st/no/yes/d/603/fd/U,0.44
bo/mu/yes/no/d/638/fd/A,bo/so/yes/yes/m/588/fd/U,0.39
bo/mu/yes/no/d/638/fd/A,bo/st/yes/yes/m/586/fd/U,0.61
bo/mu/yes/no/d/638/fd/A,bw/so/yes/yes/d/581/fd/U,0.33
bo/mu/yes/no/d/638/fd/A,bo/st/yes/yes/d/580/fd/U,0.61
bo/mu/yes/no/d/638/fd/A,bw/so/yes/yes/m/587/fd/U,0.33
bo/mu/yes/no/d/638/fd/A,bw/mu/yes/no/d/589/fd/U,0.76
bo/mu/yes/no/d/638/fd/A,bo/so/yes/no/d/594/fd/U,0.27
bo/mu/yes/no/d/638/fd/A,bw/so/yes/no/d/593/fd/U,0.25
bo/mu/yes/no/d/638/fd/A,bo/st/yes/no/d/592/fd/U,0.57
bo/mu/yes/no/d/638/fd/A,bw/mu/yes/no/m/595/fd/U,0.76
bo/mu/yes/no/d/638/fd/A,bw/st/no/no/m/621/fd/U,0.31
bo/mu/yes/no/d/638/fd/A,bw/mu/no/no/m/619/fd/U,0.7
bo/mu/yes/no/d/638/fd/A,bo/mu/yes/yes/d/626/fd/A,0.93
bo/mu/yes/no/d/638/fd/A,bo/st/no/yes/m/610/fd/U,0.6
bo/mu/yes/no/d/638/fd/A,bo/st/yes/yes/d/628/fd/A,0.61
bo/mu/yes/no/d/638/fd/A,bw/so/no/no/d/617/fd/U,0.26
bo/mu/yes/no/d/638/fd/A,bw/mu/yes/no/m/643/fd/A,0.76
bo/mu/yes/no/d/638/fd/A,bo/mu/yes/no/m/644/fd/A,1.0
bo/mu/yes/no/d/638/fd/A,bo/so/no/no/m/672/fd/A,0.04
bo/mu/yes/no/d/638/fd/A,bw/so/yes/yes/d/629/fd/A,0.33
bo/mu/yes/no/d/638/fd/A,bo/st/no/no/d/616/fd/U,0.55
bo/mu/yes/no/d/638/fd/A,bw/so/no/yes/m/611/fd/U,0.34
bo/mu/yes/no/d/638/fd/A,bo/so/no/no/d/618/fd/U,0.04
bo/mu/yes/no/d/638/fd/A,bw/st/yes/yes/d/627/fd/A,0.43
bo/mu/yes/no/d/638/fd/A,bo/mu/no/no/m/620/fd/U,0.62
bo/mu/yes/no/d/638/fd/A,bw/st/yes/no/m/645/fd/A,0.31
bo/mu/yes/no/d/638/fd/A,bo/so/yes/no/d/642/fd/A,0.27
bw/so/no/yes/d/653/fd/A,bo/so/no/yes/d/606/fd/U,0.12
bw/so/no/yes/d/653/fd/A,bw/st/yes/no/d/639/fd/A,0.31
bw/so/no/yes/d/653/fd/A,bw/mu/no/yes/d/601/fd/U,0.32
bw/so/no/yes/d/653/fd/A,bw/mu/yes/no/d/637/fd/A,0.32
bw/so/no/yes/d/653/fd/A,bo/mu/no/yes/m/608/fd/U,0.31
bw/so/no/yes/d/653/fd/A,bo/so/yes/yes/d/630/fd/A,0.64
bw/so/no/yes/d/653/fd/A,bo/st/no/no/d/664/fd/A,0.37
bw/so/no/yes/d/653/fd/A,bw/st/no/no/d/663/fd/A,0.31
bw/so/no/yes/d/653/fd/A,bw/mu/no/yes/m/655/fd/A,0.32
bw/so/no/yes/d/653/fd/A,bo/st/no/yes/d/652/fd/A,0.35
bw/so/no/yes/d/653/fd/A,bw/mu/yes/yes/m/631/fd/A,0.33
bw/so/no/yes/d/653/fd/A,bo/so/yes/yes/m/636/fd/A,0.64
bw/so/no/yes/d/653/fd/A,bw/st/no/yes/m/609/fd/U,0.38
bw/so/no/yes/d/653/fd/A,bo/so/yes/no/m/600/fd/U,0.48
bw/so/no/yes/d/653/fd/A,bw/mu/no/yes/m/607/fd/U,0.32
bw/so/no/yes/d/653/fd/A,bo/mu/yes/no/d/638/fd/A,0.34
bw/so/no/yes/d/653/fd/A,bw/so/no/yes/d/653/fd/A,1.0
bw/so/no/yes/d/653/fd/A,bo/so/no/yes/d/654/fd/A,0.12
bw/so/no/yes/d/653/fd/A,bo/mu/no/no/d/662/fd/A,0.28
bw/so/no/yes/d/653/fd/A,bw/so/no/no/d/665/fd/A,0.64
bw/so/no/yes/d/653/fd/A,bo/mu/yes/yes/d/578/fd/U,0.35
bw/so/no/yes/d/653/fd/A,bo/so/yes/yes/d/582/fd/U,0.64
bw/so/no/yes/d/653/fd/A,bw/st/yes/yes/m/585/fd/U,0.37
bw/so/no/yes/d/653/fd/A,bo/mu/yes/yes/m/584/fd/U,0.35
bw/so/no/yes/d/653/fd/A,bw/mu/yes/yes/m/583/fd/U,0.33
bw/so/no/yes/d/653/fd/A,bw/mu/yes/yes/d/577/fd/U,0.33
bw/so/no/yes/d/653/fd/A,bw/st/yes/yes/d/579/fd/U,0.37
bw/so/no/yes/d/653/fd/A,bo/mu/yes/no/d/590/fd/U,0.34
bw/so/no/yes/d/653/fd/A,bw/st/yes/no/m/597/fd/U,0.31
bw/so/no/yes/d/653/fd/A,bw/so/yes/no/m/599/fd/U,0.58
bw/so/no/yes/d/653/fd/A,bo/st/yes/no/m/598/fd/U,0.43
bw/so/no/yes/d/653/fd/A,bo/mu/yes/no/m/596/fd/U,0.34
bw/so/no/yes/d/653/fd/A,bw/st/yes/no/d/591/fd/U,0.31
bw/so/no/yes/d/653/fd/A,bw/so/yes/no/m/647/fd/A,0.58
bw/so/no/yes/d/653/fd/A,bo/st/yes/no/d/640/fd/A,0.43
bw/so/no/yes/d/653/fd/A,bw/mu/no/yes/d/649/fd/A,0.32
bw/so/no/yes/d/653/fd/A,bw/so/no/no/m/671/fd/A,0.64
bw/so/no/yes/d/653/fd/A,bw/mu/yes/yes/d/625/fd/A,0.33
bw/so/no/yes/d/653/fd/A,bo/st/no/no/m/622/fd/U,0.37
bw/so/no/yes/d/653/fd/A,bo/mu/no/no/d/614/fd/U,0.28
bw/so/no/yes/d/653/fd/A,bw/mu/no/no/d/613/fd/U,0.3
bw/so/no/yes/d/653/fd/A,bo/st/no/no/m/670/fd/A,0.37
bw/so/no/yes/d/653/fd/A,bo/so/yes/no/m/648/fd/A,0.48
bw/so/no/yes/d/653/fd/A,bw/so/yes/no/d/641/fd/A,0.58
bw/so/no/yes/d/653/fd/A,bo/st/yes/no/m/646/fd/A,0.43
bw/so/no/yes/d/653/fd/A,bo/so/no/yes/m/612/fd/U,0.12
bw/so/no/yes/d/653/fd/A,bw/st/no/no/d/615/fd/U,0.31
bw/so/no/yes/d/653/fd/A,bw/so/no/no/m/623/fd/U,0.64
bw/so/no/yes/d/653/fd/A,bo/so/no/no/m/624/fd/U,0.14
bw/so/no/yes/d/653/fd/A,bo/so/no/yes/m/660/fd/A,0.12
bw/so/no/yes/d/653/fd/A,bo/st/no/yes/m/658/fd/A,0.35
bw/so/no/yes/d/653/fd/A,bw/mu/no/no/m/667/fd/A,0.3
bw/so/no/yes/d/653/fd/A,bw/st/no/yes/d/651/fd/A,0.38
bw/so/no/yes/d/653/fd/A,bw/st/no/no/m/669/fd/A,0.31
bw/so/no/yes/d/653/fd/A,bo/mu/no/yes/m/656/fd/A,0.31
bw/so/no/yes/d/653/fd/A,bo/mu/no/yes/d/602/fd/U,0.31
bw/so/no/yes/d/653/fd/A,bw/so/no/yes/d/605/fd/U,1.0
bw/so/no/yes/d/653/fd/A,bw/st/yes/yes/m/633/fd/A,0.37
bw/so/no/yes/d/653/fd/A,bo/st/yes/yes/m/634/fd/A,0.41
bw/so/no/yes/d/653/fd/A,bo/mu/no/no/m/668/fd/A,0.28
bw/so/no/yes/d/653/fd/A,bw/st/no/yes/m/657/fd/A,0.38
bw/so/no/yes/d/653/fd/A,bo/mu/no/yes/d/650/fd/A,0.31
bw/so/no/yes/d/653/fd/A,bw/so/no/yes/m/659/fd/A,1.0
bw/so/no/yes/d/653/fd/A,bo/so/no/no/d/666/fd/A,0.14
bw/so/no/yes/d/653/fd/A,bw/mu/no/no/d/661/fd/A,0.3
bw/so/no/yes/d/653/fd/A,bw/so/yes/yes/m/635/fd/A,0.84
bw/so/no/yes/d/653/fd/A,bo/mu/yes/yes/m/632/fd/A,0.35
bw/so/no/yes/d/653/fd/A,bo/st/no/yes/d/604/fd/U,0.35
bw/so/no/yes/d/653/fd/A,bw/st/no/yes/d/603/fd/U,0.38
bw/so/no/yes/d/653/fd/A,bo/so/yes/yes/m/588/fd/U,0.64
bw/so/no/yes/d/653/fd/A,bo/st/yes/yes/m/586/fd/U,0.41
bw/so/no/yes/d/653/fd/A,bw/so/yes/yes/d/581/fd/U,0.84
bw/so/no/yes/d/653/fd/A,bo/st/yes/yes/d/580/fd/U,0.41
bw/so/no/yes/d/653/fd/A,bw/so/yes/yes/m/587/fd/U,0.84
bw/so/no/yes/d/653/fd/A,bw/mu/yes/no/d/589/fd/U,0.32
bw/so/no/yes/d/653/fd/A,bo/so/yes/no/d/594/fd/U,0.48
bw/so/no/yes/d/653/fd/A,bw/so/yes/no/d/593/fd/U,0.58
bw/so/no/yes/d/653/fd/A,bo/st/yes/no/d/592/fd/U,0.43
bw/so/no/yes/d/653/fd/A,bw/mu/yes/no/m/595/fd/U,0.32
bw/so/no/yes/d/653/fd/A,bw/st/no/no/m/621/fd/U,0.31
bw/so/no/yes/d/653/fd/A,bw/mu/no/no/m/619/fd/U,0.3
bw/so/no/yes/d/653/fd/A,bo/mu/yes/yes/d/626/fd/A,0.35
bw/so/no/yes/d/653/fd/A,bo/st/no/yes/m/610/fd/U,0.35
bw/so/no/yes/d/653/fd/A,bo/st/yes/yes/d/628/fd/A,0.41
bw/so/no/yes/d/653/fd/A,bw/so/no/no/d/617/fd/U,0.64
bw/so/no/yes/d/653/fd/A,bw/mu/yes/no/m/643/fd/A,0.32
bw/so/no/yes/d/653/fd/A,bo/mu/yes/no/m/644/fd/A,0.34
bw/so/no/yes/d/653/fd/A,bo/so/no/no/m/672/fd/A,0.14
bw/so/no/yes/d/653/fd/A,bw/so/yes/yes/d/629/fd/A,0.84
bw/so/no/yes/d/653/fd/A,bo/st/no/no/d/616/fd/U,0.37
bw/so/no/yes/d/653/fd/A,bw/so/no/yes/m/611/fd/U,1.0
bw/so/no/yes/d/653/fd/A,bo/so/no/no/d/618/fd/U,0.14
bw/so/no/yes/d/653/fd/A,bw/st/yes/yes/d/627/fd/A,0.37
bw/so/no/yes/d/653/fd/A,bo/mu/no/no/m/620/fd/U,0.28
bw/so/no/yes/d/653/fd/A,bw/st/yes/no/m/645/fd/A,0.31
bw/so/no/yes/d/653/fd/A,bo/so/yes/no/d/642/fd/A,0.48
bo/so/no/yes/d/654/fd/A,bo/so/no/yes/d/606/fd/U,1.0
bo/so/no/yes/d/654/fd/A,bw/st/yes/no/d/639/fd/A,0.04
bo/so/no/yes/d/654/fd/A,bw/mu/no/yes/d/601/fd/U,0.04
bo/so/no/yes/d/654/fd/A,bw/mu/yes/no/d/637/fd/A,0.04
bo/so/no/yes/d/654/fd/A,bo/mu/no/yes/m/608/fd/U,0.04
bo/so/no/yes/d/654/fd/A,bo/so/yes/yes/d/630/fd/A,0.14
bo/so/no/yes/d/654/fd/A,bo/st/no/no/d/664/fd/A,0.07
bo/so/no/yes/d/654/fd/A,bw/st/no/no/d/663/fd/A,0.04
bo/so/no/yes/d/654/fd/A,bw/mu/no/yes/m/655/fd/A,0.04
bo/so/no/yes/d/654/fd/A,bo/st/no/yes/d/652/fd/A,0.07
bo/so/no/yes/d/654/fd/A,bw/mu/yes/yes/m/631/fd/A,0.04
bo/so/no/yes/d/654/fd/A,bo/so/yes/yes/m/636/fd/A,0.14
bo/so/no/yes/d/654/fd/A,bw/st/no/yes/m/609/fd/U,0.05
bo/so/no/yes/d/654/fd/A,bo/so/yes/no/m/600/fd/U,0.1
bo/so/no/yes/d/654/fd/A,bw/mu/no/yes/m/607/fd/U,0.04
bo/so/no/yes/d/654/fd/A,bo/mu/yes/no/d/638/fd/A,0.05
bo/so/no/yes/d/654/fd/A,bw/so/no/yes/d/653/fd/A,0.12
bo/so/no/yes/d/654/fd/A,bo/so/no/yes/d/654/fd/A,1.0
bo/so/no/yes/d/654/fd/A,bo/mu/no/no/d/662/fd/A,0.03
bo/so/no/yes/d/654/fd/A,bw/so/no/no/d/665/fd/A,0.1
bo/so/no/yes/d/654/fd/A,bo/mu/yes/yes/d/578/fd/U,0.05
bo/so/no/yes/d/654/fd/A,bo/so/yes/yes/d/582/fd/U,0.14
bo/so/no/yes/d/654/fd/A,bw/st/yes/yes/m/585/fd/U,0.05
bo/so/no/yes/d/654/fd/A,bo/mu/yes/yes/m/584/fd/U,0.05
bo/so/no/yes/d/654/fd/A,bw/mu/yes/yes/m/583/fd/U,0.04
bo/so/no/yes/d/654/fd/A,bw/mu/yes/yes/d/577/fd/U,0.04
bo/so/no/yes/d/654/fd/A,bw/st/yes/yes/d/579/fd/U,0.05
bo/so/no/yes/d/654/fd/A,bo/mu/yes/no/d/590/fd/U,0.05
bo/so/no/yes/d/654/fd/A,bw/st/yes/no/m/597/fd/U,0.04
bo/so/no/yes/d/654/fd/A,bw/so/yes/no/m/599/fd/U,0.09
bo/so/no/yes/d/654/fd/A,bo/st/yes/no/m/598/fd/U,0.06
bo/so/no/yes/d/654/fd/A,bo/mu/yes/no/m/596/fd/U,0.05
bo/so/no/yes/d/654/fd/A,bw/st/yes/no/d/591/fd/U,0.04
bo/so/no/yes/d/654/fd/A,bw/so/yes/no/m/647/fd/A,0.09
bo/so/no/yes/d/654/fd/A,bo/st/yes/no/d/640/fd/A,0.06
bo/so/no/yes/d/654/fd/A,bw/mu/no/yes/d/649/fd/A,0.04
bo/so/no/yes/d/654/fd/A,bw/so/no/no/m/671/fd/A,0.1
bo/so/no/yes/d/654/fd/A,bw/mu/yes/yes/d/625/fd/A,0.04
bo/so/no/yes/d/654/fd/A,bo/st/no/no/m/622/fd/U,0.07
bo/so/no/yes/d/654/fd/A,bo/mu/no/no/d/614/fd/U,0.03
bo/so/no/yes/d/654/fd/A,bw/mu/no/no/d/613/fd/U,0.04
bo/so/no/yes/d/654/fd/A,bo/st/no/no/m/670/fd/A,0.07
bo/so/no/yes/d/654/fd/A,bo/so/yes/no/m/648/fd/A,0.1
bo/so/no/yes/d/654/fd/A,bw/so/yes/no/d/641/fd/A,0.09
bo/so/no/yes/d/654/fd/A,bo/st/yes/no/m/646/fd/A,0.06
bo/so/no/yes/d/654/fd/A,bo/so/no/yes/m/612/fd/U,1.0
bo/so/no/yes/d/654/fd/A,bw/st/no/no/d/615/fd/U,0.04
bo/so/no/yes/d/654/fd/A,bw/so/no/no/m/623/fd/U,0.1
bo/so/no/yes/d/654/fd/A,bo/so/no/no/m/624/fd/U,0.44
bo/so/no/yes/d/654/fd/A,bo/so/no/yes/m/660/fd/A,1.0
bo/so/no/yes/d/654/fd/A,bo/st/no/yes/m/658/fd/A,0.07
bo/so/no/yes/d/654/fd/A,bw/mu/no/no/m/667/fd/A,0.04
bo/so/no/yes/d/654/fd/A,bw/st/no/yes/d/651/fd/A,0.05
bo/so/no/yes/d/654/fd/A,bw/st/no/no/m/669/fd/A,0.04
bo/so/no/yes/d/654/fd/A,bo/mu/no/yes/m/656/fd/A,0.04
bo/so/no/yes/d/654/fd/A,bo/mu/no/yes/d/602/fd/U,0.04
bo/so/no/yes/d/654/fd/A,bw/so/no/yes/d/605/fd/U,0.12
bo/so/no/yes/d/654/fd/A,bw/st/yes/yes/m/633/fd/A,0.05
bo/so/no/yes/d/654/fd/A,bo/st/yes/yes/m/634/fd/A,0.06
bo/so/no/yes/d/654/fd/A,bo/mu/no/no/m/668/fd/A,0.03
bo/so/no/yes/d/654/fd/A,bw/st/no/yes/m/657/fd/A,0.05
bo/so/no/yes/d/654/fd/A,bo/mu/no/yes/d/650/fd/A,0.04
bo/so/no/yes/d/654/fd/A,bw/so/no/yes/m/659/fd/A,0.12
bo/so/no/yes/d/654/fd/A,bo/so/no/no/d/666/fd/A,0.44
bo/so/no/yes/d/654/fd/A,bw/mu/no/no/d/661/fd/A,0.04
bo/so/no/yes/d/654/fd/A,bw/so/yes/yes/m/635/fd/A,0.11
bo/so/no/yes/d/654/fd/A,bo/mu/yes/yes/m/632/fd/A,0.05
bo/so/no/yes/d/654/fd/A,bo/st/no/yes/d/604/fd/U,0.07
bo/so/no/yes/d/654/fd/A,bw/st/no/yes/d/603/fd/U,0.05
bo/so/no/yes/d/654/fd/A,bo/so/yes/yes/m/588/fd/U,0.14
bo/so/no/yes/d/654/fd/A,bo/st/yes/yes/m/586/fd/U,0.06
bo/so/no/yes/d/654/fd/A,bw/so/yes/yes/d/581/fd/U,0.11
bo/so/no/yes/d/654/fd/A,bo/st/yes/yes/d/580/fd/U,0.06
bo/so/no/yes/d/654/fd/A,bw/so/yes/yes/m/587/fd/U,0.11
bo/so/no/yes/d/654/fd/A,bw/mu/yes/no/d/589/fd/U,0.04
bo/so/no/yes/d/654/fd/A,bo/so/yes/no/d/594/fd/U,0.1
bo/so/no/yes/d/654/fd/A,bw/so/yes/no/d/593/fd/U,0.09
bo/so/no/yes/d/654/fd/A,bo/st/yes/no/d/592/fd/U,0.06
bo/so/no/yes/d/654/fd/A,bw/mu/yes/no/m/595/fd/U,0.04
bo/so/no/yes/d/654/fd/A,bw/st/no/no/m/621/fd/U,0.04
bo/so/no/yes/d/654/fd/A,bw/mu/no/no/m/619/fd/U,0.04
bo/so/no/yes/d/654/fd/A,bo/mu/yes/yes/d/626/fd/A,0.05
bo/so/no/yes/d/654/fd/A,bo/st/no/yes/m/610/fd/U,0.07
bo/so/no/yes/d/654/fd/A,bo/st/yes/yes/d/628/fd/A,0.06
bo/so/no/yes/d/654/fd/A,bw/so/no/no/d/617/fd/U,0.1
bo/so/no/yes/d/654/fd/A,bw/mu/yes/no/m/643/fd/A,0.04
bo/so/no/yes/d/654/fd/A,bo/mu/yes/no/m/644/fd/A,0.05
bo/so/no/yes/d/654/fd/A,bo/so/no/no/m/672/fd/A,0.44
bo/so/no/yes/d/654/fd/A,bw/so/yes/yes/d/629/fd/A,0.11
bo/so/no/yes/d/654/fd/A,bo/st/no/no/d/616/fd/U,0.07
bo/so/no/yes/d/654/fd/A,bw/so/no/yes/m/611/fd/U,0.12
bo/so/no/yes/d/654/fd/A,bo/so/no/no/d/618/fd/U,0.44
bo/so/no/yes/d/654/fd/A,bw/st/yes/yes/d/627/fd/A,0.05
bo/so/no/yes/d/654/fd/A,bo/mu/no/no/m/620/fd/U,0.03
bo/so/no/yes/d/654/fd/A,bw/st/yes/no/m/645/fd/A,0.04
bo/so/no/yes/d/654/fd/A,bo/so/yes/no/d/642/fd/A,0.1
bo/mu/no/no/d/662/fd/A,bo/so/no/yes/d/606/fd/U,0.03
bo/mu/no/no/d/662/fd/A,bw/st/yes/no/d/639/fd/A,0.32
bo/mu/no/no/d/662/fd/A,bw/mu/no/yes/d/601/fd/U,0.57
bo/mu/no/no/d/662/fd/A,bw/mu/yes/no/d/637/fd/A,0.62
bo/mu/no/no/d/662/fd/A,bo/mu/no/yes/m/608/fd/U,0.71
bo/mu/no/no/d/662/fd/A,bo/so/yes/yes/d/630/fd/A,0.32
bo/mu/no/no/d/662/fd/A,bo/st/no/no/d/664/fd/A,0.45
bo/mu/no/no/d/662/fd/A,bw/st/no/no/d/663/fd/A,0.32
bo/mu/no/no/d/662/fd/A,bw/mu/no/yes/m/655/fd/A,0.57
bo/mu/no/no/d/662/fd/A,bo/st/no/yes/d/652/fd/A,0.48
bo/mu/no/no/d/662/fd/A,bw/mu/yes/yes/m/631/fd/A,0.6
bo/mu/no/no/d/662/fd/A,bo/so/yes/yes/m/636/fd/A,0.32
bo/mu/no/no/d/662/fd/A,bw/st/no/yes/m/609/fd/U,0.39
bo/mu/no/no/d/662/fd/A,bo/so/yes/no/m/600/fd/U,0.23
bo/mu/no/no/d/662/fd/A,bw/mu/no/yes/m/607/fd/U,0.57
bo/mu/no/no/d/662/fd/A,bo/mu/yes/no/d/638/fd/A,0.62
bo/mu/no/no/d/662/fd/A,bw/so/no/yes/d/653/fd/A,0.28
bo/mu/no/no/d/662/fd/A,bo/so/no/yes/d/654/fd/A,0.03
bo/mu/no/no/d/662/fd/A,bo/mu/no/no/d/662/fd/A,1.0
bo/mu/no/no/d/662/fd/A,bw/so/no/no/d/665/fd/A,0.22
bo/mu/no/no/d/662/fd/A,bo/mu/yes/yes/d/578/fd/U,0.61
bo/mu/no/no/d/662/fd/A,bo/so/yes/yes/d/582/fd/U,0.32
bo/mu/no/no/d/662/fd/A,bw/st/yes/yes/m/585/fd/U,0.38
bo/mu/no/no/d/662/fd/A,bo/mu/yes/yes/m/584/fd/U,0.61
bo/mu/no/no/d/662/fd/A,bw/mu/yes/yes/m/583/fd/U,0.6
bo/mu/no/no/d/662/fd/A,bw/mu/yes/yes/d/577/fd/U,0.6
bo/mu/no/no/d/662/fd/A,bw/st/yes/yes/d/579/fd/U,0.38
bo/mu/no/no/d/662/fd/A,bo/mu/yes/no/d/590/fd/U,0.62
bo/mu/no/no/d/662/fd/A,bw/st/yes/no/m/597/fd/U,0.32
bo/mu/no/no/d/662/fd/A,bw/so/yes/no/m/599/fd/U,0.21
bo/mu/no/no/d/662/fd/A,bo/st/yes/no/m/598/fd/U,0.43
bo/mu/no/no/d/662/fd/A,bo/mu/yes/no/m/596/fd/U,0.62
bo/mu/no/no/d/662/fd/A,bw/st/yes/no/d/591/fd/U,0.32
bo/mu/no/no/d/662/fd/A,bw/so/yes/no/m/647/fd/A,0.21
bo/mu/no/no/d/662/fd/A,bo/st/yes/no/d/640/fd/A,0.43
bo/mu/no/no/d/662/fd/A,bw/mu/no/yes/d/649/fd/A,0.57
bo/mu/no/no/d/662/fd/A,bw/so/no/no/m/671/fd/A,0.22
bo/mu/no/no/d/662/fd/A,bw/mu/yes/yes/d/625/fd/A,0.6
bo/mu/no/no/d/662/fd/A,bo/st/no/no/m/622/fd/U,0.45
bo/mu/no/no/d/662/fd/A,bo/mu/no/no/d/614/fd/U,1.0
bo/mu/no/no/d/662/fd/A,bw/mu/no/no/d/613/fd/U,0.59
bo/mu/no/no/d/662/fd/A,bo/st/no/no/m/670/fd/A,0.45
bo/mu/no/no/d/662/fd/A,bo/so/yes/no/m/648/fd/A,0.23
bo/mu/no/no/d/662/fd/A,bw/so/yes/no/d/641/fd/A,0.21
bo/mu/no/no/d/662/fd/A,bo/st/yes/no/m/646/fd/A,0.43
bo/mu/no/no/d/662/fd/A,bo/so/no/yes/m/612/fd/U,0.03
bo/mu/no/no/d/662/fd/A,bw/st/no/no/d/615/fd/U,0.32
bo/mu/no/no/d/662/fd/A,bw/so/no/no/m/623/fd/U,0.22
bo/mu/no/no/d/662/fd/A,bo/so/no/no/m/624/fd/U,0.03
bo/mu/no/no/d/662/fd/A,bo/so/no/yes/m/660/fd/A,0.03
bo/mu/no/no/d/662/fd/A,bo/st/no/yes/m/658/fd/A,0.48
bo/mu/no/no/d/662/fd/A,bw/mu/no/no/m/667/fd/A,0.59
bo/mu/no/no/d/662/fd/A,bw/st/no/yes/d/651/fd/A,0.39
bo/mu/no/no/d/662/fd/A,bw/st/no/no/m/669/fd/A,0.32
bo/mu/no/no/d/662/fd/A,bo/mu/no/yes/m/656/fd/A,0.71
bo/mu/no/no/d/662/fd/A,bo/mu/no/yes/d/602/fd/U,0.71
bo/mu/no/no/d/662/fd/A,bw/so/no/yes/d/605/fd/U,0.28
bo/mu/no/no/d/662/fd/A,bw/st/yes/yes/m/633/fd/A,0.38
bo/mu/no/no/d/662/fd/A,bo/st/yes/yes/m/634/fd/A,0.47
bo/mu/no/no/d/662/fd/A,bo/mu/no/no/m/668/fd/A,1.0
bo/mu/no/no/d/662/fd/A,bw/st/no/yes/m/657/fd/A,0.39
bo/mu/no/no/d/662/fd/A,bo/mu/no/yes/d/650/fd/A,0.71
bo/mu/no/no/d/662/fd/A,bw/so/no/yes/m/659/fd/A,0.28
bo/mu/no/no/d/662/fd/A,bo/so/no/no/d/666/fd/A,0.03
bo/mu/no/no/d/662/fd/A,bw/mu/no/no/d/661/fd/A,0.59
bo/mu/no/no/d/662/fd/A,bw/so/yes/yes/m/635/fd/A,0.28
bo/mu/no/no/d/662/fd/A,bo/mu/yes/yes/m/632/fd/A,0.61
bo/mu/no/no/d/662/fd/A,bo/st/no/yes/d/604/fd/U,0.48
bo/mu/no/no/d/662/fd/A,bw/st/no/yes/d/603/fd/U,0.39
bo/mu/no/no/d/662/fd/A,bo/so/yes/yes/m/588/fd/U,0.32
bo/mu/no/no/d/662/fd/A,bo/st/yes/yes/m/586/fd/U,0.47
bo/mu/no/no/d/662/fd/A,bw/so/yes/yes/d/581/fd/U,0.28
bo/mu/no/no/d/662/fd/A,bo/st/yes/yes/d/580/fd/U,0.47
bo/mu/no/no/d/662/fd/A,bw/so/yes/yes/m/587/fd/U,0.28
bo/mu/no/no/d/662/fd/A,bw/mu/yes/no/d/589/fd/U,0.62
bo/mu/no/no/d/662/fd/A,bo/so/yes/no/d/594/fd/U,0.23
bo/mu/no/no/d/662/fd/A,bw/so/yes/no/d/593/fd/U,0.21
bo/mu/no/no/d/662/fd/A,bo/st/yes/no/d/592/fd/U,0.43
bo/mu/no/no/d/662/fd/A,bw/mu/yes/no/m/595/fd/U,0.62
bo/mu/no/no/d/662/fd/A,bw/st/no/no/m/621/fd/U,0.32
bo/mu/no/no/d/662/fd/A,bw/mu/no/no/m/619/fd/U,0.59
bo/mu/no/no/d/662/fd/A,bo/mu/yes/yes/d/626/fd/A,0.61
bo/mu/no/no/d/662/fd/A,bo/st/no/yes/m/610/fd/U,0.48
bo/mu/no/no/d/662/fd/A,bo/st/yes/yes/d/628/fd/A,0.47
bo/mu/no/no/d/662/fd/A,bw/so/no/no/d/617/fd/U,0.22
bo/mu/no/no/d/662/fd/A,bw/mu/yes/no/m/643/fd/A,0.62
bo/mu/no/no/d/662/fd/A,bo/mu/yes/no/m/644/fd/A,0.62
bo/mu/no/no/d/662/fd/A,bo/so/no/no/m/672/fd/A,0.03
bo/mu/no/no/d/662/fd/A,bw/so/yes/yes/d/629/fd/A,0.28
bo/mu/no/no/d/662/fd/A,bo/st/no/no/d/616/fd/U,0.45
bo/mu/no/no/d/662/fd/A,bw/so/no/yes/m/611/fd/U,0.28
bo/mu/no/no/d/662/fd/A,bo/so/no/no/d/618/fd/U,0.03
bo/mu/no/no/d/662/fd/A,bw/st/yes/yes/d/627/fd/A,0.38
bo/mu/no/no/d/662/fd/A,bo/mu/no/no/m/620/fd/U,1.0
bo/mu/no/no/d/662/fd/A,bw/st/yes/no/m/645/fd/A,0.32
bo/mu/no/no/d/662/fd/A,bo/so/yes/no/d/642/fd/A,0.23
bw/so/no/no/d/665/fd/A,bo/so/no/yes/d/606/fd/U,0.1
bw/so/no/no/d/665/fd/A,bw/st/yes/no/d/639/fd/A,0.28
bw/so/no/no/d/665/fd/A,bw/mu/no/yes/d/601/fd/U,0.25
bw/so/no/no/d/665/fd/A,bw/mu/yes/no/d/637/fd/A,0.25
bw/so/no/no/d/665/fd/A,bo/mu/no/yes/m/608/fd/U,0.24
bw/so/no/no/d/665/fd/A,bo/so/yes/yes/d/630/fd/A,0.46
bw/so/no/no/d/665/fd/A,bo/st/no/no/d/664/fd/A,0.29
bw/so/no/no/d/665/fd/A,bw/st/no/no/d/663/fd/A,0.28
bw/so/no/no/d/665/fd/A,bw/mu/no/yes/m/655/fd/A,0.25
bw/so/no/no/d/665/fd/A,bo/st/no/yes/d/652/fd/A,0.26
bw/so/no/no/d/665/fd/A,bw/mu/yes/yes/m/631/fd/A,0.26
bw/so/no/no/d/665/fd/A,bo/so/yes/yes/m/636/fd/A,0.46
bw/so/no/no/d/665/fd/A,bw/st/no/yes/m/609/fd/U,0.31
bw/so/no/no/d/665/fd/A,bo/so/yes/no/m/600/fd/U,0.71
bw/so/no/no/d/665/fd/A,bw/mu/no/yes/m/607/fd/U,0.25
bw/so/no/no/d/665/fd/A,bo/mu/yes/no/d/638/fd/A,0.26
bw/so/no/no/d/665/fd/A,bw/so/no/yes/d/653/fd/A,0.64
bw/so/no/no/d/665/fd/A,bo/so/no/yes/d/654/fd/A,0.1
bw/so/no/no/d/665/fd/A,bo/mu/no/no/d/662/fd/A,0.22
bw/so/no/no/d/665/fd/A,bw/so/no/no/d/665/fd/A,1.0
bw/so/no/no/d/665/fd/A,bo/mu/yes/yes/d/578/fd/U,0.27
bw/so/no/no/d/665/fd/A,bo/so/yes/yes/d/582/fd/U,0.46
bw/so/no/no/d/665/fd/A,bw/st/yes/yes/m/585/fd/U,0.31
bw/so/no/no/d/665/fd/A,bo/mu/yes/yes/m/584/fd/U,0.27
bw/so/no/no/d/665/fd/A,bw/mu/yes/yes/m/583/fd/U,0.26
bw/so/no/no/d/665/fd/A,bw/mu/yes/yes/d/577/fd/U,0.26
bw/so/no/no/d/665/fd/A,bw/st/yes/yes/d/579/fd/U,0.31
bw/so/no/no/d/665/fd/A,bo/mu/yes/no/d/590/fd/U,0.26
bw/so/no/no/d/665/fd/A,bw/st/yes/no/m/597/fd/U,0.28
bw/so/no/no/d/665/fd/A,bw/so/yes/no/m/599/fd/U,0.87
bw/so/no/no/d/665/fd/A,bo/st/yes/no/m/598/fd/U,0.33
bw/so/no/no/d/665/fd/A,bo/mu/yes/no/m/596/fd/U,0.26
bw/so/no/no/d/665/fd/A,bw/st/yes/no/d/591/fd/U,0.28
bw/so/no/no/d/665/fd/A,bw/so/yes/no/m/647/fd/A,0.87
bw/so/no/no/d/665/fd/A,bo/st/yes/no/d/640/fd/A,0.33
bw/so/no/no/d/665/fd/A,bw/mu/no/yes/d/649/fd/A,0.25
bw/so/no/no/d/665/fd/A,bw/so/no/no/m/671/fd/A,1.0
bw/so/no/no/d/665/fd/A,bw/mu/yes/yes/d/625/fd/A,0.26
bw/so/no/no/d/665/fd/A,bo/st/no/no/m/622/fd/U,0.29
bw/so/no/no/d/665/fd/A,bo/mu/no/no/d/614/fd/U,0.22
bw/so/no/no/d/665/fd/A,bw/mu/no/no/d/613/fd/U,0.25
bw/so/no/no/d/665/fd/A,bo/st/no/no/m/670/fd/A,0.29
bw/so/no/no/d/665/fd/A,bo/so/yes/no/m/648/fd/A,0.71
bw/so/no/no/d/665/fd/A,bw/so/yes/no/d/641/fd/A,0.87
bw/so/no/no/d/665/fd/A,bo/st/yes/no/m/646/fd/A,0.33
bw/so/no/no/d/665/fd/A,bo/so/no/yes/m/612/fd/U,0.1
bw/so/no/no/d/665/fd/A,bw/st/no/no/d/615/fd/U,0.28
bw/so/no/no/d/665/fd/A,bw/so/no/no/m/623/fd/U,1.0
bw/so/no/no/d/665/fd/A,bo/so/no/no/m/624/fd/U,0.17
bw/so/no/no/d/665/fd/A,bo/so/no/yes/m/660/fd/A,0.1
bw/so/no/no/d/665/fd/A,bo/st/no/yes/m/658/fd/A,0.26
bw/so/no/no/d/665/fd/A,bw/mu/no/no/m/667/fd/A,0.25
bw/so/no/no/d/665/fd/A,bw/st/no/yes/d/651/fd/A,0.31
bw/so/no/no/d/665/fd/A,bw/st/no/no/m/669/fd/A,0.28
bw/so/no/no/d/665/fd/A,bo/mu/no/yes/m/656/fd/A,0.24
bw/so/no/no/d/665/fd/A,bo/mu/no/yes/d/602/fd/U,0.24
bw/so/no/no/d/665/fd/A,bw/so/no/yes/d/605/fd/U,0.64
bw/so/no/no/d/665/fd/A,bw/st/yes/yes/m/633/fd/A,0.31
bw/so/no/no/d/665/fd/A,bo/st/yes/yes/m/634/fd/A,0.31
bw/so/no/no/d/665/fd/A,bo/mu/no/no/m/668/fd/A,0.22
bw/so/no/no/d/665/fd/A,bw/st/no/yes/m/657/fd/A,0.31
bw/so/no/no/d/665/fd/A,bo/mu/no/yes/d/650/fd/A,0.24
bw/so/no/no/d/665/fd/A,bw/so/no/yes/m/659/fd/A,0.64
bw/so/no/no/d/665/fd/A,bo/so/no/no/d/666/fd/A,0.17
bw/so/no/no/d/665/fd/A,bw/mu/no/no/d/661/fd/A,0.25
bw/so/no/no/d/665/fd/A,bw/so/yes/yes/m/635/fd/A,0.58
bw/so/no/no/d/665/fd/A,bo/mu/yes/yes/m/632/fd/A,0.27
bw/so/no/no/d/665/fd/A,bo/st/no/yes/d/604/fd/U,0.26
bw/so/no/no/d/665/fd/A,bw/st/no/yes/d/603/fd/U,0.31
bw/so/no/no/d/665/fd/A,bo/so/yes/yes/m/588/fd/U,0.46
bw/so/no/no/d/665/fd/A,bo/st/yes/yes/m/586/fd/U,0.31
bw/so/no/no/d/665/fd/A,bw/so/yes/yes/d/581/fd/U,0.58
bw/so/no/no/d/665/fd/A,bo/st/yes/yes/d/580/fd/U,0.31
bw/so/no/no/d/665/fd/A,bw/so/yes/yes/m/587/fd/U,0.58
bw/so/no/no/d/665/fd/A,bw/mu/yes/no/d/589/fd/U,0.25
bw/so/no/no/d/665/fd/A,bo/so/yes/no/d/594/fd/U,0.71
bw/so/no/no/d/665/fd/A,bw/so/yes/no/d/593/fd/U,0.87
bw/so/no/no/d/665/fd/A,bo/st/yes/no/d/592/fd/U,0.33
bw/so/no/no/d/665/fd/A,bw/mu/yes/no/m/595/fd/U,0.25
bw/so/no/no/d/665/fd/A,bw/st/no/no/m/621/fd/U,0.28
bw/so/no/no/d/665/fd/A,bw/mu/no/no/m/619/fd/U,0.25
bw/so/no/no/d/665/fd/A,bo/mu/yes/yes/d/626/fd/A,0.27
bw/so/no/no/d/665/fd/A,bo/st/no/yes/m/610/fd/U,0.26
bw/so/no/no/d/665/fd/A,bo/st/yes/yes/d/628/fd/A,0.31
bw/so/no/no/d/665/fd/A,bw/so/no/no/d/617/fd/U,1.0
bw/so/no/no/d/665/fd/A,bw/mu/yes/no/m/643/fd/A,0.25
bw/so/no/no/d/665/fd/A,bo/mu/yes/no/m/644/fd/A,0.26
bw/so/no/no/d/665/fd/A,bo/so/no/no/m/672/fd/A,0.17
bw/so/no/no/d/665/fd/A,bw/so/yes/yes/d/629/fd/A,0.58
bw/so/no/no/d/665/fd/A,bo/st/no/no/d/616/fd/U,0.29
bw/so/no/no/d/665/fd/A,bw/so/no/yes/m/611/fd/U,0.64
bw/so/no/no/d/665/fd/A,bo/so/no/no/d/618/fd/U,0.17
bw/so/no/no/d/665/fd/A,bw/st/yes/yes/d/627/fd/A,0.31
bw/so/no/no/d/665/fd/A,bo/mu/no/no/m/620/fd/U,0.22
bw/so/no/no/d/665/fd/A,bw/st/yes/no/m/645/fd/A,0.28
bw/so/no/no/d/665/fd/A,bo/so/yes/no/d/642/fd/A,0.71
bo/mu/yes/yes/d/578/fd/U,bo/so/no/yes/d/606/fd/U,0.05
bo/mu/yes/yes/d/578/fd/U,bw/st/yes/no/d/639/fd/A,0.3
bo/mu/yes/yes/d/578/fd/U,bw/mu/no/yes/d/601/fd/U,0.71
bo/mu/yes/yes/d/578/fd/U,bw/mu/yes/no/d/637/fd/A,0.72
bo/mu/yes/yes/d/578/fd/U,bo/mu/no/yes/m/608/fd/U,0.74
bo/mu/yes/yes/d/578/fd/U,bo/so/yes/yes/d/630/fd/A,0.4
bo/mu/yes/yes/d/578/fd/U,bo/st/no/no/d/664/fd/A,0.57
bo/mu/yes/yes/d/578/fd/U,bw/st/no/no/d/663/fd/A,0.29
bo/mu/yes/yes/d/578/fd/U,bw/mu/no/yes/m/655/fd/A,0.71
bo/mu/yes/yes/d/578/fd/U,bo/st/no/yes/d/652/fd/A,0.64
bo/mu/yes/yes/d/578/fd/U,bw/mu/yes/yes/m/631/fd/A,0.77
bo/mu/yes/yes/d/578/fd/U,bo/so/yes/yes/m/636/fd/A,0.4
bo/mu/yes/yes/d/578/fd/U,bw/st/no/yes/m/609/fd/U,0.44
bo/mu/yes/yes/d/578/fd/U,bo/so/yes/no/m/600/fd/U,0.28
bo/mu/yes/yes/d/578/fd/U,bw/mu/no/yes/m/607/fd/U,0.71
bo/mu/yes/yes/d/578/fd/U,bo/mu/yes/no/d/638/fd/A,0.93
bo/mu/yes/yes/d/578/fd/U,bw/so/no/yes/d/653/fd/A,0.35
bo/mu/yes/yes/d/578/fd/U,bo/so/no/yes/d/654/fd/A,0.05
bo/mu/yes/yes/d/578/fd/U,bo/mu/no/no/d/662/fd/A,0.61
bo/mu/yes/yes/d/578/fd/U,bw/so/no/no/d/665/fd/A,0.27
bo/mu/yes/yes/d/578/fd/U,bo/mu/yes/yes/d/578/fd/U,1.0
bo/mu/yes/yes/d/578/fd/U,bo/so/yes/yes/d/582/fd/U,0.4
bo/mu/yes/yes/d/578/fd/U,bw/st/yes/yes/m/585/fd/U,0.43
bo/mu/yes/yes/d/578/fd/U,bo/mu/yes/yes/m/584/fd/U,1.0
bo/mu/yes/yes/d/578/fd/U,bw/mu/yes/yes/m/583/fd/U,0.77
bo/mu/yes/yes/d/578/fd/U,bw/mu/yes/yes/d/577/fd/U,0.77
bo/mu/yes/yes/d/578/fd/U,bw/st/yes/yes/d/579/fd/U,0.43
bo/mu/yes/yes/d/578/fd/U,bo/mu/yes/no/d/590/fd/U,0.93
bo/mu/yes/yes/d/578/fd/U,bw/st/yes/no/m/597/fd/U,0.3
bo/mu/yes/yes/d/578/fd/U,bw/so/yes/no/m/599/fd/U,0.26
bo/mu/yes/yes/d/578/fd/U,bo/st/yes/no/m/598/fd/U,0.58
bo/mu/yes/yes/d/578/fd/U,bo/mu/yes/no/m/596/fd/U,0.93
bo/mu/yes/yes/d/578/fd/U,bw/st/yes/no/d/591/fd/U,0.3
bo/mu/yes/yes/d/578/fd/U,bw/so/yes/no/m/647/fd/A,0.26
bo/mu/yes/yes/d/578/fd/U,bo/st/yes/no/d/640/fd/A,0.58
bo/mu/yes/yes/d/578/fd/U,bw/mu/no/yes/d/649/fd/A,0.71
bo/mu/yes/yes/d/578/fd/U,bw/so/no/no/m/671/fd/A,0.27
bo/mu/yes/yes/d/578/fd/U,bw/mu/yes/yes/d/625/fd/A,0.77
bo/mu/yes/yes/d/578/fd/U,bo/st/no/no/m/622/fd/U,0.57
bo/mu/yes/yes/d/578/fd/U,bo/mu/no/no/d/614/fd/U,0.61
bo/mu/yes/yes/d/578/fd/U,bw/mu/no/no/d/613/fd/U,0.66
bo/mu/yes/yes/d/578/fd/U,bo/st/no/no/m/670/fd/A,0.57
bo/mu/yes/yes/d/578/fd/U,bo/so/yes/no/m/648/fd/A,0.28
bo/mu/yes/yes/d/578/fd/U,bw/so/yes/no/d/641/fd/A,0.26
bo/mu/yes/yes/d/578/fd/U,bo/st/yes/no/m/646/fd/A,0.58
bo/mu/yes/yes/d/578/fd/U,bo/so/no/yes/m/612/fd/U,0.05
bo/mu/yes/yes/d/578/fd/U,bw/st/no/no/d/615/fd/U,0.29
bo/mu/yes/yes/d/578/fd/U,bw/so/no/no/m/623/fd/U,0.27
bo/mu/yes/yes/d/578/fd/U,bo/so/no/no/m/624/fd/U,0.04
bo/mu/yes/yes/d/578/fd/U,bo/so/no/yes/m/660/fd/A,0.05
bo/mu/yes/yes/d/578/fd/U,bo/st/no/yes/m/658/fd/A,0.64
bo/mu/yes/yes/d/578/fd/U,bw/mu/no/no/m/667/fd/A,0.66
bo/mu/yes/yes/d/578/fd/U,bw/st/no/yes/d/651/fd/A,0.44
bo/mu/yes/yes/d/578/fd/U,bw/st/no/no/m/669/fd/A,0.29
bo/mu/yes/yes/d/578/fd/U,bo/mu/no/yes/m/656/fd/A,0.74
bo/mu/yes/yes/d/578/fd/U,bo/mu/no/yes/d/602/fd/U,0.74
bo/mu/yes/yes/d/578/fd/U,bw/so/no/yes/d/605/fd/U,0.35
bo/mu/yes/yes/d/578/fd/U,bw/st/yes/yes/m/633/fd/A,0.43
bo/mu/yes/yes/d/578/fd/U,bo/st/yes/yes/m/634/fd/A,0.64
bo/mu/yes/yes/d/578/fd/U,bo/mu/no/no/m/668/fd/A,0.61
bo/mu/yes/yes/d/578/fd/U,bw/st/no/yes/m/657/fd/A,0.44
bo/mu/yes/yes/d/578/fd/U,bo/mu/no/yes/d/650/fd/A,0.74
bo/mu/yes/yes/d/578/fd/U,bw/so/no/yes/m/659/fd/A,0.35
bo/mu/yes/yes/d/578/fd/U,bo/so/no/no/d/666/fd/A,0.04
bo/mu/yes/yes/d/578/fd/U,bw/mu/no/no/d/661/fd/A,0.66
bo/mu/yes/yes/d/578/fd/U,bw/so/yes/yes/m/635/fd/A,0.34
bo/mu/yes/yes/d/578/fd/U,bo/mu/yes/yes/m/632/fd/A,1.0
bo/mu/yes/yes/d/578/fd/U,bo/st/no/yes/d/604/fd/U,0.64
bo/mu/yes/yes/d/578/fd/U,bw/st/no/yes/d/603/fd/U,0.44
bo/mu/yes/yes/d/578/fd/U,bo/so/yes/yes/m/588/fd/U,0.4
bo/mu/yes/yes/d/578/fd/U,bo/st/yes/yes/m/586/fd/U,0.64
bo/mu/yes/yes/d/578/fd/U,bw/so/yes/yes/d/581/fd/U,0.34
bo/mu/yes/yes/d/578/fd/U,bo/st/yes/yes/d/580/fd/U,0.64
bo/mu/yes/yes/d/578/fd/U,bw/so/yes/yes/m/587/fd/U,0.34
bo/mu/yes/yes/d/578/fd/U,bw/mu/yes/no/d/589/fd/U,0.72
bo/mu/yes/yes/d/578/fd/U,bo/so/yes/no/d/594/fd/U,0.28
bo/mu/yes/yes/d/578/fd/U,bw/so/yes/no/d/593/fd/U,0.26
bo/mu/yes/yes/d/578/fd/U,bo/st/yes/no/d/592/fd/U,0.58
bo/mu/yes/yes/d/578/fd/U,bw/mu/yes/no/m/595/fd/U,0.72
bo/mu/yes/yes/d/578/fd/U,bw/st/no/no/m/621/fd/U,0.29
bo/mu/yes/yes/d/578/fd/U,bw/mu/no/no/m/619/fd/U,0.66
bo/mu/yes/yes/d/578/fd/U,bo/mu/yes/yes/d/626/fd/A,1.0
bo/mu/yes/yes/d/578/fd/U,bo/st/no/yes/m/610/fd/U,0.64
bo/mu/yes/yes/d/578/fd/U,bo/st/yes/yes/d/628/fd/A,0.64
bo/mu/yes/yes/d/578/fd/U,bw/so/no/no/d/617/fd/U,0.27
bo/mu/yes/yes/d/578/fd/U,bw/mu/yes/no/m/643/fd/A,0.72
bo/mu/yes/yes/d/578/fd/U,bo/mu/yes/no/m/644/fd/A,0.93
bo/mu/yes/yes/d/578/fd/U,bo/so/no/no/m/672/fd/A,0.04
bo/mu/yes/yes/d/578/fd/U,bw/so/yes/yes/d/629/fd/A,0.34
bo/mu/yes/yes/d/578/fd/U,bo/st/no/no/d/616/fd/U,0.57
bo/mu/yes/yes/d/578/fd/U,bw/so/no/yes/m/611/fd/U,0.35
bo/mu/yes/yes/d/578/fd/U,bo/so/no/no/d/618/fd/U,0.04
bo/mu/yes/yes/d/578/fd/U,bw/st/yes/yes/d/627/fd/A,0.43
bo/mu/yes/yes/d/578/fd/U,bo/mu/no/no/m/620/fd/U,0.61
bo/mu/yes/yes/d/578/fd/U,bw/st/yes/no/m/645/fd/A,0.3
bo/mu/yes/yes/d/578/fd/U,bo/so/yes/no/d/642/fd/A,0.28
bo/so/yes/yes/d/582/fd/U,bo/so/no/yes/d/606/fd/U,0.14
bo/so/yes/yes/d/582/fd/U,bw/st/yes/no/d/639/fd/A,0.3
bo/so/yes/yes/d/582/fd/U,bw/mu/no/yes/d/601/fd/U,0.34
bo/so/yes/yes/d/582/fd/U,bw/mu/yes/no/d/637/fd/A,0.34
bo/so/yes/yes/d/582/fd/U,bo/mu/no/yes/m/608/fd/U,0.36
bo/so/yes/yes/d/582/fd/U,bo/so/yes/yes/d/630/fd/A,1.0
bo/so/yes/yes/d/582/fd/U,bo/st/no/no/d/664/fd/A,0.41
bo/so/yes/yes/d/582/fd/U,bw/st/no/no/d/663/fd/A,0.29
bo/so/yes/yes/d/582/fd/U,bw/mu/no/yes/m/655/fd/A,0.34
bo/so/yes/yes/d/582/fd/U,bo/st/no/yes/d/652/fd/A,0.4
bo/so/yes/yes/d/582/fd/U,bw/mu/yes/yes/m/631/fd/A,0.35
bo/so/yes/yes/d/582/fd/U,bo/so/yes/yes/m/636/fd/A,1.0
bo/so/yes/yes/d/582/fd/U,bw/st/no/yes/m/609/fd/U,0.37
bo/so/yes/yes/d/582/fd/U,bo/so/yes/no/m/600/fd/U,0.58
bo/so/yes/yes/d/582/fd/U,bw/mu/no/yes/m/607/fd/U,0.34
bo/so/yes/yes/d/582/fd/U,bo/mu/yes/no/d/638/fd/A,0.39
bo/so/yes/yes/d/582/fd/U,bw/so/no/yes/d/653/fd/A,0.64
bo/so/yes/yes/d/582/fd/U,bo/so/no/yes/d/654/fd/A,0.14
bo/so/yes/yes/d/582/fd/U,bo/mu/no/no/d/662/fd/A,0.32
bo/so/yes/yes/d/582/fd/U,bw/so/no/no/d/665/fd/A,0.46
bo/so/yes/yes/d/582/fd/U,bo/mu/yes/yes/d/578/fd/U,0.4
bo/so/yes/yes/d/582/fd/U,bo/so/yes/yes/d/582/fd/U,1.0
bo/so/yes/yes/d/582/fd/U,bw/st/yes/yes/m/585/fd/U,0.38
bo/so/yes/yes/d/582/fd/U,bo/mu/yes/yes/m/584/fd/U,0.4
bo/so/yes/yes/d/582/fd/U,bw/mu/yes/yes/m/583/fd/U,0.35
bo/so/yes/yes/d/582/fd/U,bw/mu/yes/yes/d/577/fd/U,0.35
bo/so/yes/yes/d/582/fd/U,bw/st/yes/yes/d/579/fd/U,0.38
bo/so/yes/yes/d/582/fd/U,bo/mu/yes/no/d/590/fd/U,0.39
bo/so/yes/yes/d/582/fd/U,bw/st/yes/no/m/597/fd/U,0.3
bo/so/yes/yes/d/582/fd/U,bw/so/yes/no/m/599/fd/U,0.46
bo/so/yes/yes/d/582/fd/U,bo/st/yes/no/m/598/fd/U,0.5
bo/so/yes/yes/d/582/fd/U,bo/mu/yes/no/m/596/fd/U,0.39
bo/so/yes/yes/d/582/fd/U,bw/st/yes/no/d/591/fd/U,0.3
bo/so/yes/yes/d/582/fd/U,bw/so/yes/no/m/647/fd/A,0.46
bo/so/yes/yes/d/582/fd/U,bo/st/yes/no/d/640/fd/A,0.5
bo/so/yes/yes/d/582/fd/U,bw/mu/no/yes/d/649/fd/A,0.34
bo/so/yes/yes/d/582/fd/U,bw/so/no/no/m/671/fd/A,0.46
bo/so/yes/yes/d/582/fd/U,bw/mu/yes/yes/d/625/fd/A,0.35
bo/so/yes/yes/d/582/fd/U,bo/st/no/no/m/622/fd/U,0.41
bo/so/yes/yes/d/582/fd/U,bo/mu/no/no/d/614/fd/U,0.32
bo/so/yes/yes/d/582/fd/U,bw/mu/no/no/d/613/fd/U,0.32
bo/so/yes/yes/d/582/fd/U,bo/st/no/no/m/670/fd/A,0.41
bo/so/yes/yes/d/582/fd/U,bo/so/yes/no/m/648/fd/A,0.58
bo/so/yes/yes/d/582/fd/U,bw/so/yes/no/d/641/fd/A,0.46
bo/so/yes/yes/d/582/fd/U,bo/st/yes/no/m/646/fd/A,0.5
bo/so/yes/yes/d/582/fd/U,bo/so/no/yes/m/612/fd/U,0.14
bo/so/yes/yes/d/582/fd/U,bw/st/no/no/d/615/fd/U,0.29
bo/so/yes/yes/d/582/fd/U,bw/so/no/no/m/623/fd/U,0.46
bo/so/yes/yes/d/582/fd/U,bo/so/no/no/m/624/fd/U,0.14
bo/so/yes/yes/d/582/fd/U,bo/so/no/yes/m/660/fd/A,0.14
bo/so/yes/yes/d/582/fd/U,bo/st/no/yes/m/658/fd/A,0.4
bo/so/yes/yes/d/582/fd/U,bw/mu/no/no/m/667/fd/A,0.32
bo/so/yes/yes/d/582/fd/U,bw/st/no/yes/d/651/fd/A,0.37
bo/so/yes/yes/d/582/fd/U,bw/st/no/no/m/669/fd/A,0.29
bo/so/yes/yes/d/582/fd/U,bo/mu/no/yes/m/656/fd/A,0.36
bo/so/yes/yes/d/582/fd/U,bo/mu/no/yes/d/602/fd/U,0.36
bo/so/yes/yes/d/582/fd/U,bw/so/no/yes/d/605/fd/U,0.64
bo/so/yes/yes/d/582/fd/U,bw/st/yes/yes/m/633/fd/A,0.38
bo/so/yes/yes/d/582/fd/U,bo/st/yes/yes/m/634/fd/A,0.48
bo/so/yes/yes/d/582/fd/U,bo/mu/no/no/m/668/fd/A,0.32
bo/so/yes/yes/d/582/fd/U,bw/st/no/yes/m/657/fd/A,0.37
bo/so/yes/yes/d/582/fd/U,bo/mu/no/yes/d/650/fd/A,0.36
bo/so/yes/yes/d/582/fd/U,bw/so/no/yes/m/659/fd/A,0.64
bo/so/yes/yes/d/582/fd/U,bo/so/no/no/d/666/fd/A,0.14
bo/so/yes/yes/d/582/fd/U,bw/mu/no/no/d/661/fd/A,0.32
bo/so/yes/yes/d/582/fd/U,bw/so/yes/yes/m/635/fd/A,0.67
bo/so/yes/yes/d/582/fd/U,bo/mu/yes/yes/m/632/fd/A,0.4
bo/so/yes/yes/d/582/fd/U,bo/st/no/yes/d/604/fd/U,0.4
bo/so/yes/yes/d/582/fd/U,bw/st/no/yes/d/603/fd/U,0.37
bo/so/yes/yes/d/582/fd/U,bo/so/yes/yes/m/588/fd/U,1.0
bo/so/yes/yes/d/582/fd/U,bo/st/yes/yes/m/586/fd/U,0.48
bo/so/yes/yes/d/582/fd/U,bw/so/yes/yes/d/581/fd/U,0.67
bo/so/yes/yes/d/582/fd/U,bo/st/yes/yes/d/580/fd/U,0.48
bo/so/yes/yes/d/582/fd/U,bw/so/yes/yes/m/587/fd/U,0.67
bo/so/yes/yes/d/582/fd/U,bw/mu/yes/no/d/589/fd/U,0.34
bo/so/yes/yes/d/582/fd/U,bo/so/yes/no/d/594/fd/U,0.58
bo/so/yes/yes/d/582/fd/U,bw/so/yes/no/d/593/fd/U,0.46
bo/so/yes/yes/d/582/fd/U,bo/st/yes/no/d/592/fd/U,0.5
bo/so/yes/yes/d/582/fd/U,bw/mu/yes/no/m/595/fd/U,0.34
bo/so/yes/yes/d/582/fd/U,bw/st/no/no/m/621/fd/U,0.29
bo/so/yes/yes/d/582/fd/U,bw/mu/no/no/m/619/fd/U,0.32
bo/so/yes/yes/d/582/fd/U,bo/mu/yes/yes/d/626/fd/A,0.4
bo/so/yes/yes/d/582/fd/U,bo/st/no/yes/m/610/fd/U,0.4
bo/so/yes/yes/d/582/fd/U,bo/st/yes/yes/d/628/fd/A,0.48
bo/so/yes/yes/d/582/fd/U,bw/so/no/no/d/617/fd/U,0.46
bo/so/yes/yes/d/582/fd/U,bw/mu/yes/no/m/643/fd/A,0.34
bo/so/yes/yes/d/582/fd/U,bo/mu/yes/no/m/644/fd/A,0.39
bo/so/yes/yes/d/582/fd/U,bo/so/no/no/m/672/fd/A,0.14
bo/so/yes/yes/d/582/fd/U,bw/so/yes/yes/d/629/fd/A,0.67
bo/so/yes/yes/d/582/fd/U,bo/st/no/no/d/616/fd/U,0.41
bo/so/yes/yes/d/582/fd/U,bw/so/no/yes/m/611/fd/U,0.64
bo/so/yes/yes/d/582/fd/U,bo/so/no/no/d/618/fd/U,0.14
bo/so/yes/yes/d/582/fd/U,bw/st/yes/yes/d/627/fd/A,0.38
bo/so/yes/yes/d/582/fd/U,bo/mu/no/no/m/620/fd/U,0.32
bo/so/yes/yes/d/582/fd/U,bw/st/yes/no/m/645/fd/A,0.3
bo/so/yes/yes/d/582/fd/U,bo/so/yes/no/d/642/fd/A,0.58
bw/st/yes/yes/m/585/fd/U,bo/so/no/yes/d/606/fd/U,0.05
bw/st/yes/yes/m/585/fd/U,bw/st/yes/no/d/639/fd/A,0.68
bw/st/yes/yes/m/585/fd/U,bw/mu/no/yes/d/601/fd/U,0.46
bw/st/yes/yes/m/585/fd/U,bw/mu/yes/no/d/637/fd/A,0.46
bw/st/yes/yes/m/585/fd/U,bo/mu/no/yes/m/608/fd/U,0.4
bw/st/yes/yes/m/585/fd/U,bo/so/yes/yes/d/630/fd/A,0.38
bw/st/yes/yes/m/585/fd/U,bo/st/no/no/d/664/fd/A,0.39
bw/st/yes/yes/m/585/fd/U,bw/st/no/no/d/663/fd/A,0.59
bw/st/yes/yes/m/585/fd/U,bw/mu/no/yes/m/655/fd/A,0.46
bw/st/yes/yes/m/585/fd/U,bo/st/no/yes/d/652/fd/A,0.38
bw/st/yes/yes/m/585/fd/U,bw/mu/yes/yes/m/631/fd/A,0.48
bw/st/yes/yes/m/585/fd/U,bo/so/yes/yes/m/636/fd/A,0.38
bw/st/yes/yes/m/585/fd/U,bw/st/no/yes/m/609/fd/U,0.84
bw/st/yes/yes/m/585/fd/U,bo/so/yes/no/m/600/fd/U,0.3
bw/st/yes/yes/m/585/fd/U,bw/mu/no/yes/m/607/fd/U,0.46
bw/st/yes/yes/m/585/fd/U,bo/mu/yes/no/d/638/fd/A,0.43
bw/st/yes/yes/m/585/fd/U,bw/so/no/yes/d/653/fd/A,0.37
bw/st/yes/yes/m/585/fd/U,bo/so/no/yes/d/654/fd/A,0.05
bw/st/yes/yes/m/585/fd/U,bo/mu/no/no/d/662/fd/A,0.38
bw/st/yes/yes/m/585/fd/U,bw/so/no/no/d/665/fd/A,0.31
bw/st/yes/yes/m/585/fd/U,bo/mu/yes/yes/d/578/fd/U,0.43
bw/st/yes/yes/m/585/fd/U,bo/so/yes/yes/d/582/fd/U,0.38
bw/st/yes/yes/m/585/fd/U,bw/st/yes/yes/m/585/fd/U,1.0
bw/st/yes/yes/m/585/fd/U,bo/mu/yes/yes/m/584/fd/U,0.43
bw/st/yes/yes/m/585/fd/U,bw/mu/yes/yes/m/583/fd/U,0.48
bw/st/yes/yes/m/585/fd/U,bw/mu/yes/yes/d/577/fd/U,0.48
bw/st/yes/yes/m/585/fd/U,bw/st/yes/yes/d/579/fd/U,1.0
bw/st/yes/yes/m/585/fd/U,bo/mu/yes/no/d/590/fd/U,0.43
bw/st/yes/yes/m/585/fd/U,bw/st/yes/no/m/597/fd/U,0.68
bw/st/yes/yes/m/585/fd/U,bw/so/yes/no/m/599/fd/U,0.31
bw/st/yes/yes/m/585/fd/U,bo/st/yes/no/m/598/fd/U,0.56
bw/st/yes/yes/m/585/fd/U,bo/mu/yes/no/m/596/fd/U,0.43
bw/st/yes/yes/m/585/fd/U,bw/st/yes/no/d/591/fd/U,0.68
bw/st/yes/yes/m/585/fd/U,bw/so/yes/no/m/647/fd/A,0.31
bw/st/yes/yes/m/585/fd/U,bo/st/yes/no/d/640/fd/A,0.56
bw/st/yes/yes/m/585/fd/U,bw/mu/no/yes/d/649/fd/A,0.46
bw/st/yes/yes/m/585/fd/U,bw/so/no/no/m/671/fd/A,0.31
bw/st/yes/yes/m/585/fd/U,bw/mu/yes/yes/d/625/fd/A,0.48
bw/st/yes/yes/m/585/fd/U,bo/st/no/no/m/622/fd/U,0.39
bw/st/yes/yes/m/585/fd/U,bo/mu/no/no/d/614/fd/U,0.38
bw/st/yes/yes/m/585/fd/U,bw/mu/no/no/d/613/fd/U,0.44
bw/st/yes/yes/m/585/fd/U,bo/st/no/no/m/670/fd/A,0.39
bw/st/yes/yes/m/585/fd/U,bo/so/yes/no/m/648/fd/A,0.3
bw/st/yes/yes/m/585/fd/U,bw/so/yes/no/d/641/fd/A,0.31
bw/st/yes/yes/m/585/fd/U,bo/st/yes/no/m/646/fd/A,0.56
bw/st/yes/yes/m/585/fd/U,bo/so/no/yes/m/612/fd/U,0.05
bw/st/yes/yes/m/585/fd/U,bw/st/no/no/d/615/fd/U,0.59
bw/st/yes/yes/m/585/fd/U,bw/so/no/no/m/623/fd/U,0.31
bw/st/yes/yes/m/585/fd/U,bo/so/no/no/m/624/fd/U,0.06
bw/st/yes/yes/m/585/fd/U,bo/so/no/yes/m/660/fd/A,0.05
bw/st/yes/yes/m/585/fd/U,bo/st/no/yes/m/658/fd/A,0.38
bw/st/yes/yes/m/585/fd/U,bw/mu/no/no/m/667/fd/A,0.44
bw/st/yes/yes/m/585/fd/U,bw/st/no/yes/d/651/fd/A,0.84
bw/st/yes/yes/m/585/fd/U,bw/st/no/no/m/669/fd/A,0.59
bw/st/yes/yes/m/585/fd/U,bo/mu/no/yes/m/656/fd/A,0.4
bw/st/yes/yes/m/585/fd/U,bo/mu/no/yes/d/602/fd/U,0.4
bw/st/yes/yes/m/585/fd/U,bw/so/no/yes/d/605/fd/U,0.37
bw/st/yes/yes/m/585/fd/U,bw/st/yes/yes/m/633/fd/A,1.0
bw/st/yes/yes/m/585/fd/U,bo/st/yes/yes/m/634/fd/A,0.52
bw/st/yes/yes/m/585/fd/U,bo/mu/no/no/m/668/fd/A,0.38
bw/st/yes/yes/m/585/fd/U,bw/st/no/yes/m/657/fd/A,0.84
bw/st/yes/yes/m/585/fd/U,bo/mu/no/yes/d/650/fd/A,0.4
bw/st/yes/yes/m/585/fd/U,bw/so/no/yes/m/659/fd/A,0.37
bw/st/yes/yes/m/585/fd/U,bo/so/no/no/d/666/fd/A,0.06
bw/st/yes/yes/m/585/fd/U,bw/mu/no/no/d/661/fd/A,0.44
bw/st/yes/yes/m/585/fd/U,bw/so/yes/yes/m/635/fd/A,0.39
bw/st/yes/yes/m/585/fd/U,bo/mu/yes/yes/m/632/fd/A,0.43
bw/st/yes/yes/m/585/fd/U,bo/st/no/yes/d/604/fd/U,0.38
bw/st/yes/yes/m/585/fd/U,bw/st/no/yes/d/603/fd/U,0.84
bw/st/yes/yes/m/585/fd/U,bo/so/yes/yes/m/588/fd/U,0.38
bw/st/yes/yes/m/585/fd/U,bo/st/yes/yes/m/586/fd/U,0.52
bw/st/yes/yes/m/585/fd/U,bw/so/yes/yes/d/581/fd/U,0.39
bw/st/yes/yes/m/585/fd/U,bo/st/yes/yes/d/580/fd/U,0.52
bw/st/yes/yes/m/585/fd/U,bw/so/yes/yes/m/587/fd/U,0.39
bw/st/yes/yes/m/585/fd/U,bw/mu/yes/no/d/589/fd/U,0.46
bw/st/yes/yes/m/585/fd/U,bo/so/yes/no/d/594/fd/U,0.3
bw/st/yes/yes/m/585/fd/U,bw/so/yes/no/d/593/fd/U,0.31
bw/st/yes/yes/m/585/fd/U,bo/st/yes/no/d/592/fd/U,0.56
bw/st/yes/yes/m/585/fd/U,bw/mu/yes/no/m/595/fd/U,0.46
bw/st/yes/yes/m/585/fd/U,bw/st/no/no/m/621/fd/U,0.59
bw/st/yes/yes/m/585/fd/U,bw/mu/no/no/m/619/fd/U,0.44
bw/st/yes/yes/m/585/fd/U,bo/mu/yes/yes/d/626/fd/A,0.43
bw/st/yes/yes/m/585/fd/U,bo/st/no/yes/m/610/fd/U,0.38
bw/st/yes/yes/m/585/fd/U,bo/st/yes/yes/d/628/fd/A,0.52
bw/st/yes/yes/m/585/fd/U,bw/so/no/no/d/617/fd/U,0.31
bw/st/yes/yes/m/585/fd/U,bw/mu/yes/no/m/643/fd/A,0.46
bw/st/yes/yes/m/585/fd/U,bo/mu/yes/no/m/644/fd/A,0.43
bw/st/yes/yes/m/585/fd/U,bo/so/no/no/m/672/fd/A,0.06
bw/st/yes/yes/m/585/fd/U,bw/so/yes/yes/d/629/fd/A,0.39
bw/st/yes/yes/m/585/fd/U,bo/st/no/no/d/616/fd/U,0.39
bw/st/yes/yes/m/585/fd/U,bw/so/no/yes/m/611/fd/U,0.37
bw/st/yes/yes/m/585/fd/U,bo/so/no/no/d/618/fd/U,0.06
bw/st/yes/yes/m/585/fd/U,bw/st/yes/yes/d/627/fd/A,1.0
bw/st/yes/yes/m/585/fd/U,bo/mu/no/no/m/620/fd/U,0.38
bw/st/yes/yes/m/585/fd/U,bw/st/yes/no/m/645/fd/A,0.68
bw/st/yes/yes/m/585/fd/U,bo/so/yes/no/d/642/fd/A,0.3
bo/mu/yes/yes/m/584/fd/U,bo/so/no/yes/d/606/fd/U,0.05
bo/mu/yes/yes/m/584/fd/U,bw/st/yes/no/d/639/fd/A,0.3
bo/mu/yes/yes/m/584/fd/U,bw/mu/no/yes/d/601/fd/U,0.71
bo/mu/yes/yes/m/584/fd/U,bw/mu/yes/no/d/637/fd/A,0.72
bo/mu/yes/yes/m/584/fd/U,bo/mu/no/yes/m/608/fd/U,0.74
bo/mu/yes/yes/m/584/fd/U,bo/so/yes/yes/d/630/fd/A,0.4
bo/mu/yes/yes/m/584/fd/U,bo/st/no/no/d/664/fd/A,0.57
bo/mu/yes/yes/m/584/fd/U,bw/st/no/no/d/663/fd/A,0.29
bo/mu/yes/yes/m/584/fd/U,bw/mu/no/yes/m/655/fd/A,0.71
bo/mu/yes/yes/m/584/fd/U,bo/st/no/yes/d/652/fd/A,0.64
bo/mu/yes/yes/m/584/fd/U,bw/mu/yes/yes/m/631/fd/A,0.77
bo/mu/yes/yes/m/584/fd/U,bo/so/yes/yes/m/636/fd/A,0.4
bo/mu/yes/yes/m/584/fd/U,bw/st/no/yes/m/609/fd/U,0.44
bo/mu/yes/yes/m/584/fd/U,bo/so/yes/no/m/600/fd/U,0.28
bo/mu/yes/yes/m/584/fd/U,bw/mu/no/yes/m/607/fd/U,0.71
bo/mu/yes/yes/m/584/fd/U,bo/mu/yes/no/d/638/fd/A,0.93
bo/mu/yes/yes/m/584/fd/U,bw/so/no/yes/d/653/fd/A,0.35
bo/mu/yes/yes/m/584/fd/U,bo/so/no/yes/d/654/fd/A,0.05
bo/mu/yes/yes/m/584/fd/U,bo/mu/no/no/d/662/fd/A,0.61
bo/mu/yes/yes/m/584/fd/U,bw/so/no/no/d/665/fd/A,0.27
bo/mu/yes/yes/m/584/fd/U,bo/mu/yes/yes/d/578/fd/U,1.0
bo/mu/yes/yes/m/584/fd/U,bo/so/yes/yes/d/582/fd/U,0.4
bo/mu/yes/yes/m/584/fd/U,bw/st/yes/yes/m/585/fd/U,0.43
bo/mu/yes/yes/m/584/fd/U,bo/mu/yes/yes/m/584/fd/U,1.0
bo/mu/yes/yes/m/584/fd/U,bw/mu/yes/yes/m/583/fd/U,0.77
bo/mu/yes/yes/m/584/fd/U,bw/mu/yes/yes/d/577/fd/U,0.77
bo/mu/yes/yes/m/584/fd/U,bw/st/yes/yes/d/579/fd/U,0.43
bo/mu/yes/yes/m/584/fd/U,bo/mu/yes/no/d/590/fd/U,0.93
bo/mu/yes/yes/m/584/fd/U,bw/st/yes/no/m/597/fd/U,0.3
bo/mu/yes/yes/m/584/fd/U,bw/so/yes/no/m/599/fd/U,0.26
bo/mu/yes/yes/m/584/fd/U,bo/st/yes/no/m/598/fd/U,0.58
bo/mu/yes/yes/m/584/fd/U,bo/mu/yes/no/m/596/fd/U,0.93
bo/mu/yes/yes/m/584/fd/U,bw/st/yes/no/d/591/fd/U,0.3
bo/mu/yes/yes/m/584/fd/U,bw/so/yes/no/m/647/fd/A,0.26
bo/mu/yes/yes/m/584/fd/U,bo/st/yes/no/d/640/fd/A,0.58
bo/mu/yes/yes/m/584/fd/U,bw/mu/no/yes/d/649/fd/A,0.71
bo/mu/yes/yes/m/584/fd/U,bw/so/no/no/m/671/fd/A,0.27
bo/mu/yes/yes/m/584/fd/U,bw/mu/yes/yes/d/625/fd/A,0.77
bo/mu/yes/yes/m/584/fd/U,bo/st/no/no/m/622/fd/U,0.57
bo/mu/yes/yes/m/584/fd/U,bo/mu/no/no/d/614/fd/U,0.61
bo/mu/yes/yes/m/584/fd/U,bw/mu/no/no/d/613/fd/U,0.66
bo/mu/yes/yes/m/584/fd/U,bo/st/no/no/m/670/fd/A,0.57
bo/mu/yes/yes/m/584/fd/U,bo/so/yes/no/m/648/fd/A,0.28
bo/mu/yes/yes/m/584/fd/U,bw/so/yes/no/d/641/fd/A,0.26
bo/mu/yes/yes/m/584/fd/U,bo/st/yes/no/m/646/fd/A,0.58
bo/mu/yes/yes/m/584/fd/U,bo/so/no/yes/m/612/fd/U,0.05
bo/mu/yes/yes/m/584/fd/U,bw/st/no/no/d/615/fd/U,0.29
bo/mu/yes/yes/m/584/fd/U,bw/so/no/no/m/623/fd/U,0.27
bo/mu/yes/yes/m/584/fd/U,bo/so/no/no/m/624/fd/U,0.04
bo/mu/yes/yes/m/584/fd/U,bo/so/no/yes/m/660/fd/A,0.05
bo/mu/yes/yes/m/584/fd/U,bo/st/no/yes/m/658/fd/A,0.64
bo/mu/yes/yes/m/584/fd/U,bw/mu/no/no/m/667/fd/A,0.66
bo/mu/yes/yes/m/584/fd/U,bw/st/no/yes/d/651/fd/A,0.44
bo/mu/yes/yes/m/584/fd/U,bw/st/no/no/m/669/fd/A,0.29
bo/mu/yes/yes/m/584/fd/U,bo/mu/no/yes/m/656/fd/A,0.74
bo/mu/yes/yes/m/584/fd/U,bo/mu/no/yes/d/602/fd/U,0.74
bo/mu/yes/yes/m/584/fd/U,bw/so/no/yes/d/605/fd/U,0.35
bo/mu/yes/yes/m/584/fd/U,bw/st/yes/yes/m/633/fd/A,0.43
bo/mu/yes/yes/m/584/fd/U,bo/st/yes/yes/m/634/fd/A,0.64
bo/mu/yes/yes/m/584/fd/U,bo/mu/no/no/m/668/fd/A,0.61
bo/mu/yes/yes/m/584/fd/U,bw/st/no/yes/m/657/fd/A,0.44
bo/mu/yes/yes/m/584/fd/U,bo/mu/no/yes/d/650/fd/A,0.74
bo/mu/yes/yes/m/584/fd/U,bw/so/no/yes/m/659/fd/A,0.35
bo/mu/yes/yes/m/584/fd/U,bo/so/no/no/d/666/fd/A,0.04
bo/mu/yes/yes/m/584/fd/U,bw/mu/no/no/d/661/fd/A,0.66
bo/mu/yes/yes/m/584/fd/U,bw/so/yes/yes/m/635/fd/A,0.34
bo/mu/yes/yes/m/584/fd/U,bo/mu/yes/yes/m/632/fd/A,1.0
bo/mu/yes/yes/m/584/fd/U,bo/st/no/yes/d/604/fd/U,0.64
bo/mu/yes/yes/m/584/fd/U,bw/st/no/yes/d/603/fd/U,0.44
bo/mu/yes/yes/m/584/fd/U,bo/so/yes/yes/m/588/fd/U,0.4
bo/mu/yes/yes/m/584/fd/U,bo/st/yes/yes/m/586/fd/U,0.64
bo/mu/yes/yes/m/584/fd/U,bw/so/yes/yes/d/581/fd/U,0.34
bo/mu/yes/yes/m/584/fd/U,bo/st/yes/yes/d/580/fd/U,0.64
bo/mu/yes/yes/m/584/fd/U,bw/so/yes/yes/m/587/fd/U,0.34
bo/mu/yes/yes/m/584/fd/U,bw/mu/yes/no/d/589/fd/U,0.72
bo/mu/yes/yes/m/584/fd/U,bo/so/yes/no/d/594/fd/U,0.28
bo/mu/yes/yes/m/584/fd/U,bw/so/yes/no/d/593/fd/U,0.26
bo/mu/yes/yes/m/584/fd/U,bo/st/yes/no/d/592/fd/U,0.58
bo/mu/yes/yes/m/584/fd/U,bw/mu/yes/no/m/595/fd/U,0.72
bo/mu/yes/yes/m/584/fd/U,bw/st/no/no/m/621/fd/U,0.29
bo/mu/yes/yes/m/584/fd/U,bw/mu/no/no/m/619/fd/U,0.66
bo/mu/yes/yes/m/584/fd/U,bo/mu/yes/yes/d/626/fd/A,1.0
bo/mu/yes/yes/m/584/fd/U,bo/st/no/yes/m/610/fd/U,0.64
bo/mu/yes/yes/m/584/fd/U,bo/st/yes/yes/d/628/fd/A,0.64
bo/mu/yes/yes/m/584/fd/U,bw/so/no/no/d/617/fd/U,0.27
bo/mu/yes/yes/m/584/fd/U,bw/mu/yes/no/m/643/fd/A,0.72
bo/mu/yes/yes/m/584/fd/U,bo/mu/yes/no/m/644/fd/A,0.93
bo/mu/yes/yes/m/584/fd/U,bo/so/no/no/m/672/fd/A,0.04
bo/mu/yes/yes/m/584/fd/U,bw/so/yes/yes/d/629/fd/A,0.34
bo/mu/yes/yes/m/584/fd/U,bo/st/no/no/d/616/fd/U,0.57
bo/mu/yes/yes/m/584/fd/U,bw/so/no/yes/m/611/fd/U,0.35
bo/mu/yes/yes/m/584/fd/U,bo/so/no/no/d/618/fd/U,0.04
bo/mu/yes/yes/m/584/fd/U,bw/st/yes/yes/d/627/fd/A,0.43
bo/mu/yes/yes/m/584/fd/U,bo/mu/no/no/m/620/fd/U,0.61
bo/mu/yes/yes/m/584/fd/U,bw/st/yes/no/m/645/fd/A,0.3
bo/mu/yes/yes/m/584/fd/U,bo/so/yes/no/d/642/fd/A,0.28
bw/mu/yes/yes/m/583/fd/U,bo/so/no/yes/d/606/fd/U,0.04
bw/mu/yes/yes/m/583/fd/U,bw/st/yes/no/d/639/fd/A,0.36
bw/mu/yes/yes/m/583/fd/U,bw/mu/no/yes/d/601/fd/U,0.89
bw/mu/yes/yes/m/583/fd/U,bw/mu/yes/no/d/637/fd/A,0.89
bw/mu/yes/yes/m/583/fd/U,bo/mu/no/yes/m/608/fd/U,0.68
bw/mu/yes/yes/m/583/fd/U,bo/so/yes/yes/d/630/fd/A,0.35
bw/mu/yes/yes/m/583/fd/U,bo/st/no/no/d/664/fd/A,0.5
bw/mu/yes/yes/m/583/fd/U,bw/st/no/no/d/663/fd/A,0.35
bw/mu/yes/yes/m/583/fd/U,bw/mu/no/yes/m/655/fd/A,0.89
bw/mu/yes/yes/m/583/fd/U,bo/st/no/yes/d/652/fd/A,0.53
bw/mu/yes/yes/m/583/fd/U,bw/mu/yes/yes/m/631/fd/A,1.0
bw/mu/yes/yes/m/583/fd/U,bo/so/yes/yes/m/636/fd/A,0.35
bw/mu/yes/yes/m/583/fd/U,bw/st/no/yes/m/609/fd/U,0.48
bw/mu/yes/yes/m/583/fd/U,bo/so/yes/no/m/600/fd/U,0.26
bw/mu/yes/yes/m/583/fd/U,bw/mu/no/yes/m/607/fd/U,0.89
bw/mu/yes/yes/m/583/fd/U,bo/mu/yes/no/d/638/fd/A,0.8
bw/mu/yes/yes/m/583/fd/U,bw/so/no/yes/d/653/fd/A,0.33
bw/mu/yes/yes/m/583/fd/U,bo/so/no/yes/d/654/fd/A,0.04
bw/mu/yes/yes/m/583/fd/U,bo/mu/no/no/d/662/fd/A,0.6
bw/mu/yes/yes/m/583/fd/U,bw/so/no/no/d/665/fd/A,0.26
bw/mu/yes/yes/m/583/fd/U,bo/mu/yes/yes/d/578/fd/U,0.77
bw/mu/yes/yes/m/583/fd/U,bo/so/yes/yes/d/582/fd/U,0.35
bw/mu/yes/yes/m/583/fd/U,bw/st/yes/yes/m/585/fd/U,0.48
bw/mu/yes/yes/m/583/fd/U,bo/mu/yes/yes/m/584/fd/U,0.77
bw/mu/yes/yes/m/583/fd/U,bw/mu/yes/yes/m/583/fd/U,1.0
bw/mu/yes/yes/m/583/fd/U,bw/mu/yes/yes/d/577/fd/U,1.0
bw/mu/yes/yes/m/583/fd/U,bw/st/yes/yes/d/579/fd/U,0.48
bw/mu/yes/yes/m/583/fd/U,bo/mu/yes/no/d/590/fd/U,0.8
bw/mu/yes/yes/m/583/fd/U,bw/st/yes/no/m/597/fd/U,0.36
bw/mu/yes/yes/m/583/fd/U,bw/so/yes/no/m/599/fd/U,0.25
bw/mu/yes/yes/m/583/fd/U,bo/st/yes/no/m/598/fd/U,0.52
bw/mu/yes/yes/m/583/fd/U,bo/mu/yes/no/m/596/fd/U,0.8
bw/mu/yes/yes/m/583/fd/U,bw/st/yes/no/d/591/fd/U,0.36
bw/mu/yes/yes/m/583/fd/U,bw/so/yes/no/m/647/fd/A,0.25
bw/mu/yes/yes/m/583/fd/U,bo/st/yes/no/d/640/fd/A,0.52
bw/mu/yes/yes/m/583/fd/U,bw/mu/no/yes/d/649/fd/A,0.89
bw/mu/yes/yes/m/583/fd/U,bw/so/no/no/m/671/fd/A,0.26
bw/mu/yes/yes/m/583/fd/U,bw/mu/yes/yes/d/625/fd/A,1.0
bw/mu/yes/yes/m/583/fd/U,bo/st/no/no/m/622/fd/U,0.5
bw/mu/yes/yes/m/583/fd/U,bo/mu/no/no/d/614/fd/U,0.6
bw/mu/yes/yes/m/583/fd/U,bw/mu/no/no/d/613/fd/U,0.8
bw/mu/yes/yes/m/583/fd/U,bo/st/no/no/m/670/fd/A,0.5
bw/mu/yes/yes/m/583/fd/U,bo/so/yes/no/m/648/fd/A,0.26
bw/mu/yes/yes/m/583/fd/U,bw/so/yes/no/d/641/fd/A,0.25
bw/mu/yes/yes/m/583/fd/U,bo/st/yes/no/m/646/fd/A,0.52
bw/mu/yes/yes/m/583/fd/U,bo/so/no/yes/m/612/fd/U,0.04
bw/mu/yes/yes/m/583/fd/U,bw/st/no/no/d/615/fd/U,0.35
bw/mu/yes/yes/m/583/fd/U,bw/so/no/no/m/623/fd/U,0.26
bw/mu/yes/yes/m/583/fd/U,bo/so/no/no/m/624/fd/U,0.04
bw/mu/yes/yes/m/583/fd/U,bo/so/no/yes/m/660/fd/A,0.04
bw/mu/yes/yes/m/583/fd/U,bo/st/no/yes/m/658/fd/A,0.53
bw/mu/yes/yes/m/583/fd/U,bw/mu/no/no/m/667/fd/A,0.8
bw/mu/yes/yes/m/583/fd/U,bw/st/no/yes/d/651/fd/A,0.48
bw/mu/yes/yes/m/583/fd/U,bw/st/no/no/m/669/fd/A,0.35
bw/mu/yes/yes/m/583/fd/U,bo/mu/no/yes/m/656/fd/A,0.68
bw/mu/yes/yes/m/583/fd/U,bo/mu/no/yes/d/602/fd/U,0.68
bw/mu/yes/yes/m/583/fd/U,bw/so/no/yes/d/605/fd/U,0.33
bw/mu/yes/yes/m/583/fd/U,bw/st/yes/yes/m/633/fd/A,0.48
bw/mu/yes/yes/m/583/fd/U,bo/st/yes/yes/m/634/fd/A,0.55
bw/mu/yes/yes/m/583/fd/U,bo/mu/no/no/m/668/fd/A,0.6
bw/mu/yes/yes/m/583/fd/U,bw/st/no/yes/m/657/fd/A,0.48
bw/mu/yes/yes/m/583/fd/U,bo/mu/no/yes/d/650/fd/A,0.68
bw/mu/yes/yes/m/583/fd/U,bw/so/no/yes/m/659/fd/A,0.33
bw/mu/yes/yes/m/583/fd/U,bo/so/no/no/d/666/fd/A,0.04
bw/mu/yes/yes/m/583/fd/U,bw/mu/no/no/d/661/fd/A,0.8
bw/mu/yes/yes/m/583/fd/U,bw/so/yes/yes/m/635/fd/A,0.32
bw/mu/yes/yes/m/583/fd/U,bo/mu/yes/yes/m/632/fd/A,0.77
bw/mu/yes/yes/m/583/fd/U,bo/st/no/yes/d/604/fd/U,0.53
bw/mu/yes/yes/m/583/fd/U,bw/st/no/yes/d/603/fd/U,0.48
bw/mu/yes/yes/m/583/fd/U,bo/so/yes/yes/m/588/fd/U,0.35
bw/mu/yes/yes/m/583/fd/U,bo/st/yes/yes/m/586/fd/U,0.55
bw/mu/yes/yes/m/583/fd/U,bw/so/yes/yes/d/581/fd/U,0.32
bw/mu/yes/yes/m/583/fd/U,bo/st/yes/yes/d/580/fd/U,0.55
bw/mu/yes/yes/m/583/fd/U,bw/so/yes/yes/m/587/fd/U,0.32
bw/mu/yes/yes/m/583/fd/U,bw/mu/yes/no/d/589/fd/U,0.89
bw/mu/yes/yes/m/583/fd/U,bo/so/yes/no/d/594/fd/U,0.26
bw/mu/yes/yes/m/583/fd/U,bw/so/yes/no/d/593/fd/U,0.25
bw/mu/yes/yes/m/583/fd/U,bo/st/yes/no/d/592/fd/U,0.52
bw/mu/yes/yes/m/583/fd/U,bw/mu/yes/no/m/595/fd/U,0.89
bw/mu/yes/yes/m/583/fd/U,bw/st/no/no/m/621/fd/U,0.35
bw/mu/yes/yes/m/583/fd/U,bw/mu/no/no/m/619/fd/U,0.8
bw/mu/yes/yes/m/583/fd/U,bo/mu/yes/yes/d/626/fd/A,0.77
bw/mu/yes/yes/m/583/fd/U,bo/st/no/yes/m/610/fd/U,0.53
bw/mu/yes/yes/m/583/fd/U,bo/st/yes/yes/d/628/fd/A,0.55
bw/mu/yes/yes/m/583/fd/U,bw/so/no/no/d/617/fd/U,0.26
bw/mu/yes/yes/m/583/fd/U,bw/mu/yes/no/m/643/fd/A,0.89
bw/mu/yes/yes/m/583/fd/U,bo/mu/yes/no/m/644/fd/A,0.8
bw/mu/yes/yes/m/583/fd/U,bo/so/no/no/m/672/fd/A,0.04
bw/mu/yes/yes/m/583/fd/U,bw/so/yes/yes/d/629/fd/A,0.32
bw/mu/yes/yes/m/583/fd/U,bo/st/no/no/d/616/fd/U,0.5
bw/mu/yes/yes/m/583/fd/U,bw/so/no/yes/m/611/fd/U,0.33
bw/mu/yes/yes/m/583/fd/U,bo/so/no/no/d/618/fd/U,0.04
bw/mu/yes/yes/m/583/fd/U,bw/st/yes/yes/d/627/fd/A,0.48
bw/mu/yes/yes/m/583/fd/U,bo/mu/no/no/m/620/fd/U,0.6
bw/mu/yes/yes/m/583/fd/U,bw/st/yes/no/m/645/fd/A,0.36
bw/mu/yes/yes/m/583/fd/U,bo/so/yes/no/d/642/fd/A,0.26
bw/mu/yes/yes/d/577/fd/U,bo/so/no/yes/d/606/fd/U,0.04
bw/mu/yes/yes/d/577/fd/U,bw/st/yes/no/d/639/fd/A,0.36
bw/mu/yes/yes/d/577/fd/U,bw/mu/no/yes/d/601/fd/U,0.89
bw/mu/yes/yes/d/577/fd/U,bw/mu/yes/no/d/637/fd/A,0.89
bw/mu/yes/yes/d/577/fd/U,bo/mu/no/yes/m/608/fd/U,0.68
bw/mu/yes/yes/d/577/fd/U,bo/so/yes/yes/d/630/fd/A,0.35
bw/mu/yes/yes/d/577/fd/U,bo/st/no/no/d/664/fd/A,0.5
bw/mu/yes/yes/d/577/fd/U,bw/st/no/no/d/663/fd/A,0.35
bw/mu/yes/yes/d/577/fd/U,bw/mu/no/yes/m/655/fd/A,0.89
bw/mu/yes/yes/d/577/fd/U,bo/st/no/yes/d/652/fd/A,0.53
bw/mu/yes/yes/d/577/fd/U,bw/mu/yes/yes/m/631/fd/A,1.0
bw/mu/yes/yes/d/577/fd/U,bo/so/yes/yes/m/636/fd/A,0.35
bw/mu/yes/yes/d/577/fd/U,bw/st/no/yes/m/609/fd/U,0.48
bw/mu/yes/yes/d/577/fd/U,bo/so/yes/no/m/600/fd/U,0.26
bw/mu/yes/yes/d/577/fd/U,bw/mu/no/yes/m/607/fd/U,0.89
bw/mu/yes/yes/d/577/fd/U,bo/mu/yes/no/d/638/fd/A,0.8
bw/mu/yes/yes/d/577/fd/U,bw/so/no/yes/d/653/fd/A,0.33
bw/mu/yes/yes/d/577/fd/U,bo/so/no/yes/d/654/fd/A,0.04
bw/mu/yes/yes/d/577/fd/U,bo/mu/no/no/d/662/fd/A,0.6
bw/mu/yes/yes/d/577/fd/U,bw/so/no/no/d/665/fd/A,0.26
bw/mu/yes/yes/d/577/fd/U,bo/mu/yes/yes/d/578/fd/U,0.77
bw/mu/yes/yes/d/577/fd/U,bo/so/yes/yes/d/582/fd/U,0.35
bw/mu/yes/yes/d/577/fd/U,bw/st/yes/yes/m/585/fd/U,0.48
bw/mu/yes/yes/d/577/fd/U,bo/mu/yes/yes/m/584/fd/U,0.77
bw/mu/yes/yes/d/577/fd/U,bw/mu/yes/yes/m/583/fd/U,1.0
bw/mu/yes/yes/d/577/fd/U,bw/mu/yes/yes/d/577/fd/U,1.0
bw/mu/yes/yes/d/577/fd/U,bw/st/yes/yes/d/579/fd/U,0.48
bw/mu/yes/yes/d/577/fd/U,bo/mu/yes/no/d/590/fd/U,0.8
bw/mu/yes/yes/d/577/fd/U,bw/st/yes/no/m/597/fd/U,0.36
bw/mu/yes/yes/d/577/fd/U,bw/so/yes/no/m/599/fd/U,0.25
bw/mu/yes/yes/d/577/fd/U,bo/st/yes/no/m/598/fd/U,0.52
bw/mu/yes/yes/d/577/fd/U,bo/mu/yes/no/m/596/fd/U,0.8
bw/mu/yes/yes/d/577/fd/U,bw/st/yes/no/d/591/fd/U,0.36
bw/mu/yes/yes/d/577/fd/U,bw/so/yes/no/m/647/fd/A,0.25
bw/mu/yes/yes/d/577/fd/U,bo/st/yes/no/d/640/fd/A,0.52
bw/mu/yes/yes/d/577/fd/U,bw/mu/no/yes/d/649/fd/A,0.89
bw/mu/yes/yes/d/577/fd/U,bw/so/no/no/m/671/fd/A,0.26
bw/mu/yes/yes/d/577/fd/U,bw/mu/yes/yes/d/625/fd/A,1.0
bw/mu/yes/yes/d/577/fd/U,bo/st/no/no/m/622/fd/U,0.5
bw/mu/yes/yes/d/577/fd/U,bo/mu/no/no/d/614/fd/U,0.6
bw/mu/yes/yes/d/577/fd/U,bw/mu/no/no/d/613/fd/U,0.8
bw/mu/yes/yes/d/577/fd/U,bo/st/no/no/m/670/fd/A,0.5
bw/mu/yes/yes/d/577/fd/U,bo/so/yes/no/m/648/fd/A,0.26
bw/mu/yes/yes/d/577/fd/U,bw/so/yes/no/d/641/fd/A,0.25
bw/mu/yes/yes/d/577/fd/U,bo/st/yes/no/m/646/fd/A,0.52
bw/mu/yes/yes/d/577/fd/U,bo/so/no/yes/m/612/fd/U,0.04
bw/mu/yes/yes/d/577/fd/U,bw/st/no/no/d/615/fd/U,0.35
bw/mu/yes/yes/d/577/fd/U,bw/so/no/no/m/623/fd/U,0.26
bw/mu/yes/yes/d/577/fd/U,bo/so/no/no/m/624/fd/U,0.04
bw/mu/yes/yes/d/577/fd/U,bo/so/no/yes/m/660/fd/A,0.04
bw/mu/yes/yes/d/577/fd/U,bo/st/no/yes/m/658/fd/A,0.53
bw/mu/yes/yes/d/577/fd/U,bw/mu/no/no/m/667/fd/A,0.8
bw/mu/yes/yes/d/577/fd/U,bw/st/no/yes/d/651/fd/A,0.48
bw/mu/yes/yes/d/577/fd/U,bw/st/no/no/m/669/fd/A,0.35
bw/mu/yes/yes/d/577/fd/U,bo/mu/no/yes/m/656/fd/A,0.68
bw/mu/yes/yes/d/577/fd/U,bo/mu/no/yes/d/602/fd/U,0.68
bw/mu/yes/yes/d/577/fd/U,bw/so/no/yes/d/605/fd/U,0.33
bw/mu/yes/yes/d/577/fd/U,bw/st/yes/yes/m/633/fd/A,0.48
bw/mu/yes/yes/d/577/fd/U,bo/st/yes/yes/m/634/fd/A,0.55
bw/mu/yes/yes/d/577/fd/U,bo/mu/no/no/m/668/fd/A,0.6
bw/mu/yes/yes/d/577/fd/U,bw/st/no/yes/m/657/fd/A,0.48
bw/mu/yes/yes/d/577/fd/U,bo/mu/no/yes/d/650/fd/A,0.68
bw/mu/yes/yes/d/577/fd/U,bw/so/no/yes/m/659/fd/A,0.33
bw/mu/yes/yes/d/577/fd/U,bo/so/no/no/d/666/fd/A,0.04
bw/mu/yes/yes/d/577/fd/U,bw/mu/no/no/d/661/fd/A,0.8
bw/mu/yes/yes/d/577/fd/U,bw/so/yes/yes/m/635/fd/A,0.32
bw/mu/yes/yes/d/577/fd/U,bo/mu/yes/yes/m/632/fd/A,0.77
bw/mu/yes/yes/d/577/fd/U,bo/st/no/yes/d/604/fd/U,0.53
bw/mu/yes/yes/d/577/fd/U,bw/st/no/yes/d/603/fd/U,0.48
bw/mu/yes/yes/d/577/fd/U,bo/so/yes/yes/m/588/fd/U,0.35
bw/mu/yes/yes/d/577/fd/U,bo/st/yes/yes/m/586/fd/U,0.55
bw/mu/yes/yes/d/577/fd/U,bw/so/yes/yes/d/581/fd/U,0.32
bw/mu/yes/yes/d/577/fd/U,bo/st/yes/yes/d/580/fd/U,0.55
bw/mu/yes/yes/d/577/fd/U,bw/so/yes/yes/m/587/fd/U,0.32
bw/mu/yes/yes/d/577/fd/U,bw/mu/yes/no/d/589/fd/U,0.89
bw/mu/yes/yes/d/577/fd/U,bo/so/yes/no/d/594/fd/U,0.26
bw/mu/yes/yes/d/577/fd/U,bw/so/yes/no/d/593/fd/U,0.25
bw/mu/yes/yes/d/577/fd/U,bo/st/yes/no/d/592/fd/U,0.52
bw/mu/yes/yes/d/577/fd/U,bw/mu/yes/no/m/595/fd/U,0.89
bw/mu/yes/yes/d/577/fd/U,bw/st/no/no/m/621/fd/U,0.35
bw/mu/yes/yes/d/577/fd/U,bw/mu/no/no/m/619/fd/U,0.8
bw/mu/yes/yes/d/577/fd/U,bo/mu/yes/yes/d/626/fd/A,0.77
bw/mu/yes/yes/d/577/fd/U,bo/st/no/yes/m/610/fd/U,0.53
bw/mu/yes/yes/d/577/fd/U,bo/st/yes/yes/d/628/fd/A,0.55
bw/mu/yes/yes/d/577/fd/U,bw/so/no/no/d/617/fd/U,0.26
bw/mu/yes/yes/d/577/fd/U,bw/mu/yes/no/m/643/fd/A,0.89
bw/mu/yes/yes/d/577/fd/U,bo/mu/yes/no/m/644/fd/A,0.8
bw/mu/yes/yes/d/577/fd/U,bo/so/no/no/m/672/fd/A,0.04
bw/mu/yes/yes/d/577/fd/U,bw/so/yes/yes/d/629/fd/A,0.32
bw/mu/yes/yes/d/577/fd/U,bo/st/no/no/d/616/fd/U,0.5
bw/mu/yes/yes/d/577/fd/U,bw/so/no/yes/m/611/fd/U,0.33
bw/mu/yes/yes/d/577/fd/U,bo/so/no/no/d/618/fd/U,0.04
bw/mu/yes/yes/d/577/fd/U,bw/st/yes/yes/d/627/fd/A,0.48
bw/mu/yes/yes/d/577/fd/U,bo/mu/no/no/m/620/fd/U,0.6
bw/mu/yes/yes/d/577/fd/U,bw/st/yes/no/m/645/fd/A,0.36
bw/mu/yes/yes/d/577/fd/U,bo/so/yes/no/d/642/fd/A,0.26
bw/st/yes/yes/d/579/fd/U,bo/so/no/yes/d/606/fd/U,0.05
bw/st/yes/yes/d/579/fd/U,bw/st/yes/no/d/639/fd/A,0.68
bw/st/yes/yes/d/579/fd/U,bw/mu/no/yes/d/601/fd/U,0.46
bw/st/yes/yes/d/579/fd/U,bw/mu/yes/no/d/637/fd/A,0.46
bw/st/yes/yes/d/579/fd/U,bo/mu/no/yes/m/608/fd/U,0.4
bw/st/yes/yes/d/579/fd/U,bo/so/yes/yes/d/630/fd/A,0.38
bw/st/yes/yes/d/579/fd/U,bo/st/no/no/d/664/fd/A,0.39
bw/st/yes/yes/d/579/fd/U,bw/st/no/no/d/663/fd/A,0.59
bw/st/yes/yes/d/579/fd/U,bw/mu/no/yes/m/655/fd/A,0.46
bw/st/yes/yes/d/579/fd/U,bo/st/no/yes/d/652/fd/A,0.38
bw/st/yes/yes/d/579/fd/U,bw/mu/yes/yes/m/631/fd/A,0.48
bw/st/yes/yes/d/579/fd/U,bo/so/yes/yes/m/636/fd/A,0.38
bw/st/yes/yes/d/579/fd/U,bw/st/no/yes/m/609/fd/U,0.84
bw/st/yes/yes/d/579/fd/U,bo/so/yes/no/m/600/fd/U,0.3
bw/st/yes/yes/d/579/fd/U,bw/mu/no/yes/m/607/fd/U,0.46
bw/st/yes/yes/d/579/fd/U,bo/mu/yes/no/d/638/fd/A,0.43
bw/st/yes/yes/d/579/fd/U,bw/so/no/yes/d/653/fd/A,0.37
bw/st/yes/yes/d/579/fd/U,bo/so/no/yes/d/654/fd/A,0.05
bw/st/yes/yes/d/579/fd/U,bo/mu/no/no/d/662/fd/A,0.38
bw/st/yes/yes/d/579/fd/U,bw/so/no/no/d/665/fd/A,0.31
bw/st/yes/yes/d/579/fd/U,bo/mu/yes/yes/d/578/fd/U,0.43
bw/st/yes/yes/d/579/fd/U,bo/so/yes/yes/d/582/fd/U,0.38
bw/st/yes/yes/d/579/fd/U,bw/st/yes/yes/m/585/fd/U,1.0
bw/st/yes/yes/d/579/fd/U,bo/mu/yes/yes/m/584/fd/U,0.43
bw/st/yes/yes/d/579/fd/U,bw/mu/yes/yes/m/583/fd/U,0.48
bw/st/yes/yes/d/579/fd/U,bw/mu/yes/yes/d/577/fd/U,0.48
bw/st/yes/yes/d/579/fd/U,bw/st/yes/yes/d/579/fd/U,1.0
bw/st/yes/yes/d/579/fd/U,bo/mu/yes/no/d/590/fd/U,0.43
bw/st/yes/yes/d/579/fd/U,bw/st/yes/no/m/597/fd/U,0.68
bw/st/yes/yes/d/579/fd/U,bw/so/yes/no/m/599/fd/U,0.31
bw/st/yes/yes/d/579/fd/U,bo/st/yes/no/m/598/fd/U,0.56
bw/st/yes/yes/d/579/fd/U,bo/mu/yes/no/m/596/fd/U,0.43
bw/st/yes/yes/d/579/fd/U,bw/st/yes/no/d/591/fd/U,0.68
bw/st/yes/yes/d/579/fd/U,bw/so/yes/no/m/647/fd/A,0.31
bw/st/yes/yes/d/579/fd/U,bo/st/yes/no/d/640/fd/A,0.56
bw/st/yes/yes/d/579/fd/U,bw/mu/no/yes/d/649/fd/A,0.46
bw/st/yes/yes/d/579/fd/U,bw/so/no/no/m/671/fd/A,0.31
bw/st/yes/yes/d/579/fd/U,bw/mu/yes/yes/d/625/fd/A,0.48
bw/st/yes/yes/d/579/fd/U,bo/st/no/no/m/622/fd/U,0.39
bw/st/yes/yes/d/579/fd/U,bo/mu/no/no/d/614/fd/U,0.38
bw/st/yes/yes/d/579/fd/U,bw/mu/no/no/d/613/fd/U,0.44
bw/st/yes/yes/d/579/fd/U,bo/st/no/no/m/670/fd/A,0.39
bw/st/yes/yes/d/579/fd/U,bo/so/yes/no/m/648/fd/A,0.3
bw/st/yes/yes/d/579/fd/U,bw/so/yes/no/d/641/fd/A,0.31
bw/st/yes/yes/d/579/fd/U,bo/st/yes/no/m/646/fd/A,0.56
bw/st/yes/yes/d/579/fd/U,bo/so/no/yes/m/612/fd/U,0.05
bw/st/yes/yes/d/579/fd/U,bw/st/no/no/d/615/fd/U,0.59
bw/st/yes/yes/d/579/fd/U,bw/so/no/no/m/623/fd/U,0.31
bw/st/yes/yes/d/579/fd/U,bo/so/no/no/m/624/fd/U,0.06
bw/st/yes/yes/d/579/fd/U,bo/so/no/yes/m/660/fd/A,0.05
bw/st/yes/yes/d/579/fd/U,bo/st/no/yes/m/658/fd/A,0.38
bw/st/yes/yes/d/579/fd/U,bw/mu/no/no/m/667/fd/A,0.44
bw/st/yes/yes/d/579/fd/U,bw/st/no/yes/d/651/fd/A,0.84
bw/st/yes/yes/d/579/fd/U,bw/st/no/no/m/669/fd/A,0.59
bw/st/yes/yes/d/579/fd/U,bo/mu/no/yes/m/656/fd/A,0.4
bw/st/yes/yes/d/579/fd/U,bo/mu/no/yes/d/602/fd/U,0.4
bw/st/yes/yes/d/579/fd/U,bw/so/no/yes/d/605/fd/U,0.37
bw/st/yes/yes/d/579/fd/U,bw/st/yes/yes/m/633/fd/A,1.0
bw/st/yes/yes/d/579/fd/U,bo/st/yes/yes/m/634/fd/A,0.52
bw/st/yes/yes/d/579/fd/U,bo/mu/no/no/m/668/fd/A,0.38
bw/st/yes/yes/d/579/fd/U,bw/st/no/yes/m/657/fd/A,0.84
bw/st/yes/yes/d/579/fd/U,bo/mu/no/yes/d/650/fd/A,0.4
bw/st/yes/yes/d/579/fd/U,bw/so/no/yes/m/659/fd/A,0.37
bw/st/yes/yes/d/579/fd/U,bo/so/no/no/d/666/fd/A,0.06
bw/st/yes/yes/d/579/fd/U,bw/mu/no/no/d/661/fd/A,0.44
bw/st/yes/yes/d/579/fd/U,bw/so/yes/yes/m/635/fd/A,0.39
bw/st/yes/yes/d/579/fd/U,bo/mu/yes/yes/m/632/fd/A,0.43
bw/st/yes/yes/d/579/fd/U,bo/st/no/yes/d/604/fd/U,0.38
bw/st/yes/yes/d/579/fd/U,bw/st/no/yes/d/603/fd/U,0.84
bw/st/yes/yes/d/579/fd/U,bo/so/yes/yes/m/588/fd/U,0.38
bw/st/yes/yes/d/579/fd/U,bo/st/yes/yes/m/586/fd/U,0.52
bw/st/yes/yes/d/579/fd/U,bw/so/yes/yes/d/581/fd/U,0.39
bw/st/yes/yes/d/579/fd/U,bo/st/yes/yes/d/580/fd/U,0.52
bw/st/yes/yes/d/579/fd/U,bw/so/yes/yes/m/587/fd/U,0.39
bw/st/yes/yes/d/579/fd/U,bw/mu/yes/no/d/589/fd/U,0.46
bw/st/yes/yes/d/579/fd/U,bo/so/yes/no/d/594/fd/U,0.3
bw/st/yes/yes/d/579/fd/U,bw/so/yes/no/d/593/fd/U,0.31
bw/st/yes/yes/d/579/fd/U,bo/st/yes/no/d/592/fd/U,0.56
bw/st/yes/yes/d/579/fd/U,bw/mu/yes/no/m/595/fd/U,0.46
bw/st/yes/yes/d/579/fd/U,bw/st/no/no/m/621/fd/U,0.59
bw/st/yes/yes/d/579/fd/U,bw/mu/no/no/m/619/fd/U,0.44
bw/st/yes/yes/d/579/fd/U,bo/mu/yes/yes/d/626/fd/A,0.43
bw/st/yes/yes/d/579/fd/U,bo/st/no/yes/m/610/fd/U,0.38
bw/st/yes/yes/d/579/fd/U,bo/st/yes/yes/d/628/fd/A,0.52
bw/st/yes/yes/d/579/fd/U,bw/so/no/no/d/617/fd/U,0.31
bw/st/yes/yes/d/579/fd/U,bw/mu/yes/no/m/643/fd/A,0.46
bw/st/yes/yes/d/579/fd/U,bo/mu/yes/no/m/644/fd/A,0.43
bw/st/yes/yes/d/579/fd/U,bo/so/no/no/m/672/fd/A,0.06
bw/st/yes/yes/d/579/fd/U,bw/so/yes/yes/d/629/fd/A,0.39
bw/st/yes/yes/d/579/fd/U,bo/st/no/no/d/616/fd/U,0.39
bw/st/yes/yes/d/579/fd/U,bw/so/no/yes/m/611/fd/U,0.37
bw/st/yes/yes/d/579/fd/U,bo/so/no/no/d/618/fd/U,0.06
bw/st/yes/yes/d/579/fd/U,bw/st/yes/yes/d/627/fd/A,1.0
bw/st/yes/yes/d/579/fd/U,bo/mu/no/no/m/620/fd/U,0.38
bw/st/yes/yes/d/579/fd/U,bw/st/yes/no/m/645/fd/A,0.68
bw/st/yes/yes/d/579/fd/U,bo/so/yes/no/d/642/fd/A,0.3
bo/mu/yes/no/d/590/fd/U,bo/so/no/yes/d/606/fd/U,0.05
bo/mu/yes/no/d/590/fd/U,bw/st/yes/no/d/639/fd/A,0.31
bo/mu/yes/no/d/590/fd/U,bw/mu/no/yes/d/601/fd/U,0.73
bo/mu/yes/no/d/590/fd/U,bw/mu/yes/no/d/637/fd/A,0.76
bo/mu/yes/no/d/590/fd/U,bo/mu/no/yes/m/608/fd/U,0.74
bo/mu/yes/no/d/590/fd/U,bo/so/yes/yes/d/630/fd/A,0.39
bo/mu/yes/no/d/590/fd/U,bo/st/no/no/d/664/fd/A,0.55
bo/mu/yes/no/d/590/fd/U,bw/st/no/no/d/663/fd/A,0.31
bo/mu/yes/no/d/590/fd/U,bw/mu/no/yes/m/655/fd/A,0.73
bo/mu/yes/no/d/590/fd/U,bo/st/no/yes/d/652/fd/A,0.6
bo/mu/yes/no/d/590/fd/U,bw/mu/yes/yes/m/631/fd/A,0.8
bo/mu/yes/no/d/590/fd/U,bo/so/yes/yes/m/636/fd/A,0.39
bo/mu/yes/no/d/590/fd/U,bw/st/no/yes/m/609/fd/U,0.44
bo/mu/yes/no/d/590/fd/U,bo/so/yes/no/m/600/fd/U,0.27
bo/mu/yes/no/d/590/fd/U,bw/mu/no/yes/m/607/fd/U,0.73
bo/mu/yes/no/d/590/fd/U,bo/mu/yes/no/d/638/fd/A,1.0
bo/mu/yes/no/d/590/fd/U,bw/so/no/yes/d/653/fd/A,0.34
bo/mu/yes/no/d/590/fd/U,bo/so/no/yes/d/654/fd/A,0.05
bo/mu/yes/no/d/590/fd/U,bo/mu/no/no/d/662/fd/A,0.62
bo/mu/yes/no/d/590/fd/U,bw/so/no/no/d/665/fd/A,0.26
bo/mu/yes/no/d/590/fd/U,bo/mu/yes/yes/d/578/fd/U,0.93
bo/mu/yes/no/d/590/fd/U,bo/so/yes/yes/d/582/fd/U,0.39
bo/mu/yes/no/d/590/fd/U,bw/st/yes/yes/m/585/fd/U,0.43
bo/mu/yes/no/d/590/fd/U,bo/mu/yes/yes/m/584/fd/U,0.93
bo/mu/yes/no/d/590/fd/U,bw/mu/yes/yes/m/583/fd/U,0.8
bo/mu/yes/no/d/590/fd/U,bw/mu/yes/yes/d/577/fd/U,0.8
bo/mu/yes/no/d/590/fd/U,bw/st/yes/yes/d/579/fd/U,0.43
bo/mu/yes/no/d/590/fd/U,bo/mu/yes/no/d/590/fd/U,1.0
bo/mu/yes/no/d/590/fd/U,bw/st/yes/no/m/597/fd/U,0.31
bo/mu/yes/no/d/590/fd/U,bw/so/yes/no/m/599/fd/U,0.25
bo/mu/yes/no/d/590/fd/U,bo/st/yes/no/m/598/fd/U,0.57
bo/mu/yes/no/d/590/fd/U,bo/mu/yes/no/m/596/fd/U,1.0
bo/mu/yes/no/d/590/fd/U,bw/st/yes/no/d/591/fd/U,0.31
bo/mu/yes/no/d/590/fd/U,bw/so/yes/no/m/647/fd/A,0.25
bo/mu/yes/no/d/590/fd/U,bo/st/yes/no/d/640/fd/A,0.57
bo/mu/yes/no/d/590/fd/U,bw/mu/no/yes/d/649/fd/A,0.73
bo/mu/yes/no/d/590/fd/U,bw/so/no/no/m/671/fd/A,0.26
bo/mu/yes/no/d/590/fd/U,bw/mu/yes/yes/d/625/fd/A,0.8
bo/mu/yes/no/d/590/fd/U,bo/st/no/no/m/622/fd/U,0.55
bo/mu/yes/no/d/590/fd/U,bo/mu/no/no/d/614/fd/U,0.62
bo/mu/yes/no/d/590/fd/U,bw/mu/no/no/d/613/fd/U,0.7
bo/mu/yes/no/d/590/fd/U,bo/st/no/no/m/670/fd/A,0.55
bo/mu/yes/no/d/590/fd/U,bo/so/yes/no/m/648/fd/A,0.27
bo/mu/yes/no/d/590/fd/U,bw/so/yes/no/d/641/fd/A,0.25
bo/mu/yes/no/d/590/fd/U,bo/st/yes/no/m/646/fd/A,0.57
bo/mu/yes/no/d/590/fd/U,bo/so/no/yes/m/612/fd/U,0.05
bo/mu/yes/no/d/590/fd/U,bw/st/no/no/d/615/fd/U,0.31
bo/mu/yes/no/d/590/fd/U,bw/so/no/no/m/623/fd/U,0.26
bo/mu/yes/no/d/590/fd/U,bo/so/no/no/m/624/fd/U,0.04
bo/mu/yes/no/d/590/fd/U,bo/so/no/yes/m/660/fd/A,0.05
bo/mu/yes/no/d/590/fd/U,bo/st/no/yes/m/658/fd/A,0.6
bo/mu/yes/no/d/590/fd/U,bw/mu/no/no/m/667/fd/A,0.7
bo/mu/yes/no/d/590/fd/U,bw/st/no/yes/d/651/fd/A,0.44
bo/mu/yes/no/d/590/fd/U,bw/st/no/no/m/669/fd/A,0.31
bo/mu/yes/no/d/590/fd/U,bo/mu/no/yes/m/656/fd/A,0.74
bo/mu/yes/no/d/590/fd/U,bo/mu/no/yes/d/602/fd/U,0.74
bo/mu/yes/no/d/590/fd/U,bw/so/no/yes/d/605/fd/U,0.34
bo/mu/yes/no/d/590/fd/U,bw/st/yes/yes/m/633/fd/A,0.43
bo/mu/yes/no/d/590/fd/U,bo/st/yes/yes/m/634/fd/A,0.61
bo/mu/yes/no/d/590/fd/U,bo/mu/no/no/m/668/fd/A,0.62
bo/mu/yes/no/d/590/fd/U,bw/st/no/yes/m/657/fd/A,0.44
bo/mu/yes/no/d/590/fd/U,bo/mu/no/yes/d/650/fd/A,0.74
bo/mu/yes/no/d/590/fd/U,bw/so/no/yes/m/659/fd/A,0.34
bo/mu/yes/no/d/590/fd/U,bo/so/no/no/d/666/fd/A,0.04
bo/mu/yes/no/d/590/fd/U,bw/mu/no/no/d/661/fd/A,0.7
bo/mu/yes/no/d/590/fd/U,bw/so/yes/yes/m/635/fd/A,0.33
bo/mu/yes/no/d/590/fd/U,bo/mu/yes/yes/m/632/fd/A,0.93
bo/mu/yes/no/d/590/fd/U,bo/st/no/yes/d/604/fd/U,0.6
bo/mu/yes/no/d/590/fd/U,bw/st/no/yes/d/603/fd/U,0.44
bo/mu/yes/no/d/590/fd/U,bo/so/yes/yes/m/588/fd/U,0.39
bo/mu/yes/no/d/590/fd/U,bo/st/yes/yes/m/586/fd/U,0.61
bo/mu/yes/no/d/590/fd/U,bw/so/yes/yes/d/581/fd/U,0.33
bo/mu/yes/no/d/590/fd/U,bo/st/yes/yes/d/580/fd/U,0.61
bo/mu/yes/no/d/590/fd/U,bw/so/yes/yes/m/587/fd/U,0.33
bo/mu/yes/no/d/590/fd/U,bw/mu/yes/no/d/589/fd/U,0.76
bo/mu/yes/no/d/590/fd/U,bo/so/yes/no/d/594/fd/U,0.27
bo/mu/yes/no/d/590/fd/U,bw/so/yes/no/d/593/fd/U,0.25
bo/mu/yes/no/d/590/fd/U,bo/st/yes/no/d/592/fd/U,0.57
bo/mu/yes/no/d/590/fd/U,bw/mu/yes/no/m/595/fd/U,0.76
bo/mu/yes/no/d/590/fd/U,bw/st/no/no/m/621/fd/U,0.31
bo/mu/yes/no/d/590/fd/U,bw/mu/no/no/m/619/fd/U,0.7
bo/mu/yes/no/d/590/fd/U,bo/mu/yes/yes/d/626/fd/A,0.93
bo/mu/yes/no/d/590/fd/U,bo/st/no/yes/m/610/fd/U,0.6
bo/mu/yes/no/d/590/fd/U,bo/st/yes/yes/d/628/fd/A,0.61
bo/mu/yes/no/d/590/fd/U,bw/so/no/no/d/617/fd/U,0.26
bo/mu/yes/no/d/590/fd/U,bw/mu/yes/no/m/643/fd/A,0.76
bo/mu/yes/no/d/590/fd/U,bo/mu/yes/no/m/644/fd/A,1.0
bo/mu/yes/no/d/590/fd/U,bo/so/no/no/m/672/fd/A,0.04
bo/mu/yes/no/d/590/fd/U,bw/so/yes/yes/d/629/fd/A,0.33
bo/mu/yes/no/d/590/fd/U,bo/st/no/no/d/616/fd/U,0.55
bo/mu/yes/no/d/590/fd/U,bw/so/no/yes/m/611/fd/U,0.34
bo/mu/yes/no/d/590/fd/U,bo/so/no/no/d/618/fd/U,0.04
bo/mu/yes/no/d/590/fd/U,bw/st/yes/yes/d/627/fd/A,0.43
bo/mu/yes/no/d/590/fd/U,bo/mu/no/no/m/620/fd/U,0.62
bo/mu/yes/no/d/590/fd/U,bw/st/yes/no/m/645/fd/A,0.31
bo/mu/yes/no/d/590/fd/U,bo/so/yes/no/d/642/fd/A,0.27
bw/st/yes/no/m/597/fd/U,bo/so/no/yes/d/606/fd/U,0.04
bw/st/yes/no/m/597/fd/U,bw/st/yes/no/d/639/fd/A,1.0
bw/st/yes/no/m/597/fd/U,bw/mu/no/yes/d/601/fd/U,0.35
bw/st/yes/no/m/597/fd/U,bw/mu/yes/no/d/637/fd/A,0.37
bw/st/yes/no/m/597/fd/U,bo/mu/no/yes/m/608/fd/U,0.29
bw/st/yes/no/m/597/fd/U,bo/so/yes/yes/d/630/fd/A,0.3
bw/st/yes/no/m/597/fd/U,bo/st/no/no/d/664/fd/A,0.28
bw/st/yes/no/m/597/fd/U,bw/st/no/no/d/663/fd/A,0.81
bw/st/yes/no/m/597/fd/U,bw/mu/no/yes/m/655/fd/A,0.35
bw/st/yes/no/m/597/fd/U,bo/st/no/yes/d/652/fd/A,0.26
bw/st/yes/no/m/597/fd/U,bw/mu/yes/yes/m/631/fd/A,0.36
bw/st/yes/no/m/597/fd/U,bo/so/yes/yes/m/636/fd/A,0.3
bw/st/yes/no/m/597/fd/U,bw/st/no/yes/m/609/fd/U,0.63
bw/st/yes/no/m/597/fd/U,bo/so/yes/no/m/600/fd/U,0.27
bw/st/yes/no/m/597/fd/U,bw/mu/no/yes/m/607/fd/U,0.35
bw/st/yes/no/m/597/fd/U,bo/mu/yes/no/d/638/fd/A,0.31
bw/st/yes/no/m/597/fd/U,bw/so/no/yes/d/653/fd/A,0.31
bw/st/yes/no/m/597/fd/U,bo/so/no/yes/d/654/fd/A,0.04
bw/st/yes/no/m/597/fd/U,bo/mu/no/no/d/662/fd/A,0.32
bw/st/yes/no/m/597/fd/U,bw/so/no/no/d/665/fd/A,0.28
bw/st/yes/no/m/597/fd/U,bo/mu/yes/yes/d/578/fd/U,0.3
bw/st/yes/no/m/597/fd/U,bo/so/yes/yes/d/582/fd/U,0.3
bw/st/yes/no/m/597/fd/U,bw/st/yes/yes/m/585/fd/U,0.68
bw/st/yes/no/m/597/fd/U,bo/mu/yes/yes/m/584/fd/U,0.3
bw/st/yes/no/m/597/fd/U,bw/mu/yes/yes/m/583/fd/U,0.36
bw/st/yes/no/m/597/fd/U,bw/mu/yes/yes/d/577/fd/U,0.36
bw/st/yes/no/m/597/fd/U,bw/st/yes/yes/d/579/fd/U,0.68
bw/st/yes/no/m/597/fd/U,bo/mu/yes/no/d/590/fd/U,0.31
bw/st/yes/no/m/597/fd/U,bw/st/yes/no/m/597/fd/U,1.0
bw/st/yes/no/m/597/fd/U,bw/so/yes/no/m/599/fd/U,0.29
bw/st/yes/no/m/597/fd/U,bo/st/yes/no/m/598/fd/U,0.4
bw/st/yes/no/m/597/fd/U,bo/mu/yes/no/m/596/fd/U,0.31
bw/st/yes/no/m/597/fd/U,bw/st/yes/no/d/591/fd/U,1.0
bw/st/yes/no/m/597/fd/U,bw/so/yes/no/m/647/fd/A,0.29
bw/st/yes/no/m/597/fd/U,bo/st/yes/no/d/640/fd/A,0.4
bw/st/yes/no/m/597/fd/U,bw/mu/no/yes/d/649/fd/A,0.35
bw/st/yes/no/m/597/fd/U,bw/so/no/no/m/671/fd/A,0.28
bw/st/yes/no/m/597/fd/U,bw/mu/yes/yes/d/625/fd/A,0.36
bw/st/yes/no/m/597/fd/U,bo/st/no/no/m/622/fd/U,0.28
bw/st/yes/no/m/597/fd/U,bo/mu/no/no/d/614/fd/U,0.32
bw/st/yes/no/m/597/fd/U,bw/mu/no/no/d/613/fd/U,0.37
bw/st/yes/no/m/597/fd/U,bo/st/no/no/m/670/fd/A,0.28
bw/st/yes/no/m/597/fd/U,bo/so/yes/no/m/648/fd/A,0.27
bw/st/yes/no/m/597/fd/U,bw/so/yes/no/d/641/fd/A,0.29
bw/st/yes/no/m/597/fd/U,bo/st/yes/no/m/646/fd/A,0.4
bw/st/yes/no/m/597/fd/U,bo/so/no/yes/m/612/fd/U,0.04
bw/st/yes/no/m/597/fd/U,bw/st/no/no/d/615/fd/U,0.81
bw/st/yes/no/m/597/fd/U,bw/so/no/no/m/623/fd/U,0.28
bw/st/yes/no/m/597/fd/U,bo/so/no/no/m/624/fd/U,0.05
bw/st/yes/no/m/597/fd/U,bo/so/no/yes/m/660/fd/A,0.04
bw/st/yes/no/m/597/fd/U,bo/st/no/yes/m/658/fd/A,0.26
bw/st/yes/no/m/597/fd/U,bw/mu/no/no/m/667/fd/A,0.37
bw/st/yes/no/m/597/fd/U,bw/st/no/yes/d/651/fd/A,0.63
bw/st/yes/no/m/597/fd/U,bw/st/no/no/m/669/fd/A,0.81
bw/st/yes/no/m/597/fd/U,bo/mu/no/yes/m/656/fd/A,0.29
bw/st/yes/no/m/597/fd/U,bo/mu/no/yes/d/602/fd/U,0.29
bw/st/yes/no/m/597/fd/U,bw/so/no/yes/d/605/fd/U,0.31
bw/st/yes/no/m/597/fd/U,bw/st/yes/yes/m/633/fd/A,0.68
bw/st/yes/no/m/597/fd/U,bo/st/yes/yes/m/634/fd/A,0.36
bw/st/yes/no/m/597/fd/U,bo/mu/no/no/m/668/fd/A,0.32
bw/st/yes/no/m/597/fd/U,bw/st/no/yes/m/657/fd/A,0.63
bw/st/yes/no/m/597/fd/U,bo/mu/no/yes/d/650/fd/A,0.29
bw/st/yes/no/m/597/fd/U,bw/so/no/yes/m/659/fd/A,0.31
bw/st/yes/no/m/597/fd/U,bo/so/no/no/d/666/fd/A,0.05
bw/st/yes/no/m/597/fd/U,bw/mu/no/no/d/661/fd/A,0.37
bw/st/yes/no/m/597/fd/U,bw/so/yes/yes/m/635/fd/A,0.32
bw/st/yes/no/m/597/fd/U,bo/mu/yes/yes/m/632/fd/A,0.3
bw/st/yes/no/m/597/fd/U,bo/st/no/yes/d/604/fd/U,0.26
bw/st/yes/no/m/597/fd/U,bw/st/no/yes/d/603/fd/U,0.63
bw/st/yes/no/m/597/fd/U,bo/so/yes/yes/m/588/fd/U,0.3
bw/st/yes/no/m/597/fd/U,bo/st/yes/yes/m/586/fd/U,0.36
bw/st/yes/no/m/597/fd/U,bw/so/yes/yes/d/581/fd/U,0.32
bw/st/yes/no/m/597/fd/U,bo/st/yes/yes/d/580/fd/U,0.36
bw/st/yes/no/m/597/fd/U,bw/so/yes/yes/m/587/fd/U,0.32
bw/st/yes/no/m/597/fd/U,bw/mu/yes/no/d/589/fd/U,0.37
bw/st/yes/no/m/597/fd/U,bo/so/yes/no/d/594/fd/U,0.27
bw/st/yes/no/m/597/fd/U,bw/so/yes/no/d/593/fd/U,0.29
bw/st/yes/no/m/597/fd/U,bo/st/yes/no/d/592/fd/U,0.4
bw/st/yes/no/m/597/fd/U,bw/mu/yes/no/m/595/fd/U,0.37
bw/st/yes/no/m/597/fd/U,bw/st/no/no/m/621/fd/U,0.81
bw/st/yes/no/m/597/fd/U,bw/mu/no/no/m/619/fd/U,0.37
bw/st/yes/no/m/597/fd/U,bo/mu/yes/yes/d/626/fd/A,0.3
bw/st/yes/no/m/597/fd/U,bo/st/no/yes/m/610/fd/U,0.26
bw/st/yes/no/m/597/fd/U,bo/st/yes/yes/d/628/fd/A,0.36
bw/st/yes/no/m/597/fd/U,bw/so/no/no/d/617/fd/U,0.28
bw/st/yes/no/m/597/fd/U,bw/mu/yes/no/m/643/fd/A,0.37
bw/st/yes/no/m/597/fd/U,bo/mu/yes/no/m/644/fd/A,0.31
bw/st/yes/no/m/597/fd/U,bo/so/no/no/m/672/fd/A,0.05
bw/st/yes/no/m/597/fd/U,bw/so/yes/yes/d/629/fd/A,0.32
bw/st/yes/no/m/597/fd/U,bo/st/no/no/d/616/fd/U,0.28
bw/st/yes/no/m/597/fd/U,bw/so/no/yes/m/611/fd/U,0.31
bw/st/yes/no/m/597/fd/U,bo/so/no/no/d/618/fd/U,0.05
bw/st/yes/no/m/597/fd/U,bw/st/yes/yes/d/627/fd/A,0.68
bw/st/yes/no/m/597/fd/U,bo/mu/no/no/m/620/fd/U,0.32
bw/st/yes/no/m/597/fd/U,bw/st/yes/no/m/645/fd/A,1.0
bw/st/yes/no/m/597/fd/U,bo/so/yes/no/d/642/fd/A,0.27
bw/so/yes/no/m/599/fd/U,bo/so/no/yes/d/606/fd/U,0.09
bw/so/yes/no/m/599/fd/U,bw/st/yes/no/d/639/fd/A,0.29
bw/so/yes/no/m/599/fd/U,bw/mu/no/yes/d/601/fd/U,0.24
bw/so/yes/no/m/599/fd/U,bw/mu/yes/no/d/637/fd/A,0.24
bw/so/yes/no/m/599/fd/U,bo/mu/no/yes/m/608/fd/U,0.23
bw/so/yes/no/m/599/fd/U,bo/so/yes/yes/d/630/fd/A,0.46
bw/so/yes/no/m/599/fd/U,bo/st/no/no/d/664/fd/A,0.27
bw/so/yes/no/m/599/fd/U,bw/st/no/no/d/663/fd/A,0.27
bw/so/yes/no/m/599/fd/U,bw/mu/no/yes/m/655/fd/A,0.24
bw/so/yes/no/m/599/fd/U,bo/st/no/yes/d/652/fd/A,0.24
bw/so/yes/no/m/599/fd/U,bw/mu/yes/yes/m/631/fd/A,0.25
bw/so/yes/no/m/599/fd/U,bo/so/yes/yes/m/636/fd/A,0.46
bw/so/yes/no/m/599/fd/U,bw/st/no/yes/m/609/fd/U,0.3
bw/so/yes/no/m/599/fd/U,bo/so/yes/no/m/600/fd/U,0.76
bw/so/yes/no/m/599/fd/U,bw/mu/no/yes/m/607/fd/U,0.24
bw/so/yes/no/m/599/fd/U,bo/mu/yes/no/d/638/fd/A,0.25
bw/so/yes/no/m/599/fd/U,bw/so/no/yes/d/653/fd/A,0.58
bw/so/yes/no/m/599/fd/U,bo/so/no/yes/d/654/fd/A,0.09
bw/so/yes/no/m/599/fd/U,bo/mu/no/no/d/662/fd/A,0.21
bw/so/yes/no/m/599/fd/U,bw/so/no/no/d/665/fd/A,0.87
bw/so/yes/no/m/599/fd/U,bo/mu/yes/yes/d/578/fd/U,0.26
bw/so/yes/no/m/599/fd/U,bo/so/yes/yes/d/582/fd/U,0.46
bw/so/yes/no/m/599/fd/U,bw/st/yes/yes/m/585/fd/U,0.31
bw/so/yes/no/m/599/fd/U,bo/mu/yes/yes/m/584/fd/U,0.26
bw/so/yes/no/m/599/fd/U,bw/mu/yes/yes/m/583/fd/U,0.25
bw/so/yes/no/m/599/fd/U,bw/mu/yes/yes/d/577/fd/U,0.25
bw/so/yes/no/m/599/fd/U,bw/st/yes/yes/d/579/fd/U,0.31
bw/so/yes/no/m/599/fd/U,bo/mu/yes/no/d/590/fd/U,0.25
bw/so/yes/no/m/599/fd/U,bw/st/yes/no/m/597/fd/U,0.29
bw/so/yes/no/m/599/fd/U,bw/so/yes/no/m/599/fd/U,1.0
bw/so/yes/no/m/599/fd/U,bo/st/yes/no/m/598/fd/U,0.33
bw/so/yes/no/m/599/fd/U,bo/mu/yes/no/m/596/fd/U,0.25
bw/so/yes/no/m/599/fd/U,bw/st/yes/no/d/591/fd/U,0.29
bw/so/yes/no/m/599/fd/U,bw/so/yes/no/m/647/fd/A,1.0
bw/so/yes/no/m/599/fd/U,bo/st/yes/no/d/640/fd/A,0.33
bw/so/yes/no/m/599/fd/U,bw/mu/no/yes/d/649/fd/A,0.24
bw/so/yes/no/m/599/fd/U,bw/so/no/no/m/671/fd/A,0.87
bw/so/yes/no/m/599/fd/U,bw/mu/yes/yes/d/625/fd/A,0.25
bw/so/yes/no/m/599/fd/U,bo/st/no/no/m/622/fd/U,0.27
bw/so/yes/no/m/599/fd/U,bo/mu/no/no/d/614/fd/U,0.21
bw/so/yes/no/m/599/fd/U,bw/mu/no/no/d/613/fd/U,0.24
bw/so/yes/no/m/599/fd/U,bo/st/no/no/m/670/fd/A,0.27
bw/so/yes/no/m/599/fd/U,bo/so/yes/no/m/648/fd/A,0.76
bw/so/yes/no/m/599/fd/U,bw/so/yes/no/d/641/fd/A,1.0
bw/so/yes/no/m/599/fd/U,bo/st/yes/no/m/646/fd/A,0.33
bw/so/yes/no/m/599/fd/U,bo/so/no/yes/m/612/fd/U,0.09
bw/so/yes/no/m/599/fd/U,bw/st/no/no/d/615/fd/U,0.27
bw/so/yes/no/m/599/fd/U,bw/so/no/no/m/623/fd/U,0.87
bw/so/yes/no/m/599/fd/U,bo/so/no/no/m/624/fd/U,0.16
bw/so/yes/no/m/599/fd/U,bo/so/no/yes/m/660/fd/A,0.09
bw/so/yes/no/m/599/fd/U,bo/st/no/yes/m/658/fd/A,0.24
bw/so/yes/no/m/599/fd/U,bw/mu/no/no/m/667/fd/A,0.24
bw/so/yes/no/m/599/fd/U,bw/st/no/yes/d/651/fd/A,0.3
bw/so/yes/no/m/599/fd/U,bw/st/no/no/m/669/fd/A,0.27
bw/so/yes/no/m/599/fd/U,bo/mu/no/yes/m/656/fd/A,0.23
bw/so/yes/no/m/599/fd/U,bo/mu/no/yes/d/602/fd/U,0.23
bw/so/yes/no/m/599/fd/U,bw/so/no/yes/d/605/fd/U,0.58
bw/so/yes/no/m/599/fd/U,bw/st/yes/yes/m/633/fd/A,0.31
bw/so/yes/no/m/599/fd/U,bo/st/yes/yes/m/634/fd/A,0.3
bw/so/yes/no/m/599/fd/U,bo/mu/no/no/m/668/fd/A,0.21
bw/so/yes/no/m/599/fd/U,bw/st/no/yes/m/657/fd/A,0.3
bw/so/yes/no/m/599/fd/U,bo/mu/no/yes/d/650/fd/A,0.23
bw/so/yes/no/m/599/fd/U,bw/so/no/yes/m/659/fd/A,0.58
bw/so/yes/no/m/599/fd/U,bo/so/no/no/d/666/fd/A,0.16
bw/so/yes/no/m/599/fd/U,bw/mu/no/no/d/661/fd/A,0.24
bw/so/yes/no/m/599/fd/U,bw/so/yes/yes/m/635/fd/A,0.61
bw/so/yes/no/m/599/fd/U,bo/mu/yes/yes/m/632/fd/A,0.26
bw/so/yes/no/m/599/fd/U,bo/st/no/yes/d/604/fd/U,0.24
bw/so/yes/no/m/599/fd/U,bw/st/no/yes/d/603/fd/U,0.3
bw/so/yes/no/m/599/fd/U,bo/so/yes/yes/m/588/fd/U,0.46
bw/so/yes/no/m/599/fd/U,bo/st/yes/yes/m/586/fd/U,0.3
bw/so/yes/no/m/599/fd/U,bw/so/yes/yes/d/581/fd/U,0.61
bw/so/yes/no/m/599/fd/U,bo/st/yes/yes/d/580/fd/U,0.3
bw/so/yes/no/m/599/fd/U,bw/so/yes/yes/m/587/fd/U,0.61
bw/so/yes/no/m/599/fd/U,bw/mu/yes/no/d/589/fd/U,0.24
bw/so/yes/no/m/599/fd/U,bo/so/yes/no/d/594/fd/U,0.76
bw/so/yes/no/m/599/fd/U,bw/so/yes/no/d/593/fd/U,1.0
bw/so/yes/no/m/599/fd/U,bo/st/yes/no/d/592/fd/U,0.33
bw/so/yes/no/m/599/fd/U,bw/mu/yes/no/m/595/fd/U,0.24
bw/so/yes/no/m/599/fd/U,bw/st/no/no/m/621/fd/U,0.27
bw/so/yes/no/m/599/fd/U,bw/mu/no/no/m/619/fd/U,0.24
bw/so/yes/no/m/599/fd/U,bo/mu/yes/yes/d/626/fd/A,0.26
bw/so/yes/no/m/599/fd/U,bo/st/no/yes/m/610/fd/U,0.24
bw/so/yes/no/m/599/fd/U,bo/st/yes/yes/d/628/fd/A,0.3
bw/so/yes/no/m/599/fd/U,bw/so/no/no/d/617/fd/U,0.87
bw/so/yes/no/m/599/fd/U,bw/mu/yes/no/m/643/fd/A,0.24
bw/so/yes/no/m/599/fd/U,bo/mu/yes/no/m/644/fd/A,0.25
bw/so/yes/no/m/599/fd/U,bo/so/no/no/m/672/fd/A,0.16
bw/so/yes/no/m/599/fd/U,bw/so/yes/yes/d/629/fd/A,0.61
bw/so/yes/no/m/599/fd/U,bo/st/no/no/d/616/fd/U,0.27
bw/so/yes/no/m/599/fd/U,bw/so/no/yes/m/611/fd/U,0.58
bw/so/yes/no/m/599/fd/U,bo/so/no/no/d/618/fd/U,0.16
bw/so/yes/no/m/599/fd/U,bw/st/yes/yes/d/627/fd/A,0.31
bw/so/yes/no/m/599/fd/U,bo/mu/no/no/m/620/fd/U,0.21
bw/so/yes/no/m/599/fd/U,bw/st/yes/no/m/645/fd/A,0.29
bw/so/yes/no/m/599/fd/U,bo/so/yes/no/d/642/fd/A,0.76
bo/st/yes/no/m/598/fd/U,bo/so/no/yes/d/606/fd/U,0.06
bo/st/yes/no/m/598/fd/U,bw/st/yes/no/d/639/fd/A,0.4
bo/st/yes/no/m/598/fd/U,bw/mu/no/yes/d/601/fd/U,0.49
bo/st/yes/no/m/598/fd/U,bw/mu/yes/no/d/637/fd/A,0.49
bo/st/yes/no/m/598/fd/U,bo/mu/no/yes/m/608/fd/U,0.5
bo/st/yes/no/m/598/fd/U,bo/so/yes/yes/d/630/fd/A,0.5
bo/st/yes/no/m/598/fd/U,bo/st/no/no/d/664/fd/A,0.58
bo/st/yes/no/m/598/fd/U,bw/st/no/no/d/663/fd/A,0.38
bo/st/yes/no/m/598/fd/U,bw/mu/no/yes/m/655/fd/A,0.49
bo/st/yes/no/m/598/fd/U,bo/st/no/yes/d/652/fd/A,0.57
bo/st/yes/no/m/598/fd/U,bw/mu/yes/yes/m/631/fd/A,0.52
bo/st/yes/no/m/598/fd/U,bo/so/yes/yes/m/636/fd/A,0.5
bo/st/yes/no/m/598/fd/U,bw/st/no/yes/m/609/fd/U,0.54
bo/st/yes/no/m/598/fd/U,bo/so/yes/no/m/600/fd/U,0.36
bo/st/yes/no/m/598/fd/U,bw/mu/no/yes/m/607/fd/U,0.49
bo/st/yes/no/m/598/fd/U,bo/mu/yes/no/d/638/fd/A,0.57
bo/st/yes/no/m/598/fd/U,bw/so/no/yes/d/653/fd/A,0.43
bo/st/yes/no/m/598/fd/U,bo/so/no/yes/d/654/fd/A,0.06
bo/st/yes/no/m/598/fd/U,bo/mu/no/no/d/662/fd/A,0.43
bo/st/yes/no/m/598/fd/U,bw/so/no/no/d/665/fd/A,0.33
bo/st/yes/no/m/598/fd/U,bo/mu/yes/yes/d/578/fd/U,0.58
bo/st/yes/no/m/598/fd/U,bo/so/yes/yes/d/582/fd/U,0.5
bo/st/yes/no/m/598/fd/U,bw/st/yes/yes/m/585/fd/U,0.56
bo/st/yes/no/m/598/fd/U,bo/mu/yes/yes/m/584/fd/U,0.58
bo/st/yes/no/m/598/fd/U,bw/mu/yes/yes/m/583/fd/U,0.52
bo/st/yes/no/m/598/fd/U,bw/mu/yes/yes/d/577/fd/U,0.52
bo/st/yes/no/m/598/fd/U,bw/st/yes/yes/d/579/fd/U,0.56
bo/st/yes/no/m/598/fd/U,bo/mu/yes/no/d/590/fd/U,0.57
bo/st/yes/no/m/598/fd/U,bw/st/yes/no/m/597/fd/U,0.4
bo/st/yes/no/m/598/fd/U,bw/so/yes/no/m/599/fd/U,0.33
bo/st/yes/no/m/598/fd/U,bo/st/yes/no/m/598/fd/U,1.0
bo/st/yes/no/m/598/fd/U,bo/mu/yes/no/m/596/fd/U,0.57
bo/st/yes/no/m/598/fd/U,bw/st/yes/no/d/591/fd/U,0.4
bo/st/yes/no/m/598/fd/U,bw/so/yes/no/m/647/fd/A,0.33
bo/st/yes/no/m/598/fd/U,bo/st/yes/no/d/640/fd/A,1.0
bo/st/yes/no/m/598/fd/U,bw/mu/no/yes/d/649/fd/A,0.49
bo/st/yes/no/m/598/fd/U,bw/so/no/no/m/671/fd/A,0.33
bo/st/yes/no/m/598/fd/U,bw/mu/yes/yes/d/625/fd/A,0.52
bo/st/yes/no/m/598/fd/U,bo/st/no/no/m/622/fd/U,0.58
bo/st/yes/no/m/598/fd/U,bo/mu/no/no/d/614/fd/U,0.43
bo/st/yes/no/m/598/fd/U,bw/mu/no/no/d/613/fd/U,0.46
bo/st/yes/no/m/598/fd/U,bo/st/no/no/m/670/fd/A,0.58
bo/st/yes/no/m/598/fd/U,bo/so/yes/no/m/648/fd/A,0.36
bo/st/yes/no/m/598/fd/U,bw/so/yes/no/d/641/fd/A,0.33
bo/st/yes/no/m/598/fd/U,bo/st/yes/no/m/646/fd/A,1.0
bo/st/yes/no/m/598/fd/U,bo/so/no/yes/m/612/fd/U,0.06
bo/st/yes/no/m/598/fd/U,bw/st/no/no/d/615/fd/U,0.38
bo/st/yes/no/m/598/fd/U,bw/so/no/no/m/623/fd/U,0.33
bo/st/yes/no/m/598/fd/U,bo/so/no/no/m/624/fd/U,0.07
bo/st/yes/no/m/598/fd/U,bo/so/no/yes/m/660/fd/A,0.06
bo/st/yes/no/m/598/fd/U,bo/st/no/yes/m/658/fd/A,0.57
bo/st/yes/no/m/598/fd/U,bw/mu/no/no/m/667/fd/A,0.46
bo/st/yes/no/m/598/fd/U,bw/st/no/yes/d/651/fd/A,0.54
bo/st/yes/no/m/598/fd/U,bw/st/no/no/m/669/fd/A,0.38
bo/st/yes/no/m/598/fd/U,bo/mu/no/yes/m/656/fd/A,0.5
bo/st/yes/no/m/598/fd/U,bo/mu/no/yes/d/602/fd/U,0.5
bo/st/yes/no/m/598/fd/U,bw/so/no/yes/d/605/fd/U,0.43
bo/st/yes/no/m/598/fd/U,bw/st/yes/yes/m/633/fd/A,0.56
bo/st/yes/no/m/598/fd/U,bo/st/yes/yes/m/634/fd/A,0.87
bo/st/yes/no/m/598/fd/U,bo/mu/no/no/m/668/fd/A,0.43
bo/st/yes/no/m/598/fd/U,bw/st/no/yes/m/657/fd/A,0.54
bo/st/yes/no/m/598/fd/U,bo/mu/no/yes/d/650/fd/A,0.5
bo/st/yes/no/m/598/fd/U,bw/so/no/yes/m/659/fd/A,0.43
bo/st/yes/no/m/598/fd/U,bo/so/no/no/d/666/fd/A,0.07
bo/st/yes/no/m/598/fd/U,bw/mu/no/no/d/661/fd/A,0.46
bo/st/yes/no/m/598/fd/U,bw/so/yes/yes/m/635/fd/A,0.44
bo/st/yes/no/m/598/fd/U,bo/mu/yes/yes/m/632/fd/A,0.58
bo/st/yes/no/m/598/fd/U,bo/st/no/yes/d/604/fd/U,0.57
bo/st/yes/no/m/598/fd/U,bw/st/no/yes/d/603/fd/U,0.54
bo/st/yes/no/m/598/fd/U,bo/so/yes/yes/m/588/fd/U,0.5
bo/st/yes/no/m/598/fd/U,bo/st/yes/yes/m/586/fd/U,0.87
bo/st/yes/no/m/598/fd/U,bw/so/yes/yes/d/581/fd/U,0.44
bo/st/yes/no/m/598/fd/U,bo/st/yes/yes/d/580/fd/U,0.87
bo/st/yes/no/m/598/fd/U,bw/so/yes/yes/m/587/fd/U,0.44
bo/st/yes/no/m/598/fd/U,bw/mu/yes/no/d/589/fd/U,0.49
bo/st/yes/no/m/598/fd/U,bo/so/yes/no/d/594/fd/U,0.36
bo/st/yes/no/m/598/fd/U,bw/so/yes/no/d/593/fd/U,0.33
bo/st/yes/no/m/598/fd/U,bo/st/yes/no/d/592/fd/U,1.0
bo/st/yes/no/m/598/fd/U,bw/mu/yes/no/m/595/fd/U,0.49
bo/st/yes/no/m/598/fd/U,bw/st/no/no/m/621/fd/U,0.38
bo/st/yes/no/m/598/fd/U,bw/mu/no/no/m/619/fd/U,0.46
bo/st/yes/no/m/598/fd/U,bo/mu/yes/yes/d/626/fd/A,0.58
bo/st/yes/no/m/598/fd/U,bo/st/no/yes/m/610/fd/U,0.57
bo/st/yes/no/m/598/fd/U,bo/st/yes/yes/d/628/fd/A,0.87
bo/st/yes/no/m/598/fd/U,bw/so/no/no/d/617/fd/U,0.33
bo/st/yes/no/m/598/fd/U,bw/mu/yes/no/m/643/fd/A,0.49
bo/st/yes/no/m/598/fd/U,bo/mu/yes/no/m/644/fd/A,0.57
bo/st/yes/no/m/598/fd/U,bo/so/no/no/m/672/fd/A,0.07
bo/st/yes/no/m/598/fd/U,bw/so/yes/yes/d/629/fd/A,0.44
bo/st/yes/no/m/598/fd/U,bo/st/no/no/d/616/fd/U,0.58
bo/st/yes/no/m/598/fd/U,bw/so/no/yes/m/611/fd/U,0.43
bo/st/yes/no/m/598/fd/U,bo/so/no/no/d/618/fd/U,0.07
bo/st/yes/no/m/598/fd/U,bw/st/yes/yes/d/627/fd/A,0.56
bo/st/yes/no/m/598/fd/U,bo/mu/no/no/m/620/fd/U,0.43
bo/st/yes/no/m/598/fd/U,bw/st/yes/no/m/645/fd/A,0.4
bo/st/yes/no/m/598/fd/U,bo/so/yes/no/d/642/fd/A,0.36
bo/mu/yes/no/m/596/fd/U,bo/so/no/yes/d/606/fd/U,0.05
bo/mu/yes/no/m/596/fd/U,bw/st/yes/no/d/639/fd/A,0.31
bo/mu/yes/no/m/596/fd/U,bw/mu/no/yes/d/601/fd/U,0.73
bo/mu/yes/no/m/596/fd/U,bw/mu/yes/no/d/637/fd/A,0.76
bo/mu/yes/no/m/596/fd/U,bo/mu/no/yes/m/608/fd/U,0.74
bo/mu/yes/no/m/596/fd/U,bo/so/yes/yes/d/630/fd/A,0.39
bo/mu/yes/no/m/596/fd/U,bo/st/no/no/d/664/fd/A,0.55
bo/mu/yes/no/m/596/fd/U,bw/st/no/no/d/663/fd/A,0.31
bo/mu/yes/no/m/596/fd/U,bw/mu/no/yes/m/655/fd/A,0.73
bo/mu/yes/no/m/596/fd/U,bo/st/no/yes/d/652/fd/A,0.6
bo/mu/yes/no/m/596/fd/U,bw/mu/yes/yes/m/631/fd/A,0.8
bo/mu/yes/no/m/596/fd/U,bo/so/yes/yes/m/636/fd/A,0.39
bo/mu/yes/no/m/596/fd/U,bw/st/no/yes/m/609/fd/U,0.44
bo/mu/yes/no/m/596/fd/U,bo/so/yes/no/m/600/fd/U,0.27
bo/mu/yes/no/m/596/fd/U,bw/mu/no/yes/m/607/fd/U,0.73
bo/mu/yes/no/m/596/fd/U,bo/mu/yes/no/d/638/fd/A,1.0
bo/mu/yes/no/m/596/fd/U,bw/so/no/yes/d/653/fd/A,0.34
bo/mu/yes/no/m/596/fd/U,bo/so/no/yes/d/654/fd/A,0.05
bo/mu/yes/no/m/596/fd/U,bo/mu/no/no/d/662/fd/A,0.62
bo/mu/yes/no/m/596/fd/U,bw/so/no/no/d/665/fd/A,0.26
bo/mu/yes/no/m/596/fd/U,bo/mu/yes/yes/d/578/fd/U,0.93
bo/mu/yes/no/m/596/fd/U,bo/so/yes/yes/d/582/fd/U,0.39
bo/mu/yes/no/m/596/fd/U,bw/st/yes/yes/m/585/fd/U,0.43
bo/mu/yes/no/m/596/fd/U,bo/mu/yes/yes/m/584/fd/U,0.93
bo/mu/yes/no/m/596/fd/U,bw/mu/yes/yes/m/583/fd/U,0.8
bo/mu/yes/no/m/596/fd/U,bw/mu/yes/yes/d/577/fd/U,0.8
bo/mu/yes/no/m/596/fd/U,bw/st/yes/yes/d/579/fd/U,0.43
bo/mu/yes/no/m/596/fd/U,bo/mu/yes/no/d/590/fd/U,1.0
bo/mu/yes/no/m/596/fd/U,bw/st/yes/no/m/597/fd/U,0.31
bo/mu/yes/no/m/596/fd/U,bw/so/yes/no/m/599/fd/U,0.25
bo/mu/yes/no/m/596/fd/U,bo/st/yes/no/m/598/fd/U,0.57
bo/mu/yes/no/m/596/fd/U,bo/mu/yes/no/m/596/fd/U,1.0
bo/mu/yes/no/m/596/fd/U,bw/st/yes/no/d/591/fd/U,0.31
bo/mu/yes/no/m/596/fd/U,bw/so/yes/no/m/647/fd/A,0.25
bo/mu/yes/no/m/596/fd/U,bo/st/yes/no/d/640/fd/A,0.57
bo/mu/yes/no/m/596/fd/U,bw/mu/no/yes/d/649/fd/A,0.73
bo/mu/yes/no/m/596/fd/U,bw/so/no/no/m/671/fd/A,0.26
bo/mu/yes/no/m/596/fd/U,bw/mu/yes/yes/d/625/fd/A,0.8
bo/mu/yes/no/m/596/fd/U,bo/st/no/no/m/622/fd/U,0.55
bo/mu/yes/no/m/596/fd/U,bo/mu/no/no/d/614/fd/U,0.62
bo/mu/yes/no/m/596/fd/U,bw/mu/no/no/d/613/fd/U,0.7
bo/mu/yes/no/m/596/fd/U,bo/st/no/no/m/670/fd/A,0.55
bo/mu/yes/no/m/596/fd/U,bo/so/yes/no/m/648/fd/A,0.27
bo/mu/yes/no/m/596/fd/U,bw/so/yes/no/d/641/fd/A,0.25
bo/mu/yes/no/m/596/fd/U,bo/st/yes/no/m/646/fd/A,0.57
bo/mu/yes/no/m/596/fd/U,bo/so/no/yes/m/612/fd/U,0.05
bo/mu/yes/no/m/596/fd/U,bw/st/no/no/d/615/fd/U,0.31
bo/mu/yes/no/m/596/fd/U,bw/so/no/no/m/623/fd/U,0.26
bo/mu/yes/no/m/596/fd/U,bo/so/no/no/m/624/fd/U,0.04
bo/mu/yes/no/m/596/fd/U,bo/so/no/yes/m/660/fd/A,0.05
bo/mu/yes/no/m/596/fd/U,bo/st/no/yes/m/658/fd/A,0.6
bo/mu/yes/no/m/596/fd/U,bw/mu/no/no/m/667/fd/A,0.7
bo/mu/yes/no/m/596/fd/U,bw/st/no/yes/d/651/fd/A,0.44
bo/mu/yes/no/m/596/fd/U,bw/st/no/no/m/669/fd/A,0.31
bo/mu/yes/no/m/596/fd/U,bo/mu/no/yes/m/656/fd/A,0.74
bo/mu/yes/no/m/596/fd/U,bo/mu/no/yes/d/602/fd/U,0.74
bo/mu/yes/no/m/596/fd/U,bw/so/no/yes/d/605/fd/U,0.34
bo/mu/yes/no/m/596/fd/U,bw/st/yes/yes/m/633/fd/A,0.43
bo/mu/yes/no/m/596/fd/U,bo/st/yes/yes/m/634/fd/A,0.61
bo/mu/yes/no/m/596/fd/U,bo/mu/no/no/m/668/fd/A,0.62
bo/mu/yes/no/m/596/fd/U,bw/st/no/yes/m/657/fd/A,0.44
bo/mu/yes/no/m/596/fd/U,bo/mu/no/yes/d/650/fd/A,0.74
bo/mu/yes/no/m/596/fd/U,bw/so/no/yes/m/659/fd/A,0.34
bo/mu/yes/no/m/596/fd/U,bo/so/no/no/d/666/fd/A,0.04
bo/mu/yes/no/m/596/fd/U,bw/mu/no/no/d/661/fd/A,0.7
bo/mu/yes/no/m/596/fd/U,bw/so/yes/yes/m/635/fd/A,0.33
bo/mu/yes/no/m/596/fd/U,bo/mu/yes/yes/m/632/fd/A,0.93
bo/mu/yes/no/m/596/fd/U,bo/st/no/yes/d/604/fd/U,0.6
bo/mu/yes/no/m/596/fd/U,bw/st/no/yes/d/603/fd/U,0.44
bo/mu/yes/no/m/596/fd/U,bo/so/yes/yes/m/588/fd/U,0.39
bo/mu/yes/no/m/596/fd/U,bo/st/yes/yes/m/586/fd/U,0.61
bo/mu/yes/no/m/596/fd/U,bw/so/yes/yes/d/581/fd/U,0.33
bo/mu/yes/no/m/596/fd/U,bo/st/yes/yes/d/580/fd/U,0.61
bo/mu/yes/no/m/596/fd/U,bw/so/yes/yes/m/587/fd/U,0.33
bo/mu/yes/no/m/596/fd/U,bw/mu/yes/no/d/589/fd/U,0.76
bo/mu/yes/no/m/596/fd/U,bo/so/yes/no/d/594/fd/U,0.27
bo/mu/yes/no/m/596/fd/U,bw/so/yes/no/d/593/fd/U,0.25
bo/mu/yes/no/m/596/fd/U,bo/st/yes/no/d/592/fd/U,0.57
bo/mu/yes/no/m/596/fd/U,bw/mu/yes/no/m/595/fd/U,0.76
bo/mu/yes/no/m/596/fd/U,bw/st/no/no/m/621/fd/U,0.31
bo/mu/yes/no/m/596/fd/U,bw/mu/no/no/m/619/fd/U,0.7
bo/mu/yes/no/m/596/fd/U,bo/mu/yes/yes/d/626/fd/A,0.93
bo/mu/yes/no/m/596/fd/U,bo/st/no/yes/m/610/fd/U,0.6
bo/mu/yes/no/m/596/fd/U,bo/st/yes/yes/d/628/fd/A,0.61
bo/mu/yes/no/m/596/fd/U,bw/so/no/no/d/617/fd/U,0.26
bo/mu/yes/no/m/596/fd/U,bw/mu/yes/no/m/643/fd/A,0.76
bo/mu/yes/no/m/596/fd/U,bo/mu/yes/no/m/644/fd/A,1.0
bo/mu/yes/no/m/596/fd/U,bo/so/no/no/m/672/fd/A,0.04
bo/mu/yes/no/m/596/fd/U,bw/so/yes/yes/d/629/fd/A,0.33
bo/mu/yes/no/m/596/fd/U,bo/st/no/no/d/616/fd/U,0.55
bo/mu/yes/no/m/596/fd/U,bw/so/no/yes/m/611/fd/U,0.34
bo/mu/yes/no/m/596/fd/U,bo/so/no/no/d/618/fd/U,0.04
bo/mu/yes/no/m/596/fd/U,bw/st/yes/yes/d/627/fd/A,0.43
bo/mu/yes/no/m/596/fd/U,bo/mu/no/no/m/620/fd/U,0.62
bo/mu/yes/no/m/596/fd/U,bw/st/yes/no/m/645/fd/A,0.31
bo/mu/yes/no/m/596/fd/U,bo/so/yes/no/d/642/fd/A,0.27
bw/st/yes/no/d/591/fd/U,bo/so/no/yes/d/606/fd/U,0.04
bw/st/yes/no/d/591/fd/U,bw/st/yes/no/d/639/fd/A,1.0
bw/st/yes/no/d/591/fd/U,bw/mu/no/yes/d/601/fd/U,0.35
bw/st/yes/no/d/591/fd/U,bw/mu/yes/no/d/637/fd/A,0.37
bw/st/yes/no/d/591/fd/U,bo/mu/no/yes/m/608/fd/U,0.29
bw/st/yes/no/d/591/fd/U,bo/so/yes/yes/d/630/fd/A,0.3
bw/st/yes/no/d/591/fd/U,bo/st/no/no/d/664/fd/A,0.28
bw/st/yes/no/d/591/fd/U,bw/st/no/no/d/663/fd/A,0.81
bw/st/yes/no/d/591/fd/U,bw/mu/no/yes/m/655/fd/A,0.35
bw/st/yes/no/d/591/fd/U,bo/st/no/yes/d/652/fd/A,0.26
bw/st/yes/no/d/591/fd/U,bw/mu/yes/yes/m/631/fd/A,0.36
bw/st/yes/no/d/591/fd/U,bo/so/yes/yes/m/636/fd/A,0.3
bw/st/yes/no/d/591/fd/U,bw/st/no/yes/m/609/fd/U,0.63
bw/st/yes/no/d/591/fd/U,bo/so/yes/no/m/600/fd/U,0.27
bw/st/yes/no/d/591/fd/U,bw/mu/no/yes/m/607/fd/U,0.35
bw/st/yes/no/d/591/fd/U,bo/mu/yes/no/d/638/fd/A,0.31
bw/st/yes/no/d/591/fd/U,bw/so/no/yes/d/653/fd/A,0.31
bw/st/yes/no/d/591/fd/U,bo/so/no/yes/d/654/fd/A,0.04
bw/st/yes/no/d/591/fd/U,bo/mu/no/no/d/662/fd/A,0.32
bw/st/yes/no/d/591/fd/U,bw/so/no/no/d/665/fd/A,0.28
bw/st/yes/no/d/591/fd/U,bo/mu/yes/yes/d/578/fd/U,0.3
bw/st/yes/no/d/591/fd/U,bo/so/yes/yes/d/582/fd/U,0.3
bw/st/yes/no/d/591/fd/U,bw/st/yes/yes/m/585/fd/U,0.68
bw/st/yes/no/d/591/fd/U,bo/mu/yes/yes/m/584/fd/U,0.3
bw/st/yes/no/d/591/fd/U,bw/mu/yes/yes/m/583/fd/U,0.36
bw/st/yes/no/d/591/fd/U,bw/mu/yes/yes/d/577/fd/U,0.36
bw/st/yes/no/d/591/fd/U,bw/st/yes/yes/d/579/fd/U,0.68
bw/st/yes/no/d/591/fd/U,bo/mu/yes/no/d/590/fd/U,0.31
bw/st/yes/no/d/591/fd/U,bw/st/yes/no/m/597/fd/U,1.0
bw/st/yes/no/d/591/fd/U,bw/so/yes/no/m/599/fd/U,0.29
bw/st/yes/no/d/591/fd/U,bo/st/yes/no/m/598/fd/U,0.4
bw/st/yes/no/d/591/fd/U,bo/mu/yes/no/m/596/fd/U,0.31
bw/st/yes/no/d/591/fd/U,bw/st/yes/no/d/591/fd/U,1.0
bw/st/yes/no/d/591/fd/U,bw/so/yes/no/m/647/fd/A,0.29
bw/st/yes/no/d/591/fd/U,bo/st/yes/no/d/640/fd/A,0.4
bw/st/yes/no/d/591/fd/U,bw/mu/no/yes/d/649/fd/A,0.35
bw/st/yes/no/d/591/fd/U,bw/so/no/no/m/671/fd/A,0.28
bw/st/yes/no/d/591/fd/U,bw/mu/yes/yes/d/625/fd/A,0.36
bw/st/yes/no/d/591/fd/U,bo/st/no/no/m/622/fd/U,0.28
bw/st/yes/no/d/591/fd/U,bo/mu/no/no/d/614/fd/U,0.32
bw/st/yes/no/d/591/fd/U,bw/mu/no/no/d/613/fd/U,0.37
bw/st/yes/no/d/591/fd/U,bo/st/no/no/m/670/fd/A,0.28
bw/st/yes/no/d/591/fd/U,bo/so/yes/no/m/648/fd/A,0.27
bw/st/yes/no/d/591/fd/U,bw/so/yes/no/d/641/fd/A,0.29
bw/st/yes/no/d/591/fd/U,bo/st/yes/no/m/646/fd/A,0.4
bw/st/yes/no/d/591/fd/U,bo/so/no/yes/m/612/fd/U,0.04
bw/st/yes/no/d/591/fd/U,bw/st/no/no/d/615/fd/U,0.81
bw/st/yes/no/d/591/fd/U,bw/so/no/no/m/623/fd/U,0.28
bw/st/yes/no/d/591/fd/U,bo/so/no/no/m/624/fd/U,0.05
bw/st/yes/no/d/591/fd/U,bo/so/no/yes/m/660/fd/A,0.04
bw/st/yes/no/d/591/fd/U,bo/st/no/yes/m/658/fd/A,0.26
bw/st/yes/no/d/591/fd/U,bw/mu/no/no/m/667/fd/A,0.37
bw/st/yes/no/d/591/fd/U,bw/st/no/yes/d/651/fd/A,0.63
bw/st/yes/no/d/591/fd/U,bw/st/no/no/m/669/fd/A,0.81
bw/st/yes/no/d/591/fd/U,bo/mu/no/yes/m/656/fd/A,0.29
bw/st/yes/no/d/591/fd/U,bo/mu/no/yes/d/602/fd/U,0.29
bw/st/yes/no/d/591/fd/U,bw/so/no/yes/d/605/fd/U,0.31
bw/st/yes/no/d/591/fd/U,bw/st/yes/yes/m/633/fd/A,0.68
bw/st/yes/no/d/591/fd/U,bo/st/yes/yes/m/634/fd/A,0.36
bw/st/yes/no/d/591/fd/U,bo/mu/no/no/m/668/fd/A,0.32
bw/st/yes/no/d/591/fd/U,bw/st/no/yes/m/657/fd/A,0.63
bw/st/yes/no/d/591/fd/U,bo/mu/no/yes/d/650/fd/A,0.29
bw/st/yes/no/d/591/fd/U,bw/so/no/yes/m/659/fd/A,0.31
bw/st/yes/no/d/591/fd/U,bo/so/no/no/d/666/fd/A,0.05
bw/st/yes/no/d/591/fd/U,bw/mu/no/no/d/661/fd/A,0.37
bw/st/yes/no/d/591/fd/U,bw/so/yes/yes/m/635/fd/A,0.32
bw/st/yes/no/d/591/fd/U,bo/mu/yes/yes/m/632/fd/A,0.3
bw/st/yes/no/d/591/fd/U,bo/st/no/yes/d/604/fd/U,0.26
bw/st/yes/no/d/591/fd/U,bw/st/no/yes/d/603/fd/U,0.63
bw/st/yes/no/d/591/fd/U,bo/so/yes/yes/m/588/fd/U,0.3
bw/st/yes/no/d/591/fd/U,bo/st/yes/yes/m/586/fd/U,0.36
bw/st/yes/no/d/591/fd/U,bw/so/yes/yes/d/581/fd/U,0.32
bw/st/yes/no/d/591/fd/U,bo/st/yes/yes/d/580/fd/U,0.36
bw/st/yes/no/d/591/fd/U,bw/so/yes/yes/m/587/fd/U,0.32
bw/st/yes/no/d/591/fd/U,bw/mu/yes/no/d/589/fd/U,0.37
bw/st/yes/no/d/591/fd/U,bo/so/yes/no/d/594/fd/U,0.27
bw/st/yes/no/d/591/fd/U,bw/so/yes/no/d/593/fd/U,0.29
bw/st/yes/no/d/591/fd/U,bo/st/yes/no/d/592/fd/U,0.4
bw/st/yes/no/d/591/fd/U,bw/mu/yes/no/m/595/fd/U,0.37
bw/st/yes/no/d/591/fd/U,bw/st/no/no/m/621/fd/U,0.81
bw/st/yes/no/d/591/fd/U,bw/mu/no/no/m/619/fd/U,0.37
bw/st/yes/no/d/591/fd/U,bo/mu/yes/yes/d/626/fd/A,0.3
bw/st/yes/no/d/591/fd/U,bo/st/no/yes/m/610/fd/U,0.26
bw/st/yes/no/d/591/fd/U,bo/st/yes/yes/d/628/fd/A,0.36
bw/st/yes/no/d/591/fd/U,bw/so/no/no/d/617/fd/U,0.28
bw/st/yes/no/d/591/fd/U,bw/mu/yes/no/m/643/fd/A,0.37
bw/st/yes/no/d/591/fd/U,bo/mu/yes/no/m/644/fd/A,0.31
bw/st/yes/no/d/591/fd/U,bo/so/no/no/m/672/fd/A,0.05
bw/st/yes/no/d/591/fd/U,bw/so/yes/yes/d/629/fd/A,0.32
bw/st/yes/no/d/591/fd/U,bo/st/no/no/d/616/fd/U,0.28
bw/st/yes/no/d/591/fd/U,bw/so/no/yes/m/611/fd/U,0.31
bw/st/yes/no/d/591/fd/U,bo/so/no/no/d/618/fd/U,0.05
bw/st/yes/no/d/591/fd/U,bw/st/yes/yes/d/627/fd/A,0.68
bw/st/yes/no/d/591/fd/U,bo/mu/no/no/m/620/fd/U,0.32
bw/st/yes/no/d/591/fd/U,bw/st/yes/no/m/645/fd/A,1.0
bw/st/yes/no/d/591/fd/U,bo/so/yes/no/d/642/fd/A,0.27
bw/so/yes/no/m/647/fd/A,bo/so/no/yes/d/606/fd/U,0.09
bw/so/yes/no/m/647/fd/A,bw/st/yes/no/d/639/fd/A,0.29
bw/so/yes/no/m/647/fd/A,bw/mu/no/yes/d/601/fd/U,0.24
bw/so/yes/no/m/647/fd/A,bw/mu/yes/no/d/637/fd/A,0.24
bw/so/yes/no/m/647/fd/A,bo/mu/no/yes/m/608/fd/U,0.23
bw/so/yes/no/m/647/fd/A,bo/so/yes/yes/d/630/fd/A,0.46
bw/so/yes/no/m/647/fd/A,bo/st/no/no/d/664/fd/A,0.27
bw/so/yes/no/m/647/fd/A,bw/st/no/no/d/663/fd/A,0.27
bw/so/yes/no/m/647/fd/A,bw/mu/no/yes/m/655/fd/A,0.24
bw/so/yes/no/m/647/fd/A,bo/st/no/yes/d/652/fd/A,0.24
bw/so/yes/no/m/647/fd/A,bw/mu/yes/yes/m/631/fd/A,0.25
bw/so/yes/no/m/647/fd/A,bo/so/yes/yes/m/636/fd/A,0.46
bw/so/yes/no/m/647/fd/A,bw/st/no/yes/m/609/fd/U,0.3
bw/so/yes/no/m/647/fd/A,bo/so/yes/no/m/600/fd/U,0.76
bw/so/yes/no/m/647/fd/A,bw/mu/no/yes/m/607/fd/U,0.24
bw/so/yes/no/m/647/fd/A,bo/mu/yes/no/d/638/fd/A,0.25
bw/so/yes/no/m/647/fd/A,bw/so/no/yes/d/653/fd/A,0.58
bw/so/yes/no/m/647/fd/A,bo/so/no/yes/d/654/fd/A,0.09
bw/so/yes/no/m/647/fd/A,bo/mu/no/no/d/662/fd/A,0.21
bw/so/yes/no/m/647/fd/A,bw/so/no/no/d/665/fd/A,0.87
bw/so/yes/no/m/647/fd/A,bo/mu/yes/yes/d/578/fd/U,0.26
bw/so/yes/no/m/647/fd/A,bo/so/yes/yes/d/582/fd/U,0.46
bw/so/yes/no/m/647/fd/A,bw/st/yes/yes/m/585/fd/U,0.31
bw/so/yes/no/m/647/fd/A,bo/mu/yes/yes/m/584/fd/U,0.26
bw/so/yes/no/m/647/fd/A,bw/mu/yes/yes/m/583/fd/U,0.25
bw/so/yes/no/m/647/fd/A,bw/mu/yes/yes/d/577/fd/U,0.25
bw/so/yes/no/m/647/fd/A,bw/st/yes/yes/d/579/fd/U,0.31
bw/so/yes/no/m/647/fd/A,bo/mu/yes/no/d/590/fd/U,0.25
bw/so/yes/no/m/647/fd/A,bw/st/yes/no/m/597/fd/U,0.29
bw/so/yes/no/m/647/fd/A,bw/so/yes/no/m/599/fd/U,1.0
bw/so/yes/no/m/647/fd/A,bo/st/yes/no/m/598/fd/U,0.33
bw/so/yes/no/m/647/fd/A,bo/mu/yes/no/m/596/fd/U,0.25
bw/so/yes/no/m/647/fd/A,bw/st/yes/no/d/591/fd/U,0.29
bw/so/yes/no/m/647/fd/A,bw/so/yes/no/m/647/fd/A,1.0
bw/so/yes/no/m/647/fd/A,bo/st/yes/no/d/640/fd/A,0.33
bw/so/yes/no/m/647/fd/A,bw/mu/no/yes/d/649/fd/A,0.24
bw/so/yes/no/m/647/fd/A,bw/so/no/no/m/671/fd/A,0.87
bw/so/yes/no/m/647/fd/A,bw/mu/yes/yes/d/625/fd/A,0.25
bw/so/yes/no/m/647/fd/A,bo/st/no/no/m/622/fd/U,0.27
bw/so/yes/no/m/647/fd/A,bo/mu/no/no/d/614/fd/U,0.21
bw/so/yes/no/m/647/fd/A,bw/mu/no/no/d/613/fd/U,0.24
bw/so/yes/no/m/647/fd/A,bo/st/no/no/m/670/fd/A,0.27
bw/so/yes/no/m/647/fd/A,bo/so/yes/no/m/648/fd/A,0.76
bw/so/yes/no/m/647/fd/A,bw/so/yes/no/d/641/fd/A,1.0
bw/so/yes/no/m/647/fd/A,bo/st/yes/no/m/646/fd/A,0.33
bw/so/yes/no/m/647/fd/A,bo/so/no/yes/m/612/fd/U,0.09
bw/so/yes/no/m/647/fd/A,bw/st/no/no/d/615/fd/U,0.27
bw/so/yes/no/m/647/fd/A,bw/so/no/no/m/623/fd/U,0.87
bw/so/yes/no/m/647/fd/A,bo/so/no/no/m/624/fd/U,0.16
bw/so/yes/no/m/647/fd/A,bo/so/no/yes/m/660/fd/A,0.09
bw/so/yes/no/m/647/fd/A,bo/st/no/yes/m/658/fd/A,0.24
bw/so/yes/no/m/647/fd/A,bw/mu/no/no/m/667/fd/A,0.24
bw/so/yes/no/m/647/fd/A,bw/st/no/yes/d/651/fd/A,0.3
bw/so/yes/no/m/647/fd/A,bw/st/no/no/m/669/fd/A,0.27
bw/so/yes/no/m/647/fd/A,bo/mu/no/yes/m/656/fd/A,0.23
bw/so/yes/no/m/647/fd/A,bo/mu/no/yes/d/602/fd/U,0.23
bw/so/yes/no/m/647/fd/A,bw/so/no/yes/d/605/fd/U,0.58
bw/so/yes/no/m/647/fd/A,bw/st/yes/yes/m/633/fd/A,0.31
bw/so/yes/no/m/647/fd/A,bo/st/yes/yes/m/634/fd/A,0.3
bw/so/yes/no/m/647/fd/A,bo/mu/no/no/m/668/fd/A,0.21
bw/so/yes/no/m/647/fd/A,bw/st/no/yes/m/657/fd/A,0.3
bw/so/yes/no/m/647/fd/A,bo/mu/no/yes/d/650/fd/A,0.23
bw/so/yes/no/m/647/fd/A,bw/so/no/yes/m/659/fd/A,0.58
bw/so/yes/no/m/647/fd/A,bo/so/no/no/d/666/fd/A,0.16
bw/so/yes/no/m/647/fd/A,bw/mu/no/no/d/661/fd/A,0.24
bw/so/yes/no/m/647/fd/A,bw/so/yes/yes/m/635/fd/A,0.61
bw/so/yes/no/m/647/fd/A,bo/mu/yes/yes/m/632/fd/A,0.26
bw/so/yes/no/m/647/fd/A,bo/st/no/yes/d/604/fd/U,0.24
bw/so/yes/no/m/647/fd/A,bw/st/no/yes/d/603/fd/U,0.3
bw/so/yes/no/m/647/fd/A,bo/so/yes/yes/m/588/fd/U,0.46
bw/so/yes/no/m/647/fd/A,bo/st/yes/yes/m/586/fd/U,0.3
bw/so/yes/no/m/647/fd/A,bw/so/yes/yes/d/581/fd/U,0.61
bw/so/yes/no/m/647/fd/A,bo/st/yes/yes/d/580/fd/U,0.3
bw/so/yes/no/m/647/fd/A,bw/so/yes/yes/m/587/fd/U,0.61
bw/so/yes/no/m/647/fd/A,bw/mu/yes/no/d/589/fd/U,0.24
bw/so/yes/no/m/647/fd/A,bo/so/yes/no/d/594/fd/U,0.76
bw/so/yes/no/m/647/fd/A,bw/so/yes/no/d/593/fd/U,1.0
bw/so/yes/no/m/647/fd/A,bo/st/yes/no/d/592/fd/U,0.33
bw/so/yes/no/m/647/fd/A,bw/mu/yes/no/m/595/fd/U,0.24
bw/so/yes/no/m/647/fd/A,bw/st/no/no/m/621/fd/U,0.27
bw/so/yes/no/m/647/fd/A,bw/mu/no/no/m/619/fd/U,0.24
bw/so/yes/no/m/647/fd/A,bo/mu/yes/yes/d/626/fd/A,0.26
bw/so/yes/no/m/647/fd/A,bo/st/no/yes/m/610/fd/U,0.24
bw/so/yes/no/m/647/fd/A,bo/st/yes/yes/d/628/fd/A,0.3
bw/so/yes/no/m/647/fd/A,bw/so/no/no/d/617/fd/U,0.87
bw/so/yes/no/m/647/fd/A,bw/mu/yes/no/m/643/fd/A,0.24
bw/so/yes/no/m/647/fd/A,bo/mu/yes/no/m/644/fd/A,0.25
bw/so/yes/no/m/647/fd/A,bo/so/no/no/m/672/fd/A,0.16
bw/so/yes/no/m/647/fd/A,bw/so/yes/yes/d/629/fd/A,0.61
bw/so/yes/no/m/647/fd/A,bo/st/no/no/d/616/fd/U,0.27
bw/so/yes/no/m/647/fd/A,bw/so/no/yes/m/611/fd/U,0.58
bw/so/yes/no/m/647/fd/A,bo/so/no/no/d/618/fd/U,0.16
bw/so/yes/no/m/647/fd/A,bw/st/yes/yes/d/627/fd/A,0.31
bw/so/yes/no/m/647/fd/A,bo/mu/no/no/m/620/fd/U,0.21
bw/so/yes/no/m/647/fd/A,bw/st/yes/no/m/645/fd/A,0.29
bw/so/yes/no/m/647/fd/A,bo/so/yes/no/d/642/fd/A,0.76
bo/st/yes/no/d/640/fd/A,bo/so/no/yes/d/606/fd/U,0.06
bo/st/yes/no/d/640/fd/A,bw/st/yes/no/d/639/fd/A,0.4
bo/st/yes/no/d/640/fd/A,bw/mu/no/yes/d/601/fd/U,0.49
bo/st/yes/no/d/640/fd/A,bw/mu/yes/no/d/637/fd/A,0.49
bo/st/yes/no/d/640/fd/A,bo/mu/no/yes/m/608/fd/U,0.5
bo/st/yes/no/d/640/fd/A,bo/so/yes/yes/d/630/fd/A,0.5
bo/st/yes/no/d/640/fd/A,bo/st/no/no/d/664/fd/A,0.58
bo/st/yes/no/d/640/fd/A,bw/st/no/no/d/663/fd/A,0.38
bo/st/yes/no/d/640/fd/A,bw/mu/no/yes/m/655/fd/A,0.49
bo/st/yes/no/d/640/fd/A,bo/st/no/yes/d/652/fd/A,0.57
bo/st/yes/no/d/640/fd/A,bw/mu/yes/yes/m/631/fd/A,0.52
bo/st/yes/no/d/640/fd/A,bo/so/yes/yes/m/636/fd/A,0.5
bo/st/yes/no/d/640/fd/A,bw/st/no/yes/m/609/fd/U,0.54
bo/st/yes/no/d/640/fd/A,bo/so/yes/no/m/600/fd/U,0.36
bo/st/yes/no/d/640/fd/A,bw/mu/no/yes/m/607/fd/U,0.49
bo/st/yes/no/d/640/fd/A,bo/mu/yes/no/d/638/fd/A,0.57
bo/st/yes/no/d/640/fd/A,bw/so/no/yes/d/653/fd/A,0.43
bo/st/yes/no/d/640/fd/A,bo/so/no/yes/d/654/fd/A,0.06
bo/st/yes/no/d/640/fd/A,bo/mu/no/no/d/662/fd/A,0.43
bo/st/yes/no/d/640/fd/A,bw/so/no/no/d/665/fd/A,0.33
bo/st/yes/no/d/640/fd/A,bo/mu/yes/yes/d/578/fd/U,0.58
bo/st/yes/no/d/640/fd/A,bo/so/yes/yes/d/582/fd/U,0.5
bo/st/yes/no/d/640/fd/A,bw/st/yes/yes/m/585/fd/U,0.56
bo/st/yes/no/d/640/fd/A,bo/mu/yes/yes/m/584/fd/U,0.58
bo/st/yes/no/d/640/fd/A,bw/mu/yes/yes/m/583/fd/U,0.52
bo/st/yes/no/d/640/fd/A,bw/mu/yes/yes/d/577/fd/U,0.52
bo/st/yes/no/d/640/fd/A,bw/st/yes/yes/d/579/fd/U,0.56
bo/st/yes/no/d/640/fd/A,bo/mu/yes/no/d/590/fd/U,0.57
bo/st/yes/no/d/640/fd/A,bw/st/yes/no/m/597/fd/U,0.4
bo/st/yes/no/d/640/fd/A,bw/so/yes/no/m/599/fd/U,0.33
bo/st/yes/no/d/640/fd/A,bo/st/yes/no/m/598/fd/U,1.0
bo/st/yes/no/d/640/fd/A,bo/mu/yes/no/m/596/fd/U,0.57
bo/st/yes/no/d/640/fd/A,bw/st/yes/no/d/591/fd/U,0.4
bo/st/yes/no/d/640/fd/A,bw/so/yes/no/m/647/fd/A,0.33
bo/st/yes/no/d/640/fd/A,bo/st/yes/no/d/640/fd/A,1.0
bo/st/yes/no/d/640/fd/A,bw/mu/no/yes/d/649/fd/A,0.49
bo/st/yes/no/d/640/fd/A,bw/so/no/no/m/671/fd/A,0.33
bo/st/yes/no/d/640/fd/A,bw/mu/yes/yes/d/625/fd/A,0.52
bo/st/yes/no/d/640/fd/A,bo/st/no/no/m/622/fd/U,0.58
bo/st/yes/no/d/640/fd/A,bo/mu/no/no/d/614/fd/U,0.43
bo/st/yes/no/d/640/fd/A,bw/mu/no/no/d/613/fd/U,0.46
bo/st/yes/no/d/640/fd/A,bo/st/no/no/m/670/fd/A,0.58
bo/st/yes/no/d/640/fd/A,bo/so/yes/no/m/648/fd/A,0.36
bo/st/yes/no/d/640/fd/A,bw/so/yes/no/d/641/fd/A,0.33
bo/st/yes/no/d/640/fd/A,bo/st/yes/no/m/646/fd/A,1.0
bo/st/yes/no/d/640/fd/A,bo/so/no/yes/m/612/fd/U,0.06
bo/st/yes/no/d/640/fd/A,bw/st/no/no/d/615/fd/U,0.38
bo/st/yes/no/d/640/fd/A,bw/so/no/no/m/623/fd/U,0.33
bo/st/yes/no/d/640/fd/A,bo/so/no/no/m/624/fd/U,0.07
bo/st/yes/no/d/640/fd/A,bo/so/no/yes/m/660/fd/A,0.06
bo/st/yes/no/d/640/fd/A,bo/st/no/yes/m/658/fd/A,0.57
bo/st/yes/no/d/640/fd/A,bw/mu/no/no/m/667/fd/A,0.46
bo/st/yes/no/d/640/fd/A,bw/st/no/yes/d/651/fd/A,0.54
bo/st/yes/no/d/640/fd/A,bw/st/no/no/m/669/fd/A,0.38
bo/st/yes/no/d/640/fd/A,bo/mu/no/yes/m/656/fd/A,0.5
bo/st/yes/no/d/640/fd/A,bo/mu/no/yes/d/602/fd/U,0.5
bo/st/yes/no/d/640/fd/A,bw/so/no/yes/d/605/fd/U,0.43
bo/st/yes/no/d/640/fd/A,bw/st/yes/yes/m/633/fd/A,0.56
bo/st/yes/no/d/640/fd/A,bo/st/yes/yes/m/634/fd/A,0.87
bo/st/yes/no/d/640/fd/A,bo/mu/no/no/m/668/fd/A,0.43
bo/st/yes/no/d/640/fd/A,bw/st/no/yes/m/657/fd/A,0.54
bo/st/yes/no/d/640/fd/A,bo/mu/no/yes/d/650/fd/A,0.5
bo/st/yes/no/d/640/fd/A,bw/so/no/yes/m/659/fd/A,0.43
bo/st/yes/no/d/640/fd/A,bo/so/no/no/d/666/fd/A,0.07
bo/st/yes/no/d/640/fd/A,bw/mu/no/no/d/661/fd/A,0.46
bo/st/yes/no/d/640/fd/A,bw/so/yes/yes/m/635/fd/A,0.44
bo/st/yes/no/d/640/fd/A,bo/mu/yes/yes/m/632/fd/A,0.58
bo/st/yes/no/d/640/fd/A,bo/st/no/yes/d/604/fd/U,0.57
bo/st/yes/no/d/640/fd/A,bw/st/no/yes/d/603/fd/U,0.54
bo/st/yes/no/d/640/fd/A,bo/so/yes/yes/m/588/fd/U,0.5
bo/st/yes/no/d/640/fd/A,bo/st/yes/yes/m/586/fd/U,0.87
bo/st/yes/no/d/640/fd/A,bw/so/yes/yes/d/581/fd/U,0.44
bo/st/yes/no/d/640/fd/A,bo/st/yes/yes/d/580/fd/U,0.87
bo/st/yes/no/d/640/fd/A,bw/so/yes/yes/m/587/fd/U,0.44
bo/st/yes/no/d/640/fd/A,bw/mu/yes/no/d/589/fd/U,0.49
bo/st/yes/no/d/640/fd/A,bo/so/yes/no/d/594/fd/U,0.36
bo/st/yes/no/d/640/fd/A,bw/so/yes/no/d/593/fd/U,0.33
bo/st/yes/no/d/640/fd/A,bo/st/yes/no/d/592/fd/U,1.0
bo/st/yes/no/d/640/fd/A,bw/mu/yes/no/m/595/fd/U,0.49
bo/st/yes/no/d/640/fd/A,bw/st/no/no/m/621/fd/U,0.38
bo/st/yes/no/d/640/fd/A,bw/mu/no/no/m/619/fd/U,0.46
bo/st/yes/no/d/640/fd/A,bo/mu/yes/yes/d/626/fd/A,0.58
bo/st/yes/no/d/640/fd/A,bo/st/no/yes/m/610/fd/U,0.57
bo/st/yes/no/d/640/fd/A,bo/st/yes/yes/d/628/fd/A,0.87
bo/st/yes/no/d/640/fd/A,bw/so/no/no/d/617/fd/U,0.33
bo/st/yes/no/d/640/fd/A,bw/mu/yes/no/m/643/fd/A,0.49
bo/st/yes/no/d/640/fd/A,bo/mu/yes/no/m/644/fd/A,0.57
bo/st/yes/no/d/640/fd/A,bo/so/no/no/m/672/fd/A,0.07
bo/st/yes/no/d/640/fd/A,bw/so/yes/yes/d/629/fd/A,0.44
bo/st/yes/no/d/640/fd/A,bo/st/no/no/d/616/fd/U,0.58
bo/st/yes/no/d/640/fd/A,bw/so/no/yes/m/611/fd/U,0.43
bo/st/yes/no/d/640/fd/A,bo/so/no/no/d/618/fd/U,0.07
bo/st/yes/no/d/640/fd/A,bw/st/yes/yes/d/627/fd/A,0.56
bo/st/yes/no/d/640/fd/A,bo/mu/no/no/m/620/fd/U,0.43
bo/st/yes/no/d/640/fd/A,bw/st/yes/no/m/645/fd/A,0.4
bo/st/yes/no/d/640/fd/A,bo/so/yes/no/d/642/fd/A,0.36
bw/mu/no/yes/d/649/fd/A,bo/so/no/yes/d/606/fd/U,0.04
bw/mu/no/yes/d/649/fd/A,bw/st/yes/no/d/639/fd/A,0.35
bw/mu/no/yes/d/649/fd/A,bw/mu/no/yes/d/601/fd/U,1.0
bw/mu/no/yes/d/649/fd/A,bw/mu/yes/no/d/637/fd/A,0.83
bw/mu/no/yes/d/649/fd/A,bo/mu/no/yes/m/608/fd/U,0.64
bw/mu/no/yes/d/649/fd/A,bo/so/yes/yes/d/630/fd/A,0.34
bw/mu/no/yes/d/649/fd/A,bo/st/no/no/d/664/fd/A,0.46
bw/mu/no/yes/d/649/fd/A,bw/st/no/no/d/663/fd/A,0.34
bw/mu/no/yes/d/649/fd/A,bw/mu/no/yes/m/655/fd/A,1.0
bw/mu/no/yes/d/649/fd/A,bo/st/no/yes/d/652/fd/A,0.49
bw/mu/no/yes/d/649/fd/A,bw/mu/yes/yes/m/631/fd/A,0.89
bw/mu/no/yes/d/649/fd/A,bo/so/yes/yes/m/636/fd/A,0.34
bw/mu/no/yes/d/649/fd/A,bw/st/no/yes/m/609/fd/U,0.46
bw/mu/no/yes/d/649/fd/A,bo/so/yes/no/m/600/fd/U,0.25
bw/mu/no/yes/d/649/fd/A,bw/mu/no/yes/m/607/fd/U,1.0
bw/mu/no/yes/d/649/fd/A,bo/mu/yes/no/d/638/fd/A,0.73
bw/mu/no/yes/d/649/fd/A,bw/so/no/yes/d/653/fd/A,0.32
bw/mu/no/yes/d/649/fd/A,bo/so/no/yes/d/654/fd/A,0.04
bw/mu/no/yes/d/649/fd/A,bo/mu/no/no/d/662/fd/A,0.57
bw/mu/no/yes/d/649/fd/A,bw/so/no/no/d/665/fd/A,0.25
bw/mu/no/yes/d/649/fd/A,bo/mu/yes/yes/d/578/fd/U,0.71
bw/mu/no/yes/d/649/fd/A,bo/so/yes/yes/d/582/fd/U,0.34
bw/mu/no/yes/d/649/fd/A,bw/st/yes/yes/m/585/fd/U,0.46
bw/mu/no/yes/d/649/fd/A,bo/mu/yes/yes/m/584/fd/U,0.71
bw/mu/no/yes/d/649/fd/A,bw/mu/yes/yes/m/583/fd/U,0.89
bw/mu/no/yes/d/649/fd/A,bw/mu/yes/yes/d/577/fd/U,0.89
bw/mu/no/yes/d/649/fd/A,bw/st/yes/yes/d/579/fd/U,0.46
bw/mu/no/yes/d/649/fd/A,bo/mu/yes/no/d/590/fd/U,0.73
bw/mu/no/yes/d/649/fd/A,bw/st/yes/no/m/597/fd/U,0.35
bw/mu/no/yes/d/649/fd/A,bw/so/yes/no/m/599/fd/U,0.24
bw/mu/no/yes/d/649/fd/A,bo/st/yes/no/m/598/fd/U,0.49
bw/mu/no/yes/d/649/fd/A,bo/mu/yes/no/m/596/fd/U,0.73
bw/mu/no/yes/d/649/fd/A,bw/st/yes/no/d/591/fd/U,0.35
bw/mu/no/yes/d/649/fd/A,bw/so/yes/no/m/647/fd/A,0.24
bw/mu/no/yes/d/649/fd/A,bo/st/yes/no/d/640/fd/A,0.49
bw/mu/no/yes/d/649/fd/A,bw/mu/no/yes/d/649/fd/A,1.0
bw/mu/no/yes/d/649/fd/A,bw/so/no/no/m/671/fd/A,0.25
bw/mu/no/yes/d/649/fd/A,bw/mu/yes/yes/d/625/fd/A,0.89
bw/mu/no/yes/d/649/fd/A,bo/st/no/no/m/622/fd/U,0.46
bw/mu/no/yes/d/649/fd/A,bo/mu/no/no/d/614/fd/U,0.57
bw/mu/no/yes/d/649/fd/A,bw/mu/no/no/d/613/fd/U,0.86
bw/mu/no/yes/d/649/fd/A,bo/st/no/no/m/670/fd/A,0.46
bw/mu/no/yes/d/649/fd/A,bo/so/yes/no/m/648/fd/A,0.25
bw/mu/no/yes/d/649/fd/A,bw/so/yes/no/d/641/fd/A,0.24
bw/mu/no/yes/d/649/fd/A,bo/st/yes/no/m/646/fd/A,0.49
bw/mu/no/yes/d/649/fd/A,bo/so/no/yes/m/612/fd/U,0.04
bw/mu/no/yes/d/649/fd/A,bw/st/no/no/d/615/fd/U,0.34
bw/mu/no/yes/d/649/fd/A,bw/so/no/no/m/623/fd/U,0.25
bw/mu/no/yes/d/649/fd/A,bo/so/no/no/m/624/fd/U,0.04
bw/mu/no/yes/d/649/fd/A,bo/so/no/yes/m/660/fd/A,0.04
bw/mu/no/yes/d/649/fd/A,bo/st/no/yes/m/658/fd/A,0.49
bw/mu/no/yes/d/649/fd/A,bw/mu/no/no/m/667/fd/A,0.86
bw/mu/no/yes/d/649/fd/A,bw/st/no/yes/d/651/fd/A,0.46
bw/mu/no/yes/d/649/fd/A,bw/st/no/no/m/669/fd/A,0.34
bw/mu/no/yes/d/649/fd/A,bo/mu/no/yes/m/656/fd/A,0.64
bw/mu/no/yes/d/649/fd/A,bo/mu/no/yes/d/602/fd/U,0.64
bw/mu/no/yes/d/649/fd/A,bw/so/no/yes/d/605/fd/U,0.32
bw/mu/no/yes/d/649/fd/A,bw/st/yes/yes/m/633/fd/A,0.46
bw/mu/no/yes/d/649/fd/A,bo/st/yes/yes/m/634/fd/A,0.51
bw/mu/no/yes/d/649/fd/A,bo/mu/no/no/m/668/fd/A,0.57
bw/mu/no/yes/d/649/fd/A,bw/st/no/yes/m/657/fd/A,0.46
bw/mu/no/yes/d/649/fd/A,bo/mu/no/yes/d/650/fd/A,0.64
bw/mu/no/yes/d/649/fd/A,bw/so/no/yes/m/659/fd/A,0.32
bw/mu/no/yes/d/649/fd/A,bo/so/no/no/d/666/fd/A,0.04
bw/mu/no/yes/d/649/fd/A,bw/mu/no/no/d/661/fd/A,0.86
bw/mu/no/yes/d/649/fd/A,bw/so/yes/yes/m/635/fd/A,0.31
bw/mu/no/yes/d/649/fd/A,bo/mu/yes/yes/m/632/fd/A,0.71
bw/mu/no/yes/d/649/fd/A,bo/st/no/yes/d/604/fd/U,0.49
bw/mu/no/yes/d/649/fd/A,bw/st/no/yes/d/603/fd/U,0.46
bw/mu/no/yes/d/649/fd/A,bo/so/yes/yes/m/588/fd/U,0.34
bw/mu/no/yes/d/649/fd/A,bo/st/yes/yes/m/586/fd/U,0.51
bw/mu/no/yes/d/649/fd/A,bw/so/yes/yes/d/581/fd/U,0.31
bw/mu/no/yes/d/649/fd/A,bo/st/yes/yes/d/580/fd/U,0.51
bw/mu/no/yes/d/649/fd/A,bw/so/yes/yes/m/587/fd/U,0.31
bw/mu/no/yes/d/649/fd/A,bw/mu/yes/no/d/589/fd/U,0.83
bw/mu/no/yes/d/649/fd/A,bo/so/yes/no/d/594/fd/U,0.25
bw/mu/no/yes/d/649/fd/A,bw/so/yes/no/d/593/fd/U,0.24
bw/mu/no/yes/d/649/fd/A,bo/st/yes/no/d/592/fd/U,0.49
bw/mu/no/yes/d/649/fd/A,bw/mu/yes/no/m/595/fd/U,0.83
bw/mu/no/yes/d/649/fd/A,bw/st/no/no/m/621/fd/U,0.34
bw/mu/no/yes/d/649/fd/A,bw/mu/no/no/m/619/fd/U,0.86
bw/mu/no/yes/d/649/fd/A,bo/mu/yes/yes/d/626/fd/A,0.71
bw/mu/no/yes/d/649/fd/A,bo/st/no/yes/m/610/fd/U,0.49
bw/mu/no/yes/d/649/fd/A,bo/st/yes/yes/d/628/fd/A,0.51
bw/mu/no/yes/d/649/fd/A,bw/so/no/no/d/617/fd/U,0.25
bw/mu/no/yes/d/649/fd/A,bw/mu/yes/no/m/643/fd/A,0.83
bw/mu/no/yes/d/649/fd/A,bo/mu/yes/no/m/644/fd/A,0.73
bw/mu/no/yes/d/649/fd/A,bo/so/no/no/m/672/fd/A,0.04
bw/mu/no/yes/d/649/fd/A,bw/so/yes/yes/d/629/fd/A,0.31
bw/mu/no/yes/d/649/fd/A,bo/st/no/no/d/616/fd/U,0.46
bw/mu/no/yes/d/649/fd/A,bw/so/no/yes/m/611/fd/U,0.32
bw/mu/no/yes/d/649/fd/A,bo/so/no/no/d/618/fd/U,0.04
bw/mu/no/yes/d/649/fd/A,bw/st/yes/yes/d/627/fd/A,0.46
bw/mu/no/yes/d/649/fd/A,bo/mu/no/no/m/620/fd/U,0.57
bw/mu/no/yes/d/649/fd/A,bw/st/yes/no/m/645/fd/A,0.35
bw/mu/no/yes/d/649/fd/A,bo/so/yes/no/d/642/fd/A,0.25
bw/so/no/no/m/671/fd/A,bo/so/no/yes/d/606/fd/U,0.1
bw/so/no/no/m/671/fd/A,bw/st/yes/no/d/639/fd/A,0.28
bw/so/no/no/m/671/fd/A,bw/mu/no/yes/d/601/fd/U,0.25
bw/so/no/no/m/671/fd/A,bw/mu/yes/no/d/637/fd/A,0.25
bw/so/no/no/m/671/fd/A,bo/mu/no/yes/m/608/fd/U,0.24
bw/so/no/no/m/671/fd/A,bo/so/yes/yes/d/630/fd/A,0.46
bw/so/no/no/m/671/fd/A,bo/st/no/no/d/664/fd/A,0.29
bw/so/no/no/m/671/fd/A,bw/st/no/no/d/663/fd/A,0.28
bw/so/no/no/m/671/fd/A,bw/mu/no/yes/m/655/fd/A,0.25
bw/so/no/no/m/671/fd/A,bo/st/no/yes/d/652/fd/A,0.26
bw/so/no/no/m/671/fd/A,bw/mu/yes/yes/m/631/fd/A,0.26
bw/so/no/no/m/671/fd/A,bo/so/yes/yes/m/636/fd/A,0.46
bw/so/no/no/m/671/fd/A,bw/st/no/yes/m/609/fd/U,0.31
bw/so/no/no/m/671/fd/A,bo/so/yes/no/m/600/fd/U,0.71
bw/so/no/no/m/671/fd/A,bw/mu/no/yes/m/607/fd/U,0.25
bw/so/no/no/m/671/fd/A,bo/mu/yes/no/d/638/fd/A,0.26
bw/so/no/no/m/671/fd/A,bw/so/no/yes/d/653/fd/A,0.64
bw/so/no/no/m/671/fd/A,bo/so/no/yes/d/654/fd/A,0.1
bw/so/no/no/m/671/fd/A,bo/mu/no/no/d/662/fd/A,0.22
bw/so/no/no/m/671/fd/A,bw/so/no/no/d/665/fd/A,1.0
bw/so/no/no/m/671/fd/A,bo/mu/yes/yes/d/578/fd/U,0.27
bw/so/no/no/m/671/fd/A,bo/so/yes/yes/d/582/fd/U,0.46
bw/so/no/no/m/671/fd/A,bw/st/yes/yes/m/585/fd/U,0.31
bw/so/no/no/m/671/fd/A,bo/mu/yes/yes/m/584/fd/U,0.27
bw/so/no/no/m/671/fd/A,bw/mu/yes/yes/m/583/fd/U,0.26
bw/so/no/no/m/671/fd/A,bw/mu/yes/yes/d/577/fd/U,0.26
bw/so/no/no/m/671/fd/A,bw/st/yes/yes/d/579/fd/U,0.31
bw/so/no/no/m/671/fd/A,bo/mu/yes/no/d/590/fd/U,0.26
bw/so/no/no/m/671/fd/A,bw/st/yes/no/m/597/fd/U,0.28
bw/so/no/no/m/671/fd/A,bw/so/yes/no/m/599/fd/U,0.87
bw/so/no/no/m/671/fd/A,bo/st/yes/no/m/598/fd/U,0.33
bw/so/no/no/m/671/fd/A,bo/mu/yes/no/m/596/fd/U,0.26
bw/so/no/no/m/671/fd/A,bw/st/yes/no/d/591/fd/U,0.28
bw/so/no/no/m/671/fd/A,bw/so/yes/no/m/647/fd/A,0.87
bw/so/no/no/m/671/fd/A,bo/st/yes/no/d/640/fd/A,0.33
bw/so/no/no/m/671/fd/A,bw/mu/no/yes/d/649/fd/A,0.25
bw/so/no/no/m/671/fd/A,bw/so/no/no/m/671/fd/A,1.0
bw/so/no/no/m/671/fd/A,bw/mu/yes/yes/d/625/fd/A,0.26
bw/so/no/no/m/671/fd/A,bo/st/no/no/m/622/fd/U,0.29
bw/so/no/no/m/671/fd/A,bo/mu/no/no/d/614/fd/U,0.22
bw/so/no/no/m/671/fd/A,bw/mu/no/no/d/613/fd/U,0.25
bw/so/no/no/m/671/fd/A,bo/st/no/no/m/670/fd/A,0.29
bw/so/no/no/m/671/fd/A,bo/so/yes/no/m/648/fd/A,0.71
bw/so/no/no/m/671/fd/A,bw/so/yes/no/d/641/fd/A,0.87
bw/so/no/no/m/671/fd/A,bo/st/yes/no/m/646/fd/A,0.33
bw/so/no/no/m/671/fd/A,bo/so/no/yes/m/612/fd/U,0.1
bw/so/no/no/m/671/fd/A,bw/st/no/no/d/615/fd/U,0.28
bw/so/no/no/m/671/fd/A,bw/so/no/no/m/623/fd/U,1.0
bw/so/no/no/m/671/fd/A,bo/so/no/no/m/624/fd/U,0.17
bw/so/no/no/m/671/fd/A,bo/so/no/yes/m/660/fd/A,0.1
bw/so/no/no/m/671/fd/A,bo/st/no/yes/m/658/fd/A,0.26
bw/so/no/no/m/671/fd/A,bw/mu/no/no/m/667/fd/A,0.25
bw/so/no/no/m/671/fd/A,bw/st/no/yes/d/651/fd/A,0.31
bw/so/no/no/m/671/fd/A,bw/st/no/no/m/669/fd/A,0.28
bw/so/no/no/m/671/fd/A,bo/mu/no/yes/m/656/fd/A,0.24
bw/so/no/no/m/671/fd/A,bo/mu/no/yes/d/602/fd/U,0.24
bw/so/no/no/m/671/fd/A,bw/so/no/yes/d/605/fd/U,0.64
bw/so/no/no/m/671/fd/A,bw/st/yes/yes/m/633/fd/A,0.31
bw/so/no/no/m/671/fd/A,bo/st/yes/yes/m/634/fd/A,0.31
bw/so/no/no/m/671/fd/A,bo/mu/no/no/m/668/fd/A,0.22
bw/so/no/no/m/671/fd/A,bw/st/no/yes/m/657/fd/A,0.31
bw/so/no/no/m/671/fd/A,bo/mu/no/yes/d/650/fd/A,0.24
bw/so/no/no/m/671/fd/A,bw/so/no/yes/m/659/fd/A,0.64
bw/so/no/no/m/671/fd/A,bo/so/no/no/d/666/fd/A,0.17
bw/so/no/no/m/671/fd/A,bw/mu/no/no/d/661/fd/A,0.25
bw/so/no/no/m/671/fd/A,bw/so/yes/yes/m/635/fd/A,0.58
bw/so/no/no/m/671/fd/A,bo/mu/yes/yes/m/632/fd/A,0.27
bw/so/no/no/m/671/fd/A,bo/st/no/yes/d/604/fd/U,0.26
bw/so/no/no/m/671/fd/A,bw/st/no/yes/d/603/fd/U,0.31
bw/so/no/no/m/671/fd/A,bo/so/yes/yes/m/588/fd/U,0.46
bw/so/no/no/m/671/fd/A,bo/st/yes/yes/m/586/fd/U,0.31
bw/so/no/no/m/671/fd/A,bw/so/yes/yes/d/581/fd/U,0.58
bw/so/no/no/m/671/fd/A,bo/st/yes/yes/d/580/fd/U,0.31
bw/so/no/no/m/671/fd/A,bw/so/yes/yes/m/587/fd/U,0.58
bw/so/no/no/m/671/fd/A,bw/mu/yes/no/d/589/fd/U,0.25
bw/so/no/no/m/671/fd/A,bo/so/yes/no/d/594/fd/U,0.71
bw/so/no/no/m/671/fd/A,bw/so/yes/no/d/593/fd/U,0.87
bw/so/no/no/m/671/fd/A,bo/st/yes/no/d/592/fd/U,0.33
bw/so/no/no/m/671/fd/A,bw/mu/yes/no/m/595/fd/U,0.25
bw/so/no/no/m/671/fd/A,bw/st/no/no/m/621/fd/U,0.28
bw/so/no/no/m/671/fd/A,bw/mu/no/no/m/619/fd/U,0.25
bw/so/no/no/m/671/fd/A,bo/mu/yes/yes/d/626/fd/A,0.27
bw/so/no/no/m/671/fd/A,bo/st/no/yes/m/610/fd/U,0.26
bw/so/no/no/m/671/fd/A,bo/st/yes/yes/d/628/fd/A,0.31
bw/so/no/no/m/671/fd/A,bw/so/no/no/d/617/fd/U,1.0
bw/so/no/no/m/671/fd/A,bw/mu/yes/no/m/643/fd/A,0.25
bw/so/no/no/m/671/fd/A,bo/mu/yes/no/m/644/fd/A,0.26
bw/so/no/no/m/671/fd/A,bo/so/no/no/m/672/fd/A,0.17
bw/so/no/no/m/671/fd/A,bw/so/yes/yes/d/629/fd/A,0.58
bw/so/no/no/m/671/fd/A,bo/st/no/no/d/616/fd/U,0.29
bw/so/no/no/m/671/fd/A,bw/so/no/yes/m/611/fd/U,0.64
bw/so/no/no/m/671/fd/A,bo/so/no/no/d/618/fd/U,0.17
bw/so/no/no/m/671/fd/A,bw/st/yes/yes/d/627/fd/A,0.31
bw/so/no/no/m/671/fd/A,bo/mu/no/no/m/620/fd/U,0.22
bw/so/no/no/m/671/fd/A,bw/st/yes/no/m/645/fd/A,0.28
bw/so/no/no/m/671/fd/A,bo/so/yes/no/d/642/fd/A,0.71
bw/mu/yes/yes/d/625/fd/A,bo/so/no/yes/d/606/fd/U,0.04
bw/mu/yes/yes/d/625/fd/A,bw/st/yes/no/d/639/fd/A,0.36
bw/mu/yes/yes/d/625/fd/A,bw/mu/no/yes/d/601/fd/U,0.89
bw/mu/yes/yes/d/625/fd/A,bw/mu/yes/no/d/637/fd/A,0.89
bw/mu/yes/yes/d/625/fd/A,bo/mu/no/yes/m/608/fd/U,0.68
bw/mu/yes/yes/d/625/fd/A,bo/so/yes/yes/d/630/fd/A,0.35
bw/mu/yes/yes/d/625/fd/A,bo/st/no/no/d/664/fd/A,0.5
bw/mu/yes/yes/d/625/fd/A,bw/st/no/no/d/663/fd/A,0.35
bw/mu/yes/yes/d/625/fd/A,bw/mu/no/yes/m/655/fd/A,0.89
bw/mu/yes/yes/d/625/fd/A,bo/st/no/yes/d/652/fd/A,0.53
bw/mu/yes/yes/d/625/fd/A,bw/mu/yes/yes/m/631/fd/A,1.0
bw/mu/yes/yes/d/625/fd/A,bo/so/yes/yes/m/636/fd/A,0.35
bw/mu/yes/yes/d/625/fd/A,bw/st/no/yes/m/609/fd/U,0.48
bw/mu/yes/yes/d/625/fd/A,bo/so/yes/no/m/600/fd/U,0.26
bw/mu/yes/yes/d/625/fd/A,bw/mu/no/yes/m/607/fd/U,0.89
bw/mu/yes/yes/d/625/fd/A,bo/mu/yes/no/d/638/fd/A,0.8
bw/mu/yes/yes/d/625/fd/A,bw/so/no/yes/d/653/fd/A,0.33
bw/mu/yes/yes/d/625/fd/A,bo/so/no/yes/d/654/fd/A,0.04
bw/mu/yes/yes/d/625/fd/A,bo/mu/no/no/d/662/fd/A,0.6
bw/mu/yes/yes/d/625/fd/A,bw/so/no/no/d/665/fd/A,0.26
bw/mu/yes/yes/d/625/fd/A,bo/mu/yes/yes/d/578/fd/U,0.77
bw/mu/yes/yes/d/625/fd/A,bo/so/yes/yes/d/582/fd/U,0.35
bw/mu/yes/yes/d/625/fd/A,bw/st/yes/yes/m/585/fd/U,0.48
bw/mu/yes/yes/d/625/fd/A,bo/mu/yes/yes/m/584/fd/U,0.77
bw/mu/yes/yes/d/625/fd/A,bw/mu/yes/yes/m/583/fd/U,1.0
bw/mu/yes/yes/d/625/fd/A,bw/mu/yes/yes/d/577/fd/U,1.0
bw/mu/yes/yes/d/625/fd/A,bw/st/yes/yes/d/579/fd/U,0.48
bw/mu/yes/yes/d/625/fd/A,bo/mu/yes/no/d/590/fd/U,0.8
bw/mu/yes/yes/d/625/fd/A,bw/st/yes/no/m/597/fd/U,0.36
bw/mu/yes/yes/d/625/fd/A,bw/so/yes/no/m/599/fd/U,0.25
bw/mu/yes/yes/d/625/fd/A,bo/st/yes/no/m/598/fd/U,0.52
bw/mu/yes/yes/d/625/fd/A,bo/mu/yes/no/m/596/fd/U,0.8
bw/mu/yes/yes/d/625/fd/A,bw/st/yes/no/d/591/fd/U,0.36
bw/mu/yes/yes/d/625/fd/A,bw/so/yes/no/m/647/fd/A,0.25
bw/mu/yes/yes/d/625/fd/A,bo/st/yes/no/d/640/fd/A,0.52
bw/mu/yes/yes/d/625/fd/A,bw/mu/no/yes/d/649/fd/A,0.89
bw/mu/yes/yes/d/625/fd/A,bw/so/no/no/m/671/fd/A,0.26
bw/mu/yes/yes/d/625/fd/A,bw/mu/yes/yes/d/625/fd/A,1.0
bw/mu/yes/yes/d/625/fd/A,bo/st/no/no/m/622/fd/U,0.5
bw/mu/yes/yes/d/625/fd/A,bo/mu/no/no/d/614/fd/U,0.6
bw/mu/yes/yes/d/625/fd/A,bw/mu/no/no/d/613/fd/U,0.8
bw/mu/yes/yes/d/625/fd/A,bo/st/no/no/m/670/fd/A,0.5
bw/mu/yes/yes/d/625/fd/A,bo/so/yes/no/m/648/fd/A,0.26
bw/mu/yes/yes/d/625/fd/A,bw/so/yes/no/d/641/fd/A,0.25
bw/mu/yes/yes/d/625/fd/A,bo/st/yes/no/m/646/fd/A,0.52
bw/mu/yes/yes/d/625/fd/A,bo/so/no/yes/m/612/fd/U,0.04
bw/mu/yes/yes/d/625/fd/A,bw/st/no/no/d/615/fd/U,0.35
bw/mu/yes/yes/d/625/fd/A,bw/so/no/no/m/623/fd/U,0.26
bw/mu/yes/yes/d/625/fd/A,bo/so/no/no/m/624/fd/U,0.04
bw/mu/yes/yes/d/625/fd/A,bo/so/no/yes/m/660/fd/A,0.04
bw/mu/yes/yes/d/625/fd/A,bo/st/no/yes/m/658/fd/A,0.53
bw/mu/yes/yes/d/625/fd/A,bw/mu/no/no/m/667/fd/A,0.8
bw/mu/yes/yes/d/625/fd/A,bw/st/no/yes/d/651/fd/A,0.48
bw/mu/yes/yes/d/625/fd/A,bw/st/no/no/m/669/fd/A,0.35
bw/mu/yes/yes/d/625/fd/A,bo/mu/no/yes/m/656/fd/A,0.68
bw/mu/yes/yes/d/625/fd/A,bo/mu/no/yes/d/602/fd/U,0.68
bw/mu/yes/yes/d/625/fd/A,bw/so/no/yes/d/605/fd/U,0.33
bw/mu/yes/yes/d/625/fd/A,bw/st/yes/yes/m/633/fd/A,0.48
bw/mu/yes/yes/d/625/fd/A,bo/st/yes/yes/m/634/fd/A,0.55
bw/mu/yes/yes/d/625/fd/A,bo/mu/no/no/m/668/fd/A,0.6
bw/mu/yes/yes/d/625/fd/A,bw/st/no/yes/m/657/fd/A,0.48
bw/mu/yes/yes/d/625/fd/A,bo/mu/no/yes/d/650/fd/A,0.68
bw/mu/yes/yes/d/625/fd/A,bw/so/no/yes/m/659/fd/A,0.33
bw/mu/yes/yes/d/625/fd/A,bo/so/no/no/d/666/fd/A,0.04
bw/mu/yes/yes/d/625/fd/A,bw/mu/no/no/d/661/fd/A,0.8
bw/mu/yes/yes/d/625/fd/A,bw/so/yes/yes/m/635/fd/A,0.32
bw/mu/yes/yes/d/625/fd/A,bo/mu/yes/yes/m/632/fd/A,0.77
bw/mu/yes/yes/d/625/fd/A,bo/st/no/yes/d/604/fd/U,0.53
bw/mu/yes/yes/d/625/fd/A,bw/st/no/yes/d/603/fd/U,0.48
bw/mu/yes/yes/d/625/fd/A,bo/so/yes/yes/m/588/fd/U,0.35
bw/mu/yes/yes/d/625/fd/A,bo/st/yes/yes/m/586/fd/U,0.55
bw/mu/yes/yes/d/625/fd/A,bw/so/yes/yes/d/581/fd/U,0.32
bw/mu/yes/yes/d/625/fd/A,bo/st/yes/yes/d/580/fd/U,0.55
bw/mu/yes/yes/d/625/fd/A,bw/so/yes/yes/m/587/fd/U,0.32
bw/mu/yes/yes/d/625/fd/A,bw/mu/yes/no/d/589/fd/U,0.89
bw/mu/yes/yes/d/625/fd/A,bo/so/yes/no/d/594/fd/U,0.26
bw/mu/yes/yes/d/625/fd/A,bw/so/yes/no/d/593/fd/U,0.25
bw/mu/yes/yes/d/625/fd/A,bo/st/yes/no/d/592/fd/U,0.52
bw/mu/yes/yes/d/625/fd/A,bw/mu/yes/no/m/595/fd/U,0.89
bw/mu/yes/yes/d/625/fd/A,bw/st/no/no/m/621/fd/U,0.35
bw/mu/yes/yes/d/625/fd/A,bw/mu/no/no/m/619/fd/U,0.8
bw/mu/yes/yes/d/625/fd/A,bo/mu/yes/yes/d/626/fd/A,0.77
bw/mu/yes/yes/d/625/fd/A,bo/st/no/yes/m/610/fd/U,0.53
bw/mu/yes/yes/d/625/fd/A,bo/st/yes/yes/d/628/fd/A,0.55
bw/mu/yes/yes/d/625/fd/A,bw/so/no/no/d/617/fd/U,0.26
bw/mu/yes/yes/d/625/fd/A,bw/mu/yes/no/m/643/fd/A,0.89
bw/mu/yes/yes/d/625/fd/A,bo/mu/yes/no/m/644/fd/A,0.8
bw/mu/yes/yes/d/625/fd/A,bo/so/no/no/m/672/fd/A,0.04
bw/mu/yes/yes/d/625/fd/A,bw/so/yes/yes/d/629/fd/A,0.32
bw/mu/yes/yes/d/625/fd/A,bo/st/no/no/d/616/fd/U,0.5
bw/mu/yes/yes/d/625/fd/A,bw/so/no/yes/m/611/fd/U,0.33
bw/mu/yes/yes/d/625/fd/A,bo/so/no/no/d/618/fd/U,0.04
bw/mu/yes/yes/d/625/fd/A,bw/st/yes/yes/d/627/fd/A,0.48
bw/mu/yes/yes/d/625/fd/A,bo/mu/no/no/m/620/fd/U,0.6
bw/mu/yes/yes/d/625/fd/A,bw/st/yes/no/m/645/fd/A,0.36
bw/mu/yes/yes/d/625/fd/A,bo/so/yes/no/d/642/fd/A,0.26
bo/st/no/no/m/622/fd/U,bo/so/no/yes/d/606/fd/U,0.07
bo/st/no/no/m/622/fd/U,bw/st/yes/no/d/639/fd/A,0.28
bo/st/no/no/m/622/fd/U,bw/mu/no/yes/d/601/fd/U,0.46
bo/st/no/no/m/622/fd/U,bw/mu/yes/no/d/637/fd/A,0.47
bo/st/no/no/m/622/fd/U,bo/mu/no/yes/m/608/fd/U,0.54
bo/st/no/no/m/622/fd/U,bo/so/yes/yes/d/630/fd/A,0.41
bo/st/no/no/m/622/fd/U,bo/st/no/no/d/664/fd/A,1.0
bo/st/no/no/m/622/fd/U,bw/st/no/no/d/663/fd/A,0.28
bo/st/no/no/m/622/fd/U,bw/mu/no/yes/m/655/fd/A,0.46
bo/st/no/no/m/622/fd/U,bo/st/no/yes/d/652/fd/A,0.84
bo/st/no/no/m/622/fd/U,bw/mu/yes/yes/m/631/fd/A,0.5
bo/st/no/no/m/622/fd/U,bo/so/yes/yes/m/636/fd/A,0.41
bo/st/no/no/m/622/fd/U,bw/st/no/yes/m/609/fd/U,0.4
bo/st/no/no/m/622/fd/U,bo/so/yes/no/m/600/fd/U,0.29
bo/st/no/no/m/622/fd/U,bw/mu/no/yes/m/607/fd/U,0.46
bo/st/no/no/m/622/fd/U,bo/mu/yes/no/d/638/fd/A,0.55
bo/st/no/no/m/622/fd/U,bw/so/no/yes/d/653/fd/A,0.37
bo/st/no/no/m/622/fd/U,bo/so/no/yes/d/654/fd/A,0.07
bo/st/no/no/m/622/fd/U,bo/mu/no/no/d/662/fd/A,0.45
bo/st/no/no/m/622/fd/U,bw/so/no/no/d/665/fd/A,0.29
bo/st/no/no/m/622/fd/U,bo/mu/yes/yes/d/578/fd/U,0.57
bo/st/no/no/m/622/fd/U,bo/so/yes/yes/d/582/fd/U,0.41
bo/st/no/no/m/622/fd/U,bw/st/yes/yes/m/585/fd/U,0.39
bo/st/no/no/m/622/fd/U,bo/mu/yes/yes/m/584/fd/U,0.57
bo/st/no/no/m/622/fd/U,bw/mu/yes/yes/m/583/fd/U,0.5
bo/st/no/no/m/622/fd/U,bw/mu/yes/yes/d/577/fd/U,0.5
bo/st/no/no/m/622/fd/U,bw/st/yes/yes/d/579/fd/U,0.39
bo/st/no/no/m/622/fd/U,bo/mu/yes/no/d/590/fd/U,0.55
bo/st/no/no/m/622/fd/U,bw/st/yes/no/m/597/fd/U,0.28
bo/st/no/no/m/622/fd/U,bw/so/yes/no/m/599/fd/U,0.27
bo/st/no/no/m/622/fd/U,bo/st/yes/no/m/598/fd/U,0.58
bo/st/no/no/m/622/fd/U,bo/mu/yes/no/m/596/fd/U,0.55
bo/st/no/no/m/622/fd/U,bw/st/yes/no/d/591/fd/U,0.28
bo/st/no/no/m/622/fd/U,bw/so/yes/no/m/647/fd/A,0.27
bo/st/no/no/m/622/fd/U,bo/st/yes/no/d/640/fd/A,0.58
bo/st/no/no/m/622/fd/U,bw/mu/no/yes/d/649/fd/A,0.46
bo/st/no/no/m/622/fd/U,bw/so/no/no/m/671/fd/A,0.29
bo/st/no/no/m/622/fd/U,bw/mu/yes/yes/d/625/fd/A,0.5
bo/st/no/no/m/622/fd/U,bo/st/no/no/m/622/fd/U,1.0
bo/st/no/no/m/622/fd/U,bo/mu/no/no/d/614/fd/U,0.45
bo/st/no/no/m/622/fd/U,bw/mu/no/no/d/613/fd/U,0.44
bo/st/no/no/m/622/fd/U,bo/st/no/no/m/670/fd/A,1.0
bo/st/no/no/m/622/fd/U,bo/so/yes/no/m/648/fd/A,0.29
bo/st/no/no/m/622/fd/U,bw/so/yes/no/d/641/fd/A,0.27
bo/st/no/no/m/622/fd/U,bo/st/yes/no/m/646/fd/A,0.58
bo/st/no/no/m/622/fd/U,bo/so/no/yes/m/612/fd/U,0.07
bo/st/no/no/m/622/fd/U,bw/st/no/no/d/615/fd/U,0.28
bo/st/no/no/m/622/fd/U,bw/so/no/no/m/623/fd/U,0.29
bo/st/no/no/m/622/fd/U,bo/so/no/no/m/624/fd/U,0.08
bo/st/no/no/m/622/fd/U,bo/so/no/yes/m/660/fd/A,0.07
bo/st/no/no/m/622/fd/U,bo/st/no/yes/m/658/fd/A,0.84
bo/st/no/no/m/622/fd/U,bw/mu/no/no/m/667/fd/A,0.44
bo/st/no/no/m/622/fd/U,bw/st/no/yes/d/651/fd/A,0.4
bo/st/no/no/m/622/fd/U,bw/st/no/no/m/669/fd/A,0.28
bo/st/no/no/m/622/fd/U,bo/mu/no/yes/m/656/fd/A,0.54
bo/st/no/no/m/622/fd/U,bo/mu/no/yes/d/602/fd/U,0.54
bo/st/no/no/m/622/fd/U,bw/so/no/yes/d/605/fd/U,0.37
bo/st/no/no/m/622/fd/U,bw/st/yes/yes/m/633/fd/A,0.39
bo/st/no/no/m/622/fd/U,bo/st/yes/yes/m/634/fd/A,0.6
bo/st/no/no/m/622/fd/U,bo/mu/no/no/m/668/fd/A,0.45
bo/st/no/no/m/622/fd/U,bw/st/no/yes/m/657/fd/A,0.4
bo/st/no/no/m/622/fd/U,bo/mu/no/yes/d/650/fd/A,0.54
bo/st/no/no/m/622/fd/U,bw/so/no/yes/m/659/fd/A,0.37
bo/st/no/no/m/622/fd/U,bo/so/no/no/d/666/fd/A,0.08
bo/st/no/no/m/622/fd/U,bw/mu/no/no/d/661/fd/A,0.44
bo/st/no/no/m/622/fd/U,bw/so/yes/yes/m/635/fd/A,0.36
bo/st/no/no/m/622/fd/U,bo/mu/yes/yes/m/632/fd/A,0.57
bo/st/no/no/m/622/fd/U,bo/st/no/yes/d/604/fd/U,0.84
bo/st/no/no/m/622/fd/U,bw/st/no/yes/d/603/fd/U,0.4
bo/st/no/no/m/622/fd/U,bo/so/yes/yes/m/588/fd/U,0.41
bo/st/no/no/m/622/fd/U,bo/st/yes/yes/m/586/fd/U,0.6
bo/st/no/no/m/622/fd/U,bw/so/yes/yes/d/581/fd/U,0.36
bo/st/no/no/m/622/fd/U,bo/st/yes/yes/d/580/fd/U,0.6
bo/st/no/no/m/622/fd/U,bw/so/yes/yes/m/587/fd/U,0.36
bo/st/no/no/m/622/fd/U,bw/mu/yes/no/d/589/fd/U,0.47
bo/st/no/no/m/622/fd/U,bo/so/yes/no/d/594/fd/U,0.29
bo/st/no/no/m/622/fd/U,bw/so/yes/no/d/593/fd/U,0.27
bo/st/no/no/m/622/fd/U,bo/st/yes/no/d/592/fd/U,0.58
bo/st/no/no/m/622/fd/U,bw/mu/yes/no/m/595/fd/U,0.47
bo/st/no/no/m/622/fd/U,bw/st/no/no/m/621/fd/U,0.28
bo/st/no/no/m/622/fd/U,bw/mu/no/no/m/619/fd/U,0.44
bo/st/no/no/m/622/fd/U,bo/mu/yes/yes/d/626/fd/A,0.57
bo/st/no/no/m/622/fd/U,bo/st/no/yes/m/610/fd/U,0.84
bo/st/no/no/m/622/fd/U,bo/st/yes/yes/d/628/fd/A,0.6
bo/st/no/no/m/622/fd/U,bw/so/no/no/d/617/fd/U,0.29
bo/st/no/no/m/622/fd/U,bw/mu/yes/no/m/643/fd/A,0.47
bo/st/no/no/m/622/fd/U,bo/mu/yes/no/m/644/fd/A,0.55
bo/st/no/no/m/622/fd/U,bo/so/no/no/m/672/fd/A,0.08
bo/st/no/no/m/622/fd/U,bw/so/yes/yes/d/629/fd/A,0.36
bo/st/no/no/m/622/fd/U,bo/st/no/no/d/616/fd/U,1.0
bo/st/no/no/m/622/fd/U,bw/so/no/yes/m/611/fd/U,0.37
bo/st/no/no/m/622/fd/U,bo/so/no/no/d/618/fd/U,0.08
bo/st/no/no/m/622/fd/U,bw/st/yes/yes/d/627/fd/A,0.39
bo/st/no/no/m/622/fd/U,bo/mu/no/no/m/620/fd/U,0.45
bo/st/no/no/m/622/fd/U,bw/st/yes/no/m/645/fd/A,0.28
bo/st/no/no/m/622/fd/U,bo/so/yes/no/d/642/fd/A,0.29
bo/mu/no/no/d/614/fd/U,bo/so/no/yes/d/606/fd/U,0.03
bo/mu/no/no/d/614/fd/U,bw/st/yes/no/d/639/fd/A,0.32
bo/mu/no/no/d/614/fd/U,bw/mu/no/yes/d/601/fd/U,0.57
bo/mu/no/no/d/614/fd/U,bw/mu/yes/no/d/637/fd/A,0.62
bo/mu/no/no/d/614/fd/U,bo/mu/no/yes/m/608/fd/U,0.71
bo/mu/no/no/d/614/fd/U,bo/so/yes/yes/d/630/fd/A,0.32
bo/mu/no/no/d/614/fd/U,bo/st/no/no/d/664/fd/A,0.45
bo/mu/no/no/d/614/fd/U,bw/st/no/no/d/663/fd/A,0.32
bo/mu/no/no/d/614/fd/U,bw/mu/no/yes/m/655/fd/A,0.57
bo/mu/no/no/d/614/fd/U,bo/st/no/yes/d/652/fd/A,0.48
bo/mu/no/no/d/614/fd/U,bw/mu/yes/yes/m/631/fd/A,0.6
bo/mu/no/no/d/614/fd/U,bo/so/yes/yes/m/636/fd/A,0.32
bo/mu/no/no/d/614/fd/U,bw/st/no/yes/m/609/fd/U,0.39
bo/mu/no/no/d/614/fd/U,bo/so/yes/no/m/600/fd/U,0.23
bo/mu/no/no/d/614/fd/U,bw/mu/no/yes/m/607/fd/U,0.57
bo/mu/no/no/d/614/fd/U,bo/mu/yes/no/d/638/fd/A,0.62
bo/mu/no/no/d/614/fd/U,bw/so/no/yes/d/653/fd/A,0.28
bo/mu/no/no/d/614/fd/U,bo/so/no/yes/d/654/fd/A,0.03
bo/mu/no/no/d/614/fd/U,bo/mu/no/no/d/662/fd/A,1.0
bo/mu/no/no/d/614/fd/U,bw/so/no/no/d/665/fd/A,0.22
bo/mu/no/no/d/614/fd/U,bo/mu/yes/yes/d/578/fd/U,0.61
bo/mu/no/no/d/614/fd/U,bo/so/yes/yes/d/582/fd/U,0.32
bo/mu/no/no/d/614/fd/U,bw/st/yes/yes/m/585/fd/U,0.38
bo/mu/no/no/d/614/fd/U,bo/mu/yes/yes/m/584/fd/U,0.61
bo/mu/no/no/d/614/fd/U,bw/mu/yes/yes/m/583/fd/U,0.6
bo/mu/no/no/d/614/fd/U,bw/mu/yes/yes/d/577/fd/U,0.6
bo/mu/no/no/d/614/fd/U,bw/st/yes/yes/d/579/fd/U,0.38
bo/mu/no/no/d/614/fd/U,bo/mu/yes/no/d/590/fd/U,0.62
bo/mu/no/no/d/614/fd/U,bw/st/yes/no/m/597/fd/U,0.32
bo/mu/no/no/d/614/fd/U,bw/so/yes/no/m/599/fd/U,0.21
bo/mu/no/no/d/614/fd/U,bo/st/yes/no/m/598/fd/U,0.43
bo/mu/no/no/d/614/fd/U,bo/mu/yes/no/m/596/fd/U,0.62
bo/mu/no/no/d/614/fd/U,bw/st/yes/no/d/591/fd/U,0.32
bo/mu/no/no/d/614/fd/U,bw/so/yes/no/m/647/fd/A,0.21
bo/mu/no/no/d/614/fd/U,bo/st/yes/no/d/640/fd/A,0.43
bo/mu/no/no/d/614/fd/U,bw/mu/no/yes/d/649/fd/A,0.57
bo/mu/no/no/d/614/fd/U,bw/so/no/no/m/671/fd/A,0.22
bo/mu/no/no/d/614/fd/U,bw/mu/yes/yes/d/625/fd/A,0.6
bo/mu/no/no/d/614/fd/U,bo/st/no/no/m/622/fd/U,0.45
bo/mu/no/no/d/614/fd/U,bo/mu/no/no/d/614/fd/U,1.0
bo/mu/no/no/d/614/fd/U,bw/mu/no/no/d/613/fd/U,0.59
bo/mu/no/no/d/614/fd/U,bo/st/no/no/m/670/fd/A,0.45
bo/mu/no/no/d/614/fd/U,bo/so/yes/no/m/648/fd/A,0.23
bo/mu/no/no/d/614/fd/U,bw/so/yes/no/d/641/fd/A,0.21
bo/mu/no/no/d/614/fd/U,bo/st/yes/no/m/646/fd/A,0.43
bo/mu/no/no/d/614/fd/U,bo/so/no/yes/m/612/fd/U,0.03
bo/mu/no/no/d/614/fd/U,bw/st/no/no/d/615/fd/U,0.32
bo/mu/no/no/d/614/fd/U,bw/so/no/no/m/623/fd/U,0.22
bo/mu/no/no/d/614/fd/U,bo/so/no/no/m/624/fd/U,0.03
bo/mu/no/no/d/614/fd/U,bo/so/no/yes/m/660/fd/A,0.03
bo/mu/no/no/d/614/fd/U,bo/st/no/yes/m/658/fd/A,0.48
bo/mu/no/no/d/614/fd/U,bw/mu/no/no/m/667/fd/A,0.59
bo/mu/no/no/d/614/fd/U,bw/st/no/yes/d/651/fd/A,0.39
bo/mu/no/no/d/614/fd/U,bw/st/no/no/m/669/fd/A,0.32
bo/mu/no/no/d/614/fd/U,bo/mu/no/yes/m/656/fd/A,0.71
bo/mu/no/no/d/614/fd/U,bo/mu/no/yes/d/602/fd/U,0.71
bo/mu/no/no/d/614/fd/U,bw/so/no/yes/d/605/fd/U,0.28
bo/mu/no/no/d/614/fd/U,bw/st/yes/yes/m/633/fd/A,0.38
bo/mu/no/no/d/614/fd/U,bo/st/yes/yes/m/634/fd/A,0.47
bo/mu/no/no/d/614/fd/U,bo/mu/no/no/m/668/fd/A,1.0
bo/mu/no/no/d/614/fd/U,bw/st/no/yes/m/657/fd/A,0.39
bo/mu/no/no/d/614/fd/U,bo/mu/no/yes/d/650/fd/A,0.71
bo/mu/no/no/d/614/fd/U,bw/so/no/yes/m/659/fd/A,0.28
bo/mu/no/no/d/614/fd/U,bo/so/no/no/d/666/fd/A,0.03
bo/mu/no/no/d/614/fd/U,bw/mu/no/no/d/661/fd/A,0.59
bo/mu/no/no/d/614/fd/U,bw/so/yes/yes/m/635/fd/A,0.28
bo/mu/no/no/d/614/fd/U,bo/mu/yes/yes/m/632/fd/A,0.61
bo/mu/no/no/d/614/fd/U,bo/st/no/yes/d/604/fd/U,0.48
bo/mu/no/no/d/614/fd/U,bw/st/no/yes/d/603/fd/U,0.39
bo/mu/no/no/d/614/fd/U,bo/so/yes/yes/m/588/fd/U,0.32
bo/mu/no/no/d/614/fd/U,bo/st/yes/yes/m/586/fd/U,0.47
bo/mu/no/no/d/614/fd/U,bw/so/yes/yes/d/581/fd/U,0.28
bo/mu/no/no/d/614/fd/U,bo/st/yes/yes/d/580/fd/U,0.47
bo/mu/no/no/d/614/fd/U,bw/so/yes/yes/m/587/fd/U,0.28
bo/mu/no/no/d/614/fd/U,bw/mu/yes/no/d/589/fd/U,0.62
bo/mu/no/no/d/614/fd/U,bo/so/yes/no/d/594/fd/U,0.23
bo/mu/no/no/d/614/fd/U,bw/so/yes/no/d/593/fd/U,0.21
bo/mu/no/no/d/614/fd/U,bo/st/yes/no/d/592/fd/U,0.43
bo/mu/no/no/d/614/fd/U,bw/mu/yes/no/m/595/fd/U,0.62
bo/mu/no/no/d/614/fd/U,bw/st/no/no/m/621/fd/U,0.32
bo/mu/no/no/d/614/fd/U,bw/mu/no/no/m/619/fd/U,0.59
bo/mu/no/no/d/614/fd/U,bo/mu/yes/yes/d/626/fd/A,0.61
bo/mu/no/no/d/614/fd/U,bo/st/no/yes/m/610/fd/U,0.48
bo/mu/no/no/d/614/fd/U,bo/st/yes/yes/d/628/fd/A,0.47
bo/mu/no/no/d/614/fd/U,bw/so/no/no/d/617/fd/U,0.22
bo/mu/no/no/d/614/fd/U,bw/mu/yes/no/m/643/fd/A,0.62
bo/mu/no/no/d/614/fd/U,bo/mu/yes/no/m/644/fd/A,0.62
bo/mu/no/no/d/614/fd/U,bo/so/no/no/m/672/fd/A,0.03
bo/mu/no/no/d/614/fd/U,bw/so/yes/yes/d/629/fd/A,0.28
bo/mu/no/no/d/614/fd/U,bo/st/no/no/d/616/fd/U,0.45
bo/mu/no/no/d/614/fd/U,bw/so/no/yes/m/611/fd/U,0.28
bo/mu/no/no/d/614/fd/U,bo/so/no/no/d/618/fd/U,0.03
bo/mu/no/no/d/614/fd/U,bw/st/yes/yes/d/627/fd/A,0.38
bo/mu/no/no/d/614/fd/U,bo/mu/no/no/m/620/fd/U,1.0
bo/mu/no/no/d/614/fd/U,bw/st/yes/no/m/645/fd/A,0.32
bo/mu/no/no/d/614/fd/U,bo/so/yes/no/d/642/fd/A,0.23
bw/mu/no/no/d/613/fd/U,bo/so/no/yes/d/606/fd/U,0.04
bw/mu/no/no/d/613/fd/U,bw/st/yes/no/d/639/fd/A,0.37
bw/mu/no/no/d/613/fd/U,bw/mu/no/yes/d/601/fd/U,0.86
bw/mu/no/no/d/613/fd/U,bw/mu/yes/no/d/637/fd/A,0.89
bw/mu/no/no/d/613/fd/U,bo/mu/no/yes/m/608/fd/U,0.61
bw/mu/no/no/d/613/fd/U,bo/so/yes/yes/d/630/fd/A,0.32
bw/mu/no/no/d/613/fd/U,bo/st/no/no/d/664/fd/A,0.44
bw/mu/no/no/d/613/fd/U,bw/st/no/no/d/663/fd/A,0.36
bw/mu/no/no/d/613/fd/U,bw/mu/no/yes/m/655/fd/A,0.86
bw/mu/no/no/d/613/fd/U,bo/st/no/yes/d/652/fd/A,0.46
bw/mu/no/no/d/613/fd/U,bw/mu/yes/yes/m/631/fd/A,0.8
bw/mu/no/no/d/613/fd/U,bo/so/yes/yes/m/636/fd/A,0.32
bw/mu/no/no/d/613/fd/U,bw/st/no/yes/m/609/fd/U,0.44
bw/mu/no/no/d/613/fd/U,bo/so/yes/no/m/600/fd/U,0.25
bw/mu/no/no/d/613/fd/U,bw/mu/no/yes/m/607/fd/U,0.86
bw/mu/no/no/d/613/fd/U,bo/mu/yes/no/d/638/fd/A,0.7
bw/mu/no/no/d/613/fd/U,bw/so/no/yes/d/653/fd/A,0.3
bw/mu/no/no/d/613/fd/U,bo/so/no/yes/d/654/fd/A,0.04
bw/mu/no/no/d/613/fd/U,bo/mu/no/no/d/662/fd/A,0.59
bw/mu/no/no/d/613/fd/U,bw/so/no/no/d/665/fd/A,0.25
bw/mu/no/no/d/613/fd/U,bo/mu/yes/yes/d/578/fd/U,0.66
bw/mu/no/no/d/613/fd/U,bo/so/yes/yes/d/582/fd/U,0.32
bw/mu/no/no/d/613/fd/U,bw/st/yes/yes/m/585/fd/U,0.44
bw/mu/no/no/d/613/fd/U,bo/mu/yes/yes/m/584/fd/U,0.66
bw/mu/no/no/d/613/fd/U,bw/mu/yes/yes/m/583/fd/U,0.8
bw/mu/no/no/d/613/fd/U,bw/mu/yes/yes/d/577/fd/U,0.8
bw/mu/no/no/d/613/fd/U,bw/st/yes/yes/d/579/fd/U,0.44
bw/mu/no/no/d/613/fd/U,bo/mu/yes/no/d/590/fd/U,0.7
bw/mu/no/no/d/613/fd/U,bw/st/yes/no/m/597/fd/U,0.37
bw/mu/no/no/d/613/fd/U,bw/so/yes/no/m/599/fd/U,0.24
bw/mu/no/no/d/613/fd/U,bo/st/yes/no/m/598/fd/U,0.46
bw/mu/no/no/d/613/fd/U,bo/mu/yes/no/m/596/fd/U,0.7
bw/mu/no/no/d/613/fd/U,bw/st/yes/no/d/591/fd/U,0.37
bw/mu/no/no/d/613/fd/U,bw/so/yes/no/m/647/fd/A,0.24
bw/mu/no/no/d/613/fd/U,bo/st/yes/no/d/640/fd/A,0.46
bw/mu/no/no/d/613/fd/U,bw/mu/no/yes/d/649/fd/A,0.86
bw/mu/no/no/d/613/fd/U,bw/so/no/no/m/671/fd/A,0.25
bw/mu/no/no/d/613/fd/U,bw/mu/yes/yes/d/625/fd/A,0.8
bw/mu/no/no/d/613/fd/U,bo/st/no/no/m/622/fd/U,0.44
bw/mu/no/no/d/613/fd/U,bo/mu/no/no/d/614/fd/U,0.59
bw/mu/no/no/d/613/fd/U,bw/mu/no/no/d/613/fd/U,1.0
bw/mu/no/no/d/613/fd/U,bo/st/no/no/m/670/fd/A,0.44
bw/mu/no/no/d/613/fd/U,bo/so/yes/no/m/648/fd/A,0.25
bw/mu/no/no/d/613/fd/U,bw/so/yes/no/d/641/fd/A,0.24
bw/mu/no/no/d/613/fd/U,bo/st/yes/no/m/646/fd/A,0.46
bw/mu/no/no/d/613/fd/U,bo/so/no/yes/m/612/fd/U,0.04
bw/mu/no/no/d/613/fd/U,bw/st/no/no/d/615/fd/U,0.36
bw/mu/no/no/d/613/fd/U,bw/so/no/no/m/623/fd/U,0.25
bw/mu/no/no/d/613/fd/U,bo/so/no/no/m/624/fd/U,0.03
bw/mu/no/no/d/613/fd/U,bo/so/no/yes/m/660/fd/A,0.04
bw/mu/no/no/d/613/fd/U,bo/st/no/yes/m/658/fd/A,0.46
bw/mu/no/no/d/613/fd/U,bw/mu/no/no/m/667/fd/A,1.0
bw/mu/no/no/d/613/fd/U,bw/st/no/yes/d/651/fd/A,0.44
bw/mu/no/no/d/613/fd/U,bw/st/no/no/m/669/fd/A,0.36
bw/mu/no/no/d/613/fd/U,bo/mu/no/yes/m/656/fd/A,0.61
bw/mu/no/no/d/613/fd/U,bo/mu/no/yes/d/602/fd/U,0.61
bw/mu/no/no/d/613/fd/U,bw/so/no/yes/d/605/fd/U,0.3
bw/mu/no/no/d/613/fd/U,bw/st/yes/yes/m/633/fd/A,0.44
bw/mu/no/no/d/613/fd/U,bo/st/yes/yes/m/634/fd/A,0.48
bw/mu/no/no/d/613/fd/U,bo/mu/no/no/m/668/fd/A,0.59
bw/mu/no/no/d/613/fd/U,bw/st/no/yes/m/657/fd/A,0.44
bw/mu/no/no/d/613/fd/U,bo/mu/no/yes/d/650/fd/A,0.61
bw/mu/no/no/d/613/fd/U,bw/so/no/yes/m/659/fd/A,0.3
bw/mu/no/no/d/613/fd/U,bo/so/no/no/d/666/fd/A,0.03
bw/mu/no/no/d/613/fd/U,bw/mu/no/no/d/661/fd/A,1.0
bw/mu/no/no/d/613/fd/U,bw/so/yes/yes/m/635/fd/A,0.3
bw/mu/no/no/d/613/fd/U,bo/mu/yes/yes/m/632/fd/A,0.66
bw/mu/no/no/d/613/fd/U,bo/st/no/yes/d/604/fd/U,0.46
bw/mu/no/no/d/613/fd/U,bw/st/no/yes/d/603/fd/U,0.44
bw/mu/no/no/d/613/fd/U,bo/so/yes/yes/m/588/fd/U,0.32
bw/mu/no/no/d/613/fd/U,bo/st/yes/yes/m/586/fd/U,0.48
bw/mu/no/no/d/613/fd/U,bw/so/yes/yes/d/581/fd/U,0.3
bw/mu/no/no/d/613/fd/U,bo/st/yes/yes/d/580/fd/U,0.48
bw/mu/no/no/d/613/fd/U,bw/so/yes/yes/m/587/fd/U,0.3
bw/mu/no/no/d/613/fd/U,bw/mu/yes/no/d/589/fd/U,0.89
bw/mu/no/no/d/613/fd/U,bo/so/yes/no/d/594/fd/U,0.25
bw/mu/no/no/d/613/fd/U,bw/so/yes/no/d/593/fd/U,0.24
bw/mu/no/no/d/613/fd/U,bo/st/yes/no/d/592/fd/U,0.46
bw/mu/no/no/d/613/fd/U,bw/mu/yes/no/m/595/fd/U,0.89
bw/mu/no/no/d/613/fd/U,bw/st/no/no/m/621/fd/U,0.36
bw/mu/no/no/d/613/fd/U,bw/mu/no/no/m/619/fd/U,1.0
bw/mu/no/no/d/613/fd/U,bo/mu/yes/yes/d/626/fd/A,0.66
bw/mu/no/no/d/613/fd/U,bo/st/no/yes/m/610/fd/U,0.46
bw/mu/no/no/d/613/fd/U,bo/st/yes/yes/d/628/fd/A,0.48
bw/mu/no/no/d/613/fd/U,bw/so/no/no/d/617/fd/U,0.25
bw/mu/no/no/d/613/fd/U,bw/mu/yes/no/m/643/fd/A,0.89
bw/mu/no/no/d/613/fd/U,bo/mu/yes/no/m/644/fd/A,0.7
bw/mu/no/no/d/613/fd/U,bo/so/no/no/m/672/fd/A,0.03
bw/mu/no/no/d/613/fd/U,bw/so/yes/yes/d/629/fd/A,0.3
bw/mu/no/no/d/613/fd/U,bo/st/no/no/d/616/fd/U,0.44
bw/mu/no/no/d/613/fd/U,bw/so/no/yes/m/611/fd/U,0.3
bw/mu/no/no/d/613/fd/U,bo/so/no/no/d/618/fd/U,0.03
bw/mu/no/no/d/613/fd/U,bw/st/yes/yes/d/627/fd/A,0.44
bw/mu/no/no/d/613/fd/U,bo/mu/no/no/m/620/fd/U,0.59
bw/mu/no/no/d/613/fd/U,bw/st/yes/no/m/645/fd/A,0.37
bw/mu/no/no/d/613/fd/U,bo/so/yes/no/d/642/fd/A,0.25
bo/st/no/no/m/670/fd/A,bo/so/no/yes/d/606/fd/U,0.07
bo/st/no/no/m/670/fd/A,bw/st/yes/no/d/639/fd/A,0.28
bo/st/no/no/m/670/fd/A,bw/mu/no/yes/d/601/fd/U,0.46
bo/st/no/no/m/670/fd/A,bw/mu/yes/no/d/637/fd/A,0.47
bo/st/no/no/m/670/fd/A,bo/mu/no/yes/m/608/fd/U,0.54
bo/st/no/no/m/670/fd/A,bo/so/yes/yes/d/630/fd/A,0.41
bo/st/no/no/m/670/fd/A,bo/st/no/no/d/664/fd/A,1.0
bo/st/no/no/m/670/fd/A,bw/st/no/no/d/663/fd/A,0.28
bo/st/no/no/m/670/fd/A,bw/mu/no/yes/m/655/fd/A,0.46
bo/st/no/no/m/670/fd/A,bo/st/no/yes/d/652/fd/A,0.84
bo/st/no/no/m/670/fd/A,bw/mu/yes/yes/m/631/fd/A,0.5
bo/st/no/no/m/670/fd/A,bo/so/yes/yes/m/636/fd/A,0.41
bo/st/no/no/m/670/fd/A,bw/st/no/yes/m/609/fd/U,0.4
bo/st/no/no/m/670/fd/A,bo/so/yes/no/m/600/fd/U,0.29
bo/st/no/no/m/670/fd/A,bw/mu/no/yes/m/607/fd/U,0.46
bo/st/no/no/m/670/fd/A,bo/mu/yes/no/d/638/fd/A,0.55
bo/st/no/no/m/670/fd/A,bw/so/no/yes/d/653/fd/A,0.37
bo/st/no/no/m/670/fd/A,bo/so/no/yes/d/654/fd/A,0.07
bo/st/no/no/m/670/fd/A,bo/mu/no/no/d/662/fd/A,0.45
bo/st/no/no/m/670/fd/A,bw/so/no/no/d/665/fd/A,0.29
bo/st/no/no/m/670/fd/A,bo/mu/yes/yes/d/578/fd/U,0.57
bo/st/no/no/m/670/fd/A,bo/so/yes/yes/d/582/fd/U,0.41
bo/st/no/no/m/670/fd/A,bw/st/yes/yes/m/585/fd/U,0.39
bo/st/no/no/m/670/fd/A,bo/mu/yes/yes/m/584/fd/U,0.57
bo/st/no/no/m/670/fd/A,bw/mu/yes/yes/m/583/fd/U,0.5
bo/st/no/no/m/670/fd/A,bw/mu/yes/yes/d/577/fd/U,0.5
bo/st/no/no/m/670/fd/A,bw/st/yes/yes/d/579/fd/U,0.39
bo/st/no/no/m/670/fd/A,bo/mu/yes/no/d/590/fd/U,0.55
bo/st/no/no/m/670/fd/A,bw/st/yes/no/m/597/fd/U,0.28
bo/st/no/no/m/670/fd/A,bw/so/yes/no/m/599/fd/U,0.27
bo/st/no/no/m/670/fd/A,bo/st/yes/no/m/598/fd/U,0.58
bo/st/no/no/m/670/fd/A,bo/mu/yes/no/m/596/fd/U,0.55
bo/st/no/no/m/670/fd/A,bw/st/yes/no/d/591/fd/U,0.28
bo/st/no/no/m/670/fd/A,bw/so/yes/no/m/647/fd/A,0.27
bo/st/no/no/m/670/fd/A,bo/st/yes/no/d/640/fd/A,0.58
bo/st/no/no/m/670/fd/A,bw/mu/no/yes/d/649/fd/A,0.46
bo/st/no/no/m/670/fd/A,bw/so/no/no/m/671/fd/A,0.29
bo/st/no/no/m/670/fd/A,bw/mu/yes/yes/d/625/fd/A,0.5
bo/st/no/no/m/670/fd/A,bo/st/no/no/m/622/fd/U,1.0
bo/st/no/no/m/670/fd/A,bo/mu/no/no/d/614/fd/U,0.45
bo/st/no/no/m/670/fd/A,bw/mu/no/no/d/613/fd/U,0.44
bo/st/no/no/m/670/fd/A,bo/st/no/no/m/670/fd/A,1.0
bo/st/no/no/m/670/fd/A,bo/so/yes/no/m/648/fd/A,0.29
bo/st/no/no/m/670/fd/A,bw/so/yes/no/d/641/fd/A,0.27
bo/st/no/no/m/670/fd/A,bo/st/yes/no/m/646/fd/A,0.58
bo/st/no/no/m/670/fd/A,bo/so/no/yes/m/612/fd/U,0.07
bo/st/no/no/m/670/fd/A,bw/st/no/no/d/615/fd/U,0.28
bo/st/no/no/m/670/fd/A,bw/so/no/no/m/623/fd/U,0.29
bo/st/no/no/m/670/fd/A,bo/so/no/no/m/624/fd/U,0.08
bo/st/no/no/m/670/fd/A,bo/so/no/yes/m/660/fd/A,0.07
bo/st/no/no/m/670/fd/A,bo/st/no/yes/m/658/fd/A,0.84
bo/st/no/no/m/670/fd/A,bw/mu/no/no/m/667/fd/A,0.44
bo/st/no/no/m/670/fd/A,bw/st/no/yes/d/651/fd/A,0.4
bo/st/no/no/m/670/fd/A,bw/st/no/no/m/669/fd/A,0.28
bo/st/no/no/m/670/fd/A,bo/mu/no/yes/m/656/fd/A,0.54
bo/st/no/no/m/670/fd/A,bo/mu/no/yes/d/602/fd/U,0.54
bo/st/no/no/m/670/fd/A,bw/so/no/yes/d/605/fd/U,0.37
bo/st/no/no/m/670/fd/A,bw/st/yes/yes/m/633/fd/A,0.39
bo/st/no/no/m/670/fd/A,bo/st/yes/yes/m/634/fd/A,0.6
bo/st/no/no/m/670/fd/A,bo/mu/no/no/m/668/fd/A,0.45
bo/st/no/no/m/670/fd/A,bw/st/no/yes/m/657/fd/A,0.4
bo/st/no/no/m/670/fd/A,bo/mu/no/yes/d/650/fd/A,0.54
bo/st/no/no/m/670/fd/A,bw/so/no/yes/m/659/fd/A,0.37
bo/st/no/no/m/670/fd/A,bo/so/no/no/d/666/fd/A,0.08
bo/st/no/no/m/670/fd/A,bw/mu/no/no/d/661/fd/A,0.44
bo/st/no/no/m/670/fd/A,bw/so/yes/yes/m/635/fd/A,0.36
bo/st/no/no/m/670/fd/A,bo/mu/yes/yes/m/632/fd/A,0.57
bo/st/no/no/m/670/fd/A,bo/st/no/yes/d/604/fd/U,0.84
bo/st/no/no/m/670/fd/A,bw/st/no/yes/d/603/fd/U,0.4
bo/st/no/no/m/670/fd/A,bo/so/yes/yes/m/588/fd/U,0.41
bo/st/no/no/m/670/fd/A,bo/st/yes/yes/m/586/fd/U,0.6
bo/st/no/no/m/670/fd/A,bw/so/yes/yes/d/581/fd/U,0.36
bo/st/no/no/m/670/fd/A,bo/st/yes/yes/d/580/fd/U,0.6
bo/st/no/no/m/670/fd/A,bw/so/yes/yes/m/587/fd/U,0.36
bo/st/no/no/m/670/fd/A,bw/mu/yes/no/d/589/fd/U,0.47
bo/st/no/no/m/670/fd/A,bo/so/yes/no/d/594/fd/U,0.29
bo/st/no/no/m/670/fd/A,bw/so/yes/no/d/593/fd/U,0.27
bo/st/no/no/m/670/fd/A,bo/st/yes/no/d/592/fd/U,0.58
bo/st/no/no/m/670/fd/A,bw/mu/yes/no/m/595/fd/U,0.47
bo/st/no/no/m/670/fd/A,bw/st/no/no/m/621/fd/U,0.28
bo/st/no/no/m/670/fd/A,bw/mu/no/no/m/619/fd/U,0.44
bo/st/no/no/m/670/fd/A,bo/mu/yes/yes/d/626/fd/A,0.57
bo/st/no/no/m/670/fd/A,bo/st/no/yes/m/610/fd/U,0.84
bo/st/no/no/m/670/fd/A,bo/st/yes/yes/d/628/fd/A,0.6
bo/st/no/no/m/670/fd/A,bw/so/no/no/d/617/fd/U,0.29
bo/st/no/no/m/670/fd/A,bw/mu/yes/no/m/643/fd/A,0.47
bo/st/no/no/m/670/fd/A,bo/mu/yes/no/m/644/fd/A,0.55
bo/st/no/no/m/670/fd/A,bo/so/no/no/m/672/fd/A,0.08
bo/st/no/no/m/670/fd/A,bw/so/yes/yes/d/629/fd/A,0.36
bo/st/no/no/m/670/fd/A,bo/st/no/no/d/616/fd/U,1.0
bo/st/no/no/m/670/fd/A,bw/so/no/yes/m/611/fd/U,0.37
bo/st/no/no/m/670/fd/A,bo/so/no/no/d/618/fd/U,0.08
bo/st/no/no/m/670/fd/A,bw/st/yes/yes/d/627/fd/A,0.39
bo/st/no/no/m/670/fd/A,bo/mu/no/no/m/620/fd/U,0.45
bo/st/no/no/m/670/fd/A,bw/st/yes/no/m/645/fd/A,0.28
bo/st/no/no/m/670/fd/A,bo/so/yes/no/d/642/fd/A,0.29
bo/so/yes/no/m/648/fd/A,bo/so/no/yes/d/606/fd/U,0.1
bo/so/yes/no/m/648/fd/A,bw/st/yes/no/d/639/fd/A,0.27
bo/so/yes/no/m/648/fd/A,bw/mu/no/yes/d/601/fd/U,0.25
bo/so/yes/no/m/648/fd/A,bw/mu/yes/no/d/637/fd/A,0.25
bo/so/yes/no/m/648/fd/A,bo/mu/no/yes/m/608/fd/U,0.25
bo/so/yes/no/m/648/fd/A,bo/so/yes/yes/d/630/fd/A,0.58
bo/so/yes/no/m/648/fd/A,bo/st/no/no/d/664/fd/A,0.29
bo/so/yes/no/m/648/fd/A,bw/st/no/no/d/663/fd/A,0.25
bo/so/yes/no/m/648/fd/A,bw/mu/no/yes/m/655/fd/A,0.25
bo/so/yes/no/m/648/fd/A,bo/st/no/yes/d/652/fd/A,0.26
bo/so/yes/no/m/648/fd/A,bw/mu/yes/yes/m/631/fd/A,0.26
bo/so/yes/no/m/648/fd/A,bo/so/yes/yes/m/636/fd/A,0.58
bo/so/yes/no/m/648/fd/A,bw/st/no/yes/m/609/fd/U,0.29
bo/so/yes/no/m/648/fd/A,bo/so/yes/no/m/600/fd/U,1.0
bo/so/yes/no/m/648/fd/A,bw/mu/no/yes/m/607/fd/U,0.25
bo/so/yes/no/m/648/fd/A,bo/mu/yes/no/d/638/fd/A,0.27
bo/so/yes/no/m/648/fd/A,bw/so/no/yes/d/653/fd/A,0.48
bo/so/yes/no/m/648/fd/A,bo/so/no/yes/d/654/fd/A,0.1
bo/so/yes/no/m/648/fd/A,bo/mu/no/no/d/662/fd/A,0.23
bo/so/yes/no/m/648/fd/A,bw/so/no/no/d/665/fd/A,0.71
bo/so/yes/no/m/648/fd/A,bo/mu/yes/yes/d/578/fd/U,0.28
bo/so/yes/no/m/648/fd/A,bo/so/yes/yes/d/582/fd/U,0.58
bo/so/yes/no/m/648/fd/A,bw/st/yes/yes/m/585/fd/U,0.3
bo/so/yes/no/m/648/fd/A,bo/mu/yes/yes/m/584/fd/U,0.28
bo/so/yes/no/m/648/fd/A,bw/mu/yes/yes/m/583/fd/U,0.26
bo/so/yes/no/m/648/fd/A,bw/mu/yes/yes/d/577/fd/U,0.26
bo/so/yes/no/m/648/fd/A,bw/st/yes/yes/d/579/fd/U,0.3
bo/so/yes/no/m/648/fd/A,bo/mu/yes/no/d/590/fd/U,0.27
bo/so/yes/no/m/648/fd/A,bw/st/yes/no/m/597/fd/U,0.27
bo/so/yes/no/m/648/fd/A,bw/so/yes/no/m/599/fd/U,0.76
bo/so/yes/no/m/648/fd/A,bo/st/yes/no/m/598/fd/U,0.36
bo/so/yes/no/m/648/fd/A,bo/mu/yes/no/m/596/fd/U,0.27
bo/so/yes/no/m/648/fd/A,bw/st/yes/no/d/591/fd/U,0.27
bo/so/yes/no/m/648/fd/A,bw/so/yes/no/m/647/fd/A,0.76
bo/so/yes/no/m/648/fd/A,bo/st/yes/no/d/640/fd/A,0.36
bo/so/yes/no/m/648/fd/A,bw/mu/no/yes/d/649/fd/A,0.25
bo/so/yes/no/m/648/fd/A,bw/so/no/no/m/671/fd/A,0.71
bo/so/yes/no/m/648/fd/A,bw/mu/yes/yes/d/625/fd/A,0.26
bo/so/yes/no/m/648/fd/A,bo/st/no/no/m/622/fd/U,0.29
bo/so/yes/no/m/648/fd/A,bo/mu/no/no/d/614/fd/U,0.23
bo/so/yes/no/m/648/fd/A,bw/mu/no/no/d/613/fd/U,0.25
bo/so/yes/no/m/648/fd/A,bo/st/no/no/m/670/fd/A,0.29
bo/so/yes/no/m/648/fd/A,bo/so/yes/no/m/648/fd/A,1.0
bo/so/yes/no/m/648/fd/A,bw/so/yes/no/d/641/fd/A,0.76
bo/so/yes/no/m/648/fd/A,bo/st/yes/no/m/646/fd/A,0.36
bo/so/yes/no/m/648/fd/A,bo/so/no/yes/m/612/fd/U,0.1
bo/so/yes/no/m/648/fd/A,bw/st/no/no/d/615/fd/U,0.25
bo/so/yes/no/m/648/fd/A,bw/so/no/no/m/623/fd/U,0.71
bo/so/yes/no/m/648/fd/A,bo/so/no/no/m/624/fd/U,0.19
bo/so/yes/no/m/648/fd/A,bo/so/no/yes/m/660/fd/A,0.1
bo/so/yes/no/m/648/fd/A,bo/st/no/yes/m/658/fd/A,0.26
bo/so/yes/no/m/648/fd/A,bw/mu/no/no/m/667/fd/A,0.25
bo/so/yes/no/m/648/fd/A,bw/st/no/yes/d/651/fd/A,0.29
bo/so/yes/no/m/648/fd/A,bw/st/no/no/m/669/fd/A,0.25
bo/so/yes/no/m/648/fd/A,bo/mu/no/yes/m/656/fd/A,0.25
bo/so/yes/no/m/648/fd/A,bo/mu/no/yes/d/602/fd/U,0.25
bo/so/yes/no/m/648/fd/A,bw/so/no/yes/d/605/fd/U,0.48
bo/so/yes/no/m/648/fd/A,bw/st/yes/yes/m/633/fd/A,0.3
bo/so/yes/no/m/648/fd/A,bo/st/yes/yes/m/634/fd/A,0.32
bo/so/yes/no/m/648/fd/A,bo/mu/no/no/m/668/fd/A,0.23
bo/so/yes/no/m/648/fd/A,bw/st/no/yes/m/657/fd/A,0.29
bo/so/yes/no/m/648/fd/A,bo/mu/no/yes/d/650/fd/A,0.25
bo/so/yes/no/m/648/fd/A,bw/so/no/yes/m/659/fd/A,0.48
bo/so/yes/no/m/648/fd/A,bo/so/no/no/d/666/fd/A,0.19
bo/so/yes/no/m/648/fd/A,bw/mu/no/no/d/661/fd/A,0.25
bo/so/yes/no/m/648/fd/A,bw/so/yes/yes/m/635/fd/A,0.49
bo/so/yes/no/m/648/fd/A,bo/mu/yes/yes/m/632/fd/A,0.28
bo/so/yes/no/m/648/fd/A,bo/st/no/yes/d/604/fd/U,0.26
bo/so/yes/no/m/648/fd/A,bw/st/no/yes/d/603/fd/U,0.29
bo/so/yes/no/m/648/fd/A,bo/so/yes/yes/m/588/fd/U,0.58
bo/so/yes/no/m/648/fd/A,bo/st/yes/yes/m/586/fd/U,0.32
bo/so/yes/no/m/648/fd/A,bw/so/yes/yes/d/581/fd/U,0.49
bo/so/yes/no/m/648/fd/A,bo/st/yes/yes/d/580/fd/U,0.32
bo/so/yes/no/m/648/fd/A,bw/so/yes/yes/m/587/fd/U,0.49
bo/so/yes/no/m/648/fd/A,bw/mu/yes/no/d/589/fd/U,0.25
bo/so/yes/no/m/648/fd/A,bo/so/yes/no/d/594/fd/U,1.0
bo/so/yes/no/m/648/fd/A,bw/so/yes/no/d/593/fd/U,0.76
bo/so/yes/no/m/648/fd/A,bo/st/yes/no/d/592/fd/U,0.36
bo/so/yes/no/m/648/fd/A,bw/mu/yes/no/m/595/fd/U,0.25
bo/so/yes/no/m/648/fd/A,bw/st/no/no/m/621/fd/U,0.25
bo/so/yes/no/m/648/fd/A,bw/mu/no/no/m/619/fd/U,0.25
bo/so/yes/no/m/648/fd/A,bo/mu/yes/yes/d/626/fd/A,0.28
bo/so/yes/no/m/648/fd/A,bo/st/no/yes/m/610/fd/U,0.26
bo/so/yes/no/m/648/fd/A,bo/st/yes/yes/d/628/fd/A,0.32
bo/so/yes/no/m/648/fd/A,bw/so/no/no/d/617/fd/U,0.71
bo/so/yes/no/m/648/fd/A,bw/mu/yes/no/m/643/fd/A,0.25
bo/so/yes/no/m/648/fd/A,bo/mu/yes/no/m/644/fd/A,0.27
bo/so/yes/no/m/648/fd/A,bo/so/no/no/m/672/fd/A,0.19
bo/so/yes/no/m/648/fd/A,bw/so/yes/yes/d/629/fd/A,0.49
bo/so/yes/no/m/648/fd/A,bo/st/no/no/d/616/fd/U,0.29
bo/so/yes/no/m/648/fd/A,bw/so/no/yes/m/611/fd/U,0.48
bo/so/yes/no/m/648/fd/A,bo/so/no/no/d/618/fd/U,0.19
bo/so/yes/no/m/648/fd/A,bw/st/yes/yes/d/627/fd/A,0.3
bo/so/yes/no/m/648/fd/A,bo/mu/no/no/m/620/fd/U,0.23
bo/so/yes/no/m/648/fd/A,bw/st/yes/no/m/645/fd/A,0.27
bo/so/yes/no/m/648/fd/A,bo/so/yes/no/d/642/fd/A,1.0
bw/so/yes/no/d/641/fd/A,bo/so/no/yes/d/606/fd/U,0.09
bw/so/yes/no/d/641/fd/A,bw/st/yes/no/d/639/fd/A,0.29
bw/so/yes/no/d/641/fd/A,bw/mu/no/yes/d/601/fd/U,0.24
bw/so/yes/no/d/641/fd/A,bw/mu/yes/no/d/637/fd/A,0.24
bw/so/yes/no/d/641/fd/A,bo/mu/no/yes/m/608/fd/U,0.23
bw/so/yes/no/d/641/fd/A,bo/so/yes/yes/d/630/fd/A,0.46
bw/so/yes/no/d/641/fd/A,bo/st/no/no/d/664/fd/A,0.27
bw/so/yes/no/d/641/fd/A,bw/st/no/no/d/663/fd/A,0.27
bw/so/yes/no/d/641/fd/A,bw/mu/no/yes/m/655/fd/A,0.24
bw/so/yes/no/d/641/fd/A,bo/st/no/yes/d/652/fd/A,0.24
bw/so/yes/no/d/641/fd/A,bw/mu/yes/yes/m/631/fd/A,0.25
bw/so/yes/no/d/641/fd/A,bo/so/yes/yes/m/636/fd/A,0.46
bw/so/yes/no/d/641/fd/A,bw/st/no/yes/m/609/fd/U,0.3
bw/so/yes/no/d/641/fd/A,bo/so/yes/no/m/600/fd/U,0.76
bw/so/yes/no/d/641/fd/A,bw/mu/no/yes/m/607/fd/U,0.24
bw/so/yes/no/d/641/fd/A,bo/mu/yes/no/d/638/fd/A,0.25
bw/so/yes/no/d/641/fd/A,bw/so/no/yes/d/653/fd/A,0.58
bw/so/yes/no/d/641/fd/A,bo/so/no/yes/d/654/fd/A,0.09
bw/so/yes/no/d/641/fd/A,bo/mu/no/no/d/662/fd/A,0.21
bw/so/yes/no/d/641/fd/A,bw/so/no/no/d/665/fd/A,0.87
bw/so/yes/no/d/641/fd/A,bo/mu/yes/yes/d/578/fd/U,0.26
bw/so/yes/no/d/641/fd/A,bo/so/yes/yes/d/582/fd/U,0.46
bw/so/yes/no/d/641/fd/A,bw/st/yes/yes/m/585/fd/U,0.31
bw/so/yes/no/d/641/fd/A,bo/mu/yes/yes/m/584/fd/U,0.26
bw/so/yes/no/d/641/fd/A,bw/mu/yes/yes/m/583/fd/U,0.25
bw/so/yes/no/d/641/fd/A,bw/mu/yes/yes/d/577/fd/U,0.25
bw/so/yes/no/d/641/fd/A,bw/st/yes/yes/d/579/fd/U,0.31
bw/so/yes/no/d/641/fd/A,bo/mu/yes/no/d/590/fd/U,0.25
bw/so/yes/no/d/641/fd/A,bw/st/yes/no/m/597/fd/U,0.29
bw/so/yes/no/d/641/fd/A,bw/so/yes/no/m/599/fd/U,1.0
bw/so/yes/no/d/641/fd/A,bo/st/yes/no/m/598/fd/U,0.33
bw/so/yes/no/d/641/fd/A,bo/mu/yes/no/m/596/fd/U,0.25
bw/so/yes/no/d/641/fd/A,bw/st/yes/no/d/591/fd/U,0.29
bw/so/yes/no/d/641/fd/A,bw/so/yes/no/m/647/fd/A,1.0
bw/so/yes/no/d/641/fd/A,bo/st/yes/no/d/640/fd/A,0.33
bw/so/yes/no/d/641/fd/A,bw/mu/no/yes/d/649/fd/A,0.24
bw/so/yes/no/d/641/fd/A,bw/so/no/no/m/671/fd/A,0.87
bw/so/yes/no/d/641/fd/A,bw/mu/yes/yes/d/625/fd/A,0.25
bw/so/yes/no/d/641/fd/A,bo/st/no/no/m/622/fd/U,0.27
bw/so/yes/no/d/641/fd/A,bo/mu/no/no/d/614/fd/U,0.21
bw/so/yes/no/d/641/fd/A,bw/mu/no/no/d/613/fd/U,0.24
bw/so/yes/no/d/641/fd/A,bo/st/no/no/m/670/fd/A,0.27
bw/so/yes/no/d/641/fd/A,bo/so/yes/no/m/648/fd/A,0.76
bw/so/yes/no/d/641/fd/A,bw/so/yes/no/d/641/fd/A,1.0
bw/so/yes/no/d/641/fd/A,bo/st/yes/no/m/646/fd/A,0.33
bw/so/yes/no/d/641/fd/A,bo/so/no/yes/m/612/fd/U,0.09
bw/so/yes/no/d/641/fd/A,bw/st/no/no/d/615/fd/U,0.27
bw/so/yes/no/d/641/fd/A,bw/so/no/no/m/623/fd/U,0.87
bw/so/yes/no/d/641/fd/A,bo/so/no/no/m/624/fd/U,0.16
bw/so/yes/no/d/641/fd/A,bo/so/no/yes/m/660/fd/A,0.09
bw/so/yes/no/d/641/fd/A,bo/st/no/yes/m/658/fd/A,0.24
bw/so/yes/no/d/641/fd/A,bw/mu/no/no/m/667/fd/A,0.24
bw/so/yes/no/d/641/fd/A,bw/st/no/yes/d/651/fd/A,0.3
bw/so/yes/no/d/641/fd/A,bw/st/no/no/m/669/fd/A,0.27
bw/so/yes/no/d/641/fd/A,bo/mu/no/yes/m/656/fd/A,0.23
bw/so/yes/no/d/641/fd/A,bo/mu/no/yes/d/602/fd/U,0.23
bw/so/yes/no/d/641/fd/A,bw/so/no/yes/d/605/fd/U,0.58
bw/so/yes/no/d/641/fd/A,bw/st/yes/yes/m/633/fd/A,0.31
bw/so/yes/no/d/641/fd/A,bo/st/yes/yes/m/634/fd/A,0.3
bw/so/yes/no/d/641/fd/A,bo/mu/no/no/m/668/fd/A,0.21
bw/so/yes/no/d/641/fd/A,bw/st/no/yes/m/657/fd/A,0.3
bw/so/yes/no/d/641/fd/A,bo/mu/no/yes/d/650/fd/A,0.23
bw/so/yes/no/d/641/fd/A,bw/so/no/yes/m/659/fd/A,0.58
bw/so/yes/no/d/641/fd/A,bo/so/no/no/d/666/fd/A,0.16
bw/so/yes/no/d/641/fd/A,bw/mu/no/no/d/661/fd/A,0.24
bw/so/yes/no/d/641/fd/A,bw/so/yes/yes/m/635/fd/A,0.61
bw/so/yes/no/d/641/fd/A,bo/mu/yes/yes/m/632/fd/A,0.26
bw/so/yes/no/d/641/fd/A,bo/st/no/yes/d/604/fd/U,0.24
bw/so/yes/no/d/641/fd/A,bw/st/no/yes/d/603/fd/U,0.3
bw/so/yes/no/d/641/fd/A,bo/so/yes/yes/m/588/fd/U,0.46
bw/so/yes/no/d/641/fd/A,bo/st/yes/yes/m/586/fd/U,0.3
bw/so/yes/no/d/641/fd/A,bw/so/yes/yes/d/581/fd/U,0.61
bw/so/yes/no/d/641/fd/A,bo/st/yes/yes/d/580/fd/U,0.3
bw/so/yes/no/d/641/fd/A,bw/so/yes/yes/m/587/fd/U,0.61
bw/so/yes/no/d/641/fd/A,bw/mu/yes/no/d/589/fd/U,0.24
bw/so/yes/no/d/641/fd/A,bo/so/yes/no/d/594/fd/U,0.76
bw/so/yes/no/d/641/fd/A,bw/so/yes/no/d/593/fd/U,1.0
bw/so/yes/no/d/641/fd/A,bo/st/yes/no/d/592/fd/U,0.33
bw/so/yes/no/d/641/fd/A,bw/mu/yes/no/m/595/fd/U,0.24
bw/so/yes/no/d/641/fd/A,bw/st/no/no/m/621/fd/U,0.27
bw/so/yes/no/d/641/fd/A,bw/mu/no/no/m/619/fd/U,0.24
bw/so/yes/no/d/641/fd/A,bo/mu/yes/yes/d/626/fd/A,0.26
bw/so/yes/no/d/641/fd/A,bo/st/no/yes/m/610/fd/U,0.24
bw/so/yes/no/d/641/fd/A,bo/st/yes/yes/d/628/fd/A,0.3
bw/so/yes/no/d/641/fd/A,bw/so/no/no/d/617/fd/U,0.87
bw/so/yes/no/d/641/fd/A,bw/mu/yes/no/m/643/fd/A,0.24
bw/so/yes/no/d/641/fd/A,bo/mu/yes/no/m/644/fd/A,0.25
bw/so/yes/no/d/641/fd/A,bo/so/no/no/m/672/fd/A,0.16
bw/so/yes/no/d/641/fd/A,bw/so/yes/yes/d/629/fd/A,0.61
bw/so/yes/no/d/641/fd/A,bo/st/no/no/d/616/fd/U,0.27
bw/so/yes/no/d/641/fd/A,bw/so/no/yes/m/611/fd/U,0.58
bw/so/yes/no/d/641/fd/A,bo/so/no/no/d/618/fd/U,0.16
bw/so/yes/no/d/641/fd/A,bw/st/yes/yes/d/627/fd/A,0.31
bw/so/yes/no/d/641/fd/A,bo/mu/no/no/m/620/fd/U,0.21
bw/so/yes/no/d/641/fd/A,bw/st/yes/no/m/645/fd/A,0.29
bw/so/yes/no/d/641/fd/A,bo/so/yes/no/d/642/fd/A,0.76
bo/st/yes/no/m/646/fd/A,bo/so/no/yes/d/606/fd/U,0.06
bo/st/yes/no/m/646/fd/A,bw/st/yes/no/d/639/fd/A,0.4
bo/st/yes/no/m/646/fd/A,bw/mu/no/yes/d/601/fd/U,0.49
bo/st/yes/no/m/646/fd/A,bw/mu/yes/no/d/637/fd/A,0.49
bo/st/yes/no/m/646/fd/A,bo/mu/no/yes/m/608/fd/U,0.5
bo/st/yes/no/m/646/fd/A,bo/so/yes/yes/d/630/fd/A,0.5
bo/st/yes/no/m/646/fd/A,bo/st/no/no/d/664/fd/A,0.58
bo/st/yes/no/m/646/fd/A,bw/st/no/no/d/663/fd/A,0.38
bo/st/yes/no/m/646/fd/A,bw/mu/no/yes/m/655/fd/A,0.49
bo/st/yes/no/m/646/fd/A,bo/st/no/yes/d/652/fd/A,0.57
bo/st/yes/no/m/646/fd/A,bw/mu/yes/yes/m/631/fd/A,0.52
bo/st/yes/no/m/646/fd/A,bo/so/yes/yes/m/636/fd/A,0.5
bo/st/yes/no/m/646/fd/A,bw/st/no/yes/m/609/fd/U,0.54
bo/st/yes/no/m/646/fd/A,bo/so/yes/no/m/600/fd/U,0.36
bo/st/yes/no/m/646/fd/A,bw/mu/no/yes/m/607/fd/U,0.49
bo/st/yes/no/m/646/fd/A,bo/mu/yes/no/d/638/fd/A,0.57
bo/st/yes/no/m/646/fd/A,bw/so/no/yes/d/653/fd/A,0.43
bo/st/yes/no/m/646/fd/A,bo/so/no/yes/d/654/fd/A,0.06
bo/st/yes/no/m/646/fd/A,bo/mu/no/no/d/662/fd/A,0.43
bo/st/yes/no/m/646/fd/A,bw/so/no/no/d/665/fd/A,0.33
bo/st/yes/no/m/646/fd/A,bo/mu/yes/yes/d/578/fd/U,0.58
bo/st/yes/no/m/646/fd/A,bo/so/yes/yes/d/582/fd/U,0.5
bo/st/yes/no/m/646/fd/A,bw/st/yes/yes/m/585/fd/U,0.56
bo/st/yes/no/m/646/fd/A,bo/mu/yes/yes/m/584/fd/U,0.58
bo/st/yes/no/m/646/fd/A,bw/mu/yes/yes/m/583/fd/U,0.52
bo/st/yes/no/m/646/fd/A,bw/mu/yes/yes/d/577/fd/U,0.52
bo/st/yes/no/m/646/fd/A,bw/st/yes/yes/d/579/fd/U,0.56
bo/st/yes/no/m/646/fd/A,bo/mu/yes/no/d/590/fd/U,0.57
bo/st/yes/no/m/646/fd/A,bw/st/yes/no/m/597/fd/U,0.4
bo/st/yes/no/m/646/fd/A,bw/so/yes/no/m/599/fd/U,0.33
bo/st/yes/no/m/646/fd/A,bo/st/yes/no/m/598/fd/U,1.0
bo/st/yes/no/m/646/fd/A,bo/mu/yes/no/m/596/fd/U,0.57
bo/st/yes/no/m/646/fd/A,bw/st/yes/no/d/591/fd/U,0.4
bo/st/yes/no/m/646/fd/A,bw/so/yes/no/m/647/fd/A,0.33
bo/st/yes/no/m/646/fd/A,bo/st/yes/no/d/640/fd/A,1.0
bo/st/yes/no/m/646/fd/A,bw/mu/no/yes/d/649/fd/A,0.49
bo/st/yes/no/m/646/fd/A,bw/so/no/no/m/671/fd/A,0.33
bo/st/yes/no/m/646/fd/A,bw/mu/yes/yes/d/625/fd/A,0.52
bo/st/yes/no/m/646/fd/A,bo/st/no/no/m/622/fd/U,0.58
bo/st/yes/no/m/646/fd/A,bo/mu/no/no/d/614/fd/U,0.43
bo/st/yes/no/m/646/fd/A,bw/mu/no/no/d/613/fd/U,0.46
bo/st/yes/no/m/646/fd/A,bo/st/no/no/m/670/fd/A,0.58
bo/st/yes/no/m/646/fd/A,bo/so/yes/no/m/648/fd/A,0.36
bo/st/yes/no/m/646/fd/A,bw/so/yes/no/d/641/fd/A,0.33
bo/st/yes/no/m/646/fd/A,bo/st/yes/no/m/646/fd/A,1.0
bo/st/yes/no/m/646/fd/A,bo/so/no/yes/m/612/fd/U,0.06
bo/st/yes/no/m/646/fd/A,bw/st/no/no/d/615/fd/U,0.38
bo/st/yes/no/m/646/fd/A,bw/so/no/no/m/623/fd/U,0.33
bo/st/yes/no/m/646/fd/A,bo/so/no/no/m/624/fd/U,0.07
bo/st/yes/no/m/646/fd/A,bo/so/no/yes/m/660/fd/A,0.06
bo/st/yes/no/m/646/fd/A,bo/st/no/yes/m/658/fd/A,0.57
bo/st/yes/no/m/646/fd/A,bw/mu/no/no/m/667/fd/A,0.46
bo/st/yes/no/m/646/fd/A,bw/st/no/yes/d/651/fd/A,0.54
bo/st/yes/no/m/646/fd/A,bw/st/no/no/m/669/fd/A,0.38
bo/st/yes/no/m/646/fd/A,bo/mu/no/yes/m/656/fd/A,0.5
bo/st/yes/no/m/646/fd/A,bo/mu/no/yes/d/602/fd/U,0.5
bo/st/yes/no/m/646/fd/A,bw/so/no/yes/d/605/fd/U,0.43
bo/st/yes/no/m/646/fd/A,bw/st/yes/yes/m/633/fd/A,0.56
bo/st/yes/no/m/646/fd/A,bo/st/yes/yes/m/634/fd/A,0.87
bo/st/yes/no/m/646/fd/A,bo/mu/no/no/m/668/fd/A,0.43
bo/st/yes/no/m/646/fd/A,bw/st/no/yes/m/657/fd/A,0.54
bo/st/yes/no/m/646/fd/A,bo/mu/no/yes/d/650/fd/A,0.5
bo/st/yes/no/m/646/fd/A,bw/so/no/yes/m/659/fd/A,0.43
bo/st/yes/no/m/646/fd/A,bo/so/no/no/d/666/fd/A,0.07
bo/st/yes/no/m/646/fd/A,bw/mu/no/no/d/661/fd/A,0.46
bo/st/yes/no/m/646/fd/A,bw/so/yes/yes/m/635/fd/A,0.44
bo/st/yes/no/m/646/fd/A,bo/mu/yes/yes/m/632/fd/A,0.58
bo/st/yes/no/m/646/fd/A,bo/st/no/yes/d/604/fd/U,0.57
bo/st/yes/no/m/646/fd/A,bw/st/no/yes/d/603/fd/U,0.54
bo/st/yes/no/m/646/fd/A,bo/so/yes/yes/m/588/fd/U,0.5
bo/st/yes/no/m/646/fd/A,bo/st/yes/yes/m/586/fd/U,0.87
bo/st/yes/no/m/646/fd/A,bw/so/yes/yes/d/581/fd/U,0.44
bo/st/yes/no/m/646/fd/A,bo/st/yes/yes/d/580/fd/U,0.87
bo/st/yes/no/m/646/fd/A,bw/so/yes/yes/m/587/fd/U,0.44
bo/st/yes/no/m/646/fd/A,bw/mu/yes/no/d/589/fd/U,0.49
bo/st/yes/no/m/646/fd/A,bo/so/yes/no/d/594/fd/U,0.36
bo/st/yes/no/m/646/fd/A,bw/so/yes/no/d/593/fd/U,0.33
bo/st/yes/no/m/646/fd/A,bo/st/yes/no/d/592/fd/U,1.0
bo/st/yes/no/m/646/fd/A,bw/mu/yes/no/m/595/fd/U,0.49
bo/st/yes/no/m/646/fd/A,bw/st/no/no/m/621/fd/U,0.38
bo/st/yes/no/m/646/fd/A,bw/mu/no/no/m/619/fd/U,0.46
bo/st/yes/no/m/646/fd/A,bo/mu/yes/yes/d/626/fd/A,0.58
bo/st/yes/no/m/646/fd/A,bo/st/no/yes/m/610/fd/U,0.57
bo/st/yes/no/m/646/fd/A,bo/st/yes/yes/d/628/fd/A,0.87
bo/st/yes/no/m/646/fd/A,bw/so/no/no/d/617/fd/U,0.33
bo/st/yes/no/m/646/fd/A,bw/mu/yes/no/m/643/fd/A,0.49
bo/st/yes/no/m/646/fd/A,bo/mu/yes/no/m/644/fd/A,0.57
bo/st/yes/no/m/646/fd/A,bo/so/no/no/m/672/fd/A,0.07
bo/st/yes/no/m/646/fd/A,bw/so/yes/yes/d/629/fd/A,0.44
bo/st/yes/no/m/646/fd/A,bo/st/no/no/d/616/fd/U,0.58
bo/st/yes/no/m/646/fd/A,bw/so/no/yes/m/611/fd/U,0.43
bo/st/yes/no/m/646/fd/A,bo/so/no/no/d/618/fd/U,0.07
bo/st/yes/no/m/646/fd/A,bw/st/yes/yes/d/627/fd/A,0.56
bo/st/yes/no/m/646/fd/A,bo/mu/no/no/m/620/fd/U,0.43
bo/st/yes/no/m/646/fd/A,bw/st/yes/no/m/645/fd/A,0.4
bo/st/yes/no/m/646/fd/A,bo/so/yes/no/d/642/fd/A,0.36
bo/so/no/yes/m/612/fd/U,bo/so/no/yes/d/606/fd/U,1.0
bo/so/no/yes/m/612/fd/U,bw/st/yes/no/d/639/fd/A,0.04
bo/so/no/yes/m/612/fd/U,bw/mu/no/yes/d/601/fd/U,0.04
bo/so/no/yes/m/612/fd/U,bw/mu/yes/no/d/637/fd/A,0.04
bo/so/no/yes/m/612/fd/U,bo/mu/no/yes/m/608/fd/U,0.04
bo/so/no/yes/m/612/fd/U,bo/so/yes/yes/d/630/fd/A,0.14
bo/so/no/yes/m/612/fd/U,bo/st/no/no/d/664/fd/A,0.07
bo/so/no/yes/m/612/fd/U,bw/st/no/no/d/663/fd/A,0.04
bo/so/no/yes/m/612/fd/U,bw/mu/no/yes/m/655/fd/A,0.04
bo/so/no/yes/m/612/fd/U,bo/st/no/yes/d/652/fd/A,0.07
bo/so/no/yes/m/612/fd/U,bw/mu/yes/yes/m/631/fd/A,0.04
bo/so/no/yes/m/612/fd/U,bo/so/yes/yes/m/636/fd/A,0.14
bo/so/no/yes/m/612/fd/U,bw/st/no/yes/m/609/fd/U,0.05
bo/so/no/yes/m/612/fd/U,bo/so/yes/no/m/600/fd/U,0.1
bo/so/no/yes/m/612/fd/U,bw/mu/no/yes/m/607/fd/U,0.04
bo/so/no/yes/m/612/fd/U,bo/mu/yes/no/d/638/fd/A,0.05
bo/so/no/yes/m/612/fd/U,bw/so/no/yes/d/653/fd/A,0.12
bo/so/no/yes/m/612/fd/U,bo/so/no/yes/d/654/fd/A,1.0
bo/so/no/yes/m/612/fd/U,bo/mu/no/no/d/662/fd/A,0.03
bo/so/no/yes/m/612/fd/U,bw/so/no/no/d/665/fd/A,0.1
bo/so/no/yes/m/612/fd/U,bo/mu/yes/yes/d/578/fd/U,0.05
bo/so/no/yes/m/612/fd/U,bo/so/yes/yes/d/582/fd/U,0.14
bo/so/no/yes/m/612/fd/U,bw/st/yes/yes/m/585/fd/U,0.05
bo/so/no/yes/m/612/fd/U,bo/mu/yes/yes/m/584/fd/U,0.05
bo/so/no/yes/m/612/fd/U,bw/mu/yes/yes/m/583/fd/U,0.04
bo/so/no/yes/m/612/fd/U,bw/mu/yes/yes/d/577/fd/U,0.04
bo/so/no/yes/m/612/fd/U,bw/st/yes/yes/d/579/fd/U,0.05
bo/so/no/yes/m/612/fd/U,bo/mu/yes/no/d/590/fd/U,0.05
bo/so/no/yes/m/612/fd/U,bw/st/yes/no/m/597/fd/U,0.04
bo/so/no/yes/m/612/fd/U,bw/so/yes/no/m/599/fd/U,0.09
bo/so/no/yes/m/612/fd/U,bo/st/yes/no/m/598/fd/U,0.06
bo/so/no/yes/m/612/fd/U,bo/mu/yes/no/m/596/fd/U,0.05
bo/so/no/yes/m/612/fd/U,bw/st/yes/no/d/591/fd/U,0.04
bo/so/no/yes/m/612/fd/U,bw/so/yes/no/m/647/fd/A,0.09
bo/so/no/yes/m/612/fd/U,bo/st/yes/no/d/640/fd/A,0.06
bo/so/no/yes/m/612/fd/U,bw/mu/no/yes/d/649/fd/A,0.04
bo/so/no/yes/m/612/fd/U,bw/so/no/no/m/671/fd/A,0.1
bo/so/no/yes/m/612/fd/U,bw/mu/yes/yes/d/625/fd/A,0.04
bo/so/no/yes/m/612/fd/U,bo/st/no/no/m/622/fd/U,0.07
bo/so/no/yes/m/612/fd/U,bo/mu/no/no/d/614/fd/U,0.03
bo/so/no/yes/m/612/fd/U,bw/mu/no/no/d/613/fd/U,0.04
bo/so/no/yes/m/612/fd/U,bo/st/no/no/m/670/fd/A,0.07
bo/so/no/yes/m/612/fd/U,bo/so/yes/no/m/648/fd/A,0.1
bo/so/no/yes/m/612/fd/U,bw/so/yes/no/d/641/fd/A,0.09
bo/so/no/yes/m/612/fd/U,bo/st/yes/no/m/646/fd/A,0.06
bo/so/no/yes/m/612/fd/U,bo/so/no/yes/m/612/fd/U,1.0
bo/so/no/yes/m/612/fd/U,bw/st/no/no/d/615/fd/U,0.04
bo/so/no/yes/m/612/fd/U,bw/so/no/no/m/623/fd/U,0.1
bo/so/no/yes/m/612/fd/U,bo/so/no/no/m/624/fd/U,0.44
bo/so/no/yes/m/612/fd/U,bo/so/no/yes/m/660/fd/A,1.0
bo/so/no/yes/m/612/fd/U,bo/st/no/yes/m/658/fd/A,0.07
bo/so/no/yes/m/612/fd/U,bw/mu/no/no/m/667/fd/A,0.04
bo/so/no/yes/m/612/fd/U,bw/st/no/yes/d/651/fd/A,0.05
bo/so/no/yes/m/612/fd/U,bw/st/no/no/m/669/fd/A,0.04
bo/so/no/yes/m/612/fd/U,bo/mu/no/yes/m/656/fd/A,0.04
bo/so/no/yes/m/612/fd/U,bo/mu/no/yes/d/602/fd/U,0.04
bo/so/no/yes/m/612/fd/U,bw/so/no/yes/d/605/fd/U,0.12
bo/so/no/yes/m/612/fd/U,bw/st/yes/yes/m/633/fd/A,0.05
bo/so/no/yes/m/612/fd/U,bo/st/yes/yes/m/634/fd/A,0.06
bo/so/no/yes/m/612/fd/U,bo/mu/no/no/m/668/fd/A,0.03
bo/so/no/yes/m/612/fd/U,bw/st/no/yes/m/657/fd/A,0.05
bo/so/no/yes/m/612/fd/U,bo/mu/no/yes/d/650/fd/A,0.04
bo/so/no/yes/m/612/fd/U,bw/so/no/yes/m/659/fd/A,0.12
bo/so/no/yes/m/612/fd/U,bo/so/no/no/d/666/fd/A,0.44
bo/so/no/yes/m/612/fd/U,bw/mu/no/no/d/661/fd/A,0.04
bo/so/no/yes/m/612/fd/U,bw/so/yes/yes/m/635/fd/A,0.11
bo/so/no/yes/m/612/fd/U,bo/mu/yes/yes/m/632/fd/A,0.05
bo/so/no/yes/m/612/fd/U,bo/st/no/yes/d/604/fd/U,0.07
bo/so/no/yes/m/612/fd/U,bw/st/no/yes/d/603/fd/U,0.05
bo/so/no/yes/m/612/fd/U,bo/so/yes/yes/m/588/fd/U,0.14
bo/so/no/yes/m/612/fd/U,bo/st/yes/yes/m/586/fd/U,0.06
bo/so/no/yes/m/612/fd/U,bw/so/yes/yes/d/581/fd/U,0.11
bo/so/no/yes/m/612/fd/U,bo/st/yes/yes/d/580/fd/U,0.06
bo/so/no/yes/m/612/fd/U,bw/so/yes/yes/m/587/fd/U,0.11
bo/so/no/yes/m/612/fd/U,bw/mu/yes/no/d/589/fd/U,0.04
bo/so/no/yes/m/612/fd/U,bo/so/yes/no/d/594/fd/U,0.1
bo/so/no/yes/m/612/fd/U,bw/so/yes/no/d/593/fd/U,0.09
bo/so/no/yes/m/612/fd/U,bo/st/yes/no/d/592/fd/U,0.06
bo/so/no/yes/m/612/fd/U,bw/mu/yes/no/m/595/fd/U,0.04
bo/so/no/yes/m/612/fd/U,bw/st/no/no/m/621/fd/U,0.04
bo/so/no/yes/m/612/fd/U,bw/mu/no/no/m/619/fd/U,0.04
bo/so/no/yes/m/612/fd/U,bo/mu/yes/yes/d/626/fd/A,0.05
bo/so/no/yes/m/612/fd/U,bo/st/no/yes/m/610/fd/U,0.07
bo/so/no/yes/m/612/fd/U,bo/st/yes/yes/d/628/fd/A,0.06
bo/so/no/yes/m/612/fd/U,bw/so/no/no/d/617/fd/U,0.1
bo/so/no/yes/m/612/fd/U,bw/mu/yes/no/m/643/fd/A,0.04
bo/so/no/yes/m/612/fd/U,bo/mu/yes/no/m/644/fd/A,0.05
bo/so/no/yes/m/612/fd/U,bo/so/no/no/m/672/fd/A,0.44
bo/so/no/yes/m/612/fd/U,bw/so/yes/yes/d/629/fd/A,0.11
bo/so/no/yes/m/612/fd/U,bo/st/no/no/d/616/fd/U,0.07
bo/so/no/yes/m/612/fd/U,bw/so/no/yes/m/611/fd/U,0.12
bo/so/no/yes/m/612/fd/U,bo/so/no/no/d/618/fd/U,0.44
bo/so/no/yes/m/612/fd/U,bw/st/yes/yes/d/627/fd/A,0.05
bo/so/no/yes/m/612/fd/U,bo/mu/no/no/m/620/fd/U,0.03
bo/so/no/yes/m/612/fd/U,bw/st/yes/no/m/645/fd/A,0.04
bo/so/no/yes/m/612/fd/U,bo/so/yes/no/d/642/fd/A,0.1
bw/st/no/no/d/615/fd/U,bo/so/no/yes/d/606/fd/U,0.04
bw/st/no/no/d/615/fd/U,bw/st/yes/no/d/639/fd/A,0.81
bw/st/no/no/d/615/fd/U,bw/mu/no/yes/d/601/fd/U,0.34
bw/st/no/no/d/615/fd/U,bw/mu/yes/no/d/637/fd/A,0.36
bw/st/no/no/d/615/fd/U,bo/mu/no/yes/m/608/fd/U,0.29
bw/st/no/no/d/615/fd/U,bo/so/yes/yes/d/630/fd/A,0.29
bw/st/no/no/d/615/fd/U,bo/st/no/no/d/664/fd/A,0.28
bw/st/no/no/d/615/fd/U,bw/st/no/no/d/663/fd/A,1.0
bw/st/no/no/d/615/fd/U,bw/mu/no/yes/m/655/fd/A,0.34
bw/st/no/no/d/615/fd/U,bo/st/no/yes/d/652/fd/A,0.26
bw/st/no/no/d/615/fd/U,bw/mu/yes/yes/m/631/fd/A,0.35
bw/st/no/no/d/615/fd/U,bo/so/yes/yes/m/636/fd/A,0.29
bw/st/no/no/d/615/fd/U,bw/st/no/yes/m/609/fd/U,0.66
bw/st/no/no/d/615/fd/U,bo/so/yes/no/m/600/fd/U,0.25
bw/st/no/no/d/615/fd/U,bw/mu/no/yes/m/607/fd/U,0.34
bw/st/no/no/d/615/fd/U,bo/mu/yes/no/d/638/fd/A,0.31
bw/st/no/no/d/615/fd/U,bw/so/no/yes/d/653/fd/A,0.31
bw/st/no/no/d/615/fd/U,bo/so/no/yes/d/654/fd/A,0.04
bw/st/no/no/d/615/fd/U,bo/mu/no/no/d/662/fd/A,0.32
bw/st/no/no/d/615/fd/U,bw/so/no/no/d/665/fd/A,0.28
bw/st/no/no/d/615/fd/U,bo/mu/yes/yes/d/578/fd/U,0.29
bw/st/no/no/d/615/fd/U,bo/so/yes/yes/d/582/fd/U,0.29
bw/st/no/no/d/615/fd/U,bw/st/yes/yes/m/585/fd/U,0.59
bw/st/no/no/d/615/fd/U,bo/mu/yes/yes/m/584/fd/U,0.29
bw/st/no/no/d/615/fd/U,bw/mu/yes/yes/m/583/fd/U,0.35
bw/st/no/no/d/615/fd/U,bw/mu/yes/yes/d/577/fd/U,0.35
bw/st/no/no/d/615/fd/U,bw/st/yes/yes/d/579/fd/U,0.59
bw/st/no/no/d/615/fd/U,bo/mu/yes/no/d/590/fd/U,0.31
bw/st/no/no/d/615/fd/U,bw/st/yes/no/m/597/fd/U,0.81
bw/st/no/no/d/615/fd/U,bw/so/yes/no/m/599/fd/U,0.27
bw/st/no/no/d/615/fd/U,bo/st/yes/no/m/598/fd/U,0.38
bw/st/no/no/d/615/fd/U,bo/mu/yes/no/m/596/fd/U,0.31
bw/st/no/no/d/615/fd/U,bw/st/yes/no/d/591/fd/U,0.81
bw/st/no/no/d/615/fd/U,bw/so/yes/no/m/647/fd/A,0.27
bw/st/no/no/d/615/fd/U,bo/st/yes/no/d/640/fd/A,0.38
bw/st/no/no/d/615/fd/U,bw/mu/no/yes/d/649/fd/A,0.34
bw/st/no/no/d/615/fd/U,bw/so/no/no/m/671/fd/A,0.28
bw/st/no/no/d/615/fd/U,bw/mu/yes/yes/d/625/fd/A,0.35
bw/st/no/no/d/615/fd/U,bo/st/no/no/m/622/fd/U,0.28
bw/st/no/no/d/615/fd/U,bo/mu/no/no/d/614/fd/U,0.32
bw/st/no/no/d/615/fd/U,bw/mu/no/no/d/613/fd/U,0.36
bw/st/no/no/d/615/fd/U,bo/st/no/no/m/670/fd/A,0.28
bw/st/no/no/d/615/fd/U,bo/so/yes/no/m/648/fd/A,0.25
bw/st/no/no/d/615/fd/U,bw/so/yes/no/d/641/fd/A,0.27
bw/st/no/no/d/615/fd/U,bo/st/yes/no/m/646/fd/A,0.38
bw/st/no/no/d/615/fd/U,bo/so/no/yes/m/612/fd/U,0.04
bw/st/no/no/d/615/fd/U,bw/st/no/no/d/615/fd/U,1.0
bw/st/no/no/d/615/fd/U,bw/so/no/no/m/623/fd/U,0.28
bw/st/no/no/d/615/fd/U,bo/so/no/no/m/624/fd/U,0.05
bw/st/no/no/d/615/fd/U,bo/so/no/yes/m/660/fd/A,0.04
bw/st/no/no/d/615/fd/U,bo/st/no/yes/m/658/fd/A,0.26
bw/st/no/no/d/615/fd/U,bw/mu/no/no/m/667/fd/A,0.36
bw/st/no/no/d/615/fd/U,bw/st/no/yes/d/651/fd/A,0.66
bw/st/no/no/d/615/fd/U,bw/st/no/no/m/669/fd/A,1.0
bw/st/no/no/d/615/fd/U,bo/mu/no/yes/m/656/fd/A,0.29
bw/st/no/no/d/615/fd/U,bo/mu/no/yes/d/602/fd/U,0.29
bw/st/no/no/d/615/fd/U,bw/so/no/yes/d/605/fd/U,0.31
bw/st/no/no/d/615/fd/U,bw/st/yes/yes/m/633/fd/A,0.59
bw/st/no/no/d/615/fd/U,bo/st/yes/yes/m/634/fd/A,0.34
bw/st/no/no/d/615/fd/U,bo/mu/no/no/m/668/fd/A,0.32
bw/st/no/no/d/615/fd/U,bw/st/no/yes/m/657/fd/A,0.66
bw/st/no/no/d/615/fd/U,bo/mu/no/yes/d/650/fd/A,0.29
bw/st/no/no/d/615/fd/U,bw/so/no/yes/m/659/fd/A,0.31
bw/st/no/no/d/615/fd/U,bo/so/no/no/d/666/fd/A,0.05
bw/st/no/no/d/615/fd/U,bw/mu/no/no/d/661/fd/A,0.36
bw/st/no/no/d/615/fd/U,bw/so/yes/yes/m/635/fd/A,0.3
bw/st/no/no/d/615/fd/U,bo/mu/yes/yes/m/632/fd/A,0.29
bw/st/no/no/d/615/fd/U,bo/st/no/yes/d/604/fd/U,0.26
bw/st/no/no/d/615/fd/U,bw/st/no/yes/d/603/fd/U,0.66
bw/st/no/no/d/615/fd/U,bo/so/yes/yes/m/588/fd/U,0.29
bw/st/no/no/d/615/fd/U,bo/st/yes/yes/m/586/fd/U,0.34
bw/st/no/no/d/615/fd/U,bw/so/yes/yes/d/581/fd/U,0.3
bw/st/no/no/d/615/fd/U,bo/st/yes/yes/d/580/fd/U,0.34
bw/st/no/no/d/615/fd/U,bw/so/yes/yes/m/587/fd/U,0.3
bw/st/no/no/d/615/fd/U,bw/mu/yes/no/d/589/fd/U,0.36
bw/st/no/no/d/615/fd/U,bo/so/yes/no/d/594/fd/U,0.25
bw/st/no/no/d/615/fd/U,bw/so/yes/no/d/593/fd/U,0.27
bw/st/no/no/d/615/fd/U,bo/st/yes/no/d/592/fd/U,0.38
bw/st/no/no/d/615/fd/U,bw/mu/yes/no/m/595/fd/U,0.36
bw/st/no/no/d/615/fd/U,bw/st/no/no/m/621/fd/U,1.0
bw/st/no/no/d/615/fd/U,bw/mu/no/no/m/619/fd/U,0.36
bw/st/no/no/d/615/fd/U,bo/mu/yes/yes/d/626/fd/A,0.29
bw/st/no/no/d/615/fd/U,bo/st/no/yes/m/610/fd/U,0.26
bw/st/no/no/d/615/fd/U,bo/st/yes/yes/d/628/fd/A,0.34
bw/st/no/no/d/615/fd/U,bw/so/no/no/d/617/fd/U,0.28
bw/st/no/no/d/615/fd/U,bw/mu/yes/no/m/643/fd/A,0.36
bw/st/no/no/d/615/fd/U,bo/mu/yes/no/m/644/fd/A,0.31
bw/st/no/no/d/615/fd/U,bo/so/no/no/m/672/fd/A,0.05
bw/st/no/no/d/615/fd/U,bw/so/yes/yes/d/629/fd/A,0.3
bw/st/no/no/d/615/fd/U,bo/st/no/no/d/616/fd/U,0.28
bw/st/no/no/d/615/fd/U,bw/so/no/yes/m/611/fd/U,0.31
bw/st/no/no/d/615/fd/U,bo/so/no/no/d/618/fd/U,0.05
bw/st/no/no/d/615/fd/U,bw/st/yes/yes/d/627/fd/A,0.59
bw/st/no/no/d/615/fd/U,bo/mu/no/no/m/620/fd/U,0.32
bw/st/no/no/d/615/fd/U,bw/st/yes/no/m/645/fd/A,0.81
bw/st/no/no/d/615/fd/U,bo/so/yes/no/d/642/fd/A,0.25
bw/so/no/no/m/623/fd/U,bo/so/no/yes/d/606/fd/U,0.1
bw/so/no/no/m/623/fd/U,bw/st/yes/no/d/639/fd/A,0.28
bw/so/no/no/m/623/fd/U,bw/mu/no/yes/d/601/fd/U,0.25
bw/so/no/no/m/623/fd/U,bw/mu/yes/no/d/637/fd/A,0.25
bw/so/no/no/m/623/fd/U,bo/mu/no/yes/m/608/fd/U,0.24
bw/so/no/no/m/623/fd/U,bo/so/yes/yes/d/630/fd/A,0.46
bw/so/no/no/m/623/fd/U,bo/st/no/no/d/664/fd/A,0.29
bw/so/no/no/m/623/fd/U,bw/st/no/no/d/663/fd/A,0.28
bw/so/no/no/m/623/fd/U,bw/mu/no/yes/m/655/fd/A,0.25
bw/so/no/no/m/623/fd/U,bo/st/no/yes/d/652/fd/A,0.26
bw/so/no/no/m/623/fd/U,bw/mu/yes/yes/m/631/fd/A,0.26
bw/so/no/no/m/623/fd/U,bo/so/yes/yes/m/636/fd/A,0.46
bw/so/no/no/m/623/fd/U,bw/st/no/yes/m/609/fd/U,0.31
bw/so/no/no/m/623/fd/U,bo/so/yes/no/m/600/fd/U,0.71
bw/so/no/no/m/623/fd/U,bw/mu/no/yes/m/607/fd/U,0.25
bw/so/no/no/m/623/fd/U,bo/mu/yes/no/d/638/fd/A,0.26
bw/so/no/no/m/623/fd/U,bw/so/no/yes/d/653/fd/A,0.64
bw/so/no/no/m/623/fd/U,bo/so/no/yes/d/654/fd/A,0.1
bw/so/no/no/m/623/fd/U,bo/mu/no/no/d/662/fd/A,0.22
bw/so/no/no/m/623/fd/U,bw/so/no/no/d/665/fd/A,1.0
bw/so/no/no/m/623/fd/U,bo/mu/yes/yes/d/578/fd/U,0.27
bw/so/no/no/m/623/fd/U,bo/so/yes/yes/d/582/fd/U,0.46
bw/so/no/no/m/623/fd/U,bw/st/yes/yes/m/585/fd/U,0.31
bw/so/no/no/m/623/fd/U,bo/mu/yes/yes/m/584/fd/U,0.27
bw/so/no/no/m/623/fd/U,bw/mu/yes/yes/m/583/fd/U,0.26
bw/so/no/no/m/623/fd/U,bw/mu/yes/yes/d/577/fd/U,0.26
bw/so/no/no/m/623/fd/U,bw/st/yes/yes/d/579/fd/U,0.31
bw/so/no/no/m/623/fd/U,bo/mu/yes/no/d/590/fd/U,0.26
bw/so/no/no/m/623/fd/U,bw/st/yes/no/m/597/fd/U,0.28
bw/so/no/no/m/623/fd/U,bw/so/yes/no/m/599/fd/U,0.87
bw/so/no/no/m/623/fd/U,bo/st/yes/no/m/598/fd/U,0.33
bw/so/no/no/m/623/fd/U,bo/mu/yes/no/m/596/fd/U,0.26
bw/so/no/no/m/623/fd/U,bw/st/yes/no/d/591/fd/U,0.28
bw/so/no/no/m/623/fd/U,bw/so/yes/no/m/647/fd/A,0.87
bw/so/no/no/m/623/fd/U,bo/st/yes/no/d/640/fd/A,0.33
bw/so/no/no/m/623/fd/U,bw/mu/no/yes/d/649/fd/A,0.25
bw/so/no/no/m/623/fd/U,bw/so/no/no/m/671/fd/A,1.0
bw/so/no/no/m/623/fd/U,bw/mu/yes/yes/d/625/fd/A,0.26
bw/so/no/no/m/623/fd/U,bo/st/no/no/m/622/fd/U,0.29
bw/so/no/no/m/623/fd/U,bo/mu/no/no/d/614/fd/U,0.22
bw/so/no/no/m/623/fd/U,bw/mu/no/no/d/613/fd/U,0.25
bw/so/no/no/m/623/fd/U,bo/st/no/no/m/670/fd/A,0.29
bw/so/no/no/m/623/fd/U,bo/so/yes/no/m/648/fd/A,0.71
bw/so/no/no/m/623/fd/U,bw/so/yes/no/d/641/fd/A,0.87
bw/so/no/no/m/623/fd/U,bo/st/yes/no/m/646/fd/A,0.33
bw/so/no/no/m/623/fd/U,bo/so/no/yes/m/612/fd/U,0.1
bw/so/no/no/m/623/fd/U,bw/st/no/no/d/615/fd/U,0.28
bw/so/no/no/m/623/fd/U,bw/so/no/no/m/623/fd/U,1.0
bw/so/no/no/m/623/fd/U,bo/so/no/no/m/624/fd/U,0.17
bw/so/no/no/m/623/fd/U,bo/so/no/yes/m/660/fd/A,0.1
bw/so/no/no/m/623/fd/U,bo/st/no/yes/m/658/fd/A,0.26
bw/so/no/no/m/623/fd/U,bw/mu/no/no/m/667/fd/A,0.25
bw/so/no/no/m/623/fd/U,bw/st/no/yes/d/651/fd/A,0.31
bw/so/no/no/m/623/fd/U,bw/st/no/no/m/669/fd/A,0.28
bw/so/no/no/m/623/fd/U,bo/mu/no/yes/m/656/fd/A,0.24
bw/so/no/no/m/623/fd/U,bo/mu/no/yes/d/602/fd/U,0.24
bw/so/no/no/m/623/fd/U,bw/so/no/yes/d/605/fd/U,0.64
bw/so/no/no/m/623/fd/U,bw/st/yes/yes/m/633/fd/A,0.31
bw/so/no/no/m/623/fd/U,bo/st/yes/yes/m/634/fd/A,0.31
bw/so/no/no/m/623/fd/U,bo/mu/no/no/m/668/fd/A,0.22
bw/so/no/no/m/623/fd/U,bw/st/no/yes/m/657/fd/A,0.31
bw/so/no/no/m/623/fd/U,bo/mu/no/yes/d/650/fd/A,0.24
bw/so/no/no/m/623/fd/U,bw/so/no/yes/m/659/fd/A,0.64
bw/so/no/no/m/623/fd/U,bo/so/no/no/d/666/fd/A,0.17
bw/so/no/no/m/623/fd/U,bw/mu/no/no/d/661/fd/A,0.25
bw/so/no/no/m/623/fd/U,bw/so/yes/yes/m/635/fd/A,0.58
bw/so/no/no/m/623/fd/U,bo/mu/yes/yes/m/632/fd/A,0.27
bw/so/no/no/m/623/fd/U,bo/st/no/yes/d/604/fd/U,0.26
bw/so/no/no/m/623/fd/U,bw/st/no/yes/d/603/fd/U,0.31
bw/so/no/no/m/623/fd/U,bo/so/yes/yes/m/588/fd/U,0.46
bw/so/no/no/m/623/fd/U,bo/st/yes/yes/m/586/fd/U,0.31
bw/so/no/no/m/623/fd/U,bw/so/yes/yes/d/581/fd/U,0.58
bw/so/no/no/m/623/fd/U,bo/st/yes/yes/d/580/fd/U,0.31
bw/so/no/no/m/623/fd/U,bw/so/yes/yes/m/587/fd/U,0.58
bw/so/no/no/m/623/fd/U,bw/mu/yes/no/d/589/fd/U,0.25
bw/so/no/no/m/623/fd/U,bo/so/yes/no/d/594/fd/U,0.71
bw/so/no/no/m/623/fd/U,bw/so/yes/no/d/593/fd/U,0.87
bw/so/no/no/m/623/fd/U,bo/st/yes/no/d/592/fd/U,0.33
bw/so/no/no/m/623/fd/U,bw/mu/yes/no/m/595/fd/U,0.25
bw/so/no/no/m/623/fd/U,bw/st/no/no/m/621/fd/U,0.28
bw/so/no/no/m/623/fd/U,bw/mu/no/no/m/619/fd/U,0.25
bw/so/no/no/m/623/fd/U,bo/mu/yes/yes/d/626/fd/A,0.27
bw/so/no/no/m/623/fd/U,bo/st/no/yes/m/610/fd/U,0.26
bw/so/no/no/m/623/fd/U,bo/st/yes/yes/d/628/fd/A,0.31
bw/so/no/no/m/623/fd/U,bw/so/no/no/d/617/fd/U,1.0
bw/so/no/no/m/623/fd/U,bw/mu/yes/no/m/643/fd/A,0.25
bw/so/no/no/m/623/fd/U,bo/mu/yes/no/m/644/fd/A,0.26
bw/so/no/no/m/623/fd/U,bo/so/no/no/m/672/fd/A,0.17
bw/so/no/no/m/623/fd/U,bw/so/yes/yes/d/629/fd/A,0.58
bw/so/no/no/m/623/fd/U,bo/st/no/no/d/616/fd/U,0.29
bw/so/no/no/m/623/fd/U,bw/so/no/yes/m/611/fd/U,0.64
bw/so/no/no/m/623/fd/U,bo/so/no/no/d/618/fd/U,0.17
bw/so/no/no/m/623/fd/U,bw/st/yes/yes/d/627/fd/A,0.31
bw/so/no/no/m/623/fd/U,bo/mu/no/no/m/620/fd/U,0.22
bw/so/no/no/m/623/fd/U,bw/st/yes/no/m/645/fd/A,0.28
bw/so/no/no/m/623/fd/U,bo/so/yes/no/d/642/fd/A,0.71
bo/so/no/no/m/624/fd/U,bo/so/no/yes/d/606/fd/U,0.44
bo/so/no/no/m/624/fd/U,bw/st/yes/no/d/639/fd/A,0.05
bo/so/no/no/m/624/fd/U,bw/mu/no/yes/d/601/fd/U,0.04
bo/so/no/no/m/624/fd/U,bw/mu/yes/no/d/637/fd/A,0.04
bo/so/no/no/m/624/fd/U,bo/mu/no/yes/m/608/fd/U,0.04
bo/so/no/no/m/624/fd/U,bo/so/yes/yes/d/630/fd/A,0.14
bo/so/no/no/m/624/fd/U,bo/st/no/no/d/664/fd/A,0.08
bo/so/no/no/m/624/fd/U,bw/st/no/no/d/663/fd/A,0.05
bo/so/no/no/m/624/fd/U,bw/mu/no/yes/m/655/fd/A,0.04
bo/so/no/no/m/624/fd/U,bo/st/no/yes/d/652/fd/A,0.05
bo/so/no/no/m/624/fd/U,bw/mu/yes/yes/m/631/fd/A,0.04
bo/so/no/no/m/624/fd/U,bo/so/yes/yes/m/636/fd/A,0.14
bo/so/no/no/m/624/fd/U,bw/st/no/yes/m/609/fd/U,0.06
bo/so/no/no/m/624/fd/U,bo/so/yes/no/m/600/fd/U,0.19
bo/so/no/no/m/624/fd/U,bw/mu/no/yes/m/607/fd/U,0.04
bo/so/no/no/m/624/fd/U,bo/mu/yes/no/d/638/fd/A,0.04
bo/so/no/no/m/624/fd/U,bw/so/no/yes/d/653/fd/A,0.14
bo/so/no/no/m/624/fd/U,bo/so/no/yes/d/654/fd/A,0.44
bo/so/no/no/m/624/fd/U,bo/mu/no/no/d/662/fd/A,0.03
bo/so/no/no/m/624/fd/U,bw/so/no/no/d/665/fd/A,0.17
bo/so/no/no/m/624/fd/U,bo/mu/yes/yes/d/578/fd/U,0.04
bo/so/no/no/m/624/fd/U,bo/so/yes/yes/d/582/fd/U,0.14
bo/so/no/no/m/624/fd/U,bw/st/yes/yes/m/585/fd/U,0.06
bo/so/no/no/m/624/fd/U,bo/mu/yes/yes/m/584/fd/U,0.04
bo/so/no/no/m/624/fd/U,bw/mu/yes/yes/m/583/fd/U,0.04
bo/so/no/no/m/624/fd/U,bw/mu/yes/yes/d/577/fd/U,0.04
bo/so/no/no/m/624/fd/U,bw/st/yes/yes/d/579/fd/U,0.06
bo/so/no/no/m/624/fd/U,bo/mu/yes/no/d/590/fd/U,0.04
bo/so/no/no/m/624/fd/U,bw/st/yes/no/m/597/fd/U,0.05
bo/so/no/no/m/624/fd/U,bw/so/yes/no/m/599/fd/U,0.16
bo/so/no/no/m/624/fd/U,bo/st/yes/no/m/598/fd/U,0.07
bo/so/no/no/m/624/fd/U,bo/mu/yes/no/m/596/fd/U,0.04
bo/so/no/no/m/624/fd/U,bw/st/yes/no/d/591/fd/U,0.05
bo/so/no/no/m/624/fd/U,bw/so/yes/no/m/647/fd/A,0.16
bo/so/no/no/m/624/fd/U,bo/st/yes/no/d/640/fd/A,0.07
bo/so/no/no/m/624/fd/U,bw/mu/no/yes/d/649/fd/A,0.04
bo/so/no/no/m/624/fd/U,bw/so/no/no/m/671/fd/A,0.17
bo/so/no/no/m/624/fd/U,bw/mu/yes/yes/d/625/fd/A,0.04
bo/so/no/no/m/624/fd/U,bo/st/no/no/m/622/fd/U,0.08
bo/so/no/no/m/624/fd/U,bo/mu/no/no/d/614/fd/U,0.03
bo/so/no/no/m/624/fd/U,bw/mu/no/no/d/613/fd/U,0.03
bo/so/no/no/m/624/fd/U,bo/st/no/no/m/670/fd/A,0.08
bo/so/no/no/m/624/fd/U,bo/so/yes/no/m/648/fd/A,0.19
bo/so/no/no/m/624/fd/U,bw/so/yes/no/d/641/fd/A,0.16
bo/so/no/no/m/624/fd/U,bo/st/yes/no/m/646/fd/A,0.07
bo/so/no/no/m/624/fd/U,bo/so/no/yes/m/612/fd/U,0.44
bo/so/no/no/m/624/fd/U,bw/st/no/no/d/615/fd/U,0.05
bo/so/no/no/m/624/fd/U,bw/so/no/no/m/623/fd/U,0.17
bo/so/no/no/m/624/fd/U,bo/so/no/no/m/624/fd/U,1.0
bo/so/no/no/m/624/fd/U,bo/so/no/yes/m/660/fd/A,0.44
bo/so/no/no/m/624/fd/U,bo/st/no/yes/m/658/fd/A,0.05
bo/so/no/no/m/624/fd/U,bw/mu/no/no/m/667/fd/A,0.03
bo/so/no/no/m/624/fd/U,bw/st/no/yes/d/651/fd/A,0.06
bo/so/no/no/m/624/fd/U,bw/st/no/no/m/669/fd/A,0.05
bo/so/no/no/m/624/fd/U,bo/mu/no/yes/m/656/fd/A,0.04
bo/so/no/no/m/624/fd/U,bo/mu/no/yes/d/602/fd/U,0.04
bo/so/no/no/m/624/fd/U,bw/so/no/yes/d/605/fd/U,0.14
bo/so/no/no/m/624/fd/U,bw/st/yes/yes/m/633/fd/A,0.06
bo/so/no/no/m/624/fd/U,bo/st/yes/yes/m/634/fd/A,0.06
bo/so/no/no/m/624/fd/U,bo/mu/no/no/m/668/fd/A,0.03
bo/so/no/no/m/624/fd/U,bw/st/no/yes/m/657/fd/A,0.06
bo/so/no/no/m/624/fd/U,bo/mu/no/yes/d/650/fd/A,0.04
bo/so/no/no/m/624/fd/U,bw/so/no/yes/m/659/fd/A,0.14
bo/so/no/no/m/624/fd/U,bo/so/no/no/d/666/fd/A,1.0
bo/so/no/no/m/624/fd/U,bw/mu/no/no/d/661/fd/A,0.03
bo/so/no/no/m/624/fd/U,bw/so/yes/yes/m/635/fd/A,0.12
bo/so/no/no/m/624/fd/U,bo/mu/yes/yes/m/632/fd/A,0.04
bo/so/no/no/m/624/fd/U,bo/st/no/yes/d/604/fd/U,0.05
bo/so/no/no/m/624/fd/U,bw/st/no/yes/d/603/fd/U,0.06
bo/so/no/no/m/624/fd/U,bo/so/yes/yes/m/588/fd/U,0.14
bo/so/no/no/m/624/fd/U,bo/st/yes/yes/m/586/fd/U,0.06
bo/so/no/no/m/624/fd/U,bw/so/yes/yes/d/581/fd/U,0.12
bo/so/no/no/m/624/fd/U,bo/st/yes/yes/d/580/fd/U,0.06
bo/so/no/no/m/624/fd/U,bw/so/yes/yes/m/587/fd/U,0.12
bo/so/no/no/m/624/fd/U,bw/mu/yes/no/d/589/fd/U,0.04
bo/so/no/no/m/624/fd/U,bo/so/yes/no/d/594/fd/U,0.19
bo/so/no/no/m/624/fd/U,bw/so/yes/no/d/593/fd/U,0.16
bo/so/no/no/m/624/fd/U,bo/st/yes/no/d/592/fd/U,0.07
bo/so/no/no/m/624/fd/U,bw/mu/yes/no/m/595/fd/U,0.04
bo/so/no/no/m/624/fd/U,bw/st/no/no/m/621/fd/U,0.05
bo/so/no/no/m/624/fd/U,bw/mu/no/no/m/619/fd/U,0.03
bo/so/no/no/m/624/fd/U,bo/mu/yes/yes/d/626/fd/A,0.04
bo/so/no/no/m/624/fd/U,bo/st/no/yes/m/610/fd/U,0.05
bo/so/no/no/m/624/fd/U,bo/st/yes/yes/d/628/fd/A,0.06
bo/so/no/no/m/624/fd/U,bw/so/no/no/d/617/fd/U,0.17
bo/so/no/no/m/624/fd/U,bw/mu/yes/no/m/643/fd/A,0.04
bo/so/no/no/m/624/fd/U,bo/mu/yes/no/m/644/fd/A,0.04
bo/so/no/no/m/624/fd/U,bo/so/no/no/m/672/fd/A,1.0
bo/so/no/no/m/624/fd/U,bw/so/yes/yes/d/629/fd/A,0.12
bo/so/no/no/m/624/fd/U,bo/st/no/no/d/616/fd/U,0.08
bo/so/no/no/m/624/fd/U,bw/so/no/yes/m/611/fd/U,0.14
bo/so/no/no/m/624/fd/U,bo/so/no/no/d/618/fd/U,1.0
bo/so/no/no/m/624/fd/U,bw/st/yes/yes/d/627/fd/A,0.06
bo/so/no/no/m/624/fd/U,bo/mu/no/no/m/620/fd/U,0.03
bo/so/no/no/m/624/fd/U,bw/st/yes/no/m/645/fd/A,0.05
bo/so/no/no/m/624/fd/U,bo/so/yes/no/d/642/fd/A,0.19
bo/so/no/yes/m/660/fd/A,bo/so/no/yes/d/606/fd/U,1.0
bo/so/no/yes/m/660/fd/A,bw/st/yes/no/d/639/fd/A,0.04
bo/so/no/yes/m/660/fd/A,bw/mu/no/yes/d/601/fd/U,0.04
bo/so/no/yes/m/660/fd/A,bw/mu/yes/no/d/637/fd/A,0.04
bo/so/no/yes/m/660/fd/A,bo/mu/no/yes/m/608/fd/U,0.04
bo/so/no/yes/m/660/fd/A,bo/so/yes/yes/d/630/fd/A,0.14
bo/so/no/yes/m/660/fd/A,bo/st/no/no/d/664/fd/A,0.07
bo/so/no/yes/m/660/fd/A,bw/st/no/no/d/663/fd/A,0.04
bo/so/no/yes/m/660/fd/A,bw/mu/no/yes/m/655/fd/A,0.04
bo/so/no/yes/m/660/fd/A,bo/st/no/yes/d/652/fd/A,0.07
bo/so/no/yes/m/660/fd/A,bw/mu/yes/yes/m/631/fd/A,0.04
bo/so/no/yes/m/660/fd/A,bo/so/yes/yes/m/636/fd/A,0.14
bo/so/no/yes/m/660/fd/A,bw/st/no/yes/m/609/fd/U,0.05
bo/so/no/yes/m/660/fd/A,bo/so/yes/no/m/600/fd/U,0.1
bo/so/no/yes/m/660/fd/A,bw/mu/no/yes/m/607/fd/U,0.04
bo/so/no/yes/m/660/fd/A,bo/mu/yes/no/d/638/fd/A,0.05
bo/so/no/yes/m/660/fd/A,bw/so/no/yes/d/653/fd/A,0.12
bo/so/no/yes/m/660/fd/A,bo/so/no/yes/d/654/fd/A,1.0
bo/so/no/yes/m/660/fd/A,bo/mu/no/no/d/662/fd/A,0.03
bo/so/no/yes/m/660/fd/A,bw/so/no/no/d/665/fd/A,0.1
bo/so/no/yes/m/660/fd/A,bo/mu/yes/yes/d/578/fd/U,0.05
bo/so/no/yes/m/660/fd/A,bo/so/yes/yes/d/582/fd/U,0.14
bo/so/no/yes/m/660/fd/A,bw/st/yes/yes/m/585/fd/U,0.05
bo/so/no/yes/m/660/fd/A,bo/mu/yes/yes/m/584/fd/U,0.05
bo/so/no/yes/m/660/fd/A,bw/mu/yes/yes/m/583/fd/U,0.04
bo/so/no/yes/m/660/fd/A,bw/mu/yes/yes/d/577/fd/U,0.04
bo/so/no/yes/m/660/fd/A,bw/st/yes/yes/d/579/fd/U,0.05
bo/so/no/yes/m/660/fd/A,bo/mu/yes/no/d/590/fd/U,0.05
bo/so/no/yes/m/660/fd/A,bw/st/yes/no/m/597/fd/U,0.04
bo/so/no/yes/m/660/fd/A,bw/so/yes/no/m/599/fd/U,0.09
bo/so/no/yes/m/660/fd/A,bo/st/yes/no/m/598/fd/U,0.06
bo/so/no/yes/m/660/fd/A,bo/mu/yes/no/m/596/fd/U,0.05
bo/so/no/yes/m/660/fd/A,bw/st/yes/no/d/591/fd/U,0.04
bo/so/no/yes/m/660/fd/A,bw/so/yes/no/m/647/fd/A,0.09
bo/so/no/yes/m/660/fd/A,bo/st/yes/no/d/640/fd/A,0.06
bo/so/no/yes/m/660/fd/A,bw/mu/no/yes/d/649/fd/A,0.04
bo/so/no/yes/m/660/fd/A,bw/so/no/no/m/671/fd/A,0.1
bo/so/no/yes/m/660/fd/A,bw/mu/yes/yes/d/625/fd/A,0.04
bo/so/no/yes/m/660/fd/A,bo/st/no/no/m/622/fd/U,0.07
bo/so/no/yes/m/660/fd/A,bo/mu/no/no/d/614/fd/U,0.03
bo/so/no/yes/m/660/fd/A,bw/mu/no/no/d/613/fd/U,0.04
bo/so/no/yes/m/660/fd/A,bo/st/no/no/m/670/fd/A,0.07
bo/so/no/yes/m/660/fd/A,bo/so/yes/no/m/648/fd/A,0.1
bo/so/no/yes/m/660/fd/A,bw/so/yes/no/d/641/fd/A,0.09
bo/so/no/yes/m/660/fd/A,bo/st/yes/no/m/646/fd/A,0.06
bo/so/no/yes/m/660/fd/A,bo/so/no/yes/m/612/fd/U,1.0
bo/so/no/yes/m/660/fd/A,bw/st/no/no/d/615/fd/U,0.04
bo/so/no/yes/m/660/fd/A,bw/so/no/no/m/623/fd/U,0.1
bo/so/no/yes/m/660/fd/A,bo/so/no/no/m/624/fd/U,0.44
bo/so/no/yes/m/660/fd/A,bo/so/no/yes/m/660/fd/A,1.0
bo/so/no/yes/m/660/fd/A,bo/st/no/yes/m/658/fd/A,0.07
bo/so/no/yes/m/660/fd/A,bw/mu/no/no/m/667/fd/A,0.04
bo/so/no/yes/m/660/fd/A,bw/st/no/yes/d/651/fd/A,0.05
bo/so/no/yes/m/660/fd/A,bw/st/no/no/m/669/fd/A,0.04
bo/so/no/yes/m/660/fd/A,bo/mu/no/yes/m/656/fd/A,0.04
bo/so/no/yes/m/660/fd/A,bo/mu/no/yes/d/602/fd/U,0.04
bo/so/no/yes/m/660/fd/A,bw/so/no/yes/d/605/fd/U,0.12
bo/so/no/yes/m/660/fd/A,bw/st/yes/yes/m/633/fd/A,0.05
bo/so/no/yes/m/660/fd/A,bo/st/yes/yes/m/634/fd/A,0.06
bo/so/no/yes/m/660/fd/A,bo/mu/no/no/m/668/fd/A,0.03
bo/so/no/yes/m/660/fd/A,bw/st/no/yes/m/657/fd/A,0.05
bo/so/no/yes/m/660/fd/A,bo/mu/no/yes/d/650/fd/A,0.04
bo/so/no/yes/m/660/fd/A,bw/so/no/yes/m/659/fd/A,0.12
bo/so/no/yes/m/660/fd/A,bo/so/no/no/d/666/fd/A,0.44
bo/so/no/yes/m/660/fd/A,bw/mu/no/no/d/661/fd/A,0.04
bo/so/no/yes/m/660/fd/A,bw/so/yes/yes/m/635/fd/A,0.11
bo/so/no/yes/m/660/fd/A,bo/mu/yes/yes/m/632/fd/A,0.05
bo/so/no/yes/m/660/fd/A,bo/st/no/yes/d/604/fd/U,0.07
bo/so/no/yes/m/660/fd/A,bw/st/no/yes/d/603/fd/U,0.05
bo/so/no/yes/m/660/fd/A,bo/so/yes/yes/m/588/fd/U,0.14
bo/so/no/yes/m/660/fd/A,bo/st/yes/yes/m/586/fd/U,0.06
bo/so/no/yes/m/660/fd/A,bw/so/yes/yes/d/581/fd/U,0.11
bo/so/no/yes/m/660/fd/A,bo/st/yes/yes/d/580/fd/U,0.06
bo/so/no/yes/m/660/fd/A,bw/so/yes/yes/m/587/fd/U,0.11
bo/so/no/yes/m/660/fd/A,bw/mu/yes/no/d/589/fd/U,0.04
bo/so/no/yes/m/660/fd/A,bo/so/yes/no/d/594/fd/U,0.1
bo/so/no/yes/m/660/fd/A,bw/so/yes/no/d/593/fd/U,0.09
bo/so/no/yes/m/660/fd/A,bo/st/yes/no/d/592/fd/U,0.06
bo/so/no/yes/m/660/fd/A,bw/mu/yes/no/m/595/fd/U,0.04
bo/so/no/yes/m/660/fd/A,bw/st/no/no/m/621/fd/U,0.04
bo/so/no/yes/m/660/fd/A,bw/mu/no/no/m/619/fd/U,0.04
bo/so/no/yes/m/660/fd/A,bo/mu/yes/yes/d/626/fd/A,0.05
bo/so/no/yes/m/660/fd/A,bo/st/no/yes/m/610/fd/U,0.07
bo/so/no/yes/m/660/fd/A,bo/st/yes/yes/d/628/fd/A,0.06
bo/so/no/yes/m/660/fd/A,bw/so/no/no/d/617/fd/U,0.1
bo/so/no/yes/m/660/fd/A,bw/mu/yes/no/m/643/fd/A,0.04
bo/so/no/yes/m/660/fd/A,bo/mu/yes/no/m/644/fd/A,0.05
bo/so/no/yes/m/660/fd/A,bo/so/no/no/m/672/fd/A,0.44
bo/so/no/yes/m/660/fd/A,bw/so/yes/yes/d/629/fd/A,0.11
bo/so/no/yes/m/660/fd/A,bo/st/no/no/d/616/fd/U,0.07
bo/so/no/yes/m/660/fd/A,bw/so/no/yes/m/611/fd/U,0.12
bo/so/no/yes/m/660/fd/A,bo/so/no/no/d/618/fd/U,0.44
bo/so/no/yes/m/660/fd/A,bw/st/yes/yes/d/627/fd/A,0.05
bo/so/no/yes/m/660/fd/A,bo/mu/no/no/m/620/fd/U,0.03
bo/so/no/yes/m/660/fd/A,bw/st/yes/no/m/645/fd/A,0.04
bo/so/no/yes/m/660/fd/A,bo/so/yes/no/d/642/fd/A,0.1
bo/st/no/yes/m/658/fd/A,bo/so/no/yes/d/606/fd/U,0.07
bo/st/no/yes/m/658/fd/A,bw/st/yes/no/d/639/fd/A,0.26
bo/st/no/yes/m/658/fd/A,bw/mu/no/yes/d/601/fd/U,0.49
bo/st/no/yes/m/658/fd/A,bw/mu/yes/no/d/637/fd/A,0.5
bo/st/no/yes/m/658/fd/A,bo/mu/no/yes/m/608/fd/U,0.59
bo/st/no/yes/m/658/fd/A,bo/so/yes/yes/d/630/fd/A,0.4
bo/st/no/yes/m/658/fd/A,bo/st/no/no/d/664/fd/A,0.84
bo/st/no/yes/m/658/fd/A,bw/st/no/no/d/663/fd/A,0.26
bo/st/no/yes/m/658/fd/A,bw/mu/no/yes/m/655/fd/A,0.49
bo/st/no/yes/m/658/fd/A,bo/st/no/yes/d/652/fd/A,1.0
bo/st/no/yes/m/658/fd/A,bw/mu/yes/yes/m/631/fd/A,0.53
bo/st/no/yes/m/658/fd/A,bo/so/yes/yes/m/636/fd/A,0.4
bo/st/no/yes/m/658/fd/A,bw/st/no/yes/m/609/fd/U,0.38
bo/st/no/yes/m/658/fd/A,bo/so/yes/no/m/600/fd/U,0.26
bo/st/no/yes/m/658/fd/A,bw/mu/no/yes/m/607/fd/U,0.49
bo/st/no/yes/m/658/fd/A,bo/mu/yes/no/d/638/fd/A,0.6
bo/st/no/yes/m/658/fd/A,bw/so/no/yes/d/653/fd/A,0.35
bo/st/no/yes/m/658/fd/A,bo/so/no/yes/d/654/fd/A,0.07
bo/st/no/yes/m/658/fd/A,bo/mu/no/no/d/662/fd/A,0.48
bo/st/no/yes/m/658/fd/A,bw/so/no/no/d/665/fd/A,0.26
bo/st/no/yes/m/658/fd/A,bo/mu/yes/yes/d/578/fd/U,0.64
bo/st/no/yes/m/658/fd/A,bo/so/yes/yes/d/582/fd/U,0.4
bo/st/no/yes/m/658/fd/A,bw/st/yes/yes/m/585/fd/U,0.38
bo/st/no/yes/m/658/fd/A,bo/mu/yes/yes/m/584/fd/U,0.64
bo/st/no/yes/m/658/fd/A,bw/mu/yes/yes/m/583/fd/U,0.53
bo/st/no/yes/m/658/fd/A,bw/mu/yes/yes/d/577/fd/U,0.53
bo/st/no/yes/m/658/fd/A,bw/st/yes/yes/d/579/fd/U,0.38
bo/st/no/yes/m/658/fd/A,bo/mu/yes/no/d/590/fd/U,0.6
bo/st/no/yes/m/658/fd/A,bw/st/yes/no/m/597/fd/U,0.26
bo/st/no/yes/m/658/fd/A,bw/so/yes/no/m/599/fd/U,0.24
bo/st/no/yes/m/658/fd/A,bo/st/yes/no/m/598/fd/U,0.57
bo/st/no/yes/m/658/fd/A,bo/mu/yes/no/m/596/fd/U,0.6
bo/st/no/yes/m/658/fd/A,bw/st/yes/no/d/591/fd/U,0.26
bo/st/no/yes/m/658/fd/A,bw/so/yes/no/m/647/fd/A,0.24
bo/st/no/yes/m/658/fd/A,bo/st/yes/no/d/640/fd/A,0.57
bo/st/no/yes/m/658/fd/A,bw/mu/no/yes/d/649/fd/A,0.49
bo/st/no/yes/m/658/fd/A,bw/so/no/no/m/671/fd/A,0.26
bo/st/no/yes/m/658/fd/A,bw/mu/yes/yes/d/625/fd/A,0.53
bo/st/no/yes/m/658/fd/A,bo/st/no/no/m/622/fd/U,0.84
bo/st/no/yes/m/658/fd/A,bo/mu/no/no/d/614/fd/U,0.48
bo/st/no/yes/m/658/fd/A,bw/mu/no/no/d/613/fd/U,0.46
bo/st/no/yes/m/658/fd/A,bo/st/no/no/m/670/fd/A,0.84
bo/st/no/yes/m/658/fd/A,bo/so/yes/no/m/648/fd/A,0.26
bo/st/no/yes/m/658/fd/A,bw/so/yes/no/d/641/fd/A,0.24
bo/st/no/yes/m/658/fd/A,bo/st/yes/no/m/646/fd/A,0.57
bo/st/no/yes/m/658/fd/A,bo/so/no/yes/m/612/fd/U,0.07
bo/st/no/yes/m/658/fd/A,bw/st/no/no/d/615/fd/U,0.26
bo/st/no/yes/m/658/fd/A,bw/so/no/no/m/623/fd/U,0.26
bo/st/no/yes/m/658/fd/A,bo/so/no/no/m/624/fd/U,0.05
bo/st/no/yes/m/658/fd/A,bo/so/no/yes/m/660/fd/A,0.07
bo/st/no/yes/m/658/fd/A,bo/st/no/yes/m/658/fd/A,1.0
bo/st/no/yes/m/658/fd/A,bw/mu/no/no/m/667/fd/A,0.46
bo/st/no/yes/m/658/fd/A,bw/st/no/yes/d/651/fd/A,0.38
bo/st/no/yes/m/658/fd/A,bw/st/no/no/m/669/fd/A,0.26
bo/st/no/yes/m/658/fd/A,bo/mu/no/yes/m/656/fd/A,0.59
bo/st/no/yes/m/658/fd/A,bo/mu/no/yes/d/602/fd/U,0.59
bo/st/no/yes/m/658/fd/A,bw/so/no/yes/d/605/fd/U,0.35
bo/st/no/yes/m/658/fd/A,bw/st/yes/yes/m/633/fd/A,0.38
bo/st/no/yes/m/658/fd/A,bo/st/yes/yes/m/634/fd/A,0.63
bo/st/no/yes/m/658/fd/A,bo/mu/no/no/m/668/fd/A,0.48
bo/st/no/yes/m/658/fd/A,bw/st/no/yes/m/657/fd/A,0.38
bo/st/no/yes/m/658/fd/A,bo/mu/no/yes/d/650/fd/A,0.59
bo/st/no/yes/m/658/fd/A,bw/so/no/yes/m/659/fd/A,0.35
bo/st/no/yes/m/658/fd/A,bo/so/no/no/d/666/fd/A,0.05
bo/st/no/yes/m/658/fd/A,bw/mu/no/no/d/661/fd/A,0.46
bo/st/no/yes/m/658/fd/A,bw/so/yes/yes/m/635/fd/A,0.34
bo/st/no/yes/m/658/fd/A,bo/mu/yes/yes/m/632/fd/A,0.64
bo/st/no/yes/m/658/fd/A,bo/st/no/yes/d/604/fd/U,1.0
bo/st/no/yes/m/658/fd/A,bw/st/no/yes/d/603/fd/U,0.38
bo/st/no/yes/m/658/fd/A,bo/so/yes/yes/m/588/fd/U,0.4
bo/st/no/yes/m/658/fd/A,bo/st/yes/yes/m/586/fd/U,0.63
bo/st/no/yes/m/658/fd/A,bw/so/yes/yes/d/581/fd/U,0.34
bo/st/no/yes/m/658/fd/A,bo/st/yes/yes/d/580/fd/U,0.63
bo/st/no/yes/m/658/fd/A,bw/so/yes/yes/m/587/fd/U,0.34
bo/st/no/yes/m/658/fd/A,bw/mu/yes/no/d/589/fd/U,0.5
bo/st/no/yes/m/658/fd/A,bo/so/yes/no/d/594/fd/U,0.26
bo/st/no/yes/m/658/fd/A,bw/so/yes/no/d/593/fd/U,0.24
bo/st/no/yes/m/658/fd/A,bo/st/yes/no/d/592/fd/U,0.57
bo/st/no/yes/m/658/fd/A,bw/mu/yes/no/m/595/fd/U,0.5
bo/st/no/yes/m/658/fd/A,bw/st/no/no/m/621/fd/U,0.26
bo/st/no/yes/m/658/fd/A,bw/mu/no/no/m/619/fd/U,0.46
bo/st/no/yes/m/658/fd/A,bo/mu/yes/yes/d/626/fd/A,0.64
bo/st/no/yes/m/658/fd/A,bo/st/no/yes/m/610/fd/U,1.0
bo/st/no/yes/m/658/fd/A,bo/st/yes/yes/d/628/fd/A,0.63
bo/st/no/yes/m/658/fd/A,bw/so/no/no/d/617/fd/U,0.26
bo/st/no/yes/m/658/fd/A,bw/mu/yes/no/m/643/fd/A,0.5
bo/st/no/yes/m/658/fd/A,bo/mu/yes/no/m/644/fd/A,0.6
bo/st/no/yes/m/658/fd/A,bo/so/no/no/m/672/fd/A,0.05
bo/st/no/yes/m/658/fd/A,bw/so/yes/yes/d/629/fd/A,0.34
bo/st/no/yes/m/658/fd/A,bo/st/no/no/d/616/fd/U,0.84
bo/st/no/yes/m/658/fd/A,bw/so/no/yes/m/611/fd/U,0.35
bo/st/no/yes/m/658/fd/A,bo/so/no/no/d/618/fd/U,0.05
bo/st/no/yes/m/658/fd/A,bw/st/yes/yes/d/627/fd/A,0.38
bo/st/no/yes/m/658/fd/A,bo/mu/no/no/m/620/fd/U,0.48
bo/st/no/yes/m/658/fd/A,bw/st/yes/no/m/645/fd/A,0.26
bo/st/no/yes/m/658/fd/A,bo/so/yes/no/d/642/fd/A,0.26
bw/mu/no/no/m/667/fd/A,bo/so/no/yes/d/606/fd/U,0.04
bw/mu/no/no/m/667/fd/A,bw/st/yes/no/d/639/fd/A,0.37
bw/mu/no/no/m/667/fd/A,bw/mu/no/yes/d/601/fd/U,0.86
bw/mu/no/no/m/667/fd/A,bw/mu/yes/no/d/637/fd/A,0.89
bw/mu/no/no/m/667/fd/A,bo/mu/no/yes/m/608/fd/U,0.61
bw/mu/no/no/m/667/fd/A,bo/so/yes/yes/d/630/fd/A,0.32
bw/mu/no/no/m/667/fd/A,bo/st/no/no/d/664/fd/A,0.44
bw/mu/no/no/m/667/fd/A,bw/st/no/no/d/663/fd/A,0.36
bw/mu/no/no/m/667/fd/A,bw/mu/no/yes/m/655/fd/A,0.86
bw/mu/no/no/m/667/fd/A,bo/st/no/yes/d/652/fd/A,0.46
bw/mu/no/no/m/667/fd/A,bw/mu/yes/yes/m/631/fd/A,0.8
bw/mu/no/no/m/667/fd/A,bo/so/yes/yes/m/636/fd/A,0.32
bw/mu/no/no/m/667/fd/A,bw/st/no/yes/m/609/fd/U,0.44
bw/mu/no/no/m/667/fd/A,bo/so/yes/no/m/600/fd/U,0.25
bw/mu/no/no/m/667/fd/A,bw/mu/no/yes/m/607/fd/U,0.86
bw/mu/no/no/m/667/fd/A,bo/mu/yes/no/d/638/fd/A,0.7
bw/mu/no/no/m/667/fd/A,bw/so/no/yes/d/653/fd/A,0.3
bw/mu/no/no/m/667/fd/A,bo/so/no/yes/d/654/fd/A,0.04
bw/mu/no/no/m/667/fd/A,bo/mu/no/no/d/662/fd/A,0.59
bw/mu/no/no/m/667/fd/A,bw/so/no/no/d/665/fd/A,0.25
bw/mu/no/no/m/667/fd/A,bo/mu/yes/yes/d/578/fd/U,0.66
bw/mu/no/no/m/667/fd/A,bo/so/yes/yes/d/582/fd/U,0.32
bw/mu/no/no/m/667/fd/A,bw/st/yes/yes/m/585/fd/U,0.44
bw/mu/no/no/m/667/fd/A,bo/mu/yes/yes/m/584/fd/U,0.66
bw/mu/no/no/m/667/fd/A,bw/mu/yes/yes/m/583/fd/U,0.8
bw/mu/no/no/m/667/fd/A,bw/mu/yes/yes/d/577/fd/U,0.8
bw/mu/no/no/m/667/fd/A,bw/st/yes/yes/d/579/fd/U,0.44
bw/mu/no/no/m/667/fd/A,bo/mu/yes/no/d/590/fd/U,0.7
bw/mu/no/no/m/667/fd/A,bw/st/yes/no/m/597/fd/U,0.37
bw/mu/no/no/m/667/fd/A,bw/so/yes/no/m/599/fd/U,0.24
bw/mu/no/no/m/667/fd/A,bo/st/yes/no/m/598/fd/U,0.46
bw/mu/no/no/m/667/fd/A,bo/mu/yes/no/m/596/fd/U,0.7
bw/mu/no/no/m/667/fd/A,bw/st/yes/no/d/591/fd/U,0.37
bw/mu/no/no/m/667/fd/A,bw/so/yes/no/m/647/fd/A,0.24
bw/mu/no/no/m/667/fd/A,bo/st/yes/no/d/640/fd/A,0.46
bw/mu/no/no/m/667/fd/A,bw/mu/no/yes/d/649/fd/A,0.86
bw/mu/no/no/m/667/fd/A,bw/so/no/no/m/671/fd/A,0.25
bw/mu/no/no/m/667/fd/A,bw/mu/yes/yes/d/625/fd/A,0.8
bw/mu/no/no/m/667/fd/A,bo/st/no/no/m/622/fd/U,0.44
bw/mu/no/no/m/667/fd/A,bo/mu/no/no/d/614/fd/U,0.59
bw/mu/no/no/m/667/fd/A,bw/mu/no/no/d/613/fd/U,1.0
bw/mu/no/no/m/667/fd/A,bo/st/no/no/m/670/fd/A,0.44
bw/mu/no/no/m/667/fd/A,bo/so/yes/no/m/648/fd/A,0.25
bw/mu/no/no/m/667/fd/A,bw/so/yes/no/d/641/fd/A,0.24
bw/mu/no/no/m/667/fd/A,bo/st/yes/no/m/646/fd/A,0.46
bw/mu/no/no/m/667/fd/A,bo/so/no/yes/m/612/fd/U,0.04
bw/mu/no/no/m/667/fd/A,bw/st/no/no/d/615/fd/U,0.36
bw/mu/no/no/m/667/fd/A,bw/so/no/no/m/623/fd/U,0.25
bw/mu/no/no/m/667/fd/A,bo/so/no/no/m/624/fd/U,0.03
bw/mu/no/no/m/667/fd/A,bo/so/no/yes/m/660/fd/A,0.04
bw/mu/no/no/m/667/fd/A,bo/st/no/yes/m/658/fd/A,0.46
bw/mu/no/no/m/667/fd/A,bw/mu/no/no/m/667/fd/A,1.0
bw/mu/no/no/m/667/fd/A,bw/st/no/yes/d/651/fd/A,0.44
bw/mu/no/no/m/667/fd/A,bw/st/no/no/m/669/fd/A,0.36
bw/mu/no/no/m/667/fd/A,bo/mu/no/yes/m/656/fd/A,0.61
bw/mu/no/no/m/667/fd/A,bo/mu/no/yes/d/602/fd/U,0.61
bw/mu/no/no/m/667/fd/A,bw/so/no/yes/d/605/fd/U,0.3
bw/mu/no/no/m/667/fd/A,bw/st/yes/yes/m/633/fd/A,0.44
bw/mu/no/no/m/667/fd/A,bo/st/yes/yes/m/634/fd/A,0.48
bw/mu/no/no/m/667/fd/A,bo/mu/no/no/m/668/fd/A,0.59
bw/mu/no/no/m/667/fd/A,bw/st/no/yes/m/657/fd/A,0.44
bw/mu/no/no/m/667/fd/A,bo/mu/no/yes/d/650/fd/A,0.61
bw/mu/no/no/m/667/fd/A,bw/so/no/yes/m/659/fd/A,0.3
bw/mu/no/no/m/667/fd/A,bo/so/no/no/d/666/fd/A,0.03
bw/mu/no/no/m/667/fd/A,bw/mu/no/no/d/661/fd/A,1.0
bw/mu/no/no/m/667/fd/A,bw/so/yes/yes/m/635/fd/A,0.3
bw/mu/no/no/m/667/fd/A,bo/mu/yes/yes/m/632/fd/A,0.66
bw/mu/no/no/m/667/fd/A,bo/st/no/yes/d/604/fd/U,0.46
bw/mu/no/no/m/667/fd/A,bw/st/no/yes/d/603/fd/U,0.44
bw/mu/no/no/m/667/fd/A,bo/so/yes/yes/m/588/fd/U,0.32
bw/mu/no/no/m/667/fd/A,bo/st/yes/yes/m/586/fd/U,0.48
bw/mu/no/no/m/667/fd/A,bw/so/yes/yes/d/581/fd/U,0.3
bw/mu/no/no/m/667/fd/A,bo/st/yes/yes/d/580/fd/U,0.48
bw/mu/no/no/m/667/fd/A,bw/so/yes/yes/m/587/fd/U,0.3
bw/mu/no/no/m/667/fd/A,bw/mu/yes/no/d/589/fd/U,0.89
bw/mu/no/no/m/667/fd/A,bo/so/yes/no/d/594/fd/U,0.25
bw/mu/no/no/m/667/fd/A,bw/so/yes/no/d/593/fd/U,0.24
bw/mu/no/no/m/667/fd/A,bo/st/yes/no/d/592/fd/U,0.46
bw/mu/no/no/m/667/fd/A,bw/mu/yes/no/m/595/fd/U,0.89
bw/mu/no/no/m/667/fd/A,bw/st/no/no/m/621/fd/U,0.36
bw/mu/no/no/m/667/fd/A,bw/mu/no/no/m/619/fd/U,1.0
bw/mu/no/no/m/667/fd/A,bo/mu/yes/yes/d/626/fd/A,0.66
bw/mu/no/no/m/667/fd/A,bo/st/no/yes/m/610/fd/U,0.46
bw/mu/no/no/m/667/fd/A,bo/st/yes/yes/d/628/fd/A,0.48
bw/mu/no/no/m/667/fd/A,bw/so/no/no/d/617/fd/U,0.25
bw/mu/no/no/m/667/fd/A,bw/mu/yes/no/m/643/fd/A,0.89
bw/mu/no/no/m/667/fd/A,bo/mu/yes/no/m/644/fd/A,0.7
bw/mu/no/no/m/667/fd/A,bo/so/no/no/m/672/fd/A,0.03
bw/mu/no/no/m/667/fd/A,bw/so/yes/yes/d/629/fd/A,0.3
bw/mu/no/no/m/667/fd/A,bo/st/no/no/d/616/fd/U,0.44
bw/mu/no/no/m/667/fd/A,bw/so/no/yes/m/611/fd/U,0.3
bw/mu/no/no/m/667/fd/A,bo/so/no/no/d/618/fd/U,0.03
bw/mu/no/no/m/667/fd/A,bw/st/yes/yes/d/627/fd/A,0.44
bw/mu/no/no/m/667/fd/A,bo/mu/no/no/m/620/fd/U,0.59
bw/mu/no/no/m/667/fd/A,bw/st/yes/no/m/645/fd/A,0.37
bw/mu/no/no/m/667/fd/A,bo/so/yes/no/d/642/fd/A,0.25
bw/st/no/yes/d/651/fd/A,bo/so/no/yes/d/606/fd/U,0.05
bw/st/no/yes/d/651/fd/A,bw/st/yes/no/d/639/fd/A,0.63
bw/st/no/yes/d/651/fd/A,bw/mu/no/yes/d/601/fd/U,0.46
bw/st/no/yes/d/651/fd/A,bw/mu/yes/no/d/637/fd/A,0.46
bw/st/no/yes/d/651/fd/A,bo/mu/no/yes/m/608/fd/U,0.4
bw/st/no/yes/d/651/fd/A,bo/so/yes/yes/d/630/fd/A,0.37
bw/st/no/yes/d/651/fd/A,bo/st/no/no/d/664/fd/A,0.4
bw/st/no/yes/d/651/fd/A,bw/st/no/no/d/663/fd/A,0.66
bw/st/no/yes/d/651/fd/A,bw/mu/no/yes/m/655/fd/A,0.46
bw/st/no/yes/d/651/fd/A,bo/st/no/yes/d/652/fd/A,0.38
bw/st/no/yes/d/651/fd/A,bw/mu/yes/yes/m/631/fd/A,0.48
bw/st/no/yes/d/651/fd/A,bo/so/yes/yes/m/636/fd/A,0.37
bw/st/no/yes/d/651/fd/A,bw/st/no/yes/m/609/fd/U,1.0
bw/st/no/yes/d/651/fd/A,bo/so/yes/no/m/600/fd/U,0.29
bw/st/no/yes/d/651/fd/A,bw/mu/no/yes/m/607/fd/U,0.46
bw/st/no/yes/d/651/fd/A,bo/mu/yes/no/d/638/fd/A,0.44
bw/st/no/yes/d/651/fd/A,bw/so/no/yes/d/653/fd/A,0.38
bw/st/no/yes/d/651/fd/A,bo/so/no/yes/d/654/fd/A,0.05
bw/st/no/yes/d/651/fd/A,bo/mu/no/no/d/662/fd/A,0.39
bw/st/no/yes/d/651/fd/A,bw/so/no/no/d/665/fd/A,0.31
bw/st/no/yes/d/651/fd/A,bo/mu/yes/yes/d/578/fd/U,0.44
bw/st/no/yes/d/651/fd/A,bo/so/yes/yes/d/582/fd/U,0.37
bw/st/no/yes/d/651/fd/A,bw/st/yes/yes/m/585/fd/U,0.84
bw/st/no/yes/d/651/fd/A,bo/mu/yes/yes/m/584/fd/U,0.44
bw/st/no/yes/d/651/fd/A,bw/mu/yes/yes/m/583/fd/U,0.48
bw/st/no/yes/d/651/fd/A,bw/mu/yes/yes/d/577/fd/U,0.48
bw/st/no/yes/d/651/fd/A,bw/st/yes/yes/d/579/fd/U,0.84
bw/st/no/yes/d/651/fd/A,bo/mu/yes/no/d/590/fd/U,0.44
bw/st/no/yes/d/651/fd/A,bw/st/yes/no/m/597/fd/U,0.63
bw/st/no/yes/d/651/fd/A,bw/so/yes/no/m/599/fd/U,0.3
bw/st/no/yes/d/651/fd/A,bo/st/yes/no/m/598/fd/U,0.54
bw/st/no/yes/d/651/fd/A,bo/mu/yes/no/m/596/fd/U,0.44
bw/st/no/yes/d/651/fd/A,bw/st/yes/no/d/591/fd/U,0.63
bw/st/no/yes/d/651/fd/A,bw/so/yes/no/m/647/fd/A,0.3
bw/st/no/yes/d/651/fd/A,bo/st/yes/no/d/640/fd/A,0.54
bw/st/no/yes/d/651/fd/A,bw/mu/no/yes/d/649/fd/A,0.46
bw/st/no/yes/d/651/fd/A,bw/so/no/no/m/671/fd/A,0.31
bw/st/no/yes/d/651/fd/A,bw/mu/yes/yes/d/625/fd/A,0.48
bw/st/no/yes/d/651/fd/A,bo/st/no/no/m/622/fd/U,0.4
bw/st/no/yes/d/651/fd/A,bo/mu/no/no/d/614/fd/U,0.39
bw/st/no/yes/d/651/fd/A,bw/mu/no/no/d/613/fd/U,0.44
bw/st/no/yes/d/651/fd/A,bo/st/no/no/m/670/fd/A,0.4
bw/st/no/yes/d/651/fd/A,bo/so/yes/no/m/648/fd/A,0.29
bw/st/no/yes/d/651/fd/A,bw/so/yes/no/d/641/fd/A,0.3
bw/st/no/yes/d/651/fd/A,bo/st/yes/no/m/646/fd/A,0.54
bw/st/no/yes/d/651/fd/A,bo/so/no/yes/m/612/fd/U,0.05
bw/st/no/yes/d/651/fd/A,bw/st/no/no/d/615/fd/U,0.66
bw/st/no/yes/d/651/fd/A,bw/so/no/no/m/623/fd/U,0.31
bw/st/no/yes/d/651/fd/A,bo/so/no/no/m/624/fd/U,0.06
bw/st/no/yes/d/651/fd/A,bo/so/no/yes/m/660/fd/A,0.05
bw/st/no/yes/d/651/fd/A,bo/st/no/yes/m/658/fd/A,0.38
bw/st/no/yes/d/651/fd/A,bw/mu/no/no/m/667/fd/A,0.44
bw/st/no/yes/d/651/fd/A,bw/st/no/yes/d/651/fd/A,1.0
bw/st/no/yes/d/651/fd/A,bw/st/no/no/m/669/fd/A,0.66
bw/st/no/yes/d/651/fd/A,bo/mu/no/yes/m/656/fd/A,0.4
bw/st/no/yes/d/651/fd/A,bo/mu/no/yes/d/602/fd/U,0.4
bw/st/no/yes/d/651/fd/A,bw/so/no/yes/d/605/fd/U,0.38
bw/st/no/yes/d/651/fd/A,bw/st/yes/yes/m/633/fd/A,0.84
bw/st/no/yes/d/651/fd/A,bo/st/yes/yes/m/634/fd/A,0.51
bw/st/no/yes/d/651/fd/A,bo/mu/no/no/m/668/fd/A,0.39
bw/st/no/yes/d/651/fd/A,bw/st/no/yes/m/657/fd/A,1.0
bw/st/no/yes/d/651/fd/A,bo/mu/no/yes/d/650/fd/A,0.4
bw/st/no/yes/d/651/fd/A,bw/so/no/yes/m/659/fd/A,0.38
bw/st/no/yes/d/651/fd/A,bo/so/no/no/d/666/fd/A,0.06
bw/st/no/yes/d/651/fd/A,bw/mu/no/no/d/661/fd/A,0.44
bw/st/no/yes/d/651/fd/A,bw/so/yes/yes/m/635/fd/A,0.38
bw/st/no/yes/d/651/fd/A,bo/mu/yes/yes/m/632/fd/A,0.44
bw/st/no/yes/d/651/fd/A,bo/st/no/yes/d/604/fd/U,0.38
bw/st/no/yes/d/651/fd/A,bw/st/no/yes/d/603/fd/U,1.0
bw/st/no/yes/d/651/fd/A,bo/so/yes/yes/m/588/fd/U,0.37
bw/st/no/yes/d/651/fd/A,bo/st/yes/yes/m/586/fd/U,0.51
bw/st/no/yes/d/651/fd/A,bw/so/yes/yes/d/581/fd/U,0.38
bw/st/no/yes/d/651/fd/A,bo/st/yes/yes/d/580/fd/U,0.51
bw/st/no/yes/d/651/fd/A,bw/so/yes/yes/m/587/fd/U,0.38
bw/st/no/yes/d/651/fd/A,bw/mu/yes/no/d/589/fd/U,0.46
bw/st/no/yes/d/651/fd/A,bo/so/yes/no/d/594/fd/U,0.29
bw/st/no/yes/d/651/fd/A,bw/so/yes/no/d/593/fd/U,0.3
bw/st/no/yes/d/651/fd/A,bo/st/yes/no/d/592/fd/U,0.54
bw/st/no/yes/d/651/fd/A,bw/mu/yes/no/m/595/fd/U,0.46
bw/st/no/yes/d/651/fd/A,bw/st/no/no/m/621/fd/U,0.66
bw/st/no/yes/d/651/fd/A,bw/mu/no/no/m/619/fd/U,0.44
bw/st/no/yes/d/651/fd/A,bo/mu/yes/yes/d/626/fd/A,0.44
bw/st/no/yes/d/651/fd/A,bo/st/no/yes/m/610/fd/U,0.38
bw/st/no/yes/d/651/fd/A,bo/st/yes/yes/d/628/fd/A,0.51
bw/st/no/yes/d/651/fd/A,bw/so/no/no/d/617/fd/U,0.31
bw/st/no/yes/d/651/fd/A,bw/mu/yes/no/m/643/fd/A,0.46
bw/st/no/yes/d/651/fd/A,bo/mu/yes/no/m/644/fd/A,0.44
bw/st/no/yes/d/651/fd/A,bo/so/no/no/m/672/fd/A,0.06
bw/st/no/yes/d/651/fd/A,bw/so/yes/yes/d/629/fd/A,0.38
bw/st/no/yes/d/651/fd/A,bo/st/no/no/d/616/fd/U,0.4
bw/st/no/yes/d/651/fd/A,bw/so/no/yes/m/611/fd/U,0.38
bw/st/no/yes/d/651/fd/A,bo/so/no/no/d/618/fd/U,0.06
bw/st/no/yes/d/651/fd/A,bw/st/yes/yes/d/627/fd/A,0.84
bw/st/no/yes/d/651/fd/A,bo/mu/no/no/m/620/fd/U,0.39
bw/st/no/yes/d/651/fd/A,bw/st/yes/no/m/645/fd/A,0.63
bw/st/no/yes/d/651/fd/A,bo/so/yes/no/d/642/fd/A,0.29
bw/st/no/no/m/669/fd/A,bo/so/no/yes/d/606/fd/U,0.04
bw/st/no/no/m/669/fd/A,bw/st/yes/no/d/639/fd/A,0.81
bw/st/no/no/m/669/fd/A,bw/mu/no/yes/d/601/fd/U,0.34
bw/st/no/no/m/669/fd/A,bw/mu/yes/no/d/637/fd/A,0.36
bw/st/no/no/m/669/fd/A,bo/mu/no/yes/m/608/fd/U,0.29
bw/st/no/no/m/669/fd/A,bo/so/yes/yes/d/630/fd/A,0.29
bw/st/no/no/m/669/fd/A,bo/st/no/no/d/664/fd/A,0.28
bw/st/no/no/m/669/fd/A,bw/st/no/no/d/663/fd/A,1.0
bw/st/no/no/m/669/fd/A,bw/mu/no/yes/m/655/fd/A,0.34
bw/st/no/no/m/669/fd/A,bo/st/no/yes/d/652/fd/A,0.26
bw/st/no/no/m/669/fd/A,bw/mu/yes/yes/m/631/fd/A,0.35
bw/st/no/no/m/669/fd/A,bo/so/yes/yes/m/636/fd/A,0.29
bw/st/no/no/m/669/fd/A,bw/st/no/yes/m/609/fd/U,0.66
bw/st/no/no/m/669/fd/A,bo/so/yes/no/m/600/fd/U,0.25
bw/st/no/no/m/669/fd/A,bw/mu/no/yes/m/607/fd/U,0.34
bw/st/no/no/m/669/fd/A,bo/mu/yes/no/d/638/fd/A,0.31
bw/st/no/no/m/669/fd/A,bw/so/no/yes/d/653/fd/A,0.31
bw/st/no/no/m/669/fd/A,bo/so/no/yes/d/654/fd/A,0.04
bw/st/no/no/m/669/fd/A,bo/mu/no/no/d/662/fd/A,0.32
bw/st/no/no/m/669/fd/A,bw/so/no/no/d/665/fd/A,0.28
bw/st/no/no/m/669/fd/A,bo/mu/yes/yes/d/578/fd/U,0.29
bw/st/no/no/m/669/fd/A,bo/so/yes/yes/d/582/fd/U,0.29
bw/st/no/no/m/669/fd/A,bw/st/yes/yes/m/585/fd/U,0.59
bw/st/no/no/m/669/fd/A,bo/mu/yes/yes/m/584/fd/U,0.29
bw/st/no/no/m/669/fd/A,bw/mu/yes/yes/m/583/fd/U,0.35
bw/st/no/no/m/669/fd/A,bw/mu/yes/yes/d/577/fd/U,0.35
bw/st/no/no/m/669/fd/A,bw/st/yes/yes/d/579/fd/U,0.59
bw/st/no/no/m/669/fd/A,bo/mu/yes/no/d/590/fd/U,0.31
bw/st/no/no/m/669/fd/A,bw/st/yes/no/m/597/fd/U,0.81
bw/st/no/no/m/669/fd/A,bw/so/yes/no/m/599/fd/U,0.27
bw/st/no/no/m/669/fd/A,bo/st/yes/no/m/598/fd/U,0.38
bw/st/no/no/m/669/fd/A,bo/mu/yes/no/m/596/fd/U,0.31
bw/st/no/no/m/669/fd/A,bw/st/yes/no/d/591/fd/U,0.81
bw/st/no/no/m/669/fd/A,bw/so/yes/no/m/647/fd/A,0.27
bw/st/no/no/m/669/fd/A,bo/st/yes/no/d/640/fd/A,0.38
bw/st/no/no/m/669/fd/A,bw/mu/no/yes/d/649/fd/A,0.34
bw/st/no/no/m/669/fd/A,bw/so/no/no/m/671/fd/A,0.28
bw/st/no/no/m/669/fd/A,bw/mu/yes/yes/d/625/fd/A,0.35
bw/st/no/no/m/669/fd/A,bo/st/no/no/m/622/fd/U,0.28
bw/st/no/no/m/669/fd/A,bo/mu/no/no/d/614/fd/U,0.32
bw/st/no/no/m/669/fd/A,bw/mu/no/no/d/613/fd/U,0.36
bw/st/no/no/m/669/fd/A,bo/st/no/no/m/670/fd/A,0.28
bw/st/no/no/m/669/fd/A,bo/so/yes/no/m/648/fd/A,0.25
bw/st/no/no/m/669/fd/A,bw/so/yes/no/d/641/fd/A,0.27
bw/st/no/no/m/669/fd/A,bo/st/yes/no/m/646/fd/A,0.38
bw/st/no/no/m/669/fd/A,bo/so/no/yes/m/612/fd/U,0.04
bw/st/no/no/m/669/fd/A,bw/st/no/no/d/615/fd/U,1.0
bw/st/no/no/m/669/fd/A,bw/so/no/no/m/623/fd/U,0.28
bw/st/no/no/m/669/fd/A,bo/so/no/no/m/624/fd/U,0.05
bw/st/no/no/m/669/fd/A,bo/so/no/yes/m/660/fd/A,0.04
bw/st/no/no/m/669/fd/A,bo/st/no/yes/m/658/fd/A,0.26
bw/st/no/no/m/669/fd/A,bw/mu/no/no/m/667/fd/A,0.36
bw/st/no/no/m/669/fd/A,bw/st/no/yes/d/651/fd/A,0.66
bw/st/no/no/m/669/fd/A,bw/st/no/no/m/669/fd/A,1.0
bw/st/no/no/m/669/fd/A,bo/mu/no/yes/m/656/fd/A,0.29
bw/st/no/no/m/669/fd/A,bo/mu/no/yes/d/602/fd/U,0.29
bw/st/no/no/m/669/fd/A,bw/so/no/yes/d/605/fd/U,0.31
bw/st/no/no/m/669/fd/A,bw/st/yes/yes/m/633/fd/A,0.59
bw/st/no/no/m/669/fd/A,bo/st/yes/yes/m/634/fd/A,0.34
bw/st/no/no/m/669/fd/A,bo/mu/no/no/m/668/fd/A,0.32
bw/st/no/no/m/669/fd/A,bw/st/no/yes/m/657/fd/A,0.66
bw/st/no/no/m/669/fd/A,bo/mu/no/yes/d/650/fd/A,0.29
bw/st/no/no/m/669/fd/A,bw/so/no/yes/m/659/fd/A,0.31
bw/st/no/no/m/669/fd/A,bo/so/no/no/d/666/fd/A,0.05
bw/st/no/no/m/669/fd/A,bw/mu/no/no/d/661/fd/A,0.36
bw/st/no/no/m/669/fd/A,bw/so/yes/yes/m/635/fd/A,0.3
bw/st/no/no/m/669/fd/A,bo/mu/yes/yes/m/632/fd/A,0.29
bw/st/no/no/m/669/fd/A,bo/st/no/yes/d/604/fd/U,0.26
bw/st/no/no/m/669/fd/A,bw/st/no/yes/d/603/fd/U,0.66
bw/st/no/no/m/669/fd/A,bo/so/yes/yes/m/588/fd/U,0.29
bw/st/no/no/m/669/fd/A,bo/st/yes/yes/m/586/fd/U,0.34
bw/st/no/no/m/669/fd/A,bw/so/yes/yes/d/581/fd/U,0.3
bw/st/no/no/m/669/fd/A,bo/st/yes/yes/d/580/fd/U,0.34
bw/st/no/no/m/669/fd/A,bw/so/yes/yes/m/587/fd/U,0.3
bw/st/no/no/m/669/fd/A,bw/mu/yes/no/d/589/fd/U,0.36
bw/st/no/no/m/669/fd/A,bo/so/yes/no/d/594/fd/U,0.25
bw/st/no/no/m/669/fd/A,bw/so/yes/no/d/593/fd/U,0.27
bw/st/no/no/m/669/fd/A,bo/st/yes/no/d/592/fd/U,0.38
bw/st/no/no/m/669/fd/A,bw/mu/yes/no/m/595/fd/U,0.36
bw/st/no/no/m/669/fd/A,bw/st/no/no/m/621/fd/U,1.0
bw/st/no/no/m/669/fd/A,bw/mu/no/no/m/619/fd/U,0.36
bw/st/no/no/m/669/fd/A,bo/mu/yes/yes/d/626/fd/A,0.29
bw/st/no/no/m/669/fd/A,bo/st/no/yes/m/610/fd/U,0.26
bw/st/no/no/m/669/fd/A,bo/st/yes/yes/d/628/fd/A,0.34
bw/st/no/no/m/669/fd/A,bw/so/no/no/d/617/fd/U,0.28
bw/st/no/no/m/669/fd/A,bw/mu/yes/no/m/643/fd/A,0.36
bw/st/no/no/m/669/fd/A,bo/mu/yes/no/m/644/fd/A,0.31
bw/st/no/no/m/669/fd/A,bo/so/no/no/m/672/fd/A,0.05
bw/st/no/no/m/669/fd/A,bw/so/yes/yes/d/629/fd/A,0.3
bw/st/no/no/m/669/fd/A,bo/st/no/no/d/616/fd/U,0.28
bw/st/no/no/m/669/fd/A,bw/so/no/yes/m/611/fd/U,0.31
bw/st/no/no/m/669/fd/A,bo/so/no/no/d/618/fd/U,0.05
bw/st/no/no/m/669/fd/A,bw/st/yes/yes/d/627/fd/A,0.59
bw/st/no/no/m/669/fd/A,bo/mu/no/no/m/620/fd/U,0.32
bw/st/no/no/m/669/fd/A,bw/st/yes/no/m/645/fd/A,0.81
bw/st/no/no/m/669/fd/A,bo/so/yes/no/d/642/fd/A,0.25
bo/mu/no/yes/m/656/fd/A,bo/so/no/yes/d/606/fd/U,0.04
bo/mu/no/yes/m/656/fd/A,bw/st/yes/no/d/639/fd/A,0.29
bo/mu/no/yes/m/656/fd/A,bw/mu/no/yes/d/601/fd/U,0.64
bo/mu/no/yes/m/656/fd/A,bw/mu/yes/no/d/637/fd/A,0.66
bo/mu/no/yes/m/656/fd/A,bo/mu/no/yes/m/608/fd/U,1.0
bo/mu/no/yes/m/656/fd/A,bo/so/yes/yes/d/630/fd/A,0.36
bo/mu/no/yes/m/656/fd/A,bo/st/no/no/d/664/fd/A,0.54
bo/mu/no/yes/m/656/fd/A,bw/st/no/no/d/663/fd/A,0.29
bo/mu/no/yes/m/656/fd/A,bw/mu/no/yes/m/655/fd/A,0.64
bo/mu/no/yes/m/656/fd/A,bo/st/no/yes/d/652/fd/A,0.59
bo/mu/no/yes/m/656/fd/A,bw/mu/yes/yes/m/631/fd/A,0.68
bo/mu/no/yes/m/656/fd/A,bo/so/yes/yes/m/636/fd/A,0.36
bo/mu/no/yes/m/656/fd/A,bw/st/no/yes/m/609/fd/U,0.4
bo/mu/no/yes/m/656/fd/A,bo/so/yes/no/m/600/fd/U,0.25
bo/mu/no/yes/m/656/fd/A,bw/mu/no/yes/m/607/fd/U,0.64
bo/mu/no/yes/m/656/fd/A,bo/mu/yes/no/d/638/fd/A,0.74
bo/mu/no/yes/m/656/fd/A,bw/so/no/yes/d/653/fd/A,0.31
bo/mu/no/yes/m/656/fd/A,bo/so/no/yes/d/654/fd/A,0.04
bo/mu/no/yes/m/656/fd/A,bo/mu/no/no/d/662/fd/A,0.71
bo/mu/no/yes/m/656/fd/A,bw/so/no/no/d/665/fd/A,0.24
bo/mu/no/yes/m/656/fd/A,bo/mu/yes/yes/d/578/fd/U,0.74
bo/mu/no/yes/m/656/fd/A,bo/so/yes/yes/d/582/fd/U,0.36
bo/mu/no/yes/m/656/fd/A,bw/st/yes/yes/m/585/fd/U,0.4
bo/mu/no/yes/m/656/fd/A,bo/mu/yes/yes/m/584/fd/U,0.74
bo/mu/no/yes/m/656/fd/A,bw/mu/yes/yes/m/583/fd/U,0.68
bo/mu/no/yes/m/656/fd/A,bw/mu/yes/yes/d/577/fd/U,0.68
bo/mu/no/yes/m/656/fd/A,bw/st/yes/yes/d/579/fd/U,0.4
bo/mu/no/yes/m/656/fd/A,bo/mu/yes/no/d/590/fd/U,0.74
bo/mu/no/yes/m/656/fd/A,bw/st/yes/no/m/597/fd/U,0.29
bo/mu/no/yes/m/656/fd/A,bw/so/yes/no/m/599/fd/U,0.23
bo/mu/no/yes/m/656/fd/A,bo/st/yes/no/m/598/fd/U,0.5
bo/mu/no/yes/m/656/fd/A,bo/mu/yes/no/m/596/fd/U,0.74
bo/mu/no/yes/m/656/fd/A,bw/st/yes/no/d/591/fd/U,0.29
bo/mu/no/yes/m/656/fd/A,bw/so/yes/no/m/647/fd/A,0.23
bo/mu/no/yes/m/656/fd/A,bo/st/yes/no/d/640/fd/A,0.5
bo/mu/no/yes/m/656/fd/A,bw/mu/no/yes/d/649/fd/A,0.64
bo/mu/no/yes/m/656/fd/A,bw/so/no/no/m/671/fd/A,0.24
bo/mu/no/yes/m/656/fd/A,bw/mu/yes/yes/d/625/fd/A,0.68
bo/mu/no/yes/m/656/fd/A,bo/st/no/no/m/622/fd/U,0.54
bo/mu/no/yes/m/656/fd/A,bo/mu/no/no/d/614/fd/U,0.71
bo/mu/no/yes/m/656/fd/A,bw/mu/no/no/d/613/fd/U,0.61
bo/mu/no/yes/m/656/fd/A,bo/st/no/no/m/670/fd/A,0.54
bo/mu/no/yes/m/656/fd/A,bo/so/yes/no/m/648/fd/A,0.25
bo/mu/no/yes/m/656/fd/A,bw/so/yes/no/d/641/fd/A,0.23
bo/mu/no/yes/m/656/fd/A,bo/st/yes/no/m/646/fd/A,0.5
bo/mu/no/yes/m/656/fd/A,bo/so/no/yes/m/612/fd/U,0.04
bo/mu/no/yes/m/656/fd/A,bw/st/no/no/d/615/fd/U,0.29
bo/mu/no/yes/m/656/fd/A,bw/so/no/no/m/623/fd/U,0.24
bo/mu/no/yes/m/656/fd/A,bo/so/no/no/m/624/fd/U,0.04
bo/mu/no/yes/m/656/fd/A,bo/so/no/yes/m/660/fd/A,0.04
bo/mu/no/yes/m/656/fd/A,bo/st/no/yes/m/658/fd/A,0.59
bo/mu/no/yes/m/656/fd/A,bw/mu/no/no/m/667/fd/A,0.61
bo/mu/no/yes/m/656/fd/A,bw/st/no/yes/d/651/fd/A,0.4
bo/mu/no/yes/m/656/fd/A,bw/st/no/no/m/669/fd/A,0.29
bo/mu/no/yes/m/656/fd/A,bo/mu/no/yes/m/656/fd/A,1.0
bo/mu/no/yes/m/656/fd/A,bo/mu/no/yes/d/602/fd/U,1.0
bo/mu/no/yes/m/656/fd/A,bw/so/no/yes/d/605/fd/U,0.31
bo/mu/no/yes/m/656/fd/A,bw/st/yes/yes/m/633/fd/A,0.4
bo/mu/no/yes/m/656/fd/A,bo/st/yes/yes/m/634/fd/A,0.55
bo/mu/no/yes/m/656/fd/A,bo/mu/no/no/m/668/fd/A,0.71
bo/mu/no/yes/m/656/fd/A,bw/st/no/yes/m/657/fd/A,0.4
bo/mu/no/yes/m/656/fd/A,bo/mu/no/yes/d/650/fd/A,1.0
bo/mu/no/yes/m/656/fd/A,bw/so/no/yes/m/659/fd/A,0.31
bo/mu/no/yes/m/656/fd/A,bo/so/no/no/d/666/fd/A,0.04
bo/mu/no/yes/m/656/fd/A,bw/mu/no/no/d/661/fd/A,0.61
bo/mu/no/yes/m/656/fd/A,bw/so/yes/yes/m/635/fd/A,0.31
bo/mu/no/yes/m/656/fd/A,bo/mu/yes/yes/m/632/fd/A,0.74
bo/mu/no/yes/m/656/fd/A,bo/st/no/yes/d/604/fd/U,0.59
bo/mu/no/yes/m/656/fd/A,bw/st/no/yes/d/603/fd/U,0.4
bo/mu/no/yes/m/656/fd/A,bo/so/yes/yes/m/588/fd/U,0.36
bo/mu/no/yes/m/656/fd/A,bo/st/yes/yes/m/586/fd/U,0.55
bo/mu/no/yes/m/656/fd/A,bw/so/yes/yes/d/581/fd/U,0.31
bo/mu/no/yes/m/656/fd/A,bo/st/yes/yes/d/580/fd/U,0.55
bo/mu/no/yes/m/656/fd/A,bw/so/yes/yes/m/587/fd/U,0.31
bo/mu/no/yes/m/656/fd/A,bw/mu/yes/no/d/589/fd/U,0.66
bo/mu/no/yes/m/656/fd/A,bo/so/yes/no/d/594/fd/U,0.25
bo/mu/no/yes/m/656/fd/A,bw/so/yes/no/d/593/fd/U,0.23
bo/mu/no/yes/m/656/fd/A,bo/st/yes/no/d/592/fd/U,0.5
bo/mu/no/yes/m/656/fd/A,bw/mu/yes/no/m/595/fd/U,0.66
bo/mu/no/yes/m/656/fd/A,bw/st/no/no/m/621/fd/U,0.29
bo/mu/no/yes/m/656/fd/A,bw/mu/no/no/m/619/fd/U,0.61
bo/mu/no/yes/m/656/fd/A,bo/mu/yes/yes/d/626/fd/A,0.74
bo/mu/no/yes/m/656/fd/A,bo/st/no/yes/m/610/fd/U,0.59
bo/mu/no/yes/m/656/fd/A,bo/st/yes/yes/d/628/fd/A,0.55
bo/mu/no/yes/m/656/fd/A,bw/so/no/no/d/617/fd/U,0.24
bo/mu/no/yes/m/656/fd/A,bw/mu/yes/no/m/643/fd/A,0.66
bo/mu/no/yes/m/656/fd/A,bo/mu/yes/no/m/644/fd/A,0.74
bo/mu/no/yes/m/656/fd/A,bo/so/no/no/m/672/fd/A,0.04
bo/mu/no/yes/m/656/fd/A,bw/so/yes/yes/d/629/fd/A,0.31
bo/mu/no/yes/m/656/fd/A,bo/st/no/no/d/616/fd/U,0.54
bo/mu/no/yes/m/656/fd/A,bw/so/no/yes/m/611/fd/U,0.31
bo/mu/no/yes/m/656/fd/A,bo/so/no/no/d/618/fd/U,0.04
bo/mu/no/yes/m/656/fd/A,bw/st/yes/yes/d/627/fd/A,0.4
bo/mu/no/yes/m/656/fd/A,bo/mu/no/no/m/620/fd/U,0.71
bo/mu/no/yes/m/656/fd/A,bw/st/yes/no/m/645/fd/A,0.29
bo/mu/no/yes/m/656/fd/A,bo/so/yes/no/d/642/fd/A,0.25
bo/mu/no/yes/d/602/fd/U,bo/so/no/yes/d/606/fd/U,0.04
bo/mu/no/yes/d/602/fd/U,bw/st/yes/no/d/639/fd/A,0.29
bo/mu/no/yes/d/602/fd/U,bw/mu/no/yes/d/601/fd/U,0.64
bo/mu/no/yes/d/602/fd/U,bw/mu/yes/no/d/637/fd/A,0.66
bo/mu/no/yes/d/602/fd/U,bo/mu/no/yes/m/608/fd/U,1.0
bo/mu/no/yes/d/602/fd/U,bo/so/yes/yes/d/630/fd/A,0.36
bo/mu/no/yes/d/602/fd/U,bo/st/no/no/d/664/fd/A,0.54
bo/mu/no/yes/d/602/fd/U,bw/st/no/no/d/663/fd/A,0.29
bo/mu/no/yes/d/602/fd/U,bw/mu/no/yes/m/655/fd/A,0.64
bo/mu/no/yes/d/602/fd/U,bo/st/no/yes/d/652/fd/A,0.59
bo/mu/no/yes/d/602/fd/U,bw/mu/yes/yes/m/631/fd/A,0.68
bo/mu/no/yes/d/602/fd/U,bo/so/yes/yes/m/636/fd/A,0.36
bo/mu/no/yes/d/602/fd/U,bw/st/no/yes/m/609/fd/U,0.4
bo/mu/no/yes/d/602/fd/U,bo/so/yes/no/m/600/fd/U,0.25
bo/mu/no/yes/d/602/fd/U,bw/mu/no/yes/m/607/fd/U,0.64
bo/mu/no/yes/d/602/fd/U,bo/mu/yes/no/d/638/fd/A,0.74
bo/mu/no/yes/d/602/fd/U,bw/so/no/yes/d/653/fd/A,0.31
bo/mu/no/yes/d/602/fd/U,bo/so/no/yes/d/654/fd/A,0.04
bo/mu/no/yes/d/602/fd/U,bo/mu/no/no/d/662/fd/A,0.71
bo/mu/no/yes/d/602/fd/U,bw/so/no/no/d/665/fd/A,0.24
bo/mu/no/yes/d/602/fd/U,bo/mu/yes/yes/d/578/fd/U,0.74
bo/mu/no/yes/d/602/fd/U,bo/so/yes/yes/d/582/fd/U,0.36
bo/mu/no/yes/d/602/fd/U,bw/st/yes/yes/m/585/fd/U,0.4
bo/mu/no/yes/d/602/fd/U,bo/mu/yes/yes/m/584/fd/U,0.74
bo/mu/no/yes/d/602/fd/U,bw/mu/yes/yes/m/583/fd/U,0.68
bo/mu/no/yes/d/602/fd/U,bw/mu/yes/yes/d/577/fd/U,0.68
bo/mu/no/yes/d/602/fd/U,bw/st/yes/yes/d/579/fd/U,0.4
bo/mu/no/yes/d/602/fd/U,bo/mu/yes/no/d/590/fd/U,0.74
bo/mu/no/yes/d/602/fd/U,bw/st/yes/no/m/597/fd/U,0.29
bo/mu/no/yes/d/602/fd/U,bw/so/yes/no/m/599/fd/U,0.23
bo/mu/no/yes/d/602/fd/U,bo/st/yes/no/m/598/fd/U,0.5
bo/mu/no/yes/d/602/fd/U,bo/mu/yes/no/m/596/fd/U,0.74
bo/mu/no/yes/d/602/fd/U,bw/st/yes/no/d/591/fd/U,0.29
bo/mu/no/yes/d/602/fd/U,bw/so/yes/no/m/647/fd/A,0.23
bo/mu/no/yes/d/602/fd/U,bo/st/yes/no/d/640/fd/A,0.5
bo/mu/no/yes/d/602/fd/U,bw/mu/no/yes/d/649/fd/A,0.64
bo/mu/no/yes/d/602/fd/U,bw/so/no/no/m/671/fd/A,0.24
bo/mu/no/yes/d/602/fd/U,bw/mu/yes/yes/d/625/fd/A,0.68
bo/mu/no/yes/d/602/fd/U,bo/st/no/no/m/622/fd/U,0.54
bo/mu/no/yes/d/602/fd/U,bo/mu/no/no/d/614/fd/U,0.71
bo/mu/no/yes/d/602/fd/U,bw/mu/no/no/d/613/fd/U,0.61
bo/mu/no/yes/d/602/fd/U,bo/st/no/no/m/670/fd/A,0.54
bo/mu/no/yes/d/602/fd/U,bo/so/yes/no/m/648/fd/A,0.25
bo/mu/no/yes/d/602/fd/U,bw/so/yes/no/d/641/fd/A,0.23
bo/mu/no/yes/d/602/fd/U,bo/st/yes/no/m/646/fd/A,0.5
bo/mu/no/yes/d/602/fd/U,bo/so/no/yes/m/612/fd/U,0.04
bo/mu/no/yes/d/602/fd/U,bw/st/no/no/d/615/fd/U,0.29
bo/mu/no/yes/d/602/fd/U,bw/so/no/no/m/623/fd/U,0.24
bo/mu/no/yes/d/602/fd/U,bo/so/no/no/m/624/fd/U,0.04
bo/mu/no/yes/d/602/fd/U,bo/so/no/yes/m/660/fd/A,0.04
bo/mu/no/yes/d/602/fd/U,bo/st/no/yes/m/658/fd/A,0.59
bo/mu/no/yes/d/602/fd/U,bw/mu/no/no/m/667/fd/A,0.61
bo/mu/no/yes/d/602/fd/U,bw/st/no/yes/d/651/fd/A,0.4
bo/mu/no/yes/d/602/fd/U,bw/st/no/no/m/669/fd/A,0.29
bo/mu/no/yes/d/602/fd/U,bo/mu/no/yes/m/656/fd/A,1.0
bo/mu/no/yes/d/602/fd/U,bo/mu/no/yes/d/602/fd/U,1.0
bo/mu/no/yes/d/602/fd/U,bw/so/no/yes/d/605/fd/U,0.31
bo/mu/no/yes/d/602/fd/U,bw/st/yes/yes/m/633/fd/A,0.4
bo/mu/no/yes/d/602/fd/U,bo/st/yes/yes/m/634/fd/A,0.55
bo/mu/no/yes/d/602/fd/U,bo/mu/no/no/m/668/fd/A,0.71
bo/mu/no/yes/d/602/fd/U,bw/st/no/yes/m/657/fd/A,0.4
bo/mu/no/yes/d/602/fd/U,bo/mu/no/yes/d/650/fd/A,1.0
bo/mu/no/yes/d/602/fd/U,bw/so/no/yes/m/659/fd/A,0.31
bo/mu/no/yes/d/602/fd/U,bo/so/no/no/d/666/fd/A,0.04
bo/mu/no/yes/d/602/fd/U,bw/mu/no/no/d/661/fd/A,0.61
bo/mu/no/yes/d/602/fd/U,bw/so/yes/yes/m/635/fd/A,0.31
bo/mu/no/yes/d/602/fd/U,bo/mu/yes/yes/m/632/fd/A,0.74
bo/mu/no/yes/d/602/fd/U,bo/st/no/yes/d/604/fd/U,0.59
bo/mu/no/yes/d/602/fd/U,bw/st/no/yes/d/603/fd/U,0.4
bo/mu/no/yes/d/602/fd/U,bo/so/yes/yes/m/588/fd/U,0.36
bo/mu/no/yes/d/602/fd/U,bo/st/yes/yes/m/586/fd/U,0.55
bo/mu/no/yes/d/602/fd/U,bw/so/yes/yes/d/581/fd/U,0.31
bo/mu/no/yes/d/602/fd/U,bo/st/yes/yes/d/580/fd/U,0.55
bo/mu/no/yes/d/602/fd/U,bw/so/yes/yes/m/587/fd/U,0.31
bo/mu/no/yes/d/602/fd/U,bw/mu/yes/no/d/589/fd/U,0.66
bo/mu/no/yes/d/602/fd/U,bo/so/yes/no/d/594/fd/U,0.25
bo/mu/no/yes/d/602/fd/U,bw/so/yes/no/d/593/fd/U,0.23
bo/mu/no/yes/d/602/fd/U,bo/st/yes/no/d/592/fd/U,0.5
bo/mu/no/yes/d/602/fd/U,bw/mu/yes/no/m/595/fd/U,0.66
bo/mu/no/yes/d/602/fd/U,bw/st/no/no/m/621/fd/U,0.29
bo/mu/no/yes/d/602/fd/U,bw/mu/no/no/m/619/fd/U,0.61
bo/mu/no/yes/d/602/fd/U,bo/mu/yes/yes/d/626/fd/A,0.74
bo/mu/no/yes/d/602/fd/U,bo/st/no/yes/m/610/fd/U,0.59
bo/mu/no/yes/d/602/fd/U,bo/st/yes/yes/d/628/fd/A,0.55
bo/mu/no/yes/d/602/fd/U,bw/so/no/no/d/617/fd/U,0.24
bo/mu/no/yes/d/602/fd/U,bw/mu/yes/no/m/643/fd/A,0.66
bo/mu/no/yes/d/602/fd/U,bo/mu/yes/no/m/644/fd/A,0.74
bo/mu/no/yes/d/602/fd/U,bo/so/no/no/m/672/fd/A,0.04
bo/mu/no/yes/d/602/fd/U,bw/so/yes/yes/d/629/fd/A,0.31
bo/mu/no/yes/d/602/fd/U,bo/st/no/no/d/616/fd/U,0.54
bo/mu/no/yes/d/602/fd/U,bw/so/no/yes/m/611/fd/U,0.31
bo/mu/no/yes/d/602/fd/U,bo/so/no/no/d/618/fd/U,0.04
bo/mu/no/yes/d/602/fd/U,bw/st/yes/yes/d/627/fd/A,0.4
bo/mu/no/yes/d/602/fd/U,bo/mu/no/no/m/620/fd/U,0.71
bo/mu/no/yes/d/602/fd/U,bw/st/yes/no/m/645/fd/A,0.29
bo/mu/no/yes/d/602/fd/U,bo/so/yes/no/d/642/fd/A,0.25
bw/so/no/yes/d/605/fd/U,bo/so/no/yes/d/606/fd/U,0.12
bw/so/no/yes/d/605/fd/U,bw/st/yes/no/d/639/fd/A,0.31
bw/so/no/yes/d/605/fd/U,bw/mu/no/yes/d/601/fd/U,0.32
bw/so/no/yes/d/605/fd/U,bw/mu/yes/no/d/637/fd/A,0.32
bw/so/no/yes/d/605/fd/U,bo/mu/no/yes/m/608/fd/U,0.31
bw/so/no/yes/d/605/fd/U,bo/so/yes/yes/d/630/fd/A,0.64
bw/so/no/yes/d/605/fd/U,bo/st/no/no/d/664/fd/A,0.37
bw/so/no/yes/d/605/fd/U,bw/st/no/no/d/663/fd/A,0.31
bw/so/no/yes/d/605/fd/U,bw/mu/no/yes/m/655/fd/A,0.32
bw/so/no/yes/d/605/fd/U,bo/st/no/yes/d/652/fd/A,0.35
bw/so/no/yes/d/605/fd/U,bw/mu/yes/yes/m/631/fd/A,0.33
bw/so/no/yes/d/605/fd/U,bo/so/yes/yes/m/636/fd/A,0.64
bw/so/no/yes/d/605/fd/U,bw/st/no/yes/m/609/fd/U,0.38
bw/so/no/yes/d/605/fd/U,bo/so/yes/no/m/600/fd/U,0.48
bw/so/no/yes/d/605/fd/U,bw/mu/no/yes/m/607/fd/U,0.32
bw/so/no/yes/d/605/fd/U,bo/mu/yes/no/d/638/fd/A,0.34
bw/so/no/yes/d/605/fd/U,bw/so/no/yes/d/653/fd/A,1.0
bw/so/no/yes/d/605/fd/U,bo/so/no/yes/d/654/fd/A,0.12
bw/so/no/yes/d/605/fd/U,bo/mu/no/no/d/662/fd/A,0.28
bw/so/no/yes/d/605/fd/U,bw/so/no/no/d/665/fd/A,0.64
bw/so/no/yes/d/605/fd/U,bo/mu/yes/yes/d/578/fd/U,0.35
bw/so/no/yes/d/605/fd/U,bo/so/yes/yes/d/582/fd/U,0.64
bw/so/no/yes/d/605/fd/U,bw/st/yes/yes/m/585/fd/U,0.37
bw/so/no/yes/d/605/fd/U,bo/mu/yes/yes/m/584/fd/U,0.35
bw/so/no/yes/d/605/fd/U,bw/mu/yes/yes/m/583/fd/U,0.33
bw/so/no/yes/d/605/fd/U,bw/mu/yes/yes/d/577/fd/U,0.33
bw/so/no/yes/d/605/fd/U,bw/st/yes/yes/d/579/fd/U,0.37
bw/so/no/yes/d/605/fd/U,bo/mu/yes/no/d/590/fd/U,0.34
bw/so/no/yes/d/605/fd/U,bw/st/yes/no/m/597/fd/U,0.31
bw/so/no/yes/d/605/fd/U,bw/so/yes/no/m/599/fd/U,0.58
bw/so/no/yes/d/605/fd/U,bo/st/yes/no/m/598/fd/U,0.43
bw/so/no/yes/d/605/fd/U,bo/mu/yes/no/m/596/fd/U,0.34
bw/so/no/yes/d/605/fd/U,bw/st/yes/no/d/591/fd/U,0.31
bw/so/no/yes/d/605/fd/U,bw/so/yes/no/m/647/fd/A,0.58
bw/so/no/yes/d/605/fd/U,bo/st/yes/no/d/640/fd/A,0.43
bw/so/no/yes/d/605/fd/U,bw/mu/no/yes/d/649/fd/A,0.32
bw/so/no/yes/d/605/fd/U,bw/so/no/no/m/671/fd/A,0.64
bw/so/no/yes/d/605/fd/U,bw/mu/yes/yes/d/625/fd/A,0.33
bw/so/no/yes/d/605/fd/U,bo/st/no/no/m/622/fd/U,0.37
bw/so/no/yes/d/605/fd/U,bo/mu/no/no/d/614/fd/U,0.28
bw/so/no/yes/d/605/fd/U,bw/mu/no/no/d/613/fd/U,0.3
bw/so/no/yes/d/605/fd/U,bo/st/no/no/m/670/fd/A,0.37
bw/so/no/yes/d/605/fd/U,bo/so/yes/no/m/648/fd/A,0.48
bw/so/no/yes/d/605/fd/U,bw/so/yes/no/d/641/fd/A,0.58
bw/so/no/yes/d/605/fd/U,bo/st/yes/no/m/646/fd/A,0.43
bw/so/no/yes/d/605/fd/U,bo/so/no/yes/m/612/fd/U,0.12
bw/so/no/yes/d/605/fd/U,bw/st/no/no/d/615/fd/U,0.31
bw/so/no/yes/d/605/fd/U,bw/so/no/no/m/623/fd/U,0.64
bw/so/no/yes/d/605/fd/U,bo/so/no/no/m/624/fd/U,0.14
bw/so/no/yes/d/605/fd/U,bo/so/no/yes/m/660/fd/A,0.12
bw/so/no/yes/d/605/fd/U,bo/st/no/yes/m/658/fd/A,0.35
bw/so/no/yes/d/605/fd/U,bw/mu/no/no/m/667/fd/A,0.3
bw/so/no/yes/d/605/fd/U,bw/st/no/yes/d/651/fd/A,0.38
bw/so/no/yes/d/605/fd/U,bw/st/no/no/m/669/fd/A,0.31
bw/so/no/yes/d/605/fd/U,bo/mu/no/yes/m/656/fd/A,0.31
bw/so/no/yes/d/605/fd/U,bo/mu/no/yes/d/602/fd/U,0.31
bw/so/no/yes/d/605/fd/U,bw/so/no/yes/d/605/fd/U,1.0
bw/so/no/yes/d/605/fd/U,bw/st/yes/yes/m/633/fd/A,0.37
bw/so/no/yes/d/605/fd/U,bo/st/yes/yes/m/634/fd/A,0.41
bw/so/no/yes/d/605/fd/U,bo/mu/no/no/m/668/fd/A,0.28
bw/so/no/yes/d/605/fd/U,bw/st/no/yes/m/657/fd/A,0.38
bw/so/no/yes/d/605/fd/U,bo/mu/no/yes/d/650/fd/A,0.31
bw/so/no/yes/d/605/fd/U,bw/so/no/yes/m/659/fd/A,1.0
bw/so/no/yes/d/605/fd/U,bo/so/no/no/d/666/fd/A,0.14
bw/so/no/yes/d/605/fd/U,bw/mu/no/no/d/661/fd/A,0.3
bw/so/no/yes/d/605/fd/U,bw/so/yes/yes/m/635/fd/A,0.84
bw/so/no/yes/d/605/fd/U,bo/mu/yes/yes/m/632/fd/A,0.35
bw/so/no/yes/d/605/fd/U,bo/st/no/yes/d/604/fd/U,0.35
bw/so/no/yes/d/605/fd/U,bw/st/no/yes/d/603/fd/U,0.38
bw/so/no/yes/d/605/fd/U,bo/so/yes/yes/m/588/fd/U,0.64
bw/so/no/yes/d/605/fd/U,bo/st/yes/yes/m/586/fd/U,0.41
bw/so/no/yes/d/605/fd/U,bw/so/yes/yes/d/581/fd/U,0.84
bw/so/no/yes/d/605/fd/U,bo/st/yes/yes/d/580/fd/U,0.41
bw/so/no/yes/d/605/fd/U,bw/so/yes/yes/m/587/fd/U,0.84
bw/so/no/yes/d/605/fd/U,bw/mu/yes/no/d/589/fd/U,0.32
bw/so/no/yes/d/605/fd/U,bo/so/yes/no/d/594/fd/U,0.48
bw/so/no/yes/d/605/fd/U,bw/so/yes/no/d/593/fd/U,0.58
bw/so/no/yes/d/605/fd/U,bo/st/yes/no/d/592/fd/U,0.43
bw/so/no/yes/d/605/fd/U,bw/mu/yes/no/m/595/fd/U,0.32
bw/so/no/yes/d/605/fd/U,bw/st/no/no/m/621/fd/U,0.31
bw/so/no/yes/d/605/fd/U,bw/mu/no/no/m/619/fd/U,0.3
bw/so/no/yes/d/605/fd/U,bo/mu/yes/yes/d/626/fd/A,0.35
bw/so/no/yes/d/605/fd/U,bo/st/no/yes/m/610/fd/U,0.35
bw/so/no/yes/d/605/fd/U,bo/st/yes/yes/d/628/fd/A,0.41
bw/so/no/yes/d/605/fd/U,bw/so/no/no/d/617/fd/U,0.64
bw/so/no/yes/d/605/fd/U,bw/mu/yes/no/m/643/fd/A,0.32
bw/so/no/yes/d/605/fd/U,bo/mu/yes/no/m/644/fd/A,0.34
bw/so/no/yes/d/605/fd/U,bo/so/no/no/m/672/fd/A,0.14
bw/so/no/yes/d/605/fd/U,bw/so/yes/yes/d/629/fd/A,0.84
bw/so/no/yes/d/605/fd/U,bo/st/no/no/d/616/fd/U,0.37
bw/so/no/yes/d/605/fd/U,bw/so/no/yes/m/611/fd/U,1.0
bw/so/no/yes/d/605/fd/U,bo/so/no/no/d/618/fd/U,0.14
bw/so/no/yes/d/605/fd/U,bw/st/yes/yes/d/627/fd/A,0.37
bw/so/no/yes/d/605/fd/U,bo/mu/no/no/m/620/fd/U,0.28
bw/so/no/yes/d/605/fd/U,bw/st/yes/no/m/645/fd/A,0.31
bw/so/no/yes/d/605/fd/U,bo/so/yes/no/d/642/fd/A,0.48
bw/st/yes/yes/m/633/fd/A,bo/so/no/yes/d/606/fd/U,0.05
bw/st/yes/yes/m/633/fd/A,bw/st/yes/no/d/639/fd/A,0.68
bw/st/yes/yes/m/633/fd/A,bw/mu/no/yes/d/601/fd/U,0.46
bw/st/yes/yes/m/633/fd/A,bw/mu/yes/no/d/637/fd/A,0.46
bw/st/yes/yes/m/633/fd/A,bo/mu/no/yes/m/608/fd/U,0.4
bw/st/yes/yes/m/633/fd/A,bo/so/yes/yes/d/630/fd/A,0.38
bw/st/yes/yes/m/633/fd/A,bo/st/no/no/d/664/fd/A,0.39
bw/st/yes/yes/m/633/fd/A,bw/st/no/no/d/663/fd/A,0.59
bw/st/yes/yes/m/633/fd/A,bw/mu/no/yes/m/655/fd/A,0.46
bw/st/yes/yes/m/633/fd/A,bo/st/no/yes/d/652/fd/A,0.38
bw/st/yes/yes/m/633/fd/A,bw/mu/yes/yes/m/631/fd/A,0.48
bw/st/yes/yes/m/633/fd/A,bo/so/yes/yes/m/636/fd/A,0.38
bw/st/yes/yes/m/633/fd/A,bw/st/no/yes/m/609/fd/U,0.84
bw/st/yes/yes/m/633/fd/A,bo/so/yes/no/m/600/fd/U,0.3
bw/st/yes/yes/m/633/fd/A,bw/mu/no/yes/m/607/fd/U,0.46
bw/st/yes/yes/m/633/fd/A,bo/mu/yes/no/d/638/fd/A,0.43
bw/st/yes/yes/m/633/fd/A,bw/so/no/yes/d/653/fd/A,0.37
bw/st/yes/yes/m/633/fd/A,bo/so/no/yes/d/654/fd/A,0.05
bw/st/yes/yes/m/633/fd/A,bo/mu/no/no/d/662/fd/A,0.38
bw/st/yes/yes/m/633/fd/A,bw/so/no/no/d/665/fd/A,0.31
bw/st/yes/yes/m/633/fd/A,bo/mu/yes/yes/d/578/fd/U,0.43
bw/st/yes/yes/m/633/fd/A,bo/so/yes/yes/d/582/fd/U,0.38
bw/st/yes/yes/m/633/fd/A,bw/st/yes/yes/m/585/fd/U,1.0
bw/st/yes/yes/m/633/fd/A,bo/mu/yes/yes/m/584/fd/U,0.43
bw/st/yes/yes/m/633/fd/A,bw/mu/yes/yes/m/583/fd/U,0.48
bw/st/yes/yes/m/633/fd/A,bw/mu/yes/yes/d/577/fd/U,0.48
bw/st/yes/yes/m/633/fd/A,bw/st/yes/yes/d/579/fd/U,1.0
bw/st/yes/yes/m/633/fd/A,bo/mu/yes/no/d/590/fd/U,0.43
bw/st/yes/yes/m/633/fd/A,bw/st/yes/no/m/597/fd/U,0.68
bw/st/yes/yes/m/633/fd/A,bw/so/yes/no/m/599/fd/U,0.31
bw/st/yes/yes/m/633/fd/A,bo/st/yes/no/m/598/fd/U,0.56
bw/st/yes/yes/m/633/fd/A,bo/mu/yes/no/m/596/fd/U,0.43
bw/st/yes/yes/m/633/fd/A,bw/st/yes/no/d/591/fd/U,0.68
bw/st/yes/yes/m/633/fd/A,bw/so/yes/no/m/647/fd/A,0.31
bw/st/yes/yes/m/633/fd/A,bo/st/yes/no/d/640/fd/A,0.56
bw/st/yes/yes/m/633/fd/A,bw/mu/no/yes/d/649/fd/A,0.46
bw/st/yes/yes/m/633/fd/A,bw/so/no/no/m/671/fd/A,0.31
bw/st/yes/yes/m/633/fd/A,bw/mu/yes/yes/d/625/fd/A,0.48
bw/st/yes/yes/m/633/fd/A,bo/st/no/no/m/622/fd/U,0.39
bw/st/yes/yes/m/633/fd/A,bo/mu/no/no/d/614/fd/U,0.38
bw/st/yes/yes/m/633/fd/A,bw/mu/no/no/d/613/fd/U,0.44
bw/st/yes/yes/m/633/fd/A,bo/st/no/no/m/670/fd/A,0.39
bw/st/yes/yes/m/633/fd/A,bo/so/yes/no/m/648/fd/A,0.3
bw/st/yes/yes/m/633/fd/A,bw/so/yes/no/d/641/fd/A,0.31
bw/st/yes/yes/m/633/fd/A,bo/st/yes/no/m/646/fd/A,0.56
bw/st/yes/yes/m/633/fd/A,bo/so/no/yes/m/612/fd/U,0.05
bw/st/yes/yes/m/633/fd/A,bw/st/no/no/d/615/fd/U,0.59
bw/st/yes/yes/m/633/fd/A,bw/so/no/no/m/623/fd/U,0.31
bw/st/yes/yes/m/633/fd/A,bo/so/no/no/m/624/fd/U,0.06
bw/st/yes/yes/m/633/fd/A,bo/so/no/yes/m/660/fd/A,0.05
bw/st/yes/yes/m/633/fd/A,bo/st/no/yes/m/658/fd/A,0.38
bw/st/yes/yes/m/633/fd/A,bw/mu/no/no/m/667/fd/A,0.44
bw/st/yes/yes/m/633/fd/A,bw/st/no/yes/d/651/fd/A,0.84
bw/st/yes/yes/m/633/fd/A,bw/st/no/no/m/669/fd/A,0.59
bw/st/yes/yes/m/633/fd/A,bo/mu/no/yes/m/656/fd/A,0.4
bw/st/yes/yes/m/633/fd/A,bo/mu/no/yes/d/602/fd/U,0.4
bw/st/yes/yes/m/633/fd/A,bw/so/no/yes/d/605/fd/U,0.37
bw/st/yes/yes/m/633/fd/A,bw/st/yes/yes/m/633/fd/A,1.0
bw/st/yes/yes/m/633/fd/A,bo/st/yes/yes/m/634/fd/A,0.52
bw/st/yes/yes/m/633/fd/A,bo/mu/no/no/m/668/fd/A,0.38
bw/st/yes/yes/m/633/fd/A,bw/st/no/yes/m/657/fd/A,0.84
bw/st/yes/yes/m/633/fd/A,bo/mu/no/yes/d/650/fd/A,0.4
bw/st/yes/yes/m/633/fd/A,bw/so/no/yes/m/659/fd/A,0.37
bw/st/yes/yes/m/633/fd/A,bo/so/no/no/d/666/fd/A,0.06
bw/st/yes/yes/m/633/fd/A,bw/mu/no/no/d/661/fd/A,0.44
bw/st/yes/yes/m/633/fd/A,bw/so/yes/yes/m/635/fd/A,0.39
bw/st/yes/yes/m/633/fd/A,bo/mu/yes/yes/m/632/fd/A,0.43
bw/st/yes/yes/m/633/fd/A,bo/st/no/yes/d/604/fd/U,0.38
bw/st/yes/yes/m/633/fd/A,bw/st/no/yes/d/603/fd/U,0.84
bw/st/yes/yes/m/633/fd/A,bo/so/yes/yes/m/588/fd/U,0.38
bw/st/yes/yes/m/633/fd/A,bo/st/yes/yes/m/586/fd/U,0.52
bw/st/yes/yes/m/633/fd/A,bw/so/yes/yes/d/581/fd/U,0.39
bw/st/yes/yes/m/633/fd/A,bo/st/yes/yes/d/580/fd/U,0.52
bw/st/yes/yes/m/633/fd/A,bw/so/yes/yes/m/587/fd/U,0.39
bw/st/yes/yes/m/633/fd/A,bw/mu/yes/no/d/589/fd/U,0.46
bw/st/yes/yes/m/633/fd/A,bo/so/yes/no/d/594/fd/U,0.3
bw/st/yes/yes/m/633/fd/A,bw/so/yes/no/d/593/fd/U,0.31
bw/st/yes/yes/m/633/fd/A,bo/st/yes/no/d/592/fd/U,0.56
bw/st/yes/yes/m/633/fd/A,bw/mu/yes/no/m/595/fd/U,0.46
bw/st/yes/yes/m/633/fd/A,bw/st/no/no/m/621/fd/U,0.59
bw/st/yes/yes/m/633/fd/A,bw/mu/no/no/m/619/fd/U,0.44
bw/st/yes/yes/m/633/fd/A,bo/mu/yes/yes/d/626/fd/A,0.43
bw/st/yes/yes/m/633/fd/A,bo/st/no/yes/m/610/fd/U,0.38
bw/st/yes/yes/m/633/fd/A,bo/st/yes/yes/d/628/fd/A,0.52
bw/st/yes/yes/m/633/fd/A,bw/so/no/no/d/617/fd/U,0.31
bw/st/yes/yes/m/633/fd/A,bw/mu/yes/no/m/643/fd/A,0.46
bw/st/yes/yes/m/633/fd/A,bo/mu/yes/no/m/644/fd/A,0.43
bw/st/yes/yes/m/633/fd/A,bo/so/no/no/m/672/fd/A,0.06
bw/st/yes/yes/m/633/fd/A,bw/so/yes/yes/d/629/fd/A,0.39
bw/st/yes/yes/m/633/fd/A,bo/st/no/no/d/616/fd/U,0.39
bw/st/yes/yes/m/633/fd/A,bw/so/no/yes/m/611/fd/U,0.37
bw/st/yes/yes/m/633/fd/A,bo/so/no/no/d/618/fd/U,0.06
bw/st/yes/yes/m/633/fd/A,bw/st/yes/yes/d/627/fd/A,1.0
bw/st/yes/yes/m/633/fd/A,bo/mu/no/no/m/620/fd/U,0.38
bw/st/yes/yes/m/633/fd/A,bw/st/yes/no/m/645/fd/A,0.68
bw/st/yes/yes/m/633/fd/A,bo/so/yes/no/d/642/fd/A,0.3
bo/st/yes/yes/m/634/fd/A,bo/so/no/yes/d/606/fd/U,0.06
bo/st/yes/yes/m/634/fd/A,bw/st/yes/no/d/639/fd/A,0.36
bo/st/yes/yes/m/634/fd/A,bw/mu/no/yes/d/601/fd/U,0.51
bo/st/yes/yes/m/634/fd/A,bw/mu/yes/no/d/637/fd/A,0.52
bo/st/yes/yes/m/634/fd/A,bo/mu/no/yes/m/608/fd/U,0.55
bo/st/yes/yes/m/634/fd/A,bo/so/yes/yes/d/630/fd/A,0.48
bo/st/yes/yes/m/634/fd/A,bo/st/no/no/d/664/fd/A,0.6
bo/st/yes/yes/m/634/fd/A,bw/st/no/no/d/663/fd/A,0.34
bo/st/yes/yes/m/634/fd/A,bw/mu/no/yes/m/655/fd/A,0.51
bo/st/yes/yes/m/634/fd/A,bo/st/no/yes/d/652/fd/A,0.63
bo/st/yes/yes/m/634/fd/A,bw/mu/yes/yes/m/631/fd/A,0.55
bo/st/yes/yes/m/634/fd/A,bo/so/yes/yes/m/636/fd/A,0.48
bo/st/yes/yes/m/634/fd/A,bw/st/no/yes/m/609/fd/U,0.51
bo/st/yes/yes/m/634/fd/A,bo/so/yes/no/m/600/fd/U,0.32
bo/st/yes/yes/m/634/fd/A,bw/mu/no/yes/m/607/fd/U,0.51
bo/st/yes/yes/m/634/fd/A,bo/mu/yes/no/d/638/fd/A,0.61
bo/st/yes/yes/m/634/fd/A,bw/so/no/yes/d/653/fd/A,0.41
bo/st/yes/yes/m/634/fd/A,bo/so/no/yes/d/654/fd/A,0.06
bo/st/yes/yes/m/634/fd/A,bo/mu/no/no/d/662/fd/A,0.47
bo/st/yes/yes/m/634/fd/A,bw/so/no/no/d/665/fd/A,0.31
bo/st/yes/yes/m/634/fd/A,bo/mu/yes/yes/d/578/fd/U,0.64
bo/st/yes/yes/m/634/fd/A,bo/so/yes/yes/d/582/fd/U,0.48
bo/st/yes/yes/m/634/fd/A,bw/st/yes/yes/m/585/fd/U,0.52
bo/st/yes/yes/m/634/fd/A,bo/mu/yes/yes/m/584/fd/U,0.64
bo/st/yes/yes/m/634/fd/A,bw/mu/yes/yes/m/583/fd/U,0.55
bo/st/yes/yes/m/634/fd/A,bw/mu/yes/yes/d/577/fd/U,0.55
bo/st/yes/yes/m/634/fd/A,bw/st/yes/yes/d/579/fd/U,0.52
bo/st/yes/yes/m/634/fd/A,bo/mu/yes/no/d/590/fd/U,0.61
bo/st/yes/yes/m/634/fd/A,bw/st/yes/no/m/597/fd/U,0.36
bo/st/yes/yes/m/634/fd/A,bw/so/yes/no/m/599/fd/U,0.3
bo/st/yes/yes/m/634/fd/A,bo/st/yes/no/m/598/fd/U,0.87
bo/st/yes/yes/m/634/fd/A,bo/mu/yes/no/m/596/fd/U,0.61
bo/st/yes/yes/m/634/fd/A,bw/st/yes/no/d/591/fd/U,0.36
bo/st/yes/yes/m/634/fd/A,bw/so/yes/no/m/647/fd/A,0.3
bo/st/yes/yes/m/634/fd/A,bo/st/yes/no/d/640/fd/A,0.87
bo/st/yes/yes/m/634/fd/A,bw/mu/no/yes/d/649/fd/A,0.51
bo/st/yes/yes/m/634/fd/A,bw/so/no/no/m/671/fd/A,0.31
bo/st/yes/yes/m/634/fd/A,bw/mu/yes/yes/d/625/fd/A,0.55
bo/st/yes/yes/m/634/fd/A,bo/st/no/no/m/622/fd/U,0.6
bo/st/yes/yes/m/634/fd/A,bo/mu/no/no/d/614/fd/U,0.47
bo/st/yes/yes/m/634/fd/A,bw/mu/no/no/d/613/fd/U,0.48
bo/st/yes/yes/m/634/fd/A,bo/st/no/no/m/670/fd/A,0.6
bo/st/yes/yes/m/634/fd/A,bo/so/yes/no/m/648/fd/A,0.32
bo/st/yes/yes/m/634/fd/A,bw/so/yes/no/d/641/fd/A,0.3
bo/st/yes/yes/m/634/fd/A,bo/st/yes/no/m/646/fd/A,0.87
bo/st/yes/yes/m/634/fd/A,bo/so/no/yes/m/612/fd/U,0.06
bo/st/yes/yes/m/634/fd/A,bw/st/no/no/d/615/fd/U,0.34
bo/st/yes/yes/m/634/fd/A,bw/so/no/no/m/623/fd/U,0.31
bo/st/yes/yes/m/634/fd/A,bo/so/no/no/m/624/fd/U,0.06
bo/st/yes/yes/m/634/fd/A,bo/so/no/yes/m/660/fd/A,0.06
bo/st/yes/yes/m/634/fd/A,bo/st/no/yes/m/658/fd/A,0.63
bo/st/yes/yes/m/634/fd/A,bw/mu/no/no/m/667/fd/A,0.48
bo/st/yes/yes/m/634/fd/A,bw/st/no/yes/d/651/fd/A,0.51
bo/st/yes/yes/m/634/fd/A,bw/st/no/no/m/669/fd/A,0.34
bo/st/yes/yes/m/634/fd/A,bo/mu/no/yes/m/656/fd/A,0.55
bo/st/yes/yes/m/634/fd/A,bo/mu/no/yes/d/602/fd/U,0.55
bo/st/yes/yes/m/634/fd/A,bw/so/no/yes/d/605/fd/U,0.41
bo/st/yes/yes/m/634/fd/A,bw/st/yes/yes/m/633/fd/A,0.52
bo/st/yes/yes/m/634/fd/A,bo/st/yes/yes/m/634/fd/A,1.0
bo/st/yes/yes/m/634/fd/A,bo/mu/no/no/m/668/fd/A,0.47
bo/st/yes/yes/m/634/fd/A,bw/st/no/yes/m/657/fd/A,0.51
bo/st/yes/yes/m/634/fd/A,bo/mu/no/yes/d/650/fd/A,0.55
bo/st/yes/yes/m/634/fd/A,bw/so/no/yes/m/659/fd/A,0.41
bo/st/yes/yes/m/634/fd/A,bo/so/no/no/d/666/fd/A,0.06
bo/st/yes/yes/m/634/fd/A,bw/mu/no/no/d/661/fd/A,0.48
bo/st/yes/yes/m/634/fd/A,bw/so/yes/yes/m/635/fd/A,0.41
bo/st/yes/yes/m/634/fd/A,bo/mu/yes/yes/m/632/fd/A,0.64
bo/st/yes/yes/m/634/fd/A,bo/st/no/yes/d/604/fd/U,0.63
bo/st/yes/yes/m/634/fd/A,bw/st/no/yes/d/603/fd/U,0.51
bo/st/yes/yes/m/634/fd/A,bo/so/yes/yes/m/588/fd/U,0.48
bo/st/yes/yes/m/634/fd/A,bo/st/yes/yes/m/586/fd/U,1.0
bo/st/yes/yes/m/634/fd/A,bw/so/yes/yes/d/581/fd/U,0.41
bo/st/yes/yes/m/634/fd/A,bo/st/yes/yes/d/580/fd/U,1.0
bo/st/yes/yes/m/634/fd/A,bw/so/yes/yes/m/587/fd/U,0.41
bo/st/yes/yes/m/634/fd/A,bw/mu/yes/no/d/589/fd/U,0.52
bo/st/yes/yes/m/634/fd/A,bo/so/yes/no/d/594/fd/U,0.32
bo/st/yes/yes/m/634/fd/A,bw/so/yes/no/d/593/fd/U,0.3
bo/st/yes/yes/m/634/fd/A,bo/st/yes/no/d/592/fd/U,0.87
bo/st/yes/yes/m/634/fd/A,bw/mu/yes/no/m/595/fd/U,0.52
bo/st/yes/yes/m/634/fd/A,bw/st/no/no/m/621/fd/U,0.34
bo/st/yes/yes/m/634/fd/A,bw/mu/no/no/m/619/fd/U,0.48
bo/st/yes/yes/m/634/fd/A,bo/mu/yes/yes/d/626/fd/A,0.64
bo/st/yes/yes/m/634/fd/A,bo/st/no/yes/m/610/fd/U,0.63
bo/st/yes/yes/m/634/fd/A,bo/st/yes/yes/d/628/fd/A,1.0
bo/st/yes/yes/m/634/fd/A,bw/so/no/no/d/617/fd/U,0.31
bo/st/yes/yes/m/634/fd/A,bw/mu/yes/no/m/643/fd/A,0.52
bo/st/yes/yes/m/634/fd/A,bo/mu/yes/no/m/644/fd/A,0.61
bo/st/yes/yes/m/634/fd/A,bo/so/no/no/m/672/fd/A,0.06
bo/st/yes/yes/m/634/fd/A,bw/so/yes/yes/d/629/fd/A,0.41
bo/st/yes/yes/m/634/fd/A,bo/st/no/no/d/616/fd/U,0.6
bo/st/yes/yes/m/634/fd/A,bw/so/no/yes/m/611/fd/U,0.41
bo/st/yes/yes/m/634/fd/A,bo/so/no/no/d/618/fd/U,0.06
bo/st/yes/yes/m/634/fd/A,bw/st/yes/yes/d/627/fd/A,0.52
bo/st/yes/yes/m/634/fd/A,bo/mu/no/no/m/620/fd/U,0.47
bo/st/yes/yes/m/634/fd/A,bw/st/yes/no/m/645/fd/A,0.36
bo/st/yes/yes/m/634/fd/A,bo/so/yes/no/d/642/fd/A,0.32
bo/mu/no/no/m/668/fd/A,bo/so/no/yes/d/606/fd/U,0.03
bo/mu/no/no/m/668/fd/A,bw/st/yes/no/d/639/fd/A,0.32
bo/mu/no/no/m/668/fd/A,bw/mu/no/yes/d/601/fd/U,0.57
bo/mu/no/no/m/668/fd/A,bw/mu/yes/no/d/637/fd/A,0.62
bo/mu/no/no/m/668/fd/A,bo/mu/no/yes/m/608/fd/U,0.71
bo/mu/no/no/m/668/fd/A,bo/so/yes/yes/d/630/fd/A,0.32
bo/mu/no/no/m/668/fd/A,bo/st/no/no/d/664/fd/A,0.45
bo/mu/no/no/m/668/fd/A,bw/st/no/no/d/663/fd/A,0.32
bo/mu/no/no/m/668/fd/A,bw/mu/no/yes/m/655/fd/A,0.57
bo/mu/no/no/m/668/fd/A,bo/st/no/yes/d/652/fd/A,0.48
bo/mu/no/no/m/668/fd/A,bw/mu/yes/yes/m/631/fd/A,0.6
bo/mu/no/no/m/668/fd/A,bo/so/yes/yes/m/636/fd/A,0.32
bo/mu/no/no/m/668/fd/A,bw/st/no/yes/m/609/fd/U,0.39
bo/mu/no/no/m/668/fd/A,bo/so/yes/no/m/600/fd/U,0.23
bo/mu/no/no/m/668/fd/A,bw/mu/no/yes/m/607/fd/U,0.57
bo/mu/no/no/m/668/fd/A,bo/mu/yes/no/d/638/fd/A,0.62
bo/mu/no/no/m/668/fd/A,bw/so/no/yes/d/653/fd/A,0.28
bo/mu/no/no/m/668/fd/A,bo/so/no/yes/d/654/fd/A,0.03
bo/mu/no/no/m/668/fd/A,bo/mu/no/no/d/662/fd/A,1.0
bo/mu/no/no/m/668/fd/A,bw/so/no/no/d/665/fd/A,0.22
bo/mu/no/no/m/668/fd/A,bo/mu/yes/yes/d/578/fd/U,0.61
bo/mu/no/no/m/668/fd/A,bo/so/yes/yes/d/582/fd/U,0.32
bo/mu/no/no/m/668/fd/A,bw/st/yes/yes/m/585/fd/U,0.38
bo/mu/no/no/m/668/fd/A,bo/mu/yes/yes/m/584/fd/U,0.61
bo/mu/no/no/m/668/fd/A,bw/mu/yes/yes/m/583/fd/U,0.6
bo/mu/no/no/m/668/fd/A,bw/mu/yes/yes/d/577/fd/U,0.6
bo/mu/no/no/m/668/fd/A,bw/st/yes/yes/d/579/fd/U,0.38
bo/mu/no/no/m/668/fd/A,bo/mu/yes/no/d/590/fd/U,0.62
bo/mu/no/no/m/668/fd/A,bw/st/yes/no/m/597/fd/U,0.32
bo/mu/no/no/m/668/fd/A,bw/so/yes/no/m/599/fd/U,0.21
bo/mu/no/no/m/668/fd/A,bo/st/yes/no/m/598/fd/U,0.43
bo/mu/no/no/m/668/fd/A,bo/mu/yes/no/m/596/fd/U,0.62
bo/mu/no/no/m/668/fd/A,bw/st/yes/no/d/591/fd/U,0.32
bo/mu/no/no/m/668/fd/A,bw/so/yes/no/m/647/fd/A,0.21
bo/mu/no/no/m/668/fd/A,bo/st/yes/no/d/640/fd/A,0.43
bo/mu/no/no/m/668/fd/A,bw/mu/no/yes/d/649/fd/A,0.57
bo/mu/no/no/m/668/fd/A,bw/so/no/no/m/671/fd/A,0.22
bo/mu/no/no/m/668/fd/A,bw/mu/yes/yes/d/625/fd/A,0.6
bo/mu/no/no/m/668/fd/A,bo/st/no/no/m/622/fd/U,0.45
bo/mu/no/no/m/668/fd/A,bo/mu/no/no/d/614/fd/U,1.0
bo/mu/no/no/m/668/fd/A,bw/mu/no/no/d/613/fd/U,0.59
bo/mu/no/no/m/668/fd/A,bo/st/no/no/m/670/fd/A,0.45
bo/mu/no/no/m/668/fd/A,bo/so/yes/no/m/648/fd/A,0.23
bo/mu/no/no/m/668/fd/A,bw/so/yes/no/d/641/fd/A,0.21
bo/mu/no/no/m/668/fd/A,bo/st/yes/no/m/646/fd/A,0.43
bo/mu/no/no/m/668/fd/A,bo/so/no/yes/m/612/fd/U,0.03
bo/mu/no/no/m/668/fd/A,bw/st/no/no/d/615/fd/U,0.32
bo/mu/no/no/m/668/fd/A,bw/so/no/no/m/623/fd/U,0.22
bo/mu/no/no/m/668/fd/A,bo/so/no/no/m/624/fd/U,0.03
bo/mu/no/no/m/668/fd/A,bo/so/no/yes/m/660/fd/A,0.03
bo/mu/no/no/m/668/fd/A,bo/st/no/yes/m/658/fd/A,0.48
bo/mu/no/no/m/668/fd/A,bw/mu/no/no/m/667/fd/A,0.59
bo/mu/no/no/m/668/fd/A,bw/st/no/yes/d/651/fd/A,0.39
bo/mu/no/no/m/668/fd/A,bw/st/no/no/m/669/fd/A,0.32
bo/mu/no/no/m/668/fd/A,bo/mu/no/yes/m/656/fd/A,0.71
bo/mu/no/no/m/668/fd/A,bo/mu/no/yes/d/602/fd/U,0.71
bo/mu/no/no/m/668/fd/A,bw/so/no/yes/d/605/fd/U,0.28
bo/mu/no/no/m/668/fd/A,bw/st/yes/yes/m/633/fd/A,0.38
bo/mu/no/no/m/668/fd/A,bo/st/yes/yes/m/634/fd/A,0.47
bo/mu/no/no/m/668/fd/A,bo/mu/no/no/m/668/fd/A,1.0
bo/mu/no/no/m/668/fd/A,bw/st/no/yes/m/657/fd/A,0.39
bo/mu/no/no/m/668/fd/A,bo/mu/no/yes/d/650/fd/A,0.71
bo/mu/no/no/m/668/fd/A,bw/so/no/yes/m/659/fd/A,0.28
bo/mu/no/no/m/668/fd/A,bo/so/no/no/d/666/fd/A,0.03
bo/mu/no/no/m/668/fd/A,bw/mu/no/no/d/661/fd/A,0.59
bo/mu/no/no/m/668/fd/A,bw/so/yes/yes/m/635/fd/A,0.28
bo/mu/no/no/m/668/fd/A,bo/mu/yes/yes/m/632/fd/A,0.61
bo/mu/no/no/m/668/fd/A,bo/st/no/yes/d/604/fd/U,0.48
bo/mu/no/no/m/668/fd/A,bw/st/no/yes/d/603/fd/U,0.39
bo/mu/no/no/m/668/fd/A,bo/so/yes/yes/m/588/fd/U,0.32
bo/mu/no/no/m/668/fd/A,bo/st/yes/yes/m/586/fd/U,0.47
bo/mu/no/no/m/668/fd/A,bw/so/yes/yes/d/581/fd/U,0.28
bo/mu/no/no/m/668/fd/A,bo/st/yes/yes/d/580/fd/U,0.47
bo/mu/no/no/m/668/fd/A,bw/so/yes/yes/m/587/fd/U,0.28
bo/mu/no/no/m/668/fd/A,bw/mu/yes/no/d/589/fd/U,0.62
bo/mu/no/no/m/668/fd/A,bo/so/yes/no/d/594/fd/U,0.23
bo/mu/no/no/m/668/fd/A,bw/so/yes/no/d/593/fd/U,0.21
bo/mu/no/no/m/668/fd/A,bo/st/yes/no/d/592/fd/U,0.43
bo/mu/no/no/m/668/fd/A,bw/mu/yes/no/m/595/fd/U,0.62
bo/mu/no/no/m/668/fd/A,bw/st/no/no/m/621/fd/U,0.32
bo/mu/no/no/m/668/fd/A,bw/mu/no/no/m/619/fd/U,0.59
bo/mu/no/no/m/668/fd/A,bo/mu/yes/yes/d/626/fd/A,0.61
bo/mu/no/no/m/668/fd/A,bo/st/no/yes/m/610/fd/U,0.48
bo/mu/no/no/m/668/fd/A,bo/st/yes/yes/d/628/fd/A,0.47
bo/mu/no/no/m/668/fd/A,bw/so/no/no/d/617/fd/U,0.22
bo/mu/no/no/m/668/fd/A,bw/mu/yes/no/m/643/fd/A,0.62
bo/mu/no/no/m/668/fd/A,bo/mu/yes/no/m/644/fd/A,0.62
bo/mu/no/no/m/668/fd/A,bo/so/no/no/m/672/fd/A,0.03
bo/mu/no/no/m/668/fd/A,bw/so/yes/yes/d/629/fd/A,0.28
bo/mu/no/no/m/668/fd/A,bo/st/no/no/d/616/fd/U,0.45
bo/mu/no/no/m/668/fd/A,bw/so/no/yes/m/611/fd/U,0.28
bo/mu/no/no/m/668/fd/A,bo/so/no/no/d/618/fd/U,0.03
bo/mu/no/no/m/668/fd/A,bw/st/yes/yes/d/627/fd/A,0.38
bo/mu/no/no/m/668/fd/A,bo/mu/no/no/m/620/fd/U,1.0
bo/mu/no/no/m/668/fd/A,bw/st/yes/no/m/645/fd/A,0.32
bo/mu/no/no/m/668/fd/A,bo/so/yes/no/d/642/fd/A,0.23
bw/st/no/yes/m/657/fd/A,bo/so/no/yes/d/606/fd/U,0.05
bw/st/no/yes/m/657/fd/A,bw/st/yes/no/d/639/fd/A,0.63
bw/st/no/yes/m/657/fd/A,bw/mu/no/yes/d/601/fd/U,0.46
bw/st/no/yes/m/657/fd/A,bw/mu/yes/no/d/637/fd/A,0.46
bw/st/no/yes/m/657/fd/A,bo/mu/no/yes/m/608/fd/U,0.4
bw/st/no/yes/m/657/fd/A,bo/so/yes/yes/d/630/fd/A,0.37
bw/st/no/yes/m/657/fd/A,bo/st/no/no/d/664/fd/A,0.4
bw/st/no/yes/m/657/fd/A,bw/st/no/no/d/663/fd/A,0.66
bw/st/no/yes/m/657/fd/A,bw/mu/no/yes/m/655/fd/A,0.46
bw/st/no/yes/m/657/fd/A,bo/st/no/yes/d/652/fd/A,0.38
bw/st/no/yes/m/657/fd/A,bw/mu/yes/yes/m/631/fd/A,0.48
bw/st/no/yes/m/657/fd/A,bo/so/yes/yes/m/636/fd/A,0.37
bw/st/no/yes/m/657/fd/A,bw/st/no/yes/m/609/fd/U,1.0
bw/st/no/yes/m/657/fd/A,bo/so/yes/no/m/600/fd/U,0.29
bw/st/no/yes/m/657/fd/A,bw/mu/no/yes/m/607/fd/U,0.46
bw/st/no/yes/m/657/fd/A,bo/mu/yes/no/d/638/fd/A,0.44
bw/st/no/yes/m/657/fd/A,bw/so/no/yes/d/653/fd/A,0.38
bw/st/no/yes/m/657/fd/A,bo/so/no/yes/d/654/fd/A,0.05
bw/st/no/yes/m/657/fd/A,bo/mu/no/no/d/662/fd/A,0.39
bw/st/no/yes/m/657/fd/A,bw/so/no/no/d/665/fd/A,0.31
bw/st/no/yes/m/657/fd/A,bo/mu/yes/yes/d/578/fd/U,0.44
bw/st/no/yes/m/657/fd/A,bo/so/yes/yes/d/582/fd/U,0.37
bw/st/no/yes/m/657/fd/A,bw/st/yes/yes/m/585/fd/U,0.84
bw/st/no/yes/m/657/fd/A,bo/mu/yes/yes/m/584/fd/U,0.44
bw/st/no/yes/m/657/fd/A,bw/mu/yes/yes/m/583/fd/U,0.48
bw/st/no/yes/m/657/fd/A,bw/mu/yes/yes/d/577/fd/U,0.48
bw/st/no/yes/m/657/fd/A,bw/st/yes/yes/d/579/fd/U,0.84
bw/st/no/yes/m/657/fd/A,bo/mu/yes/no/d/590/fd/U,0.44
bw/st/no/yes/m/657/fd/A,bw/st/yes/no/m/597/fd/U,0.63
bw/st/no/yes/m/657/fd/A,bw/so/yes/no/m/599/fd/U,0.3
bw/st/no/yes/m/657/fd/A,bo/st/yes/no/m/598/fd/U,0.54
bw/st/no/yes/m/657/fd/A,bo/mu/yes/no/m/596/fd/U,0.44
bw/st/no/yes/m/657/fd/A,bw/st/yes/no/d/591/fd/U,0.63
bw/st/no/yes/m/657/fd/A,bw/so/yes/no/m/647/fd/A,0.3
bw/st/no/yes/m/657/fd/A,bo/st/yes/no/d/640/fd/A,0.54
bw/st/no/yes/m/657/fd/A,bw/mu/no/yes/d/649/fd/A,0.46
bw/st/no/yes/m/657/fd/A,bw/so/no/no/m/671/fd/A,0.31
bw/st/no/yes/m/657/fd/A,bw/mu/yes/yes/d/625/fd/A,0.48
bw/st/no/yes/m/657/fd/A,bo/st/no/no/m/622/fd/U,0.4
bw/st/no/yes/m/657/fd/A,bo/mu/no/no/d/614/fd/U,0.39
bw/st/no/yes/m/657/fd/A,bw/mu/no/no/d/613/fd/U,0.44
bw/st/no/yes/m/657/fd/A,bo/st/no/no/m/670/fd/A,0.4
bw/st/no/yes/m/657/fd/A,bo/so/yes/no/m/648/fd/A,0.29
bw/st/no/yes/m/657/fd/A,bw/so/yes/no/d/641/fd/A,0.3
bw/st/no/yes/m/657/fd/A,bo/st/yes/no/m/646/fd/A,0.54
bw/st/no/yes/m/657/fd/A,bo/so/no/yes/m/612/fd/U,0.05
bw/st/no/yes/m/657/fd/A,bw/st/no/no/d/615/fd/U,0.66
bw/st/no/yes/m/657/fd/A,bw/so/no/no/m/623/fd/U,0.31
bw/st/no/yes/m/657/fd/A,bo/so/no/no/m/624/fd/U,0.06
bw/st/no/yes/m/657/fd/A,bo/so/no/yes/m/660/fd/A,0.05
bw/st/no/yes/m/657/fd/A,bo/st/no/yes/m/658/fd/A,0.38
bw/st/no/yes/m/657/fd/A,bw/mu/no/no/m/667/fd/A,0.44
bw/st/no/yes/m/657/fd/A,bw/st/no/yes/d/651/fd/A,1.0
bw/st/no/yes/m/657/fd/A,bw/st/no/no/m/669/fd/A,0.66
bw/st/no/yes/m/657/fd/A,bo/mu/no/yes/m/656/fd/A,0.4
bw/st/no/yes/m/657/fd/A,bo/mu/no/yes/d/602/fd/U,0.4
bw/st/no/yes/m/657/fd/A,bw/so/no/yes/d/605/fd/U,0.38
bw/st/no/yes/m/657/fd/A,bw/st/yes/yes/m/633/fd/A,0.84
bw/st/no/yes/m/657/fd/A,bo/st/yes/yes/m/634/fd/A,0.51
bw/st/no/yes/m/657/fd/A,bo/mu/no/no/m/668/fd/A,0.39
bw/st/no/yes/m/657/fd/A,bw/st/no/yes/m/657/fd/A,1.0
bw/st/no/yes/m/657/fd/A,bo/mu/no/yes/d/650/fd/A,0.4
bw/st/no/yes/m/657/fd/A,bw/so/no/yes/m/659/fd/A,0.38
bw/st/no/yes/m/657/fd/A,bo/so/no/no/d/666/fd/A,0.06
bw/st/no/yes/m/657/fd/A,bw/mu/no/no/d/661/fd/A,0.44
bw/st/no/yes/m/657/fd/A,bw/so/yes/yes/m/635/fd/A,0.38
bw/st/no/yes/m/657/fd/A,bo/mu/yes/yes/m/632/fd/A,0.44
bw/st/no/yes/m/657/fd/A,bo/st/no/yes/d/604/fd/U,0.38
bw/st/no/yes/m/657/fd/A,bw/st/no/yes/d/603/fd/U,1.0
bw/st/no/yes/m/657/fd/A,bo/so/yes/yes/m/588/fd/U,0.37
bw/st/no/yes/m/657/fd/A,bo/st/yes/yes/m/586/fd/U,0.51
bw/st/no/yes/m/657/fd/A,bw/so/yes/yes/d/581/fd/U,0.38
bw/st/no/yes/m/657/fd/A,bo/st/yes/yes/d/580/fd/U,0.51
bw/st/no/yes/m/657/fd/A,bw/so/yes/yes/m/587/fd/U,0.38
bw/st/no/yes/m/657/fd/A,bw/mu/yes/no/d/589/fd/U,0.46
bw/st/no/yes/m/657/fd/A,bo/so/yes/no/d/594/fd/U,0.29
bw/st/no/yes/m/657/fd/A,bw/so/yes/no/d/593/fd/U,0.3
bw/st/no/yes/m/657/fd/A,bo/st/yes/no/d/592/fd/U,0.54
bw/st/no/yes/m/657/fd/A,bw/mu/yes/no/m/595/fd/U,0.46
bw/st/no/yes/m/657/fd/A,bw/st/no/no/m/621/fd/U,0.66
bw/st/no/yes/m/657/fd/A,bw/mu/no/no/m/619/fd/U,0.44
bw/st/no/yes/m/657/fd/A,bo/mu/yes/yes/d/626/fd/A,0.44
bw/st/no/yes/m/657/fd/A,bo/st/no/yes/m/610/fd/U,0.38
bw/st/no/yes/m/657/fd/A,bo/st/yes/yes/d/628/fd/A,0.51
bw/st/no/yes/m/657/fd/A,bw/so/no/no/d/617/fd/U,0.31
bw/st/no/yes/m/657/fd/A,bw/mu/yes/no/m/643/fd/A,0.46
bw/st/no/yes/m/657/fd/A,bo/mu/yes/no/m/644/fd/A,0.44
bw/st/no/yes/m/657/fd/A,bo/so/no/no/m/672/fd/A,0.06
bw/st/no/yes/m/657/fd/A,bw/so/yes/yes/d/629/fd/A,0.38
bw/st/no/yes/m/657/fd/A,bo/st/no/no/d/616/fd/U,0.4
bw/st/no/yes/m/657/fd/A,bw/so/no/yes/m/611/fd/U,0.38
bw/st/no/yes/m/657/fd/A,bo/so/no/no/d/618/fd/U,0.06
bw/st/no/yes/m/657/fd/A,bw/st/yes/yes/d/627/fd/A,0.84
bw/st/no/yes/m/657/fd/A,bo/mu/no/no/m/620/fd/U,0.39
bw/st/no/yes/m/657/fd/A,bw/st/yes/no/m/645/fd/A,0.63
bw/st/no/yes/m/657/fd/A,bo/so/yes/no/d/642/fd/A,0.29
bo/mu/no/yes/d/650/fd/A,bo/so/no/yes/d/606/fd/U,0.04
bo/mu/no/yes/d/650/fd/A,bw/st/yes/no/d/639/fd/A,0.29
bo/mu/no/yes/d/650/fd/A,bw/mu/no/yes/d/601/fd/U,0.64
bo/mu/no/yes/d/650/fd/A,bw/mu/yes/no/d/637/fd/A,0.66
bo/mu/no/yes/d/650/fd/A,bo/mu/no/yes/m/608/fd/U,1.0
bo/mu/no/yes/d/650/fd/A,bo/so/yes/yes/d/630/fd/A,0.36
bo/mu/no/yes/d/650/fd/A,bo/st/no/no/d/664/fd/A,0.54
bo/mu/no/yes/d/650/fd/A,bw/st/no/no/d/663/fd/A,0.29
bo/mu/no/yes/d/650/fd/A,bw/mu/no/yes/m/655/fd/A,0.64
bo/mu/no/yes/d/650/fd/A,bo/st/no/yes/d/652/fd/A,0.59
bo/mu/no/yes/d/650/fd/A,bw/mu/yes/yes/m/631/fd/A,0.68
bo/mu/no/yes/d/650/fd/A,bo/so/yes/yes/m/636/fd/A,0.36
bo/mu/no/yes/d/650/fd/A,bw/st/no/yes/m/609/fd/U,0.4
bo/mu/no/yes/d/650/fd/A,bo/so/yes/no/m/600/fd/U,0.25
bo/mu/no/yes/d/650/fd/A,bw/mu/no/yes/m/607/fd/U,0.64
bo/mu/no/yes/d/650/fd/A,bo/mu/yes/no/d/638/fd/A,0.74
bo/mu/no/yes/d/650/fd/A,bw/so/no/yes/d/653/fd/A,0.31
bo/mu/no/yes/d/650/fd/A,bo/so/no/yes/d/654/fd/A,0.04
bo/mu/no/yes/d/650/fd/A,bo/mu/no/no/d/662/fd/A,0.71
bo/mu/no/yes/d/650/fd/A,bw/so/no/no/d/665/fd/A,0.24
bo/mu/no/yes/d/650/fd/A,bo/mu/yes/yes/d/578/fd/U,0.74
bo/mu/no/yes/d/650/fd/A,bo/so/yes/yes/d/582/fd/U,0.36
bo/mu/no/yes/d/650/fd/A,bw/st/yes/yes/m/585/fd/U,0.4
bo/mu/no/yes/d/650/fd/A,bo/mu/yes/yes/m/584/fd/U,0.74
bo/mu/no/yes/d/650/fd/A,bw/mu/yes/yes/m/583/fd/U,0.68
bo/mu/no/yes/d/650/fd/A,bw/mu/yes/yes/d/577/fd/U,0.68
bo/mu/no/yes/d/650/fd/A,bw/st/yes/yes/d/579/fd/U,0.4
bo/mu/no/yes/d/650/fd/A,bo/mu/yes/no/d/590/fd/U,0.74
bo/mu/no/yes/d/650/fd/A,bw/st/yes/no/m/597/fd/U,0.29
bo/mu/no/yes/d/650/fd/A,bw/so/yes/no/m/599/fd/U,0.23
bo/mu/no/yes/d/650/fd/A,bo/st/yes/no/m/598/fd/U,0.5
bo/mu/no/yes/d/650/fd/A,bo/mu/yes/no/m/596/fd/U,0.74
bo/mu/no/yes/d/650/fd/A,bw/st/yes/no/d/591/fd/U,0.29
bo/mu/no/yes/d/650/fd/A,bw/so/yes/no/m/647/fd/A,0.23
bo/mu/no/yes/d/650/fd/A,bo/st/yes/no/d/640/fd/A,0.5
bo/mu/no/yes/d/650/fd/A,bw/mu/no/yes/d/649/fd/A,0.64
bo/mu/no/yes/d/650/fd/A,bw/so/no/no/m/671/fd/A,0.24
bo/mu/no/yes/d/650/fd/A,bw/mu/yes/yes/d/625/fd/A,0.68
bo/mu/no/yes/d/650/fd/A,bo/st/no/no/m/622/fd/U,0.54
bo/mu/no/yes/d/650/fd/A,bo/mu/no/no/d/614/fd/U,0.71
bo/mu/no/yes/d/650/fd/A,bw/mu/no/no/d/613/fd/U,0.61
bo/mu/no/yes/d/650/fd/A,bo/st/no/no/m/670/fd/A,0.54
bo/mu/no/yes/d/650/fd/A,bo/so/yes/no/m/648/fd/A,0.25
bo/mu/no/yes/d/650/fd/A,bw/so/yes/no/d/641/fd/A,0.23
bo/mu/no/yes/d/650/fd/A,bo/st/yes/no/m/646/fd/A,0.5
bo/mu/no/yes/d/650/fd/A,bo/so/no/yes/m/612/fd/U,0.04
bo/mu/no/yes/d/650/fd/A,bw/st/no/no/d/615/fd/U,0.29
bo/mu/no/yes/d/650/fd/A,bw/so/no/no/m/623/fd/U,0.24
bo/mu/no/yes/d/650/fd/A,bo/so/no/no/m/624/fd/U,0.04
bo/mu/no/yes/d/650/fd/A,bo/so/no/yes/m/660/fd/A,0.04
bo/mu/no/yes/d/650/fd/A,bo/st/no/yes/m/658/fd/A,0.59
bo/mu/no/yes/d/650/fd/A,bw/mu/no/no/m/667/fd/A,0.61
bo/mu/no/yes/d/650/fd/A,bw/st/no/yes/d/651/fd/A,0.4
bo/mu/no/yes/d/650/fd/A,bw/st/no/no/m/669/fd/A,0.29
bo/mu/no/yes/d/650/fd/A,bo/mu/no/yes/m/656/fd/A,1.0
bo/mu/no/yes/d/650/fd/A,bo/mu/no/yes/d/602/fd/U,1.0
bo/mu/no/yes/d/650/fd/A,bw/so/no/yes/d/605/fd/U,0.31
bo/mu/no/yes/d/650/fd/A,bw/st/yes/yes/m/633/fd/A,0.4
bo/mu/no/yes/d/650/fd/A,bo/st/yes/yes/m/634/fd/A,0.55
bo/mu/no/yes/d/650/fd/A,bo/mu/no/no/m/668/fd/A,0.71
bo/mu/no/yes/d/650/fd/A,bw/st/no/yes/m/657/fd/A,0.4
bo/mu/no/yes/d/650/fd/A,bo/mu/no/yes/d/650/fd/A,1.0
bo/mu/no/yes/d/650/fd/A,bw/so/no/yes/m/659/fd/A,0.31
bo/mu/no/yes/d/650/fd/A,bo/so/no/no/d/666/fd/A,0.04
bo/mu/no/yes/d/650/fd/A,bw/mu/no/no/d/661/fd/A,0.61
bo/mu/no/yes/d/650/fd/A,bw/so/yes/yes/m/635/fd/A,0.31
bo/mu/no/yes/d/650/fd/A,bo/mu/yes/yes/m/632/fd/A,0.74
bo/mu/no/yes/d/650/fd/A,bo/st/no/yes/d/604/fd/U,0.59
bo/mu/no/yes/d/650/fd/A,bw/st/no/yes/d/603/fd/U,0.4
bo/mu/no/yes/d/650/fd/A,bo/so/yes/yes/m/588/fd/U,0.36
bo/mu/no/yes/d/650/fd/A,bo/st/yes/yes/m/586/fd/U,0.55
bo/mu/no/yes/d/650/fd/A,bw/so/yes/yes/d/581/fd/U,0.31
bo/mu/no/yes/d/650/fd/A,bo/st/yes/yes/d/580/fd/U,0.55
bo/mu/no/yes/d/650/fd/A,bw/so/yes/yes/m/587/fd/U,0.31
bo/mu/no/yes/d/650/fd/A,bw/mu/yes/no/d/589/fd/U,0.66
bo/mu/no/yes/d/650/fd/A,bo/so/yes/no/d/594/fd/U,0.25
bo/mu/no/yes/d/650/fd/A,bw/so/yes/no/d/593/fd/U,0.23
bo/mu/no/yes/d/650/fd/A,bo/st/yes/no/d/592/fd/U,0.5
bo/mu/no/yes/d/650/fd/A,bw/mu/yes/no/m/595/fd/U,0.66
bo/mu/no/yes/d/650/fd/A,bw/st/no/no/m/621/fd/U,0.29
bo/mu/no/yes/d/650/fd/A,bw/mu/no/no/m/619/fd/U,0.61
bo/mu/no/yes/d/650/fd/A,bo/mu/yes/yes/d/626/fd/A,0.74
bo/mu/no/yes/d/650/fd/A,bo/st/no/yes/m/610/fd/U,0.59
bo/mu/no/yes/d/650/fd/A,bo/st/yes/yes/d/628/fd/A,0.55
bo/mu/no/yes/d/650/fd/A,bw/so/no/no/d/617/fd/U,0.24
bo/mu/no/yes/d/650/fd/A,bw/mu/yes/no/m/643/fd/A,0.66
bo/mu/no/yes/d/650/fd/A,bo/mu/yes/no/m/644/fd/A,0.74
bo/mu/no/yes/d/650/fd/A,bo/so/no/no/m/672/fd/A,0.04
bo/mu/no/yes/d/650/fd/A,bw/so/yes/yes/d/629/fd/A,0.31
bo/mu/no/yes/d/650/fd/A,bo/st/no/no/d/616/fd/U,0.54
bo/mu/no/yes/d/650/fd/A,bw/so/no/yes/m/611/fd/U,0.31
bo/mu/no/yes/d/650/fd/A,bo/so/no/no/d/618/fd/U,0.04
bo/mu/no/yes/d/650/fd/A,bw/st/yes/yes/d/627/fd/A,0.4
bo/mu/no/yes/d/650/fd/A,bo/mu/no/no/m/620/fd/U,0.71
bo/mu/no/yes/d/650/fd/A,bw/st/yes/no/m/645/fd/A,0.29
bo/mu/no/yes/d/650/fd/A,bo/so/yes/no/d/642/fd/A,0.25
bw/so/no/yes/m/659/fd/A,bo/so/no/yes/d/606/fd/U,0.12
bw/so/no/yes/m/659/fd/A,bw/st/yes/no/d/639/fd/A,0.31
bw/so/no/yes/m/659/fd/A,bw/mu/no/yes/d/601/fd/U,0.32
bw/so/no/yes/m/659/fd/A,bw/mu/yes/no/d/637/fd/A,0.32
bw/so/no/yes/m/659/fd/A,bo/mu/no/yes/m/608/fd/U,0.31
bw/so/no/yes/m/659/fd/A,bo/so/yes/yes/d/630/fd/A,0.64
bw/so/no/yes/m/659/fd/A,bo/st/no/no/d/664/fd/A,0.37
bw/so/no/yes/m/659/fd/A,bw/st/no/no/d/663/fd/A,0.31
bw/so/no/yes/m/659/fd/A,bw/mu/no/yes/m/655/fd/A,0.32
bw/so/no/yes/m/659/fd/A,bo/st/no/yes/d/652/fd/A,0.35
bw/so/no/yes/m/659/fd/A,bw/mu/yes/yes/m/631/fd/A,0.33
bw/so/no/yes/m/659/fd/A,bo/so/yes/yes/m/636/fd/A,0.64
bw/so/no/yes/m/659/fd/A,bw/st/no/yes/m/609/fd/U,0.38
bw/so/no/yes/m/659/fd/A,bo/so/yes/no/m/600/fd/U,0.48
bw/so/no/yes/m/659/fd/A,bw/mu/no/yes/m/607/fd/U,0.32
bw/so/no/yes/m/659/fd/A,bo/mu/yes/no/d/638/fd/A,0.34
bw/so/no/yes/m/659/fd/A,bw/so/no/yes/d/653/fd/A,1.0
bw/so/no/yes/m/659/fd/A,bo/so/no/yes/d/654/fd/A,0.12
bw/so/no/yes/m/659/fd/A,bo/mu/no/no/d/662/fd/A,0.28
bw/so/no/yes/m/659/fd/A,bw/so/no/no/d/665/fd/A,0.64
bw/so/no/yes/m/659/fd/A,bo/mu/yes/yes/d/578/fd/U,0.35
bw/so/no/yes/m/659/fd/A,bo/so/yes/yes/d/582/fd/U,0.64
bw/so/no/yes/m/659/fd/A,bw/st/yes/yes/m/585/fd/U,0.37
bw/so/no/yes/m/659/fd/A,bo/mu/yes/yes/m/584/fd/U,0.35
bw/so/no/yes/m/659/fd/A,bw/mu/yes/yes/m/583/fd/U,0.33
bw/so/no/yes/m/659/fd/A,bw/mu/yes/yes/d/577/fd/U,0.33
bw/so/no/yes/m/659/fd/A,bw/st/yes/yes/d/579/fd/U,0.37
bw/so/no/yes/m/659/fd/A,bo/mu/yes/no/d/590/fd/U,0.34
bw/so/no/yes/m/659/fd/A,bw/st/yes/no/m/597/fd/U,0.31
bw/so/no/yes/m/659/fd/A,bw/so/yes/no/m/599/fd/U,0.58
bw/so/no/yes/m/659/fd/A,bo/st/yes/no/m/598/fd/U,0.43
bw/so/no/yes/m/659/fd/A,bo/mu/yes/no/m/596/fd/U,0.34
bw/so/no/yes/m/659/fd/A,bw/st/yes/no/d/591/fd/U,0.31
bw/so/no/yes/m/659/fd/A,bw/so/yes/no/m/647/fd/A,0.58
bw/so/no/yes/m/659/fd/A,bo/st/yes/no/d/640/fd/A,0.43
bw/so/no/yes/m/659/fd/A,bw/mu/no/yes/d/649/fd/A,0.32
bw/so/no/yes/m/659/fd/A,bw/so/no/no/m/671/fd/A,0.64
bw/so/no/yes/m/659/fd/A,bw/mu/yes/yes/d/625/fd/A,0.33
bw/so/no/yes/m/659/fd/A,bo/st/no/no/m/622/fd/U,0.37
bw/so/no/yes/m/659/fd/A,bo/mu/no/no/d/614/fd/U,0.28
bw/so/no/yes/m/659/fd/A,bw/mu/no/no/d/613/fd/U,0.3
bw/so/no/yes/m/659/fd/A,bo/st/no/no/m/670/fd/A,0.37
bw/so/no/yes/m/659/fd/A,bo/so/yes/no/m/648/fd/A,0.48
bw/so/no/yes/m/659/fd/A,bw/so/yes/no/d/641/fd/A,0.58
bw/so/no/yes/m/659/fd/A,bo/st/yes/no/m/646/fd/A,0.43
bw/so/no/yes/m/659/fd/A,bo/so/no/yes/m/612/fd/U,0.12
bw/so/no/yes/m/659/fd/A,bw/st/no/no/d/615/fd/U,0.31
bw/so/no/yes/m/659/fd/A,bw/so/no/no/m/623/fd/U,0.64
bw/so/no/yes/m/659/fd/A,bo/so/no/no/m/624/fd/U,0.14
bw/so/no/yes/m/659/fd/A,bo/so/no/yes/m/660/fd/A,0.12
bw/so/no/yes/m/659/fd/A,bo/st/no/yes/m/658/fd/A,0.35
bw/so/no/yes/m/659/fd/A,bw/mu/no/no/m/667/fd/A,0.3
bw/so/no/yes/m/659/fd/A,bw/st/no/yes/d/651/fd/A,0.38
bw/so/no/yes/m/659/fd/A,bw/st/no/no/m/669/fd/A,0.31
bw/so/no/yes/m/659/fd/A,bo/mu/no/yes/m/656/fd/A,0.31
bw/so/no/yes/m/659/fd/A,bo/mu/no/yes/d/602/fd/U,0.31
bw/so/no/yes/m/659/fd/A,bw/so/no/yes/d/605/fd/U,1.0
bw/so/no/yes/m/659/fd/A,bw/st/yes/yes/m/633/fd/A,0.37
bw/so/no/yes/m/659/fd/A,bo/st/yes/yes/m/634/fd/A,0.41
bw/so/no/yes/m/659/fd/A,bo/mu/no/no/m/668/fd/A,0.28
bw/so/no/yes/m/659/fd/A,bw/st/no/yes/m/657/fd/A,0.38
bw/so/no/yes/m/659/fd/A,bo/mu/no/yes/d/650/fd/A,0.31
bw/so/no/yes/m/659/fd/A,bw/so/no/yes/m/659/fd/A,1.0
bw/so/no/yes/m/659/fd/A,bo/so/no/no/d/666/fd/A,0.14
bw/so/no/yes/m/659/fd/A,bw/mu/no/no/d/661/fd/A,0.3
bw/so/no/yes/m/659/fd/A,bw/so/yes/yes/m/635/fd/A,0.84
bw/so/no/yes/m/659/fd/A,bo/mu/yes/yes/m/632/fd/A,0.35
bw/so/no/yes/m/659/fd/A,bo/st/no/yes/d/604/fd/U,0.35
bw/so/no/yes/m/659/fd/A,bw/st/no/yes/d/603/fd/U,0.38
bw/so/no/yes/m/659/fd/A,bo/so/yes/yes/m/588/fd/U,0.64
bw/so/no/yes/m/659/fd/A,bo/st/yes/yes/m/586/fd/U,0.41
bw/so/no/yes/m/659/fd/A,bw/so/yes/yes/d/581/fd/U,0.84
bw/so/no/yes/m/659/fd/A,bo/st/yes/yes/d/580/fd/U,0.41
bw/so/no/yes/m/659/fd/A,bw/so/yes/yes/m/587/fd/U,0.84
bw/so/no/yes/m/659/fd/A,bw/mu/yes/no/d/589/fd/U,0.32
bw/so/no/yes/m/659/fd/A,bo/so/yes/no/d/594/fd/U,0.48
bw/so/no/yes/m/659/fd/A,bw/so/yes/no/d/593/fd/U,0.58
bw/so/no/yes/m/659/fd/A,bo/st/yes/no/d/592/fd/U,0.43
bw/so/no/yes/m/659/fd/A,bw/mu/yes/no/m/595/fd/U,0.32
bw/so/no/yes/m/659/fd/A,bw/st/no/no/m/621/fd/U,0.31
bw/so/no/yes/m/659/fd/A,bw/mu/no/no/m/619/fd/U,0.3
bw/so/no/yes/m/659/fd/A,bo/mu/yes/yes/d/626/fd/A,0.35
bw/so/no/yes/m/659/fd/A,bo/st/no/yes/m/610/fd/U,0.35
bw/so/no/yes/m/659/fd/A,bo/st/yes/yes/d/628/fd/A,0.41
bw/so/no/yes/m/659/fd/A,bw/so/no/no/d/617/fd/U,0.64
bw/so/no/yes/m/659/fd/A,bw/mu/yes/no/m/643/fd/A,0.32
bw/so/no/yes/m/659/fd/A,bo/mu/yes/no/m/644/fd/A,0.34
bw/so/no/yes/m/659/fd/A,bo/so/no/no/m/672/fd/A,0.14
bw/so/no/yes/m/659/fd/A,bw/so/yes/yes/d/629/fd/A,0.84
bw/so/no/yes/m/659/fd/A,bo/st/no/no/d/616/fd/U,0.37
bw/so/no/yes/m/659/fd/A,bw/so/no/yes/m/611/fd/U,1.0
bw/so/no/yes/m/659/fd/A,bo/so/no/no/d/618/fd/U,0.14
bw/so/no/yes/m/659/fd/A,bw/st/yes/yes/d/627/fd/A,0.37
bw/so/no/yes/m/659/fd/A,bo/mu/no/no/m/620/fd/U,0.28
bw/so/no/yes/m/659/fd/A,bw/st/yes/no/m/645/fd/A,0.31
bw/so/no/yes/m/659/fd/A,bo/so/yes/no/d/642/fd/A,0.48
bo/so/no/no/d/666/fd/A,bo/so/no/yes/d/606/fd/U,0.44
bo/so/no/no/d/666/fd/A,bw/st/yes/no/d/639/fd/A,0.05
bo/so/no/no/d/666/fd/A,bw/mu/no/yes/d/601/fd/U,0.04
bo/so/no/no/d/666/fd/A,bw/mu/yes/no/d/637/fd/A,0.04
bo/so/no/no/d/666/fd/A,bo/mu/no/yes/m/608/fd/U,0.04
bo/so/no/no/d/666/fd/A,bo/so/yes/yes/d/630/fd/A,0.14
bo/so/no/no/d/666/fd/A,bo/st/no/no/d/664/fd/A,0.08
bo/so/no/no/d/666/fd/A,bw/st/no/no/d/663/fd/A,0.05
bo/so/no/no/d/666/fd/A,bw/mu/no/yes/m/655/fd/A,0.04
bo/so/no/no/d/666/fd/A,bo/st/no/yes/d/652/fd/A,0.05
bo/so/no/no/d/666/fd/A,bw/mu/yes/yes/m/631/fd/A,0.04
bo/so/no/no/d/666/fd/A,bo/so/yes/yes/m/636/fd/A,0.14
bo/so/no/no/d/666/fd/A,bw/st/no/yes/m/609/fd/U,0.06
bo/so/no/no/d/666/fd/A,bo/so/yes/no/m/600/fd/U,0.19
bo/so/no/no/d/666/fd/A,bw/mu/no/yes/m/607/fd/U,0.04
bo/so/no/no/d/666/fd/A,bo/mu/yes/no/d/638/fd/A,0.04
bo/so/no/no/d/666/fd/A,bw/so/no/yes/d/653/fd/A,0.14
bo/so/no/no/d/666/fd/A,bo/so/no/yes/d/654/fd/A,0.44
bo/so/no/no/d/666/fd/A,bo/mu/no/no/d/662/fd/A,0.03
bo/so/no/no/d/666/fd/A,bw/so/no/no/d/665/fd/A,0.17
bo/so/no/no/d/666/fd/A,bo/mu/yes/yes/d/578/fd/U,0.04
bo/so/no/no/d/666/fd/A,bo/so/yes/yes/d/582/fd/U,0.14
bo/so/no/no/d/666/fd/A,bw/st/yes/yes/m/585/fd/U,0.06
bo/so/no/no/d/666/fd/A,bo/mu/yes/yes/m/584/fd/U,0.04
bo/so/no/no/d/666/fd/A,bw/mu/yes/yes/m/583/fd/U,0.04
bo/so/no/no/d/666/fd/A,bw/mu/yes/yes/d/577/fd/U,0.04
bo/so/no/no/d/666/fd/A,bw/st/yes/yes/d/579/fd/U,0.06
bo/so/no/no/d/666/fd/A,bo/mu/yes/no/d/590/fd/U,0.04
bo/so/no/no/d/666/fd/A,bw/st/yes/no/m/597/fd/U,0.05
bo/so/no/no/d/666/fd/A,bw/so/yes/no/m/599/fd/U,0.16
bo/so/no/no/d/666/fd/A,bo/st/yes/no/m/598/fd/U,0.07
bo/so/no/no/d/666/fd/A,bo/mu/yes/no/m/596/fd/U,0.04
bo/so/no/no/d/666/fd/A,bw/st/yes/no/d/591/fd/U,0.05
bo/so/no/no/d/666/fd/A,bw/so/yes/no/m/647/fd/A,0.16
bo/so/no/no/d/666/fd/A,bo/st/yes/no/d/640/fd/A,0.07
bo/so/no/no/d/666/fd/A,bw/mu/no/yes/d/649/fd/A,0.04
bo/so/no/no/d/666/fd/A,bw/so/no/no/m/671/fd/A,0.17
bo/so/no/no/d/666/fd/A,bw/mu/yes/yes/d/625/fd/A,0.04
bo/so/no/no/d/666/fd/A,bo/st/no/no/m/622/fd/U,0.08
bo/so/no/no/d/666/fd/A,bo/mu/no/no/d/614/fd/U,0.03
bo/so/no/no/d/666/fd/A,bw/mu/no/no/d/613/fd/U,0.03
bo/so/no/no/d/666/fd/A,bo/st/no/no/m/670/fd/A,0.08
bo/so/no/no/d/666/fd/A,bo/so/yes/no/m/648/fd/A,0.19
bo/so/no/no/d/666/fd/A,bw/so/yes/no/d/641/fd/A,0.16
bo/so/no/no/d/666/fd/A,bo/st/yes/no/m/646/fd/A,0.07
bo/so/no/no/d/666/fd/A,bo/so/no/yes/m/612/fd/U,0.44
bo/so/no/no/d/666/fd/A,bw/st/no/no/d/615/fd/U,0.05
bo/so/no/no/d/666/fd/A,bw/so/no/no/m/623/fd/U,0.17
bo/so/no/no/d/666/fd/A,bo/so/no/no/m/624/fd/U,1.0
bo/so/no/no/d/666/fd/A,bo/so/no/yes/m/660/fd/A,0.44
bo/so/no/no/d/666/fd/A,bo/st/no/yes/m/658/fd/A,0.05
bo/so/no/no/d/666/fd/A,bw/mu/no/no/m/667/fd/A,0.03
bo/so/no/no/d/666/fd/A,bw/st/no/yes/d/651/fd/A,0.06
bo/so/no/no/d/666/fd/A,bw/st/no/no/m/669/fd/A,0.05
bo/so/no/no/d/666/fd/A,bo/mu/no/yes/m/656/fd/A,0.04
bo/so/no/no/d/666/fd/A,bo/mu/no/yes/d/602/fd/U,0.04
bo/so/no/no/d/666/fd/A,bw/so/no/yes/d/605/fd/U,0.14
bo/so/no/no/d/666/fd/A,bw/st/yes/yes/m/633/fd/A,0.06
bo/so/no/no/d/666/fd/A,bo/st/yes/yes/m/634/fd/A,0.06
bo/so/no/no/d/666/fd/A,bo/mu/no/no/m/668/fd/A,0.03
bo/so/no/no/d/666/fd/A,bw/st/no/yes/m/657/fd/A,0.06
bo/so/no/no/d/666/fd/A,bo/mu/no/yes/d/650/fd/A,0.04
bo/so/no/no/d/666/fd/A,bw/so/no/yes/m/659/fd/A,0.14
bo/so/no/no/d/666/fd/A,bo/so/no/no/d/666/fd/A,1.0
bo/so/no/no/d/666/fd/A,bw/mu/no/no/d/661/fd/A,0.03
bo/so/no/no/d/666/fd/A,bw/so/yes/yes/m/635/fd/A,0.12
bo/so/no/no/d/666/fd/A,bo/mu/yes/yes/m/632/fd/A,0.04
bo/so/no/no/d/666/fd/A,bo/st/no/yes/d/604/fd/U,0.05
bo/so/no/no/d/666/fd/A,bw/st/no/yes/d/603/fd/U,0.06
bo/so/no/no/d/666/fd/A,bo/so/yes/yes/m/588/fd/U,0.14
bo/so/no/no/d/666/fd/A,bo/st/yes/yes/m/586/fd/U,0.06
bo/so/no/no/d/666/fd/A,bw/so/yes/yes/d/581/fd/U,0.12
bo/so/no/no/d/666/fd/A,bo/st/yes/yes/d/580/fd/U,0.06
bo/so/no/no/d/666/fd/A,bw/so/yes/yes/m/587/fd/U,0.12
bo/so/no/no/d/666/fd/A,bw/mu/yes/no/d/589/fd/U,0.04
bo/so/no/no/d/666/fd/A,bo/so/yes/no/d/594/fd/U,0.19
bo/so/no/no/d/666/fd/A,bw/so/yes/no/d/593/fd/U,0.16
bo/so/no/no/d/666/fd/A,bo/st/yes/no/d/592/fd/U,0.07
bo/so/no/no/d/666/fd/A,bw/mu/yes/no/m/595/fd/U,0.04
bo/so/no/no/d/666/fd/A,bw/st/no/no/m/621/fd/U,0.05
bo/so/no/no/d/666/fd/A,bw/mu/no/no/m/619/fd/U,0.03
bo/so/no/no/d/666/fd/A,bo/mu/yes/yes/d/626/fd/A,0.04
bo/so/no/no/d/666/fd/A,bo/st/no/yes/m/610/fd/U,0.05
bo/so/no/no/d/666/fd/A,bo/st/yes/yes/d/628/fd/A,0.06
bo/so/no/no/d/666/fd/A,bw/so/no/no/d/617/fd/U,0.17
bo/so/no/no/d/666/fd/A,bw/mu/yes/no/m/643/fd/A,0.04
bo/so/no/no/d/666/fd/A,bo/mu/yes/no/m/644/fd/A,0.04
bo/so/no/no/d/666/fd/A,bo/so/no/no/m/672/fd/A,1.0
bo/so/no/no/d/666/fd/A,bw/so/yes/yes/d/629/fd/A,0.12
bo/so/no/no/d/666/fd/A,bo/st/no/no/d/616/fd/U,0.08
bo/so/no/no/d/666/fd/A,bw/so/no/yes/m/611/fd/U,0.14
bo/so/no/no/d/666/fd/A,bo/so/no/no/d/618/fd/U,1.0
bo/so/no/no/d/666/fd/A,bw/st/yes/yes/d/627/fd/A,0.06
bo/so/no/no/d/666/fd/A,bo/mu/no/no/m/620/fd/U,0.03
bo/so/no/no/d/666/fd/A,bw/st/yes/no/m/645/fd/A,0.05
bo/so/no/no/d/666/fd/A,bo/so/yes/no/d/642/fd/A,0.19
bw/mu/no/no/d/661/fd/A,bo/so/no/yes/d/606/fd/U,0.04
bw/mu/no/no/d/661/fd/A,bw/st/yes/no/d/639/fd/A,0.37
bw/mu/no/no/d/661/fd/A,bw/mu/no/yes/d/601/fd/U,0.86
bw/mu/no/no/d/661/fd/A,bw/mu/yes/no/d/637/fd/A,0.89
bw/mu/no/no/d/661/fd/A,bo/mu/no/yes/m/608/fd/U,0.61
bw/mu/no/no/d/661/fd/A,bo/so/yes/yes/d/630/fd/A,0.32
bw/mu/no/no/d/661/fd/A,bo/st/no/no/d/664/fd/A,0.44
bw/mu/no/no/d/661/fd/A,bw/st/no/no/d/663/fd/A,0.36
bw/mu/no/no/d/661/fd/A,bw/mu/no/yes/m/655/fd/A,0.86
bw/mu/no/no/d/661/fd/A,bo/st/no/yes/d/652/fd/A,0.46
bw/mu/no/no/d/661/fd/A,bw/mu/yes/yes/m/631/fd/A,0.8
bw/mu/no/no/d/661/fd/A,bo/so/yes/yes/m/636/fd/A,0.32
bw/mu/no/no/d/661/fd/A,bw/st/no/yes/m/609/fd/U,0.44
bw/mu/no/no/d/661/fd/A,bo/so/yes/no/m/600/fd/U,0.25
bw/mu/no/no/d/661/fd/A,bw/mu/no/yes/m/607/fd/U,0.86
bw/mu/no/no/d/661/fd/A,bo/mu/yes/no/d/638/fd/A,0.7
bw/mu/no/no/d/661/fd/A,bw/so/no/yes/d/653/fd/A,0.3
bw/mu/no/no/d/661/fd/A,bo/so/no/yes/d/654/fd/A,0.04
bw/mu/no/no/d/661/fd/A,bo/mu/no/no/d/662/fd/A,0.59
bw/mu/no/no/d/661/fd/A,bw/so/no/no/d/665/fd/A,0.25
bw/mu/no/no/d/661/fd/A,bo/mu/yes/yes/d/578/fd/U,0.66
bw/mu/no/no/d/661/fd/A,bo/so/yes/yes/d/582/fd/U,0.32
bw/mu/no/no/d/661/fd/A,bw/st/yes/yes/m/585/fd/U,0.44
bw/mu/no/no/d/661/fd/A,bo/mu/yes/yes/m/584/fd/U,0.66
bw/mu/no/no/d/661/fd/A,bw/mu/yes/yes/m/583/fd/U,0.8
bw/mu/no/no/d/661/fd/A,bw/mu/yes/yes/d/577/fd/U,0.8
bw/mu/no/no/d/661/fd/A,bw/st/yes/yes/d/579/fd/U,0.44
bw/mu/no/no/d/661/fd/A,bo/mu/yes/no/d/590/fd/U,0.7
bw/mu/no/no/d/661/fd/A,bw/st/yes/no/m/597/fd/U,0.37
bw/mu/no/no/d/661/fd/A,bw/so/yes/no/m/599/fd/U,0.24
bw/mu/no/no/d/661/fd/A,bo/st/yes/no/m/598/fd/U,0.46
bw/mu/no/no/d/661/fd/A,bo/mu/yes/no/m/596/fd/U,0.7
bw/mu/no/no/d/661/fd/A,bw/st/yes/no/d/591/fd/U,0.37
bw/mu/no/no/d/661/fd/A,bw/so/yes/no/m/647/fd/A,0.24
bw/mu/no/no/d/661/fd/A,bo/st/yes/no/d/640/fd/A,0.46
bw/mu/no/no/d/661/fd/A,bw/mu/no/yes/d/649/fd/A,0.86
bw/mu/no/no/d/661/fd/A,bw/so/no/no/m/671/fd/A,0.25
bw/mu/no/no/d/661/fd/A,bw/mu/yes/yes/d/625/fd/A,0.8
bw/mu/no/no/d/661/fd/A,bo/st/no/no/m/622/fd/U,0.44
bw/mu/no/no/d/661/fd/A,bo/mu/no/no/d/614/fd/U,0.59
bw/mu/no/no/d/661/fd/A,bw/mu/no/no/d/613/fd/U,1.0
bw/mu/no/no/d/661/fd/A,bo/st/no/no/m/670/fd/A,0.44
bw/mu/no/no/d/661/fd/A,bo/so/yes/no/m/648/fd/A,0.25
bw/mu/no/no/d/661/fd/A,bw/so/yes/no/d/641/fd/A,0.24
bw/mu/no/no/d/661/fd/A,bo/st/yes/no/m/646/fd/A,0.46
bw/mu/no/no/d/661/fd/A,bo/so/no/yes/m/612/fd/U,0.04
bw/mu/no/no/d/661/fd/A,bw/st/no/no/d/615/fd/U,0.36
bw/mu/no/no/d/661/fd/A,bw/so/no/no/m/623/fd/U,0.25
bw/mu/no/no/d/661/fd/A,bo/so/no/no/m/624/fd/U,0.03
bw/mu/no/no/d/661/fd/A,bo/so/no/yes/m/660/fd/A,0.04
bw/mu/no/no/d/661/fd/A,bo/st/no/yes/m/658/fd/A,0.46
bw/mu/no/no/d/661/fd/A,bw/mu/no/no/m/667/fd/A,1.0
bw/mu/no/no/d/661/fd/A,bw/st/no/yes/d/651/fd/A,0.44
bw/mu/no/no/d/661/fd/A,bw/st/no/no/m/669/fd/A,0.36
bw/mu/no/no/d/661/fd/A,bo/mu/no/yes/m/656/fd/A,0.61
bw/mu/no/no/d/661/fd/A,bo/mu/no/yes/d/602/fd/U,0.61
bw/mu/no/no/d/661/fd/A,bw/so/no/yes/d/605/fd/U,0.3
bw/mu/no/no/d/661/fd/A,bw/st/yes/yes/m/633/fd/A,0.44
bw/mu/no/no/d/661/fd/A,bo/st/yes/yes/m/634/fd/A,0.48
bw/mu/no/no/d/661/fd/A,bo/mu/no/no/m/668/fd/A,0.59
bw/mu/no/no/d/661/fd/A,bw/st/no/yes/m/657/fd/A,0.44
bw/mu/no/no/d/661/fd/A,bo/mu/no/yes/d/650/fd/A,0.61
bw/mu/no/no/d/661/fd/A,bw/so/no/yes/m/659/fd/A,0.3
bw/mu/no/no/d/661/fd/A,bo/so/no/no/d/666/fd/A,0.03
bw/mu/no/no/d/661/fd/A,bw/mu/no/no/d/661/fd/A,1.0
bw/mu/no/no/d/661/fd/A,bw/so/yes/yes/m/635/fd/A,0.3
bw/mu/no/no/d/661/fd/A,bo/mu/yes/yes/m/632/fd/A,0.66
bw/mu/no/no/d/661/fd/A,bo/st/no/yes/d/604/fd/U,0.46
bw/mu/no/no/d/661/fd/A,bw/st/no/yes/d/603/fd/U,0.44
bw/mu/no/no/d/661/fd/A,bo/so/yes/yes/m/588/fd/U,0.32
bw/mu/no/no/d/661/fd/A,bo/st/yes/yes/m/586/fd/U,0.48
bw/mu/no/no/d/661/fd/A,bw/so/yes/yes/d/581/fd/U,0.3
bw/mu/no/no/d/661/fd/A,bo/st/yes/yes/d/580/fd/U,0.48
bw/mu/no/no/d/661/fd/A,bw/so/yes/yes/m/587/fd/U,0.3
bw/mu/no/no/d/661/fd/A,bw/mu/yes/no/d/589/fd/U,0.89
bw/mu/no/no/d/661/fd/A,bo/so/yes/no/d/594/fd/U,0.25
bw/mu/no/no/d/661/fd/A,bw/so/yes/no/d/593/fd/U,0.24
bw/mu/no/no/d/661/fd/A,bo/st/yes/no/d/592/fd/U,0.46
bw/mu/no/no/d/661/fd/A,bw/mu/yes/no/m/595/fd/U,0.89
bw/mu/no/no/d/661/fd/A,bw/st/no/no/m/621/fd/U,0.36
bw/mu/no/no/d/661/fd/A,bw/mu/no/no/m/619/fd/U,1.0
bw/mu/no/no/d/661/fd/A,bo/mu/yes/yes/d/626/fd/A,0.66
bw/mu/no/no/d/661/fd/A,bo/st/no/yes/m/610/fd/U,0.46
bw/mu/no/no/d/661/fd/A,bo/st/yes/yes/d/628/fd/A,0.48
bw/mu/no/no/d/661/fd/A,bw/so/no/no/d/617/fd/U,0.25
bw/mu/no/no/d/661/fd/A,bw/mu/yes/no/m/643/fd/A,0.89
bw/mu/no/no/d/661/fd/A,bo/mu/yes/no/m/644/fd/A,0.7
bw/mu/no/no/d/661/fd/A,bo/so/no/no/m/672/fd/A,0.03
bw/mu/no/no/d/661/fd/A,bw/so/yes/yes/d/629/fd/A,0.3
bw/mu/no/no/d/661/fd/A,bo/st/no/no/d/616/fd/U,0.44
bw/mu/no/no/d/661/fd/A,bw/so/no/yes/m/611/fd/U,0.3
bw/mu/no/no/d/661/fd/A,bo/so/no/no/d/618/fd/U,0.03
bw/mu/no/no/d/661/fd/A,bw/st/yes/yes/d/627/fd/A,0.44
bw/mu/no/no/d/661/fd/A,bo/mu/no/no/m/620/fd/U,0.59
bw/mu/no/no/d/661/fd/A,bw/st/yes/no/m/645/fd/A,0.37
bw/mu/no/no/d/661/fd/A,bo/so/yes/no/d/642/fd/A,0.25
bw/so/yes/yes/m/635/fd/A,bo/so/no/yes/d/606/fd/U,0.11
bw/so/yes/yes/m/635/fd/A,bw/st/yes/no/d/639/fd/A,0.32
bw/so/yes/yes/m/635/fd/A,bw/mu/no/yes/d/601/fd/U,0.31
bw/so/yes/yes/m/635/fd/A,bw/mu/yes/no/d/637/fd/A,0.31
bw/so/yes/yes/m/635/fd/A,bo/mu/no/yes/m/608/fd/U,0.31
bw/so/yes/yes/m/635/fd/A,bo/so/yes/yes/d/630/fd/A,0.67
bw/so/yes/yes/m/635/fd/A,bo/st/no/no/d/664/fd/A,0.36
bw/so/yes/yes/m/635/fd/A,bw/st/no/no/d/663/fd/A,0.3
bw/so/yes/yes/m/635/fd/A,bw/mu/no/yes/m/655/fd/A,0.31
bw/so/yes/yes/m/635/fd/A,bo/st/no/yes/d/652/fd/A,0.34
bw/so/yes/yes/m/635/fd/A,bw/mu/yes/yes/m/631/fd/A,0.32
bw/so/yes/yes/m/635/fd/A,bo/so/yes/yes/m/636/fd/A,0.67
bw/so/yes/yes/m/635/fd/A,bw/st/no/yes/m/609/fd/U,0.38
bw/so/yes/yes/m/635/fd/A,bo/so/yes/no/m/600/fd/U,0.49
bw/so/yes/yes/m/635/fd/A,bw/mu/no/yes/m/607/fd/U,0.31
bw/so/yes/yes/m/635/fd/A,bo/mu/yes/no/d/638/fd/A,0.33
bw/so/yes/yes/m/635/fd/A,bw/so/no/yes/d/653/fd/A,0.84
bw/so/yes/yes/m/635/fd/A,bo/so/no/yes/d/654/fd/A,0.11
bw/so/yes/yes/m/635/fd/A,bo/mu/no/no/d/662/fd/A,0.28
bw/so/yes/yes/m/635/fd/A,bw/so/no/no/d/665/fd/A,0.58
bw/so/yes/yes/m/635/fd/A,bo/mu/yes/yes/d/578/fd/U,0.34
bw/so/yes/yes/m/635/fd/A,bo/so/yes/yes/d/582/fd/U,0.67
bw/so/yes/yes/m/635/fd/A,bw/st/yes/yes/m/585/fd/U,0.39
bw/so/yes/yes/m/635/fd/A,bo/mu/yes/yes/m/584/fd/U,0.34
bw/so/yes/yes/m/635/fd/A,bw/mu/yes/yes/m/583/fd/U,0.32
bw/so/yes/yes/m/635/fd/A,bw/mu/yes/yes/d/577/fd/U,0.32
bw/so/yes/yes/m/635/fd/A,bw/st/yes/yes/d/579/fd/U,0.39
bw/so/yes/yes/m/635/fd/A,bo/mu/yes/no/d/590/fd/U,0.33
bw/so/yes/yes/m/635/fd/A,bw/st/yes/no/m/597/fd/U,0.32
bw/so/yes/yes/m/635/fd/A,bw/so/yes/no/m/599/fd/U,0.61
bw/so/yes/yes/m/635/fd/A,bo/st/yes/no/m/598/fd/U,0.44
bw/so/yes/yes/m/635/fd/A,bo/mu/yes/no/m/596/fd/U,0.33
bw/so/yes/yes/m/635/fd/A,bw/st/yes/no/d/591/fd/U,0.32
bw/so/yes/yes/m/635/fd/A,bw/so/yes/no/m/647/fd/A,0.61
bw/so/yes/yes/m/635/fd/A,bo/st/yes/no/d/640/fd/A,0.44
bw/so/yes/yes/m/635/fd/A,bw/mu/no/yes/d/649/fd/A,0.31
bw/so/yes/yes/m/635/fd/A,bw/so/no/no/m/671/fd/A,0.58
bw/so/yes/yes/m/635/fd/A,bw/mu/yes/yes/d/625/fd/A,0.32
bw/so/yes/yes/m/635/fd/A,bo/st/no/no/m/622/fd/U,0.36
bw/so/yes/yes/m/635/fd/A,bo/mu/no/no/d/614/fd/U,0.28
bw/so/yes/yes/m/635/fd/A,bw/mu/no/no/d/613/fd/U,0.3
bw/so/yes/yes/m/635/fd/A,bo/st/no/no/m/670/fd/A,0.36
bw/so/yes/yes/m/635/fd/A,bo/so/yes/no/m/648/fd/A,0.49
bw/so/yes/yes/m/635/fd/A,bw/so/yes/no/d/641/fd/A,0.61
bw/so/yes/yes/m/635/fd/A,bo/st/yes/no/m/646/fd/A,0.44
bw/so/yes/yes/m/635/fd/A,bo/so/no/yes/m/612/fd/U,0.11
bw/so/yes/yes/m/635/fd/A,bw/st/no/no/d/615/fd/U,0.3
bw/so/yes/yes/m/635/fd/A,bw/so/no/no/m/623/fd/U,0.58
bw/so/yes/yes/m/635/fd/A,bo/so/no/no/m/624/fd/U,0.12
bw/so/yes/yes/m/635/fd/A,bo/so/no/yes/m/660/fd/A,0.11
bw/so/yes/yes/m/635/fd/A,bo/st/no/yes/m/658/fd/A,0.34
bw/so/yes/yes/m/635/fd/A,bw/mu/no/no/m/667/fd/A,0.3
bw/so/yes/yes/m/635/fd/A,bw/st/no/yes/d/651/fd/A,0.38
bw/so/yes/yes/m/635/fd/A,bw/st/no/no/m/669/fd/A,0.3
bw/so/yes/yes/m/635/fd/A,bo/mu/no/yes/m/656/fd/A,0.31
bw/so/yes/yes/m/635/fd/A,bo/mu/no/yes/d/602/fd/U,0.31
bw/so/yes/yes/m/635/fd/A,bw/so/no/yes/d/605/fd/U,0.84
bw/so/yes/yes/m/635/fd/A,bw/st/yes/yes/m/633/fd/A,0.39
bw/so/yes/yes/m/635/fd/A,bo/st/yes/yes/m/634/fd/A,0.41
bw/so/yes/yes/m/635/fd/A,bo/mu/no/no/m/668/fd/A,0.28
bw/so/yes/yes/m/635/fd/A,bw/st/no/yes/m/657/fd/A,0.38
bw/so/yes/yes/m/635/fd/A,bo/mu/no/yes/d/650/fd/A,0.31
bw/so/yes/yes/m/635/fd/A,bw/so/no/yes/m/659/fd/A,0.84
bw/so/yes/yes/m/635/fd/A,bo/so/no/no/d/666/fd/A,0.12
bw/so/yes/yes/m/635/fd/A,bw/mu/no/no/d/661/fd/A,0.3
bw/so/yes/yes/m/635/fd/A,bw/so/yes/yes/m/635/fd/A,1.0
bw/so/yes/yes/m/635/fd/A,bo/mu/yes/yes/m/632/fd/A,0.34
bw/so/yes/yes/m/635/fd/A,bo/st/no/yes/d/604/fd/U,0.34
bw/so/yes/yes/m/635/fd/A,bw/st/no/yes/d/603/fd/U,0.38
bw/so/yes/yes/m/635/fd/A,bo/so/yes/yes/m/588/fd/U,0.67
bw/so/yes/yes/m/635/fd/A,bo/st/yes/yes/m/586/fd/U,0.41
bw/so/yes/yes/m/635/fd/A,bw/so/yes/yes/d/581/fd/U,1.0
bw/so/yes/yes/m/635/fd/A,bo/st/yes/yes/d/580/fd/U,0.41
bw/so/yes/yes/m/635/fd/A,bw/so/yes/yes/m/587/fd/U,1.0
bw/so/yes/yes/m/635/fd/A,bw/mu/yes/no/d/589/fd/U,0.31
bw/so/yes/yes/m/635/fd/A,bo/so/yes/no/d/594/fd/U,0.49
bw/so/yes/yes/m/635/fd/A,bw/so/yes/no/d/593/fd/U,0.61
bw/so/yes/yes/m/635/fd/A,bo/st/yes/no/d/592/fd/U,0.44
bw/so/yes/yes/m/635/fd/A,bw/mu/yes/no/m/595/fd/U,0.31
bw/so/yes/yes/m/635/fd/A,bw/st/no/no/m/621/fd/U,0.3
bw/so/yes/yes/m/635/fd/A,bw/mu/no/no/m/619/fd/U,0.3
bw/so/yes/yes/m/635/fd/A,bo/mu/yes/yes/d/626/fd/A,0.34
bw/so/yes/yes/m/635/fd/A,bo/st/no/yes/m/610/fd/U,0.34
bw/so/yes/yes/m/635/fd/A,bo/st/yes/yes/d/628/fd/A,0.41
bw/so/yes/yes/m/635/fd/A,bw/so/no/no/d/617/fd/U,0.58
bw/so/yes/yes/m/635/fd/A,bw/mu/yes/no/m/643/fd/A,0.31
bw/so/yes/yes/m/635/fd/A,bo/mu/yes/no/m/644/fd/A,0.33
bw/so/yes/yes/m/635/fd/A,bo/so/no/no/m/672/fd/A,0.12
bw/so/yes/yes/m/635/fd/A,bw/so/yes/yes/d/629/fd/A,1.0
bw/so/yes/yes/m/635/fd/A,bo/st/no/no/d/616/fd/U,0.36
bw/so/yes/yes/m/635/fd/A,bw/so/no/yes/m/611/fd/U,0.84
bw/so/yes/yes/m/635/fd/A,bo/so/no/no/d/618/fd/U,0.12
bw/so/yes/yes/m/635/fd/A,bw/st/yes/yes/d/627/fd/A,0.39
bw/so/yes/yes/m/635/fd/A,bo/mu/no/no/m/620/fd/U,0.28
bw/so/yes/yes/m/635/fd/A,bw/st/yes/no/m/645/fd/A,0.32
bw/so/yes/yes/m/635/fd/A,bo/so/yes/no/d/642/fd/A,0.49
bo/mu/yes/yes/m/632/fd/A,bo/so/no/yes/d/606/fd/U,0.05
bo/mu/yes/yes/m/632/fd/A,bw/st/yes/no/d/639/fd/A,0.3
bo/mu/yes/yes/m/632/fd/A,bw/mu/no/yes/d/601/fd/U,0.71
bo/mu/yes/yes/m/632/fd/A,bw/mu/yes/no/d/637/fd/A,0.72
bo/mu/yes/yes/m/632/fd/A,bo/mu/no/yes/m/608/fd/U,0.74
bo/mu/yes/yes/m/632/fd/A,bo/so/yes/yes/d/630/fd/A,0.4
bo/mu/yes/yes/m/632/fd/A,bo/st/no/no/d/664/fd/A,0.57
bo/mu/yes/yes/m/632/fd/A,bw/st/no/no/d/663/fd/A,0.29
bo/mu/yes/yes/m/632/fd/A,bw/mu/no/yes/m/655/fd/A,0.71
bo/mu/yes/yes/m/632/fd/A,bo/st/no/yes/d/652/fd/A,0.64
bo/mu/yes/yes/m/632/fd/A,bw/mu/yes/yes/m/631/fd/A,0.77
bo/mu/yes/yes/m/632/fd/A,bo/so/yes/yes/m/636/fd/A,0.4
bo/mu/yes/yes/m/632/fd/A,bw/st/no/yes/m/609/fd/U,0.44
bo/mu/yes/yes/m/632/fd/A,bo/so/yes/no/m/600/fd/U,0.28
bo/mu/yes/yes/m/632/fd/A,bw/mu/no/yes/m/607/fd/U,0.71
bo/mu/yes/yes/m/632/fd/A,bo/mu/yes/no/d/638/fd/A,0.93
bo/mu/yes/yes/m/632/fd/A,bw/so/no/yes/d/653/fd/A,0.35
bo/mu/yes/yes/m/632/fd/A,bo/so/no/yes/d/654/fd/A,0.05
bo/mu/yes/yes/m/632/fd/A,bo/mu/no/no/d/662/fd/A,0.61
bo/mu/yes/yes/m/632/fd/A,bw/so/no/no/d/665/fd/A,0.27
bo/mu/yes/yes/m/632/fd/A,bo/mu/yes/yes/d/578/fd/U,1.0
bo/mu/yes/yes/m/632/fd/A,bo/so/yes/yes/d/582/fd/U,0.4
bo/mu/yes/yes/m/632/fd/A,bw/st/yes/yes/m/585/fd/U,0.43
bo/mu/yes/yes/m/632/fd/A,bo/mu/yes/yes/m/584/fd/U,1.0
bo/mu/yes/yes/m/632/fd/A,bw/mu/yes/yes/m/583/fd/U,0.77
bo/mu/yes/yes/m/632/fd/A,bw/mu/yes/yes/d/577/fd/U,0.77
bo/mu/yes/yes/m/632/fd/A,bw/st/yes/yes/d/579/fd/U,0.43
bo/mu/yes/yes/m/632/fd/A,bo/mu/yes/no/d/590/fd/U,0.93
bo/mu/yes/yes/m/632/fd/A,bw/st/yes/no/m/597/fd/U,0.3
bo/mu/yes/yes/m/632/fd/A,bw/so/yes/no/m/599/fd/U,0.26
bo/mu/yes/yes/m/632/fd/A,bo/st/yes/no/m/598/fd/U,0.58
bo/mu/yes/yes/m/632/fd/A,bo/mu/yes/no/m/596/fd/U,0.93
bo/mu/yes/yes/m/632/fd/A,bw/st/yes/no/d/591/fd/U,0.3
bo/mu/yes/yes/m/632/fd/A,bw/so/yes/no/m/647/fd/A,0.26
bo/mu/yes/yes/m/632/fd/A,bo/st/yes/no/d/640/fd/A,0.58
bo/mu/yes/yes/m/632/fd/A,bw/mu/no/yes/d/649/fd/A,0.71
bo/mu/yes/yes/m/632/fd/A,bw/so/no/no/m/671/fd/A,0.27
bo/mu/yes/yes/m/632/fd/A,bw/mu/yes/yes/d/625/fd/A,0.77
bo/mu/yes/yes/m/632/fd/A,bo/st/no/no/m/622/fd/U,0.57
bo/mu/yes/yes/m/632/fd/A,bo/mu/no/no/d/614/fd/U,0.61
bo/mu/yes/yes/m/632/fd/A,bw/mu/no/no/d/613/fd/U,0.66
bo/mu/yes/yes/m/632/fd/A,bo/st/no/no/m/670/fd/A,0.57
bo/mu/yes/yes/m/632/fd/A,bo/so/yes/no/m/648/fd/A,0.28
bo/mu/yes/yes/m/632/fd/A,bw/so/yes/no/d/641/fd/A,0.26
bo/mu/yes/yes/m/632/fd/A,bo/st/yes/no/m/646/fd/A,0.58
bo/mu/yes/yes/m/632/fd/A,bo/so/no/yes/m/612/fd/U,0.05
bo/mu/yes/yes/m/632/fd/A,bw/st/no/no/d/615/fd/U,0.29
bo/mu/yes/yes/m/632/fd/A,bw/so/no/no/m/623/fd/U,0.27
bo/mu/yes/yes/m/632/fd/A,bo/so/no/no/m/624/fd/U,0.04
bo/mu/yes/yes/m/632/fd/A,bo/so/no/yes/m/660/fd/A,0.05
bo/mu/yes/yes/m/632/fd/A,bo/st/no/yes/m/658/fd/A,0.64
bo/mu/yes/yes/m/632/fd/A,bw/mu/no/no/m/667/fd/A,0.66
bo/mu/yes/yes/m/632/fd/A,bw/st/no/yes/d/651/fd/A,0.44
bo/mu/yes/yes/m/632/fd/A,bw/st/no/no/m/669/fd/A,0.29
bo/mu/yes/yes/m/632/fd/A,bo/mu/no/yes/m/656/fd/A,0.74
bo/mu/yes/yes/m/632/fd/A,bo/mu/no/yes/d/602/fd/U,0.74
bo/mu/yes/yes/m/632/fd/A,bw/so/no/yes/d/605/fd/U,0.35
bo/mu/yes/yes/m/632/fd/A,bw/st/yes/yes/m/633/fd/A,0.43
bo/mu/yes/yes/m/632/fd/A,bo/st/yes/yes/m/634/fd/A,0.64
bo/mu/yes/yes/m/632/fd/A,bo/mu/no/no/m/668/fd/A,0.61
bo/mu/yes/yes/m/632/fd/A,bw/st/no/yes/m/657/fd/A,0.44
bo/mu/yes/yes/m/632/fd/A,bo/mu/no/yes/d/650/fd/A,0.74
bo/mu/yes/yes/m/632/fd/A,bw/so/no/yes/m/659/fd/A,0.35
bo/mu/yes/yes/m/632/fd/A,bo/so/no/no/d/666/fd/A,0.04
bo/mu/yes/yes/m/632/fd/A,bw/mu/no/no/d/661/fd/A,0.66
bo/mu/yes/yes/m/632/fd/A,bw/so/yes/yes/m/635/fd/A,0.34
bo/mu/yes/yes/m/632/fd/A,bo/mu/yes/yes/m/632/fd/A,1.0
bo/mu/yes/yes/m/632/fd/A,bo/st/no/yes/d/604/fd/U,0.64
bo/mu/yes/yes/m/632/fd/A,bw/st/no/yes/d/603/fd/U,0.44
bo/mu/yes/yes/m/632/fd/A,bo/so/yes/yes/m/588/fd/U,0.4
bo/mu/yes/yes/m/632/fd/A,bo/st/yes/yes/m/586/fd/U,0.64
bo/mu/yes/yes/m/632/fd/A,bw/so/yes/yes/d/581/fd/U,0.34
bo/mu/yes/yes/m/632/fd/A,bo/st/yes/yes/d/580/fd/U,0.64
bo/mu/yes/yes/m/632/fd/A,bw/so/yes/yes/m/587/fd/U,0.34
bo/mu/yes/yes/m/632/fd/A,bw/mu/yes/no/d/589/fd/U,0.72
bo/mu/yes/yes/m/632/fd/A,bo/so/yes/no/d/594/fd/U,0.28
bo/mu/yes/yes/m/632/fd/A,bw/so/yes/no/d/593/fd/U,0.26
bo/mu/yes/yes/m/632/fd/A,bo/st/yes/no/d/592/fd/U,0.58
bo/mu/yes/yes/m/632/fd/A,bw/mu/yes/no/m/595/fd/U,0.72
bo/mu/yes/yes/m/632/fd/A,bw/st/no/no/m/621/fd/U,0.29
bo/mu/yes/yes/m/632/fd/A,bw/mu/no/no/m/619/fd/U,0.66
bo/mu/yes/yes/m/632/fd/A,bo/mu/yes/yes/d/626/fd/A,1.0
bo/mu/yes/yes/m/632/fd/A,bo/st/no/yes/m/610/fd/U,0.64
bo/mu/yes/yes/m/632/fd/A,bo/st/yes/yes/d/628/fd/A,0.64
bo/mu/yes/yes/m/632/fd/A,bw/so/no/no/d/617/fd/U,0.27
bo/mu/yes/yes/m/632/fd/A,bw/mu/yes/no/m/643/fd/A,0.72
bo/mu/yes/yes/m/632/fd/A,bo/mu/yes/no/m/644/fd/A,0.93
bo/mu/yes/yes/m/632/fd/A,bo/so/no/no/m/672/fd/A,0.04
bo/mu/yes/yes/m/632/fd/A,bw/so/yes/yes/d/629/fd/A,0.34
bo/mu/yes/yes/m/632/fd/A,bo/st/no/no/d/616/fd/U,0.57
bo/mu/yes/yes/m/632/fd/A,bw/so/no/yes/m/611/fd/U,0.35
bo/mu/yes/yes/m/632/fd/A,bo/so/no/no/d/618/fd/U,0.04
bo/mu/yes/yes/m/632/fd/A,bw/st/yes/yes/d/627/fd/A,0.43
bo/mu/yes/yes/m/632/fd/A,bo/mu/no/no/m/620/fd/U,0.61
bo/mu/yes/yes/m/632/fd/A,bw/st/yes/no/m/645/fd/A,0.3
bo/mu/yes/yes/m/632/fd/A,bo/so/yes/no/d/642/fd/A,0.28
bo/st/no/yes/d/604/fd/U,bo/so/no/yes/d/606/fd/U,0.07
bo/st/no/yes/d/604/fd/U,bw/st/yes/no/d/639/fd/A,0.26
bo/st/no/yes/d/604/fd/U,bw/mu/no/yes/d/601/fd/U,0.49
bo/st/no/yes/d/604/fd/U,bw/mu/yes/no/d/637/fd/A,0.5
bo/st/no/yes/d/604/fd/U,bo/mu/no/yes/m/608/fd/U,0.59
bo/st/no/yes/d/604/fd/U,bo/so/yes/yes/d/630/fd/A,0.4
bo/st/no/yes/d/604/fd/U,bo/st/no/no/d/664/fd/A,0.84
bo/st/no/yes/d/604/fd/U,bw/st/no/no/d/663/fd/A,0.26
bo/st/no/yes/d/604/fd/U,bw/mu/no/yes/m/655/fd/A,0.49
bo/st/no/yes/d/604/fd/U,bo/st/no/yes/d/652/fd/A,1.0
bo/st/no/yes/d/604/fd/U,bw/mu/yes/yes/m/631/fd/A,0.53
bo/st/no/yes/d/604/fd/U,bo/so/yes/yes/m/636/fd/A,0.4
bo/st/no/yes/d/604/fd/U,bw/st/no/yes/m/609/fd/U,0.38
bo/st/no/yes/d/604/fd/U,bo/so/yes/no/m/600/fd/U,0.26
bo/st/no/yes/d/604/fd/U,bw/mu/no/yes/m/607/fd/U,0.49
bo/st/no/yes/d/604/fd/U,bo/mu/yes/no/d/638/fd/A,0.6
bo/st/no/yes/d/604/fd/U,bw/so/no/yes/d/653/fd/A,0.35
bo/st/no/yes/d/604/fd/U,bo/so/no/yes/d/654/fd/A,0.07
bo/st/no/yes/d/604/fd/U,bo/mu/no/no/d/662/fd/A,0.48
bo/st/no/yes/d/604/fd/U,bw/so/no/no/d/665/fd/A,0.26
bo/st/no/yes/d/604/fd/U,bo/mu/yes/yes/d/578/fd/U,0.64
bo/st/no/yes/d/604/fd/U,bo/so/yes/yes/d/582/fd/U,0.4
bo/st/no/yes/d/604/fd/U,bw/st/yes/yes/m/585/fd/U,0.38
bo/st/no/yes/d/604/fd/U,bo/mu/yes/yes/m/584/fd/U,0.64
bo/st/no/yes/d/604/fd/U,bw/mu/yes/yes/m/583/fd/U,0.53
bo/st/no/yes/d/604/fd/U,bw/mu/yes/yes/d/577/fd/U,0.53
bo/st/no/yes/d/604/fd/U,bw/st/yes/yes/d/579/fd/U,0.38
bo/st/no/yes/d/604/fd/U,bo/mu/yes/no/d/590/fd/U,0.6
bo/st/no/yes/d/604/fd/U,bw/st/yes/no/m/597/fd/U,0.26
bo/st/no/yes/d/604/fd/U,bw/so/yes/no/m/599/fd/U,0.24
bo/st/no/yes/d/604/fd/U,bo/st/yes/no/m/598/fd/U,0.57
bo/st/no/yes/d/604/fd/U,bo/mu/yes/no/m/596/fd/U,0.6
bo/st/no/yes/d/604/fd/U,bw/st/yes/no/d/591/fd/U,0.26
bo/st/no/yes/d/604/fd/U,bw/so/yes/no/m/647/fd/A,0.24
bo/st/no/yes/d/604/fd/U,bo/st/yes/no/d/640/fd/A,0.57
bo/st/no/yes/d/604/fd/U,bw/mu/no/yes/d/649/fd/A,0.49
bo/st/no/yes/d/604/fd/U,bw/so/no/no/m/671/fd/A,0.26
bo/st/no/yes/d/604/fd/U,bw/mu/yes/yes/d/625/fd/A,0.53
bo/st/no/yes/d/604/fd/U,bo/st/no/no/m/622/fd/U,0.84
bo/st/no/yes/d/604/fd/U,bo/mu/no/no/d/614/fd/U,0.48
bo/st/no/yes/d/604/fd/U,bw/mu/no/no/d/613/fd/U,0.46
bo/st/no/yes/d/604/fd/U,bo/st/no/no/m/670/fd/A,0.84
bo/st/no/yes/d/604/fd/U,bo/so/yes/no/m/648/fd/A,0.26
bo/st/no/yes/d/604/fd/U,bw/so/yes/no/d/641/fd/A,0.24
bo/st/no/yes/d/604/fd/U,bo/st/yes/no/m/646/fd/A,0.57
bo/st/no/yes/d/604/fd/U,bo/so/no/yes/m/612/fd/U,0.07
bo/st/no/yes/d/604/fd/U,bw/st/no/no/d/615/fd/U,0.26
bo/st/no/yes/d/604/fd/U,bw/so/no/no/m/623/fd/U,0.26
bo/st/no/yes/d/604/fd/U,bo/so/no/no/m/624/fd/U,0.05
bo/st/no/yes/d/604/fd/U,bo/so/no/yes/m/660/fd/A,0.07
bo/st/no/yes/d/604/fd/U,bo/st/no/yes/m/658/fd/A,1.0
bo/st/no/yes/d/604/fd/U,bw/mu/no/no/m/667/fd/A,0.46
bo/st/no/yes/d/604/fd/U,bw/st/no/yes/d/651/fd/A,0.38
bo/st/no/yes/d/604/fd/U,bw/st/no/no/m/669/fd/A,0.26
bo/st/no/yes/d/604/fd/U,bo/mu/no/yes/m/656/fd/A,0.59
bo/st/no/yes/d/604/fd/U,bo/mu/no/yes/d/602/fd/U,0.59
bo/st/no/yes/d/604/fd/U,bw/so/no/yes/d/605/fd/U,0.35
bo/st/no/yes/d/604/fd/U,bw/st/yes/yes/m/633/fd/A,0.38
bo/st/no/yes/d/604/fd/U,bo/st/yes/yes/m/634/fd/A,0.63
bo/st/no/yes/d/604/fd/U,bo/mu/no/no/m/668/fd/A,0.48
bo/st/no/yes/d/604/fd/U,bw/st/no/yes/m/657/fd/A,0.38
bo/st/no/yes/d/604/fd/U,bo/mu/no/yes/d/650/fd/A,0.59
bo/st/no/yes/d/604/fd/U,bw/so/no/yes/m/659/fd/A,0.35
bo/st/no/yes/d/604/fd/U,bo/so/no/no/d/666/fd/A,0.05
bo/st/no/yes/d/604/fd/U,bw/mu/no/no/d/661/fd/A,0.46
bo/st/no/yes/d/604/fd/U,bw/so/yes/yes/m/635/fd/A,0.34
bo/st/no/yes/d/604/fd/U,bo/mu/yes/yes/m/632/fd/A,0.64
bo/st/no/yes/d/604/fd/U,bo/st/no/yes/d/604/fd/U,1.0
bo/st/no/yes/d/604/fd/U,bw/st/no/yes/d/603/fd/U,0.38
bo/st/no/yes/d/604/fd/U,bo/so/yes/yes/m/588/fd/U,0.4
bo/st/no/yes/d/604/fd/U,bo/st/yes/yes/m/586/fd/U,0.63
bo/st/no/yes/d/604/fd/U,bw/so/yes/yes/d/581/fd/U,0.34
bo/st/no/yes/d/604/fd/U,bo/st/yes/yes/d/580/fd/U,0.63
bo/st/no/yes/d/604/fd/U,bw/so/yes/yes/m/587/fd/U,0.34
bo/st/no/yes/d/604/fd/U,bw/mu/yes/no/d/589/fd/U,0.5
bo/st/no/yes/d/604/fd/U,bo/so/yes/no/d/594/fd/U,0.26
bo/st/no/yes/d/604/fd/U,bw/so/yes/no/d/593/fd/U,0.24
bo/st/no/yes/d/604/fd/U,bo/st/yes/no/d/592/fd/U,0.57
bo/st/no/yes/d/604/fd/U,bw/mu/yes/no/m/595/fd/U,0.5
bo/st/no/yes/d/604/fd/U,bw/st/no/no/m/621/fd/U,0.26
bo/st/no/yes/d/604/fd/U,bw/mu/no/no/m/619/fd/U,0.46
bo/st/no/yes/d/604/fd/U,bo/mu/yes/yes/d/626/fd/A,0.64
bo/st/no/yes/d/604/fd/U,bo/st/no/yes/m/610/fd/U,1.0
bo/st/no/yes/d/604/fd/U,bo/st/yes/yes/d/628/fd/A,0.63
bo/st/no/yes/d/604/fd/U,bw/so/no/no/d/617/fd/U,0.26
bo/st/no/yes/d/604/fd/U,bw/mu/yes/no/m/643/fd/A,0.5
bo/st/no/yes/d/604/fd/U,bo/mu/yes/no/m/644/fd/A,0.6
bo/st/no/yes/d/604/fd/U,bo/so/no/no/m/672/fd/A,0.05
bo/st/no/yes/d/604/fd/U,bw/so/yes/yes/d/629/fd/A,0.34
bo/st/no/yes/d/604/fd/U,bo/st/no/no/d/616/fd/U,0.84
bo/st/no/yes/d/604/fd/U,bw/so/no/yes/m/611/fd/U,0.35
bo/st/no/yes/d/604/fd/U,bo/so/no/no/d/618/fd/U,0.05
bo/st/no/yes/d/604/fd/U,bw/st/yes/yes/d/627/fd/A,0.38
bo/st/no/yes/d/604/fd/U,bo/mu/no/no/m/620/fd/U,0.48
bo/st/no/yes/d/604/fd/U,bw/st/yes/no/m/645/fd/A,0.26
bo/st/no/yes/d/604/fd/U,bo/so/yes/no/d/642/fd/A,0.26
bw/st/no/yes/d/603/fd/U,bo/so/no/yes/d/606/fd/U,0.05
bw/st/no/yes/d/603/fd/U,bw/st/yes/no/d/639/fd/A,0.63
bw/st/no/yes/d/603/fd/U,bw/mu/no/yes/d/601/fd/U,0.46
bw/st/no/yes/d/603/fd/U,bw/mu/yes/no/d/637/fd/A,0.46
bw/st/no/yes/d/603/fd/U,bo/mu/no/yes/m/608/fd/U,0.4
bw/st/no/yes/d/603/fd/U,bo/so/yes/yes/d/630/fd/A,0.37
bw/st/no/yes/d/603/fd/U,bo/st/no/no/d/664/fd/A,0.4
bw/st/no/yes/d/603/fd/U,bw/st/no/no/d/663/fd/A,0.66
bw/st/no/yes/d/603/fd/U,bw/mu/no/yes/m/655/fd/A,0.46
bw/st/no/yes/d/603/fd/U,bo/st/no/yes/d/652/fd/A,0.38
bw/st/no/yes/d/603/fd/U,bw/mu/yes/yes/m/631/fd/A,0.48
bw/st/no/yes/d/603/fd/U,bo/so/yes/yes/m/636/fd/A,0.37
bw/st/no/yes/d/603/fd/U,bw/st/no/yes/m/609/fd/U,1.0
bw/st/no/yes/d/603/fd/U,bo/so/yes/no/m/600/fd/U,0.29
bw/st/no/yes/d/603/fd/U,bw/mu/no/yes/m/607/fd/U,0.46
bw/st/no/yes/d/603/fd/U,bo/mu/yes/no/d/638/fd/A,0.44
bw/st/no/yes/d/603/fd/U,bw/so/no/yes/d/653/fd/A,0.38
bw/st/no/yes/d/603/fd/U,bo/so/no/yes/d/654/fd/A,0.05
bw/st/no/yes/d/603/fd/U,bo/mu/no/no/d/662/fd/A,0.39
bw/st/no/yes/d/603/fd/U,bw/so/no/no/d/665/fd/A,0.31
bw/st/no/yes/d/603/fd/U,bo/mu/yes/yes/d/578/fd/U,0.44
bw/st/no/yes/d/603/fd/U,bo/so/yes/yes/d/582/fd/U,0.37
bw/st/no/yes/d/603/fd/U,bw/st/yes/yes/m/585/fd/U,0.84
bw/st/no/yes/d/603/fd/U,bo/mu/yes/yes/m/584/fd/U,0.44
bw/st/no/yes/d/603/fd/U,bw/mu/yes/yes/m/583/fd/U,0.48
bw/st/no/yes/d/603/fd/U,bw/mu/yes/yes/d/577/fd/U,0.48
bw/st/no/yes/d/603/fd/U,bw/st/yes/yes/d/579/fd/U,0.84
bw/st/no/yes/d/603/fd/U,bo/mu/yes/no/d/590/fd/U,0.44
bw/st/no/yes/d/603/fd/U,bw/st/yes/no/m/597/fd/U,0.63
bw/st/no/yes/d/603/fd/U,bw/so/yes/no/m/599/fd/U,0.3
bw/st/no/yes/d/603/fd/U,bo/st/yes/no/m/598/fd/U,0.54
bw/st/no/yes/d/603/fd/U,bo/mu/yes/no/m/596/fd/U,0.44
bw/st/no/yes/d/603/fd/U,bw/st/yes/no/d/591/fd/U,0.63
bw/st/no/yes/d/603/fd/U,bw/so/yes/no/m/647/fd/A,0.3
bw/st/no/yes/d/603/fd/U,bo/st/yes/no/d/640/fd/A,0.54
bw/st/no/yes/d/603/fd/U,bw/mu/no/yes/d/649/fd/A,0.46
bw/st/no/yes/d/603/fd/U,bw/so/no/no/m/671/fd/A,0.31
bw/st/no/yes/d/603/fd/U,bw/mu/yes/yes/d/625/fd/A,0.48
bw/st/no/yes/d/603/fd/U,bo/st/no/no/m/622/fd/U,0.4
bw/st/no/yes/d/603/fd/U,bo/mu/no/no/d/614/fd/U,0.39
bw/st/no/yes/d/603/fd/U,bw/mu/no/no/d/613/fd/U,0.44
bw/st/no/yes/d/603/fd/U,bo/st/no/no/m/670/fd/A,0.4
bw/st/no/yes/d/603/fd/U,bo/so/yes/no/m/648/fd/A,0.29
bw/st/no/yes/d/603/fd/U,bw/so/yes/no/d/641/fd/A,0.3
bw/st/no/yes/d/603/fd/U,bo/st/yes/no/m/646/fd/A,0.54
bw/st/no/yes/d/603/fd/U,bo/so/no/yes/m/612/fd/U,0.05
bw/st/no/yes/d/603/fd/U,bw/st/no/no/d/615/fd/U,0.66
bw/st/no/yes/d/603/fd/U,bw/so/no/no/m/623/fd/U,0.31
bw/st/no/yes/d/603/fd/U,bo/so/no/no/m/624/fd/U,0.06
bw/st/no/yes/d/603/fd/U,bo/so/no/yes/m/660/fd/A,0.05
bw/st/no/yes/d/603/fd/U,bo/st/no/yes/m/658/fd/A,0.38
bw/st/no/yes/d/603/fd/U,bw/mu/no/no/m/667/fd/A,0.44
bw/st/no/yes/d/603/fd/U,bw/st/no/yes/d/651/fd/A,1.0
bw/st/no/yes/d/603/fd/U,bw/st/no/no/m/669/fd/A,0.66
bw/st/no/yes/d/603/fd/U,bo/mu/no/yes/m/656/fd/A,0.4
bw/st/no/yes/d/603/fd/U,bo/mu/no/yes/d/602/fd/U,0.4
bw/st/no/yes/d/603/fd/U,bw/so/no/yes/d/605/fd/U,0.38
bw/st/no/yes/d/603/fd/U,bw/st/yes/yes/m/633/fd/A,0.84
bw/st/no/yes/d/603/fd/U,bo/st/yes/yes/m/634/fd/A,0.51
bw/st/no/yes/d/603/fd/U,bo/mu/no/no/m/668/fd/A,0.39
bw/st/no/yes/d/603/fd/U,bw/st/no/yes/m/657/fd/A,1.0
bw/st/no/yes/d/603/fd/U,bo/mu/no/yes/d/650/fd/A,0.4
bw/st/no/yes/d/603/fd/U,bw/so/no/yes/m/659/fd/A,0.38
bw/st/no/yes/d/603/fd/U,bo/so/no/no/d/666/fd/A,0.06
bw/st/no/yes/d/603/fd/U,bw/mu/no/no/d/661/fd/A,0.44
bw/st/no/yes/d/603/fd/U,bw/so/yes/yes/m/635/fd/A,0.38
bw/st/no/yes/d/603/fd/U,bo/mu/yes/yes/m/632/fd/A,0.44
bw/st/no/yes/d/603/fd/U,bo/st/no/yes/d/604/fd/U,0.38
bw/st/no/yes/d/603/fd/U,bw/st/no/yes/d/603/fd/U,1.0
bw/st/no/yes/d/603/fd/U,bo/so/yes/yes/m/588/fd/U,0.37
bw/st/no/yes/d/603/fd/U,bo/st/yes/yes/m/586/fd/U,0.51
bw/st/no/yes/d/603/fd/U,bw/so/yes/yes/d/581/fd/U,0.38
bw/st/no/yes/d/603/fd/U,bo/st/yes/yes/d/580/fd/U,0.51
bw/st/no/yes/d/603/fd/U,bw/so/yes/yes/m/587/fd/U,0.38
bw/st/no/yes/d/603/fd/U,bw/mu/yes/no/d/589/fd/U,0.46
bw/st/no/yes/d/603/fd/U,bo/so/yes/no/d/594/fd/U,0.29
bw/st/no/yes/d/603/fd/U,bw/so/yes/no/d/593/fd/U,0.3
bw/st/no/yes/d/603/fd/U,bo/st/yes/no/d/592/fd/U,0.54
bw/st/no/yes/d/603/fd/U,bw/mu/yes/no/m/595/fd/U,0.46
bw/st/no/yes/d/603/fd/U,bw/st/no/no/m/621/fd/U,0.66
bw/st/no/yes/d/603/fd/U,bw/mu/no/no/m/619/fd/U,0.44
bw/st/no/yes/d/603/fd/U,bo/mu/yes/yes/d/626/fd/A,0.44
bw/st/no/yes/d/603/fd/U,bo/st/no/yes/m/610/fd/U,0.38
bw/st/no/yes/d/603/fd/U,bo/st/yes/yes/d/628/fd/A,0.51
bw/st/no/yes/d/603/fd/U,bw/so/no/no/d/617/fd/U,0.31
bw/st/no/yes/d/603/fd/U,bw/mu/yes/no/m/643/fd/A,0.46
bw/st/no/yes/d/603/fd/U,bo/mu/yes/no/m/644/fd/A,0.44
bw/st/no/yes/d/603/fd/U,bo/so/no/no/m/672/fd/A,0.06
bw/st/no/yes/d/603/fd/U,bw/so/yes/yes/d/629/fd/A,0.38
bw/st/no/yes/d/603/fd/U,bo/st/no/no/d/616/fd/U,0.4
bw/st/no/yes/d/603/fd/U,bw/so/no/yes/m/611/fd/U,0.38
bw/st/no/yes/d/603/fd/U,bo/so/no/no/d/618/fd/U,0.06
bw/st/no/yes/d/603/fd/U,bw/st/yes/yes/d/627/fd/A,0.84
bw/st/no/yes/d/603/fd/U,bo/mu/no/no/m/620/fd/U,0.39
bw/st/no/yes/d/603/fd/U,bw/st/yes/no/m/645/fd/A,0.63
bw/st/no/yes/d/603/fd/U,bo/so/yes/no/d/642/fd/A,0.29
bo/so/yes/yes/m/588/fd/U,bo/so/no/yes/d/606/fd/U,0.14
bo/so/yes/yes/m/588/fd/U,bw/st/yes/no/d/639/fd/A,0.3
bo/so/yes/yes/m/588/fd/U,bw/mu/no/yes/d/601/fd/U,0.34
bo/so/yes/yes/m/588/fd/U,bw/mu/yes/no/d/637/fd/A,0.34
bo/so/yes/yes/m/588/fd/U,bo/mu/no/yes/m/608/fd/U,0.36
bo/so/yes/yes/m/588/fd/U,bo/so/yes/yes/d/630/fd/A,1.0
bo/so/yes/yes/m/588/fd/U,bo/st/no/no/d/664/fd/A,0.41
bo/so/yes/yes/m/588/fd/U,bw/st/no/no/d/663/fd/A,0.29
bo/so/yes/yes/m/588/fd/U,bw/mu/no/yes/m/655/fd/A,0.34
bo/so/yes/yes/m/588/fd/U,bo/st/no/yes/d/652/fd/A,0.4
bo/so/yes/yes/m/588/fd/U,bw/mu/yes/yes/m/631/fd/A,0.35
bo/so/yes/yes/m/588/fd/U,bo/so/yes/yes/m/636/fd/A,1.0
bo/so/yes/yes/m/588/fd/U,bw/st/no/yes/m/609/fd/U,0.37
bo/so/yes/yes/m/588/fd/U,bo/so/yes/no/m/600/fd/U,0.58
bo/so/yes/yes/m/588/fd/U,bw/mu/no/yes/m/607/fd/U,0.34
bo/so/yes/yes/m/588/fd/U,bo/mu/yes/no/d/638/fd/A,0.39
bo/so/yes/yes/m/588/fd/U,bw/so/no/yes/d/653/fd/A,0.64
bo/so/yes/yes/m/588/fd/U,bo/so/no/yes/d/654/fd/A,0.14
bo/so/yes/yes/m/588/fd/U,bo/mu/no/no/d/662/fd/A,0.32
bo/so/yes/yes/m/588/fd/U,bw/so/no/no/d/665/fd/A,0.46
bo/so/yes/yes/m/588/fd/U,bo/mu/yes/yes/d/578/fd/U,0.4
bo/so/yes/yes/m/588/fd/U,bo/so/yes/yes/d/582/fd/U,1.0
bo/so/yes/yes/m/588/fd/U,bw/st/yes/yes/m/585/fd/U,0.38
bo/so/yes/yes/m/588/fd/U,bo/mu/yes/yes/m/584/fd/U,0.4
bo/so/yes/yes/m/588/fd/U,bw/mu/yes/yes/m/583/fd/U,0.35
bo/so/yes/yes/m/588/fd/U,bw/mu/yes/yes/d/577/fd/U,0.35
bo/so/yes/yes/m/588/fd/U,bw/st/yes/yes/d/579/fd/U,0.38
bo/so/yes/yes/m/588/fd/U,bo/mu/yes/no/d/590/fd/U,0.39
bo/so/yes/yes/m/588/fd/U,bw/st/yes/no/m/597/fd/U,0.3
bo/so/yes/yes/m/588/fd/U,bw/so/yes/no/m/599/fd/U,0.46
bo/so/yes/yes/m/588/fd/U,bo/st/yes/no/m/598/fd/U,0.5
bo/so/yes/yes/m/588/fd/U,bo/mu/yes/no/m/596/fd/U,0.39
bo/so/yes/yes/m/588/fd/U,bw/st/yes/no/d/591/fd/U,0.3
bo/so/yes/yes/m/588/fd/U,bw/so/yes/no/m/647/fd/A,0.46
bo/so/yes/yes/m/588/fd/U,bo/st/yes/no/d/640/fd/A,0.5
bo/so/yes/yes/m/588/fd/U,bw/mu/no/yes/d/649/fd/A,0.34
bo/so/yes/yes/m/588/fd/U,bw/so/no/no/m/671/fd/A,0.46
bo/so/yes/yes/m/588/fd/U,bw/mu/yes/yes/d/625/fd/A,0.35
bo/so/yes/yes/m/588/fd/U,bo/st/no/no/m/622/fd/U,0.41
bo/so/yes/yes/m/588/fd/U,bo/mu/no/no/d/614/fd/U,0.32
bo/so/yes/yes/m/588/fd/U,bw/mu/no/no/d/613/fd/U,0.32
bo/so/yes/yes/m/588/fd/U,bo/st/no/no/m/670/fd/A,0.41
bo/so/yes/yes/m/588/fd/U,bo/so/yes/no/m/648/fd/A,0.58
bo/so/yes/yes/m/588/fd/U,bw/so/yes/no/d/641/fd/A,0.46
bo/so/yes/yes/m/588/fd/U,bo/st/yes/no/m/646/fd/A,0.5
bo/so/yes/yes/m/588/fd/U,bo/so/no/yes/m/612/fd/U,0.14
bo/so/yes/yes/m/588/fd/U,bw/st/no/no/d/615/fd/U,0.29
bo/so/yes/yes/m/588/fd/U,bw/so/no/no/m/623/fd/U,0.46
bo/so/yes/yes/m/588/fd/U,bo/so/no/no/m/624/fd/U,0.14
bo/so/yes/yes/m/588/fd/U,bo/so/no/yes/m/660/fd/A,0.14
bo/so/yes/yes/m/588/fd/U,bo/st/no/yes/m/658/fd/A,0.4
bo/so/yes/yes/m/588/fd/U,bw/mu/no/no/m/667/fd/A,0.32
bo/so/yes/yes/m/588/fd/U,bw/st/no/yes/d/651/fd/A,0.37
bo/so/yes/yes/m/588/fd/U,bw/st/no/no/m/669/fd/A,0.29
bo/so/yes/yes/m/588/fd/U,bo/mu/no/yes/m/656/fd/A,0.36
bo/so/yes/yes/m/588/fd/U,bo/mu/no/yes/d/602/fd/U,0.36
bo/so/yes/yes/m/588/fd/U,bw/so/no/yes/d/605/fd/U,0.64
bo/so/yes/yes/m/588/fd/U,bw/st/yes/yes/m/633/fd/A,0.38
bo/so/yes/yes/m/588/fd/U,bo/st/yes/yes/m/634/fd/A,0.48
bo/so/yes/yes/m/588/fd/U,bo/mu/no/no/m/668/fd/A,0.32
bo/so/yes/yes/m/588/fd/U,bw/st/no/yes/m/657/fd/A,0.37
bo/so/yes/yes/m/588/fd/U,bo/mu/no/yes/d/650/fd/A,0.36
bo/so/yes/yes/m/588/fd/U,bw/so/no/yes/m/659/fd/A,0.64
bo/so/yes/yes/m/588/fd/U,bo/so/no/no/d/666/fd/A,0.14
bo/so/yes/yes/m/588/fd/U,bw/mu/no/no/d/661/fd/A,0.32
bo/so/yes/yes/m/588/fd/U,bw/so/yes/yes/m/635/fd/A,0.67
bo/so/yes/yes/m/588/fd/U,bo/mu/yes/yes/m/632/fd/A,0.4
bo/so/yes/yes/m/588/fd/U,bo/st/no/yes/d/604/fd/U,0.4
bo/so/yes/yes/m/588/fd/U,bw/st/no/yes/d/603/fd/U,0.37
bo/so/yes/yes/m/588/fd/U,bo/so/yes/yes/m/588/fd/U,1.0
bo/so/yes/yes/m/588/fd/U,bo/st/yes/yes/m/586/fd/U,0.48
bo/so/yes/yes/m/588/fd/U,bw/so/yes/yes/d/581/fd/U,0.67
bo/so/yes/yes/m/588/fd/U,bo/st/yes/yes/d/580/fd/U,0.48
bo/so/yes/yes/m/588/fd/U,bw/so/yes/yes/m/587/fd/U,0.67
bo/so/yes/yes/m/588/fd/U,bw/mu/yes/no/d/589/fd/U,0.34
bo/so/yes/yes/m/588/fd/U,bo/so/yes/no/d/594/fd/U,0.58
bo/so/yes/yes/m/588/fd/U,bw/so/yes/no/d/593/fd/U,0.46
bo/so/yes/yes/m/588/fd/U,bo/st/yes/no/d/592/fd/U,0.5
bo/so/yes/yes/m/588/fd/U,bw/mu/yes/no/m/595/fd/U,0.34
bo/so/yes/yes/m/588/fd/U,bw/st/no/no/m/621/fd/U,0.29
bo/so/yes/yes/m/588/fd/U,bw/mu/no/no/m/619/fd/U,0.32
bo/so/yes/yes/m/588/fd/U,bo/mu/yes/yes/d/626/fd/A,0.4
bo/so/yes/yes/m/588/fd/U,bo/st/no/yes/m/610/fd/U,0.4
bo/so/yes/yes/m/588/fd/U,bo/st/yes/yes/d/628/fd/A,0.48
bo/so/yes/yes/m/588/fd/U,bw/so/no/no/d/617/fd/U,0.46
bo/so/yes/yes/m/588/fd/U,bw/mu/yes/no/m/643/fd/A,0.34
bo/so/yes/yes/m/588/fd/U,bo/mu/yes/no/m/644/fd/A,0.39
bo/so/yes/yes/m/588/fd/U,bo/so/no/no/m/672/fd/A,0.14
bo/so/yes/yes/m/588/fd/U,bw/so/yes/yes/d/629/fd/A,0.67
bo/so/yes/yes/m/588/fd/U,bo/st/no/no/d/616/fd/U,0.41
bo/so/yes/yes/m/588/fd/U,bw/so/no/yes/m/611/fd/U,0.64
bo/so/yes/yes/m/588/fd/U,bo/so/no/no/d/618/fd/U,0.14
bo/so/yes/yes/m/588/fd/U,bw/st/yes/yes/d/627/fd/A,0.38
bo/so/yes/yes/m/588/fd/U,bo/mu/no/no/m/620/fd/U,0.32
bo/so/yes/yes/m/588/fd/U,bw/st/yes/no/m/645/fd/A,0.3
bo/so/yes/yes/m/588/fd/U,bo/so/yes/no/d/642/fd/A,0.58
bo/st/yes/yes/m/586/fd/U,bo/so/no/yes/d/606/fd/U,0.06
bo/st/yes/yes/m/586/fd/U,bw/st/yes/no/d/639/fd/A,0.36
bo/st/yes/yes/m/586/fd/U,bw/mu/no/yes/d/601/fd/U,0.51
bo/st/yes/yes/m/586/fd/U,bw/mu/yes/no/d/637/fd/A,0.52
bo/st/yes/yes/m/586/fd/U,bo/mu/no/yes/m/608/fd/U,0.55
bo/st/yes/yes/m/586/fd/U,bo/so/yes/yes/d/630/fd/A,0.48
bo/st/yes/yes/m/586/fd/U,bo/st/no/no/d/664/fd/A,0.6
bo/st/yes/yes/m/586/fd/U,bw/st/no/no/d/663/fd/A,0.34
bo/st/yes/yes/m/586/fd/U,bw/mu/no/yes/m/655/fd/A,0.51
bo/st/yes/yes/m/586/fd/U,bo/st/no/yes/d/652/fd/A,0.63
bo/st/yes/yes/m/586/fd/U,bw/mu/yes/yes/m/631/fd/A,0.55
bo/st/yes/yes/m/586/fd/U,bo/so/yes/yes/m/636/fd/A,0.48
bo/st/yes/yes/m/586/fd/U,bw/st/no/yes/m/609/fd/U,0.51
bo/st/yes/yes/m/586/fd/U,bo/so/yes/no/m/600/fd/U,0.32
bo/st/yes/yes/m/586/fd/U,bw/mu/no/yes/m/607/fd/U,0.51
bo/st/yes/yes/m/586/fd/U,bo/mu/yes/no/d/638/fd/A,0.61
bo/st/yes/yes/m/586/fd/U,bw/so/no/yes/d/653/fd/A,0.41
bo/st/yes/yes/m/586/fd/U,bo/so/no/yes/d/654/fd/A,0.06
bo/st/yes/yes/m/586/fd/U,bo/mu/no/no/d/662/fd/A,0.47
bo/st/yes/yes/m/586/fd/U,bw/so/no/no/d/665/fd/A,0.31
bo/st/yes/yes/m/586/fd/U,bo/mu/yes/yes/d/578/fd/U,0.64
bo/st/yes/yes/m/586/fd/U,bo/so/yes/yes/d/582/fd/U,0.48
bo/st/yes/yes/m/586/fd/U,bw/st/yes/yes/m/585/fd/U,0.52
bo/st/yes/yes/m/586/fd/U,bo/mu/yes/yes/m/584/fd/U,0.64
bo/st/yes/yes/m/586/fd/U,bw/mu/yes/yes/m/583/fd/U,0.55
bo/st/yes/yes/m/586/fd/U,bw/mu/yes/yes/d/577/fd/U,0.55
bo/st/yes/yes/m/586/fd/U,bw/st/yes/yes/d/579/fd/U,0.52
bo/st/yes/yes/m/586/fd/U,bo/mu/yes/no/d/590/fd/U,0.61
bo/st/yes/yes/m/586/fd/U,bw/st/yes/no/m/597/fd/U,0.36
bo/st/yes/yes/m/586/fd/U,bw/so/yes/no/m/599/fd/U,0.3
bo/st/yes/yes/m/586/fd/U,bo/st/yes/no/m/598/fd/U,0.87
bo/st/yes/yes/m/586/fd/U,bo/mu/yes/no/m/596/fd/U,0.61
bo/st/yes/yes/m/586/fd/U,bw/st/yes/no/d/591/fd/U,0.36
bo/st/yes/yes/m/586/fd/U,bw/so/yes/no/m/647/fd/A,0.3
bo/st/yes/yes/m/586/fd/U,bo/st/yes/no/d/640/fd/A,0.87
bo/st/yes/yes/m/586/fd/U,bw/mu/no/yes/d/649/fd/A,0.51
bo/st/yes/yes/m/586/fd/U,bw/so/no/no/m/671/fd/A,0.31
bo/st/yes/yes/m/586/fd/U,bw/mu/yes/yes/d/625/fd/A,0.55
bo/st/yes/yes/m/586/fd/U,bo/st/no/no/m/622/fd/U,0.6
bo/st/yes/yes/m/586/fd/U,bo/mu/no/no/d/614/fd/U,0.47
bo/st/yes/yes/m/586/fd/U,bw/mu/no/no/d/613/fd/U,0.48
bo/st/yes/yes/m/586/fd/U,bo/st/no/no/m/670/fd/A,0.6
bo/st/yes/yes/m/586/fd/U,bo/so/yes/no/m/648/fd/A,0.32
bo/st/yes/yes/m/586/fd/U,bw/so/yes/no/d/641/fd/A,0.3
bo/st/yes/yes/m/586/fd/U,bo/st/yes/no/m/646/fd/A,0.87
bo/st/yes/yes/m/586/fd/U,bo/so/no/yes/m/612/fd/U,0.06
bo/st/yes/yes/m/586/fd/U,bw/st/no/no/d/615/fd/U,0.34
bo/st/yes/yes/m/586/fd/U,bw/so/no/no/m/623/fd/U,0.31
bo/st/yes/yes/m/586/fd/U,bo/so/no/no/m/624/fd/U,0.06
bo/st/yes/yes/m/586/fd/U,bo/so/no/yes/m/660/fd/A,0.06
bo/st/yes/yes/m/586/fd/U,bo/st/no/yes/m/658/fd/A,0.63
bo/st/yes/yes/m/586/fd/U,bw/mu/no/no/m/667/fd/A,0.48
bo/st/yes/yes/m/586/fd/U,bw/st/no/yes/d/651/fd/A,0.51
bo/st/yes/yes/m/586/fd/U,bw/st/no/no/m/669/fd/A,0.34
bo/st/yes/yes/m/586/fd/U,bo/mu/no/yes/m/656/fd/A,0.55
bo/st/yes/yes/m/586/fd/U,bo/mu/no/yes/d/602/fd/U,0.55
bo/st/yes/yes/m/586/fd/U,bw/so/no/yes/d/605/fd/U,0.41
bo/st/yes/yes/m/586/fd/U,bw/st/yes/yes/m/633/fd/A,0.52
bo/st/yes/yes/m/586/fd/U,bo/st/yes/yes/m/634/fd/A,1.0
bo/st/yes/yes/m/586/fd/U,bo/mu/no/no/m/668/fd/A,0.47
bo/st/yes/yes/m/586/fd/U,bw/st/no/yes/m/657/fd/A,0.51
bo/st/yes/yes/m/586/fd/U,bo/mu/no/yes/d/650/fd/A,0.55
bo/st/yes/yes/m/586/fd/U,bw/so/no/yes/m/659/fd/A,0.41
bo/st/yes/yes/m/586/fd/U,bo/so/no/no/d/666/fd/A,0.06
bo/st/yes/yes/m/586/fd/U,bw/mu/no/no/d/661/fd/A,0.48
bo/st/yes/yes/m/586/fd/U,bw/so/yes/yes/m/635/fd/A,0.41
bo/st/yes/yes/m/586/fd/U,bo/mu/yes/yes/m/632/fd/A,0.64
bo/st/yes/yes/m/586/fd/U,bo/st/no/yes/d/604/fd/U,0.63
bo/st/yes/yes/m/586/fd/U,bw/st/no/yes/d/603/fd/U,0.51
bo/st/yes/yes/m/586/fd/U,bo/so/yes/yes/m/588/fd/U,0.48
bo/st/yes/yes/m/586/fd/U,bo/st/yes/yes/m/586/fd/U,1.0
bo/st/yes/yes/m/586/fd/U,bw/so/yes/yes/d/581/fd/U,0.41
bo/st/yes/yes/m/586/fd/U,bo/st/yes/yes/d/580/fd/U,1.0
bo/st/yes/yes/m/586/fd/U,bw/so/yes/yes/m/587/fd/U,0.41
bo/st/yes/yes/m/586/fd/U,bw/mu/yes/no/d/589/fd/U,0.52
bo/st/yes/yes/m/586/fd/U,bo/so/yes/no/d/594/fd/U,0.32
bo/st/yes/yes/m/586/fd/U,bw/so/yes/no/d/593/fd/U,0.3
bo/st/yes/yes/m/586/fd/U,bo/st/yes/no/d/592/fd/U,0.87
bo/st/yes/yes/m/586/fd/U,bw/mu/yes/no/m/595/fd/U,0.52
bo/st/yes/yes/m/586/fd/U,bw/st/no/no/m/621/fd/U,0.34
bo/st/yes/yes/m/586/fd/U,bw/mu/no/no/m/619/fd/U,0.48
bo/st/yes/yes/m/586/fd/U,bo/mu/yes/yes/d/626/fd/A,0.64
bo/st/yes/yes/m/586/fd/U,bo/st/no/yes/m/610/fd/U,0.63
bo/st/yes/yes/m/586/fd/U,bo/st/yes/yes/d/628/fd/A,1.0
bo/st/yes/yes/m/586/fd/U,bw/so/no/no/d/617/fd/U,0.31
bo/st/yes/yes/m/586/fd/U,bw/mu/yes/no/m/643/fd/A,0.52
bo/st/yes/yes/m/586/fd/U,bo/mu/yes/no/m/644/fd/A,0.61
bo/st/yes/yes/m/586/fd/U,bo/so/no/no/m/672/fd/A,0.06
bo/st/yes/yes/m/586/fd/U,bw/so/yes/yes/d/629/fd/A,0.41
bo/st/yes/yes/m/586/fd/U,bo/st/no/no/d/616/fd/U,0.6
bo/st/yes/yes/m/586/fd/U,bw/so/no/yes/m/611/fd/U,0.41
bo/st/yes/yes/m/586/fd/U,bo/so/no/no/d/618/fd/U,0.06
bo/st/yes/yes/m/586/fd/U,bw/st/yes/yes/d/627/fd/A,0.52
bo/st/yes/yes/m/586/fd/U,bo/mu/no/no/m/620/fd/U,0.47
bo/st/yes/yes/m/586/fd/U,bw/st/yes/no/m/645/fd/A,0.36
bo/st/yes/yes/m/586/fd/U,bo/so/yes/no/d/642/fd/A,0.32
bw/so/yes/yes/d/581/fd/U,bo/so/no/yes/d/606/fd/U,0.11
bw/so/yes/yes/d/581/fd/U,bw/st/yes/no/d/639/fd/A,0.32
bw/so/yes/yes/d/581/fd/U,bw/mu/no/yes/d/601/fd/U,0.31
bw/so/yes/yes/d/581/fd/U,bw/mu/yes/no/d/637/fd/A,0.31
bw/so/yes/yes/d/581/fd/U,bo/mu/no/yes/m/608/fd/U,0.31
bw/so/yes/yes/d/581/fd/U,bo/so/yes/yes/d/630/fd/A,0.67
bw/so/yes/yes/d/581/fd/U,bo/st/no/no/d/664/fd/A,0.36
bw/so/yes/yes/d/581/fd/U,bw/st/no/no/d/663/fd/A,0.3
bw/so/yes/yes/d/581/fd/U,bw/mu/no/yes/m/655/fd/A,0.31
bw/so/yes/yes/d/581/fd/U,bo/st/no/yes/d/652/fd/A,0.34
bw/so/yes/yes/d/581/fd/U,bw/mu/yes/yes/m/631/fd/A,0.32
bw/so/yes/yes/d/581/fd/U,bo/so/yes/yes/m/636/fd/A,0.67
bw/so/yes/yes/d/581/fd/U,bw/st/no/yes/m/609/fd/U,0.38
bw/so/yes/yes/d/581/fd/U,bo/so/yes/no/m/600/fd/U,0.49
bw/so/yes/yes/d/581/fd/U,bw/mu/no/yes/m/607/fd/U,0.31
bw/so/yes/yes/d/581/fd/U,bo/mu/yes/no/d/638/fd/A,0.33
bw/so/yes/yes/d/581/fd/U,bw/so/no/yes/d/653/fd/A,0.84
bw/so/yes/yes/d/581/fd/U,bo/so/no/yes/d/654/fd/A,0.11
bw/so/yes/yes/d/581/fd/U,bo/mu/no/no/d/662/fd/A,0.28
bw/so/yes/yes/d/581/fd/U,bw/so/no/no/d/665/fd/A,0.58
bw/so/yes/yes/d/581/fd/U,bo/mu/yes/yes/d/578/fd/U,0.34
bw/so/yes/yes/d/581/fd/U,bo/so/yes/yes/d/582/fd/U,0.67
bw/so/yes/yes/d/581/fd/U,bw/st/yes/yes/m/585/fd/U,0.39
bw/so/yes/yes/d/581/fd/U,bo/mu/yes/yes/m/584/fd/U,0.34
bw/so/yes/yes/d/581/fd/U,bw/mu/yes/yes/m/583/fd/U,0.32
bw/so/yes/yes/d/581/fd/U,bw/mu/yes/yes/d/577/fd/U,0.32
bw/so/yes/yes/d/581/fd/U,bw/st/yes/yes/d/579/fd/U,0.39
bw/so/yes/yes/d/581/fd/U,bo/mu/yes/no/d/590/fd/U,0.33
bw/so/yes/yes/d/581/fd/U,bw/st/yes/no/m/597/fd/U,0.32
bw/so/yes/yes/d/581/fd/U,bw/so/yes/no/m/599/fd/U,0.61
bw/so/yes/yes/d/581/fd/U,bo/st/yes/no/m/598/fd/U,0.44
bw/so/yes/yes/d/581/fd/U,bo/mu/yes/no/m/596/fd/U,0.33
bw/so/yes/yes/d/581/fd/U,bw/st/yes/no/d/591/fd/U,0.32
bw/so/yes/yes/d/581/fd/U,bw/so/yes/no/m/647/fd/A,0.61
bw/so/yes/yes/d/581/fd/U,bo/st/yes/no/d/640/fd/A,0.44
bw/so/yes/yes/d/581/fd/U,bw/mu/no/yes/d/649/fd/A,0.31
bw/so/yes/yes/d/581/fd/U,bw/so/no/no/m/671/fd/A,0.58
bw/so/yes/yes/d/581/fd/U,bw/mu/yes/yes/d/625/fd/A,0.32
bw/so/yes/yes/d/581/fd/U,bo/st/no/no/m/622/fd/U,0.36
bw/so/yes/yes/d/581/fd/U,bo/mu/no/no/d/614/fd/U,0.28
bw/so/yes/yes/d/581/fd/U,bw/mu/no/no/d/613/fd/U,0.3
bw/so/yes/yes/d/581/fd/U,bo/st/no/no/m/670/fd/A,0.36
bw/so/yes/yes/d/581/fd/U,bo/so/yes/no/m/648/fd/A,0.49
bw/so/yes/yes/d/581/fd/U,bw/so/yes/no/d/641/fd/A,0.61
bw/so/yes/yes/d/581/fd/U,bo/st/yes/no/m/646/fd/A,0.44
bw/so/yes/yes/d/581/fd/U,bo/so/no/yes/m/612/fd/U,0.11
bw/so/yes/yes/d/581/fd/U,bw/st/no/no/d/615/fd/U,0.3
bw/so/yes/yes/d/581/fd/U,bw/so/no/no/m/623/fd/U,0.58
bw/so/yes/yes/d/581/fd/U,bo/so/no/no/m/624/fd/U,0.12
bw/so/yes/yes/d/581/fd/U,bo/so/no/yes/m/660/fd/A,0.11
bw/so/yes/yes/d/581/fd/U,bo/st/no/yes/m/658/fd/A,0.34
bw/so/yes/yes/d/581/fd/U,bw/mu/no/no/m/667/fd/A,0.3
bw/so/yes/yes/d/581/fd/U,bw/st/no/yes/d/651/fd/A,0.38
bw/so/yes/yes/d/581/fd/U,bw/st/no/no/m/669/fd/A,0.3
bw/so/yes/yes/d/581/fd/U,bo/mu/no/yes/m/656/fd/A,0.31
bw/so/yes/yes/d/581/fd/U,bo/mu/no/yes/d/602/fd/U,0.31
bw/so/yes/yes/d/581/fd/U,bw/so/no/yes/d/605/fd/U,0.84
bw/so/yes/yes/d/581/fd/U,bw/st/yes/yes/m/633/fd/A,0.39
bw/so/yes/yes/d/581/fd/U,bo/st/yes/yes/m/634/fd/A,0.41
bw/so/yes/yes/d/581/fd/U,bo/mu/no/no/m/668/fd/A,0.28
bw/so/yes/yes/d/581/fd/U,bw/st/no/yes/m/657/fd/A,0.38
bw/so/yes/yes/d/581/fd/U,bo/mu/no/yes/d/650/fd/A,0.31
bw/so/yes/yes/d/581/fd/U,bw/so/no/yes/m/659/fd/A,0.84
bw/so/yes/yes/d/581/fd/U,bo/so/no/no/d/666/fd/A,0.12
bw/so/yes/yes/d/581/fd/U,bw/mu/no/no/d/661/fd/A,0.3
bw/so/yes/yes/d/581/fd/U,bw/so/yes/yes/m/635/fd/A,1.0
bw/so/yes/yes/d/581/fd/U,bo/mu/yes/yes/m/632/fd/A,0.34
bw/so/yes/yes/d/581/fd/U,bo/st/no/yes/d/604/fd/U,0.34
bw/so/yes/yes/d/581/fd/U,bw/st/no/yes/d/603/fd/U,0.38
bw/so/yes/yes/d/581/fd/U,bo/so/yes/yes/m/588/fd/U,0.67
bw/so/yes/yes/d/581/fd/U,bo/st/yes/yes/m/586/fd/U,0.41
bw/so/yes/yes/d/581/fd/U,bw/so/yes/yes/d/581/fd/U,1.0
bw/so/yes/yes/d/581/fd/U,bo/st/yes/yes/d/580/fd/U,0.41
bw/so/yes/yes/d/581/fd/U,bw/so/yes/yes/m/587/fd/U,1.0
bw/so/yes/yes/d/581/fd/U,bw/mu/yes/no/d/589/fd/U,0.31
bw/so/yes/yes/d/581/fd/U,bo/so/yes/no/d/594/fd/U,0.49
bw/so/yes/yes/d/581/fd/U,bw/so/yes/no/d/593/fd/U,0.61
bw/so/yes/yes/d/581/fd/U,bo/st/yes/no/d/592/fd/U,0.44
bw/so/yes/yes/d/581/fd/U,bw/mu/yes/no/m/595/fd/U,0.31
bw/so/yes/yes/d/581/fd/U,bw/st/no/no/m/621/fd/U,0.3
bw/so/yes/yes/d/581/fd/U,bw/mu/no/no/m/619/fd/U,0.3
bw/so/yes/yes/d/581/fd/U,bo/mu/yes/yes/d/626/fd/A,0.34
bw/so/yes/yes/d/581/fd/U,bo/st/no/yes/m/610/fd/U,0.34
bw/so/yes/yes/d/581/fd/U,bo/st/yes/yes/d/628/fd/A,0.41
bw/so/yes/yes/d/581/fd/U,bw/so/no/no/d/617/fd/U,0.58
bw/so/yes/yes/d/581/fd/U,bw/mu/yes/no/m/643/fd/A,0.31
bw/so/yes/yes/d/581/fd/U,bo/mu/yes/no/m/644/fd/A,0.33
bw/so/yes/yes/d/581/fd/U,bo/so/no/no/m/672/fd/A,0.12
bw/so/yes/yes/d/581/fd/U,bw/so/yes/yes/d/629/fd/A,1.0
bw/so/yes/yes/d/581/fd/U,bo/st/no/no/d/616/fd/U,0.36
bw/so/yes/yes/d/581/fd/U,bw/so/no/yes/m/611/fd/U,0.84
bw/so/yes/yes/d/581/fd/U,bo/so/no/no/d/618/fd/U,0.12
bw/so/yes/yes/d/581/fd/U,bw/st/yes/yes/d/627/fd/A,0.39
bw/so/yes/yes/d/581/fd/U,bo/mu/no/no/m/620/fd/U,0.28
bw/so/yes/yes/d/581/fd/U,bw/st/yes/no/m/645/fd/A,0.32
bw/so/yes/yes/d/581/fd/U,bo/so/yes/no/d/642/fd/A,0.49
bo/st/yes/yes/d/580/fd/U,bo/so/no/yes/d/606/fd/U,0.06
bo/st/yes/yes/d/580/fd/U,bw/st/yes/no/d/639/fd/A,0.36
bo/st/yes/yes/d/580/fd/U,bw/mu/no/yes/d/601/fd/U,0.51
bo/st/yes/yes/d/580/fd/U,bw/mu/yes/no/d/637/fd/A,0.52
bo/st/yes/yes/d/580/fd/U,bo/mu/no/yes/m/608/fd/U,0.55
bo/st/yes/yes/d/580/fd/U,bo/so/yes/yes/d/630/fd/A,0.48
bo/st/yes/yes/d/580/fd/U,bo/st/no/no/d/664/fd/A,0.6
bo/st/yes/yes/d/580/fd/U,bw/st/no/no/d/663/fd/A,0.34
bo/st/yes/yes/d/580/fd/U,bw/mu/no/yes/m/655/fd/A,0.51
bo/st/yes/yes/d/580/fd/U,bo/st/no/yes/d/652/fd/A,0.63
bo/st/yes/yes/d/580/fd/U,bw/mu/yes/yes/m/631/fd/A,0.55
bo/st/yes/yes/d/580/fd/U,bo/so/yes/yes/m/636/fd/A,0.48
bo/st/yes/yes/d/580/fd/U,bw/st/no/yes/m/609/fd/U,0.51
bo/st/yes/yes/d/580/fd/U,bo/so/yes/no/m/600/fd/U,0.32
bo/st/yes/yes/d/580/fd/U,bw/mu/no/yes/m/607/fd/U,0.51
bo/st/yes/yes/d/580/fd/U,bo/mu/yes/no/d/638/fd/A,0.61
bo/st/yes/yes/d/580/fd/U,bw/so/no/yes/d/653/fd/A,0.41
bo/st/yes/yes/d/580/fd/U,bo/so/no/yes/d/654/fd/A,0.06
bo/st/yes/yes/d/580/fd/U,bo/mu/no/no/d/662/fd/A,0.47
bo/st/yes/yes/d/580/fd/U,bw/so/no/no/d/665/fd/A,0.31
bo/st/yes/yes/d/580/fd/U,bo/mu/yes/yes/d/578/fd/U,0.64
bo/st/yes/yes/d/580/fd/U,bo/so/yes/yes/d/582/fd/U,0.48
bo/st/yes/yes/d/580/fd/U,bw/st/yes/yes/m/585/fd/U,0.52
bo/st/yes/yes/d/580/fd/U,bo/mu/yes/yes/m/584/fd/U,0.64
bo/st/yes/yes/d/580/fd/U,bw/mu/yes/yes/m/583/fd/U,0.55
bo/st/yes/yes/d/580/fd/U,bw/mu/yes/yes/d/577/fd/U,0.55
bo/st/yes/yes/d/580/fd/U,bw/st/yes/yes/d/579/fd/U,0.52
bo/st/yes/yes/d/580/fd/U,bo/mu/yes/no/d/590/fd/U,0.61
bo/st/yes/yes/d/580/fd/U,bw/st/yes/no/m/597/fd/U,0.36
bo/st/yes/yes/d/580/fd/U,bw/so/yes/no/m/599/fd/U,0.3
bo/st/yes/yes/d/580/fd/U,bo/st/yes/no/m/598/fd/U,0.87
bo/st/yes/yes/d/580/fd/U,bo/mu/yes/no/m/596/fd/U,0.61
bo/st/yes/yes/d/580/fd/U,bw/st/yes/no/d/591/fd/U,0.36
bo/st/yes/yes/d/580/fd/U,bw/so/yes/no/m/647/fd/A,0.3
bo/st/yes/yes/d/580/fd/U,bo/st/yes/no/d/640/fd/A,0.87
bo/st/yes/yes/d/580/fd/U,bw/mu/no/yes/d/649/fd/A,0.51
bo/st/yes/yes/d/580/fd/U,bw/so/no/no/m/671/fd/A,0.31
bo/st/yes/yes/d/580/fd/U,bw/mu/yes/yes/d/625/fd/A,0.55
bo/st/yes/yes/d/580/fd/U,bo/st/no/no/m/622/fd/U,0.6
bo/st/yes/yes/d/580/fd/U,bo/mu/no/no/d/614/fd/U,0.47
bo/st/yes/yes/d/580/fd/U,bw/mu/no/no/d/613/fd/U,0.48
bo/st/yes/yes/d/580/fd/U,bo/st/no/no/m/670/fd/A,0.6
bo/st/yes/yes/d/580/fd/U,bo/so/yes/no/m/648/fd/A,0.32
bo/st/yes/yes/d/580/fd/U,bw/so/yes/no/d/641/fd/A,0.3
bo/st/yes/yes/d/580/fd/U,bo/st/yes/no/m/646/fd/A,0.87
bo/st/yes/yes/d/580/fd/U,bo/so/no/yes/m/612/fd/U,0.06
bo/st/yes/yes/d/580/fd/U,bw/st/no/no/d/615/fd/U,0.34
bo/st/yes/yes/d/580/fd/U,bw/so/no/no/m/623/fd/U,0.31
bo/st/yes/yes/d/580/fd/U,bo/so/no/no/m/624/fd/U,0.06
bo/st/yes/yes/d/580/fd/U,bo/so/no/yes/m/660/fd/A,0.06
bo/st/yes/yes/d/580/fd/U,bo/st/no/yes/m/658/fd/A,0.63
bo/st/yes/yes/d/580/fd/U,bw/mu/no/no/m/667/fd/A,0.48
bo/st/yes/yes/d/580/fd/U,bw/st/no/yes/d/651/fd/A,0.51
bo/st/yes/yes/d/580/fd/U,bw/st/no/no/m/669/fd/A,0.34
bo/st/yes/yes/d/580/fd/U,bo/mu/no/yes/m/656/fd/A,0.55
bo/st/yes/yes/d/580/fd/U,bo/mu/no/yes/d/602/fd/U,0.55
bo/st/yes/yes/d/580/fd/U,bw/so/no/yes/d/605/fd/U,0.41
bo/st/yes/yes/d/580/fd/U,bw/st/yes/yes/m/633/fd/A,0.52
bo/st/yes/yes/d/580/fd/U,bo/st/yes/yes/m/634/fd/A,1.0
bo/st/yes/yes/d/580/fd/U,bo/mu/no/no/m/668/fd/A,0.47
bo/st/yes/yes/d/580/fd/U,bw/st/no/yes/m/657/fd/A,0.51
bo/st/yes/yes/d/580/fd/U,bo/mu/no/yes/d/650/fd/A,0.55
bo/st/yes/yes/d/580/fd/U,bw/so/no/yes/m/659/fd/A,0.41
bo/st/yes/yes/d/580/fd/U,bo/so/no/no/d/666/fd/A,0.06
bo/st/yes/yes/d/580/fd/U,bw/mu/no/no/d/661/fd/A,0.48
bo/st/yes/yes/d/580/fd/U,bw/so/yes/yes/m/635/fd/A,0.41
bo/st/yes/yes/d/580/fd/U,bo/mu/yes/yes/m/632/fd/A,0.64
bo/st/yes/yes/d/580/fd/U,bo/st/no/yes/d/604/fd/U,0.63
bo/st/yes/yes/d/580/fd/U,bw/st/no/yes/d/603/fd/U,0.51
bo/st/yes/yes/d/580/fd/U,bo/so/yes/yes/m/588/fd/U,0.48
bo/st/yes/yes/d/580/fd/U,bo/st/yes/yes/m/586/fd/U,1.0
bo/st/yes/yes/d/580/fd/U,bw/so/yes/yes/d/581/fd/U,0.41
bo/st/yes/yes/d/580/fd/U,bo/st/yes/yes/d/580/fd/U,1.0
bo/st/yes/yes/d/580/fd/U,bw/so/yes/yes/m/587/fd/U,0.41
bo/st/yes/yes/d/580/fd/U,bw/mu/yes/no/d/589/fd/U,0.52
bo/st/yes/yes/d/580/fd/U,bo/so/yes/no/d/594/fd/U,0.32
bo/st/yes/yes/d/580/fd/U,bw/so/yes/no/d/593/fd/U,0.3
bo/st/yes/yes/d/580/fd/U,bo/st/yes/no/d/592/fd/U,0.87
bo/st/yes/yes/d/580/fd/U,bw/mu/yes/no/m/595/fd/U,0.52
bo/st/yes/yes/d/580/fd/U,bw/st/no/no/m/621/fd/U,0.34
bo/st/yes/yes/d/580/fd/U,bw/mu/no/no/m/619/fd/U,0.48
bo/st/yes/yes/d/580/fd/U,bo/mu/yes/yes/d/626/fd/A,0.64
bo/st/yes/yes/d/580/fd/U,bo/st/no/yes/m/610/fd/U,0.63
bo/st/yes/yes/d/580/fd/U,bo/st/yes/yes/d/628/fd/A,1.0
bo/st/yes/yes/d/580/fd/U,bw/so/no/no/d/617/fd/U,0.31
bo/st/yes/yes/d/580/fd/U,bw/mu/yes/no/m/643/fd/A,0.52
bo/st/yes/yes/d/580/fd/U,bo/mu/yes/no/m/644/fd/A,0.61
bo/st/yes/yes/d/580/fd/U,bo/so/no/no/m/672/fd/A,0.06
bo/st/yes/yes/d/580/fd/U,bw/so/yes/yes/d/629/fd/A,0.41
bo/st/yes/yes/d/580/fd/U,bo/st/no/no/d/616/fd/U,0.6
bo/st/yes/yes/d/580/fd/U,bw/so/no/yes/m/611/fd/U,0.41
bo/st/yes/yes/d/580/fd/U,bo/so/no/no/d/618/fd/U,0.06
bo/st/yes/yes/d/580/fd/U,bw/st/yes/yes/d/627/fd/A,0.52
bo/st/yes/yes/d/580/fd/U,bo/mu/no/no/m/620/fd/U,0.47
bo/st/yes/yes/d/580/fd/U,bw/st/yes/no/m/645/fd/A,0.36
bo/st/yes/yes/d/580/fd/U,bo/so/yes/no/d/642/fd/A,0.32
bw/so/yes/yes/m/587/fd/U,bo/so/no/yes/d/606/fd/U,0.11
bw/so/yes/yes/m/587/fd/U,bw/st/yes/no/d/639/fd/A,0.32
bw/so/yes/yes/m/587/fd/U,bw/mu/no/yes/d/601/fd/U,0.31
bw/so/yes/yes/m/587/fd/U,bw/mu/yes/no/d/637/fd/A,0.31
bw/so/yes/yes/m/587/fd/U,bo/mu/no/yes/m/608/fd/U,0.31
bw/so/yes/yes/m/587/fd/U,bo/so/yes/yes/d/630/fd/A,0.67
bw/so/yes/yes/m/587/fd/U,bo/st/no/no/d/664/fd/A,0.36
bw/so/yes/yes/m/587/fd/U,bw/st/no/no/d/663/fd/A,0.3
bw/so/yes/yes/m/587/fd/U,bw/mu/no/yes/m/655/fd/A,0.31
bw/so/yes/yes/m/587/fd/U,bo/st/no/yes/d/652/fd/A,0.34
bw/so/yes/yes/m/587/fd/U,bw/mu/yes/yes/m/631/fd/A,0.32
bw/so/yes/yes/m/587/fd/U,bo/so/yes/yes/m/636/fd/A,0.67
bw/so/yes/yes/m/587/fd/U,bw/st/no/yes/m/609/fd/U,0.38
bw/so/yes/yes/m/587/fd/U,bo/so/yes/no/m/600/fd/U,0.49
bw/so/yes/yes/m/587/fd/U,bw/mu/no/yes/m/607/fd/U,0.31
bw/so/yes/yes/m/587/fd/U,bo/mu/yes/no/d/638/fd/A,0.33
bw/so/yes/yes/m/587/fd/U,bw/so/no/yes/d/653/fd/A,0.84
bw/so/yes/yes/m/587/fd/U,bo/so/no/yes/d/654/fd/A,0.11
bw/so/yes/yes/m/587/fd/U,bo/mu/no/no/d/662/fd/A,0.28
bw/so/yes/yes/m/587/fd/U,bw/so/no/no/d/665/fd/A,0.58
bw/so/yes/yes/m/587/fd/U,bo/mu/yes/yes/d/578/fd/U,0.34
bw/so/yes/yes/m/587/fd/U,bo/so/yes/yes/d/582/fd/U,0.67
bw/so/yes/yes/m/587/fd/U,bw/st/yes/yes/m/585/fd/U,0.39
bw/so/yes/yes/m/587/fd/U,bo/mu/yes/yes/m/584/fd/U,0.34
bw/so/yes/yes/m/587/fd/U,bw/mu/yes/yes/m/583/fd/U,0.32
bw/so/yes/yes/m/587/fd/U,bw/mu/yes/yes/d/577/fd/U,0.32
bw/so/yes/yes/m/587/fd/U,bw/st/yes/yes/d/579/fd/U,0.39
bw/so/yes/yes/m/587/fd/U,bo/mu/yes/no/d/590/fd/U,0.33
bw/so/yes/yes/m/587/fd/U,bw/st/yes/no/m/597/fd/U,0.32
bw/so/yes/yes/m/587/fd/U,bw/so/yes/no/m/599/fd/U,0.61
bw/so/yes/yes/m/587/fd/U,bo/st/yes/no/m/598/fd/U,0.44
bw/so/yes/yes/m/587/fd/U,bo/mu/yes/no/m/596/fd/U,0.33
bw/so/yes/yes/m/587/fd/U,bw/st/yes/no/d/591/fd/U,0.32
bw/so/yes/yes/m/587/fd/U,bw/so/yes/no/m/647/fd/A,0.61
bw/so/yes/yes/m/587/fd/U,bo/st/yes/no/d/640/fd/A,0.44
bw/so/yes/yes/m/587/fd/U,bw/mu/no/yes/d/649/fd/A,0.31
bw/so/yes/yes/m/587/fd/U,bw/so/no/no/m/671/fd/A,0.58
bw/so/yes/yes/m/587/fd/U,bw/mu/yes/yes/d/625/fd/A,0.32
bw/so/yes/yes/m/587/fd/U,bo/st/no/no/m/622/fd/U,0.36
bw/so/yes/yes/m/587/fd/U,bo/mu/no/no/d/614/fd/U,0.28
bw/so/yes/yes/m/587/fd/U,bw/mu/no/no/d/613/fd/U,0.3
bw/so/yes/yes/m/587/fd/U,bo/st/no/no/m/670/fd/A,0.36
bw/so/yes/yes/m/587/fd/U,bo/so/yes/no/m/648/fd/A,0.49
bw/so/yes/yes/m/587/fd/U,bw/so/yes/no/d/641/fd/A,0.61
bw/so/yes/yes/m/587/fd/U,bo/st/yes/no/m/646/fd/A,0.44
bw/so/yes/yes/m/587/fd/U,bo/so/no/yes/m/612/fd/U,0.11
bw/so/yes/yes/m/587/fd/U,bw/st/no/no/d/615/fd/U,0.3
bw/so/yes/yes/m/587/fd/U,bw/so/no/no/m/623/fd/U,0.58
bw/so/yes/yes/m/587/fd/U,bo/so/no/no/m/624/fd/U,0.12
bw/so/yes/yes/m/587/fd/U,bo/so/no/yes/m/660/fd/A,0.11
bw/so/yes/yes/m/587/fd/U,bo/st/no/yes/m/658/fd/A,0.34
bw/so/yes/yes/m/587/fd/U,bw/mu/no/no/m/667/fd/A,0.3
bw/so/yes/yes/m/587/fd/U,bw/st/no/yes/d/651/fd/A,0.38
bw/so/yes/yes/m/587/fd/U,bw/st/no/no/m/669/fd/A,0.3
bw/so/yes/yes/m/587/fd/U,bo/mu/no/yes/m/656/fd/A,0.31
bw/so/yes/yes/m/587/fd/U,bo/mu/no/yes/d/602/fd/U,0.31
bw/so/yes/yes/m/587/fd/U,bw/so/no/yes/d/605/fd/U,0.84
bw/so/yes/yes/m/587/fd/U,bw/st/yes/yes/m/633/fd/A,0.39
bw/so/yes/yes/m/587/fd/U,bo/st/yes/yes/m/634/fd/A,0.41
bw/so/yes/yes/m/587/fd/U,bo/mu/no/no/m/668/fd/A,0.28
bw/so/yes/yes/m/587/fd/U,bw/st/no/yes/m/657/fd/A,0.38
bw/so/yes/yes/m/587/fd/U,bo/mu/no/yes/d/650/fd/A,0.31
bw/so/yes/yes/m/587/fd/U,bw/so/no/yes/m/659/fd/A,0.84
bw/so/yes/yes/m/587/fd/U,bo/so/no/no/d/666/fd/A,0.12
bw/so/yes/yes/m/587/fd/U,bw/mu/no/no/d/661/fd/A,0.3
bw/so/yes/yes/m/587/fd/U,bw/so/yes/yes/m/635/fd/A,1.0
bw/so/yes/yes/m/587/fd/U,bo/mu/yes/yes/m/632/fd/A,0.34
bw/so/yes/yes/m/587/fd/U,bo/st/no/yes/d/604/fd/U,0.34
bw/so/yes/yes/m/587/fd/U,bw/st/no/yes/d/603/fd/U,0.38
bw/so/yes/yes/m/587/fd/U,bo/so/yes/yes/m/588/fd/U,0.67
bw/so/yes/yes/m/587/fd/U,bo/st/yes/yes/m/586/fd/U,0.41
bw/so/yes/yes/m/587/fd/U,bw/so/yes/yes/d/581/fd/U,1.0
bw/so/yes/yes/m/587/fd/U,bo/st/yes/yes/d/580/fd/U,0.41
bw/so/yes/yes/m/587/fd/U,bw/so/yes/yes/m/587/fd/U,1.0
bw/so/yes/yes/m/587/fd/U,bw/mu/yes/no/d/589/fd/U,0.31
bw/so/yes/yes/m/587/fd/U,bo/so/yes/no/d/594/fd/U,0.49
bw/so/yes/yes/m/587/fd/U,bw/so/yes/no/d/593/fd/U,0.61
bw/so/yes/yes/m/587/fd/U,bo/st/yes/no/d/592/fd/U,0.44
bw/so/yes/yes/m/587/fd/U,bw/mu/yes/no/m/595/fd/U,0.31
bw/so/yes/yes/m/587/fd/U,bw/st/no/no/m/621/fd/U,0.3
bw/so/yes/yes/m/587/fd/U,bw/mu/no/no/m/619/fd/U,0.3
bw/so/yes/yes/m/587/fd/U,bo/mu/yes/yes/d/626/fd/A,0.34
bw/so/yes/yes/m/587/fd/U,bo/st/no/yes/m/610/fd/U,0.34
bw/so/yes/yes/m/587/fd/U,bo/st/yes/yes/d/628/fd/A,0.41
bw/so/yes/yes/m/587/fd/U,bw/so/no/no/d/617/fd/U,0.58
bw/so/yes/yes/m/587/fd/U,bw/mu/yes/no/m/643/fd/A,0.31
bw/so/yes/yes/m/587/fd/U,bo/mu/yes/no/m/644/fd/A,0.33
bw/so/yes/yes/m/587/fd/U,bo/so/no/no/m/672/fd/A,0.12
bw/so/yes/yes/m/587/fd/U,bw/so/yes/yes/d/629/fd/A,1.0
bw/so/yes/yes/m/587/fd/U,bo/st/no/no/d/616/fd/U,0.36
bw/so/yes/yes/m/587/fd/U,bw/so/no/yes/m/611/fd/U,0.84
bw/so/yes/yes/m/587/fd/U,bo/so/no/no/d/618/fd/U,0.12
bw/so/yes/yes/m/587/fd/U,bw/st/yes/yes/d/627/fd/A,0.39
bw/so/yes/yes/m/587/fd/U,bo/mu/no/no/m/620/fd/U,0.28
bw/so/yes/yes/m/587/fd/U,bw/st/yes/no/m/645/fd/A,0.32
bw/so/yes/yes/m/587/fd/U,bo/so/yes/no/d/642/fd/A,0.49
bw/mu/yes/no/d/589/fd/U,bo/so/no/yes/d/606/fd/U,0.04
bw/mu/yes/no/d/589/fd/U,bw/st/yes/no/d/639/fd/A,0.37
bw/mu/yes/no/d/589/fd/U,bw/mu/no/yes/d/601/fd/U,0.83
bw/mu/yes/no/d/589/fd/U,bw/mu/yes/no/d/637/fd/A,1.0
bw/mu/yes/no/d/589/fd/U,bo/mu/no/yes/m/608/fd/U,0.66
bw/mu/yes/no/d/589/fd/U,bo/so/yes/yes/d/630/fd/A,0.34
bw/mu/yes/no/d/589/fd/U,bo/st/no/no/d/664/fd/A,0.47
bw/mu/yes/no/d/589/fd/U,bw/st/no/no/d/663/fd/A,0.36
bw/mu/yes/no/d/589/fd/U,bw/mu/no/yes/m/655/fd/A,0.83
bw/mu/yes/no/d/589/fd/U,bo/st/no/yes/d/652/fd/A,0.5
bw/mu/yes/no/d/589/fd/U,bw/mu/yes/yes/m/631/fd/A,0.89
bw/mu/yes/no/d/589/fd/U,bo/so/yes/yes/m/636/fd/A,0.34
bw/mu/yes/no/d/589/fd/U,bw/st/no/yes/m/609/fd/U,0.46
bw/mu/yes/no/d/589/fd/U,bo/so/yes/no/m/600/fd/U,0.25
bw/mu/yes/no/d/589/fd/U,bw/mu/no/yes/m/607/fd/U,0.83
bw/mu/yes/no/d/589/fd/U,bo/mu/yes/no/d/638/fd/A,0.76
bw/mu/yes/no/d/589/fd/U,bw/so/no/yes/d/653/fd/A,0.32
bw/mu/yes/no/d/589/fd/U,bo/so/no/yes/d/654/fd/A,0.04
bw/mu/yes/no/d/589/fd/U,bo/mu/no/no/d/662/fd/A,0.62
bw/mu/yes/no/d/589/fd/U,bw/so/no/no/d/665/fd/A,0.25
bw/mu/yes/no/d/589/fd/U,bo/mu/yes/yes/d/578/fd/U,0.72
bw/mu/yes/no/d/589/fd/U,bo/so/yes/yes/d/582/fd/U,0.34
bw/mu/yes/no/d/589/fd/U,bw/st/yes/yes/m/585/fd/U,0.46
bw/mu/yes/no/d/589/fd/U,bo/mu/yes/yes/m/584/fd/U,0.72
bw/mu/yes/no/d/589/fd/U,bw/mu/yes/yes/m/583/fd/U,0.89
bw/mu/yes/no/d/589/fd/U,bw/mu/yes/yes/d/577/fd/U,0.89
bw/mu/yes/no/d/589/fd/U,bw/st/yes/yes/d/579/fd/U,0.46
bw/mu/yes/no/d/589/fd/U,bo/mu/yes/no/d/590/fd/U,0.76
bw/mu/yes/no/d/589/fd/U,bw/st/yes/no/m/597/fd/U,0.37
bw/mu/yes/no/d/589/fd/U,bw/so/yes/no/m/599/fd/U,0.24
bw/mu/yes/no/d/589/fd/U,bo/st/yes/no/m/598/fd/U,0.49
bw/mu/yes/no/d/589/fd/U,bo/mu/yes/no/m/596/fd/U,0.76
bw/mu/yes/no/d/589/fd/U,bw/st/yes/no/d/591/fd/U,0.37
bw/mu/yes/no/d/589/fd/U,bw/so/yes/no/m/647/fd/A,0.24
bw/mu/yes/no/d/589/fd/U,bo/st/yes/no/d/640/fd/A,0.49
bw/mu/yes/no/d/589/fd/U,bw/mu/no/yes/d/649/fd/A,0.83
bw/mu/yes/no/d/589/fd/U,bw/so/no/no/m/671/fd/A,0.25
bw/mu/yes/no/d/589/fd/U,bw/mu/yes/yes/d/625/fd/A,0.89
bw/mu/yes/no/d/589/fd/U,bo/st/no/no/m/622/fd/U,0.47
bw/mu/yes/no/d/589/fd/U,bo/mu/no/no/d/614/fd/U,0.62
bw/mu/yes/no/d/589/fd/U,bw/mu/no/no/d/613/fd/U,0.89
bw/mu/yes/no/d/589/fd/U,bo/st/no/no/m/670/fd/A,0.47
bw/mu/yes/no/d/589/fd/U,bo/so/yes/no/m/648/fd/A,0.25
bw/mu/yes/no/d/589/fd/U,bw/so/yes/no/d/641/fd/A,0.24
bw/mu/yes/no/d/589/fd/U,bo/st/yes/no/m/646/fd/A,0.49
bw/mu/yes/no/d/589/fd/U,bo/so/no/yes/m/612/fd/U,0.04
bw/mu/yes/no/d/589/fd/U,bw/st/no/no/d/615/fd/U,0.36
bw/mu/yes/no/d/589/fd/U,bw/so/no/no/m/623/fd/U,0.25
bw/mu/yes/no/d/589/fd/U,bo/so/no/no/m/624/fd/U,0.04
bw/mu/yes/no/d/589/fd/U,bo/so/no/yes/m/660/fd/A,0.04
bw/mu/yes/no/d/589/fd/U,bo/st/no/yes/m/658/fd/A,0.5
bw/mu/yes/no/d/589/fd/U,bw/mu/no/no/m/667/fd/A,0.89
bw/mu/yes/no/d/589/fd/U,bw/st/no/yes/d/651/fd/A,0.46
bw/mu/yes/no/d/589/fd/U,bw/st/no/no/m/669/fd/A,0.36
bw/mu/yes/no/d/589/fd/U,bo/mu/no/yes/m/656/fd/A,0.66
bw/mu/yes/no/d/589/fd/U,bo/mu/no/yes/d/602/fd/U,0.66
bw/mu/yes/no/d/589/fd/U,bw/so/no/yes/d/605/fd/U,0.32
bw/mu/yes/no/d/589/fd/U,bw/st/yes/yes/m/633/fd/A,0.46
bw/mu/yes/no/d/589/fd/U,bo/st/yes/yes/m/634/fd/A,0.52
bw/mu/yes/no/d/589/fd/U,bo/mu/no/no/m/668/fd/A,0.62
bw/mu/yes/no/d/589/fd/U,bw/st/no/yes/m/657/fd/A,0.46
bw/mu/yes/no/d/589/fd/U,bo/mu/no/yes/d/650/fd/A,0.66
bw/mu/yes/no/d/589/fd/U,bw/so/no/yes/m/659/fd/A,0.32
bw/mu/yes/no/d/589/fd/U,bo/so/no/no/d/666/fd/A,0.04
bw/mu/yes/no/d/589/fd/U,bw/mu/no/no/d/661/fd/A,0.89
bw/mu/yes/no/d/589/fd/U,bw/so/yes/yes/m/635/fd/A,0.31
bw/mu/yes/no/d/589/fd/U,bo/mu/yes/yes/m/632/fd/A,0.72
bw/mu/yes/no/d/589/fd/U,bo/st/no/yes/d/604/fd/U,0.5
bw/mu/yes/no/d/589/fd/U,bw/st/no/yes/d/603/fd/U,0.46
bw/mu/yes/no/d/589/fd/U,bo/so/yes/yes/m/588/fd/U,0.34
bw/mu/yes/no/d/589/fd/U,bo/st/yes/yes/m/586/fd/U,0.52
bw/mu/yes/no/d/589/fd/U,bw/so/yes/yes/d/581/fd/U,0.31
bw/mu/yes/no/d/589/fd/U,bo/st/yes/yes/d/580/fd/U,0.52
bw/mu/yes/no/d/589/fd/U,bw/so/yes/yes/m/587/fd/U,0.31
bw/mu/yes/no/d/589/fd/U,bw/mu/yes/no/d/589/fd/U,1.0
bw/mu/yes/no/d/589/fd/U,bo/so/yes/no/d/594/fd/U,0.25
bw/mu/yes/no/d/589/fd/U,bw/so/yes/no/d/593/fd/U,0.24
bw/mu/yes/no/d/589/fd/U,bo/st/yes/no/d/592/fd/U,0.49
bw/mu/yes/no/d/589/fd/U,bw/mu/yes/no/m/595/fd/U,1.0
bw/mu/yes/no/d/589/fd/U,bw/st/no/no/m/621/fd/U,0.36
bw/mu/yes/no/d/589/fd/U,bw/mu/no/no/m/619/fd/U,0.89
bw/mu/yes/no/d/589/fd/U,bo/mu/yes/yes/d/626/fd/A,0.72
bw/mu/yes/no/d/589/fd/U,bo/st/no/yes/m/610/fd/U,0.5
bw/mu/yes/no/d/589/fd/U,bo/st/yes/yes/d/628/fd/A,0.52
bw/mu/yes/no/d/589/fd/U,bw/so/no/no/d/617/fd/U,0.25
bw/mu/yes/no/d/589/fd/U,bw/mu/yes/no/m/643/fd/A,1.0
bw/mu/yes/no/d/589/fd/U,bo/mu/yes/no/m/644/fd/A,0.76
bw/mu/yes/no/d/589/fd/U,bo/so/no/no/m/672/fd/A,0.04
bw/mu/yes/no/d/589/fd/U,bw/so/yes/yes/d/629/fd/A,0.31
bw/mu/yes/no/d/589/fd/U,bo/st/no/no/d/616/fd/U,0.47
bw/mu/yes/no/d/589/fd/U,bw/so/no/yes/m/611/fd/U,0.32
bw/mu/yes/no/d/589/fd/U,bo/so/no/no/d/618/fd/U,0.04
bw/mu/yes/no/d/589/fd/U,bw/st/yes/yes/d/627/fd/A,0.46
bw/mu/yes/no/d/589/fd/U,bo/mu/no/no/m/620/fd/U,0.62
bw/mu/yes/no/d/589/fd/U,bw/st/yes/no/m/645/fd/A,0.37
bw/mu/yes/no/d/589/fd/U,bo/so/yes/no/d/642/fd/A,0.25
bo/so/yes/no/d/594/fd/U,bo/so/no/yes/d/606/fd/U,0.1
bo/so/yes/no/d/594/fd/U,bw/st/yes/no/d/639/fd/A,0.27
bo/so/yes/no/d/594/fd/U,bw/mu/no/yes/d/601/fd/U,0.25
bo/so/yes/no/d/594/fd/U,bw/mu/yes/no/d/637/fd/A,0.25
bo/so/yes/no/d/594/fd/U,bo/mu/no/yes/m/608/fd/U,0.25
bo/so/yes/no/d/594/fd/U,bo/so/yes/yes/d/630/fd/A,0.58
bo/so/yes/no/d/594/fd/U,bo/st/no/no/d/664/fd/A,0.29
bo/so/yes/no/d/594/fd/U,bw/st/no/no/d/663/fd/A,0.25
bo/so/yes/no/d/594/fd/U,bw/mu/no/yes/m/655/fd/A,0.25
bo/so/yes/no/d/594/fd/U,bo/st/no/yes/d/652/fd/A,0.26
bo/so/yes/no/d/594/fd/U,bw/mu/yes/yes/m/631/fd/A,0.26
bo/so/yes/no/d/594/fd/U,bo/so/yes/yes/m/636/fd/A,0.58
bo/so/yes/no/d/594/fd/U,bw/st/no/yes/m/609/fd/U,0.29
bo/so/yes/no/d/594/fd/U,bo/so/yes/no/m/600/fd/U,1.0
bo/so/yes/no/d/594/fd/U,bw/mu/no/yes/m/607/fd/U,0.25
bo/so/yes/no/d/594/fd/U,bo/mu/yes/no/d/638/fd/A,0.27
bo/so/yes/no/d/594/fd/U,bw/so/no/yes/d/653/fd/A,0.48
bo/so/yes/no/d/594/fd/U,bo/so/no/yes/d/654/fd/A,0.1
bo/so/yes/no/d/594/fd/U,bo/mu/no/no/d/662/fd/A,0.23
bo/so/yes/no/d/594/fd/U,bw/so/no/no/d/665/fd/A,0.71
bo/so/yes/no/d/594/fd/U,bo/mu/yes/yes/d/578/fd/U,0.28
bo/so/yes/no/d/594/fd/U,bo/so/yes/yes/d/582/fd/U,0.58
bo/so/yes/no/d/594/fd/U,bw/st/yes/yes/m/585/fd/U,0.3
bo/so/yes/no/d/594/fd/U,bo/mu/yes/yes/m/584/fd/U,0.28
bo/so/yes/no/d/594/fd/U,bw/mu/yes/yes/m/583/fd/U,0.26
bo/so/yes/no/d/594/fd/U,bw/mu/yes/yes/d/577/fd/U,0.26
bo/so/yes/no/d/594/fd/U,bw/st/yes/yes/d/579/fd/U,0.3
bo/so/yes/no/d/594/fd/U,bo/mu/yes/no/d/590/fd/U,0.27
bo/so/yes/no/d/594/fd/U,bw/st/yes/no/m/597/fd/U,0.27
bo/so/yes/no/d/594/fd/U,bw/so/yes/no/m/599/fd/U,0.76
bo/so/yes/no/d/594/fd/U,bo/st/yes/no/m/598/fd/U,0.36
bo/so/yes/no/d/594/fd/U,bo/mu/yes/no/m/596/fd/U,0.27
bo/so/yes/no/d/594/fd/U,bw/st/yes/no/d/591/fd/U,0.27
bo/so/yes/no/d/594/fd/U,bw/so/yes/no/m/647/fd/A,0.76
bo/so/yes/no/d/594/fd/U,bo/st/yes/no/d/640/fd/A,0.36
bo/so/yes/no/d/594/fd/U,bw/mu/no/yes/d/649/fd/A,0.25
bo/so/yes/no/d/594/fd/U,bw/so/no/no/m/671/fd/A,0.71
bo/so/yes/no/d/594/fd/U,bw/mu/yes/yes/d/625/fd/A,0.26
bo/so/yes/no/d/594/fd/U,bo/st/no/no/m/622/fd/U,0.29
bo/so/yes/no/d/594/fd/U,bo/mu/no/no/d/614/fd/U,0.23
bo/so/yes/no/d/594/fd/U,bw/mu/no/no/d/613/fd/U,0.25
bo/so/yes/no/d/594/fd/U,bo/st/no/no/m/670/fd/A,0.29
bo/so/yes/no/d/594/fd/U,bo/so/yes/no/m/648/fd/A,1.0
bo/so/yes/no/d/594/fd/U,bw/so/yes/no/d/641/fd/A,0.76
bo/so/yes/no/d/594/fd/U,bo/st/yes/no/m/646/fd/A,0.36
bo/so/yes/no/d/594/fd/U,bo/so/no/yes/m/612/fd/U,0.1
bo/so/yes/no/d/594/fd/U,bw/st/no/no/d/615/fd/U,0.25
bo/so/yes/no/d/594/fd/U,bw/so/no/no/m/623/fd/U,0.71
bo/so/yes/no/d/594/fd/U,bo/so/no/no/m/624/fd/U,0.19
bo/so/yes/no/d/594/fd/U,bo/so/no/yes/m/660/fd/A,0.1
bo/so/yes/no/d/594/fd/U,bo/st/no/yes/m/658/fd/A,0.26
bo/so/yes/no/d/594/fd/U,bw/mu/no/no/m/667/fd/A,0.25
bo/so/yes/no/d/594/fd/U,bw/st/no/yes/d/651/fd/A,0.29
bo/so/yes/no/d/594/fd/U,bw/st/no/no/m/669/fd/A,0.25
bo/so/yes/no/d/594/fd/U,bo/mu/no/yes/m/656/fd/A,0.25
bo/so/yes/no/d/594/fd/U,bo/mu/no/yes/d/602/fd/U,0.25
bo/so/yes/no/d/594/fd/U,bw/so/no/yes/d/605/fd/U,0.48
bo/so/yes/no/d/594/fd/U,bw/st/yes/yes/m/633/fd/A,0.3
bo/so/yes/no/d/594/fd/U,bo/st/yes/yes/m/634/fd/A,0.32
bo/so/yes/no/d/594/fd/U,bo/mu/no/no/m/668/fd/A,0.23
bo/so/yes/no/d/594/fd/U,bw/st/no/yes/m/657/fd/A,0.29
bo/so/yes/no/d/594/fd/U,bo/mu/no/yes/d/650/fd/A,0.25
bo/so/yes/no/d/594/fd/U,bw/so/no/yes/m/659/fd/A,0.48
bo/so/yes/no/d/594/fd/U,bo/so/no/no/d/666/fd/A,0.19
bo/so/yes/no/d/594/fd/U,bw/mu/no/no/d/661/fd/A,0.25
bo/so/yes/no/d/594/fd/U,bw/so/yes/yes/m/635/fd/A,0.49
bo/so/yes/no/d/594/fd/U,bo/mu/yes/yes/m/632/fd/A,0.28
bo/so/yes/no/d/594/fd/U,bo/st/no/yes/d/604/fd/U,0.26
bo/so/yes/no/d/594/fd/U,bw/st/no/yes/d/603/fd/U,0.29
bo/so/yes/no/d/594/fd/U,bo/so/yes/yes/m/588/fd/U,0.58
bo/so/yes/no/d/594/fd/U,bo/st/yes/yes/m/586/fd/U,0.32
bo/so/yes/no/d/594/fd/U,bw/so/yes/yes/d/581/fd/U,0.49
bo/so/yes/no/d/594/fd/U,bo/st/yes/yes/d/580/fd/U,0.32
bo/so/yes/no/d/594/fd/U,bw/so/yes/yes/m/587/fd/U,0.49
bo/so/yes/no/d/594/fd/U,bw/mu/yes/no/d/589/fd/U,0.25
bo/so/yes/no/d/594/fd/U,bo/so/yes/no/d/594/fd/U,1.0
bo/so/yes/no/d/594/fd/U,bw/so/yes/no/d/593/fd/U,0.76
bo/so/yes/no/d/594/fd/U,bo/st/yes/no/d/592/fd/U,0.36
bo/so/yes/no/d/594/fd/U,bw/mu/yes/no/m/595/fd/U,0.25
bo/so/yes/no/d/594/fd/U,bw/st/no/no/m/621/fd/U,0.25
bo/so/yes/no/d/594/fd/U,bw/mu/no/no/m/619/fd/U,0.25
bo/so/yes/no/d/594/fd/U,bo/mu/yes/yes/d/626/fd/A,0.28
bo/so/yes/no/d/594/fd/U,bo/st/no/yes/m/610/fd/U,0.26
bo/so/yes/no/d/594/fd/U,bo/st/yes/yes/d/628/fd/A,0.32
bo/so/yes/no/d/594/fd/U,bw/so/no/no/d/617/fd/U,0.71
bo/so/yes/no/d/594/fd/U,bw/mu/yes/no/m/643/fd/A,0.25
bo/so/yes/no/d/594/fd/U,bo/mu/yes/no/m/644/fd/A,0.27
bo/so/yes/no/d/594/fd/U,bo/so/no/no/m/672/fd/A,0.19
bo/so/yes/no/d/594/fd/U,bw/so/yes/yes/d/629/fd/A,0.49
bo/so/yes/no/d/594/fd/U,bo/st/no/no/d/616/fd/U,0.29
bo/so/yes/no/d/594/fd/U,bw/so/no/yes/m/611/fd/U,0.48
bo/so/yes/no/d/594/fd/U,bo/so/no/no/d/618/fd/U,0.19
bo/so/yes/no/d/594/fd/U,bw/st/yes/yes/d/627/fd/A,0.3
bo/so/yes/no/d/594/fd/U,bo/mu/no/no/m/620/fd/U,0.23
bo/so/yes/no/d/594/fd/U,bw/st/yes/no/m/645/fd/A,0.27
bo/so/yes/no/d/594/fd/U,bo/so/yes/no/d/642/fd/A,1.0
bw/so/yes/no/d/593/fd/U,bo/so/no/yes/d/606/fd/U,0.09
bw/so/yes/no/d/593/fd/U,bw/st/yes/no/d/639/fd/A,0.29
bw/so/yes/no/d/593/fd/U,bw/mu/no/yes/d/601/fd/U,0.24
bw/so/yes/no/d/593/fd/U,bw/mu/yes/no/d/637/fd/A,0.24
bw/so/yes/no/d/593/fd/U,bo/mu/no/yes/m/608/fd/U,0.23
bw/so/yes/no/d/593/fd/U,bo/so/yes/yes/d/630/fd/A,0.46
bw/so/yes/no/d/593/fd/U,bo/st/no/no/d/664/fd/A,0.27
bw/so/yes/no/d/593/fd/U,bw/st/no/no/d/663/fd/A,0.27
bw/so/yes/no/d/593/fd/U,bw/mu/no/yes/m/655/fd/A,0.24
bw/so/yes/no/d/593/fd/U,bo/st/no/yes/d/652/fd/A,0.24
bw/so/yes/no/d/593/fd/U,bw/mu/yes/yes/m/631/fd/A,0.25
bw/so/yes/no/d/593/fd/U,bo/so/yes/yes/m/636/fd/A,0.46
bw/so/yes/no/d/593/fd/U,bw/st/no/yes/m/609/fd/U,0.3
bw/so/yes/no/d/593/fd/U,bo/so/yes/no/m/600/fd/U,0.76
bw/so/yes/no/d/593/fd/U,bw/mu/no/yes/m/607/fd/U,0.24
bw/so/yes/no/d/593/fd/U,bo/mu/yes/no/d/638/fd/A,0.25
bw/so/yes/no/d/593/fd/U,bw/so/no/yes/d/653/fd/A,0.58
bw/so/yes/no/d/593/fd/U,bo/so/no/yes/d/654/fd/A,0.09
bw/so/yes/no/d/593/fd/U,bo/mu/no/no/d/662/fd/A,0.21
bw/so/yes/no/d/593/fd/U,bw/so/no/no/d/665/fd/A,0.87
bw/so/yes/no/d/593/fd/U,bo/mu/yes/yes/d/578/fd/U,0.26
bw/so/yes/no/d/593/fd/U,bo/so/yes/yes/d/582/fd/U,0.46
bw/so/yes/no/d/593/fd/U,bw/st/yes/yes/m/585/fd/U,0.31
bw/so/yes/no/d/593/fd/U,bo/mu/yes/yes/m/584/fd/U,0.26
bw/so/yes/no/d/593/fd/U,bw/mu/yes/yes/m/583/fd/U,0.25
bw/so/yes/no/d/593/fd/U,bw/mu/yes/yes/d/577/fd/U,0.25
bw/so/yes/no/d/593/fd/U,bw/st/yes/yes/d/579/fd/U,0.31
bw/so/yes/no/d/593/fd/U,bo/mu/yes/no/d/590/fd/U,0.25
bw/so/yes/no/d/593/fd/U,bw/st/yes/no/m/597/fd/U,0.29
bw/so/yes/no/d/593/fd/U,bw/so/yes/no/m/599/fd/U,1.0
bw/so/yes/no/d/593/fd/U,bo/st/yes/no/m/598/fd/U,0.33
bw/so/yes/no/d/593/fd/U,bo/mu/yes/no/m/596/fd/U,0.25
bw/so/yes/no/d/593/fd/U,bw/st/yes/no/d/591/fd/U,0.29
bw/so/yes/no/d/593/fd/U,bw/so/yes/no/m/647/fd/A,1.0
bw/so/yes/no/d/593/fd/U,bo/st/yes/no/d/640/fd/A,0.33
bw/so/yes/no/d/593/fd/U,bw/mu/no/yes/d/649/fd/A,0.24
bw/so/yes/no/d/593/fd/U,bw/so/no/no/m/671/fd/A,0.87
bw/so/yes/no/d/593/fd/U,bw/mu/yes/yes/d/625/fd/A,0.25
bw/so/yes/no/d/593/fd/U,bo/st/no/no/m/622/fd/U,0.27
bw/so/yes/no/d/593/fd/U,bo/mu/no/no/d/614/fd/U,0.21
bw/so/yes/no/d/593/fd/U,bw/mu/no/no/d/613/fd/U,0.24
bw/so/yes/no/d/593/fd/U,bo/st/no/no/m/670/fd/A,0.27
bw/so/yes/no/d/593/fd/U,bo/so/yes/no/m/648/fd/A,0.76
bw/so/yes/no/d/593/fd/U,bw/so/yes/no/d/641/fd/A,1.0
bw/so/yes/no/d/593/fd/U,bo/st/yes/no/m/646/fd/A,0.33
bw/so/yes/no/d/593/fd/U,bo/so/no/yes/m/612/fd/U,0.09
bw/so/yes/no/d/593/fd/U,bw/st/no/no/d/615/fd/U,0.27
bw/so/yes/no/d/593/fd/U,bw/so/no/no/m/623/fd/U,0.87
bw/so/yes/no/d/593/fd/U,bo/so/no/no/m/624/fd/U,0.16
bw/so/yes/no/d/593/fd/U,bo/so/no/yes/m/660/fd/A,0.09
bw/so/yes/no/d/593/fd/U,bo/st/no/yes/m/658/fd/A,0.24
bw/so/yes/no/d/593/fd/U,bw/mu/no/no/m/667/fd/A,0.24
bw/so/yes/no/d/593/fd/U,bw/st/no/yes/d/651/fd/A,0.3
bw/so/yes/no/d/593/fd/U,bw/st/no/no/m/669/fd/A,0.27
bw/so/yes/no/d/593/fd/U,bo/mu/no/yes/m/656/fd/A,0.23
bw/so/yes/no/d/593/fd/U,bo/mu/no/yes/d/602/fd/U,0.23
bw/so/yes/no/d/593/fd/U,bw/so/no/yes/d/605/fd/U,0.58
bw/so/yes/no/d/593/fd/U,bw/st/yes/yes/m/633/fd/A,0.31
bw/so/yes/no/d/593/fd/U,bo/st/yes/yes/m/634/fd/A,0.3
bw/so/yes/no/d/593/fd/U,bo/mu/no/no/m/668/fd/A,0.21
bw/so/yes/no/d/593/fd/U,bw/st/no/yes/m/657/fd/A,0.3
bw/so/yes/no/d/593/fd/U,bo/mu/no/yes/d/650/fd/A,0.23
bw/so/yes/no/d/593/fd/U,bw/so/no/yes/m/659/fd/A,0.58
bw/so/yes/no/d/593/fd/U,bo/so/no/no/d/666/fd/A,0.16
bw/so/yes/no/d/593/fd/U,bw/mu/no/no/d/661/fd/A,0.24
bw/so/yes/no/d/593/fd/U,bw/so/yes/yes/m/635/fd/A,0.61
bw/so/yes/no/d/593/fd/U,bo/mu/yes/yes/m/632/fd/A,0.26
bw/so/yes/no/d/593/fd/U,bo/st/no/yes/d/604/fd/U,0.24
bw/so/yes/no/d/593/fd/U,bw/st/no/yes/d/603/fd/U,0.3
bw/so/yes/no/d/593/fd/U,bo/so/yes/yes/m/588/fd/U,0.46
bw/so/yes/no/d/593/fd/U,bo/st/yes/yes/m/586/fd/U,0.3
bw/so/yes/no/d/593/fd/U,bw/so/yes/yes/d/581/fd/U,0.61
bw/so/yes/no/d/593/fd/U,bo/st/yes/yes/d/580/fd/U,0.3
bw/so/yes/no/d/593/fd/U,bw/so/yes/yes/m/587/fd/U,0.61
bw/so/yes/no/d/593/fd/U,bw/mu/yes/no/d/589/fd/U,0.24
bw/so/yes/no/d/593/fd/U,bo/so/yes/no/d/594/fd/U,0.76
bw/so/yes/no/d/593/fd/U,bw/so/yes/no/d/593/fd/U,1.0
bw/so/yes/no/d/593/fd/U,bo/st/yes/no/d/592/fd/U,0.33
bw/so/yes/no/d/593/fd/U,bw/mu/yes/no/m/595/fd/U,0.24
bw/so/yes/no/d/593/fd/U,bw/st/no/no/m/621/fd/U,0.27
bw/so/yes/no/d/593/fd/U,bw/mu/no/no/m/619/fd/U,0.24
bw/so/yes/no/d/593/fd/U,bo/mu/yes/yes/d/626/fd/A,0.26
bw/so/yes/no/d/593/fd/U,bo/st/no/yes/m/610/fd/U,0.24
bw/so/yes/no/d/593/fd/U,bo/st/yes/yes/d/628/fd/A,0.3
bw/so/yes/no/d/593/fd/U,bw/so/no/no/d/617/fd/U,0.87
bw/so/yes/no/d/593/fd/U,bw/mu/yes/no/m/643/fd/A,0.24
bw/so/yes/no/d/593/fd/U,bo/mu/yes/no/m/644/fd/A,0.25
bw/so/yes/no/d/593/fd/U,bo/so/no/no/m/672/fd/A,0.16
bw/so/yes/no/d/593/fd/U,bw/so/yes/yes/d/629/fd/A,0.61
bw/so/yes/no/d/593/fd/U,bo/st/no/no/d/616/fd/U,0.27
bw/so/yes/no/d/593/fd/U,bw/so/no/yes/m/611/fd/U,0.58
bw/so/yes/no/d/593/fd/U,bo/so/no/no/d/618/fd/U,0.16
bw/so/yes/no/d/593/fd/U,bw/st/yes/yes/d/627/fd/A,0.31
bw/so/yes/no/d/593/fd/U,bo/mu/no/no/m/620/fd/U,0.21
bw/so/yes/no/d/593/fd/U,bw/st/yes/no/m/645/fd/A,0.29
bw/so/yes/no/d/593/fd/U,bo/so/yes/no/d/642/fd/A,0.76
bo/st/yes/no/d/592/fd/U,bo/so/no/yes/d/606/fd/U,0.06
bo/st/yes/no/d/592/fd/U,bw/st/yes/no/d/639/fd/A,0.4
bo/st/yes/no/d/592/fd/U,bw/mu/no/yes/d/601/fd/U,0.49
bo/st/yes/no/d/592/fd/U,bw/mu/yes/no/d/637/fd/A,0.49
bo/st/yes/no/d/592/fd/U,bo/mu/no/yes/m/608/fd/U,0.5
bo/st/yes/no/d/592/fd/U,bo/so/yes/yes/d/630/fd/A,0.5
bo/st/yes/no/d/592/fd/U,bo/st/no/no/d/664/fd/A,0.58
bo/st/yes/no/d/592/fd/U,bw/st/no/no/d/663/fd/A,0.38
bo/st/yes/no/d/592/fd/U,bw/mu/no/yes/m/655/fd/A,0.49
bo/st/yes/no/d/592/fd/U,bo/st/no/yes/d/652/fd/A,0.57
bo/st/yes/no/d/592/fd/U,bw/mu/yes/yes/m/631/fd/A,0.52
bo/st/yes/no/d/592/fd/U,bo/so/yes/yes/m/636/fd/A,0.5
bo/st/yes/no/d/592/fd/U,bw/st/no/yes/m/609/fd/U,0.54
bo/st/yes/no/d/592/fd/U,bo/so/yes/no/m/600/fd/U,0.36
bo/st/yes/no/d/592/fd/U,bw/mu/no/yes/m/607/fd/U,0.49
bo/st/yes/no/d/592/fd/U,bo/mu/yes/no/d/638/fd/A,0.57
bo/st/yes/no/d/592/fd/U,bw/so/no/yes/d/653/fd/A,0.43
bo/st/yes/no/d/592/fd/U,bo/so/no/yes/d/654/fd/A,0.06
bo/st/yes/no/d/592/fd/U,bo/mu/no/no/d/662/fd/A,0.43
bo/st/yes/no/d/592/fd/U,bw/so/no/no/d/665/fd/A,0.33
bo/st/yes/no/d/592/fd/U,bo/mu/yes/yes/d/578/fd/U,0.58
bo/st/yes/no/d/592/fd/U,bo/so/yes/yes/d/582/fd/U,0.5
bo/st/yes/no/d/592/fd/U,bw/st/yes/yes/m/585/fd/U,0.56
bo/st/yes/no/d/592/fd/U,bo/mu/yes/yes/m/584/fd/U,0.58
bo/st/yes/no/d/592/fd/U,bw/mu/yes/yes/m/583/fd/U,0.52
bo/st/yes/no/d/592/fd/U,bw/mu/yes/yes/d/577/fd/U,0.52
bo/st/yes/no/d/592/fd/U,bw/st/yes/yes/d/579/fd/U,0.56
bo/st/yes/no/d/592/fd/U,bo/mu/yes/no/d/590/fd/U,0.57
bo/st/yes/no/d/592/fd/U,bw/st/yes/no/m/597/fd/U,0.4
bo/st/yes/no/d/592/fd/U,bw/so/yes/no/m/599/fd/U,0.33
bo/st/yes/no/d/592/fd/U,bo/st/yes/no/m/598/fd/U,1.0
bo/st/yes/no/d/592/fd/U,bo/mu/yes/no/m/596/fd/U,0.57
bo/st/yes/no/d/592/fd/U,bw/st/yes/no/d/591/fd/U,0.4
bo/st/yes/no/d/592/fd/U,bw/so/yes/no/m/647/fd/A,0.33
bo/st/yes/no/d/592/fd/U,bo/st/yes/no/d/640/fd/A,1.0
bo/st/yes/no/d/592/fd/U,bw/mu/no/yes/d/649/fd/A,0.49
bo/st/yes/no/d/592/fd/U,bw/so/no/no/m/671/fd/A,0.33
bo/st/yes/no/d/592/fd/U,bw/mu/yes/yes/d/625/fd/A,0.52
bo/st/yes/no/d/592/fd/U,bo/st/no/no/m/622/fd/U,0.58
bo/st/yes/no/d/592/fd/U,bo/mu/no/no/d/614/fd/U,0.43
bo/st/yes/no/d/592/fd/U,bw/mu/no/no/d/613/fd/U,0.46
bo/st/yes/no/d/592/fd/U,bo/st/no/no/m/670/fd/A,0.58
bo/st/yes/no/d/592/fd/U,bo/so/yes/no/m/648/fd/A,0.36
bo/st/yes/no/d/592/fd/U,bw/so/yes/no/d/641/fd/A,0.33
bo/st/yes/no/d/592/fd/U,bo/st/yes/no/m/646/fd/A,1.0
bo/st/yes/no/d/592/fd/U,bo/so/no/yes/m/612/fd/U,0.06
bo/st/yes/no/d/592/fd/U,bw/st/no/no/d/615/fd/U,0.38
bo/st/yes/no/d/592/fd/U,bw/so/no/no/m/623/fd/U,0.33
bo/st/yes/no/d/592/fd/U,bo/so/no/no/m/624/fd/U,0.07
bo/st/yes/no/d/592/fd/U,bo/so/no/yes/m/660/fd/A,0.06
bo/st/yes/no/d/592/fd/U,bo/st/no/yes/m/658/fd/A,0.57
bo/st/yes/no/d/592/fd/U,bw/mu/no/no/m/667/fd/A,0.46
bo/st/yes/no/d/592/fd/U,bw/st/no/yes/d/651/fd/A,0.54
bo/st/yes/no/d/592/fd/U,bw/st/no/no/m/669/fd/A,0.38
bo/st/yes/no/d/592/fd/U,bo/mu/no/yes/m/656/fd/A,0.5
bo/st/yes/no/d/592/fd/U,bo/mu/no/yes/d/602/fd/U,0.5
bo/st/yes/no/d/592/fd/U,bw/so/no/yes/d/605/fd/U,0.43
bo/st/yes/no/d/592/fd/U,bw/st/yes/yes/m/633/fd/A,0.56
bo/st/yes/no/d/592/fd/U,bo/st/yes/yes/m/634/fd/A,0.87
bo/st/yes/no/d/592/fd/U,bo/mu/no/no/m/668/fd/A,0.43
bo/st/yes/no/d/592/fd/U,bw/st/no/yes/m/657/fd/A,0.54
bo/st/yes/no/d/592/fd/U,bo/mu/no/yes/d/650/fd/A,0.5
bo/st/yes/no/d/592/fd/U,bw/so/no/yes/m/659/fd/A,0.43
bo/st/yes/no/d/592/fd/U,bo/so/no/no/d/666/fd/A,0.07
bo/st/yes/no/d/592/fd/U,bw/mu/no/no/d/661/fd/A,0.46
bo/st/yes/no/d/592/fd/U,bw/so/yes/yes/m/635/fd/A,0.44
bo/st/yes/no/d/592/fd/U,bo/mu/yes/yes/m/632/fd/A,0.58
bo/st/yes/no/d/592/fd/U,bo/st/no/yes/d/604/fd/U,0.57
bo/st/yes/no/d/592/fd/U,bw/st/no/yes/d/603/fd/U,0.54
bo/st/yes/no/d/592/fd/U,bo/so/yes/yes/m/588/fd/U,0.5
bo/st/yes/no/d/592/fd/U,bo/st/yes/yes/m/586/fd/U,0.87
bo/st/yes/no/d/592/fd/U,bw/so/yes/yes/d/581/fd/U,0.44
bo/st/yes/no/d/592/fd/U,bo/st/yes/yes/d/580/fd/U,0.87
bo/st/yes/no/d/592/fd/U,bw/so/yes/yes/m/587/fd/U,0.44
bo/st/yes/no/d/592/fd/U,bw/mu/yes/no/d/589/fd/U,0.49
bo/st/yes/no/d/592/fd/U,bo/so/yes/no/d/594/fd/U,0.36
bo/st/yes/no/d/592/fd/U,bw/so/yes/no/d/593/fd/U,0.33
bo/st/yes/no/d/592/fd/U,bo/st/yes/no/d/592/fd/U,1.0
bo/st/yes/no/d/592/fd/U,bw/mu/yes/no/m/595/fd/U,0.49
bo/st/yes/no/d/592/fd/U,bw/st/no/no/m/621/fd/U,0.38
bo/st/yes/no/d/592/fd/U,bw/mu/no/no/m/619/fd/U,0.46
bo/st/yes/no/d/592/fd/U,bo/mu/yes/yes/d/626/fd/A,0.58
bo/st/yes/no/d/592/fd/U,bo/st/no/yes/m/610/fd/U,0.57
bo/st/yes/no/d/592/fd/U,bo/st/yes/yes/d/628/fd/A,0.87
bo/st/yes/no/d/592/fd/U,bw/so/no/no/d/617/fd/U,0.33
bo/st/yes/no/d/592/fd/U,bw/mu/yes/no/m/643/fd/A,0.49
bo/st/yes/no/d/592/fd/U,bo/mu/yes/no/m/644/fd/A,0.57
bo/st/yes/no/d/592/fd/U,bo/so/no/no/m/672/fd/A,0.07
bo/st/yes/no/d/592/fd/U,bw/so/yes/yes/d/629/fd/A,0.44
bo/st/yes/no/d/592/fd/U,bo/st/no/no/d/616/fd/U,0.58
bo/st/yes/no/d/592/fd/U,bw/so/no/yes/m/611/fd/U,0.43
bo/st/yes/no/d/592/fd/U,bo/so/no/no/d/618/fd/U,0.07
bo/st/yes/no/d/592/fd/U,bw/st/yes/yes/d/627/fd/A,0.56
bo/st/yes/no/d/592/fd/U,bo/mu/no/no/m/620/fd/U,0.43
bo/st/yes/no/d/592/fd/U,bw/st/yes/no/m/645/fd/A,0.4
bo/st/yes/no/d/592/fd/U,bo/so/yes/no/d/642/fd/A,0.36
bw/mu/yes/no/m/595/fd/U,bo/so/no/yes/d/606/fd/U,0.04
bw/mu/yes/no/m/595/fd/U,bw/st/yes/no/d/639/fd/A,0.37
bw/mu/yes/no/m/595/fd/U,bw/mu/no/yes/d/601/fd/U,0.83
bw/mu/yes/no/m/595/fd/U,bw/mu/yes/no/d/637/fd/A,1.0
bw/mu/yes/no/m/595/fd/U,bo/mu/no/yes/m/608/fd/U,0.66
bw/mu/yes/no/m/595/fd/U,bo/so/yes/yes/d/630/fd/A,0.34
bw/mu/yes/no/m/595/fd/U,bo/st/no/no/d/664/fd/A,0.47
bw/mu/yes/no/m/595/fd/U,bw/st/no/no/d/663/fd/A,0.36
bw/mu/yes/no/m/595/fd/U,bw/mu/no/yes/m/655/fd/A,0.83
bw/mu/yes/no/m/595/fd/U,bo/st/no/yes/d/652/fd/A,0.5
bw/mu/yes/no/m/595/fd/U,bw/mu/yes/yes/m/631/fd/A,0.89
bw/mu/yes/no/m/595/fd/U,bo/so/yes/yes/m/636/fd/A,0.34
bw/mu/yes/no/m/595/fd/U,bw/st/no/yes/m/609/fd/U,0.46
bw/mu/yes/no/m/595/fd/U,bo/so/yes/no/m/600/fd/U,0.25
bw/mu/yes/no/m/595/fd/U,bw/mu/no/yes/m/607/fd/U,0.83
bw/mu/yes/no/m/595/fd/U,bo/mu/yes/no/d/638/fd/A,0.76
bw/mu/yes/no/m/595/fd/U,bw/so/no/yes/d/653/fd/A,0.32
bw/mu/yes/no/m/595/fd/U,bo/so/no/yes/d/654/fd/A,0.04
bw/mu/yes/no/m/595/fd/U,bo/mu/no/no/d/662/fd/A,0.62
bw/mu/yes/no/m/595/fd/U,bw/so/no/no/d/665/fd/A,0.25
bw/mu/yes/no/m/595/fd/U,bo/mu/yes/yes/d/578/fd/U,0.72
bw/mu/yes/no/m/595/fd/U,bo/so/yes/yes/d/582/fd/U,0.34
bw/mu/yes/no/m/595/fd/U,bw/st/yes/yes/m/585/fd/U,0.46
bw/mu/yes/no/m/595/fd/U,bo/mu/yes/yes/m/584/fd/U,0.72
bw/mu/yes/no/m/595/fd/U,bw/mu/yes/yes/m/583/fd/U,0.89
bw/mu/yes/no/m/595/fd/U,bw/mu/yes/yes/d/577/fd/U,0.89
bw/mu/yes/no/m/595/fd/U,bw/st/yes/yes/d/579/fd/U,0.46
bw/mu/yes/no/m/595/fd/U,bo/mu/yes/no/d/590/fd/U,0.76
bw/mu/yes/no/m/595/fd/U,bw/st/yes/no/m/597/fd/U,0.37
bw/mu/yes/no/m/595/fd/U,bw/so/yes/no/m/599/fd/U,0.24
bw/mu/yes/no/m/595/fd/U,bo/st/yes/no/m/598/fd/U,0.49
bw/mu/yes/no/m/595/fd/U,bo/mu/yes/no/m/596/fd/U,0.76
bw/mu/yes/no/m/595/fd/U,bw/st/yes/no/d/591/fd/U,0.37
bw/mu/yes/no/m/595/fd/U,bw/so/yes/no/m/647/fd/A,0.24
bw/mu/yes/no/m/595/fd/U,bo/st/yes/no/d/640/fd/A,0.49
bw/mu/yes/no/m/595/fd/U,bw/mu/no/yes/d/649/fd/A,0.83
bw/mu/yes/no/m/595/fd/U,bw/so/no/no/m/671/fd/A,0.25
bw/mu/yes/no/m/595/fd/U,bw/mu/yes/yes/d/625/fd/A,0.89
bw/mu/yes/no/m/595/fd/U,bo/st/no/no/m/622/fd/U,0.47
bw/mu/yes/no/m/595/fd/U,bo/mu/no/no/d/614/fd/U,0.62
bw/mu/yes/no/m/595/fd/U,bw/mu/no/no/d/613/fd/U,0.89
bw/mu/yes/no/m/595/fd/U,bo/st/no/no/m/670/fd/A,0.47
bw/mu/yes/no/m/595/fd/U,bo/so/yes/no/m/648/fd/A,0.25
bw/mu/yes/no/m/595/fd/U,bw/so/yes/no/d/641/fd/A,0.24
bw/mu/yes/no/m/595/fd/U,bo/st/yes/no/m/646/fd/A,0.49
bw/mu/yes/no/m/595/fd/U,bo/so/no/yes/m/612/fd/U,0.04
bw/mu/yes/no/m/595/fd/U,bw/st/no/no/d/615/fd/U,0.36
bw/mu/yes/no/m/595/fd/U,bw/so/no/no/m/623/fd/U,0.25
bw/mu/yes/no/m/595/fd/U,bo/so/no/no/m/624/fd/U,0.04
bw/mu/yes/no/m/595/fd/U,bo/so/no/yes/m/660/fd/A,0.04
bw/mu/yes/no/m/595/fd/U,bo/st/no/yes/m/658/fd/A,0.5
bw/mu/yes/no/m/595/fd/U,bw/mu/no/no/m/667/fd/A,0.89
bw/mu/yes/no/m/595/fd/U,bw/st/no/yes/d/651/fd/A,0.46
bw/mu/yes/no/m/595/fd/U,bw/st/no/no/m/669/fd/A,0.36
bw/mu/yes/no/m/595/fd/U,bo/mu/no/yes/m/656/fd/A,0.66
bw/mu/yes/no/m/595/fd/U,bo/mu/no/yes/d/602/fd/U,0.66
bw/mu/yes/no/m/595/fd/U,bw/so/no/yes/d/605/fd/U,0.32
bw/mu/yes/no/m/595/fd/U,bw/st/yes/yes/m/633/fd/A,0.46
bw/mu/yes/no/m/595/fd/U,bo/st/yes/yes/m/634/fd/A,0.52
bw/mu/yes/no/m/595/fd/U,bo/mu/no/no/m/668/fd/A,0.62
bw/mu/yes/no/m/595/fd/U,bw/st/no/yes/m/657/fd/A,0.46
bw/mu/yes/no/m/595/fd/U,bo/mu/no/yes/d/650/fd/A,0.66
bw/mu/yes/no/m/595/fd/U,bw/so/no/yes/m/659/fd/A,0.32
bw/mu/yes/no/m/595/fd/U,bo/so/no/no/d/666/fd/A,0.04
bw/mu/yes/no/m/595/fd/U,bw/mu/no/no/d/661/fd/A,0.89
bw/mu/yes/no/m/595/fd/U,bw/so/yes/yes/m/635/fd/A,0.31
bw/mu/yes/no/m/595/fd/U,bo/mu/yes/yes/m/632/fd/A,0.72
bw/mu/yes/no/m/595/fd/U,bo/st/no/yes/d/604/fd/U,0.5
bw/mu/yes/no/m/595/fd/U,bw/st/no/yes/d/603/fd/U,0.46
bw/mu/yes/no/m/595/fd/U,bo/so/yes/yes/m/588/fd/U,0.34
bw/mu/yes/no/m/595/fd/U,bo/st/yes/yes/m/586/fd/U,0.52
bw/mu/yes/no/m/595/fd/U,bw/so/yes/yes/d/581/fd/U,0.31
bw/mu/yes/no/m/595/fd/U,bo/st/yes/yes/d/580/fd/U,0.52
bw/mu/yes/no/m/595/fd/U,bw/so/yes/yes/m/587/fd/U,0.31
bw/mu/yes/no/m/595/fd/U,bw/mu/yes/no/d/589/fd/U,1.0
bw/mu/yes/no/m/595/fd/U,bo/so/yes/no/d/594/fd/U,0.25
bw/mu/yes/no/m/595/fd/U,bw/so/yes/no/d/593/fd/U,0.24
bw/mu/yes/no/m/595/fd/U,bo/st/yes/no/d/592/fd/U,0.49
bw/mu/yes/no/m/595/fd/U,bw/mu/yes/no/m/595/fd/U,1.0
bw/mu/yes/no/m/595/fd/U,bw/st/no/no/m/621/fd/U,0.36
bw/mu/yes/no/m/595/fd/U,bw/mu/no/no/m/619/fd/U,0.89
bw/mu/yes/no/m/595/fd/U,bo/mu/yes/yes/d/626/fd/A,0.72
bw/mu/yes/no/m/595/fd/U,bo/st/no/yes/m/610/fd/U,0.5
bw/mu/yes/no/m/595/fd/U,bo/st/yes/yes/d/628/fd/A,0.52
bw/mu/yes/no/m/595/fd/U,bw/so/no/no/d/617/fd/U,0.25
bw/mu/yes/no/m/595/fd/U,bw/mu/yes/no/m/643/fd/A,1.0
bw/mu/yes/no/m/595/fd/U,bo/mu/yes/no/m/644/fd/A,0.76
bw/mu/yes/no/m/595/fd/U,bo/so/no/no/m/672/fd/A,0.04
bw/mu/yes/no/m/595/fd/U,bw/so/yes/yes/d/629/fd/A,0.31
bw/mu/yes/no/m/595/fd/U,bo/st/no/no/d/616/fd/U,0.47
bw/mu/yes/no/m/595/fd/U,bw/so/no/yes/m/611/fd/U,0.32
bw/mu/yes/no/m/595/fd/U,bo/so/no/no/d/618/fd/U,0.04
bw/mu/yes/no/m/595/fd/U,bw/st/yes/yes/d/627/fd/A,0.46
bw/mu/yes/no/m/595/fd/U,bo/mu/no/no/m/620/fd/U,0.62
bw/mu/yes/no/m/595/fd/U,bw/st/yes/no/m/645/fd/A,0.37
bw/mu/yes/no/m/595/fd/U,bo/so/yes/no/d/642/fd/A,0.25
bw/st/no/no/m/621/fd/U,bo/so/no/yes/d/606/fd/U,0.04
bw/st/no/no/m/621/fd/U,bw/st/yes/no/d/639/fd/A,0.81
bw/st/no/no/m/621/fd/U,bw/mu/no/yes/d/601/fd/U,0.34
bw/st/no/no/m/621/fd/U,bw/mu/yes/no/d/637/fd/A,0.36
bw/st/no/no/m/621/fd/U,bo/mu/no/yes/m/608/fd/U,0.29
bw/st/no/no/m/621/fd/U,bo/so/yes/yes/d/630/fd/A,0.29
bw/st/no/no/m/621/fd/U,bo/st/no/no/d/664/fd/A,0.28
bw/st/no/no/m/621/fd/U,bw/st/no/no/d/663/fd/A,1.0
bw/st/no/no/m/621/fd/U,bw/mu/no/yes/m/655/fd/A,0.34
bw/st/no/no/m/621/fd/U,bo/st/no/yes/d/652/fd/A,0.26
bw/st/no/no/m/621/fd/U,bw/mu/yes/yes/m/631/fd/A,0.35
bw/st/no/no/m/621/fd/U,bo/so/yes/yes/m/636/fd/A,0.29
bw/st/no/no/m/621/fd/U,bw/st/no/yes/m/609/fd/U,0.66
bw/st/no/no/m/621/fd/U,bo/so/yes/no/m/600/fd/U,0.25
bw/st/no/no/m/621/fd/U,bw/mu/no/yes/m/607/fd/U,0.34
bw/st/no/no/m/621/fd/U,bo/mu/yes/no/d/638/fd/A,0.31
bw/st/no/no/m/621/fd/U,bw/so/no/yes/d/653/fd/A,0.31
bw/st/no/no/m/621/fd/U,bo/so/no/yes/d/654/fd/A,0.04
bw/st/no/no/m/621/fd/U,bo/mu/no/no/d/662/fd/A,0.32
bw/st/no/no/m/621/fd/U,bw/so/no/no/d/665/fd/A,0.28
bw/st/no/no/m/621/fd/U,bo/mu/yes/yes/d/578/fd/U,0.29
bw/st/no/no/m/621/fd/U,bo/so/yes/yes/d/582/fd/U,0.29
bw/st/no/no/m/621/fd/U,bw/st/yes/yes/m/585/fd/U,0.59
bw/st/no/no/m/621/fd/U,bo/mu/yes/yes/m/584/fd/U,0.29
bw/st/no/no/m/621/fd/U,bw/mu/yes/yes/m/583/fd/U,0.35
bw/st/no/no/m/621/fd/U,bw/mu/yes/yes/d/577/fd/U,0.35
bw/st/no/no/m/621/fd/U,bw/st/yes/yes/d/579/fd/U,0.59
bw/st/no/no/m/621/fd/U,bo/mu/yes/no/d/590/fd/U,0.31
bw/st/no/no/m/621/fd/U,bw/st/yes/no/m/597/fd/U,0.81
bw/st/no/no/m/621/fd/U,bw/so/yes/no/m/599/fd/U,0.27
bw/st/no/no/m/621/fd/U,bo/st/yes/no/m/598/fd/U,0.38
bw/st/no/no/m/621/fd/U,bo/mu/yes/no/m/596/fd/U,0.31
bw/st/no/no/m/621/fd/U,bw/st/yes/no/d/591/fd/U,0.81
bw/st/no/no/m/621/fd/U,bw/so/yes/no/m/647/fd/A,0.27
bw/st/no/no/m/621/fd/U,bo/st/yes/no/d/640/fd/A,0.38
bw/st/no/no/m/621/fd/U,bw/mu/no/yes/d/649/fd/A,0.34
bw/st/no/no/m/621/fd/U,bw/so/no/no/m/671/fd/A,0.28
bw/st/no/no/m/621/fd/U,bw/mu/yes/yes/d/625/fd/A,0.35
bw/st/no/no/m/621/fd/U,bo/st/no/no/m/622/fd/U,0.28
bw/st/no/no/m/621/fd/U,bo/mu/no/no/d/614/fd/U,0.32
bw/st/no/no/m/621/fd/U,bw/mu/no/no/d/613/fd/U,0.36
bw/st/no/no/m/621/fd/U,bo/st/no/no/m/670/fd/A,0.28
bw/st/no/no/m/621/fd/U,bo/so/yes/no/m/648/fd/A,0.25
bw/st/no/no/m/621/fd/U,bw/so/yes/no/d/641/fd/A,0.27
bw/st/no/no/m/621/fd/U,bo/st/yes/no/m/646/fd/A,0.38
bw/st/no/no/m/621/fd/U,bo/so/no/yes/m/612/fd/U,0.04
bw/st/no/no/m/621/fd/U,bw/st/no/no/d/615/fd/U,1.0
bw/st/no/no/m/621/fd/U,bw/so/no/no/m/623/fd/U,0.28
bw/st/no/no/m/621/fd/U,bo/so/no/no/m/624/fd/U,0.05
bw/st/no/no/m/621/fd/U,bo/so/no/yes/m/660/fd/A,0.04
bw/st/no/no/m/621/fd/U,bo/st/no/yes/m/658/fd/A,0.26
bw/st/no/no/m/621/fd/U,bw/mu/no/no/m/667/fd/A,0.36
bw/st/no/no/m/621/fd/U,bw/st/no/yes/d/651/fd/A,0.66
bw/st/no/no/m/621/fd/U,bw/st/no/no/m/669/fd/A,1.0
bw/st/no/no/m/621/fd/U,bo/mu/no/yes/m/656/fd/A,0.29
bw/st/no/no/m/621/fd/U,bo/mu/no/yes/d/602/fd/U,0.29
bw/st/no/no/m/621/fd/U,bw/so/no/yes/d/605/fd/U,0.31
bw/st/no/no/m/621/fd/U,bw/st/yes/yes/m/633/fd/A,0.59
bw/st/no/no/m/621/fd/U,bo/st/yes/yes/m/634/fd/A,0.34
bw/st/no/no/m/621/fd/U,bo/mu/no/no/m/668/fd/A,0.32
bw/st/no/no/m/621/fd/U,bw/st/no/yes/m/657/fd/A,0.66
bw/st/no/no/m/621/fd/U,bo/mu/no/yes/d/650/fd/A,0.29
bw/st/no/no/m/621/fd/U,bw/so/no/yes/m/659/fd/A,0.31
bw/st/no/no/m/621/fd/U,bo/so/no/no/d/666/fd/A,0.05
bw/st/no/no/m/621/fd/U,bw/mu/no/no/d/661/fd/A,0.36
bw/st/no/no/m/621/fd/U,bw/so/yes/yes/m/635/fd/A,0.3
bw/st/no/no/m/621/fd/U,bo/mu/yes/yes/m/632/fd/A,0.29
bw/st/no/no/m/621/fd/U,bo/st/no/yes/d/604/fd/U,0.26
bw/st/no/no/m/621/fd/U,bw/st/no/yes/d/603/fd/U,0.66
bw/st/no/no/m/621/fd/U,bo/so/yes/yes/m/588/fd/U,0.29
bw/st/no/no/m/621/fd/U,bo/st/yes/yes/m/586/fd/U,0.34
bw/st/no/no/m/621/fd/U,bw/so/yes/yes/d/581/fd/U,0.3
bw/st/no/no/m/621/fd/U,bo/st/yes/yes/d/580/fd/U,0.34
bw/st/no/no/m/621/fd/U,bw/so/yes/yes/m/587/fd/U,0.3
bw/st/no/no/m/621/fd/U,bw/mu/yes/no/d/589/fd/U,0.36
bw/st/no/no/m/621/fd/U,bo/so/yes/no/d/594/fd/U,0.25
bw/st/no/no/m/621/fd/U,bw/so/yes/no/d/593/fd/U,0.27
bw/st/no/no/m/621/fd/U,bo/st/yes/no/d/592/fd/U,0.38
bw/st/no/no/m/621/fd/U,bw/mu/yes/no/m/595/fd/U,0.36
bw/st/no/no/m/621/fd/U,bw/st/no/no/m/621/fd/U,1.0
bw/st/no/no/m/621/fd/U,bw/mu/no/no/m/619/fd/U,0.36
bw/st/no/no/m/621/fd/U,bo/mu/yes/yes/d/626/fd/A,0.29
bw/st/no/no/m/621/fd/U,bo/st/no/yes/m/610/fd/U,0.26
bw/st/no/no/m/621/fd/U,bo/st/yes/yes/d/628/fd/A,0.34
bw/st/no/no/m/621/fd/U,bw/so/no/no/d/617/fd/U,0.28
bw/st/no/no/m/621/fd/U,bw/mu/yes/no/m/643/fd/A,0.36
bw/st/no/no/m/621/fd/U,bo/mu/yes/no/m/644/fd/A,0.31
bw/st/no/no/m/621/fd/U,bo/so/no/no/m/672/fd/A,0.05
bw/st/no/no/m/621/fd/U,bw/so/yes/yes/d/629/fd/A,0.3
bw/st/no/no/m/621/fd/U,bo/st/no/no/d/616/fd/U,0.28
bw/st/no/no/m/621/fd/U,bw/so/no/yes/m/611/fd/U,0.31
bw/st/no/no/m/621/fd/U,bo/so/no/no/d/618/fd/U,0.05
bw/st/no/no/m/621/fd/U,bw/st/yes/yes/d/627/fd/A,0.59
bw/st/no/no/m/621/fd/U,bo/mu/no/no/m/620/fd/U,0.32
bw/st/no/no/m/621/fd/U,bw/st/yes/no/m/645/fd/A,0.81
bw/st/no/no/m/621/fd/U,bo/so/yes/no/d/642/fd/A,0.25
bw/mu/no/no/m/619/fd/U,bo/so/no/yes/d/606/fd/U,0.04
bw/mu/no/no/m/619/fd/U,bw/st/yes/no/d/639/fd/A,0.37
bw/mu/no/no/m/619/fd/U,bw/mu/no/yes/d/601/fd/U,0.86
bw/mu/no/no/m/619/fd/U,bw/mu/yes/no/d/637/fd/A,0.89
bw/mu/no/no/m/619/fd/U,bo/mu/no/yes/m/608/fd/U,0.61
bw/mu/no/no/m/619/fd/U,bo/so/yes/yes/d/630/fd/A,0.32
bw/mu/no/no/m/619/fd/U,bo/st/no/no/d/664/fd/A,0.44
bw/mu/no/no/m/619/fd/U,bw/st/no/no/d/663/fd/A,0.36
bw/mu/no/no/m/619/fd/U,bw/mu/no/yes/m/655/fd/A,0.86
bw/mu/no/no/m/619/fd/U,bo/st/no/yes/d/652/fd/A,0.46
bw/mu/no/no/m/619/fd/U,bw/mu/yes/yes/m/631/fd/A,0.8
bw/mu/no/no/m/619/fd/U,bo/so/yes/yes/m/636/fd/A,0.32
bw/mu/no/no/m/619/fd/U,bw/st/no/yes/m/609/fd/U,0.44
bw/mu/no/no/m/619/fd/U,bo/so/yes/no/m/600/fd/U,0.25
bw/mu/no/no/m/619/fd/U,bw/mu/no/yes/m/607/fd/U,0.86
bw/mu/no/no/m/619/fd/U,bo/mu/yes/no/d/638/fd/A,0.7
bw/mu/no/no/m/619/fd/U,bw/so/no/yes/d/653/fd/A,0.3
bw/mu/no/no/m/619/fd/U,bo/so/no/yes/d/654/fd/A,0.04
bw/mu/no/no/m/619/fd/U,bo/mu/no/no/d/662/fd/A,0.59
bw/mu/no/no/m/619/fd/U,bw/so/no/no/d/665/fd/A,0.25
bw/mu/no/no/m/619/fd/U,bo/mu/yes/yes/d/578/fd/U,0.66
bw/mu/no/no/m/619/fd/U,bo/so/yes/yes/d/582/fd/U,0.32
bw/mu/no/no/m/619/fd/U,bw/st/yes/yes/m/585/fd/U,0.44
bw/mu/no/no/m/619/fd/U,bo/mu/yes/yes/m/584/fd/U,0.66
bw/mu/no/no/m/619/fd/U,bw/mu/yes/yes/m/583/fd/U,0.8
bw/mu/no/no/m/619/fd/U,bw/mu/yes/yes/d/577/fd/U,0.8
bw/mu/no/no/m/619/fd/U,bw/st/yes/yes/d/579/fd/U,0.44
bw/mu/no/no/m/619/fd/U,bo/mu/yes/no/d/590/fd/U,0.7
bw/mu/no/no/m/619/fd/U,bw/st/yes/no/m/597/fd/U,0.37
bw/mu/no/no/m/619/fd/U,bw/so/yes/no/m/599/fd/U,0.24
bw/mu/no/no/m/619/fd/U,bo/st/yes/no/m/598/fd/U,0.46
bw/mu/no/no/m/619/fd/U,bo/mu/yes/no/m/596/fd/U,0.7
bw/mu/no/no/m/619/fd/U,bw/st/yes/no/d/591/fd/U,0.37
bw/mu/no/no/m/619/fd/U,bw/so/yes/no/m/647/fd/A,0.24
bw/mu/no/no/m/619/fd/U,bo/st/yes/no/d/640/fd/A,0.46
bw/mu/no/no/m/619/fd/U,bw/mu/no/yes/d/649/fd/A,0.86
bw/mu/no/no/m/619/fd/U,bw/so/no/no/m/671/fd/A,0.25
bw/mu/no/no/m/619/fd/U,bw/mu/yes/yes/d/625/fd/A,0.8
bw/mu/no/no/m/619/fd/U,bo/st/no/no/m/622/fd/U,0.44
bw/mu/no/no/m/619/fd/U,bo/mu/no/no/d/614/fd/U,0.59
bw/mu/no/no/m/619/fd/U,bw/mu/no/no/d/613/fd/U,1.0
bw/mu/no/no/m/619/fd/U,bo/st/no/no/m/670/fd/A,0.44
bw/mu/no/no/m/619/fd/U,bo/so/yes/no/m/648/fd/A,0.25
bw/mu/no/no/m/619/fd/U,bw/so/yes/no/d/641/fd/A,0.24
bw/mu/no/no/m/619/fd/U,bo/st/yes/no/m/646/fd/A,0.46
bw/mu/no/no/m/619/fd/U,bo/so/no/yes/m/612/fd/U,0.04
bw/mu/no/no/m/619/fd/U,bw/st/no/no/d/615/fd/U,0.36
bw/mu/no/no/m/619/fd/U,bw/so/no/no/m/623/fd/U,0.25
bw/mu/no/no/m/619/fd/U,bo/so/no/no/m/624/fd/U,0.03
bw/mu/no/no/m/619/fd/U,bo/so/no/yes/m/660/fd/A,0.04
bw/mu/no/no/m/619/fd/U,bo/st/no/yes/m/658/fd/A,0.46
bw/mu/no/no/m/619/fd/U,bw/mu/no/no/m/667/fd/A,1.0
bw/mu/no/no/m/619/fd/U,bw/st/no/yes/d/651/fd/A,0.44
bw/mu/no/no/m/619/fd/U,bw/st/no/no/m/669/fd/A,0.36
bw/mu/no/no/m/619/fd/U,bo/mu/no/yes/m/656/fd/A,0.61
bw/mu/no/no/m/619/fd/U,bo/mu/no/yes/d/602/fd/U,0.61
bw/mu/no/no/m/619/fd/U,bw/so/no/yes/d/605/fd/U,0.3
bw/mu/no/no/m/619/fd/U,bw/st/yes/yes/m/633/fd/A,0.44
bw/mu/no/no/m/619/fd/U,bo/st/yes/yes/m/634/fd/A,0.48
bw/mu/no/no/m/619/fd/U,bo/mu/no/no/m/668/fd/A,0.59
bw/mu/no/no/m/619/fd/U,bw/st/no/yes/m/657/fd/A,0.44
bw/mu/no/no/m/619/fd/U,bo/mu/no/yes/d/650/fd/A,0.61
bw/mu/no/no/m/619/fd/U,bw/so/no/yes/m/659/fd/A,0.3
bw/mu/no/no/m/619/fd/U,bo/so/no/no/d/666/fd/A,0.03
bw/mu/no/no/m/619/fd/U,bw/mu/no/no/d/661/fd/A,1.0
bw/mu/no/no/m/619/fd/U,bw/so/yes/yes/m/635/fd/A,0.3
bw/mu/no/no/m/619/fd/U,bo/mu/yes/yes/m/632/fd/A,0.66
bw/mu/no/no/m/619/fd/U,bo/st/no/yes/d/604/fd/U,0.46
bw/mu/no/no/m/619/fd/U,bw/st/no/yes/d/603/fd/U,0.44
bw/mu/no/no/m/619/fd/U,bo/so/yes/yes/m/588/fd/U,0.32
bw/mu/no/no/m/619/fd/U,bo/st/yes/yes/m/586/fd/U,0.48
bw/mu/no/no/m/619/fd/U,bw/so/yes/yes/d/581/fd/U,0.3
bw/mu/no/no/m/619/fd/U,bo/st/yes/yes/d/580/fd/U,0.48
bw/mu/no/no/m/619/fd/U,bw/so/yes/yes/m/587/fd/U,0.3
bw/mu/no/no/m/619/fd/U,bw/mu/yes/no/d/589/fd/U,0.89
bw/mu/no/no/m/619/fd/U,bo/so/yes/no/d/594/fd/U,0.25
bw/mu/no/no/m/619/fd/U,bw/so/yes/no/d/593/fd/U,0.24
bw/mu/no/no/m/619/fd/U,bo/st/yes/no/d/592/fd/U,0.46
bw/mu/no/no/m/619/fd/U,bw/mu/yes/no/m/595/fd/U,0.89
bw/mu/no/no/m/619/fd/U,bw/st/no/no/m/621/fd/U,0.36
bw/mu/no/no/m/619/fd/U,bw/mu/no/no/m/619/fd/U,1.0
bw/mu/no/no/m/619/fd/U,bo/mu/yes/yes/d/626/fd/A,0.66
bw/mu/no/no/m/619/fd/U,bo/st/no/yes/m/610/fd/U,0.46
bw/mu/no/no/m/619/fd/U,bo/st/yes/yes/d/628/fd/A,0.48
bw/mu/no/no/m/619/fd/U,bw/so/no/no/d/617/fd/U,0.25
bw/mu/no/no/m/619/fd/U,bw/mu/yes/no/m/643/fd/A,0.89
bw/mu/no/no/m/619/fd/U,bo/mu/yes/no/m/644/fd/A,0.7
bw/mu/no/no/m/619/fd/U,bo/so/no/no/m/672/fd/A,0.03
bw/mu/no/no/m/619/fd/U,bw/so/yes/yes/d/629/fd/A,0.3
bw/mu/no/no/m/619/fd/U,bo/st/no/no/d/616/fd/U,0.44
bw/mu/no/no/m/619/fd/U,bw/so/no/yes/m/611/fd/U,0.3
bw/mu/no/no/m/619/fd/U,bo/so/no/no/d/618/fd/U,0.03
bw/mu/no/no/m/619/fd/U,bw/st/yes/yes/d/627/fd/A,0.44
bw/mu/no/no/m/619/fd/U,bo/mu/no/no/m/620/fd/U,0.59
bw/mu/no/no/m/619/fd/U,bw/st/yes/no/m/645/fd/A,0.37
bw/mu/no/no/m/619/fd/U,bo/so/yes/no/d/642/fd/A,0.25
bo/mu/yes/yes/d/626/fd/A,bo/so/no/yes/d/606/fd/U,0.05
bo/mu/yes/yes/d/626/fd/A,bw/st/yes/no/d/639/fd/A,0.3
bo/mu/yes/yes/d/626/fd/A,bw/mu/no/yes/d/601/fd/U,0.71
bo/mu/yes/yes/d/626/fd/A,bw/mu/yes/no/d/637/fd/A,0.72
bo/mu/yes/yes/d/626/fd/A,bo/mu/no/yes/m/608/fd/U,0.74
bo/mu/yes/yes/d/626/fd/A,bo/so/yes/yes/d/630/fd/A,0.4
bo/mu/yes/yes/d/626/fd/A,bo/st/no/no/d/664/fd/A,0.57
bo/mu/yes/yes/d/626/fd/A,bw/st/no/no/d/663/fd/A,0.29
bo/mu/yes/yes/d/626/fd/A,bw/mu/no/yes/m/655/fd/A,0.71
bo/mu/yes/yes/d/626/fd/A,bo/st/no/yes/d/652/fd/A,0.64
bo/mu/yes/yes/d/626/fd/A,bw/mu/yes/yes/m/631/fd/A,0.77
bo/mu/yes/yes/d/626/fd/A,bo/so/yes/yes/m/636/fd/A,0.4
bo/mu/yes/yes/d/626/fd/A,bw/st/no/yes/m/609/fd/U,0.44
bo/mu/yes/yes/d/626/fd/A,bo/so/yes/no/m/600/fd/U,0.28
bo/mu/yes/yes/d/626/fd/A,bw/mu/no/yes/m/607/fd/U,0.71
bo/mu/yes/yes/d/626/fd/A,bo/mu/yes/no/d/638/fd/A,0.93
bo/mu/yes/yes/d/626/fd/A,bw/so/no/yes/d/653/fd/A,0.35
bo/mu/yes/yes/d/626/fd/A,bo/so/no/yes/d/654/fd/A,0.05
bo/mu/yes/yes/d/626/fd/A,bo/mu/no/no/d/662/fd/A,0.61
bo/mu/yes/yes/d/626/fd/A,bw/so/no/no/d/665/fd/A,0.27
bo/mu/yes/yes/d/626/fd/A,bo/mu/yes/yes/d/578/fd/U,1.0
bo/mu/yes/yes/d/626/fd/A,bo/so/yes/yes/d/582/fd/U,0.4
bo/mu/yes/yes/d/626/fd/A,bw/st/yes/yes/m/585/fd/U,0.43
bo/mu/yes/yes/d/626/fd/A,bo/mu/yes/yes/m/584/fd/U,1.0
bo/mu/yes/yes/d/626/fd/A,bw/mu/yes/yes/m/583/fd/U,0.77
bo/mu/yes/yes/d/626/fd/A,bw/mu/yes/yes/d/577/fd/U,0.77
bo/mu/yes/yes/d/626/fd/A,bw/st/yes/yes/d/579/fd/U,0.43
bo/mu/yes/yes/d/626/fd/A,bo/mu/yes/no/d/590/fd/U,0.93
bo/mu/yes/yes/d/626/fd/A,bw/st/yes/no/m/597/fd/U,0.3
bo/mu/yes/yes/d/626/fd/A,bw/so/yes/no/m/599/fd/U,0.26
bo/mu/yes/yes/d/626/fd/A,bo/st/yes/no/m/598/fd/U,0.58
bo/mu/yes/yes/d/626/fd/A,bo/mu/yes/no/m/596/fd/U,0.93
bo/mu/yes/yes/d/626/fd/A,bw/st/yes/no/d/591/fd/U,0.3
bo/mu/yes/yes/d/626/fd/A,bw/so/yes/no/m/647/fd/A,0.26
bo/mu/yes/yes/d/626/fd/A,bo/st/yes/no/d/640/fd/A,0.58
bo/mu/yes/yes/d/626/fd/A,bw/mu/no/yes/d/649/fd/A,0.71
bo/mu/yes/yes/d/626/fd/A,bw/so/no/no/m/671/fd/A,0.27
bo/mu/yes/yes/d/626/fd/A,bw/mu/yes/yes/d/625/fd/A,0.77
bo/mu/yes/yes/d/626/fd/A,bo/st/no/no/m/622/fd/U,0.57
bo/mu/yes/yes/d/626/fd/A,bo/mu/no/no/d/614/fd/U,0.61
bo/mu/yes/yes/d/626/fd/A,bw/mu/no/no/d/613/fd/U,0.66
bo/mu/yes/yes/d/626/fd/A,bo/st/no/no/m/670/fd/A,0.57
bo/mu/yes/yes/d/626/fd/A,bo/so/yes/no/m/648/fd/A,0.28
bo/mu/yes/yes/d/626/fd/A,bw/so/yes/no/d/641/fd/A,0.26
bo/mu/yes/yes/d/626/fd/A,bo/st/yes/no/m/646/fd/A,0.58
bo/mu/yes/yes/d/626/fd/A,bo/so/no/yes/m/612/fd/U,0.05
bo/mu/yes/yes/d/626/fd/A,bw/st/no/no/d/615/fd/U,0.29
bo/mu/yes/yes/d/626/fd/A,bw/so/no/no/m/623/fd/U,0.27
bo/mu/yes/yes/d/626/fd/A,bo/so/no/no/m/624/fd/U,0.04
bo/mu/yes/yes/d/626/fd/A,bo/so/no/yes/m/660/fd/A,0.05
bo/mu/yes/yes/d/626/fd/A,bo/st/no/yes/m/658/fd/A,0.64
bo/mu/yes/yes/d/626/fd/A,bw/mu/no/no/m/667/fd/A,0.66
bo/mu/yes/yes/d/626/fd/A,bw/st/no/yes/d/651/fd/A,0.44
bo/mu/yes/yes/d/626/fd/A,bw/st/no/no/m/669/fd/A,0.29
bo/mu/yes/yes/d/626/fd/A,bo/mu/no/yes/m/656/fd/A,0.74
bo/mu/yes/yes/d/626/fd/A,bo/mu/no/yes/d/602/fd/U,0.74
bo/mu/yes/yes/d/626/fd/A,bw/so/no/yes/d/605/fd/U,0.35
bo/mu/yes/yes/d/626/fd/A,bw/st/yes/yes/m/633/fd/A,0.43
bo/mu/yes/yes/d/626/fd/A,bo/st/yes/yes/m/634/fd/A,0.64
bo/mu/yes/yes/d/626/fd/A,bo/mu/no/no/m/668/fd/A,0.61
bo/mu/yes/yes/d/626/fd/A,bw/st/no/yes/m/657/fd/A,0.44
bo/mu/yes/yes/d/626/fd/A,bo/mu/no/yes/d/650/fd/A,0.74
bo/mu/yes/yes/d/626/fd/A,bw/so/no/yes/m/659/fd/A,0.35
bo/mu/yes/yes/d/626/fd/A,bo/so/no/no/d/666/fd/A,0.04
bo/mu/yes/yes/d/626/fd/A,bw/mu/no/no/d/661/fd/A,0.66
bo/mu/yes/yes/d/626/fd/A,bw/so/yes/yes/m/635/fd/A,0.34
bo/mu/yes/yes/d/626/fd/A,bo/mu/yes/yes/m/632/fd/A,1.0
bo/mu/yes/yes/d/626/fd/A,bo/st/no/yes/d/604/fd/U,0.64
bo/mu/yes/yes/d/626/fd/A,bw/st/no/yes/d/603/fd/U,0.44
bo/mu/yes/yes/d/626/fd/A,bo/so/yes/yes/m/588/fd/U,0.4
bo/mu/yes/yes/d/626/fd/A,bo/st/yes/yes/m/586/fd/U,0.64
bo/mu/yes/yes/d/626/fd/A,bw/so/yes/yes/d/581/fd/U,0.34
bo/mu/yes/yes/d/626/fd/A,bo/st/yes/yes/d/580/fd/U,0.64
bo/mu/yes/yes/d/626/fd/A,bw/so/yes/yes/m/587/fd/U,0.34
bo/mu/yes/yes/d/626/fd/A,bw/mu/yes/no/d/589/fd/U,0.72
bo/mu/yes/yes/d/626/fd/A,bo/so/yes/no/d/594/fd/U,0.28
bo/mu/yes/yes/d/626/fd/A,bw/so/yes/no/d/593/fd/U,0.26
bo/mu/yes/yes/d/626/fd/A,bo/st/yes/no/d/592/fd/U,0.58
bo/mu/yes/yes/d/626/fd/A,bw/mu/yes/no/m/595/fd/U,0.72
bo/mu/yes/yes/d/626/fd/A,bw/st/no/no/m/621/fd/U,0.29
bo/mu/yes/yes/d/626/fd/A,bw/mu/no/no/m/619/fd/U,0.66
bo/mu/yes/yes/d/626/fd/A,bo/mu/yes/yes/d/626/fd/A,1.0
bo/mu/yes/yes/d/626/fd/A,bo/st/no/yes/m/610/fd/U,0.64
bo/mu/yes/yes/d/626/fd/A,bo/st/yes/yes/d/628/fd/A,0.64
bo/mu/yes/yes/d/626/fd/A,bw/so/no/no/d/617/fd/U,0.27
bo/mu/yes/yes/d/626/fd/A,bw/mu/yes/no/m/643/fd/A,0.72
bo/mu/yes/yes/d/626/fd/A,bo/mu/yes/no/m/644/fd/A,0.93
bo/mu/yes/yes/d/626/fd/A,bo/so/no/no/m/672/fd/A,0.04
bo/mu/yes/yes/d/626/fd/A,bw/so/yes/yes/d/629/fd/A,0.34
bo/mu/yes/yes/d/626/fd/A,bo/st/no/no/d/616/fd/U,0.57
bo/mu/yes/yes/d/626/fd/A,bw/so/no/yes/m/611/fd/U,0.35
bo/mu/yes/yes/d/626/fd/A,bo/so/no/no/d/618/fd/U,0.04
bo/mu/yes/yes/d/626/fd/A,bw/st/yes/yes/d/627/fd/A,0.43
bo/mu/yes/yes/d/626/fd/A,bo/mu/no/no/m/620/fd/U,0.61
bo/mu/yes/yes/d/626/fd/A,bw/st/yes/no/m/645/fd/A,0.3
bo/mu/yes/yes/d/626/fd/A,bo/so/yes/no/d/642/fd/A,0.28
bo/st/no/yes/m/610/fd/U,bo/so/no/yes/d/606/fd/U,0.07
bo/st/no/yes/m/610/fd/U,bw/st/yes/no/d/639/fd/A,0.26
bo/st/no/yes/m/610/fd/U,bw/mu/no/yes/d/601/fd/U,0.49
bo/st/no/yes/m/610/fd/U,bw/mu/yes/no/d/637/fd/A,0.5
bo/st/no/yes/m/610/fd/U,bo/mu/no/yes/m/608/fd/U,0.59
bo/st/no/yes/m/610/fd/U,bo/so/yes/yes/d/630/fd/A,0.4
bo/st/no/yes/m/610/fd/U,bo/st/no/no/d/664/fd/A,0.84
bo/st/no/yes/m/610/fd/U,bw/st/no/no/d/663/fd/A,0.26
bo/st/no/yes/m/610/fd/U,bw/mu/no/yes/m/655/fd/A,0.49
bo/st/no/yes/m/610/fd/U,bo/st/no/yes/d/652/fd/A,1.0
bo/st/no/yes/m/610/fd/U,bw/mu/yes/yes/m/631/fd/A,0.53
bo/st/no/yes/m/610/fd/U,bo/so/yes/yes/m/636/fd/A,0.4
bo/st/no/yes/m/610/fd/U,bw/st/no/yes/m/609/fd/U,0.38
bo/st/no/yes/m/610/fd/U,bo/so/yes/no/m/600/fd/U,0.26
bo/st/no/yes/m/610/fd/U,bw/mu/no/yes/m/607/fd/U,0.49
bo/st/no/yes/m/610/fd/U,bo/mu/yes/no/d/638/fd/A,0.6
bo/st/no/yes/m/610/fd/U,bw/so/no/yes/d/653/fd/A,0.35
bo/st/no/yes/m/610/fd/U,bo/so/no/yes/d/654/fd/A,0.07
bo/st/no/yes/m/610/fd/U,bo/mu/no/no/d/662/fd/A,0.48
bo/st/no/yes/m/610/fd/U,bw/so/no/no/d/665/fd/A,0.26
bo/st/no/yes/m/610/fd/U,bo/mu/yes/yes/d/578/fd/U,0.64
bo/st/no/yes/m/610/fd/U,bo/so/yes/yes/d/582/fd/U,0.4
bo/st/no/yes/m/610/fd/U,bw/st/yes/yes/m/585/fd/U,0.38
bo/st/no/yes/m/610/fd/U,bo/mu/yes/yes/m/584/fd/U,0.64
bo/st/no/yes/m/610/fd/U,bw/mu/yes/yes/m/583/fd/U,0.53
bo/st/no/yes/m/610/fd/U,bw/mu/yes/yes/d/577/fd/U,0.53
bo/st/no/yes/m/610/fd/U,bw/st/yes/yes/d/579/fd/U,0.38
bo/st/no/yes/m/610/fd/U,bo/mu/yes/no/d/590/fd/U,0.6
bo/st/no/yes/m/610/fd/U,bw/st/yes/no/m/597/fd/U,0.26
bo/st/no/yes/m/610/fd/U,bw/so/yes/no/m/599/fd/U,0.24
bo/st/no/yes/m/610/fd/U,bo/st/yes/no/m/598/fd/U,0.57
bo/st/no/yes/m/610/fd/U,bo/mu/yes/no/m/596/fd/U,0.6
bo/st/no/yes/m/610/fd/U,bw/st/yes/no/d/591/fd/U,0.26
bo/st/no/yes/m/610/fd/U,bw/so/yes/no/m/647/fd/A,0.24
bo/st/no/yes/m/610/fd/U,bo/st/yes/no/d/640/fd/A,0.57
bo/st/no/yes/m/610/fd/U,bw/mu/no/yes/d/649/fd/A,0.49
bo/st/no/yes/m/610/fd/U,bw/so/no/no/m/671/fd/A,0.26
bo/st/no/yes/m/610/fd/U,bw/mu/yes/yes/d/625/fd/A,0.53
bo/st/no/yes/m/610/fd/U,bo/st/no/no/m/622/fd/U,0.84
bo/st/no/yes/m/610/fd/U,bo/mu/no/no/d/614/fd/U,0.48
bo/st/no/yes/m/610/fd/U,bw/mu/no/no/d/613/fd/U,0.46
bo/st/no/yes/m/610/fd/U,bo/st/no/no/m/670/fd/A,0.84
bo/st/no/yes/m/610/fd/U,bo/so/yes/no/m/648/fd/A,0.26
bo/st/no/yes/m/610/fd/U,bw/so/yes/no/d/641/fd/A,0.24
bo/st/no/yes/m/610/fd/U,bo/st/yes/no/m/646/fd/A,0.57
bo/st/no/yes/m/610/fd/U,bo/so/no/yes/m/612/fd/U,0.07
bo/st/no/yes/m/610/fd/U,bw/st/no/no/d/615/fd/U,0.26
bo/st/no/yes/m/610/fd/U,bw/so/no/no/m/623/fd/U,0.26
bo/st/no/yes/m/610/fd/U,bo/so/no/no/m/624/fd/U,0.05
bo/st/no/yes/m/610/fd/U,bo/so/no/yes/m/660/fd/A,0.07
bo/st/no/yes/m/610/fd/U,bo/st/no/yes/m/658/fd/A,1.0
bo/st/no/yes/m/610/fd/U,bw/mu/no/no/m/667/fd/A,0.46
bo/st/no/yes/m/610/fd/U,bw/st/no/yes/d/651/fd/A,0.38
bo/st/no/yes/m/610/fd/U,bw/st/no/no/m/669/fd/A,0.26
bo/st/no/yes/m/610/fd/U,bo/mu/no/yes/m/656/fd/A,0.59
bo/st/no/yes/m/610/fd/U,bo/mu/no/yes/d/602/fd/U,0.59
bo/st/no/yes/m/610/fd/U,bw/so/no/yes/d/605/fd/U,0.35
bo/st/no/yes/m/610/fd/U,bw/st/yes/yes/m/633/fd/A,0.38
bo/st/no/yes/m/610/fd/U,bo/st/yes/yes/m/634/fd/A,0.63
bo/st/no/yes/m/610/fd/U,bo/mu/no/no/m/668/fd/A,0.48
bo/st/no/yes/m/610/fd/U,bw/st/no/yes/m/657/fd/A,0.38
bo/st/no/yes/m/610/fd/U,bo/mu/no/yes/d/650/fd/A,0.59
bo/st/no/yes/m/610/fd/U,bw/so/no/yes/m/659/fd/A,0.35
bo/st/no/yes/m/610/fd/U,bo/so/no/no/d/666/fd/A,0.05
bo/st/no/yes/m/610/fd/U,bw/mu/no/no/d/661/fd/A,0.46
bo/st/no/yes/m/610/fd/U,bw/so/yes/yes/m/635/fd/A,0.34
bo/st/no/yes/m/610/fd/U,bo/mu/yes/yes/m/632/fd/A,0.64
bo/st/no/yes/m/610/fd/U,bo/st/no/yes/d/604/fd/U,1.0
bo/st/no/yes/m/610/fd/U,bw/st/no/yes/d/603/fd/U,0.38
bo/st/no/yes/m/610/fd/U,bo/so/yes/yes/m/588/fd/U,0.4
bo/st/no/yes/m/610/fd/U,bo/st/yes/yes/m/586/fd/U,0.63
bo/st/no/yes/m/610/fd/U,bw/so/yes/yes/d/581/fd/U,0.34
bo/st/no/yes/m/610/fd/U,bo/st/yes/yes/d/580/fd/U,0.63
bo/st/no/yes/m/610/fd/U,bw/so/yes/yes/m/587/fd/U,0.34
bo/st/no/yes/m/610/fd/U,bw/mu/yes/no/d/589/fd/U,0.5
bo/st/no/yes/m/610/fd/U,bo/so/yes/no/d/594/fd/U,0.26
bo/st/no/yes/m/610/fd/U,bw/so/yes/no/d/593/fd/U,0.24
bo/st/no/yes/m/610/fd/U,bo/st/yes/no/d/592/fd/U,0.57
bo/st/no/yes/m/610/fd/U,bw/mu/yes/no/m/595/fd/U,0.5
bo/st/no/yes/m/610/fd/U,bw/st/no/no/m/621/fd/U,0.26
bo/st/no/yes/m/610/fd/U,bw/mu/no/no/m/619/fd/U,0.46
bo/st/no/yes/m/610/fd/U,bo/mu/yes/yes/d/626/fd/A,0.64
bo/st/no/yes/m/610/fd/U,bo/st/no/yes/m/610/fd/U,1.0
bo/st/no/yes/m/610/fd/U,bo/st/yes/yes/d/628/fd/A,0.63
bo/st/no/yes/m/610/fd/U,bw/so/no/no/d/617/fd/U,0.26
bo/st/no/yes/m/610/fd/U,bw/mu/yes/no/m/643/fd/A,0.5
bo/st/no/yes/m/610/fd/U,bo/mu/yes/no/m/644/fd/A,0.6
bo/st/no/yes/m/610/fd/U,bo/so/no/no/m/672/fd/A,0.05
bo/st/no/yes/m/610/fd/U,bw/so/yes/yes/d/629/fd/A,0.34
bo/st/no/yes/m/610/fd/U,bo/st/no/no/d/616/fd/U,0.84
bo/st/no/yes/m/610/fd/U,bw/so/no/yes/m/611/fd/U,0.35
bo/st/no/yes/m/610/fd/U,bo/so/no/no/d/618/fd/U,0.05
bo/st/no/yes/m/610/fd/U,bw/st/yes/yes/d/627/fd/A,0.38
bo/st/no/yes/m/610/fd/U,bo/mu/no/no/m/620/fd/U,0.48
bo/st/no/yes/m/610/fd/U,bw/st/yes/no/m/645/fd/A,0.26
bo/st/no/yes/m/610/fd/U,bo/so/yes/no/d/642/fd/A,0.26
bo/st/yes/yes/d/628/fd/A,bo/so/no/yes/d/606/fd/U,0.06
bo/st/yes/yes/d/628/fd/A,bw/st/yes/no/d/639/fd/A,0.36
bo/st/yes/yes/d/628/fd/A,bw/mu/no/yes/d/601/fd/U,0.51
bo/st/yes/yes/d/628/fd/A,bw/mu/yes/no/d/637/fd/A,0.52
bo/st/yes/yes/d/628/fd/A,bo/mu/no/yes/m/608/fd/U,0.55
bo/st/yes/yes/d/628/fd/A,bo/so/yes/yes/d/630/fd/A,0.48
bo/st/yes/yes/d/628/fd/A,bo/st/no/no/d/664/fd/A,0.6
bo/st/yes/yes/d/628/fd/A,bw/st/no/no/d/663/fd/A,0.34
bo/st/yes/yes/d/628/fd/A,bw/mu/no/yes/m/655/fd/A,0.51
bo/st/yes/yes/d/628/fd/A,bo/st/no/yes/d/652/fd/A,0.63
bo/st/yes/yes/d/628/fd/A,bw/mu/yes/yes/m/631/fd/A,0.55
bo/st/yes/yes/d/628/fd/A,bo/so/yes/yes/m/636/fd/A,0.48
bo/st/yes/yes/d/628/fd/A,bw/st/no/yes/m/609/fd/U,0.51
bo/st/yes/yes/d/628/fd/A,bo/so/yes/no/m/600/fd/U,0.32
bo/st/yes/yes/d/628/fd/A,bw/mu/no/yes/m/607/fd/U,0.51
bo/st/yes/yes/d/628/fd/A,bo/mu/yes/no/d/638/fd/A,0.61
bo/st/yes/yes/d/628/fd/A,bw/so/no/yes/d/653/fd/A,0.41
bo/st/yes/yes/d/628/fd/A,bo/so/no/yes/d/654/fd/A,0.06
bo/st/yes/yes/d/628/fd/A,bo/mu/no/no/d/662/fd/A,0.47
bo/st/yes/yes/d/628/fd/A,bw/so/no/no/d/665/fd/A,0.31
bo/st/yes/yes/d/628/fd/A,bo/mu/yes/yes/d/578/fd/U,0.64
bo/st/yes/yes/d/628/fd/A,bo/so/yes/yes/d/582/fd/U,0.48
bo/st/yes/yes/d/628/fd/A,bw/st/yes/yes/m/585/fd/U,0.52
bo/st/yes/yes/d/628/fd/A,bo/mu/yes/yes/m/584/fd/U,0.64
bo/st/yes/yes/d/628/fd/A,bw/mu/yes/yes/m/583/fd/U,0.55
bo/st/yes/yes/d/628/fd/A,bw/mu/yes/yes/d/577/fd/U,0.55
bo/st/yes/yes/d/628/fd/A,bw/st/yes/yes/d/579/fd/U,0.52
bo/st/yes/yes/d/628/fd/A,bo/mu/yes/no/d/590/fd/U,0.61
bo/st/yes/yes/d/628/fd/A,bw/st/yes/no/m/597/fd/U,0.36
bo/st/yes/yes/d/628/fd/A,bw/so/yes/no/m/599/fd/U,0.3
bo/st/yes/yes/d/628/fd/A,bo/st/yes/no/m/598/fd/U,0.87
bo/st/yes/yes/d/628/fd/A,bo/mu/yes/no/m/596/fd/U,0.61
bo/st/yes/yes/d/628/fd/A,bw/st/yes/no/d/591/fd/U,0.36
bo/st/yes/yes/d/628/fd/A,bw/so/yes/no/m/647/fd/A,0.3
bo/st/yes/yes/d/628/fd/A,bo/st/yes/no/d/640/fd/A,0.87
bo/st/yes/yes/d/628/fd/A,bw/mu/no/yes/d/649/fd/A,0.51
bo/st/yes/yes/d/628/fd/A,bw/so/no/no/m/671/fd/A,0.31
bo/st/yes/yes/d/628/fd/A,bw/mu/yes/yes/d/625/fd/A,0.55
bo/st/yes/yes/d/628/fd/A,bo/st/no/no/m/622/fd/U,0.6
bo/st/yes/yes/d/628/fd/A,bo/mu/no/no/d/614/fd/U,0.47
bo/st/yes/yes/d/628/fd/A,bw/mu/no/no/d/613/fd/U,0.48
bo/st/yes/yes/d/628/fd/A,bo/st/no/no/m/670/fd/A,0.6
bo/st/yes/yes/d/628/fd/A,bo/so/yes/no/m/648/fd/A,0.32
bo/st/yes/yes/d/628/fd/A,bw/so/yes/no/d/641/fd/A,0.3
bo/st/yes/yes/d/628/fd/A,bo/st/yes/no/m/646/fd/A,0.87
bo/st/yes/yes/d/628/fd/A,bo/so/no/yes/m/612/fd/U,0.06
bo/st/yes/yes/d/628/fd/A,bw/st/no/no/d/615/fd/U,0.34
bo/st/yes/yes/d/628/fd/A,bw/so/no/no/m/623/fd/U,0.31
bo/st/yes/yes/d/628/fd/A,bo/so/no/no/m/624/fd/U,0.06
bo/st/yes/yes/d/628/fd/A,bo/so/no/yes/m/660/fd/A,0.06
bo/st/yes/yes/d/628/fd/A,bo/st/no/yes/m/658/fd/A,0.63
bo/st/yes/yes/d/628/fd/A,bw/mu/no/no/m/667/fd/A,0.48
bo/st/yes/yes/d/628/fd/A,bw/st/no/yes/d/651/fd/A,0.51
bo/st/yes/yes/d/628/fd/A,bw/st/no/no/m/669/fd/A,0.34
bo/st/yes/yes/d/628/fd/A,bo/mu/no/yes/m/656/fd/A,0.55
bo/st/yes/yes/d/628/fd/A,bo/mu/no/yes/d/602/fd/U,0.55
bo/st/yes/yes/d/628/fd/A,bw/so/no/yes/d/605/fd/U,0.41
bo/st/yes/yes/d/628/fd/A,bw/st/yes/yes/m/633/fd/A,0.52
bo/st/yes/yes/d/628/fd/A,bo/st/yes/yes/m/634/fd/A,1.0
bo/st/yes/yes/d/628/fd/A,bo/mu/no/no/m/668/fd/A,0.47
bo/st/yes/yes/d/628/fd/A,bw/st/no/yes/m/657/fd/A,0.51
bo/st/yes/yes/d/628/fd/A,bo/mu/no/yes/d/650/fd/A,0.55
bo/st/yes/yes/d/628/fd/A,bw/so/no/yes/m/659/fd/A,0.41
bo/st/yes/yes/d/628/fd/A,bo/so/no/no/d/666/fd/A,0.06
bo/st/yes/yes/d/628/fd/A,bw/mu/no/no/d/661/fd/A,0.48
bo/st/yes/yes/d/628/fd/A,bw/so/yes/yes/m/635/fd/A,0.41
bo/st/yes/yes/d/628/fd/A,bo/mu/yes/yes/m/632/fd/A,0.64
bo/st/yes/yes/d/628/fd/A,bo/st/no/yes/d/604/fd/U,0.63
bo/st/yes/yes/d/628/fd/A,bw/st/no/yes/d/603/fd/U,0.51
bo/st/yes/yes/d/628/fd/A,bo/so/yes/yes/m/588/fd/U,0.48
bo/st/yes/yes/d/628/fd/A,bo/st/yes/yes/m/586/fd/U,1.0
bo/st/yes/yes/d/628/fd/A,bw/so/yes/yes/d/581/fd/U,0.41
bo/st/yes/yes/d/628/fd/A,bo/st/yes/yes/d/580/fd/U,1.0
bo/st/yes/yes/d/628/fd/A,bw/so/yes/yes/m/587/fd/U,0.41
bo/st/yes/yes/d/628/fd/A,bw/mu/yes/no/d/589/fd/U,0.52
bo/st/yes/yes/d/628/fd/A,bo/so/yes/no/d/594/fd/U,0.32
bo/st/yes/yes/d/628/fd/A,bw/so/yes/no/d/593/fd/U,0.3
bo/st/yes/yes/d/628/fd/A,bo/st/yes/no/d/592/fd/U,0.87
bo/st/yes/yes/d/628/fd/A,bw/mu/yes/no/m/595/fd/U,0.52
bo/st/yes/yes/d/628/fd/A,bw/st/no/no/m/621/fd/U,0.34
bo/st/yes/yes/d/628/fd/A,bw/mu/no/no/m/619/fd/U,0.48
bo/st/yes/yes/d/628/fd/A,bo/mu/yes/yes/d/626/fd/A,0.64
bo/st/yes/yes/d/628/fd/A,bo/st/no/yes/m/610/fd/U,0.63
bo/st/yes/yes/d/628/fd/A,bo/st/yes/yes/d/628/fd/A,1.0
bo/st/yes/yes/d/628/fd/A,bw/so/no/no/d/617/fd/U,0.31
bo/st/yes/yes/d/628/fd/A,bw/mu/yes/no/m/643/fd/A,0.52
bo/st/yes/yes/d/628/fd/A,bo/mu/yes/no/m/644/fd/A,0.61
bo/st/yes/yes/d/628/fd/A,bo/so/no/no/m/672/fd/A,0.06
bo/st/yes/yes/d/628/fd/A,bw/so/yes/yes/d/629/fd/A,0.41
bo/st/yes/yes/d/628/fd/A,bo/st/no/no/d/616/fd/U,0.6
bo/st/yes/yes/d/628/fd/A,bw/so/no/yes/m/611/fd/U,0.41
bo/st/yes/yes/d/628/fd/A,bo/so/no/no/d/618/fd/U,0.06
bo/st/yes/yes/d/628/fd/A,bw/st/yes/yes/d/627/fd/A,0.52
bo/st/yes/yes/d/628/fd/A,bo/mu/no/no/m/620/fd/U,0.47
bo/st/yes/yes/d/628/fd/A,bw/st/yes/no/m/645/fd/A,0.36
bo/st/yes/yes/d/628/fd/A,bo/so/yes/no/d/642/fd/A,0.32
bw/so/no/no/d/617/fd/U,bo/so/no/yes/d/606/fd/U,0.1
bw/so/no/no/d/617/fd/U,bw/st/yes/no/d/639/fd/A,0.28
bw/so/no/no/d/617/fd/U,bw/mu/no/yes/d/601/fd/U,0.25
bw/so/no/no/d/617/fd/U,bw/mu/yes/no/d/637/fd/A,0.25
bw/so/no/no/d/617/fd/U,bo/mu/no/yes/m/608/fd/U,0.24
bw/so/no/no/d/617/fd/U,bo/so/yes/yes/d/630/fd/A,0.46
bw/so/no/no/d/617/fd/U,bo/st/no/no/d/664/fd/A,0.29
bw/so/no/no/d/617/fd/U,bw/st/no/no/d/663/fd/A,0.28
bw/so/no/no/d/617/fd/U,bw/mu/no/yes/m/655/fd/A,0.25
bw/so/no/no/d/617/fd/U,bo/st/no/yes/d/652/fd/A,0.26
bw/so/no/no/d/617/fd/U,bw/mu/yes/yes/m/631/fd/A,0.26
bw/so/no/no/d/617/fd/U,bo/so/yes/yes/m/636/fd/A,0.46
bw/so/no/no/d/617/fd/U,bw/st/no/yes/m/609/fd/U,0.31
bw/so/no/no/d/617/fd/U,bo/so/yes/no/m/600/fd/U,0.71
bw/so/no/no/d/617/fd/U,bw/mu/no/yes/m/607/fd/U,0.25
bw/so/no/no/d/617/fd/U,bo/mu/yes/no/d/638/fd/A,0.26
bw/so/no/no/d/617/fd/U,bw/so/no/yes/d/653/fd/A,0.64
bw/so/no/no/d/617/fd/U,bo/so/no/yes/d/654/fd/A,0.1
bw/so/no/no/d/617/fd/U,bo/mu/no/no/d/662/fd/A,0.22
bw/so/no/no/d/617/fd/U,bw/so/no/no/d/665/fd/A,1.0
bw/so/no/no/d/617/fd/U,bo/mu/yes/yes/d/578/fd/U,0.27
bw/so/no/no/d/617/fd/U,bo/so/yes/yes/d/582/fd/U,0.46
bw/so/no/no/d/617/fd/U,bw/st/yes/yes/m/585/fd/U,0.31
bw/so/no/no/d/617/fd/U,bo/mu/yes/yes/m/584/fd/U,0.27
bw/so/no/no/d/617/fd/U,bw/mu/yes/yes/m/583/fd/U,0.26
bw/so/no/no/d/617/fd/U,bw/mu/yes/yes/d/577/fd/U,0.26
bw/so/no/no/d/617/fd/U,bw/st/yes/yes/d/579/fd/U,0.31
bw/so/no/no/d/617/fd/U,bo/mu/yes/no/d/590/fd/U,0.26
bw/so/no/no/d/617/fd/U,bw/st/yes/no/m/597/fd/U,0.28
bw/so/no/no/d/617/fd/U,bw/so/yes/no/m/599/fd/U,0.87
bw/so/no/no/d/617/fd/U,bo/st/yes/no/m/598/fd/U,0.33
bw/so/no/no/d/617/fd/U,bo/mu/yes/no/m/596/fd/U,0.26
bw/so/no/no/d/617/fd/U,bw/st/yes/no/d/591/fd/U,0.28
bw/so/no/no/d/617/fd/U,bw/so/yes/no/m/647/fd/A,0.87
bw/so/no/no/d/617/fd/U,bo/st/yes/no/d/640/fd/A,0.33
bw/so/no/no/d/617/fd/U,bw/mu/no/yes/d/649/fd/A,0.25
bw/so/no/no/d/617/fd/U,bw/so/no/no/m/671/fd/A,1.0
bw/so/no/no/d/617/fd/U,bw/mu/yes/yes/d/625/fd/A,0.26
bw/so/no/no/d/617/fd/U,bo/st/no/no/m/622/fd/U,0.29
bw/so/no/no/d/617/fd/U,bo/mu/no/no/d/614/fd/U,0.22
bw/so/no/no/d/617/fd/U,bw/mu/no/no/d/613/fd/U,0.25
bw/so/no/no/d/617/fd/U,bo/st/no/no/m/670/fd/A,0.29
bw/so/no/no/d/617/fd/U,bo/so/yes/no/m/648/fd/A,0.71
bw/so/no/no/d/617/fd/U,bw/so/yes/no/d/641/fd/A,0.87
bw/so/no/no/d/617/fd/U,bo/st/yes/no/m/646/fd/A,0.33
bw/so/no/no/d/617/fd/U,bo/so/no/yes/m/612/fd/U,0.1
bw/so/no/no/d/617/fd/U,bw/st/no/no/d/615/fd/U,0.28
bw/so/no/no/d/617/fd/U,bw/so/no/no/m/623/fd/U,1.0
bw/so/no/no/d/617/fd/U,bo/so/no/no/m/624/fd/U,0.17
bw/so/no/no/d/617/fd/U,bo/so/no/yes/m/660/fd/A,0.1
bw/so/no/no/d/617/fd/U,bo/st/no/yes/m/658/fd/A,0.26
bw/so/no/no/d/617/fd/U,bw/mu/no/no/m/667/fd/A,0.25
bw/so/no/no/d/617/fd/U,bw/st/no/yes/d/651/fd/A,0.31
bw/so/no/no/d/617/fd/U,bw/st/no/no/m/669/fd/A,0.28
bw/so/no/no/d/617/fd/U,bo/mu/no/yes/m/656/fd/A,0.24
bw/so/no/no/d/617/fd/U,bo/mu/no/yes/d/602/fd/U,0.24
bw/so/no/no/d/617/fd/U,bw/so/no/yes/d/605/fd/U,0.64
bw/so/no/no/d/617/fd/U,bw/st/yes/yes/m/633/fd/A,0.31
bw/so/no/no/d/617/fd/U,bo/st/yes/yes/m/634/fd/A,0.31
bw/so/no/no/d/617/fd/U,bo/mu/no/no/m/668/fd/A,0.22
bw/so/no/no/d/617/fd/U,bw/st/no/yes/m/657/fd/A,0.31
bw/so/no/no/d/617/fd/U,bo/mu/no/yes/d/650/fd/A,0.24
bw/so/no/no/d/617/fd/U,bw/so/no/yes/m/659/fd/A,0.64
bw/so/no/no/d/617/fd/U,bo/so/no/no/d/666/fd/A,0.17
bw/so/no/no/d/617/fd/U,bw/mu/no/no/d/661/fd/A,0.25
bw/so/no/no/d/617/fd/U,bw/so/yes/yes/m/635/fd/A,0.58
bw/so/no/no/d/617/fd/U,bo/mu/yes/yes/m/632/fd/A,0.27
bw/so/no/no/d/617/fd/U,bo/st/no/yes/d/604/fd/U,0.26
bw/so/no/no/d/617/fd/U,bw/st/no/yes/d/603/fd/U,0.31
bw/so/no/no/d/617/fd/U,bo/so/yes/yes/m/588/fd/U,0.46
bw/so/no/no/d/617/fd/U,bo/st/yes/yes/m/586/fd/U,0.31
bw/so/no/no/d/617/fd/U,bw/so/yes/yes/d/581/fd/U,0.58
bw/so/no/no/d/617/fd/U,bo/st/yes/yes/d/580/fd/U,0.31
bw/so/no/no/d/617/fd/U,bw/so/yes/yes/m/587/fd/U,0.58
bw/so/no/no/d/617/fd/U,bw/mu/yes/no/d/589/fd/U,0.25
bw/so/no/no/d/617/fd/U,bo/so/yes/no/d/594/fd/U,0.71
bw/so/no/no/d/617/fd/U,bw/so/yes/no/d/593/fd/U,0.87
bw/so/no/no/d/617/fd/U,bo/st/yes/no/d/592/fd/U,0.33
bw/so/no/no/d/617/fd/U,bw/mu/yes/no/m/595/fd/U,0.25
bw/so/no/no/d/617/fd/U,bw/st/no/no/m/621/fd/U,0.28
bw/so/no/no/d/617/fd/U,bw/mu/no/no/m/619/fd/U,0.25
bw/so/no/no/d/617/fd/U,bo/mu/yes/yes/d/626/fd/A,0.27
bw/so/no/no/d/617/fd/U,bo/st/no/yes/m/610/fd/U,0.26
bw/so/no/no/d/617/fd/U,bo/st/yes/yes/d/628/fd/A,0.31
bw/so/no/no/d/617/fd/U,bw/so/no/no/d/617/fd/U,1.0
bw/so/no/no/d/617/fd/U,bw/mu/yes/no/m/643/fd/A,0.25
bw/so/no/no/d/617/fd/U,bo/mu/yes/no/m/644/fd/A,0.26
bw/so/no/no/d/617/fd/U,bo/so/no/no/m/672/fd/A,0.17
bw/so/no/no/d/617/fd/U,bw/so/yes/yes/d/629/fd/A,0.58
bw/so/no/no/d/617/fd/U,bo/st/no/no/d/616/fd/U,0.29
bw/so/no/no/d/617/fd/U,bw/so/no/yes/m/611/fd/U,0.64
bw/so/no/no/d/617/fd/U,bo/so/no/no/d/618/fd/U,0.17
bw/so/no/no/d/617/fd/U,bw/st/yes/yes/d/627/fd/A,0.31
bw/so/no/no/d/617/fd/U,bo/mu/no/no/m/620/fd/U,0.22
bw/so/no/no/d/617/fd/U,bw/st/yes/no/m/645/fd/A,0.28
bw/so/no/no/d/617/fd/U,bo/so/yes/no/d/642/fd/A,0.71
bw/mu/yes/no/m/643/fd/A,bo/so/no/yes/d/606/fd/U,0.04
bw/mu/yes/no/m/643/fd/A,bw/st/yes/no/d/639/fd/A,0.37
bw/mu/yes/no/m/643/fd/A,bw/mu/no/yes/d/601/fd/U,0.83
bw/mu/yes/no/m/643/fd/A,bw/mu/yes/no/d/637/fd/A,1.0
bw/mu/yes/no/m/643/fd/A,bo/mu/no/yes/m/608/fd/U,0.66
bw/mu/yes/no/m/643/fd/A,bo/so/yes/yes/d/630/fd/A,0.34
bw/mu/yes/no/m/643/fd/A,bo/st/no/no/d/664/fd/A,0.47
bw/mu/yes/no/m/643/fd/A,bw/st/no/no/d/663/fd/A,0.36
bw/mu/yes/no/m/643/fd/A,bw/mu/no/yes/m/655/fd/A,0.83
bw/mu/yes/no/m/643/fd/A,bo/st/no/yes/d/652/fd/A,0.5
bw/mu/yes/no/m/643/fd/A,bw/mu/yes/yes/m/631/fd/A,0.89
bw/mu/yes/no/m/643/fd/A,bo/so/yes/yes/m/636/fd/A,0.34
bw/mu/yes/no/m/643/fd/A,bw/st/no/yes/m/609/fd/U,0.46
bw/mu/yes/no/m/643/fd/A,bo/so/yes/no/m/600/fd/U,0.25
bw/mu/yes/no/m/643/fd/A,bw/mu/no/yes/m/607/fd/U,0.83
bw/mu/yes/no/m/643/fd/A,bo/mu/yes/no/d/638/fd/A,0.76
bw/mu/yes/no/m/643/fd/A,bw/so/no/yes/d/653/fd/A,0.32
bw/mu/yes/no/m/643/fd/A,bo/so/no/yes/d/654/fd/A,0.04
bw/mu/yes/no/m/643/fd/A,bo/mu/no/no/d/662/fd/A,0.62
bw/mu/yes/no/m/643/fd/A,bw/so/no/no/d/665/fd/A,0.25
bw/mu/yes/no/m/643/fd/A,bo/mu/yes/yes/d/578/fd/U,0.72
bw/mu/yes/no/m/643/fd/A,bo/so/yes/yes/d/582/fd/U,0.34
bw/mu/yes/no/m/643/fd/A,bw/st/yes/yes/m/585/fd/U,0.46
bw/mu/yes/no/m/643/fd/A,bo/mu/yes/yes/m/584/fd/U,0.72
bw/mu/yes/no/m/643/fd/A,bw/mu/yes/yes/m/583/fd/U,0.89
bw/mu/yes/no/m/643/fd/A,bw/mu/yes/yes/d/577/fd/U,0.89
bw/mu/yes/no/m/643/fd/A,bw/st/yes/yes/d/579/fd/U,0.46
bw/mu/yes/no/m/643/fd/A,bo/mu/yes/no/d/590/fd/U,0.76
bw/mu/yes/no/m/643/fd/A,bw/st/yes/no/m/597/fd/U,0.37
bw/mu/yes/no/m/643/fd/A,bw/so/yes/no/m/599/fd/U,0.24
bw/mu/yes/no/m/643/fd/A,bo/st/yes/no/m/598/fd/U,0.49
bw/mu/yes/no/m/643/fd/A,bo/mu/yes/no/m/596/fd/U,0.76
bw/mu/yes/no/m/643/fd/A,bw/st/yes/no/d/591/fd/U,0.37
bw/mu/yes/no/m/643/fd/A,bw/so/yes/no/m/647/fd/A,0.24
bw/mu/yes/no/m/643/fd/A,bo/st/yes/no/d/640/fd/A,0.49
bw/mu/yes/no/m/643/fd/A,bw/mu/no/yes/d/649/fd/A,0.83
bw/mu/yes/no/m/643/fd/A,bw/so/no/no/m/671/fd/A,0.25
bw/mu/yes/no/m/643/fd/A,bw/mu/yes/yes/d/625/fd/A,0.89
bw/mu/yes/no/m/643/fd/A,bo/st/no/no/m/622/fd/U,0.47
bw/mu/yes/no/m/643/fd/A,bo/mu/no/no/d/614/fd/U,0.62
bw/mu/yes/no/m/643/fd/A,bw/mu/no/no/d/613/fd/U,0.89
bw/mu/yes/no/m/643/fd/A,bo/st/no/no/m/670/fd/A,0.47
bw/mu/yes/no/m/643/fd/A,bo/so/yes/no/m/648/fd/A,0.25
bw/mu/yes/no/m/643/fd/A,bw/so/yes/no/d/641/fd/A,0.24
bw/mu/yes/no/m/643/fd/A,bo/st/yes/no/m/646/fd/A,0.49
bw/mu/yes/no/m/643/fd/A,bo/so/no/yes/m/612/fd/U,0.04
bw/mu/yes/no/m/643/fd/A,bw/st/no/no/d/615/fd/U,0.36
bw/mu/yes/no/m/643/fd/A,bw/so/no/no/m/623/fd/U,0.25
bw/mu/yes/no/m/643/fd/A,bo/so/no/no/m/624/fd/U,0.04
bw/mu/yes/no/m/643/fd/A,bo/so/no/yes/m/660/fd/A,0.04
bw/mu/yes/no/m/643/fd/A,bo/st/no/yes/m/658/fd/A,0.5
bw/mu/yes/no/m/643/fd/A,bw/mu/no/no/m/667/fd/A,0.89
bw/mu/yes/no/m/643/fd/A,bw/st/no/yes/d/651/fd/A,0.46
bw/mu/yes/no/m/643/fd/A,bw/st/no/no/m/669/fd/A,0.36
bw/mu/yes/no/m/643/fd/A,bo/mu/no/yes/m/656/fd/A,0.66
bw/mu/yes/no/m/643/fd/A,bo/mu/no/yes/d/602/fd/U,0.66
bw/mu/yes/no/m/643/fd/A,bw/so/no/yes/d/605/fd/U,0.32
bw/mu/yes/no/m/643/fd/A,bw/st/yes/yes/m/633/fd/A,0.46
bw/mu/yes/no/m/643/fd/A,bo/st/yes/yes/m/634/fd/A,0.52
bw/mu/yes/no/m/643/fd/A,bo/mu/no/no/m/668/fd/A,0.62
bw/mu/yes/no/m/643/fd/A,bw/st/no/yes/m/657/fd/A,0.46
bw/mu/yes/no/m/643/fd/A,bo/mu/no/yes/d/650/fd/A,0.66
bw/mu/yes/no/m/643/fd/A,bw/so/no/yes/m/659/fd/A,0.32
bw/mu/yes/no/m/643/fd/A,bo/so/no/no/d/666/fd/A,0.04
bw/mu/yes/no/m/643/fd/A,bw/mu/no/no/d/661/fd/A,0.89
bw/mu/yes/no/m/643/fd/A,bw/so/yes/yes/m/635/fd/A,0.31
bw/mu/yes/no/m/643/fd/A,bo/mu/yes/yes/m/632/fd/A,0.72
bw/mu/yes/no/m/643/fd/A,bo/st/no/yes/d/604/fd/U,0.5
bw/mu/yes/no/m/643/fd/A,bw/st/no/yes/d/603/fd/U,0.46
bw/mu/yes/no/m/643/fd/A,bo/so/yes/yes/m/588/fd/U,0.34
bw/mu/yes/no/m/643/fd/A,bo/st/yes/yes/m/586/fd/U,0.52
bw/mu/yes/no/m/643/fd/A,bw/so/yes/yes/d/581/fd/U,0.31
bw/mu/yes/no/m/643/fd/A,bo/st/yes/yes/d/580/fd/U,0.52
bw/mu/yes/no/m/643/fd/A,bw/so/yes/yes/m/587/fd/U,0.31
bw/mu/yes/no/m/643/fd/A,bw/mu/yes/no/d/589/fd/U,1.0
bw/mu/yes/no/m/643/fd/A,bo/so/yes/no/d/594/fd/U,0.25
bw/mu/yes/no/m/643/fd/A,bw/so/yes/no/d/593/fd/U,0.24
bw/mu/yes/no/m/643/fd/A,bo/st/yes/no/d/592/fd/U,0.49
bw/mu/yes/no/m/643/fd/A,bw/mu/yes/no/m/595/fd/U,1.0
bw/mu/yes/no/m/643/fd/A,bw/st/no/no/m/621/fd/U,0.36
bw/mu/yes/no/m/643/fd/A,bw/mu/no/no/m/619/fd/U,0.89
bw/mu/yes/no/m/643/fd/A,bo/mu/yes/yes/d/626/fd/A,0.72
bw/mu/yes/no/m/643/fd/A,bo/st/no/yes/m/610/fd/U,0.5
bw/mu/yes/no/m/643/fd/A,bo/st/yes/yes/d/628/fd/A,0.52
bw/mu/yes/no/m/643/fd/A,bw/so/no/no/d/617/fd/U,0.25
bw/mu/yes/no/m/643/fd/A,bw/mu/yes/no/m/643/fd/A,1.0
bw/mu/yes/no/m/643/fd/A,bo/mu/yes/no/m/644/fd/A,0.76
bw/mu/yes/no/m/643/fd/A,bo/so/no/no/m/672/fd/A,0.04
bw/mu/yes/no/m/643/fd/A,bw/so/yes/yes/d/629/fd/A,0.31
bw/mu/yes/no/m/643/fd/A,bo/st/no/no/d/616/fd/U,0.47
bw/mu/yes/no/m/643/fd/A,bw/so/no/yes/m/611/fd/U,0.32
bw/mu/yes/no/m/643/fd/A,bo/so/no/no/d/618/fd/U,0.04
bw/mu/yes/no/m/643/fd/A,bw/st/yes/yes/d/627/fd/A,0.46
bw/mu/yes/no/m/643/fd/A,bo/mu/no/no/m/620/fd/U,0.62
bw/mu/yes/no/m/643/fd/A,bw/st/yes/no/m/645/fd/A,0.37
bw/mu/yes/no/m/643/fd/A,bo/so/yes/no/d/642/fd/A,0.25
bo/mu/yes/no/m/644/fd/A,bo/so/no/yes/d/606/fd/U,0.05
bo/mu/yes/no/m/644/fd/A,bw/st/yes/no/d/639/fd/A,0.31
bo/mu/yes/no/m/644/fd/A,bw/mu/no/yes/d/601/fd/U,0.73
bo/mu/yes/no/m/644/fd/A,bw/mu/yes/no/d/637/fd/A,0.76
bo/mu/yes/no/m/644/fd/A,bo/mu/no/yes/m/608/fd/U,0.74
bo/mu/yes/no/m/644/fd/A,bo/so/yes/yes/d/630/fd/A,0.39
bo/mu/yes/no/m/644/fd/A,bo/st/no/no/d/664/fd/A,0.55
bo/mu/yes/no/m/644/fd/A,bw/st/no/no/d/663/fd/A,0.31
bo/mu/yes/no/m/644/fd/A,bw/mu/no/yes/m/655/fd/A,0.73
bo/mu/yes/no/m/644/fd/A,bo/st/no/yes/d/652/fd/A,0.6
bo/mu/yes/no/m/644/fd/A,bw/mu/yes/yes/m/631/fd/A,0.8
bo/mu/yes/no/m/644/fd/A,bo/so/yes/yes/m/636/fd/A,0.39
bo/mu/yes/no/m/644/fd/A,bw/st/no/yes/m/609/fd/U,0.44
bo/mu/yes/no/m/644/fd/A,bo/so/yes/no/m/600/fd/U,0.27
bo/mu/yes/no/m/644/fd/A,bw/mu/no/yes/m/607/fd/U,0.73
bo/mu/yes/no/m/644/fd/A,bo/mu/yes/no/d/638/fd/A,1.0
bo/mu/yes/no/m/644/fd/A,bw/so/no/yes/d/653/fd/A,0.34
bo/mu/yes/no/m/644/fd/A,bo/so/no/yes/d/654/fd/A,0.05
bo/mu/yes/no/m/644/fd/A,bo/mu/no/no/d/662/fd/A,0.62
bo/mu/yes/no/m/644/fd/A,bw/so/no/no/d/665/fd/A,0.26
bo/mu/yes/no/m/644/fd/A,bo/mu/yes/yes/d/578/fd/U,0.93
bo/mu/yes/no/m/644/fd/A,bo/so/yes/yes/d/582/fd/U,0.39
bo/mu/yes/no/m/644/fd/A,bw/st/yes/yes/m/585/fd/U,0.43
bo/mu/yes/no/m/644/fd/A,bo/mu/yes/yes/m/584/fd/U,0.93
bo/mu/yes/no/m/644/fd/A,bw/mu/yes/yes/m/583/fd/U,0.8
bo/mu/yes/no/m/644/fd/A,bw/mu/yes/yes/d/577/fd/U,0.8
bo/mu/yes/no/m/644/fd/A,bw/st/yes/yes/d/579/fd/U,0.43
bo/mu/yes/no/m/644/fd/A,bo/mu/yes/no/d/590/fd/U,1.0
bo/mu/yes/no/m/644/fd/A,bw/st/yes/no/m/597/fd/U,0.31
bo/mu/yes/no/m/644/fd/A,bw/so/yes/no/m/599/fd/U,0.25
bo/mu/yes/no/m/644/fd/A,bo/st/yes/no/m/598/fd/U,0.57
bo/mu/yes/no/m/644/fd/A,bo/mu/yes/no/m/596/fd/U,1.0
bo/mu/yes/no/m/644/fd/A,bw/st/yes/no/d/591/fd/U,0.31
bo/mu/yes/no/m/644/fd/A,bw/so/yes/no/m/647/fd/A,0.25
bo/mu/yes/no/m/644/fd/A,bo/st/yes/no/d/640/fd/A,0.57
bo/mu/yes/no/m/644/fd/A,bw/mu/no/yes/d/649/fd/A,0.73
bo/mu/yes/no/m/644/fd/A,bw/so/no/no/m/671/fd/A,0.26
bo/mu/yes/no/m/644/fd/A,bw/mu/yes/yes/d/625/fd/A,0.8
bo/mu/yes/no/m/644/fd/A,bo/st/no/no/m/622/fd/U,0.55
bo/mu/yes/no/m/644/fd/A,bo/mu/no/no/d/614/fd/U,0.62
bo/mu/yes/no/m/644/fd/A,bw/mu/no/no/d/613/fd/U,0.7
bo/mu/yes/no/m/644/fd/A,bo/st/no/no/m/670/fd/A,0.55
bo/mu/yes/no/m/644/fd/A,bo/so/yes/no/m/648/fd/A,0.27
bo/mu/yes/no/m/644/fd/A,bw/so/yes/no/d/641/fd/A,0.25
bo/mu/yes/no/m/644/fd/A,bo/st/yes/no/m/646/fd/A,0.57
bo/mu/yes/no/m/644/fd/A,bo/so/no/yes/m/612/fd/U,0.05
bo/mu/yes/no/m/644/fd/A,bw/st/no/no/d/615/fd/U,0.31
bo/mu/yes/no/m/644/fd/A,bw/so/no/no/m/623/fd/U,0.26
bo/mu/yes/no/m/644/fd/A,bo/so/no/no/m/624/fd/U,0.04
bo/mu/yes/no/m/644/fd/A,bo/so/no/yes/m/660/fd/A,0.05
bo/mu/yes/no/m/644/fd/A,bo/st/no/yes/m/658/fd/A,0.6
bo/mu/yes/no/m/644/fd/A,bw/mu/no/no/m/667/fd/A,0.7
bo/mu/yes/no/m/644/fd/A,bw/st/no/yes/d/651/fd/A,0.44
bo/mu/yes/no/m/644/fd/A,bw/st/no/no/m/669/fd/A,0.31
bo/mu/yes/no/m/644/fd/A,bo/mu/no/yes/m/656/fd/A,0.74
bo/mu/yes/no/m/644/fd/A,bo/mu/no/yes/d/602/fd/U,0.74
bo/mu/yes/no/m/644/fd/A,bw/so/no/yes/d/605/fd/U,0.34
bo/mu/yes/no/m/644/fd/A,bw/st/yes/yes/m/633/fd/A,0.43
bo/mu/yes/no/m/644/fd/A,bo/st/yes/yes/m/634/fd/A,0.61
bo/mu/yes/no/m/644/fd/A,bo/mu/no/no/m/668/fd/A,0.62
bo/mu/yes/no/m/644/fd/A,bw/st/no/yes/m/657/fd/A,0.44
bo/mu/yes/no/m/644/fd/A,bo/mu/no/yes/d/650/fd/A,0.74
bo/mu/yes/no/m/644/fd/A,bw/so/no/yes/m/659/fd/A,0.34
bo/mu/yes/no/m/644/fd/A,bo/so/no/no/d/666/fd/A,0.04
bo/mu/yes/no/m/644/fd/A,bw/mu/no/no/d/661/fd/A,0.7
bo/mu/yes/no/m/644/fd/A,bw/so/yes/yes/m/635/fd/A,0.33
bo/mu/yes/no/m/644/fd/A,bo/mu/yes/yes/m/632/fd/A,0.93
bo/mu/yes/no/m/644/fd/A,bo/st/no/yes/d/604/fd/U,0.6
bo/mu/yes/no/m/644/fd/A,bw/st/no/yes/d/603/fd/U,0.44
bo/mu/yes/no/m/644/fd/A,bo/so/yes/yes/m/588/fd/U,0.39
bo/mu/yes/no/m/644/fd/A,bo/st/yes/yes/m/586/fd/U,0.61
bo/mu/yes/no/m/644/fd/A,bw/so/yes/yes/d/581/fd/U,0.33
bo/mu/yes/no/m/644/fd/A,bo/st/yes/yes/d/580/fd/U,0.61
bo/mu/yes/no/m/644/fd/A,bw/so/yes/yes/m/587/fd/U,0.33
bo/mu/yes/no/m/644/fd/A,bw/mu/yes/no/d/589/fd/U,0.76
bo/mu/yes/no/m/644/fd/A,bo/so/yes/no/d/594/fd/U,0.27
bo/mu/yes/no/m/644/fd/A,bw/so/yes/no/d/593/fd/U,0.25
bo/mu/yes/no/m/644/fd/A,bo/st/yes/no/d/592/fd/U,0.57
bo/mu/yes/no/m/644/fd/A,bw/mu/yes/no/m/595/fd/U,0.76
bo/mu/yes/no/m/644/fd/A,bw/st/no/no/m/621/fd/U,0.31
bo/mu/yes/no/m/644/fd/A,bw/mu/no/no/m/619/fd/U,0.7
bo/mu/yes/no/m/644/fd/A,bo/mu/yes/yes/d/626/fd/A,0.93
bo/mu/yes/no/m/644/fd/A,bo/st/no/yes/m/610/fd/U,0.6
bo/mu/yes/no/m/644/fd/A,bo/st/yes/yes/d/628/fd/A,0.61
bo/mu/yes/no/m/644/fd/A,bw/so/no/no/d/617/fd/U,0.26
bo/mu/yes/no/m/644/fd/A,bw/mu/yes/no/m/643/fd/A,0.76
bo/mu/yes/no/m/644/fd/A,bo/mu/yes/no/m/644/fd/A,1.0
bo/mu/yes/no/m/644/fd/A,bo/so/no/no/m/672/fd/A,0.04
bo/mu/yes/no/m/644/fd/A,bw/so/yes/yes/d/629/fd/A,0.33
bo/mu/yes/no/m/644/fd/A,bo/st/no/no/d/616/fd/U,0.55
bo/mu/yes/no/m/644/fd/A,bw/so/no/yes/m/611/fd/U,0.34
bo/mu/yes/no/m/644/fd/A,bo/so/no/no/d/618/fd/U,0.04
bo/mu/yes/no/m/644/fd/A,bw/st/yes/yes/d/627/fd/A,0.43
bo/mu/yes/no/m/644/fd/A,bo/mu/no/no/m/620/fd/U,0.62
bo/mu/yes/no/m/644/fd/A,bw/st/yes/no/m/645/fd/A,0.31
bo/mu/yes/no/m/644/fd/A,bo/so/yes/no/d/642/fd/A,0.27
bo/so/no/no/m/672/fd/A,bo/so/no/yes/d/606/fd/U,0.44
bo/so/no/no/m/672/fd/A,bw/st/yes/no/d/639/fd/A,0.05
bo/so/no/no/m/672/fd/A,bw/mu/no/yes/d/601/fd/U,0.04
bo/so/no/no/m/672/fd/A,bw/mu/yes/no/d/637/fd/A,0.04
bo/so/no/no/m/672/fd/A,bo/mu/no/yes/m/608/fd/U,0.04
bo/so/no/no/m/672/fd/A,bo/so/yes/yes/d/630/fd/A,0.14
bo/so/no/no/m/672/fd/A,bo/st/no/no/d/664/fd/A,0.08
bo/so/no/no/m/672/fd/A,bw/st/no/no/d/663/fd/A,0.05
bo/so/no/no/m/672/fd/A,bw/mu/no/yes/m/655/fd/A,0.04
bo/so/no/no/m/672/fd/A,bo/st/no/yes/d/652/fd/A,0.05
bo/so/no/no/m/672/fd/A,bw/mu/yes/yes/m/631/fd/A,0.04
bo/so/no/no/m/672/fd/A,bo/so/yes/yes/m/636/fd/A,0.14
bo/so/no/no/m/672/fd/A,bw/st/no/yes/m/609/fd/U,0.06
bo/so/no/no/m/672/fd/A,bo/so/yes/no/m/600/fd/U,0.19
bo/so/no/no/m/672/fd/A,bw/mu/no/yes/m/607/fd/U,0.04
bo/so/no/no/m/672/fd/A,bo/mu/yes/no/d/638/fd/A,0.04
bo/so/no/no/m/672/fd/A,bw/so/no/yes/d/653/fd/A,0.14
bo/so/no/no/m/672/fd/A,bo/so/no/yes/d/654/fd/A,0.44
bo/so/no/no/m/672/fd/A,bo/mu/no/no/d/662/fd/A,0.03
bo/so/no/no/m/672/fd/A,bw/so/no/no/d/665/fd/A,0.17
bo/so/no/no/m/672/fd/A,bo/mu/yes/yes/d/578/fd/U,0.04
bo/so/no/no/m/672/fd/A,bo/so/yes/yes/d/582/fd/U,0.14
bo/so/no/no/m/672/fd/A,bw/st/yes/yes/m/585/fd/U,0.06
bo/so/no/no/m/672/fd/A,bo/mu/yes/yes/m/584/fd/U,0.04
bo/so/no/no/m/672/fd/A,bw/mu/yes/yes/m/583/fd/U,0.04
bo/so/no/no/m/672/fd/A,bw/mu/yes/yes/d/577/fd/U,0.04
bo/so/no/no/m/672/fd/A,bw/st/yes/yes/d/579/fd/U,0.06
bo/so/no/no/m/672/fd/A,bo/mu/yes/no/d/590/fd/U,0.04
bo/so/no/no/m/672/fd/A,bw/st/yes/no/m/597/fd/U,0.05
bo/so/no/no/m/672/fd/A,bw/so/yes/no/m/599/fd/U,0.16
bo/so/no/no/m/672/fd/A,bo/st/yes/no/m/598/fd/U,0.07
bo/so/no/no/m/672/fd/A,bo/mu/yes/no/m/596/fd/U,0.04
bo/so/no/no/m/672/fd/A,bw/st/yes/no/d/591/fd/U,0.05
bo/so/no/no/m/672/fd/A,bw/so/yes/no/m/647/fd/A,0.16
bo/so/no/no/m/672/fd/A,bo/st/yes/no/d/640/fd/A,0.07
bo/so/no/no/m/672/fd/A,bw/mu/no/yes/d/649/fd/A,0.04
bo/so/no/no/m/672/fd/A,bw/so/no/no/m/671/fd/A,0.17
bo/so/no/no/m/672/fd/A,bw/mu/yes/yes/d/625/fd/A,0.04
bo/so/no/no/m/672/fd/A,bo/st/no/no/m/622/fd/U,0.08
bo/so/no/no/m/672/fd/A,bo/mu/no/no/d/614/fd/U,0.03
bo/so/no/no/m/672/fd/A,bw/mu/no/no/d/613/fd/U,0.03
bo/so/no/no/m/672/fd/A,bo/st/no/no/m/670/fd/A,0.08
bo/so/no/no/m/672/fd/A,bo/so/yes/no/m/648/fd/A,0.19
bo/so/no/no/m/672/fd/A,bw/so/yes/no/d/641/fd/A,0.16
bo/so/no/no/m/672/fd/A,bo/st/yes/no/m/646/fd/A,0.07
bo/so/no/no/m/672/fd/A,bo/so/no/yes/m/612/fd/U,0.44
bo/so/no/no/m/672/fd/A,bw/st/no/no/d/615/fd/U,0.05
bo/so/no/no/m/672/fd/A,bw/so/no/no/m/623/fd/U,0.17
bo/so/no/no/m/672/fd/A,bo/so/no/no/m/624/fd/U,1.0
bo/so/no/no/m/672/fd/A,bo/so/no/yes/m/660/fd/A,0.44
bo/so/no/no/m/672/fd/A,bo/st/no/yes/m/658/fd/A,0.05
bo/so/no/no/m/672/fd/A,bw/mu/no/no/m/667/fd/A,0.03
bo/so/no/no/m/672/fd/A,bw/st/no/yes/d/651/fd/A,0.06
bo/so/no/no/m/672/fd/A,bw/st/no/no/m/669/fd/A,0.05
bo/so/no/no/m/672/fd/A,bo/mu/no/yes/m/656/fd/A,0.04
bo/so/no/no/m/672/fd/A,bo/mu/no/yes/d/602/fd/U,0.04
bo/so/no/no/m/672/fd/A,bw/so/no/yes/d/605/fd/U,0.14
bo/so/no/no/m/672/fd/A,bw/st/yes/yes/m/633/fd/A,0.06
bo/so/no/no/m/672/fd/A,bo/st/yes/yes/m/634/fd/A,0.06
bo/so/no/no/m/672/fd/A,bo/mu/no/no/m/668/fd/A,0.03
bo/so/no/no/m/672/fd/A,bw/st/no/yes/m/657/fd/A,0.06
bo/so/no/no/m/672/fd/A,bo/mu/no/yes/d/650/fd/A,0.04
bo/so/no/no/m/672/fd/A,bw/so/no/yes/m/659/fd/A,0.14
bo/so/no/no/m/672/fd/A,bo/so/no/no/d/666/fd/A,1.0
bo/so/no/no/m/672/fd/A,bw/mu/no/no/d/661/fd/A,0.03
bo/so/no/no/m/672/fd/A,bw/so/yes/yes/m/635/fd/A,0.12
bo/so/no/no/m/672/fd/A,bo/mu/yes/yes/m/632/fd/A,0.04
bo/so/no/no/m/672/fd/A,bo/st/no/yes/d/604/fd/U,0.05
bo/so/no/no/m/672/fd/A,bw/st/no/yes/d/603/fd/U,0.06
bo/so/no/no/m/672/fd/A,bo/so/yes/yes/m/588/fd/U,0.14
bo/so/no/no/m/672/fd/A,bo/st/yes/yes/m/586/fd/U,0.06
bo/so/no/no/m/672/fd/A,bw/so/yes/yes/d/581/fd/U,0.12
bo/so/no/no/m/672/fd/A,bo/st/yes/yes/d/580/fd/U,0.06
bo/so/no/no/m/672/fd/A,bw/so/yes/yes/m/587/fd/U,0.12
bo/so/no/no/m/672/fd/A,bw/mu/yes/no/d/589/fd/U,0.04
bo/so/no/no/m/672/fd/A,bo/so/yes/no/d/594/fd/U,0.19
bo/so/no/no/m/672/fd/A,bw/so/yes/no/d/593/fd/U,0.16
bo/so/no/no/m/672/fd/A,bo/st/yes/no/d/592/fd/U,0.07
bo/so/no/no/m/672/fd/A,bw/mu/yes/no/m/595/fd/U,0.04
bo/so/no/no/m/672/fd/A,bw/st/no/no/m/621/fd/U,0.05
bo/so/no/no/m/672/fd/A,bw/mu/no/no/m/619/fd/U,0.03
bo/so/no/no/m/672/fd/A,bo/mu/yes/yes/d/626/fd/A,0.04
bo/so/no/no/m/672/fd/A,bo/st/no/yes/m/610/fd/U,0.05
bo/so/no/no/m/672/fd/A,bo/st/yes/yes/d/628/fd/A,0.06
bo/so/no/no/m/672/fd/A,bw/so/no/no/d/617/fd/U,0.17
bo/so/no/no/m/672/fd/A,bw/mu/yes/no/m/643/fd/A,0.04
bo/so/no/no/m/672/fd/A,bo/mu/yes/no/m/644/fd/A,0.04
bo/so/no/no/m/672/fd/A,bo/so/no/no/m/672/fd/A,1.0
bo/so/no/no/m/672/fd/A,bw/so/yes/yes/d/629/fd/A,0.12
bo/so/no/no/m/672/fd/A,bo/st/no/no/d/616/fd/U,0.08
bo/so/no/no/m/672/fd/A,bw/so/no/yes/m/611/fd/U,0.14
bo/so/no/no/m/672/fd/A,bo/so/no/no/d/618/fd/U,1.0
bo/so/no/no/m/672/fd/A,bw/st/yes/yes/d/627/fd/A,0.06
bo/so/no/no/m/672/fd/A,bo/mu/no/no/m/620/fd/U,0.03
bo/so/no/no/m/672/fd/A,bw/st/yes/no/m/645/fd/A,0.05
bo/so/no/no/m/672/fd/A,bo/so/yes/no/d/642/fd/A,0.19
bw/so/yes/yes/d/629/fd/A,bo/so/no/yes/d/606/fd/U,0.11
bw/so/yes/yes/d/629/fd/A,bw/st/yes/no/d/639/fd/A,0.32
bw/so/yes/yes/d/629/fd/A,bw/mu/no/yes/d/601/fd/U,0.31
bw/so/yes/yes/d/629/fd/A,bw/mu/yes/no/d/637/fd/A,0.31
bw/so/yes/yes/d/629/fd/A,bo/mu/no/yes/m/608/fd/U,0.31
bw/so/yes/yes/d/629/fd/A,bo/so/yes/yes/d/630/fd/A,0.67
bw/so/yes/yes/d/629/fd/A,bo/st/no/no/d/664/fd/A,0.36
bw/so/yes/yes/d/629/fd/A,bw/st/no/no/d/663/fd/A,0.3
bw/so/yes/yes/d/629/fd/A,bw/mu/no/yes/m/655/fd/A,0.31
bw/so/yes/yes/d/629/fd/A,bo/st/no/yes/d/652/fd/A,0.34
bw/so/yes/yes/d/629/fd/A,bw/mu/yes/yes/m/631/fd/A,0.32
bw/so/yes/yes/d/629/fd/A,bo/so/yes/yes/m/636/fd/A,0.67
bw/so/yes/yes/d/629/fd/A,bw/st/no/yes/m/609/fd/U,0.38
bw/so/yes/yes/d/629/fd/A,bo/so/yes/no/m/600/fd/U,0.49
bw/so/yes/yes/d/629/fd/A,bw/mu/no/yes/m/607/fd/U,0.31
bw/so/yes/yes/d/629/fd/A,bo/mu/yes/no/d/638/fd/A,0.33
bw/so/yes/yes/d/629/fd/A,bw/so/no/yes/d/653/fd/A,0.84
bw/so/yes/yes/d/629/fd/A,bo/so/no/yes/d/654/fd/A,0.11
bw/so/yes/yes/d/629/fd/A,bo/mu/no/no/d/662/fd/A,0.28
bw/so/yes/yes/d/629/fd/A,bw/so/no/no/d/665/fd/A,0.58
bw/so/yes/yes/d/629/fd/A,bo/mu/yes/yes/d/578/fd/U,0.34
bw/so/yes/yes/d/629/fd/A,bo/so/yes/yes/d/582/fd/U,0.67
bw/so/yes/yes/d/629/fd/A,bw/st/yes/yes/m/585/fd/U,0.39
bw/so/yes/yes/d/629/fd/A,bo/mu/yes/yes/m/584/fd/U,0.34
bw/so/yes/yes/d/629/fd/A,bw/mu/yes/yes/m/583/fd/U,0.32
bw/so/yes/yes/d/629/fd/A,bw/mu/yes/yes/d/577/fd/U,0.32
bw/so/yes/yes/d/629/fd/A,bw/st/yes/yes/d/579/fd/U,0.39
bw/so/yes/yes/d/629/fd/A,bo/mu/yes/no/d/590/fd/U,0.33
bw/so/yes/yes/d/629/fd/A,bw/st/yes/no/m/597/fd/U,0.32
bw/so/yes/yes/d/629/fd/A,bw/so/yes/no/m/599/fd/U,0.61
bw/so/yes/yes/d/629/fd/A,bo/st/yes/no/m/598/fd/U,0.44
bw/so/yes/yes/d/629/fd/A,bo/mu/yes/no/m/596/fd/U,0.33
bw/so/yes/yes/d/629/fd/A,bw/st/yes/no/d/591/fd/U,0.32
bw/so/yes/yes/d/629/fd/A,bw/so/yes/no/m/647/fd/A,0.61
bw/so/yes/yes/d/629/fd/A,bo/st/yes/no/d/640/fd/A,0.44
bw/so/yes/yes/d/629/fd/A,bw/mu/no/yes/d/649/fd/A,0.31
bw/so/yes/yes/d/629/fd/A,bw/so/no/no/m/671/fd/A,0.58
bw/so/yes/yes/d/629/fd/A,bw/mu/yes/yes/d/625/fd/A,0.32
bw/so/yes/yes/d/629/fd/A,bo/st/no/no/m/622/fd/U,0.36
bw/so/yes/yes/d/629/fd/A,bo/mu/no/no/d/614/fd/U,0.28
bw/so/yes/yes/d/629/fd/A,bw/mu/no/no/d/613/fd/U,0.3
bw/so/yes/yes/d/629/fd/A,bo/st/no/no/m/670/fd/A,0.36
bw/so/yes/yes/d/629/fd/A,bo/so/yes/no/m/648/fd/A,0.49
bw/so/yes/yes/d/629/fd/A,bw/so/yes/no/d/641/fd/A,0.61
bw/so/yes/yes/d/629/fd/A,bo/st/yes/no/m/646/fd/A,0.44
bw/so/yes/yes/d/629/fd/A,bo/so/no/yes/m/612/fd/U,0.11
bw/so/yes/yes/d/629/fd/A,bw/st/no/no/d/615/fd/U,0.3
bw/so/yes/yes/d/629/fd/A,bw/so/no/no/m/623/fd/U,0.58
bw/so/yes/yes/d/629/fd/A,bo/so/no/no/m/624/fd/U,0.12
bw/so/yes/yes/d/629/fd/A,bo/so/no/yes/m/660/fd/A,0.11
bw/so/yes/yes/d/629/fd/A,bo/st/no/yes/m/658/fd/A,0.34
bw/so/yes/yes/d/629/fd/A,bw/mu/no/no/m/667/fd/A,0.3
bw/so/yes/yes/d/629/fd/A,bw/st/no/yes/d/651/fd/A,0.38
bw/so/yes/yes/d/629/fd/A,bw/st/no/no/m/669/fd/A,0.3
bw/so/yes/yes/d/629/fd/A,bo/mu/no/yes/m/656/fd/A,0.31
bw/so/yes/yes/d/629/fd/A,bo/mu/no/yes/d/602/fd/U,0.31
bw/so/yes/yes/d/629/fd/A,bw/so/no/yes/d/605/fd/U,0.84
bw/so/yes/yes/d/629/fd/A,bw/st/yes/yes/m/633/fd/A,0.39
bw/so/yes/yes/d/629/fd/A,bo/st/yes/yes/m/634/fd/A,0.41
bw/so/yes/yes/d/629/fd/A,bo/mu/no/no/m/668/fd/A,0.28
bw/so/yes/yes/d/629/fd/A,bw/st/no/yes/m/657/fd/A,0.38
bw/so/yes/yes/d/629/fd/A,bo/mu/no/yes/d/650/fd/A,0.31
bw/so/yes/yes/d/629/fd/A,bw/so/no/yes/m/659/fd/A,0.84
bw/so/yes/yes/d/629/fd/A,bo/so/no/no/d/666/fd/A,0.12
bw/so/yes/yes/d/629/fd/A,bw/mu/no/no/d/661/fd/A,0.3
bw/so/yes/yes/d/629/fd/A,bw/so/yes/yes/m/635/fd/A,1.0
bw/so/yes/yes/d/629/fd/A,bo/mu/yes/yes/m/632/fd/A,0.34
bw/so/yes/yes/d/629/fd/A,bo/st/no/yes/d/604/fd/U,0.34
bw/so/yes/yes/d/629/fd/A,bw/st/no/yes/d/603/fd/U,0.38
bw/so/yes/yes/d/629/fd/A,bo/so/yes/yes/m/588/fd/U,0.67
bw/so/yes/yes/d/629/fd/A,bo/st/yes/yes/m/586/fd/U,0.41
bw/so/yes/yes/d/629/fd/A,bw/so/yes/yes/d/581/fd/U,1.0
bw/so/yes/yes/d/629/fd/A,bo/st/yes/yes/d/580/fd/U,0.41
bw/so/yes/yes/d/629/fd/A,bw/so/yes/yes/m/587/fd/U,1.0
bw/so/yes/yes/d/629/fd/A,bw/mu/yes/no/d/589/fd/U,0.31
bw/so/yes/yes/d/629/fd/A,bo/so/yes/no/d/594/fd/U,0.49
bw/so/yes/yes/d/629/fd/A,bw/so/yes/no/d/593/fd/U,0.61
bw/so/yes/yes/d/629/fd/A,bo/st/yes/no/d/592/fd/U,0.44
bw/so/yes/yes/d/629/fd/A,bw/mu/yes/no/m/595/fd/U,0.31
bw/so/yes/yes/d/629/fd/A,bw/st/no/no/m/621/fd/U,0.3
bw/so/yes/yes/d/629/fd/A,bw/mu/no/no/m/619/fd/U,0.3
bw/so/yes/yes/d/629/fd/A,bo/mu/yes/yes/d/626/fd/A,0.34
bw/so/yes/yes/d/629/fd/A,bo/st/no/yes/m/610/fd/U,0.34
bw/so/yes/yes/d/629/fd/A,bo/st/yes/yes/d/628/fd/A,0.41
bw/so/yes/yes/d/629/fd/A,bw/so/no/no/d/617/fd/U,0.58
bw/so/yes/yes/d/629/fd/A,bw/mu/yes/no/m/643/fd/A,0.31
bw/so/yes/yes/d/629/fd/A,bo/mu/yes/no/m/644/fd/A,0.33
bw/so/yes/yes/d/629/fd/A,bo/so/no/no/m/672/fd/A,0.12
bw/so/yes/yes/d/629/fd/A,bw/so/yes/yes/d/629/fd/A,1.0
bw/so/yes/yes/d/629/fd/A,bo/st/no/no/d/616/fd/U,0.36
bw/so/yes/yes/d/629/fd/A,bw/so/no/yes/m/611/fd/U,0.84
bw/so/yes/yes/d/629/fd/A,bo/so/no/no/d/618/fd/U,0.12
bw/so/yes/yes/d/629/fd/A,bw/st/yes/yes/d/627/fd/A,0.39
bw/so/yes/yes/d/629/fd/A,bo/mu/no/no/m/620/fd/U,0.28
bw/so/yes/yes/d/629/fd/A,bw/st/yes/no/m/645/fd/A,0.32
bw/so/yes/yes/d/629/fd/A,bo/so/yes/no/d/642/fd/A,0.49
bo/st/no/no/d/616/fd/U,bo/so/no/yes/d/606/fd/U,0.07
bo/st/no/no/d/616/fd/U,bw/st/yes/no/d/639/fd/A,0.28
bo/st/no/no/d/616/fd/U,bw/mu/no/yes/d/601/fd/U,0.46
bo/st/no/no/d/616/fd/U,bw/mu/yes/no/d/637/fd/A,0.47
bo/st/no/no/d/616/fd/U,bo/mu/no/yes/m/608/fd/U,0.54
bo/st/no/no/d/616/fd/U,bo/so/yes/yes/d/630/fd/A,0.41
bo/st/no/no/d/616/fd/U,bo/st/no/no/d/664/fd/A,1.0
bo/st/no/no/d/616/fd/U,bw/st/no/no/d/663/fd/A,0.28
bo/st/no/no/d/616/fd/U,bw/mu/no/yes/m/655/fd/A,0.46
bo/st/no/no/d/616/fd/U,bo/st/no/yes/d/652/fd/A,0.84
bo/st/no/no/d/616/fd/U,bw/mu/yes/yes/m/631/fd/A,0.5
bo/st/no/no/d/616/fd/U,bo/so/yes/yes/m/636/fd/A,0.41
bo/st/no/no/d/616/fd/U,bw/st/no/yes/m/609/fd/U,0.4
bo/st/no/no/d/616/fd/U,bo/so/yes/no/m/600/fd/U,0.29
bo/st/no/no/d/616/fd/U,bw/mu/no/yes/m/607/fd/U,0.46
bo/st/no/no/d/616/fd/U,bo/mu/yes/no/d/638/fd/A,0.55
bo/st/no/no/d/616/fd/U,bw/so/no/yes/d/653/fd/A,0.37
bo/st/no/no/d/616/fd/U,bo/so/no/yes/d/654/fd/A,0.07
bo/st/no/no/d/616/fd/U,bo/mu/no/no/d/662/fd/A,0.45
bo/st/no/no/d/616/fd/U,bw/so/no/no/d/665/fd/A,0.29
bo/st/no/no/d/616/fd/U,bo/mu/yes/yes/d/578/fd/U,0.57
bo/st/no/no/d/616/fd/U,bo/so/yes/yes/d/582/fd/U,0.41
bo/st/no/no/d/616/fd/U,bw/st/yes/yes/m/585/fd/U,0.39
bo/st/no/no/d/616/fd/U,bo/mu/yes/yes/m/584/fd/U,0.57
bo/st/no/no/d/616/fd/U,bw/mu/yes/yes/m/583/fd/U,0.5
bo/st/no/no/d/616/fd/U,bw/mu/yes/yes/d/577/fd/U,0.5
bo/st/no/no/d/616/fd/U,bw/st/yes/yes/d/579/fd/U,0.39
bo/st/no/no/d/616/fd/U,bo/mu/yes/no/d/590/fd/U,0.55
bo/st/no/no/d/616/fd/U,bw/st/yes/no/m/597/fd/U,0.28
bo/st/no/no/d/616/fd/U,bw/so/yes/no/m/599/fd/U,0.27
bo/st/no/no/d/616/fd/U,bo/st/yes/no/m/598/fd/U,0.58
bo/st/no/no/d/616/fd/U,bo/mu/yes/no/m/596/fd/U,0.55
bo/st/no/no/d/616/fd/U,bw/st/yes/no/d/591/fd/U,0.28
bo/st/no/no/d/616/fd/U,bw/so/yes/no/m/647/fd/A,0.27
bo/st/no/no/d/616/fd/U,bo/st/yes/no/d/640/fd/A,0.58
bo/st/no/no/d/616/fd/U,bw/mu/no/yes/d/649/fd/A,0.46
bo/st/no/no/d/616/fd/U,bw/so/no/no/m/671/fd/A,0.29
bo/st/no/no/d/616/fd/U,bw/mu/yes/yes/d/625/fd/A,0.5
bo/st/no/no/d/616/fd/U,bo/st/no/no/m/622/fd/U,1.0
bo/st/no/no/d/616/fd/U,bo/mu/no/no/d/614/fd/U,0.45
bo/st/no/no/d/616/fd/U,bw/mu/no/no/d/613/fd/U,0.44
bo/st/no/no/d/616/fd/U,bo/st/no/no/m/670/fd/A,1.0
bo/st/no/no/d/616/fd/U,bo/so/yes/no/m/648/fd/A,0.29
bo/st/no/no/d/616/fd/U,bw/so/yes/no/d/641/fd/A,0.27
bo/st/no/no/d/616/fd/U,bo/st/yes/no/m/646/fd/A,0.58
bo/st/no/no/d/616/fd/U,bo/so/no/yes/m/612/fd/U,0.07
bo/st/no/no/d/616/fd/U,bw/st/no/no/d/615/fd/U,0.28
bo/st/no/no/d/616/fd/U,bw/so/no/no/m/623/fd/U,0.29
bo/st/no/no/d/616/fd/U,bo/so/no/no/m/624/fd/U,0.08
bo/st/no/no/d/616/fd/U,bo/so/no/yes/m/660/fd/A,0.07
bo/st/no/no/d/616/fd/U,bo/st/no/yes/m/658/fd/A,0.84
bo/st/no/no/d/616/fd/U,bw/mu/no/no/m/667/fd/A,0.44
bo/st/no/no/d/616/fd/U,bw/st/no/yes/d/651/fd/A,0.4
bo/st/no/no/d/616/fd/U,bw/st/no/no/m/669/fd/A,0.28
bo/st/no/no/d/616/fd/U,bo/mu/no/yes/m/656/fd/A,0.54
bo/st/no/no/d/616/fd/U,bo/mu/no/yes/d/602/fd/U,0.54
bo/st/no/no/d/616/fd/U,bw/so/no/yes/d/605/fd/U,0.37
bo/st/no/no/d/616/fd/U,bw/st/yes/yes/m/633/fd/A,0.39
bo/st/no/no/d/616/fd/U,bo/st/yes/yes/m/634/fd/A,0.6
bo/st/no/no/d/616/fd/U,bo/mu/no/no/m/668/fd/A,0.45
bo/st/no/no/d/616/fd/U,bw/st/no/yes/m/657/fd/A,0.4
bo/st/no/no/d/616/fd/U,bo/mu/no/yes/d/650/fd/A,0.54
bo/st/no/no/d/616/fd/U,bw/so/no/yes/m/659/fd/A,0.37
bo/st/no/no/d/616/fd/U,bo/so/no/no/d/666/fd/A,0.08
bo/st/no/no/d/616/fd/U,bw/mu/no/no/d/661/fd/A,0.44
bo/st/no/no/d/616/fd/U,bw/so/yes/yes/m/635/fd/A,0.36
bo/st/no/no/d/616/fd/U,bo/mu/yes/yes/m/632/fd/A,0.57
bo/st/no/no/d/616/fd/U,bo/st/no/yes/d/604/fd/U,0.84
bo/st/no/no/d/616/fd/U,bw/st/no/yes/d/603/fd/U,0.4
bo/st/no/no/d/616/fd/U,bo/so/yes/yes/m/588/fd/U,0.41
bo/st/no/no/d/616/fd/U,bo/st/yes/yes/m/586/fd/U,0.6
bo/st/no/no/d/616/fd/U,bw/so/yes/yes/d/581/fd/U,0.36
bo/st/no/no/d/616/fd/U,bo/st/yes/yes/d/580/fd/U,0.6
bo/st/no/no/d/616/fd/U,bw/so/yes/yes/m/587/fd/U,0.36
bo/st/no/no/d/616/fd/U,bw/mu/yes/no/d/589/fd/U,0.47
bo/st/no/no/d/616/fd/U,bo/so/yes/no/d/594/fd/U,0.29
bo/st/no/no/d/616/fd/U,bw/so/yes/no/d/593/fd/U,0.27
bo/st/no/no/d/616/fd/U,bo/st/yes/no/d/592/fd/U,0.58
bo/st/no/no/d/616/fd/U,bw/mu/yes/no/m/595/fd/U,0.47
bo/st/no/no/d/616/fd/U,bw/st/no/no/m/621/fd/U,0.28
bo/st/no/no/d/616/fd/U,bw/mu/no/no/m/619/fd/U,0.44
bo/st/no/no/d/616/fd/U,bo/mu/yes/yes/d/626/fd/A,0.57
bo/st/no/no/d/616/fd/U,bo/st/no/yes/m/610/fd/U,0.84
bo/st/no/no/d/616/fd/U,bo/st/yes/yes/d/628/fd/A,0.6
bo/st/no/no/d/616/fd/U,bw/so/no/no/d/617/fd/U,0.29
bo/st/no/no/d/616/fd/U,bw/mu/yes/no/m/643/fd/A,0.47
bo/st/no/no/d/616/fd/U,bo/mu/yes/no/m/644/fd/A,0.55
bo/st/no/no/d/616/fd/U,bo/so/no/no/m/672/fd/A,0.08
bo/st/no/no/d/616/fd/U,bw/so/yes/yes/d/629/fd/A,0.36
bo/st/no/no/d/616/fd/U,bo/st/no/no/d/616/fd/U,1.0
bo/st/no/no/d/616/fd/U,bw/so/no/yes/m/611/fd/U,0.37
bo/st/no/no/d/616/fd/U,bo/so/no/no/d/618/fd/U,0.08
bo/st/no/no/d/616/fd/U,bw/st/yes/yes/d/627/fd/A,0.39
bo/st/no/no/d/616/fd/U,bo/mu/no/no/m/620/fd/U,0.45
bo/st/no/no/d/616/fd/U,bw/st/yes/no/m/645/fd/A,0.28
bo/st/no/no/d/616/fd/U,bo/so/yes/no/d/642/fd/A,0.29
bw/so/no/yes/m/611/fd/U,bo/so/no/yes/d/606/fd/U,0.12
bw/so/no/yes/m/611/fd/U,bw/st/yes/no/d/639/fd/A,0.31
bw/so/no/yes/m/611/fd/U,bw/mu/no/yes/d/601/fd/U,0.32
bw/so/no/yes/m/611/fd/U,bw/mu/yes/no/d/637/fd/A,0.32
bw/so/no/yes/m/611/fd/U,bo/mu/no/yes/m/608/fd/U,0.31
bw/so/no/yes/m/611/fd/U,bo/so/yes/yes/d/630/fd/A,0.64
bw/so/no/yes/m/611/fd/U,bo/st/no/no/d/664/fd/A,0.37
bw/so/no/yes/m/611/fd/U,bw/st/no/no/d/663/fd/A,0.31
bw/so/no/yes/m/611/fd/U,bw/mu/no/yes/m/655/fd/A,0.32
bw/so/no/yes/m/611/fd/U,bo/st/no/yes/d/652/fd/A,0.35
bw/so/no/yes/m/611/fd/U,bw/mu/yes/yes/m/631/fd/A,0.33
bw/so/no/yes/m/611/fd/U,bo/so/yes/yes/m/636/fd/A,0.64
bw/so/no/yes/m/611/fd/U,bw/st/no/yes/m/609/fd/U,0.38
bw/so/no/yes/m/611/fd/U,bo/so/yes/no/m/600/fd/U,0.48
bw/so/no/yes/m/611/fd/U,bw/mu/no/yes/m/607/fd/U,0.32
bw/so/no/yes/m/611/fd/U,bo/mu/yes/no/d/638/fd/A,0.34
bw/so/no/yes/m/611/fd/U,bw/so/no/yes/d/653/fd/A,1.0
bw/so/no/yes/m/611/fd/U,bo/so/no/yes/d/654/fd/A,0.12
bw/so/no/yes/m/611/fd/U,bo/mu/no/no/d/662/fd/A,0.28
bw/so/no/yes/m/611/fd/U,bw/so/no/no/d/665/fd/A,0.64
bw/so/no/yes/m/611/fd/U,bo/mu/yes/yes/d/578/fd/U,0.35
bw/so/no/yes/m/611/fd/U,bo/so/yes/yes/d/582/fd/U,0.64
bw/so/no/yes/m/611/fd/U,bw/st/yes/yes/m/585/fd/U,0.37
bw/so/no/yes/m/611/fd/U,bo/mu/yes/yes/m/584/fd/U,0.35
bw/so/no/yes/m/611/fd/U,bw/mu/yes/yes/m/583/fd/U,0.33
bw/so/no/yes/m/611/fd/U,bw/mu/yes/yes/d/577/fd/U,0.33
bw/so/no/yes/m/611/fd/U,bw/st/yes/yes/d/579/fd/U,0.37
bw/so/no/yes/m/611/fd/U,bo/mu/yes/no/d/590/fd/U,0.34
bw/so/no/yes/m/611/fd/U,bw/st/yes/no/m/597/fd/U,0.31
bw/so/no/yes/m/611/fd/U,bw/so/yes/no/m/599/fd/U,0.58
bw/so/no/yes/m/611/fd/U,bo/st/yes/no/m/598/fd/U,0.43
bw/so/no/yes/m/611/fd/U,bo/mu/yes/no/m/596/fd/U,0.34
bw/so/no/yes/m/611/fd/U,bw/st/yes/no/d/591/fd/U,0.31
bw/so/no/yes/m/611/fd/U,bw/so/yes/no/m/647/fd/A,0.58
bw/so/no/yes/m/611/fd/U,bo/st/yes/no/d/640/fd/A,0.43
bw/so/no/yes/m/611/fd/U,bw/mu/no/yes/d/649/fd/A,0.32
bw/so/no/yes/m/611/fd/U,bw/so/no/no/m/671/fd/A,0.64
bw/so/no/yes/m/611/fd/U,bw/mu/yes/yes/d/625/fd/A,0.33
bw/so/no/yes/m/611/fd/U,bo/st/no/no/m/622/fd/U,0.37
bw/so/no/yes/m/611/fd/U,bo/mu/no/no/d/614/fd/U,0.28
bw/so/no/yes/m/611/fd/U,bw/mu/no/no/d/613/fd/U,0.3
bw/so/no/yes/m/611/fd/U,bo/st/no/no/m/670/fd/A,0.37
bw/so/no/yes/m/611/fd/U,bo/so/yes/no/m/648/fd/A,0.48
bw/so/no/yes/m/611/fd/U,bw/so/yes/no/d/641/fd/A,0.58
bw/so/no/yes/m/611/fd/U,bo/st/yes/no/m/646/fd/A,0.43
bw/so/no/yes/m/611/fd/U,bo/so/no/yes/m/612/fd/U,0.12
bw/so/no/yes/m/611/fd/U,bw/st/no/no/d/615/fd/U,0.31
bw/so/no/yes/m/611/fd/U,bw/so/no/no/m/623/fd/U,0.64
bw/so/no/yes/m/611/fd/U,bo/so/no/no/m/624/fd/U,0.14
bw/so/no/yes/m/611/fd/U,bo/so/no/yes/m/660/fd/A,0.12
bw/so/no/yes/m/611/fd/U,bo/st/no/yes/m/658/fd/A,0.35
bw/so/no/yes/m/611/fd/U,bw/mu/no/no/m/667/fd/A,0.3
bw/so/no/yes/m/611/fd/U,bw/st/no/yes/d/651/fd/A,0.38
bw/so/no/yes/m/611/fd/U,bw/st/no/no/m/669/fd/A,0.31
bw/so/no/yes/m/611/fd/U,bo/mu/no/yes/m/656/fd/A,0.31
bw/so/no/yes/m/611/fd/U,bo/mu/no/yes/d/602/fd/U,0.31
bw/so/no/yes/m/611/fd/U,bw/so/no/yes/d/605/fd/U,1.0
bw/so/no/yes/m/611/fd/U,bw/st/yes/yes/m/633/fd/A,0.37
bw/so/no/yes/m/611/fd/U,bo/st/yes/yes/m/634/fd/A,0.41
bw/so/no/yes/m/611/fd/U,bo/mu/no/no/m/668/fd/A,0.28
bw/so/no/yes/m/611/fd/U,bw/st/no/yes/m/657/fd/A,0.38
bw/so/no/yes/m/611/fd/U,bo/mu/no/yes/d/650/fd/A,0.31
bw/so/no/yes/m/611/fd/U,bw/so/no/yes/m/659/fd/A,1.0
bw/so/no/yes/m/611/fd/U,bo/so/no/no/d/666/fd/A,0.14
bw/so/no/yes/m/611/fd/U,bw/mu/no/no/d/661/fd/A,0.3
bw/so/no/yes/m/611/fd/U,bw/so/yes/yes/m/635/fd/A,0.84
bw/so/no/yes/m/611/fd/U,bo/mu/yes/yes/m/632/fd/A,0.35
bw/so/no/yes/m/611/fd/U,bo/st/no/yes/d/604/fd/U,0.35
bw/so/no/yes/m/611/fd/U,bw/st/no/yes/d/603/fd/U,0.38
bw/so/no/yes/m/611/fd/U,bo/so/yes/yes/m/588/fd/U,0.64
bw/so/no/yes/m/611/fd/U,bo/st/yes/yes/m/586/fd/U,0.41
bw/so/no/yes/m/611/fd/U,bw/so/yes/yes/d/581/fd/U,0.84
bw/so/no/yes/m/611/fd/U,bo/st/yes/yes/d/580/fd/U,0.41
bw/so/no/yes/m/611/fd/U,bw/so/yes/yes/m/587/fd/U,0.84
bw/so/no/yes/m/611/fd/U,bw/mu/yes/no/d/589/fd/U,0.32
bw/so/no/yes/m/611/fd/U,bo/so/yes/no/d/594/fd/U,0.48
bw/so/no/yes/m/611/fd/U,bw/so/yes/no/d/593/fd/U,0.58
bw/so/no/yes/m/611/fd/U,bo/st/yes/no/d/592/fd/U,0.43
bw/so/no/yes/m/611/fd/U,bw/mu/yes/no/m/595/fd/U,0.32
bw/so/no/yes/m/611/fd/U,bw/st/no/no/m/621/fd/U,0.31
bw/so/no/yes/m/611/fd/U,bw/mu/no/no/m/619/fd/U,0.3
bw/so/no/yes/m/611/fd/U,bo/mu/yes/yes/d/626/fd/A,0.35
bw/so/no/yes/m/611/fd/U,bo/st/no/yes/m/610/fd/U,0.35
bw/so/no/yes/m/611/fd/U,bo/st/yes/yes/d/628/fd/A,0.41
bw/so/no/yes/m/611/fd/U,bw/so/no/no/d/617/fd/U,0.64
bw/so/no/yes/m/611/fd/U,bw/mu/yes/no/m/643/fd/A,0.32
bw/so/no/yes/m/611/fd/U,bo/mu/yes/no/m/644/fd/A,0.34
bw/so/no/yes/m/611/fd/U,bo/so/no/no/m/672/fd/A,0.14
bw/so/no/yes/m/611/fd/U,bw/so/yes/yes/d/629/fd/A,0.84
bw/so/no/yes/m/611/fd/U,bo/st/no/no/d/616/fd/U,0.37
bw/so/no/yes/m/611/fd/U,bw/so/no/yes/m/611/fd/U,1.0
bw/so/no/yes/m/611/fd/U,bo/so/no/no/d/618/fd/U,0.14
bw/so/no/yes/m/611/fd/U,bw/st/yes/yes/d/627/fd/A,0.37
bw/so/no/yes/m/611/fd/U,bo/mu/no/no/m/620/fd/U,0.28
bw/so/no/yes/m/611/fd/U,bw/st/yes/no/m/645/fd/A,0.31
bw/so/no/yes/m/611/fd/U,bo/so/yes/no/d/642/fd/A,0.48
bo/so/no/no/d/618/fd/U,bo/so/no/yes/d/606/fd/U,0.44
bo/so/no/no/d/618/fd/U,bw/st/yes/no/d/639/fd/A,0.05
bo/so/no/no/d/618/fd/U,bw/mu/no/yes/d/601/fd/U,0.04
bo/so/no/no/d/618/fd/U,bw/mu/yes/no/d/637/fd/A,0.04
bo/so/no/no/d/618/fd/U,bo/mu/no/yes/m/608/fd/U,0.04
bo/so/no/no/d/618/fd/U,bo/so/yes/yes/d/630/fd/A,0.14
bo/so/no/no/d/618/fd/U,bo/st/no/no/d/664/fd/A,0.08
bo/so/no/no/d/618/fd/U,bw/st/no/no/d/663/fd/A,0.05
bo/so/no/no/d/618/fd/U,bw/mu/no/yes/m/655/fd/A,0.04
bo/so/no/no/d/618/fd/U,bo/st/no/yes/d/652/fd/A,0.05
bo/so/no/no/d/618/fd/U,bw/mu/yes/yes/m/631/fd/A,0.04
bo/so/no/no/d/618/fd/U,bo/so/yes/yes/m/636/fd/A,0.14
bo/so/no/no/d/618/fd/U,bw/st/no/yes/m/609/fd/U,0.06
bo/so/no/no/d/618/fd/U,bo/so/yes/no/m/600/fd/U,0.19
bo/so/no/no/d/618/fd/U,bw/mu/no/yes/m/607/fd/U,0.04
bo/so/no/no/d/618/fd/U,bo/mu/yes/no/d/638/fd/A,0.04
bo/so/no/no/d/618/fd/U,bw/so/no/yes/d/653/fd/A,0.14
bo/so/no/no/d/618/fd/U,bo/so/no/yes/d/654/fd/A,0.44
bo/so/no/no/d/618/fd/U,bo/mu/no/no/d/662/fd/A,0.03
bo/so/no/no/d/618/fd/U,bw/so/no/no/d/665/fd/A,0.17
bo/so/no/no/d/618/fd/U,bo/mu/yes/yes/d/578/fd/U,0.04
bo/so/no/no/d/618/fd/U,bo/so/yes/yes/d/582/fd/U,0.14
bo/so/no/no/d/618/fd/U,bw/st/yes/yes/m/585/fd/U,0.06
bo/so/no/no/d/618/fd/U,bo/mu/yes/yes/m/584/fd/U,0.04
bo/so/no/no/d/618/fd/U,bw/mu/yes/yes/m/583/fd/U,0.04
bo/so/no/no/d/618/fd/U,bw/mu/yes/yes/d/577/fd/U,0.04
bo/so/no/no/d/618/fd/U,bw/st/yes/yes/d/579/fd/U,0.06
bo/so/no/no/d/618/fd/U,bo/mu/yes/no/d/590/fd/U,0.04
bo/so/no/no/d/618/fd/U,bw/st/yes/no/m/597/fd/U,0.05
bo/so/no/no/d/618/fd/U,bw/so/yes/no/m/599/fd/U,0.16
bo/so/no/no/d/618/fd/U,bo/st/yes/no/m/598/fd/U,0.07
bo/so/no/no/d/618/fd/U,bo/mu/yes/no/m/596/fd/U,0.04
bo/so/no/no/d/618/fd/U,bw/st/yes/no/d/591/fd/U,0.05
bo/so/no/no/d/618/fd/U,bw/so/yes/no/m/647/fd/A,0.16
bo/so/no/no/d/618/fd/U,bo/st/yes/no/d/640/fd/A,0.07
bo/so/no/no/d/618/fd/U,bw/mu/no/yes/d/649/fd/A,0.04
bo/so/no/no/d/618/fd/U,bw/so/no/no/m/671/fd/A,0.17
bo/so/no/no/d/618/fd/U,bw/mu/yes/yes/d/625/fd/A,0.04
bo/so/no/no/d/618/fd/U,bo/st/no/no/m/622/fd/U,0.08
bo/so/no/no/d/618/fd/U,bo/mu/no/no/d/614/fd/U,0.03
bo/so/no/no/d/618/fd/U,bw/mu/no/no/d/613/fd/U,0.03
bo/so/no/no/d/618/fd/U,bo/st/no/no/m/670/fd/A,0.08
bo/so/no/no/d/618/fd/U,bo/so/yes/no/m/648/fd/A,0.19
bo/so/no/no/d/618/fd/U,bw/so/yes/no/d/641/fd/A,0.16
bo/so/no/no/d/618/fd/U,bo/st/yes/no/m/646/fd/A,0.07
bo/so/no/no/d/618/fd/U,bo/so/no/yes/m/612/fd/U,0.44
bo/so/no/no/d/618/fd/U,bw/st/no/no/d/615/fd/U,0.05
bo/so/no/no/d/618/fd/U,bw/so/no/no/m/623/fd/U,0.17
bo/so/no/no/d/618/fd/U,bo/so/no/no/m/624/fd/U,1.0
bo/so/no/no/d/618/fd/U,bo/so/no/yes/m/660/fd/A,0.44
bo/so/no/no/d/618/fd/U,bo/st/no/yes/m/658/fd/A,0.05
bo/so/no/no/d/618/fd/U,bw/mu/no/no/m/667/fd/A,0.03
bo/so/no/no/d/618/fd/U,bw/st/no/yes/d/651/fd/A,0.06
bo/so/no/no/d/618/fd/U,bw/st/no/no/m/669/fd/A,0.05
bo/so/no/no/d/618/fd/U,bo/mu/no/yes/m/656/fd/A,0.04
bo/so/no/no/d/618/fd/U,bo/mu/no/yes/d/602/fd/U,0.04
bo/so/no/no/d/618/fd/U,bw/so/no/yes/d/605/fd/U,0.14
bo/so/no/no/d/618/fd/U,bw/st/yes/yes/m/633/fd/A,0.06
bo/so/no/no/d/618/fd/U,bo/st/yes/yes/m/634/fd/A,0.06
bo/so/no/no/d/618/fd/U,bo/mu/no/no/m/668/fd/A,0.03
bo/so/no/no/d/618/fd/U,bw/st/no/yes/m/657/fd/A,0.06
bo/so/no/no/d/618/fd/U,bo/mu/no/yes/d/650/fd/A,0.04
bo/so/no/no/d/618/fd/U,bw/so/no/yes/m/659/fd/A,0.14
bo/so/no/no/d/618/fd/U,bo/so/no/no/d/666/fd/A,1.0
bo/so/no/no/d/618/fd/U,bw/mu/no/no/d/661/fd/A,0.03
bo/so/no/no/d/618/fd/U,bw/so/yes/yes/m/635/fd/A,0.12
bo/so/no/no/d/618/fd/U,bo/mu/yes/yes/m/632/fd/A,0.04
bo/so/no/no/d/618/fd/U,bo/st/no/yes/d/604/fd/U,0.05
bo/so/no/no/d/618/fd/U,bw/st/no/yes/d/603/fd/U,0.06
bo/so/no/no/d/618/fd/U,bo/so/yes/yes/m/588/fd/U,0.14
bo/so/no/no/d/618/fd/U,bo/st/yes/yes/m/586/fd/U,0.06
bo/so/no/no/d/618/fd/U,bw/so/yes/yes/d/581/fd/U,0.12
bo/so/no/no/d/618/fd/U,bo/st/yes/yes/d/580/fd/U,0.06
bo/so/no/no/d/618/fd/U,bw/so/yes/yes/m/587/fd/U,0.12
bo/so/no/no/d/618/fd/U,bw/mu/yes/no/d/589/fd/U,0.04
bo/so/no/no/d/618/fd/U,bo/so/yes/no/d/594/fd/U,0.19
bo/so/no/no/d/618/fd/U,bw/so/yes/no/d/593/fd/U,0.16
bo/so/no/no/d/618/fd/U,bo/st/yes/no/d/592/fd/U,0.07
bo/so/no/no/d/618/fd/U,bw/mu/yes/no/m/595/fd/U,0.04
bo/so/no/no/d/618/fd/U,bw/st/no/no/m/621/fd/U,0.05
bo/so/no/no/d/618/fd/U,bw/mu/no/no/m/619/fd/U,0.03
bo/so/no/no/d/618/fd/U,bo/mu/yes/yes/d/626/fd/A,0.04
bo/so/no/no/d/618/fd/U,bo/st/no/yes/m/610/fd/U,0.05
bo/so/no/no/d/618/fd/U,bo/st/yes/yes/d/628/fd/A,0.06
bo/so/no/no/d/618/fd/U,bw/so/no/no/d/617/fd/U,0.17
bo/so/no/no/d/618/fd/U,bw/mu/yes/no/m/643/fd/A,0.04
bo/so/no/no/d/618/fd/U,bo/mu/yes/no/m/644/fd/A,0.04
bo/so/no/no/d/618/fd/U,bo/so/no/no/m/672/fd/A,1.0
bo/so/no/no/d/618/fd/U,bw/so/yes/yes/d/629/fd/A,0.12
bo/so/no/no/d/618/fd/U,bo/st/no/no/d/616/fd/U,0.08
bo/so/no/no/d/618/fd/U,bw/so/no/yes/m/611/fd/U,0.14
bo/so/no/no/d/618/fd/U,bo/so/no/no/d/618/fd/U,1.0
bo/so/no/no/d/618/fd/U,bw/st/yes/yes/d/627/fd/A,0.06
bo/so/no/no/d/618/fd/U,bo/mu/no/no/m/620/fd/U,0.03
bo/so/no/no/d/618/fd/U,bw/st/yes/no/m/645/fd/A,0.05
bo/so/no/no/d/618/fd/U,bo/so/yes/no/d/642/fd/A,0.19
bw/st/yes/yes/d/627/fd/A,bo/so/no/yes/d/606/fd/U,0.05
bw/st/yes/yes/d/627/fd/A,bw/st/yes/no/d/639/fd/A,0.68
bw/st/yes/yes/d/627/fd/A,bw/mu/no/yes/d/601/fd/U,0.46
bw/st/yes/yes/d/627/fd/A,bw/mu/yes/no/d/637/fd/A,0.46
bw/st/yes/yes/d/627/fd/A,bo/mu/no/yes/m/608/fd/U,0.4
bw/st/yes/yes/d/627/fd/A,bo/so/yes/yes/d/630/fd/A,0.38
bw/st/yes/yes/d/627/fd/A,bo/st/no/no/d/664/fd/A,0.39
bw/st/yes/yes/d/627/fd/A,bw/st/no/no/d/663/fd/A,0.59
bw/st/yes/yes/d/627/fd/A,bw/mu/no/yes/m/655/fd/A,0.46
bw/st/yes/yes/d/627/fd/A,bo/st/no/yes/d/652/fd/A,0.38
bw/st/yes/yes/d/627/fd/A,bw/mu/yes/yes/m/631/fd/A,0.48
bw/st/yes/yes/d/627/fd/A,bo/so/yes/yes/m/636/fd/A,0.38
bw/st/yes/yes/d/627/fd/A,bw/st/no/yes/m/609/fd/U,0.84
bw/st/yes/yes/d/627/fd/A,bo/so/yes/no/m/600/fd/U,0.3
bw/st/yes/yes/d/627/fd/A,bw/mu/no/yes/m/607/fd/U,0.46
bw/st/yes/yes/d/627/fd/A,bo/mu/yes/no/d/638/fd/A,0.43
bw/st/yes/yes/d/627/fd/A,bw/so/no/yes/d/653/fd/A,0.37
bw/st/yes/yes/d/627/fd/A,bo/so/no/yes/d/654/fd/A,0.05
bw/st/yes/yes/d/627/fd/A,bo/mu/no/no/d/662/fd/A,0.38
bw/st/yes/yes/d/627/fd/A,bw/so/no/no/d/665/fd/A,0.31
bw/st/yes/yes/d/627/fd/A,bo/mu/yes/yes/d/578/fd/U,0.43
bw/st/yes/yes/d/627/fd/A,bo/so/yes/yes/d/582/fd/U,0.38
bw/st/yes/yes/d/627/fd/A,bw/st/yes/yes/m/585/fd/U,1.0
bw/st/yes/yes/d/627/fd/A,bo/mu/yes/yes/m/584/fd/U,0.43
bw/st/yes/yes/d/627/fd/A,bw/mu/yes/yes/m/583/fd/U,0.48
bw/st/yes/yes/d/627/fd/A,bw/mu/yes/yes/d/577/fd/U,0.48
bw/st/yes/yes/d/627/fd/A,bw/st/yes/yes/d/579/fd/U,1.0
bw/st/yes/yes/d/627/fd/A,bo/mu/yes/no/d/590/fd/U,0.43
bw/st/yes/yes/d/627/fd/A,bw/st/yes/no/m/597/fd/U,0.68
bw/st/yes/yes/d/627/fd/A,bw/so/yes/no/m/599/fd/U,0.31
bw/st/yes/yes/d/627/fd/A,bo/st/yes/no/m/598/fd/U,0.56
bw/st/yes/yes/d/627/fd/A,bo/mu/yes/no/m/596/fd/U,0.43
bw/st/yes/yes/d/627/fd/A,bw/st/yes/no/d/591/fd/U,0.68
bw/st/yes/yes/d/627/fd/A,bw/so/yes/no/m/647/fd/A,0.31
bw/st/yes/yes/d/627/fd/A,bo/st/yes/no/d/640/fd/A,0.56
bw/st/yes/yes/d/627/fd/A,bw/mu/no/yes/d/649/fd/A,0.46
bw/st/yes/yes/d/627/fd/A,bw/so/no/no/m/671/fd/A,0.31
bw/st/yes/yes/d/627/fd/A,bw/mu/yes/yes/d/625/fd/A,0.48
bw/st/yes/yes/d/627/fd/A,bo/st/no/no/m/622/fd/U,0.39
bw/st/yes/yes/d/627/fd/A,bo/mu/no/no/d/614/fd/U,0.38
bw/st/yes/yes/d/627/fd/A,bw/mu/no/no/d/613/fd/U,0.44
bw/st/yes/yes/d/627/fd/A,bo/st/no/no/m/670/fd/A,0.39
bw/st/yes/yes/d/627/fd/A,bo/so/yes/no/m/648/fd/A,0.3
bw/st/yes/yes/d/627/fd/A,bw/so/yes/no/d/641/fd/A,0.31
bw/st/yes/yes/d/627/fd/A,bo/st/yes/no/m/646/fd/A,0.56
bw/st/yes/yes/d/627/fd/A,bo/so/no/yes/m/612/fd/U,0.05
bw/st/yes/yes/d/627/fd/A,bw/st/no/no/d/615/fd/U,0.59
bw/st/yes/yes/d/627/fd/A,bw/so/no/no/m/623/fd/U,0.31
bw/st/yes/yes/d/627/fd/A,bo/so/no/no/m/624/fd/U,0.06
bw/st/yes/yes/d/627/fd/A,bo/so/no/yes/m/660/fd/A,0.05
bw/st/yes/yes/d/627/fd/A,bo/st/no/yes/m/658/fd/A,0.38
bw/st/yes/yes/d/627/fd/A,bw/mu/no/no/m/667/fd/A,0.44
bw/st/yes/yes/d/627/fd/A,bw/st/no/yes/d/651/fd/A,0.84
bw/st/yes/yes/d/627/fd/A,bw/st/no/no/m/669/fd/A,0.59
bw/st/yes/yes/d/627/fd/A,bo/mu/no/yes/m/656/fd/A,0.4
bw/st/yes/yes/d/627/fd/A,bo/mu/no/yes/d/602/fd/U,0.4
bw/st/yes/yes/d/627/fd/A,bw/so/no/yes/d/605/fd/U,0.37
bw/st/yes/yes/d/627/fd/A,bw/st/yes/yes/m/633/fd/A,1.0
bw/st/yes/yes/d/627/fd/A,bo/st/yes/yes/m/634/fd/A,0.52
bw/st/yes/yes/d/627/fd/A,bo/mu/no/no/m/668/fd/A,0.38
bw/st/yes/yes/d/627/fd/A,bw/st/no/yes/m/657/fd/A,0.84
bw/st/yes/yes/d/627/fd/A,bo/mu/no/yes/d/650/fd/A,0.4
bw/st/yes/yes/d/627/fd/A,bw/so/no/yes/m/659/fd/A,0.37
bw/st/yes/yes/d/627/fd/A,bo/so/no/no/d/666/fd/A,0.06
bw/st/yes/yes/d/627/fd/A,bw/mu/no/no/d/661/fd/A,0.44
bw/st/yes/yes/d/627/fd/A,bw/so/yes/yes/m/635/fd/A,0.39
bw/st/yes/yes/d/627/fd/A,bo/mu/yes/yes/m/632/fd/A,0.43
bw/st/yes/yes/d/627/fd/A,bo/st/no/yes/d/604/fd/U,0.38
bw/st/yes/yes/d/627/fd/A,bw/st/no/yes/d/603/fd/U,0.84
bw/st/yes/yes/d/627/fd/A,bo/so/yes/yes/m/588/fd/U,0.38
bw/st/yes/yes/d/627/fd/A,bo/st/yes/yes/m/586/fd/U,0.52
bw/st/yes/yes/d/627/fd/A,bw/so/yes/yes/d/581/fd/U,0.39
bw/st/yes/yes/d/627/fd/A,bo/st/yes/yes/d/580/fd/U,0.52
bw/st/yes/yes/d/627/fd/A,bw/so/yes/yes/m/587/fd/U,0.39
bw/st/yes/yes/d/627/fd/A,bw/mu/yes/no/d/589/fd/U,0.46
bw/st/yes/yes/d/627/fd/A,bo/so/yes/no/d/594/fd/U,0.3
bw/st/yes/yes/d/627/fd/A,bw/so/yes/no/d/593/fd/U,0.31
bw/st/yes/yes/d/627/fd/A,bo/st/yes/no/d/592/fd/U,0.56
bw/st/yes/yes/d/627/fd/A,bw/mu/yes/no/m/595/fd/U,0.46
bw/st/yes/yes/d/627/fd/A,bw/st/no/no/m/621/fd/U,0.59
bw/st/yes/yes/d/627/fd/A,bw/mu/no/no/m/619/fd/U,0.44
bw/st/yes/yes/d/627/fd/A,bo/mu/yes/yes/d/626/fd/A,0.43
bw/st/yes/yes/d/627/fd/A,bo/st/no/yes/m/610/fd/U,0.38
bw/st/yes/yes/d/627/fd/A,bo/st/yes/yes/d/628/fd/A,0.52
bw/st/yes/yes/d/627/fd/A,bw/so/no/no/d/617/fd/U,0.31
bw/st/yes/yes/d/627/fd/A,bw/mu/yes/no/m/643/fd/A,0.46
bw/st/yes/yes/d/627/fd/A,bo/mu/yes/no/m/644/fd/A,0.43
bw/st/yes/yes/d/627/fd/A,bo/so/no/no/m/672/fd/A,0.06
bw/st/yes/yes/d/627/fd/A,bw/so/yes/yes/d/629/fd/A,0.39
bw/st/yes/yes/d/627/fd/A,bo/st/no/no/d/616/fd/U,0.39
bw/st/yes/yes/d/627/fd/A,bw/so/no/yes/m/611/fd/U,0.37
bw/st/yes/yes/d/627/fd/A,bo/so/no/no/d/618/fd/U,0.06
bw/st/yes/yes/d/627/fd/A,bw/st/yes/yes/d/627/fd/A,1.0
bw/st/yes/yes/d/627/fd/A,bo/mu/no/no/m/620/fd/U,0.38
bw/st/yes/yes/d/627/fd/A,bw/st/yes/no/m/645/fd/A,0.68
bw/st/yes/yes/d/627/fd/A,bo/so/yes/no/d/642/fd/A,0.3
bo/mu/no/no/m/620/fd/U,bo/so/no/yes/d/606/fd/U,0.03
bo/mu/no/no/m/620/fd/U,bw/st/yes/no/d/639/fd/A,0.32
bo/mu/no/no/m/620/fd/U,bw/mu/no/yes/d/601/fd/U,0.57
bo/mu/no/no/m/620/fd/U,bw/mu/yes/no/d/637/fd/A,0.62
bo/mu/no/no/m/620/fd/U,bo/mu/no/yes/m/608/fd/U,0.71
bo/mu/no/no/m/620/fd/U,bo/so/yes/yes/d/630/fd/A,0.32
bo/mu/no/no/m/620/fd/U,bo/st/no/no/d/664/fd/A,0.45
bo/mu/no/no/m/620/fd/U,bw/st/no/no/d/663/fd/A,0.32
bo/mu/no/no/m/620/fd/U,bw/mu/no/yes/m/655/fd/A,0.57
bo/mu/no/no/m/620/fd/U,bo/st/no/yes/d/652/fd/A,0.48
bo/mu/no/no/m/620/fd/U,bw/mu/yes/yes/m/631/fd/A,0.6
bo/mu/no/no/m/620/fd/U,bo/so/yes/yes/m/636/fd/A,0.32
bo/mu/no/no/m/620/fd/U,bw/st/no/yes/m/609/fd/U,0.39
bo/mu/no/no/m/620/fd/U,bo/so/yes/no/m/600/fd/U,0.23
bo/mu/no/no/m/620/fd/U,bw/mu/no/yes/m/607/fd/U,0.57
bo/mu/no/no/m/620/fd/U,bo/mu/yes/no/d/638/fd/A,0.62
bo/mu/no/no/m/620/fd/U,bw/so/no/yes/d/653/fd/A,0.28
bo/mu/no/no/m/620/fd/U,bo/so/no/yes/d/654/fd/A,0.03
bo/mu/no/no/m/620/fd/U,bo/mu/no/no/d/662/fd/A,1.0
bo/mu/no/no/m/620/fd/U,bw/so/no/no/d/665/fd/A,0.22
bo/mu/no/no/m/620/fd/U,bo/mu/yes/yes/d/578/fd/U,0.61
bo/mu/no/no/m/620/fd/U,bo/so/yes/yes/d/582/fd/U,0.32
bo/mu/no/no/m/620/fd/U,bw/st/yes/yes/m/585/fd/U,0.38
bo/mu/no/no/m/620/fd/U,bo/mu/yes/yes/m/584/fd/U,0.61
bo/mu/no/no/m/620/fd/U,bw/mu/yes/yes/m/583/fd/U,0.6
bo/mu/no/no/m/620/fd/U,bw/mu/yes/yes/d/577/fd/U,0.6
bo/mu/no/no/m/620/fd/U,bw/st/yes/yes/d/579/fd/U,0.38
bo/mu/no/no/m/620/fd/U,bo/mu/yes/no/d/590/fd/U,0.62
bo/mu/no/no/m/620/fd/U,bw/st/yes/no/m/597/fd/U,0.32
bo/mu/no/no/m/620/fd/U,bw/so/yes/no/m/599/fd/U,0.21
bo/mu/no/no/m/620/fd/U,bo/st/yes/no/m/598/fd/U,0.43
bo/mu/no/no/m/620/fd/U,bo/mu/yes/no/m/596/fd/U,0.62
bo/mu/no/no/m/620/fd/U,bw/st/yes/no/d/591/fd/U,0.32
bo/mu/no/no/m/620/fd/U,bw/so/yes/no/m/647/fd/A,0.21
bo/mu/no/no/m/620/fd/U,bo/st/yes/no/d/640/fd/A,0.43
bo/mu/no/no/m/620/fd/U,bw/mu/no/yes/d/649/fd/A,0.57
bo/mu/no/no/m/620/fd/U,bw/so/no/no/m/671/fd/A,0.22
bo/mu/no/no/m/620/fd/U,bw/mu/yes/yes/d/625/fd/A,0.6
bo/mu/no/no/m/620/fd/U,bo/st/no/no/m/622/fd/U,0.45
bo/mu/no/no/m/620/fd/U,bo/mu/no/no/d/614/fd/U,1.0
bo/mu/no/no/m/620/fd/U,bw/mu/no/no/d/613/fd/U,0.59
bo/mu/no/no/m/620/fd/U,bo/st/no/no/m/670/fd/A,0.45
bo/mu/no/no/m/620/fd/U,bo/so/yes/no/m/648/fd/A,0.23
bo/mu/no/no/m/620/fd/U,bw/so/yes/no/d/641/fd/A,0.21
bo/mu/no/no/m/620/fd/U,bo/st/yes/no/m/646/fd/A,0.43
bo/mu/no/no/m/620/fd/U,bo/so/no/yes/m/612/fd/U,0.03
bo/mu/no/no/m/620/fd/U,bw/st/no/no/d/615/fd/U,0.32
bo/mu/no/no/m/620/fd/U,bw/so/no/no/m/623/fd/U,0.22
bo/mu/no/no/m/620/fd/U,bo/so/no/no/m/624/fd/U,0.03
bo/mu/no/no/m/620/fd/U,bo/so/no/yes/m/660/fd/A,0.03
bo/mu/no/no/m/620/fd/U,bo/st/no/yes/m/658/fd/A,0.48
bo/mu/no/no/m/620/fd/U,bw/mu/no/no/m/667/fd/A,0.59
bo/mu/no/no/m/620/fd/U,bw/st/no/yes/d/651/fd/A,0.39
bo/mu/no/no/m/620/fd/U,bw/st/no/no/m/669/fd/A,0.32
bo/mu/no/no/m/620/fd/U,bo/mu/no/yes/m/656/fd/A,0.71
bo/mu/no/no/m/620/fd/U,bo/mu/no/yes/d/602/fd/U,0.71
bo/mu/no/no/m/620/fd/U,bw/so/no/yes/d/605/fd/U,0.28
bo/mu/no/no/m/620/fd/U,bw/st/yes/yes/m/633/fd/A,0.38
bo/mu/no/no/m/620/fd/U,bo/st/yes/yes/m/634/fd/A,0.47
bo/mu/no/no/m/620/fd/U,bo/mu/no/no/m/668/fd/A,1.0
bo/mu/no/no/m/620/fd/U,bw/st/no/yes/m/657/fd/A,0.39
bo/mu/no/no/m/620/fd/U,bo/mu/no/yes/d/650/fd/A,0.71
bo/mu/no/no/m/620/fd/U,bw/so/no/yes/m/659/fd/A,0.28
bo/mu/no/no/m/620/fd/U,bo/so/no/no/d/666/fd/A,0.03
bo/mu/no/no/m/620/fd/U,bw/mu/no/no/d/661/fd/A,0.59
bo/mu/no/no/m/620/fd/U,bw/so/yes/yes/m/635/fd/A,0.28
bo/mu/no/no/m/620/fd/U,bo/mu/yes/yes/m/632/fd/A,0.61
bo/mu/no/no/m/620/fd/U,bo/st/no/yes/d/604/fd/U,0.48
bo/mu/no/no/m/620/fd/U,bw/st/no/yes/d/603/fd/U,0.39
bo/mu/no/no/m/620/fd/U,bo/so/yes/yes/m/588/fd/U,0.32
bo/mu/no/no/m/620/fd/U,bo/st/yes/yes/m/586/fd/U,0.47
bo/mu/no/no/m/620/fd/U,bw/so/yes/yes/d/581/fd/U,0.28
bo/mu/no/no/m/620/fd/U,bo/st/yes/yes/d/580/fd/U,0.47
bo/mu/no/no/m/620/fd/U,bw/so/yes/yes/m/587/fd/U,0.28
bo/mu/no/no/m/620/fd/U,bw/mu/yes/no/d/589/fd/U,0.62
bo/mu/no/no/m/620/fd/U,bo/so/yes/no/d/594/fd/U,0.23
bo/mu/no/no/m/620/fd/U,bw/so/yes/no/d/593/fd/U,0.21
bo/mu/no/no/m/620/fd/U,bo/st/yes/no/d/592/fd/U,0.43
bo/mu/no/no/m/620/fd/U,bw/mu/yes/no/m/595/fd/U,0.62
bo/mu/no/no/m/620/fd/U,bw/st/no/no/m/621/fd/U,0.32
bo/mu/no/no/m/620/fd/U,bw/mu/no/no/m/619/fd/U,0.59
bo/mu/no/no/m/620/fd/U,bo/mu/yes/yes/d/626/fd/A,0.61
bo/mu/no/no/m/620/fd/U,bo/st/no/yes/m/610/fd/U,0.48
bo/mu/no/no/m/620/fd/U,bo/st/yes/yes/d/628/fd/A,0.47
bo/mu/no/no/m/620/fd/U,bw/so/no/no/d/617/fd/U,0.22
bo/mu/no/no/m/620/fd/U,bw/mu/yes/no/m/643/fd/A,0.62
bo/mu/no/no/m/620/fd/U,bo/mu/yes/no/m/644/fd/A,0.62
bo/mu/no/no/m/620/fd/U,bo/so/no/no/m/672/fd/A,0.03
bo/mu/no/no/m/620/fd/U,bw/so/yes/yes/d/629/fd/A,0.28
bo/mu/no/no/m/620/fd/U,bo/st/no/no/d/616/fd/U,0.45
bo/mu/no/no/m/620/fd/U,bw/so/no/yes/m/611/fd/U,0.28
bo/mu/no/no/m/620/fd/U,bo/so/no/no/d/618/fd/U,0.03
bo/mu/no/no/m/620/fd/U,bw/st/yes/yes/d/627/fd/A,0.38
bo/mu/no/no/m/620/fd/U,bo/mu/no/no/m/620/fd/U,1.0
bo/mu/no/no/m/620/fd/U,bw/st/yes/no/m/645/fd/A,0.32
bo/mu/no/no/m/620/fd/U,bo/so/yes/no/d/642/fd/A,0.23
bw/st/yes/no/m/645/fd/A,bo/so/no/yes/d/606/fd/U,0.04
bw/st/yes/no/m/645/fd/A,bw/st/yes/no/d/639/fd/A,1.0
bw/st/yes/no/m/645/fd/A,bw/mu/no/yes/d/601/fd/U,0.35
bw/st/yes/no/m/645/fd/A,bw/mu/yes/no/d/637/fd/A,0.37
bw/st/yes/no/m/645/fd/A,bo/mu/no/yes/m/608/fd/U,0.29
bw/st/yes/no/m/645/fd/A,bo/so/yes/yes/d/630/fd/A,0.3
bw/st/yes/no/m/645/fd/A,bo/st/no/no/d/664/fd/A,0.28
bw/st/yes/no/m/645/fd/A,bw/st/no/no/d/663/fd/A,0.81
bw/st/yes/no/m/645/fd/A,bw/mu/no/yes/m/655/fd/A,0.35
bw/st/yes/no/m/645/fd/A,bo/st/no/yes/d/652/fd/A,0.26
bw/st/yes/no/m/645/fd/A,bw/mu/yes/yes/m/631/fd/A,0.36
bw/st/yes/no/m/645/fd/A,bo/so/yes/yes/m/636/fd/A,0.3
bw/st/yes/no/m/645/fd/A,bw/st/no/yes/m/609/fd/U,0.63
bw/st/yes/no/m/645/fd/A,bo/so/yes/no/m/600/fd/U,0.27
bw/st/yes/no/m/645/fd/A,bw/mu/no/yes/m/607/fd/U,0.35
bw/st/yes/no/m/645/fd/A,bo/mu/yes/no/d/638/fd/A,0.31
bw/st/yes/no/m/645/fd/A,bw/so/no/yes/d/653/fd/A,0.31
bw/st/yes/no/m/645/fd/A,bo/so/no/yes/d/654/fd/A,0.04
bw/st/yes/no/m/645/fd/A,bo/mu/no/no/d/662/fd/A,0.32
bw/st/yes/no/m/645/fd/A,bw/so/no/no/d/665/fd/A,0.28
bw/st/yes/no/m/645/fd/A,bo/mu/yes/yes/d/578/fd/U,0.3
bw/st/yes/no/m/645/fd/A,bo/so/yes/yes/d/582/fd/U,0.3
bw/st/yes/no/m/645/fd/A,bw/st/yes/yes/m/585/fd/U,0.68
bw/st/yes/no/m/645/fd/A,bo/mu/yes/yes/m/584/fd/U,0.3
bw/st/yes/no/m/645/fd/A,bw/mu/yes/yes/m/583/fd/U,0.36
bw/st/yes/no/m/645/fd/A,bw/mu/yes/yes/d/577/fd/U,0.36
bw/st/yes/no/m/645/fd/A,bw/st/yes/yes/d/579/fd/U,0.68
bw/st/yes/no/m/645/fd/A,bo/mu/yes/no/d/590/fd/U,0.31
bw/st/yes/no/m/645/fd/A,bw/st/yes/no/m/597/fd/U,1.0
bw/st/yes/no/m/645/fd/A,bw/so/yes/no/m/599/fd/U,0.29
bw/st/yes/no/m/645/fd/A,bo/st/yes/no/m/598/fd/U,0.4
bw/st/yes/no/m/645/fd/A,bo/mu/yes/no/m/596/fd/U,0.31
bw/st/yes/no/m/645/fd/A,bw/st/yes/no/d/591/fd/U,1.0
bw/st/yes/no/m/645/fd/A,bw/so/yes/no/m/647/fd/A,0.29
bw/st/yes/no/m/645/fd/A,bo/st/yes/no/d/640/fd/A,0.4
bw/st/yes/no/m/645/fd/A,bw/mu/no/yes/d/649/fd/A,0.35
bw/st/yes/no/m/645/fd/A,bw/so/no/no/m/671/fd/A,0.28
bw/st/yes/no/m/645/fd/A,bw/mu/yes/yes/d/625/fd/A,0.36
bw/st/yes/no/m/645/fd/A,bo/st/no/no/m/622/fd/U,0.28
bw/st/yes/no/m/645/fd/A,bo/mu/no/no/d/614/fd/U,0.32
bw/st/yes/no/m/645/fd/A,bw/mu/no/no/d/613/fd/U,0.37
bw/st/yes/no/m/645/fd/A,bo/st/no/no/m/670/fd/A,0.28
bw/st/yes/no/m/645/fd/A,bo/so/yes/no/m/648/fd/A,0.27
bw/st/yes/no/m/645/fd/A,bw/so/yes/no/d/641/fd/A,0.29
bw/st/yes/no/m/645/fd/A,bo/st/yes/no/m/646/fd/A,0.4
bw/st/yes/no/m/645/fd/A,bo/so/no/yes/m/612/fd/U,0.04
bw/st/yes/no/m/645/fd/A,bw/st/no/no/d/615/fd/U,0.81
bw/st/yes/no/m/645/fd/A,bw/so/no/no/m/623/fd/U,0.28
bw/st/yes/no/m/645/fd/A,bo/so/no/no/m/624/fd/U,0.05
bw/st/yes/no/m/645/fd/A,bo/so/no/yes/m/660/fd/A,0.04
bw/st/yes/no/m/645/fd/A,bo/st/no/yes/m/658/fd/A,0.26
bw/st/yes/no/m/645/fd/A,bw/mu/no/no/m/667/fd/A,0.37
bw/st/yes/no/m/645/fd/A,bw/st/no/yes/d/651/fd/A,0.63
bw/st/yes/no/m/645/fd/A,bw/st/no/no/m/669/fd/A,0.81
bw/st/yes/no/m/645/fd/A,bo/mu/no/yes/m/656/fd/A,0.29
bw/st/yes/no/m/645/fd/A,bo/mu/no/yes/d/602/fd/U,0.29
bw/st/yes/no/m/645/fd/A,bw/so/no/yes/d/605/fd/U,0.31
bw/st/yes/no/m/645/fd/A,bw/st/yes/yes/m/633/fd/A,0.68
bw/st/yes/no/m/645/fd/A,bo/st/yes/yes/m/634/fd/A,0.36
bw/st/yes/no/m/645/fd/A,bo/mu/no/no/m/668/fd/A,0.32
bw/st/yes/no/m/645/fd/A,bw/st/no/yes/m/657/fd/A,0.63
bw/st/yes/no/m/645/fd/A,bo/mu/no/yes/d/650/fd/A,0.29
bw/st/yes/no/m/645/fd/A,bw/so/no/yes/m/659/fd/A,0.31
bw/st/yes/no/m/645/fd/A,bo/so/no/no/d/666/fd/A,0.05
bw/st/yes/no/m/645/fd/A,bw/mu/no/no/d/661/fd/A,0.37
bw/st/yes/no/m/645/fd/A,bw/so/yes/yes/m/635/fd/A,0.32
bw/st/yes/no/m/645/fd/A,bo/mu/yes/yes/m/632/fd/A,0.3
bw/st/yes/no/m/645/fd/A,bo/st/no/yes/d/604/fd/U,0.26
bw/st/yes/no/m/645/fd/A,bw/st/no/yes/d/603/fd/U,0.63
bw/st/yes/no/m/645/fd/A,bo/so/yes/yes/m/588/fd/U,0.3
bw/st/yes/no/m/645/fd/A,bo/st/yes/yes/m/586/fd/U,0.36
bw/st/yes/no/m/645/fd/A,bw/so/yes/yes/d/581/fd/U,0.32
bw/st/yes/no/m/645/fd/A,bo/st/yes/yes/d/580/fd/U,0.36
bw/st/yes/no/m/645/fd/A,bw/so/yes/yes/m/587/fd/U,0.32
bw/st/yes/no/m/645/fd/A,bw/mu/yes/no/d/589/fd/U,0.37
bw/st/yes/no/m/645/fd/A,bo/so/yes/no/d/594/fd/U,0.27
bw/st/yes/no/m/645/fd/A,bw/so/yes/no/d/593/fd/U,0.29
bw/st/yes/no/m/645/fd/A,bo/st/yes/no/d/592/fd/U,0.4
bw/st/yes/no/m/645/fd/A,bw/mu/yes/no/m/595/fd/U,0.37
bw/st/yes/no/m/645/fd/A,bw/st/no/no/m/621/fd/U,0.81
bw/st/yes/no/m/645/fd/A,bw/mu/no/no/m/619/fd/U,0.37
bw/st/yes/no/m/645/fd/A,bo/mu/yes/yes/d/626/fd/A,0.3
bw/st/yes/no/m/645/fd/A,bo/st/no/yes/m/610/fd/U,0.26
bw/st/yes/no/m/645/fd/A,bo/st/yes/yes/d/628/fd/A,0.36
bw/st/yes/no/m/645/fd/A,bw/so/no/no/d/617/fd/U,0.28
bw/st/yes/no/m/645/fd/A,bw/mu/yes/no/m/643/fd/A,0.37
bw/st/yes/no/m/645/fd/A,bo/mu/yes/no/m/644/fd/A,0.31
bw/st/yes/no/m/645/fd/A,bo/so/no/no/m/672/fd/A,0.05
bw/st/yes/no/m/645/fd/A,bw/so/yes/yes/d/629/fd/A,0.32
bw/st/yes/no/m/645/fd/A,bo/st/no/no/d/616/fd/U,0.28
bw/st/yes/no/m/645/fd/A,bw/so/no/yes/m/611/fd/U,0.31
bw/st/yes/no/m/645/fd/A,bo/so/no/no/d/618/fd/U,0.05
bw/st/yes/no/m/645/fd/A,bw/st/yes/yes/d/627/fd/A,0.68
bw/st/yes/no/m/645/fd/A,bo/mu/no/no/m/620/fd/U,0.32
bw/st/yes/no/m/645/fd/A,bw/st/yes/no/m/645/fd/A,1.0
bw/st/yes/no/m/645/fd/A,bo/so/yes/no/d/642/fd/A,0.27
bo/so/yes/no/d/642/fd/A,bo/so/no/yes/d/606/fd/U,0.1
bo/so/yes/no/d/642/fd/A,bw/st/yes/no/d/639/fd/A,0.27
bo/so/yes/no/d/642/fd/A,bw/mu/no/yes/d/601/fd/U,0.25
bo/so/yes/no/d/642/fd/A,bw/mu/yes/no/d/637/fd/A,0.25
bo/so/yes/no/d/642/fd/A,bo/mu/no/yes/m/608/fd/U,0.25
bo/so/yes/no/d/642/fd/A,bo/so/yes/yes/d/630/fd/A,0.58
bo/so/yes/no/d/642/fd/A,bo/st/no/no/d/664/fd/A,0.29
bo/so/yes/no/d/642/fd/A,bw/st/no/no/d/663/fd/A,0.25
bo/so/yes/no/d/642/fd/A,bw/mu/no/yes/m/655/fd/A,0.25
bo/so/yes/no/d/642/fd/A,bo/st/no/yes/d/652/fd/A,0.26
bo/so/yes/no/d/642/fd/A,bw/mu/yes/yes/m/631/fd/A,0.26
bo/so/yes/no/d/642/fd/A,bo/so/yes/yes/m/636/fd/A,0.58
bo/so/yes/no/d/642/fd/A,bw/st/no/yes/m/609/fd/U,0.29
bo/so/yes/no/d/642/fd/A,bo/so/yes/no/m/600/fd/U,1.0
bo/so/yes/no/d/642/fd/A,bw/mu/no/yes/m/607/fd/U,0.25
bo/so/yes/no/d/642/fd/A,bo/mu/yes/no/d/638/fd/A,0.27
bo/so/yes/no/d/642/fd/A,bw/so/no/yes/d/653/fd/A,0.48
bo/so/yes/no/d/642/fd/A,bo/so/no/yes/d/654/fd/A,0.1
bo/so/yes/no/d/642/fd/A,bo/mu/no/no/d/662/fd/A,0.23
bo/so/yes/no/d/642/fd/A,bw/so/no/no/d/665/fd/A,0.71
bo/so/yes/no/d/642/fd/A,bo/mu/yes/yes/d/578/fd/U,0.28
bo/so/yes/no/d/642/fd/A,bo/so/yes/yes/d/582/fd/U,0.58
bo/so/yes/no/d/642/fd/A,bw/st/yes/yes/m/585/fd/U,0.3
bo/so/yes/no/d/642/fd/A,bo/mu/yes/yes/m/584/fd/U,0.28
bo/so/yes/no/d/642/fd/A,bw/mu/yes/yes/m/583/fd/U,0.26
bo/so/yes/no/d/642/fd/A,bw/mu/yes/yes/d/577/fd/U,0.26
bo/so/yes/no/d/642/fd/A,bw/st/yes/yes/d/579/fd/U,0.3
bo/so/yes/no/d/642/fd/A,bo/mu/yes/no/d/590/fd/U,0.27
bo/so/yes/no/d/642/fd/A,bw/st/yes/no/m/597/fd/U,0.27
bo/so/yes/no/d/642/fd/A,bw/so/yes/no/m/599/fd/U,0.76
bo/so/yes/no/d/642/fd/A,bo/st/yes/no/m/598/fd/U,0.36
bo/so/yes/no/d/642/fd/A,bo/mu/yes/no/m/596/fd/U,0.27
bo/so/yes/no/d/642/fd/A,bw/st/yes/no/d/591/fd/U,0.27
bo/so/yes/no/d/642/fd/A,bw/so/yes/no/m/647/fd/A,0.76
bo/so/yes/no/d/642/fd/A,bo/st/yes/no/d/640/fd/A,0.36
bo/so/yes/no/d/642/fd/A,bw/mu/no/yes/d/649/fd/A,0.25
bo/so/yes/no/d/642/fd/A,bw/so/no/no/m/671/fd/A,0.71
bo/so/yes/no/d/642/fd/A,bw/mu/yes/yes/d/625/fd/A,0.26
bo/so/yes/no/d/642/fd/A,bo/st/no/no/m/622/fd/U,0.29
bo/so/yes/no/d/642/fd/A,bo/mu/no/no/d/614/fd/U,0.23
bo/so/yes/no/d/642/fd/A,bw/mu/no/no/d/613/fd/U,0.25
bo/so/yes/no/d/642/fd/A,bo/st/no/no/m/670/fd/A,0.29
bo/so/yes/no/d/642/fd/A,bo/so/yes/no/m/648/fd/A,1.0
bo/so/yes/no/d/642/fd/A,bw/so/yes/no/d/641/fd/A,0.76
bo/so/yes/no/d/642/fd/A,bo/st/yes/no/m/646/fd/A,0.36
bo/so/yes/no/d/642/fd/A,bo/so/no/yes/m/612/fd/U,0.1
bo/so/yes/no/d/642/fd/A,bw/st/no/no/d/615/fd/U,0.25
bo/so/yes/no/d/642/fd/A,bw/so/no/no/m/623/fd/U,0.71
bo/so/yes/no/d/642/fd/A,bo/so/no/no/m/624/fd/U,0.19
bo/so/yes/no/d/642/fd/A,bo/so/no/yes/m/660/fd/A,0.1
bo/so/yes/no/d/642/fd/A,bo/st/no/yes/m/658/fd/A,0.26
bo/so/yes/no/d/642/fd/A,bw/mu/no/no/m/667/fd/A,0.25
bo/so/yes/no/d/642/fd/A,bw/st/no/yes/d/651/fd/A,0.29
bo/so/yes/no/d/642/fd/A,bw/st/no/no/m/669/fd/A,0.25
bo/so/yes/no/d/642/fd/A,bo/mu/no/yes/m/656/fd/A,0.25
bo/so/yes/no/d/642/fd/A,bo/mu/no/yes/d/602/fd/U,0.25
bo/so/yes/no/d/642/fd/A,bw/so/no/yes/d/605/fd/U,0.48
bo/so/yes/no/d/642/fd/A,bw/st/yes/yes/m/633/fd/A,0.3
bo/so/yes/no/d/642/fd/A,bo/st/yes/yes/m/634/fd/A,0.32
bo/so/yes/no/d/642/fd/A,bo/mu/no/no/m/668/fd/A,0.23
bo/so/yes/no/d/642/fd/A,bw/st/no/yes/m/657/fd/A,0.29
bo/so/yes/no/d/642/fd/A,bo/mu/no/yes/d/650/fd/A,0.25
bo/so/yes/no/d/642/fd/A,bw/so/no/yes/m/659/fd/A,0.48
bo/so/yes/no/d/642/fd/A,bo/so/no/no/d/666/fd/A,0.19
bo/so/yes/no/d/642/fd/A,bw/mu/no/no/d/661/fd/A,0.25
bo/so/yes/no/d/642/fd/A,bw/so/yes/yes/m/635/fd/A,0.49
bo/so/yes/no/d/642/fd/A,bo/mu/yes/yes/m/632/fd/A,0.28
bo/so/yes/no/d/642/fd/A,bo/st/no/yes/d/604/fd/U,0.26
bo/so/yes/no/d/642/fd/A,bw/st/no/yes/d/603/fd/U,0.29
bo/so/yes/no/d/642/fd/A,bo/so/yes/yes/m/588/fd/U,0.58
bo/so/yes/no/d/642/fd/A,bo/st/yes/yes/m/586/fd/U,0.32
bo/so/yes/no/d/642/fd/A,bw/so/yes/yes/d/581/fd/U,0.49
bo/so/yes/no/d/642/fd/A,bo/st/yes/yes/d/580/fd/U,0.32
bo/so/yes/no/d/642/fd/A,bw/so/yes/yes/m/587/fd/U,0.49
bo/so/yes/no/d/642/fd/A,bw/mu/yes/no/d/589/fd/U,0.25
bo/so/yes/no/d/642/fd/A,bo/so/yes/no/d/594/fd/U,1.0
bo/so/yes/no/d/642/fd/A,bw/so/yes/no/d/593/fd/U,0.76
bo/so/yes/no/d/642/fd/A,bo/st/yes/no/d/592/fd/U,0.36
bo/so/yes/no/d/642/fd/A,bw/mu/yes/no/m/595/fd/U,0.25
bo/so/yes/no/d/642/fd/A,bw/st/no/no/m/621/fd/U,0.25
bo/so/yes/no/d/642/fd/A,bw/mu/no/no/m/619/fd/U,0.25
bo/so/yes/no/d/642/fd/A,bo/mu/yes/yes/d/626/fd/A,0.28
bo/so/yes/no/d/642/fd/A,bo/st/no/yes/m/610/fd/U,0.26
bo/so/yes/no/d/642/fd/A,bo/st/yes/yes/d/628/fd/A,0.32
bo/so/yes/no/d/642/fd/A,bw/so/no/no/d/617/fd/U,0.71
bo/so/yes/no/d/642/fd/A,bw/mu/yes/no/m/643/fd/A,0.25
bo/so/yes/no/d/642/fd/A,bo/mu/yes/no/m/644/fd/A,0.27
bo/so/yes/no/d/642/fd/A,bo/so/no/no/m/672/fd/A,0.19
bo/so/yes/no/d/642/fd/A,bw/so/yes/yes/d/629/fd/A,0.49
bo/so/yes/no/d/642/fd/A,bo/st/no/no/d/616/fd/U,0.29
bo/so/yes/no/d/642/fd/A,bw/so/no/yes/m/611/fd/U,0.48
bo/so/yes/no/d/642/fd/A,bo/so/no/no/d/618/fd/U,0.19
bo/so/yes/no/d/642/fd/A,bw/st/yes/yes/d/627/fd/A,0.3
bo/so/yes/no/d/642/fd/A,bo/mu/no/no/m/620/fd/U,0.23
bo/so/yes/no/d/642/fd/A,bw/st/yes/no/m/645/fd/A,0.27
bo/so/yes/no/d/642/fd/A,bo/so/yes/no/d/642/fd/A,1.0
