TestCase1,TestCase2,Inter/Union
bo/st/yes/yes/d/853/il/A,bo/st/yes/yes/d/853/il/A,1.0
bo/st/yes/yes/d/853/il/A,bo/st/no/no/d/854/il/A,0.89
bo/st/yes/yes/d/853/il/A,bo/so/no/no/d/862/il/A,0.45
bo/st/yes/yes/d/853/il/A,bo/st/yes/no/m/831/il/A,0.96
bo/st/yes/yes/d/853/il/A,bw/so/no/yes/m/836/il/A,0.55
bo/st/yes/yes/d/853/il/A,bw/so/yes/yes/d/809/il/U,0.55
bo/st/yes/yes/d/853/il/A,bo/mu/no/yes/d/800/il/U,0.71
bo/st/yes/yes/d/853/il/A,bo/st/yes/no/d/807/il/U,0.96
bo/st/yes/yes/d/853/il/A,bo/so/no/no/m/838/il/A,0.45
bo/st/yes/yes/d/853/il/A,bo/so/no/yes/d/864/il/A,0.45
bo/st/yes/yes/d/853/il/A,bo/so/yes/no/d/863/il/A,0.6
bo/st/yes/yes/d/853/il/A,bo/st/yes/no/d/855/il/A,0.96
bo/st/yes/yes/d/853/il/A,bw/st/no/yes/d/852/il/A,0.61
bo/st/yes/yes/d/853/il/A,bo/st/no/no/d/806/il/U,0.89
bo/st/yes/yes/d/853/il/A,bo/so/yes/no/m/839/il/A,0.6
bo/st/yes/yes/d/853/il/A,bw/st/yes/yes/d/801/il/U,0.58
bo/st/yes/yes/d/853/il/A,bo/so/yes/yes/m/837/il/A,0.65
bo/st/yes/yes/d/853/il/A,bo/st/no/yes/d/808/il/U,0.9
bo/st/yes/yes/d/853/il/A,bo/st/no/no/m/830/il/A,0.89
bo/st/yes/yes/d/853/il/A,bo/st/yes/yes/m/781/il/U,1.0
bo/st/yes/yes/d/853/il/A,bo/mu/yes/no/m/775/il/U,0.7
bo/st/yes/yes/d/853/il/A,bw/mu/no/yes/m/772/il/U,0.69
bo/st/yes/yes/d/853/il/A,bw/so/no/no/m/786/il/U,0.51
bo/st/yes/yes/d/853/il/A,bw/so/no/yes/m/788/il/U,0.55
bo/st/yes/yes/d/853/il/A,bo/so/yes/yes/m/789/il/U,0.65
bo/st/yes/yes/d/853/il/A,bw/so/yes/no/m/787/il/U,0.52
bo/st/yes/yes/d/853/il/A,bo/mu/yes/yes/m/773/il/U,0.71
bo/st/yes/yes/d/853/il/A,bo/mu/no/no/m/774/il/U,0.7
bo/st/yes/yes/d/853/il/A,bw/st/no/yes/m/780/il/U,0.61
bo/st/yes/yes/d/853/il/A,bw/mu/yes/yes/m/769/il/U,0.69
bo/st/yes/yes/d/853/il/A,bw/mu/yes/yes/d/793/il/U,0.69
bo/st/yes/yes/d/853/il/A,bw/mu/no/no/d/794/il/U,0.68
bo/st/yes/yes/d/853/il/A,bw/mu/yes/no/d/795/il/U,0.68
bo/st/yes/yes/d/853/il/A,bo/so/no/yes/m/792/il/U,0.45
bo/st/yes/yes/d/853/il/A,bw/so/no/yes/d/812/il/U,0.55
bo/st/yes/yes/d/853/il/A,bo/so/yes/no/d/815/il/U,0.6
bo/st/yes/yes/d/853/il/A,bo/mu/yes/no/m/823/il/A,0.7
bo/st/yes/yes/d/853/il/A,bo/mu/no/yes/m/824/il/A,0.71
bo/st/yes/yes/d/853/il/A,bo/mu/no/yes/d/848/il/A,0.71
bo/st/yes/yes/d/853/il/A,bw/mu/yes/yes/d/841/il/A,0.69
bo/st/yes/yes/d/853/il/A,bo/mu/no/no/d/846/il/A,0.7
bo/st/yes/yes/d/853/il/A,bw/st/yes/yes/m/825/il/A,0.58
bo/st/yes/yes/d/853/il/A,bo/mu/no/no/m/822/il/A,0.7
bo/st/yes/yes/d/853/il/A,bo/so/no/no/d/814/il/U,0.45
bo/st/yes/yes/d/853/il/A,bo/so/yes/yes/d/813/il/U,0.65
bo/st/yes/yes/d/853/il/A,bo/mu/yes/no/d/847/il/A,0.7
bo/st/yes/yes/d/853/il/A,bo/so/no/yes/m/840/il/A,0.45
bo/st/yes/yes/d/853/il/A,bw/st/yes/yes/d/849/il/A,0.58
bo/st/yes/yes/d/853/il/A,bw/so/yes/no/m/835/il/A,0.52
bo/st/yes/yes/d/853/il/A,bo/st/no/yes/m/832/il/A,0.9
bo/st/yes/yes/d/853/il/A,bw/st/no/yes/d/804/il/U,0.61
bo/st/yes/yes/d/853/il/A,bw/st/yes/no/d/803/il/U,0.39
bo/st/yes/yes/d/853/il/A,bw/so/yes/yes/d/857/il/A,0.55
bo/st/yes/yes/d/853/il/A,bw/st/no/no/d/850/il/A,0.4
bo/st/yes/yes/d/853/il/A,bw/so/yes/no/d/859/il/A,0.52
bo/st/yes/yes/d/853/il/A,bo/so/yes/yes/d/861/il/A,0.65
bo/st/yes/yes/d/853/il/A,bw/st/no/no/d/802/il/U,0.4
bo/st/yes/yes/d/853/il/A,bo/st/yes/yes/d/805/il/U,1.0
bo/st/yes/yes/d/853/il/A,bw/so/yes/yes/m/833/il/A,0.55
bo/st/yes/yes/d/853/il/A,bw/so/no/no/m/834/il/A,0.51
bo/st/yes/yes/d/853/il/A,bw/so/no/yes/d/860/il/A,0.55
bo/st/yes/yes/d/853/il/A,bw/so/no/no/d/858/il/A,0.51
bo/st/yes/yes/d/853/il/A,bw/st/yes/no/d/851/il/A,0.39
bo/st/yes/yes/d/853/il/A,bo/st/no/yes/d/856/il/A,0.9
bo/st/yes/yes/d/853/il/A,bw/mu/yes/no/m/771/il/U,0.68
bo/st/yes/yes/d/853/il/A,bw/so/yes/yes/m/785/il/U,0.55
bo/st/yes/yes/d/853/il/A,bo/st/no/no/m/782/il/U,0.89
bo/st/yes/yes/d/853/il/A,bo/mu/no/yes/m/776/il/U,0.71
bo/st/yes/yes/d/853/il/A,bw/st/no/no/m/778/il/U,0.4
bo/st/yes/yes/d/853/il/A,bw/st/yes/no/m/779/il/U,0.39
bo/st/yes/yes/d/853/il/A,bw/st/yes/yes/m/777/il/U,0.58
bo/st/yes/yes/d/853/il/A,bo/st/yes/no/m/783/il/U,0.96
bo/st/yes/yes/d/853/il/A,bo/st/no/yes/m/784/il/U,0.9
bo/st/yes/yes/d/853/il/A,bw/mu/no/no/m/770/il/U,0.68
bo/st/yes/yes/d/853/il/A,bo/mu/yes/no/d/799/il/U,0.7
bo/st/yes/yes/d/853/il/A,bo/mu/yes/yes/d/797/il/U,0.71
bo/st/yes/yes/d/853/il/A,bo/so/no/no/m/790/il/U,0.45
bo/st/yes/yes/d/853/il/A,bo/so/yes/no/m/791/il/U,0.6
bo/st/yes/yes/d/853/il/A,bw/mu/no/yes/d/796/il/U,0.69
bo/st/yes/yes/d/853/il/A,bo/mu/no/no/d/798/il/U,0.7
bo/st/yes/yes/d/853/il/A,bo/mu/yes/yes/d/845/il/A,0.71
bo/st/yes/yes/d/853/il/A,bw/mu/no/no/d/842/il/A,0.68
bo/st/yes/yes/d/853/il/A,bo/st/yes/yes/m/829/il/A,1.0
bo/st/yes/yes/d/853/il/A,bo/so/no/yes/d/816/il/U,0.45
bo/st/yes/yes/d/853/il/A,bw/so/yes/no/d/811/il/U,0.52
bo/st/yes/yes/d/853/il/A,bw/mu/no/no/m/818/il/A,0.68
bo/st/yes/yes/d/853/il/A,bw/st/yes/no/m/827/il/A,0.39
bo/st/yes/yes/d/853/il/A,bw/mu/no/yes/m/820/il/A,0.69
bo/st/yes/yes/d/853/il/A,bw/mu/yes/no/d/843/il/A,0.68
bo/st/yes/yes/d/853/il/A,bw/mu/no/yes/d/844/il/A,0.69
bo/st/yes/yes/d/853/il/A,bo/mu/yes/yes/m/821/il/A,0.71
bo/st/yes/yes/d/853/il/A,bw/mu/yes/no/m/819/il/A,0.68
bo/st/yes/yes/d/853/il/A,bw/st/no/no/m/826/il/A,0.4
bo/st/yes/yes/d/853/il/A,bw/so/no/no/d/810/il/U,0.51
bo/st/yes/yes/d/853/il/A,bw/st/no/yes/m/828/il/A,0.61
bo/st/yes/yes/d/853/il/A,bw/mu/yes/yes/m/817/il/A,0.69
bo/st/no/no/d/854/il/A,bo/st/yes/yes/d/853/il/A,0.89
bo/st/no/no/d/854/il/A,bo/st/no/no/d/854/il/A,1.0
bo/st/no/no/d/854/il/A,bo/so/no/no/d/862/il/A,0.46
bo/st/no/no/d/854/il/A,bo/st/yes/no/m/831/il/A,0.9
bo/st/no/no/d/854/il/A,bw/so/no/yes/m/836/il/A,0.56
bo/st/no/no/d/854/il/A,bw/so/yes/yes/d/809/il/U,0.55
bo/st/no/no/d/854/il/A,bo/mu/no/yes/d/800/il/U,0.69
bo/st/no/no/d/854/il/A,bo/st/yes/no/d/807/il/U,0.9
bo/st/no/no/d/854/il/A,bo/so/no/no/m/838/il/A,0.46
bo/st/no/no/d/854/il/A,bo/so/no/yes/d/864/il/A,0.45
bo/st/no/no/d/854/il/A,bo/so/yes/no/d/863/il/A,0.6
bo/st/no/no/d/854/il/A,bo/st/yes/no/d/855/il/A,0.9
bo/st/no/no/d/854/il/A,bw/st/no/yes/d/852/il/A,0.59
bo/st/no/no/d/854/il/A,bo/st/no/no/d/806/il/U,1.0
bo/st/no/no/d/854/il/A,bo/so/yes/no/m/839/il/A,0.6
bo/st/no/no/d/854/il/A,bw/st/yes/yes/d/801/il/U,0.57
bo/st/no/no/d/854/il/A,bo/so/yes/yes/m/837/il/A,0.65
bo/st/no/no/d/854/il/A,bo/st/no/yes/d/808/il/U,0.94
bo/st/no/no/d/854/il/A,bo/st/no/no/m/830/il/A,1.0
bo/st/no/no/d/854/il/A,bo/st/yes/yes/m/781/il/U,0.89
bo/st/no/no/d/854/il/A,bo/mu/yes/no/m/775/il/U,0.68
bo/st/no/no/d/854/il/A,bw/mu/no/yes/m/772/il/U,0.67
bo/st/no/no/d/854/il/A,bw/so/no/no/m/786/il/U,0.52
bo/st/no/no/d/854/il/A,bw/so/no/yes/m/788/il/U,0.56
bo/st/no/no/d/854/il/A,bo/so/yes/yes/m/789/il/U,0.65
bo/st/no/no/d/854/il/A,bw/so/yes/no/m/787/il/U,0.52
bo/st/no/no/d/854/il/A,bo/mu/yes/yes/m/773/il/U,0.69
bo/st/no/no/d/854/il/A,bo/mu/no/no/m/774/il/U,0.68
bo/st/no/no/d/854/il/A,bw/st/no/yes/m/780/il/U,0.59
bo/st/no/no/d/854/il/A,bw/mu/yes/yes/m/769/il/U,0.67
bo/st/no/no/d/854/il/A,bw/mu/yes/yes/d/793/il/U,0.67
bo/st/no/no/d/854/il/A,bw/mu/no/no/d/794/il/U,0.66
bo/st/no/no/d/854/il/A,bw/mu/yes/no/d/795/il/U,0.66
bo/st/no/no/d/854/il/A,bo/so/no/yes/m/792/il/U,0.45
bo/st/no/no/d/854/il/A,bw/so/no/yes/d/812/il/U,0.56
bo/st/no/no/d/854/il/A,bo/so/yes/no/d/815/il/U,0.6
bo/st/no/no/d/854/il/A,bo/mu/yes/no/m/823/il/A,0.68
bo/st/no/no/d/854/il/A,bo/mu/no/yes/m/824/il/A,0.69
bo/st/no/no/d/854/il/A,bo/mu/no/yes/d/848/il/A,0.69
bo/st/no/no/d/854/il/A,bw/mu/yes/yes/d/841/il/A,0.67
bo/st/no/no/d/854/il/A,bo/mu/no/no/d/846/il/A,0.68
bo/st/no/no/d/854/il/A,bw/st/yes/yes/m/825/il/A,0.57
bo/st/no/no/d/854/il/A,bo/mu/no/no/m/822/il/A,0.68
bo/st/no/no/d/854/il/A,bo/so/no/no/d/814/il/U,0.46
bo/st/no/no/d/854/il/A,bo/so/yes/yes/d/813/il/U,0.65
bo/st/no/no/d/854/il/A,bo/mu/yes/no/d/847/il/A,0.68
bo/st/no/no/d/854/il/A,bo/so/no/yes/m/840/il/A,0.45
bo/st/no/no/d/854/il/A,bw/st/yes/yes/d/849/il/A,0.57
bo/st/no/no/d/854/il/A,bw/so/yes/no/m/835/il/A,0.52
bo/st/no/no/d/854/il/A,bo/st/no/yes/m/832/il/A,0.94
bo/st/no/no/d/854/il/A,bw/st/no/yes/d/804/il/U,0.59
bo/st/no/no/d/854/il/A,bw/st/yes/no/d/803/il/U,0.38
bo/st/no/no/d/854/il/A,bw/so/yes/yes/d/857/il/A,0.55
bo/st/no/no/d/854/il/A,bw/st/no/no/d/850/il/A,0.39
bo/st/no/no/d/854/il/A,bw/so/yes/no/d/859/il/A,0.52
bo/st/no/no/d/854/il/A,bo/so/yes/yes/d/861/il/A,0.65
bo/st/no/no/d/854/il/A,bw/st/no/no/d/802/il/U,0.39
bo/st/no/no/d/854/il/A,bo/st/yes/yes/d/805/il/U,0.89
bo/st/no/no/d/854/il/A,bw/so/yes/yes/m/833/il/A,0.55
bo/st/no/no/d/854/il/A,bw/so/no/no/m/834/il/A,0.52
bo/st/no/no/d/854/il/A,bw/so/no/yes/d/860/il/A,0.56
bo/st/no/no/d/854/il/A,bw/so/no/no/d/858/il/A,0.52
bo/st/no/no/d/854/il/A,bw/st/yes/no/d/851/il/A,0.38
bo/st/no/no/d/854/il/A,bo/st/no/yes/d/856/il/A,0.94
bo/st/no/no/d/854/il/A,bw/mu/yes/no/m/771/il/U,0.66
bo/st/no/no/d/854/il/A,bw/so/yes/yes/m/785/il/U,0.55
bo/st/no/no/d/854/il/A,bo/st/no/no/m/782/il/U,1.0
bo/st/no/no/d/854/il/A,bo/mu/no/yes/m/776/il/U,0.69
bo/st/no/no/d/854/il/A,bw/st/no/no/m/778/il/U,0.39
bo/st/no/no/d/854/il/A,bw/st/yes/no/m/779/il/U,0.38
bo/st/no/no/d/854/il/A,bw/st/yes/yes/m/777/il/U,0.57
bo/st/no/no/d/854/il/A,bo/st/yes/no/m/783/il/U,0.9
bo/st/no/no/d/854/il/A,bo/st/no/yes/m/784/il/U,0.94
bo/st/no/no/d/854/il/A,bw/mu/no/no/m/770/il/U,0.66
bo/st/no/no/d/854/il/A,bo/mu/yes/no/d/799/il/U,0.68
bo/st/no/no/d/854/il/A,bo/mu/yes/yes/d/797/il/U,0.69
bo/st/no/no/d/854/il/A,bo/so/no/no/m/790/il/U,0.46
bo/st/no/no/d/854/il/A,bo/so/yes/no/m/791/il/U,0.6
bo/st/no/no/d/854/il/A,bw/mu/no/yes/d/796/il/U,0.67
bo/st/no/no/d/854/il/A,bo/mu/no/no/d/798/il/U,0.68
bo/st/no/no/d/854/il/A,bo/mu/yes/yes/d/845/il/A,0.69
bo/st/no/no/d/854/il/A,bw/mu/no/no/d/842/il/A,0.66
bo/st/no/no/d/854/il/A,bo/st/yes/yes/m/829/il/A,0.89
bo/st/no/no/d/854/il/A,bo/so/no/yes/d/816/il/U,0.45
bo/st/no/no/d/854/il/A,bw/so/yes/no/d/811/il/U,0.52
bo/st/no/no/d/854/il/A,bw/mu/no/no/m/818/il/A,0.66
bo/st/no/no/d/854/il/A,bw/st/yes/no/m/827/il/A,0.38
bo/st/no/no/d/854/il/A,bw/mu/no/yes/m/820/il/A,0.67
bo/st/no/no/d/854/il/A,bw/mu/yes/no/d/843/il/A,0.66
bo/st/no/no/d/854/il/A,bw/mu/no/yes/d/844/il/A,0.67
bo/st/no/no/d/854/il/A,bo/mu/yes/yes/m/821/il/A,0.69
bo/st/no/no/d/854/il/A,bw/mu/yes/no/m/819/il/A,0.66
bo/st/no/no/d/854/il/A,bw/st/no/no/m/826/il/A,0.39
bo/st/no/no/d/854/il/A,bw/so/no/no/d/810/il/U,0.52
bo/st/no/no/d/854/il/A,bw/st/no/yes/m/828/il/A,0.59
bo/st/no/no/d/854/il/A,bw/mu/yes/yes/m/817/il/A,0.67
bo/so/no/no/d/862/il/A,bo/st/yes/yes/d/853/il/A,0.45
bo/so/no/no/d/862/il/A,bo/st/no/no/d/854/il/A,0.46
bo/so/no/no/d/862/il/A,bo/so/no/no/d/862/il/A,1.0
bo/so/no/no/d/862/il/A,bo/st/yes/no/m/831/il/A,0.44
bo/so/no/no/d/862/il/A,bw/so/no/yes/m/836/il/A,0.38
bo/so/no/no/d/862/il/A,bw/so/yes/yes/d/809/il/U,0.38
bo/so/no/no/d/862/il/A,bo/mu/no/yes/d/800/il/U,0.41
bo/so/no/no/d/862/il/A,bo/st/yes/no/d/807/il/U,0.44
bo/so/no/no/d/862/il/A,bo/so/no/no/m/838/il/A,1.0
bo/so/no/no/d/862/il/A,bo/so/no/yes/d/864/il/A,0.77
bo/so/no/no/d/862/il/A,bo/so/yes/no/d/863/il/A,0.57
bo/so/no/no/d/862/il/A,bo/st/yes/no/d/855/il/A,0.44
bo/so/no/no/d/862/il/A,bw/st/no/yes/d/852/il/A,0.33
bo/so/no/no/d/862/il/A,bo/st/no/no/d/806/il/U,0.46
bo/so/no/no/d/862/il/A,bo/so/yes/no/m/839/il/A,0.57
bo/so/no/no/d/862/il/A,bw/st/yes/yes/d/801/il/U,0.32
bo/so/no/no/d/862/il/A,bo/so/yes/yes/m/837/il/A,0.53
bo/so/no/no/d/862/il/A,bo/st/no/yes/d/808/il/U,0.46
bo/so/no/no/d/862/il/A,bo/st/no/no/m/830/il/A,0.46
bo/so/no/no/d/862/il/A,bo/st/yes/yes/m/781/il/U,0.45
bo/so/no/no/d/862/il/A,bo/mu/yes/no/m/775/il/U,0.41
bo/so/no/no/d/862/il/A,bw/mu/no/yes/m/772/il/U,0.39
bo/so/no/no/d/862/il/A,bw/so/no/no/m/786/il/U,0.39
bo/so/no/no/d/862/il/A,bw/so/no/yes/m/788/il/U,0.38
bo/so/no/no/d/862/il/A,bo/so/yes/yes/m/789/il/U,0.53
bo/so/no/no/d/862/il/A,bw/so/yes/no/m/787/il/U,0.39
bo/so/no/no/d/862/il/A,bo/mu/yes/yes/m/773/il/U,0.41
bo/so/no/no/d/862/il/A,bo/mu/no/no/m/774/il/U,0.41
bo/so/no/no/d/862/il/A,bw/st/no/yes/m/780/il/U,0.33
bo/so/no/no/d/862/il/A,bw/mu/yes/yes/m/769/il/U,0.39
bo/so/no/no/d/862/il/A,bw/mu/yes/yes/d/793/il/U,0.39
bo/so/no/no/d/862/il/A,bw/mu/no/no/d/794/il/U,0.39
bo/so/no/no/d/862/il/A,bw/mu/yes/no/d/795/il/U,0.39
bo/so/no/no/d/862/il/A,bo/so/no/yes/m/792/il/U,0.77
bo/so/no/no/d/862/il/A,bw/so/no/yes/d/812/il/U,0.38
bo/so/no/no/d/862/il/A,bo/so/yes/no/d/815/il/U,0.57
bo/so/no/no/d/862/il/A,bo/mu/yes/no/m/823/il/A,0.41
bo/so/no/no/d/862/il/A,bo/mu/no/yes/m/824/il/A,0.41
bo/so/no/no/d/862/il/A,bo/mu/no/yes/d/848/il/A,0.41
bo/so/no/no/d/862/il/A,bw/mu/yes/yes/d/841/il/A,0.39
bo/so/no/no/d/862/il/A,bo/mu/no/no/d/846/il/A,0.41
bo/so/no/no/d/862/il/A,bw/st/yes/yes/m/825/il/A,0.32
bo/so/no/no/d/862/il/A,bo/mu/no/no/m/822/il/A,0.41
bo/so/no/no/d/862/il/A,bo/so/no/no/d/814/il/U,1.0
bo/so/no/no/d/862/il/A,bo/so/yes/yes/d/813/il/U,0.53
bo/so/no/no/d/862/il/A,bo/mu/yes/no/d/847/il/A,0.41
bo/so/no/no/d/862/il/A,bo/so/no/yes/m/840/il/A,0.77
bo/so/no/no/d/862/il/A,bw/st/yes/yes/d/849/il/A,0.32
bo/so/no/no/d/862/il/A,bw/so/yes/no/m/835/il/A,0.39
bo/so/no/no/d/862/il/A,bo/st/no/yes/m/832/il/A,0.46
bo/so/no/no/d/862/il/A,bw/st/no/yes/d/804/il/U,0.33
bo/so/no/no/d/862/il/A,bw/st/yes/no/d/803/il/U,0.22
bo/so/no/no/d/862/il/A,bw/so/yes/yes/d/857/il/A,0.38
bo/so/no/no/d/862/il/A,bw/st/no/no/d/850/il/A,0.22
bo/so/no/no/d/862/il/A,bw/so/yes/no/d/859/il/A,0.39
bo/so/no/no/d/862/il/A,bo/so/yes/yes/d/861/il/A,0.53
bo/so/no/no/d/862/il/A,bw/st/no/no/d/802/il/U,0.22
bo/so/no/no/d/862/il/A,bo/st/yes/yes/d/805/il/U,0.45
bo/so/no/no/d/862/il/A,bw/so/yes/yes/m/833/il/A,0.38
bo/so/no/no/d/862/il/A,bw/so/no/no/m/834/il/A,0.39
bo/so/no/no/d/862/il/A,bw/so/no/yes/d/860/il/A,0.38
bo/so/no/no/d/862/il/A,bw/so/no/no/d/858/il/A,0.39
bo/so/no/no/d/862/il/A,bw/st/yes/no/d/851/il/A,0.22
bo/so/no/no/d/862/il/A,bo/st/no/yes/d/856/il/A,0.46
bo/so/no/no/d/862/il/A,bw/mu/yes/no/m/771/il/U,0.39
bo/so/no/no/d/862/il/A,bw/so/yes/yes/m/785/il/U,0.38
bo/so/no/no/d/862/il/A,bo/st/no/no/m/782/il/U,0.46
bo/so/no/no/d/862/il/A,bo/mu/no/yes/m/776/il/U,0.41
bo/so/no/no/d/862/il/A,bw/st/no/no/m/778/il/U,0.22
bo/so/no/no/d/862/il/A,bw/st/yes/no/m/779/il/U,0.22
bo/so/no/no/d/862/il/A,bw/st/yes/yes/m/777/il/U,0.32
bo/so/no/no/d/862/il/A,bo/st/yes/no/m/783/il/U,0.44
bo/so/no/no/d/862/il/A,bo/st/no/yes/m/784/il/U,0.46
bo/so/no/no/d/862/il/A,bw/mu/no/no/m/770/il/U,0.39
bo/so/no/no/d/862/il/A,bo/mu/yes/no/d/799/il/U,0.41
bo/so/no/no/d/862/il/A,bo/mu/yes/yes/d/797/il/U,0.41
bo/so/no/no/d/862/il/A,bo/so/no/no/m/790/il/U,1.0
bo/so/no/no/d/862/il/A,bo/so/yes/no/m/791/il/U,0.57
bo/so/no/no/d/862/il/A,bw/mu/no/yes/d/796/il/U,0.39
bo/so/no/no/d/862/il/A,bo/mu/no/no/d/798/il/U,0.41
bo/so/no/no/d/862/il/A,bo/mu/yes/yes/d/845/il/A,0.41
bo/so/no/no/d/862/il/A,bw/mu/no/no/d/842/il/A,0.39
bo/so/no/no/d/862/il/A,bo/st/yes/yes/m/829/il/A,0.45
bo/so/no/no/d/862/il/A,bo/so/no/yes/d/816/il/U,0.77
bo/so/no/no/d/862/il/A,bw/so/yes/no/d/811/il/U,0.39
bo/so/no/no/d/862/il/A,bw/mu/no/no/m/818/il/A,0.39
bo/so/no/no/d/862/il/A,bw/st/yes/no/m/827/il/A,0.22
bo/so/no/no/d/862/il/A,bw/mu/no/yes/m/820/il/A,0.39
bo/so/no/no/d/862/il/A,bw/mu/yes/no/d/843/il/A,0.39
bo/so/no/no/d/862/il/A,bw/mu/no/yes/d/844/il/A,0.39
bo/so/no/no/d/862/il/A,bo/mu/yes/yes/m/821/il/A,0.41
bo/so/no/no/d/862/il/A,bw/mu/yes/no/m/819/il/A,0.39
bo/so/no/no/d/862/il/A,bw/st/no/no/m/826/il/A,0.22
bo/so/no/no/d/862/il/A,bw/so/no/no/d/810/il/U,0.39
bo/so/no/no/d/862/il/A,bw/st/no/yes/m/828/il/A,0.33
bo/so/no/no/d/862/il/A,bw/mu/yes/yes/m/817/il/A,0.39
bo/st/yes/no/m/831/il/A,bo/st/yes/yes/d/853/il/A,0.96
bo/st/yes/no/m/831/il/A,bo/st/no/no/d/854/il/A,0.9
bo/st/yes/no/m/831/il/A,bo/so/no/no/d/862/il/A,0.44
bo/st/yes/no/m/831/il/A,bo/st/yes/no/m/831/il/A,1.0
bo/st/yes/no/m/831/il/A,bw/so/no/yes/m/836/il/A,0.54
bo/st/yes/no/m/831/il/A,bw/so/yes/yes/d/809/il/U,0.54
bo/st/yes/no/m/831/il/A,bo/mu/no/yes/d/800/il/U,0.69
bo/st/yes/no/m/831/il/A,bo/st/yes/no/d/807/il/U,1.0
bo/st/yes/no/m/831/il/A,bo/so/no/no/m/838/il/A,0.44
bo/st/yes/no/m/831/il/A,bo/so/no/yes/d/864/il/A,0.43
bo/st/yes/no/m/831/il/A,bo/so/yes/no/d/863/il/A,0.6
bo/st/yes/no/m/831/il/A,bo/st/yes/no/d/855/il/A,1.0
bo/st/yes/no/m/831/il/A,bw/st/no/yes/d/852/il/A,0.61
bo/st/yes/no/m/831/il/A,bo/st/no/no/d/806/il/U,0.9
bo/st/yes/no/m/831/il/A,bo/so/yes/no/m/839/il/A,0.6
bo/st/yes/no/m/831/il/A,bw/st/yes/yes/d/801/il/U,0.59
bo/st/yes/no/m/831/il/A,bo/so/yes/yes/m/837/il/A,0.63
bo/st/yes/no/m/831/il/A,bo/st/no/yes/d/808/il/U,0.87
bo/st/yes/no/m/831/il/A,bo/st/no/no/m/830/il/A,0.9
bo/st/yes/no/m/831/il/A,bo/st/yes/yes/m/781/il/U,0.96
bo/st/yes/no/m/831/il/A,bo/mu/yes/no/m/775/il/U,0.68
bo/st/yes/no/m/831/il/A,bw/mu/no/yes/m/772/il/U,0.67
bo/st/yes/no/m/831/il/A,bw/so/no/no/m/786/il/U,0.51
bo/st/yes/no/m/831/il/A,bw/so/no/yes/m/788/il/U,0.54
bo/st/yes/no/m/831/il/A,bo/so/yes/yes/m/789/il/U,0.63
bo/st/yes/no/m/831/il/A,bw/so/yes/no/m/787/il/U,0.52
bo/st/yes/no/m/831/il/A,bo/mu/yes/yes/m/773/il/U,0.69
bo/st/yes/no/m/831/il/A,bo/mu/no/no/m/774/il/U,0.68
bo/st/yes/no/m/831/il/A,bw/st/no/yes/m/780/il/U,0.61
bo/st/yes/no/m/831/il/A,bw/mu/yes/yes/m/769/il/U,0.68
bo/st/yes/no/m/831/il/A,bw/mu/yes/yes/d/793/il/U,0.68
bo/st/yes/no/m/831/il/A,bw/mu/no/no/d/794/il/U,0.67
bo/st/yes/no/m/831/il/A,bw/mu/yes/no/d/795/il/U,0.67
bo/st/yes/no/m/831/il/A,bo/so/no/yes/m/792/il/U,0.43
bo/st/yes/no/m/831/il/A,bw/so/no/yes/d/812/il/U,0.54
bo/st/yes/no/m/831/il/A,bo/so/yes/no/d/815/il/U,0.6
bo/st/yes/no/m/831/il/A,bo/mu/yes/no/m/823/il/A,0.68
bo/st/yes/no/m/831/il/A,bo/mu/no/yes/m/824/il/A,0.69
bo/st/yes/no/m/831/il/A,bo/mu/no/yes/d/848/il/A,0.69
bo/st/yes/no/m/831/il/A,bw/mu/yes/yes/d/841/il/A,0.68
bo/st/yes/no/m/831/il/A,bo/mu/no/no/d/846/il/A,0.68
bo/st/yes/no/m/831/il/A,bw/st/yes/yes/m/825/il/A,0.59
bo/st/yes/no/m/831/il/A,bo/mu/no/no/m/822/il/A,0.68
bo/st/yes/no/m/831/il/A,bo/so/no/no/d/814/il/U,0.44
bo/st/yes/no/m/831/il/A,bo/so/yes/yes/d/813/il/U,0.63
bo/st/yes/no/m/831/il/A,bo/mu/yes/no/d/847/il/A,0.68
bo/st/yes/no/m/831/il/A,bo/so/no/yes/m/840/il/A,0.43
bo/st/yes/no/m/831/il/A,bw/st/yes/yes/d/849/il/A,0.59
bo/st/yes/no/m/831/il/A,bw/so/yes/no/m/835/il/A,0.52
bo/st/yes/no/m/831/il/A,bo/st/no/yes/m/832/il/A,0.87
bo/st/yes/no/m/831/il/A,bw/st/no/yes/d/804/il/U,0.61
bo/st/yes/no/m/831/il/A,bw/st/yes/no/d/803/il/U,0.4
bo/st/yes/no/m/831/il/A,bw/so/yes/yes/d/857/il/A,0.54
bo/st/yes/no/m/831/il/A,bw/st/no/no/d/850/il/A,0.4
bo/st/yes/no/m/831/il/A,bw/so/yes/no/d/859/il/A,0.52
bo/st/yes/no/m/831/il/A,bo/so/yes/yes/d/861/il/A,0.63
bo/st/yes/no/m/831/il/A,bw/st/no/no/d/802/il/U,0.4
bo/st/yes/no/m/831/il/A,bo/st/yes/yes/d/805/il/U,0.96
bo/st/yes/no/m/831/il/A,bw/so/yes/yes/m/833/il/A,0.54
bo/st/yes/no/m/831/il/A,bw/so/no/no/m/834/il/A,0.51
bo/st/yes/no/m/831/il/A,bw/so/no/yes/d/860/il/A,0.54
bo/st/yes/no/m/831/il/A,bw/so/no/no/d/858/il/A,0.51
bo/st/yes/no/m/831/il/A,bw/st/yes/no/d/851/il/A,0.4
bo/st/yes/no/m/831/il/A,bo/st/no/yes/d/856/il/A,0.87
bo/st/yes/no/m/831/il/A,bw/mu/yes/no/m/771/il/U,0.67
bo/st/yes/no/m/831/il/A,bw/so/yes/yes/m/785/il/U,0.54
bo/st/yes/no/m/831/il/A,bo/st/no/no/m/782/il/U,0.9
bo/st/yes/no/m/831/il/A,bo/mu/no/yes/m/776/il/U,0.69
bo/st/yes/no/m/831/il/A,bw/st/no/no/m/778/il/U,0.4
bo/st/yes/no/m/831/il/A,bw/st/yes/no/m/779/il/U,0.4
bo/st/yes/no/m/831/il/A,bw/st/yes/yes/m/777/il/U,0.59
bo/st/yes/no/m/831/il/A,bo/st/yes/no/m/783/il/U,1.0
bo/st/yes/no/m/831/il/A,bo/st/no/yes/m/784/il/U,0.87
bo/st/yes/no/m/831/il/A,bw/mu/no/no/m/770/il/U,0.67
bo/st/yes/no/m/831/il/A,bo/mu/yes/no/d/799/il/U,0.68
bo/st/yes/no/m/831/il/A,bo/mu/yes/yes/d/797/il/U,0.69
bo/st/yes/no/m/831/il/A,bo/so/no/no/m/790/il/U,0.44
bo/st/yes/no/m/831/il/A,bo/so/yes/no/m/791/il/U,0.6
bo/st/yes/no/m/831/il/A,bw/mu/no/yes/d/796/il/U,0.67
bo/st/yes/no/m/831/il/A,bo/mu/no/no/d/798/il/U,0.68
bo/st/yes/no/m/831/il/A,bo/mu/yes/yes/d/845/il/A,0.69
bo/st/yes/no/m/831/il/A,bw/mu/no/no/d/842/il/A,0.67
bo/st/yes/no/m/831/il/A,bo/st/yes/yes/m/829/il/A,0.96
bo/st/yes/no/m/831/il/A,bo/so/no/yes/d/816/il/U,0.43
bo/st/yes/no/m/831/il/A,bw/so/yes/no/d/811/il/U,0.52
bo/st/yes/no/m/831/il/A,bw/mu/no/no/m/818/il/A,0.67
bo/st/yes/no/m/831/il/A,bw/st/yes/no/m/827/il/A,0.4
bo/st/yes/no/m/831/il/A,bw/mu/no/yes/m/820/il/A,0.67
bo/st/yes/no/m/831/il/A,bw/mu/yes/no/d/843/il/A,0.67
bo/st/yes/no/m/831/il/A,bw/mu/no/yes/d/844/il/A,0.67
bo/st/yes/no/m/831/il/A,bo/mu/yes/yes/m/821/il/A,0.69
bo/st/yes/no/m/831/il/A,bw/mu/yes/no/m/819/il/A,0.67
bo/st/yes/no/m/831/il/A,bw/st/no/no/m/826/il/A,0.4
bo/st/yes/no/m/831/il/A,bw/so/no/no/d/810/il/U,0.51
bo/st/yes/no/m/831/il/A,bw/st/no/yes/m/828/il/A,0.61
bo/st/yes/no/m/831/il/A,bw/mu/yes/yes/m/817/il/A,0.68
bw/so/no/yes/m/836/il/A,bo/st/yes/yes/d/853/il/A,0.55
bw/so/no/yes/m/836/il/A,bo/st/no/no/d/854/il/A,0.56
bw/so/no/yes/m/836/il/A,bo/so/no/no/d/862/il/A,0.38
bw/so/no/yes/m/836/il/A,bo/st/yes/no/m/831/il/A,0.54
bw/so/no/yes/m/836/il/A,bw/so/no/yes/m/836/il/A,1.0
bw/so/no/yes/m/836/il/A,bw/so/yes/yes/d/809/il/U,0.86
bw/so/no/yes/m/836/il/A,bo/mu/no/yes/d/800/il/U,0.5
bw/so/no/yes/m/836/il/A,bo/st/yes/no/d/807/il/U,0.54
bw/so/no/yes/m/836/il/A,bo/so/no/no/m/838/il/A,0.38
bw/so/no/yes/m/836/il/A,bo/so/no/yes/d/864/il/A,0.4
bw/so/no/yes/m/836/il/A,bo/so/yes/no/d/863/il/A,0.53
bw/so/no/yes/m/836/il/A,bo/st/yes/no/d/855/il/A,0.54
bw/so/no/yes/m/836/il/A,bw/st/no/yes/d/852/il/A,0.47
bw/so/no/yes/m/836/il/A,bo/st/no/no/d/806/il/U,0.56
bw/so/no/yes/m/836/il/A,bo/so/yes/no/m/839/il/A,0.53
bw/so/no/yes/m/836/il/A,bw/st/yes/yes/d/801/il/U,0.45
bw/so/no/yes/m/836/il/A,bo/so/yes/yes/m/837/il/A,0.6
bw/so/no/yes/m/836/il/A,bo/st/no/yes/d/808/il/U,0.56
bw/so/no/yes/m/836/il/A,bo/st/no/no/m/830/il/A,0.56
bw/so/no/yes/m/836/il/A,bo/st/yes/yes/m/781/il/U,0.55
bw/so/no/yes/m/836/il/A,bo/mu/yes/no/m/775/il/U,0.49
bw/so/no/yes/m/836/il/A,bw/mu/no/yes/m/772/il/U,0.49
bw/so/no/yes/m/836/il/A,bw/so/no/no/m/786/il/U,0.74
bw/so/no/yes/m/836/il/A,bw/so/no/yes/m/788/il/U,1.0
bw/so/no/yes/m/836/il/A,bo/so/yes/yes/m/789/il/U,0.6
bw/so/no/yes/m/836/il/A,bw/so/yes/no/m/787/il/U,0.7
bw/so/no/yes/m/836/il/A,bo/mu/yes/yes/m/773/il/U,0.5
bw/so/no/yes/m/836/il/A,bo/mu/no/no/m/774/il/U,0.49
bw/so/no/yes/m/836/il/A,bw/st/no/yes/m/780/il/U,0.47
bw/so/no/yes/m/836/il/A,bw/mu/yes/yes/m/769/il/U,0.49
bw/so/no/yes/m/836/il/A,bw/mu/yes/yes/d/793/il/U,0.49
bw/so/no/yes/m/836/il/A,bw/mu/no/no/d/794/il/U,0.49
bw/so/no/yes/m/836/il/A,bw/mu/yes/no/d/795/il/U,0.49
bw/so/no/yes/m/836/il/A,bo/so/no/yes/m/792/il/U,0.4
bw/so/no/yes/m/836/il/A,bw/so/no/yes/d/812/il/U,1.0
bw/so/no/yes/m/836/il/A,bo/so/yes/no/d/815/il/U,0.53
bw/so/no/yes/m/836/il/A,bo/mu/yes/no/m/823/il/A,0.49
bw/so/no/yes/m/836/il/A,bo/mu/no/yes/m/824/il/A,0.5
bw/so/no/yes/m/836/il/A,bo/mu/no/yes/d/848/il/A,0.5
bw/so/no/yes/m/836/il/A,bw/mu/yes/yes/d/841/il/A,0.49
bw/so/no/yes/m/836/il/A,bo/mu/no/no/d/846/il/A,0.49
bw/so/no/yes/m/836/il/A,bw/st/yes/yes/m/825/il/A,0.45
bw/so/no/yes/m/836/il/A,bo/mu/no/no/m/822/il/A,0.49
bw/so/no/yes/m/836/il/A,bo/so/no/no/d/814/il/U,0.38
bw/so/no/yes/m/836/il/A,bo/so/yes/yes/d/813/il/U,0.6
bw/so/no/yes/m/836/il/A,bo/mu/yes/no/d/847/il/A,0.49
bw/so/no/yes/m/836/il/A,bo/so/no/yes/m/840/il/A,0.4
bw/so/no/yes/m/836/il/A,bw/st/yes/yes/d/849/il/A,0.45
bw/so/no/yes/m/836/il/A,bw/so/yes/no/m/835/il/A,0.7
bw/so/no/yes/m/836/il/A,bo/st/no/yes/m/832/il/A,0.56
bw/so/no/yes/m/836/il/A,bw/st/no/yes/d/804/il/U,0.47
bw/so/no/yes/m/836/il/A,bw/st/yes/no/d/803/il/U,0.32
bw/so/no/yes/m/836/il/A,bw/so/yes/yes/d/857/il/A,0.86
bw/so/no/yes/m/836/il/A,bw/st/no/no/d/850/il/A,0.32
bw/so/no/yes/m/836/il/A,bw/so/yes/no/d/859/il/A,0.7
bw/so/no/yes/m/836/il/A,bo/so/yes/yes/d/861/il/A,0.6
bw/so/no/yes/m/836/il/A,bw/st/no/no/d/802/il/U,0.32
bw/so/no/yes/m/836/il/A,bo/st/yes/yes/d/805/il/U,0.55
bw/so/no/yes/m/836/il/A,bw/so/yes/yes/m/833/il/A,0.86
bw/so/no/yes/m/836/il/A,bw/so/no/no/m/834/il/A,0.74
bw/so/no/yes/m/836/il/A,bw/so/no/yes/d/860/il/A,1.0
bw/so/no/yes/m/836/il/A,bw/so/no/no/d/858/il/A,0.74
bw/so/no/yes/m/836/il/A,bw/st/yes/no/d/851/il/A,0.32
bw/so/no/yes/m/836/il/A,bo/st/no/yes/d/856/il/A,0.56
bw/so/no/yes/m/836/il/A,bw/mu/yes/no/m/771/il/U,0.49
bw/so/no/yes/m/836/il/A,bw/so/yes/yes/m/785/il/U,0.86
bw/so/no/yes/m/836/il/A,bo/st/no/no/m/782/il/U,0.56
bw/so/no/yes/m/836/il/A,bo/mu/no/yes/m/776/il/U,0.5
bw/so/no/yes/m/836/il/A,bw/st/no/no/m/778/il/U,0.32
bw/so/no/yes/m/836/il/A,bw/st/yes/no/m/779/il/U,0.32
bw/so/no/yes/m/836/il/A,bw/st/yes/yes/m/777/il/U,0.45
bw/so/no/yes/m/836/il/A,bo/st/yes/no/m/783/il/U,0.54
bw/so/no/yes/m/836/il/A,bo/st/no/yes/m/784/il/U,0.56
bw/so/no/yes/m/836/il/A,bw/mu/no/no/m/770/il/U,0.49
bw/so/no/yes/m/836/il/A,bo/mu/yes/no/d/799/il/U,0.49
bw/so/no/yes/m/836/il/A,bo/mu/yes/yes/d/797/il/U,0.5
bw/so/no/yes/m/836/il/A,bo/so/no/no/m/790/il/U,0.38
bw/so/no/yes/m/836/il/A,bo/so/yes/no/m/791/il/U,0.53
bw/so/no/yes/m/836/il/A,bw/mu/no/yes/d/796/il/U,0.49
bw/so/no/yes/m/836/il/A,bo/mu/no/no/d/798/il/U,0.49
bw/so/no/yes/m/836/il/A,bo/mu/yes/yes/d/845/il/A,0.5
bw/so/no/yes/m/836/il/A,bw/mu/no/no/d/842/il/A,0.49
bw/so/no/yes/m/836/il/A,bo/st/yes/yes/m/829/il/A,0.55
bw/so/no/yes/m/836/il/A,bo/so/no/yes/d/816/il/U,0.4
bw/so/no/yes/m/836/il/A,bw/so/yes/no/d/811/il/U,0.7
bw/so/no/yes/m/836/il/A,bw/mu/no/no/m/818/il/A,0.49
bw/so/no/yes/m/836/il/A,bw/st/yes/no/m/827/il/A,0.32
bw/so/no/yes/m/836/il/A,bw/mu/no/yes/m/820/il/A,0.49
bw/so/no/yes/m/836/il/A,bw/mu/yes/no/d/843/il/A,0.49
bw/so/no/yes/m/836/il/A,bw/mu/no/yes/d/844/il/A,0.49
bw/so/no/yes/m/836/il/A,bo/mu/yes/yes/m/821/il/A,0.5
bw/so/no/yes/m/836/il/A,bw/mu/yes/no/m/819/il/A,0.49
bw/so/no/yes/m/836/il/A,bw/st/no/no/m/826/il/A,0.32
bw/so/no/yes/m/836/il/A,bw/so/no/no/d/810/il/U,0.74
bw/so/no/yes/m/836/il/A,bw/st/no/yes/m/828/il/A,0.47
bw/so/no/yes/m/836/il/A,bw/mu/yes/yes/m/817/il/A,0.49
bw/so/yes/yes/d/809/il/U,bo/st/yes/yes/d/853/il/A,0.55
bw/so/yes/yes/d/809/il/U,bo/st/no/no/d/854/il/A,0.55
bw/so/yes/yes/d/809/il/U,bo/so/no/no/d/862/il/A,0.38
bw/so/yes/yes/d/809/il/U,bo/st/yes/no/m/831/il/A,0.54
bw/so/yes/yes/d/809/il/U,bw/so/no/yes/m/836/il/A,0.86
bw/so/yes/yes/d/809/il/U,bw/so/yes/yes/d/809/il/U,1.0
bw/so/yes/yes/d/809/il/U,bo/mu/no/yes/d/800/il/U,0.49
bw/so/yes/yes/d/809/il/U,bo/st/yes/no/d/807/il/U,0.54
bw/so/yes/yes/d/809/il/U,bo/so/no/no/m/838/il/A,0.38
bw/so/yes/yes/d/809/il/U,bo/so/no/yes/d/864/il/A,0.4
bw/so/yes/yes/d/809/il/U,bo/so/yes/no/d/863/il/A,0.54
bw/so/yes/yes/d/809/il/U,bo/st/yes/no/d/855/il/A,0.54
bw/so/yes/yes/d/809/il/U,bw/st/no/yes/d/852/il/A,0.47
bw/so/yes/yes/d/809/il/U,bo/st/no/no/d/806/il/U,0.55
bw/so/yes/yes/d/809/il/U,bo/so/yes/no/m/839/il/A,0.54
bw/so/yes/yes/d/809/il/U,bw/st/yes/yes/d/801/il/U,0.45
bw/so/yes/yes/d/809/il/U,bo/so/yes/yes/m/837/il/A,0.6
bw/so/yes/yes/d/809/il/U,bo/st/no/yes/d/808/il/U,0.56
bw/so/yes/yes/d/809/il/U,bo/st/no/no/m/830/il/A,0.55
bw/so/yes/yes/d/809/il/U,bo/st/yes/yes/m/781/il/U,0.55
bw/so/yes/yes/d/809/il/U,bo/mu/yes/no/m/775/il/U,0.49
bw/so/yes/yes/d/809/il/U,bw/mu/no/yes/m/772/il/U,0.49
bw/so/yes/yes/d/809/il/U,bw/so/no/no/m/786/il/U,0.69
bw/so/yes/yes/d/809/il/U,bw/so/no/yes/m/788/il/U,0.86
bw/so/yes/yes/d/809/il/U,bo/so/yes/yes/m/789/il/U,0.6
bw/so/yes/yes/d/809/il/U,bw/so/yes/no/m/787/il/U,0.74
bw/so/yes/yes/d/809/il/U,bo/mu/yes/yes/m/773/il/U,0.49
bw/so/yes/yes/d/809/il/U,bo/mu/no/no/m/774/il/U,0.48
bw/so/yes/yes/d/809/il/U,bw/st/no/yes/m/780/il/U,0.47
bw/so/yes/yes/d/809/il/U,bw/mu/yes/yes/m/769/il/U,0.49
bw/so/yes/yes/d/809/il/U,bw/mu/yes/yes/d/793/il/U,0.49
bw/so/yes/yes/d/809/il/U,bw/mu/no/no/d/794/il/U,0.48
bw/so/yes/yes/d/809/il/U,bw/mu/yes/no/d/795/il/U,0.48
bw/so/yes/yes/d/809/il/U,bo/so/no/yes/m/792/il/U,0.4
bw/so/yes/yes/d/809/il/U,bw/so/no/yes/d/812/il/U,0.86
bw/so/yes/yes/d/809/il/U,bo/so/yes/no/d/815/il/U,0.54
bw/so/yes/yes/d/809/il/U,bo/mu/yes/no/m/823/il/A,0.49
bw/so/yes/yes/d/809/il/U,bo/mu/no/yes/m/824/il/A,0.49
bw/so/yes/yes/d/809/il/U,bo/mu/no/yes/d/848/il/A,0.49
bw/so/yes/yes/d/809/il/U,bw/mu/yes/yes/d/841/il/A,0.49
bw/so/yes/yes/d/809/il/U,bo/mu/no/no/d/846/il/A,0.48
bw/so/yes/yes/d/809/il/U,bw/st/yes/yes/m/825/il/A,0.45
bw/so/yes/yes/d/809/il/U,bo/mu/no/no/m/822/il/A,0.48
bw/so/yes/yes/d/809/il/U,bo/so/no/no/d/814/il/U,0.38
bw/so/yes/yes/d/809/il/U,bo/so/yes/yes/d/813/il/U,0.6
bw/so/yes/yes/d/809/il/U,bo/mu/yes/no/d/847/il/A,0.49
bw/so/yes/yes/d/809/il/U,bo/so/no/yes/m/840/il/A,0.4
bw/so/yes/yes/d/809/il/U,bw/st/yes/yes/d/849/il/A,0.45
bw/so/yes/yes/d/809/il/U,bw/so/yes/no/m/835/il/A,0.74
bw/so/yes/yes/d/809/il/U,bo/st/no/yes/m/832/il/A,0.56
bw/so/yes/yes/d/809/il/U,bw/st/no/yes/d/804/il/U,0.47
bw/so/yes/yes/d/809/il/U,bw/st/yes/no/d/803/il/U,0.32
bw/so/yes/yes/d/809/il/U,bw/so/yes/yes/d/857/il/A,1.0
bw/so/yes/yes/d/809/il/U,bw/st/no/no/d/850/il/A,0.32
bw/so/yes/yes/d/809/il/U,bw/so/yes/no/d/859/il/A,0.74
bw/so/yes/yes/d/809/il/U,bo/so/yes/yes/d/861/il/A,0.6
bw/so/yes/yes/d/809/il/U,bw/st/no/no/d/802/il/U,0.32
bw/so/yes/yes/d/809/il/U,bo/st/yes/yes/d/805/il/U,0.55
bw/so/yes/yes/d/809/il/U,bw/so/yes/yes/m/833/il/A,1.0
bw/so/yes/yes/d/809/il/U,bw/so/no/no/m/834/il/A,0.69
bw/so/yes/yes/d/809/il/U,bw/so/no/yes/d/860/il/A,0.86
bw/so/yes/yes/d/809/il/U,bw/so/no/no/d/858/il/A,0.69
bw/so/yes/yes/d/809/il/U,bw/st/yes/no/d/851/il/A,0.32
bw/so/yes/yes/d/809/il/U,bo/st/no/yes/d/856/il/A,0.56
bw/so/yes/yes/d/809/il/U,bw/mu/yes/no/m/771/il/U,0.48
bw/so/yes/yes/d/809/il/U,bw/so/yes/yes/m/785/il/U,1.0
bw/so/yes/yes/d/809/il/U,bo/st/no/no/m/782/il/U,0.55
bw/so/yes/yes/d/809/il/U,bo/mu/no/yes/m/776/il/U,0.49
bw/so/yes/yes/d/809/il/U,bw/st/no/no/m/778/il/U,0.32
bw/so/yes/yes/d/809/il/U,bw/st/yes/no/m/779/il/U,0.32
bw/so/yes/yes/d/809/il/U,bw/st/yes/yes/m/777/il/U,0.45
bw/so/yes/yes/d/809/il/U,bo/st/yes/no/m/783/il/U,0.54
bw/so/yes/yes/d/809/il/U,bo/st/no/yes/m/784/il/U,0.56
bw/so/yes/yes/d/809/il/U,bw/mu/no/no/m/770/il/U,0.48
bw/so/yes/yes/d/809/il/U,bo/mu/yes/no/d/799/il/U,0.49
bw/so/yes/yes/d/809/il/U,bo/mu/yes/yes/d/797/il/U,0.49
bw/so/yes/yes/d/809/il/U,bo/so/no/no/m/790/il/U,0.38
bw/so/yes/yes/d/809/il/U,bo/so/yes/no/m/791/il/U,0.54
bw/so/yes/yes/d/809/il/U,bw/mu/no/yes/d/796/il/U,0.49
bw/so/yes/yes/d/809/il/U,bo/mu/no/no/d/798/il/U,0.48
bw/so/yes/yes/d/809/il/U,bo/mu/yes/yes/d/845/il/A,0.49
bw/so/yes/yes/d/809/il/U,bw/mu/no/no/d/842/il/A,0.48
bw/so/yes/yes/d/809/il/U,bo/st/yes/yes/m/829/il/A,0.55
bw/so/yes/yes/d/809/il/U,bo/so/no/yes/d/816/il/U,0.4
bw/so/yes/yes/d/809/il/U,bw/so/yes/no/d/811/il/U,0.74
bw/so/yes/yes/d/809/il/U,bw/mu/no/no/m/818/il/A,0.48
bw/so/yes/yes/d/809/il/U,bw/st/yes/no/m/827/il/A,0.32
bw/so/yes/yes/d/809/il/U,bw/mu/no/yes/m/820/il/A,0.49
bw/so/yes/yes/d/809/il/U,bw/mu/yes/no/d/843/il/A,0.48
bw/so/yes/yes/d/809/il/U,bw/mu/no/yes/d/844/il/A,0.49
bw/so/yes/yes/d/809/il/U,bo/mu/yes/yes/m/821/il/A,0.49
bw/so/yes/yes/d/809/il/U,bw/mu/yes/no/m/819/il/A,0.48
bw/so/yes/yes/d/809/il/U,bw/st/no/no/m/826/il/A,0.32
bw/so/yes/yes/d/809/il/U,bw/so/no/no/d/810/il/U,0.69
bw/so/yes/yes/d/809/il/U,bw/st/no/yes/m/828/il/A,0.47
bw/so/yes/yes/d/809/il/U,bw/mu/yes/yes/m/817/il/A,0.49
bo/mu/no/yes/d/800/il/U,bo/st/yes/yes/d/853/il/A,0.71
bo/mu/no/yes/d/800/il/U,bo/st/no/no/d/854/il/A,0.69
bo/mu/no/yes/d/800/il/U,bo/so/no/no/d/862/il/A,0.41
bo/mu/no/yes/d/800/il/U,bo/st/yes/no/m/831/il/A,0.69
bo/mu/no/yes/d/800/il/U,bw/so/no/yes/m/836/il/A,0.5
bo/mu/no/yes/d/800/il/U,bw/so/yes/yes/d/809/il/U,0.49
bo/mu/no/yes/d/800/il/U,bo/mu/no/yes/d/800/il/U,1.0
bo/mu/no/yes/d/800/il/U,bo/st/yes/no/d/807/il/U,0.69
bo/mu/no/yes/d/800/il/U,bo/so/no/no/m/838/il/A,0.41
bo/mu/no/yes/d/800/il/U,bo/so/no/yes/d/864/il/A,0.43
bo/mu/no/yes/d/800/il/U,bo/so/yes/no/d/863/il/A,0.54
bo/mu/no/yes/d/800/il/U,bo/st/yes/no/d/855/il/A,0.69
bo/mu/no/yes/d/800/il/U,bw/st/no/yes/d/852/il/A,0.62
bo/mu/no/yes/d/800/il/U,bo/st/no/no/d/806/il/U,0.69
bo/mu/no/yes/d/800/il/U,bo/so/yes/no/m/839/il/A,0.54
bo/mu/no/yes/d/800/il/U,bw/st/yes/yes/d/801/il/U,0.59
bo/mu/no/yes/d/800/il/U,bo/so/yes/yes/m/837/il/A,0.59
bo/mu/no/yes/d/800/il/U,bo/st/no/yes/d/808/il/U,0.72
bo/mu/no/yes/d/800/il/U,bo/st/no/no/m/830/il/A,0.69
bo/mu/no/yes/d/800/il/U,bo/st/yes/yes/m/781/il/U,0.71
bo/mu/no/yes/d/800/il/U,bo/mu/yes/no/m/775/il/U,0.94
bo/mu/no/yes/d/800/il/U,bw/mu/no/yes/m/772/il/U,0.89
bo/mu/no/yes/d/800/il/U,bw/so/no/no/m/786/il/U,0.46
bo/mu/no/yes/d/800/il/U,bw/so/no/yes/m/788/il/U,0.5
bo/mu/no/yes/d/800/il/U,bo/so/yes/yes/m/789/il/U,0.59
bo/mu/no/yes/d/800/il/U,bw/so/yes/no/m/787/il/U,0.47
bo/mu/no/yes/d/800/il/U,bo/mu/yes/yes/m/773/il/U,0.96
bo/mu/no/yes/d/800/il/U,bo/mu/no/no/m/774/il/U,0.95
bo/mu/no/yes/d/800/il/U,bw/st/no/yes/m/780/il/U,0.62
bo/mu/no/yes/d/800/il/U,bw/mu/yes/yes/m/769/il/U,0.9
bo/mu/no/yes/d/800/il/U,bw/mu/yes/yes/d/793/il/U,0.9
bo/mu/no/yes/d/800/il/U,bw/mu/no/no/d/794/il/U,0.88
bo/mu/no/yes/d/800/il/U,bw/mu/yes/no/d/795/il/U,0.88
bo/mu/no/yes/d/800/il/U,bo/so/no/yes/m/792/il/U,0.43
bo/mu/no/yes/d/800/il/U,bw/so/no/yes/d/812/il/U,0.5
bo/mu/no/yes/d/800/il/U,bo/so/yes/no/d/815/il/U,0.54
bo/mu/no/yes/d/800/il/U,bo/mu/yes/no/m/823/il/A,0.94
bo/mu/no/yes/d/800/il/U,bo/mu/no/yes/m/824/il/A,1.0
bo/mu/no/yes/d/800/il/U,bo/mu/no/yes/d/848/il/A,1.0
bo/mu/no/yes/d/800/il/U,bw/mu/yes/yes/d/841/il/A,0.9
bo/mu/no/yes/d/800/il/U,bo/mu/no/no/d/846/il/A,0.95
bo/mu/no/yes/d/800/il/U,bw/st/yes/yes/m/825/il/A,0.59
bo/mu/no/yes/d/800/il/U,bo/mu/no/no/m/822/il/A,0.95
bo/mu/no/yes/d/800/il/U,bo/so/no/no/d/814/il/U,0.41
bo/mu/no/yes/d/800/il/U,bo/so/yes/yes/d/813/il/U,0.59
bo/mu/no/yes/d/800/il/U,bo/mu/yes/no/d/847/il/A,0.94
bo/mu/no/yes/d/800/il/U,bo/so/no/yes/m/840/il/A,0.43
bo/mu/no/yes/d/800/il/U,bw/st/yes/yes/d/849/il/A,0.59
bo/mu/no/yes/d/800/il/U,bw/so/yes/no/m/835/il/A,0.47
bo/mu/no/yes/d/800/il/U,bo/st/no/yes/m/832/il/A,0.72
bo/mu/no/yes/d/800/il/U,bw/st/no/yes/d/804/il/U,0.62
bo/mu/no/yes/d/800/il/U,bw/st/yes/no/d/803/il/U,0.39
bo/mu/no/yes/d/800/il/U,bw/so/yes/yes/d/857/il/A,0.49
bo/mu/no/yes/d/800/il/U,bw/st/no/no/d/850/il/A,0.4
bo/mu/no/yes/d/800/il/U,bw/so/yes/no/d/859/il/A,0.47
bo/mu/no/yes/d/800/il/U,bo/so/yes/yes/d/861/il/A,0.59
bo/mu/no/yes/d/800/il/U,bw/st/no/no/d/802/il/U,0.4
bo/mu/no/yes/d/800/il/U,bo/st/yes/yes/d/805/il/U,0.71
bo/mu/no/yes/d/800/il/U,bw/so/yes/yes/m/833/il/A,0.49
bo/mu/no/yes/d/800/il/U,bw/so/no/no/m/834/il/A,0.46
bo/mu/no/yes/d/800/il/U,bw/so/no/yes/d/860/il/A,0.5
bo/mu/no/yes/d/800/il/U,bw/so/no/no/d/858/il/A,0.46
bo/mu/no/yes/d/800/il/U,bw/st/yes/no/d/851/il/A,0.39
bo/mu/no/yes/d/800/il/U,bo/st/no/yes/d/856/il/A,0.72
bo/mu/no/yes/d/800/il/U,bw/mu/yes/no/m/771/il/U,0.88
bo/mu/no/yes/d/800/il/U,bw/so/yes/yes/m/785/il/U,0.49
bo/mu/no/yes/d/800/il/U,bo/st/no/no/m/782/il/U,0.69
bo/mu/no/yes/d/800/il/U,bo/mu/no/yes/m/776/il/U,1.0
bo/mu/no/yes/d/800/il/U,bw/st/no/no/m/778/il/U,0.4
bo/mu/no/yes/d/800/il/U,bw/st/yes/no/m/779/il/U,0.39
bo/mu/no/yes/d/800/il/U,bw/st/yes/yes/m/777/il/U,0.59
bo/mu/no/yes/d/800/il/U,bo/st/yes/no/m/783/il/U,0.69
bo/mu/no/yes/d/800/il/U,bo/st/no/yes/m/784/il/U,0.72
bo/mu/no/yes/d/800/il/U,bw/mu/no/no/m/770/il/U,0.88
bo/mu/no/yes/d/800/il/U,bo/mu/yes/no/d/799/il/U,0.94
bo/mu/no/yes/d/800/il/U,bo/mu/yes/yes/d/797/il/U,0.96
bo/mu/no/yes/d/800/il/U,bo/so/no/no/m/790/il/U,0.41
bo/mu/no/yes/d/800/il/U,bo/so/yes/no/m/791/il/U,0.54
bo/mu/no/yes/d/800/il/U,bw/mu/no/yes/d/796/il/U,0.89
bo/mu/no/yes/d/800/il/U,bo/mu/no/no/d/798/il/U,0.95
bo/mu/no/yes/d/800/il/U,bo/mu/yes/yes/d/845/il/A,0.96
bo/mu/no/yes/d/800/il/U,bw/mu/no/no/d/842/il/A,0.88
bo/mu/no/yes/d/800/il/U,bo/st/yes/yes/m/829/il/A,0.71
bo/mu/no/yes/d/800/il/U,bo/so/no/yes/d/816/il/U,0.43
bo/mu/no/yes/d/800/il/U,bw/so/yes/no/d/811/il/U,0.47
bo/mu/no/yes/d/800/il/U,bw/mu/no/no/m/818/il/A,0.88
bo/mu/no/yes/d/800/il/U,bw/st/yes/no/m/827/il/A,0.39
bo/mu/no/yes/d/800/il/U,bw/mu/no/yes/m/820/il/A,0.89
bo/mu/no/yes/d/800/il/U,bw/mu/yes/no/d/843/il/A,0.88
bo/mu/no/yes/d/800/il/U,bw/mu/no/yes/d/844/il/A,0.89
bo/mu/no/yes/d/800/il/U,bo/mu/yes/yes/m/821/il/A,0.96
bo/mu/no/yes/d/800/il/U,bw/mu/yes/no/m/819/il/A,0.88
bo/mu/no/yes/d/800/il/U,bw/st/no/no/m/826/il/A,0.4
bo/mu/no/yes/d/800/il/U,bw/so/no/no/d/810/il/U,0.46
bo/mu/no/yes/d/800/il/U,bw/st/no/yes/m/828/il/A,0.62
bo/mu/no/yes/d/800/il/U,bw/mu/yes/yes/m/817/il/A,0.9
bo/st/yes/no/d/807/il/U,bo/st/yes/yes/d/853/il/A,0.96
bo/st/yes/no/d/807/il/U,bo/st/no/no/d/854/il/A,0.9
bo/st/yes/no/d/807/il/U,bo/so/no/no/d/862/il/A,0.44
bo/st/yes/no/d/807/il/U,bo/st/yes/no/m/831/il/A,1.0
bo/st/yes/no/d/807/il/U,bw/so/no/yes/m/836/il/A,0.54
bo/st/yes/no/d/807/il/U,bw/so/yes/yes/d/809/il/U,0.54
bo/st/yes/no/d/807/il/U,bo/mu/no/yes/d/800/il/U,0.69
bo/st/yes/no/d/807/il/U,bo/st/yes/no/d/807/il/U,1.0
bo/st/yes/no/d/807/il/U,bo/so/no/no/m/838/il/A,0.44
bo/st/yes/no/d/807/il/U,bo/so/no/yes/d/864/il/A,0.43
bo/st/yes/no/d/807/il/U,bo/so/yes/no/d/863/il/A,0.6
bo/st/yes/no/d/807/il/U,bo/st/yes/no/d/855/il/A,1.0
bo/st/yes/no/d/807/il/U,bw/st/no/yes/d/852/il/A,0.61
bo/st/yes/no/d/807/il/U,bo/st/no/no/d/806/il/U,0.9
bo/st/yes/no/d/807/il/U,bo/so/yes/no/m/839/il/A,0.6
bo/st/yes/no/d/807/il/U,bw/st/yes/yes/d/801/il/U,0.59
bo/st/yes/no/d/807/il/U,bo/so/yes/yes/m/837/il/A,0.63
bo/st/yes/no/d/807/il/U,bo/st/no/yes/d/808/il/U,0.87
bo/st/yes/no/d/807/il/U,bo/st/no/no/m/830/il/A,0.9
bo/st/yes/no/d/807/il/U,bo/st/yes/yes/m/781/il/U,0.96
bo/st/yes/no/d/807/il/U,bo/mu/yes/no/m/775/il/U,0.68
bo/st/yes/no/d/807/il/U,bw/mu/no/yes/m/772/il/U,0.67
bo/st/yes/no/d/807/il/U,bw/so/no/no/m/786/il/U,0.51
bo/st/yes/no/d/807/il/U,bw/so/no/yes/m/788/il/U,0.54
bo/st/yes/no/d/807/il/U,bo/so/yes/yes/m/789/il/U,0.63
bo/st/yes/no/d/807/il/U,bw/so/yes/no/m/787/il/U,0.52
bo/st/yes/no/d/807/il/U,bo/mu/yes/yes/m/773/il/U,0.69
bo/st/yes/no/d/807/il/U,bo/mu/no/no/m/774/il/U,0.68
bo/st/yes/no/d/807/il/U,bw/st/no/yes/m/780/il/U,0.61
bo/st/yes/no/d/807/il/U,bw/mu/yes/yes/m/769/il/U,0.68
bo/st/yes/no/d/807/il/U,bw/mu/yes/yes/d/793/il/U,0.68
bo/st/yes/no/d/807/il/U,bw/mu/no/no/d/794/il/U,0.67
bo/st/yes/no/d/807/il/U,bw/mu/yes/no/d/795/il/U,0.67
bo/st/yes/no/d/807/il/U,bo/so/no/yes/m/792/il/U,0.43
bo/st/yes/no/d/807/il/U,bw/so/no/yes/d/812/il/U,0.54
bo/st/yes/no/d/807/il/U,bo/so/yes/no/d/815/il/U,0.6
bo/st/yes/no/d/807/il/U,bo/mu/yes/no/m/823/il/A,0.68
bo/st/yes/no/d/807/il/U,bo/mu/no/yes/m/824/il/A,0.69
bo/st/yes/no/d/807/il/U,bo/mu/no/yes/d/848/il/A,0.69
bo/st/yes/no/d/807/il/U,bw/mu/yes/yes/d/841/il/A,0.68
bo/st/yes/no/d/807/il/U,bo/mu/no/no/d/846/il/A,0.68
bo/st/yes/no/d/807/il/U,bw/st/yes/yes/m/825/il/A,0.59
bo/st/yes/no/d/807/il/U,bo/mu/no/no/m/822/il/A,0.68
bo/st/yes/no/d/807/il/U,bo/so/no/no/d/814/il/U,0.44
bo/st/yes/no/d/807/il/U,bo/so/yes/yes/d/813/il/U,0.63
bo/st/yes/no/d/807/il/U,bo/mu/yes/no/d/847/il/A,0.68
bo/st/yes/no/d/807/il/U,bo/so/no/yes/m/840/il/A,0.43
bo/st/yes/no/d/807/il/U,bw/st/yes/yes/d/849/il/A,0.59
bo/st/yes/no/d/807/il/U,bw/so/yes/no/m/835/il/A,0.52
bo/st/yes/no/d/807/il/U,bo/st/no/yes/m/832/il/A,0.87
bo/st/yes/no/d/807/il/U,bw/st/no/yes/d/804/il/U,0.61
bo/st/yes/no/d/807/il/U,bw/st/yes/no/d/803/il/U,0.4
bo/st/yes/no/d/807/il/U,bw/so/yes/yes/d/857/il/A,0.54
bo/st/yes/no/d/807/il/U,bw/st/no/no/d/850/il/A,0.4
bo/st/yes/no/d/807/il/U,bw/so/yes/no/d/859/il/A,0.52
bo/st/yes/no/d/807/il/U,bo/so/yes/yes/d/861/il/A,0.63
bo/st/yes/no/d/807/il/U,bw/st/no/no/d/802/il/U,0.4
bo/st/yes/no/d/807/il/U,bo/st/yes/yes/d/805/il/U,0.96
bo/st/yes/no/d/807/il/U,bw/so/yes/yes/m/833/il/A,0.54
bo/st/yes/no/d/807/il/U,bw/so/no/no/m/834/il/A,0.51
bo/st/yes/no/d/807/il/U,bw/so/no/yes/d/860/il/A,0.54
bo/st/yes/no/d/807/il/U,bw/so/no/no/d/858/il/A,0.51
bo/st/yes/no/d/807/il/U,bw/st/yes/no/d/851/il/A,0.4
bo/st/yes/no/d/807/il/U,bo/st/no/yes/d/856/il/A,0.87
bo/st/yes/no/d/807/il/U,bw/mu/yes/no/m/771/il/U,0.67
bo/st/yes/no/d/807/il/U,bw/so/yes/yes/m/785/il/U,0.54
bo/st/yes/no/d/807/il/U,bo/st/no/no/m/782/il/U,0.9
bo/st/yes/no/d/807/il/U,bo/mu/no/yes/m/776/il/U,0.69
bo/st/yes/no/d/807/il/U,bw/st/no/no/m/778/il/U,0.4
bo/st/yes/no/d/807/il/U,bw/st/yes/no/m/779/il/U,0.4
bo/st/yes/no/d/807/il/U,bw/st/yes/yes/m/777/il/U,0.59
bo/st/yes/no/d/807/il/U,bo/st/yes/no/m/783/il/U,1.0
bo/st/yes/no/d/807/il/U,bo/st/no/yes/m/784/il/U,0.87
bo/st/yes/no/d/807/il/U,bw/mu/no/no/m/770/il/U,0.67
bo/st/yes/no/d/807/il/U,bo/mu/yes/no/d/799/il/U,0.68
bo/st/yes/no/d/807/il/U,bo/mu/yes/yes/d/797/il/U,0.69
bo/st/yes/no/d/807/il/U,bo/so/no/no/m/790/il/U,0.44
bo/st/yes/no/d/807/il/U,bo/so/yes/no/m/791/il/U,0.6
bo/st/yes/no/d/807/il/U,bw/mu/no/yes/d/796/il/U,0.67
bo/st/yes/no/d/807/il/U,bo/mu/no/no/d/798/il/U,0.68
bo/st/yes/no/d/807/il/U,bo/mu/yes/yes/d/845/il/A,0.69
bo/st/yes/no/d/807/il/U,bw/mu/no/no/d/842/il/A,0.67
bo/st/yes/no/d/807/il/U,bo/st/yes/yes/m/829/il/A,0.96
bo/st/yes/no/d/807/il/U,bo/so/no/yes/d/816/il/U,0.43
bo/st/yes/no/d/807/il/U,bw/so/yes/no/d/811/il/U,0.52
bo/st/yes/no/d/807/il/U,bw/mu/no/no/m/818/il/A,0.67
bo/st/yes/no/d/807/il/U,bw/st/yes/no/m/827/il/A,0.4
bo/st/yes/no/d/807/il/U,bw/mu/no/yes/m/820/il/A,0.67
bo/st/yes/no/d/807/il/U,bw/mu/yes/no/d/843/il/A,0.67
bo/st/yes/no/d/807/il/U,bw/mu/no/yes/d/844/il/A,0.67
bo/st/yes/no/d/807/il/U,bo/mu/yes/yes/m/821/il/A,0.69
bo/st/yes/no/d/807/il/U,bw/mu/yes/no/m/819/il/A,0.67
bo/st/yes/no/d/807/il/U,bw/st/no/no/m/826/il/A,0.4
bo/st/yes/no/d/807/il/U,bw/so/no/no/d/810/il/U,0.51
bo/st/yes/no/d/807/il/U,bw/st/no/yes/m/828/il/A,0.61
bo/st/yes/no/d/807/il/U,bw/mu/yes/yes/m/817/il/A,0.68
bo/so/no/no/m/838/il/A,bo/st/yes/yes/d/853/il/A,0.45
bo/so/no/no/m/838/il/A,bo/st/no/no/d/854/il/A,0.46
bo/so/no/no/m/838/il/A,bo/so/no/no/d/862/il/A,1.0
bo/so/no/no/m/838/il/A,bo/st/yes/no/m/831/il/A,0.44
bo/so/no/no/m/838/il/A,bw/so/no/yes/m/836/il/A,0.38
bo/so/no/no/m/838/il/A,bw/so/yes/yes/d/809/il/U,0.38
bo/so/no/no/m/838/il/A,bo/mu/no/yes/d/800/il/U,0.41
bo/so/no/no/m/838/il/A,bo/st/yes/no/d/807/il/U,0.44
bo/so/no/no/m/838/il/A,bo/so/no/no/m/838/il/A,1.0
bo/so/no/no/m/838/il/A,bo/so/no/yes/d/864/il/A,0.77
bo/so/no/no/m/838/il/A,bo/so/yes/no/d/863/il/A,0.57
bo/so/no/no/m/838/il/A,bo/st/yes/no/d/855/il/A,0.44
bo/so/no/no/m/838/il/A,bw/st/no/yes/d/852/il/A,0.33
bo/so/no/no/m/838/il/A,bo/st/no/no/d/806/il/U,0.46
bo/so/no/no/m/838/il/A,bo/so/yes/no/m/839/il/A,0.57
bo/so/no/no/m/838/il/A,bw/st/yes/yes/d/801/il/U,0.32
bo/so/no/no/m/838/il/A,bo/so/yes/yes/m/837/il/A,0.53
bo/so/no/no/m/838/il/A,bo/st/no/yes/d/808/il/U,0.46
bo/so/no/no/m/838/il/A,bo/st/no/no/m/830/il/A,0.46
bo/so/no/no/m/838/il/A,bo/st/yes/yes/m/781/il/U,0.45
bo/so/no/no/m/838/il/A,bo/mu/yes/no/m/775/il/U,0.41
bo/so/no/no/m/838/il/A,bw/mu/no/yes/m/772/il/U,0.39
bo/so/no/no/m/838/il/A,bw/so/no/no/m/786/il/U,0.39
bo/so/no/no/m/838/il/A,bw/so/no/yes/m/788/il/U,0.38
bo/so/no/no/m/838/il/A,bo/so/yes/yes/m/789/il/U,0.53
bo/so/no/no/m/838/il/A,bw/so/yes/no/m/787/il/U,0.39
bo/so/no/no/m/838/il/A,bo/mu/yes/yes/m/773/il/U,0.41
bo/so/no/no/m/838/il/A,bo/mu/no/no/m/774/il/U,0.41
bo/so/no/no/m/838/il/A,bw/st/no/yes/m/780/il/U,0.33
bo/so/no/no/m/838/il/A,bw/mu/yes/yes/m/769/il/U,0.39
bo/so/no/no/m/838/il/A,bw/mu/yes/yes/d/793/il/U,0.39
bo/so/no/no/m/838/il/A,bw/mu/no/no/d/794/il/U,0.39
bo/so/no/no/m/838/il/A,bw/mu/yes/no/d/795/il/U,0.39
bo/so/no/no/m/838/il/A,bo/so/no/yes/m/792/il/U,0.77
bo/so/no/no/m/838/il/A,bw/so/no/yes/d/812/il/U,0.38
bo/so/no/no/m/838/il/A,bo/so/yes/no/d/815/il/U,0.57
bo/so/no/no/m/838/il/A,bo/mu/yes/no/m/823/il/A,0.41
bo/so/no/no/m/838/il/A,bo/mu/no/yes/m/824/il/A,0.41
bo/so/no/no/m/838/il/A,bo/mu/no/yes/d/848/il/A,0.41
bo/so/no/no/m/838/il/A,bw/mu/yes/yes/d/841/il/A,0.39
bo/so/no/no/m/838/il/A,bo/mu/no/no/d/846/il/A,0.41
bo/so/no/no/m/838/il/A,bw/st/yes/yes/m/825/il/A,0.32
bo/so/no/no/m/838/il/A,bo/mu/no/no/m/822/il/A,0.41
bo/so/no/no/m/838/il/A,bo/so/no/no/d/814/il/U,1.0
bo/so/no/no/m/838/il/A,bo/so/yes/yes/d/813/il/U,0.53
bo/so/no/no/m/838/il/A,bo/mu/yes/no/d/847/il/A,0.41
bo/so/no/no/m/838/il/A,bo/so/no/yes/m/840/il/A,0.77
bo/so/no/no/m/838/il/A,bw/st/yes/yes/d/849/il/A,0.32
bo/so/no/no/m/838/il/A,bw/so/yes/no/m/835/il/A,0.39
bo/so/no/no/m/838/il/A,bo/st/no/yes/m/832/il/A,0.46
bo/so/no/no/m/838/il/A,bw/st/no/yes/d/804/il/U,0.33
bo/so/no/no/m/838/il/A,bw/st/yes/no/d/803/il/U,0.22
bo/so/no/no/m/838/il/A,bw/so/yes/yes/d/857/il/A,0.38
bo/so/no/no/m/838/il/A,bw/st/no/no/d/850/il/A,0.22
bo/so/no/no/m/838/il/A,bw/so/yes/no/d/859/il/A,0.39
bo/so/no/no/m/838/il/A,bo/so/yes/yes/d/861/il/A,0.53
bo/so/no/no/m/838/il/A,bw/st/no/no/d/802/il/U,0.22
bo/so/no/no/m/838/il/A,bo/st/yes/yes/d/805/il/U,0.45
bo/so/no/no/m/838/il/A,bw/so/yes/yes/m/833/il/A,0.38
bo/so/no/no/m/838/il/A,bw/so/no/no/m/834/il/A,0.39
bo/so/no/no/m/838/il/A,bw/so/no/yes/d/860/il/A,0.38
bo/so/no/no/m/838/il/A,bw/so/no/no/d/858/il/A,0.39
bo/so/no/no/m/838/il/A,bw/st/yes/no/d/851/il/A,0.22
bo/so/no/no/m/838/il/A,bo/st/no/yes/d/856/il/A,0.46
bo/so/no/no/m/838/il/A,bw/mu/yes/no/m/771/il/U,0.39
bo/so/no/no/m/838/il/A,bw/so/yes/yes/m/785/il/U,0.38
bo/so/no/no/m/838/il/A,bo/st/no/no/m/782/il/U,0.46
bo/so/no/no/m/838/il/A,bo/mu/no/yes/m/776/il/U,0.41
bo/so/no/no/m/838/il/A,bw/st/no/no/m/778/il/U,0.22
bo/so/no/no/m/838/il/A,bw/st/yes/no/m/779/il/U,0.22
bo/so/no/no/m/838/il/A,bw/st/yes/yes/m/777/il/U,0.32
bo/so/no/no/m/838/il/A,bo/st/yes/no/m/783/il/U,0.44
bo/so/no/no/m/838/il/A,bo/st/no/yes/m/784/il/U,0.46
bo/so/no/no/m/838/il/A,bw/mu/no/no/m/770/il/U,0.39
bo/so/no/no/m/838/il/A,bo/mu/yes/no/d/799/il/U,0.41
bo/so/no/no/m/838/il/A,bo/mu/yes/yes/d/797/il/U,0.41
bo/so/no/no/m/838/il/A,bo/so/no/no/m/790/il/U,1.0
bo/so/no/no/m/838/il/A,bo/so/yes/no/m/791/il/U,0.57
bo/so/no/no/m/838/il/A,bw/mu/no/yes/d/796/il/U,0.39
bo/so/no/no/m/838/il/A,bo/mu/no/no/d/798/il/U,0.41
bo/so/no/no/m/838/il/A,bo/mu/yes/yes/d/845/il/A,0.41
bo/so/no/no/m/838/il/A,bw/mu/no/no/d/842/il/A,0.39
bo/so/no/no/m/838/il/A,bo/st/yes/yes/m/829/il/A,0.45
bo/so/no/no/m/838/il/A,bo/so/no/yes/d/816/il/U,0.77
bo/so/no/no/m/838/il/A,bw/so/yes/no/d/811/il/U,0.39
bo/so/no/no/m/838/il/A,bw/mu/no/no/m/818/il/A,0.39
bo/so/no/no/m/838/il/A,bw/st/yes/no/m/827/il/A,0.22
bo/so/no/no/m/838/il/A,bw/mu/no/yes/m/820/il/A,0.39
bo/so/no/no/m/838/il/A,bw/mu/yes/no/d/843/il/A,0.39
bo/so/no/no/m/838/il/A,bw/mu/no/yes/d/844/il/A,0.39
bo/so/no/no/m/838/il/A,bo/mu/yes/yes/m/821/il/A,0.41
bo/so/no/no/m/838/il/A,bw/mu/yes/no/m/819/il/A,0.39
bo/so/no/no/m/838/il/A,bw/st/no/no/m/826/il/A,0.22
bo/so/no/no/m/838/il/A,bw/so/no/no/d/810/il/U,0.39
bo/so/no/no/m/838/il/A,bw/st/no/yes/m/828/il/A,0.33
bo/so/no/no/m/838/il/A,bw/mu/yes/yes/m/817/il/A,0.39
bo/so/no/yes/d/864/il/A,bo/st/yes/yes/d/853/il/A,0.45
bo/so/no/yes/d/864/il/A,bo/st/no/no/d/854/il/A,0.45
bo/so/no/yes/d/864/il/A,bo/so/no/no/d/862/il/A,0.77
bo/so/no/yes/d/864/il/A,bo/st/yes/no/m/831/il/A,0.43
bo/so/no/yes/d/864/il/A,bw/so/no/yes/m/836/il/A,0.4
bo/so/no/yes/d/864/il/A,bw/so/yes/yes/d/809/il/U,0.4
bo/so/no/yes/d/864/il/A,bo/mu/no/yes/d/800/il/U,0.43
bo/so/no/yes/d/864/il/A,bo/st/yes/no/d/807/il/U,0.43
bo/so/no/yes/d/864/il/A,bo/so/no/no/m/838/il/A,0.77
bo/so/no/yes/d/864/il/A,bo/so/no/yes/d/864/il/A,1.0
bo/so/no/yes/d/864/il/A,bo/so/yes/no/d/863/il/A,0.47
bo/so/no/yes/d/864/il/A,bo/st/yes/no/d/855/il/A,0.43
bo/so/no/yes/d/864/il/A,bw/st/no/yes/d/852/il/A,0.32
bo/so/no/yes/d/864/il/A,bo/st/no/no/d/806/il/U,0.45
bo/so/no/yes/d/864/il/A,bo/so/yes/no/m/839/il/A,0.47
bo/so/no/yes/d/864/il/A,bw/st/yes/yes/d/801/il/U,0.31
bo/so/no/yes/d/864/il/A,bo/so/yes/yes/m/837/il/A,0.59
bo/so/no/yes/d/864/il/A,bo/st/no/yes/d/808/il/U,0.47
bo/so/no/yes/d/864/il/A,bo/st/no/no/m/830/il/A,0.45
bo/so/no/yes/d/864/il/A,bo/st/yes/yes/m/781/il/U,0.45
bo/so/no/yes/d/864/il/A,bo/mu/yes/no/m/775/il/U,0.42
bo/so/no/yes/d/864/il/A,bw/mu/no/yes/m/772/il/U,0.4
bo/so/no/yes/d/864/il/A,bw/so/no/no/m/786/il/U,0.34
bo/so/no/yes/d/864/il/A,bw/so/no/yes/m/788/il/U,0.4
bo/so/no/yes/d/864/il/A,bo/so/yes/yes/m/789/il/U,0.59
bo/so/no/yes/d/864/il/A,bw/so/yes/no/m/787/il/U,0.35
bo/so/no/yes/d/864/il/A,bo/mu/yes/yes/m/773/il/U,0.42
bo/so/no/yes/d/864/il/A,bo/mu/no/no/m/774/il/U,0.42
bo/so/no/yes/d/864/il/A,bw/st/no/yes/m/780/il/U,0.32
bo/so/no/yes/d/864/il/A,bw/mu/yes/yes/m/769/il/U,0.4
bo/so/no/yes/d/864/il/A,bw/mu/yes/yes/d/793/il/U,0.4
bo/so/no/yes/d/864/il/A,bw/mu/no/no/d/794/il/U,0.4
bo/so/no/yes/d/864/il/A,bw/mu/yes/no/d/795/il/U,0.4
bo/so/no/yes/d/864/il/A,bo/so/no/yes/m/792/il/U,1.0
bo/so/no/yes/d/864/il/A,bw/so/no/yes/d/812/il/U,0.4
bo/so/no/yes/d/864/il/A,bo/so/yes/no/d/815/il/U,0.47
bo/so/no/yes/d/864/il/A,bo/mu/yes/no/m/823/il/A,0.42
bo/so/no/yes/d/864/il/A,bo/mu/no/yes/m/824/il/A,0.43
bo/so/no/yes/d/864/il/A,bo/mu/no/yes/d/848/il/A,0.43
bo/so/no/yes/d/864/il/A,bw/mu/yes/yes/d/841/il/A,0.4
bo/so/no/yes/d/864/il/A,bo/mu/no/no/d/846/il/A,0.42
bo/so/no/yes/d/864/il/A,bw/st/yes/yes/m/825/il/A,0.31
bo/so/no/yes/d/864/il/A,bo/mu/no/no/m/822/il/A,0.42
bo/so/no/yes/d/864/il/A,bo/so/no/no/d/814/il/U,0.77
bo/so/no/yes/d/864/il/A,bo/so/yes/yes/d/813/il/U,0.59
bo/so/no/yes/d/864/il/A,bo/mu/yes/no/d/847/il/A,0.42
bo/so/no/yes/d/864/il/A,bo/so/no/yes/m/840/il/A,1.0
bo/so/no/yes/d/864/il/A,bw/st/yes/yes/d/849/il/A,0.31
bo/so/no/yes/d/864/il/A,bw/so/yes/no/m/835/il/A,0.35
bo/so/no/yes/d/864/il/A,bo/st/no/yes/m/832/il/A,0.47
bo/so/no/yes/d/864/il/A,bw/st/no/yes/d/804/il/U,0.32
bo/so/no/yes/d/864/il/A,bw/st/yes/no/d/803/il/U,0.21
bo/so/no/yes/d/864/il/A,bw/so/yes/yes/d/857/il/A,0.4
bo/so/no/yes/d/864/il/A,bw/st/no/no/d/850/il/A,0.21
bo/so/no/yes/d/864/il/A,bw/so/yes/no/d/859/il/A,0.35
bo/so/no/yes/d/864/il/A,bo/so/yes/yes/d/861/il/A,0.59
bo/so/no/yes/d/864/il/A,bw/st/no/no/d/802/il/U,0.21
bo/so/no/yes/d/864/il/A,bo/st/yes/yes/d/805/il/U,0.45
bo/so/no/yes/d/864/il/A,bw/so/yes/yes/m/833/il/A,0.4
bo/so/no/yes/d/864/il/A,bw/so/no/no/m/834/il/A,0.34
bo/so/no/yes/d/864/il/A,bw/so/no/yes/d/860/il/A,0.4
bo/so/no/yes/d/864/il/A,bw/so/no/no/d/858/il/A,0.34
bo/so/no/yes/d/864/il/A,bw/st/yes/no/d/851/il/A,0.21
bo/so/no/yes/d/864/il/A,bo/st/no/yes/d/856/il/A,0.47
bo/so/no/yes/d/864/il/A,bw/mu/yes/no/m/771/il/U,0.4
bo/so/no/yes/d/864/il/A,bw/so/yes/yes/m/785/il/U,0.4
bo/so/no/yes/d/864/il/A,bo/st/no/no/m/782/il/U,0.45
bo/so/no/yes/d/864/il/A,bo/mu/no/yes/m/776/il/U,0.43
bo/so/no/yes/d/864/il/A,bw/st/no/no/m/778/il/U,0.21
bo/so/no/yes/d/864/il/A,bw/st/yes/no/m/779/il/U,0.21
bo/so/no/yes/d/864/il/A,bw/st/yes/yes/m/777/il/U,0.31
bo/so/no/yes/d/864/il/A,bo/st/yes/no/m/783/il/U,0.43
bo/so/no/yes/d/864/il/A,bo/st/no/yes/m/784/il/U,0.47
bo/so/no/yes/d/864/il/A,bw/mu/no/no/m/770/il/U,0.4
bo/so/no/yes/d/864/il/A,bo/mu/yes/no/d/799/il/U,0.42
bo/so/no/yes/d/864/il/A,bo/mu/yes/yes/d/797/il/U,0.42
bo/so/no/yes/d/864/il/A,bo/so/no/no/m/790/il/U,0.77
bo/so/no/yes/d/864/il/A,bo/so/yes/no/m/791/il/U,0.47
bo/so/no/yes/d/864/il/A,bw/mu/no/yes/d/796/il/U,0.4
bo/so/no/yes/d/864/il/A,bo/mu/no/no/d/798/il/U,0.42
bo/so/no/yes/d/864/il/A,bo/mu/yes/yes/d/845/il/A,0.42
bo/so/no/yes/d/864/il/A,bw/mu/no/no/d/842/il/A,0.4
bo/so/no/yes/d/864/il/A,bo/st/yes/yes/m/829/il/A,0.45
bo/so/no/yes/d/864/il/A,bo/so/no/yes/d/816/il/U,1.0
bo/so/no/yes/d/864/il/A,bw/so/yes/no/d/811/il/U,0.35
bo/so/no/yes/d/864/il/A,bw/mu/no/no/m/818/il/A,0.4
bo/so/no/yes/d/864/il/A,bw/st/yes/no/m/827/il/A,0.21
bo/so/no/yes/d/864/il/A,bw/mu/no/yes/m/820/il/A,0.4
bo/so/no/yes/d/864/il/A,bw/mu/yes/no/d/843/il/A,0.4
bo/so/no/yes/d/864/il/A,bw/mu/no/yes/d/844/il/A,0.4
bo/so/no/yes/d/864/il/A,bo/mu/yes/yes/m/821/il/A,0.42
bo/so/no/yes/d/864/il/A,bw/mu/yes/no/m/819/il/A,0.4
bo/so/no/yes/d/864/il/A,bw/st/no/no/m/826/il/A,0.21
bo/so/no/yes/d/864/il/A,bw/so/no/no/d/810/il/U,0.34
bo/so/no/yes/d/864/il/A,bw/st/no/yes/m/828/il/A,0.32
bo/so/no/yes/d/864/il/A,bw/mu/yes/yes/m/817/il/A,0.4
bo/so/yes/no/d/863/il/A,bo/st/yes/yes/d/853/il/A,0.6
bo/so/yes/no/d/863/il/A,bo/st/no/no/d/854/il/A,0.6
bo/so/yes/no/d/863/il/A,bo/so/no/no/d/862/il/A,0.57
bo/so/yes/no/d/863/il/A,bo/st/yes/no/m/831/il/A,0.6
bo/so/yes/no/d/863/il/A,bw/so/no/yes/m/836/il/A,0.53
bo/so/yes/no/d/863/il/A,bw/so/yes/yes/d/809/il/U,0.54
bo/so/yes/no/d/863/il/A,bo/mu/no/yes/d/800/il/U,0.54
bo/so/yes/no/d/863/il/A,bo/st/yes/no/d/807/il/U,0.6
bo/so/yes/no/d/863/il/A,bo/so/no/no/m/838/il/A,0.57
bo/so/yes/no/d/863/il/A,bo/so/no/yes/d/864/il/A,0.47
bo/so/yes/no/d/863/il/A,bo/so/yes/no/d/863/il/A,1.0
bo/so/yes/no/d/863/il/A,bo/st/yes/no/d/855/il/A,0.6
bo/so/yes/no/d/863/il/A,bw/st/no/yes/d/852/il/A,0.46
bo/so/yes/no/d/863/il/A,bo/st/no/no/d/806/il/U,0.6
bo/so/yes/no/d/863/il/A,bo/so/yes/no/m/839/il/A,1.0
bo/so/yes/no/d/863/il/A,bw/st/yes/yes/d/801/il/U,0.44
bo/so/yes/no/d/863/il/A,bo/so/yes/yes/m/837/il/A,0.75
bo/so/yes/no/d/863/il/A,bo/st/no/yes/d/808/il/U,0.6
bo/so/yes/no/d/863/il/A,bo/st/no/no/m/830/il/A,0.6
bo/so/yes/no/d/863/il/A,bo/st/yes/yes/m/781/il/U,0.6
bo/so/yes/no/d/863/il/A,bo/mu/yes/no/m/775/il/U,0.53
bo/so/yes/no/d/863/il/A,bw/mu/no/yes/m/772/il/U,0.51
bo/so/yes/no/d/863/il/A,bw/so/no/no/m/786/il/U,0.57
bo/so/yes/no/d/863/il/A,bw/so/no/yes/m/788/il/U,0.53
bo/so/yes/no/d/863/il/A,bo/so/yes/yes/m/789/il/U,0.75
bo/so/yes/no/d/863/il/A,bw/so/yes/no/m/787/il/U,0.59
bo/so/yes/no/d/863/il/A,bo/mu/yes/yes/m/773/il/U,0.53
bo/so/yes/no/d/863/il/A,bo/mu/no/no/m/774/il/U,0.53
bo/so/yes/no/d/863/il/A,bw/st/no/yes/m/780/il/U,0.46
bo/so/yes/no/d/863/il/A,bw/mu/yes/yes/m/769/il/U,0.51
bo/so/yes/no/d/863/il/A,bw/mu/yes/yes/d/793/il/U,0.51
bo/so/yes/no/d/863/il/A,bw/mu/no/no/d/794/il/U,0.51
bo/so/yes/no/d/863/il/A,bw/mu/yes/no/d/795/il/U,0.51
bo/so/yes/no/d/863/il/A,bo/so/no/yes/m/792/il/U,0.47
bo/so/yes/no/d/863/il/A,bw/so/no/yes/d/812/il/U,0.53
bo/so/yes/no/d/863/il/A,bo/so/yes/no/d/815/il/U,1.0
bo/so/yes/no/d/863/il/A,bo/mu/yes/no/m/823/il/A,0.53
bo/so/yes/no/d/863/il/A,bo/mu/no/yes/m/824/il/A,0.54
bo/so/yes/no/d/863/il/A,bo/mu/no/yes/d/848/il/A,0.54
bo/so/yes/no/d/863/il/A,bw/mu/yes/yes/d/841/il/A,0.51
bo/so/yes/no/d/863/il/A,bo/mu/no/no/d/846/il/A,0.53
bo/so/yes/no/d/863/il/A,bw/st/yes/yes/m/825/il/A,0.44
bo/so/yes/no/d/863/il/A,bo/mu/no/no/m/822/il/A,0.53
bo/so/yes/no/d/863/il/A,bo/so/no/no/d/814/il/U,0.57
bo/so/yes/no/d/863/il/A,bo/so/yes/yes/d/813/il/U,0.75
bo/so/yes/no/d/863/il/A,bo/mu/yes/no/d/847/il/A,0.53
bo/so/yes/no/d/863/il/A,bo/so/no/yes/m/840/il/A,0.47
bo/so/yes/no/d/863/il/A,bw/st/yes/yes/d/849/il/A,0.44
bo/so/yes/no/d/863/il/A,bw/so/yes/no/m/835/il/A,0.59
bo/so/yes/no/d/863/il/A,bo/st/no/yes/m/832/il/A,0.6
bo/so/yes/no/d/863/il/A,bw/st/no/yes/d/804/il/U,0.46
bo/so/yes/no/d/863/il/A,bw/st/yes/no/d/803/il/U,0.31
bo/so/yes/no/d/863/il/A,bw/so/yes/yes/d/857/il/A,0.54
bo/so/yes/no/d/863/il/A,bw/st/no/no/d/850/il/A,0.32
bo/so/yes/no/d/863/il/A,bw/so/yes/no/d/859/il/A,0.59
bo/so/yes/no/d/863/il/A,bo/so/yes/yes/d/861/il/A,0.75
bo/so/yes/no/d/863/il/A,bw/st/no/no/d/802/il/U,0.32
bo/so/yes/no/d/863/il/A,bo/st/yes/yes/d/805/il/U,0.6
bo/so/yes/no/d/863/il/A,bw/so/yes/yes/m/833/il/A,0.54
bo/so/yes/no/d/863/il/A,bw/so/no/no/m/834/il/A,0.57
bo/so/yes/no/d/863/il/A,bw/so/no/yes/d/860/il/A,0.53
bo/so/yes/no/d/863/il/A,bw/so/no/no/d/858/il/A,0.57
bo/so/yes/no/d/863/il/A,bw/st/yes/no/d/851/il/A,0.31
bo/so/yes/no/d/863/il/A,bo/st/no/yes/d/856/il/A,0.6
bo/so/yes/no/d/863/il/A,bw/mu/yes/no/m/771/il/U,0.51
bo/so/yes/no/d/863/il/A,bw/so/yes/yes/m/785/il/U,0.54
bo/so/yes/no/d/863/il/A,bo/st/no/no/m/782/il/U,0.6
bo/so/yes/no/d/863/il/A,bo/mu/no/yes/m/776/il/U,0.54
bo/so/yes/no/d/863/il/A,bw/st/no/no/m/778/il/U,0.32
bo/so/yes/no/d/863/il/A,bw/st/yes/no/m/779/il/U,0.31
bo/so/yes/no/d/863/il/A,bw/st/yes/yes/m/777/il/U,0.44
bo/so/yes/no/d/863/il/A,bo/st/yes/no/m/783/il/U,0.6
bo/so/yes/no/d/863/il/A,bo/st/no/yes/m/784/il/U,0.6
bo/so/yes/no/d/863/il/A,bw/mu/no/no/m/770/il/U,0.51
bo/so/yes/no/d/863/il/A,bo/mu/yes/no/d/799/il/U,0.53
bo/so/yes/no/d/863/il/A,bo/mu/yes/yes/d/797/il/U,0.53
bo/so/yes/no/d/863/il/A,bo/so/no/no/m/790/il/U,0.57
bo/so/yes/no/d/863/il/A,bo/so/yes/no/m/791/il/U,1.0
bo/so/yes/no/d/863/il/A,bw/mu/no/yes/d/796/il/U,0.51
bo/so/yes/no/d/863/il/A,bo/mu/no/no/d/798/il/U,0.53
bo/so/yes/no/d/863/il/A,bo/mu/yes/yes/d/845/il/A,0.53
bo/so/yes/no/d/863/il/A,bw/mu/no/no/d/842/il/A,0.51
bo/so/yes/no/d/863/il/A,bo/st/yes/yes/m/829/il/A,0.6
bo/so/yes/no/d/863/il/A,bo/so/no/yes/d/816/il/U,0.47
bo/so/yes/no/d/863/il/A,bw/so/yes/no/d/811/il/U,0.59
bo/so/yes/no/d/863/il/A,bw/mu/no/no/m/818/il/A,0.51
bo/so/yes/no/d/863/il/A,bw/st/yes/no/m/827/il/A,0.31
bo/so/yes/no/d/863/il/A,bw/mu/no/yes/m/820/il/A,0.51
bo/so/yes/no/d/863/il/A,bw/mu/yes/no/d/843/il/A,0.51
bo/so/yes/no/d/863/il/A,bw/mu/no/yes/d/844/il/A,0.51
bo/so/yes/no/d/863/il/A,bo/mu/yes/yes/m/821/il/A,0.53
bo/so/yes/no/d/863/il/A,bw/mu/yes/no/m/819/il/A,0.51
bo/so/yes/no/d/863/il/A,bw/st/no/no/m/826/il/A,0.32
bo/so/yes/no/d/863/il/A,bw/so/no/no/d/810/il/U,0.57
bo/so/yes/no/d/863/il/A,bw/st/no/yes/m/828/il/A,0.46
bo/so/yes/no/d/863/il/A,bw/mu/yes/yes/m/817/il/A,0.51
bo/st/yes/no/d/855/il/A,bo/st/yes/yes/d/853/il/A,0.96
bo/st/yes/no/d/855/il/A,bo/st/no/no/d/854/il/A,0.9
bo/st/yes/no/d/855/il/A,bo/so/no/no/d/862/il/A,0.44
bo/st/yes/no/d/855/il/A,bo/st/yes/no/m/831/il/A,1.0
bo/st/yes/no/d/855/il/A,bw/so/no/yes/m/836/il/A,0.54
bo/st/yes/no/d/855/il/A,bw/so/yes/yes/d/809/il/U,0.54
bo/st/yes/no/d/855/il/A,bo/mu/no/yes/d/800/il/U,0.69
bo/st/yes/no/d/855/il/A,bo/st/yes/no/d/807/il/U,1.0
bo/st/yes/no/d/855/il/A,bo/so/no/no/m/838/il/A,0.44
bo/st/yes/no/d/855/il/A,bo/so/no/yes/d/864/il/A,0.43
bo/st/yes/no/d/855/il/A,bo/so/yes/no/d/863/il/A,0.6
bo/st/yes/no/d/855/il/A,bo/st/yes/no/d/855/il/A,1.0
bo/st/yes/no/d/855/il/A,bw/st/no/yes/d/852/il/A,0.61
bo/st/yes/no/d/855/il/A,bo/st/no/no/d/806/il/U,0.9
bo/st/yes/no/d/855/il/A,bo/so/yes/no/m/839/il/A,0.6
bo/st/yes/no/d/855/il/A,bw/st/yes/yes/d/801/il/U,0.59
bo/st/yes/no/d/855/il/A,bo/so/yes/yes/m/837/il/A,0.63
bo/st/yes/no/d/855/il/A,bo/st/no/yes/d/808/il/U,0.87
bo/st/yes/no/d/855/il/A,bo/st/no/no/m/830/il/A,0.9
bo/st/yes/no/d/855/il/A,bo/st/yes/yes/m/781/il/U,0.96
bo/st/yes/no/d/855/il/A,bo/mu/yes/no/m/775/il/U,0.68
bo/st/yes/no/d/855/il/A,bw/mu/no/yes/m/772/il/U,0.67
bo/st/yes/no/d/855/il/A,bw/so/no/no/m/786/il/U,0.51
bo/st/yes/no/d/855/il/A,bw/so/no/yes/m/788/il/U,0.54
bo/st/yes/no/d/855/il/A,bo/so/yes/yes/m/789/il/U,0.63
bo/st/yes/no/d/855/il/A,bw/so/yes/no/m/787/il/U,0.52
bo/st/yes/no/d/855/il/A,bo/mu/yes/yes/m/773/il/U,0.69
bo/st/yes/no/d/855/il/A,bo/mu/no/no/m/774/il/U,0.68
bo/st/yes/no/d/855/il/A,bw/st/no/yes/m/780/il/U,0.61
bo/st/yes/no/d/855/il/A,bw/mu/yes/yes/m/769/il/U,0.68
bo/st/yes/no/d/855/il/A,bw/mu/yes/yes/d/793/il/U,0.68
bo/st/yes/no/d/855/il/A,bw/mu/no/no/d/794/il/U,0.67
bo/st/yes/no/d/855/il/A,bw/mu/yes/no/d/795/il/U,0.67
bo/st/yes/no/d/855/il/A,bo/so/no/yes/m/792/il/U,0.43
bo/st/yes/no/d/855/il/A,bw/so/no/yes/d/812/il/U,0.54
bo/st/yes/no/d/855/il/A,bo/so/yes/no/d/815/il/U,0.6
bo/st/yes/no/d/855/il/A,bo/mu/yes/no/m/823/il/A,0.68
bo/st/yes/no/d/855/il/A,bo/mu/no/yes/m/824/il/A,0.69
bo/st/yes/no/d/855/il/A,bo/mu/no/yes/d/848/il/A,0.69
bo/st/yes/no/d/855/il/A,bw/mu/yes/yes/d/841/il/A,0.68
bo/st/yes/no/d/855/il/A,bo/mu/no/no/d/846/il/A,0.68
bo/st/yes/no/d/855/il/A,bw/st/yes/yes/m/825/il/A,0.59
bo/st/yes/no/d/855/il/A,bo/mu/no/no/m/822/il/A,0.68
bo/st/yes/no/d/855/il/A,bo/so/no/no/d/814/il/U,0.44
bo/st/yes/no/d/855/il/A,bo/so/yes/yes/d/813/il/U,0.63
bo/st/yes/no/d/855/il/A,bo/mu/yes/no/d/847/il/A,0.68
bo/st/yes/no/d/855/il/A,bo/so/no/yes/m/840/il/A,0.43
bo/st/yes/no/d/855/il/A,bw/st/yes/yes/d/849/il/A,0.59
bo/st/yes/no/d/855/il/A,bw/so/yes/no/m/835/il/A,0.52
bo/st/yes/no/d/855/il/A,bo/st/no/yes/m/832/il/A,0.87
bo/st/yes/no/d/855/il/A,bw/st/no/yes/d/804/il/U,0.61
bo/st/yes/no/d/855/il/A,bw/st/yes/no/d/803/il/U,0.4
bo/st/yes/no/d/855/il/A,bw/so/yes/yes/d/857/il/A,0.54
bo/st/yes/no/d/855/il/A,bw/st/no/no/d/850/il/A,0.4
bo/st/yes/no/d/855/il/A,bw/so/yes/no/d/859/il/A,0.52
bo/st/yes/no/d/855/il/A,bo/so/yes/yes/d/861/il/A,0.63
bo/st/yes/no/d/855/il/A,bw/st/no/no/d/802/il/U,0.4
bo/st/yes/no/d/855/il/A,bo/st/yes/yes/d/805/il/U,0.96
bo/st/yes/no/d/855/il/A,bw/so/yes/yes/m/833/il/A,0.54
bo/st/yes/no/d/855/il/A,bw/so/no/no/m/834/il/A,0.51
bo/st/yes/no/d/855/il/A,bw/so/no/yes/d/860/il/A,0.54
bo/st/yes/no/d/855/il/A,bw/so/no/no/d/858/il/A,0.51
bo/st/yes/no/d/855/il/A,bw/st/yes/no/d/851/il/A,0.4
bo/st/yes/no/d/855/il/A,bo/st/no/yes/d/856/il/A,0.87
bo/st/yes/no/d/855/il/A,bw/mu/yes/no/m/771/il/U,0.67
bo/st/yes/no/d/855/il/A,bw/so/yes/yes/m/785/il/U,0.54
bo/st/yes/no/d/855/il/A,bo/st/no/no/m/782/il/U,0.9
bo/st/yes/no/d/855/il/A,bo/mu/no/yes/m/776/il/U,0.69
bo/st/yes/no/d/855/il/A,bw/st/no/no/m/778/il/U,0.4
bo/st/yes/no/d/855/il/A,bw/st/yes/no/m/779/il/U,0.4
bo/st/yes/no/d/855/il/A,bw/st/yes/yes/m/777/il/U,0.59
bo/st/yes/no/d/855/il/A,bo/st/yes/no/m/783/il/U,1.0
bo/st/yes/no/d/855/il/A,bo/st/no/yes/m/784/il/U,0.87
bo/st/yes/no/d/855/il/A,bw/mu/no/no/m/770/il/U,0.67
bo/st/yes/no/d/855/il/A,bo/mu/yes/no/d/799/il/U,0.68
bo/st/yes/no/d/855/il/A,bo/mu/yes/yes/d/797/il/U,0.69
bo/st/yes/no/d/855/il/A,bo/so/no/no/m/790/il/U,0.44
bo/st/yes/no/d/855/il/A,bo/so/yes/no/m/791/il/U,0.6
bo/st/yes/no/d/855/il/A,bw/mu/no/yes/d/796/il/U,0.67
bo/st/yes/no/d/855/il/A,bo/mu/no/no/d/798/il/U,0.68
bo/st/yes/no/d/855/il/A,bo/mu/yes/yes/d/845/il/A,0.69
bo/st/yes/no/d/855/il/A,bw/mu/no/no/d/842/il/A,0.67
bo/st/yes/no/d/855/il/A,bo/st/yes/yes/m/829/il/A,0.96
bo/st/yes/no/d/855/il/A,bo/so/no/yes/d/816/il/U,0.43
bo/st/yes/no/d/855/il/A,bw/so/yes/no/d/811/il/U,0.52
bo/st/yes/no/d/855/il/A,bw/mu/no/no/m/818/il/A,0.67
bo/st/yes/no/d/855/il/A,bw/st/yes/no/m/827/il/A,0.4
bo/st/yes/no/d/855/il/A,bw/mu/no/yes/m/820/il/A,0.67
bo/st/yes/no/d/855/il/A,bw/mu/yes/no/d/843/il/A,0.67
bo/st/yes/no/d/855/il/A,bw/mu/no/yes/d/844/il/A,0.67
bo/st/yes/no/d/855/il/A,bo/mu/yes/yes/m/821/il/A,0.69
bo/st/yes/no/d/855/il/A,bw/mu/yes/no/m/819/il/A,0.67
bo/st/yes/no/d/855/il/A,bw/st/no/no/m/826/il/A,0.4
bo/st/yes/no/d/855/il/A,bw/so/no/no/d/810/il/U,0.51
bo/st/yes/no/d/855/il/A,bw/st/no/yes/m/828/il/A,0.61
bo/st/yes/no/d/855/il/A,bw/mu/yes/yes/m/817/il/A,0.68
bw/st/no/yes/d/852/il/A,bo/st/yes/yes/d/853/il/A,0.61
bw/st/no/yes/d/852/il/A,bo/st/no/no/d/854/il/A,0.59
bw/st/no/yes/d/852/il/A,bo/so/no/no/d/862/il/A,0.33
bw/st/no/yes/d/852/il/A,bo/st/yes/no/m/831/il/A,0.61
bw/st/no/yes/d/852/il/A,bw/so/no/yes/m/836/il/A,0.47
bw/st/no/yes/d/852/il/A,bw/so/yes/yes/d/809/il/U,0.47
bw/st/no/yes/d/852/il/A,bo/mu/no/yes/d/800/il/U,0.62
bw/st/no/yes/d/852/il/A,bo/st/yes/no/d/807/il/U,0.61
bw/st/no/yes/d/852/il/A,bo/so/no/no/m/838/il/A,0.33
bw/st/no/yes/d/852/il/A,bo/so/no/yes/d/864/il/A,0.32
bw/st/no/yes/d/852/il/A,bo/so/yes/no/d/863/il/A,0.46
bw/st/no/yes/d/852/il/A,bo/st/yes/no/d/855/il/A,0.61
bw/st/no/yes/d/852/il/A,bw/st/no/yes/d/852/il/A,1.0
bw/st/no/yes/d/852/il/A,bo/st/no/no/d/806/il/U,0.59
bw/st/no/yes/d/852/il/A,bo/so/yes/no/m/839/il/A,0.46
bw/st/no/yes/d/852/il/A,bw/st/yes/yes/d/801/il/U,0.9
bw/st/no/yes/d/852/il/A,bo/so/yes/yes/m/837/il/A,0.48
bw/st/no/yes/d/852/il/A,bo/st/no/yes/d/808/il/U,0.59
bw/st/no/yes/d/852/il/A,bo/st/no/no/m/830/il/A,0.59
bw/st/no/yes/d/852/il/A,bo/st/yes/yes/m/781/il/U,0.61
bw/st/no/yes/d/852/il/A,bo/mu/yes/no/m/775/il/U,0.62
bw/st/no/yes/d/852/il/A,bw/mu/no/yes/m/772/il/U,0.65
bw/st/no/yes/d/852/il/A,bw/so/no/no/m/786/il/U,0.45
bw/st/no/yes/d/852/il/A,bw/so/no/yes/m/788/il/U,0.47
bw/st/no/yes/d/852/il/A,bo/so/yes/yes/m/789/il/U,0.48
bw/st/no/yes/d/852/il/A,bw/so/yes/no/m/787/il/U,0.45
bw/st/no/yes/d/852/il/A,bo/mu/yes/yes/m/773/il/U,0.63
bw/st/no/yes/d/852/il/A,bo/mu/no/no/m/774/il/U,0.61
bw/st/no/yes/d/852/il/A,bw/st/no/yes/m/780/il/U,1.0
bw/st/no/yes/d/852/il/A,bw/mu/yes/yes/m/769/il/U,0.65
bw/st/no/yes/d/852/il/A,bw/mu/yes/yes/d/793/il/U,0.65
bw/st/no/yes/d/852/il/A,bw/mu/no/no/d/794/il/U,0.64
bw/st/no/yes/d/852/il/A,bw/mu/yes/no/d/795/il/U,0.64
bw/st/no/yes/d/852/il/A,bo/so/no/yes/m/792/il/U,0.32
bw/st/no/yes/d/852/il/A,bw/so/no/yes/d/812/il/U,0.47
bw/st/no/yes/d/852/il/A,bo/so/yes/no/d/815/il/U,0.46
bw/st/no/yes/d/852/il/A,bo/mu/yes/no/m/823/il/A,0.62
bw/st/no/yes/d/852/il/A,bo/mu/no/yes/m/824/il/A,0.62
bw/st/no/yes/d/852/il/A,bo/mu/no/yes/d/848/il/A,0.62
bw/st/no/yes/d/852/il/A,bw/mu/yes/yes/d/841/il/A,0.65
bw/st/no/yes/d/852/il/A,bo/mu/no/no/d/846/il/A,0.61
bw/st/no/yes/d/852/il/A,bw/st/yes/yes/m/825/il/A,0.9
bw/st/no/yes/d/852/il/A,bo/mu/no/no/m/822/il/A,0.61
bw/st/no/yes/d/852/il/A,bo/so/no/no/d/814/il/U,0.33
bw/st/no/yes/d/852/il/A,bo/so/yes/yes/d/813/il/U,0.48
bw/st/no/yes/d/852/il/A,bo/mu/yes/no/d/847/il/A,0.62
bw/st/no/yes/d/852/il/A,bo/so/no/yes/m/840/il/A,0.32
bw/st/no/yes/d/852/il/A,bw/st/yes/yes/d/849/il/A,0.9
bw/st/no/yes/d/852/il/A,bw/so/yes/no/m/835/il/A,0.45
bw/st/no/yes/d/852/il/A,bo/st/no/yes/m/832/il/A,0.59
bw/st/no/yes/d/852/il/A,bw/st/no/yes/d/804/il/U,1.0
bw/st/no/yes/d/852/il/A,bw/st/yes/no/d/803/il/U,0.6
bw/st/no/yes/d/852/il/A,bw/so/yes/yes/d/857/il/A,0.47
bw/st/no/yes/d/852/il/A,bw/st/no/no/d/850/il/A,0.63
bw/st/no/yes/d/852/il/A,bw/so/yes/no/d/859/il/A,0.45
bw/st/no/yes/d/852/il/A,bo/so/yes/yes/d/861/il/A,0.48
bw/st/no/yes/d/852/il/A,bw/st/no/no/d/802/il/U,0.63
bw/st/no/yes/d/852/il/A,bo/st/yes/yes/d/805/il/U,0.61
bw/st/no/yes/d/852/il/A,bw/so/yes/yes/m/833/il/A,0.47
bw/st/no/yes/d/852/il/A,bw/so/no/no/m/834/il/A,0.45
bw/st/no/yes/d/852/il/A,bw/so/no/yes/d/860/il/A,0.47
bw/st/no/yes/d/852/il/A,bw/so/no/no/d/858/il/A,0.45
bw/st/no/yes/d/852/il/A,bw/st/yes/no/d/851/il/A,0.6
bw/st/no/yes/d/852/il/A,bo/st/no/yes/d/856/il/A,0.59
bw/st/no/yes/d/852/il/A,bw/mu/yes/no/m/771/il/U,0.64
bw/st/no/yes/d/852/il/A,bw/so/yes/yes/m/785/il/U,0.47
bw/st/no/yes/d/852/il/A,bo/st/no/no/m/782/il/U,0.59
bw/st/no/yes/d/852/il/A,bo/mu/no/yes/m/776/il/U,0.62
bw/st/no/yes/d/852/il/A,bw/st/no/no/m/778/il/U,0.63
bw/st/no/yes/d/852/il/A,bw/st/yes/no/m/779/il/U,0.6
bw/st/no/yes/d/852/il/A,bw/st/yes/yes/m/777/il/U,0.9
bw/st/no/yes/d/852/il/A,bo/st/yes/no/m/783/il/U,0.61
bw/st/no/yes/d/852/il/A,bo/st/no/yes/m/784/il/U,0.59
bw/st/no/yes/d/852/il/A,bw/mu/no/no/m/770/il/U,0.64
bw/st/no/yes/d/852/il/A,bo/mu/yes/no/d/799/il/U,0.62
bw/st/no/yes/d/852/il/A,bo/mu/yes/yes/d/797/il/U,0.63
bw/st/no/yes/d/852/il/A,bo/so/no/no/m/790/il/U,0.33
bw/st/no/yes/d/852/il/A,bo/so/yes/no/m/791/il/U,0.46
bw/st/no/yes/d/852/il/A,bw/mu/no/yes/d/796/il/U,0.65
bw/st/no/yes/d/852/il/A,bo/mu/no/no/d/798/il/U,0.61
bw/st/no/yes/d/852/il/A,bo/mu/yes/yes/d/845/il/A,0.63
bw/st/no/yes/d/852/il/A,bw/mu/no/no/d/842/il/A,0.64
bw/st/no/yes/d/852/il/A,bo/st/yes/yes/m/829/il/A,0.61
bw/st/no/yes/d/852/il/A,bo/so/no/yes/d/816/il/U,0.32
bw/st/no/yes/d/852/il/A,bw/so/yes/no/d/811/il/U,0.45
bw/st/no/yes/d/852/il/A,bw/mu/no/no/m/818/il/A,0.64
bw/st/no/yes/d/852/il/A,bw/st/yes/no/m/827/il/A,0.6
bw/st/no/yes/d/852/il/A,bw/mu/no/yes/m/820/il/A,0.65
bw/st/no/yes/d/852/il/A,bw/mu/yes/no/d/843/il/A,0.64
bw/st/no/yes/d/852/il/A,bw/mu/no/yes/d/844/il/A,0.65
bw/st/no/yes/d/852/il/A,bo/mu/yes/yes/m/821/il/A,0.63
bw/st/no/yes/d/852/il/A,bw/mu/yes/no/m/819/il/A,0.64
bw/st/no/yes/d/852/il/A,bw/st/no/no/m/826/il/A,0.63
bw/st/no/yes/d/852/il/A,bw/so/no/no/d/810/il/U,0.45
bw/st/no/yes/d/852/il/A,bw/st/no/yes/m/828/il/A,1.0
bw/st/no/yes/d/852/il/A,bw/mu/yes/yes/m/817/il/A,0.65
bo/st/no/no/d/806/il/U,bo/st/yes/yes/d/853/il/A,0.89
bo/st/no/no/d/806/il/U,bo/st/no/no/d/854/il/A,1.0
bo/st/no/no/d/806/il/U,bo/so/no/no/d/862/il/A,0.46
bo/st/no/no/d/806/il/U,bo/st/yes/no/m/831/il/A,0.9
bo/st/no/no/d/806/il/U,bw/so/no/yes/m/836/il/A,0.56
bo/st/no/no/d/806/il/U,bw/so/yes/yes/d/809/il/U,0.55
bo/st/no/no/d/806/il/U,bo/mu/no/yes/d/800/il/U,0.69
bo/st/no/no/d/806/il/U,bo/st/yes/no/d/807/il/U,0.9
bo/st/no/no/d/806/il/U,bo/so/no/no/m/838/il/A,0.46
bo/st/no/no/d/806/il/U,bo/so/no/yes/d/864/il/A,0.45
bo/st/no/no/d/806/il/U,bo/so/yes/no/d/863/il/A,0.6
bo/st/no/no/d/806/il/U,bo/st/yes/no/d/855/il/A,0.9
bo/st/no/no/d/806/il/U,bw/st/no/yes/d/852/il/A,0.59
bo/st/no/no/d/806/il/U,bo/st/no/no/d/806/il/U,1.0
bo/st/no/no/d/806/il/U,bo/so/yes/no/m/839/il/A,0.6
bo/st/no/no/d/806/il/U,bw/st/yes/yes/d/801/il/U,0.57
bo/st/no/no/d/806/il/U,bo/so/yes/yes/m/837/il/A,0.65
bo/st/no/no/d/806/il/U,bo/st/no/yes/d/808/il/U,0.94
bo/st/no/no/d/806/il/U,bo/st/no/no/m/830/il/A,1.0
bo/st/no/no/d/806/il/U,bo/st/yes/yes/m/781/il/U,0.89
bo/st/no/no/d/806/il/U,bo/mu/yes/no/m/775/il/U,0.68
bo/st/no/no/d/806/il/U,bw/mu/no/yes/m/772/il/U,0.67
bo/st/no/no/d/806/il/U,bw/so/no/no/m/786/il/U,0.52
bo/st/no/no/d/806/il/U,bw/so/no/yes/m/788/il/U,0.56
bo/st/no/no/d/806/il/U,bo/so/yes/yes/m/789/il/U,0.65
bo/st/no/no/d/806/il/U,bw/so/yes/no/m/787/il/U,0.52
bo/st/no/no/d/806/il/U,bo/mu/yes/yes/m/773/il/U,0.69
bo/st/no/no/d/806/il/U,bo/mu/no/no/m/774/il/U,0.68
bo/st/no/no/d/806/il/U,bw/st/no/yes/m/780/il/U,0.59
bo/st/no/no/d/806/il/U,bw/mu/yes/yes/m/769/il/U,0.67
bo/st/no/no/d/806/il/U,bw/mu/yes/yes/d/793/il/U,0.67
bo/st/no/no/d/806/il/U,bw/mu/no/no/d/794/il/U,0.66
bo/st/no/no/d/806/il/U,bw/mu/yes/no/d/795/il/U,0.66
bo/st/no/no/d/806/il/U,bo/so/no/yes/m/792/il/U,0.45
bo/st/no/no/d/806/il/U,bw/so/no/yes/d/812/il/U,0.56
bo/st/no/no/d/806/il/U,bo/so/yes/no/d/815/il/U,0.6
bo/st/no/no/d/806/il/U,bo/mu/yes/no/m/823/il/A,0.68
bo/st/no/no/d/806/il/U,bo/mu/no/yes/m/824/il/A,0.69
bo/st/no/no/d/806/il/U,bo/mu/no/yes/d/848/il/A,0.69
bo/st/no/no/d/806/il/U,bw/mu/yes/yes/d/841/il/A,0.67
bo/st/no/no/d/806/il/U,bo/mu/no/no/d/846/il/A,0.68
bo/st/no/no/d/806/il/U,bw/st/yes/yes/m/825/il/A,0.57
bo/st/no/no/d/806/il/U,bo/mu/no/no/m/822/il/A,0.68
bo/st/no/no/d/806/il/U,bo/so/no/no/d/814/il/U,0.46
bo/st/no/no/d/806/il/U,bo/so/yes/yes/d/813/il/U,0.65
bo/st/no/no/d/806/il/U,bo/mu/yes/no/d/847/il/A,0.68
bo/st/no/no/d/806/il/U,bo/so/no/yes/m/840/il/A,0.45
bo/st/no/no/d/806/il/U,bw/st/yes/yes/d/849/il/A,0.57
bo/st/no/no/d/806/il/U,bw/so/yes/no/m/835/il/A,0.52
bo/st/no/no/d/806/il/U,bo/st/no/yes/m/832/il/A,0.94
bo/st/no/no/d/806/il/U,bw/st/no/yes/d/804/il/U,0.59
bo/st/no/no/d/806/il/U,bw/st/yes/no/d/803/il/U,0.38
bo/st/no/no/d/806/il/U,bw/so/yes/yes/d/857/il/A,0.55
bo/st/no/no/d/806/il/U,bw/st/no/no/d/850/il/A,0.39
bo/st/no/no/d/806/il/U,bw/so/yes/no/d/859/il/A,0.52
bo/st/no/no/d/806/il/U,bo/so/yes/yes/d/861/il/A,0.65
bo/st/no/no/d/806/il/U,bw/st/no/no/d/802/il/U,0.39
bo/st/no/no/d/806/il/U,bo/st/yes/yes/d/805/il/U,0.89
bo/st/no/no/d/806/il/U,bw/so/yes/yes/m/833/il/A,0.55
bo/st/no/no/d/806/il/U,bw/so/no/no/m/834/il/A,0.52
bo/st/no/no/d/806/il/U,bw/so/no/yes/d/860/il/A,0.56
bo/st/no/no/d/806/il/U,bw/so/no/no/d/858/il/A,0.52
bo/st/no/no/d/806/il/U,bw/st/yes/no/d/851/il/A,0.38
bo/st/no/no/d/806/il/U,bo/st/no/yes/d/856/il/A,0.94
bo/st/no/no/d/806/il/U,bw/mu/yes/no/m/771/il/U,0.66
bo/st/no/no/d/806/il/U,bw/so/yes/yes/m/785/il/U,0.55
bo/st/no/no/d/806/il/U,bo/st/no/no/m/782/il/U,1.0
bo/st/no/no/d/806/il/U,bo/mu/no/yes/m/776/il/U,0.69
bo/st/no/no/d/806/il/U,bw/st/no/no/m/778/il/U,0.39
bo/st/no/no/d/806/il/U,bw/st/yes/no/m/779/il/U,0.38
bo/st/no/no/d/806/il/U,bw/st/yes/yes/m/777/il/U,0.57
bo/st/no/no/d/806/il/U,bo/st/yes/no/m/783/il/U,0.9
bo/st/no/no/d/806/il/U,bo/st/no/yes/m/784/il/U,0.94
bo/st/no/no/d/806/il/U,bw/mu/no/no/m/770/il/U,0.66
bo/st/no/no/d/806/il/U,bo/mu/yes/no/d/799/il/U,0.68
bo/st/no/no/d/806/il/U,bo/mu/yes/yes/d/797/il/U,0.69
bo/st/no/no/d/806/il/U,bo/so/no/no/m/790/il/U,0.46
bo/st/no/no/d/806/il/U,bo/so/yes/no/m/791/il/U,0.6
bo/st/no/no/d/806/il/U,bw/mu/no/yes/d/796/il/U,0.67
bo/st/no/no/d/806/il/U,bo/mu/no/no/d/798/il/U,0.68
bo/st/no/no/d/806/il/U,bo/mu/yes/yes/d/845/il/A,0.69
bo/st/no/no/d/806/il/U,bw/mu/no/no/d/842/il/A,0.66
bo/st/no/no/d/806/il/U,bo/st/yes/yes/m/829/il/A,0.89
bo/st/no/no/d/806/il/U,bo/so/no/yes/d/816/il/U,0.45
bo/st/no/no/d/806/il/U,bw/so/yes/no/d/811/il/U,0.52
bo/st/no/no/d/806/il/U,bw/mu/no/no/m/818/il/A,0.66
bo/st/no/no/d/806/il/U,bw/st/yes/no/m/827/il/A,0.38
bo/st/no/no/d/806/il/U,bw/mu/no/yes/m/820/il/A,0.67
bo/st/no/no/d/806/il/U,bw/mu/yes/no/d/843/il/A,0.66
bo/st/no/no/d/806/il/U,bw/mu/no/yes/d/844/il/A,0.67
bo/st/no/no/d/806/il/U,bo/mu/yes/yes/m/821/il/A,0.69
bo/st/no/no/d/806/il/U,bw/mu/yes/no/m/819/il/A,0.66
bo/st/no/no/d/806/il/U,bw/st/no/no/m/826/il/A,0.39
bo/st/no/no/d/806/il/U,bw/so/no/no/d/810/il/U,0.52
bo/st/no/no/d/806/il/U,bw/st/no/yes/m/828/il/A,0.59
bo/st/no/no/d/806/il/U,bw/mu/yes/yes/m/817/il/A,0.67
bo/so/yes/no/m/839/il/A,bo/st/yes/yes/d/853/il/A,0.6
bo/so/yes/no/m/839/il/A,bo/st/no/no/d/854/il/A,0.6
bo/so/yes/no/m/839/il/A,bo/so/no/no/d/862/il/A,0.57
bo/so/yes/no/m/839/il/A,bo/st/yes/no/m/831/il/A,0.6
bo/so/yes/no/m/839/il/A,bw/so/no/yes/m/836/il/A,0.53
bo/so/yes/no/m/839/il/A,bw/so/yes/yes/d/809/il/U,0.54
bo/so/yes/no/m/839/il/A,bo/mu/no/yes/d/800/il/U,0.54
bo/so/yes/no/m/839/il/A,bo/st/yes/no/d/807/il/U,0.6
bo/so/yes/no/m/839/il/A,bo/so/no/no/m/838/il/A,0.57
bo/so/yes/no/m/839/il/A,bo/so/no/yes/d/864/il/A,0.47
bo/so/yes/no/m/839/il/A,bo/so/yes/no/d/863/il/A,1.0
bo/so/yes/no/m/839/il/A,bo/st/yes/no/d/855/il/A,0.6
bo/so/yes/no/m/839/il/A,bw/st/no/yes/d/852/il/A,0.46
bo/so/yes/no/m/839/il/A,bo/st/no/no/d/806/il/U,0.6
bo/so/yes/no/m/839/il/A,bo/so/yes/no/m/839/il/A,1.0
bo/so/yes/no/m/839/il/A,bw/st/yes/yes/d/801/il/U,0.44
bo/so/yes/no/m/839/il/A,bo/so/yes/yes/m/837/il/A,0.75
bo/so/yes/no/m/839/il/A,bo/st/no/yes/d/808/il/U,0.6
bo/so/yes/no/m/839/il/A,bo/st/no/no/m/830/il/A,0.6
bo/so/yes/no/m/839/il/A,bo/st/yes/yes/m/781/il/U,0.6
bo/so/yes/no/m/839/il/A,bo/mu/yes/no/m/775/il/U,0.53
bo/so/yes/no/m/839/il/A,bw/mu/no/yes/m/772/il/U,0.51
bo/so/yes/no/m/839/il/A,bw/so/no/no/m/786/il/U,0.57
bo/so/yes/no/m/839/il/A,bw/so/no/yes/m/788/il/U,0.53
bo/so/yes/no/m/839/il/A,bo/so/yes/yes/m/789/il/U,0.75
bo/so/yes/no/m/839/il/A,bw/so/yes/no/m/787/il/U,0.59
bo/so/yes/no/m/839/il/A,bo/mu/yes/yes/m/773/il/U,0.53
bo/so/yes/no/m/839/il/A,bo/mu/no/no/m/774/il/U,0.53
bo/so/yes/no/m/839/il/A,bw/st/no/yes/m/780/il/U,0.46
bo/so/yes/no/m/839/il/A,bw/mu/yes/yes/m/769/il/U,0.51
bo/so/yes/no/m/839/il/A,bw/mu/yes/yes/d/793/il/U,0.51
bo/so/yes/no/m/839/il/A,bw/mu/no/no/d/794/il/U,0.51
bo/so/yes/no/m/839/il/A,bw/mu/yes/no/d/795/il/U,0.51
bo/so/yes/no/m/839/il/A,bo/so/no/yes/m/792/il/U,0.47
bo/so/yes/no/m/839/il/A,bw/so/no/yes/d/812/il/U,0.53
bo/so/yes/no/m/839/il/A,bo/so/yes/no/d/815/il/U,1.0
bo/so/yes/no/m/839/il/A,bo/mu/yes/no/m/823/il/A,0.53
bo/so/yes/no/m/839/il/A,bo/mu/no/yes/m/824/il/A,0.54
bo/so/yes/no/m/839/il/A,bo/mu/no/yes/d/848/il/A,0.54
bo/so/yes/no/m/839/il/A,bw/mu/yes/yes/d/841/il/A,0.51
bo/so/yes/no/m/839/il/A,bo/mu/no/no/d/846/il/A,0.53
bo/so/yes/no/m/839/il/A,bw/st/yes/yes/m/825/il/A,0.44
bo/so/yes/no/m/839/il/A,bo/mu/no/no/m/822/il/A,0.53
bo/so/yes/no/m/839/il/A,bo/so/no/no/d/814/il/U,0.57
bo/so/yes/no/m/839/il/A,bo/so/yes/yes/d/813/il/U,0.75
bo/so/yes/no/m/839/il/A,bo/mu/yes/no/d/847/il/A,0.53
bo/so/yes/no/m/839/il/A,bo/so/no/yes/m/840/il/A,0.47
bo/so/yes/no/m/839/il/A,bw/st/yes/yes/d/849/il/A,0.44
bo/so/yes/no/m/839/il/A,bw/so/yes/no/m/835/il/A,0.59
bo/so/yes/no/m/839/il/A,bo/st/no/yes/m/832/il/A,0.6
bo/so/yes/no/m/839/il/A,bw/st/no/yes/d/804/il/U,0.46
bo/so/yes/no/m/839/il/A,bw/st/yes/no/d/803/il/U,0.31
bo/so/yes/no/m/839/il/A,bw/so/yes/yes/d/857/il/A,0.54
bo/so/yes/no/m/839/il/A,bw/st/no/no/d/850/il/A,0.32
bo/so/yes/no/m/839/il/A,bw/so/yes/no/d/859/il/A,0.59
bo/so/yes/no/m/839/il/A,bo/so/yes/yes/d/861/il/A,0.75
bo/so/yes/no/m/839/il/A,bw/st/no/no/d/802/il/U,0.32
bo/so/yes/no/m/839/il/A,bo/st/yes/yes/d/805/il/U,0.6
bo/so/yes/no/m/839/il/A,bw/so/yes/yes/m/833/il/A,0.54
bo/so/yes/no/m/839/il/A,bw/so/no/no/m/834/il/A,0.57
bo/so/yes/no/m/839/il/A,bw/so/no/yes/d/860/il/A,0.53
bo/so/yes/no/m/839/il/A,bw/so/no/no/d/858/il/A,0.57
bo/so/yes/no/m/839/il/A,bw/st/yes/no/d/851/il/A,0.31
bo/so/yes/no/m/839/il/A,bo/st/no/yes/d/856/il/A,0.6
bo/so/yes/no/m/839/il/A,bw/mu/yes/no/m/771/il/U,0.51
bo/so/yes/no/m/839/il/A,bw/so/yes/yes/m/785/il/U,0.54
bo/so/yes/no/m/839/il/A,bo/st/no/no/m/782/il/U,0.6
bo/so/yes/no/m/839/il/A,bo/mu/no/yes/m/776/il/U,0.54
bo/so/yes/no/m/839/il/A,bw/st/no/no/m/778/il/U,0.32
bo/so/yes/no/m/839/il/A,bw/st/yes/no/m/779/il/U,0.31
bo/so/yes/no/m/839/il/A,bw/st/yes/yes/m/777/il/U,0.44
bo/so/yes/no/m/839/il/A,bo/st/yes/no/m/783/il/U,0.6
bo/so/yes/no/m/839/il/A,bo/st/no/yes/m/784/il/U,0.6
bo/so/yes/no/m/839/il/A,bw/mu/no/no/m/770/il/U,0.51
bo/so/yes/no/m/839/il/A,bo/mu/yes/no/d/799/il/U,0.53
bo/so/yes/no/m/839/il/A,bo/mu/yes/yes/d/797/il/U,0.53
bo/so/yes/no/m/839/il/A,bo/so/no/no/m/790/il/U,0.57
bo/so/yes/no/m/839/il/A,bo/so/yes/no/m/791/il/U,1.0
bo/so/yes/no/m/839/il/A,bw/mu/no/yes/d/796/il/U,0.51
bo/so/yes/no/m/839/il/A,bo/mu/no/no/d/798/il/U,0.53
bo/so/yes/no/m/839/il/A,bo/mu/yes/yes/d/845/il/A,0.53
bo/so/yes/no/m/839/il/A,bw/mu/no/no/d/842/il/A,0.51
bo/so/yes/no/m/839/il/A,bo/st/yes/yes/m/829/il/A,0.6
bo/so/yes/no/m/839/il/A,bo/so/no/yes/d/816/il/U,0.47
bo/so/yes/no/m/839/il/A,bw/so/yes/no/d/811/il/U,0.59
bo/so/yes/no/m/839/il/A,bw/mu/no/no/m/818/il/A,0.51
bo/so/yes/no/m/839/il/A,bw/st/yes/no/m/827/il/A,0.31
bo/so/yes/no/m/839/il/A,bw/mu/no/yes/m/820/il/A,0.51
bo/so/yes/no/m/839/il/A,bw/mu/yes/no/d/843/il/A,0.51
bo/so/yes/no/m/839/il/A,bw/mu/no/yes/d/844/il/A,0.51
bo/so/yes/no/m/839/il/A,bo/mu/yes/yes/m/821/il/A,0.53
bo/so/yes/no/m/839/il/A,bw/mu/yes/no/m/819/il/A,0.51
bo/so/yes/no/m/839/il/A,bw/st/no/no/m/826/il/A,0.32
bo/so/yes/no/m/839/il/A,bw/so/no/no/d/810/il/U,0.57
bo/so/yes/no/m/839/il/A,bw/st/no/yes/m/828/il/A,0.46
bo/so/yes/no/m/839/il/A,bw/mu/yes/yes/m/817/il/A,0.51
bw/st/yes/yes/d/801/il/U,bo/st/yes/yes/d/853/il/A,0.58
bw/st/yes/yes/d/801/il/U,bo/st/no/no/d/854/il/A,0.57
bw/st/yes/yes/d/801/il/U,bo/so/no/no/d/862/il/A,0.32
bw/st/yes/yes/d/801/il/U,bo/st/yes/no/m/831/il/A,0.59
bw/st/yes/yes/d/801/il/U,bw/so/no/yes/m/836/il/A,0.45
bw/st/yes/yes/d/801/il/U,bw/so/yes/yes/d/809/il/U,0.45
bw/st/yes/yes/d/801/il/U,bo/mu/no/yes/d/800/il/U,0.59
bw/st/yes/yes/d/801/il/U,bo/st/yes/no/d/807/il/U,0.59
bw/st/yes/yes/d/801/il/U,bo/so/no/no/m/838/il/A,0.32
bw/st/yes/yes/d/801/il/U,bo/so/no/yes/d/864/il/A,0.31
bw/st/yes/yes/d/801/il/U,bo/so/yes/no/d/863/il/A,0.44
bw/st/yes/yes/d/801/il/U,bo/st/yes/no/d/855/il/A,0.59
bw/st/yes/yes/d/801/il/U,bw/st/no/yes/d/852/il/A,0.9
bw/st/yes/yes/d/801/il/U,bo/st/no/no/d/806/il/U,0.57
bw/st/yes/yes/d/801/il/U,bo/so/yes/no/m/839/il/A,0.44
bw/st/yes/yes/d/801/il/U,bw/st/yes/yes/d/801/il/U,1.0
bw/st/yes/yes/d/801/il/U,bo/so/yes/yes/m/837/il/A,0.46
bw/st/yes/yes/d/801/il/U,bo/st/no/yes/d/808/il/U,0.56
bw/st/yes/yes/d/801/il/U,bo/st/no/no/m/830/il/A,0.57
bw/st/yes/yes/d/801/il/U,bo/st/yes/yes/m/781/il/U,0.58
bw/st/yes/yes/d/801/il/U,bo/mu/yes/no/m/775/il/U,0.59
bw/st/yes/yes/d/801/il/U,bw/mu/no/yes/m/772/il/U,0.62
bw/st/yes/yes/d/801/il/U,bw/so/no/no/m/786/il/U,0.43
bw/st/yes/yes/d/801/il/U,bw/so/no/yes/m/788/il/U,0.45
bw/st/yes/yes/d/801/il/U,bo/so/yes/yes/m/789/il/U,0.46
bw/st/yes/yes/d/801/il/U,bw/so/yes/no/m/787/il/U,0.44
bw/st/yes/yes/d/801/il/U,bo/mu/yes/yes/m/773/il/U,0.6
bw/st/yes/yes/d/801/il/U,bo/mu/no/no/m/774/il/U,0.58
bw/st/yes/yes/d/801/il/U,bw/st/no/yes/m/780/il/U,0.9
bw/st/yes/yes/d/801/il/U,bw/mu/yes/yes/m/769/il/U,0.62
bw/st/yes/yes/d/801/il/U,bw/mu/yes/yes/d/793/il/U,0.62
bw/st/yes/yes/d/801/il/U,bw/mu/no/no/d/794/il/U,0.61
bw/st/yes/yes/d/801/il/U,bw/mu/yes/no/d/795/il/U,0.61
bw/st/yes/yes/d/801/il/U,bo/so/no/yes/m/792/il/U,0.31
bw/st/yes/yes/d/801/il/U,bw/so/no/yes/d/812/il/U,0.45
bw/st/yes/yes/d/801/il/U,bo/so/yes/no/d/815/il/U,0.44
bw/st/yes/yes/d/801/il/U,bo/mu/yes/no/m/823/il/A,0.59
bw/st/yes/yes/d/801/il/U,bo/mu/no/yes/m/824/il/A,0.59
bw/st/yes/yes/d/801/il/U,bo/mu/no/yes/d/848/il/A,0.59
bw/st/yes/yes/d/801/il/U,bw/mu/yes/yes/d/841/il/A,0.62
bw/st/yes/yes/d/801/il/U,bo/mu/no/no/d/846/il/A,0.58
bw/st/yes/yes/d/801/il/U,bw/st/yes/yes/m/825/il/A,1.0
bw/st/yes/yes/d/801/il/U,bo/mu/no/no/m/822/il/A,0.58
bw/st/yes/yes/d/801/il/U,bo/so/no/no/d/814/il/U,0.32
bw/st/yes/yes/d/801/il/U,bo/so/yes/yes/d/813/il/U,0.46
bw/st/yes/yes/d/801/il/U,bo/mu/yes/no/d/847/il/A,0.59
bw/st/yes/yes/d/801/il/U,bo/so/no/yes/m/840/il/A,0.31
bw/st/yes/yes/d/801/il/U,bw/st/yes/yes/d/849/il/A,1.0
bw/st/yes/yes/d/801/il/U,bw/so/yes/no/m/835/il/A,0.44
bw/st/yes/yes/d/801/il/U,bo/st/no/yes/m/832/il/A,0.56
bw/st/yes/yes/d/801/il/U,bw/st/no/yes/d/804/il/U,0.9
bw/st/yes/yes/d/801/il/U,bw/st/yes/no/d/803/il/U,0.65
bw/st/yes/yes/d/801/il/U,bw/so/yes/yes/d/857/il/A,0.45
bw/st/yes/yes/d/801/il/U,bw/st/no/no/d/850/il/A,0.6
bw/st/yes/yes/d/801/il/U,bw/so/yes/no/d/859/il/A,0.44
bw/st/yes/yes/d/801/il/U,bo/so/yes/yes/d/861/il/A,0.46
bw/st/yes/yes/d/801/il/U,bw/st/no/no/d/802/il/U,0.6
bw/st/yes/yes/d/801/il/U,bo/st/yes/yes/d/805/il/U,0.58
bw/st/yes/yes/d/801/il/U,bw/so/yes/yes/m/833/il/A,0.45
bw/st/yes/yes/d/801/il/U,bw/so/no/no/m/834/il/A,0.43
bw/st/yes/yes/d/801/il/U,bw/so/no/yes/d/860/il/A,0.45
bw/st/yes/yes/d/801/il/U,bw/so/no/no/d/858/il/A,0.43
bw/st/yes/yes/d/801/il/U,bw/st/yes/no/d/851/il/A,0.65
bw/st/yes/yes/d/801/il/U,bo/st/no/yes/d/856/il/A,0.56
bw/st/yes/yes/d/801/il/U,bw/mu/yes/no/m/771/il/U,0.61
bw/st/yes/yes/d/801/il/U,bw/so/yes/yes/m/785/il/U,0.45
bw/st/yes/yes/d/801/il/U,bo/st/no/no/m/782/il/U,0.57
bw/st/yes/yes/d/801/il/U,bo/mu/no/yes/m/776/il/U,0.59
bw/st/yes/yes/d/801/il/U,bw/st/no/no/m/778/il/U,0.6
bw/st/yes/yes/d/801/il/U,bw/st/yes/no/m/779/il/U,0.65
bw/st/yes/yes/d/801/il/U,bw/st/yes/yes/m/777/il/U,1.0
bw/st/yes/yes/d/801/il/U,bo/st/yes/no/m/783/il/U,0.59
bw/st/yes/yes/d/801/il/U,bo/st/no/yes/m/784/il/U,0.56
bw/st/yes/yes/d/801/il/U,bw/mu/no/no/m/770/il/U,0.61
bw/st/yes/yes/d/801/il/U,bo/mu/yes/no/d/799/il/U,0.59
bw/st/yes/yes/d/801/il/U,bo/mu/yes/yes/d/797/il/U,0.6
bw/st/yes/yes/d/801/il/U,bo/so/no/no/m/790/il/U,0.32
bw/st/yes/yes/d/801/il/U,bo/so/yes/no/m/791/il/U,0.44
bw/st/yes/yes/d/801/il/U,bw/mu/no/yes/d/796/il/U,0.62
bw/st/yes/yes/d/801/il/U,bo/mu/no/no/d/798/il/U,0.58
bw/st/yes/yes/d/801/il/U,bo/mu/yes/yes/d/845/il/A,0.6
bw/st/yes/yes/d/801/il/U,bw/mu/no/no/d/842/il/A,0.61
bw/st/yes/yes/d/801/il/U,bo/st/yes/yes/m/829/il/A,0.58
bw/st/yes/yes/d/801/il/U,bo/so/no/yes/d/816/il/U,0.31
bw/st/yes/yes/d/801/il/U,bw/so/yes/no/d/811/il/U,0.44
bw/st/yes/yes/d/801/il/U,bw/mu/no/no/m/818/il/A,0.61
bw/st/yes/yes/d/801/il/U,bw/st/yes/no/m/827/il/A,0.65
bw/st/yes/yes/d/801/il/U,bw/mu/no/yes/m/820/il/A,0.62
bw/st/yes/yes/d/801/il/U,bw/mu/yes/no/d/843/il/A,0.61
bw/st/yes/yes/d/801/il/U,bw/mu/no/yes/d/844/il/A,0.62
bw/st/yes/yes/d/801/il/U,bo/mu/yes/yes/m/821/il/A,0.6
bw/st/yes/yes/d/801/il/U,bw/mu/yes/no/m/819/il/A,0.61
bw/st/yes/yes/d/801/il/U,bw/st/no/no/m/826/il/A,0.6
bw/st/yes/yes/d/801/il/U,bw/so/no/no/d/810/il/U,0.43
bw/st/yes/yes/d/801/il/U,bw/st/no/yes/m/828/il/A,0.9
bw/st/yes/yes/d/801/il/U,bw/mu/yes/yes/m/817/il/A,0.62
bo/so/yes/yes/m/837/il/A,bo/st/yes/yes/d/853/il/A,0.65
bo/so/yes/yes/m/837/il/A,bo/st/no/no/d/854/il/A,0.65
bo/so/yes/yes/m/837/il/A,bo/so/no/no/d/862/il/A,0.53
bo/so/yes/yes/m/837/il/A,bo/st/yes/no/m/831/il/A,0.63
bo/so/yes/yes/m/837/il/A,bw/so/no/yes/m/836/il/A,0.6
bo/so/yes/yes/m/837/il/A,bw/so/yes/yes/d/809/il/U,0.6
bo/so/yes/yes/m/837/il/A,bo/mu/no/yes/d/800/il/U,0.59
bo/so/yes/yes/m/837/il/A,bo/st/yes/no/d/807/il/U,0.63
bo/so/yes/yes/m/837/il/A,bo/so/no/no/m/838/il/A,0.53
bo/so/yes/yes/m/837/il/A,bo/so/no/yes/d/864/il/A,0.59
bo/so/yes/yes/m/837/il/A,bo/so/yes/no/d/863/il/A,0.75
bo/so/yes/yes/m/837/il/A,bo/st/yes/no/d/855/il/A,0.63
bo/so/yes/yes/m/837/il/A,bw/st/no/yes/d/852/il/A,0.48
bo/so/yes/yes/m/837/il/A,bo/st/no/no/d/806/il/U,0.65
bo/so/yes/yes/m/837/il/A,bo/so/yes/no/m/839/il/A,0.75
bo/so/yes/yes/m/837/il/A,bw/st/yes/yes/d/801/il/U,0.46
bo/so/yes/yes/m/837/il/A,bo/so/yes/yes/m/837/il/A,1.0
bo/so/yes/yes/m/837/il/A,bo/st/no/yes/d/808/il/U,0.66
bo/so/yes/yes/m/837/il/A,bo/st/no/no/m/830/il/A,0.65
bo/so/yes/yes/m/837/il/A,bo/st/yes/yes/m/781/il/U,0.65
bo/so/yes/yes/m/837/il/A,bo/mu/yes/no/m/775/il/U,0.58
bo/so/yes/yes/m/837/il/A,bw/mu/no/yes/m/772/il/U,0.56
bo/so/yes/yes/m/837/il/A,bw/so/no/no/m/786/il/U,0.52
bo/so/yes/yes/m/837/il/A,bw/so/no/yes/m/788/il/U,0.6
bo/so/yes/yes/m/837/il/A,bo/so/yes/yes/m/789/il/U,1.0
bo/so/yes/yes/m/837/il/A,bw/so/yes/no/m/787/il/U,0.53
bo/so/yes/yes/m/837/il/A,bo/mu/yes/yes/m/773/il/U,0.59
bo/so/yes/yes/m/837/il/A,bo/mu/no/no/m/774/il/U,0.58
bo/so/yes/yes/m/837/il/A,bw/st/no/yes/m/780/il/U,0.48
bo/so/yes/yes/m/837/il/A,bw/mu/yes/yes/m/769/il/U,0.56
bo/so/yes/yes/m/837/il/A,bw/mu/yes/yes/d/793/il/U,0.56
bo/so/yes/yes/m/837/il/A,bw/mu/no/no/d/794/il/U,0.55
bo/so/yes/yes/m/837/il/A,bw/mu/yes/no/d/795/il/U,0.55
bo/so/yes/yes/m/837/il/A,bo/so/no/yes/m/792/il/U,0.59
bo/so/yes/yes/m/837/il/A,bw/so/no/yes/d/812/il/U,0.6
bo/so/yes/yes/m/837/il/A,bo/so/yes/no/d/815/il/U,0.75
bo/so/yes/yes/m/837/il/A,bo/mu/yes/no/m/823/il/A,0.58
bo/so/yes/yes/m/837/il/A,bo/mu/no/yes/m/824/il/A,0.59
bo/so/yes/yes/m/837/il/A,bo/mu/no/yes/d/848/il/A,0.59
bo/so/yes/yes/m/837/il/A,bw/mu/yes/yes/d/841/il/A,0.56
bo/so/yes/yes/m/837/il/A,bo/mu/no/no/d/846/il/A,0.58
bo/so/yes/yes/m/837/il/A,bw/st/yes/yes/m/825/il/A,0.46
bo/so/yes/yes/m/837/il/A,bo/mu/no/no/m/822/il/A,0.58
bo/so/yes/yes/m/837/il/A,bo/so/no/no/d/814/il/U,0.53
bo/so/yes/yes/m/837/il/A,bo/so/yes/yes/d/813/il/U,1.0
bo/so/yes/yes/m/837/il/A,bo/mu/yes/no/d/847/il/A,0.58
bo/so/yes/yes/m/837/il/A,bo/so/no/yes/m/840/il/A,0.59
bo/so/yes/yes/m/837/il/A,bw/st/yes/yes/d/849/il/A,0.46
bo/so/yes/yes/m/837/il/A,bw/so/yes/no/m/835/il/A,0.53
bo/so/yes/yes/m/837/il/A,bo/st/no/yes/m/832/il/A,0.66
bo/so/yes/yes/m/837/il/A,bw/st/no/yes/d/804/il/U,0.48
bo/so/yes/yes/m/837/il/A,bw/st/yes/no/d/803/il/U,0.31
bo/so/yes/yes/m/837/il/A,bw/so/yes/yes/d/857/il/A,0.6
bo/so/yes/yes/m/837/il/A,bw/st/no/no/d/850/il/A,0.32
bo/so/yes/yes/m/837/il/A,bw/so/yes/no/d/859/il/A,0.53
bo/so/yes/yes/m/837/il/A,bo/so/yes/yes/d/861/il/A,1.0
bo/so/yes/yes/m/837/il/A,bw/st/no/no/d/802/il/U,0.32
bo/so/yes/yes/m/837/il/A,bo/st/yes/yes/d/805/il/U,0.65
bo/so/yes/yes/m/837/il/A,bw/so/yes/yes/m/833/il/A,0.6
bo/so/yes/yes/m/837/il/A,bw/so/no/no/m/834/il/A,0.52
bo/so/yes/yes/m/837/il/A,bw/so/no/yes/d/860/il/A,0.6
bo/so/yes/yes/m/837/il/A,bw/so/no/no/d/858/il/A,0.52
bo/so/yes/yes/m/837/il/A,bw/st/yes/no/d/851/il/A,0.31
bo/so/yes/yes/m/837/il/A,bo/st/no/yes/d/856/il/A,0.66
bo/so/yes/yes/m/837/il/A,bw/mu/yes/no/m/771/il/U,0.55
bo/so/yes/yes/m/837/il/A,bw/so/yes/yes/m/785/il/U,0.6
bo/so/yes/yes/m/837/il/A,bo/st/no/no/m/782/il/U,0.65
bo/so/yes/yes/m/837/il/A,bo/mu/no/yes/m/776/il/U,0.59
bo/so/yes/yes/m/837/il/A,bw/st/no/no/m/778/il/U,0.32
bo/so/yes/yes/m/837/il/A,bw/st/yes/no/m/779/il/U,0.31
bo/so/yes/yes/m/837/il/A,bw/st/yes/yes/m/777/il/U,0.46
bo/so/yes/yes/m/837/il/A,bo/st/yes/no/m/783/il/U,0.63
bo/so/yes/yes/m/837/il/A,bo/st/no/yes/m/784/il/U,0.66
bo/so/yes/yes/m/837/il/A,bw/mu/no/no/m/770/il/U,0.55
bo/so/yes/yes/m/837/il/A,bo/mu/yes/no/d/799/il/U,0.58
bo/so/yes/yes/m/837/il/A,bo/mu/yes/yes/d/797/il/U,0.59
bo/so/yes/yes/m/837/il/A,bo/so/no/no/m/790/il/U,0.53
bo/so/yes/yes/m/837/il/A,bo/so/yes/no/m/791/il/U,0.75
bo/so/yes/yes/m/837/il/A,bw/mu/no/yes/d/796/il/U,0.56
bo/so/yes/yes/m/837/il/A,bo/mu/no/no/d/798/il/U,0.58
bo/so/yes/yes/m/837/il/A,bo/mu/yes/yes/d/845/il/A,0.59
bo/so/yes/yes/m/837/il/A,bw/mu/no/no/d/842/il/A,0.55
bo/so/yes/yes/m/837/il/A,bo/st/yes/yes/m/829/il/A,0.65
bo/so/yes/yes/m/837/il/A,bo/so/no/yes/d/816/il/U,0.59
bo/so/yes/yes/m/837/il/A,bw/so/yes/no/d/811/il/U,0.53
bo/so/yes/yes/m/837/il/A,bw/mu/no/no/m/818/il/A,0.55
bo/so/yes/yes/m/837/il/A,bw/st/yes/no/m/827/il/A,0.31
bo/so/yes/yes/m/837/il/A,bw/mu/no/yes/m/820/il/A,0.56
bo/so/yes/yes/m/837/il/A,bw/mu/yes/no/d/843/il/A,0.55
bo/so/yes/yes/m/837/il/A,bw/mu/no/yes/d/844/il/A,0.56
bo/so/yes/yes/m/837/il/A,bo/mu/yes/yes/m/821/il/A,0.59
bo/so/yes/yes/m/837/il/A,bw/mu/yes/no/m/819/il/A,0.55
bo/so/yes/yes/m/837/il/A,bw/st/no/no/m/826/il/A,0.32
bo/so/yes/yes/m/837/il/A,bw/so/no/no/d/810/il/U,0.52
bo/so/yes/yes/m/837/il/A,bw/st/no/yes/m/828/il/A,0.48
bo/so/yes/yes/m/837/il/A,bw/mu/yes/yes/m/817/il/A,0.56
bo/st/no/yes/d/808/il/U,bo/st/yes/yes/d/853/il/A,0.9
bo/st/no/yes/d/808/il/U,bo/st/no/no/d/854/il/A,0.94
bo/st/no/yes/d/808/il/U,bo/so/no/no/d/862/il/A,0.46
bo/st/no/yes/d/808/il/U,bo/st/yes/no/m/831/il/A,0.87
bo/st/no/yes/d/808/il/U,bw/so/no/yes/m/836/il/A,0.56
bo/st/no/yes/d/808/il/U,bw/so/yes/yes/d/809/il/U,0.56
bo/st/no/yes/d/808/il/U,bo/mu/no/yes/d/800/il/U,0.72
bo/st/no/yes/d/808/il/U,bo/st/yes/no/d/807/il/U,0.87
bo/st/no/yes/d/808/il/U,bo/so/no/no/m/838/il/A,0.46
bo/st/no/yes/d/808/il/U,bo/so/no/yes/d/864/il/A,0.47
bo/st/no/yes/d/808/il/U,bo/so/yes/no/d/863/il/A,0.6
bo/st/no/yes/d/808/il/U,bo/st/yes/no/d/855/il/A,0.87
bo/st/no/yes/d/808/il/U,bw/st/no/yes/d/852/il/A,0.59
bo/st/no/yes/d/808/il/U,bo/st/no/no/d/806/il/U,0.94
bo/st/no/yes/d/808/il/U,bo/so/yes/no/m/839/il/A,0.6
bo/st/no/yes/d/808/il/U,bw/st/yes/yes/d/801/il/U,0.56
bo/st/no/yes/d/808/il/U,bo/so/yes/yes/m/837/il/A,0.66
bo/st/no/yes/d/808/il/U,bo/st/no/yes/d/808/il/U,1.0
bo/st/no/yes/d/808/il/U,bo/st/no/no/m/830/il/A,0.94
bo/st/no/yes/d/808/il/U,bo/st/yes/yes/m/781/il/U,0.9
bo/st/no/yes/d/808/il/U,bo/mu/yes/no/m/775/il/U,0.7
bo/st/no/yes/d/808/il/U,bw/mu/no/yes/m/772/il/U,0.69
bo/st/no/yes/d/808/il/U,bw/so/no/no/m/786/il/U,0.52
bo/st/no/yes/d/808/il/U,bw/so/no/yes/m/788/il/U,0.56
bo/st/no/yes/d/808/il/U,bo/so/yes/yes/m/789/il/U,0.66
bo/st/no/yes/d/808/il/U,bw/so/yes/no/m/787/il/U,0.53
bo/st/no/yes/d/808/il/U,bo/mu/yes/yes/m/773/il/U,0.71
bo/st/no/yes/d/808/il/U,bo/mu/no/no/m/774/il/U,0.71
bo/st/no/yes/d/808/il/U,bw/st/no/yes/m/780/il/U,0.59
bo/st/no/yes/d/808/il/U,bw/mu/yes/yes/m/769/il/U,0.69
bo/st/no/yes/d/808/il/U,bw/mu/yes/yes/d/793/il/U,0.69
bo/st/no/yes/d/808/il/U,bw/mu/no/no/d/794/il/U,0.69
bo/st/no/yes/d/808/il/U,bw/mu/yes/no/d/795/il/U,0.69
bo/st/no/yes/d/808/il/U,bo/so/no/yes/m/792/il/U,0.47
bo/st/no/yes/d/808/il/U,bw/so/no/yes/d/812/il/U,0.56
bo/st/no/yes/d/808/il/U,bo/so/yes/no/d/815/il/U,0.6
bo/st/no/yes/d/808/il/U,bo/mu/yes/no/m/823/il/A,0.7
bo/st/no/yes/d/808/il/U,bo/mu/no/yes/m/824/il/A,0.72
bo/st/no/yes/d/808/il/U,bo/mu/no/yes/d/848/il/A,0.72
bo/st/no/yes/d/808/il/U,bw/mu/yes/yes/d/841/il/A,0.69
bo/st/no/yes/d/808/il/U,bo/mu/no/no/d/846/il/A,0.71
bo/st/no/yes/d/808/il/U,bw/st/yes/yes/m/825/il/A,0.56
bo/st/no/yes/d/808/il/U,bo/mu/no/no/m/822/il/A,0.71
bo/st/no/yes/d/808/il/U,bo/so/no/no/d/814/il/U,0.46
bo/st/no/yes/d/808/il/U,bo/so/yes/yes/d/813/il/U,0.66
bo/st/no/yes/d/808/il/U,bo/mu/yes/no/d/847/il/A,0.7
bo/st/no/yes/d/808/il/U,bo/so/no/yes/m/840/il/A,0.47
bo/st/no/yes/d/808/il/U,bw/st/yes/yes/d/849/il/A,0.56
bo/st/no/yes/d/808/il/U,bw/so/yes/no/m/835/il/A,0.53
bo/st/no/yes/d/808/il/U,bo/st/no/yes/m/832/il/A,1.0
bo/st/no/yes/d/808/il/U,bw/st/no/yes/d/804/il/U,0.59
bo/st/no/yes/d/808/il/U,bw/st/yes/no/d/803/il/U,0.38
bo/st/no/yes/d/808/il/U,bw/so/yes/yes/d/857/il/A,0.56
bo/st/no/yes/d/808/il/U,bw/st/no/no/d/850/il/A,0.38
bo/st/no/yes/d/808/il/U,bw/so/yes/no/d/859/il/A,0.53
bo/st/no/yes/d/808/il/U,bo/so/yes/yes/d/861/il/A,0.66
bo/st/no/yes/d/808/il/U,bw/st/no/no/d/802/il/U,0.38
bo/st/no/yes/d/808/il/U,bo/st/yes/yes/d/805/il/U,0.9
bo/st/no/yes/d/808/il/U,bw/so/yes/yes/m/833/il/A,0.56
bo/st/no/yes/d/808/il/U,bw/so/no/no/m/834/il/A,0.52
bo/st/no/yes/d/808/il/U,bw/so/no/yes/d/860/il/A,0.56
bo/st/no/yes/d/808/il/U,bw/so/no/no/d/858/il/A,0.52
bo/st/no/yes/d/808/il/U,bw/st/yes/no/d/851/il/A,0.38
bo/st/no/yes/d/808/il/U,bo/st/no/yes/d/856/il/A,1.0
bo/st/no/yes/d/808/il/U,bw/mu/yes/no/m/771/il/U,0.69
bo/st/no/yes/d/808/il/U,bw/so/yes/yes/m/785/il/U,0.56
bo/st/no/yes/d/808/il/U,bo/st/no/no/m/782/il/U,0.94
bo/st/no/yes/d/808/il/U,bo/mu/no/yes/m/776/il/U,0.72
bo/st/no/yes/d/808/il/U,bw/st/no/no/m/778/il/U,0.38
bo/st/no/yes/d/808/il/U,bw/st/yes/no/m/779/il/U,0.38
bo/st/no/yes/d/808/il/U,bw/st/yes/yes/m/777/il/U,0.56
bo/st/no/yes/d/808/il/U,bo/st/yes/no/m/783/il/U,0.87
bo/st/no/yes/d/808/il/U,bo/st/no/yes/m/784/il/U,1.0
bo/st/no/yes/d/808/il/U,bw/mu/no/no/m/770/il/U,0.69
bo/st/no/yes/d/808/il/U,bo/mu/yes/no/d/799/il/U,0.7
bo/st/no/yes/d/808/il/U,bo/mu/yes/yes/d/797/il/U,0.71
bo/st/no/yes/d/808/il/U,bo/so/no/no/m/790/il/U,0.46
bo/st/no/yes/d/808/il/U,bo/so/yes/no/m/791/il/U,0.6
bo/st/no/yes/d/808/il/U,bw/mu/no/yes/d/796/il/U,0.69
bo/st/no/yes/d/808/il/U,bo/mu/no/no/d/798/il/U,0.71
bo/st/no/yes/d/808/il/U,bo/mu/yes/yes/d/845/il/A,0.71
bo/st/no/yes/d/808/il/U,bw/mu/no/no/d/842/il/A,0.69
bo/st/no/yes/d/808/il/U,bo/st/yes/yes/m/829/il/A,0.9
bo/st/no/yes/d/808/il/U,bo/so/no/yes/d/816/il/U,0.47
bo/st/no/yes/d/808/il/U,bw/so/yes/no/d/811/il/U,0.53
bo/st/no/yes/d/808/il/U,bw/mu/no/no/m/818/il/A,0.69
bo/st/no/yes/d/808/il/U,bw/st/yes/no/m/827/il/A,0.38
bo/st/no/yes/d/808/il/U,bw/mu/no/yes/m/820/il/A,0.69
bo/st/no/yes/d/808/il/U,bw/mu/yes/no/d/843/il/A,0.69
bo/st/no/yes/d/808/il/U,bw/mu/no/yes/d/844/il/A,0.69
bo/st/no/yes/d/808/il/U,bo/mu/yes/yes/m/821/il/A,0.71
bo/st/no/yes/d/808/il/U,bw/mu/yes/no/m/819/il/A,0.69
bo/st/no/yes/d/808/il/U,bw/st/no/no/m/826/il/A,0.38
bo/st/no/yes/d/808/il/U,bw/so/no/no/d/810/il/U,0.52
bo/st/no/yes/d/808/il/U,bw/st/no/yes/m/828/il/A,0.59
bo/st/no/yes/d/808/il/U,bw/mu/yes/yes/m/817/il/A,0.69
bo/st/no/no/m/830/il/A,bo/st/yes/yes/d/853/il/A,0.89
bo/st/no/no/m/830/il/A,bo/st/no/no/d/854/il/A,1.0
bo/st/no/no/m/830/il/A,bo/so/no/no/d/862/il/A,0.46
bo/st/no/no/m/830/il/A,bo/st/yes/no/m/831/il/A,0.9
bo/st/no/no/m/830/il/A,bw/so/no/yes/m/836/il/A,0.56
bo/st/no/no/m/830/il/A,bw/so/yes/yes/d/809/il/U,0.55
bo/st/no/no/m/830/il/A,bo/mu/no/yes/d/800/il/U,0.69
bo/st/no/no/m/830/il/A,bo/st/yes/no/d/807/il/U,0.9
bo/st/no/no/m/830/il/A,bo/so/no/no/m/838/il/A,0.46
bo/st/no/no/m/830/il/A,bo/so/no/yes/d/864/il/A,0.45
bo/st/no/no/m/830/il/A,bo/so/yes/no/d/863/il/A,0.6
bo/st/no/no/m/830/il/A,bo/st/yes/no/d/855/il/A,0.9
bo/st/no/no/m/830/il/A,bw/st/no/yes/d/852/il/A,0.59
bo/st/no/no/m/830/il/A,bo/st/no/no/d/806/il/U,1.0
bo/st/no/no/m/830/il/A,bo/so/yes/no/m/839/il/A,0.6
bo/st/no/no/m/830/il/A,bw/st/yes/yes/d/801/il/U,0.57
bo/st/no/no/m/830/il/A,bo/so/yes/yes/m/837/il/A,0.65
bo/st/no/no/m/830/il/A,bo/st/no/yes/d/808/il/U,0.94
bo/st/no/no/m/830/il/A,bo/st/no/no/m/830/il/A,1.0
bo/st/no/no/m/830/il/A,bo/st/yes/yes/m/781/il/U,0.89
bo/st/no/no/m/830/il/A,bo/mu/yes/no/m/775/il/U,0.68
bo/st/no/no/m/830/il/A,bw/mu/no/yes/m/772/il/U,0.67
bo/st/no/no/m/830/il/A,bw/so/no/no/m/786/il/U,0.52
bo/st/no/no/m/830/il/A,bw/so/no/yes/m/788/il/U,0.56
bo/st/no/no/m/830/il/A,bo/so/yes/yes/m/789/il/U,0.65
bo/st/no/no/m/830/il/A,bw/so/yes/no/m/787/il/U,0.52
bo/st/no/no/m/830/il/A,bo/mu/yes/yes/m/773/il/U,0.69
bo/st/no/no/m/830/il/A,bo/mu/no/no/m/774/il/U,0.68
bo/st/no/no/m/830/il/A,bw/st/no/yes/m/780/il/U,0.59
bo/st/no/no/m/830/il/A,bw/mu/yes/yes/m/769/il/U,0.67
bo/st/no/no/m/830/il/A,bw/mu/yes/yes/d/793/il/U,0.67
bo/st/no/no/m/830/il/A,bw/mu/no/no/d/794/il/U,0.66
bo/st/no/no/m/830/il/A,bw/mu/yes/no/d/795/il/U,0.66
bo/st/no/no/m/830/il/A,bo/so/no/yes/m/792/il/U,0.45
bo/st/no/no/m/830/il/A,bw/so/no/yes/d/812/il/U,0.56
bo/st/no/no/m/830/il/A,bo/so/yes/no/d/815/il/U,0.6
bo/st/no/no/m/830/il/A,bo/mu/yes/no/m/823/il/A,0.68
bo/st/no/no/m/830/il/A,bo/mu/no/yes/m/824/il/A,0.69
bo/st/no/no/m/830/il/A,bo/mu/no/yes/d/848/il/A,0.69
bo/st/no/no/m/830/il/A,bw/mu/yes/yes/d/841/il/A,0.67
bo/st/no/no/m/830/il/A,bo/mu/no/no/d/846/il/A,0.68
bo/st/no/no/m/830/il/A,bw/st/yes/yes/m/825/il/A,0.57
bo/st/no/no/m/830/il/A,bo/mu/no/no/m/822/il/A,0.68
bo/st/no/no/m/830/il/A,bo/so/no/no/d/814/il/U,0.46
bo/st/no/no/m/830/il/A,bo/so/yes/yes/d/813/il/U,0.65
bo/st/no/no/m/830/il/A,bo/mu/yes/no/d/847/il/A,0.68
bo/st/no/no/m/830/il/A,bo/so/no/yes/m/840/il/A,0.45
bo/st/no/no/m/830/il/A,bw/st/yes/yes/d/849/il/A,0.57
bo/st/no/no/m/830/il/A,bw/so/yes/no/m/835/il/A,0.52
bo/st/no/no/m/830/il/A,bo/st/no/yes/m/832/il/A,0.94
bo/st/no/no/m/830/il/A,bw/st/no/yes/d/804/il/U,0.59
bo/st/no/no/m/830/il/A,bw/st/yes/no/d/803/il/U,0.38
bo/st/no/no/m/830/il/A,bw/so/yes/yes/d/857/il/A,0.55
bo/st/no/no/m/830/il/A,bw/st/no/no/d/850/il/A,0.39
bo/st/no/no/m/830/il/A,bw/so/yes/no/d/859/il/A,0.52
bo/st/no/no/m/830/il/A,bo/so/yes/yes/d/861/il/A,0.65
bo/st/no/no/m/830/il/A,bw/st/no/no/d/802/il/U,0.39
bo/st/no/no/m/830/il/A,bo/st/yes/yes/d/805/il/U,0.89
bo/st/no/no/m/830/il/A,bw/so/yes/yes/m/833/il/A,0.55
bo/st/no/no/m/830/il/A,bw/so/no/no/m/834/il/A,0.52
bo/st/no/no/m/830/il/A,bw/so/no/yes/d/860/il/A,0.56
bo/st/no/no/m/830/il/A,bw/so/no/no/d/858/il/A,0.52
bo/st/no/no/m/830/il/A,bw/st/yes/no/d/851/il/A,0.38
bo/st/no/no/m/830/il/A,bo/st/no/yes/d/856/il/A,0.94
bo/st/no/no/m/830/il/A,bw/mu/yes/no/m/771/il/U,0.66
bo/st/no/no/m/830/il/A,bw/so/yes/yes/m/785/il/U,0.55
bo/st/no/no/m/830/il/A,bo/st/no/no/m/782/il/U,1.0
bo/st/no/no/m/830/il/A,bo/mu/no/yes/m/776/il/U,0.69
bo/st/no/no/m/830/il/A,bw/st/no/no/m/778/il/U,0.39
bo/st/no/no/m/830/il/A,bw/st/yes/no/m/779/il/U,0.38
bo/st/no/no/m/830/il/A,bw/st/yes/yes/m/777/il/U,0.57
bo/st/no/no/m/830/il/A,bo/st/yes/no/m/783/il/U,0.9
bo/st/no/no/m/830/il/A,bo/st/no/yes/m/784/il/U,0.94
bo/st/no/no/m/830/il/A,bw/mu/no/no/m/770/il/U,0.66
bo/st/no/no/m/830/il/A,bo/mu/yes/no/d/799/il/U,0.68
bo/st/no/no/m/830/il/A,bo/mu/yes/yes/d/797/il/U,0.69
bo/st/no/no/m/830/il/A,bo/so/no/no/m/790/il/U,0.46
bo/st/no/no/m/830/il/A,bo/so/yes/no/m/791/il/U,0.6
bo/st/no/no/m/830/il/A,bw/mu/no/yes/d/796/il/U,0.67
bo/st/no/no/m/830/il/A,bo/mu/no/no/d/798/il/U,0.68
bo/st/no/no/m/830/il/A,bo/mu/yes/yes/d/845/il/A,0.69
bo/st/no/no/m/830/il/A,bw/mu/no/no/d/842/il/A,0.66
bo/st/no/no/m/830/il/A,bo/st/yes/yes/m/829/il/A,0.89
bo/st/no/no/m/830/il/A,bo/so/no/yes/d/816/il/U,0.45
bo/st/no/no/m/830/il/A,bw/so/yes/no/d/811/il/U,0.52
bo/st/no/no/m/830/il/A,bw/mu/no/no/m/818/il/A,0.66
bo/st/no/no/m/830/il/A,bw/st/yes/no/m/827/il/A,0.38
bo/st/no/no/m/830/il/A,bw/mu/no/yes/m/820/il/A,0.67
bo/st/no/no/m/830/il/A,bw/mu/yes/no/d/843/il/A,0.66
bo/st/no/no/m/830/il/A,bw/mu/no/yes/d/844/il/A,0.67
bo/st/no/no/m/830/il/A,bo/mu/yes/yes/m/821/il/A,0.69
bo/st/no/no/m/830/il/A,bw/mu/yes/no/m/819/il/A,0.66
bo/st/no/no/m/830/il/A,bw/st/no/no/m/826/il/A,0.39
bo/st/no/no/m/830/il/A,bw/so/no/no/d/810/il/U,0.52
bo/st/no/no/m/830/il/A,bw/st/no/yes/m/828/il/A,0.59
bo/st/no/no/m/830/il/A,bw/mu/yes/yes/m/817/il/A,0.67
bo/st/yes/yes/m/781/il/U,bo/st/yes/yes/d/853/il/A,1.0
bo/st/yes/yes/m/781/il/U,bo/st/no/no/d/854/il/A,0.89
bo/st/yes/yes/m/781/il/U,bo/so/no/no/d/862/il/A,0.45
bo/st/yes/yes/m/781/il/U,bo/st/yes/no/m/831/il/A,0.96
bo/st/yes/yes/m/781/il/U,bw/so/no/yes/m/836/il/A,0.55
bo/st/yes/yes/m/781/il/U,bw/so/yes/yes/d/809/il/U,0.55
bo/st/yes/yes/m/781/il/U,bo/mu/no/yes/d/800/il/U,0.71
bo/st/yes/yes/m/781/il/U,bo/st/yes/no/d/807/il/U,0.96
bo/st/yes/yes/m/781/il/U,bo/so/no/no/m/838/il/A,0.45
bo/st/yes/yes/m/781/il/U,bo/so/no/yes/d/864/il/A,0.45
bo/st/yes/yes/m/781/il/U,bo/so/yes/no/d/863/il/A,0.6
bo/st/yes/yes/m/781/il/U,bo/st/yes/no/d/855/il/A,0.96
bo/st/yes/yes/m/781/il/U,bw/st/no/yes/d/852/il/A,0.61
bo/st/yes/yes/m/781/il/U,bo/st/no/no/d/806/il/U,0.89
bo/st/yes/yes/m/781/il/U,bo/so/yes/no/m/839/il/A,0.6
bo/st/yes/yes/m/781/il/U,bw/st/yes/yes/d/801/il/U,0.58
bo/st/yes/yes/m/781/il/U,bo/so/yes/yes/m/837/il/A,0.65
bo/st/yes/yes/m/781/il/U,bo/st/no/yes/d/808/il/U,0.9
bo/st/yes/yes/m/781/il/U,bo/st/no/no/m/830/il/A,0.89
bo/st/yes/yes/m/781/il/U,bo/st/yes/yes/m/781/il/U,1.0
bo/st/yes/yes/m/781/il/U,bo/mu/yes/no/m/775/il/U,0.7
bo/st/yes/yes/m/781/il/U,bw/mu/no/yes/m/772/il/U,0.69
bo/st/yes/yes/m/781/il/U,bw/so/no/no/m/786/il/U,0.51
bo/st/yes/yes/m/781/il/U,bw/so/no/yes/m/788/il/U,0.55
bo/st/yes/yes/m/781/il/U,bo/so/yes/yes/m/789/il/U,0.65
bo/st/yes/yes/m/781/il/U,bw/so/yes/no/m/787/il/U,0.52
bo/st/yes/yes/m/781/il/U,bo/mu/yes/yes/m/773/il/U,0.71
bo/st/yes/yes/m/781/il/U,bo/mu/no/no/m/774/il/U,0.7
bo/st/yes/yes/m/781/il/U,bw/st/no/yes/m/780/il/U,0.61
bo/st/yes/yes/m/781/il/U,bw/mu/yes/yes/m/769/il/U,0.69
bo/st/yes/yes/m/781/il/U,bw/mu/yes/yes/d/793/il/U,0.69
bo/st/yes/yes/m/781/il/U,bw/mu/no/no/d/794/il/U,0.68
bo/st/yes/yes/m/781/il/U,bw/mu/yes/no/d/795/il/U,0.68
bo/st/yes/yes/m/781/il/U,bo/so/no/yes/m/792/il/U,0.45
bo/st/yes/yes/m/781/il/U,bw/so/no/yes/d/812/il/U,0.55
bo/st/yes/yes/m/781/il/U,bo/so/yes/no/d/815/il/U,0.6
bo/st/yes/yes/m/781/il/U,bo/mu/yes/no/m/823/il/A,0.7
bo/st/yes/yes/m/781/il/U,bo/mu/no/yes/m/824/il/A,0.71
bo/st/yes/yes/m/781/il/U,bo/mu/no/yes/d/848/il/A,0.71
bo/st/yes/yes/m/781/il/U,bw/mu/yes/yes/d/841/il/A,0.69
bo/st/yes/yes/m/781/il/U,bo/mu/no/no/d/846/il/A,0.7
bo/st/yes/yes/m/781/il/U,bw/st/yes/yes/m/825/il/A,0.58
bo/st/yes/yes/m/781/il/U,bo/mu/no/no/m/822/il/A,0.7
bo/st/yes/yes/m/781/il/U,bo/so/no/no/d/814/il/U,0.45
bo/st/yes/yes/m/781/il/U,bo/so/yes/yes/d/813/il/U,0.65
bo/st/yes/yes/m/781/il/U,bo/mu/yes/no/d/847/il/A,0.7
bo/st/yes/yes/m/781/il/U,bo/so/no/yes/m/840/il/A,0.45
bo/st/yes/yes/m/781/il/U,bw/st/yes/yes/d/849/il/A,0.58
bo/st/yes/yes/m/781/il/U,bw/so/yes/no/m/835/il/A,0.52
bo/st/yes/yes/m/781/il/U,bo/st/no/yes/m/832/il/A,0.9
bo/st/yes/yes/m/781/il/U,bw/st/no/yes/d/804/il/U,0.61
bo/st/yes/yes/m/781/il/U,bw/st/yes/no/d/803/il/U,0.39
bo/st/yes/yes/m/781/il/U,bw/so/yes/yes/d/857/il/A,0.55
bo/st/yes/yes/m/781/il/U,bw/st/no/no/d/850/il/A,0.4
bo/st/yes/yes/m/781/il/U,bw/so/yes/no/d/859/il/A,0.52
bo/st/yes/yes/m/781/il/U,bo/so/yes/yes/d/861/il/A,0.65
bo/st/yes/yes/m/781/il/U,bw/st/no/no/d/802/il/U,0.4
bo/st/yes/yes/m/781/il/U,bo/st/yes/yes/d/805/il/U,1.0
bo/st/yes/yes/m/781/il/U,bw/so/yes/yes/m/833/il/A,0.55
bo/st/yes/yes/m/781/il/U,bw/so/no/no/m/834/il/A,0.51
bo/st/yes/yes/m/781/il/U,bw/so/no/yes/d/860/il/A,0.55
bo/st/yes/yes/m/781/il/U,bw/so/no/no/d/858/il/A,0.51
bo/st/yes/yes/m/781/il/U,bw/st/yes/no/d/851/il/A,0.39
bo/st/yes/yes/m/781/il/U,bo/st/no/yes/d/856/il/A,0.9
bo/st/yes/yes/m/781/il/U,bw/mu/yes/no/m/771/il/U,0.68
bo/st/yes/yes/m/781/il/U,bw/so/yes/yes/m/785/il/U,0.55
bo/st/yes/yes/m/781/il/U,bo/st/no/no/m/782/il/U,0.89
bo/st/yes/yes/m/781/il/U,bo/mu/no/yes/m/776/il/U,0.71
bo/st/yes/yes/m/781/il/U,bw/st/no/no/m/778/il/U,0.4
bo/st/yes/yes/m/781/il/U,bw/st/yes/no/m/779/il/U,0.39
bo/st/yes/yes/m/781/il/U,bw/st/yes/yes/m/777/il/U,0.58
bo/st/yes/yes/m/781/il/U,bo/st/yes/no/m/783/il/U,0.96
bo/st/yes/yes/m/781/il/U,bo/st/no/yes/m/784/il/U,0.9
bo/st/yes/yes/m/781/il/U,bw/mu/no/no/m/770/il/U,0.68
bo/st/yes/yes/m/781/il/U,bo/mu/yes/no/d/799/il/U,0.7
bo/st/yes/yes/m/781/il/U,bo/mu/yes/yes/d/797/il/U,0.71
bo/st/yes/yes/m/781/il/U,bo/so/no/no/m/790/il/U,0.45
bo/st/yes/yes/m/781/il/U,bo/so/yes/no/m/791/il/U,0.6
bo/st/yes/yes/m/781/il/U,bw/mu/no/yes/d/796/il/U,0.69
bo/st/yes/yes/m/781/il/U,bo/mu/no/no/d/798/il/U,0.7
bo/st/yes/yes/m/781/il/U,bo/mu/yes/yes/d/845/il/A,0.71
bo/st/yes/yes/m/781/il/U,bw/mu/no/no/d/842/il/A,0.68
bo/st/yes/yes/m/781/il/U,bo/st/yes/yes/m/829/il/A,1.0
bo/st/yes/yes/m/781/il/U,bo/so/no/yes/d/816/il/U,0.45
bo/st/yes/yes/m/781/il/U,bw/so/yes/no/d/811/il/U,0.52
bo/st/yes/yes/m/781/il/U,bw/mu/no/no/m/818/il/A,0.68
bo/st/yes/yes/m/781/il/U,bw/st/yes/no/m/827/il/A,0.39
bo/st/yes/yes/m/781/il/U,bw/mu/no/yes/m/820/il/A,0.69
bo/st/yes/yes/m/781/il/U,bw/mu/yes/no/d/843/il/A,0.68
bo/st/yes/yes/m/781/il/U,bw/mu/no/yes/d/844/il/A,0.69
bo/st/yes/yes/m/781/il/U,bo/mu/yes/yes/m/821/il/A,0.71
bo/st/yes/yes/m/781/il/U,bw/mu/yes/no/m/819/il/A,0.68
bo/st/yes/yes/m/781/il/U,bw/st/no/no/m/826/il/A,0.4
bo/st/yes/yes/m/781/il/U,bw/so/no/no/d/810/il/U,0.51
bo/st/yes/yes/m/781/il/U,bw/st/no/yes/m/828/il/A,0.61
bo/st/yes/yes/m/781/il/U,bw/mu/yes/yes/m/817/il/A,0.69
bo/mu/yes/no/m/775/il/U,bo/st/yes/yes/d/853/il/A,0.7
bo/mu/yes/no/m/775/il/U,bo/st/no/no/d/854/il/A,0.68
bo/mu/yes/no/m/775/il/U,bo/so/no/no/d/862/il/A,0.41
bo/mu/yes/no/m/775/il/U,bo/st/yes/no/m/831/il/A,0.68
bo/mu/yes/no/m/775/il/U,bw/so/no/yes/m/836/il/A,0.49
bo/mu/yes/no/m/775/il/U,bw/so/yes/yes/d/809/il/U,0.49
bo/mu/yes/no/m/775/il/U,bo/mu/no/yes/d/800/il/U,0.94
bo/mu/yes/no/m/775/il/U,bo/st/yes/no/d/807/il/U,0.68
bo/mu/yes/no/m/775/il/U,bo/so/no/no/m/838/il/A,0.41
bo/mu/yes/no/m/775/il/U,bo/so/no/yes/d/864/il/A,0.42
bo/mu/yes/no/m/775/il/U,bo/so/yes/no/d/863/il/A,0.53
bo/mu/yes/no/m/775/il/U,bo/st/yes/no/d/855/il/A,0.68
bo/mu/yes/no/m/775/il/U,bw/st/no/yes/d/852/il/A,0.62
bo/mu/yes/no/m/775/il/U,bo/st/no/no/d/806/il/U,0.68
bo/mu/yes/no/m/775/il/U,bo/so/yes/no/m/839/il/A,0.53
bo/mu/yes/no/m/775/il/U,bw/st/yes/yes/d/801/il/U,0.59
bo/mu/yes/no/m/775/il/U,bo/so/yes/yes/m/837/il/A,0.58
bo/mu/yes/no/m/775/il/U,bo/st/no/yes/d/808/il/U,0.7
bo/mu/yes/no/m/775/il/U,bo/st/no/no/m/830/il/A,0.68
bo/mu/yes/no/m/775/il/U,bo/st/yes/yes/m/781/il/U,0.7
bo/mu/yes/no/m/775/il/U,bo/mu/yes/no/m/775/il/U,1.0
bo/mu/yes/no/m/775/il/U,bw/mu/no/yes/m/772/il/U,0.89
bo/mu/yes/no/m/775/il/U,bw/so/no/no/m/786/il/U,0.46
bo/mu/yes/no/m/775/il/U,bw/so/no/yes/m/788/il/U,0.49
bo/mu/yes/no/m/775/il/U,bo/so/yes/yes/m/789/il/U,0.58
bo/mu/yes/no/m/775/il/U,bw/so/yes/no/m/787/il/U,0.47
bo/mu/yes/no/m/775/il/U,bo/mu/yes/yes/m/773/il/U,0.95
bo/mu/yes/no/m/775/il/U,bo/mu/no/no/m/774/il/U,0.96
bo/mu/yes/no/m/775/il/U,bw/st/no/yes/m/780/il/U,0.62
bo/mu/yes/no/m/775/il/U,bw/mu/yes/yes/m/769/il/U,0.9
bo/mu/yes/no/m/775/il/U,bw/mu/yes/yes/d/793/il/U,0.9
bo/mu/yes/no/m/775/il/U,bw/mu/no/no/d/794/il/U,0.9
bo/mu/yes/no/m/775/il/U,bw/mu/yes/no/d/795/il/U,0.91
bo/mu/yes/no/m/775/il/U,bo/so/no/yes/m/792/il/U,0.42
bo/mu/yes/no/m/775/il/U,bw/so/no/yes/d/812/il/U,0.49
bo/mu/yes/no/m/775/il/U,bo/so/yes/no/d/815/il/U,0.53
bo/mu/yes/no/m/775/il/U,bo/mu/yes/no/m/823/il/A,1.0
bo/mu/yes/no/m/775/il/U,bo/mu/no/yes/m/824/il/A,0.94
bo/mu/yes/no/m/775/il/U,bo/mu/no/yes/d/848/il/A,0.94
bo/mu/yes/no/m/775/il/U,bw/mu/yes/yes/d/841/il/A,0.9
bo/mu/yes/no/m/775/il/U,bo/mu/no/no/d/846/il/A,0.96
bo/mu/yes/no/m/775/il/U,bw/st/yes/yes/m/825/il/A,0.59
bo/mu/yes/no/m/775/il/U,bo/mu/no/no/m/822/il/A,0.96
bo/mu/yes/no/m/775/il/U,bo/so/no/no/d/814/il/U,0.41
bo/mu/yes/no/m/775/il/U,bo/so/yes/yes/d/813/il/U,0.58
bo/mu/yes/no/m/775/il/U,bo/mu/yes/no/d/847/il/A,1.0
bo/mu/yes/no/m/775/il/U,bo/so/no/yes/m/840/il/A,0.42
bo/mu/yes/no/m/775/il/U,bw/st/yes/yes/d/849/il/A,0.59
bo/mu/yes/no/m/775/il/U,bw/so/yes/no/m/835/il/A,0.47
bo/mu/yes/no/m/775/il/U,bo/st/no/yes/m/832/il/A,0.7
bo/mu/yes/no/m/775/il/U,bw/st/no/yes/d/804/il/U,0.62
bo/mu/yes/no/m/775/il/U,bw/st/yes/no/d/803/il/U,0.39
bo/mu/yes/no/m/775/il/U,bw/so/yes/yes/d/857/il/A,0.49
bo/mu/yes/no/m/775/il/U,bw/st/no/no/d/850/il/A,0.4
bo/mu/yes/no/m/775/il/U,bw/so/yes/no/d/859/il/A,0.47
bo/mu/yes/no/m/775/il/U,bo/so/yes/yes/d/861/il/A,0.58
bo/mu/yes/no/m/775/il/U,bw/st/no/no/d/802/il/U,0.4
bo/mu/yes/no/m/775/il/U,bo/st/yes/yes/d/805/il/U,0.7
bo/mu/yes/no/m/775/il/U,bw/so/yes/yes/m/833/il/A,0.49
bo/mu/yes/no/m/775/il/U,bw/so/no/no/m/834/il/A,0.46
bo/mu/yes/no/m/775/il/U,bw/so/no/yes/d/860/il/A,0.49
bo/mu/yes/no/m/775/il/U,bw/so/no/no/d/858/il/A,0.46
bo/mu/yes/no/m/775/il/U,bw/st/yes/no/d/851/il/A,0.39
bo/mu/yes/no/m/775/il/U,bo/st/no/yes/d/856/il/A,0.7
bo/mu/yes/no/m/775/il/U,bw/mu/yes/no/m/771/il/U,0.91
bo/mu/yes/no/m/775/il/U,bw/so/yes/yes/m/785/il/U,0.49
bo/mu/yes/no/m/775/il/U,bo/st/no/no/m/782/il/U,0.68
bo/mu/yes/no/m/775/il/U,bo/mu/no/yes/m/776/il/U,0.94
bo/mu/yes/no/m/775/il/U,bw/st/no/no/m/778/il/U,0.4
bo/mu/yes/no/m/775/il/U,bw/st/yes/no/m/779/il/U,0.39
bo/mu/yes/no/m/775/il/U,bw/st/yes/yes/m/777/il/U,0.59
bo/mu/yes/no/m/775/il/U,bo/st/yes/no/m/783/il/U,0.68
bo/mu/yes/no/m/775/il/U,bo/st/no/yes/m/784/il/U,0.7
bo/mu/yes/no/m/775/il/U,bw/mu/no/no/m/770/il/U,0.9
bo/mu/yes/no/m/775/il/U,bo/mu/yes/no/d/799/il/U,1.0
bo/mu/yes/no/m/775/il/U,bo/mu/yes/yes/d/797/il/U,0.95
bo/mu/yes/no/m/775/il/U,bo/so/no/no/m/790/il/U,0.41
bo/mu/yes/no/m/775/il/U,bo/so/yes/no/m/791/il/U,0.53
bo/mu/yes/no/m/775/il/U,bw/mu/no/yes/d/796/il/U,0.89
bo/mu/yes/no/m/775/il/U,bo/mu/no/no/d/798/il/U,0.96
bo/mu/yes/no/m/775/il/U,bo/mu/yes/yes/d/845/il/A,0.95
bo/mu/yes/no/m/775/il/U,bw/mu/no/no/d/842/il/A,0.9
bo/mu/yes/no/m/775/il/U,bo/st/yes/yes/m/829/il/A,0.7
bo/mu/yes/no/m/775/il/U,bo/so/no/yes/d/816/il/U,0.42
bo/mu/yes/no/m/775/il/U,bw/so/yes/no/d/811/il/U,0.47
bo/mu/yes/no/m/775/il/U,bw/mu/no/no/m/818/il/A,0.9
bo/mu/yes/no/m/775/il/U,bw/st/yes/no/m/827/il/A,0.39
bo/mu/yes/no/m/775/il/U,bw/mu/no/yes/m/820/il/A,0.89
bo/mu/yes/no/m/775/il/U,bw/mu/yes/no/d/843/il/A,0.91
bo/mu/yes/no/m/775/il/U,bw/mu/no/yes/d/844/il/A,0.89
bo/mu/yes/no/m/775/il/U,bo/mu/yes/yes/m/821/il/A,0.95
bo/mu/yes/no/m/775/il/U,bw/mu/yes/no/m/819/il/A,0.91
bo/mu/yes/no/m/775/il/U,bw/st/no/no/m/826/il/A,0.4
bo/mu/yes/no/m/775/il/U,bw/so/no/no/d/810/il/U,0.46
bo/mu/yes/no/m/775/il/U,bw/st/no/yes/m/828/il/A,0.62
bo/mu/yes/no/m/775/il/U,bw/mu/yes/yes/m/817/il/A,0.9
bw/mu/no/yes/m/772/il/U,bo/st/yes/yes/d/853/il/A,0.69
bw/mu/no/yes/m/772/il/U,bo/st/no/no/d/854/il/A,0.67
bw/mu/no/yes/m/772/il/U,bo/so/no/no/d/862/il/A,0.39
bw/mu/no/yes/m/772/il/U,bo/st/yes/no/m/831/il/A,0.67
bw/mu/no/yes/m/772/il/U,bw/so/no/yes/m/836/il/A,0.49
bw/mu/no/yes/m/772/il/U,bw/so/yes/yes/d/809/il/U,0.49
bw/mu/no/yes/m/772/il/U,bo/mu/no/yes/d/800/il/U,0.89
bw/mu/no/yes/m/772/il/U,bo/st/yes/no/d/807/il/U,0.67
bw/mu/no/yes/m/772/il/U,bo/so/no/no/m/838/il/A,0.39
bw/mu/no/yes/m/772/il/U,bo/so/no/yes/d/864/il/A,0.4
bw/mu/no/yes/m/772/il/U,bo/so/yes/no/d/863/il/A,0.51
bw/mu/no/yes/m/772/il/U,bo/st/yes/no/d/855/il/A,0.67
bw/mu/no/yes/m/772/il/U,bw/st/no/yes/d/852/il/A,0.65
bw/mu/no/yes/m/772/il/U,bo/st/no/no/d/806/il/U,0.67
bw/mu/no/yes/m/772/il/U,bo/so/yes/no/m/839/il/A,0.51
bw/mu/no/yes/m/772/il/U,bw/st/yes/yes/d/801/il/U,0.62
bw/mu/no/yes/m/772/il/U,bo/so/yes/yes/m/837/il/A,0.56
bw/mu/no/yes/m/772/il/U,bo/st/no/yes/d/808/il/U,0.69
bw/mu/no/yes/m/772/il/U,bo/st/no/no/m/830/il/A,0.67
bw/mu/no/yes/m/772/il/U,bo/st/yes/yes/m/781/il/U,0.69
bw/mu/no/yes/m/772/il/U,bo/mu/yes/no/m/775/il/U,0.89
bw/mu/no/yes/m/772/il/U,bw/mu/no/yes/m/772/il/U,1.0
bw/mu/no/yes/m/772/il/U,bw/so/no/no/m/786/il/U,0.46
bw/mu/no/yes/m/772/il/U,bw/so/no/yes/m/788/il/U,0.49
bw/mu/no/yes/m/772/il/U,bo/so/yes/yes/m/789/il/U,0.56
bw/mu/no/yes/m/772/il/U,bw/so/yes/no/m/787/il/U,0.47
bw/mu/no/yes/m/772/il/U,bo/mu/yes/yes/m/773/il/U,0.9
bw/mu/no/yes/m/772/il/U,bo/mu/no/no/m/774/il/U,0.88
bw/mu/no/yes/m/772/il/U,bw/st/no/yes/m/780/il/U,0.65
bw/mu/no/yes/m/772/il/U,bw/mu/yes/yes/m/769/il/U,0.98
bw/mu/no/yes/m/772/il/U,bw/mu/yes/yes/d/793/il/U,0.98
bw/mu/no/yes/m/772/il/U,bw/mu/no/no/d/794/il/U,0.93
bw/mu/no/yes/m/772/il/U,bw/mu/yes/no/d/795/il/U,0.93
bw/mu/no/yes/m/772/il/U,bo/so/no/yes/m/792/il/U,0.4
bw/mu/no/yes/m/772/il/U,bw/so/no/yes/d/812/il/U,0.49
bw/mu/no/yes/m/772/il/U,bo/so/yes/no/d/815/il/U,0.51
bw/mu/no/yes/m/772/il/U,bo/mu/yes/no/m/823/il/A,0.89
bw/mu/no/yes/m/772/il/U,bo/mu/no/yes/m/824/il/A,0.89
bw/mu/no/yes/m/772/il/U,bo/mu/no/yes/d/848/il/A,0.89
bw/mu/no/yes/m/772/il/U,bw/mu/yes/yes/d/841/il/A,0.98
bw/mu/no/yes/m/772/il/U,bo/mu/no/no/d/846/il/A,0.88
bw/mu/no/yes/m/772/il/U,bw/st/yes/yes/m/825/il/A,0.62
bw/mu/no/yes/m/772/il/U,bo/mu/no/no/m/822/il/A,0.88
bw/mu/no/yes/m/772/il/U,bo/so/no/no/d/814/il/U,0.39
bw/mu/no/yes/m/772/il/U,bo/so/yes/yes/d/813/il/U,0.56
bw/mu/no/yes/m/772/il/U,bo/mu/yes/no/d/847/il/A,0.89
bw/mu/no/yes/m/772/il/U,bo/so/no/yes/m/840/il/A,0.4
bw/mu/no/yes/m/772/il/U,bw/st/yes/yes/d/849/il/A,0.62
bw/mu/no/yes/m/772/il/U,bw/so/yes/no/m/835/il/A,0.47
bw/mu/no/yes/m/772/il/U,bo/st/no/yes/m/832/il/A,0.69
bw/mu/no/yes/m/772/il/U,bw/st/no/yes/d/804/il/U,0.65
bw/mu/no/yes/m/772/il/U,bw/st/yes/no/d/803/il/U,0.42
bw/mu/no/yes/m/772/il/U,bw/so/yes/yes/d/857/il/A,0.49
bw/mu/no/yes/m/772/il/U,bw/st/no/no/d/850/il/A,0.43
bw/mu/no/yes/m/772/il/U,bw/so/yes/no/d/859/il/A,0.47
bw/mu/no/yes/m/772/il/U,bo/so/yes/yes/d/861/il/A,0.56
bw/mu/no/yes/m/772/il/U,bw/st/no/no/d/802/il/U,0.43
bw/mu/no/yes/m/772/il/U,bo/st/yes/yes/d/805/il/U,0.69
bw/mu/no/yes/m/772/il/U,bw/so/yes/yes/m/833/il/A,0.49
bw/mu/no/yes/m/772/il/U,bw/so/no/no/m/834/il/A,0.46
bw/mu/no/yes/m/772/il/U,bw/so/no/yes/d/860/il/A,0.49
bw/mu/no/yes/m/772/il/U,bw/so/no/no/d/858/il/A,0.46
bw/mu/no/yes/m/772/il/U,bw/st/yes/no/d/851/il/A,0.42
bw/mu/no/yes/m/772/il/U,bo/st/no/yes/d/856/il/A,0.69
bw/mu/no/yes/m/772/il/U,bw/mu/yes/no/m/771/il/U,0.93
bw/mu/no/yes/m/772/il/U,bw/so/yes/yes/m/785/il/U,0.49
bw/mu/no/yes/m/772/il/U,bo/st/no/no/m/782/il/U,0.67
bw/mu/no/yes/m/772/il/U,bo/mu/no/yes/m/776/il/U,0.89
bw/mu/no/yes/m/772/il/U,bw/st/no/no/m/778/il/U,0.43
bw/mu/no/yes/m/772/il/U,bw/st/yes/no/m/779/il/U,0.42
bw/mu/no/yes/m/772/il/U,bw/st/yes/yes/m/777/il/U,0.62
bw/mu/no/yes/m/772/il/U,bo/st/yes/no/m/783/il/U,0.67
bw/mu/no/yes/m/772/il/U,bo/st/no/yes/m/784/il/U,0.69
bw/mu/no/yes/m/772/il/U,bw/mu/no/no/m/770/il/U,0.93
bw/mu/no/yes/m/772/il/U,bo/mu/yes/no/d/799/il/U,0.89
bw/mu/no/yes/m/772/il/U,bo/mu/yes/yes/d/797/il/U,0.9
bw/mu/no/yes/m/772/il/U,bo/so/no/no/m/790/il/U,0.39
bw/mu/no/yes/m/772/il/U,bo/so/yes/no/m/791/il/U,0.51
bw/mu/no/yes/m/772/il/U,bw/mu/no/yes/d/796/il/U,1.0
bw/mu/no/yes/m/772/il/U,bo/mu/no/no/d/798/il/U,0.88
bw/mu/no/yes/m/772/il/U,bo/mu/yes/yes/d/845/il/A,0.9
bw/mu/no/yes/m/772/il/U,bw/mu/no/no/d/842/il/A,0.93
bw/mu/no/yes/m/772/il/U,bo/st/yes/yes/m/829/il/A,0.69
bw/mu/no/yes/m/772/il/U,bo/so/no/yes/d/816/il/U,0.4
bw/mu/no/yes/m/772/il/U,bw/so/yes/no/d/811/il/U,0.47
bw/mu/no/yes/m/772/il/U,bw/mu/no/no/m/818/il/A,0.93
bw/mu/no/yes/m/772/il/U,bw/st/yes/no/m/827/il/A,0.42
bw/mu/no/yes/m/772/il/U,bw/mu/no/yes/m/820/il/A,1.0
bw/mu/no/yes/m/772/il/U,bw/mu/yes/no/d/843/il/A,0.93
bw/mu/no/yes/m/772/il/U,bw/mu/no/yes/d/844/il/A,1.0
bw/mu/no/yes/m/772/il/U,bo/mu/yes/yes/m/821/il/A,0.9
bw/mu/no/yes/m/772/il/U,bw/mu/yes/no/m/819/il/A,0.93
bw/mu/no/yes/m/772/il/U,bw/st/no/no/m/826/il/A,0.43
bw/mu/no/yes/m/772/il/U,bw/so/no/no/d/810/il/U,0.46
bw/mu/no/yes/m/772/il/U,bw/st/no/yes/m/828/il/A,0.65
bw/mu/no/yes/m/772/il/U,bw/mu/yes/yes/m/817/il/A,0.98
bw/so/no/no/m/786/il/U,bo/st/yes/yes/d/853/il/A,0.51
bw/so/no/no/m/786/il/U,bo/st/no/no/d/854/il/A,0.52
bw/so/no/no/m/786/il/U,bo/so/no/no/d/862/il/A,0.39
bw/so/no/no/m/786/il/U,bo/st/yes/no/m/831/il/A,0.51
bw/so/no/no/m/786/il/U,bw/so/no/yes/m/836/il/A,0.74
bw/so/no/no/m/786/il/U,bw/so/yes/yes/d/809/il/U,0.69
bw/so/no/no/m/786/il/U,bo/mu/no/yes/d/800/il/U,0.46
bw/so/no/no/m/786/il/U,bo/st/yes/no/d/807/il/U,0.51
bw/so/no/no/m/786/il/U,bo/so/no/no/m/838/il/A,0.39
bw/so/no/no/m/786/il/U,bo/so/no/yes/d/864/il/A,0.34
bw/so/no/no/m/786/il/U,bo/so/yes/no/d/863/il/A,0.57
bw/so/no/no/m/786/il/U,bo/st/yes/no/d/855/il/A,0.51
bw/so/no/no/m/786/il/U,bw/st/no/yes/d/852/il/A,0.45
bw/so/no/no/m/786/il/U,bo/st/no/no/d/806/il/U,0.52
bw/so/no/no/m/786/il/U,bo/so/yes/no/m/839/il/A,0.57
bw/so/no/no/m/786/il/U,bw/st/yes/yes/d/801/il/U,0.43
bw/so/no/no/m/786/il/U,bo/so/yes/yes/m/837/il/A,0.52
bw/so/no/no/m/786/il/U,bo/st/no/yes/d/808/il/U,0.52
bw/so/no/no/m/786/il/U,bo/st/no/no/m/830/il/A,0.52
bw/so/no/no/m/786/il/U,bo/st/yes/yes/m/781/il/U,0.51
bw/so/no/no/m/786/il/U,bo/mu/yes/no/m/775/il/U,0.46
bw/so/no/no/m/786/il/U,bw/mu/no/yes/m/772/il/U,0.46
bw/so/no/no/m/786/il/U,bw/so/no/no/m/786/il/U,1.0
bw/so/no/no/m/786/il/U,bw/so/no/yes/m/788/il/U,0.74
bw/so/no/no/m/786/il/U,bo/so/yes/yes/m/789/il/U,0.52
bw/so/no/no/m/786/il/U,bw/so/yes/no/m/787/il/U,0.85
bw/so/no/no/m/786/il/U,bo/mu/yes/yes/m/773/il/U,0.46
bw/so/no/no/m/786/il/U,bo/mu/no/no/m/774/il/U,0.46
bw/so/no/no/m/786/il/U,bw/st/no/yes/m/780/il/U,0.45
bw/so/no/no/m/786/il/U,bw/mu/yes/yes/m/769/il/U,0.46
bw/so/no/no/m/786/il/U,bw/mu/yes/yes/d/793/il/U,0.46
bw/so/no/no/m/786/il/U,bw/mu/no/no/d/794/il/U,0.46
bw/so/no/no/m/786/il/U,bw/mu/yes/no/d/795/il/U,0.46
bw/so/no/no/m/786/il/U,bo/so/no/yes/m/792/il/U,0.34
bw/so/no/no/m/786/il/U,bw/so/no/yes/d/812/il/U,0.74
bw/so/no/no/m/786/il/U,bo/so/yes/no/d/815/il/U,0.57
bw/so/no/no/m/786/il/U,bo/mu/yes/no/m/823/il/A,0.46
bw/so/no/no/m/786/il/U,bo/mu/no/yes/m/824/il/A,0.46
bw/so/no/no/m/786/il/U,bo/mu/no/yes/d/848/il/A,0.46
bw/so/no/no/m/786/il/U,bw/mu/yes/yes/d/841/il/A,0.46
bw/so/no/no/m/786/il/U,bo/mu/no/no/d/846/il/A,0.46
bw/so/no/no/m/786/il/U,bw/st/yes/yes/m/825/il/A,0.43
bw/so/no/no/m/786/il/U,bo/mu/no/no/m/822/il/A,0.46
bw/so/no/no/m/786/il/U,bo/so/no/no/d/814/il/U,0.39
bw/so/no/no/m/786/il/U,bo/so/yes/yes/d/813/il/U,0.52
bw/so/no/no/m/786/il/U,bo/mu/yes/no/d/847/il/A,0.46
bw/so/no/no/m/786/il/U,bo/so/no/yes/m/840/il/A,0.34
bw/so/no/no/m/786/il/U,bw/st/yes/yes/d/849/il/A,0.43
bw/so/no/no/m/786/il/U,bw/so/yes/no/m/835/il/A,0.85
bw/so/no/no/m/786/il/U,bo/st/no/yes/m/832/il/A,0.52
bw/so/no/no/m/786/il/U,bw/st/no/yes/d/804/il/U,0.45
bw/so/no/no/m/786/il/U,bw/st/yes/no/d/803/il/U,0.32
bw/so/no/no/m/786/il/U,bw/so/yes/yes/d/857/il/A,0.69
bw/so/no/no/m/786/il/U,bw/st/no/no/d/850/il/A,0.32
bw/so/no/no/m/786/il/U,bw/so/yes/no/d/859/il/A,0.85
bw/so/no/no/m/786/il/U,bo/so/yes/yes/d/861/il/A,0.52
bw/so/no/no/m/786/il/U,bw/st/no/no/d/802/il/U,0.32
bw/so/no/no/m/786/il/U,bo/st/yes/yes/d/805/il/U,0.51
bw/so/no/no/m/786/il/U,bw/so/yes/yes/m/833/il/A,0.69
bw/so/no/no/m/786/il/U,bw/so/no/no/m/834/il/A,1.0
bw/so/no/no/m/786/il/U,bw/so/no/yes/d/860/il/A,0.74
bw/so/no/no/m/786/il/U,bw/so/no/no/d/858/il/A,1.0
bw/so/no/no/m/786/il/U,bw/st/yes/no/d/851/il/A,0.32
bw/so/no/no/m/786/il/U,bo/st/no/yes/d/856/il/A,0.52
bw/so/no/no/m/786/il/U,bw/mu/yes/no/m/771/il/U,0.46
bw/so/no/no/m/786/il/U,bw/so/yes/yes/m/785/il/U,0.69
bw/so/no/no/m/786/il/U,bo/st/no/no/m/782/il/U,0.52
bw/so/no/no/m/786/il/U,bo/mu/no/yes/m/776/il/U,0.46
bw/so/no/no/m/786/il/U,bw/st/no/no/m/778/il/U,0.32
bw/so/no/no/m/786/il/U,bw/st/yes/no/m/779/il/U,0.32
bw/so/no/no/m/786/il/U,bw/st/yes/yes/m/777/il/U,0.43
bw/so/no/no/m/786/il/U,bo/st/yes/no/m/783/il/U,0.51
bw/so/no/no/m/786/il/U,bo/st/no/yes/m/784/il/U,0.52
bw/so/no/no/m/786/il/U,bw/mu/no/no/m/770/il/U,0.46
bw/so/no/no/m/786/il/U,bo/mu/yes/no/d/799/il/U,0.46
bw/so/no/no/m/786/il/U,bo/mu/yes/yes/d/797/il/U,0.46
bw/so/no/no/m/786/il/U,bo/so/no/no/m/790/il/U,0.39
bw/so/no/no/m/786/il/U,bo/so/yes/no/m/791/il/U,0.57
bw/so/no/no/m/786/il/U,bw/mu/no/yes/d/796/il/U,0.46
bw/so/no/no/m/786/il/U,bo/mu/no/no/d/798/il/U,0.46
bw/so/no/no/m/786/il/U,bo/mu/yes/yes/d/845/il/A,0.46
bw/so/no/no/m/786/il/U,bw/mu/no/no/d/842/il/A,0.46
bw/so/no/no/m/786/il/U,bo/st/yes/yes/m/829/il/A,0.51
bw/so/no/no/m/786/il/U,bo/so/no/yes/d/816/il/U,0.34
bw/so/no/no/m/786/il/U,bw/so/yes/no/d/811/il/U,0.85
bw/so/no/no/m/786/il/U,bw/mu/no/no/m/818/il/A,0.46
bw/so/no/no/m/786/il/U,bw/st/yes/no/m/827/il/A,0.32
bw/so/no/no/m/786/il/U,bw/mu/no/yes/m/820/il/A,0.46
bw/so/no/no/m/786/il/U,bw/mu/yes/no/d/843/il/A,0.46
bw/so/no/no/m/786/il/U,bw/mu/no/yes/d/844/il/A,0.46
bw/so/no/no/m/786/il/U,bo/mu/yes/yes/m/821/il/A,0.46
bw/so/no/no/m/786/il/U,bw/mu/yes/no/m/819/il/A,0.46
bw/so/no/no/m/786/il/U,bw/st/no/no/m/826/il/A,0.32
bw/so/no/no/m/786/il/U,bw/so/no/no/d/810/il/U,1.0
bw/so/no/no/m/786/il/U,bw/st/no/yes/m/828/il/A,0.45
bw/so/no/no/m/786/il/U,bw/mu/yes/yes/m/817/il/A,0.46
bw/so/no/yes/m/788/il/U,bo/st/yes/yes/d/853/il/A,0.55
bw/so/no/yes/m/788/il/U,bo/st/no/no/d/854/il/A,0.56
bw/so/no/yes/m/788/il/U,bo/so/no/no/d/862/il/A,0.38
bw/so/no/yes/m/788/il/U,bo/st/yes/no/m/831/il/A,0.54
bw/so/no/yes/m/788/il/U,bw/so/no/yes/m/836/il/A,1.0
bw/so/no/yes/m/788/il/U,bw/so/yes/yes/d/809/il/U,0.86
bw/so/no/yes/m/788/il/U,bo/mu/no/yes/d/800/il/U,0.5
bw/so/no/yes/m/788/il/U,bo/st/yes/no/d/807/il/U,0.54
bw/so/no/yes/m/788/il/U,bo/so/no/no/m/838/il/A,0.38
bw/so/no/yes/m/788/il/U,bo/so/no/yes/d/864/il/A,0.4
bw/so/no/yes/m/788/il/U,bo/so/yes/no/d/863/il/A,0.53
bw/so/no/yes/m/788/il/U,bo/st/yes/no/d/855/il/A,0.54
bw/so/no/yes/m/788/il/U,bw/st/no/yes/d/852/il/A,0.47
bw/so/no/yes/m/788/il/U,bo/st/no/no/d/806/il/U,0.56
bw/so/no/yes/m/788/il/U,bo/so/yes/no/m/839/il/A,0.53
bw/so/no/yes/m/788/il/U,bw/st/yes/yes/d/801/il/U,0.45
bw/so/no/yes/m/788/il/U,bo/so/yes/yes/m/837/il/A,0.6
bw/so/no/yes/m/788/il/U,bo/st/no/yes/d/808/il/U,0.56
bw/so/no/yes/m/788/il/U,bo/st/no/no/m/830/il/A,0.56
bw/so/no/yes/m/788/il/U,bo/st/yes/yes/m/781/il/U,0.55
bw/so/no/yes/m/788/il/U,bo/mu/yes/no/m/775/il/U,0.49
bw/so/no/yes/m/788/il/U,bw/mu/no/yes/m/772/il/U,0.49
bw/so/no/yes/m/788/il/U,bw/so/no/no/m/786/il/U,0.74
bw/so/no/yes/m/788/il/U,bw/so/no/yes/m/788/il/U,1.0
bw/so/no/yes/m/788/il/U,bo/so/yes/yes/m/789/il/U,0.6
bw/so/no/yes/m/788/il/U,bw/so/yes/no/m/787/il/U,0.7
bw/so/no/yes/m/788/il/U,bo/mu/yes/yes/m/773/il/U,0.5
bw/so/no/yes/m/788/il/U,bo/mu/no/no/m/774/il/U,0.49
bw/so/no/yes/m/788/il/U,bw/st/no/yes/m/780/il/U,0.47
bw/so/no/yes/m/788/il/U,bw/mu/yes/yes/m/769/il/U,0.49
bw/so/no/yes/m/788/il/U,bw/mu/yes/yes/d/793/il/U,0.49
bw/so/no/yes/m/788/il/U,bw/mu/no/no/d/794/il/U,0.49
bw/so/no/yes/m/788/il/U,bw/mu/yes/no/d/795/il/U,0.49
bw/so/no/yes/m/788/il/U,bo/so/no/yes/m/792/il/U,0.4
bw/so/no/yes/m/788/il/U,bw/so/no/yes/d/812/il/U,1.0
bw/so/no/yes/m/788/il/U,bo/so/yes/no/d/815/il/U,0.53
bw/so/no/yes/m/788/il/U,bo/mu/yes/no/m/823/il/A,0.49
bw/so/no/yes/m/788/il/U,bo/mu/no/yes/m/824/il/A,0.5
bw/so/no/yes/m/788/il/U,bo/mu/no/yes/d/848/il/A,0.5
bw/so/no/yes/m/788/il/U,bw/mu/yes/yes/d/841/il/A,0.49
bw/so/no/yes/m/788/il/U,bo/mu/no/no/d/846/il/A,0.49
bw/so/no/yes/m/788/il/U,bw/st/yes/yes/m/825/il/A,0.45
bw/so/no/yes/m/788/il/U,bo/mu/no/no/m/822/il/A,0.49
bw/so/no/yes/m/788/il/U,bo/so/no/no/d/814/il/U,0.38
bw/so/no/yes/m/788/il/U,bo/so/yes/yes/d/813/il/U,0.6
bw/so/no/yes/m/788/il/U,bo/mu/yes/no/d/847/il/A,0.49
bw/so/no/yes/m/788/il/U,bo/so/no/yes/m/840/il/A,0.4
bw/so/no/yes/m/788/il/U,bw/st/yes/yes/d/849/il/A,0.45
bw/so/no/yes/m/788/il/U,bw/so/yes/no/m/835/il/A,0.7
bw/so/no/yes/m/788/il/U,bo/st/no/yes/m/832/il/A,0.56
bw/so/no/yes/m/788/il/U,bw/st/no/yes/d/804/il/U,0.47
bw/so/no/yes/m/788/il/U,bw/st/yes/no/d/803/il/U,0.32
bw/so/no/yes/m/788/il/U,bw/so/yes/yes/d/857/il/A,0.86
bw/so/no/yes/m/788/il/U,bw/st/no/no/d/850/il/A,0.32
bw/so/no/yes/m/788/il/U,bw/so/yes/no/d/859/il/A,0.7
bw/so/no/yes/m/788/il/U,bo/so/yes/yes/d/861/il/A,0.6
bw/so/no/yes/m/788/il/U,bw/st/no/no/d/802/il/U,0.32
bw/so/no/yes/m/788/il/U,bo/st/yes/yes/d/805/il/U,0.55
bw/so/no/yes/m/788/il/U,bw/so/yes/yes/m/833/il/A,0.86
bw/so/no/yes/m/788/il/U,bw/so/no/no/m/834/il/A,0.74
bw/so/no/yes/m/788/il/U,bw/so/no/yes/d/860/il/A,1.0
bw/so/no/yes/m/788/il/U,bw/so/no/no/d/858/il/A,0.74
bw/so/no/yes/m/788/il/U,bw/st/yes/no/d/851/il/A,0.32
bw/so/no/yes/m/788/il/U,bo/st/no/yes/d/856/il/A,0.56
bw/so/no/yes/m/788/il/U,bw/mu/yes/no/m/771/il/U,0.49
bw/so/no/yes/m/788/il/U,bw/so/yes/yes/m/785/il/U,0.86
bw/so/no/yes/m/788/il/U,bo/st/no/no/m/782/il/U,0.56
bw/so/no/yes/m/788/il/U,bo/mu/no/yes/m/776/il/U,0.5
bw/so/no/yes/m/788/il/U,bw/st/no/no/m/778/il/U,0.32
bw/so/no/yes/m/788/il/U,bw/st/yes/no/m/779/il/U,0.32
bw/so/no/yes/m/788/il/U,bw/st/yes/yes/m/777/il/U,0.45
bw/so/no/yes/m/788/il/U,bo/st/yes/no/m/783/il/U,0.54
bw/so/no/yes/m/788/il/U,bo/st/no/yes/m/784/il/U,0.56
bw/so/no/yes/m/788/il/U,bw/mu/no/no/m/770/il/U,0.49
bw/so/no/yes/m/788/il/U,bo/mu/yes/no/d/799/il/U,0.49
bw/so/no/yes/m/788/il/U,bo/mu/yes/yes/d/797/il/U,0.5
bw/so/no/yes/m/788/il/U,bo/so/no/no/m/790/il/U,0.38
bw/so/no/yes/m/788/il/U,bo/so/yes/no/m/791/il/U,0.53
bw/so/no/yes/m/788/il/U,bw/mu/no/yes/d/796/il/U,0.49
bw/so/no/yes/m/788/il/U,bo/mu/no/no/d/798/il/U,0.49
bw/so/no/yes/m/788/il/U,bo/mu/yes/yes/d/845/il/A,0.5
bw/so/no/yes/m/788/il/U,bw/mu/no/no/d/842/il/A,0.49
bw/so/no/yes/m/788/il/U,bo/st/yes/yes/m/829/il/A,0.55
bw/so/no/yes/m/788/il/U,bo/so/no/yes/d/816/il/U,0.4
bw/so/no/yes/m/788/il/U,bw/so/yes/no/d/811/il/U,0.7
bw/so/no/yes/m/788/il/U,bw/mu/no/no/m/818/il/A,0.49
bw/so/no/yes/m/788/il/U,bw/st/yes/no/m/827/il/A,0.32
bw/so/no/yes/m/788/il/U,bw/mu/no/yes/m/820/il/A,0.49
bw/so/no/yes/m/788/il/U,bw/mu/yes/no/d/843/il/A,0.49
bw/so/no/yes/m/788/il/U,bw/mu/no/yes/d/844/il/A,0.49
bw/so/no/yes/m/788/il/U,bo/mu/yes/yes/m/821/il/A,0.5
bw/so/no/yes/m/788/il/U,bw/mu/yes/no/m/819/il/A,0.49
bw/so/no/yes/m/788/il/U,bw/st/no/no/m/826/il/A,0.32
bw/so/no/yes/m/788/il/U,bw/so/no/no/d/810/il/U,0.74
bw/so/no/yes/m/788/il/U,bw/st/no/yes/m/828/il/A,0.47
bw/so/no/yes/m/788/il/U,bw/mu/yes/yes/m/817/il/A,0.49
bo/so/yes/yes/m/789/il/U,bo/st/yes/yes/d/853/il/A,0.65
bo/so/yes/yes/m/789/il/U,bo/st/no/no/d/854/il/A,0.65
bo/so/yes/yes/m/789/il/U,bo/so/no/no/d/862/il/A,0.53
bo/so/yes/yes/m/789/il/U,bo/st/yes/no/m/831/il/A,0.63
bo/so/yes/yes/m/789/il/U,bw/so/no/yes/m/836/il/A,0.6
bo/so/yes/yes/m/789/il/U,bw/so/yes/yes/d/809/il/U,0.6
bo/so/yes/yes/m/789/il/U,bo/mu/no/yes/d/800/il/U,0.59
bo/so/yes/yes/m/789/il/U,bo/st/yes/no/d/807/il/U,0.63
bo/so/yes/yes/m/789/il/U,bo/so/no/no/m/838/il/A,0.53
bo/so/yes/yes/m/789/il/U,bo/so/no/yes/d/864/il/A,0.59
bo/so/yes/yes/m/789/il/U,bo/so/yes/no/d/863/il/A,0.75
bo/so/yes/yes/m/789/il/U,bo/st/yes/no/d/855/il/A,0.63
bo/so/yes/yes/m/789/il/U,bw/st/no/yes/d/852/il/A,0.48
bo/so/yes/yes/m/789/il/U,bo/st/no/no/d/806/il/U,0.65
bo/so/yes/yes/m/789/il/U,bo/so/yes/no/m/839/il/A,0.75
bo/so/yes/yes/m/789/il/U,bw/st/yes/yes/d/801/il/U,0.46
bo/so/yes/yes/m/789/il/U,bo/so/yes/yes/m/837/il/A,1.0
bo/so/yes/yes/m/789/il/U,bo/st/no/yes/d/808/il/U,0.66
bo/so/yes/yes/m/789/il/U,bo/st/no/no/m/830/il/A,0.65
bo/so/yes/yes/m/789/il/U,bo/st/yes/yes/m/781/il/U,0.65
bo/so/yes/yes/m/789/il/U,bo/mu/yes/no/m/775/il/U,0.58
bo/so/yes/yes/m/789/il/U,bw/mu/no/yes/m/772/il/U,0.56
bo/so/yes/yes/m/789/il/U,bw/so/no/no/m/786/il/U,0.52
bo/so/yes/yes/m/789/il/U,bw/so/no/yes/m/788/il/U,0.6
bo/so/yes/yes/m/789/il/U,bo/so/yes/yes/m/789/il/U,1.0
bo/so/yes/yes/m/789/il/U,bw/so/yes/no/m/787/il/U,0.53
bo/so/yes/yes/m/789/il/U,bo/mu/yes/yes/m/773/il/U,0.59
bo/so/yes/yes/m/789/il/U,bo/mu/no/no/m/774/il/U,0.58
bo/so/yes/yes/m/789/il/U,bw/st/no/yes/m/780/il/U,0.48
bo/so/yes/yes/m/789/il/U,bw/mu/yes/yes/m/769/il/U,0.56
bo/so/yes/yes/m/789/il/U,bw/mu/yes/yes/d/793/il/U,0.56
bo/so/yes/yes/m/789/il/U,bw/mu/no/no/d/794/il/U,0.55
bo/so/yes/yes/m/789/il/U,bw/mu/yes/no/d/795/il/U,0.55
bo/so/yes/yes/m/789/il/U,bo/so/no/yes/m/792/il/U,0.59
bo/so/yes/yes/m/789/il/U,bw/so/no/yes/d/812/il/U,0.6
bo/so/yes/yes/m/789/il/U,bo/so/yes/no/d/815/il/U,0.75
bo/so/yes/yes/m/789/il/U,bo/mu/yes/no/m/823/il/A,0.58
bo/so/yes/yes/m/789/il/U,bo/mu/no/yes/m/824/il/A,0.59
bo/so/yes/yes/m/789/il/U,bo/mu/no/yes/d/848/il/A,0.59
bo/so/yes/yes/m/789/il/U,bw/mu/yes/yes/d/841/il/A,0.56
bo/so/yes/yes/m/789/il/U,bo/mu/no/no/d/846/il/A,0.58
bo/so/yes/yes/m/789/il/U,bw/st/yes/yes/m/825/il/A,0.46
bo/so/yes/yes/m/789/il/U,bo/mu/no/no/m/822/il/A,0.58
bo/so/yes/yes/m/789/il/U,bo/so/no/no/d/814/il/U,0.53
bo/so/yes/yes/m/789/il/U,bo/so/yes/yes/d/813/il/U,1.0
bo/so/yes/yes/m/789/il/U,bo/mu/yes/no/d/847/il/A,0.58
bo/so/yes/yes/m/789/il/U,bo/so/no/yes/m/840/il/A,0.59
bo/so/yes/yes/m/789/il/U,bw/st/yes/yes/d/849/il/A,0.46
bo/so/yes/yes/m/789/il/U,bw/so/yes/no/m/835/il/A,0.53
bo/so/yes/yes/m/789/il/U,bo/st/no/yes/m/832/il/A,0.66
bo/so/yes/yes/m/789/il/U,bw/st/no/yes/d/804/il/U,0.48
bo/so/yes/yes/m/789/il/U,bw/st/yes/no/d/803/il/U,0.31
bo/so/yes/yes/m/789/il/U,bw/so/yes/yes/d/857/il/A,0.6
bo/so/yes/yes/m/789/il/U,bw/st/no/no/d/850/il/A,0.32
bo/so/yes/yes/m/789/il/U,bw/so/yes/no/d/859/il/A,0.53
bo/so/yes/yes/m/789/il/U,bo/so/yes/yes/d/861/il/A,1.0
bo/so/yes/yes/m/789/il/U,bw/st/no/no/d/802/il/U,0.32
bo/so/yes/yes/m/789/il/U,bo/st/yes/yes/d/805/il/U,0.65
bo/so/yes/yes/m/789/il/U,bw/so/yes/yes/m/833/il/A,0.6
bo/so/yes/yes/m/789/il/U,bw/so/no/no/m/834/il/A,0.52
bo/so/yes/yes/m/789/il/U,bw/so/no/yes/d/860/il/A,0.6
bo/so/yes/yes/m/789/il/U,bw/so/no/no/d/858/il/A,0.52
bo/so/yes/yes/m/789/il/U,bw/st/yes/no/d/851/il/A,0.31
bo/so/yes/yes/m/789/il/U,bo/st/no/yes/d/856/il/A,0.66
bo/so/yes/yes/m/789/il/U,bw/mu/yes/no/m/771/il/U,0.55
bo/so/yes/yes/m/789/il/U,bw/so/yes/yes/m/785/il/U,0.6
bo/so/yes/yes/m/789/il/U,bo/st/no/no/m/782/il/U,0.65
bo/so/yes/yes/m/789/il/U,bo/mu/no/yes/m/776/il/U,0.59
bo/so/yes/yes/m/789/il/U,bw/st/no/no/m/778/il/U,0.32
bo/so/yes/yes/m/789/il/U,bw/st/yes/no/m/779/il/U,0.31
bo/so/yes/yes/m/789/il/U,bw/st/yes/yes/m/777/il/U,0.46
bo/so/yes/yes/m/789/il/U,bo/st/yes/no/m/783/il/U,0.63
bo/so/yes/yes/m/789/il/U,bo/st/no/yes/m/784/il/U,0.66
bo/so/yes/yes/m/789/il/U,bw/mu/no/no/m/770/il/U,0.55
bo/so/yes/yes/m/789/il/U,bo/mu/yes/no/d/799/il/U,0.58
bo/so/yes/yes/m/789/il/U,bo/mu/yes/yes/d/797/il/U,0.59
bo/so/yes/yes/m/789/il/U,bo/so/no/no/m/790/il/U,0.53
bo/so/yes/yes/m/789/il/U,bo/so/yes/no/m/791/il/U,0.75
bo/so/yes/yes/m/789/il/U,bw/mu/no/yes/d/796/il/U,0.56
bo/so/yes/yes/m/789/il/U,bo/mu/no/no/d/798/il/U,0.58
bo/so/yes/yes/m/789/il/U,bo/mu/yes/yes/d/845/il/A,0.59
bo/so/yes/yes/m/789/il/U,bw/mu/no/no/d/842/il/A,0.55
bo/so/yes/yes/m/789/il/U,bo/st/yes/yes/m/829/il/A,0.65
bo/so/yes/yes/m/789/il/U,bo/so/no/yes/d/816/il/U,0.59
bo/so/yes/yes/m/789/il/U,bw/so/yes/no/d/811/il/U,0.53
bo/so/yes/yes/m/789/il/U,bw/mu/no/no/m/818/il/A,0.55
bo/so/yes/yes/m/789/il/U,bw/st/yes/no/m/827/il/A,0.31
bo/so/yes/yes/m/789/il/U,bw/mu/no/yes/m/820/il/A,0.56
bo/so/yes/yes/m/789/il/U,bw/mu/yes/no/d/843/il/A,0.55
bo/so/yes/yes/m/789/il/U,bw/mu/no/yes/d/844/il/A,0.56
bo/so/yes/yes/m/789/il/U,bo/mu/yes/yes/m/821/il/A,0.59
bo/so/yes/yes/m/789/il/U,bw/mu/yes/no/m/819/il/A,0.55
bo/so/yes/yes/m/789/il/U,bw/st/no/no/m/826/il/A,0.32
bo/so/yes/yes/m/789/il/U,bw/so/no/no/d/810/il/U,0.52
bo/so/yes/yes/m/789/il/U,bw/st/no/yes/m/828/il/A,0.48
bo/so/yes/yes/m/789/il/U,bw/mu/yes/yes/m/817/il/A,0.56
bw/so/yes/no/m/787/il/U,bo/st/yes/yes/d/853/il/A,0.52
bw/so/yes/no/m/787/il/U,bo/st/no/no/d/854/il/A,0.52
bw/so/yes/no/m/787/il/U,bo/so/no/no/d/862/il/A,0.39
bw/so/yes/no/m/787/il/U,bo/st/yes/no/m/831/il/A,0.52
bw/so/yes/no/m/787/il/U,bw/so/no/yes/m/836/il/A,0.7
bw/so/yes/no/m/787/il/U,bw/so/yes/yes/d/809/il/U,0.74
bw/so/yes/no/m/787/il/U,bo/mu/no/yes/d/800/il/U,0.47
bw/so/yes/no/m/787/il/U,bo/st/yes/no/d/807/il/U,0.52
bw/so/yes/no/m/787/il/U,bo/so/no/no/m/838/il/A,0.39
bw/so/yes/no/m/787/il/U,bo/so/no/yes/d/864/il/A,0.35
bw/so/yes/no/m/787/il/U,bo/so/yes/no/d/863/il/A,0.59
bw/so/yes/no/m/787/il/U,bo/st/yes/no/d/855/il/A,0.52
bw/so/yes/no/m/787/il/U,bw/st/no/yes/d/852/il/A,0.45
bw/so/yes/no/m/787/il/U,bo/st/no/no/d/806/il/U,0.52
bw/so/yes/no/m/787/il/U,bo/so/yes/no/m/839/il/A,0.59
bw/so/yes/no/m/787/il/U,bw/st/yes/yes/d/801/il/U,0.44
bw/so/yes/no/m/787/il/U,bo/so/yes/yes/m/837/il/A,0.53
bw/so/yes/no/m/787/il/U,bo/st/no/yes/d/808/il/U,0.53
bw/so/yes/no/m/787/il/U,bo/st/no/no/m/830/il/A,0.52
bw/so/yes/no/m/787/il/U,bo/st/yes/yes/m/781/il/U,0.52
bw/so/yes/no/m/787/il/U,bo/mu/yes/no/m/775/il/U,0.47
bw/so/yes/no/m/787/il/U,bw/mu/no/yes/m/772/il/U,0.47
bw/so/yes/no/m/787/il/U,bw/so/no/no/m/786/il/U,0.85
bw/so/yes/no/m/787/il/U,bw/so/no/yes/m/788/il/U,0.7
bw/so/yes/no/m/787/il/U,bo/so/yes/yes/m/789/il/U,0.53
bw/so/yes/no/m/787/il/U,bw/so/yes/no/m/787/il/U,1.0
bw/so/yes/no/m/787/il/U,bo/mu/yes/yes/m/773/il/U,0.47
bw/so/yes/no/m/787/il/U,bo/mu/no/no/m/774/il/U,0.46
bw/so/yes/no/m/787/il/U,bw/st/no/yes/m/780/il/U,0.45
bw/so/yes/no/m/787/il/U,bw/mu/yes/yes/m/769/il/U,0.47
bw/so/yes/no/m/787/il/U,bw/mu/yes/yes/d/793/il/U,0.47
bw/so/yes/no/m/787/il/U,bw/mu/no/no/d/794/il/U,0.46
bw/so/yes/no/m/787/il/U,bw/mu/yes/no/d/795/il/U,0.46
bw/so/yes/no/m/787/il/U,bo/so/no/yes/m/792/il/U,0.35
bw/so/yes/no/m/787/il/U,bw/so/no/yes/d/812/il/U,0.7
bw/so/yes/no/m/787/il/U,bo/so/yes/no/d/815/il/U,0.59
bw/so/yes/no/m/787/il/U,bo/mu/yes/no/m/823/il/A,0.47
bw/so/yes/no/m/787/il/U,bo/mu/no/yes/m/824/il/A,0.47
bw/so/yes/no/m/787/il/U,bo/mu/no/yes/d/848/il/A,0.47
bw/so/yes/no/m/787/il/U,bw/mu/yes/yes/d/841/il/A,0.47
bw/so/yes/no/m/787/il/U,bo/mu/no/no/d/846/il/A,0.46
bw/so/yes/no/m/787/il/U,bw/st/yes/yes/m/825/il/A,0.44
bw/so/yes/no/m/787/il/U,bo/mu/no/no/m/822/il/A,0.46
bw/so/yes/no/m/787/il/U,bo/so/no/no/d/814/il/U,0.39
bw/so/yes/no/m/787/il/U,bo/so/yes/yes/d/813/il/U,0.53
bw/so/yes/no/m/787/il/U,bo/mu/yes/no/d/847/il/A,0.47
bw/so/yes/no/m/787/il/U,bo/so/no/yes/m/840/il/A,0.35
bw/so/yes/no/m/787/il/U,bw/st/yes/yes/d/849/il/A,0.44
bw/so/yes/no/m/787/il/U,bw/so/yes/no/m/835/il/A,1.0
bw/so/yes/no/m/787/il/U,bo/st/no/yes/m/832/il/A,0.53
bw/so/yes/no/m/787/il/U,bw/st/no/yes/d/804/il/U,0.45
bw/so/yes/no/m/787/il/U,bw/st/yes/no/d/803/il/U,0.32
bw/so/yes/no/m/787/il/U,bw/so/yes/yes/d/857/il/A,0.74
bw/so/yes/no/m/787/il/U,bw/st/no/no/d/850/il/A,0.32
bw/so/yes/no/m/787/il/U,bw/so/yes/no/d/859/il/A,1.0
bw/so/yes/no/m/787/il/U,bo/so/yes/yes/d/861/il/A,0.53
bw/so/yes/no/m/787/il/U,bw/st/no/no/d/802/il/U,0.32
bw/so/yes/no/m/787/il/U,bo/st/yes/yes/d/805/il/U,0.52
bw/so/yes/no/m/787/il/U,bw/so/yes/yes/m/833/il/A,0.74
bw/so/yes/no/m/787/il/U,bw/so/no/no/m/834/il/A,0.85
bw/so/yes/no/m/787/il/U,bw/so/no/yes/d/860/il/A,0.7
bw/so/yes/no/m/787/il/U,bw/so/no/no/d/858/il/A,0.85
bw/so/yes/no/m/787/il/U,bw/st/yes/no/d/851/il/A,0.32
bw/so/yes/no/m/787/il/U,bo/st/no/yes/d/856/il/A,0.53
bw/so/yes/no/m/787/il/U,bw/mu/yes/no/m/771/il/U,0.46
bw/so/yes/no/m/787/il/U,bw/so/yes/yes/m/785/il/U,0.74
bw/so/yes/no/m/787/il/U,bo/st/no/no/m/782/il/U,0.52
bw/so/yes/no/m/787/il/U,bo/mu/no/yes/m/776/il/U,0.47
bw/so/yes/no/m/787/il/U,bw/st/no/no/m/778/il/U,0.32
bw/so/yes/no/m/787/il/U,bw/st/yes/no/m/779/il/U,0.32
bw/so/yes/no/m/787/il/U,bw/st/yes/yes/m/777/il/U,0.44
bw/so/yes/no/m/787/il/U,bo/st/yes/no/m/783/il/U,0.52
bw/so/yes/no/m/787/il/U,bo/st/no/yes/m/784/il/U,0.53
bw/so/yes/no/m/787/il/U,bw/mu/no/no/m/770/il/U,0.46
bw/so/yes/no/m/787/il/U,bo/mu/yes/no/d/799/il/U,0.47
bw/so/yes/no/m/787/il/U,bo/mu/yes/yes/d/797/il/U,0.47
bw/so/yes/no/m/787/il/U,bo/so/no/no/m/790/il/U,0.39
bw/so/yes/no/m/787/il/U,bo/so/yes/no/m/791/il/U,0.59
bw/so/yes/no/m/787/il/U,bw/mu/no/yes/d/796/il/U,0.47
bw/so/yes/no/m/787/il/U,bo/mu/no/no/d/798/il/U,0.46
bw/so/yes/no/m/787/il/U,bo/mu/yes/yes/d/845/il/A,0.47
bw/so/yes/no/m/787/il/U,bw/mu/no/no/d/842/il/A,0.46
bw/so/yes/no/m/787/il/U,bo/st/yes/yes/m/829/il/A,0.52
bw/so/yes/no/m/787/il/U,bo/so/no/yes/d/816/il/U,0.35
bw/so/yes/no/m/787/il/U,bw/so/yes/no/d/811/il/U,1.0
bw/so/yes/no/m/787/il/U,bw/mu/no/no/m/818/il/A,0.46
bw/so/yes/no/m/787/il/U,bw/st/yes/no/m/827/il/A,0.32
bw/so/yes/no/m/787/il/U,bw/mu/no/yes/m/820/il/A,0.47
bw/so/yes/no/m/787/il/U,bw/mu/yes/no/d/843/il/A,0.46
bw/so/yes/no/m/787/il/U,bw/mu/no/yes/d/844/il/A,0.47
bw/so/yes/no/m/787/il/U,bo/mu/yes/yes/m/821/il/A,0.47
bw/so/yes/no/m/787/il/U,bw/mu/yes/no/m/819/il/A,0.46
bw/so/yes/no/m/787/il/U,bw/st/no/no/m/826/il/A,0.32
bw/so/yes/no/m/787/il/U,bw/so/no/no/d/810/il/U,0.85
bw/so/yes/no/m/787/il/U,bw/st/no/yes/m/828/il/A,0.45
bw/so/yes/no/m/787/il/U,bw/mu/yes/yes/m/817/il/A,0.47
bo/mu/yes/yes/m/773/il/U,bo/st/yes/yes/d/853/il/A,0.71
bo/mu/yes/yes/m/773/il/U,bo/st/no/no/d/854/il/A,0.69
bo/mu/yes/yes/m/773/il/U,bo/so/no/no/d/862/il/A,0.41
bo/mu/yes/yes/m/773/il/U,bo/st/yes/no/m/831/il/A,0.69
bo/mu/yes/yes/m/773/il/U,bw/so/no/yes/m/836/il/A,0.5
bo/mu/yes/yes/m/773/il/U,bw/so/yes/yes/d/809/il/U,0.49
bo/mu/yes/yes/m/773/il/U,bo/mu/no/yes/d/800/il/U,0.96
bo/mu/yes/yes/m/773/il/U,bo/st/yes/no/d/807/il/U,0.69
bo/mu/yes/yes/m/773/il/U,bo/so/no/no/m/838/il/A,0.41
bo/mu/yes/yes/m/773/il/U,bo/so/no/yes/d/864/il/A,0.42
bo/mu/yes/yes/m/773/il/U,bo/so/yes/no/d/863/il/A,0.53
bo/mu/yes/yes/m/773/il/U,bo/st/yes/no/d/855/il/A,0.69
bo/mu/yes/yes/m/773/il/U,bw/st/no/yes/d/852/il/A,0.63
bo/mu/yes/yes/m/773/il/U,bo/st/no/no/d/806/il/U,0.69
bo/mu/yes/yes/m/773/il/U,bo/so/yes/no/m/839/il/A,0.53
bo/mu/yes/yes/m/773/il/U,bw/st/yes/yes/d/801/il/U,0.6
bo/mu/yes/yes/m/773/il/U,bo/so/yes/yes/m/837/il/A,0.59
bo/mu/yes/yes/m/773/il/U,bo/st/no/yes/d/808/il/U,0.71
bo/mu/yes/yes/m/773/il/U,bo/st/no/no/m/830/il/A,0.69
bo/mu/yes/yes/m/773/il/U,bo/st/yes/yes/m/781/il/U,0.71
bo/mu/yes/yes/m/773/il/U,bo/mu/yes/no/m/775/il/U,0.95
bo/mu/yes/yes/m/773/il/U,bw/mu/no/yes/m/772/il/U,0.9
bo/mu/yes/yes/m/773/il/U,bw/so/no/no/m/786/il/U,0.46
bo/mu/yes/yes/m/773/il/U,bw/so/no/yes/m/788/il/U,0.5
bo/mu/yes/yes/m/773/il/U,bo/so/yes/yes/m/789/il/U,0.59
bo/mu/yes/yes/m/773/il/U,bw/so/yes/no/m/787/il/U,0.47
bo/mu/yes/yes/m/773/il/U,bo/mu/yes/yes/m/773/il/U,1.0
bo/mu/yes/yes/m/773/il/U,bo/mu/no/no/m/774/il/U,0.93
bo/mu/yes/yes/m/773/il/U,bw/st/no/yes/m/780/il/U,0.63
bo/mu/yes/yes/m/773/il/U,bw/mu/yes/yes/m/769/il/U,0.91
bo/mu/yes/yes/m/773/il/U,bw/mu/yes/yes/d/793/il/U,0.91
bo/mu/yes/yes/m/773/il/U,bw/mu/no/no/d/794/il/U,0.88
bo/mu/yes/yes/m/773/il/U,bw/mu/yes/no/d/795/il/U,0.88
bo/mu/yes/yes/m/773/il/U,bo/so/no/yes/m/792/il/U,0.42
bo/mu/yes/yes/m/773/il/U,bw/so/no/yes/d/812/il/U,0.5
bo/mu/yes/yes/m/773/il/U,bo/so/yes/no/d/815/il/U,0.53
bo/mu/yes/yes/m/773/il/U,bo/mu/yes/no/m/823/il/A,0.95
bo/mu/yes/yes/m/773/il/U,bo/mu/no/yes/m/824/il/A,0.96
bo/mu/yes/yes/m/773/il/U,bo/mu/no/yes/d/848/il/A,0.96
bo/mu/yes/yes/m/773/il/U,bw/mu/yes/yes/d/841/il/A,0.91
bo/mu/yes/yes/m/773/il/U,bo/mu/no/no/d/846/il/A,0.93
bo/mu/yes/yes/m/773/il/U,bw/st/yes/yes/m/825/il/A,0.6
bo/mu/yes/yes/m/773/il/U,bo/mu/no/no/m/822/il/A,0.93
bo/mu/yes/yes/m/773/il/U,bo/so/no/no/d/814/il/U,0.41
bo/mu/yes/yes/m/773/il/U,bo/so/yes/yes/d/813/il/U,0.59
bo/mu/yes/yes/m/773/il/U,bo/mu/yes/no/d/847/il/A,0.95
bo/mu/yes/yes/m/773/il/U,bo/so/no/yes/m/840/il/A,0.42
bo/mu/yes/yes/m/773/il/U,bw/st/yes/yes/d/849/il/A,0.6
bo/mu/yes/yes/m/773/il/U,bw/so/yes/no/m/835/il/A,0.47
bo/mu/yes/yes/m/773/il/U,bo/st/no/yes/m/832/il/A,0.71
bo/mu/yes/yes/m/773/il/U,bw/st/no/yes/d/804/il/U,0.63
bo/mu/yes/yes/m/773/il/U,bw/st/yes/no/d/803/il/U,0.4
bo/mu/yes/yes/m/773/il/U,bw/so/yes/yes/d/857/il/A,0.49
bo/mu/yes/yes/m/773/il/U,bw/st/no/no/d/850/il/A,0.4
bo/mu/yes/yes/m/773/il/U,bw/so/yes/no/d/859/il/A,0.47
bo/mu/yes/yes/m/773/il/U,bo/so/yes/yes/d/861/il/A,0.59
bo/mu/yes/yes/m/773/il/U,bw/st/no/no/d/802/il/U,0.4
bo/mu/yes/yes/m/773/il/U,bo/st/yes/yes/d/805/il/U,0.71
bo/mu/yes/yes/m/773/il/U,bw/so/yes/yes/m/833/il/A,0.49
bo/mu/yes/yes/m/773/il/U,bw/so/no/no/m/834/il/A,0.46
bo/mu/yes/yes/m/773/il/U,bw/so/no/yes/d/860/il/A,0.5
bo/mu/yes/yes/m/773/il/U,bw/so/no/no/d/858/il/A,0.46
bo/mu/yes/yes/m/773/il/U,bw/st/yes/no/d/851/il/A,0.4
bo/mu/yes/yes/m/773/il/U,bo/st/no/yes/d/856/il/A,0.71
bo/mu/yes/yes/m/773/il/U,bw/mu/yes/no/m/771/il/U,0.88
bo/mu/yes/yes/m/773/il/U,bw/so/yes/yes/m/785/il/U,0.49
bo/mu/yes/yes/m/773/il/U,bo/st/no/no/m/782/il/U,0.69
bo/mu/yes/yes/m/773/il/U,bo/mu/no/yes/m/776/il/U,0.96
bo/mu/yes/yes/m/773/il/U,bw/st/no/no/m/778/il/U,0.4
bo/mu/yes/yes/m/773/il/U,bw/st/yes/no/m/779/il/U,0.4
bo/mu/yes/yes/m/773/il/U,bw/st/yes/yes/m/777/il/U,0.6
bo/mu/yes/yes/m/773/il/U,bo/st/yes/no/m/783/il/U,0.69
bo/mu/yes/yes/m/773/il/U,bo/st/no/yes/m/784/il/U,0.71
bo/mu/yes/yes/m/773/il/U,bw/mu/no/no/m/770/il/U,0.88
bo/mu/yes/yes/m/773/il/U,bo/mu/yes/no/d/799/il/U,0.95
bo/mu/yes/yes/m/773/il/U,bo/mu/yes/yes/d/797/il/U,1.0
bo/mu/yes/yes/m/773/il/U,bo/so/no/no/m/790/il/U,0.41
bo/mu/yes/yes/m/773/il/U,bo/so/yes/no/m/791/il/U,0.53
bo/mu/yes/yes/m/773/il/U,bw/mu/no/yes/d/796/il/U,0.9
bo/mu/yes/yes/m/773/il/U,bo/mu/no/no/d/798/il/U,0.93
bo/mu/yes/yes/m/773/il/U,bo/mu/yes/yes/d/845/il/A,1.0
bo/mu/yes/yes/m/773/il/U,bw/mu/no/no/d/842/il/A,0.88
bo/mu/yes/yes/m/773/il/U,bo/st/yes/yes/m/829/il/A,0.71
bo/mu/yes/yes/m/773/il/U,bo/so/no/yes/d/816/il/U,0.42
bo/mu/yes/yes/m/773/il/U,bw/so/yes/no/d/811/il/U,0.47
bo/mu/yes/yes/m/773/il/U,bw/mu/no/no/m/818/il/A,0.88
bo/mu/yes/yes/m/773/il/U,bw/st/yes/no/m/827/il/A,0.4
bo/mu/yes/yes/m/773/il/U,bw/mu/no/yes/m/820/il/A,0.9
bo/mu/yes/yes/m/773/il/U,bw/mu/yes/no/d/843/il/A,0.88
bo/mu/yes/yes/m/773/il/U,bw/mu/no/yes/d/844/il/A,0.9
bo/mu/yes/yes/m/773/il/U,bo/mu/yes/yes/m/821/il/A,1.0
bo/mu/yes/yes/m/773/il/U,bw/mu/yes/no/m/819/il/A,0.88
bo/mu/yes/yes/m/773/il/U,bw/st/no/no/m/826/il/A,0.4
bo/mu/yes/yes/m/773/il/U,bw/so/no/no/d/810/il/U,0.46
bo/mu/yes/yes/m/773/il/U,bw/st/no/yes/m/828/il/A,0.63
bo/mu/yes/yes/m/773/il/U,bw/mu/yes/yes/m/817/il/A,0.91
bo/mu/no/no/m/774/il/U,bo/st/yes/yes/d/853/il/A,0.7
bo/mu/no/no/m/774/il/U,bo/st/no/no/d/854/il/A,0.68
bo/mu/no/no/m/774/il/U,bo/so/no/no/d/862/il/A,0.41
bo/mu/no/no/m/774/il/U,bo/st/yes/no/m/831/il/A,0.68
bo/mu/no/no/m/774/il/U,bw/so/no/yes/m/836/il/A,0.49
bo/mu/no/no/m/774/il/U,bw/so/yes/yes/d/809/il/U,0.48
bo/mu/no/no/m/774/il/U,bo/mu/no/yes/d/800/il/U,0.95
bo/mu/no/no/m/774/il/U,bo/st/yes/no/d/807/il/U,0.68
bo/mu/no/no/m/774/il/U,bo/so/no/no/m/838/il/A,0.41
bo/mu/no/no/m/774/il/U,bo/so/no/yes/d/864/il/A,0.42
bo/mu/no/no/m/774/il/U,bo/so/yes/no/d/863/il/A,0.53
bo/mu/no/no/m/774/il/U,bo/st/yes/no/d/855/il/A,0.68
bo/mu/no/no/m/774/il/U,bw/st/no/yes/d/852/il/A,0.61
bo/mu/no/no/m/774/il/U,bo/st/no/no/d/806/il/U,0.68
bo/mu/no/no/m/774/il/U,bo/so/yes/no/m/839/il/A,0.53
bo/mu/no/no/m/774/il/U,bw/st/yes/yes/d/801/il/U,0.58
bo/mu/no/no/m/774/il/U,bo/so/yes/yes/m/837/il/A,0.58
bo/mu/no/no/m/774/il/U,bo/st/no/yes/d/808/il/U,0.71
bo/mu/no/no/m/774/il/U,bo/st/no/no/m/830/il/A,0.68
bo/mu/no/no/m/774/il/U,bo/st/yes/yes/m/781/il/U,0.7
bo/mu/no/no/m/774/il/U,bo/mu/yes/no/m/775/il/U,0.96
bo/mu/no/no/m/774/il/U,bw/mu/no/yes/m/772/il/U,0.88
bo/mu/no/no/m/774/il/U,bw/so/no/no/m/786/il/U,0.46
bo/mu/no/no/m/774/il/U,bw/so/no/yes/m/788/il/U,0.49
bo/mu/no/no/m/774/il/U,bo/so/yes/yes/m/789/il/U,0.58
bo/mu/no/no/m/774/il/U,bw/so/yes/no/m/787/il/U,0.46
bo/mu/no/no/m/774/il/U,bo/mu/yes/yes/m/773/il/U,0.93
bo/mu/no/no/m/774/il/U,bo/mu/no/no/m/774/il/U,1.0
bo/mu/no/no/m/774/il/U,bw/st/no/yes/m/780/il/U,0.61
bo/mu/no/no/m/774/il/U,bw/mu/yes/yes/m/769/il/U,0.88
bo/mu/no/no/m/774/il/U,bw/mu/yes/yes/d/793/il/U,0.88
bo/mu/no/no/m/774/il/U,bw/mu/no/no/d/794/il/U,0.89
bo/mu/no/no/m/774/il/U,bw/mu/yes/no/d/795/il/U,0.89
bo/mu/no/no/m/774/il/U,bo/so/no/yes/m/792/il/U,0.42
bo/mu/no/no/m/774/il/U,bw/so/no/yes/d/812/il/U,0.49
bo/mu/no/no/m/774/il/U,bo/so/yes/no/d/815/il/U,0.53
bo/mu/no/no/m/774/il/U,bo/mu/yes/no/m/823/il/A,0.96
bo/mu/no/no/m/774/il/U,bo/mu/no/yes/m/824/il/A,0.95
bo/mu/no/no/m/774/il/U,bo/mu/no/yes/d/848/il/A,0.95
bo/mu/no/no/m/774/il/U,bw/mu/yes/yes/d/841/il/A,0.88
bo/mu/no/no/m/774/il/U,bo/mu/no/no/d/846/il/A,1.0
bo/mu/no/no/m/774/il/U,bw/st/yes/yes/m/825/il/A,0.58
bo/mu/no/no/m/774/il/U,bo/mu/no/no/m/822/il/A,1.0
bo/mu/no/no/m/774/il/U,bo/so/no/no/d/814/il/U,0.41
bo/mu/no/no/m/774/il/U,bo/so/yes/yes/d/813/il/U,0.58
bo/mu/no/no/m/774/il/U,bo/mu/yes/no/d/847/il/A,0.96
bo/mu/no/no/m/774/il/U,bo/so/no/yes/m/840/il/A,0.42
bo/mu/no/no/m/774/il/U,bw/st/yes/yes/d/849/il/A,0.58
bo/mu/no/no/m/774/il/U,bw/so/yes/no/m/835/il/A,0.46
bo/mu/no/no/m/774/il/U,bo/st/no/yes/m/832/il/A,0.71
bo/mu/no/no/m/774/il/U,bw/st/no/yes/d/804/il/U,0.61
bo/mu/no/no/m/774/il/U,bw/st/yes/no/d/803/il/U,0.39
bo/mu/no/no/m/774/il/U,bw/so/yes/yes/d/857/il/A,0.48
bo/mu/no/no/m/774/il/U,bw/st/no/no/d/850/il/A,0.39
bo/mu/no/no/m/774/il/U,bw/so/yes/no/d/859/il/A,0.46
bo/mu/no/no/m/774/il/U,bo/so/yes/yes/d/861/il/A,0.58
bo/mu/no/no/m/774/il/U,bw/st/no/no/d/802/il/U,0.39
bo/mu/no/no/m/774/il/U,bo/st/yes/yes/d/805/il/U,0.7
bo/mu/no/no/m/774/il/U,bw/so/yes/yes/m/833/il/A,0.48
bo/mu/no/no/m/774/il/U,bw/so/no/no/m/834/il/A,0.46
bo/mu/no/no/m/774/il/U,bw/so/no/yes/d/860/il/A,0.49
bo/mu/no/no/m/774/il/U,bw/so/no/no/d/858/il/A,0.46
bo/mu/no/no/m/774/il/U,bw/st/yes/no/d/851/il/A,0.39
bo/mu/no/no/m/774/il/U,bo/st/no/yes/d/856/il/A,0.71
bo/mu/no/no/m/774/il/U,bw/mu/yes/no/m/771/il/U,0.89
bo/mu/no/no/m/774/il/U,bw/so/yes/yes/m/785/il/U,0.48
bo/mu/no/no/m/774/il/U,bo/st/no/no/m/782/il/U,0.68
bo/mu/no/no/m/774/il/U,bo/mu/no/yes/m/776/il/U,0.95
bo/mu/no/no/m/774/il/U,bw/st/no/no/m/778/il/U,0.39
bo/mu/no/no/m/774/il/U,bw/st/yes/no/m/779/il/U,0.39
bo/mu/no/no/m/774/il/U,bw/st/yes/yes/m/777/il/U,0.58
bo/mu/no/no/m/774/il/U,bo/st/yes/no/m/783/il/U,0.68
bo/mu/no/no/m/774/il/U,bo/st/no/yes/m/784/il/U,0.71
bo/mu/no/no/m/774/il/U,bw/mu/no/no/m/770/il/U,0.89
bo/mu/no/no/m/774/il/U,bo/mu/yes/no/d/799/il/U,0.96
bo/mu/no/no/m/774/il/U,bo/mu/yes/yes/d/797/il/U,0.93
bo/mu/no/no/m/774/il/U,bo/so/no/no/m/790/il/U,0.41
bo/mu/no/no/m/774/il/U,bo/so/yes/no/m/791/il/U,0.53
bo/mu/no/no/m/774/il/U,bw/mu/no/yes/d/796/il/U,0.88
bo/mu/no/no/m/774/il/U,bo/mu/no/no/d/798/il/U,1.0
bo/mu/no/no/m/774/il/U,bo/mu/yes/yes/d/845/il/A,0.93
bo/mu/no/no/m/774/il/U,bw/mu/no/no/d/842/il/A,0.89
bo/mu/no/no/m/774/il/U,bo/st/yes/yes/m/829/il/A,0.7
bo/mu/no/no/m/774/il/U,bo/so/no/yes/d/816/il/U,0.42
bo/mu/no/no/m/774/il/U,bw/so/yes/no/d/811/il/U,0.46
bo/mu/no/no/m/774/il/U,bw/mu/no/no/m/818/il/A,0.89
bo/mu/no/no/m/774/il/U,bw/st/yes/no/m/827/il/A,0.39
bo/mu/no/no/m/774/il/U,bw/mu/no/yes/m/820/il/A,0.88
bo/mu/no/no/m/774/il/U,bw/mu/yes/no/d/843/il/A,0.89
bo/mu/no/no/m/774/il/U,bw/mu/no/yes/d/844/il/A,0.88
bo/mu/no/no/m/774/il/U,bo/mu/yes/yes/m/821/il/A,0.93
bo/mu/no/no/m/774/il/U,bw/mu/yes/no/m/819/il/A,0.89
bo/mu/no/no/m/774/il/U,bw/st/no/no/m/826/il/A,0.39
bo/mu/no/no/m/774/il/U,bw/so/no/no/d/810/il/U,0.46
bo/mu/no/no/m/774/il/U,bw/st/no/yes/m/828/il/A,0.61
bo/mu/no/no/m/774/il/U,bw/mu/yes/yes/m/817/il/A,0.88
bw/st/no/yes/m/780/il/U,bo/st/yes/yes/d/853/il/A,0.61
bw/st/no/yes/m/780/il/U,bo/st/no/no/d/854/il/A,0.59
bw/st/no/yes/m/780/il/U,bo/so/no/no/d/862/il/A,0.33
bw/st/no/yes/m/780/il/U,bo/st/yes/no/m/831/il/A,0.61
bw/st/no/yes/m/780/il/U,bw/so/no/yes/m/836/il/A,0.47
bw/st/no/yes/m/780/il/U,bw/so/yes/yes/d/809/il/U,0.47
bw/st/no/yes/m/780/il/U,bo/mu/no/yes/d/800/il/U,0.62
bw/st/no/yes/m/780/il/U,bo/st/yes/no/d/807/il/U,0.61
bw/st/no/yes/m/780/il/U,bo/so/no/no/m/838/il/A,0.33
bw/st/no/yes/m/780/il/U,bo/so/no/yes/d/864/il/A,0.32
bw/st/no/yes/m/780/il/U,bo/so/yes/no/d/863/il/A,0.46
bw/st/no/yes/m/780/il/U,bo/st/yes/no/d/855/il/A,0.61
bw/st/no/yes/m/780/il/U,bw/st/no/yes/d/852/il/A,1.0
bw/st/no/yes/m/780/il/U,bo/st/no/no/d/806/il/U,0.59
bw/st/no/yes/m/780/il/U,bo/so/yes/no/m/839/il/A,0.46
bw/st/no/yes/m/780/il/U,bw/st/yes/yes/d/801/il/U,0.9
bw/st/no/yes/m/780/il/U,bo/so/yes/yes/m/837/il/A,0.48
bw/st/no/yes/m/780/il/U,bo/st/no/yes/d/808/il/U,0.59
bw/st/no/yes/m/780/il/U,bo/st/no/no/m/830/il/A,0.59
bw/st/no/yes/m/780/il/U,bo/st/yes/yes/m/781/il/U,0.61
bw/st/no/yes/m/780/il/U,bo/mu/yes/no/m/775/il/U,0.62
bw/st/no/yes/m/780/il/U,bw/mu/no/yes/m/772/il/U,0.65
bw/st/no/yes/m/780/il/U,bw/so/no/no/m/786/il/U,0.45
bw/st/no/yes/m/780/il/U,bw/so/no/yes/m/788/il/U,0.47
bw/st/no/yes/m/780/il/U,bo/so/yes/yes/m/789/il/U,0.48
bw/st/no/yes/m/780/il/U,bw/so/yes/no/m/787/il/U,0.45
bw/st/no/yes/m/780/il/U,bo/mu/yes/yes/m/773/il/U,0.63
bw/st/no/yes/m/780/il/U,bo/mu/no/no/m/774/il/U,0.61
bw/st/no/yes/m/780/il/U,bw/st/no/yes/m/780/il/U,1.0
bw/st/no/yes/m/780/il/U,bw/mu/yes/yes/m/769/il/U,0.65
bw/st/no/yes/m/780/il/U,bw/mu/yes/yes/d/793/il/U,0.65
bw/st/no/yes/m/780/il/U,bw/mu/no/no/d/794/il/U,0.64
bw/st/no/yes/m/780/il/U,bw/mu/yes/no/d/795/il/U,0.64
bw/st/no/yes/m/780/il/U,bo/so/no/yes/m/792/il/U,0.32
bw/st/no/yes/m/780/il/U,bw/so/no/yes/d/812/il/U,0.47
bw/st/no/yes/m/780/il/U,bo/so/yes/no/d/815/il/U,0.46
bw/st/no/yes/m/780/il/U,bo/mu/yes/no/m/823/il/A,0.62
bw/st/no/yes/m/780/il/U,bo/mu/no/yes/m/824/il/A,0.62
bw/st/no/yes/m/780/il/U,bo/mu/no/yes/d/848/il/A,0.62
bw/st/no/yes/m/780/il/U,bw/mu/yes/yes/d/841/il/A,0.65
bw/st/no/yes/m/780/il/U,bo/mu/no/no/d/846/il/A,0.61
bw/st/no/yes/m/780/il/U,bw/st/yes/yes/m/825/il/A,0.9
bw/st/no/yes/m/780/il/U,bo/mu/no/no/m/822/il/A,0.61
bw/st/no/yes/m/780/il/U,bo/so/no/no/d/814/il/U,0.33
bw/st/no/yes/m/780/il/U,bo/so/yes/yes/d/813/il/U,0.48
bw/st/no/yes/m/780/il/U,bo/mu/yes/no/d/847/il/A,0.62
bw/st/no/yes/m/780/il/U,bo/so/no/yes/m/840/il/A,0.32
bw/st/no/yes/m/780/il/U,bw/st/yes/yes/d/849/il/A,0.9
bw/st/no/yes/m/780/il/U,bw/so/yes/no/m/835/il/A,0.45
bw/st/no/yes/m/780/il/U,bo/st/no/yes/m/832/il/A,0.59
bw/st/no/yes/m/780/il/U,bw/st/no/yes/d/804/il/U,1.0
bw/st/no/yes/m/780/il/U,bw/st/yes/no/d/803/il/U,0.6
bw/st/no/yes/m/780/il/U,bw/so/yes/yes/d/857/il/A,0.47
bw/st/no/yes/m/780/il/U,bw/st/no/no/d/850/il/A,0.63
bw/st/no/yes/m/780/il/U,bw/so/yes/no/d/859/il/A,0.45
bw/st/no/yes/m/780/il/U,bo/so/yes/yes/d/861/il/A,0.48
bw/st/no/yes/m/780/il/U,bw/st/no/no/d/802/il/U,0.63
bw/st/no/yes/m/780/il/U,bo/st/yes/yes/d/805/il/U,0.61
bw/st/no/yes/m/780/il/U,bw/so/yes/yes/m/833/il/A,0.47
bw/st/no/yes/m/780/il/U,bw/so/no/no/m/834/il/A,0.45
bw/st/no/yes/m/780/il/U,bw/so/no/yes/d/860/il/A,0.47
bw/st/no/yes/m/780/il/U,bw/so/no/no/d/858/il/A,0.45
bw/st/no/yes/m/780/il/U,bw/st/yes/no/d/851/il/A,0.6
bw/st/no/yes/m/780/il/U,bo/st/no/yes/d/856/il/A,0.59
bw/st/no/yes/m/780/il/U,bw/mu/yes/no/m/771/il/U,0.64
bw/st/no/yes/m/780/il/U,bw/so/yes/yes/m/785/il/U,0.47
bw/st/no/yes/m/780/il/U,bo/st/no/no/m/782/il/U,0.59
bw/st/no/yes/m/780/il/U,bo/mu/no/yes/m/776/il/U,0.62
bw/st/no/yes/m/780/il/U,bw/st/no/no/m/778/il/U,0.63
bw/st/no/yes/m/780/il/U,bw/st/yes/no/m/779/il/U,0.6
bw/st/no/yes/m/780/il/U,bw/st/yes/yes/m/777/il/U,0.9
bw/st/no/yes/m/780/il/U,bo/st/yes/no/m/783/il/U,0.61
bw/st/no/yes/m/780/il/U,bo/st/no/yes/m/784/il/U,0.59
bw/st/no/yes/m/780/il/U,bw/mu/no/no/m/770/il/U,0.64
bw/st/no/yes/m/780/il/U,bo/mu/yes/no/d/799/il/U,0.62
bw/st/no/yes/m/780/il/U,bo/mu/yes/yes/d/797/il/U,0.63
bw/st/no/yes/m/780/il/U,bo/so/no/no/m/790/il/U,0.33
bw/st/no/yes/m/780/il/U,bo/so/yes/no/m/791/il/U,0.46
bw/st/no/yes/m/780/il/U,bw/mu/no/yes/d/796/il/U,0.65
bw/st/no/yes/m/780/il/U,bo/mu/no/no/d/798/il/U,0.61
bw/st/no/yes/m/780/il/U,bo/mu/yes/yes/d/845/il/A,0.63
bw/st/no/yes/m/780/il/U,bw/mu/no/no/d/842/il/A,0.64
bw/st/no/yes/m/780/il/U,bo/st/yes/yes/m/829/il/A,0.61
bw/st/no/yes/m/780/il/U,bo/so/no/yes/d/816/il/U,0.32
bw/st/no/yes/m/780/il/U,bw/so/yes/no/d/811/il/U,0.45
bw/st/no/yes/m/780/il/U,bw/mu/no/no/m/818/il/A,0.64
bw/st/no/yes/m/780/il/U,bw/st/yes/no/m/827/il/A,0.6
bw/st/no/yes/m/780/il/U,bw/mu/no/yes/m/820/il/A,0.65
bw/st/no/yes/m/780/il/U,bw/mu/yes/no/d/843/il/A,0.64
bw/st/no/yes/m/780/il/U,bw/mu/no/yes/d/844/il/A,0.65
bw/st/no/yes/m/780/il/U,bo/mu/yes/yes/m/821/il/A,0.63
bw/st/no/yes/m/780/il/U,bw/mu/yes/no/m/819/il/A,0.64
bw/st/no/yes/m/780/il/U,bw/st/no/no/m/826/il/A,0.63
bw/st/no/yes/m/780/il/U,bw/so/no/no/d/810/il/U,0.45
bw/st/no/yes/m/780/il/U,bw/st/no/yes/m/828/il/A,1.0
bw/st/no/yes/m/780/il/U,bw/mu/yes/yes/m/817/il/A,0.65
bw/mu/yes/yes/m/769/il/U,bo/st/yes/yes/d/853/il/A,0.69
bw/mu/yes/yes/m/769/il/U,bo/st/no/no/d/854/il/A,0.67
bw/mu/yes/yes/m/769/il/U,bo/so/no/no/d/862/il/A,0.39
bw/mu/yes/yes/m/769/il/U,bo/st/yes/no/m/831/il/A,0.68
bw/mu/yes/yes/m/769/il/U,bw/so/no/yes/m/836/il/A,0.49
bw/mu/yes/yes/m/769/il/U,bw/so/yes/yes/d/809/il/U,0.49
bw/mu/yes/yes/m/769/il/U,bo/mu/no/yes/d/800/il/U,0.9
bw/mu/yes/yes/m/769/il/U,bo/st/yes/no/d/807/il/U,0.68
bw/mu/yes/yes/m/769/il/U,bo/so/no/no/m/838/il/A,0.39
bw/mu/yes/yes/m/769/il/U,bo/so/no/yes/d/864/il/A,0.4
bw/mu/yes/yes/m/769/il/U,bo/so/yes/no/d/863/il/A,0.51
bw/mu/yes/yes/m/769/il/U,bo/st/yes/no/d/855/il/A,0.68
bw/mu/yes/yes/m/769/il/U,bw/st/no/yes/d/852/il/A,0.65
bw/mu/yes/yes/m/769/il/U,bo/st/no/no/d/806/il/U,0.67
bw/mu/yes/yes/m/769/il/U,bo/so/yes/no/m/839/il/A,0.51
bw/mu/yes/yes/m/769/il/U,bw/st/yes/yes/d/801/il/U,0.62
bw/mu/yes/yes/m/769/il/U,bo/so/yes/yes/m/837/il/A,0.56
bw/mu/yes/yes/m/769/il/U,bo/st/no/yes/d/808/il/U,0.69
bw/mu/yes/yes/m/769/il/U,bo/st/no/no/m/830/il/A,0.67
bw/mu/yes/yes/m/769/il/U,bo/st/yes/yes/m/781/il/U,0.69
bw/mu/yes/yes/m/769/il/U,bo/mu/yes/no/m/775/il/U,0.9
bw/mu/yes/yes/m/769/il/U,bw/mu/no/yes/m/772/il/U,0.98
bw/mu/yes/yes/m/769/il/U,bw/so/no/no/m/786/il/U,0.46
bw/mu/yes/yes/m/769/il/U,bw/so/no/yes/m/788/il/U,0.49
bw/mu/yes/yes/m/769/il/U,bo/so/yes/yes/m/789/il/U,0.56
bw/mu/yes/yes/m/769/il/U,bw/so/yes/no/m/787/il/U,0.47
bw/mu/yes/yes/m/769/il/U,bo/mu/yes/yes/m/773/il/U,0.91
bw/mu/yes/yes/m/769/il/U,bo/mu/no/no/m/774/il/U,0.88
bw/mu/yes/yes/m/769/il/U,bw/st/no/yes/m/780/il/U,0.65
bw/mu/yes/yes/m/769/il/U,bw/mu/yes/yes/m/769/il/U,1.0
bw/mu/yes/yes/m/769/il/U,bw/mu/yes/yes/d/793/il/U,1.0
bw/mu/yes/yes/m/769/il/U,bw/mu/no/no/d/794/il/U,0.92
bw/mu/yes/yes/m/769/il/U,bw/mu/yes/no/d/795/il/U,0.93
bw/mu/yes/yes/m/769/il/U,bo/so/no/yes/m/792/il/U,0.4
bw/mu/yes/yes/m/769/il/U,bw/so/no/yes/d/812/il/U,0.49
bw/mu/yes/yes/m/769/il/U,bo/so/yes/no/d/815/il/U,0.51
bw/mu/yes/yes/m/769/il/U,bo/mu/yes/no/m/823/il/A,0.9
bw/mu/yes/yes/m/769/il/U,bo/mu/no/yes/m/824/il/A,0.9
bw/mu/yes/yes/m/769/il/U,bo/mu/no/yes/d/848/il/A,0.9
bw/mu/yes/yes/m/769/il/U,bw/mu/yes/yes/d/841/il/A,1.0
bw/mu/yes/yes/m/769/il/U,bo/mu/no/no/d/846/il/A,0.88
bw/mu/yes/yes/m/769/il/U,bw/st/yes/yes/m/825/il/A,0.62
bw/mu/yes/yes/m/769/il/U,bo/mu/no/no/m/822/il/A,0.88
bw/mu/yes/yes/m/769/il/U,bo/so/no/no/d/814/il/U,0.39
bw/mu/yes/yes/m/769/il/U,bo/so/yes/yes/d/813/il/U,0.56
bw/mu/yes/yes/m/769/il/U,bo/mu/yes/no/d/847/il/A,0.9
bw/mu/yes/yes/m/769/il/U,bo/so/no/yes/m/840/il/A,0.4
bw/mu/yes/yes/m/769/il/U,bw/st/yes/yes/d/849/il/A,0.62
bw/mu/yes/yes/m/769/il/U,bw/so/yes/no/m/835/il/A,0.47
bw/mu/yes/yes/m/769/il/U,bo/st/no/yes/m/832/il/A,0.69
bw/mu/yes/yes/m/769/il/U,bw/st/no/yes/d/804/il/U,0.65
bw/mu/yes/yes/m/769/il/U,bw/st/yes/no/d/803/il/U,0.42
bw/mu/yes/yes/m/769/il/U,bw/so/yes/yes/d/857/il/A,0.49
bw/mu/yes/yes/m/769/il/U,bw/st/no/no/d/850/il/A,0.42
bw/mu/yes/yes/m/769/il/U,bw/so/yes/no/d/859/il/A,0.47
bw/mu/yes/yes/m/769/il/U,bo/so/yes/yes/d/861/il/A,0.56
bw/mu/yes/yes/m/769/il/U,bw/st/no/no/d/802/il/U,0.42
bw/mu/yes/yes/m/769/il/U,bo/st/yes/yes/d/805/il/U,0.69
bw/mu/yes/yes/m/769/il/U,bw/so/yes/yes/m/833/il/A,0.49
bw/mu/yes/yes/m/769/il/U,bw/so/no/no/m/834/il/A,0.46
bw/mu/yes/yes/m/769/il/U,bw/so/no/yes/d/860/il/A,0.49
bw/mu/yes/yes/m/769/il/U,bw/so/no/no/d/858/il/A,0.46
bw/mu/yes/yes/m/769/il/U,bw/st/yes/no/d/851/il/A,0.42
bw/mu/yes/yes/m/769/il/U,bo/st/no/yes/d/856/il/A,0.69
bw/mu/yes/yes/m/769/il/U,bw/mu/yes/no/m/771/il/U,0.93
bw/mu/yes/yes/m/769/il/U,bw/so/yes/yes/m/785/il/U,0.49
bw/mu/yes/yes/m/769/il/U,bo/st/no/no/m/782/il/U,0.67
bw/mu/yes/yes/m/769/il/U,bo/mu/no/yes/m/776/il/U,0.9
bw/mu/yes/yes/m/769/il/U,bw/st/no/no/m/778/il/U,0.42
bw/mu/yes/yes/m/769/il/U,bw/st/yes/no/m/779/il/U,0.42
bw/mu/yes/yes/m/769/il/U,bw/st/yes/yes/m/777/il/U,0.62
bw/mu/yes/yes/m/769/il/U,bo/st/yes/no/m/783/il/U,0.68
bw/mu/yes/yes/m/769/il/U,bo/st/no/yes/m/784/il/U,0.69
bw/mu/yes/yes/m/769/il/U,bw/mu/no/no/m/770/il/U,0.92
bw/mu/yes/yes/m/769/il/U,bo/mu/yes/no/d/799/il/U,0.9
bw/mu/yes/yes/m/769/il/U,bo/mu/yes/yes/d/797/il/U,0.91
bw/mu/yes/yes/m/769/il/U,bo/so/no/no/m/790/il/U,0.39
bw/mu/yes/yes/m/769/il/U,bo/so/yes/no/m/791/il/U,0.51
bw/mu/yes/yes/m/769/il/U,bw/mu/no/yes/d/796/il/U,0.98
bw/mu/yes/yes/m/769/il/U,bo/mu/no/no/d/798/il/U,0.88
bw/mu/yes/yes/m/769/il/U,bo/mu/yes/yes/d/845/il/A,0.91
bw/mu/yes/yes/m/769/il/U,bw/mu/no/no/d/842/il/A,0.92
bw/mu/yes/yes/m/769/il/U,bo/st/yes/yes/m/829/il/A,0.69
bw/mu/yes/yes/m/769/il/U,bo/so/no/yes/d/816/il/U,0.4
bw/mu/yes/yes/m/769/il/U,bw/so/yes/no/d/811/il/U,0.47
bw/mu/yes/yes/m/769/il/U,bw/mu/no/no/m/818/il/A,0.92
bw/mu/yes/yes/m/769/il/U,bw/st/yes/no/m/827/il/A,0.42
bw/mu/yes/yes/m/769/il/U,bw/mu/no/yes/m/820/il/A,0.98
bw/mu/yes/yes/m/769/il/U,bw/mu/yes/no/d/843/il/A,0.93
bw/mu/yes/yes/m/769/il/U,bw/mu/no/yes/d/844/il/A,0.98
bw/mu/yes/yes/m/769/il/U,bo/mu/yes/yes/m/821/il/A,0.91
bw/mu/yes/yes/m/769/il/U,bw/mu/yes/no/m/819/il/A,0.93
bw/mu/yes/yes/m/769/il/U,bw/st/no/no/m/826/il/A,0.42
bw/mu/yes/yes/m/769/il/U,bw/so/no/no/d/810/il/U,0.46
bw/mu/yes/yes/m/769/il/U,bw/st/no/yes/m/828/il/A,0.65
bw/mu/yes/yes/m/769/il/U,bw/mu/yes/yes/m/817/il/A,1.0
bw/mu/yes/yes/d/793/il/U,bo/st/yes/yes/d/853/il/A,0.69
bw/mu/yes/yes/d/793/il/U,bo/st/no/no/d/854/il/A,0.67
bw/mu/yes/yes/d/793/il/U,bo/so/no/no/d/862/il/A,0.39
bw/mu/yes/yes/d/793/il/U,bo/st/yes/no/m/831/il/A,0.68
bw/mu/yes/yes/d/793/il/U,bw/so/no/yes/m/836/il/A,0.49
bw/mu/yes/yes/d/793/il/U,bw/so/yes/yes/d/809/il/U,0.49
bw/mu/yes/yes/d/793/il/U,bo/mu/no/yes/d/800/il/U,0.9
bw/mu/yes/yes/d/793/il/U,bo/st/yes/no/d/807/il/U,0.68
bw/mu/yes/yes/d/793/il/U,bo/so/no/no/m/838/il/A,0.39
bw/mu/yes/yes/d/793/il/U,bo/so/no/yes/d/864/il/A,0.4
bw/mu/yes/yes/d/793/il/U,bo/so/yes/no/d/863/il/A,0.51
bw/mu/yes/yes/d/793/il/U,bo/st/yes/no/d/855/il/A,0.68
bw/mu/yes/yes/d/793/il/U,bw/st/no/yes/d/852/il/A,0.65
bw/mu/yes/yes/d/793/il/U,bo/st/no/no/d/806/il/U,0.67
bw/mu/yes/yes/d/793/il/U,bo/so/yes/no/m/839/il/A,0.51
bw/mu/yes/yes/d/793/il/U,bw/st/yes/yes/d/801/il/U,0.62
bw/mu/yes/yes/d/793/il/U,bo/so/yes/yes/m/837/il/A,0.56
bw/mu/yes/yes/d/793/il/U,bo/st/no/yes/d/808/il/U,0.69
bw/mu/yes/yes/d/793/il/U,bo/st/no/no/m/830/il/A,0.67
bw/mu/yes/yes/d/793/il/U,bo/st/yes/yes/m/781/il/U,0.69
bw/mu/yes/yes/d/793/il/U,bo/mu/yes/no/m/775/il/U,0.9
bw/mu/yes/yes/d/793/il/U,bw/mu/no/yes/m/772/il/U,0.98
bw/mu/yes/yes/d/793/il/U,bw/so/no/no/m/786/il/U,0.46
bw/mu/yes/yes/d/793/il/U,bw/so/no/yes/m/788/il/U,0.49
bw/mu/yes/yes/d/793/il/U,bo/so/yes/yes/m/789/il/U,0.56
bw/mu/yes/yes/d/793/il/U,bw/so/yes/no/m/787/il/U,0.47
bw/mu/yes/yes/d/793/il/U,bo/mu/yes/yes/m/773/il/U,0.91
bw/mu/yes/yes/d/793/il/U,bo/mu/no/no/m/774/il/U,0.88
bw/mu/yes/yes/d/793/il/U,bw/st/no/yes/m/780/il/U,0.65
bw/mu/yes/yes/d/793/il/U,bw/mu/yes/yes/m/769/il/U,1.0
bw/mu/yes/yes/d/793/il/U,bw/mu/yes/yes/d/793/il/U,1.0
bw/mu/yes/yes/d/793/il/U,bw/mu/no/no/d/794/il/U,0.92
bw/mu/yes/yes/d/793/il/U,bw/mu/yes/no/d/795/il/U,0.93
bw/mu/yes/yes/d/793/il/U,bo/so/no/yes/m/792/il/U,0.4
bw/mu/yes/yes/d/793/il/U,bw/so/no/yes/d/812/il/U,0.49
bw/mu/yes/yes/d/793/il/U,bo/so/yes/no/d/815/il/U,0.51
bw/mu/yes/yes/d/793/il/U,bo/mu/yes/no/m/823/il/A,0.9
bw/mu/yes/yes/d/793/il/U,bo/mu/no/yes/m/824/il/A,0.9
bw/mu/yes/yes/d/793/il/U,bo/mu/no/yes/d/848/il/A,0.9
bw/mu/yes/yes/d/793/il/U,bw/mu/yes/yes/d/841/il/A,1.0
bw/mu/yes/yes/d/793/il/U,bo/mu/no/no/d/846/il/A,0.88
bw/mu/yes/yes/d/793/il/U,bw/st/yes/yes/m/825/il/A,0.62
bw/mu/yes/yes/d/793/il/U,bo/mu/no/no/m/822/il/A,0.88
bw/mu/yes/yes/d/793/il/U,bo/so/no/no/d/814/il/U,0.39
bw/mu/yes/yes/d/793/il/U,bo/so/yes/yes/d/813/il/U,0.56
bw/mu/yes/yes/d/793/il/U,bo/mu/yes/no/d/847/il/A,0.9
bw/mu/yes/yes/d/793/il/U,bo/so/no/yes/m/840/il/A,0.4
bw/mu/yes/yes/d/793/il/U,bw/st/yes/yes/d/849/il/A,0.62
bw/mu/yes/yes/d/793/il/U,bw/so/yes/no/m/835/il/A,0.47
bw/mu/yes/yes/d/793/il/U,bo/st/no/yes/m/832/il/A,0.69
bw/mu/yes/yes/d/793/il/U,bw/st/no/yes/d/804/il/U,0.65
bw/mu/yes/yes/d/793/il/U,bw/st/yes/no/d/803/il/U,0.42
bw/mu/yes/yes/d/793/il/U,bw/so/yes/yes/d/857/il/A,0.49
bw/mu/yes/yes/d/793/il/U,bw/st/no/no/d/850/il/A,0.42
bw/mu/yes/yes/d/793/il/U,bw/so/yes/no/d/859/il/A,0.47
bw/mu/yes/yes/d/793/il/U,bo/so/yes/yes/d/861/il/A,0.56
bw/mu/yes/yes/d/793/il/U,bw/st/no/no/d/802/il/U,0.42
bw/mu/yes/yes/d/793/il/U,bo/st/yes/yes/d/805/il/U,0.69
bw/mu/yes/yes/d/793/il/U,bw/so/yes/yes/m/833/il/A,0.49
bw/mu/yes/yes/d/793/il/U,bw/so/no/no/m/834/il/A,0.46
bw/mu/yes/yes/d/793/il/U,bw/so/no/yes/d/860/il/A,0.49
bw/mu/yes/yes/d/793/il/U,bw/so/no/no/d/858/il/A,0.46
bw/mu/yes/yes/d/793/il/U,bw/st/yes/no/d/851/il/A,0.42
bw/mu/yes/yes/d/793/il/U,bo/st/no/yes/d/856/il/A,0.69
bw/mu/yes/yes/d/793/il/U,bw/mu/yes/no/m/771/il/U,0.93
bw/mu/yes/yes/d/793/il/U,bw/so/yes/yes/m/785/il/U,0.49
bw/mu/yes/yes/d/793/il/U,bo/st/no/no/m/782/il/U,0.67
bw/mu/yes/yes/d/793/il/U,bo/mu/no/yes/m/776/il/U,0.9
bw/mu/yes/yes/d/793/il/U,bw/st/no/no/m/778/il/U,0.42
bw/mu/yes/yes/d/793/il/U,bw/st/yes/no/m/779/il/U,0.42
bw/mu/yes/yes/d/793/il/U,bw/st/yes/yes/m/777/il/U,0.62
bw/mu/yes/yes/d/793/il/U,bo/st/yes/no/m/783/il/U,0.68
bw/mu/yes/yes/d/793/il/U,bo/st/no/yes/m/784/il/U,0.69
bw/mu/yes/yes/d/793/il/U,bw/mu/no/no/m/770/il/U,0.92
bw/mu/yes/yes/d/793/il/U,bo/mu/yes/no/d/799/il/U,0.9
bw/mu/yes/yes/d/793/il/U,bo/mu/yes/yes/d/797/il/U,0.91
bw/mu/yes/yes/d/793/il/U,bo/so/no/no/m/790/il/U,0.39
bw/mu/yes/yes/d/793/il/U,bo/so/yes/no/m/791/il/U,0.51
bw/mu/yes/yes/d/793/il/U,bw/mu/no/yes/d/796/il/U,0.98
bw/mu/yes/yes/d/793/il/U,bo/mu/no/no/d/798/il/U,0.88
bw/mu/yes/yes/d/793/il/U,bo/mu/yes/yes/d/845/il/A,0.91
bw/mu/yes/yes/d/793/il/U,bw/mu/no/no/d/842/il/A,0.92
bw/mu/yes/yes/d/793/il/U,bo/st/yes/yes/m/829/il/A,0.69
bw/mu/yes/yes/d/793/il/U,bo/so/no/yes/d/816/il/U,0.4
bw/mu/yes/yes/d/793/il/U,bw/so/yes/no/d/811/il/U,0.47
bw/mu/yes/yes/d/793/il/U,bw/mu/no/no/m/818/il/A,0.92
bw/mu/yes/yes/d/793/il/U,bw/st/yes/no/m/827/il/A,0.42
bw/mu/yes/yes/d/793/il/U,bw/mu/no/yes/m/820/il/A,0.98
bw/mu/yes/yes/d/793/il/U,bw/mu/yes/no/d/843/il/A,0.93
bw/mu/yes/yes/d/793/il/U,bw/mu/no/yes/d/844/il/A,0.98
bw/mu/yes/yes/d/793/il/U,bo/mu/yes/yes/m/821/il/A,0.91
bw/mu/yes/yes/d/793/il/U,bw/mu/yes/no/m/819/il/A,0.93
bw/mu/yes/yes/d/793/il/U,bw/st/no/no/m/826/il/A,0.42
bw/mu/yes/yes/d/793/il/U,bw/so/no/no/d/810/il/U,0.46
bw/mu/yes/yes/d/793/il/U,bw/st/no/yes/m/828/il/A,0.65
bw/mu/yes/yes/d/793/il/U,bw/mu/yes/yes/m/817/il/A,1.0
bw/mu/no/no/d/794/il/U,bo/st/yes/yes/d/853/il/A,0.68
bw/mu/no/no/d/794/il/U,bo/st/no/no/d/854/il/A,0.66
bw/mu/no/no/d/794/il/U,bo/so/no/no/d/862/il/A,0.39
bw/mu/no/no/d/794/il/U,bo/st/yes/no/m/831/il/A,0.67
bw/mu/no/no/d/794/il/U,bw/so/no/yes/m/836/il/A,0.49
bw/mu/no/no/d/794/il/U,bw/so/yes/yes/d/809/il/U,0.48
bw/mu/no/no/d/794/il/U,bo/mu/no/yes/d/800/il/U,0.88
bw/mu/no/no/d/794/il/U,bo/st/yes/no/d/807/il/U,0.67
bw/mu/no/no/d/794/il/U,bo/so/no/no/m/838/il/A,0.39
bw/mu/no/no/d/794/il/U,bo/so/no/yes/d/864/il/A,0.4
bw/mu/no/no/d/794/il/U,bo/so/yes/no/d/863/il/A,0.51
bw/mu/no/no/d/794/il/U,bo/st/yes/no/d/855/il/A,0.67
bw/mu/no/no/d/794/il/U,bw/st/no/yes/d/852/il/A,0.64
bw/mu/no/no/d/794/il/U,bo/st/no/no/d/806/il/U,0.66
bw/mu/no/no/d/794/il/U,bo/so/yes/no/m/839/il/A,0.51
bw/mu/no/no/d/794/il/U,bw/st/yes/yes/d/801/il/U,0.61
bw/mu/no/no/d/794/il/U,bo/so/yes/yes/m/837/il/A,0.55
bw/mu/no/no/d/794/il/U,bo/st/no/yes/d/808/il/U,0.69
bw/mu/no/no/d/794/il/U,bo/st/no/no/m/830/il/A,0.66
bw/mu/no/no/d/794/il/U,bo/st/yes/yes/m/781/il/U,0.68
bw/mu/no/no/d/794/il/U,bo/mu/yes/no/m/775/il/U,0.9
bw/mu/no/no/d/794/il/U,bw/mu/no/yes/m/772/il/U,0.93
bw/mu/no/no/d/794/il/U,bw/so/no/no/m/786/il/U,0.46
bw/mu/no/no/d/794/il/U,bw/so/no/yes/m/788/il/U,0.49
bw/mu/no/no/d/794/il/U,bo/so/yes/yes/m/789/il/U,0.55
bw/mu/no/no/d/794/il/U,bw/so/yes/no/m/787/il/U,0.46
bw/mu/no/no/d/794/il/U,bo/mu/yes/yes/m/773/il/U,0.88
bw/mu/no/no/d/794/il/U,bo/mu/no/no/m/774/il/U,0.89
bw/mu/no/no/d/794/il/U,bw/st/no/yes/m/780/il/U,0.64
bw/mu/no/no/d/794/il/U,bw/mu/yes/yes/m/769/il/U,0.92
bw/mu/no/no/d/794/il/U,bw/mu/yes/yes/d/793/il/U,0.92
bw/mu/no/no/d/794/il/U,bw/mu/no/no/d/794/il/U,1.0
bw/mu/no/no/d/794/il/U,bw/mu/yes/no/d/795/il/U,0.98
bw/mu/no/no/d/794/il/U,bo/so/no/yes/m/792/il/U,0.4
bw/mu/no/no/d/794/il/U,bw/so/no/yes/d/812/il/U,0.49
bw/mu/no/no/d/794/il/U,bo/so/yes/no/d/815/il/U,0.51
bw/mu/no/no/d/794/il/U,bo/mu/yes/no/m/823/il/A,0.9
bw/mu/no/no/d/794/il/U,bo/mu/no/yes/m/824/il/A,0.88
bw/mu/no/no/d/794/il/U,bo/mu/no/yes/d/848/il/A,0.88
bw/mu/no/no/d/794/il/U,bw/mu/yes/yes/d/841/il/A,0.92
bw/mu/no/no/d/794/il/U,bo/mu/no/no/d/846/il/A,0.89
bw/mu/no/no/d/794/il/U,bw/st/yes/yes/m/825/il/A,0.61
bw/mu/no/no/d/794/il/U,bo/mu/no/no/m/822/il/A,0.89
bw/mu/no/no/d/794/il/U,bo/so/no/no/d/814/il/U,0.39
bw/mu/no/no/d/794/il/U,bo/so/yes/yes/d/813/il/U,0.55
bw/mu/no/no/d/794/il/U,bo/mu/yes/no/d/847/il/A,0.9
bw/mu/no/no/d/794/il/U,bo/so/no/yes/m/840/il/A,0.4
bw/mu/no/no/d/794/il/U,bw/st/yes/yes/d/849/il/A,0.61
bw/mu/no/no/d/794/il/U,bw/so/yes/no/m/835/il/A,0.46
bw/mu/no/no/d/794/il/U,bo/st/no/yes/m/832/il/A,0.69
bw/mu/no/no/d/794/il/U,bw/st/no/yes/d/804/il/U,0.64
bw/mu/no/no/d/794/il/U,bw/st/yes/no/d/803/il/U,0.41
bw/mu/no/no/d/794/il/U,bw/so/yes/yes/d/857/il/A,0.48
bw/mu/no/no/d/794/il/U,bw/st/no/no/d/850/il/A,0.42
bw/mu/no/no/d/794/il/U,bw/so/yes/no/d/859/il/A,0.46
bw/mu/no/no/d/794/il/U,bo/so/yes/yes/d/861/il/A,0.55
bw/mu/no/no/d/794/il/U,bw/st/no/no/d/802/il/U,0.42
bw/mu/no/no/d/794/il/U,bo/st/yes/yes/d/805/il/U,0.68
bw/mu/no/no/d/794/il/U,bw/so/yes/yes/m/833/il/A,0.48
bw/mu/no/no/d/794/il/U,bw/so/no/no/m/834/il/A,0.46
bw/mu/no/no/d/794/il/U,bw/so/no/yes/d/860/il/A,0.49
bw/mu/no/no/d/794/il/U,bw/so/no/no/d/858/il/A,0.46
bw/mu/no/no/d/794/il/U,bw/st/yes/no/d/851/il/A,0.41
bw/mu/no/no/d/794/il/U,bo/st/no/yes/d/856/il/A,0.69
bw/mu/no/no/d/794/il/U,bw/mu/yes/no/m/771/il/U,0.98
bw/mu/no/no/d/794/il/U,bw/so/yes/yes/m/785/il/U,0.48
bw/mu/no/no/d/794/il/U,bo/st/no/no/m/782/il/U,0.66
bw/mu/no/no/d/794/il/U,bo/mu/no/yes/m/776/il/U,0.88
bw/mu/no/no/d/794/il/U,bw/st/no/no/m/778/il/U,0.42
bw/mu/no/no/d/794/il/U,bw/st/yes/no/m/779/il/U,0.41
bw/mu/no/no/d/794/il/U,bw/st/yes/yes/m/777/il/U,0.61
bw/mu/no/no/d/794/il/U,bo/st/yes/no/m/783/il/U,0.67
bw/mu/no/no/d/794/il/U,bo/st/no/yes/m/784/il/U,0.69
bw/mu/no/no/d/794/il/U,bw/mu/no/no/m/770/il/U,1.0
bw/mu/no/no/d/794/il/U,bo/mu/yes/no/d/799/il/U,0.9
bw/mu/no/no/d/794/il/U,bo/mu/yes/yes/d/797/il/U,0.88
bw/mu/no/no/d/794/il/U,bo/so/no/no/m/790/il/U,0.39
bw/mu/no/no/d/794/il/U,bo/so/yes/no/m/791/il/U,0.51
bw/mu/no/no/d/794/il/U,bw/mu/no/yes/d/796/il/U,0.93
bw/mu/no/no/d/794/il/U,bo/mu/no/no/d/798/il/U,0.89
bw/mu/no/no/d/794/il/U,bo/mu/yes/yes/d/845/il/A,0.88
bw/mu/no/no/d/794/il/U,bw/mu/no/no/d/842/il/A,1.0
bw/mu/no/no/d/794/il/U,bo/st/yes/yes/m/829/il/A,0.68
bw/mu/no/no/d/794/il/U,bo/so/no/yes/d/816/il/U,0.4
bw/mu/no/no/d/794/il/U,bw/so/yes/no/d/811/il/U,0.46
bw/mu/no/no/d/794/il/U,bw/mu/no/no/m/818/il/A,1.0
bw/mu/no/no/d/794/il/U,bw/st/yes/no/m/827/il/A,0.41
bw/mu/no/no/d/794/il/U,bw/mu/no/yes/m/820/il/A,0.93
bw/mu/no/no/d/794/il/U,bw/mu/yes/no/d/843/il/A,0.98
bw/mu/no/no/d/794/il/U,bw/mu/no/yes/d/844/il/A,0.93
bw/mu/no/no/d/794/il/U,bo/mu/yes/yes/m/821/il/A,0.88
bw/mu/no/no/d/794/il/U,bw/mu/yes/no/m/819/il/A,0.98
bw/mu/no/no/d/794/il/U,bw/st/no/no/m/826/il/A,0.42
bw/mu/no/no/d/794/il/U,bw/so/no/no/d/810/il/U,0.46
bw/mu/no/no/d/794/il/U,bw/st/no/yes/m/828/il/A,0.64
bw/mu/no/no/d/794/il/U,bw/mu/yes/yes/m/817/il/A,0.92
bw/mu/yes/no/d/795/il/U,bo/st/yes/yes/d/853/il/A,0.68
bw/mu/yes/no/d/795/il/U,bo/st/no/no/d/854/il/A,0.66
bw/mu/yes/no/d/795/il/U,bo/so/no/no/d/862/il/A,0.39
bw/mu/yes/no/d/795/il/U,bo/st/yes/no/m/831/il/A,0.67
bw/mu/yes/no/d/795/il/U,bw/so/no/yes/m/836/il/A,0.49
bw/mu/yes/no/d/795/il/U,bw/so/yes/yes/d/809/il/U,0.48
bw/mu/yes/no/d/795/il/U,bo/mu/no/yes/d/800/il/U,0.88
bw/mu/yes/no/d/795/il/U,bo/st/yes/no/d/807/il/U,0.67
bw/mu/yes/no/d/795/il/U,bo/so/no/no/m/838/il/A,0.39
bw/mu/yes/no/d/795/il/U,bo/so/no/yes/d/864/il/A,0.4
bw/mu/yes/no/d/795/il/U,bo/so/yes/no/d/863/il/A,0.51
bw/mu/yes/no/d/795/il/U,bo/st/yes/no/d/855/il/A,0.67
bw/mu/yes/no/d/795/il/U,bw/st/no/yes/d/852/il/A,0.64
bw/mu/yes/no/d/795/il/U,bo/st/no/no/d/806/il/U,0.66
bw/mu/yes/no/d/795/il/U,bo/so/yes/no/m/839/il/A,0.51
bw/mu/yes/no/d/795/il/U,bw/st/yes/yes/d/801/il/U,0.61
bw/mu/yes/no/d/795/il/U,bo/so/yes/yes/m/837/il/A,0.55
bw/mu/yes/no/d/795/il/U,bo/st/no/yes/d/808/il/U,0.69
bw/mu/yes/no/d/795/il/U,bo/st/no/no/m/830/il/A,0.66
bw/mu/yes/no/d/795/il/U,bo/st/yes/yes/m/781/il/U,0.68
bw/mu/yes/no/d/795/il/U,bo/mu/yes/no/m/775/il/U,0.91
bw/mu/yes/no/d/795/il/U,bw/mu/no/yes/m/772/il/U,0.93
bw/mu/yes/no/d/795/il/U,bw/so/no/no/m/786/il/U,0.46
bw/mu/yes/no/d/795/il/U,bw/so/no/yes/m/788/il/U,0.49
bw/mu/yes/no/d/795/il/U,bo/so/yes/yes/m/789/il/U,0.55
bw/mu/yes/no/d/795/il/U,bw/so/yes/no/m/787/il/U,0.46
bw/mu/yes/no/d/795/il/U,bo/mu/yes/yes/m/773/il/U,0.88
bw/mu/yes/no/d/795/il/U,bo/mu/no/no/m/774/il/U,0.89
bw/mu/yes/no/d/795/il/U,bw/st/no/yes/m/780/il/U,0.64
bw/mu/yes/no/d/795/il/U,bw/mu/yes/yes/m/769/il/U,0.93
bw/mu/yes/no/d/795/il/U,bw/mu/yes/yes/d/793/il/U,0.93
bw/mu/yes/no/d/795/il/U,bw/mu/no/no/d/794/il/U,0.98
bw/mu/yes/no/d/795/il/U,bw/mu/yes/no/d/795/il/U,1.0
bw/mu/yes/no/d/795/il/U,bo/so/no/yes/m/792/il/U,0.4
bw/mu/yes/no/d/795/il/U,bw/so/no/yes/d/812/il/U,0.49
bw/mu/yes/no/d/795/il/U,bo/so/yes/no/d/815/il/U,0.51
bw/mu/yes/no/d/795/il/U,bo/mu/yes/no/m/823/il/A,0.91
bw/mu/yes/no/d/795/il/U,bo/mu/no/yes/m/824/il/A,0.88
bw/mu/yes/no/d/795/il/U,bo/mu/no/yes/d/848/il/A,0.88
bw/mu/yes/no/d/795/il/U,bw/mu/yes/yes/d/841/il/A,0.93
bw/mu/yes/no/d/795/il/U,bo/mu/no/no/d/846/il/A,0.89
bw/mu/yes/no/d/795/il/U,bw/st/yes/yes/m/825/il/A,0.61
bw/mu/yes/no/d/795/il/U,bo/mu/no/no/m/822/il/A,0.89
bw/mu/yes/no/d/795/il/U,bo/so/no/no/d/814/il/U,0.39
bw/mu/yes/no/d/795/il/U,bo/so/yes/yes/d/813/il/U,0.55
bw/mu/yes/no/d/795/il/U,bo/mu/yes/no/d/847/il/A,0.91
bw/mu/yes/no/d/795/il/U,bo/so/no/yes/m/840/il/A,0.4
bw/mu/yes/no/d/795/il/U,bw/st/yes/yes/d/849/il/A,0.61
bw/mu/yes/no/d/795/il/U,bw/so/yes/no/m/835/il/A,0.46
bw/mu/yes/no/d/795/il/U,bo/st/no/yes/m/832/il/A,0.69
bw/mu/yes/no/d/795/il/U,bw/st/no/yes/d/804/il/U,0.64
bw/mu/yes/no/d/795/il/U,bw/st/yes/no/d/803/il/U,0.42
bw/mu/yes/no/d/795/il/U,bw/so/yes/yes/d/857/il/A,0.48
bw/mu/yes/no/d/795/il/U,bw/st/no/no/d/850/il/A,0.42
bw/mu/yes/no/d/795/il/U,bw/so/yes/no/d/859/il/A,0.46
bw/mu/yes/no/d/795/il/U,bo/so/yes/yes/d/861/il/A,0.55
bw/mu/yes/no/d/795/il/U,bw/st/no/no/d/802/il/U,0.42
bw/mu/yes/no/d/795/il/U,bo/st/yes/yes/d/805/il/U,0.68
bw/mu/yes/no/d/795/il/U,bw/so/yes/yes/m/833/il/A,0.48
bw/mu/yes/no/d/795/il/U,bw/so/no/no/m/834/il/A,0.46
bw/mu/yes/no/d/795/il/U,bw/so/no/yes/d/860/il/A,0.49
bw/mu/yes/no/d/795/il/U,bw/so/no/no/d/858/il/A,0.46
bw/mu/yes/no/d/795/il/U,bw/st/yes/no/d/851/il/A,0.42
bw/mu/yes/no/d/795/il/U,bo/st/no/yes/d/856/il/A,0.69
bw/mu/yes/no/d/795/il/U,bw/mu/yes/no/m/771/il/U,1.0
bw/mu/yes/no/d/795/il/U,bw/so/yes/yes/m/785/il/U,0.48
bw/mu/yes/no/d/795/il/U,bo/st/no/no/m/782/il/U,0.66
bw/mu/yes/no/d/795/il/U,bo/mu/no/yes/m/776/il/U,0.88
bw/mu/yes/no/d/795/il/U,bw/st/no/no/m/778/il/U,0.42
bw/mu/yes/no/d/795/il/U,bw/st/yes/no/m/779/il/U,0.42
bw/mu/yes/no/d/795/il/U,bw/st/yes/yes/m/777/il/U,0.61
bw/mu/yes/no/d/795/il/U,bo/st/yes/no/m/783/il/U,0.67
bw/mu/yes/no/d/795/il/U,bo/st/no/yes/m/784/il/U,0.69
bw/mu/yes/no/d/795/il/U,bw/mu/no/no/m/770/il/U,0.98
bw/mu/yes/no/d/795/il/U,bo/mu/yes/no/d/799/il/U,0.91
bw/mu/yes/no/d/795/il/U,bo/mu/yes/yes/d/797/il/U,0.88
bw/mu/yes/no/d/795/il/U,bo/so/no/no/m/790/il/U,0.39
bw/mu/yes/no/d/795/il/U,bo/so/yes/no/m/791/il/U,0.51
bw/mu/yes/no/d/795/il/U,bw/mu/no/yes/d/796/il/U,0.93
bw/mu/yes/no/d/795/il/U,bo/mu/no/no/d/798/il/U,0.89
bw/mu/yes/no/d/795/il/U,bo/mu/yes/yes/d/845/il/A,0.88
bw/mu/yes/no/d/795/il/U,bw/mu/no/no/d/842/il/A,0.98
bw/mu/yes/no/d/795/il/U,bo/st/yes/yes/m/829/il/A,0.68
bw/mu/yes/no/d/795/il/U,bo/so/no/yes/d/816/il/U,0.4
bw/mu/yes/no/d/795/il/U,bw/so/yes/no/d/811/il/U,0.46
bw/mu/yes/no/d/795/il/U,bw/mu/no/no/m/818/il/A,0.98
bw/mu/yes/no/d/795/il/U,bw/st/yes/no/m/827/il/A,0.42
bw/mu/yes/no/d/795/il/U,bw/mu/no/yes/m/820/il/A,0.93
bw/mu/yes/no/d/795/il/U,bw/mu/yes/no/d/843/il/A,1.0
bw/mu/yes/no/d/795/il/U,bw/mu/no/yes/d/844/il/A,0.93
bw/mu/yes/no/d/795/il/U,bo/mu/yes/yes/m/821/il/A,0.88
bw/mu/yes/no/d/795/il/U,bw/mu/yes/no/m/819/il/A,1.0
bw/mu/yes/no/d/795/il/U,bw/st/no/no/m/826/il/A,0.42
bw/mu/yes/no/d/795/il/U,bw/so/no/no/d/810/il/U,0.46
bw/mu/yes/no/d/795/il/U,bw/st/no/yes/m/828/il/A,0.64
bw/mu/yes/no/d/795/il/U,bw/mu/yes/yes/m/817/il/A,0.93
bo/so/no/yes/m/792/il/U,bo/st/yes/yes/d/853/il/A,0.45
bo/so/no/yes/m/792/il/U,bo/st/no/no/d/854/il/A,0.45
bo/so/no/yes/m/792/il/U,bo/so/no/no/d/862/il/A,0.77
bo/so/no/yes/m/792/il/U,bo/st/yes/no/m/831/il/A,0.43
bo/so/no/yes/m/792/il/U,bw/so/no/yes/m/836/il/A,0.4
bo/so/no/yes/m/792/il/U,bw/so/yes/yes/d/809/il/U,0.4
bo/so/no/yes/m/792/il/U,bo/mu/no/yes/d/800/il/U,0.43
bo/so/no/yes/m/792/il/U,bo/st/yes/no/d/807/il/U,0.43
bo/so/no/yes/m/792/il/U,bo/so/no/no/m/838/il/A,0.77
bo/so/no/yes/m/792/il/U,bo/so/no/yes/d/864/il/A,1.0
bo/so/no/yes/m/792/il/U,bo/so/yes/no/d/863/il/A,0.47
bo/so/no/yes/m/792/il/U,bo/st/yes/no/d/855/il/A,0.43
bo/so/no/yes/m/792/il/U,bw/st/no/yes/d/852/il/A,0.32
bo/so/no/yes/m/792/il/U,bo/st/no/no/d/806/il/U,0.45
bo/so/no/yes/m/792/il/U,bo/so/yes/no/m/839/il/A,0.47
bo/so/no/yes/m/792/il/U,bw/st/yes/yes/d/801/il/U,0.31
bo/so/no/yes/m/792/il/U,bo/so/yes/yes/m/837/il/A,0.59
bo/so/no/yes/m/792/il/U,bo/st/no/yes/d/808/il/U,0.47
bo/so/no/yes/m/792/il/U,bo/st/no/no/m/830/il/A,0.45
bo/so/no/yes/m/792/il/U,bo/st/yes/yes/m/781/il/U,0.45
bo/so/no/yes/m/792/il/U,bo/mu/yes/no/m/775/il/U,0.42
bo/so/no/yes/m/792/il/U,bw/mu/no/yes/m/772/il/U,0.4
bo/so/no/yes/m/792/il/U,bw/so/no/no/m/786/il/U,0.34
bo/so/no/yes/m/792/il/U,bw/so/no/yes/m/788/il/U,0.4
bo/so/no/yes/m/792/il/U,bo/so/yes/yes/m/789/il/U,0.59
bo/so/no/yes/m/792/il/U,bw/so/yes/no/m/787/il/U,0.35
bo/so/no/yes/m/792/il/U,bo/mu/yes/yes/m/773/il/U,0.42
bo/so/no/yes/m/792/il/U,bo/mu/no/no/m/774/il/U,0.42
bo/so/no/yes/m/792/il/U,bw/st/no/yes/m/780/il/U,0.32
bo/so/no/yes/m/792/il/U,bw/mu/yes/yes/m/769/il/U,0.4
bo/so/no/yes/m/792/il/U,bw/mu/yes/yes/d/793/il/U,0.4
bo/so/no/yes/m/792/il/U,bw/mu/no/no/d/794/il/U,0.4
bo/so/no/yes/m/792/il/U,bw/mu/yes/no/d/795/il/U,0.4
bo/so/no/yes/m/792/il/U,bo/so/no/yes/m/792/il/U,1.0
bo/so/no/yes/m/792/il/U,bw/so/no/yes/d/812/il/U,0.4
bo/so/no/yes/m/792/il/U,bo/so/yes/no/d/815/il/U,0.47
bo/so/no/yes/m/792/il/U,bo/mu/yes/no/m/823/il/A,0.42
bo/so/no/yes/m/792/il/U,bo/mu/no/yes/m/824/il/A,0.43
bo/so/no/yes/m/792/il/U,bo/mu/no/yes/d/848/il/A,0.43
bo/so/no/yes/m/792/il/U,bw/mu/yes/yes/d/841/il/A,0.4
bo/so/no/yes/m/792/il/U,bo/mu/no/no/d/846/il/A,0.42
bo/so/no/yes/m/792/il/U,bw/st/yes/yes/m/825/il/A,0.31
bo/so/no/yes/m/792/il/U,bo/mu/no/no/m/822/il/A,0.42
bo/so/no/yes/m/792/il/U,bo/so/no/no/d/814/il/U,0.77
bo/so/no/yes/m/792/il/U,bo/so/yes/yes/d/813/il/U,0.59
bo/so/no/yes/m/792/il/U,bo/mu/yes/no/d/847/il/A,0.42
bo/so/no/yes/m/792/il/U,bo/so/no/yes/m/840/il/A,1.0
bo/so/no/yes/m/792/il/U,bw/st/yes/yes/d/849/il/A,0.31
bo/so/no/yes/m/792/il/U,bw/so/yes/no/m/835/il/A,0.35
bo/so/no/yes/m/792/il/U,bo/st/no/yes/m/832/il/A,0.47
bo/so/no/yes/m/792/il/U,bw/st/no/yes/d/804/il/U,0.32
bo/so/no/yes/m/792/il/U,bw/st/yes/no/d/803/il/U,0.21
bo/so/no/yes/m/792/il/U,bw/so/yes/yes/d/857/il/A,0.4
bo/so/no/yes/m/792/il/U,bw/st/no/no/d/850/il/A,0.21
bo/so/no/yes/m/792/il/U,bw/so/yes/no/d/859/il/A,0.35
bo/so/no/yes/m/792/il/U,bo/so/yes/yes/d/861/il/A,0.59
bo/so/no/yes/m/792/il/U,bw/st/no/no/d/802/il/U,0.21
bo/so/no/yes/m/792/il/U,bo/st/yes/yes/d/805/il/U,0.45
bo/so/no/yes/m/792/il/U,bw/so/yes/yes/m/833/il/A,0.4
bo/so/no/yes/m/792/il/U,bw/so/no/no/m/834/il/A,0.34
bo/so/no/yes/m/792/il/U,bw/so/no/yes/d/860/il/A,0.4
bo/so/no/yes/m/792/il/U,bw/so/no/no/d/858/il/A,0.34
bo/so/no/yes/m/792/il/U,bw/st/yes/no/d/851/il/A,0.21
bo/so/no/yes/m/792/il/U,bo/st/no/yes/d/856/il/A,0.47
bo/so/no/yes/m/792/il/U,bw/mu/yes/no/m/771/il/U,0.4
bo/so/no/yes/m/792/il/U,bw/so/yes/yes/m/785/il/U,0.4
bo/so/no/yes/m/792/il/U,bo/st/no/no/m/782/il/U,0.45
bo/so/no/yes/m/792/il/U,bo/mu/no/yes/m/776/il/U,0.43
bo/so/no/yes/m/792/il/U,bw/st/no/no/m/778/il/U,0.21
bo/so/no/yes/m/792/il/U,bw/st/yes/no/m/779/il/U,0.21
bo/so/no/yes/m/792/il/U,bw/st/yes/yes/m/777/il/U,0.31
bo/so/no/yes/m/792/il/U,bo/st/yes/no/m/783/il/U,0.43
bo/so/no/yes/m/792/il/U,bo/st/no/yes/m/784/il/U,0.47
bo/so/no/yes/m/792/il/U,bw/mu/no/no/m/770/il/U,0.4
bo/so/no/yes/m/792/il/U,bo/mu/yes/no/d/799/il/U,0.42
bo/so/no/yes/m/792/il/U,bo/mu/yes/yes/d/797/il/U,0.42
bo/so/no/yes/m/792/il/U,bo/so/no/no/m/790/il/U,0.77
bo/so/no/yes/m/792/il/U,bo/so/yes/no/m/791/il/U,0.47
bo/so/no/yes/m/792/il/U,bw/mu/no/yes/d/796/il/U,0.4
bo/so/no/yes/m/792/il/U,bo/mu/no/no/d/798/il/U,0.42
bo/so/no/yes/m/792/il/U,bo/mu/yes/yes/d/845/il/A,0.42
bo/so/no/yes/m/792/il/U,bw/mu/no/no/d/842/il/A,0.4
bo/so/no/yes/m/792/il/U,bo/st/yes/yes/m/829/il/A,0.45
bo/so/no/yes/m/792/il/U,bo/so/no/yes/d/816/il/U,1.0
bo/so/no/yes/m/792/il/U,bw/so/yes/no/d/811/il/U,0.35
bo/so/no/yes/m/792/il/U,bw/mu/no/no/m/818/il/A,0.4
bo/so/no/yes/m/792/il/U,bw/st/yes/no/m/827/il/A,0.21
bo/so/no/yes/m/792/il/U,bw/mu/no/yes/m/820/il/A,0.4
bo/so/no/yes/m/792/il/U,bw/mu/yes/no/d/843/il/A,0.4
bo/so/no/yes/m/792/il/U,bw/mu/no/yes/d/844/il/A,0.4
bo/so/no/yes/m/792/il/U,bo/mu/yes/yes/m/821/il/A,0.42
bo/so/no/yes/m/792/il/U,bw/mu/yes/no/m/819/il/A,0.4
bo/so/no/yes/m/792/il/U,bw/st/no/no/m/826/il/A,0.21
bo/so/no/yes/m/792/il/U,bw/so/no/no/d/810/il/U,0.34
bo/so/no/yes/m/792/il/U,bw/st/no/yes/m/828/il/A,0.32
bo/so/no/yes/m/792/il/U,bw/mu/yes/yes/m/817/il/A,0.4
bw/so/no/yes/d/812/il/U,bo/st/yes/yes/d/853/il/A,0.55
bw/so/no/yes/d/812/il/U,bo/st/no/no/d/854/il/A,0.56
bw/so/no/yes/d/812/il/U,bo/so/no/no/d/862/il/A,0.38
bw/so/no/yes/d/812/il/U,bo/st/yes/no/m/831/il/A,0.54
bw/so/no/yes/d/812/il/U,bw/so/no/yes/m/836/il/A,1.0
bw/so/no/yes/d/812/il/U,bw/so/yes/yes/d/809/il/U,0.86
bw/so/no/yes/d/812/il/U,bo/mu/no/yes/d/800/il/U,0.5
bw/so/no/yes/d/812/il/U,bo/st/yes/no/d/807/il/U,0.54
bw/so/no/yes/d/812/il/U,bo/so/no/no/m/838/il/A,0.38
bw/so/no/yes/d/812/il/U,bo/so/no/yes/d/864/il/A,0.4
bw/so/no/yes/d/812/il/U,bo/so/yes/no/d/863/il/A,0.53
bw/so/no/yes/d/812/il/U,bo/st/yes/no/d/855/il/A,0.54
bw/so/no/yes/d/812/il/U,bw/st/no/yes/d/852/il/A,0.47
bw/so/no/yes/d/812/il/U,bo/st/no/no/d/806/il/U,0.56
bw/so/no/yes/d/812/il/U,bo/so/yes/no/m/839/il/A,0.53
bw/so/no/yes/d/812/il/U,bw/st/yes/yes/d/801/il/U,0.45
bw/so/no/yes/d/812/il/U,bo/so/yes/yes/m/837/il/A,0.6
bw/so/no/yes/d/812/il/U,bo/st/no/yes/d/808/il/U,0.56
bw/so/no/yes/d/812/il/U,bo/st/no/no/m/830/il/A,0.56
bw/so/no/yes/d/812/il/U,bo/st/yes/yes/m/781/il/U,0.55
bw/so/no/yes/d/812/il/U,bo/mu/yes/no/m/775/il/U,0.49
bw/so/no/yes/d/812/il/U,bw/mu/no/yes/m/772/il/U,0.49
bw/so/no/yes/d/812/il/U,bw/so/no/no/m/786/il/U,0.74
bw/so/no/yes/d/812/il/U,bw/so/no/yes/m/788/il/U,1.0
bw/so/no/yes/d/812/il/U,bo/so/yes/yes/m/789/il/U,0.6
bw/so/no/yes/d/812/il/U,bw/so/yes/no/m/787/il/U,0.7
bw/so/no/yes/d/812/il/U,bo/mu/yes/yes/m/773/il/U,0.5
bw/so/no/yes/d/812/il/U,bo/mu/no/no/m/774/il/U,0.49
bw/so/no/yes/d/812/il/U,bw/st/no/yes/m/780/il/U,0.47
bw/so/no/yes/d/812/il/U,bw/mu/yes/yes/m/769/il/U,0.49
bw/so/no/yes/d/812/il/U,bw/mu/yes/yes/d/793/il/U,0.49
bw/so/no/yes/d/812/il/U,bw/mu/no/no/d/794/il/U,0.49
bw/so/no/yes/d/812/il/U,bw/mu/yes/no/d/795/il/U,0.49
bw/so/no/yes/d/812/il/U,bo/so/no/yes/m/792/il/U,0.4
bw/so/no/yes/d/812/il/U,bw/so/no/yes/d/812/il/U,1.0
bw/so/no/yes/d/812/il/U,bo/so/yes/no/d/815/il/U,0.53
bw/so/no/yes/d/812/il/U,bo/mu/yes/no/m/823/il/A,0.49
bw/so/no/yes/d/812/il/U,bo/mu/no/yes/m/824/il/A,0.5
bw/so/no/yes/d/812/il/U,bo/mu/no/yes/d/848/il/A,0.5
bw/so/no/yes/d/812/il/U,bw/mu/yes/yes/d/841/il/A,0.49
bw/so/no/yes/d/812/il/U,bo/mu/no/no/d/846/il/A,0.49
bw/so/no/yes/d/812/il/U,bw/st/yes/yes/m/825/il/A,0.45
bw/so/no/yes/d/812/il/U,bo/mu/no/no/m/822/il/A,0.49
bw/so/no/yes/d/812/il/U,bo/so/no/no/d/814/il/U,0.38
bw/so/no/yes/d/812/il/U,bo/so/yes/yes/d/813/il/U,0.6
bw/so/no/yes/d/812/il/U,bo/mu/yes/no/d/847/il/A,0.49
bw/so/no/yes/d/812/il/U,bo/so/no/yes/m/840/il/A,0.4
bw/so/no/yes/d/812/il/U,bw/st/yes/yes/d/849/il/A,0.45
bw/so/no/yes/d/812/il/U,bw/so/yes/no/m/835/il/A,0.7
bw/so/no/yes/d/812/il/U,bo/st/no/yes/m/832/il/A,0.56
bw/so/no/yes/d/812/il/U,bw/st/no/yes/d/804/il/U,0.47
bw/so/no/yes/d/812/il/U,bw/st/yes/no/d/803/il/U,0.32
bw/so/no/yes/d/812/il/U,bw/so/yes/yes/d/857/il/A,0.86
bw/so/no/yes/d/812/il/U,bw/st/no/no/d/850/il/A,0.32
bw/so/no/yes/d/812/il/U,bw/so/yes/no/d/859/il/A,0.7
bw/so/no/yes/d/812/il/U,bo/so/yes/yes/d/861/il/A,0.6
bw/so/no/yes/d/812/il/U,bw/st/no/no/d/802/il/U,0.32
bw/so/no/yes/d/812/il/U,bo/st/yes/yes/d/805/il/U,0.55
bw/so/no/yes/d/812/il/U,bw/so/yes/yes/m/833/il/A,0.86
bw/so/no/yes/d/812/il/U,bw/so/no/no/m/834/il/A,0.74
bw/so/no/yes/d/812/il/U,bw/so/no/yes/d/860/il/A,1.0
bw/so/no/yes/d/812/il/U,bw/so/no/no/d/858/il/A,0.74
bw/so/no/yes/d/812/il/U,bw/st/yes/no/d/851/il/A,0.32
bw/so/no/yes/d/812/il/U,bo/st/no/yes/d/856/il/A,0.56
bw/so/no/yes/d/812/il/U,bw/mu/yes/no/m/771/il/U,0.49
bw/so/no/yes/d/812/il/U,bw/so/yes/yes/m/785/il/U,0.86
bw/so/no/yes/d/812/il/U,bo/st/no/no/m/782/il/U,0.56
bw/so/no/yes/d/812/il/U,bo/mu/no/yes/m/776/il/U,0.5
bw/so/no/yes/d/812/il/U,bw/st/no/no/m/778/il/U,0.32
bw/so/no/yes/d/812/il/U,bw/st/yes/no/m/779/il/U,0.32
bw/so/no/yes/d/812/il/U,bw/st/yes/yes/m/777/il/U,0.45
bw/so/no/yes/d/812/il/U,bo/st/yes/no/m/783/il/U,0.54
bw/so/no/yes/d/812/il/U,bo/st/no/yes/m/784/il/U,0.56
bw/so/no/yes/d/812/il/U,bw/mu/no/no/m/770/il/U,0.49
bw/so/no/yes/d/812/il/U,bo/mu/yes/no/d/799/il/U,0.49
bw/so/no/yes/d/812/il/U,bo/mu/yes/yes/d/797/il/U,0.5
bw/so/no/yes/d/812/il/U,bo/so/no/no/m/790/il/U,0.38
bw/so/no/yes/d/812/il/U,bo/so/yes/no/m/791/il/U,0.53
bw/so/no/yes/d/812/il/U,bw/mu/no/yes/d/796/il/U,0.49
bw/so/no/yes/d/812/il/U,bo/mu/no/no/d/798/il/U,0.49
bw/so/no/yes/d/812/il/U,bo/mu/yes/yes/d/845/il/A,0.5
bw/so/no/yes/d/812/il/U,bw/mu/no/no/d/842/il/A,0.49
bw/so/no/yes/d/812/il/U,bo/st/yes/yes/m/829/il/A,0.55
bw/so/no/yes/d/812/il/U,bo/so/no/yes/d/816/il/U,0.4
bw/so/no/yes/d/812/il/U,bw/so/yes/no/d/811/il/U,0.7
bw/so/no/yes/d/812/il/U,bw/mu/no/no/m/818/il/A,0.49
bw/so/no/yes/d/812/il/U,bw/st/yes/no/m/827/il/A,0.32
bw/so/no/yes/d/812/il/U,bw/mu/no/yes/m/820/il/A,0.49
bw/so/no/yes/d/812/il/U,bw/mu/yes/no/d/843/il/A,0.49
bw/so/no/yes/d/812/il/U,bw/mu/no/yes/d/844/il/A,0.49
bw/so/no/yes/d/812/il/U,bo/mu/yes/yes/m/821/il/A,0.5
bw/so/no/yes/d/812/il/U,bw/mu/yes/no/m/819/il/A,0.49
bw/so/no/yes/d/812/il/U,bw/st/no/no/m/826/il/A,0.32
bw/so/no/yes/d/812/il/U,bw/so/no/no/d/810/il/U,0.74
bw/so/no/yes/d/812/il/U,bw/st/no/yes/m/828/il/A,0.47
bw/so/no/yes/d/812/il/U,bw/mu/yes/yes/m/817/il/A,0.49
bo/so/yes/no/d/815/il/U,bo/st/yes/yes/d/853/il/A,0.6
bo/so/yes/no/d/815/il/U,bo/st/no/no/d/854/il/A,0.6
bo/so/yes/no/d/815/il/U,bo/so/no/no/d/862/il/A,0.57
bo/so/yes/no/d/815/il/U,bo/st/yes/no/m/831/il/A,0.6
bo/so/yes/no/d/815/il/U,bw/so/no/yes/m/836/il/A,0.53
bo/so/yes/no/d/815/il/U,bw/so/yes/yes/d/809/il/U,0.54
bo/so/yes/no/d/815/il/U,bo/mu/no/yes/d/800/il/U,0.54
bo/so/yes/no/d/815/il/U,bo/st/yes/no/d/807/il/U,0.6
bo/so/yes/no/d/815/il/U,bo/so/no/no/m/838/il/A,0.57
bo/so/yes/no/d/815/il/U,bo/so/no/yes/d/864/il/A,0.47
bo/so/yes/no/d/815/il/U,bo/so/yes/no/d/863/il/A,1.0
bo/so/yes/no/d/815/il/U,bo/st/yes/no/d/855/il/A,0.6
bo/so/yes/no/d/815/il/U,bw/st/no/yes/d/852/il/A,0.46
bo/so/yes/no/d/815/il/U,bo/st/no/no/d/806/il/U,0.6
bo/so/yes/no/d/815/il/U,bo/so/yes/no/m/839/il/A,1.0
bo/so/yes/no/d/815/il/U,bw/st/yes/yes/d/801/il/U,0.44
bo/so/yes/no/d/815/il/U,bo/so/yes/yes/m/837/il/A,0.75
bo/so/yes/no/d/815/il/U,bo/st/no/yes/d/808/il/U,0.6
bo/so/yes/no/d/815/il/U,bo/st/no/no/m/830/il/A,0.6
bo/so/yes/no/d/815/il/U,bo/st/yes/yes/m/781/il/U,0.6
bo/so/yes/no/d/815/il/U,bo/mu/yes/no/m/775/il/U,0.53
bo/so/yes/no/d/815/il/U,bw/mu/no/yes/m/772/il/U,0.51
bo/so/yes/no/d/815/il/U,bw/so/no/no/m/786/il/U,0.57
bo/so/yes/no/d/815/il/U,bw/so/no/yes/m/788/il/U,0.53
bo/so/yes/no/d/815/il/U,bo/so/yes/yes/m/789/il/U,0.75
bo/so/yes/no/d/815/il/U,bw/so/yes/no/m/787/il/U,0.59
bo/so/yes/no/d/815/il/U,bo/mu/yes/yes/m/773/il/U,0.53
bo/so/yes/no/d/815/il/U,bo/mu/no/no/m/774/il/U,0.53
bo/so/yes/no/d/815/il/U,bw/st/no/yes/m/780/il/U,0.46
bo/so/yes/no/d/815/il/U,bw/mu/yes/yes/m/769/il/U,0.51
bo/so/yes/no/d/815/il/U,bw/mu/yes/yes/d/793/il/U,0.51
bo/so/yes/no/d/815/il/U,bw/mu/no/no/d/794/il/U,0.51
bo/so/yes/no/d/815/il/U,bw/mu/yes/no/d/795/il/U,0.51
bo/so/yes/no/d/815/il/U,bo/so/no/yes/m/792/il/U,0.47
bo/so/yes/no/d/815/il/U,bw/so/no/yes/d/812/il/U,0.53
bo/so/yes/no/d/815/il/U,bo/so/yes/no/d/815/il/U,1.0
bo/so/yes/no/d/815/il/U,bo/mu/yes/no/m/823/il/A,0.53
bo/so/yes/no/d/815/il/U,bo/mu/no/yes/m/824/il/A,0.54
bo/so/yes/no/d/815/il/U,bo/mu/no/yes/d/848/il/A,0.54
bo/so/yes/no/d/815/il/U,bw/mu/yes/yes/d/841/il/A,0.51
bo/so/yes/no/d/815/il/U,bo/mu/no/no/d/846/il/A,0.53
bo/so/yes/no/d/815/il/U,bw/st/yes/yes/m/825/il/A,0.44
bo/so/yes/no/d/815/il/U,bo/mu/no/no/m/822/il/A,0.53
bo/so/yes/no/d/815/il/U,bo/so/no/no/d/814/il/U,0.57
bo/so/yes/no/d/815/il/U,bo/so/yes/yes/d/813/il/U,0.75
bo/so/yes/no/d/815/il/U,bo/mu/yes/no/d/847/il/A,0.53
bo/so/yes/no/d/815/il/U,bo/so/no/yes/m/840/il/A,0.47
bo/so/yes/no/d/815/il/U,bw/st/yes/yes/d/849/il/A,0.44
bo/so/yes/no/d/815/il/U,bw/so/yes/no/m/835/il/A,0.59
bo/so/yes/no/d/815/il/U,bo/st/no/yes/m/832/il/A,0.6
bo/so/yes/no/d/815/il/U,bw/st/no/yes/d/804/il/U,0.46
bo/so/yes/no/d/815/il/U,bw/st/yes/no/d/803/il/U,0.31
bo/so/yes/no/d/815/il/U,bw/so/yes/yes/d/857/il/A,0.54
bo/so/yes/no/d/815/il/U,bw/st/no/no/d/850/il/A,0.32
bo/so/yes/no/d/815/il/U,bw/so/yes/no/d/859/il/A,0.59
bo/so/yes/no/d/815/il/U,bo/so/yes/yes/d/861/il/A,0.75
bo/so/yes/no/d/815/il/U,bw/st/no/no/d/802/il/U,0.32
bo/so/yes/no/d/815/il/U,bo/st/yes/yes/d/805/il/U,0.6
bo/so/yes/no/d/815/il/U,bw/so/yes/yes/m/833/il/A,0.54
bo/so/yes/no/d/815/il/U,bw/so/no/no/m/834/il/A,0.57
bo/so/yes/no/d/815/il/U,bw/so/no/yes/d/860/il/A,0.53
bo/so/yes/no/d/815/il/U,bw/so/no/no/d/858/il/A,0.57
bo/so/yes/no/d/815/il/U,bw/st/yes/no/d/851/il/A,0.31
bo/so/yes/no/d/815/il/U,bo/st/no/yes/d/856/il/A,0.6
bo/so/yes/no/d/815/il/U,bw/mu/yes/no/m/771/il/U,0.51
bo/so/yes/no/d/815/il/U,bw/so/yes/yes/m/785/il/U,0.54
bo/so/yes/no/d/815/il/U,bo/st/no/no/m/782/il/U,0.6
bo/so/yes/no/d/815/il/U,bo/mu/no/yes/m/776/il/U,0.54
bo/so/yes/no/d/815/il/U,bw/st/no/no/m/778/il/U,0.32
bo/so/yes/no/d/815/il/U,bw/st/yes/no/m/779/il/U,0.31
bo/so/yes/no/d/815/il/U,bw/st/yes/yes/m/777/il/U,0.44
bo/so/yes/no/d/815/il/U,bo/st/yes/no/m/783/il/U,0.6
bo/so/yes/no/d/815/il/U,bo/st/no/yes/m/784/il/U,0.6
bo/so/yes/no/d/815/il/U,bw/mu/no/no/m/770/il/U,0.51
bo/so/yes/no/d/815/il/U,bo/mu/yes/no/d/799/il/U,0.53
bo/so/yes/no/d/815/il/U,bo/mu/yes/yes/d/797/il/U,0.53
bo/so/yes/no/d/815/il/U,bo/so/no/no/m/790/il/U,0.57
bo/so/yes/no/d/815/il/U,bo/so/yes/no/m/791/il/U,1.0
bo/so/yes/no/d/815/il/U,bw/mu/no/yes/d/796/il/U,0.51
bo/so/yes/no/d/815/il/U,bo/mu/no/no/d/798/il/U,0.53
bo/so/yes/no/d/815/il/U,bo/mu/yes/yes/d/845/il/A,0.53
bo/so/yes/no/d/815/il/U,bw/mu/no/no/d/842/il/A,0.51
bo/so/yes/no/d/815/il/U,bo/st/yes/yes/m/829/il/A,0.6
bo/so/yes/no/d/815/il/U,bo/so/no/yes/d/816/il/U,0.47
bo/so/yes/no/d/815/il/U,bw/so/yes/no/d/811/il/U,0.59
bo/so/yes/no/d/815/il/U,bw/mu/no/no/m/818/il/A,0.51
bo/so/yes/no/d/815/il/U,bw/st/yes/no/m/827/il/A,0.31
bo/so/yes/no/d/815/il/U,bw/mu/no/yes/m/820/il/A,0.51
bo/so/yes/no/d/815/il/U,bw/mu/yes/no/d/843/il/A,0.51
bo/so/yes/no/d/815/il/U,bw/mu/no/yes/d/844/il/A,0.51
bo/so/yes/no/d/815/il/U,bo/mu/yes/yes/m/821/il/A,0.53
bo/so/yes/no/d/815/il/U,bw/mu/yes/no/m/819/il/A,0.51
bo/so/yes/no/d/815/il/U,bw/st/no/no/m/826/il/A,0.32
bo/so/yes/no/d/815/il/U,bw/so/no/no/d/810/il/U,0.57
bo/so/yes/no/d/815/il/U,bw/st/no/yes/m/828/il/A,0.46
bo/so/yes/no/d/815/il/U,bw/mu/yes/yes/m/817/il/A,0.51
bo/mu/yes/no/m/823/il/A,bo/st/yes/yes/d/853/il/A,0.7
bo/mu/yes/no/m/823/il/A,bo/st/no/no/d/854/il/A,0.68
bo/mu/yes/no/m/823/il/A,bo/so/no/no/d/862/il/A,0.41
bo/mu/yes/no/m/823/il/A,bo/st/yes/no/m/831/il/A,0.68
bo/mu/yes/no/m/823/il/A,bw/so/no/yes/m/836/il/A,0.49
bo/mu/yes/no/m/823/il/A,bw/so/yes/yes/d/809/il/U,0.49
bo/mu/yes/no/m/823/il/A,bo/mu/no/yes/d/800/il/U,0.94
bo/mu/yes/no/m/823/il/A,bo/st/yes/no/d/807/il/U,0.68
bo/mu/yes/no/m/823/il/A,bo/so/no/no/m/838/il/A,0.41
bo/mu/yes/no/m/823/il/A,bo/so/no/yes/d/864/il/A,0.42
bo/mu/yes/no/m/823/il/A,bo/so/yes/no/d/863/il/A,0.53
bo/mu/yes/no/m/823/il/A,bo/st/yes/no/d/855/il/A,0.68
bo/mu/yes/no/m/823/il/A,bw/st/no/yes/d/852/il/A,0.62
bo/mu/yes/no/m/823/il/A,bo/st/no/no/d/806/il/U,0.68
bo/mu/yes/no/m/823/il/A,bo/so/yes/no/m/839/il/A,0.53
bo/mu/yes/no/m/823/il/A,bw/st/yes/yes/d/801/il/U,0.59
bo/mu/yes/no/m/823/il/A,bo/so/yes/yes/m/837/il/A,0.58
bo/mu/yes/no/m/823/il/A,bo/st/no/yes/d/808/il/U,0.7
bo/mu/yes/no/m/823/il/A,bo/st/no/no/m/830/il/A,0.68
bo/mu/yes/no/m/823/il/A,bo/st/yes/yes/m/781/il/U,0.7
bo/mu/yes/no/m/823/il/A,bo/mu/yes/no/m/775/il/U,1.0
bo/mu/yes/no/m/823/il/A,bw/mu/no/yes/m/772/il/U,0.89
bo/mu/yes/no/m/823/il/A,bw/so/no/no/m/786/il/U,0.46
bo/mu/yes/no/m/823/il/A,bw/so/no/yes/m/788/il/U,0.49
bo/mu/yes/no/m/823/il/A,bo/so/yes/yes/m/789/il/U,0.58
bo/mu/yes/no/m/823/il/A,bw/so/yes/no/m/787/il/U,0.47
bo/mu/yes/no/m/823/il/A,bo/mu/yes/yes/m/773/il/U,0.95
bo/mu/yes/no/m/823/il/A,bo/mu/no/no/m/774/il/U,0.96
bo/mu/yes/no/m/823/il/A,bw/st/no/yes/m/780/il/U,0.62
bo/mu/yes/no/m/823/il/A,bw/mu/yes/yes/m/769/il/U,0.9
bo/mu/yes/no/m/823/il/A,bw/mu/yes/yes/d/793/il/U,0.9
bo/mu/yes/no/m/823/il/A,bw/mu/no/no/d/794/il/U,0.9
bo/mu/yes/no/m/823/il/A,bw/mu/yes/no/d/795/il/U,0.91
bo/mu/yes/no/m/823/il/A,bo/so/no/yes/m/792/il/U,0.42
bo/mu/yes/no/m/823/il/A,bw/so/no/yes/d/812/il/U,0.49
bo/mu/yes/no/m/823/il/A,bo/so/yes/no/d/815/il/U,0.53
bo/mu/yes/no/m/823/il/A,bo/mu/yes/no/m/823/il/A,1.0
bo/mu/yes/no/m/823/il/A,bo/mu/no/yes/m/824/il/A,0.94
bo/mu/yes/no/m/823/il/A,bo/mu/no/yes/d/848/il/A,0.94
bo/mu/yes/no/m/823/il/A,bw/mu/yes/yes/d/841/il/A,0.9
bo/mu/yes/no/m/823/il/A,bo/mu/no/no/d/846/il/A,0.96
bo/mu/yes/no/m/823/il/A,bw/st/yes/yes/m/825/il/A,0.59
bo/mu/yes/no/m/823/il/A,bo/mu/no/no/m/822/il/A,0.96
bo/mu/yes/no/m/823/il/A,bo/so/no/no/d/814/il/U,0.41
bo/mu/yes/no/m/823/il/A,bo/so/yes/yes/d/813/il/U,0.58
bo/mu/yes/no/m/823/il/A,bo/mu/yes/no/d/847/il/A,1.0
bo/mu/yes/no/m/823/il/A,bo/so/no/yes/m/840/il/A,0.42
bo/mu/yes/no/m/823/il/A,bw/st/yes/yes/d/849/il/A,0.59
bo/mu/yes/no/m/823/il/A,bw/so/yes/no/m/835/il/A,0.47
bo/mu/yes/no/m/823/il/A,bo/st/no/yes/m/832/il/A,0.7
bo/mu/yes/no/m/823/il/A,bw/st/no/yes/d/804/il/U,0.62
bo/mu/yes/no/m/823/il/A,bw/st/yes/no/d/803/il/U,0.39
bo/mu/yes/no/m/823/il/A,bw/so/yes/yes/d/857/il/A,0.49
bo/mu/yes/no/m/823/il/A,bw/st/no/no/d/850/il/A,0.4
bo/mu/yes/no/m/823/il/A,bw/so/yes/no/d/859/il/A,0.47
bo/mu/yes/no/m/823/il/A,bo/so/yes/yes/d/861/il/A,0.58
bo/mu/yes/no/m/823/il/A,bw/st/no/no/d/802/il/U,0.4
bo/mu/yes/no/m/823/il/A,bo/st/yes/yes/d/805/il/U,0.7
bo/mu/yes/no/m/823/il/A,bw/so/yes/yes/m/833/il/A,0.49
bo/mu/yes/no/m/823/il/A,bw/so/no/no/m/834/il/A,0.46
bo/mu/yes/no/m/823/il/A,bw/so/no/yes/d/860/il/A,0.49
bo/mu/yes/no/m/823/il/A,bw/so/no/no/d/858/il/A,0.46
bo/mu/yes/no/m/823/il/A,bw/st/yes/no/d/851/il/A,0.39
bo/mu/yes/no/m/823/il/A,bo/st/no/yes/d/856/il/A,0.7
bo/mu/yes/no/m/823/il/A,bw/mu/yes/no/m/771/il/U,0.91
bo/mu/yes/no/m/823/il/A,bw/so/yes/yes/m/785/il/U,0.49
bo/mu/yes/no/m/823/il/A,bo/st/no/no/m/782/il/U,0.68
bo/mu/yes/no/m/823/il/A,bo/mu/no/yes/m/776/il/U,0.94
bo/mu/yes/no/m/823/il/A,bw/st/no/no/m/778/il/U,0.4
bo/mu/yes/no/m/823/il/A,bw/st/yes/no/m/779/il/U,0.39
bo/mu/yes/no/m/823/il/A,bw/st/yes/yes/m/777/il/U,0.59
bo/mu/yes/no/m/823/il/A,bo/st/yes/no/m/783/il/U,0.68
bo/mu/yes/no/m/823/il/A,bo/st/no/yes/m/784/il/U,0.7
bo/mu/yes/no/m/823/il/A,bw/mu/no/no/m/770/il/U,0.9
bo/mu/yes/no/m/823/il/A,bo/mu/yes/no/d/799/il/U,1.0
bo/mu/yes/no/m/823/il/A,bo/mu/yes/yes/d/797/il/U,0.95
bo/mu/yes/no/m/823/il/A,bo/so/no/no/m/790/il/U,0.41
bo/mu/yes/no/m/823/il/A,bo/so/yes/no/m/791/il/U,0.53
bo/mu/yes/no/m/823/il/A,bw/mu/no/yes/d/796/il/U,0.89
bo/mu/yes/no/m/823/il/A,bo/mu/no/no/d/798/il/U,0.96
bo/mu/yes/no/m/823/il/A,bo/mu/yes/yes/d/845/il/A,0.95
bo/mu/yes/no/m/823/il/A,bw/mu/no/no/d/842/il/A,0.9
bo/mu/yes/no/m/823/il/A,bo/st/yes/yes/m/829/il/A,0.7
bo/mu/yes/no/m/823/il/A,bo/so/no/yes/d/816/il/U,0.42
bo/mu/yes/no/m/823/il/A,bw/so/yes/no/d/811/il/U,0.47
bo/mu/yes/no/m/823/il/A,bw/mu/no/no/m/818/il/A,0.9
bo/mu/yes/no/m/823/il/A,bw/st/yes/no/m/827/il/A,0.39
bo/mu/yes/no/m/823/il/A,bw/mu/no/yes/m/820/il/A,0.89
bo/mu/yes/no/m/823/il/A,bw/mu/yes/no/d/843/il/A,0.91
bo/mu/yes/no/m/823/il/A,bw/mu/no/yes/d/844/il/A,0.89
bo/mu/yes/no/m/823/il/A,bo/mu/yes/yes/m/821/il/A,0.95
bo/mu/yes/no/m/823/il/A,bw/mu/yes/no/m/819/il/A,0.91
bo/mu/yes/no/m/823/il/A,bw/st/no/no/m/826/il/A,0.4
bo/mu/yes/no/m/823/il/A,bw/so/no/no/d/810/il/U,0.46
bo/mu/yes/no/m/823/il/A,bw/st/no/yes/m/828/il/A,0.62
bo/mu/yes/no/m/823/il/A,bw/mu/yes/yes/m/817/il/A,0.9
bo/mu/no/yes/m/824/il/A,bo/st/yes/yes/d/853/il/A,0.71
bo/mu/no/yes/m/824/il/A,bo/st/no/no/d/854/il/A,0.69
bo/mu/no/yes/m/824/il/A,bo/so/no/no/d/862/il/A,0.41
bo/mu/no/yes/m/824/il/A,bo/st/yes/no/m/831/il/A,0.69
bo/mu/no/yes/m/824/il/A,bw/so/no/yes/m/836/il/A,0.5
bo/mu/no/yes/m/824/il/A,bw/so/yes/yes/d/809/il/U,0.49
bo/mu/no/yes/m/824/il/A,bo/mu/no/yes/d/800/il/U,1.0
bo/mu/no/yes/m/824/il/A,bo/st/yes/no/d/807/il/U,0.69
bo/mu/no/yes/m/824/il/A,bo/so/no/no/m/838/il/A,0.41
bo/mu/no/yes/m/824/il/A,bo/so/no/yes/d/864/il/A,0.43
bo/mu/no/yes/m/824/il/A,bo/so/yes/no/d/863/il/A,0.54
bo/mu/no/yes/m/824/il/A,bo/st/yes/no/d/855/il/A,0.69
bo/mu/no/yes/m/824/il/A,bw/st/no/yes/d/852/il/A,0.62
bo/mu/no/yes/m/824/il/A,bo/st/no/no/d/806/il/U,0.69
bo/mu/no/yes/m/824/il/A,bo/so/yes/no/m/839/il/A,0.54
bo/mu/no/yes/m/824/il/A,bw/st/yes/yes/d/801/il/U,0.59
bo/mu/no/yes/m/824/il/A,bo/so/yes/yes/m/837/il/A,0.59
bo/mu/no/yes/m/824/il/A,bo/st/no/yes/d/808/il/U,0.72
bo/mu/no/yes/m/824/il/A,bo/st/no/no/m/830/il/A,0.69
bo/mu/no/yes/m/824/il/A,bo/st/yes/yes/m/781/il/U,0.71
bo/mu/no/yes/m/824/il/A,bo/mu/yes/no/m/775/il/U,0.94
bo/mu/no/yes/m/824/il/A,bw/mu/no/yes/m/772/il/U,0.89
bo/mu/no/yes/m/824/il/A,bw/so/no/no/m/786/il/U,0.46
bo/mu/no/yes/m/824/il/A,bw/so/no/yes/m/788/il/U,0.5
bo/mu/no/yes/m/824/il/A,bo/so/yes/yes/m/789/il/U,0.59
bo/mu/no/yes/m/824/il/A,bw/so/yes/no/m/787/il/U,0.47
bo/mu/no/yes/m/824/il/A,bo/mu/yes/yes/m/773/il/U,0.96
bo/mu/no/yes/m/824/il/A,bo/mu/no/no/m/774/il/U,0.95
bo/mu/no/yes/m/824/il/A,bw/st/no/yes/m/780/il/U,0.62
bo/mu/no/yes/m/824/il/A,bw/mu/yes/yes/m/769/il/U,0.9
bo/mu/no/yes/m/824/il/A,bw/mu/yes/yes/d/793/il/U,0.9
bo/mu/no/yes/m/824/il/A,bw/mu/no/no/d/794/il/U,0.88
bo/mu/no/yes/m/824/il/A,bw/mu/yes/no/d/795/il/U,0.88
bo/mu/no/yes/m/824/il/A,bo/so/no/yes/m/792/il/U,0.43
bo/mu/no/yes/m/824/il/A,bw/so/no/yes/d/812/il/U,0.5
bo/mu/no/yes/m/824/il/A,bo/so/yes/no/d/815/il/U,0.54
bo/mu/no/yes/m/824/il/A,bo/mu/yes/no/m/823/il/A,0.94
bo/mu/no/yes/m/824/il/A,bo/mu/no/yes/m/824/il/A,1.0
bo/mu/no/yes/m/824/il/A,bo/mu/no/yes/d/848/il/A,1.0
bo/mu/no/yes/m/824/il/A,bw/mu/yes/yes/d/841/il/A,0.9
bo/mu/no/yes/m/824/il/A,bo/mu/no/no/d/846/il/A,0.95
bo/mu/no/yes/m/824/il/A,bw/st/yes/yes/m/825/il/A,0.59
bo/mu/no/yes/m/824/il/A,bo/mu/no/no/m/822/il/A,0.95
bo/mu/no/yes/m/824/il/A,bo/so/no/no/d/814/il/U,0.41
bo/mu/no/yes/m/824/il/A,bo/so/yes/yes/d/813/il/U,0.59
bo/mu/no/yes/m/824/il/A,bo/mu/yes/no/d/847/il/A,0.94
bo/mu/no/yes/m/824/il/A,bo/so/no/yes/m/840/il/A,0.43
bo/mu/no/yes/m/824/il/A,bw/st/yes/yes/d/849/il/A,0.59
bo/mu/no/yes/m/824/il/A,bw/so/yes/no/m/835/il/A,0.47
bo/mu/no/yes/m/824/il/A,bo/st/no/yes/m/832/il/A,0.72
bo/mu/no/yes/m/824/il/A,bw/st/no/yes/d/804/il/U,0.62
bo/mu/no/yes/m/824/il/A,bw/st/yes/no/d/803/il/U,0.39
bo/mu/no/yes/m/824/il/A,bw/so/yes/yes/d/857/il/A,0.49
bo/mu/no/yes/m/824/il/A,bw/st/no/no/d/850/il/A,0.4
bo/mu/no/yes/m/824/il/A,bw/so/yes/no/d/859/il/A,0.47
bo/mu/no/yes/m/824/il/A,bo/so/yes/yes/d/861/il/A,0.59
bo/mu/no/yes/m/824/il/A,bw/st/no/no/d/802/il/U,0.4
bo/mu/no/yes/m/824/il/A,bo/st/yes/yes/d/805/il/U,0.71
bo/mu/no/yes/m/824/il/A,bw/so/yes/yes/m/833/il/A,0.49
bo/mu/no/yes/m/824/il/A,bw/so/no/no/m/834/il/A,0.46
bo/mu/no/yes/m/824/il/A,bw/so/no/yes/d/860/il/A,0.5
bo/mu/no/yes/m/824/il/A,bw/so/no/no/d/858/il/A,0.46
bo/mu/no/yes/m/824/il/A,bw/st/yes/no/d/851/il/A,0.39
bo/mu/no/yes/m/824/il/A,bo/st/no/yes/d/856/il/A,0.72
bo/mu/no/yes/m/824/il/A,bw/mu/yes/no/m/771/il/U,0.88
bo/mu/no/yes/m/824/il/A,bw/so/yes/yes/m/785/il/U,0.49
bo/mu/no/yes/m/824/il/A,bo/st/no/no/m/782/il/U,0.69
bo/mu/no/yes/m/824/il/A,bo/mu/no/yes/m/776/il/U,1.0
bo/mu/no/yes/m/824/il/A,bw/st/no/no/m/778/il/U,0.4
bo/mu/no/yes/m/824/il/A,bw/st/yes/no/m/779/il/U,0.39
bo/mu/no/yes/m/824/il/A,bw/st/yes/yes/m/777/il/U,0.59
bo/mu/no/yes/m/824/il/A,bo/st/yes/no/m/783/il/U,0.69
bo/mu/no/yes/m/824/il/A,bo/st/no/yes/m/784/il/U,0.72
bo/mu/no/yes/m/824/il/A,bw/mu/no/no/m/770/il/U,0.88
bo/mu/no/yes/m/824/il/A,bo/mu/yes/no/d/799/il/U,0.94
bo/mu/no/yes/m/824/il/A,bo/mu/yes/yes/d/797/il/U,0.96
bo/mu/no/yes/m/824/il/A,bo/so/no/no/m/790/il/U,0.41
bo/mu/no/yes/m/824/il/A,bo/so/yes/no/m/791/il/U,0.54
bo/mu/no/yes/m/824/il/A,bw/mu/no/yes/d/796/il/U,0.89
bo/mu/no/yes/m/824/il/A,bo/mu/no/no/d/798/il/U,0.95
bo/mu/no/yes/m/824/il/A,bo/mu/yes/yes/d/845/il/A,0.96
bo/mu/no/yes/m/824/il/A,bw/mu/no/no/d/842/il/A,0.88
bo/mu/no/yes/m/824/il/A,bo/st/yes/yes/m/829/il/A,0.71
bo/mu/no/yes/m/824/il/A,bo/so/no/yes/d/816/il/U,0.43
bo/mu/no/yes/m/824/il/A,bw/so/yes/no/d/811/il/U,0.47
bo/mu/no/yes/m/824/il/A,bw/mu/no/no/m/818/il/A,0.88
bo/mu/no/yes/m/824/il/A,bw/st/yes/no/m/827/il/A,0.39
bo/mu/no/yes/m/824/il/A,bw/mu/no/yes/m/820/il/A,0.89
bo/mu/no/yes/m/824/il/A,bw/mu/yes/no/d/843/il/A,0.88
bo/mu/no/yes/m/824/il/A,bw/mu/no/yes/d/844/il/A,0.89
bo/mu/no/yes/m/824/il/A,bo/mu/yes/yes/m/821/il/A,0.96
bo/mu/no/yes/m/824/il/A,bw/mu/yes/no/m/819/il/A,0.88
bo/mu/no/yes/m/824/il/A,bw/st/no/no/m/826/il/A,0.4
bo/mu/no/yes/m/824/il/A,bw/so/no/no/d/810/il/U,0.46
bo/mu/no/yes/m/824/il/A,bw/st/no/yes/m/828/il/A,0.62
bo/mu/no/yes/m/824/il/A,bw/mu/yes/yes/m/817/il/A,0.9
bo/mu/no/yes/d/848/il/A,bo/st/yes/yes/d/853/il/A,0.71
bo/mu/no/yes/d/848/il/A,bo/st/no/no/d/854/il/A,0.69
bo/mu/no/yes/d/848/il/A,bo/so/no/no/d/862/il/A,0.41
bo/mu/no/yes/d/848/il/A,bo/st/yes/no/m/831/il/A,0.69
bo/mu/no/yes/d/848/il/A,bw/so/no/yes/m/836/il/A,0.5
bo/mu/no/yes/d/848/il/A,bw/so/yes/yes/d/809/il/U,0.49
bo/mu/no/yes/d/848/il/A,bo/mu/no/yes/d/800/il/U,1.0
bo/mu/no/yes/d/848/il/A,bo/st/yes/no/d/807/il/U,0.69
bo/mu/no/yes/d/848/il/A,bo/so/no/no/m/838/il/A,0.41
bo/mu/no/yes/d/848/il/A,bo/so/no/yes/d/864/il/A,0.43
bo/mu/no/yes/d/848/il/A,bo/so/yes/no/d/863/il/A,0.54
bo/mu/no/yes/d/848/il/A,bo/st/yes/no/d/855/il/A,0.69
bo/mu/no/yes/d/848/il/A,bw/st/no/yes/d/852/il/A,0.62
bo/mu/no/yes/d/848/il/A,bo/st/no/no/d/806/il/U,0.69
bo/mu/no/yes/d/848/il/A,bo/so/yes/no/m/839/il/A,0.54
bo/mu/no/yes/d/848/il/A,bw/st/yes/yes/d/801/il/U,0.59
bo/mu/no/yes/d/848/il/A,bo/so/yes/yes/m/837/il/A,0.59
bo/mu/no/yes/d/848/il/A,bo/st/no/yes/d/808/il/U,0.72
bo/mu/no/yes/d/848/il/A,bo/st/no/no/m/830/il/A,0.69
bo/mu/no/yes/d/848/il/A,bo/st/yes/yes/m/781/il/U,0.71
bo/mu/no/yes/d/848/il/A,bo/mu/yes/no/m/775/il/U,0.94
bo/mu/no/yes/d/848/il/A,bw/mu/no/yes/m/772/il/U,0.89
bo/mu/no/yes/d/848/il/A,bw/so/no/no/m/786/il/U,0.46
bo/mu/no/yes/d/848/il/A,bw/so/no/yes/m/788/il/U,0.5
bo/mu/no/yes/d/848/il/A,bo/so/yes/yes/m/789/il/U,0.59
bo/mu/no/yes/d/848/il/A,bw/so/yes/no/m/787/il/U,0.47
bo/mu/no/yes/d/848/il/A,bo/mu/yes/yes/m/773/il/U,0.96
bo/mu/no/yes/d/848/il/A,bo/mu/no/no/m/774/il/U,0.95
bo/mu/no/yes/d/848/il/A,bw/st/no/yes/m/780/il/U,0.62
bo/mu/no/yes/d/848/il/A,bw/mu/yes/yes/m/769/il/U,0.9
bo/mu/no/yes/d/848/il/A,bw/mu/yes/yes/d/793/il/U,0.9
bo/mu/no/yes/d/848/il/A,bw/mu/no/no/d/794/il/U,0.88
bo/mu/no/yes/d/848/il/A,bw/mu/yes/no/d/795/il/U,0.88
bo/mu/no/yes/d/848/il/A,bo/so/no/yes/m/792/il/U,0.43
bo/mu/no/yes/d/848/il/A,bw/so/no/yes/d/812/il/U,0.5
bo/mu/no/yes/d/848/il/A,bo/so/yes/no/d/815/il/U,0.54
bo/mu/no/yes/d/848/il/A,bo/mu/yes/no/m/823/il/A,0.94
bo/mu/no/yes/d/848/il/A,bo/mu/no/yes/m/824/il/A,1.0
bo/mu/no/yes/d/848/il/A,bo/mu/no/yes/d/848/il/A,1.0
bo/mu/no/yes/d/848/il/A,bw/mu/yes/yes/d/841/il/A,0.9
bo/mu/no/yes/d/848/il/A,bo/mu/no/no/d/846/il/A,0.95
bo/mu/no/yes/d/848/il/A,bw/st/yes/yes/m/825/il/A,0.59
bo/mu/no/yes/d/848/il/A,bo/mu/no/no/m/822/il/A,0.95
bo/mu/no/yes/d/848/il/A,bo/so/no/no/d/814/il/U,0.41
bo/mu/no/yes/d/848/il/A,bo/so/yes/yes/d/813/il/U,0.59
bo/mu/no/yes/d/848/il/A,bo/mu/yes/no/d/847/il/A,0.94
bo/mu/no/yes/d/848/il/A,bo/so/no/yes/m/840/il/A,0.43
bo/mu/no/yes/d/848/il/A,bw/st/yes/yes/d/849/il/A,0.59
bo/mu/no/yes/d/848/il/A,bw/so/yes/no/m/835/il/A,0.47
bo/mu/no/yes/d/848/il/A,bo/st/no/yes/m/832/il/A,0.72
bo/mu/no/yes/d/848/il/A,bw/st/no/yes/d/804/il/U,0.62
bo/mu/no/yes/d/848/il/A,bw/st/yes/no/d/803/il/U,0.39
bo/mu/no/yes/d/848/il/A,bw/so/yes/yes/d/857/il/A,0.49
bo/mu/no/yes/d/848/il/A,bw/st/no/no/d/850/il/A,0.4
bo/mu/no/yes/d/848/il/A,bw/so/yes/no/d/859/il/A,0.47
bo/mu/no/yes/d/848/il/A,bo/so/yes/yes/d/861/il/A,0.59
bo/mu/no/yes/d/848/il/A,bw/st/no/no/d/802/il/U,0.4
bo/mu/no/yes/d/848/il/A,bo/st/yes/yes/d/805/il/U,0.71
bo/mu/no/yes/d/848/il/A,bw/so/yes/yes/m/833/il/A,0.49
bo/mu/no/yes/d/848/il/A,bw/so/no/no/m/834/il/A,0.46
bo/mu/no/yes/d/848/il/A,bw/so/no/yes/d/860/il/A,0.5
bo/mu/no/yes/d/848/il/A,bw/so/no/no/d/858/il/A,0.46
bo/mu/no/yes/d/848/il/A,bw/st/yes/no/d/851/il/A,0.39
bo/mu/no/yes/d/848/il/A,bo/st/no/yes/d/856/il/A,0.72
bo/mu/no/yes/d/848/il/A,bw/mu/yes/no/m/771/il/U,0.88
bo/mu/no/yes/d/848/il/A,bw/so/yes/yes/m/785/il/U,0.49
bo/mu/no/yes/d/848/il/A,bo/st/no/no/m/782/il/U,0.69
bo/mu/no/yes/d/848/il/A,bo/mu/no/yes/m/776/il/U,1.0
bo/mu/no/yes/d/848/il/A,bw/st/no/no/m/778/il/U,0.4
bo/mu/no/yes/d/848/il/A,bw/st/yes/no/m/779/il/U,0.39
bo/mu/no/yes/d/848/il/A,bw/st/yes/yes/m/777/il/U,0.59
bo/mu/no/yes/d/848/il/A,bo/st/yes/no/m/783/il/U,0.69
bo/mu/no/yes/d/848/il/A,bo/st/no/yes/m/784/il/U,0.72
bo/mu/no/yes/d/848/il/A,bw/mu/no/no/m/770/il/U,0.88
bo/mu/no/yes/d/848/il/A,bo/mu/yes/no/d/799/il/U,0.94
bo/mu/no/yes/d/848/il/A,bo/mu/yes/yes/d/797/il/U,0.96
bo/mu/no/yes/d/848/il/A,bo/so/no/no/m/790/il/U,0.41
bo/mu/no/yes/d/848/il/A,bo/so/yes/no/m/791/il/U,0.54
bo/mu/no/yes/d/848/il/A,bw/mu/no/yes/d/796/il/U,0.89
bo/mu/no/yes/d/848/il/A,bo/mu/no/no/d/798/il/U,0.95
bo/mu/no/yes/d/848/il/A,bo/mu/yes/yes/d/845/il/A,0.96
bo/mu/no/yes/d/848/il/A,bw/mu/no/no/d/842/il/A,0.88
bo/mu/no/yes/d/848/il/A,bo/st/yes/yes/m/829/il/A,0.71
bo/mu/no/yes/d/848/il/A,bo/so/no/yes/d/816/il/U,0.43
bo/mu/no/yes/d/848/il/A,bw/so/yes/no/d/811/il/U,0.47
bo/mu/no/yes/d/848/il/A,bw/mu/no/no/m/818/il/A,0.88
bo/mu/no/yes/d/848/il/A,bw/st/yes/no/m/827/il/A,0.39
bo/mu/no/yes/d/848/il/A,bw/mu/no/yes/m/820/il/A,0.89
bo/mu/no/yes/d/848/il/A,bw/mu/yes/no/d/843/il/A,0.88
bo/mu/no/yes/d/848/il/A,bw/mu/no/yes/d/844/il/A,0.89
bo/mu/no/yes/d/848/il/A,bo/mu/yes/yes/m/821/il/A,0.96
bo/mu/no/yes/d/848/il/A,bw/mu/yes/no/m/819/il/A,0.88
bo/mu/no/yes/d/848/il/A,bw/st/no/no/m/826/il/A,0.4
bo/mu/no/yes/d/848/il/A,bw/so/no/no/d/810/il/U,0.46
bo/mu/no/yes/d/848/il/A,bw/st/no/yes/m/828/il/A,0.62
bo/mu/no/yes/d/848/il/A,bw/mu/yes/yes/m/817/il/A,0.9
bw/mu/yes/yes/d/841/il/A,bo/st/yes/yes/d/853/il/A,0.69
bw/mu/yes/yes/d/841/il/A,bo/st/no/no/d/854/il/A,0.67
bw/mu/yes/yes/d/841/il/A,bo/so/no/no/d/862/il/A,0.39
bw/mu/yes/yes/d/841/il/A,bo/st/yes/no/m/831/il/A,0.68
bw/mu/yes/yes/d/841/il/A,bw/so/no/yes/m/836/il/A,0.49
bw/mu/yes/yes/d/841/il/A,bw/so/yes/yes/d/809/il/U,0.49
bw/mu/yes/yes/d/841/il/A,bo/mu/no/yes/d/800/il/U,0.9
bw/mu/yes/yes/d/841/il/A,bo/st/yes/no/d/807/il/U,0.68
bw/mu/yes/yes/d/841/il/A,bo/so/no/no/m/838/il/A,0.39
bw/mu/yes/yes/d/841/il/A,bo/so/no/yes/d/864/il/A,0.4
bw/mu/yes/yes/d/841/il/A,bo/so/yes/no/d/863/il/A,0.51
bw/mu/yes/yes/d/841/il/A,bo/st/yes/no/d/855/il/A,0.68
bw/mu/yes/yes/d/841/il/A,bw/st/no/yes/d/852/il/A,0.65
bw/mu/yes/yes/d/841/il/A,bo/st/no/no/d/806/il/U,0.67
bw/mu/yes/yes/d/841/il/A,bo/so/yes/no/m/839/il/A,0.51
bw/mu/yes/yes/d/841/il/A,bw/st/yes/yes/d/801/il/U,0.62
bw/mu/yes/yes/d/841/il/A,bo/so/yes/yes/m/837/il/A,0.56
bw/mu/yes/yes/d/841/il/A,bo/st/no/yes/d/808/il/U,0.69
bw/mu/yes/yes/d/841/il/A,bo/st/no/no/m/830/il/A,0.67
bw/mu/yes/yes/d/841/il/A,bo/st/yes/yes/m/781/il/U,0.69
bw/mu/yes/yes/d/841/il/A,bo/mu/yes/no/m/775/il/U,0.9
bw/mu/yes/yes/d/841/il/A,bw/mu/no/yes/m/772/il/U,0.98
bw/mu/yes/yes/d/841/il/A,bw/so/no/no/m/786/il/U,0.46
bw/mu/yes/yes/d/841/il/A,bw/so/no/yes/m/788/il/U,0.49
bw/mu/yes/yes/d/841/il/A,bo/so/yes/yes/m/789/il/U,0.56
bw/mu/yes/yes/d/841/il/A,bw/so/yes/no/m/787/il/U,0.47
bw/mu/yes/yes/d/841/il/A,bo/mu/yes/yes/m/773/il/U,0.91
bw/mu/yes/yes/d/841/il/A,bo/mu/no/no/m/774/il/U,0.88
bw/mu/yes/yes/d/841/il/A,bw/st/no/yes/m/780/il/U,0.65
bw/mu/yes/yes/d/841/il/A,bw/mu/yes/yes/m/769/il/U,1.0
bw/mu/yes/yes/d/841/il/A,bw/mu/yes/yes/d/793/il/U,1.0
bw/mu/yes/yes/d/841/il/A,bw/mu/no/no/d/794/il/U,0.92
bw/mu/yes/yes/d/841/il/A,bw/mu/yes/no/d/795/il/U,0.93
bw/mu/yes/yes/d/841/il/A,bo/so/no/yes/m/792/il/U,0.4
bw/mu/yes/yes/d/841/il/A,bw/so/no/yes/d/812/il/U,0.49
bw/mu/yes/yes/d/841/il/A,bo/so/yes/no/d/815/il/U,0.51
bw/mu/yes/yes/d/841/il/A,bo/mu/yes/no/m/823/il/A,0.9
bw/mu/yes/yes/d/841/il/A,bo/mu/no/yes/m/824/il/A,0.9
bw/mu/yes/yes/d/841/il/A,bo/mu/no/yes/d/848/il/A,0.9
bw/mu/yes/yes/d/841/il/A,bw/mu/yes/yes/d/841/il/A,1.0
bw/mu/yes/yes/d/841/il/A,bo/mu/no/no/d/846/il/A,0.88
bw/mu/yes/yes/d/841/il/A,bw/st/yes/yes/m/825/il/A,0.62
bw/mu/yes/yes/d/841/il/A,bo/mu/no/no/m/822/il/A,0.88
bw/mu/yes/yes/d/841/il/A,bo/so/no/no/d/814/il/U,0.39
bw/mu/yes/yes/d/841/il/A,bo/so/yes/yes/d/813/il/U,0.56
bw/mu/yes/yes/d/841/il/A,bo/mu/yes/no/d/847/il/A,0.9
bw/mu/yes/yes/d/841/il/A,bo/so/no/yes/m/840/il/A,0.4
bw/mu/yes/yes/d/841/il/A,bw/st/yes/yes/d/849/il/A,0.62
bw/mu/yes/yes/d/841/il/A,bw/so/yes/no/m/835/il/A,0.47
bw/mu/yes/yes/d/841/il/A,bo/st/no/yes/m/832/il/A,0.69
bw/mu/yes/yes/d/841/il/A,bw/st/no/yes/d/804/il/U,0.65
bw/mu/yes/yes/d/841/il/A,bw/st/yes/no/d/803/il/U,0.42
bw/mu/yes/yes/d/841/il/A,bw/so/yes/yes/d/857/il/A,0.49
bw/mu/yes/yes/d/841/il/A,bw/st/no/no/d/850/il/A,0.42
bw/mu/yes/yes/d/841/il/A,bw/so/yes/no/d/859/il/A,0.47
bw/mu/yes/yes/d/841/il/A,bo/so/yes/yes/d/861/il/A,0.56
bw/mu/yes/yes/d/841/il/A,bw/st/no/no/d/802/il/U,0.42
bw/mu/yes/yes/d/841/il/A,bo/st/yes/yes/d/805/il/U,0.69
bw/mu/yes/yes/d/841/il/A,bw/so/yes/yes/m/833/il/A,0.49
bw/mu/yes/yes/d/841/il/A,bw/so/no/no/m/834/il/A,0.46
bw/mu/yes/yes/d/841/il/A,bw/so/no/yes/d/860/il/A,0.49
bw/mu/yes/yes/d/841/il/A,bw/so/no/no/d/858/il/A,0.46
bw/mu/yes/yes/d/841/il/A,bw/st/yes/no/d/851/il/A,0.42
bw/mu/yes/yes/d/841/il/A,bo/st/no/yes/d/856/il/A,0.69
bw/mu/yes/yes/d/841/il/A,bw/mu/yes/no/m/771/il/U,0.93
bw/mu/yes/yes/d/841/il/A,bw/so/yes/yes/m/785/il/U,0.49
bw/mu/yes/yes/d/841/il/A,bo/st/no/no/m/782/il/U,0.67
bw/mu/yes/yes/d/841/il/A,bo/mu/no/yes/m/776/il/U,0.9
bw/mu/yes/yes/d/841/il/A,bw/st/no/no/m/778/il/U,0.42
bw/mu/yes/yes/d/841/il/A,bw/st/yes/no/m/779/il/U,0.42
bw/mu/yes/yes/d/841/il/A,bw/st/yes/yes/m/777/il/U,0.62
bw/mu/yes/yes/d/841/il/A,bo/st/yes/no/m/783/il/U,0.68
bw/mu/yes/yes/d/841/il/A,bo/st/no/yes/m/784/il/U,0.69
bw/mu/yes/yes/d/841/il/A,bw/mu/no/no/m/770/il/U,0.92
bw/mu/yes/yes/d/841/il/A,bo/mu/yes/no/d/799/il/U,0.9
bw/mu/yes/yes/d/841/il/A,bo/mu/yes/yes/d/797/il/U,0.91
bw/mu/yes/yes/d/841/il/A,bo/so/no/no/m/790/il/U,0.39
bw/mu/yes/yes/d/841/il/A,bo/so/yes/no/m/791/il/U,0.51
bw/mu/yes/yes/d/841/il/A,bw/mu/no/yes/d/796/il/U,0.98
bw/mu/yes/yes/d/841/il/A,bo/mu/no/no/d/798/il/U,0.88
bw/mu/yes/yes/d/841/il/A,bo/mu/yes/yes/d/845/il/A,0.91
bw/mu/yes/yes/d/841/il/A,bw/mu/no/no/d/842/il/A,0.92
bw/mu/yes/yes/d/841/il/A,bo/st/yes/yes/m/829/il/A,0.69
bw/mu/yes/yes/d/841/il/A,bo/so/no/yes/d/816/il/U,0.4
bw/mu/yes/yes/d/841/il/A,bw/so/yes/no/d/811/il/U,0.47
bw/mu/yes/yes/d/841/il/A,bw/mu/no/no/m/818/il/A,0.92
bw/mu/yes/yes/d/841/il/A,bw/st/yes/no/m/827/il/A,0.42
bw/mu/yes/yes/d/841/il/A,bw/mu/no/yes/m/820/il/A,0.98
bw/mu/yes/yes/d/841/il/A,bw/mu/yes/no/d/843/il/A,0.93
bw/mu/yes/yes/d/841/il/A,bw/mu/no/yes/d/844/il/A,0.98
bw/mu/yes/yes/d/841/il/A,bo/mu/yes/yes/m/821/il/A,0.91
bw/mu/yes/yes/d/841/il/A,bw/mu/yes/no/m/819/il/A,0.93
bw/mu/yes/yes/d/841/il/A,bw/st/no/no/m/826/il/A,0.42
bw/mu/yes/yes/d/841/il/A,bw/so/no/no/d/810/il/U,0.46
bw/mu/yes/yes/d/841/il/A,bw/st/no/yes/m/828/il/A,0.65
bw/mu/yes/yes/d/841/il/A,bw/mu/yes/yes/m/817/il/A,1.0
bo/mu/no/no/d/846/il/A,bo/st/yes/yes/d/853/il/A,0.7
bo/mu/no/no/d/846/il/A,bo/st/no/no/d/854/il/A,0.68
bo/mu/no/no/d/846/il/A,bo/so/no/no/d/862/il/A,0.41
bo/mu/no/no/d/846/il/A,bo/st/yes/no/m/831/il/A,0.68
bo/mu/no/no/d/846/il/A,bw/so/no/yes/m/836/il/A,0.49
bo/mu/no/no/d/846/il/A,bw/so/yes/yes/d/809/il/U,0.48
bo/mu/no/no/d/846/il/A,bo/mu/no/yes/d/800/il/U,0.95
bo/mu/no/no/d/846/il/A,bo/st/yes/no/d/807/il/U,0.68
bo/mu/no/no/d/846/il/A,bo/so/no/no/m/838/il/A,0.41
bo/mu/no/no/d/846/il/A,bo/so/no/yes/d/864/il/A,0.42
bo/mu/no/no/d/846/il/A,bo/so/yes/no/d/863/il/A,0.53
bo/mu/no/no/d/846/il/A,bo/st/yes/no/d/855/il/A,0.68
bo/mu/no/no/d/846/il/A,bw/st/no/yes/d/852/il/A,0.61
bo/mu/no/no/d/846/il/A,bo/st/no/no/d/806/il/U,0.68
bo/mu/no/no/d/846/il/A,bo/so/yes/no/m/839/il/A,0.53
bo/mu/no/no/d/846/il/A,bw/st/yes/yes/d/801/il/U,0.58
bo/mu/no/no/d/846/il/A,bo/so/yes/yes/m/837/il/A,0.58
bo/mu/no/no/d/846/il/A,bo/st/no/yes/d/808/il/U,0.71
bo/mu/no/no/d/846/il/A,bo/st/no/no/m/830/il/A,0.68
bo/mu/no/no/d/846/il/A,bo/st/yes/yes/m/781/il/U,0.7
bo/mu/no/no/d/846/il/A,bo/mu/yes/no/m/775/il/U,0.96
bo/mu/no/no/d/846/il/A,bw/mu/no/yes/m/772/il/U,0.88
bo/mu/no/no/d/846/il/A,bw/so/no/no/m/786/il/U,0.46
bo/mu/no/no/d/846/il/A,bw/so/no/yes/m/788/il/U,0.49
bo/mu/no/no/d/846/il/A,bo/so/yes/yes/m/789/il/U,0.58
bo/mu/no/no/d/846/il/A,bw/so/yes/no/m/787/il/U,0.46
bo/mu/no/no/d/846/il/A,bo/mu/yes/yes/m/773/il/U,0.93
bo/mu/no/no/d/846/il/A,bo/mu/no/no/m/774/il/U,1.0
bo/mu/no/no/d/846/il/A,bw/st/no/yes/m/780/il/U,0.61
bo/mu/no/no/d/846/il/A,bw/mu/yes/yes/m/769/il/U,0.88
bo/mu/no/no/d/846/il/A,bw/mu/yes/yes/d/793/il/U,0.88
bo/mu/no/no/d/846/il/A,bw/mu/no/no/d/794/il/U,0.89
bo/mu/no/no/d/846/il/A,bw/mu/yes/no/d/795/il/U,0.89
bo/mu/no/no/d/846/il/A,bo/so/no/yes/m/792/il/U,0.42
bo/mu/no/no/d/846/il/A,bw/so/no/yes/d/812/il/U,0.49
bo/mu/no/no/d/846/il/A,bo/so/yes/no/d/815/il/U,0.53
bo/mu/no/no/d/846/il/A,bo/mu/yes/no/m/823/il/A,0.96
bo/mu/no/no/d/846/il/A,bo/mu/no/yes/m/824/il/A,0.95
bo/mu/no/no/d/846/il/A,bo/mu/no/yes/d/848/il/A,0.95
bo/mu/no/no/d/846/il/A,bw/mu/yes/yes/d/841/il/A,0.88
bo/mu/no/no/d/846/il/A,bo/mu/no/no/d/846/il/A,1.0
bo/mu/no/no/d/846/il/A,bw/st/yes/yes/m/825/il/A,0.58
bo/mu/no/no/d/846/il/A,bo/mu/no/no/m/822/il/A,1.0
bo/mu/no/no/d/846/il/A,bo/so/no/no/d/814/il/U,0.41
bo/mu/no/no/d/846/il/A,bo/so/yes/yes/d/813/il/U,0.58
bo/mu/no/no/d/846/il/A,bo/mu/yes/no/d/847/il/A,0.96
bo/mu/no/no/d/846/il/A,bo/so/no/yes/m/840/il/A,0.42
bo/mu/no/no/d/846/il/A,bw/st/yes/yes/d/849/il/A,0.58
bo/mu/no/no/d/846/il/A,bw/so/yes/no/m/835/il/A,0.46
bo/mu/no/no/d/846/il/A,bo/st/no/yes/m/832/il/A,0.71
bo/mu/no/no/d/846/il/A,bw/st/no/yes/d/804/il/U,0.61
bo/mu/no/no/d/846/il/A,bw/st/yes/no/d/803/il/U,0.39
bo/mu/no/no/d/846/il/A,bw/so/yes/yes/d/857/il/A,0.48
bo/mu/no/no/d/846/il/A,bw/st/no/no/d/850/il/A,0.39
bo/mu/no/no/d/846/il/A,bw/so/yes/no/d/859/il/A,0.46
bo/mu/no/no/d/846/il/A,bo/so/yes/yes/d/861/il/A,0.58
bo/mu/no/no/d/846/il/A,bw/st/no/no/d/802/il/U,0.39
bo/mu/no/no/d/846/il/A,bo/st/yes/yes/d/805/il/U,0.7
bo/mu/no/no/d/846/il/A,bw/so/yes/yes/m/833/il/A,0.48
bo/mu/no/no/d/846/il/A,bw/so/no/no/m/834/il/A,0.46
bo/mu/no/no/d/846/il/A,bw/so/no/yes/d/860/il/A,0.49
bo/mu/no/no/d/846/il/A,bw/so/no/no/d/858/il/A,0.46
bo/mu/no/no/d/846/il/A,bw/st/yes/no/d/851/il/A,0.39
bo/mu/no/no/d/846/il/A,bo/st/no/yes/d/856/il/A,0.71
bo/mu/no/no/d/846/il/A,bw/mu/yes/no/m/771/il/U,0.89
bo/mu/no/no/d/846/il/A,bw/so/yes/yes/m/785/il/U,0.48
bo/mu/no/no/d/846/il/A,bo/st/no/no/m/782/il/U,0.68
bo/mu/no/no/d/846/il/A,bo/mu/no/yes/m/776/il/U,0.95
bo/mu/no/no/d/846/il/A,bw/st/no/no/m/778/il/U,0.39
bo/mu/no/no/d/846/il/A,bw/st/yes/no/m/779/il/U,0.39
bo/mu/no/no/d/846/il/A,bw/st/yes/yes/m/777/il/U,0.58
bo/mu/no/no/d/846/il/A,bo/st/yes/no/m/783/il/U,0.68
bo/mu/no/no/d/846/il/A,bo/st/no/yes/m/784/il/U,0.71
bo/mu/no/no/d/846/il/A,bw/mu/no/no/m/770/il/U,0.89
bo/mu/no/no/d/846/il/A,bo/mu/yes/no/d/799/il/U,0.96
bo/mu/no/no/d/846/il/A,bo/mu/yes/yes/d/797/il/U,0.93
bo/mu/no/no/d/846/il/A,bo/so/no/no/m/790/il/U,0.41
bo/mu/no/no/d/846/il/A,bo/so/yes/no/m/791/il/U,0.53
bo/mu/no/no/d/846/il/A,bw/mu/no/yes/d/796/il/U,0.88
bo/mu/no/no/d/846/il/A,bo/mu/no/no/d/798/il/U,1.0
bo/mu/no/no/d/846/il/A,bo/mu/yes/yes/d/845/il/A,0.93
bo/mu/no/no/d/846/il/A,bw/mu/no/no/d/842/il/A,0.89
bo/mu/no/no/d/846/il/A,bo/st/yes/yes/m/829/il/A,0.7
bo/mu/no/no/d/846/il/A,bo/so/no/yes/d/816/il/U,0.42
bo/mu/no/no/d/846/il/A,bw/so/yes/no/d/811/il/U,0.46
bo/mu/no/no/d/846/il/A,bw/mu/no/no/m/818/il/A,0.89
bo/mu/no/no/d/846/il/A,bw/st/yes/no/m/827/il/A,0.39
bo/mu/no/no/d/846/il/A,bw/mu/no/yes/m/820/il/A,0.88
bo/mu/no/no/d/846/il/A,bw/mu/yes/no/d/843/il/A,0.89
bo/mu/no/no/d/846/il/A,bw/mu/no/yes/d/844/il/A,0.88
bo/mu/no/no/d/846/il/A,bo/mu/yes/yes/m/821/il/A,0.93
bo/mu/no/no/d/846/il/A,bw/mu/yes/no/m/819/il/A,0.89
bo/mu/no/no/d/846/il/A,bw/st/no/no/m/826/il/A,0.39
bo/mu/no/no/d/846/il/A,bw/so/no/no/d/810/il/U,0.46
bo/mu/no/no/d/846/il/A,bw/st/no/yes/m/828/il/A,0.61
bo/mu/no/no/d/846/il/A,bw/mu/yes/yes/m/817/il/A,0.88
bw/st/yes/yes/m/825/il/A,bo/st/yes/yes/d/853/il/A,0.58
bw/st/yes/yes/m/825/il/A,bo/st/no/no/d/854/il/A,0.57
bw/st/yes/yes/m/825/il/A,bo/so/no/no/d/862/il/A,0.32
bw/st/yes/yes/m/825/il/A,bo/st/yes/no/m/831/il/A,0.59
bw/st/yes/yes/m/825/il/A,bw/so/no/yes/m/836/il/A,0.45
bw/st/yes/yes/m/825/il/A,bw/so/yes/yes/d/809/il/U,0.45
bw/st/yes/yes/m/825/il/A,bo/mu/no/yes/d/800/il/U,0.59
bw/st/yes/yes/m/825/il/A,bo/st/yes/no/d/807/il/U,0.59
bw/st/yes/yes/m/825/il/A,bo/so/no/no/m/838/il/A,0.32
bw/st/yes/yes/m/825/il/A,bo/so/no/yes/d/864/il/A,0.31
bw/st/yes/yes/m/825/il/A,bo/so/yes/no/d/863/il/A,0.44
bw/st/yes/yes/m/825/il/A,bo/st/yes/no/d/855/il/A,0.59
bw/st/yes/yes/m/825/il/A,bw/st/no/yes/d/852/il/A,0.9
bw/st/yes/yes/m/825/il/A,bo/st/no/no/d/806/il/U,0.57
bw/st/yes/yes/m/825/il/A,bo/so/yes/no/m/839/il/A,0.44
bw/st/yes/yes/m/825/il/A,bw/st/yes/yes/d/801/il/U,1.0
bw/st/yes/yes/m/825/il/A,bo/so/yes/yes/m/837/il/A,0.46
bw/st/yes/yes/m/825/il/A,bo/st/no/yes/d/808/il/U,0.56
bw/st/yes/yes/m/825/il/A,bo/st/no/no/m/830/il/A,0.57
bw/st/yes/yes/m/825/il/A,bo/st/yes/yes/m/781/il/U,0.58
bw/st/yes/yes/m/825/il/A,bo/mu/yes/no/m/775/il/U,0.59
bw/st/yes/yes/m/825/il/A,bw/mu/no/yes/m/772/il/U,0.62
bw/st/yes/yes/m/825/il/A,bw/so/no/no/m/786/il/U,0.43
bw/st/yes/yes/m/825/il/A,bw/so/no/yes/m/788/il/U,0.45
bw/st/yes/yes/m/825/il/A,bo/so/yes/yes/m/789/il/U,0.46
bw/st/yes/yes/m/825/il/A,bw/so/yes/no/m/787/il/U,0.44
bw/st/yes/yes/m/825/il/A,bo/mu/yes/yes/m/773/il/U,0.6
bw/st/yes/yes/m/825/il/A,bo/mu/no/no/m/774/il/U,0.58
bw/st/yes/yes/m/825/il/A,bw/st/no/yes/m/780/il/U,0.9
bw/st/yes/yes/m/825/il/A,bw/mu/yes/yes/m/769/il/U,0.62
bw/st/yes/yes/m/825/il/A,bw/mu/yes/yes/d/793/il/U,0.62
bw/st/yes/yes/m/825/il/A,bw/mu/no/no/d/794/il/U,0.61
bw/st/yes/yes/m/825/il/A,bw/mu/yes/no/d/795/il/U,0.61
bw/st/yes/yes/m/825/il/A,bo/so/no/yes/m/792/il/U,0.31
bw/st/yes/yes/m/825/il/A,bw/so/no/yes/d/812/il/U,0.45
bw/st/yes/yes/m/825/il/A,bo/so/yes/no/d/815/il/U,0.44
bw/st/yes/yes/m/825/il/A,bo/mu/yes/no/m/823/il/A,0.59
bw/st/yes/yes/m/825/il/A,bo/mu/no/yes/m/824/il/A,0.59
bw/st/yes/yes/m/825/il/A,bo/mu/no/yes/d/848/il/A,0.59
bw/st/yes/yes/m/825/il/A,bw/mu/yes/yes/d/841/il/A,0.62
bw/st/yes/yes/m/825/il/A,bo/mu/no/no/d/846/il/A,0.58
bw/st/yes/yes/m/825/il/A,bw/st/yes/yes/m/825/il/A,1.0
bw/st/yes/yes/m/825/il/A,bo/mu/no/no/m/822/il/A,0.58
bw/st/yes/yes/m/825/il/A,bo/so/no/no/d/814/il/U,0.32
bw/st/yes/yes/m/825/il/A,bo/so/yes/yes/d/813/il/U,0.46
bw/st/yes/yes/m/825/il/A,bo/mu/yes/no/d/847/il/A,0.59
bw/st/yes/yes/m/825/il/A,bo/so/no/yes/m/840/il/A,0.31
bw/st/yes/yes/m/825/il/A,bw/st/yes/yes/d/849/il/A,1.0
bw/st/yes/yes/m/825/il/A,bw/so/yes/no/m/835/il/A,0.44
bw/st/yes/yes/m/825/il/A,bo/st/no/yes/m/832/il/A,0.56
bw/st/yes/yes/m/825/il/A,bw/st/no/yes/d/804/il/U,0.9
bw/st/yes/yes/m/825/il/A,bw/st/yes/no/d/803/il/U,0.65
bw/st/yes/yes/m/825/il/A,bw/so/yes/yes/d/857/il/A,0.45
bw/st/yes/yes/m/825/il/A,bw/st/no/no/d/850/il/A,0.6
bw/st/yes/yes/m/825/il/A,bw/so/yes/no/d/859/il/A,0.44
bw/st/yes/yes/m/825/il/A,bo/so/yes/yes/d/861/il/A,0.46
bw/st/yes/yes/m/825/il/A,bw/st/no/no/d/802/il/U,0.6
bw/st/yes/yes/m/825/il/A,bo/st/yes/yes/d/805/il/U,0.58
bw/st/yes/yes/m/825/il/A,bw/so/yes/yes/m/833/il/A,0.45
bw/st/yes/yes/m/825/il/A,bw/so/no/no/m/834/il/A,0.43
bw/st/yes/yes/m/825/il/A,bw/so/no/yes/d/860/il/A,0.45
bw/st/yes/yes/m/825/il/A,bw/so/no/no/d/858/il/A,0.43
bw/st/yes/yes/m/825/il/A,bw/st/yes/no/d/851/il/A,0.65
bw/st/yes/yes/m/825/il/A,bo/st/no/yes/d/856/il/A,0.56
bw/st/yes/yes/m/825/il/A,bw/mu/yes/no/m/771/il/U,0.61
bw/st/yes/yes/m/825/il/A,bw/so/yes/yes/m/785/il/U,0.45
bw/st/yes/yes/m/825/il/A,bo/st/no/no/m/782/il/U,0.57
bw/st/yes/yes/m/825/il/A,bo/mu/no/yes/m/776/il/U,0.59
bw/st/yes/yes/m/825/il/A,bw/st/no/no/m/778/il/U,0.6
bw/st/yes/yes/m/825/il/A,bw/st/yes/no/m/779/il/U,0.65
bw/st/yes/yes/m/825/il/A,bw/st/yes/yes/m/777/il/U,1.0
bw/st/yes/yes/m/825/il/A,bo/st/yes/no/m/783/il/U,0.59
bw/st/yes/yes/m/825/il/A,bo/st/no/yes/m/784/il/U,0.56
bw/st/yes/yes/m/825/il/A,bw/mu/no/no/m/770/il/U,0.61
bw/st/yes/yes/m/825/il/A,bo/mu/yes/no/d/799/il/U,0.59
bw/st/yes/yes/m/825/il/A,bo/mu/yes/yes/d/797/il/U,0.6
bw/st/yes/yes/m/825/il/A,bo/so/no/no/m/790/il/U,0.32
bw/st/yes/yes/m/825/il/A,bo/so/yes/no/m/791/il/U,0.44
bw/st/yes/yes/m/825/il/A,bw/mu/no/yes/d/796/il/U,0.62
bw/st/yes/yes/m/825/il/A,bo/mu/no/no/d/798/il/U,0.58
bw/st/yes/yes/m/825/il/A,bo/mu/yes/yes/d/845/il/A,0.6
bw/st/yes/yes/m/825/il/A,bw/mu/no/no/d/842/il/A,0.61
bw/st/yes/yes/m/825/il/A,bo/st/yes/yes/m/829/il/A,0.58
bw/st/yes/yes/m/825/il/A,bo/so/no/yes/d/816/il/U,0.31
bw/st/yes/yes/m/825/il/A,bw/so/yes/no/d/811/il/U,0.44
bw/st/yes/yes/m/825/il/A,bw/mu/no/no/m/818/il/A,0.61
bw/st/yes/yes/m/825/il/A,bw/st/yes/no/m/827/il/A,0.65
bw/st/yes/yes/m/825/il/A,bw/mu/no/yes/m/820/il/A,0.62
bw/st/yes/yes/m/825/il/A,bw/mu/yes/no/d/843/il/A,0.61
bw/st/yes/yes/m/825/il/A,bw/mu/no/yes/d/844/il/A,0.62
bw/st/yes/yes/m/825/il/A,bo/mu/yes/yes/m/821/il/A,0.6
bw/st/yes/yes/m/825/il/A,bw/mu/yes/no/m/819/il/A,0.61
bw/st/yes/yes/m/825/il/A,bw/st/no/no/m/826/il/A,0.6
bw/st/yes/yes/m/825/il/A,bw/so/no/no/d/810/il/U,0.43
bw/st/yes/yes/m/825/il/A,bw/st/no/yes/m/828/il/A,0.9
bw/st/yes/yes/m/825/il/A,bw/mu/yes/yes/m/817/il/A,0.62
bo/mu/no/no/m/822/il/A,bo/st/yes/yes/d/853/il/A,0.7
bo/mu/no/no/m/822/il/A,bo/st/no/no/d/854/il/A,0.68
bo/mu/no/no/m/822/il/A,bo/so/no/no/d/862/il/A,0.41
bo/mu/no/no/m/822/il/A,bo/st/yes/no/m/831/il/A,0.68
bo/mu/no/no/m/822/il/A,bw/so/no/yes/m/836/il/A,0.49
bo/mu/no/no/m/822/il/A,bw/so/yes/yes/d/809/il/U,0.48
bo/mu/no/no/m/822/il/A,bo/mu/no/yes/d/800/il/U,0.95
bo/mu/no/no/m/822/il/A,bo/st/yes/no/d/807/il/U,0.68
bo/mu/no/no/m/822/il/A,bo/so/no/no/m/838/il/A,0.41
bo/mu/no/no/m/822/il/A,bo/so/no/yes/d/864/il/A,0.42
bo/mu/no/no/m/822/il/A,bo/so/yes/no/d/863/il/A,0.53
bo/mu/no/no/m/822/il/A,bo/st/yes/no/d/855/il/A,0.68
bo/mu/no/no/m/822/il/A,bw/st/no/yes/d/852/il/A,0.61
bo/mu/no/no/m/822/il/A,bo/st/no/no/d/806/il/U,0.68
bo/mu/no/no/m/822/il/A,bo/so/yes/no/m/839/il/A,0.53
bo/mu/no/no/m/822/il/A,bw/st/yes/yes/d/801/il/U,0.58
bo/mu/no/no/m/822/il/A,bo/so/yes/yes/m/837/il/A,0.58
bo/mu/no/no/m/822/il/A,bo/st/no/yes/d/808/il/U,0.71
bo/mu/no/no/m/822/il/A,bo/st/no/no/m/830/il/A,0.68
bo/mu/no/no/m/822/il/A,bo/st/yes/yes/m/781/il/U,0.7
bo/mu/no/no/m/822/il/A,bo/mu/yes/no/m/775/il/U,0.96
bo/mu/no/no/m/822/il/A,bw/mu/no/yes/m/772/il/U,0.88
bo/mu/no/no/m/822/il/A,bw/so/no/no/m/786/il/U,0.46
bo/mu/no/no/m/822/il/A,bw/so/no/yes/m/788/il/U,0.49
bo/mu/no/no/m/822/il/A,bo/so/yes/yes/m/789/il/U,0.58
bo/mu/no/no/m/822/il/A,bw/so/yes/no/m/787/il/U,0.46
bo/mu/no/no/m/822/il/A,bo/mu/yes/yes/m/773/il/U,0.93
bo/mu/no/no/m/822/il/A,bo/mu/no/no/m/774/il/U,1.0
bo/mu/no/no/m/822/il/A,bw/st/no/yes/m/780/il/U,0.61
bo/mu/no/no/m/822/il/A,bw/mu/yes/yes/m/769/il/U,0.88
bo/mu/no/no/m/822/il/A,bw/mu/yes/yes/d/793/il/U,0.88
bo/mu/no/no/m/822/il/A,bw/mu/no/no/d/794/il/U,0.89
bo/mu/no/no/m/822/il/A,bw/mu/yes/no/d/795/il/U,0.89
bo/mu/no/no/m/822/il/A,bo/so/no/yes/m/792/il/U,0.42
bo/mu/no/no/m/822/il/A,bw/so/no/yes/d/812/il/U,0.49
bo/mu/no/no/m/822/il/A,bo/so/yes/no/d/815/il/U,0.53
bo/mu/no/no/m/822/il/A,bo/mu/yes/no/m/823/il/A,0.96
bo/mu/no/no/m/822/il/A,bo/mu/no/yes/m/824/il/A,0.95
bo/mu/no/no/m/822/il/A,bo/mu/no/yes/d/848/il/A,0.95
bo/mu/no/no/m/822/il/A,bw/mu/yes/yes/d/841/il/A,0.88
bo/mu/no/no/m/822/il/A,bo/mu/no/no/d/846/il/A,1.0
bo/mu/no/no/m/822/il/A,bw/st/yes/yes/m/825/il/A,0.58
bo/mu/no/no/m/822/il/A,bo/mu/no/no/m/822/il/A,1.0
bo/mu/no/no/m/822/il/A,bo/so/no/no/d/814/il/U,0.41
bo/mu/no/no/m/822/il/A,bo/so/yes/yes/d/813/il/U,0.58
bo/mu/no/no/m/822/il/A,bo/mu/yes/no/d/847/il/A,0.96
bo/mu/no/no/m/822/il/A,bo/so/no/yes/m/840/il/A,0.42
bo/mu/no/no/m/822/il/A,bw/st/yes/yes/d/849/il/A,0.58
bo/mu/no/no/m/822/il/A,bw/so/yes/no/m/835/il/A,0.46
bo/mu/no/no/m/822/il/A,bo/st/no/yes/m/832/il/A,0.71
bo/mu/no/no/m/822/il/A,bw/st/no/yes/d/804/il/U,0.61
bo/mu/no/no/m/822/il/A,bw/st/yes/no/d/803/il/U,0.39
bo/mu/no/no/m/822/il/A,bw/so/yes/yes/d/857/il/A,0.48
bo/mu/no/no/m/822/il/A,bw/st/no/no/d/850/il/A,0.39
bo/mu/no/no/m/822/il/A,bw/so/yes/no/d/859/il/A,0.46
bo/mu/no/no/m/822/il/A,bo/so/yes/yes/d/861/il/A,0.58
bo/mu/no/no/m/822/il/A,bw/st/no/no/d/802/il/U,0.39
bo/mu/no/no/m/822/il/A,bo/st/yes/yes/d/805/il/U,0.7
bo/mu/no/no/m/822/il/A,bw/so/yes/yes/m/833/il/A,0.48
bo/mu/no/no/m/822/il/A,bw/so/no/no/m/834/il/A,0.46
bo/mu/no/no/m/822/il/A,bw/so/no/yes/d/860/il/A,0.49
bo/mu/no/no/m/822/il/A,bw/so/no/no/d/858/il/A,0.46
bo/mu/no/no/m/822/il/A,bw/st/yes/no/d/851/il/A,0.39
bo/mu/no/no/m/822/il/A,bo/st/no/yes/d/856/il/A,0.71
bo/mu/no/no/m/822/il/A,bw/mu/yes/no/m/771/il/U,0.89
bo/mu/no/no/m/822/il/A,bw/so/yes/yes/m/785/il/U,0.48
bo/mu/no/no/m/822/il/A,bo/st/no/no/m/782/il/U,0.68
bo/mu/no/no/m/822/il/A,bo/mu/no/yes/m/776/il/U,0.95
bo/mu/no/no/m/822/il/A,bw/st/no/no/m/778/il/U,0.39
bo/mu/no/no/m/822/il/A,bw/st/yes/no/m/779/il/U,0.39
bo/mu/no/no/m/822/il/A,bw/st/yes/yes/m/777/il/U,0.58
bo/mu/no/no/m/822/il/A,bo/st/yes/no/m/783/il/U,0.68
bo/mu/no/no/m/822/il/A,bo/st/no/yes/m/784/il/U,0.71
bo/mu/no/no/m/822/il/A,bw/mu/no/no/m/770/il/U,0.89
bo/mu/no/no/m/822/il/A,bo/mu/yes/no/d/799/il/U,0.96
bo/mu/no/no/m/822/il/A,bo/mu/yes/yes/d/797/il/U,0.93
bo/mu/no/no/m/822/il/A,bo/so/no/no/m/790/il/U,0.41
bo/mu/no/no/m/822/il/A,bo/so/yes/no/m/791/il/U,0.53
bo/mu/no/no/m/822/il/A,bw/mu/no/yes/d/796/il/U,0.88
bo/mu/no/no/m/822/il/A,bo/mu/no/no/d/798/il/U,1.0
bo/mu/no/no/m/822/il/A,bo/mu/yes/yes/d/845/il/A,0.93
bo/mu/no/no/m/822/il/A,bw/mu/no/no/d/842/il/A,0.89
bo/mu/no/no/m/822/il/A,bo/st/yes/yes/m/829/il/A,0.7
bo/mu/no/no/m/822/il/A,bo/so/no/yes/d/816/il/U,0.42
bo/mu/no/no/m/822/il/A,bw/so/yes/no/d/811/il/U,0.46
bo/mu/no/no/m/822/il/A,bw/mu/no/no/m/818/il/A,0.89
bo/mu/no/no/m/822/il/A,bw/st/yes/no/m/827/il/A,0.39
bo/mu/no/no/m/822/il/A,bw/mu/no/yes/m/820/il/A,0.88
bo/mu/no/no/m/822/il/A,bw/mu/yes/no/d/843/il/A,0.89
bo/mu/no/no/m/822/il/A,bw/mu/no/yes/d/844/il/A,0.88
bo/mu/no/no/m/822/il/A,bo/mu/yes/yes/m/821/il/A,0.93
bo/mu/no/no/m/822/il/A,bw/mu/yes/no/m/819/il/A,0.89
bo/mu/no/no/m/822/il/A,bw/st/no/no/m/826/il/A,0.39
bo/mu/no/no/m/822/il/A,bw/so/no/no/d/810/il/U,0.46
bo/mu/no/no/m/822/il/A,bw/st/no/yes/m/828/il/A,0.61
bo/mu/no/no/m/822/il/A,bw/mu/yes/yes/m/817/il/A,0.88
bo/so/no/no/d/814/il/U,bo/st/yes/yes/d/853/il/A,0.45
bo/so/no/no/d/814/il/U,bo/st/no/no/d/854/il/A,0.46
bo/so/no/no/d/814/il/U,bo/so/no/no/d/862/il/A,1.0
bo/so/no/no/d/814/il/U,bo/st/yes/no/m/831/il/A,0.44
bo/so/no/no/d/814/il/U,bw/so/no/yes/m/836/il/A,0.38
bo/so/no/no/d/814/il/U,bw/so/yes/yes/d/809/il/U,0.38
bo/so/no/no/d/814/il/U,bo/mu/no/yes/d/800/il/U,0.41
bo/so/no/no/d/814/il/U,bo/st/yes/no/d/807/il/U,0.44
bo/so/no/no/d/814/il/U,bo/so/no/no/m/838/il/A,1.0
bo/so/no/no/d/814/il/U,bo/so/no/yes/d/864/il/A,0.77
bo/so/no/no/d/814/il/U,bo/so/yes/no/d/863/il/A,0.57
bo/so/no/no/d/814/il/U,bo/st/yes/no/d/855/il/A,0.44
bo/so/no/no/d/814/il/U,bw/st/no/yes/d/852/il/A,0.33
bo/so/no/no/d/814/il/U,bo/st/no/no/d/806/il/U,0.46
bo/so/no/no/d/814/il/U,bo/so/yes/no/m/839/il/A,0.57
bo/so/no/no/d/814/il/U,bw/st/yes/yes/d/801/il/U,0.32
bo/so/no/no/d/814/il/U,bo/so/yes/yes/m/837/il/A,0.53
bo/so/no/no/d/814/il/U,bo/st/no/yes/d/808/il/U,0.46
bo/so/no/no/d/814/il/U,bo/st/no/no/m/830/il/A,0.46
bo/so/no/no/d/814/il/U,bo/st/yes/yes/m/781/il/U,0.45
bo/so/no/no/d/814/il/U,bo/mu/yes/no/m/775/il/U,0.41
bo/so/no/no/d/814/il/U,bw/mu/no/yes/m/772/il/U,0.39
bo/so/no/no/d/814/il/U,bw/so/no/no/m/786/il/U,0.39
bo/so/no/no/d/814/il/U,bw/so/no/yes/m/788/il/U,0.38
bo/so/no/no/d/814/il/U,bo/so/yes/yes/m/789/il/U,0.53
bo/so/no/no/d/814/il/U,bw/so/yes/no/m/787/il/U,0.39
bo/so/no/no/d/814/il/U,bo/mu/yes/yes/m/773/il/U,0.41
bo/so/no/no/d/814/il/U,bo/mu/no/no/m/774/il/U,0.41
bo/so/no/no/d/814/il/U,bw/st/no/yes/m/780/il/U,0.33
bo/so/no/no/d/814/il/U,bw/mu/yes/yes/m/769/il/U,0.39
bo/so/no/no/d/814/il/U,bw/mu/yes/yes/d/793/il/U,0.39
bo/so/no/no/d/814/il/U,bw/mu/no/no/d/794/il/U,0.39
bo/so/no/no/d/814/il/U,bw/mu/yes/no/d/795/il/U,0.39
bo/so/no/no/d/814/il/U,bo/so/no/yes/m/792/il/U,0.77
bo/so/no/no/d/814/il/U,bw/so/no/yes/d/812/il/U,0.38
bo/so/no/no/d/814/il/U,bo/so/yes/no/d/815/il/U,0.57
bo/so/no/no/d/814/il/U,bo/mu/yes/no/m/823/il/A,0.41
bo/so/no/no/d/814/il/U,bo/mu/no/yes/m/824/il/A,0.41
bo/so/no/no/d/814/il/U,bo/mu/no/yes/d/848/il/A,0.41
bo/so/no/no/d/814/il/U,bw/mu/yes/yes/d/841/il/A,0.39
bo/so/no/no/d/814/il/U,bo/mu/no/no/d/846/il/A,0.41
bo/so/no/no/d/814/il/U,bw/st/yes/yes/m/825/il/A,0.32
bo/so/no/no/d/814/il/U,bo/mu/no/no/m/822/il/A,0.41
bo/so/no/no/d/814/il/U,bo/so/no/no/d/814/il/U,1.0
bo/so/no/no/d/814/il/U,bo/so/yes/yes/d/813/il/U,0.53
bo/so/no/no/d/814/il/U,bo/mu/yes/no/d/847/il/A,0.41
bo/so/no/no/d/814/il/U,bo/so/no/yes/m/840/il/A,0.77
bo/so/no/no/d/814/il/U,bw/st/yes/yes/d/849/il/A,0.32
bo/so/no/no/d/814/il/U,bw/so/yes/no/m/835/il/A,0.39
bo/so/no/no/d/814/il/U,bo/st/no/yes/m/832/il/A,0.46
bo/so/no/no/d/814/il/U,bw/st/no/yes/d/804/il/U,0.33
bo/so/no/no/d/814/il/U,bw/st/yes/no/d/803/il/U,0.22
bo/so/no/no/d/814/il/U,bw/so/yes/yes/d/857/il/A,0.38
bo/so/no/no/d/814/il/U,bw/st/no/no/d/850/il/A,0.22
bo/so/no/no/d/814/il/U,bw/so/yes/no/d/859/il/A,0.39
bo/so/no/no/d/814/il/U,bo/so/yes/yes/d/861/il/A,0.53
bo/so/no/no/d/814/il/U,bw/st/no/no/d/802/il/U,0.22
bo/so/no/no/d/814/il/U,bo/st/yes/yes/d/805/il/U,0.45
bo/so/no/no/d/814/il/U,bw/so/yes/yes/m/833/il/A,0.38
bo/so/no/no/d/814/il/U,bw/so/no/no/m/834/il/A,0.39
bo/so/no/no/d/814/il/U,bw/so/no/yes/d/860/il/A,0.38
bo/so/no/no/d/814/il/U,bw/so/no/no/d/858/il/A,0.39
bo/so/no/no/d/814/il/U,bw/st/yes/no/d/851/il/A,0.22
bo/so/no/no/d/814/il/U,bo/st/no/yes/d/856/il/A,0.46
bo/so/no/no/d/814/il/U,bw/mu/yes/no/m/771/il/U,0.39
bo/so/no/no/d/814/il/U,bw/so/yes/yes/m/785/il/U,0.38
bo/so/no/no/d/814/il/U,bo/st/no/no/m/782/il/U,0.46
bo/so/no/no/d/814/il/U,bo/mu/no/yes/m/776/il/U,0.41
bo/so/no/no/d/814/il/U,bw/st/no/no/m/778/il/U,0.22
bo/so/no/no/d/814/il/U,bw/st/yes/no/m/779/il/U,0.22
bo/so/no/no/d/814/il/U,bw/st/yes/yes/m/777/il/U,0.32
bo/so/no/no/d/814/il/U,bo/st/yes/no/m/783/il/U,0.44
bo/so/no/no/d/814/il/U,bo/st/no/yes/m/784/il/U,0.46
bo/so/no/no/d/814/il/U,bw/mu/no/no/m/770/il/U,0.39
bo/so/no/no/d/814/il/U,bo/mu/yes/no/d/799/il/U,0.41
bo/so/no/no/d/814/il/U,bo/mu/yes/yes/d/797/il/U,0.41
bo/so/no/no/d/814/il/U,bo/so/no/no/m/790/il/U,1.0
bo/so/no/no/d/814/il/U,bo/so/yes/no/m/791/il/U,0.57
bo/so/no/no/d/814/il/U,bw/mu/no/yes/d/796/il/U,0.39
bo/so/no/no/d/814/il/U,bo/mu/no/no/d/798/il/U,0.41
bo/so/no/no/d/814/il/U,bo/mu/yes/yes/d/845/il/A,0.41
bo/so/no/no/d/814/il/U,bw/mu/no/no/d/842/il/A,0.39
bo/so/no/no/d/814/il/U,bo/st/yes/yes/m/829/il/A,0.45
bo/so/no/no/d/814/il/U,bo/so/no/yes/d/816/il/U,0.77
bo/so/no/no/d/814/il/U,bw/so/yes/no/d/811/il/U,0.39
bo/so/no/no/d/814/il/U,bw/mu/no/no/m/818/il/A,0.39
bo/so/no/no/d/814/il/U,bw/st/yes/no/m/827/il/A,0.22
bo/so/no/no/d/814/il/U,bw/mu/no/yes/m/820/il/A,0.39
bo/so/no/no/d/814/il/U,bw/mu/yes/no/d/843/il/A,0.39
bo/so/no/no/d/814/il/U,bw/mu/no/yes/d/844/il/A,0.39
bo/so/no/no/d/814/il/U,bo/mu/yes/yes/m/821/il/A,0.41
bo/so/no/no/d/814/il/U,bw/mu/yes/no/m/819/il/A,0.39
bo/so/no/no/d/814/il/U,bw/st/no/no/m/826/il/A,0.22
bo/so/no/no/d/814/il/U,bw/so/no/no/d/810/il/U,0.39
bo/so/no/no/d/814/il/U,bw/st/no/yes/m/828/il/A,0.33
bo/so/no/no/d/814/il/U,bw/mu/yes/yes/m/817/il/A,0.39
bo/so/yes/yes/d/813/il/U,bo/st/yes/yes/d/853/il/A,0.65
bo/so/yes/yes/d/813/il/U,bo/st/no/no/d/854/il/A,0.65
bo/so/yes/yes/d/813/il/U,bo/so/no/no/d/862/il/A,0.53
bo/so/yes/yes/d/813/il/U,bo/st/yes/no/m/831/il/A,0.63
bo/so/yes/yes/d/813/il/U,bw/so/no/yes/m/836/il/A,0.6
bo/so/yes/yes/d/813/il/U,bw/so/yes/yes/d/809/il/U,0.6
bo/so/yes/yes/d/813/il/U,bo/mu/no/yes/d/800/il/U,0.59
bo/so/yes/yes/d/813/il/U,bo/st/yes/no/d/807/il/U,0.63
bo/so/yes/yes/d/813/il/U,bo/so/no/no/m/838/il/A,0.53
bo/so/yes/yes/d/813/il/U,bo/so/no/yes/d/864/il/A,0.59
bo/so/yes/yes/d/813/il/U,bo/so/yes/no/d/863/il/A,0.75
bo/so/yes/yes/d/813/il/U,bo/st/yes/no/d/855/il/A,0.63
bo/so/yes/yes/d/813/il/U,bw/st/no/yes/d/852/il/A,0.48
bo/so/yes/yes/d/813/il/U,bo/st/no/no/d/806/il/U,0.65
bo/so/yes/yes/d/813/il/U,bo/so/yes/no/m/839/il/A,0.75
bo/so/yes/yes/d/813/il/U,bw/st/yes/yes/d/801/il/U,0.46
bo/so/yes/yes/d/813/il/U,bo/so/yes/yes/m/837/il/A,1.0
bo/so/yes/yes/d/813/il/U,bo/st/no/yes/d/808/il/U,0.66
bo/so/yes/yes/d/813/il/U,bo/st/no/no/m/830/il/A,0.65
bo/so/yes/yes/d/813/il/U,bo/st/yes/yes/m/781/il/U,0.65
bo/so/yes/yes/d/813/il/U,bo/mu/yes/no/m/775/il/U,0.58
bo/so/yes/yes/d/813/il/U,bw/mu/no/yes/m/772/il/U,0.56
bo/so/yes/yes/d/813/il/U,bw/so/no/no/m/786/il/U,0.52
bo/so/yes/yes/d/813/il/U,bw/so/no/yes/m/788/il/U,0.6
bo/so/yes/yes/d/813/il/U,bo/so/yes/yes/m/789/il/U,1.0
bo/so/yes/yes/d/813/il/U,bw/so/yes/no/m/787/il/U,0.53
bo/so/yes/yes/d/813/il/U,bo/mu/yes/yes/m/773/il/U,0.59
bo/so/yes/yes/d/813/il/U,bo/mu/no/no/m/774/il/U,0.58
bo/so/yes/yes/d/813/il/U,bw/st/no/yes/m/780/il/U,0.48
bo/so/yes/yes/d/813/il/U,bw/mu/yes/yes/m/769/il/U,0.56
bo/so/yes/yes/d/813/il/U,bw/mu/yes/yes/d/793/il/U,0.56
bo/so/yes/yes/d/813/il/U,bw/mu/no/no/d/794/il/U,0.55
bo/so/yes/yes/d/813/il/U,bw/mu/yes/no/d/795/il/U,0.55
bo/so/yes/yes/d/813/il/U,bo/so/no/yes/m/792/il/U,0.59
bo/so/yes/yes/d/813/il/U,bw/so/no/yes/d/812/il/U,0.6
bo/so/yes/yes/d/813/il/U,bo/so/yes/no/d/815/il/U,0.75
bo/so/yes/yes/d/813/il/U,bo/mu/yes/no/m/823/il/A,0.58
bo/so/yes/yes/d/813/il/U,bo/mu/no/yes/m/824/il/A,0.59
bo/so/yes/yes/d/813/il/U,bo/mu/no/yes/d/848/il/A,0.59
bo/so/yes/yes/d/813/il/U,bw/mu/yes/yes/d/841/il/A,0.56
bo/so/yes/yes/d/813/il/U,bo/mu/no/no/d/846/il/A,0.58
bo/so/yes/yes/d/813/il/U,bw/st/yes/yes/m/825/il/A,0.46
bo/so/yes/yes/d/813/il/U,bo/mu/no/no/m/822/il/A,0.58
bo/so/yes/yes/d/813/il/U,bo/so/no/no/d/814/il/U,0.53
bo/so/yes/yes/d/813/il/U,bo/so/yes/yes/d/813/il/U,1.0
bo/so/yes/yes/d/813/il/U,bo/mu/yes/no/d/847/il/A,0.58
bo/so/yes/yes/d/813/il/U,bo/so/no/yes/m/840/il/A,0.59
bo/so/yes/yes/d/813/il/U,bw/st/yes/yes/d/849/il/A,0.46
bo/so/yes/yes/d/813/il/U,bw/so/yes/no/m/835/il/A,0.53
bo/so/yes/yes/d/813/il/U,bo/st/no/yes/m/832/il/A,0.66
bo/so/yes/yes/d/813/il/U,bw/st/no/yes/d/804/il/U,0.48
bo/so/yes/yes/d/813/il/U,bw/st/yes/no/d/803/il/U,0.31
bo/so/yes/yes/d/813/il/U,bw/so/yes/yes/d/857/il/A,0.6
bo/so/yes/yes/d/813/il/U,bw/st/no/no/d/850/il/A,0.32
bo/so/yes/yes/d/813/il/U,bw/so/yes/no/d/859/il/A,0.53
bo/so/yes/yes/d/813/il/U,bo/so/yes/yes/d/861/il/A,1.0
bo/so/yes/yes/d/813/il/U,bw/st/no/no/d/802/il/U,0.32
bo/so/yes/yes/d/813/il/U,bo/st/yes/yes/d/805/il/U,0.65
bo/so/yes/yes/d/813/il/U,bw/so/yes/yes/m/833/il/A,0.6
bo/so/yes/yes/d/813/il/U,bw/so/no/no/m/834/il/A,0.52
bo/so/yes/yes/d/813/il/U,bw/so/no/yes/d/860/il/A,0.6
bo/so/yes/yes/d/813/il/U,bw/so/no/no/d/858/il/A,0.52
bo/so/yes/yes/d/813/il/U,bw/st/yes/no/d/851/il/A,0.31
bo/so/yes/yes/d/813/il/U,bo/st/no/yes/d/856/il/A,0.66
bo/so/yes/yes/d/813/il/U,bw/mu/yes/no/m/771/il/U,0.55
bo/so/yes/yes/d/813/il/U,bw/so/yes/yes/m/785/il/U,0.6
bo/so/yes/yes/d/813/il/U,bo/st/no/no/m/782/il/U,0.65
bo/so/yes/yes/d/813/il/U,bo/mu/no/yes/m/776/il/U,0.59
bo/so/yes/yes/d/813/il/U,bw/st/no/no/m/778/il/U,0.32
bo/so/yes/yes/d/813/il/U,bw/st/yes/no/m/779/il/U,0.31
bo/so/yes/yes/d/813/il/U,bw/st/yes/yes/m/777/il/U,0.46
bo/so/yes/yes/d/813/il/U,bo/st/yes/no/m/783/il/U,0.63
bo/so/yes/yes/d/813/il/U,bo/st/no/yes/m/784/il/U,0.66
bo/so/yes/yes/d/813/il/U,bw/mu/no/no/m/770/il/U,0.55
bo/so/yes/yes/d/813/il/U,bo/mu/yes/no/d/799/il/U,0.58
bo/so/yes/yes/d/813/il/U,bo/mu/yes/yes/d/797/il/U,0.59
bo/so/yes/yes/d/813/il/U,bo/so/no/no/m/790/il/U,0.53
bo/so/yes/yes/d/813/il/U,bo/so/yes/no/m/791/il/U,0.75
bo/so/yes/yes/d/813/il/U,bw/mu/no/yes/d/796/il/U,0.56
bo/so/yes/yes/d/813/il/U,bo/mu/no/no/d/798/il/U,0.58
bo/so/yes/yes/d/813/il/U,bo/mu/yes/yes/d/845/il/A,0.59
bo/so/yes/yes/d/813/il/U,bw/mu/no/no/d/842/il/A,0.55
bo/so/yes/yes/d/813/il/U,bo/st/yes/yes/m/829/il/A,0.65
bo/so/yes/yes/d/813/il/U,bo/so/no/yes/d/816/il/U,0.59
bo/so/yes/yes/d/813/il/U,bw/so/yes/no/d/811/il/U,0.53
bo/so/yes/yes/d/813/il/U,bw/mu/no/no/m/818/il/A,0.55
bo/so/yes/yes/d/813/il/U,bw/st/yes/no/m/827/il/A,0.31
bo/so/yes/yes/d/813/il/U,bw/mu/no/yes/m/820/il/A,0.56
bo/so/yes/yes/d/813/il/U,bw/mu/yes/no/d/843/il/A,0.55
bo/so/yes/yes/d/813/il/U,bw/mu/no/yes/d/844/il/A,0.56
bo/so/yes/yes/d/813/il/U,bo/mu/yes/yes/m/821/il/A,0.59
bo/so/yes/yes/d/813/il/U,bw/mu/yes/no/m/819/il/A,0.55
bo/so/yes/yes/d/813/il/U,bw/st/no/no/m/826/il/A,0.32
bo/so/yes/yes/d/813/il/U,bw/so/no/no/d/810/il/U,0.52
bo/so/yes/yes/d/813/il/U,bw/st/no/yes/m/828/il/A,0.48
bo/so/yes/yes/d/813/il/U,bw/mu/yes/yes/m/817/il/A,0.56
bo/mu/yes/no/d/847/il/A,bo/st/yes/yes/d/853/il/A,0.7
bo/mu/yes/no/d/847/il/A,bo/st/no/no/d/854/il/A,0.68
bo/mu/yes/no/d/847/il/A,bo/so/no/no/d/862/il/A,0.41
bo/mu/yes/no/d/847/il/A,bo/st/yes/no/m/831/il/A,0.68
bo/mu/yes/no/d/847/il/A,bw/so/no/yes/m/836/il/A,0.49
bo/mu/yes/no/d/847/il/A,bw/so/yes/yes/d/809/il/U,0.49
bo/mu/yes/no/d/847/il/A,bo/mu/no/yes/d/800/il/U,0.94
bo/mu/yes/no/d/847/il/A,bo/st/yes/no/d/807/il/U,0.68
bo/mu/yes/no/d/847/il/A,bo/so/no/no/m/838/il/A,0.41
bo/mu/yes/no/d/847/il/A,bo/so/no/yes/d/864/il/A,0.42
bo/mu/yes/no/d/847/il/A,bo/so/yes/no/d/863/il/A,0.53
bo/mu/yes/no/d/847/il/A,bo/st/yes/no/d/855/il/A,0.68
bo/mu/yes/no/d/847/il/A,bw/st/no/yes/d/852/il/A,0.62
bo/mu/yes/no/d/847/il/A,bo/st/no/no/d/806/il/U,0.68
bo/mu/yes/no/d/847/il/A,bo/so/yes/no/m/839/il/A,0.53
bo/mu/yes/no/d/847/il/A,bw/st/yes/yes/d/801/il/U,0.59
bo/mu/yes/no/d/847/il/A,bo/so/yes/yes/m/837/il/A,0.58
bo/mu/yes/no/d/847/il/A,bo/st/no/yes/d/808/il/U,0.7
bo/mu/yes/no/d/847/il/A,bo/st/no/no/m/830/il/A,0.68
bo/mu/yes/no/d/847/il/A,bo/st/yes/yes/m/781/il/U,0.7
bo/mu/yes/no/d/847/il/A,bo/mu/yes/no/m/775/il/U,1.0
bo/mu/yes/no/d/847/il/A,bw/mu/no/yes/m/772/il/U,0.89
bo/mu/yes/no/d/847/il/A,bw/so/no/no/m/786/il/U,0.46
bo/mu/yes/no/d/847/il/A,bw/so/no/yes/m/788/il/U,0.49
bo/mu/yes/no/d/847/il/A,bo/so/yes/yes/m/789/il/U,0.58
bo/mu/yes/no/d/847/il/A,bw/so/yes/no/m/787/il/U,0.47
bo/mu/yes/no/d/847/il/A,bo/mu/yes/yes/m/773/il/U,0.95
bo/mu/yes/no/d/847/il/A,bo/mu/no/no/m/774/il/U,0.96
bo/mu/yes/no/d/847/il/A,bw/st/no/yes/m/780/il/U,0.62
bo/mu/yes/no/d/847/il/A,bw/mu/yes/yes/m/769/il/U,0.9
bo/mu/yes/no/d/847/il/A,bw/mu/yes/yes/d/793/il/U,0.9
bo/mu/yes/no/d/847/il/A,bw/mu/no/no/d/794/il/U,0.9
bo/mu/yes/no/d/847/il/A,bw/mu/yes/no/d/795/il/U,0.91
bo/mu/yes/no/d/847/il/A,bo/so/no/yes/m/792/il/U,0.42
bo/mu/yes/no/d/847/il/A,bw/so/no/yes/d/812/il/U,0.49
bo/mu/yes/no/d/847/il/A,bo/so/yes/no/d/815/il/U,0.53
bo/mu/yes/no/d/847/il/A,bo/mu/yes/no/m/823/il/A,1.0
bo/mu/yes/no/d/847/il/A,bo/mu/no/yes/m/824/il/A,0.94
bo/mu/yes/no/d/847/il/A,bo/mu/no/yes/d/848/il/A,0.94
bo/mu/yes/no/d/847/il/A,bw/mu/yes/yes/d/841/il/A,0.9
bo/mu/yes/no/d/847/il/A,bo/mu/no/no/d/846/il/A,0.96
bo/mu/yes/no/d/847/il/A,bw/st/yes/yes/m/825/il/A,0.59
bo/mu/yes/no/d/847/il/A,bo/mu/no/no/m/822/il/A,0.96
bo/mu/yes/no/d/847/il/A,bo/so/no/no/d/814/il/U,0.41
bo/mu/yes/no/d/847/il/A,bo/so/yes/yes/d/813/il/U,0.58
bo/mu/yes/no/d/847/il/A,bo/mu/yes/no/d/847/il/A,1.0
bo/mu/yes/no/d/847/il/A,bo/so/no/yes/m/840/il/A,0.42
bo/mu/yes/no/d/847/il/A,bw/st/yes/yes/d/849/il/A,0.59
bo/mu/yes/no/d/847/il/A,bw/so/yes/no/m/835/il/A,0.47
bo/mu/yes/no/d/847/il/A,bo/st/no/yes/m/832/il/A,0.7
bo/mu/yes/no/d/847/il/A,bw/st/no/yes/d/804/il/U,0.62
bo/mu/yes/no/d/847/il/A,bw/st/yes/no/d/803/il/U,0.39
bo/mu/yes/no/d/847/il/A,bw/so/yes/yes/d/857/il/A,0.49
bo/mu/yes/no/d/847/il/A,bw/st/no/no/d/850/il/A,0.4
bo/mu/yes/no/d/847/il/A,bw/so/yes/no/d/859/il/A,0.47
bo/mu/yes/no/d/847/il/A,bo/so/yes/yes/d/861/il/A,0.58
bo/mu/yes/no/d/847/il/A,bw/st/no/no/d/802/il/U,0.4
bo/mu/yes/no/d/847/il/A,bo/st/yes/yes/d/805/il/U,0.7
bo/mu/yes/no/d/847/il/A,bw/so/yes/yes/m/833/il/A,0.49
bo/mu/yes/no/d/847/il/A,bw/so/no/no/m/834/il/A,0.46
bo/mu/yes/no/d/847/il/A,bw/so/no/yes/d/860/il/A,0.49
bo/mu/yes/no/d/847/il/A,bw/so/no/no/d/858/il/A,0.46
bo/mu/yes/no/d/847/il/A,bw/st/yes/no/d/851/il/A,0.39
bo/mu/yes/no/d/847/il/A,bo/st/no/yes/d/856/il/A,0.7
bo/mu/yes/no/d/847/il/A,bw/mu/yes/no/m/771/il/U,0.91
bo/mu/yes/no/d/847/il/A,bw/so/yes/yes/m/785/il/U,0.49
bo/mu/yes/no/d/847/il/A,bo/st/no/no/m/782/il/U,0.68
bo/mu/yes/no/d/847/il/A,bo/mu/no/yes/m/776/il/U,0.94
bo/mu/yes/no/d/847/il/A,bw/st/no/no/m/778/il/U,0.4
bo/mu/yes/no/d/847/il/A,bw/st/yes/no/m/779/il/U,0.39
bo/mu/yes/no/d/847/il/A,bw/st/yes/yes/m/777/il/U,0.59
bo/mu/yes/no/d/847/il/A,bo/st/yes/no/m/783/il/U,0.68
bo/mu/yes/no/d/847/il/A,bo/st/no/yes/m/784/il/U,0.7
bo/mu/yes/no/d/847/il/A,bw/mu/no/no/m/770/il/U,0.9
bo/mu/yes/no/d/847/il/A,bo/mu/yes/no/d/799/il/U,1.0
bo/mu/yes/no/d/847/il/A,bo/mu/yes/yes/d/797/il/U,0.95
bo/mu/yes/no/d/847/il/A,bo/so/no/no/m/790/il/U,0.41
bo/mu/yes/no/d/847/il/A,bo/so/yes/no/m/791/il/U,0.53
bo/mu/yes/no/d/847/il/A,bw/mu/no/yes/d/796/il/U,0.89
bo/mu/yes/no/d/847/il/A,bo/mu/no/no/d/798/il/U,0.96
bo/mu/yes/no/d/847/il/A,bo/mu/yes/yes/d/845/il/A,0.95
bo/mu/yes/no/d/847/il/A,bw/mu/no/no/d/842/il/A,0.9
bo/mu/yes/no/d/847/il/A,bo/st/yes/yes/m/829/il/A,0.7
bo/mu/yes/no/d/847/il/A,bo/so/no/yes/d/816/il/U,0.42
bo/mu/yes/no/d/847/il/A,bw/so/yes/no/d/811/il/U,0.47
bo/mu/yes/no/d/847/il/A,bw/mu/no/no/m/818/il/A,0.9
bo/mu/yes/no/d/847/il/A,bw/st/yes/no/m/827/il/A,0.39
bo/mu/yes/no/d/847/il/A,bw/mu/no/yes/m/820/il/A,0.89
bo/mu/yes/no/d/847/il/A,bw/mu/yes/no/d/843/il/A,0.91
bo/mu/yes/no/d/847/il/A,bw/mu/no/yes/d/844/il/A,0.89
bo/mu/yes/no/d/847/il/A,bo/mu/yes/yes/m/821/il/A,0.95
bo/mu/yes/no/d/847/il/A,bw/mu/yes/no/m/819/il/A,0.91
bo/mu/yes/no/d/847/il/A,bw/st/no/no/m/826/il/A,0.4
bo/mu/yes/no/d/847/il/A,bw/so/no/no/d/810/il/U,0.46
bo/mu/yes/no/d/847/il/A,bw/st/no/yes/m/828/il/A,0.62
bo/mu/yes/no/d/847/il/A,bw/mu/yes/yes/m/817/il/A,0.9
bo/so/no/yes/m/840/il/A,bo/st/yes/yes/d/853/il/A,0.45
bo/so/no/yes/m/840/il/A,bo/st/no/no/d/854/il/A,0.45
bo/so/no/yes/m/840/il/A,bo/so/no/no/d/862/il/A,0.77
bo/so/no/yes/m/840/il/A,bo/st/yes/no/m/831/il/A,0.43
bo/so/no/yes/m/840/il/A,bw/so/no/yes/m/836/il/A,0.4
bo/so/no/yes/m/840/il/A,bw/so/yes/yes/d/809/il/U,0.4
bo/so/no/yes/m/840/il/A,bo/mu/no/yes/d/800/il/U,0.43
bo/so/no/yes/m/840/il/A,bo/st/yes/no/d/807/il/U,0.43
bo/so/no/yes/m/840/il/A,bo/so/no/no/m/838/il/A,0.77
bo/so/no/yes/m/840/il/A,bo/so/no/yes/d/864/il/A,1.0
bo/so/no/yes/m/840/il/A,bo/so/yes/no/d/863/il/A,0.47
bo/so/no/yes/m/840/il/A,bo/st/yes/no/d/855/il/A,0.43
bo/so/no/yes/m/840/il/A,bw/st/no/yes/d/852/il/A,0.32
bo/so/no/yes/m/840/il/A,bo/st/no/no/d/806/il/U,0.45
bo/so/no/yes/m/840/il/A,bo/so/yes/no/m/839/il/A,0.47
bo/so/no/yes/m/840/il/A,bw/st/yes/yes/d/801/il/U,0.31
bo/so/no/yes/m/840/il/A,bo/so/yes/yes/m/837/il/A,0.59
bo/so/no/yes/m/840/il/A,bo/st/no/yes/d/808/il/U,0.47
bo/so/no/yes/m/840/il/A,bo/st/no/no/m/830/il/A,0.45
bo/so/no/yes/m/840/il/A,bo/st/yes/yes/m/781/il/U,0.45
bo/so/no/yes/m/840/il/A,bo/mu/yes/no/m/775/il/U,0.42
bo/so/no/yes/m/840/il/A,bw/mu/no/yes/m/772/il/U,0.4
bo/so/no/yes/m/840/il/A,bw/so/no/no/m/786/il/U,0.34
bo/so/no/yes/m/840/il/A,bw/so/no/yes/m/788/il/U,0.4
bo/so/no/yes/m/840/il/A,bo/so/yes/yes/m/789/il/U,0.59
bo/so/no/yes/m/840/il/A,bw/so/yes/no/m/787/il/U,0.35
bo/so/no/yes/m/840/il/A,bo/mu/yes/yes/m/773/il/U,0.42
bo/so/no/yes/m/840/il/A,bo/mu/no/no/m/774/il/U,0.42
bo/so/no/yes/m/840/il/A,bw/st/no/yes/m/780/il/U,0.32
bo/so/no/yes/m/840/il/A,bw/mu/yes/yes/m/769/il/U,0.4
bo/so/no/yes/m/840/il/A,bw/mu/yes/yes/d/793/il/U,0.4
bo/so/no/yes/m/840/il/A,bw/mu/no/no/d/794/il/U,0.4
bo/so/no/yes/m/840/il/A,bw/mu/yes/no/d/795/il/U,0.4
bo/so/no/yes/m/840/il/A,bo/so/no/yes/m/792/il/U,1.0
bo/so/no/yes/m/840/il/A,bw/so/no/yes/d/812/il/U,0.4
bo/so/no/yes/m/840/il/A,bo/so/yes/no/d/815/il/U,0.47
bo/so/no/yes/m/840/il/A,bo/mu/yes/no/m/823/il/A,0.42
bo/so/no/yes/m/840/il/A,bo/mu/no/yes/m/824/il/A,0.43
bo/so/no/yes/m/840/il/A,bo/mu/no/yes/d/848/il/A,0.43
bo/so/no/yes/m/840/il/A,bw/mu/yes/yes/d/841/il/A,0.4
bo/so/no/yes/m/840/il/A,bo/mu/no/no/d/846/il/A,0.42
bo/so/no/yes/m/840/il/A,bw/st/yes/yes/m/825/il/A,0.31
bo/so/no/yes/m/840/il/A,bo/mu/no/no/m/822/il/A,0.42
bo/so/no/yes/m/840/il/A,bo/so/no/no/d/814/il/U,0.77
bo/so/no/yes/m/840/il/A,bo/so/yes/yes/d/813/il/U,0.59
bo/so/no/yes/m/840/il/A,bo/mu/yes/no/d/847/il/A,0.42
bo/so/no/yes/m/840/il/A,bo/so/no/yes/m/840/il/A,1.0
bo/so/no/yes/m/840/il/A,bw/st/yes/yes/d/849/il/A,0.31
bo/so/no/yes/m/840/il/A,bw/so/yes/no/m/835/il/A,0.35
bo/so/no/yes/m/840/il/A,bo/st/no/yes/m/832/il/A,0.47
bo/so/no/yes/m/840/il/A,bw/st/no/yes/d/804/il/U,0.32
bo/so/no/yes/m/840/il/A,bw/st/yes/no/d/803/il/U,0.21
bo/so/no/yes/m/840/il/A,bw/so/yes/yes/d/857/il/A,0.4
bo/so/no/yes/m/840/il/A,bw/st/no/no/d/850/il/A,0.21
bo/so/no/yes/m/840/il/A,bw/so/yes/no/d/859/il/A,0.35
bo/so/no/yes/m/840/il/A,bo/so/yes/yes/d/861/il/A,0.59
bo/so/no/yes/m/840/il/A,bw/st/no/no/d/802/il/U,0.21
bo/so/no/yes/m/840/il/A,bo/st/yes/yes/d/805/il/U,0.45
bo/so/no/yes/m/840/il/A,bw/so/yes/yes/m/833/il/A,0.4
bo/so/no/yes/m/840/il/A,bw/so/no/no/m/834/il/A,0.34
bo/so/no/yes/m/840/il/A,bw/so/no/yes/d/860/il/A,0.4
bo/so/no/yes/m/840/il/A,bw/so/no/no/d/858/il/A,0.34
bo/so/no/yes/m/840/il/A,bw/st/yes/no/d/851/il/A,0.21
bo/so/no/yes/m/840/il/A,bo/st/no/yes/d/856/il/A,0.47
bo/so/no/yes/m/840/il/A,bw/mu/yes/no/m/771/il/U,0.4
bo/so/no/yes/m/840/il/A,bw/so/yes/yes/m/785/il/U,0.4
bo/so/no/yes/m/840/il/A,bo/st/no/no/m/782/il/U,0.45
bo/so/no/yes/m/840/il/A,bo/mu/no/yes/m/776/il/U,0.43
bo/so/no/yes/m/840/il/A,bw/st/no/no/m/778/il/U,0.21
bo/so/no/yes/m/840/il/A,bw/st/yes/no/m/779/il/U,0.21
bo/so/no/yes/m/840/il/A,bw/st/yes/yes/m/777/il/U,0.31
bo/so/no/yes/m/840/il/A,bo/st/yes/no/m/783/il/U,0.43
bo/so/no/yes/m/840/il/A,bo/st/no/yes/m/784/il/U,0.47
bo/so/no/yes/m/840/il/A,bw/mu/no/no/m/770/il/U,0.4
bo/so/no/yes/m/840/il/A,bo/mu/yes/no/d/799/il/U,0.42
bo/so/no/yes/m/840/il/A,bo/mu/yes/yes/d/797/il/U,0.42
bo/so/no/yes/m/840/il/A,bo/so/no/no/m/790/il/U,0.77
bo/so/no/yes/m/840/il/A,bo/so/yes/no/m/791/il/U,0.47
bo/so/no/yes/m/840/il/A,bw/mu/no/yes/d/796/il/U,0.4
bo/so/no/yes/m/840/il/A,bo/mu/no/no/d/798/il/U,0.42
bo/so/no/yes/m/840/il/A,bo/mu/yes/yes/d/845/il/A,0.42
bo/so/no/yes/m/840/il/A,bw/mu/no/no/d/842/il/A,0.4
bo/so/no/yes/m/840/il/A,bo/st/yes/yes/m/829/il/A,0.45
bo/so/no/yes/m/840/il/A,bo/so/no/yes/d/816/il/U,1.0
bo/so/no/yes/m/840/il/A,bw/so/yes/no/d/811/il/U,0.35
bo/so/no/yes/m/840/il/A,bw/mu/no/no/m/818/il/A,0.4
bo/so/no/yes/m/840/il/A,bw/st/yes/no/m/827/il/A,0.21
bo/so/no/yes/m/840/il/A,bw/mu/no/yes/m/820/il/A,0.4
bo/so/no/yes/m/840/il/A,bw/mu/yes/no/d/843/il/A,0.4
bo/so/no/yes/m/840/il/A,bw/mu/no/yes/d/844/il/A,0.4
bo/so/no/yes/m/840/il/A,bo/mu/yes/yes/m/821/il/A,0.42
bo/so/no/yes/m/840/il/A,bw/mu/yes/no/m/819/il/A,0.4
bo/so/no/yes/m/840/il/A,bw/st/no/no/m/826/il/A,0.21
bo/so/no/yes/m/840/il/A,bw/so/no/no/d/810/il/U,0.34
bo/so/no/yes/m/840/il/A,bw/st/no/yes/m/828/il/A,0.32
bo/so/no/yes/m/840/il/A,bw/mu/yes/yes/m/817/il/A,0.4
bw/st/yes/yes/d/849/il/A,bo/st/yes/yes/d/853/il/A,0.58
bw/st/yes/yes/d/849/il/A,bo/st/no/no/d/854/il/A,0.57
bw/st/yes/yes/d/849/il/A,bo/so/no/no/d/862/il/A,0.32
bw/st/yes/yes/d/849/il/A,bo/st/yes/no/m/831/il/A,0.59
bw/st/yes/yes/d/849/il/A,bw/so/no/yes/m/836/il/A,0.45
bw/st/yes/yes/d/849/il/A,bw/so/yes/yes/d/809/il/U,0.45
bw/st/yes/yes/d/849/il/A,bo/mu/no/yes/d/800/il/U,0.59
bw/st/yes/yes/d/849/il/A,bo/st/yes/no/d/807/il/U,0.59
bw/st/yes/yes/d/849/il/A,bo/so/no/no/m/838/il/A,0.32
bw/st/yes/yes/d/849/il/A,bo/so/no/yes/d/864/il/A,0.31
bw/st/yes/yes/d/849/il/A,bo/so/yes/no/d/863/il/A,0.44
bw/st/yes/yes/d/849/il/A,bo/st/yes/no/d/855/il/A,0.59
bw/st/yes/yes/d/849/il/A,bw/st/no/yes/d/852/il/A,0.9
bw/st/yes/yes/d/849/il/A,bo/st/no/no/d/806/il/U,0.57
bw/st/yes/yes/d/849/il/A,bo/so/yes/no/m/839/il/A,0.44
bw/st/yes/yes/d/849/il/A,bw/st/yes/yes/d/801/il/U,1.0
bw/st/yes/yes/d/849/il/A,bo/so/yes/yes/m/837/il/A,0.46
bw/st/yes/yes/d/849/il/A,bo/st/no/yes/d/808/il/U,0.56
bw/st/yes/yes/d/849/il/A,bo/st/no/no/m/830/il/A,0.57
bw/st/yes/yes/d/849/il/A,bo/st/yes/yes/m/781/il/U,0.58
bw/st/yes/yes/d/849/il/A,bo/mu/yes/no/m/775/il/U,0.59
bw/st/yes/yes/d/849/il/A,bw/mu/no/yes/m/772/il/U,0.62
bw/st/yes/yes/d/849/il/A,bw/so/no/no/m/786/il/U,0.43
bw/st/yes/yes/d/849/il/A,bw/so/no/yes/m/788/il/U,0.45
bw/st/yes/yes/d/849/il/A,bo/so/yes/yes/m/789/il/U,0.46
bw/st/yes/yes/d/849/il/A,bw/so/yes/no/m/787/il/U,0.44
bw/st/yes/yes/d/849/il/A,bo/mu/yes/yes/m/773/il/U,0.6
bw/st/yes/yes/d/849/il/A,bo/mu/no/no/m/774/il/U,0.58
bw/st/yes/yes/d/849/il/A,bw/st/no/yes/m/780/il/U,0.9
bw/st/yes/yes/d/849/il/A,bw/mu/yes/yes/m/769/il/U,0.62
bw/st/yes/yes/d/849/il/A,bw/mu/yes/yes/d/793/il/U,0.62
bw/st/yes/yes/d/849/il/A,bw/mu/no/no/d/794/il/U,0.61
bw/st/yes/yes/d/849/il/A,bw/mu/yes/no/d/795/il/U,0.61
bw/st/yes/yes/d/849/il/A,bo/so/no/yes/m/792/il/U,0.31
bw/st/yes/yes/d/849/il/A,bw/so/no/yes/d/812/il/U,0.45
bw/st/yes/yes/d/849/il/A,bo/so/yes/no/d/815/il/U,0.44
bw/st/yes/yes/d/849/il/A,bo/mu/yes/no/m/823/il/A,0.59
bw/st/yes/yes/d/849/il/A,bo/mu/no/yes/m/824/il/A,0.59
bw/st/yes/yes/d/849/il/A,bo/mu/no/yes/d/848/il/A,0.59
bw/st/yes/yes/d/849/il/A,bw/mu/yes/yes/d/841/il/A,0.62
bw/st/yes/yes/d/849/il/A,bo/mu/no/no/d/846/il/A,0.58
bw/st/yes/yes/d/849/il/A,bw/st/yes/yes/m/825/il/A,1.0
bw/st/yes/yes/d/849/il/A,bo/mu/no/no/m/822/il/A,0.58
bw/st/yes/yes/d/849/il/A,bo/so/no/no/d/814/il/U,0.32
bw/st/yes/yes/d/849/il/A,bo/so/yes/yes/d/813/il/U,0.46
bw/st/yes/yes/d/849/il/A,bo/mu/yes/no/d/847/il/A,0.59
bw/st/yes/yes/d/849/il/A,bo/so/no/yes/m/840/il/A,0.31
bw/st/yes/yes/d/849/il/A,bw/st/yes/yes/d/849/il/A,1.0
bw/st/yes/yes/d/849/il/A,bw/so/yes/no/m/835/il/A,0.44
bw/st/yes/yes/d/849/il/A,bo/st/no/yes/m/832/il/A,0.56
bw/st/yes/yes/d/849/il/A,bw/st/no/yes/d/804/il/U,0.9
bw/st/yes/yes/d/849/il/A,bw/st/yes/no/d/803/il/U,0.65
bw/st/yes/yes/d/849/il/A,bw/so/yes/yes/d/857/il/A,0.45
bw/st/yes/yes/d/849/il/A,bw/st/no/no/d/850/il/A,0.6
bw/st/yes/yes/d/849/il/A,bw/so/yes/no/d/859/il/A,0.44
bw/st/yes/yes/d/849/il/A,bo/so/yes/yes/d/861/il/A,0.46
bw/st/yes/yes/d/849/il/A,bw/st/no/no/d/802/il/U,0.6
bw/st/yes/yes/d/849/il/A,bo/st/yes/yes/d/805/il/U,0.58
bw/st/yes/yes/d/849/il/A,bw/so/yes/yes/m/833/il/A,0.45
bw/st/yes/yes/d/849/il/A,bw/so/no/no/m/834/il/A,0.43
bw/st/yes/yes/d/849/il/A,bw/so/no/yes/d/860/il/A,0.45
bw/st/yes/yes/d/849/il/A,bw/so/no/no/d/858/il/A,0.43
bw/st/yes/yes/d/849/il/A,bw/st/yes/no/d/851/il/A,0.65
bw/st/yes/yes/d/849/il/A,bo/st/no/yes/d/856/il/A,0.56
bw/st/yes/yes/d/849/il/A,bw/mu/yes/no/m/771/il/U,0.61
bw/st/yes/yes/d/849/il/A,bw/so/yes/yes/m/785/il/U,0.45
bw/st/yes/yes/d/849/il/A,bo/st/no/no/m/782/il/U,0.57
bw/st/yes/yes/d/849/il/A,bo/mu/no/yes/m/776/il/U,0.59
bw/st/yes/yes/d/849/il/A,bw/st/no/no/m/778/il/U,0.6
bw/st/yes/yes/d/849/il/A,bw/st/yes/no/m/779/il/U,0.65
bw/st/yes/yes/d/849/il/A,bw/st/yes/yes/m/777/il/U,1.0
bw/st/yes/yes/d/849/il/A,bo/st/yes/no/m/783/il/U,0.59
bw/st/yes/yes/d/849/il/A,bo/st/no/yes/m/784/il/U,0.56
bw/st/yes/yes/d/849/il/A,bw/mu/no/no/m/770/il/U,0.61
bw/st/yes/yes/d/849/il/A,bo/mu/yes/no/d/799/il/U,0.59
bw/st/yes/yes/d/849/il/A,bo/mu/yes/yes/d/797/il/U,0.6
bw/st/yes/yes/d/849/il/A,bo/so/no/no/m/790/il/U,0.32
bw/st/yes/yes/d/849/il/A,bo/so/yes/no/m/791/il/U,0.44
bw/st/yes/yes/d/849/il/A,bw/mu/no/yes/d/796/il/U,0.62
bw/st/yes/yes/d/849/il/A,bo/mu/no/no/d/798/il/U,0.58
bw/st/yes/yes/d/849/il/A,bo/mu/yes/yes/d/845/il/A,0.6
bw/st/yes/yes/d/849/il/A,bw/mu/no/no/d/842/il/A,0.61
bw/st/yes/yes/d/849/il/A,bo/st/yes/yes/m/829/il/A,0.58
bw/st/yes/yes/d/849/il/A,bo/so/no/yes/d/816/il/U,0.31
bw/st/yes/yes/d/849/il/A,bw/so/yes/no/d/811/il/U,0.44
bw/st/yes/yes/d/849/il/A,bw/mu/no/no/m/818/il/A,0.61
bw/st/yes/yes/d/849/il/A,bw/st/yes/no/m/827/il/A,0.65
bw/st/yes/yes/d/849/il/A,bw/mu/no/yes/m/820/il/A,0.62
bw/st/yes/yes/d/849/il/A,bw/mu/yes/no/d/843/il/A,0.61
bw/st/yes/yes/d/849/il/A,bw/mu/no/yes/d/844/il/A,0.62
bw/st/yes/yes/d/849/il/A,bo/mu/yes/yes/m/821/il/A,0.6
bw/st/yes/yes/d/849/il/A,bw/mu/yes/no/m/819/il/A,0.61
bw/st/yes/yes/d/849/il/A,bw/st/no/no/m/826/il/A,0.6
bw/st/yes/yes/d/849/il/A,bw/so/no/no/d/810/il/U,0.43
bw/st/yes/yes/d/849/il/A,bw/st/no/yes/m/828/il/A,0.9
bw/st/yes/yes/d/849/il/A,bw/mu/yes/yes/m/817/il/A,0.62
bw/so/yes/no/m/835/il/A,bo/st/yes/yes/d/853/il/A,0.52
bw/so/yes/no/m/835/il/A,bo/st/no/no/d/854/il/A,0.52
bw/so/yes/no/m/835/il/A,bo/so/no/no/d/862/il/A,0.39
bw/so/yes/no/m/835/il/A,bo/st/yes/no/m/831/il/A,0.52
bw/so/yes/no/m/835/il/A,bw/so/no/yes/m/836/il/A,0.7
bw/so/yes/no/m/835/il/A,bw/so/yes/yes/d/809/il/U,0.74
bw/so/yes/no/m/835/il/A,bo/mu/no/yes/d/800/il/U,0.47
bw/so/yes/no/m/835/il/A,bo/st/yes/no/d/807/il/U,0.52
bw/so/yes/no/m/835/il/A,bo/so/no/no/m/838/il/A,0.39
bw/so/yes/no/m/835/il/A,bo/so/no/yes/d/864/il/A,0.35
bw/so/yes/no/m/835/il/A,bo/so/yes/no/d/863/il/A,0.59
bw/so/yes/no/m/835/il/A,bo/st/yes/no/d/855/il/A,0.52
bw/so/yes/no/m/835/il/A,bw/st/no/yes/d/852/il/A,0.45
bw/so/yes/no/m/835/il/A,bo/st/no/no/d/806/il/U,0.52
bw/so/yes/no/m/835/il/A,bo/so/yes/no/m/839/il/A,0.59
bw/so/yes/no/m/835/il/A,bw/st/yes/yes/d/801/il/U,0.44
bw/so/yes/no/m/835/il/A,bo/so/yes/yes/m/837/il/A,0.53
bw/so/yes/no/m/835/il/A,bo/st/no/yes/d/808/il/U,0.53
bw/so/yes/no/m/835/il/A,bo/st/no/no/m/830/il/A,0.52
bw/so/yes/no/m/835/il/A,bo/st/yes/yes/m/781/il/U,0.52
bw/so/yes/no/m/835/il/A,bo/mu/yes/no/m/775/il/U,0.47
bw/so/yes/no/m/835/il/A,bw/mu/no/yes/m/772/il/U,0.47
bw/so/yes/no/m/835/il/A,bw/so/no/no/m/786/il/U,0.85
bw/so/yes/no/m/835/il/A,bw/so/no/yes/m/788/il/U,0.7
bw/so/yes/no/m/835/il/A,bo/so/yes/yes/m/789/il/U,0.53
bw/so/yes/no/m/835/il/A,bw/so/yes/no/m/787/il/U,1.0
bw/so/yes/no/m/835/il/A,bo/mu/yes/yes/m/773/il/U,0.47
bw/so/yes/no/m/835/il/A,bo/mu/no/no/m/774/il/U,0.46
bw/so/yes/no/m/835/il/A,bw/st/no/yes/m/780/il/U,0.45
bw/so/yes/no/m/835/il/A,bw/mu/yes/yes/m/769/il/U,0.47
bw/so/yes/no/m/835/il/A,bw/mu/yes/yes/d/793/il/U,0.47
bw/so/yes/no/m/835/il/A,bw/mu/no/no/d/794/il/U,0.46
bw/so/yes/no/m/835/il/A,bw/mu/yes/no/d/795/il/U,0.46
bw/so/yes/no/m/835/il/A,bo/so/no/yes/m/792/il/U,0.35
bw/so/yes/no/m/835/il/A,bw/so/no/yes/d/812/il/U,0.7
bw/so/yes/no/m/835/il/A,bo/so/yes/no/d/815/il/U,0.59
bw/so/yes/no/m/835/il/A,bo/mu/yes/no/m/823/il/A,0.47
bw/so/yes/no/m/835/il/A,bo/mu/no/yes/m/824/il/A,0.47
bw/so/yes/no/m/835/il/A,bo/mu/no/yes/d/848/il/A,0.47
bw/so/yes/no/m/835/il/A,bw/mu/yes/yes/d/841/il/A,0.47
bw/so/yes/no/m/835/il/A,bo/mu/no/no/d/846/il/A,0.46
bw/so/yes/no/m/835/il/A,bw/st/yes/yes/m/825/il/A,0.44
bw/so/yes/no/m/835/il/A,bo/mu/no/no/m/822/il/A,0.46
bw/so/yes/no/m/835/il/A,bo/so/no/no/d/814/il/U,0.39
bw/so/yes/no/m/835/il/A,bo/so/yes/yes/d/813/il/U,0.53
bw/so/yes/no/m/835/il/A,bo/mu/yes/no/d/847/il/A,0.47
bw/so/yes/no/m/835/il/A,bo/so/no/yes/m/840/il/A,0.35
bw/so/yes/no/m/835/il/A,bw/st/yes/yes/d/849/il/A,0.44
bw/so/yes/no/m/835/il/A,bw/so/yes/no/m/835/il/A,1.0
bw/so/yes/no/m/835/il/A,bo/st/no/yes/m/832/il/A,0.53
bw/so/yes/no/m/835/il/A,bw/st/no/yes/d/804/il/U,0.45
bw/so/yes/no/m/835/il/A,bw/st/yes/no/d/803/il/U,0.32
bw/so/yes/no/m/835/il/A,bw/so/yes/yes/d/857/il/A,0.74
bw/so/yes/no/m/835/il/A,bw/st/no/no/d/850/il/A,0.32
bw/so/yes/no/m/835/il/A,bw/so/yes/no/d/859/il/A,1.0
bw/so/yes/no/m/835/il/A,bo/so/yes/yes/d/861/il/A,0.53
bw/so/yes/no/m/835/il/A,bw/st/no/no/d/802/il/U,0.32
bw/so/yes/no/m/835/il/A,bo/st/yes/yes/d/805/il/U,0.52
bw/so/yes/no/m/835/il/A,bw/so/yes/yes/m/833/il/A,0.74
bw/so/yes/no/m/835/il/A,bw/so/no/no/m/834/il/A,0.85
bw/so/yes/no/m/835/il/A,bw/so/no/yes/d/860/il/A,0.7
bw/so/yes/no/m/835/il/A,bw/so/no/no/d/858/il/A,0.85
bw/so/yes/no/m/835/il/A,bw/st/yes/no/d/851/il/A,0.32
bw/so/yes/no/m/835/il/A,bo/st/no/yes/d/856/il/A,0.53
bw/so/yes/no/m/835/il/A,bw/mu/yes/no/m/771/il/U,0.46
bw/so/yes/no/m/835/il/A,bw/so/yes/yes/m/785/il/U,0.74
bw/so/yes/no/m/835/il/A,bo/st/no/no/m/782/il/U,0.52
bw/so/yes/no/m/835/il/A,bo/mu/no/yes/m/776/il/U,0.47
bw/so/yes/no/m/835/il/A,bw/st/no/no/m/778/il/U,0.32
bw/so/yes/no/m/835/il/A,bw/st/yes/no/m/779/il/U,0.32
bw/so/yes/no/m/835/il/A,bw/st/yes/yes/m/777/il/U,0.44
bw/so/yes/no/m/835/il/A,bo/st/yes/no/m/783/il/U,0.52
bw/so/yes/no/m/835/il/A,bo/st/no/yes/m/784/il/U,0.53
bw/so/yes/no/m/835/il/A,bw/mu/no/no/m/770/il/U,0.46
bw/so/yes/no/m/835/il/A,bo/mu/yes/no/d/799/il/U,0.47
bw/so/yes/no/m/835/il/A,bo/mu/yes/yes/d/797/il/U,0.47
bw/so/yes/no/m/835/il/A,bo/so/no/no/m/790/il/U,0.39
bw/so/yes/no/m/835/il/A,bo/so/yes/no/m/791/il/U,0.59
bw/so/yes/no/m/835/il/A,bw/mu/no/yes/d/796/il/U,0.47
bw/so/yes/no/m/835/il/A,bo/mu/no/no/d/798/il/U,0.46
bw/so/yes/no/m/835/il/A,bo/mu/yes/yes/d/845/il/A,0.47
bw/so/yes/no/m/835/il/A,bw/mu/no/no/d/842/il/A,0.46
bw/so/yes/no/m/835/il/A,bo/st/yes/yes/m/829/il/A,0.52
bw/so/yes/no/m/835/il/A,bo/so/no/yes/d/816/il/U,0.35
bw/so/yes/no/m/835/il/A,bw/so/yes/no/d/811/il/U,1.0
bw/so/yes/no/m/835/il/A,bw/mu/no/no/m/818/il/A,0.46
bw/so/yes/no/m/835/il/A,bw/st/yes/no/m/827/il/A,0.32
bw/so/yes/no/m/835/il/A,bw/mu/no/yes/m/820/il/A,0.47
bw/so/yes/no/m/835/il/A,bw/mu/yes/no/d/843/il/A,0.46
bw/so/yes/no/m/835/il/A,bw/mu/no/yes/d/844/il/A,0.47
bw/so/yes/no/m/835/il/A,bo/mu/yes/yes/m/821/il/A,0.47
bw/so/yes/no/m/835/il/A,bw/mu/yes/no/m/819/il/A,0.46
bw/so/yes/no/m/835/il/A,bw/st/no/no/m/826/il/A,0.32
bw/so/yes/no/m/835/il/A,bw/so/no/no/d/810/il/U,0.85
bw/so/yes/no/m/835/il/A,bw/st/no/yes/m/828/il/A,0.45
bw/so/yes/no/m/835/il/A,bw/mu/yes/yes/m/817/il/A,0.47
bo/st/no/yes/m/832/il/A,bo/st/yes/yes/d/853/il/A,0.9
bo/st/no/yes/m/832/il/A,bo/st/no/no/d/854/il/A,0.94
bo/st/no/yes/m/832/il/A,bo/so/no/no/d/862/il/A,0.46
bo/st/no/yes/m/832/il/A,bo/st/yes/no/m/831/il/A,0.87
bo/st/no/yes/m/832/il/A,bw/so/no/yes/m/836/il/A,0.56
bo/st/no/yes/m/832/il/A,bw/so/yes/yes/d/809/il/U,0.56
bo/st/no/yes/m/832/il/A,bo/mu/no/yes/d/800/il/U,0.72
bo/st/no/yes/m/832/il/A,bo/st/yes/no/d/807/il/U,0.87
bo/st/no/yes/m/832/il/A,bo/so/no/no/m/838/il/A,0.46
bo/st/no/yes/m/832/il/A,bo/so/no/yes/d/864/il/A,0.47
bo/st/no/yes/m/832/il/A,bo/so/yes/no/d/863/il/A,0.6
bo/st/no/yes/m/832/il/A,bo/st/yes/no/d/855/il/A,0.87
bo/st/no/yes/m/832/il/A,bw/st/no/yes/d/852/il/A,0.59
bo/st/no/yes/m/832/il/A,bo/st/no/no/d/806/il/U,0.94
bo/st/no/yes/m/832/il/A,bo/so/yes/no/m/839/il/A,0.6
bo/st/no/yes/m/832/il/A,bw/st/yes/yes/d/801/il/U,0.56
bo/st/no/yes/m/832/il/A,bo/so/yes/yes/m/837/il/A,0.66
bo/st/no/yes/m/832/il/A,bo/st/no/yes/d/808/il/U,1.0
bo/st/no/yes/m/832/il/A,bo/st/no/no/m/830/il/A,0.94
bo/st/no/yes/m/832/il/A,bo/st/yes/yes/m/781/il/U,0.9
bo/st/no/yes/m/832/il/A,bo/mu/yes/no/m/775/il/U,0.7
bo/st/no/yes/m/832/il/A,bw/mu/no/yes/m/772/il/U,0.69
bo/st/no/yes/m/832/il/A,bw/so/no/no/m/786/il/U,0.52
bo/st/no/yes/m/832/il/A,bw/so/no/yes/m/788/il/U,0.56
bo/st/no/yes/m/832/il/A,bo/so/yes/yes/m/789/il/U,0.66
bo/st/no/yes/m/832/il/A,bw/so/yes/no/m/787/il/U,0.53
bo/st/no/yes/m/832/il/A,bo/mu/yes/yes/m/773/il/U,0.71
bo/st/no/yes/m/832/il/A,bo/mu/no/no/m/774/il/U,0.71
bo/st/no/yes/m/832/il/A,bw/st/no/yes/m/780/il/U,0.59
bo/st/no/yes/m/832/il/A,bw/mu/yes/yes/m/769/il/U,0.69
bo/st/no/yes/m/832/il/A,bw/mu/yes/yes/d/793/il/U,0.69
bo/st/no/yes/m/832/il/A,bw/mu/no/no/d/794/il/U,0.69
bo/st/no/yes/m/832/il/A,bw/mu/yes/no/d/795/il/U,0.69
bo/st/no/yes/m/832/il/A,bo/so/no/yes/m/792/il/U,0.47
bo/st/no/yes/m/832/il/A,bw/so/no/yes/d/812/il/U,0.56
bo/st/no/yes/m/832/il/A,bo/so/yes/no/d/815/il/U,0.6
bo/st/no/yes/m/832/il/A,bo/mu/yes/no/m/823/il/A,0.7
bo/st/no/yes/m/832/il/A,bo/mu/no/yes/m/824/il/A,0.72
bo/st/no/yes/m/832/il/A,bo/mu/no/yes/d/848/il/A,0.72
bo/st/no/yes/m/832/il/A,bw/mu/yes/yes/d/841/il/A,0.69
bo/st/no/yes/m/832/il/A,bo/mu/no/no/d/846/il/A,0.71
bo/st/no/yes/m/832/il/A,bw/st/yes/yes/m/825/il/A,0.56
bo/st/no/yes/m/832/il/A,bo/mu/no/no/m/822/il/A,0.71
bo/st/no/yes/m/832/il/A,bo/so/no/no/d/814/il/U,0.46
bo/st/no/yes/m/832/il/A,bo/so/yes/yes/d/813/il/U,0.66
bo/st/no/yes/m/832/il/A,bo/mu/yes/no/d/847/il/A,0.7
bo/st/no/yes/m/832/il/A,bo/so/no/yes/m/840/il/A,0.47
bo/st/no/yes/m/832/il/A,bw/st/yes/yes/d/849/il/A,0.56
bo/st/no/yes/m/832/il/A,bw/so/yes/no/m/835/il/A,0.53
bo/st/no/yes/m/832/il/A,bo/st/no/yes/m/832/il/A,1.0
bo/st/no/yes/m/832/il/A,bw/st/no/yes/d/804/il/U,0.59
bo/st/no/yes/m/832/il/A,bw/st/yes/no/d/803/il/U,0.38
bo/st/no/yes/m/832/il/A,bw/so/yes/yes/d/857/il/A,0.56
bo/st/no/yes/m/832/il/A,bw/st/no/no/d/850/il/A,0.38
bo/st/no/yes/m/832/il/A,bw/so/yes/no/d/859/il/A,0.53
bo/st/no/yes/m/832/il/A,bo/so/yes/yes/d/861/il/A,0.66
bo/st/no/yes/m/832/il/A,bw/st/no/no/d/802/il/U,0.38
bo/st/no/yes/m/832/il/A,bo/st/yes/yes/d/805/il/U,0.9
bo/st/no/yes/m/832/il/A,bw/so/yes/yes/m/833/il/A,0.56
bo/st/no/yes/m/832/il/A,bw/so/no/no/m/834/il/A,0.52
bo/st/no/yes/m/832/il/A,bw/so/no/yes/d/860/il/A,0.56
bo/st/no/yes/m/832/il/A,bw/so/no/no/d/858/il/A,0.52
bo/st/no/yes/m/832/il/A,bw/st/yes/no/d/851/il/A,0.38
bo/st/no/yes/m/832/il/A,bo/st/no/yes/d/856/il/A,1.0
bo/st/no/yes/m/832/il/A,bw/mu/yes/no/m/771/il/U,0.69
bo/st/no/yes/m/832/il/A,bw/so/yes/yes/m/785/il/U,0.56
bo/st/no/yes/m/832/il/A,bo/st/no/no/m/782/il/U,0.94
bo/st/no/yes/m/832/il/A,bo/mu/no/yes/m/776/il/U,0.72
bo/st/no/yes/m/832/il/A,bw/st/no/no/m/778/il/U,0.38
bo/st/no/yes/m/832/il/A,bw/st/yes/no/m/779/il/U,0.38
bo/st/no/yes/m/832/il/A,bw/st/yes/yes/m/777/il/U,0.56
bo/st/no/yes/m/832/il/A,bo/st/yes/no/m/783/il/U,0.87
bo/st/no/yes/m/832/il/A,bo/st/no/yes/m/784/il/U,1.0
bo/st/no/yes/m/832/il/A,bw/mu/no/no/m/770/il/U,0.69
bo/st/no/yes/m/832/il/A,bo/mu/yes/no/d/799/il/U,0.7
bo/st/no/yes/m/832/il/A,bo/mu/yes/yes/d/797/il/U,0.71
bo/st/no/yes/m/832/il/A,bo/so/no/no/m/790/il/U,0.46
bo/st/no/yes/m/832/il/A,bo/so/yes/no/m/791/il/U,0.6
bo/st/no/yes/m/832/il/A,bw/mu/no/yes/d/796/il/U,0.69
bo/st/no/yes/m/832/il/A,bo/mu/no/no/d/798/il/U,0.71
bo/st/no/yes/m/832/il/A,bo/mu/yes/yes/d/845/il/A,0.71
bo/st/no/yes/m/832/il/A,bw/mu/no/no/d/842/il/A,0.69
bo/st/no/yes/m/832/il/A,bo/st/yes/yes/m/829/il/A,0.9
bo/st/no/yes/m/832/il/A,bo/so/no/yes/d/816/il/U,0.47
bo/st/no/yes/m/832/il/A,bw/so/yes/no/d/811/il/U,0.53
bo/st/no/yes/m/832/il/A,bw/mu/no/no/m/818/il/A,0.69
bo/st/no/yes/m/832/il/A,bw/st/yes/no/m/827/il/A,0.38
bo/st/no/yes/m/832/il/A,bw/mu/no/yes/m/820/il/A,0.69
bo/st/no/yes/m/832/il/A,bw/mu/yes/no/d/843/il/A,0.69
bo/st/no/yes/m/832/il/A,bw/mu/no/yes/d/844/il/A,0.69
bo/st/no/yes/m/832/il/A,bo/mu/yes/yes/m/821/il/A,0.71
bo/st/no/yes/m/832/il/A,bw/mu/yes/no/m/819/il/A,0.69
bo/st/no/yes/m/832/il/A,bw/st/no/no/m/826/il/A,0.38
bo/st/no/yes/m/832/il/A,bw/so/no/no/d/810/il/U,0.52
bo/st/no/yes/m/832/il/A,bw/st/no/yes/m/828/il/A,0.59
bo/st/no/yes/m/832/il/A,bw/mu/yes/yes/m/817/il/A,0.69
bw/st/no/yes/d/804/il/U,bo/st/yes/yes/d/853/il/A,0.61
bw/st/no/yes/d/804/il/U,bo/st/no/no/d/854/il/A,0.59
bw/st/no/yes/d/804/il/U,bo/so/no/no/d/862/il/A,0.33
bw/st/no/yes/d/804/il/U,bo/st/yes/no/m/831/il/A,0.61
bw/st/no/yes/d/804/il/U,bw/so/no/yes/m/836/il/A,0.47
bw/st/no/yes/d/804/il/U,bw/so/yes/yes/d/809/il/U,0.47
bw/st/no/yes/d/804/il/U,bo/mu/no/yes/d/800/il/U,0.62
bw/st/no/yes/d/804/il/U,bo/st/yes/no/d/807/il/U,0.61
bw/st/no/yes/d/804/il/U,bo/so/no/no/m/838/il/A,0.33
bw/st/no/yes/d/804/il/U,bo/so/no/yes/d/864/il/A,0.32
bw/st/no/yes/d/804/il/U,bo/so/yes/no/d/863/il/A,0.46
bw/st/no/yes/d/804/il/U,bo/st/yes/no/d/855/il/A,0.61
bw/st/no/yes/d/804/il/U,bw/st/no/yes/d/852/il/A,1.0
bw/st/no/yes/d/804/il/U,bo/st/no/no/d/806/il/U,0.59
bw/st/no/yes/d/804/il/U,bo/so/yes/no/m/839/il/A,0.46
bw/st/no/yes/d/804/il/U,bw/st/yes/yes/d/801/il/U,0.9
bw/st/no/yes/d/804/il/U,bo/so/yes/yes/m/837/il/A,0.48
bw/st/no/yes/d/804/il/U,bo/st/no/yes/d/808/il/U,0.59
bw/st/no/yes/d/804/il/U,bo/st/no/no/m/830/il/A,0.59
bw/st/no/yes/d/804/il/U,bo/st/yes/yes/m/781/il/U,0.61
bw/st/no/yes/d/804/il/U,bo/mu/yes/no/m/775/il/U,0.62
bw/st/no/yes/d/804/il/U,bw/mu/no/yes/m/772/il/U,0.65
bw/st/no/yes/d/804/il/U,bw/so/no/no/m/786/il/U,0.45
bw/st/no/yes/d/804/il/U,bw/so/no/yes/m/788/il/U,0.47
bw/st/no/yes/d/804/il/U,bo/so/yes/yes/m/789/il/U,0.48
bw/st/no/yes/d/804/il/U,bw/so/yes/no/m/787/il/U,0.45
bw/st/no/yes/d/804/il/U,bo/mu/yes/yes/m/773/il/U,0.63
bw/st/no/yes/d/804/il/U,bo/mu/no/no/m/774/il/U,0.61
bw/st/no/yes/d/804/il/U,bw/st/no/yes/m/780/il/U,1.0
bw/st/no/yes/d/804/il/U,bw/mu/yes/yes/m/769/il/U,0.65
bw/st/no/yes/d/804/il/U,bw/mu/yes/yes/d/793/il/U,0.65
bw/st/no/yes/d/804/il/U,bw/mu/no/no/d/794/il/U,0.64
bw/st/no/yes/d/804/il/U,bw/mu/yes/no/d/795/il/U,0.64
bw/st/no/yes/d/804/il/U,bo/so/no/yes/m/792/il/U,0.32
bw/st/no/yes/d/804/il/U,bw/so/no/yes/d/812/il/U,0.47
bw/st/no/yes/d/804/il/U,bo/so/yes/no/d/815/il/U,0.46
bw/st/no/yes/d/804/il/U,bo/mu/yes/no/m/823/il/A,0.62
bw/st/no/yes/d/804/il/U,bo/mu/no/yes/m/824/il/A,0.62
bw/st/no/yes/d/804/il/U,bo/mu/no/yes/d/848/il/A,0.62
bw/st/no/yes/d/804/il/U,bw/mu/yes/yes/d/841/il/A,0.65
bw/st/no/yes/d/804/il/U,bo/mu/no/no/d/846/il/A,0.61
bw/st/no/yes/d/804/il/U,bw/st/yes/yes/m/825/il/A,0.9
bw/st/no/yes/d/804/il/U,bo/mu/no/no/m/822/il/A,0.61
bw/st/no/yes/d/804/il/U,bo/so/no/no/d/814/il/U,0.33
bw/st/no/yes/d/804/il/U,bo/so/yes/yes/d/813/il/U,0.48
bw/st/no/yes/d/804/il/U,bo/mu/yes/no/d/847/il/A,0.62
bw/st/no/yes/d/804/il/U,bo/so/no/yes/m/840/il/A,0.32
bw/st/no/yes/d/804/il/U,bw/st/yes/yes/d/849/il/A,0.9
bw/st/no/yes/d/804/il/U,bw/so/yes/no/m/835/il/A,0.45
bw/st/no/yes/d/804/il/U,bo/st/no/yes/m/832/il/A,0.59
bw/st/no/yes/d/804/il/U,bw/st/no/yes/d/804/il/U,1.0
bw/st/no/yes/d/804/il/U,bw/st/yes/no/d/803/il/U,0.6
bw/st/no/yes/d/804/il/U,bw/so/yes/yes/d/857/il/A,0.47
bw/st/no/yes/d/804/il/U,bw/st/no/no/d/850/il/A,0.63
bw/st/no/yes/d/804/il/U,bw/so/yes/no/d/859/il/A,0.45
bw/st/no/yes/d/804/il/U,bo/so/yes/yes/d/861/il/A,0.48
bw/st/no/yes/d/804/il/U,bw/st/no/no/d/802/il/U,0.63
bw/st/no/yes/d/804/il/U,bo/st/yes/yes/d/805/il/U,0.61
bw/st/no/yes/d/804/il/U,bw/so/yes/yes/m/833/il/A,0.47
bw/st/no/yes/d/804/il/U,bw/so/no/no/m/834/il/A,0.45
bw/st/no/yes/d/804/il/U,bw/so/no/yes/d/860/il/A,0.47
bw/st/no/yes/d/804/il/U,bw/so/no/no/d/858/il/A,0.45
bw/st/no/yes/d/804/il/U,bw/st/yes/no/d/851/il/A,0.6
bw/st/no/yes/d/804/il/U,bo/st/no/yes/d/856/il/A,0.59
bw/st/no/yes/d/804/il/U,bw/mu/yes/no/m/771/il/U,0.64
bw/st/no/yes/d/804/il/U,bw/so/yes/yes/m/785/il/U,0.47
bw/st/no/yes/d/804/il/U,bo/st/no/no/m/782/il/U,0.59
bw/st/no/yes/d/804/il/U,bo/mu/no/yes/m/776/il/U,0.62
bw/st/no/yes/d/804/il/U,bw/st/no/no/m/778/il/U,0.63
bw/st/no/yes/d/804/il/U,bw/st/yes/no/m/779/il/U,0.6
bw/st/no/yes/d/804/il/U,bw/st/yes/yes/m/777/il/U,0.9
bw/st/no/yes/d/804/il/U,bo/st/yes/no/m/783/il/U,0.61
bw/st/no/yes/d/804/il/U,bo/st/no/yes/m/784/il/U,0.59
bw/st/no/yes/d/804/il/U,bw/mu/no/no/m/770/il/U,0.64
bw/st/no/yes/d/804/il/U,bo/mu/yes/no/d/799/il/U,0.62
bw/st/no/yes/d/804/il/U,bo/mu/yes/yes/d/797/il/U,0.63
bw/st/no/yes/d/804/il/U,bo/so/no/no/m/790/il/U,0.33
bw/st/no/yes/d/804/il/U,bo/so/yes/no/m/791/il/U,0.46
bw/st/no/yes/d/804/il/U,bw/mu/no/yes/d/796/il/U,0.65
bw/st/no/yes/d/804/il/U,bo/mu/no/no/d/798/il/U,0.61
bw/st/no/yes/d/804/il/U,bo/mu/yes/yes/d/845/il/A,0.63
bw/st/no/yes/d/804/il/U,bw/mu/no/no/d/842/il/A,0.64
bw/st/no/yes/d/804/il/U,bo/st/yes/yes/m/829/il/A,0.61
bw/st/no/yes/d/804/il/U,bo/so/no/yes/d/816/il/U,0.32
bw/st/no/yes/d/804/il/U,bw/so/yes/no/d/811/il/U,0.45
bw/st/no/yes/d/804/il/U,bw/mu/no/no/m/818/il/A,0.64
bw/st/no/yes/d/804/il/U,bw/st/yes/no/m/827/il/A,0.6
bw/st/no/yes/d/804/il/U,bw/mu/no/yes/m/820/il/A,0.65
bw/st/no/yes/d/804/il/U,bw/mu/yes/no/d/843/il/A,0.64
bw/st/no/yes/d/804/il/U,bw/mu/no/yes/d/844/il/A,0.65
bw/st/no/yes/d/804/il/U,bo/mu/yes/yes/m/821/il/A,0.63
bw/st/no/yes/d/804/il/U,bw/mu/yes/no/m/819/il/A,0.64
bw/st/no/yes/d/804/il/U,bw/st/no/no/m/826/il/A,0.63
bw/st/no/yes/d/804/il/U,bw/so/no/no/d/810/il/U,0.45
bw/st/no/yes/d/804/il/U,bw/st/no/yes/m/828/il/A,1.0
bw/st/no/yes/d/804/il/U,bw/mu/yes/yes/m/817/il/A,0.65
bw/st/yes/no/d/803/il/U,bo/st/yes/yes/d/853/il/A,0.39
bw/st/yes/no/d/803/il/U,bo/st/no/no/d/854/il/A,0.38
bw/st/yes/no/d/803/il/U,bo/so/no/no/d/862/il/A,0.22
bw/st/yes/no/d/803/il/U,bo/st/yes/no/m/831/il/A,0.4
bw/st/yes/no/d/803/il/U,bw/so/no/yes/m/836/il/A,0.32
bw/st/yes/no/d/803/il/U,bw/so/yes/yes/d/809/il/U,0.32
bw/st/yes/no/d/803/il/U,bo/mu/no/yes/d/800/il/U,0.39
bw/st/yes/no/d/803/il/U,bo/st/yes/no/d/807/il/U,0.4
bw/st/yes/no/d/803/il/U,bo/so/no/no/m/838/il/A,0.22
bw/st/yes/no/d/803/il/U,bo/so/no/yes/d/864/il/A,0.21
bw/st/yes/no/d/803/il/U,bo/so/yes/no/d/863/il/A,0.31
bw/st/yes/no/d/803/il/U,bo/st/yes/no/d/855/il/A,0.4
bw/st/yes/no/d/803/il/U,bw/st/no/yes/d/852/il/A,0.6
bw/st/yes/no/d/803/il/U,bo/st/no/no/d/806/il/U,0.38
bw/st/yes/no/d/803/il/U,bo/so/yes/no/m/839/il/A,0.31
bw/st/yes/no/d/803/il/U,bw/st/yes/yes/d/801/il/U,0.65
bw/st/yes/no/d/803/il/U,bo/so/yes/yes/m/837/il/A,0.31
bw/st/yes/no/d/803/il/U,bo/st/no/yes/d/808/il/U,0.38
bw/st/yes/no/d/803/il/U,bo/st/no/no/m/830/il/A,0.38
bw/st/yes/no/d/803/il/U,bo/st/yes/yes/m/781/il/U,0.39
bw/st/yes/no/d/803/il/U,bo/mu/yes/no/m/775/il/U,0.39
bw/st/yes/no/d/803/il/U,bw/mu/no/yes/m/772/il/U,0.42
bw/st/yes/no/d/803/il/U,bw/so/no/no/m/786/il/U,0.32
bw/st/yes/no/d/803/il/U,bw/so/no/yes/m/788/il/U,0.32
bw/st/yes/no/d/803/il/U,bo/so/yes/yes/m/789/il/U,0.31
bw/st/yes/no/d/803/il/U,bw/so/yes/no/m/787/il/U,0.32
bw/st/yes/no/d/803/il/U,bo/mu/yes/yes/m/773/il/U,0.4
bw/st/yes/no/d/803/il/U,bo/mu/no/no/m/774/il/U,0.39
bw/st/yes/no/d/803/il/U,bw/st/no/yes/m/780/il/U,0.6
bw/st/yes/no/d/803/il/U,bw/mu/yes/yes/m/769/il/U,0.42
bw/st/yes/no/d/803/il/U,bw/mu/yes/yes/d/793/il/U,0.42
bw/st/yes/no/d/803/il/U,bw/mu/no/no/d/794/il/U,0.41
bw/st/yes/no/d/803/il/U,bw/mu/yes/no/d/795/il/U,0.42
bw/st/yes/no/d/803/il/U,bo/so/no/yes/m/792/il/U,0.21
bw/st/yes/no/d/803/il/U,bw/so/no/yes/d/812/il/U,0.32
bw/st/yes/no/d/803/il/U,bo/so/yes/no/d/815/il/U,0.31
bw/st/yes/no/d/803/il/U,bo/mu/yes/no/m/823/il/A,0.39
bw/st/yes/no/d/803/il/U,bo/mu/no/yes/m/824/il/A,0.39
bw/st/yes/no/d/803/il/U,bo/mu/no/yes/d/848/il/A,0.39
bw/st/yes/no/d/803/il/U,bw/mu/yes/yes/d/841/il/A,0.42
bw/st/yes/no/d/803/il/U,bo/mu/no/no/d/846/il/A,0.39
bw/st/yes/no/d/803/il/U,bw/st/yes/yes/m/825/il/A,0.65
bw/st/yes/no/d/803/il/U,bo/mu/no/no/m/822/il/A,0.39
bw/st/yes/no/d/803/il/U,bo/so/no/no/d/814/il/U,0.22
bw/st/yes/no/d/803/il/U,bo/so/yes/yes/d/813/il/U,0.31
bw/st/yes/no/d/803/il/U,bo/mu/yes/no/d/847/il/A,0.39
bw/st/yes/no/d/803/il/U,bo/so/no/yes/m/840/il/A,0.21
bw/st/yes/no/d/803/il/U,bw/st/yes/yes/d/849/il/A,0.65
bw/st/yes/no/d/803/il/U,bw/so/yes/no/m/835/il/A,0.32
bw/st/yes/no/d/803/il/U,bo/st/no/yes/m/832/il/A,0.38
bw/st/yes/no/d/803/il/U,bw/st/no/yes/d/804/il/U,0.6
bw/st/yes/no/d/803/il/U,bw/st/yes/no/d/803/il/U,1.0
bw/st/yes/no/d/803/il/U,bw/so/yes/yes/d/857/il/A,0.32
bw/st/yes/no/d/803/il/U,bw/st/no/no/d/850/il/A,0.84
bw/st/yes/no/d/803/il/U,bw/so/yes/no/d/859/il/A,0.32
bw/st/yes/no/d/803/il/U,bo/so/yes/yes/d/861/il/A,0.31
bw/st/yes/no/d/803/il/U,bw/st/no/no/d/802/il/U,0.84
bw/st/yes/no/d/803/il/U,bo/st/yes/yes/d/805/il/U,0.39
bw/st/yes/no/d/803/il/U,bw/so/yes/yes/m/833/il/A,0.32
bw/st/yes/no/d/803/il/U,bw/so/no/no/m/834/il/A,0.32
bw/st/yes/no/d/803/il/U,bw/so/no/yes/d/860/il/A,0.32
bw/st/yes/no/d/803/il/U,bw/so/no/no/d/858/il/A,0.32
bw/st/yes/no/d/803/il/U,bw/st/yes/no/d/851/il/A,1.0
bw/st/yes/no/d/803/il/U,bo/st/no/yes/d/856/il/A,0.38
bw/st/yes/no/d/803/il/U,bw/mu/yes/no/m/771/il/U,0.42
bw/st/yes/no/d/803/il/U,bw/so/yes/yes/m/785/il/U,0.32
bw/st/yes/no/d/803/il/U,bo/st/no/no/m/782/il/U,0.38
bw/st/yes/no/d/803/il/U,bo/mu/no/yes/m/776/il/U,0.39
bw/st/yes/no/d/803/il/U,bw/st/no/no/m/778/il/U,0.84
bw/st/yes/no/d/803/il/U,bw/st/yes/no/m/779/il/U,1.0
bw/st/yes/no/d/803/il/U,bw/st/yes/yes/m/777/il/U,0.65
bw/st/yes/no/d/803/il/U,bo/st/yes/no/m/783/il/U,0.4
bw/st/yes/no/d/803/il/U,bo/st/no/yes/m/784/il/U,0.38
bw/st/yes/no/d/803/il/U,bw/mu/no/no/m/770/il/U,0.41
bw/st/yes/no/d/803/il/U,bo/mu/yes/no/d/799/il/U,0.39
bw/st/yes/no/d/803/il/U,bo/mu/yes/yes/d/797/il/U,0.4
bw/st/yes/no/d/803/il/U,bo/so/no/no/m/790/il/U,0.22
bw/st/yes/no/d/803/il/U,bo/so/yes/no/m/791/il/U,0.31
bw/st/yes/no/d/803/il/U,bw/mu/no/yes/d/796/il/U,0.42
bw/st/yes/no/d/803/il/U,bo/mu/no/no/d/798/il/U,0.39
bw/st/yes/no/d/803/il/U,bo/mu/yes/yes/d/845/il/A,0.4
bw/st/yes/no/d/803/il/U,bw/mu/no/no/d/842/il/A,0.41
bw/st/yes/no/d/803/il/U,bo/st/yes/yes/m/829/il/A,0.39
bw/st/yes/no/d/803/il/U,bo/so/no/yes/d/816/il/U,0.21
bw/st/yes/no/d/803/il/U,bw/so/yes/no/d/811/il/U,0.32
bw/st/yes/no/d/803/il/U,bw/mu/no/no/m/818/il/A,0.41
bw/st/yes/no/d/803/il/U,bw/st/yes/no/m/827/il/A,1.0
bw/st/yes/no/d/803/il/U,bw/mu/no/yes/m/820/il/A,0.42
bw/st/yes/no/d/803/il/U,bw/mu/yes/no/d/843/il/A,0.42
bw/st/yes/no/d/803/il/U,bw/mu/no/yes/d/844/il/A,0.42
bw/st/yes/no/d/803/il/U,bo/mu/yes/yes/m/821/il/A,0.4
bw/st/yes/no/d/803/il/U,bw/mu/yes/no/m/819/il/A,0.42
bw/st/yes/no/d/803/il/U,bw/st/no/no/m/826/il/A,0.84
bw/st/yes/no/d/803/il/U,bw/so/no/no/d/810/il/U,0.32
bw/st/yes/no/d/803/il/U,bw/st/no/yes/m/828/il/A,0.6
bw/st/yes/no/d/803/il/U,bw/mu/yes/yes/m/817/il/A,0.42
bw/so/yes/yes/d/857/il/A,bo/st/yes/yes/d/853/il/A,0.55
bw/so/yes/yes/d/857/il/A,bo/st/no/no/d/854/il/A,0.55
bw/so/yes/yes/d/857/il/A,bo/so/no/no/d/862/il/A,0.38
bw/so/yes/yes/d/857/il/A,bo/st/yes/no/m/831/il/A,0.54
bw/so/yes/yes/d/857/il/A,bw/so/no/yes/m/836/il/A,0.86
bw/so/yes/yes/d/857/il/A,bw/so/yes/yes/d/809/il/U,1.0
bw/so/yes/yes/d/857/il/A,bo/mu/no/yes/d/800/il/U,0.49
bw/so/yes/yes/d/857/il/A,bo/st/yes/no/d/807/il/U,0.54
bw/so/yes/yes/d/857/il/A,bo/so/no/no/m/838/il/A,0.38
bw/so/yes/yes/d/857/il/A,bo/so/no/yes/d/864/il/A,0.4
bw/so/yes/yes/d/857/il/A,bo/so/yes/no/d/863/il/A,0.54
bw/so/yes/yes/d/857/il/A,bo/st/yes/no/d/855/il/A,0.54
bw/so/yes/yes/d/857/il/A,bw/st/no/yes/d/852/il/A,0.47
bw/so/yes/yes/d/857/il/A,bo/st/no/no/d/806/il/U,0.55
bw/so/yes/yes/d/857/il/A,bo/so/yes/no/m/839/il/A,0.54
bw/so/yes/yes/d/857/il/A,bw/st/yes/yes/d/801/il/U,0.45
bw/so/yes/yes/d/857/il/A,bo/so/yes/yes/m/837/il/A,0.6
bw/so/yes/yes/d/857/il/A,bo/st/no/yes/d/808/il/U,0.56
bw/so/yes/yes/d/857/il/A,bo/st/no/no/m/830/il/A,0.55
bw/so/yes/yes/d/857/il/A,bo/st/yes/yes/m/781/il/U,0.55
bw/so/yes/yes/d/857/il/A,bo/mu/yes/no/m/775/il/U,0.49
bw/so/yes/yes/d/857/il/A,bw/mu/no/yes/m/772/il/U,0.49
bw/so/yes/yes/d/857/il/A,bw/so/no/no/m/786/il/U,0.69
bw/so/yes/yes/d/857/il/A,bw/so/no/yes/m/788/il/U,0.86
bw/so/yes/yes/d/857/il/A,bo/so/yes/yes/m/789/il/U,0.6
bw/so/yes/yes/d/857/il/A,bw/so/yes/no/m/787/il/U,0.74
bw/so/yes/yes/d/857/il/A,bo/mu/yes/yes/m/773/il/U,0.49
bw/so/yes/yes/d/857/il/A,bo/mu/no/no/m/774/il/U,0.48
bw/so/yes/yes/d/857/il/A,bw/st/no/yes/m/780/il/U,0.47
bw/so/yes/yes/d/857/il/A,bw/mu/yes/yes/m/769/il/U,0.49
bw/so/yes/yes/d/857/il/A,bw/mu/yes/yes/d/793/il/U,0.49
bw/so/yes/yes/d/857/il/A,bw/mu/no/no/d/794/il/U,0.48
bw/so/yes/yes/d/857/il/A,bw/mu/yes/no/d/795/il/U,0.48
bw/so/yes/yes/d/857/il/A,bo/so/no/yes/m/792/il/U,0.4
bw/so/yes/yes/d/857/il/A,bw/so/no/yes/d/812/il/U,0.86
bw/so/yes/yes/d/857/il/A,bo/so/yes/no/d/815/il/U,0.54
bw/so/yes/yes/d/857/il/A,bo/mu/yes/no/m/823/il/A,0.49
bw/so/yes/yes/d/857/il/A,bo/mu/no/yes/m/824/il/A,0.49
bw/so/yes/yes/d/857/il/A,bo/mu/no/yes/d/848/il/A,0.49
bw/so/yes/yes/d/857/il/A,bw/mu/yes/yes/d/841/il/A,0.49
bw/so/yes/yes/d/857/il/A,bo/mu/no/no/d/846/il/A,0.48
bw/so/yes/yes/d/857/il/A,bw/st/yes/yes/m/825/il/A,0.45
bw/so/yes/yes/d/857/il/A,bo/mu/no/no/m/822/il/A,0.48
bw/so/yes/yes/d/857/il/A,bo/so/no/no/d/814/il/U,0.38
bw/so/yes/yes/d/857/il/A,bo/so/yes/yes/d/813/il/U,0.6
bw/so/yes/yes/d/857/il/A,bo/mu/yes/no/d/847/il/A,0.49
bw/so/yes/yes/d/857/il/A,bo/so/no/yes/m/840/il/A,0.4
bw/so/yes/yes/d/857/il/A,bw/st/yes/yes/d/849/il/A,0.45
bw/so/yes/yes/d/857/il/A,bw/so/yes/no/m/835/il/A,0.74
bw/so/yes/yes/d/857/il/A,bo/st/no/yes/m/832/il/A,0.56
bw/so/yes/yes/d/857/il/A,bw/st/no/yes/d/804/il/U,0.47
bw/so/yes/yes/d/857/il/A,bw/st/yes/no/d/803/il/U,0.32
bw/so/yes/yes/d/857/il/A,bw/so/yes/yes/d/857/il/A,1.0
bw/so/yes/yes/d/857/il/A,bw/st/no/no/d/850/il/A,0.32
bw/so/yes/yes/d/857/il/A,bw/so/yes/no/d/859/il/A,0.74
bw/so/yes/yes/d/857/il/A,bo/so/yes/yes/d/861/il/A,0.6
bw/so/yes/yes/d/857/il/A,bw/st/no/no/d/802/il/U,0.32
bw/so/yes/yes/d/857/il/A,bo/st/yes/yes/d/805/il/U,0.55
bw/so/yes/yes/d/857/il/A,bw/so/yes/yes/m/833/il/A,1.0
bw/so/yes/yes/d/857/il/A,bw/so/no/no/m/834/il/A,0.69
bw/so/yes/yes/d/857/il/A,bw/so/no/yes/d/860/il/A,0.86
bw/so/yes/yes/d/857/il/A,bw/so/no/no/d/858/il/A,0.69
bw/so/yes/yes/d/857/il/A,bw/st/yes/no/d/851/il/A,0.32
bw/so/yes/yes/d/857/il/A,bo/st/no/yes/d/856/il/A,0.56
bw/so/yes/yes/d/857/il/A,bw/mu/yes/no/m/771/il/U,0.48
bw/so/yes/yes/d/857/il/A,bw/so/yes/yes/m/785/il/U,1.0
bw/so/yes/yes/d/857/il/A,bo/st/no/no/m/782/il/U,0.55
bw/so/yes/yes/d/857/il/A,bo/mu/no/yes/m/776/il/U,0.49
bw/so/yes/yes/d/857/il/A,bw/st/no/no/m/778/il/U,0.32
bw/so/yes/yes/d/857/il/A,bw/st/yes/no/m/779/il/U,0.32
bw/so/yes/yes/d/857/il/A,bw/st/yes/yes/m/777/il/U,0.45
bw/so/yes/yes/d/857/il/A,bo/st/yes/no/m/783/il/U,0.54
bw/so/yes/yes/d/857/il/A,bo/st/no/yes/m/784/il/U,0.56
bw/so/yes/yes/d/857/il/A,bw/mu/no/no/m/770/il/U,0.48
bw/so/yes/yes/d/857/il/A,bo/mu/yes/no/d/799/il/U,0.49
bw/so/yes/yes/d/857/il/A,bo/mu/yes/yes/d/797/il/U,0.49
bw/so/yes/yes/d/857/il/A,bo/so/no/no/m/790/il/U,0.38
bw/so/yes/yes/d/857/il/A,bo/so/yes/no/m/791/il/U,0.54
bw/so/yes/yes/d/857/il/A,bw/mu/no/yes/d/796/il/U,0.49
bw/so/yes/yes/d/857/il/A,bo/mu/no/no/d/798/il/U,0.48
bw/so/yes/yes/d/857/il/A,bo/mu/yes/yes/d/845/il/A,0.49
bw/so/yes/yes/d/857/il/A,bw/mu/no/no/d/842/il/A,0.48
bw/so/yes/yes/d/857/il/A,bo/st/yes/yes/m/829/il/A,0.55
bw/so/yes/yes/d/857/il/A,bo/so/no/yes/d/816/il/U,0.4
bw/so/yes/yes/d/857/il/A,bw/so/yes/no/d/811/il/U,0.74
bw/so/yes/yes/d/857/il/A,bw/mu/no/no/m/818/il/A,0.48
bw/so/yes/yes/d/857/il/A,bw/st/yes/no/m/827/il/A,0.32
bw/so/yes/yes/d/857/il/A,bw/mu/no/yes/m/820/il/A,0.49
bw/so/yes/yes/d/857/il/A,bw/mu/yes/no/d/843/il/A,0.48
bw/so/yes/yes/d/857/il/A,bw/mu/no/yes/d/844/il/A,0.49
bw/so/yes/yes/d/857/il/A,bo/mu/yes/yes/m/821/il/A,0.49
bw/so/yes/yes/d/857/il/A,bw/mu/yes/no/m/819/il/A,0.48
bw/so/yes/yes/d/857/il/A,bw/st/no/no/m/826/il/A,0.32
bw/so/yes/yes/d/857/il/A,bw/so/no/no/d/810/il/U,0.69
bw/so/yes/yes/d/857/il/A,bw/st/no/yes/m/828/il/A,0.47
bw/so/yes/yes/d/857/il/A,bw/mu/yes/yes/m/817/il/A,0.49
bw/st/no/no/d/850/il/A,bo/st/yes/yes/d/853/il/A,0.4
bw/st/no/no/d/850/il/A,bo/st/no/no/d/854/il/A,0.39
bw/st/no/no/d/850/il/A,bo/so/no/no/d/862/il/A,0.22
bw/st/no/no/d/850/il/A,bo/st/yes/no/m/831/il/A,0.4
bw/st/no/no/d/850/il/A,bw/so/no/yes/m/836/il/A,0.32
bw/st/no/no/d/850/il/A,bw/so/yes/yes/d/809/il/U,0.32
bw/st/no/no/d/850/il/A,bo/mu/no/yes/d/800/il/U,0.4
bw/st/no/no/d/850/il/A,bo/st/yes/no/d/807/il/U,0.4
bw/st/no/no/d/850/il/A,bo/so/no/no/m/838/il/A,0.22
bw/st/no/no/d/850/il/A,bo/so/no/yes/d/864/il/A,0.21
bw/st/no/no/d/850/il/A,bo/so/yes/no/d/863/il/A,0.32
bw/st/no/no/d/850/il/A,bo/st/yes/no/d/855/il/A,0.4
bw/st/no/no/d/850/il/A,bw/st/no/yes/d/852/il/A,0.63
bw/st/no/no/d/850/il/A,bo/st/no/no/d/806/il/U,0.39
bw/st/no/no/d/850/il/A,bo/so/yes/no/m/839/il/A,0.32
bw/st/no/no/d/850/il/A,bw/st/yes/yes/d/801/il/U,0.6
bw/st/no/no/d/850/il/A,bo/so/yes/yes/m/837/il/A,0.32
bw/st/no/no/d/850/il/A,bo/st/no/yes/d/808/il/U,0.38
bw/st/no/no/d/850/il/A,bo/st/no/no/m/830/il/A,0.39
bw/st/no/no/d/850/il/A,bo/st/yes/yes/m/781/il/U,0.4
bw/st/no/no/d/850/il/A,bo/mu/yes/no/m/775/il/U,0.4
bw/st/no/no/d/850/il/A,bw/mu/no/yes/m/772/il/U,0.43
bw/st/no/no/d/850/il/A,bw/so/no/no/m/786/il/U,0.32
bw/st/no/no/d/850/il/A,bw/so/no/yes/m/788/il/U,0.32
bw/st/no/no/d/850/il/A,bo/so/yes/yes/m/789/il/U,0.32
bw/st/no/no/d/850/il/A,bw/so/yes/no/m/787/il/U,0.32
bw/st/no/no/d/850/il/A,bo/mu/yes/yes/m/773/il/U,0.4
bw/st/no/no/d/850/il/A,bo/mu/no/no/m/774/il/U,0.39
bw/st/no/no/d/850/il/A,bw/st/no/yes/m/780/il/U,0.63
bw/st/no/no/d/850/il/A,bw/mu/yes/yes/m/769/il/U,0.42
bw/st/no/no/d/850/il/A,bw/mu/yes/yes/d/793/il/U,0.42
bw/st/no/no/d/850/il/A,bw/mu/no/no/d/794/il/U,0.42
bw/st/no/no/d/850/il/A,bw/mu/yes/no/d/795/il/U,0.42
bw/st/no/no/d/850/il/A,bo/so/no/yes/m/792/il/U,0.21
bw/st/no/no/d/850/il/A,bw/so/no/yes/d/812/il/U,0.32
bw/st/no/no/d/850/il/A,bo/so/yes/no/d/815/il/U,0.32
bw/st/no/no/d/850/il/A,bo/mu/yes/no/m/823/il/A,0.4
bw/st/no/no/d/850/il/A,bo/mu/no/yes/m/824/il/A,0.4
bw/st/no/no/d/850/il/A,bo/mu/no/yes/d/848/il/A,0.4
bw/st/no/no/d/850/il/A,bw/mu/yes/yes/d/841/il/A,0.42
bw/st/no/no/d/850/il/A,bo/mu/no/no/d/846/il/A,0.39
bw/st/no/no/d/850/il/A,bw/st/yes/yes/m/825/il/A,0.6
bw/st/no/no/d/850/il/A,bo/mu/no/no/m/822/il/A,0.39
bw/st/no/no/d/850/il/A,bo/so/no/no/d/814/il/U,0.22
bw/st/no/no/d/850/il/A,bo/so/yes/yes/d/813/il/U,0.32
bw/st/no/no/d/850/il/A,bo/mu/yes/no/d/847/il/A,0.4
bw/st/no/no/d/850/il/A,bo/so/no/yes/m/840/il/A,0.21
bw/st/no/no/d/850/il/A,bw/st/yes/yes/d/849/il/A,0.6
bw/st/no/no/d/850/il/A,bw/so/yes/no/m/835/il/A,0.32
bw/st/no/no/d/850/il/A,bo/st/no/yes/m/832/il/A,0.38
bw/st/no/no/d/850/il/A,bw/st/no/yes/d/804/il/U,0.63
bw/st/no/no/d/850/il/A,bw/st/yes/no/d/803/il/U,0.84
bw/st/no/no/d/850/il/A,bw/so/yes/yes/d/857/il/A,0.32
bw/st/no/no/d/850/il/A,bw/st/no/no/d/850/il/A,1.0
bw/st/no/no/d/850/il/A,bw/so/yes/no/d/859/il/A,0.32
bw/st/no/no/d/850/il/A,bo/so/yes/yes/d/861/il/A,0.32
bw/st/no/no/d/850/il/A,bw/st/no/no/d/802/il/U,1.0
bw/st/no/no/d/850/il/A,bo/st/yes/yes/d/805/il/U,0.4
bw/st/no/no/d/850/il/A,bw/so/yes/yes/m/833/il/A,0.32
bw/st/no/no/d/850/il/A,bw/so/no/no/m/834/il/A,0.32
bw/st/no/no/d/850/il/A,bw/so/no/yes/d/860/il/A,0.32
bw/st/no/no/d/850/il/A,bw/so/no/no/d/858/il/A,0.32
bw/st/no/no/d/850/il/A,bw/st/yes/no/d/851/il/A,0.84
bw/st/no/no/d/850/il/A,bo/st/no/yes/d/856/il/A,0.38
bw/st/no/no/d/850/il/A,bw/mu/yes/no/m/771/il/U,0.42
bw/st/no/no/d/850/il/A,bw/so/yes/yes/m/785/il/U,0.32
bw/st/no/no/d/850/il/A,bo/st/no/no/m/782/il/U,0.39
bw/st/no/no/d/850/il/A,bo/mu/no/yes/m/776/il/U,0.4
bw/st/no/no/d/850/il/A,bw/st/no/no/m/778/il/U,1.0
bw/st/no/no/d/850/il/A,bw/st/yes/no/m/779/il/U,0.84
bw/st/no/no/d/850/il/A,bw/st/yes/yes/m/777/il/U,0.6
bw/st/no/no/d/850/il/A,bo/st/yes/no/m/783/il/U,0.4
bw/st/no/no/d/850/il/A,bo/st/no/yes/m/784/il/U,0.38
bw/st/no/no/d/850/il/A,bw/mu/no/no/m/770/il/U,0.42
bw/st/no/no/d/850/il/A,bo/mu/yes/no/d/799/il/U,0.4
bw/st/no/no/d/850/il/A,bo/mu/yes/yes/d/797/il/U,0.4
bw/st/no/no/d/850/il/A,bo/so/no/no/m/790/il/U,0.22
bw/st/no/no/d/850/il/A,bo/so/yes/no/m/791/il/U,0.32
bw/st/no/no/d/850/il/A,bw/mu/no/yes/d/796/il/U,0.43
bw/st/no/no/d/850/il/A,bo/mu/no/no/d/798/il/U,0.39
bw/st/no/no/d/850/il/A,bo/mu/yes/yes/d/845/il/A,0.4
bw/st/no/no/d/850/il/A,bw/mu/no/no/d/842/il/A,0.42
bw/st/no/no/d/850/il/A,bo/st/yes/yes/m/829/il/A,0.4
bw/st/no/no/d/850/il/A,bo/so/no/yes/d/816/il/U,0.21
bw/st/no/no/d/850/il/A,bw/so/yes/no/d/811/il/U,0.32
bw/st/no/no/d/850/il/A,bw/mu/no/no/m/818/il/A,0.42
bw/st/no/no/d/850/il/A,bw/st/yes/no/m/827/il/A,0.84
bw/st/no/no/d/850/il/A,bw/mu/no/yes/m/820/il/A,0.43
bw/st/no/no/d/850/il/A,bw/mu/yes/no/d/843/il/A,0.42
bw/st/no/no/d/850/il/A,bw/mu/no/yes/d/844/il/A,0.43
bw/st/no/no/d/850/il/A,bo/mu/yes/yes/m/821/il/A,0.4
bw/st/no/no/d/850/il/A,bw/mu/yes/no/m/819/il/A,0.42
bw/st/no/no/d/850/il/A,bw/st/no/no/m/826/il/A,1.0
bw/st/no/no/d/850/il/A,bw/so/no/no/d/810/il/U,0.32
bw/st/no/no/d/850/il/A,bw/st/no/yes/m/828/il/A,0.63
bw/st/no/no/d/850/il/A,bw/mu/yes/yes/m/817/il/A,0.42
bw/so/yes/no/d/859/il/A,bo/st/yes/yes/d/853/il/A,0.52
bw/so/yes/no/d/859/il/A,bo/st/no/no/d/854/il/A,0.52
bw/so/yes/no/d/859/il/A,bo/so/no/no/d/862/il/A,0.39
bw/so/yes/no/d/859/il/A,bo/st/yes/no/m/831/il/A,0.52
bw/so/yes/no/d/859/il/A,bw/so/no/yes/m/836/il/A,0.7
bw/so/yes/no/d/859/il/A,bw/so/yes/yes/d/809/il/U,0.74
bw/so/yes/no/d/859/il/A,bo/mu/no/yes/d/800/il/U,0.47
bw/so/yes/no/d/859/il/A,bo/st/yes/no/d/807/il/U,0.52
bw/so/yes/no/d/859/il/A,bo/so/no/no/m/838/il/A,0.39
bw/so/yes/no/d/859/il/A,bo/so/no/yes/d/864/il/A,0.35
bw/so/yes/no/d/859/il/A,bo/so/yes/no/d/863/il/A,0.59
bw/so/yes/no/d/859/il/A,bo/st/yes/no/d/855/il/A,0.52
bw/so/yes/no/d/859/il/A,bw/st/no/yes/d/852/il/A,0.45
bw/so/yes/no/d/859/il/A,bo/st/no/no/d/806/il/U,0.52
bw/so/yes/no/d/859/il/A,bo/so/yes/no/m/839/il/A,0.59
bw/so/yes/no/d/859/il/A,bw/st/yes/yes/d/801/il/U,0.44
bw/so/yes/no/d/859/il/A,bo/so/yes/yes/m/837/il/A,0.53
bw/so/yes/no/d/859/il/A,bo/st/no/yes/d/808/il/U,0.53
bw/so/yes/no/d/859/il/A,bo/st/no/no/m/830/il/A,0.52
bw/so/yes/no/d/859/il/A,bo/st/yes/yes/m/781/il/U,0.52
bw/so/yes/no/d/859/il/A,bo/mu/yes/no/m/775/il/U,0.47
bw/so/yes/no/d/859/il/A,bw/mu/no/yes/m/772/il/U,0.47
bw/so/yes/no/d/859/il/A,bw/so/no/no/m/786/il/U,0.85
bw/so/yes/no/d/859/il/A,bw/so/no/yes/m/788/il/U,0.7
bw/so/yes/no/d/859/il/A,bo/so/yes/yes/m/789/il/U,0.53
bw/so/yes/no/d/859/il/A,bw/so/yes/no/m/787/il/U,1.0
bw/so/yes/no/d/859/il/A,bo/mu/yes/yes/m/773/il/U,0.47
bw/so/yes/no/d/859/il/A,bo/mu/no/no/m/774/il/U,0.46
bw/so/yes/no/d/859/il/A,bw/st/no/yes/m/780/il/U,0.45
bw/so/yes/no/d/859/il/A,bw/mu/yes/yes/m/769/il/U,0.47
bw/so/yes/no/d/859/il/A,bw/mu/yes/yes/d/793/il/U,0.47
bw/so/yes/no/d/859/il/A,bw/mu/no/no/d/794/il/U,0.46
bw/so/yes/no/d/859/il/A,bw/mu/yes/no/d/795/il/U,0.46
bw/so/yes/no/d/859/il/A,bo/so/no/yes/m/792/il/U,0.35
bw/so/yes/no/d/859/il/A,bw/so/no/yes/d/812/il/U,0.7
bw/so/yes/no/d/859/il/A,bo/so/yes/no/d/815/il/U,0.59
bw/so/yes/no/d/859/il/A,bo/mu/yes/no/m/823/il/A,0.47
bw/so/yes/no/d/859/il/A,bo/mu/no/yes/m/824/il/A,0.47
bw/so/yes/no/d/859/il/A,bo/mu/no/yes/d/848/il/A,0.47
bw/so/yes/no/d/859/il/A,bw/mu/yes/yes/d/841/il/A,0.47
bw/so/yes/no/d/859/il/A,bo/mu/no/no/d/846/il/A,0.46
bw/so/yes/no/d/859/il/A,bw/st/yes/yes/m/825/il/A,0.44
bw/so/yes/no/d/859/il/A,bo/mu/no/no/m/822/il/A,0.46
bw/so/yes/no/d/859/il/A,bo/so/no/no/d/814/il/U,0.39
bw/so/yes/no/d/859/il/A,bo/so/yes/yes/d/813/il/U,0.53
bw/so/yes/no/d/859/il/A,bo/mu/yes/no/d/847/il/A,0.47
bw/so/yes/no/d/859/il/A,bo/so/no/yes/m/840/il/A,0.35
bw/so/yes/no/d/859/il/A,bw/st/yes/yes/d/849/il/A,0.44
bw/so/yes/no/d/859/il/A,bw/so/yes/no/m/835/il/A,1.0
bw/so/yes/no/d/859/il/A,bo/st/no/yes/m/832/il/A,0.53
bw/so/yes/no/d/859/il/A,bw/st/no/yes/d/804/il/U,0.45
bw/so/yes/no/d/859/il/A,bw/st/yes/no/d/803/il/U,0.32
bw/so/yes/no/d/859/il/A,bw/so/yes/yes/d/857/il/A,0.74
bw/so/yes/no/d/859/il/A,bw/st/no/no/d/850/il/A,0.32
bw/so/yes/no/d/859/il/A,bw/so/yes/no/d/859/il/A,1.0
bw/so/yes/no/d/859/il/A,bo/so/yes/yes/d/861/il/A,0.53
bw/so/yes/no/d/859/il/A,bw/st/no/no/d/802/il/U,0.32
bw/so/yes/no/d/859/il/A,bo/st/yes/yes/d/805/il/U,0.52
bw/so/yes/no/d/859/il/A,bw/so/yes/yes/m/833/il/A,0.74
bw/so/yes/no/d/859/il/A,bw/so/no/no/m/834/il/A,0.85
bw/so/yes/no/d/859/il/A,bw/so/no/yes/d/860/il/A,0.7
bw/so/yes/no/d/859/il/A,bw/so/no/no/d/858/il/A,0.85
bw/so/yes/no/d/859/il/A,bw/st/yes/no/d/851/il/A,0.32
bw/so/yes/no/d/859/il/A,bo/st/no/yes/d/856/il/A,0.53
bw/so/yes/no/d/859/il/A,bw/mu/yes/no/m/771/il/U,0.46
bw/so/yes/no/d/859/il/A,bw/so/yes/yes/m/785/il/U,0.74
bw/so/yes/no/d/859/il/A,bo/st/no/no/m/782/il/U,0.52
bw/so/yes/no/d/859/il/A,bo/mu/no/yes/m/776/il/U,0.47
bw/so/yes/no/d/859/il/A,bw/st/no/no/m/778/il/U,0.32
bw/so/yes/no/d/859/il/A,bw/st/yes/no/m/779/il/U,0.32
bw/so/yes/no/d/859/il/A,bw/st/yes/yes/m/777/il/U,0.44
bw/so/yes/no/d/859/il/A,bo/st/yes/no/m/783/il/U,0.52
bw/so/yes/no/d/859/il/A,bo/st/no/yes/m/784/il/U,0.53
bw/so/yes/no/d/859/il/A,bw/mu/no/no/m/770/il/U,0.46
bw/so/yes/no/d/859/il/A,bo/mu/yes/no/d/799/il/U,0.47
bw/so/yes/no/d/859/il/A,bo/mu/yes/yes/d/797/il/U,0.47
bw/so/yes/no/d/859/il/A,bo/so/no/no/m/790/il/U,0.39
bw/so/yes/no/d/859/il/A,bo/so/yes/no/m/791/il/U,0.59
bw/so/yes/no/d/859/il/A,bw/mu/no/yes/d/796/il/U,0.47
bw/so/yes/no/d/859/il/A,bo/mu/no/no/d/798/il/U,0.46
bw/so/yes/no/d/859/il/A,bo/mu/yes/yes/d/845/il/A,0.47
bw/so/yes/no/d/859/il/A,bw/mu/no/no/d/842/il/A,0.46
bw/so/yes/no/d/859/il/A,bo/st/yes/yes/m/829/il/A,0.52
bw/so/yes/no/d/859/il/A,bo/so/no/yes/d/816/il/U,0.35
bw/so/yes/no/d/859/il/A,bw/so/yes/no/d/811/il/U,1.0
bw/so/yes/no/d/859/il/A,bw/mu/no/no/m/818/il/A,0.46
bw/so/yes/no/d/859/il/A,bw/st/yes/no/m/827/il/A,0.32
bw/so/yes/no/d/859/il/A,bw/mu/no/yes/m/820/il/A,0.47
bw/so/yes/no/d/859/il/A,bw/mu/yes/no/d/843/il/A,0.46
bw/so/yes/no/d/859/il/A,bw/mu/no/yes/d/844/il/A,0.47
bw/so/yes/no/d/859/il/A,bo/mu/yes/yes/m/821/il/A,0.47
bw/so/yes/no/d/859/il/A,bw/mu/yes/no/m/819/il/A,0.46
bw/so/yes/no/d/859/il/A,bw/st/no/no/m/826/il/A,0.32
bw/so/yes/no/d/859/il/A,bw/so/no/no/d/810/il/U,0.85
bw/so/yes/no/d/859/il/A,bw/st/no/yes/m/828/il/A,0.45
bw/so/yes/no/d/859/il/A,bw/mu/yes/yes/m/817/il/A,0.47
bo/so/yes/yes/d/861/il/A,bo/st/yes/yes/d/853/il/A,0.65
bo/so/yes/yes/d/861/il/A,bo/st/no/no/d/854/il/A,0.65
bo/so/yes/yes/d/861/il/A,bo/so/no/no/d/862/il/A,0.53
bo/so/yes/yes/d/861/il/A,bo/st/yes/no/m/831/il/A,0.63
bo/so/yes/yes/d/861/il/A,bw/so/no/yes/m/836/il/A,0.6
bo/so/yes/yes/d/861/il/A,bw/so/yes/yes/d/809/il/U,0.6
bo/so/yes/yes/d/861/il/A,bo/mu/no/yes/d/800/il/U,0.59
bo/so/yes/yes/d/861/il/A,bo/st/yes/no/d/807/il/U,0.63
bo/so/yes/yes/d/861/il/A,bo/so/no/no/m/838/il/A,0.53
bo/so/yes/yes/d/861/il/A,bo/so/no/yes/d/864/il/A,0.59
bo/so/yes/yes/d/861/il/A,bo/so/yes/no/d/863/il/A,0.75
bo/so/yes/yes/d/861/il/A,bo/st/yes/no/d/855/il/A,0.63
bo/so/yes/yes/d/861/il/A,bw/st/no/yes/d/852/il/A,0.48
bo/so/yes/yes/d/861/il/A,bo/st/no/no/d/806/il/U,0.65
bo/so/yes/yes/d/861/il/A,bo/so/yes/no/m/839/il/A,0.75
bo/so/yes/yes/d/861/il/A,bw/st/yes/yes/d/801/il/U,0.46
bo/so/yes/yes/d/861/il/A,bo/so/yes/yes/m/837/il/A,1.0
bo/so/yes/yes/d/861/il/A,bo/st/no/yes/d/808/il/U,0.66
bo/so/yes/yes/d/861/il/A,bo/st/no/no/m/830/il/A,0.65
bo/so/yes/yes/d/861/il/A,bo/st/yes/yes/m/781/il/U,0.65
bo/so/yes/yes/d/861/il/A,bo/mu/yes/no/m/775/il/U,0.58
bo/so/yes/yes/d/861/il/A,bw/mu/no/yes/m/772/il/U,0.56
bo/so/yes/yes/d/861/il/A,bw/so/no/no/m/786/il/U,0.52
bo/so/yes/yes/d/861/il/A,bw/so/no/yes/m/788/il/U,0.6
bo/so/yes/yes/d/861/il/A,bo/so/yes/yes/m/789/il/U,1.0
bo/so/yes/yes/d/861/il/A,bw/so/yes/no/m/787/il/U,0.53
bo/so/yes/yes/d/861/il/A,bo/mu/yes/yes/m/773/il/U,0.59
bo/so/yes/yes/d/861/il/A,bo/mu/no/no/m/774/il/U,0.58
bo/so/yes/yes/d/861/il/A,bw/st/no/yes/m/780/il/U,0.48
bo/so/yes/yes/d/861/il/A,bw/mu/yes/yes/m/769/il/U,0.56
bo/so/yes/yes/d/861/il/A,bw/mu/yes/yes/d/793/il/U,0.56
bo/so/yes/yes/d/861/il/A,bw/mu/no/no/d/794/il/U,0.55
bo/so/yes/yes/d/861/il/A,bw/mu/yes/no/d/795/il/U,0.55
bo/so/yes/yes/d/861/il/A,bo/so/no/yes/m/792/il/U,0.59
bo/so/yes/yes/d/861/il/A,bw/so/no/yes/d/812/il/U,0.6
bo/so/yes/yes/d/861/il/A,bo/so/yes/no/d/815/il/U,0.75
bo/so/yes/yes/d/861/il/A,bo/mu/yes/no/m/823/il/A,0.58
bo/so/yes/yes/d/861/il/A,bo/mu/no/yes/m/824/il/A,0.59
bo/so/yes/yes/d/861/il/A,bo/mu/no/yes/d/848/il/A,0.59
bo/so/yes/yes/d/861/il/A,bw/mu/yes/yes/d/841/il/A,0.56
bo/so/yes/yes/d/861/il/A,bo/mu/no/no/d/846/il/A,0.58
bo/so/yes/yes/d/861/il/A,bw/st/yes/yes/m/825/il/A,0.46
bo/so/yes/yes/d/861/il/A,bo/mu/no/no/m/822/il/A,0.58
bo/so/yes/yes/d/861/il/A,bo/so/no/no/d/814/il/U,0.53
bo/so/yes/yes/d/861/il/A,bo/so/yes/yes/d/813/il/U,1.0
bo/so/yes/yes/d/861/il/A,bo/mu/yes/no/d/847/il/A,0.58
bo/so/yes/yes/d/861/il/A,bo/so/no/yes/m/840/il/A,0.59
bo/so/yes/yes/d/861/il/A,bw/st/yes/yes/d/849/il/A,0.46
bo/so/yes/yes/d/861/il/A,bw/so/yes/no/m/835/il/A,0.53
bo/so/yes/yes/d/861/il/A,bo/st/no/yes/m/832/il/A,0.66
bo/so/yes/yes/d/861/il/A,bw/st/no/yes/d/804/il/U,0.48
bo/so/yes/yes/d/861/il/A,bw/st/yes/no/d/803/il/U,0.31
bo/so/yes/yes/d/861/il/A,bw/so/yes/yes/d/857/il/A,0.6
bo/so/yes/yes/d/861/il/A,bw/st/no/no/d/850/il/A,0.32
bo/so/yes/yes/d/861/il/A,bw/so/yes/no/d/859/il/A,0.53
bo/so/yes/yes/d/861/il/A,bo/so/yes/yes/d/861/il/A,1.0
bo/so/yes/yes/d/861/il/A,bw/st/no/no/d/802/il/U,0.32
bo/so/yes/yes/d/861/il/A,bo/st/yes/yes/d/805/il/U,0.65
bo/so/yes/yes/d/861/il/A,bw/so/yes/yes/m/833/il/A,0.6
bo/so/yes/yes/d/861/il/A,bw/so/no/no/m/834/il/A,0.52
bo/so/yes/yes/d/861/il/A,bw/so/no/yes/d/860/il/A,0.6
bo/so/yes/yes/d/861/il/A,bw/so/no/no/d/858/il/A,0.52
bo/so/yes/yes/d/861/il/A,bw/st/yes/no/d/851/il/A,0.31
bo/so/yes/yes/d/861/il/A,bo/st/no/yes/d/856/il/A,0.66
bo/so/yes/yes/d/861/il/A,bw/mu/yes/no/m/771/il/U,0.55
bo/so/yes/yes/d/861/il/A,bw/so/yes/yes/m/785/il/U,0.6
bo/so/yes/yes/d/861/il/A,bo/st/no/no/m/782/il/U,0.65
bo/so/yes/yes/d/861/il/A,bo/mu/no/yes/m/776/il/U,0.59
bo/so/yes/yes/d/861/il/A,bw/st/no/no/m/778/il/U,0.32
bo/so/yes/yes/d/861/il/A,bw/st/yes/no/m/779/il/U,0.31
bo/so/yes/yes/d/861/il/A,bw/st/yes/yes/m/777/il/U,0.46
bo/so/yes/yes/d/861/il/A,bo/st/yes/no/m/783/il/U,0.63
bo/so/yes/yes/d/861/il/A,bo/st/no/yes/m/784/il/U,0.66
bo/so/yes/yes/d/861/il/A,bw/mu/no/no/m/770/il/U,0.55
bo/so/yes/yes/d/861/il/A,bo/mu/yes/no/d/799/il/U,0.58
bo/so/yes/yes/d/861/il/A,bo/mu/yes/yes/d/797/il/U,0.59
bo/so/yes/yes/d/861/il/A,bo/so/no/no/m/790/il/U,0.53
bo/so/yes/yes/d/861/il/A,bo/so/yes/no/m/791/il/U,0.75
bo/so/yes/yes/d/861/il/A,bw/mu/no/yes/d/796/il/U,0.56
bo/so/yes/yes/d/861/il/A,bo/mu/no/no/d/798/il/U,0.58
bo/so/yes/yes/d/861/il/A,bo/mu/yes/yes/d/845/il/A,0.59
bo/so/yes/yes/d/861/il/A,bw/mu/no/no/d/842/il/A,0.55
bo/so/yes/yes/d/861/il/A,bo/st/yes/yes/m/829/il/A,0.65
bo/so/yes/yes/d/861/il/A,bo/so/no/yes/d/816/il/U,0.59
bo/so/yes/yes/d/861/il/A,bw/so/yes/no/d/811/il/U,0.53
bo/so/yes/yes/d/861/il/A,bw/mu/no/no/m/818/il/A,0.55
bo/so/yes/yes/d/861/il/A,bw/st/yes/no/m/827/il/A,0.31
bo/so/yes/yes/d/861/il/A,bw/mu/no/yes/m/820/il/A,0.56
bo/so/yes/yes/d/861/il/A,bw/mu/yes/no/d/843/il/A,0.55
bo/so/yes/yes/d/861/il/A,bw/mu/no/yes/d/844/il/A,0.56
bo/so/yes/yes/d/861/il/A,bo/mu/yes/yes/m/821/il/A,0.59
bo/so/yes/yes/d/861/il/A,bw/mu/yes/no/m/819/il/A,0.55
bo/so/yes/yes/d/861/il/A,bw/st/no/no/m/826/il/A,0.32
bo/so/yes/yes/d/861/il/A,bw/so/no/no/d/810/il/U,0.52
bo/so/yes/yes/d/861/il/A,bw/st/no/yes/m/828/il/A,0.48
bo/so/yes/yes/d/861/il/A,bw/mu/yes/yes/m/817/il/A,0.56
bw/st/no/no/d/802/il/U,bo/st/yes/yes/d/853/il/A,0.4
bw/st/no/no/d/802/il/U,bo/st/no/no/d/854/il/A,0.39
bw/st/no/no/d/802/il/U,bo/so/no/no/d/862/il/A,0.22
bw/st/no/no/d/802/il/U,bo/st/yes/no/m/831/il/A,0.4
bw/st/no/no/d/802/il/U,bw/so/no/yes/m/836/il/A,0.32
bw/st/no/no/d/802/il/U,bw/so/yes/yes/d/809/il/U,0.32
bw/st/no/no/d/802/il/U,bo/mu/no/yes/d/800/il/U,0.4
bw/st/no/no/d/802/il/U,bo/st/yes/no/d/807/il/U,0.4
bw/st/no/no/d/802/il/U,bo/so/no/no/m/838/il/A,0.22
bw/st/no/no/d/802/il/U,bo/so/no/yes/d/864/il/A,0.21
bw/st/no/no/d/802/il/U,bo/so/yes/no/d/863/il/A,0.32
bw/st/no/no/d/802/il/U,bo/st/yes/no/d/855/il/A,0.4
bw/st/no/no/d/802/il/U,bw/st/no/yes/d/852/il/A,0.63
bw/st/no/no/d/802/il/U,bo/st/no/no/d/806/il/U,0.39
bw/st/no/no/d/802/il/U,bo/so/yes/no/m/839/il/A,0.32
bw/st/no/no/d/802/il/U,bw/st/yes/yes/d/801/il/U,0.6
bw/st/no/no/d/802/il/U,bo/so/yes/yes/m/837/il/A,0.32
bw/st/no/no/d/802/il/U,bo/st/no/yes/d/808/il/U,0.38
bw/st/no/no/d/802/il/U,bo/st/no/no/m/830/il/A,0.39
bw/st/no/no/d/802/il/U,bo/st/yes/yes/m/781/il/U,0.4
bw/st/no/no/d/802/il/U,bo/mu/yes/no/m/775/il/U,0.4
bw/st/no/no/d/802/il/U,bw/mu/no/yes/m/772/il/U,0.43
bw/st/no/no/d/802/il/U,bw/so/no/no/m/786/il/U,0.32
bw/st/no/no/d/802/il/U,bw/so/no/yes/m/788/il/U,0.32
bw/st/no/no/d/802/il/U,bo/so/yes/yes/m/789/il/U,0.32
bw/st/no/no/d/802/il/U,bw/so/yes/no/m/787/il/U,0.32
bw/st/no/no/d/802/il/U,bo/mu/yes/yes/m/773/il/U,0.4
bw/st/no/no/d/802/il/U,bo/mu/no/no/m/774/il/U,0.39
bw/st/no/no/d/802/il/U,bw/st/no/yes/m/780/il/U,0.63
bw/st/no/no/d/802/il/U,bw/mu/yes/yes/m/769/il/U,0.42
bw/st/no/no/d/802/il/U,bw/mu/yes/yes/d/793/il/U,0.42
bw/st/no/no/d/802/il/U,bw/mu/no/no/d/794/il/U,0.42
bw/st/no/no/d/802/il/U,bw/mu/yes/no/d/795/il/U,0.42
bw/st/no/no/d/802/il/U,bo/so/no/yes/m/792/il/U,0.21
bw/st/no/no/d/802/il/U,bw/so/no/yes/d/812/il/U,0.32
bw/st/no/no/d/802/il/U,bo/so/yes/no/d/815/il/U,0.32
bw/st/no/no/d/802/il/U,bo/mu/yes/no/m/823/il/A,0.4
bw/st/no/no/d/802/il/U,bo/mu/no/yes/m/824/il/A,0.4
bw/st/no/no/d/802/il/U,bo/mu/no/yes/d/848/il/A,0.4
bw/st/no/no/d/802/il/U,bw/mu/yes/yes/d/841/il/A,0.42
bw/st/no/no/d/802/il/U,bo/mu/no/no/d/846/il/A,0.39
bw/st/no/no/d/802/il/U,bw/st/yes/yes/m/825/il/A,0.6
bw/st/no/no/d/802/il/U,bo/mu/no/no/m/822/il/A,0.39
bw/st/no/no/d/802/il/U,bo/so/no/no/d/814/il/U,0.22
bw/st/no/no/d/802/il/U,bo/so/yes/yes/d/813/il/U,0.32
bw/st/no/no/d/802/il/U,bo/mu/yes/no/d/847/il/A,0.4
bw/st/no/no/d/802/il/U,bo/so/no/yes/m/840/il/A,0.21
bw/st/no/no/d/802/il/U,bw/st/yes/yes/d/849/il/A,0.6
bw/st/no/no/d/802/il/U,bw/so/yes/no/m/835/il/A,0.32
bw/st/no/no/d/802/il/U,bo/st/no/yes/m/832/il/A,0.38
bw/st/no/no/d/802/il/U,bw/st/no/yes/d/804/il/U,0.63
bw/st/no/no/d/802/il/U,bw/st/yes/no/d/803/il/U,0.84
bw/st/no/no/d/802/il/U,bw/so/yes/yes/d/857/il/A,0.32
bw/st/no/no/d/802/il/U,bw/st/no/no/d/850/il/A,1.0
bw/st/no/no/d/802/il/U,bw/so/yes/no/d/859/il/A,0.32
bw/st/no/no/d/802/il/U,bo/so/yes/yes/d/861/il/A,0.32
bw/st/no/no/d/802/il/U,bw/st/no/no/d/802/il/U,1.0
bw/st/no/no/d/802/il/U,bo/st/yes/yes/d/805/il/U,0.4
bw/st/no/no/d/802/il/U,bw/so/yes/yes/m/833/il/A,0.32
bw/st/no/no/d/802/il/U,bw/so/no/no/m/834/il/A,0.32
bw/st/no/no/d/802/il/U,bw/so/no/yes/d/860/il/A,0.32
bw/st/no/no/d/802/il/U,bw/so/no/no/d/858/il/A,0.32
bw/st/no/no/d/802/il/U,bw/st/yes/no/d/851/il/A,0.84
bw/st/no/no/d/802/il/U,bo/st/no/yes/d/856/il/A,0.38
bw/st/no/no/d/802/il/U,bw/mu/yes/no/m/771/il/U,0.42
bw/st/no/no/d/802/il/U,bw/so/yes/yes/m/785/il/U,0.32
bw/st/no/no/d/802/il/U,bo/st/no/no/m/782/il/U,0.39
bw/st/no/no/d/802/il/U,bo/mu/no/yes/m/776/il/U,0.4
bw/st/no/no/d/802/il/U,bw/st/no/no/m/778/il/U,1.0
bw/st/no/no/d/802/il/U,bw/st/yes/no/m/779/il/U,0.84
bw/st/no/no/d/802/il/U,bw/st/yes/yes/m/777/il/U,0.6
bw/st/no/no/d/802/il/U,bo/st/yes/no/m/783/il/U,0.4
bw/st/no/no/d/802/il/U,bo/st/no/yes/m/784/il/U,0.38
bw/st/no/no/d/802/il/U,bw/mu/no/no/m/770/il/U,0.42
bw/st/no/no/d/802/il/U,bo/mu/yes/no/d/799/il/U,0.4
bw/st/no/no/d/802/il/U,bo/mu/yes/yes/d/797/il/U,0.4
bw/st/no/no/d/802/il/U,bo/so/no/no/m/790/il/U,0.22
bw/st/no/no/d/802/il/U,bo/so/yes/no/m/791/il/U,0.32
bw/st/no/no/d/802/il/U,bw/mu/no/yes/d/796/il/U,0.43
bw/st/no/no/d/802/il/U,bo/mu/no/no/d/798/il/U,0.39
bw/st/no/no/d/802/il/U,bo/mu/yes/yes/d/845/il/A,0.4
bw/st/no/no/d/802/il/U,bw/mu/no/no/d/842/il/A,0.42
bw/st/no/no/d/802/il/U,bo/st/yes/yes/m/829/il/A,0.4
bw/st/no/no/d/802/il/U,bo/so/no/yes/d/816/il/U,0.21
bw/st/no/no/d/802/il/U,bw/so/yes/no/d/811/il/U,0.32
bw/st/no/no/d/802/il/U,bw/mu/no/no/m/818/il/A,0.42
bw/st/no/no/d/802/il/U,bw/st/yes/no/m/827/il/A,0.84
bw/st/no/no/d/802/il/U,bw/mu/no/yes/m/820/il/A,0.43
bw/st/no/no/d/802/il/U,bw/mu/yes/no/d/843/il/A,0.42
bw/st/no/no/d/802/il/U,bw/mu/no/yes/d/844/il/A,0.43
bw/st/no/no/d/802/il/U,bo/mu/yes/yes/m/821/il/A,0.4
bw/st/no/no/d/802/il/U,bw/mu/yes/no/m/819/il/A,0.42
bw/st/no/no/d/802/il/U,bw/st/no/no/m/826/il/A,1.0
bw/st/no/no/d/802/il/U,bw/so/no/no/d/810/il/U,0.32
bw/st/no/no/d/802/il/U,bw/st/no/yes/m/828/il/A,0.63
bw/st/no/no/d/802/il/U,bw/mu/yes/yes/m/817/il/A,0.42
bo/st/yes/yes/d/805/il/U,bo/st/yes/yes/d/853/il/A,1.0
bo/st/yes/yes/d/805/il/U,bo/st/no/no/d/854/il/A,0.89
bo/st/yes/yes/d/805/il/U,bo/so/no/no/d/862/il/A,0.45
bo/st/yes/yes/d/805/il/U,bo/st/yes/no/m/831/il/A,0.96
bo/st/yes/yes/d/805/il/U,bw/so/no/yes/m/836/il/A,0.55
bo/st/yes/yes/d/805/il/U,bw/so/yes/yes/d/809/il/U,0.55
bo/st/yes/yes/d/805/il/U,bo/mu/no/yes/d/800/il/U,0.71
bo/st/yes/yes/d/805/il/U,bo/st/yes/no/d/807/il/U,0.96
bo/st/yes/yes/d/805/il/U,bo/so/no/no/m/838/il/A,0.45
bo/st/yes/yes/d/805/il/U,bo/so/no/yes/d/864/il/A,0.45
bo/st/yes/yes/d/805/il/U,bo/so/yes/no/d/863/il/A,0.6
bo/st/yes/yes/d/805/il/U,bo/st/yes/no/d/855/il/A,0.96
bo/st/yes/yes/d/805/il/U,bw/st/no/yes/d/852/il/A,0.61
bo/st/yes/yes/d/805/il/U,bo/st/no/no/d/806/il/U,0.89
bo/st/yes/yes/d/805/il/U,bo/so/yes/no/m/839/il/A,0.6
bo/st/yes/yes/d/805/il/U,bw/st/yes/yes/d/801/il/U,0.58
bo/st/yes/yes/d/805/il/U,bo/so/yes/yes/m/837/il/A,0.65
bo/st/yes/yes/d/805/il/U,bo/st/no/yes/d/808/il/U,0.9
bo/st/yes/yes/d/805/il/U,bo/st/no/no/m/830/il/A,0.89
bo/st/yes/yes/d/805/il/U,bo/st/yes/yes/m/781/il/U,1.0
bo/st/yes/yes/d/805/il/U,bo/mu/yes/no/m/775/il/U,0.7
bo/st/yes/yes/d/805/il/U,bw/mu/no/yes/m/772/il/U,0.69
bo/st/yes/yes/d/805/il/U,bw/so/no/no/m/786/il/U,0.51
bo/st/yes/yes/d/805/il/U,bw/so/no/yes/m/788/il/U,0.55
bo/st/yes/yes/d/805/il/U,bo/so/yes/yes/m/789/il/U,0.65
bo/st/yes/yes/d/805/il/U,bw/so/yes/no/m/787/il/U,0.52
bo/st/yes/yes/d/805/il/U,bo/mu/yes/yes/m/773/il/U,0.71
bo/st/yes/yes/d/805/il/U,bo/mu/no/no/m/774/il/U,0.7
bo/st/yes/yes/d/805/il/U,bw/st/no/yes/m/780/il/U,0.61
bo/st/yes/yes/d/805/il/U,bw/mu/yes/yes/m/769/il/U,0.69
bo/st/yes/yes/d/805/il/U,bw/mu/yes/yes/d/793/il/U,0.69
bo/st/yes/yes/d/805/il/U,bw/mu/no/no/d/794/il/U,0.68
bo/st/yes/yes/d/805/il/U,bw/mu/yes/no/d/795/il/U,0.68
bo/st/yes/yes/d/805/il/U,bo/so/no/yes/m/792/il/U,0.45
bo/st/yes/yes/d/805/il/U,bw/so/no/yes/d/812/il/U,0.55
bo/st/yes/yes/d/805/il/U,bo/so/yes/no/d/815/il/U,0.6
bo/st/yes/yes/d/805/il/U,bo/mu/yes/no/m/823/il/A,0.7
bo/st/yes/yes/d/805/il/U,bo/mu/no/yes/m/824/il/A,0.71
bo/st/yes/yes/d/805/il/U,bo/mu/no/yes/d/848/il/A,0.71
bo/st/yes/yes/d/805/il/U,bw/mu/yes/yes/d/841/il/A,0.69
bo/st/yes/yes/d/805/il/U,bo/mu/no/no/d/846/il/A,0.7
bo/st/yes/yes/d/805/il/U,bw/st/yes/yes/m/825/il/A,0.58
bo/st/yes/yes/d/805/il/U,bo/mu/no/no/m/822/il/A,0.7
bo/st/yes/yes/d/805/il/U,bo/so/no/no/d/814/il/U,0.45
bo/st/yes/yes/d/805/il/U,bo/so/yes/yes/d/813/il/U,0.65
bo/st/yes/yes/d/805/il/U,bo/mu/yes/no/d/847/il/A,0.7
bo/st/yes/yes/d/805/il/U,bo/so/no/yes/m/840/il/A,0.45
bo/st/yes/yes/d/805/il/U,bw/st/yes/yes/d/849/il/A,0.58
bo/st/yes/yes/d/805/il/U,bw/so/yes/no/m/835/il/A,0.52
bo/st/yes/yes/d/805/il/U,bo/st/no/yes/m/832/il/A,0.9
bo/st/yes/yes/d/805/il/U,bw/st/no/yes/d/804/il/U,0.61
bo/st/yes/yes/d/805/il/U,bw/st/yes/no/d/803/il/U,0.39
bo/st/yes/yes/d/805/il/U,bw/so/yes/yes/d/857/il/A,0.55
bo/st/yes/yes/d/805/il/U,bw/st/no/no/d/850/il/A,0.4
bo/st/yes/yes/d/805/il/U,bw/so/yes/no/d/859/il/A,0.52
bo/st/yes/yes/d/805/il/U,bo/so/yes/yes/d/861/il/A,0.65
bo/st/yes/yes/d/805/il/U,bw/st/no/no/d/802/il/U,0.4
bo/st/yes/yes/d/805/il/U,bo/st/yes/yes/d/805/il/U,1.0
bo/st/yes/yes/d/805/il/U,bw/so/yes/yes/m/833/il/A,0.55
bo/st/yes/yes/d/805/il/U,bw/so/no/no/m/834/il/A,0.51
bo/st/yes/yes/d/805/il/U,bw/so/no/yes/d/860/il/A,0.55
bo/st/yes/yes/d/805/il/U,bw/so/no/no/d/858/il/A,0.51
bo/st/yes/yes/d/805/il/U,bw/st/yes/no/d/851/il/A,0.39
bo/st/yes/yes/d/805/il/U,bo/st/no/yes/d/856/il/A,0.9
bo/st/yes/yes/d/805/il/U,bw/mu/yes/no/m/771/il/U,0.68
bo/st/yes/yes/d/805/il/U,bw/so/yes/yes/m/785/il/U,0.55
bo/st/yes/yes/d/805/il/U,bo/st/no/no/m/782/il/U,0.89
bo/st/yes/yes/d/805/il/U,bo/mu/no/yes/m/776/il/U,0.71
bo/st/yes/yes/d/805/il/U,bw/st/no/no/m/778/il/U,0.4
bo/st/yes/yes/d/805/il/U,bw/st/yes/no/m/779/il/U,0.39
bo/st/yes/yes/d/805/il/U,bw/st/yes/yes/m/777/il/U,0.58
bo/st/yes/yes/d/805/il/U,bo/st/yes/no/m/783/il/U,0.96
bo/st/yes/yes/d/805/il/U,bo/st/no/yes/m/784/il/U,0.9
bo/st/yes/yes/d/805/il/U,bw/mu/no/no/m/770/il/U,0.68
bo/st/yes/yes/d/805/il/U,bo/mu/yes/no/d/799/il/U,0.7
bo/st/yes/yes/d/805/il/U,bo/mu/yes/yes/d/797/il/U,0.71
bo/st/yes/yes/d/805/il/U,bo/so/no/no/m/790/il/U,0.45
bo/st/yes/yes/d/805/il/U,bo/so/yes/no/m/791/il/U,0.6
bo/st/yes/yes/d/805/il/U,bw/mu/no/yes/d/796/il/U,0.69
bo/st/yes/yes/d/805/il/U,bo/mu/no/no/d/798/il/U,0.7
bo/st/yes/yes/d/805/il/U,bo/mu/yes/yes/d/845/il/A,0.71
bo/st/yes/yes/d/805/il/U,bw/mu/no/no/d/842/il/A,0.68
bo/st/yes/yes/d/805/il/U,bo/st/yes/yes/m/829/il/A,1.0
bo/st/yes/yes/d/805/il/U,bo/so/no/yes/d/816/il/U,0.45
bo/st/yes/yes/d/805/il/U,bw/so/yes/no/d/811/il/U,0.52
bo/st/yes/yes/d/805/il/U,bw/mu/no/no/m/818/il/A,0.68
bo/st/yes/yes/d/805/il/U,bw/st/yes/no/m/827/il/A,0.39
bo/st/yes/yes/d/805/il/U,bw/mu/no/yes/m/820/il/A,0.69
bo/st/yes/yes/d/805/il/U,bw/mu/yes/no/d/843/il/A,0.68
bo/st/yes/yes/d/805/il/U,bw/mu/no/yes/d/844/il/A,0.69
bo/st/yes/yes/d/805/il/U,bo/mu/yes/yes/m/821/il/A,0.71
bo/st/yes/yes/d/805/il/U,bw/mu/yes/no/m/819/il/A,0.68
bo/st/yes/yes/d/805/il/U,bw/st/no/no/m/826/il/A,0.4
bo/st/yes/yes/d/805/il/U,bw/so/no/no/d/810/il/U,0.51
bo/st/yes/yes/d/805/il/U,bw/st/no/yes/m/828/il/A,0.61
bo/st/yes/yes/d/805/il/U,bw/mu/yes/yes/m/817/il/A,0.69
bw/so/yes/yes/m/833/il/A,bo/st/yes/yes/d/853/il/A,0.55
bw/so/yes/yes/m/833/il/A,bo/st/no/no/d/854/il/A,0.55
bw/so/yes/yes/m/833/il/A,bo/so/no/no/d/862/il/A,0.38
bw/so/yes/yes/m/833/il/A,bo/st/yes/no/m/831/il/A,0.54
bw/so/yes/yes/m/833/il/A,bw/so/no/yes/m/836/il/A,0.86
bw/so/yes/yes/m/833/il/A,bw/so/yes/yes/d/809/il/U,1.0
bw/so/yes/yes/m/833/il/A,bo/mu/no/yes/d/800/il/U,0.49
bw/so/yes/yes/m/833/il/A,bo/st/yes/no/d/807/il/U,0.54
bw/so/yes/yes/m/833/il/A,bo/so/no/no/m/838/il/A,0.38
bw/so/yes/yes/m/833/il/A,bo/so/no/yes/d/864/il/A,0.4
bw/so/yes/yes/m/833/il/A,bo/so/yes/no/d/863/il/A,0.54
bw/so/yes/yes/m/833/il/A,bo/st/yes/no/d/855/il/A,0.54
bw/so/yes/yes/m/833/il/A,bw/st/no/yes/d/852/il/A,0.47
bw/so/yes/yes/m/833/il/A,bo/st/no/no/d/806/il/U,0.55
bw/so/yes/yes/m/833/il/A,bo/so/yes/no/m/839/il/A,0.54
bw/so/yes/yes/m/833/il/A,bw/st/yes/yes/d/801/il/U,0.45
bw/so/yes/yes/m/833/il/A,bo/so/yes/yes/m/837/il/A,0.6
bw/so/yes/yes/m/833/il/A,bo/st/no/yes/d/808/il/U,0.56
bw/so/yes/yes/m/833/il/A,bo/st/no/no/m/830/il/A,0.55
bw/so/yes/yes/m/833/il/A,bo/st/yes/yes/m/781/il/U,0.55
bw/so/yes/yes/m/833/il/A,bo/mu/yes/no/m/775/il/U,0.49
bw/so/yes/yes/m/833/il/A,bw/mu/no/yes/m/772/il/U,0.49
bw/so/yes/yes/m/833/il/A,bw/so/no/no/m/786/il/U,0.69
bw/so/yes/yes/m/833/il/A,bw/so/no/yes/m/788/il/U,0.86
bw/so/yes/yes/m/833/il/A,bo/so/yes/yes/m/789/il/U,0.6
bw/so/yes/yes/m/833/il/A,bw/so/yes/no/m/787/il/U,0.74
bw/so/yes/yes/m/833/il/A,bo/mu/yes/yes/m/773/il/U,0.49
bw/so/yes/yes/m/833/il/A,bo/mu/no/no/m/774/il/U,0.48
bw/so/yes/yes/m/833/il/A,bw/st/no/yes/m/780/il/U,0.47
bw/so/yes/yes/m/833/il/A,bw/mu/yes/yes/m/769/il/U,0.49
bw/so/yes/yes/m/833/il/A,bw/mu/yes/yes/d/793/il/U,0.49
bw/so/yes/yes/m/833/il/A,bw/mu/no/no/d/794/il/U,0.48
bw/so/yes/yes/m/833/il/A,bw/mu/yes/no/d/795/il/U,0.48
bw/so/yes/yes/m/833/il/A,bo/so/no/yes/m/792/il/U,0.4
bw/so/yes/yes/m/833/il/A,bw/so/no/yes/d/812/il/U,0.86
bw/so/yes/yes/m/833/il/A,bo/so/yes/no/d/815/il/U,0.54
bw/so/yes/yes/m/833/il/A,bo/mu/yes/no/m/823/il/A,0.49
bw/so/yes/yes/m/833/il/A,bo/mu/no/yes/m/824/il/A,0.49
bw/so/yes/yes/m/833/il/A,bo/mu/no/yes/d/848/il/A,0.49
bw/so/yes/yes/m/833/il/A,bw/mu/yes/yes/d/841/il/A,0.49
bw/so/yes/yes/m/833/il/A,bo/mu/no/no/d/846/il/A,0.48
bw/so/yes/yes/m/833/il/A,bw/st/yes/yes/m/825/il/A,0.45
bw/so/yes/yes/m/833/il/A,bo/mu/no/no/m/822/il/A,0.48
bw/so/yes/yes/m/833/il/A,bo/so/no/no/d/814/il/U,0.38
bw/so/yes/yes/m/833/il/A,bo/so/yes/yes/d/813/il/U,0.6
bw/so/yes/yes/m/833/il/A,bo/mu/yes/no/d/847/il/A,0.49
bw/so/yes/yes/m/833/il/A,bo/so/no/yes/m/840/il/A,0.4
bw/so/yes/yes/m/833/il/A,bw/st/yes/yes/d/849/il/A,0.45
bw/so/yes/yes/m/833/il/A,bw/so/yes/no/m/835/il/A,0.74
bw/so/yes/yes/m/833/il/A,bo/st/no/yes/m/832/il/A,0.56
bw/so/yes/yes/m/833/il/A,bw/st/no/yes/d/804/il/U,0.47
bw/so/yes/yes/m/833/il/A,bw/st/yes/no/d/803/il/U,0.32
bw/so/yes/yes/m/833/il/A,bw/so/yes/yes/d/857/il/A,1.0
bw/so/yes/yes/m/833/il/A,bw/st/no/no/d/850/il/A,0.32
bw/so/yes/yes/m/833/il/A,bw/so/yes/no/d/859/il/A,0.74
bw/so/yes/yes/m/833/il/A,bo/so/yes/yes/d/861/il/A,0.6
bw/so/yes/yes/m/833/il/A,bw/st/no/no/d/802/il/U,0.32
bw/so/yes/yes/m/833/il/A,bo/st/yes/yes/d/805/il/U,0.55
bw/so/yes/yes/m/833/il/A,bw/so/yes/yes/m/833/il/A,1.0
bw/so/yes/yes/m/833/il/A,bw/so/no/no/m/834/il/A,0.69
bw/so/yes/yes/m/833/il/A,bw/so/no/yes/d/860/il/A,0.86
bw/so/yes/yes/m/833/il/A,bw/so/no/no/d/858/il/A,0.69
bw/so/yes/yes/m/833/il/A,bw/st/yes/no/d/851/il/A,0.32
bw/so/yes/yes/m/833/il/A,bo/st/no/yes/d/856/il/A,0.56
bw/so/yes/yes/m/833/il/A,bw/mu/yes/no/m/771/il/U,0.48
bw/so/yes/yes/m/833/il/A,bw/so/yes/yes/m/785/il/U,1.0
bw/so/yes/yes/m/833/il/A,bo/st/no/no/m/782/il/U,0.55
bw/so/yes/yes/m/833/il/A,bo/mu/no/yes/m/776/il/U,0.49
bw/so/yes/yes/m/833/il/A,bw/st/no/no/m/778/il/U,0.32
bw/so/yes/yes/m/833/il/A,bw/st/yes/no/m/779/il/U,0.32
bw/so/yes/yes/m/833/il/A,bw/st/yes/yes/m/777/il/U,0.45
bw/so/yes/yes/m/833/il/A,bo/st/yes/no/m/783/il/U,0.54
bw/so/yes/yes/m/833/il/A,bo/st/no/yes/m/784/il/U,0.56
bw/so/yes/yes/m/833/il/A,bw/mu/no/no/m/770/il/U,0.48
bw/so/yes/yes/m/833/il/A,bo/mu/yes/no/d/799/il/U,0.49
bw/so/yes/yes/m/833/il/A,bo/mu/yes/yes/d/797/il/U,0.49
bw/so/yes/yes/m/833/il/A,bo/so/no/no/m/790/il/U,0.38
bw/so/yes/yes/m/833/il/A,bo/so/yes/no/m/791/il/U,0.54
bw/so/yes/yes/m/833/il/A,bw/mu/no/yes/d/796/il/U,0.49
bw/so/yes/yes/m/833/il/A,bo/mu/no/no/d/798/il/U,0.48
bw/so/yes/yes/m/833/il/A,bo/mu/yes/yes/d/845/il/A,0.49
bw/so/yes/yes/m/833/il/A,bw/mu/no/no/d/842/il/A,0.48
bw/so/yes/yes/m/833/il/A,bo/st/yes/yes/m/829/il/A,0.55
bw/so/yes/yes/m/833/il/A,bo/so/no/yes/d/816/il/U,0.4
bw/so/yes/yes/m/833/il/A,bw/so/yes/no/d/811/il/U,0.74
bw/so/yes/yes/m/833/il/A,bw/mu/no/no/m/818/il/A,0.48
bw/so/yes/yes/m/833/il/A,bw/st/yes/no/m/827/il/A,0.32
bw/so/yes/yes/m/833/il/A,bw/mu/no/yes/m/820/il/A,0.49
bw/so/yes/yes/m/833/il/A,bw/mu/yes/no/d/843/il/A,0.48
bw/so/yes/yes/m/833/il/A,bw/mu/no/yes/d/844/il/A,0.49
bw/so/yes/yes/m/833/il/A,bo/mu/yes/yes/m/821/il/A,0.49
bw/so/yes/yes/m/833/il/A,bw/mu/yes/no/m/819/il/A,0.48
bw/so/yes/yes/m/833/il/A,bw/st/no/no/m/826/il/A,0.32
bw/so/yes/yes/m/833/il/A,bw/so/no/no/d/810/il/U,0.69
bw/so/yes/yes/m/833/il/A,bw/st/no/yes/m/828/il/A,0.47
bw/so/yes/yes/m/833/il/A,bw/mu/yes/yes/m/817/il/A,0.49
bw/so/no/no/m/834/il/A,bo/st/yes/yes/d/853/il/A,0.51
bw/so/no/no/m/834/il/A,bo/st/no/no/d/854/il/A,0.52
bw/so/no/no/m/834/il/A,bo/so/no/no/d/862/il/A,0.39
bw/so/no/no/m/834/il/A,bo/st/yes/no/m/831/il/A,0.51
bw/so/no/no/m/834/il/A,bw/so/no/yes/m/836/il/A,0.74
bw/so/no/no/m/834/il/A,bw/so/yes/yes/d/809/il/U,0.69
bw/so/no/no/m/834/il/A,bo/mu/no/yes/d/800/il/U,0.46
bw/so/no/no/m/834/il/A,bo/st/yes/no/d/807/il/U,0.51
bw/so/no/no/m/834/il/A,bo/so/no/no/m/838/il/A,0.39
bw/so/no/no/m/834/il/A,bo/so/no/yes/d/864/il/A,0.34
bw/so/no/no/m/834/il/A,bo/so/yes/no/d/863/il/A,0.57
bw/so/no/no/m/834/il/A,bo/st/yes/no/d/855/il/A,0.51
bw/so/no/no/m/834/il/A,bw/st/no/yes/d/852/il/A,0.45
bw/so/no/no/m/834/il/A,bo/st/no/no/d/806/il/U,0.52
bw/so/no/no/m/834/il/A,bo/so/yes/no/m/839/il/A,0.57
bw/so/no/no/m/834/il/A,bw/st/yes/yes/d/801/il/U,0.43
bw/so/no/no/m/834/il/A,bo/so/yes/yes/m/837/il/A,0.52
bw/so/no/no/m/834/il/A,bo/st/no/yes/d/808/il/U,0.52
bw/so/no/no/m/834/il/A,bo/st/no/no/m/830/il/A,0.52
bw/so/no/no/m/834/il/A,bo/st/yes/yes/m/781/il/U,0.51
bw/so/no/no/m/834/il/A,bo/mu/yes/no/m/775/il/U,0.46
bw/so/no/no/m/834/il/A,bw/mu/no/yes/m/772/il/U,0.46
bw/so/no/no/m/834/il/A,bw/so/no/no/m/786/il/U,1.0
bw/so/no/no/m/834/il/A,bw/so/no/yes/m/788/il/U,0.74
bw/so/no/no/m/834/il/A,bo/so/yes/yes/m/789/il/U,0.52
bw/so/no/no/m/834/il/A,bw/so/yes/no/m/787/il/U,0.85
bw/so/no/no/m/834/il/A,bo/mu/yes/yes/m/773/il/U,0.46
bw/so/no/no/m/834/il/A,bo/mu/no/no/m/774/il/U,0.46
bw/so/no/no/m/834/il/A,bw/st/no/yes/m/780/il/U,0.45
bw/so/no/no/m/834/il/A,bw/mu/yes/yes/m/769/il/U,0.46
bw/so/no/no/m/834/il/A,bw/mu/yes/yes/d/793/il/U,0.46
bw/so/no/no/m/834/il/A,bw/mu/no/no/d/794/il/U,0.46
bw/so/no/no/m/834/il/A,bw/mu/yes/no/d/795/il/U,0.46
bw/so/no/no/m/834/il/A,bo/so/no/yes/m/792/il/U,0.34
bw/so/no/no/m/834/il/A,bw/so/no/yes/d/812/il/U,0.74
bw/so/no/no/m/834/il/A,bo/so/yes/no/d/815/il/U,0.57
bw/so/no/no/m/834/il/A,bo/mu/yes/no/m/823/il/A,0.46
bw/so/no/no/m/834/il/A,bo/mu/no/yes/m/824/il/A,0.46
bw/so/no/no/m/834/il/A,bo/mu/no/yes/d/848/il/A,0.46
bw/so/no/no/m/834/il/A,bw/mu/yes/yes/d/841/il/A,0.46
bw/so/no/no/m/834/il/A,bo/mu/no/no/d/846/il/A,0.46
bw/so/no/no/m/834/il/A,bw/st/yes/yes/m/825/il/A,0.43
bw/so/no/no/m/834/il/A,bo/mu/no/no/m/822/il/A,0.46
bw/so/no/no/m/834/il/A,bo/so/no/no/d/814/il/U,0.39
bw/so/no/no/m/834/il/A,bo/so/yes/yes/d/813/il/U,0.52
bw/so/no/no/m/834/il/A,bo/mu/yes/no/d/847/il/A,0.46
bw/so/no/no/m/834/il/A,bo/so/no/yes/m/840/il/A,0.34
bw/so/no/no/m/834/il/A,bw/st/yes/yes/d/849/il/A,0.43
bw/so/no/no/m/834/il/A,bw/so/yes/no/m/835/il/A,0.85
bw/so/no/no/m/834/il/A,bo/st/no/yes/m/832/il/A,0.52
bw/so/no/no/m/834/il/A,bw/st/no/yes/d/804/il/U,0.45
bw/so/no/no/m/834/il/A,bw/st/yes/no/d/803/il/U,0.32
bw/so/no/no/m/834/il/A,bw/so/yes/yes/d/857/il/A,0.69
bw/so/no/no/m/834/il/A,bw/st/no/no/d/850/il/A,0.32
bw/so/no/no/m/834/il/A,bw/so/yes/no/d/859/il/A,0.85
bw/so/no/no/m/834/il/A,bo/so/yes/yes/d/861/il/A,0.52
bw/so/no/no/m/834/il/A,bw/st/no/no/d/802/il/U,0.32
bw/so/no/no/m/834/il/A,bo/st/yes/yes/d/805/il/U,0.51
bw/so/no/no/m/834/il/A,bw/so/yes/yes/m/833/il/A,0.69
bw/so/no/no/m/834/il/A,bw/so/no/no/m/834/il/A,1.0
bw/so/no/no/m/834/il/A,bw/so/no/yes/d/860/il/A,0.74
bw/so/no/no/m/834/il/A,bw/so/no/no/d/858/il/A,1.0
bw/so/no/no/m/834/il/A,bw/st/yes/no/d/851/il/A,0.32
bw/so/no/no/m/834/il/A,bo/st/no/yes/d/856/il/A,0.52
bw/so/no/no/m/834/il/A,bw/mu/yes/no/m/771/il/U,0.46
bw/so/no/no/m/834/il/A,bw/so/yes/yes/m/785/il/U,0.69
bw/so/no/no/m/834/il/A,bo/st/no/no/m/782/il/U,0.52
bw/so/no/no/m/834/il/A,bo/mu/no/yes/m/776/il/U,0.46
bw/so/no/no/m/834/il/A,bw/st/no/no/m/778/il/U,0.32
bw/so/no/no/m/834/il/A,bw/st/yes/no/m/779/il/U,0.32
bw/so/no/no/m/834/il/A,bw/st/yes/yes/m/777/il/U,0.43
bw/so/no/no/m/834/il/A,bo/st/yes/no/m/783/il/U,0.51
bw/so/no/no/m/834/il/A,bo/st/no/yes/m/784/il/U,0.52
bw/so/no/no/m/834/il/A,bw/mu/no/no/m/770/il/U,0.46
bw/so/no/no/m/834/il/A,bo/mu/yes/no/d/799/il/U,0.46
bw/so/no/no/m/834/il/A,bo/mu/yes/yes/d/797/il/U,0.46
bw/so/no/no/m/834/il/A,bo/so/no/no/m/790/il/U,0.39
bw/so/no/no/m/834/il/A,bo/so/yes/no/m/791/il/U,0.57
bw/so/no/no/m/834/il/A,bw/mu/no/yes/d/796/il/U,0.46
bw/so/no/no/m/834/il/A,bo/mu/no/no/d/798/il/U,0.46
bw/so/no/no/m/834/il/A,bo/mu/yes/yes/d/845/il/A,0.46
bw/so/no/no/m/834/il/A,bw/mu/no/no/d/842/il/A,0.46
bw/so/no/no/m/834/il/A,bo/st/yes/yes/m/829/il/A,0.51
bw/so/no/no/m/834/il/A,bo/so/no/yes/d/816/il/U,0.34
bw/so/no/no/m/834/il/A,bw/so/yes/no/d/811/il/U,0.85
bw/so/no/no/m/834/il/A,bw/mu/no/no/m/818/il/A,0.46
bw/so/no/no/m/834/il/A,bw/st/yes/no/m/827/il/A,0.32
bw/so/no/no/m/834/il/A,bw/mu/no/yes/m/820/il/A,0.46
bw/so/no/no/m/834/il/A,bw/mu/yes/no/d/843/il/A,0.46
bw/so/no/no/m/834/il/A,bw/mu/no/yes/d/844/il/A,0.46
bw/so/no/no/m/834/il/A,bo/mu/yes/yes/m/821/il/A,0.46
bw/so/no/no/m/834/il/A,bw/mu/yes/no/m/819/il/A,0.46
bw/so/no/no/m/834/il/A,bw/st/no/no/m/826/il/A,0.32
bw/so/no/no/m/834/il/A,bw/so/no/no/d/810/il/U,1.0
bw/so/no/no/m/834/il/A,bw/st/no/yes/m/828/il/A,0.45
bw/so/no/no/m/834/il/A,bw/mu/yes/yes/m/817/il/A,0.46
bw/so/no/yes/d/860/il/A,bo/st/yes/yes/d/853/il/A,0.55
bw/so/no/yes/d/860/il/A,bo/st/no/no/d/854/il/A,0.56
bw/so/no/yes/d/860/il/A,bo/so/no/no/d/862/il/A,0.38
bw/so/no/yes/d/860/il/A,bo/st/yes/no/m/831/il/A,0.54
bw/so/no/yes/d/860/il/A,bw/so/no/yes/m/836/il/A,1.0
bw/so/no/yes/d/860/il/A,bw/so/yes/yes/d/809/il/U,0.86
bw/so/no/yes/d/860/il/A,bo/mu/no/yes/d/800/il/U,0.5
bw/so/no/yes/d/860/il/A,bo/st/yes/no/d/807/il/U,0.54
bw/so/no/yes/d/860/il/A,bo/so/no/no/m/838/il/A,0.38
bw/so/no/yes/d/860/il/A,bo/so/no/yes/d/864/il/A,0.4
bw/so/no/yes/d/860/il/A,bo/so/yes/no/d/863/il/A,0.53
bw/so/no/yes/d/860/il/A,bo/st/yes/no/d/855/il/A,0.54
bw/so/no/yes/d/860/il/A,bw/st/no/yes/d/852/il/A,0.47
bw/so/no/yes/d/860/il/A,bo/st/no/no/d/806/il/U,0.56
bw/so/no/yes/d/860/il/A,bo/so/yes/no/m/839/il/A,0.53
bw/so/no/yes/d/860/il/A,bw/st/yes/yes/d/801/il/U,0.45
bw/so/no/yes/d/860/il/A,bo/so/yes/yes/m/837/il/A,0.6
bw/so/no/yes/d/860/il/A,bo/st/no/yes/d/808/il/U,0.56
bw/so/no/yes/d/860/il/A,bo/st/no/no/m/830/il/A,0.56
bw/so/no/yes/d/860/il/A,bo/st/yes/yes/m/781/il/U,0.55
bw/so/no/yes/d/860/il/A,bo/mu/yes/no/m/775/il/U,0.49
bw/so/no/yes/d/860/il/A,bw/mu/no/yes/m/772/il/U,0.49
bw/so/no/yes/d/860/il/A,bw/so/no/no/m/786/il/U,0.74
bw/so/no/yes/d/860/il/A,bw/so/no/yes/m/788/il/U,1.0
bw/so/no/yes/d/860/il/A,bo/so/yes/yes/m/789/il/U,0.6
bw/so/no/yes/d/860/il/A,bw/so/yes/no/m/787/il/U,0.7
bw/so/no/yes/d/860/il/A,bo/mu/yes/yes/m/773/il/U,0.5
bw/so/no/yes/d/860/il/A,bo/mu/no/no/m/774/il/U,0.49
bw/so/no/yes/d/860/il/A,bw/st/no/yes/m/780/il/U,0.47
bw/so/no/yes/d/860/il/A,bw/mu/yes/yes/m/769/il/U,0.49
bw/so/no/yes/d/860/il/A,bw/mu/yes/yes/d/793/il/U,0.49
bw/so/no/yes/d/860/il/A,bw/mu/no/no/d/794/il/U,0.49
bw/so/no/yes/d/860/il/A,bw/mu/yes/no/d/795/il/U,0.49
bw/so/no/yes/d/860/il/A,bo/so/no/yes/m/792/il/U,0.4
bw/so/no/yes/d/860/il/A,bw/so/no/yes/d/812/il/U,1.0
bw/so/no/yes/d/860/il/A,bo/so/yes/no/d/815/il/U,0.53
bw/so/no/yes/d/860/il/A,bo/mu/yes/no/m/823/il/A,0.49
bw/so/no/yes/d/860/il/A,bo/mu/no/yes/m/824/il/A,0.5
bw/so/no/yes/d/860/il/A,bo/mu/no/yes/d/848/il/A,0.5
bw/so/no/yes/d/860/il/A,bw/mu/yes/yes/d/841/il/A,0.49
bw/so/no/yes/d/860/il/A,bo/mu/no/no/d/846/il/A,0.49
bw/so/no/yes/d/860/il/A,bw/st/yes/yes/m/825/il/A,0.45
bw/so/no/yes/d/860/il/A,bo/mu/no/no/m/822/il/A,0.49
bw/so/no/yes/d/860/il/A,bo/so/no/no/d/814/il/U,0.38
bw/so/no/yes/d/860/il/A,bo/so/yes/yes/d/813/il/U,0.6
bw/so/no/yes/d/860/il/A,bo/mu/yes/no/d/847/il/A,0.49
bw/so/no/yes/d/860/il/A,bo/so/no/yes/m/840/il/A,0.4
bw/so/no/yes/d/860/il/A,bw/st/yes/yes/d/849/il/A,0.45
bw/so/no/yes/d/860/il/A,bw/so/yes/no/m/835/il/A,0.7
bw/so/no/yes/d/860/il/A,bo/st/no/yes/m/832/il/A,0.56
bw/so/no/yes/d/860/il/A,bw/st/no/yes/d/804/il/U,0.47
bw/so/no/yes/d/860/il/A,bw/st/yes/no/d/803/il/U,0.32
bw/so/no/yes/d/860/il/A,bw/so/yes/yes/d/857/il/A,0.86
bw/so/no/yes/d/860/il/A,bw/st/no/no/d/850/il/A,0.32
bw/so/no/yes/d/860/il/A,bw/so/yes/no/d/859/il/A,0.7
bw/so/no/yes/d/860/il/A,bo/so/yes/yes/d/861/il/A,0.6
bw/so/no/yes/d/860/il/A,bw/st/no/no/d/802/il/U,0.32
bw/so/no/yes/d/860/il/A,bo/st/yes/yes/d/805/il/U,0.55
bw/so/no/yes/d/860/il/A,bw/so/yes/yes/m/833/il/A,0.86
bw/so/no/yes/d/860/il/A,bw/so/no/no/m/834/il/A,0.74
bw/so/no/yes/d/860/il/A,bw/so/no/yes/d/860/il/A,1.0
bw/so/no/yes/d/860/il/A,bw/so/no/no/d/858/il/A,0.74
bw/so/no/yes/d/860/il/A,bw/st/yes/no/d/851/il/A,0.32
bw/so/no/yes/d/860/il/A,bo/st/no/yes/d/856/il/A,0.56
bw/so/no/yes/d/860/il/A,bw/mu/yes/no/m/771/il/U,0.49
bw/so/no/yes/d/860/il/A,bw/so/yes/yes/m/785/il/U,0.86
bw/so/no/yes/d/860/il/A,bo/st/no/no/m/782/il/U,0.56
bw/so/no/yes/d/860/il/A,bo/mu/no/yes/m/776/il/U,0.5
bw/so/no/yes/d/860/il/A,bw/st/no/no/m/778/il/U,0.32
bw/so/no/yes/d/860/il/A,bw/st/yes/no/m/779/il/U,0.32
bw/so/no/yes/d/860/il/A,bw/st/yes/yes/m/777/il/U,0.45
bw/so/no/yes/d/860/il/A,bo/st/yes/no/m/783/il/U,0.54
bw/so/no/yes/d/860/il/A,bo/st/no/yes/m/784/il/U,0.56
bw/so/no/yes/d/860/il/A,bw/mu/no/no/m/770/il/U,0.49
bw/so/no/yes/d/860/il/A,bo/mu/yes/no/d/799/il/U,0.49
bw/so/no/yes/d/860/il/A,bo/mu/yes/yes/d/797/il/U,0.5
bw/so/no/yes/d/860/il/A,bo/so/no/no/m/790/il/U,0.38
bw/so/no/yes/d/860/il/A,bo/so/yes/no/m/791/il/U,0.53
bw/so/no/yes/d/860/il/A,bw/mu/no/yes/d/796/il/U,0.49
bw/so/no/yes/d/860/il/A,bo/mu/no/no/d/798/il/U,0.49
bw/so/no/yes/d/860/il/A,bo/mu/yes/yes/d/845/il/A,0.5
bw/so/no/yes/d/860/il/A,bw/mu/no/no/d/842/il/A,0.49
bw/so/no/yes/d/860/il/A,bo/st/yes/yes/m/829/il/A,0.55
bw/so/no/yes/d/860/il/A,bo/so/no/yes/d/816/il/U,0.4
bw/so/no/yes/d/860/il/A,bw/so/yes/no/d/811/il/U,0.7
bw/so/no/yes/d/860/il/A,bw/mu/no/no/m/818/il/A,0.49
bw/so/no/yes/d/860/il/A,bw/st/yes/no/m/827/il/A,0.32
bw/so/no/yes/d/860/il/A,bw/mu/no/yes/m/820/il/A,0.49
bw/so/no/yes/d/860/il/A,bw/mu/yes/no/d/843/il/A,0.49
bw/so/no/yes/d/860/il/A,bw/mu/no/yes/d/844/il/A,0.49
bw/so/no/yes/d/860/il/A,bo/mu/yes/yes/m/821/il/A,0.5
bw/so/no/yes/d/860/il/A,bw/mu/yes/no/m/819/il/A,0.49
bw/so/no/yes/d/860/il/A,bw/st/no/no/m/826/il/A,0.32
bw/so/no/yes/d/860/il/A,bw/so/no/no/d/810/il/U,0.74
bw/so/no/yes/d/860/il/A,bw/st/no/yes/m/828/il/A,0.47
bw/so/no/yes/d/860/il/A,bw/mu/yes/yes/m/817/il/A,0.49
bw/so/no/no/d/858/il/A,bo/st/yes/yes/d/853/il/A,0.51
bw/so/no/no/d/858/il/A,bo/st/no/no/d/854/il/A,0.52
bw/so/no/no/d/858/il/A,bo/so/no/no/d/862/il/A,0.39
bw/so/no/no/d/858/il/A,bo/st/yes/no/m/831/il/A,0.51
bw/so/no/no/d/858/il/A,bw/so/no/yes/m/836/il/A,0.74
bw/so/no/no/d/858/il/A,bw/so/yes/yes/d/809/il/U,0.69
bw/so/no/no/d/858/il/A,bo/mu/no/yes/d/800/il/U,0.46
bw/so/no/no/d/858/il/A,bo/st/yes/no/d/807/il/U,0.51
bw/so/no/no/d/858/il/A,bo/so/no/no/m/838/il/A,0.39
bw/so/no/no/d/858/il/A,bo/so/no/yes/d/864/il/A,0.34
bw/so/no/no/d/858/il/A,bo/so/yes/no/d/863/il/A,0.57
bw/so/no/no/d/858/il/A,bo/st/yes/no/d/855/il/A,0.51
bw/so/no/no/d/858/il/A,bw/st/no/yes/d/852/il/A,0.45
bw/so/no/no/d/858/il/A,bo/st/no/no/d/806/il/U,0.52
bw/so/no/no/d/858/il/A,bo/so/yes/no/m/839/il/A,0.57
bw/so/no/no/d/858/il/A,bw/st/yes/yes/d/801/il/U,0.43
bw/so/no/no/d/858/il/A,bo/so/yes/yes/m/837/il/A,0.52
bw/so/no/no/d/858/il/A,bo/st/no/yes/d/808/il/U,0.52
bw/so/no/no/d/858/il/A,bo/st/no/no/m/830/il/A,0.52
bw/so/no/no/d/858/il/A,bo/st/yes/yes/m/781/il/U,0.51
bw/so/no/no/d/858/il/A,bo/mu/yes/no/m/775/il/U,0.46
bw/so/no/no/d/858/il/A,bw/mu/no/yes/m/772/il/U,0.46
bw/so/no/no/d/858/il/A,bw/so/no/no/m/786/il/U,1.0
bw/so/no/no/d/858/il/A,bw/so/no/yes/m/788/il/U,0.74
bw/so/no/no/d/858/il/A,bo/so/yes/yes/m/789/il/U,0.52
bw/so/no/no/d/858/il/A,bw/so/yes/no/m/787/il/U,0.85
bw/so/no/no/d/858/il/A,bo/mu/yes/yes/m/773/il/U,0.46
bw/so/no/no/d/858/il/A,bo/mu/no/no/m/774/il/U,0.46
bw/so/no/no/d/858/il/A,bw/st/no/yes/m/780/il/U,0.45
bw/so/no/no/d/858/il/A,bw/mu/yes/yes/m/769/il/U,0.46
bw/so/no/no/d/858/il/A,bw/mu/yes/yes/d/793/il/U,0.46
bw/so/no/no/d/858/il/A,bw/mu/no/no/d/794/il/U,0.46
bw/so/no/no/d/858/il/A,bw/mu/yes/no/d/795/il/U,0.46
bw/so/no/no/d/858/il/A,bo/so/no/yes/m/792/il/U,0.34
bw/so/no/no/d/858/il/A,bw/so/no/yes/d/812/il/U,0.74
bw/so/no/no/d/858/il/A,bo/so/yes/no/d/815/il/U,0.57
bw/so/no/no/d/858/il/A,bo/mu/yes/no/m/823/il/A,0.46
bw/so/no/no/d/858/il/A,bo/mu/no/yes/m/824/il/A,0.46
bw/so/no/no/d/858/il/A,bo/mu/no/yes/d/848/il/A,0.46
bw/so/no/no/d/858/il/A,bw/mu/yes/yes/d/841/il/A,0.46
bw/so/no/no/d/858/il/A,bo/mu/no/no/d/846/il/A,0.46
bw/so/no/no/d/858/il/A,bw/st/yes/yes/m/825/il/A,0.43
bw/so/no/no/d/858/il/A,bo/mu/no/no/m/822/il/A,0.46
bw/so/no/no/d/858/il/A,bo/so/no/no/d/814/il/U,0.39
bw/so/no/no/d/858/il/A,bo/so/yes/yes/d/813/il/U,0.52
bw/so/no/no/d/858/il/A,bo/mu/yes/no/d/847/il/A,0.46
bw/so/no/no/d/858/il/A,bo/so/no/yes/m/840/il/A,0.34
bw/so/no/no/d/858/il/A,bw/st/yes/yes/d/849/il/A,0.43
bw/so/no/no/d/858/il/A,bw/so/yes/no/m/835/il/A,0.85
bw/so/no/no/d/858/il/A,bo/st/no/yes/m/832/il/A,0.52
bw/so/no/no/d/858/il/A,bw/st/no/yes/d/804/il/U,0.45
bw/so/no/no/d/858/il/A,bw/st/yes/no/d/803/il/U,0.32
bw/so/no/no/d/858/il/A,bw/so/yes/yes/d/857/il/A,0.69
bw/so/no/no/d/858/il/A,bw/st/no/no/d/850/il/A,0.32
bw/so/no/no/d/858/il/A,bw/so/yes/no/d/859/il/A,0.85
bw/so/no/no/d/858/il/A,bo/so/yes/yes/d/861/il/A,0.52
bw/so/no/no/d/858/il/A,bw/st/no/no/d/802/il/U,0.32
bw/so/no/no/d/858/il/A,bo/st/yes/yes/d/805/il/U,0.51
bw/so/no/no/d/858/il/A,bw/so/yes/yes/m/833/il/A,0.69
bw/so/no/no/d/858/il/A,bw/so/no/no/m/834/il/A,1.0
bw/so/no/no/d/858/il/A,bw/so/no/yes/d/860/il/A,0.74
bw/so/no/no/d/858/il/A,bw/so/no/no/d/858/il/A,1.0
bw/so/no/no/d/858/il/A,bw/st/yes/no/d/851/il/A,0.32
bw/so/no/no/d/858/il/A,bo/st/no/yes/d/856/il/A,0.52
bw/so/no/no/d/858/il/A,bw/mu/yes/no/m/771/il/U,0.46
bw/so/no/no/d/858/il/A,bw/so/yes/yes/m/785/il/U,0.69
bw/so/no/no/d/858/il/A,bo/st/no/no/m/782/il/U,0.52
bw/so/no/no/d/858/il/A,bo/mu/no/yes/m/776/il/U,0.46
bw/so/no/no/d/858/il/A,bw/st/no/no/m/778/il/U,0.32
bw/so/no/no/d/858/il/A,bw/st/yes/no/m/779/il/U,0.32
bw/so/no/no/d/858/il/A,bw/st/yes/yes/m/777/il/U,0.43
bw/so/no/no/d/858/il/A,bo/st/yes/no/m/783/il/U,0.51
bw/so/no/no/d/858/il/A,bo/st/no/yes/m/784/il/U,0.52
bw/so/no/no/d/858/il/A,bw/mu/no/no/m/770/il/U,0.46
bw/so/no/no/d/858/il/A,bo/mu/yes/no/d/799/il/U,0.46
bw/so/no/no/d/858/il/A,bo/mu/yes/yes/d/797/il/U,0.46
bw/so/no/no/d/858/il/A,bo/so/no/no/m/790/il/U,0.39
bw/so/no/no/d/858/il/A,bo/so/yes/no/m/791/il/U,0.57
bw/so/no/no/d/858/il/A,bw/mu/no/yes/d/796/il/U,0.46
bw/so/no/no/d/858/il/A,bo/mu/no/no/d/798/il/U,0.46
bw/so/no/no/d/858/il/A,bo/mu/yes/yes/d/845/il/A,0.46
bw/so/no/no/d/858/il/A,bw/mu/no/no/d/842/il/A,0.46
bw/so/no/no/d/858/il/A,bo/st/yes/yes/m/829/il/A,0.51
bw/so/no/no/d/858/il/A,bo/so/no/yes/d/816/il/U,0.34
bw/so/no/no/d/858/il/A,bw/so/yes/no/d/811/il/U,0.85
bw/so/no/no/d/858/il/A,bw/mu/no/no/m/818/il/A,0.46
bw/so/no/no/d/858/il/A,bw/st/yes/no/m/827/il/A,0.32
bw/so/no/no/d/858/il/A,bw/mu/no/yes/m/820/il/A,0.46
bw/so/no/no/d/858/il/A,bw/mu/yes/no/d/843/il/A,0.46
bw/so/no/no/d/858/il/A,bw/mu/no/yes/d/844/il/A,0.46
bw/so/no/no/d/858/il/A,bo/mu/yes/yes/m/821/il/A,0.46
bw/so/no/no/d/858/il/A,bw/mu/yes/no/m/819/il/A,0.46
bw/so/no/no/d/858/il/A,bw/st/no/no/m/826/il/A,0.32
bw/so/no/no/d/858/il/A,bw/so/no/no/d/810/il/U,1.0
bw/so/no/no/d/858/il/A,bw/st/no/yes/m/828/il/A,0.45
bw/so/no/no/d/858/il/A,bw/mu/yes/yes/m/817/il/A,0.46
bw/st/yes/no/d/851/il/A,bo/st/yes/yes/d/853/il/A,0.39
bw/st/yes/no/d/851/il/A,bo/st/no/no/d/854/il/A,0.38
bw/st/yes/no/d/851/il/A,bo/so/no/no/d/862/il/A,0.22
bw/st/yes/no/d/851/il/A,bo/st/yes/no/m/831/il/A,0.4
bw/st/yes/no/d/851/il/A,bw/so/no/yes/m/836/il/A,0.32
bw/st/yes/no/d/851/il/A,bw/so/yes/yes/d/809/il/U,0.32
bw/st/yes/no/d/851/il/A,bo/mu/no/yes/d/800/il/U,0.39
bw/st/yes/no/d/851/il/A,bo/st/yes/no/d/807/il/U,0.4
bw/st/yes/no/d/851/il/A,bo/so/no/no/m/838/il/A,0.22
bw/st/yes/no/d/851/il/A,bo/so/no/yes/d/864/il/A,0.21
bw/st/yes/no/d/851/il/A,bo/so/yes/no/d/863/il/A,0.31
bw/st/yes/no/d/851/il/A,bo/st/yes/no/d/855/il/A,0.4
bw/st/yes/no/d/851/il/A,bw/st/no/yes/d/852/il/A,0.6
bw/st/yes/no/d/851/il/A,bo/st/no/no/d/806/il/U,0.38
bw/st/yes/no/d/851/il/A,bo/so/yes/no/m/839/il/A,0.31
bw/st/yes/no/d/851/il/A,bw/st/yes/yes/d/801/il/U,0.65
bw/st/yes/no/d/851/il/A,bo/so/yes/yes/m/837/il/A,0.31
bw/st/yes/no/d/851/il/A,bo/st/no/yes/d/808/il/U,0.38
bw/st/yes/no/d/851/il/A,bo/st/no/no/m/830/il/A,0.38
bw/st/yes/no/d/851/il/A,bo/st/yes/yes/m/781/il/U,0.39
bw/st/yes/no/d/851/il/A,bo/mu/yes/no/m/775/il/U,0.39
bw/st/yes/no/d/851/il/A,bw/mu/no/yes/m/772/il/U,0.42
bw/st/yes/no/d/851/il/A,bw/so/no/no/m/786/il/U,0.32
bw/st/yes/no/d/851/il/A,bw/so/no/yes/m/788/il/U,0.32
bw/st/yes/no/d/851/il/A,bo/so/yes/yes/m/789/il/U,0.31
bw/st/yes/no/d/851/il/A,bw/so/yes/no/m/787/il/U,0.32
bw/st/yes/no/d/851/il/A,bo/mu/yes/yes/m/773/il/U,0.4
bw/st/yes/no/d/851/il/A,bo/mu/no/no/m/774/il/U,0.39
bw/st/yes/no/d/851/il/A,bw/st/no/yes/m/780/il/U,0.6
bw/st/yes/no/d/851/il/A,bw/mu/yes/yes/m/769/il/U,0.42
bw/st/yes/no/d/851/il/A,bw/mu/yes/yes/d/793/il/U,0.42
bw/st/yes/no/d/851/il/A,bw/mu/no/no/d/794/il/U,0.41
bw/st/yes/no/d/851/il/A,bw/mu/yes/no/d/795/il/U,0.42
bw/st/yes/no/d/851/il/A,bo/so/no/yes/m/792/il/U,0.21
bw/st/yes/no/d/851/il/A,bw/so/no/yes/d/812/il/U,0.32
bw/st/yes/no/d/851/il/A,bo/so/yes/no/d/815/il/U,0.31
bw/st/yes/no/d/851/il/A,bo/mu/yes/no/m/823/il/A,0.39
bw/st/yes/no/d/851/il/A,bo/mu/no/yes/m/824/il/A,0.39
bw/st/yes/no/d/851/il/A,bo/mu/no/yes/d/848/il/A,0.39
bw/st/yes/no/d/851/il/A,bw/mu/yes/yes/d/841/il/A,0.42
bw/st/yes/no/d/851/il/A,bo/mu/no/no/d/846/il/A,0.39
bw/st/yes/no/d/851/il/A,bw/st/yes/yes/m/825/il/A,0.65
bw/st/yes/no/d/851/il/A,bo/mu/no/no/m/822/il/A,0.39
bw/st/yes/no/d/851/il/A,bo/so/no/no/d/814/il/U,0.22
bw/st/yes/no/d/851/il/A,bo/so/yes/yes/d/813/il/U,0.31
bw/st/yes/no/d/851/il/A,bo/mu/yes/no/d/847/il/A,0.39
bw/st/yes/no/d/851/il/A,bo/so/no/yes/m/840/il/A,0.21
bw/st/yes/no/d/851/il/A,bw/st/yes/yes/d/849/il/A,0.65
bw/st/yes/no/d/851/il/A,bw/so/yes/no/m/835/il/A,0.32
bw/st/yes/no/d/851/il/A,bo/st/no/yes/m/832/il/A,0.38
bw/st/yes/no/d/851/il/A,bw/st/no/yes/d/804/il/U,0.6
bw/st/yes/no/d/851/il/A,bw/st/yes/no/d/803/il/U,1.0
bw/st/yes/no/d/851/il/A,bw/so/yes/yes/d/857/il/A,0.32
bw/st/yes/no/d/851/il/A,bw/st/no/no/d/850/il/A,0.84
bw/st/yes/no/d/851/il/A,bw/so/yes/no/d/859/il/A,0.32
bw/st/yes/no/d/851/il/A,bo/so/yes/yes/d/861/il/A,0.31
bw/st/yes/no/d/851/il/A,bw/st/no/no/d/802/il/U,0.84
bw/st/yes/no/d/851/il/A,bo/st/yes/yes/d/805/il/U,0.39
bw/st/yes/no/d/851/il/A,bw/so/yes/yes/m/833/il/A,0.32
bw/st/yes/no/d/851/il/A,bw/so/no/no/m/834/il/A,0.32
bw/st/yes/no/d/851/il/A,bw/so/no/yes/d/860/il/A,0.32
bw/st/yes/no/d/851/il/A,bw/so/no/no/d/858/il/A,0.32
bw/st/yes/no/d/851/il/A,bw/st/yes/no/d/851/il/A,1.0
bw/st/yes/no/d/851/il/A,bo/st/no/yes/d/856/il/A,0.38
bw/st/yes/no/d/851/il/A,bw/mu/yes/no/m/771/il/U,0.42
bw/st/yes/no/d/851/il/A,bw/so/yes/yes/m/785/il/U,0.32
bw/st/yes/no/d/851/il/A,bo/st/no/no/m/782/il/U,0.38
bw/st/yes/no/d/851/il/A,bo/mu/no/yes/m/776/il/U,0.39
bw/st/yes/no/d/851/il/A,bw/st/no/no/m/778/il/U,0.84
bw/st/yes/no/d/851/il/A,bw/st/yes/no/m/779/il/U,1.0
bw/st/yes/no/d/851/il/A,bw/st/yes/yes/m/777/il/U,0.65
bw/st/yes/no/d/851/il/A,bo/st/yes/no/m/783/il/U,0.4
bw/st/yes/no/d/851/il/A,bo/st/no/yes/m/784/il/U,0.38
bw/st/yes/no/d/851/il/A,bw/mu/no/no/m/770/il/U,0.41
bw/st/yes/no/d/851/il/A,bo/mu/yes/no/d/799/il/U,0.39
bw/st/yes/no/d/851/il/A,bo/mu/yes/yes/d/797/il/U,0.4
bw/st/yes/no/d/851/il/A,bo/so/no/no/m/790/il/U,0.22
bw/st/yes/no/d/851/il/A,bo/so/yes/no/m/791/il/U,0.31
bw/st/yes/no/d/851/il/A,bw/mu/no/yes/d/796/il/U,0.42
bw/st/yes/no/d/851/il/A,bo/mu/no/no/d/798/il/U,0.39
bw/st/yes/no/d/851/il/A,bo/mu/yes/yes/d/845/il/A,0.4
bw/st/yes/no/d/851/il/A,bw/mu/no/no/d/842/il/A,0.41
bw/st/yes/no/d/851/il/A,bo/st/yes/yes/m/829/il/A,0.39
bw/st/yes/no/d/851/il/A,bo/so/no/yes/d/816/il/U,0.21
bw/st/yes/no/d/851/il/A,bw/so/yes/no/d/811/il/U,0.32
bw/st/yes/no/d/851/il/A,bw/mu/no/no/m/818/il/A,0.41
bw/st/yes/no/d/851/il/A,bw/st/yes/no/m/827/il/A,1.0
bw/st/yes/no/d/851/il/A,bw/mu/no/yes/m/820/il/A,0.42
bw/st/yes/no/d/851/il/A,bw/mu/yes/no/d/843/il/A,0.42
bw/st/yes/no/d/851/il/A,bw/mu/no/yes/d/844/il/A,0.42
bw/st/yes/no/d/851/il/A,bo/mu/yes/yes/m/821/il/A,0.4
bw/st/yes/no/d/851/il/A,bw/mu/yes/no/m/819/il/A,0.42
bw/st/yes/no/d/851/il/A,bw/st/no/no/m/826/il/A,0.84
bw/st/yes/no/d/851/il/A,bw/so/no/no/d/810/il/U,0.32
bw/st/yes/no/d/851/il/A,bw/st/no/yes/m/828/il/A,0.6
bw/st/yes/no/d/851/il/A,bw/mu/yes/yes/m/817/il/A,0.42
bo/st/no/yes/d/856/il/A,bo/st/yes/yes/d/853/il/A,0.9
bo/st/no/yes/d/856/il/A,bo/st/no/no/d/854/il/A,0.94
bo/st/no/yes/d/856/il/A,bo/so/no/no/d/862/il/A,0.46
bo/st/no/yes/d/856/il/A,bo/st/yes/no/m/831/il/A,0.87
bo/st/no/yes/d/856/il/A,bw/so/no/yes/m/836/il/A,0.56
bo/st/no/yes/d/856/il/A,bw/so/yes/yes/d/809/il/U,0.56
bo/st/no/yes/d/856/il/A,bo/mu/no/yes/d/800/il/U,0.72
bo/st/no/yes/d/856/il/A,bo/st/yes/no/d/807/il/U,0.87
bo/st/no/yes/d/856/il/A,bo/so/no/no/m/838/il/A,0.46
bo/st/no/yes/d/856/il/A,bo/so/no/yes/d/864/il/A,0.47
bo/st/no/yes/d/856/il/A,bo/so/yes/no/d/863/il/A,0.6
bo/st/no/yes/d/856/il/A,bo/st/yes/no/d/855/il/A,0.87
bo/st/no/yes/d/856/il/A,bw/st/no/yes/d/852/il/A,0.59
bo/st/no/yes/d/856/il/A,bo/st/no/no/d/806/il/U,0.94
bo/st/no/yes/d/856/il/A,bo/so/yes/no/m/839/il/A,0.6
bo/st/no/yes/d/856/il/A,bw/st/yes/yes/d/801/il/U,0.56
bo/st/no/yes/d/856/il/A,bo/so/yes/yes/m/837/il/A,0.66
bo/st/no/yes/d/856/il/A,bo/st/no/yes/d/808/il/U,1.0
bo/st/no/yes/d/856/il/A,bo/st/no/no/m/830/il/A,0.94
bo/st/no/yes/d/856/il/A,bo/st/yes/yes/m/781/il/U,0.9
bo/st/no/yes/d/856/il/A,bo/mu/yes/no/m/775/il/U,0.7
bo/st/no/yes/d/856/il/A,bw/mu/no/yes/m/772/il/U,0.69
bo/st/no/yes/d/856/il/A,bw/so/no/no/m/786/il/U,0.52
bo/st/no/yes/d/856/il/A,bw/so/no/yes/m/788/il/U,0.56
bo/st/no/yes/d/856/il/A,bo/so/yes/yes/m/789/il/U,0.66
bo/st/no/yes/d/856/il/A,bw/so/yes/no/m/787/il/U,0.53
bo/st/no/yes/d/856/il/A,bo/mu/yes/yes/m/773/il/U,0.71
bo/st/no/yes/d/856/il/A,bo/mu/no/no/m/774/il/U,0.71
bo/st/no/yes/d/856/il/A,bw/st/no/yes/m/780/il/U,0.59
bo/st/no/yes/d/856/il/A,bw/mu/yes/yes/m/769/il/U,0.69
bo/st/no/yes/d/856/il/A,bw/mu/yes/yes/d/793/il/U,0.69
bo/st/no/yes/d/856/il/A,bw/mu/no/no/d/794/il/U,0.69
bo/st/no/yes/d/856/il/A,bw/mu/yes/no/d/795/il/U,0.69
bo/st/no/yes/d/856/il/A,bo/so/no/yes/m/792/il/U,0.47
bo/st/no/yes/d/856/il/A,bw/so/no/yes/d/812/il/U,0.56
bo/st/no/yes/d/856/il/A,bo/so/yes/no/d/815/il/U,0.6
bo/st/no/yes/d/856/il/A,bo/mu/yes/no/m/823/il/A,0.7
bo/st/no/yes/d/856/il/A,bo/mu/no/yes/m/824/il/A,0.72
bo/st/no/yes/d/856/il/A,bo/mu/no/yes/d/848/il/A,0.72
bo/st/no/yes/d/856/il/A,bw/mu/yes/yes/d/841/il/A,0.69
bo/st/no/yes/d/856/il/A,bo/mu/no/no/d/846/il/A,0.71
bo/st/no/yes/d/856/il/A,bw/st/yes/yes/m/825/il/A,0.56
bo/st/no/yes/d/856/il/A,bo/mu/no/no/m/822/il/A,0.71
bo/st/no/yes/d/856/il/A,bo/so/no/no/d/814/il/U,0.46
bo/st/no/yes/d/856/il/A,bo/so/yes/yes/d/813/il/U,0.66
bo/st/no/yes/d/856/il/A,bo/mu/yes/no/d/847/il/A,0.7
bo/st/no/yes/d/856/il/A,bo/so/no/yes/m/840/il/A,0.47
bo/st/no/yes/d/856/il/A,bw/st/yes/yes/d/849/il/A,0.56
bo/st/no/yes/d/856/il/A,bw/so/yes/no/m/835/il/A,0.53
bo/st/no/yes/d/856/il/A,bo/st/no/yes/m/832/il/A,1.0
bo/st/no/yes/d/856/il/A,bw/st/no/yes/d/804/il/U,0.59
bo/st/no/yes/d/856/il/A,bw/st/yes/no/d/803/il/U,0.38
bo/st/no/yes/d/856/il/A,bw/so/yes/yes/d/857/il/A,0.56
bo/st/no/yes/d/856/il/A,bw/st/no/no/d/850/il/A,0.38
bo/st/no/yes/d/856/il/A,bw/so/yes/no/d/859/il/A,0.53
bo/st/no/yes/d/856/il/A,bo/so/yes/yes/d/861/il/A,0.66
bo/st/no/yes/d/856/il/A,bw/st/no/no/d/802/il/U,0.38
bo/st/no/yes/d/856/il/A,bo/st/yes/yes/d/805/il/U,0.9
bo/st/no/yes/d/856/il/A,bw/so/yes/yes/m/833/il/A,0.56
bo/st/no/yes/d/856/il/A,bw/so/no/no/m/834/il/A,0.52
bo/st/no/yes/d/856/il/A,bw/so/no/yes/d/860/il/A,0.56
bo/st/no/yes/d/856/il/A,bw/so/no/no/d/858/il/A,0.52
bo/st/no/yes/d/856/il/A,bw/st/yes/no/d/851/il/A,0.38
bo/st/no/yes/d/856/il/A,bo/st/no/yes/d/856/il/A,1.0
bo/st/no/yes/d/856/il/A,bw/mu/yes/no/m/771/il/U,0.69
bo/st/no/yes/d/856/il/A,bw/so/yes/yes/m/785/il/U,0.56
bo/st/no/yes/d/856/il/A,bo/st/no/no/m/782/il/U,0.94
bo/st/no/yes/d/856/il/A,bo/mu/no/yes/m/776/il/U,0.72
bo/st/no/yes/d/856/il/A,bw/st/no/no/m/778/il/U,0.38
bo/st/no/yes/d/856/il/A,bw/st/yes/no/m/779/il/U,0.38
bo/st/no/yes/d/856/il/A,bw/st/yes/yes/m/777/il/U,0.56
bo/st/no/yes/d/856/il/A,bo/st/yes/no/m/783/il/U,0.87
bo/st/no/yes/d/856/il/A,bo/st/no/yes/m/784/il/U,1.0
bo/st/no/yes/d/856/il/A,bw/mu/no/no/m/770/il/U,0.69
bo/st/no/yes/d/856/il/A,bo/mu/yes/no/d/799/il/U,0.7
bo/st/no/yes/d/856/il/A,bo/mu/yes/yes/d/797/il/U,0.71
bo/st/no/yes/d/856/il/A,bo/so/no/no/m/790/il/U,0.46
bo/st/no/yes/d/856/il/A,bo/so/yes/no/m/791/il/U,0.6
bo/st/no/yes/d/856/il/A,bw/mu/no/yes/d/796/il/U,0.69
bo/st/no/yes/d/856/il/A,bo/mu/no/no/d/798/il/U,0.71
bo/st/no/yes/d/856/il/A,bo/mu/yes/yes/d/845/il/A,0.71
bo/st/no/yes/d/856/il/A,bw/mu/no/no/d/842/il/A,0.69
bo/st/no/yes/d/856/il/A,bo/st/yes/yes/m/829/il/A,0.9
bo/st/no/yes/d/856/il/A,bo/so/no/yes/d/816/il/U,0.47
bo/st/no/yes/d/856/il/A,bw/so/yes/no/d/811/il/U,0.53
bo/st/no/yes/d/856/il/A,bw/mu/no/no/m/818/il/A,0.69
bo/st/no/yes/d/856/il/A,bw/st/yes/no/m/827/il/A,0.38
bo/st/no/yes/d/856/il/A,bw/mu/no/yes/m/820/il/A,0.69
bo/st/no/yes/d/856/il/A,bw/mu/yes/no/d/843/il/A,0.69
bo/st/no/yes/d/856/il/A,bw/mu/no/yes/d/844/il/A,0.69
bo/st/no/yes/d/856/il/A,bo/mu/yes/yes/m/821/il/A,0.71
bo/st/no/yes/d/856/il/A,bw/mu/yes/no/m/819/il/A,0.69
bo/st/no/yes/d/856/il/A,bw/st/no/no/m/826/il/A,0.38
bo/st/no/yes/d/856/il/A,bw/so/no/no/d/810/il/U,0.52
bo/st/no/yes/d/856/il/A,bw/st/no/yes/m/828/il/A,0.59
bo/st/no/yes/d/856/il/A,bw/mu/yes/yes/m/817/il/A,0.69
bw/mu/yes/no/m/771/il/U,bo/st/yes/yes/d/853/il/A,0.68
bw/mu/yes/no/m/771/il/U,bo/st/no/no/d/854/il/A,0.66
bw/mu/yes/no/m/771/il/U,bo/so/no/no/d/862/il/A,0.39
bw/mu/yes/no/m/771/il/U,bo/st/yes/no/m/831/il/A,0.67
bw/mu/yes/no/m/771/il/U,bw/so/no/yes/m/836/il/A,0.49
bw/mu/yes/no/m/771/il/U,bw/so/yes/yes/d/809/il/U,0.48
bw/mu/yes/no/m/771/il/U,bo/mu/no/yes/d/800/il/U,0.88
bw/mu/yes/no/m/771/il/U,bo/st/yes/no/d/807/il/U,0.67
bw/mu/yes/no/m/771/il/U,bo/so/no/no/m/838/il/A,0.39
bw/mu/yes/no/m/771/il/U,bo/so/no/yes/d/864/il/A,0.4
bw/mu/yes/no/m/771/il/U,bo/so/yes/no/d/863/il/A,0.51
bw/mu/yes/no/m/771/il/U,bo/st/yes/no/d/855/il/A,0.67
bw/mu/yes/no/m/771/il/U,bw/st/no/yes/d/852/il/A,0.64
bw/mu/yes/no/m/771/il/U,bo/st/no/no/d/806/il/U,0.66
bw/mu/yes/no/m/771/il/U,bo/so/yes/no/m/839/il/A,0.51
bw/mu/yes/no/m/771/il/U,bw/st/yes/yes/d/801/il/U,0.61
bw/mu/yes/no/m/771/il/U,bo/so/yes/yes/m/837/il/A,0.55
bw/mu/yes/no/m/771/il/U,bo/st/no/yes/d/808/il/U,0.69
bw/mu/yes/no/m/771/il/U,bo/st/no/no/m/830/il/A,0.66
bw/mu/yes/no/m/771/il/U,bo/st/yes/yes/m/781/il/U,0.68
bw/mu/yes/no/m/771/il/U,bo/mu/yes/no/m/775/il/U,0.91
bw/mu/yes/no/m/771/il/U,bw/mu/no/yes/m/772/il/U,0.93
bw/mu/yes/no/m/771/il/U,bw/so/no/no/m/786/il/U,0.46
bw/mu/yes/no/m/771/il/U,bw/so/no/yes/m/788/il/U,0.49
bw/mu/yes/no/m/771/il/U,bo/so/yes/yes/m/789/il/U,0.55
bw/mu/yes/no/m/771/il/U,bw/so/yes/no/m/787/il/U,0.46
bw/mu/yes/no/m/771/il/U,bo/mu/yes/yes/m/773/il/U,0.88
bw/mu/yes/no/m/771/il/U,bo/mu/no/no/m/774/il/U,0.89
bw/mu/yes/no/m/771/il/U,bw/st/no/yes/m/780/il/U,0.64
bw/mu/yes/no/m/771/il/U,bw/mu/yes/yes/m/769/il/U,0.93
bw/mu/yes/no/m/771/il/U,bw/mu/yes/yes/d/793/il/U,0.93
bw/mu/yes/no/m/771/il/U,bw/mu/no/no/d/794/il/U,0.98
bw/mu/yes/no/m/771/il/U,bw/mu/yes/no/d/795/il/U,1.0
bw/mu/yes/no/m/771/il/U,bo/so/no/yes/m/792/il/U,0.4
bw/mu/yes/no/m/771/il/U,bw/so/no/yes/d/812/il/U,0.49
bw/mu/yes/no/m/771/il/U,bo/so/yes/no/d/815/il/U,0.51
bw/mu/yes/no/m/771/il/U,bo/mu/yes/no/m/823/il/A,0.91
bw/mu/yes/no/m/771/il/U,bo/mu/no/yes/m/824/il/A,0.88
bw/mu/yes/no/m/771/il/U,bo/mu/no/yes/d/848/il/A,0.88
bw/mu/yes/no/m/771/il/U,bw/mu/yes/yes/d/841/il/A,0.93
bw/mu/yes/no/m/771/il/U,bo/mu/no/no/d/846/il/A,0.89
bw/mu/yes/no/m/771/il/U,bw/st/yes/yes/m/825/il/A,0.61
bw/mu/yes/no/m/771/il/U,bo/mu/no/no/m/822/il/A,0.89
bw/mu/yes/no/m/771/il/U,bo/so/no/no/d/814/il/U,0.39
bw/mu/yes/no/m/771/il/U,bo/so/yes/yes/d/813/il/U,0.55
bw/mu/yes/no/m/771/il/U,bo/mu/yes/no/d/847/il/A,0.91
bw/mu/yes/no/m/771/il/U,bo/so/no/yes/m/840/il/A,0.4
bw/mu/yes/no/m/771/il/U,bw/st/yes/yes/d/849/il/A,0.61
bw/mu/yes/no/m/771/il/U,bw/so/yes/no/m/835/il/A,0.46
bw/mu/yes/no/m/771/il/U,bo/st/no/yes/m/832/il/A,0.69
bw/mu/yes/no/m/771/il/U,bw/st/no/yes/d/804/il/U,0.64
bw/mu/yes/no/m/771/il/U,bw/st/yes/no/d/803/il/U,0.42
bw/mu/yes/no/m/771/il/U,bw/so/yes/yes/d/857/il/A,0.48
bw/mu/yes/no/m/771/il/U,bw/st/no/no/d/850/il/A,0.42
bw/mu/yes/no/m/771/il/U,bw/so/yes/no/d/859/il/A,0.46
bw/mu/yes/no/m/771/il/U,bo/so/yes/yes/d/861/il/A,0.55
bw/mu/yes/no/m/771/il/U,bw/st/no/no/d/802/il/U,0.42
bw/mu/yes/no/m/771/il/U,bo/st/yes/yes/d/805/il/U,0.68
bw/mu/yes/no/m/771/il/U,bw/so/yes/yes/m/833/il/A,0.48
bw/mu/yes/no/m/771/il/U,bw/so/no/no/m/834/il/A,0.46
bw/mu/yes/no/m/771/il/U,bw/so/no/yes/d/860/il/A,0.49
bw/mu/yes/no/m/771/il/U,bw/so/no/no/d/858/il/A,0.46
bw/mu/yes/no/m/771/il/U,bw/st/yes/no/d/851/il/A,0.42
bw/mu/yes/no/m/771/il/U,bo/st/no/yes/d/856/il/A,0.69
bw/mu/yes/no/m/771/il/U,bw/mu/yes/no/m/771/il/U,1.0
bw/mu/yes/no/m/771/il/U,bw/so/yes/yes/m/785/il/U,0.48
bw/mu/yes/no/m/771/il/U,bo/st/no/no/m/782/il/U,0.66
bw/mu/yes/no/m/771/il/U,bo/mu/no/yes/m/776/il/U,0.88
bw/mu/yes/no/m/771/il/U,bw/st/no/no/m/778/il/U,0.42
bw/mu/yes/no/m/771/il/U,bw/st/yes/no/m/779/il/U,0.42
bw/mu/yes/no/m/771/il/U,bw/st/yes/yes/m/777/il/U,0.61
bw/mu/yes/no/m/771/il/U,bo/st/yes/no/m/783/il/U,0.67
bw/mu/yes/no/m/771/il/U,bo/st/no/yes/m/784/il/U,0.69
bw/mu/yes/no/m/771/il/U,bw/mu/no/no/m/770/il/U,0.98
bw/mu/yes/no/m/771/il/U,bo/mu/yes/no/d/799/il/U,0.91
bw/mu/yes/no/m/771/il/U,bo/mu/yes/yes/d/797/il/U,0.88
bw/mu/yes/no/m/771/il/U,bo/so/no/no/m/790/il/U,0.39
bw/mu/yes/no/m/771/il/U,bo/so/yes/no/m/791/il/U,0.51
bw/mu/yes/no/m/771/il/U,bw/mu/no/yes/d/796/il/U,0.93
bw/mu/yes/no/m/771/il/U,bo/mu/no/no/d/798/il/U,0.89
bw/mu/yes/no/m/771/il/U,bo/mu/yes/yes/d/845/il/A,0.88
bw/mu/yes/no/m/771/il/U,bw/mu/no/no/d/842/il/A,0.98
bw/mu/yes/no/m/771/il/U,bo/st/yes/yes/m/829/il/A,0.68
bw/mu/yes/no/m/771/il/U,bo/so/no/yes/d/816/il/U,0.4
bw/mu/yes/no/m/771/il/U,bw/so/yes/no/d/811/il/U,0.46
bw/mu/yes/no/m/771/il/U,bw/mu/no/no/m/818/il/A,0.98
bw/mu/yes/no/m/771/il/U,bw/st/yes/no/m/827/il/A,0.42
bw/mu/yes/no/m/771/il/U,bw/mu/no/yes/m/820/il/A,0.93
bw/mu/yes/no/m/771/il/U,bw/mu/yes/no/d/843/il/A,1.0
bw/mu/yes/no/m/771/il/U,bw/mu/no/yes/d/844/il/A,0.93
bw/mu/yes/no/m/771/il/U,bo/mu/yes/yes/m/821/il/A,0.88
bw/mu/yes/no/m/771/il/U,bw/mu/yes/no/m/819/il/A,1.0
bw/mu/yes/no/m/771/il/U,bw/st/no/no/m/826/il/A,0.42
bw/mu/yes/no/m/771/il/U,bw/so/no/no/d/810/il/U,0.46
bw/mu/yes/no/m/771/il/U,bw/st/no/yes/m/828/il/A,0.64
bw/mu/yes/no/m/771/il/U,bw/mu/yes/yes/m/817/il/A,0.93
bw/so/yes/yes/m/785/il/U,bo/st/yes/yes/d/853/il/A,0.55
bw/so/yes/yes/m/785/il/U,bo/st/no/no/d/854/il/A,0.55
bw/so/yes/yes/m/785/il/U,bo/so/no/no/d/862/il/A,0.38
bw/so/yes/yes/m/785/il/U,bo/st/yes/no/m/831/il/A,0.54
bw/so/yes/yes/m/785/il/U,bw/so/no/yes/m/836/il/A,0.86
bw/so/yes/yes/m/785/il/U,bw/so/yes/yes/d/809/il/U,1.0
bw/so/yes/yes/m/785/il/U,bo/mu/no/yes/d/800/il/U,0.49
bw/so/yes/yes/m/785/il/U,bo/st/yes/no/d/807/il/U,0.54
bw/so/yes/yes/m/785/il/U,bo/so/no/no/m/838/il/A,0.38
bw/so/yes/yes/m/785/il/U,bo/so/no/yes/d/864/il/A,0.4
bw/so/yes/yes/m/785/il/U,bo/so/yes/no/d/863/il/A,0.54
bw/so/yes/yes/m/785/il/U,bo/st/yes/no/d/855/il/A,0.54
bw/so/yes/yes/m/785/il/U,bw/st/no/yes/d/852/il/A,0.47
bw/so/yes/yes/m/785/il/U,bo/st/no/no/d/806/il/U,0.55
bw/so/yes/yes/m/785/il/U,bo/so/yes/no/m/839/il/A,0.54
bw/so/yes/yes/m/785/il/U,bw/st/yes/yes/d/801/il/U,0.45
bw/so/yes/yes/m/785/il/U,bo/so/yes/yes/m/837/il/A,0.6
bw/so/yes/yes/m/785/il/U,bo/st/no/yes/d/808/il/U,0.56
bw/so/yes/yes/m/785/il/U,bo/st/no/no/m/830/il/A,0.55
bw/so/yes/yes/m/785/il/U,bo/st/yes/yes/m/781/il/U,0.55
bw/so/yes/yes/m/785/il/U,bo/mu/yes/no/m/775/il/U,0.49
bw/so/yes/yes/m/785/il/U,bw/mu/no/yes/m/772/il/U,0.49
bw/so/yes/yes/m/785/il/U,bw/so/no/no/m/786/il/U,0.69
bw/so/yes/yes/m/785/il/U,bw/so/no/yes/m/788/il/U,0.86
bw/so/yes/yes/m/785/il/U,bo/so/yes/yes/m/789/il/U,0.6
bw/so/yes/yes/m/785/il/U,bw/so/yes/no/m/787/il/U,0.74
bw/so/yes/yes/m/785/il/U,bo/mu/yes/yes/m/773/il/U,0.49
bw/so/yes/yes/m/785/il/U,bo/mu/no/no/m/774/il/U,0.48
bw/so/yes/yes/m/785/il/U,bw/st/no/yes/m/780/il/U,0.47
bw/so/yes/yes/m/785/il/U,bw/mu/yes/yes/m/769/il/U,0.49
bw/so/yes/yes/m/785/il/U,bw/mu/yes/yes/d/793/il/U,0.49
bw/so/yes/yes/m/785/il/U,bw/mu/no/no/d/794/il/U,0.48
bw/so/yes/yes/m/785/il/U,bw/mu/yes/no/d/795/il/U,0.48
bw/so/yes/yes/m/785/il/U,bo/so/no/yes/m/792/il/U,0.4
bw/so/yes/yes/m/785/il/U,bw/so/no/yes/d/812/il/U,0.86
bw/so/yes/yes/m/785/il/U,bo/so/yes/no/d/815/il/U,0.54
bw/so/yes/yes/m/785/il/U,bo/mu/yes/no/m/823/il/A,0.49
bw/so/yes/yes/m/785/il/U,bo/mu/no/yes/m/824/il/A,0.49
bw/so/yes/yes/m/785/il/U,bo/mu/no/yes/d/848/il/A,0.49
bw/so/yes/yes/m/785/il/U,bw/mu/yes/yes/d/841/il/A,0.49
bw/so/yes/yes/m/785/il/U,bo/mu/no/no/d/846/il/A,0.48
bw/so/yes/yes/m/785/il/U,bw/st/yes/yes/m/825/il/A,0.45
bw/so/yes/yes/m/785/il/U,bo/mu/no/no/m/822/il/A,0.48
bw/so/yes/yes/m/785/il/U,bo/so/no/no/d/814/il/U,0.38
bw/so/yes/yes/m/785/il/U,bo/so/yes/yes/d/813/il/U,0.6
bw/so/yes/yes/m/785/il/U,bo/mu/yes/no/d/847/il/A,0.49
bw/so/yes/yes/m/785/il/U,bo/so/no/yes/m/840/il/A,0.4
bw/so/yes/yes/m/785/il/U,bw/st/yes/yes/d/849/il/A,0.45
bw/so/yes/yes/m/785/il/U,bw/so/yes/no/m/835/il/A,0.74
bw/so/yes/yes/m/785/il/U,bo/st/no/yes/m/832/il/A,0.56
bw/so/yes/yes/m/785/il/U,bw/st/no/yes/d/804/il/U,0.47
bw/so/yes/yes/m/785/il/U,bw/st/yes/no/d/803/il/U,0.32
bw/so/yes/yes/m/785/il/U,bw/so/yes/yes/d/857/il/A,1.0
bw/so/yes/yes/m/785/il/U,bw/st/no/no/d/850/il/A,0.32
bw/so/yes/yes/m/785/il/U,bw/so/yes/no/d/859/il/A,0.74
bw/so/yes/yes/m/785/il/U,bo/so/yes/yes/d/861/il/A,0.6
bw/so/yes/yes/m/785/il/U,bw/st/no/no/d/802/il/U,0.32
bw/so/yes/yes/m/785/il/U,bo/st/yes/yes/d/805/il/U,0.55
bw/so/yes/yes/m/785/il/U,bw/so/yes/yes/m/833/il/A,1.0
bw/so/yes/yes/m/785/il/U,bw/so/no/no/m/834/il/A,0.69
bw/so/yes/yes/m/785/il/U,bw/so/no/yes/d/860/il/A,0.86
bw/so/yes/yes/m/785/il/U,bw/so/no/no/d/858/il/A,0.69
bw/so/yes/yes/m/785/il/U,bw/st/yes/no/d/851/il/A,0.32
bw/so/yes/yes/m/785/il/U,bo/st/no/yes/d/856/il/A,0.56
bw/so/yes/yes/m/785/il/U,bw/mu/yes/no/m/771/il/U,0.48
bw/so/yes/yes/m/785/il/U,bw/so/yes/yes/m/785/il/U,1.0
bw/so/yes/yes/m/785/il/U,bo/st/no/no/m/782/il/U,0.55
bw/so/yes/yes/m/785/il/U,bo/mu/no/yes/m/776/il/U,0.49
bw/so/yes/yes/m/785/il/U,bw/st/no/no/m/778/il/U,0.32
bw/so/yes/yes/m/785/il/U,bw/st/yes/no/m/779/il/U,0.32
bw/so/yes/yes/m/785/il/U,bw/st/yes/yes/m/777/il/U,0.45
bw/so/yes/yes/m/785/il/U,bo/st/yes/no/m/783/il/U,0.54
bw/so/yes/yes/m/785/il/U,bo/st/no/yes/m/784/il/U,0.56
bw/so/yes/yes/m/785/il/U,bw/mu/no/no/m/770/il/U,0.48
bw/so/yes/yes/m/785/il/U,bo/mu/yes/no/d/799/il/U,0.49
bw/so/yes/yes/m/785/il/U,bo/mu/yes/yes/d/797/il/U,0.49
bw/so/yes/yes/m/785/il/U,bo/so/no/no/m/790/il/U,0.38
bw/so/yes/yes/m/785/il/U,bo/so/yes/no/m/791/il/U,0.54
bw/so/yes/yes/m/785/il/U,bw/mu/no/yes/d/796/il/U,0.49
bw/so/yes/yes/m/785/il/U,bo/mu/no/no/d/798/il/U,0.48
bw/so/yes/yes/m/785/il/U,bo/mu/yes/yes/d/845/il/A,0.49
bw/so/yes/yes/m/785/il/U,bw/mu/no/no/d/842/il/A,0.48
bw/so/yes/yes/m/785/il/U,bo/st/yes/yes/m/829/il/A,0.55
bw/so/yes/yes/m/785/il/U,bo/so/no/yes/d/816/il/U,0.4
bw/so/yes/yes/m/785/il/U,bw/so/yes/no/d/811/il/U,0.74
bw/so/yes/yes/m/785/il/U,bw/mu/no/no/m/818/il/A,0.48
bw/so/yes/yes/m/785/il/U,bw/st/yes/no/m/827/il/A,0.32
bw/so/yes/yes/m/785/il/U,bw/mu/no/yes/m/820/il/A,0.49
bw/so/yes/yes/m/785/il/U,bw/mu/yes/no/d/843/il/A,0.48
bw/so/yes/yes/m/785/il/U,bw/mu/no/yes/d/844/il/A,0.49
bw/so/yes/yes/m/785/il/U,bo/mu/yes/yes/m/821/il/A,0.49
bw/so/yes/yes/m/785/il/U,bw/mu/yes/no/m/819/il/A,0.48
bw/so/yes/yes/m/785/il/U,bw/st/no/no/m/826/il/A,0.32
bw/so/yes/yes/m/785/il/U,bw/so/no/no/d/810/il/U,0.69
bw/so/yes/yes/m/785/il/U,bw/st/no/yes/m/828/il/A,0.47
bw/so/yes/yes/m/785/il/U,bw/mu/yes/yes/m/817/il/A,0.49
bo/st/no/no/m/782/il/U,bo/st/yes/yes/d/853/il/A,0.89
bo/st/no/no/m/782/il/U,bo/st/no/no/d/854/il/A,1.0
bo/st/no/no/m/782/il/U,bo/so/no/no/d/862/il/A,0.46
bo/st/no/no/m/782/il/U,bo/st/yes/no/m/831/il/A,0.9
bo/st/no/no/m/782/il/U,bw/so/no/yes/m/836/il/A,0.56
bo/st/no/no/m/782/il/U,bw/so/yes/yes/d/809/il/U,0.55
bo/st/no/no/m/782/il/U,bo/mu/no/yes/d/800/il/U,0.69
bo/st/no/no/m/782/il/U,bo/st/yes/no/d/807/il/U,0.9
bo/st/no/no/m/782/il/U,bo/so/no/no/m/838/il/A,0.46
bo/st/no/no/m/782/il/U,bo/so/no/yes/d/864/il/A,0.45
bo/st/no/no/m/782/il/U,bo/so/yes/no/d/863/il/A,0.6
bo/st/no/no/m/782/il/U,bo/st/yes/no/d/855/il/A,0.9
bo/st/no/no/m/782/il/U,bw/st/no/yes/d/852/il/A,0.59
bo/st/no/no/m/782/il/U,bo/st/no/no/d/806/il/U,1.0
bo/st/no/no/m/782/il/U,bo/so/yes/no/m/839/il/A,0.6
bo/st/no/no/m/782/il/U,bw/st/yes/yes/d/801/il/U,0.57
bo/st/no/no/m/782/il/U,bo/so/yes/yes/m/837/il/A,0.65
bo/st/no/no/m/782/il/U,bo/st/no/yes/d/808/il/U,0.94
bo/st/no/no/m/782/il/U,bo/st/no/no/m/830/il/A,1.0
bo/st/no/no/m/782/il/U,bo/st/yes/yes/m/781/il/U,0.89
bo/st/no/no/m/782/il/U,bo/mu/yes/no/m/775/il/U,0.68
bo/st/no/no/m/782/il/U,bw/mu/no/yes/m/772/il/U,0.67
bo/st/no/no/m/782/il/U,bw/so/no/no/m/786/il/U,0.52
bo/st/no/no/m/782/il/U,bw/so/no/yes/m/788/il/U,0.56
bo/st/no/no/m/782/il/U,bo/so/yes/yes/m/789/il/U,0.65
bo/st/no/no/m/782/il/U,bw/so/yes/no/m/787/il/U,0.52
bo/st/no/no/m/782/il/U,bo/mu/yes/yes/m/773/il/U,0.69
bo/st/no/no/m/782/il/U,bo/mu/no/no/m/774/il/U,0.68
bo/st/no/no/m/782/il/U,bw/st/no/yes/m/780/il/U,0.59
bo/st/no/no/m/782/il/U,bw/mu/yes/yes/m/769/il/U,0.67
bo/st/no/no/m/782/il/U,bw/mu/yes/yes/d/793/il/U,0.67
bo/st/no/no/m/782/il/U,bw/mu/no/no/d/794/il/U,0.66
bo/st/no/no/m/782/il/U,bw/mu/yes/no/d/795/il/U,0.66
bo/st/no/no/m/782/il/U,bo/so/no/yes/m/792/il/U,0.45
bo/st/no/no/m/782/il/U,bw/so/no/yes/d/812/il/U,0.56
bo/st/no/no/m/782/il/U,bo/so/yes/no/d/815/il/U,0.6
bo/st/no/no/m/782/il/U,bo/mu/yes/no/m/823/il/A,0.68
bo/st/no/no/m/782/il/U,bo/mu/no/yes/m/824/il/A,0.69
bo/st/no/no/m/782/il/U,bo/mu/no/yes/d/848/il/A,0.69
bo/st/no/no/m/782/il/U,bw/mu/yes/yes/d/841/il/A,0.67
bo/st/no/no/m/782/il/U,bo/mu/no/no/d/846/il/A,0.68
bo/st/no/no/m/782/il/U,bw/st/yes/yes/m/825/il/A,0.57
bo/st/no/no/m/782/il/U,bo/mu/no/no/m/822/il/A,0.68
bo/st/no/no/m/782/il/U,bo/so/no/no/d/814/il/U,0.46
bo/st/no/no/m/782/il/U,bo/so/yes/yes/d/813/il/U,0.65
bo/st/no/no/m/782/il/U,bo/mu/yes/no/d/847/il/A,0.68
bo/st/no/no/m/782/il/U,bo/so/no/yes/m/840/il/A,0.45
bo/st/no/no/m/782/il/U,bw/st/yes/yes/d/849/il/A,0.57
bo/st/no/no/m/782/il/U,bw/so/yes/no/m/835/il/A,0.52
bo/st/no/no/m/782/il/U,bo/st/no/yes/m/832/il/A,0.94
bo/st/no/no/m/782/il/U,bw/st/no/yes/d/804/il/U,0.59
bo/st/no/no/m/782/il/U,bw/st/yes/no/d/803/il/U,0.38
bo/st/no/no/m/782/il/U,bw/so/yes/yes/d/857/il/A,0.55
bo/st/no/no/m/782/il/U,bw/st/no/no/d/850/il/A,0.39
bo/st/no/no/m/782/il/U,bw/so/yes/no/d/859/il/A,0.52
bo/st/no/no/m/782/il/U,bo/so/yes/yes/d/861/il/A,0.65
bo/st/no/no/m/782/il/U,bw/st/no/no/d/802/il/U,0.39
bo/st/no/no/m/782/il/U,bo/st/yes/yes/d/805/il/U,0.89
bo/st/no/no/m/782/il/U,bw/so/yes/yes/m/833/il/A,0.55
bo/st/no/no/m/782/il/U,bw/so/no/no/m/834/il/A,0.52
bo/st/no/no/m/782/il/U,bw/so/no/yes/d/860/il/A,0.56
bo/st/no/no/m/782/il/U,bw/so/no/no/d/858/il/A,0.52
bo/st/no/no/m/782/il/U,bw/st/yes/no/d/851/il/A,0.38
bo/st/no/no/m/782/il/U,bo/st/no/yes/d/856/il/A,0.94
bo/st/no/no/m/782/il/U,bw/mu/yes/no/m/771/il/U,0.66
bo/st/no/no/m/782/il/U,bw/so/yes/yes/m/785/il/U,0.55
bo/st/no/no/m/782/il/U,bo/st/no/no/m/782/il/U,1.0
bo/st/no/no/m/782/il/U,bo/mu/no/yes/m/776/il/U,0.69
bo/st/no/no/m/782/il/U,bw/st/no/no/m/778/il/U,0.39
bo/st/no/no/m/782/il/U,bw/st/yes/no/m/779/il/U,0.38
bo/st/no/no/m/782/il/U,bw/st/yes/yes/m/777/il/U,0.57
bo/st/no/no/m/782/il/U,bo/st/yes/no/m/783/il/U,0.9
bo/st/no/no/m/782/il/U,bo/st/no/yes/m/784/il/U,0.94
bo/st/no/no/m/782/il/U,bw/mu/no/no/m/770/il/U,0.66
bo/st/no/no/m/782/il/U,bo/mu/yes/no/d/799/il/U,0.68
bo/st/no/no/m/782/il/U,bo/mu/yes/yes/d/797/il/U,0.69
bo/st/no/no/m/782/il/U,bo/so/no/no/m/790/il/U,0.46
bo/st/no/no/m/782/il/U,bo/so/yes/no/m/791/il/U,0.6
bo/st/no/no/m/782/il/U,bw/mu/no/yes/d/796/il/U,0.67
bo/st/no/no/m/782/il/U,bo/mu/no/no/d/798/il/U,0.68
bo/st/no/no/m/782/il/U,bo/mu/yes/yes/d/845/il/A,0.69
bo/st/no/no/m/782/il/U,bw/mu/no/no/d/842/il/A,0.66
bo/st/no/no/m/782/il/U,bo/st/yes/yes/m/829/il/A,0.89
bo/st/no/no/m/782/il/U,bo/so/no/yes/d/816/il/U,0.45
bo/st/no/no/m/782/il/U,bw/so/yes/no/d/811/il/U,0.52
bo/st/no/no/m/782/il/U,bw/mu/no/no/m/818/il/A,0.66
bo/st/no/no/m/782/il/U,bw/st/yes/no/m/827/il/A,0.38
bo/st/no/no/m/782/il/U,bw/mu/no/yes/m/820/il/A,0.67
bo/st/no/no/m/782/il/U,bw/mu/yes/no/d/843/il/A,0.66
bo/st/no/no/m/782/il/U,bw/mu/no/yes/d/844/il/A,0.67
bo/st/no/no/m/782/il/U,bo/mu/yes/yes/m/821/il/A,0.69
bo/st/no/no/m/782/il/U,bw/mu/yes/no/m/819/il/A,0.66
bo/st/no/no/m/782/il/U,bw/st/no/no/m/826/il/A,0.39
bo/st/no/no/m/782/il/U,bw/so/no/no/d/810/il/U,0.52
bo/st/no/no/m/782/il/U,bw/st/no/yes/m/828/il/A,0.59
bo/st/no/no/m/782/il/U,bw/mu/yes/yes/m/817/il/A,0.67
bo/mu/no/yes/m/776/il/U,bo/st/yes/yes/d/853/il/A,0.71
bo/mu/no/yes/m/776/il/U,bo/st/no/no/d/854/il/A,0.69
bo/mu/no/yes/m/776/il/U,bo/so/no/no/d/862/il/A,0.41
bo/mu/no/yes/m/776/il/U,bo/st/yes/no/m/831/il/A,0.69
bo/mu/no/yes/m/776/il/U,bw/so/no/yes/m/836/il/A,0.5
bo/mu/no/yes/m/776/il/U,bw/so/yes/yes/d/809/il/U,0.49
bo/mu/no/yes/m/776/il/U,bo/mu/no/yes/d/800/il/U,1.0
bo/mu/no/yes/m/776/il/U,bo/st/yes/no/d/807/il/U,0.69
bo/mu/no/yes/m/776/il/U,bo/so/no/no/m/838/il/A,0.41
bo/mu/no/yes/m/776/il/U,bo/so/no/yes/d/864/il/A,0.43
bo/mu/no/yes/m/776/il/U,bo/so/yes/no/d/863/il/A,0.54
bo/mu/no/yes/m/776/il/U,bo/st/yes/no/d/855/il/A,0.69
bo/mu/no/yes/m/776/il/U,bw/st/no/yes/d/852/il/A,0.62
bo/mu/no/yes/m/776/il/U,bo/st/no/no/d/806/il/U,0.69
bo/mu/no/yes/m/776/il/U,bo/so/yes/no/m/839/il/A,0.54
bo/mu/no/yes/m/776/il/U,bw/st/yes/yes/d/801/il/U,0.59
bo/mu/no/yes/m/776/il/U,bo/so/yes/yes/m/837/il/A,0.59
bo/mu/no/yes/m/776/il/U,bo/st/no/yes/d/808/il/U,0.72
bo/mu/no/yes/m/776/il/U,bo/st/no/no/m/830/il/A,0.69
bo/mu/no/yes/m/776/il/U,bo/st/yes/yes/m/781/il/U,0.71
bo/mu/no/yes/m/776/il/U,bo/mu/yes/no/m/775/il/U,0.94
bo/mu/no/yes/m/776/il/U,bw/mu/no/yes/m/772/il/U,0.89
bo/mu/no/yes/m/776/il/U,bw/so/no/no/m/786/il/U,0.46
bo/mu/no/yes/m/776/il/U,bw/so/no/yes/m/788/il/U,0.5
bo/mu/no/yes/m/776/il/U,bo/so/yes/yes/m/789/il/U,0.59
bo/mu/no/yes/m/776/il/U,bw/so/yes/no/m/787/il/U,0.47
bo/mu/no/yes/m/776/il/U,bo/mu/yes/yes/m/773/il/U,0.96
bo/mu/no/yes/m/776/il/U,bo/mu/no/no/m/774/il/U,0.95
bo/mu/no/yes/m/776/il/U,bw/st/no/yes/m/780/il/U,0.62
bo/mu/no/yes/m/776/il/U,bw/mu/yes/yes/m/769/il/U,0.9
bo/mu/no/yes/m/776/il/U,bw/mu/yes/yes/d/793/il/U,0.9
bo/mu/no/yes/m/776/il/U,bw/mu/no/no/d/794/il/U,0.88
bo/mu/no/yes/m/776/il/U,bw/mu/yes/no/d/795/il/U,0.88
bo/mu/no/yes/m/776/il/U,bo/so/no/yes/m/792/il/U,0.43
bo/mu/no/yes/m/776/il/U,bw/so/no/yes/d/812/il/U,0.5
bo/mu/no/yes/m/776/il/U,bo/so/yes/no/d/815/il/U,0.54
bo/mu/no/yes/m/776/il/U,bo/mu/yes/no/m/823/il/A,0.94
bo/mu/no/yes/m/776/il/U,bo/mu/no/yes/m/824/il/A,1.0
bo/mu/no/yes/m/776/il/U,bo/mu/no/yes/d/848/il/A,1.0
bo/mu/no/yes/m/776/il/U,bw/mu/yes/yes/d/841/il/A,0.9
bo/mu/no/yes/m/776/il/U,bo/mu/no/no/d/846/il/A,0.95
bo/mu/no/yes/m/776/il/U,bw/st/yes/yes/m/825/il/A,0.59
bo/mu/no/yes/m/776/il/U,bo/mu/no/no/m/822/il/A,0.95
bo/mu/no/yes/m/776/il/U,bo/so/no/no/d/814/il/U,0.41
bo/mu/no/yes/m/776/il/U,bo/so/yes/yes/d/813/il/U,0.59
bo/mu/no/yes/m/776/il/U,bo/mu/yes/no/d/847/il/A,0.94
bo/mu/no/yes/m/776/il/U,bo/so/no/yes/m/840/il/A,0.43
bo/mu/no/yes/m/776/il/U,bw/st/yes/yes/d/849/il/A,0.59
bo/mu/no/yes/m/776/il/U,bw/so/yes/no/m/835/il/A,0.47
bo/mu/no/yes/m/776/il/U,bo/st/no/yes/m/832/il/A,0.72
bo/mu/no/yes/m/776/il/U,bw/st/no/yes/d/804/il/U,0.62
bo/mu/no/yes/m/776/il/U,bw/st/yes/no/d/803/il/U,0.39
bo/mu/no/yes/m/776/il/U,bw/so/yes/yes/d/857/il/A,0.49
bo/mu/no/yes/m/776/il/U,bw/st/no/no/d/850/il/A,0.4
bo/mu/no/yes/m/776/il/U,bw/so/yes/no/d/859/il/A,0.47
bo/mu/no/yes/m/776/il/U,bo/so/yes/yes/d/861/il/A,0.59
bo/mu/no/yes/m/776/il/U,bw/st/no/no/d/802/il/U,0.4
bo/mu/no/yes/m/776/il/U,bo/st/yes/yes/d/805/il/U,0.71
bo/mu/no/yes/m/776/il/U,bw/so/yes/yes/m/833/il/A,0.49
bo/mu/no/yes/m/776/il/U,bw/so/no/no/m/834/il/A,0.46
bo/mu/no/yes/m/776/il/U,bw/so/no/yes/d/860/il/A,0.5
bo/mu/no/yes/m/776/il/U,bw/so/no/no/d/858/il/A,0.46
bo/mu/no/yes/m/776/il/U,bw/st/yes/no/d/851/il/A,0.39
bo/mu/no/yes/m/776/il/U,bo/st/no/yes/d/856/il/A,0.72
bo/mu/no/yes/m/776/il/U,bw/mu/yes/no/m/771/il/U,0.88
bo/mu/no/yes/m/776/il/U,bw/so/yes/yes/m/785/il/U,0.49
bo/mu/no/yes/m/776/il/U,bo/st/no/no/m/782/il/U,0.69
bo/mu/no/yes/m/776/il/U,bo/mu/no/yes/m/776/il/U,1.0
bo/mu/no/yes/m/776/il/U,bw/st/no/no/m/778/il/U,0.4
bo/mu/no/yes/m/776/il/U,bw/st/yes/no/m/779/il/U,0.39
bo/mu/no/yes/m/776/il/U,bw/st/yes/yes/m/777/il/U,0.59
bo/mu/no/yes/m/776/il/U,bo/st/yes/no/m/783/il/U,0.69
bo/mu/no/yes/m/776/il/U,bo/st/no/yes/m/784/il/U,0.72
bo/mu/no/yes/m/776/il/U,bw/mu/no/no/m/770/il/U,0.88
bo/mu/no/yes/m/776/il/U,bo/mu/yes/no/d/799/il/U,0.94
bo/mu/no/yes/m/776/il/U,bo/mu/yes/yes/d/797/il/U,0.96
bo/mu/no/yes/m/776/il/U,bo/so/no/no/m/790/il/U,0.41
bo/mu/no/yes/m/776/il/U,bo/so/yes/no/m/791/il/U,0.54
bo/mu/no/yes/m/776/il/U,bw/mu/no/yes/d/796/il/U,0.89
bo/mu/no/yes/m/776/il/U,bo/mu/no/no/d/798/il/U,0.95
bo/mu/no/yes/m/776/il/U,bo/mu/yes/yes/d/845/il/A,0.96
bo/mu/no/yes/m/776/il/U,bw/mu/no/no/d/842/il/A,0.88
bo/mu/no/yes/m/776/il/U,bo/st/yes/yes/m/829/il/A,0.71
bo/mu/no/yes/m/776/il/U,bo/so/no/yes/d/816/il/U,0.43
bo/mu/no/yes/m/776/il/U,bw/so/yes/no/d/811/il/U,0.47
bo/mu/no/yes/m/776/il/U,bw/mu/no/no/m/818/il/A,0.88
bo/mu/no/yes/m/776/il/U,bw/st/yes/no/m/827/il/A,0.39
bo/mu/no/yes/m/776/il/U,bw/mu/no/yes/m/820/il/A,0.89
bo/mu/no/yes/m/776/il/U,bw/mu/yes/no/d/843/il/A,0.88
bo/mu/no/yes/m/776/il/U,bw/mu/no/yes/d/844/il/A,0.89
bo/mu/no/yes/m/776/il/U,bo/mu/yes/yes/m/821/il/A,0.96
bo/mu/no/yes/m/776/il/U,bw/mu/yes/no/m/819/il/A,0.88
bo/mu/no/yes/m/776/il/U,bw/st/no/no/m/826/il/A,0.4
bo/mu/no/yes/m/776/il/U,bw/so/no/no/d/810/il/U,0.46
bo/mu/no/yes/m/776/il/U,bw/st/no/yes/m/828/il/A,0.62
bo/mu/no/yes/m/776/il/U,bw/mu/yes/yes/m/817/il/A,0.9
bw/st/no/no/m/778/il/U,bo/st/yes/yes/d/853/il/A,0.4
bw/st/no/no/m/778/il/U,bo/st/no/no/d/854/il/A,0.39
bw/st/no/no/m/778/il/U,bo/so/no/no/d/862/il/A,0.22
bw/st/no/no/m/778/il/U,bo/st/yes/no/m/831/il/A,0.4
bw/st/no/no/m/778/il/U,bw/so/no/yes/m/836/il/A,0.32
bw/st/no/no/m/778/il/U,bw/so/yes/yes/d/809/il/U,0.32
bw/st/no/no/m/778/il/U,bo/mu/no/yes/d/800/il/U,0.4
bw/st/no/no/m/778/il/U,bo/st/yes/no/d/807/il/U,0.4
bw/st/no/no/m/778/il/U,bo/so/no/no/m/838/il/A,0.22
bw/st/no/no/m/778/il/U,bo/so/no/yes/d/864/il/A,0.21
bw/st/no/no/m/778/il/U,bo/so/yes/no/d/863/il/A,0.32
bw/st/no/no/m/778/il/U,bo/st/yes/no/d/855/il/A,0.4
bw/st/no/no/m/778/il/U,bw/st/no/yes/d/852/il/A,0.63
bw/st/no/no/m/778/il/U,bo/st/no/no/d/806/il/U,0.39
bw/st/no/no/m/778/il/U,bo/so/yes/no/m/839/il/A,0.32
bw/st/no/no/m/778/il/U,bw/st/yes/yes/d/801/il/U,0.6
bw/st/no/no/m/778/il/U,bo/so/yes/yes/m/837/il/A,0.32
bw/st/no/no/m/778/il/U,bo/st/no/yes/d/808/il/U,0.38
bw/st/no/no/m/778/il/U,bo/st/no/no/m/830/il/A,0.39
bw/st/no/no/m/778/il/U,bo/st/yes/yes/m/781/il/U,0.4
bw/st/no/no/m/778/il/U,bo/mu/yes/no/m/775/il/U,0.4
bw/st/no/no/m/778/il/U,bw/mu/no/yes/m/772/il/U,0.43
bw/st/no/no/m/778/il/U,bw/so/no/no/m/786/il/U,0.32
bw/st/no/no/m/778/il/U,bw/so/no/yes/m/788/il/U,0.32
bw/st/no/no/m/778/il/U,bo/so/yes/yes/m/789/il/U,0.32
bw/st/no/no/m/778/il/U,bw/so/yes/no/m/787/il/U,0.32
bw/st/no/no/m/778/il/U,bo/mu/yes/yes/m/773/il/U,0.4
bw/st/no/no/m/778/il/U,bo/mu/no/no/m/774/il/U,0.39
bw/st/no/no/m/778/il/U,bw/st/no/yes/m/780/il/U,0.63
bw/st/no/no/m/778/il/U,bw/mu/yes/yes/m/769/il/U,0.42
bw/st/no/no/m/778/il/U,bw/mu/yes/yes/d/793/il/U,0.42
bw/st/no/no/m/778/il/U,bw/mu/no/no/d/794/il/U,0.42
bw/st/no/no/m/778/il/U,bw/mu/yes/no/d/795/il/U,0.42
bw/st/no/no/m/778/il/U,bo/so/no/yes/m/792/il/U,0.21
bw/st/no/no/m/778/il/U,bw/so/no/yes/d/812/il/U,0.32
bw/st/no/no/m/778/il/U,bo/so/yes/no/d/815/il/U,0.32
bw/st/no/no/m/778/il/U,bo/mu/yes/no/m/823/il/A,0.4
bw/st/no/no/m/778/il/U,bo/mu/no/yes/m/824/il/A,0.4
bw/st/no/no/m/778/il/U,bo/mu/no/yes/d/848/il/A,0.4
bw/st/no/no/m/778/il/U,bw/mu/yes/yes/d/841/il/A,0.42
bw/st/no/no/m/778/il/U,bo/mu/no/no/d/846/il/A,0.39
bw/st/no/no/m/778/il/U,bw/st/yes/yes/m/825/il/A,0.6
bw/st/no/no/m/778/il/U,bo/mu/no/no/m/822/il/A,0.39
bw/st/no/no/m/778/il/U,bo/so/no/no/d/814/il/U,0.22
bw/st/no/no/m/778/il/U,bo/so/yes/yes/d/813/il/U,0.32
bw/st/no/no/m/778/il/U,bo/mu/yes/no/d/847/il/A,0.4
bw/st/no/no/m/778/il/U,bo/so/no/yes/m/840/il/A,0.21
bw/st/no/no/m/778/il/U,bw/st/yes/yes/d/849/il/A,0.6
bw/st/no/no/m/778/il/U,bw/so/yes/no/m/835/il/A,0.32
bw/st/no/no/m/778/il/U,bo/st/no/yes/m/832/il/A,0.38
bw/st/no/no/m/778/il/U,bw/st/no/yes/d/804/il/U,0.63
bw/st/no/no/m/778/il/U,bw/st/yes/no/d/803/il/U,0.84
bw/st/no/no/m/778/il/U,bw/so/yes/yes/d/857/il/A,0.32
bw/st/no/no/m/778/il/U,bw/st/no/no/d/850/il/A,1.0
bw/st/no/no/m/778/il/U,bw/so/yes/no/d/859/il/A,0.32
bw/st/no/no/m/778/il/U,bo/so/yes/yes/d/861/il/A,0.32
bw/st/no/no/m/778/il/U,bw/st/no/no/d/802/il/U,1.0
bw/st/no/no/m/778/il/U,bo/st/yes/yes/d/805/il/U,0.4
bw/st/no/no/m/778/il/U,bw/so/yes/yes/m/833/il/A,0.32
bw/st/no/no/m/778/il/U,bw/so/no/no/m/834/il/A,0.32
bw/st/no/no/m/778/il/U,bw/so/no/yes/d/860/il/A,0.32
bw/st/no/no/m/778/il/U,bw/so/no/no/d/858/il/A,0.32
bw/st/no/no/m/778/il/U,bw/st/yes/no/d/851/il/A,0.84
bw/st/no/no/m/778/il/U,bo/st/no/yes/d/856/il/A,0.38
bw/st/no/no/m/778/il/U,bw/mu/yes/no/m/771/il/U,0.42
bw/st/no/no/m/778/il/U,bw/so/yes/yes/m/785/il/U,0.32
bw/st/no/no/m/778/il/U,bo/st/no/no/m/782/il/U,0.39
bw/st/no/no/m/778/il/U,bo/mu/no/yes/m/776/il/U,0.4
bw/st/no/no/m/778/il/U,bw/st/no/no/m/778/il/U,1.0
bw/st/no/no/m/778/il/U,bw/st/yes/no/m/779/il/U,0.84
bw/st/no/no/m/778/il/U,bw/st/yes/yes/m/777/il/U,0.6
bw/st/no/no/m/778/il/U,bo/st/yes/no/m/783/il/U,0.4
bw/st/no/no/m/778/il/U,bo/st/no/yes/m/784/il/U,0.38
bw/st/no/no/m/778/il/U,bw/mu/no/no/m/770/il/U,0.42
bw/st/no/no/m/778/il/U,bo/mu/yes/no/d/799/il/U,0.4
bw/st/no/no/m/778/il/U,bo/mu/yes/yes/d/797/il/U,0.4
bw/st/no/no/m/778/il/U,bo/so/no/no/m/790/il/U,0.22
bw/st/no/no/m/778/il/U,bo/so/yes/no/m/791/il/U,0.32
bw/st/no/no/m/778/il/U,bw/mu/no/yes/d/796/il/U,0.43
bw/st/no/no/m/778/il/U,bo/mu/no/no/d/798/il/U,0.39
bw/st/no/no/m/778/il/U,bo/mu/yes/yes/d/845/il/A,0.4
bw/st/no/no/m/778/il/U,bw/mu/no/no/d/842/il/A,0.42
bw/st/no/no/m/778/il/U,bo/st/yes/yes/m/829/il/A,0.4
bw/st/no/no/m/778/il/U,bo/so/no/yes/d/816/il/U,0.21
bw/st/no/no/m/778/il/U,bw/so/yes/no/d/811/il/U,0.32
bw/st/no/no/m/778/il/U,bw/mu/no/no/m/818/il/A,0.42
bw/st/no/no/m/778/il/U,bw/st/yes/no/m/827/il/A,0.84
bw/st/no/no/m/778/il/U,bw/mu/no/yes/m/820/il/A,0.43
bw/st/no/no/m/778/il/U,bw/mu/yes/no/d/843/il/A,0.42
bw/st/no/no/m/778/il/U,bw/mu/no/yes/d/844/il/A,0.43
bw/st/no/no/m/778/il/U,bo/mu/yes/yes/m/821/il/A,0.4
bw/st/no/no/m/778/il/U,bw/mu/yes/no/m/819/il/A,0.42
bw/st/no/no/m/778/il/U,bw/st/no/no/m/826/il/A,1.0
bw/st/no/no/m/778/il/U,bw/so/no/no/d/810/il/U,0.32
bw/st/no/no/m/778/il/U,bw/st/no/yes/m/828/il/A,0.63
bw/st/no/no/m/778/il/U,bw/mu/yes/yes/m/817/il/A,0.42
bw/st/yes/no/m/779/il/U,bo/st/yes/yes/d/853/il/A,0.39
bw/st/yes/no/m/779/il/U,bo/st/no/no/d/854/il/A,0.38
bw/st/yes/no/m/779/il/U,bo/so/no/no/d/862/il/A,0.22
bw/st/yes/no/m/779/il/U,bo/st/yes/no/m/831/il/A,0.4
bw/st/yes/no/m/779/il/U,bw/so/no/yes/m/836/il/A,0.32
bw/st/yes/no/m/779/il/U,bw/so/yes/yes/d/809/il/U,0.32
bw/st/yes/no/m/779/il/U,bo/mu/no/yes/d/800/il/U,0.39
bw/st/yes/no/m/779/il/U,bo/st/yes/no/d/807/il/U,0.4
bw/st/yes/no/m/779/il/U,bo/so/no/no/m/838/il/A,0.22
bw/st/yes/no/m/779/il/U,bo/so/no/yes/d/864/il/A,0.21
bw/st/yes/no/m/779/il/U,bo/so/yes/no/d/863/il/A,0.31
bw/st/yes/no/m/779/il/U,bo/st/yes/no/d/855/il/A,0.4
bw/st/yes/no/m/779/il/U,bw/st/no/yes/d/852/il/A,0.6
bw/st/yes/no/m/779/il/U,bo/st/no/no/d/806/il/U,0.38
bw/st/yes/no/m/779/il/U,bo/so/yes/no/m/839/il/A,0.31
bw/st/yes/no/m/779/il/U,bw/st/yes/yes/d/801/il/U,0.65
bw/st/yes/no/m/779/il/U,bo/so/yes/yes/m/837/il/A,0.31
bw/st/yes/no/m/779/il/U,bo/st/no/yes/d/808/il/U,0.38
bw/st/yes/no/m/779/il/U,bo/st/no/no/m/830/il/A,0.38
bw/st/yes/no/m/779/il/U,bo/st/yes/yes/m/781/il/U,0.39
bw/st/yes/no/m/779/il/U,bo/mu/yes/no/m/775/il/U,0.39
bw/st/yes/no/m/779/il/U,bw/mu/no/yes/m/772/il/U,0.42
bw/st/yes/no/m/779/il/U,bw/so/no/no/m/786/il/U,0.32
bw/st/yes/no/m/779/il/U,bw/so/no/yes/m/788/il/U,0.32
bw/st/yes/no/m/779/il/U,bo/so/yes/yes/m/789/il/U,0.31
bw/st/yes/no/m/779/il/U,bw/so/yes/no/m/787/il/U,0.32
bw/st/yes/no/m/779/il/U,bo/mu/yes/yes/m/773/il/U,0.4
bw/st/yes/no/m/779/il/U,bo/mu/no/no/m/774/il/U,0.39
bw/st/yes/no/m/779/il/U,bw/st/no/yes/m/780/il/U,0.6
bw/st/yes/no/m/779/il/U,bw/mu/yes/yes/m/769/il/U,0.42
bw/st/yes/no/m/779/il/U,bw/mu/yes/yes/d/793/il/U,0.42
bw/st/yes/no/m/779/il/U,bw/mu/no/no/d/794/il/U,0.41
bw/st/yes/no/m/779/il/U,bw/mu/yes/no/d/795/il/U,0.42
bw/st/yes/no/m/779/il/U,bo/so/no/yes/m/792/il/U,0.21
bw/st/yes/no/m/779/il/U,bw/so/no/yes/d/812/il/U,0.32
bw/st/yes/no/m/779/il/U,bo/so/yes/no/d/815/il/U,0.31
bw/st/yes/no/m/779/il/U,bo/mu/yes/no/m/823/il/A,0.39
bw/st/yes/no/m/779/il/U,bo/mu/no/yes/m/824/il/A,0.39
bw/st/yes/no/m/779/il/U,bo/mu/no/yes/d/848/il/A,0.39
bw/st/yes/no/m/779/il/U,bw/mu/yes/yes/d/841/il/A,0.42
bw/st/yes/no/m/779/il/U,bo/mu/no/no/d/846/il/A,0.39
bw/st/yes/no/m/779/il/U,bw/st/yes/yes/m/825/il/A,0.65
bw/st/yes/no/m/779/il/U,bo/mu/no/no/m/822/il/A,0.39
bw/st/yes/no/m/779/il/U,bo/so/no/no/d/814/il/U,0.22
bw/st/yes/no/m/779/il/U,bo/so/yes/yes/d/813/il/U,0.31
bw/st/yes/no/m/779/il/U,bo/mu/yes/no/d/847/il/A,0.39
bw/st/yes/no/m/779/il/U,bo/so/no/yes/m/840/il/A,0.21
bw/st/yes/no/m/779/il/U,bw/st/yes/yes/d/849/il/A,0.65
bw/st/yes/no/m/779/il/U,bw/so/yes/no/m/835/il/A,0.32
bw/st/yes/no/m/779/il/U,bo/st/no/yes/m/832/il/A,0.38
bw/st/yes/no/m/779/il/U,bw/st/no/yes/d/804/il/U,0.6
bw/st/yes/no/m/779/il/U,bw/st/yes/no/d/803/il/U,1.0
bw/st/yes/no/m/779/il/U,bw/so/yes/yes/d/857/il/A,0.32
bw/st/yes/no/m/779/il/U,bw/st/no/no/d/850/il/A,0.84
bw/st/yes/no/m/779/il/U,bw/so/yes/no/d/859/il/A,0.32
bw/st/yes/no/m/779/il/U,bo/so/yes/yes/d/861/il/A,0.31
bw/st/yes/no/m/779/il/U,bw/st/no/no/d/802/il/U,0.84
bw/st/yes/no/m/779/il/U,bo/st/yes/yes/d/805/il/U,0.39
bw/st/yes/no/m/779/il/U,bw/so/yes/yes/m/833/il/A,0.32
bw/st/yes/no/m/779/il/U,bw/so/no/no/m/834/il/A,0.32
bw/st/yes/no/m/779/il/U,bw/so/no/yes/d/860/il/A,0.32
bw/st/yes/no/m/779/il/U,bw/so/no/no/d/858/il/A,0.32
bw/st/yes/no/m/779/il/U,bw/st/yes/no/d/851/il/A,1.0
bw/st/yes/no/m/779/il/U,bo/st/no/yes/d/856/il/A,0.38
bw/st/yes/no/m/779/il/U,bw/mu/yes/no/m/771/il/U,0.42
bw/st/yes/no/m/779/il/U,bw/so/yes/yes/m/785/il/U,0.32
bw/st/yes/no/m/779/il/U,bo/st/no/no/m/782/il/U,0.38
bw/st/yes/no/m/779/il/U,bo/mu/no/yes/m/776/il/U,0.39
bw/st/yes/no/m/779/il/U,bw/st/no/no/m/778/il/U,0.84
bw/st/yes/no/m/779/il/U,bw/st/yes/no/m/779/il/U,1.0
bw/st/yes/no/m/779/il/U,bw/st/yes/yes/m/777/il/U,0.65
bw/st/yes/no/m/779/il/U,bo/st/yes/no/m/783/il/U,0.4
bw/st/yes/no/m/779/il/U,bo/st/no/yes/m/784/il/U,0.38
bw/st/yes/no/m/779/il/U,bw/mu/no/no/m/770/il/U,0.41
bw/st/yes/no/m/779/il/U,bo/mu/yes/no/d/799/il/U,0.39
bw/st/yes/no/m/779/il/U,bo/mu/yes/yes/d/797/il/U,0.4
bw/st/yes/no/m/779/il/U,bo/so/no/no/m/790/il/U,0.22
bw/st/yes/no/m/779/il/U,bo/so/yes/no/m/791/il/U,0.31
bw/st/yes/no/m/779/il/U,bw/mu/no/yes/d/796/il/U,0.42
bw/st/yes/no/m/779/il/U,bo/mu/no/no/d/798/il/U,0.39
bw/st/yes/no/m/779/il/U,bo/mu/yes/yes/d/845/il/A,0.4
bw/st/yes/no/m/779/il/U,bw/mu/no/no/d/842/il/A,0.41
bw/st/yes/no/m/779/il/U,bo/st/yes/yes/m/829/il/A,0.39
bw/st/yes/no/m/779/il/U,bo/so/no/yes/d/816/il/U,0.21
bw/st/yes/no/m/779/il/U,bw/so/yes/no/d/811/il/U,0.32
bw/st/yes/no/m/779/il/U,bw/mu/no/no/m/818/il/A,0.41
bw/st/yes/no/m/779/il/U,bw/st/yes/no/m/827/il/A,1.0
bw/st/yes/no/m/779/il/U,bw/mu/no/yes/m/820/il/A,0.42
bw/st/yes/no/m/779/il/U,bw/mu/yes/no/d/843/il/A,0.42
bw/st/yes/no/m/779/il/U,bw/mu/no/yes/d/844/il/A,0.42
bw/st/yes/no/m/779/il/U,bo/mu/yes/yes/m/821/il/A,0.4
bw/st/yes/no/m/779/il/U,bw/mu/yes/no/m/819/il/A,0.42
bw/st/yes/no/m/779/il/U,bw/st/no/no/m/826/il/A,0.84
bw/st/yes/no/m/779/il/U,bw/so/no/no/d/810/il/U,0.32
bw/st/yes/no/m/779/il/U,bw/st/no/yes/m/828/il/A,0.6
bw/st/yes/no/m/779/il/U,bw/mu/yes/yes/m/817/il/A,0.42
bw/st/yes/yes/m/777/il/U,bo/st/yes/yes/d/853/il/A,0.58
bw/st/yes/yes/m/777/il/U,bo/st/no/no/d/854/il/A,0.57
bw/st/yes/yes/m/777/il/U,bo/so/no/no/d/862/il/A,0.32
bw/st/yes/yes/m/777/il/U,bo/st/yes/no/m/831/il/A,0.59
bw/st/yes/yes/m/777/il/U,bw/so/no/yes/m/836/il/A,0.45
bw/st/yes/yes/m/777/il/U,bw/so/yes/yes/d/809/il/U,0.45
bw/st/yes/yes/m/777/il/U,bo/mu/no/yes/d/800/il/U,0.59
bw/st/yes/yes/m/777/il/U,bo/st/yes/no/d/807/il/U,0.59
bw/st/yes/yes/m/777/il/U,bo/so/no/no/m/838/il/A,0.32
bw/st/yes/yes/m/777/il/U,bo/so/no/yes/d/864/il/A,0.31
bw/st/yes/yes/m/777/il/U,bo/so/yes/no/d/863/il/A,0.44
bw/st/yes/yes/m/777/il/U,bo/st/yes/no/d/855/il/A,0.59
bw/st/yes/yes/m/777/il/U,bw/st/no/yes/d/852/il/A,0.9
bw/st/yes/yes/m/777/il/U,bo/st/no/no/d/806/il/U,0.57
bw/st/yes/yes/m/777/il/U,bo/so/yes/no/m/839/il/A,0.44
bw/st/yes/yes/m/777/il/U,bw/st/yes/yes/d/801/il/U,1.0
bw/st/yes/yes/m/777/il/U,bo/so/yes/yes/m/837/il/A,0.46
bw/st/yes/yes/m/777/il/U,bo/st/no/yes/d/808/il/U,0.56
bw/st/yes/yes/m/777/il/U,bo/st/no/no/m/830/il/A,0.57
bw/st/yes/yes/m/777/il/U,bo/st/yes/yes/m/781/il/U,0.58
bw/st/yes/yes/m/777/il/U,bo/mu/yes/no/m/775/il/U,0.59
bw/st/yes/yes/m/777/il/U,bw/mu/no/yes/m/772/il/U,0.62
bw/st/yes/yes/m/777/il/U,bw/so/no/no/m/786/il/U,0.43
bw/st/yes/yes/m/777/il/U,bw/so/no/yes/m/788/il/U,0.45
bw/st/yes/yes/m/777/il/U,bo/so/yes/yes/m/789/il/U,0.46
bw/st/yes/yes/m/777/il/U,bw/so/yes/no/m/787/il/U,0.44
bw/st/yes/yes/m/777/il/U,bo/mu/yes/yes/m/773/il/U,0.6
bw/st/yes/yes/m/777/il/U,bo/mu/no/no/m/774/il/U,0.58
bw/st/yes/yes/m/777/il/U,bw/st/no/yes/m/780/il/U,0.9
bw/st/yes/yes/m/777/il/U,bw/mu/yes/yes/m/769/il/U,0.62
bw/st/yes/yes/m/777/il/U,bw/mu/yes/yes/d/793/il/U,0.62
bw/st/yes/yes/m/777/il/U,bw/mu/no/no/d/794/il/U,0.61
bw/st/yes/yes/m/777/il/U,bw/mu/yes/no/d/795/il/U,0.61
bw/st/yes/yes/m/777/il/U,bo/so/no/yes/m/792/il/U,0.31
bw/st/yes/yes/m/777/il/U,bw/so/no/yes/d/812/il/U,0.45
bw/st/yes/yes/m/777/il/U,bo/so/yes/no/d/815/il/U,0.44
bw/st/yes/yes/m/777/il/U,bo/mu/yes/no/m/823/il/A,0.59
bw/st/yes/yes/m/777/il/U,bo/mu/no/yes/m/824/il/A,0.59
bw/st/yes/yes/m/777/il/U,bo/mu/no/yes/d/848/il/A,0.59
bw/st/yes/yes/m/777/il/U,bw/mu/yes/yes/d/841/il/A,0.62
bw/st/yes/yes/m/777/il/U,bo/mu/no/no/d/846/il/A,0.58
bw/st/yes/yes/m/777/il/U,bw/st/yes/yes/m/825/il/A,1.0
bw/st/yes/yes/m/777/il/U,bo/mu/no/no/m/822/il/A,0.58
bw/st/yes/yes/m/777/il/U,bo/so/no/no/d/814/il/U,0.32
bw/st/yes/yes/m/777/il/U,bo/so/yes/yes/d/813/il/U,0.46
bw/st/yes/yes/m/777/il/U,bo/mu/yes/no/d/847/il/A,0.59
bw/st/yes/yes/m/777/il/U,bo/so/no/yes/m/840/il/A,0.31
bw/st/yes/yes/m/777/il/U,bw/st/yes/yes/d/849/il/A,1.0
bw/st/yes/yes/m/777/il/U,bw/so/yes/no/m/835/il/A,0.44
bw/st/yes/yes/m/777/il/U,bo/st/no/yes/m/832/il/A,0.56
bw/st/yes/yes/m/777/il/U,bw/st/no/yes/d/804/il/U,0.9
bw/st/yes/yes/m/777/il/U,bw/st/yes/no/d/803/il/U,0.65
bw/st/yes/yes/m/777/il/U,bw/so/yes/yes/d/857/il/A,0.45
bw/st/yes/yes/m/777/il/U,bw/st/no/no/d/850/il/A,0.6
bw/st/yes/yes/m/777/il/U,bw/so/yes/no/d/859/il/A,0.44
bw/st/yes/yes/m/777/il/U,bo/so/yes/yes/d/861/il/A,0.46
bw/st/yes/yes/m/777/il/U,bw/st/no/no/d/802/il/U,0.6
bw/st/yes/yes/m/777/il/U,bo/st/yes/yes/d/805/il/U,0.58
bw/st/yes/yes/m/777/il/U,bw/so/yes/yes/m/833/il/A,0.45
bw/st/yes/yes/m/777/il/U,bw/so/no/no/m/834/il/A,0.43
bw/st/yes/yes/m/777/il/U,bw/so/no/yes/d/860/il/A,0.45
bw/st/yes/yes/m/777/il/U,bw/so/no/no/d/858/il/A,0.43
bw/st/yes/yes/m/777/il/U,bw/st/yes/no/d/851/il/A,0.65
bw/st/yes/yes/m/777/il/U,bo/st/no/yes/d/856/il/A,0.56
bw/st/yes/yes/m/777/il/U,bw/mu/yes/no/m/771/il/U,0.61
bw/st/yes/yes/m/777/il/U,bw/so/yes/yes/m/785/il/U,0.45
bw/st/yes/yes/m/777/il/U,bo/st/no/no/m/782/il/U,0.57
bw/st/yes/yes/m/777/il/U,bo/mu/no/yes/m/776/il/U,0.59
bw/st/yes/yes/m/777/il/U,bw/st/no/no/m/778/il/U,0.6
bw/st/yes/yes/m/777/il/U,bw/st/yes/no/m/779/il/U,0.65
bw/st/yes/yes/m/777/il/U,bw/st/yes/yes/m/777/il/U,1.0
bw/st/yes/yes/m/777/il/U,bo/st/yes/no/m/783/il/U,0.59
bw/st/yes/yes/m/777/il/U,bo/st/no/yes/m/784/il/U,0.56
bw/st/yes/yes/m/777/il/U,bw/mu/no/no/m/770/il/U,0.61
bw/st/yes/yes/m/777/il/U,bo/mu/yes/no/d/799/il/U,0.59
bw/st/yes/yes/m/777/il/U,bo/mu/yes/yes/d/797/il/U,0.6
bw/st/yes/yes/m/777/il/U,bo/so/no/no/m/790/il/U,0.32
bw/st/yes/yes/m/777/il/U,bo/so/yes/no/m/791/il/U,0.44
bw/st/yes/yes/m/777/il/U,bw/mu/no/yes/d/796/il/U,0.62
bw/st/yes/yes/m/777/il/U,bo/mu/no/no/d/798/il/U,0.58
bw/st/yes/yes/m/777/il/U,bo/mu/yes/yes/d/845/il/A,0.6
bw/st/yes/yes/m/777/il/U,bw/mu/no/no/d/842/il/A,0.61
bw/st/yes/yes/m/777/il/U,bo/st/yes/yes/m/829/il/A,0.58
bw/st/yes/yes/m/777/il/U,bo/so/no/yes/d/816/il/U,0.31
bw/st/yes/yes/m/777/il/U,bw/so/yes/no/d/811/il/U,0.44
bw/st/yes/yes/m/777/il/U,bw/mu/no/no/m/818/il/A,0.61
bw/st/yes/yes/m/777/il/U,bw/st/yes/no/m/827/il/A,0.65
bw/st/yes/yes/m/777/il/U,bw/mu/no/yes/m/820/il/A,0.62
bw/st/yes/yes/m/777/il/U,bw/mu/yes/no/d/843/il/A,0.61
bw/st/yes/yes/m/777/il/U,bw/mu/no/yes/d/844/il/A,0.62
bw/st/yes/yes/m/777/il/U,bo/mu/yes/yes/m/821/il/A,0.6
bw/st/yes/yes/m/777/il/U,bw/mu/yes/no/m/819/il/A,0.61
bw/st/yes/yes/m/777/il/U,bw/st/no/no/m/826/il/A,0.6
bw/st/yes/yes/m/777/il/U,bw/so/no/no/d/810/il/U,0.43
bw/st/yes/yes/m/777/il/U,bw/st/no/yes/m/828/il/A,0.9
bw/st/yes/yes/m/777/il/U,bw/mu/yes/yes/m/817/il/A,0.62
bo/st/yes/no/m/783/il/U,bo/st/yes/yes/d/853/il/A,0.96
bo/st/yes/no/m/783/il/U,bo/st/no/no/d/854/il/A,0.9
bo/st/yes/no/m/783/il/U,bo/so/no/no/d/862/il/A,0.44
bo/st/yes/no/m/783/il/U,bo/st/yes/no/m/831/il/A,1.0
bo/st/yes/no/m/783/il/U,bw/so/no/yes/m/836/il/A,0.54
bo/st/yes/no/m/783/il/U,bw/so/yes/yes/d/809/il/U,0.54
bo/st/yes/no/m/783/il/U,bo/mu/no/yes/d/800/il/U,0.69
bo/st/yes/no/m/783/il/U,bo/st/yes/no/d/807/il/U,1.0
bo/st/yes/no/m/783/il/U,bo/so/no/no/m/838/il/A,0.44
bo/st/yes/no/m/783/il/U,bo/so/no/yes/d/864/il/A,0.43
bo/st/yes/no/m/783/il/U,bo/so/yes/no/d/863/il/A,0.6
bo/st/yes/no/m/783/il/U,bo/st/yes/no/d/855/il/A,1.0
bo/st/yes/no/m/783/il/U,bw/st/no/yes/d/852/il/A,0.61
bo/st/yes/no/m/783/il/U,bo/st/no/no/d/806/il/U,0.9
bo/st/yes/no/m/783/il/U,bo/so/yes/no/m/839/il/A,0.6
bo/st/yes/no/m/783/il/U,bw/st/yes/yes/d/801/il/U,0.59
bo/st/yes/no/m/783/il/U,bo/so/yes/yes/m/837/il/A,0.63
bo/st/yes/no/m/783/il/U,bo/st/no/yes/d/808/il/U,0.87
bo/st/yes/no/m/783/il/U,bo/st/no/no/m/830/il/A,0.9
bo/st/yes/no/m/783/il/U,bo/st/yes/yes/m/781/il/U,0.96
bo/st/yes/no/m/783/il/U,bo/mu/yes/no/m/775/il/U,0.68
bo/st/yes/no/m/783/il/U,bw/mu/no/yes/m/772/il/U,0.67
bo/st/yes/no/m/783/il/U,bw/so/no/no/m/786/il/U,0.51
bo/st/yes/no/m/783/il/U,bw/so/no/yes/m/788/il/U,0.54
bo/st/yes/no/m/783/il/U,bo/so/yes/yes/m/789/il/U,0.63
bo/st/yes/no/m/783/il/U,bw/so/yes/no/m/787/il/U,0.52
bo/st/yes/no/m/783/il/U,bo/mu/yes/yes/m/773/il/U,0.69
bo/st/yes/no/m/783/il/U,bo/mu/no/no/m/774/il/U,0.68
bo/st/yes/no/m/783/il/U,bw/st/no/yes/m/780/il/U,0.61
bo/st/yes/no/m/783/il/U,bw/mu/yes/yes/m/769/il/U,0.68
bo/st/yes/no/m/783/il/U,bw/mu/yes/yes/d/793/il/U,0.68
bo/st/yes/no/m/783/il/U,bw/mu/no/no/d/794/il/U,0.67
bo/st/yes/no/m/783/il/U,bw/mu/yes/no/d/795/il/U,0.67
bo/st/yes/no/m/783/il/U,bo/so/no/yes/m/792/il/U,0.43
bo/st/yes/no/m/783/il/U,bw/so/no/yes/d/812/il/U,0.54
bo/st/yes/no/m/783/il/U,bo/so/yes/no/d/815/il/U,0.6
bo/st/yes/no/m/783/il/U,bo/mu/yes/no/m/823/il/A,0.68
bo/st/yes/no/m/783/il/U,bo/mu/no/yes/m/824/il/A,0.69
bo/st/yes/no/m/783/il/U,bo/mu/no/yes/d/848/il/A,0.69
bo/st/yes/no/m/783/il/U,bw/mu/yes/yes/d/841/il/A,0.68
bo/st/yes/no/m/783/il/U,bo/mu/no/no/d/846/il/A,0.68
bo/st/yes/no/m/783/il/U,bw/st/yes/yes/m/825/il/A,0.59
bo/st/yes/no/m/783/il/U,bo/mu/no/no/m/822/il/A,0.68
bo/st/yes/no/m/783/il/U,bo/so/no/no/d/814/il/U,0.44
bo/st/yes/no/m/783/il/U,bo/so/yes/yes/d/813/il/U,0.63
bo/st/yes/no/m/783/il/U,bo/mu/yes/no/d/847/il/A,0.68
bo/st/yes/no/m/783/il/U,bo/so/no/yes/m/840/il/A,0.43
bo/st/yes/no/m/783/il/U,bw/st/yes/yes/d/849/il/A,0.59
bo/st/yes/no/m/783/il/U,bw/so/yes/no/m/835/il/A,0.52
bo/st/yes/no/m/783/il/U,bo/st/no/yes/m/832/il/A,0.87
bo/st/yes/no/m/783/il/U,bw/st/no/yes/d/804/il/U,0.61
bo/st/yes/no/m/783/il/U,bw/st/yes/no/d/803/il/U,0.4
bo/st/yes/no/m/783/il/U,bw/so/yes/yes/d/857/il/A,0.54
bo/st/yes/no/m/783/il/U,bw/st/no/no/d/850/il/A,0.4
bo/st/yes/no/m/783/il/U,bw/so/yes/no/d/859/il/A,0.52
bo/st/yes/no/m/783/il/U,bo/so/yes/yes/d/861/il/A,0.63
bo/st/yes/no/m/783/il/U,bw/st/no/no/d/802/il/U,0.4
bo/st/yes/no/m/783/il/U,bo/st/yes/yes/d/805/il/U,0.96
bo/st/yes/no/m/783/il/U,bw/so/yes/yes/m/833/il/A,0.54
bo/st/yes/no/m/783/il/U,bw/so/no/no/m/834/il/A,0.51
bo/st/yes/no/m/783/il/U,bw/so/no/yes/d/860/il/A,0.54
bo/st/yes/no/m/783/il/U,bw/so/no/no/d/858/il/A,0.51
bo/st/yes/no/m/783/il/U,bw/st/yes/no/d/851/il/A,0.4
bo/st/yes/no/m/783/il/U,bo/st/no/yes/d/856/il/A,0.87
bo/st/yes/no/m/783/il/U,bw/mu/yes/no/m/771/il/U,0.67
bo/st/yes/no/m/783/il/U,bw/so/yes/yes/m/785/il/U,0.54
bo/st/yes/no/m/783/il/U,bo/st/no/no/m/782/il/U,0.9
bo/st/yes/no/m/783/il/U,bo/mu/no/yes/m/776/il/U,0.69
bo/st/yes/no/m/783/il/U,bw/st/no/no/m/778/il/U,0.4
bo/st/yes/no/m/783/il/U,bw/st/yes/no/m/779/il/U,0.4
bo/st/yes/no/m/783/il/U,bw/st/yes/yes/m/777/il/U,0.59
bo/st/yes/no/m/783/il/U,bo/st/yes/no/m/783/il/U,1.0
bo/st/yes/no/m/783/il/U,bo/st/no/yes/m/784/il/U,0.87
bo/st/yes/no/m/783/il/U,bw/mu/no/no/m/770/il/U,0.67
bo/st/yes/no/m/783/il/U,bo/mu/yes/no/d/799/il/U,0.68
bo/st/yes/no/m/783/il/U,bo/mu/yes/yes/d/797/il/U,0.69
bo/st/yes/no/m/783/il/U,bo/so/no/no/m/790/il/U,0.44
bo/st/yes/no/m/783/il/U,bo/so/yes/no/m/791/il/U,0.6
bo/st/yes/no/m/783/il/U,bw/mu/no/yes/d/796/il/U,0.67
bo/st/yes/no/m/783/il/U,bo/mu/no/no/d/798/il/U,0.68
bo/st/yes/no/m/783/il/U,bo/mu/yes/yes/d/845/il/A,0.69
bo/st/yes/no/m/783/il/U,bw/mu/no/no/d/842/il/A,0.67
bo/st/yes/no/m/783/il/U,bo/st/yes/yes/m/829/il/A,0.96
bo/st/yes/no/m/783/il/U,bo/so/no/yes/d/816/il/U,0.43
bo/st/yes/no/m/783/il/U,bw/so/yes/no/d/811/il/U,0.52
bo/st/yes/no/m/783/il/U,bw/mu/no/no/m/818/il/A,0.67
bo/st/yes/no/m/783/il/U,bw/st/yes/no/m/827/il/A,0.4
bo/st/yes/no/m/783/il/U,bw/mu/no/yes/m/820/il/A,0.67
bo/st/yes/no/m/783/il/U,bw/mu/yes/no/d/843/il/A,0.67
bo/st/yes/no/m/783/il/U,bw/mu/no/yes/d/844/il/A,0.67
bo/st/yes/no/m/783/il/U,bo/mu/yes/yes/m/821/il/A,0.69
bo/st/yes/no/m/783/il/U,bw/mu/yes/no/m/819/il/A,0.67
bo/st/yes/no/m/783/il/U,bw/st/no/no/m/826/il/A,0.4
bo/st/yes/no/m/783/il/U,bw/so/no/no/d/810/il/U,0.51
bo/st/yes/no/m/783/il/U,bw/st/no/yes/m/828/il/A,0.61
bo/st/yes/no/m/783/il/U,bw/mu/yes/yes/m/817/il/A,0.68
bo/st/no/yes/m/784/il/U,bo/st/yes/yes/d/853/il/A,0.9
bo/st/no/yes/m/784/il/U,bo/st/no/no/d/854/il/A,0.94
bo/st/no/yes/m/784/il/U,bo/so/no/no/d/862/il/A,0.46
bo/st/no/yes/m/784/il/U,bo/st/yes/no/m/831/il/A,0.87
bo/st/no/yes/m/784/il/U,bw/so/no/yes/m/836/il/A,0.56
bo/st/no/yes/m/784/il/U,bw/so/yes/yes/d/809/il/U,0.56
bo/st/no/yes/m/784/il/U,bo/mu/no/yes/d/800/il/U,0.72
bo/st/no/yes/m/784/il/U,bo/st/yes/no/d/807/il/U,0.87
bo/st/no/yes/m/784/il/U,bo/so/no/no/m/838/il/A,0.46
bo/st/no/yes/m/784/il/U,bo/so/no/yes/d/864/il/A,0.47
bo/st/no/yes/m/784/il/U,bo/so/yes/no/d/863/il/A,0.6
bo/st/no/yes/m/784/il/U,bo/st/yes/no/d/855/il/A,0.87
bo/st/no/yes/m/784/il/U,bw/st/no/yes/d/852/il/A,0.59
bo/st/no/yes/m/784/il/U,bo/st/no/no/d/806/il/U,0.94
bo/st/no/yes/m/784/il/U,bo/so/yes/no/m/839/il/A,0.6
bo/st/no/yes/m/784/il/U,bw/st/yes/yes/d/801/il/U,0.56
bo/st/no/yes/m/784/il/U,bo/so/yes/yes/m/837/il/A,0.66
bo/st/no/yes/m/784/il/U,bo/st/no/yes/d/808/il/U,1.0
bo/st/no/yes/m/784/il/U,bo/st/no/no/m/830/il/A,0.94
bo/st/no/yes/m/784/il/U,bo/st/yes/yes/m/781/il/U,0.9
bo/st/no/yes/m/784/il/U,bo/mu/yes/no/m/775/il/U,0.7
bo/st/no/yes/m/784/il/U,bw/mu/no/yes/m/772/il/U,0.69
bo/st/no/yes/m/784/il/U,bw/so/no/no/m/786/il/U,0.52
bo/st/no/yes/m/784/il/U,bw/so/no/yes/m/788/il/U,0.56
bo/st/no/yes/m/784/il/U,bo/so/yes/yes/m/789/il/U,0.66
bo/st/no/yes/m/784/il/U,bw/so/yes/no/m/787/il/U,0.53
bo/st/no/yes/m/784/il/U,bo/mu/yes/yes/m/773/il/U,0.71
bo/st/no/yes/m/784/il/U,bo/mu/no/no/m/774/il/U,0.71
bo/st/no/yes/m/784/il/U,bw/st/no/yes/m/780/il/U,0.59
bo/st/no/yes/m/784/il/U,bw/mu/yes/yes/m/769/il/U,0.69
bo/st/no/yes/m/784/il/U,bw/mu/yes/yes/d/793/il/U,0.69
bo/st/no/yes/m/784/il/U,bw/mu/no/no/d/794/il/U,0.69
bo/st/no/yes/m/784/il/U,bw/mu/yes/no/d/795/il/U,0.69
bo/st/no/yes/m/784/il/U,bo/so/no/yes/m/792/il/U,0.47
bo/st/no/yes/m/784/il/U,bw/so/no/yes/d/812/il/U,0.56
bo/st/no/yes/m/784/il/U,bo/so/yes/no/d/815/il/U,0.6
bo/st/no/yes/m/784/il/U,bo/mu/yes/no/m/823/il/A,0.7
bo/st/no/yes/m/784/il/U,bo/mu/no/yes/m/824/il/A,0.72
bo/st/no/yes/m/784/il/U,bo/mu/no/yes/d/848/il/A,0.72
bo/st/no/yes/m/784/il/U,bw/mu/yes/yes/d/841/il/A,0.69
bo/st/no/yes/m/784/il/U,bo/mu/no/no/d/846/il/A,0.71
bo/st/no/yes/m/784/il/U,bw/st/yes/yes/m/825/il/A,0.56
bo/st/no/yes/m/784/il/U,bo/mu/no/no/m/822/il/A,0.71
bo/st/no/yes/m/784/il/U,bo/so/no/no/d/814/il/U,0.46
bo/st/no/yes/m/784/il/U,bo/so/yes/yes/d/813/il/U,0.66
bo/st/no/yes/m/784/il/U,bo/mu/yes/no/d/847/il/A,0.7
bo/st/no/yes/m/784/il/U,bo/so/no/yes/m/840/il/A,0.47
bo/st/no/yes/m/784/il/U,bw/st/yes/yes/d/849/il/A,0.56
bo/st/no/yes/m/784/il/U,bw/so/yes/no/m/835/il/A,0.53
bo/st/no/yes/m/784/il/U,bo/st/no/yes/m/832/il/A,1.0
bo/st/no/yes/m/784/il/U,bw/st/no/yes/d/804/il/U,0.59
bo/st/no/yes/m/784/il/U,bw/st/yes/no/d/803/il/U,0.38
bo/st/no/yes/m/784/il/U,bw/so/yes/yes/d/857/il/A,0.56
bo/st/no/yes/m/784/il/U,bw/st/no/no/d/850/il/A,0.38
bo/st/no/yes/m/784/il/U,bw/so/yes/no/d/859/il/A,0.53
bo/st/no/yes/m/784/il/U,bo/so/yes/yes/d/861/il/A,0.66
bo/st/no/yes/m/784/il/U,bw/st/no/no/d/802/il/U,0.38
bo/st/no/yes/m/784/il/U,bo/st/yes/yes/d/805/il/U,0.9
bo/st/no/yes/m/784/il/U,bw/so/yes/yes/m/833/il/A,0.56
bo/st/no/yes/m/784/il/U,bw/so/no/no/m/834/il/A,0.52
bo/st/no/yes/m/784/il/U,bw/so/no/yes/d/860/il/A,0.56
bo/st/no/yes/m/784/il/U,bw/so/no/no/d/858/il/A,0.52
bo/st/no/yes/m/784/il/U,bw/st/yes/no/d/851/il/A,0.38
bo/st/no/yes/m/784/il/U,bo/st/no/yes/d/856/il/A,1.0
bo/st/no/yes/m/784/il/U,bw/mu/yes/no/m/771/il/U,0.69
bo/st/no/yes/m/784/il/U,bw/so/yes/yes/m/785/il/U,0.56
bo/st/no/yes/m/784/il/U,bo/st/no/no/m/782/il/U,0.94
bo/st/no/yes/m/784/il/U,bo/mu/no/yes/m/776/il/U,0.72
bo/st/no/yes/m/784/il/U,bw/st/no/no/m/778/il/U,0.38
bo/st/no/yes/m/784/il/U,bw/st/yes/no/m/779/il/U,0.38
bo/st/no/yes/m/784/il/U,bw/st/yes/yes/m/777/il/U,0.56
bo/st/no/yes/m/784/il/U,bo/st/yes/no/m/783/il/U,0.87
bo/st/no/yes/m/784/il/U,bo/st/no/yes/m/784/il/U,1.0
bo/st/no/yes/m/784/il/U,bw/mu/no/no/m/770/il/U,0.69
bo/st/no/yes/m/784/il/U,bo/mu/yes/no/d/799/il/U,0.7
bo/st/no/yes/m/784/il/U,bo/mu/yes/yes/d/797/il/U,0.71
bo/st/no/yes/m/784/il/U,bo/so/no/no/m/790/il/U,0.46
bo/st/no/yes/m/784/il/U,bo/so/yes/no/m/791/il/U,0.6
bo/st/no/yes/m/784/il/U,bw/mu/no/yes/d/796/il/U,0.69
bo/st/no/yes/m/784/il/U,bo/mu/no/no/d/798/il/U,0.71
bo/st/no/yes/m/784/il/U,bo/mu/yes/yes/d/845/il/A,0.71
bo/st/no/yes/m/784/il/U,bw/mu/no/no/d/842/il/A,0.69
bo/st/no/yes/m/784/il/U,bo/st/yes/yes/m/829/il/A,0.9
bo/st/no/yes/m/784/il/U,bo/so/no/yes/d/816/il/U,0.47
bo/st/no/yes/m/784/il/U,bw/so/yes/no/d/811/il/U,0.53
bo/st/no/yes/m/784/il/U,bw/mu/no/no/m/818/il/A,0.69
bo/st/no/yes/m/784/il/U,bw/st/yes/no/m/827/il/A,0.38
bo/st/no/yes/m/784/il/U,bw/mu/no/yes/m/820/il/A,0.69
bo/st/no/yes/m/784/il/U,bw/mu/yes/no/d/843/il/A,0.69
bo/st/no/yes/m/784/il/U,bw/mu/no/yes/d/844/il/A,0.69
bo/st/no/yes/m/784/il/U,bo/mu/yes/yes/m/821/il/A,0.71
bo/st/no/yes/m/784/il/U,bw/mu/yes/no/m/819/il/A,0.69
bo/st/no/yes/m/784/il/U,bw/st/no/no/m/826/il/A,0.38
bo/st/no/yes/m/784/il/U,bw/so/no/no/d/810/il/U,0.52
bo/st/no/yes/m/784/il/U,bw/st/no/yes/m/828/il/A,0.59
bo/st/no/yes/m/784/il/U,bw/mu/yes/yes/m/817/il/A,0.69
bw/mu/no/no/m/770/il/U,bo/st/yes/yes/d/853/il/A,0.68
bw/mu/no/no/m/770/il/U,bo/st/no/no/d/854/il/A,0.66
bw/mu/no/no/m/770/il/U,bo/so/no/no/d/862/il/A,0.39
bw/mu/no/no/m/770/il/U,bo/st/yes/no/m/831/il/A,0.67
bw/mu/no/no/m/770/il/U,bw/so/no/yes/m/836/il/A,0.49
bw/mu/no/no/m/770/il/U,bw/so/yes/yes/d/809/il/U,0.48
bw/mu/no/no/m/770/il/U,bo/mu/no/yes/d/800/il/U,0.88
bw/mu/no/no/m/770/il/U,bo/st/yes/no/d/807/il/U,0.67
bw/mu/no/no/m/770/il/U,bo/so/no/no/m/838/il/A,0.39
bw/mu/no/no/m/770/il/U,bo/so/no/yes/d/864/il/A,0.4
bw/mu/no/no/m/770/il/U,bo/so/yes/no/d/863/il/A,0.51
bw/mu/no/no/m/770/il/U,bo/st/yes/no/d/855/il/A,0.67
bw/mu/no/no/m/770/il/U,bw/st/no/yes/d/852/il/A,0.64
bw/mu/no/no/m/770/il/U,bo/st/no/no/d/806/il/U,0.66
bw/mu/no/no/m/770/il/U,bo/so/yes/no/m/839/il/A,0.51
bw/mu/no/no/m/770/il/U,bw/st/yes/yes/d/801/il/U,0.61
bw/mu/no/no/m/770/il/U,bo/so/yes/yes/m/837/il/A,0.55
bw/mu/no/no/m/770/il/U,bo/st/no/yes/d/808/il/U,0.69
bw/mu/no/no/m/770/il/U,bo/st/no/no/m/830/il/A,0.66
bw/mu/no/no/m/770/il/U,bo/st/yes/yes/m/781/il/U,0.68
bw/mu/no/no/m/770/il/U,bo/mu/yes/no/m/775/il/U,0.9
bw/mu/no/no/m/770/il/U,bw/mu/no/yes/m/772/il/U,0.93
bw/mu/no/no/m/770/il/U,bw/so/no/no/m/786/il/U,0.46
bw/mu/no/no/m/770/il/U,bw/so/no/yes/m/788/il/U,0.49
bw/mu/no/no/m/770/il/U,bo/so/yes/yes/m/789/il/U,0.55
bw/mu/no/no/m/770/il/U,bw/so/yes/no/m/787/il/U,0.46
bw/mu/no/no/m/770/il/U,bo/mu/yes/yes/m/773/il/U,0.88
bw/mu/no/no/m/770/il/U,bo/mu/no/no/m/774/il/U,0.89
bw/mu/no/no/m/770/il/U,bw/st/no/yes/m/780/il/U,0.64
bw/mu/no/no/m/770/il/U,bw/mu/yes/yes/m/769/il/U,0.92
bw/mu/no/no/m/770/il/U,bw/mu/yes/yes/d/793/il/U,0.92
bw/mu/no/no/m/770/il/U,bw/mu/no/no/d/794/il/U,1.0
bw/mu/no/no/m/770/il/U,bw/mu/yes/no/d/795/il/U,0.98
bw/mu/no/no/m/770/il/U,bo/so/no/yes/m/792/il/U,0.4
bw/mu/no/no/m/770/il/U,bw/so/no/yes/d/812/il/U,0.49
bw/mu/no/no/m/770/il/U,bo/so/yes/no/d/815/il/U,0.51
bw/mu/no/no/m/770/il/U,bo/mu/yes/no/m/823/il/A,0.9
bw/mu/no/no/m/770/il/U,bo/mu/no/yes/m/824/il/A,0.88
bw/mu/no/no/m/770/il/U,bo/mu/no/yes/d/848/il/A,0.88
bw/mu/no/no/m/770/il/U,bw/mu/yes/yes/d/841/il/A,0.92
bw/mu/no/no/m/770/il/U,bo/mu/no/no/d/846/il/A,0.89
bw/mu/no/no/m/770/il/U,bw/st/yes/yes/m/825/il/A,0.61
bw/mu/no/no/m/770/il/U,bo/mu/no/no/m/822/il/A,0.89
bw/mu/no/no/m/770/il/U,bo/so/no/no/d/814/il/U,0.39
bw/mu/no/no/m/770/il/U,bo/so/yes/yes/d/813/il/U,0.55
bw/mu/no/no/m/770/il/U,bo/mu/yes/no/d/847/il/A,0.9
bw/mu/no/no/m/770/il/U,bo/so/no/yes/m/840/il/A,0.4
bw/mu/no/no/m/770/il/U,bw/st/yes/yes/d/849/il/A,0.61
bw/mu/no/no/m/770/il/U,bw/so/yes/no/m/835/il/A,0.46
bw/mu/no/no/m/770/il/U,bo/st/no/yes/m/832/il/A,0.69
bw/mu/no/no/m/770/il/U,bw/st/no/yes/d/804/il/U,0.64
bw/mu/no/no/m/770/il/U,bw/st/yes/no/d/803/il/U,0.41
bw/mu/no/no/m/770/il/U,bw/so/yes/yes/d/857/il/A,0.48
bw/mu/no/no/m/770/il/U,bw/st/no/no/d/850/il/A,0.42
bw/mu/no/no/m/770/il/U,bw/so/yes/no/d/859/il/A,0.46
bw/mu/no/no/m/770/il/U,bo/so/yes/yes/d/861/il/A,0.55
bw/mu/no/no/m/770/il/U,bw/st/no/no/d/802/il/U,0.42
bw/mu/no/no/m/770/il/U,bo/st/yes/yes/d/805/il/U,0.68
bw/mu/no/no/m/770/il/U,bw/so/yes/yes/m/833/il/A,0.48
bw/mu/no/no/m/770/il/U,bw/so/no/no/m/834/il/A,0.46
bw/mu/no/no/m/770/il/U,bw/so/no/yes/d/860/il/A,0.49
bw/mu/no/no/m/770/il/U,bw/so/no/no/d/858/il/A,0.46
bw/mu/no/no/m/770/il/U,bw/st/yes/no/d/851/il/A,0.41
bw/mu/no/no/m/770/il/U,bo/st/no/yes/d/856/il/A,0.69
bw/mu/no/no/m/770/il/U,bw/mu/yes/no/m/771/il/U,0.98
bw/mu/no/no/m/770/il/U,bw/so/yes/yes/m/785/il/U,0.48
bw/mu/no/no/m/770/il/U,bo/st/no/no/m/782/il/U,0.66
bw/mu/no/no/m/770/il/U,bo/mu/no/yes/m/776/il/U,0.88
bw/mu/no/no/m/770/il/U,bw/st/no/no/m/778/il/U,0.42
bw/mu/no/no/m/770/il/U,bw/st/yes/no/m/779/il/U,0.41
bw/mu/no/no/m/770/il/U,bw/st/yes/yes/m/777/il/U,0.61
bw/mu/no/no/m/770/il/U,bo/st/yes/no/m/783/il/U,0.67
bw/mu/no/no/m/770/il/U,bo/st/no/yes/m/784/il/U,0.69
bw/mu/no/no/m/770/il/U,bw/mu/no/no/m/770/il/U,1.0
bw/mu/no/no/m/770/il/U,bo/mu/yes/no/d/799/il/U,0.9
bw/mu/no/no/m/770/il/U,bo/mu/yes/yes/d/797/il/U,0.88
bw/mu/no/no/m/770/il/U,bo/so/no/no/m/790/il/U,0.39
bw/mu/no/no/m/770/il/U,bo/so/yes/no/m/791/il/U,0.51
bw/mu/no/no/m/770/il/U,bw/mu/no/yes/d/796/il/U,0.93
bw/mu/no/no/m/770/il/U,bo/mu/no/no/d/798/il/U,0.89
bw/mu/no/no/m/770/il/U,bo/mu/yes/yes/d/845/il/A,0.88
bw/mu/no/no/m/770/il/U,bw/mu/no/no/d/842/il/A,1.0
bw/mu/no/no/m/770/il/U,bo/st/yes/yes/m/829/il/A,0.68
bw/mu/no/no/m/770/il/U,bo/so/no/yes/d/816/il/U,0.4
bw/mu/no/no/m/770/il/U,bw/so/yes/no/d/811/il/U,0.46
bw/mu/no/no/m/770/il/U,bw/mu/no/no/m/818/il/A,1.0
bw/mu/no/no/m/770/il/U,bw/st/yes/no/m/827/il/A,0.41
bw/mu/no/no/m/770/il/U,bw/mu/no/yes/m/820/il/A,0.93
bw/mu/no/no/m/770/il/U,bw/mu/yes/no/d/843/il/A,0.98
bw/mu/no/no/m/770/il/U,bw/mu/no/yes/d/844/il/A,0.93
bw/mu/no/no/m/770/il/U,bo/mu/yes/yes/m/821/il/A,0.88
bw/mu/no/no/m/770/il/U,bw/mu/yes/no/m/819/il/A,0.98
bw/mu/no/no/m/770/il/U,bw/st/no/no/m/826/il/A,0.42
bw/mu/no/no/m/770/il/U,bw/so/no/no/d/810/il/U,0.46
bw/mu/no/no/m/770/il/U,bw/st/no/yes/m/828/il/A,0.64
bw/mu/no/no/m/770/il/U,bw/mu/yes/yes/m/817/il/A,0.92
bo/mu/yes/no/d/799/il/U,bo/st/yes/yes/d/853/il/A,0.7
bo/mu/yes/no/d/799/il/U,bo/st/no/no/d/854/il/A,0.68
bo/mu/yes/no/d/799/il/U,bo/so/no/no/d/862/il/A,0.41
bo/mu/yes/no/d/799/il/U,bo/st/yes/no/m/831/il/A,0.68
bo/mu/yes/no/d/799/il/U,bw/so/no/yes/m/836/il/A,0.49
bo/mu/yes/no/d/799/il/U,bw/so/yes/yes/d/809/il/U,0.49
bo/mu/yes/no/d/799/il/U,bo/mu/no/yes/d/800/il/U,0.94
bo/mu/yes/no/d/799/il/U,bo/st/yes/no/d/807/il/U,0.68
bo/mu/yes/no/d/799/il/U,bo/so/no/no/m/838/il/A,0.41
bo/mu/yes/no/d/799/il/U,bo/so/no/yes/d/864/il/A,0.42
bo/mu/yes/no/d/799/il/U,bo/so/yes/no/d/863/il/A,0.53
bo/mu/yes/no/d/799/il/U,bo/st/yes/no/d/855/il/A,0.68
bo/mu/yes/no/d/799/il/U,bw/st/no/yes/d/852/il/A,0.62
bo/mu/yes/no/d/799/il/U,bo/st/no/no/d/806/il/U,0.68
bo/mu/yes/no/d/799/il/U,bo/so/yes/no/m/839/il/A,0.53
bo/mu/yes/no/d/799/il/U,bw/st/yes/yes/d/801/il/U,0.59
bo/mu/yes/no/d/799/il/U,bo/so/yes/yes/m/837/il/A,0.58
bo/mu/yes/no/d/799/il/U,bo/st/no/yes/d/808/il/U,0.7
bo/mu/yes/no/d/799/il/U,bo/st/no/no/m/830/il/A,0.68
bo/mu/yes/no/d/799/il/U,bo/st/yes/yes/m/781/il/U,0.7
bo/mu/yes/no/d/799/il/U,bo/mu/yes/no/m/775/il/U,1.0
bo/mu/yes/no/d/799/il/U,bw/mu/no/yes/m/772/il/U,0.89
bo/mu/yes/no/d/799/il/U,bw/so/no/no/m/786/il/U,0.46
bo/mu/yes/no/d/799/il/U,bw/so/no/yes/m/788/il/U,0.49
bo/mu/yes/no/d/799/il/U,bo/so/yes/yes/m/789/il/U,0.58
bo/mu/yes/no/d/799/il/U,bw/so/yes/no/m/787/il/U,0.47
bo/mu/yes/no/d/799/il/U,bo/mu/yes/yes/m/773/il/U,0.95
bo/mu/yes/no/d/799/il/U,bo/mu/no/no/m/774/il/U,0.96
bo/mu/yes/no/d/799/il/U,bw/st/no/yes/m/780/il/U,0.62
bo/mu/yes/no/d/799/il/U,bw/mu/yes/yes/m/769/il/U,0.9
bo/mu/yes/no/d/799/il/U,bw/mu/yes/yes/d/793/il/U,0.9
bo/mu/yes/no/d/799/il/U,bw/mu/no/no/d/794/il/U,0.9
bo/mu/yes/no/d/799/il/U,bw/mu/yes/no/d/795/il/U,0.91
bo/mu/yes/no/d/799/il/U,bo/so/no/yes/m/792/il/U,0.42
bo/mu/yes/no/d/799/il/U,bw/so/no/yes/d/812/il/U,0.49
bo/mu/yes/no/d/799/il/U,bo/so/yes/no/d/815/il/U,0.53
bo/mu/yes/no/d/799/il/U,bo/mu/yes/no/m/823/il/A,1.0
bo/mu/yes/no/d/799/il/U,bo/mu/no/yes/m/824/il/A,0.94
bo/mu/yes/no/d/799/il/U,bo/mu/no/yes/d/848/il/A,0.94
bo/mu/yes/no/d/799/il/U,bw/mu/yes/yes/d/841/il/A,0.9
bo/mu/yes/no/d/799/il/U,bo/mu/no/no/d/846/il/A,0.96
bo/mu/yes/no/d/799/il/U,bw/st/yes/yes/m/825/il/A,0.59
bo/mu/yes/no/d/799/il/U,bo/mu/no/no/m/822/il/A,0.96
bo/mu/yes/no/d/799/il/U,bo/so/no/no/d/814/il/U,0.41
bo/mu/yes/no/d/799/il/U,bo/so/yes/yes/d/813/il/U,0.58
bo/mu/yes/no/d/799/il/U,bo/mu/yes/no/d/847/il/A,1.0
bo/mu/yes/no/d/799/il/U,bo/so/no/yes/m/840/il/A,0.42
bo/mu/yes/no/d/799/il/U,bw/st/yes/yes/d/849/il/A,0.59
bo/mu/yes/no/d/799/il/U,bw/so/yes/no/m/835/il/A,0.47
bo/mu/yes/no/d/799/il/U,bo/st/no/yes/m/832/il/A,0.7
bo/mu/yes/no/d/799/il/U,bw/st/no/yes/d/804/il/U,0.62
bo/mu/yes/no/d/799/il/U,bw/st/yes/no/d/803/il/U,0.39
bo/mu/yes/no/d/799/il/U,bw/so/yes/yes/d/857/il/A,0.49
bo/mu/yes/no/d/799/il/U,bw/st/no/no/d/850/il/A,0.4
bo/mu/yes/no/d/799/il/U,bw/so/yes/no/d/859/il/A,0.47
bo/mu/yes/no/d/799/il/U,bo/so/yes/yes/d/861/il/A,0.58
bo/mu/yes/no/d/799/il/U,bw/st/no/no/d/802/il/U,0.4
bo/mu/yes/no/d/799/il/U,bo/st/yes/yes/d/805/il/U,0.7
bo/mu/yes/no/d/799/il/U,bw/so/yes/yes/m/833/il/A,0.49
bo/mu/yes/no/d/799/il/U,bw/so/no/no/m/834/il/A,0.46
bo/mu/yes/no/d/799/il/U,bw/so/no/yes/d/860/il/A,0.49
bo/mu/yes/no/d/799/il/U,bw/so/no/no/d/858/il/A,0.46
bo/mu/yes/no/d/799/il/U,bw/st/yes/no/d/851/il/A,0.39
bo/mu/yes/no/d/799/il/U,bo/st/no/yes/d/856/il/A,0.7
bo/mu/yes/no/d/799/il/U,bw/mu/yes/no/m/771/il/U,0.91
bo/mu/yes/no/d/799/il/U,bw/so/yes/yes/m/785/il/U,0.49
bo/mu/yes/no/d/799/il/U,bo/st/no/no/m/782/il/U,0.68
bo/mu/yes/no/d/799/il/U,bo/mu/no/yes/m/776/il/U,0.94
bo/mu/yes/no/d/799/il/U,bw/st/no/no/m/778/il/U,0.4
bo/mu/yes/no/d/799/il/U,bw/st/yes/no/m/779/il/U,0.39
bo/mu/yes/no/d/799/il/U,bw/st/yes/yes/m/777/il/U,0.59
bo/mu/yes/no/d/799/il/U,bo/st/yes/no/m/783/il/U,0.68
bo/mu/yes/no/d/799/il/U,bo/st/no/yes/m/784/il/U,0.7
bo/mu/yes/no/d/799/il/U,bw/mu/no/no/m/770/il/U,0.9
bo/mu/yes/no/d/799/il/U,bo/mu/yes/no/d/799/il/U,1.0
bo/mu/yes/no/d/799/il/U,bo/mu/yes/yes/d/797/il/U,0.95
bo/mu/yes/no/d/799/il/U,bo/so/no/no/m/790/il/U,0.41
bo/mu/yes/no/d/799/il/U,bo/so/yes/no/m/791/il/U,0.53
bo/mu/yes/no/d/799/il/U,bw/mu/no/yes/d/796/il/U,0.89
bo/mu/yes/no/d/799/il/U,bo/mu/no/no/d/798/il/U,0.96
bo/mu/yes/no/d/799/il/U,bo/mu/yes/yes/d/845/il/A,0.95
bo/mu/yes/no/d/799/il/U,bw/mu/no/no/d/842/il/A,0.9
bo/mu/yes/no/d/799/il/U,bo/st/yes/yes/m/829/il/A,0.7
bo/mu/yes/no/d/799/il/U,bo/so/no/yes/d/816/il/U,0.42
bo/mu/yes/no/d/799/il/U,bw/so/yes/no/d/811/il/U,0.47
bo/mu/yes/no/d/799/il/U,bw/mu/no/no/m/818/il/A,0.9
bo/mu/yes/no/d/799/il/U,bw/st/yes/no/m/827/il/A,0.39
bo/mu/yes/no/d/799/il/U,bw/mu/no/yes/m/820/il/A,0.89
bo/mu/yes/no/d/799/il/U,bw/mu/yes/no/d/843/il/A,0.91
bo/mu/yes/no/d/799/il/U,bw/mu/no/yes/d/844/il/A,0.89
bo/mu/yes/no/d/799/il/U,bo/mu/yes/yes/m/821/il/A,0.95
bo/mu/yes/no/d/799/il/U,bw/mu/yes/no/m/819/il/A,0.91
bo/mu/yes/no/d/799/il/U,bw/st/no/no/m/826/il/A,0.4
bo/mu/yes/no/d/799/il/U,bw/so/no/no/d/810/il/U,0.46
bo/mu/yes/no/d/799/il/U,bw/st/no/yes/m/828/il/A,0.62
bo/mu/yes/no/d/799/il/U,bw/mu/yes/yes/m/817/il/A,0.9
bo/mu/yes/yes/d/797/il/U,bo/st/yes/yes/d/853/il/A,0.71
bo/mu/yes/yes/d/797/il/U,bo/st/no/no/d/854/il/A,0.69
bo/mu/yes/yes/d/797/il/U,bo/so/no/no/d/862/il/A,0.41
bo/mu/yes/yes/d/797/il/U,bo/st/yes/no/m/831/il/A,0.69
bo/mu/yes/yes/d/797/il/U,bw/so/no/yes/m/836/il/A,0.5
bo/mu/yes/yes/d/797/il/U,bw/so/yes/yes/d/809/il/U,0.49
bo/mu/yes/yes/d/797/il/U,bo/mu/no/yes/d/800/il/U,0.96
bo/mu/yes/yes/d/797/il/U,bo/st/yes/no/d/807/il/U,0.69
bo/mu/yes/yes/d/797/il/U,bo/so/no/no/m/838/il/A,0.41
bo/mu/yes/yes/d/797/il/U,bo/so/no/yes/d/864/il/A,0.42
bo/mu/yes/yes/d/797/il/U,bo/so/yes/no/d/863/il/A,0.53
bo/mu/yes/yes/d/797/il/U,bo/st/yes/no/d/855/il/A,0.69
bo/mu/yes/yes/d/797/il/U,bw/st/no/yes/d/852/il/A,0.63
bo/mu/yes/yes/d/797/il/U,bo/st/no/no/d/806/il/U,0.69
bo/mu/yes/yes/d/797/il/U,bo/so/yes/no/m/839/il/A,0.53
bo/mu/yes/yes/d/797/il/U,bw/st/yes/yes/d/801/il/U,0.6
bo/mu/yes/yes/d/797/il/U,bo/so/yes/yes/m/837/il/A,0.59
bo/mu/yes/yes/d/797/il/U,bo/st/no/yes/d/808/il/U,0.71
bo/mu/yes/yes/d/797/il/U,bo/st/no/no/m/830/il/A,0.69
bo/mu/yes/yes/d/797/il/U,bo/st/yes/yes/m/781/il/U,0.71
bo/mu/yes/yes/d/797/il/U,bo/mu/yes/no/m/775/il/U,0.95
bo/mu/yes/yes/d/797/il/U,bw/mu/no/yes/m/772/il/U,0.9
bo/mu/yes/yes/d/797/il/U,bw/so/no/no/m/786/il/U,0.46
bo/mu/yes/yes/d/797/il/U,bw/so/no/yes/m/788/il/U,0.5
bo/mu/yes/yes/d/797/il/U,bo/so/yes/yes/m/789/il/U,0.59
bo/mu/yes/yes/d/797/il/U,bw/so/yes/no/m/787/il/U,0.47
bo/mu/yes/yes/d/797/il/U,bo/mu/yes/yes/m/773/il/U,1.0
bo/mu/yes/yes/d/797/il/U,bo/mu/no/no/m/774/il/U,0.93
bo/mu/yes/yes/d/797/il/U,bw/st/no/yes/m/780/il/U,0.63
bo/mu/yes/yes/d/797/il/U,bw/mu/yes/yes/m/769/il/U,0.91
bo/mu/yes/yes/d/797/il/U,bw/mu/yes/yes/d/793/il/U,0.91
bo/mu/yes/yes/d/797/il/U,bw/mu/no/no/d/794/il/U,0.88
bo/mu/yes/yes/d/797/il/U,bw/mu/yes/no/d/795/il/U,0.88
bo/mu/yes/yes/d/797/il/U,bo/so/no/yes/m/792/il/U,0.42
bo/mu/yes/yes/d/797/il/U,bw/so/no/yes/d/812/il/U,0.5
bo/mu/yes/yes/d/797/il/U,bo/so/yes/no/d/815/il/U,0.53
bo/mu/yes/yes/d/797/il/U,bo/mu/yes/no/m/823/il/A,0.95
bo/mu/yes/yes/d/797/il/U,bo/mu/no/yes/m/824/il/A,0.96
bo/mu/yes/yes/d/797/il/U,bo/mu/no/yes/d/848/il/A,0.96
bo/mu/yes/yes/d/797/il/U,bw/mu/yes/yes/d/841/il/A,0.91
bo/mu/yes/yes/d/797/il/U,bo/mu/no/no/d/846/il/A,0.93
bo/mu/yes/yes/d/797/il/U,bw/st/yes/yes/m/825/il/A,0.6
bo/mu/yes/yes/d/797/il/U,bo/mu/no/no/m/822/il/A,0.93
bo/mu/yes/yes/d/797/il/U,bo/so/no/no/d/814/il/U,0.41
bo/mu/yes/yes/d/797/il/U,bo/so/yes/yes/d/813/il/U,0.59
bo/mu/yes/yes/d/797/il/U,bo/mu/yes/no/d/847/il/A,0.95
bo/mu/yes/yes/d/797/il/U,bo/so/no/yes/m/840/il/A,0.42
bo/mu/yes/yes/d/797/il/U,bw/st/yes/yes/d/849/il/A,0.6
bo/mu/yes/yes/d/797/il/U,bw/so/yes/no/m/835/il/A,0.47
bo/mu/yes/yes/d/797/il/U,bo/st/no/yes/m/832/il/A,0.71
bo/mu/yes/yes/d/797/il/U,bw/st/no/yes/d/804/il/U,0.63
bo/mu/yes/yes/d/797/il/U,bw/st/yes/no/d/803/il/U,0.4
bo/mu/yes/yes/d/797/il/U,bw/so/yes/yes/d/857/il/A,0.49
bo/mu/yes/yes/d/797/il/U,bw/st/no/no/d/850/il/A,0.4
bo/mu/yes/yes/d/797/il/U,bw/so/yes/no/d/859/il/A,0.47
bo/mu/yes/yes/d/797/il/U,bo/so/yes/yes/d/861/il/A,0.59
bo/mu/yes/yes/d/797/il/U,bw/st/no/no/d/802/il/U,0.4
bo/mu/yes/yes/d/797/il/U,bo/st/yes/yes/d/805/il/U,0.71
bo/mu/yes/yes/d/797/il/U,bw/so/yes/yes/m/833/il/A,0.49
bo/mu/yes/yes/d/797/il/U,bw/so/no/no/m/834/il/A,0.46
bo/mu/yes/yes/d/797/il/U,bw/so/no/yes/d/860/il/A,0.5
bo/mu/yes/yes/d/797/il/U,bw/so/no/no/d/858/il/A,0.46
bo/mu/yes/yes/d/797/il/U,bw/st/yes/no/d/851/il/A,0.4
bo/mu/yes/yes/d/797/il/U,bo/st/no/yes/d/856/il/A,0.71
bo/mu/yes/yes/d/797/il/U,bw/mu/yes/no/m/771/il/U,0.88
bo/mu/yes/yes/d/797/il/U,bw/so/yes/yes/m/785/il/U,0.49
bo/mu/yes/yes/d/797/il/U,bo/st/no/no/m/782/il/U,0.69
bo/mu/yes/yes/d/797/il/U,bo/mu/no/yes/m/776/il/U,0.96
bo/mu/yes/yes/d/797/il/U,bw/st/no/no/m/778/il/U,0.4
bo/mu/yes/yes/d/797/il/U,bw/st/yes/no/m/779/il/U,0.4
bo/mu/yes/yes/d/797/il/U,bw/st/yes/yes/m/777/il/U,0.6
bo/mu/yes/yes/d/797/il/U,bo/st/yes/no/m/783/il/U,0.69
bo/mu/yes/yes/d/797/il/U,bo/st/no/yes/m/784/il/U,0.71
bo/mu/yes/yes/d/797/il/U,bw/mu/no/no/m/770/il/U,0.88
bo/mu/yes/yes/d/797/il/U,bo/mu/yes/no/d/799/il/U,0.95
bo/mu/yes/yes/d/797/il/U,bo/mu/yes/yes/d/797/il/U,1.0
bo/mu/yes/yes/d/797/il/U,bo/so/no/no/m/790/il/U,0.41
bo/mu/yes/yes/d/797/il/U,bo/so/yes/no/m/791/il/U,0.53
bo/mu/yes/yes/d/797/il/U,bw/mu/no/yes/d/796/il/U,0.9
bo/mu/yes/yes/d/797/il/U,bo/mu/no/no/d/798/il/U,0.93
bo/mu/yes/yes/d/797/il/U,bo/mu/yes/yes/d/845/il/A,1.0
bo/mu/yes/yes/d/797/il/U,bw/mu/no/no/d/842/il/A,0.88
bo/mu/yes/yes/d/797/il/U,bo/st/yes/yes/m/829/il/A,0.71
bo/mu/yes/yes/d/797/il/U,bo/so/no/yes/d/816/il/U,0.42
bo/mu/yes/yes/d/797/il/U,bw/so/yes/no/d/811/il/U,0.47
bo/mu/yes/yes/d/797/il/U,bw/mu/no/no/m/818/il/A,0.88
bo/mu/yes/yes/d/797/il/U,bw/st/yes/no/m/827/il/A,0.4
bo/mu/yes/yes/d/797/il/U,bw/mu/no/yes/m/820/il/A,0.9
bo/mu/yes/yes/d/797/il/U,bw/mu/yes/no/d/843/il/A,0.88
bo/mu/yes/yes/d/797/il/U,bw/mu/no/yes/d/844/il/A,0.9
bo/mu/yes/yes/d/797/il/U,bo/mu/yes/yes/m/821/il/A,1.0
bo/mu/yes/yes/d/797/il/U,bw/mu/yes/no/m/819/il/A,0.88
bo/mu/yes/yes/d/797/il/U,bw/st/no/no/m/826/il/A,0.4
bo/mu/yes/yes/d/797/il/U,bw/so/no/no/d/810/il/U,0.46
bo/mu/yes/yes/d/797/il/U,bw/st/no/yes/m/828/il/A,0.63
bo/mu/yes/yes/d/797/il/U,bw/mu/yes/yes/m/817/il/A,0.91
bo/so/no/no/m/790/il/U,bo/st/yes/yes/d/853/il/A,0.45
bo/so/no/no/m/790/il/U,bo/st/no/no/d/854/il/A,0.46
bo/so/no/no/m/790/il/U,bo/so/no/no/d/862/il/A,1.0
bo/so/no/no/m/790/il/U,bo/st/yes/no/m/831/il/A,0.44
bo/so/no/no/m/790/il/U,bw/so/no/yes/m/836/il/A,0.38
bo/so/no/no/m/790/il/U,bw/so/yes/yes/d/809/il/U,0.38
bo/so/no/no/m/790/il/U,bo/mu/no/yes/d/800/il/U,0.41
bo/so/no/no/m/790/il/U,bo/st/yes/no/d/807/il/U,0.44
bo/so/no/no/m/790/il/U,bo/so/no/no/m/838/il/A,1.0
bo/so/no/no/m/790/il/U,bo/so/no/yes/d/864/il/A,0.77
bo/so/no/no/m/790/il/U,bo/so/yes/no/d/863/il/A,0.57
bo/so/no/no/m/790/il/U,bo/st/yes/no/d/855/il/A,0.44
bo/so/no/no/m/790/il/U,bw/st/no/yes/d/852/il/A,0.33
bo/so/no/no/m/790/il/U,bo/st/no/no/d/806/il/U,0.46
bo/so/no/no/m/790/il/U,bo/so/yes/no/m/839/il/A,0.57
bo/so/no/no/m/790/il/U,bw/st/yes/yes/d/801/il/U,0.32
bo/so/no/no/m/790/il/U,bo/so/yes/yes/m/837/il/A,0.53
bo/so/no/no/m/790/il/U,bo/st/no/yes/d/808/il/U,0.46
bo/so/no/no/m/790/il/U,bo/st/no/no/m/830/il/A,0.46
bo/so/no/no/m/790/il/U,bo/st/yes/yes/m/781/il/U,0.45
bo/so/no/no/m/790/il/U,bo/mu/yes/no/m/775/il/U,0.41
bo/so/no/no/m/790/il/U,bw/mu/no/yes/m/772/il/U,0.39
bo/so/no/no/m/790/il/U,bw/so/no/no/m/786/il/U,0.39
bo/so/no/no/m/790/il/U,bw/so/no/yes/m/788/il/U,0.38
bo/so/no/no/m/790/il/U,bo/so/yes/yes/m/789/il/U,0.53
bo/so/no/no/m/790/il/U,bw/so/yes/no/m/787/il/U,0.39
bo/so/no/no/m/790/il/U,bo/mu/yes/yes/m/773/il/U,0.41
bo/so/no/no/m/790/il/U,bo/mu/no/no/m/774/il/U,0.41
bo/so/no/no/m/790/il/U,bw/st/no/yes/m/780/il/U,0.33
bo/so/no/no/m/790/il/U,bw/mu/yes/yes/m/769/il/U,0.39
bo/so/no/no/m/790/il/U,bw/mu/yes/yes/d/793/il/U,0.39
bo/so/no/no/m/790/il/U,bw/mu/no/no/d/794/il/U,0.39
bo/so/no/no/m/790/il/U,bw/mu/yes/no/d/795/il/U,0.39
bo/so/no/no/m/790/il/U,bo/so/no/yes/m/792/il/U,0.77
bo/so/no/no/m/790/il/U,bw/so/no/yes/d/812/il/U,0.38
bo/so/no/no/m/790/il/U,bo/so/yes/no/d/815/il/U,0.57
bo/so/no/no/m/790/il/U,bo/mu/yes/no/m/823/il/A,0.41
bo/so/no/no/m/790/il/U,bo/mu/no/yes/m/824/il/A,0.41
bo/so/no/no/m/790/il/U,bo/mu/no/yes/d/848/il/A,0.41
bo/so/no/no/m/790/il/U,bw/mu/yes/yes/d/841/il/A,0.39
bo/so/no/no/m/790/il/U,bo/mu/no/no/d/846/il/A,0.41
bo/so/no/no/m/790/il/U,bw/st/yes/yes/m/825/il/A,0.32
bo/so/no/no/m/790/il/U,bo/mu/no/no/m/822/il/A,0.41
bo/so/no/no/m/790/il/U,bo/so/no/no/d/814/il/U,1.0
bo/so/no/no/m/790/il/U,bo/so/yes/yes/d/813/il/U,0.53
bo/so/no/no/m/790/il/U,bo/mu/yes/no/d/847/il/A,0.41
bo/so/no/no/m/790/il/U,bo/so/no/yes/m/840/il/A,0.77
bo/so/no/no/m/790/il/U,bw/st/yes/yes/d/849/il/A,0.32
bo/so/no/no/m/790/il/U,bw/so/yes/no/m/835/il/A,0.39
bo/so/no/no/m/790/il/U,bo/st/no/yes/m/832/il/A,0.46
bo/so/no/no/m/790/il/U,bw/st/no/yes/d/804/il/U,0.33
bo/so/no/no/m/790/il/U,bw/st/yes/no/d/803/il/U,0.22
bo/so/no/no/m/790/il/U,bw/so/yes/yes/d/857/il/A,0.38
bo/so/no/no/m/790/il/U,bw/st/no/no/d/850/il/A,0.22
bo/so/no/no/m/790/il/U,bw/so/yes/no/d/859/il/A,0.39
bo/so/no/no/m/790/il/U,bo/so/yes/yes/d/861/il/A,0.53
bo/so/no/no/m/790/il/U,bw/st/no/no/d/802/il/U,0.22
bo/so/no/no/m/790/il/U,bo/st/yes/yes/d/805/il/U,0.45
bo/so/no/no/m/790/il/U,bw/so/yes/yes/m/833/il/A,0.38
bo/so/no/no/m/790/il/U,bw/so/no/no/m/834/il/A,0.39
bo/so/no/no/m/790/il/U,bw/so/no/yes/d/860/il/A,0.38
bo/so/no/no/m/790/il/U,bw/so/no/no/d/858/il/A,0.39
bo/so/no/no/m/790/il/U,bw/st/yes/no/d/851/il/A,0.22
bo/so/no/no/m/790/il/U,bo/st/no/yes/d/856/il/A,0.46
bo/so/no/no/m/790/il/U,bw/mu/yes/no/m/771/il/U,0.39
bo/so/no/no/m/790/il/U,bw/so/yes/yes/m/785/il/U,0.38
bo/so/no/no/m/790/il/U,bo/st/no/no/m/782/il/U,0.46
bo/so/no/no/m/790/il/U,bo/mu/no/yes/m/776/il/U,0.41
bo/so/no/no/m/790/il/U,bw/st/no/no/m/778/il/U,0.22
bo/so/no/no/m/790/il/U,bw/st/yes/no/m/779/il/U,0.22
bo/so/no/no/m/790/il/U,bw/st/yes/yes/m/777/il/U,0.32
bo/so/no/no/m/790/il/U,bo/st/yes/no/m/783/il/U,0.44
bo/so/no/no/m/790/il/U,bo/st/no/yes/m/784/il/U,0.46
bo/so/no/no/m/790/il/U,bw/mu/no/no/m/770/il/U,0.39
bo/so/no/no/m/790/il/U,bo/mu/yes/no/d/799/il/U,0.41
bo/so/no/no/m/790/il/U,bo/mu/yes/yes/d/797/il/U,0.41
bo/so/no/no/m/790/il/U,bo/so/no/no/m/790/il/U,1.0
bo/so/no/no/m/790/il/U,bo/so/yes/no/m/791/il/U,0.57
bo/so/no/no/m/790/il/U,bw/mu/no/yes/d/796/il/U,0.39
bo/so/no/no/m/790/il/U,bo/mu/no/no/d/798/il/U,0.41
bo/so/no/no/m/790/il/U,bo/mu/yes/yes/d/845/il/A,0.41
bo/so/no/no/m/790/il/U,bw/mu/no/no/d/842/il/A,0.39
bo/so/no/no/m/790/il/U,bo/st/yes/yes/m/829/il/A,0.45
bo/so/no/no/m/790/il/U,bo/so/no/yes/d/816/il/U,0.77
bo/so/no/no/m/790/il/U,bw/so/yes/no/d/811/il/U,0.39
bo/so/no/no/m/790/il/U,bw/mu/no/no/m/818/il/A,0.39
bo/so/no/no/m/790/il/U,bw/st/yes/no/m/827/il/A,0.22
bo/so/no/no/m/790/il/U,bw/mu/no/yes/m/820/il/A,0.39
bo/so/no/no/m/790/il/U,bw/mu/yes/no/d/843/il/A,0.39
bo/so/no/no/m/790/il/U,bw/mu/no/yes/d/844/il/A,0.39
bo/so/no/no/m/790/il/U,bo/mu/yes/yes/m/821/il/A,0.41
bo/so/no/no/m/790/il/U,bw/mu/yes/no/m/819/il/A,0.39
bo/so/no/no/m/790/il/U,bw/st/no/no/m/826/il/A,0.22
bo/so/no/no/m/790/il/U,bw/so/no/no/d/810/il/U,0.39
bo/so/no/no/m/790/il/U,bw/st/no/yes/m/828/il/A,0.33
bo/so/no/no/m/790/il/U,bw/mu/yes/yes/m/817/il/A,0.39
bo/so/yes/no/m/791/il/U,bo/st/yes/yes/d/853/il/A,0.6
bo/so/yes/no/m/791/il/U,bo/st/no/no/d/854/il/A,0.6
bo/so/yes/no/m/791/il/U,bo/so/no/no/d/862/il/A,0.57
bo/so/yes/no/m/791/il/U,bo/st/yes/no/m/831/il/A,0.6
bo/so/yes/no/m/791/il/U,bw/so/no/yes/m/836/il/A,0.53
bo/so/yes/no/m/791/il/U,bw/so/yes/yes/d/809/il/U,0.54
bo/so/yes/no/m/791/il/U,bo/mu/no/yes/d/800/il/U,0.54
bo/so/yes/no/m/791/il/U,bo/st/yes/no/d/807/il/U,0.6
bo/so/yes/no/m/791/il/U,bo/so/no/no/m/838/il/A,0.57
bo/so/yes/no/m/791/il/U,bo/so/no/yes/d/864/il/A,0.47
bo/so/yes/no/m/791/il/U,bo/so/yes/no/d/863/il/A,1.0
bo/so/yes/no/m/791/il/U,bo/st/yes/no/d/855/il/A,0.6
bo/so/yes/no/m/791/il/U,bw/st/no/yes/d/852/il/A,0.46
bo/so/yes/no/m/791/il/U,bo/st/no/no/d/806/il/U,0.6
bo/so/yes/no/m/791/il/U,bo/so/yes/no/m/839/il/A,1.0
bo/so/yes/no/m/791/il/U,bw/st/yes/yes/d/801/il/U,0.44
bo/so/yes/no/m/791/il/U,bo/so/yes/yes/m/837/il/A,0.75
bo/so/yes/no/m/791/il/U,bo/st/no/yes/d/808/il/U,0.6
bo/so/yes/no/m/791/il/U,bo/st/no/no/m/830/il/A,0.6
bo/so/yes/no/m/791/il/U,bo/st/yes/yes/m/781/il/U,0.6
bo/so/yes/no/m/791/il/U,bo/mu/yes/no/m/775/il/U,0.53
bo/so/yes/no/m/791/il/U,bw/mu/no/yes/m/772/il/U,0.51
bo/so/yes/no/m/791/il/U,bw/so/no/no/m/786/il/U,0.57
bo/so/yes/no/m/791/il/U,bw/so/no/yes/m/788/il/U,0.53
bo/so/yes/no/m/791/il/U,bo/so/yes/yes/m/789/il/U,0.75
bo/so/yes/no/m/791/il/U,bw/so/yes/no/m/787/il/U,0.59
bo/so/yes/no/m/791/il/U,bo/mu/yes/yes/m/773/il/U,0.53
bo/so/yes/no/m/791/il/U,bo/mu/no/no/m/774/il/U,0.53
bo/so/yes/no/m/791/il/U,bw/st/no/yes/m/780/il/U,0.46
bo/so/yes/no/m/791/il/U,bw/mu/yes/yes/m/769/il/U,0.51
bo/so/yes/no/m/791/il/U,bw/mu/yes/yes/d/793/il/U,0.51
bo/so/yes/no/m/791/il/U,bw/mu/no/no/d/794/il/U,0.51
bo/so/yes/no/m/791/il/U,bw/mu/yes/no/d/795/il/U,0.51
bo/so/yes/no/m/791/il/U,bo/so/no/yes/m/792/il/U,0.47
bo/so/yes/no/m/791/il/U,bw/so/no/yes/d/812/il/U,0.53
bo/so/yes/no/m/791/il/U,bo/so/yes/no/d/815/il/U,1.0
bo/so/yes/no/m/791/il/U,bo/mu/yes/no/m/823/il/A,0.53
bo/so/yes/no/m/791/il/U,bo/mu/no/yes/m/824/il/A,0.54
bo/so/yes/no/m/791/il/U,bo/mu/no/yes/d/848/il/A,0.54
bo/so/yes/no/m/791/il/U,bw/mu/yes/yes/d/841/il/A,0.51
bo/so/yes/no/m/791/il/U,bo/mu/no/no/d/846/il/A,0.53
bo/so/yes/no/m/791/il/U,bw/st/yes/yes/m/825/il/A,0.44
bo/so/yes/no/m/791/il/U,bo/mu/no/no/m/822/il/A,0.53
bo/so/yes/no/m/791/il/U,bo/so/no/no/d/814/il/U,0.57
bo/so/yes/no/m/791/il/U,bo/so/yes/yes/d/813/il/U,0.75
bo/so/yes/no/m/791/il/U,bo/mu/yes/no/d/847/il/A,0.53
bo/so/yes/no/m/791/il/U,bo/so/no/yes/m/840/il/A,0.47
bo/so/yes/no/m/791/il/U,bw/st/yes/yes/d/849/il/A,0.44
bo/so/yes/no/m/791/il/U,bw/so/yes/no/m/835/il/A,0.59
bo/so/yes/no/m/791/il/U,bo/st/no/yes/m/832/il/A,0.6
bo/so/yes/no/m/791/il/U,bw/st/no/yes/d/804/il/U,0.46
bo/so/yes/no/m/791/il/U,bw/st/yes/no/d/803/il/U,0.31
bo/so/yes/no/m/791/il/U,bw/so/yes/yes/d/857/il/A,0.54
bo/so/yes/no/m/791/il/U,bw/st/no/no/d/850/il/A,0.32
bo/so/yes/no/m/791/il/U,bw/so/yes/no/d/859/il/A,0.59
bo/so/yes/no/m/791/il/U,bo/so/yes/yes/d/861/il/A,0.75
bo/so/yes/no/m/791/il/U,bw/st/no/no/d/802/il/U,0.32
bo/so/yes/no/m/791/il/U,bo/st/yes/yes/d/805/il/U,0.6
bo/so/yes/no/m/791/il/U,bw/so/yes/yes/m/833/il/A,0.54
bo/so/yes/no/m/791/il/U,bw/so/no/no/m/834/il/A,0.57
bo/so/yes/no/m/791/il/U,bw/so/no/yes/d/860/il/A,0.53
bo/so/yes/no/m/791/il/U,bw/so/no/no/d/858/il/A,0.57
bo/so/yes/no/m/791/il/U,bw/st/yes/no/d/851/il/A,0.31
bo/so/yes/no/m/791/il/U,bo/st/no/yes/d/856/il/A,0.6
bo/so/yes/no/m/791/il/U,bw/mu/yes/no/m/771/il/U,0.51
bo/so/yes/no/m/791/il/U,bw/so/yes/yes/m/785/il/U,0.54
bo/so/yes/no/m/791/il/U,bo/st/no/no/m/782/il/U,0.6
bo/so/yes/no/m/791/il/U,bo/mu/no/yes/m/776/il/U,0.54
bo/so/yes/no/m/791/il/U,bw/st/no/no/m/778/il/U,0.32
bo/so/yes/no/m/791/il/U,bw/st/yes/no/m/779/il/U,0.31
bo/so/yes/no/m/791/il/U,bw/st/yes/yes/m/777/il/U,0.44
bo/so/yes/no/m/791/il/U,bo/st/yes/no/m/783/il/U,0.6
bo/so/yes/no/m/791/il/U,bo/st/no/yes/m/784/il/U,0.6
bo/so/yes/no/m/791/il/U,bw/mu/no/no/m/770/il/U,0.51
bo/so/yes/no/m/791/il/U,bo/mu/yes/no/d/799/il/U,0.53
bo/so/yes/no/m/791/il/U,bo/mu/yes/yes/d/797/il/U,0.53
bo/so/yes/no/m/791/il/U,bo/so/no/no/m/790/il/U,0.57
bo/so/yes/no/m/791/il/U,bo/so/yes/no/m/791/il/U,1.0
bo/so/yes/no/m/791/il/U,bw/mu/no/yes/d/796/il/U,0.51
bo/so/yes/no/m/791/il/U,bo/mu/no/no/d/798/il/U,0.53
bo/so/yes/no/m/791/il/U,bo/mu/yes/yes/d/845/il/A,0.53
bo/so/yes/no/m/791/il/U,bw/mu/no/no/d/842/il/A,0.51
bo/so/yes/no/m/791/il/U,bo/st/yes/yes/m/829/il/A,0.6
bo/so/yes/no/m/791/il/U,bo/so/no/yes/d/816/il/U,0.47
bo/so/yes/no/m/791/il/U,bw/so/yes/no/d/811/il/U,0.59
bo/so/yes/no/m/791/il/U,bw/mu/no/no/m/818/il/A,0.51
bo/so/yes/no/m/791/il/U,bw/st/yes/no/m/827/il/A,0.31
bo/so/yes/no/m/791/il/U,bw/mu/no/yes/m/820/il/A,0.51
bo/so/yes/no/m/791/il/U,bw/mu/yes/no/d/843/il/A,0.51
bo/so/yes/no/m/791/il/U,bw/mu/no/yes/d/844/il/A,0.51
bo/so/yes/no/m/791/il/U,bo/mu/yes/yes/m/821/il/A,0.53
bo/so/yes/no/m/791/il/U,bw/mu/yes/no/m/819/il/A,0.51
bo/so/yes/no/m/791/il/U,bw/st/no/no/m/826/il/A,0.32
bo/so/yes/no/m/791/il/U,bw/so/no/no/d/810/il/U,0.57
bo/so/yes/no/m/791/il/U,bw/st/no/yes/m/828/il/A,0.46
bo/so/yes/no/m/791/il/U,bw/mu/yes/yes/m/817/il/A,0.51
bw/mu/no/yes/d/796/il/U,bo/st/yes/yes/d/853/il/A,0.69
bw/mu/no/yes/d/796/il/U,bo/st/no/no/d/854/il/A,0.67
bw/mu/no/yes/d/796/il/U,bo/so/no/no/d/862/il/A,0.39
bw/mu/no/yes/d/796/il/U,bo/st/yes/no/m/831/il/A,0.67
bw/mu/no/yes/d/796/il/U,bw/so/no/yes/m/836/il/A,0.49
bw/mu/no/yes/d/796/il/U,bw/so/yes/yes/d/809/il/U,0.49
bw/mu/no/yes/d/796/il/U,bo/mu/no/yes/d/800/il/U,0.89
bw/mu/no/yes/d/796/il/U,bo/st/yes/no/d/807/il/U,0.67
bw/mu/no/yes/d/796/il/U,bo/so/no/no/m/838/il/A,0.39
bw/mu/no/yes/d/796/il/U,bo/so/no/yes/d/864/il/A,0.4
bw/mu/no/yes/d/796/il/U,bo/so/yes/no/d/863/il/A,0.51
bw/mu/no/yes/d/796/il/U,bo/st/yes/no/d/855/il/A,0.67
bw/mu/no/yes/d/796/il/U,bw/st/no/yes/d/852/il/A,0.65
bw/mu/no/yes/d/796/il/U,bo/st/no/no/d/806/il/U,0.67
bw/mu/no/yes/d/796/il/U,bo/so/yes/no/m/839/il/A,0.51
bw/mu/no/yes/d/796/il/U,bw/st/yes/yes/d/801/il/U,0.62
bw/mu/no/yes/d/796/il/U,bo/so/yes/yes/m/837/il/A,0.56
bw/mu/no/yes/d/796/il/U,bo/st/no/yes/d/808/il/U,0.69
bw/mu/no/yes/d/796/il/U,bo/st/no/no/m/830/il/A,0.67
bw/mu/no/yes/d/796/il/U,bo/st/yes/yes/m/781/il/U,0.69
bw/mu/no/yes/d/796/il/U,bo/mu/yes/no/m/775/il/U,0.89
bw/mu/no/yes/d/796/il/U,bw/mu/no/yes/m/772/il/U,1.0
bw/mu/no/yes/d/796/il/U,bw/so/no/no/m/786/il/U,0.46
bw/mu/no/yes/d/796/il/U,bw/so/no/yes/m/788/il/U,0.49
bw/mu/no/yes/d/796/il/U,bo/so/yes/yes/m/789/il/U,0.56
bw/mu/no/yes/d/796/il/U,bw/so/yes/no/m/787/il/U,0.47
bw/mu/no/yes/d/796/il/U,bo/mu/yes/yes/m/773/il/U,0.9
bw/mu/no/yes/d/796/il/U,bo/mu/no/no/m/774/il/U,0.88
bw/mu/no/yes/d/796/il/U,bw/st/no/yes/m/780/il/U,0.65
bw/mu/no/yes/d/796/il/U,bw/mu/yes/yes/m/769/il/U,0.98
bw/mu/no/yes/d/796/il/U,bw/mu/yes/yes/d/793/il/U,0.98
bw/mu/no/yes/d/796/il/U,bw/mu/no/no/d/794/il/U,0.93
bw/mu/no/yes/d/796/il/U,bw/mu/yes/no/d/795/il/U,0.93
bw/mu/no/yes/d/796/il/U,bo/so/no/yes/m/792/il/U,0.4
bw/mu/no/yes/d/796/il/U,bw/so/no/yes/d/812/il/U,0.49
bw/mu/no/yes/d/796/il/U,bo/so/yes/no/d/815/il/U,0.51
bw/mu/no/yes/d/796/il/U,bo/mu/yes/no/m/823/il/A,0.89
bw/mu/no/yes/d/796/il/U,bo/mu/no/yes/m/824/il/A,0.89
bw/mu/no/yes/d/796/il/U,bo/mu/no/yes/d/848/il/A,0.89
bw/mu/no/yes/d/796/il/U,bw/mu/yes/yes/d/841/il/A,0.98
bw/mu/no/yes/d/796/il/U,bo/mu/no/no/d/846/il/A,0.88
bw/mu/no/yes/d/796/il/U,bw/st/yes/yes/m/825/il/A,0.62
bw/mu/no/yes/d/796/il/U,bo/mu/no/no/m/822/il/A,0.88
bw/mu/no/yes/d/796/il/U,bo/so/no/no/d/814/il/U,0.39
bw/mu/no/yes/d/796/il/U,bo/so/yes/yes/d/813/il/U,0.56
bw/mu/no/yes/d/796/il/U,bo/mu/yes/no/d/847/il/A,0.89
bw/mu/no/yes/d/796/il/U,bo/so/no/yes/m/840/il/A,0.4
bw/mu/no/yes/d/796/il/U,bw/st/yes/yes/d/849/il/A,0.62
bw/mu/no/yes/d/796/il/U,bw/so/yes/no/m/835/il/A,0.47
bw/mu/no/yes/d/796/il/U,bo/st/no/yes/m/832/il/A,0.69
bw/mu/no/yes/d/796/il/U,bw/st/no/yes/d/804/il/U,0.65
bw/mu/no/yes/d/796/il/U,bw/st/yes/no/d/803/il/U,0.42
bw/mu/no/yes/d/796/il/U,bw/so/yes/yes/d/857/il/A,0.49
bw/mu/no/yes/d/796/il/U,bw/st/no/no/d/850/il/A,0.43
bw/mu/no/yes/d/796/il/U,bw/so/yes/no/d/859/il/A,0.47
bw/mu/no/yes/d/796/il/U,bo/so/yes/yes/d/861/il/A,0.56
bw/mu/no/yes/d/796/il/U,bw/st/no/no/d/802/il/U,0.43
bw/mu/no/yes/d/796/il/U,bo/st/yes/yes/d/805/il/U,0.69
bw/mu/no/yes/d/796/il/U,bw/so/yes/yes/m/833/il/A,0.49
bw/mu/no/yes/d/796/il/U,bw/so/no/no/m/834/il/A,0.46
bw/mu/no/yes/d/796/il/U,bw/so/no/yes/d/860/il/A,0.49
bw/mu/no/yes/d/796/il/U,bw/so/no/no/d/858/il/A,0.46
bw/mu/no/yes/d/796/il/U,bw/st/yes/no/d/851/il/A,0.42
bw/mu/no/yes/d/796/il/U,bo/st/no/yes/d/856/il/A,0.69
bw/mu/no/yes/d/796/il/U,bw/mu/yes/no/m/771/il/U,0.93
bw/mu/no/yes/d/796/il/U,bw/so/yes/yes/m/785/il/U,0.49
bw/mu/no/yes/d/796/il/U,bo/st/no/no/m/782/il/U,0.67
bw/mu/no/yes/d/796/il/U,bo/mu/no/yes/m/776/il/U,0.89
bw/mu/no/yes/d/796/il/U,bw/st/no/no/m/778/il/U,0.43
bw/mu/no/yes/d/796/il/U,bw/st/yes/no/m/779/il/U,0.42
bw/mu/no/yes/d/796/il/U,bw/st/yes/yes/m/777/il/U,0.62
bw/mu/no/yes/d/796/il/U,bo/st/yes/no/m/783/il/U,0.67
bw/mu/no/yes/d/796/il/U,bo/st/no/yes/m/784/il/U,0.69
bw/mu/no/yes/d/796/il/U,bw/mu/no/no/m/770/il/U,0.93
bw/mu/no/yes/d/796/il/U,bo/mu/yes/no/d/799/il/U,0.89
bw/mu/no/yes/d/796/il/U,bo/mu/yes/yes/d/797/il/U,0.9
bw/mu/no/yes/d/796/il/U,bo/so/no/no/m/790/il/U,0.39
bw/mu/no/yes/d/796/il/U,bo/so/yes/no/m/791/il/U,0.51
bw/mu/no/yes/d/796/il/U,bw/mu/no/yes/d/796/il/U,1.0
bw/mu/no/yes/d/796/il/U,bo/mu/no/no/d/798/il/U,0.88
bw/mu/no/yes/d/796/il/U,bo/mu/yes/yes/d/845/il/A,0.9
bw/mu/no/yes/d/796/il/U,bw/mu/no/no/d/842/il/A,0.93
bw/mu/no/yes/d/796/il/U,bo/st/yes/yes/m/829/il/A,0.69
bw/mu/no/yes/d/796/il/U,bo/so/no/yes/d/816/il/U,0.4
bw/mu/no/yes/d/796/il/U,bw/so/yes/no/d/811/il/U,0.47
bw/mu/no/yes/d/796/il/U,bw/mu/no/no/m/818/il/A,0.93
bw/mu/no/yes/d/796/il/U,bw/st/yes/no/m/827/il/A,0.42
bw/mu/no/yes/d/796/il/U,bw/mu/no/yes/m/820/il/A,1.0
bw/mu/no/yes/d/796/il/U,bw/mu/yes/no/d/843/il/A,0.93
bw/mu/no/yes/d/796/il/U,bw/mu/no/yes/d/844/il/A,1.0
bw/mu/no/yes/d/796/il/U,bo/mu/yes/yes/m/821/il/A,0.9
bw/mu/no/yes/d/796/il/U,bw/mu/yes/no/m/819/il/A,0.93
bw/mu/no/yes/d/796/il/U,bw/st/no/no/m/826/il/A,0.43
bw/mu/no/yes/d/796/il/U,bw/so/no/no/d/810/il/U,0.46
bw/mu/no/yes/d/796/il/U,bw/st/no/yes/m/828/il/A,0.65
bw/mu/no/yes/d/796/il/U,bw/mu/yes/yes/m/817/il/A,0.98
bo/mu/no/no/d/798/il/U,bo/st/yes/yes/d/853/il/A,0.7
bo/mu/no/no/d/798/il/U,bo/st/no/no/d/854/il/A,0.68
bo/mu/no/no/d/798/il/U,bo/so/no/no/d/862/il/A,0.41
bo/mu/no/no/d/798/il/U,bo/st/yes/no/m/831/il/A,0.68
bo/mu/no/no/d/798/il/U,bw/so/no/yes/m/836/il/A,0.49
bo/mu/no/no/d/798/il/U,bw/so/yes/yes/d/809/il/U,0.48
bo/mu/no/no/d/798/il/U,bo/mu/no/yes/d/800/il/U,0.95
bo/mu/no/no/d/798/il/U,bo/st/yes/no/d/807/il/U,0.68
bo/mu/no/no/d/798/il/U,bo/so/no/no/m/838/il/A,0.41
bo/mu/no/no/d/798/il/U,bo/so/no/yes/d/864/il/A,0.42
bo/mu/no/no/d/798/il/U,bo/so/yes/no/d/863/il/A,0.53
bo/mu/no/no/d/798/il/U,bo/st/yes/no/d/855/il/A,0.68
bo/mu/no/no/d/798/il/U,bw/st/no/yes/d/852/il/A,0.61
bo/mu/no/no/d/798/il/U,bo/st/no/no/d/806/il/U,0.68
bo/mu/no/no/d/798/il/U,bo/so/yes/no/m/839/il/A,0.53
bo/mu/no/no/d/798/il/U,bw/st/yes/yes/d/801/il/U,0.58
bo/mu/no/no/d/798/il/U,bo/so/yes/yes/m/837/il/A,0.58
bo/mu/no/no/d/798/il/U,bo/st/no/yes/d/808/il/U,0.71
bo/mu/no/no/d/798/il/U,bo/st/no/no/m/830/il/A,0.68
bo/mu/no/no/d/798/il/U,bo/st/yes/yes/m/781/il/U,0.7
bo/mu/no/no/d/798/il/U,bo/mu/yes/no/m/775/il/U,0.96
bo/mu/no/no/d/798/il/U,bw/mu/no/yes/m/772/il/U,0.88
bo/mu/no/no/d/798/il/U,bw/so/no/no/m/786/il/U,0.46
bo/mu/no/no/d/798/il/U,bw/so/no/yes/m/788/il/U,0.49
bo/mu/no/no/d/798/il/U,bo/so/yes/yes/m/789/il/U,0.58
bo/mu/no/no/d/798/il/U,bw/so/yes/no/m/787/il/U,0.46
bo/mu/no/no/d/798/il/U,bo/mu/yes/yes/m/773/il/U,0.93
bo/mu/no/no/d/798/il/U,bo/mu/no/no/m/774/il/U,1.0
bo/mu/no/no/d/798/il/U,bw/st/no/yes/m/780/il/U,0.61
bo/mu/no/no/d/798/il/U,bw/mu/yes/yes/m/769/il/U,0.88
bo/mu/no/no/d/798/il/U,bw/mu/yes/yes/d/793/il/U,0.88
bo/mu/no/no/d/798/il/U,bw/mu/no/no/d/794/il/U,0.89
bo/mu/no/no/d/798/il/U,bw/mu/yes/no/d/795/il/U,0.89
bo/mu/no/no/d/798/il/U,bo/so/no/yes/m/792/il/U,0.42
bo/mu/no/no/d/798/il/U,bw/so/no/yes/d/812/il/U,0.49
bo/mu/no/no/d/798/il/U,bo/so/yes/no/d/815/il/U,0.53
bo/mu/no/no/d/798/il/U,bo/mu/yes/no/m/823/il/A,0.96
bo/mu/no/no/d/798/il/U,bo/mu/no/yes/m/824/il/A,0.95
bo/mu/no/no/d/798/il/U,bo/mu/no/yes/d/848/il/A,0.95
bo/mu/no/no/d/798/il/U,bw/mu/yes/yes/d/841/il/A,0.88
bo/mu/no/no/d/798/il/U,bo/mu/no/no/d/846/il/A,1.0
bo/mu/no/no/d/798/il/U,bw/st/yes/yes/m/825/il/A,0.58
bo/mu/no/no/d/798/il/U,bo/mu/no/no/m/822/il/A,1.0
bo/mu/no/no/d/798/il/U,bo/so/no/no/d/814/il/U,0.41
bo/mu/no/no/d/798/il/U,bo/so/yes/yes/d/813/il/U,0.58
bo/mu/no/no/d/798/il/U,bo/mu/yes/no/d/847/il/A,0.96
bo/mu/no/no/d/798/il/U,bo/so/no/yes/m/840/il/A,0.42
bo/mu/no/no/d/798/il/U,bw/st/yes/yes/d/849/il/A,0.58
bo/mu/no/no/d/798/il/U,bw/so/yes/no/m/835/il/A,0.46
bo/mu/no/no/d/798/il/U,bo/st/no/yes/m/832/il/A,0.71
bo/mu/no/no/d/798/il/U,bw/st/no/yes/d/804/il/U,0.61
bo/mu/no/no/d/798/il/U,bw/st/yes/no/d/803/il/U,0.39
bo/mu/no/no/d/798/il/U,bw/so/yes/yes/d/857/il/A,0.48
bo/mu/no/no/d/798/il/U,bw/st/no/no/d/850/il/A,0.39
bo/mu/no/no/d/798/il/U,bw/so/yes/no/d/859/il/A,0.46
bo/mu/no/no/d/798/il/U,bo/so/yes/yes/d/861/il/A,0.58
bo/mu/no/no/d/798/il/U,bw/st/no/no/d/802/il/U,0.39
bo/mu/no/no/d/798/il/U,bo/st/yes/yes/d/805/il/U,0.7
bo/mu/no/no/d/798/il/U,bw/so/yes/yes/m/833/il/A,0.48
bo/mu/no/no/d/798/il/U,bw/so/no/no/m/834/il/A,0.46
bo/mu/no/no/d/798/il/U,bw/so/no/yes/d/860/il/A,0.49
bo/mu/no/no/d/798/il/U,bw/so/no/no/d/858/il/A,0.46
bo/mu/no/no/d/798/il/U,bw/st/yes/no/d/851/il/A,0.39
bo/mu/no/no/d/798/il/U,bo/st/no/yes/d/856/il/A,0.71
bo/mu/no/no/d/798/il/U,bw/mu/yes/no/m/771/il/U,0.89
bo/mu/no/no/d/798/il/U,bw/so/yes/yes/m/785/il/U,0.48
bo/mu/no/no/d/798/il/U,bo/st/no/no/m/782/il/U,0.68
bo/mu/no/no/d/798/il/U,bo/mu/no/yes/m/776/il/U,0.95
bo/mu/no/no/d/798/il/U,bw/st/no/no/m/778/il/U,0.39
bo/mu/no/no/d/798/il/U,bw/st/yes/no/m/779/il/U,0.39
bo/mu/no/no/d/798/il/U,bw/st/yes/yes/m/777/il/U,0.58
bo/mu/no/no/d/798/il/U,bo/st/yes/no/m/783/il/U,0.68
bo/mu/no/no/d/798/il/U,bo/st/no/yes/m/784/il/U,0.71
bo/mu/no/no/d/798/il/U,bw/mu/no/no/m/770/il/U,0.89
bo/mu/no/no/d/798/il/U,bo/mu/yes/no/d/799/il/U,0.96
bo/mu/no/no/d/798/il/U,bo/mu/yes/yes/d/797/il/U,0.93
bo/mu/no/no/d/798/il/U,bo/so/no/no/m/790/il/U,0.41
bo/mu/no/no/d/798/il/U,bo/so/yes/no/m/791/il/U,0.53
bo/mu/no/no/d/798/il/U,bw/mu/no/yes/d/796/il/U,0.88
bo/mu/no/no/d/798/il/U,bo/mu/no/no/d/798/il/U,1.0
bo/mu/no/no/d/798/il/U,bo/mu/yes/yes/d/845/il/A,0.93
bo/mu/no/no/d/798/il/U,bw/mu/no/no/d/842/il/A,0.89
bo/mu/no/no/d/798/il/U,bo/st/yes/yes/m/829/il/A,0.7
bo/mu/no/no/d/798/il/U,bo/so/no/yes/d/816/il/U,0.42
bo/mu/no/no/d/798/il/U,bw/so/yes/no/d/811/il/U,0.46
bo/mu/no/no/d/798/il/U,bw/mu/no/no/m/818/il/A,0.89
bo/mu/no/no/d/798/il/U,bw/st/yes/no/m/827/il/A,0.39
bo/mu/no/no/d/798/il/U,bw/mu/no/yes/m/820/il/A,0.88
bo/mu/no/no/d/798/il/U,bw/mu/yes/no/d/843/il/A,0.89
bo/mu/no/no/d/798/il/U,bw/mu/no/yes/d/844/il/A,0.88
bo/mu/no/no/d/798/il/U,bo/mu/yes/yes/m/821/il/A,0.93
bo/mu/no/no/d/798/il/U,bw/mu/yes/no/m/819/il/A,0.89
bo/mu/no/no/d/798/il/U,bw/st/no/no/m/826/il/A,0.39
bo/mu/no/no/d/798/il/U,bw/so/no/no/d/810/il/U,0.46
bo/mu/no/no/d/798/il/U,bw/st/no/yes/m/828/il/A,0.61
bo/mu/no/no/d/798/il/U,bw/mu/yes/yes/m/817/il/A,0.88
bo/mu/yes/yes/d/845/il/A,bo/st/yes/yes/d/853/il/A,0.71
bo/mu/yes/yes/d/845/il/A,bo/st/no/no/d/854/il/A,0.69
bo/mu/yes/yes/d/845/il/A,bo/so/no/no/d/862/il/A,0.41
bo/mu/yes/yes/d/845/il/A,bo/st/yes/no/m/831/il/A,0.69
bo/mu/yes/yes/d/845/il/A,bw/so/no/yes/m/836/il/A,0.5
bo/mu/yes/yes/d/845/il/A,bw/so/yes/yes/d/809/il/U,0.49
bo/mu/yes/yes/d/845/il/A,bo/mu/no/yes/d/800/il/U,0.96
bo/mu/yes/yes/d/845/il/A,bo/st/yes/no/d/807/il/U,0.69
bo/mu/yes/yes/d/845/il/A,bo/so/no/no/m/838/il/A,0.41
bo/mu/yes/yes/d/845/il/A,bo/so/no/yes/d/864/il/A,0.42
bo/mu/yes/yes/d/845/il/A,bo/so/yes/no/d/863/il/A,0.53
bo/mu/yes/yes/d/845/il/A,bo/st/yes/no/d/855/il/A,0.69
bo/mu/yes/yes/d/845/il/A,bw/st/no/yes/d/852/il/A,0.63
bo/mu/yes/yes/d/845/il/A,bo/st/no/no/d/806/il/U,0.69
bo/mu/yes/yes/d/845/il/A,bo/so/yes/no/m/839/il/A,0.53
bo/mu/yes/yes/d/845/il/A,bw/st/yes/yes/d/801/il/U,0.6
bo/mu/yes/yes/d/845/il/A,bo/so/yes/yes/m/837/il/A,0.59
bo/mu/yes/yes/d/845/il/A,bo/st/no/yes/d/808/il/U,0.71
bo/mu/yes/yes/d/845/il/A,bo/st/no/no/m/830/il/A,0.69
bo/mu/yes/yes/d/845/il/A,bo/st/yes/yes/m/781/il/U,0.71
bo/mu/yes/yes/d/845/il/A,bo/mu/yes/no/m/775/il/U,0.95
bo/mu/yes/yes/d/845/il/A,bw/mu/no/yes/m/772/il/U,0.9
bo/mu/yes/yes/d/845/il/A,bw/so/no/no/m/786/il/U,0.46
bo/mu/yes/yes/d/845/il/A,bw/so/no/yes/m/788/il/U,0.5
bo/mu/yes/yes/d/845/il/A,bo/so/yes/yes/m/789/il/U,0.59
bo/mu/yes/yes/d/845/il/A,bw/so/yes/no/m/787/il/U,0.47
bo/mu/yes/yes/d/845/il/A,bo/mu/yes/yes/m/773/il/U,1.0
bo/mu/yes/yes/d/845/il/A,bo/mu/no/no/m/774/il/U,0.93
bo/mu/yes/yes/d/845/il/A,bw/st/no/yes/m/780/il/U,0.63
bo/mu/yes/yes/d/845/il/A,bw/mu/yes/yes/m/769/il/U,0.91
bo/mu/yes/yes/d/845/il/A,bw/mu/yes/yes/d/793/il/U,0.91
bo/mu/yes/yes/d/845/il/A,bw/mu/no/no/d/794/il/U,0.88
bo/mu/yes/yes/d/845/il/A,bw/mu/yes/no/d/795/il/U,0.88
bo/mu/yes/yes/d/845/il/A,bo/so/no/yes/m/792/il/U,0.42
bo/mu/yes/yes/d/845/il/A,bw/so/no/yes/d/812/il/U,0.5
bo/mu/yes/yes/d/845/il/A,bo/so/yes/no/d/815/il/U,0.53
bo/mu/yes/yes/d/845/il/A,bo/mu/yes/no/m/823/il/A,0.95
bo/mu/yes/yes/d/845/il/A,bo/mu/no/yes/m/824/il/A,0.96
bo/mu/yes/yes/d/845/il/A,bo/mu/no/yes/d/848/il/A,0.96
bo/mu/yes/yes/d/845/il/A,bw/mu/yes/yes/d/841/il/A,0.91
bo/mu/yes/yes/d/845/il/A,bo/mu/no/no/d/846/il/A,0.93
bo/mu/yes/yes/d/845/il/A,bw/st/yes/yes/m/825/il/A,0.6
bo/mu/yes/yes/d/845/il/A,bo/mu/no/no/m/822/il/A,0.93
bo/mu/yes/yes/d/845/il/A,bo/so/no/no/d/814/il/U,0.41
bo/mu/yes/yes/d/845/il/A,bo/so/yes/yes/d/813/il/U,0.59
bo/mu/yes/yes/d/845/il/A,bo/mu/yes/no/d/847/il/A,0.95
bo/mu/yes/yes/d/845/il/A,bo/so/no/yes/m/840/il/A,0.42
bo/mu/yes/yes/d/845/il/A,bw/st/yes/yes/d/849/il/A,0.6
bo/mu/yes/yes/d/845/il/A,bw/so/yes/no/m/835/il/A,0.47
bo/mu/yes/yes/d/845/il/A,bo/st/no/yes/m/832/il/A,0.71
bo/mu/yes/yes/d/845/il/A,bw/st/no/yes/d/804/il/U,0.63
bo/mu/yes/yes/d/845/il/A,bw/st/yes/no/d/803/il/U,0.4
bo/mu/yes/yes/d/845/il/A,bw/so/yes/yes/d/857/il/A,0.49
bo/mu/yes/yes/d/845/il/A,bw/st/no/no/d/850/il/A,0.4
bo/mu/yes/yes/d/845/il/A,bw/so/yes/no/d/859/il/A,0.47
bo/mu/yes/yes/d/845/il/A,bo/so/yes/yes/d/861/il/A,0.59
bo/mu/yes/yes/d/845/il/A,bw/st/no/no/d/802/il/U,0.4
bo/mu/yes/yes/d/845/il/A,bo/st/yes/yes/d/805/il/U,0.71
bo/mu/yes/yes/d/845/il/A,bw/so/yes/yes/m/833/il/A,0.49
bo/mu/yes/yes/d/845/il/A,bw/so/no/no/m/834/il/A,0.46
bo/mu/yes/yes/d/845/il/A,bw/so/no/yes/d/860/il/A,0.5
bo/mu/yes/yes/d/845/il/A,bw/so/no/no/d/858/il/A,0.46
bo/mu/yes/yes/d/845/il/A,bw/st/yes/no/d/851/il/A,0.4
bo/mu/yes/yes/d/845/il/A,bo/st/no/yes/d/856/il/A,0.71
bo/mu/yes/yes/d/845/il/A,bw/mu/yes/no/m/771/il/U,0.88
bo/mu/yes/yes/d/845/il/A,bw/so/yes/yes/m/785/il/U,0.49
bo/mu/yes/yes/d/845/il/A,bo/st/no/no/m/782/il/U,0.69
bo/mu/yes/yes/d/845/il/A,bo/mu/no/yes/m/776/il/U,0.96
bo/mu/yes/yes/d/845/il/A,bw/st/no/no/m/778/il/U,0.4
bo/mu/yes/yes/d/845/il/A,bw/st/yes/no/m/779/il/U,0.4
bo/mu/yes/yes/d/845/il/A,bw/st/yes/yes/m/777/il/U,0.6
bo/mu/yes/yes/d/845/il/A,bo/st/yes/no/m/783/il/U,0.69
bo/mu/yes/yes/d/845/il/A,bo/st/no/yes/m/784/il/U,0.71
bo/mu/yes/yes/d/845/il/A,bw/mu/no/no/m/770/il/U,0.88
bo/mu/yes/yes/d/845/il/A,bo/mu/yes/no/d/799/il/U,0.95
bo/mu/yes/yes/d/845/il/A,bo/mu/yes/yes/d/797/il/U,1.0
bo/mu/yes/yes/d/845/il/A,bo/so/no/no/m/790/il/U,0.41
bo/mu/yes/yes/d/845/il/A,bo/so/yes/no/m/791/il/U,0.53
bo/mu/yes/yes/d/845/il/A,bw/mu/no/yes/d/796/il/U,0.9
bo/mu/yes/yes/d/845/il/A,bo/mu/no/no/d/798/il/U,0.93
bo/mu/yes/yes/d/845/il/A,bo/mu/yes/yes/d/845/il/A,1.0
bo/mu/yes/yes/d/845/il/A,bw/mu/no/no/d/842/il/A,0.88
bo/mu/yes/yes/d/845/il/A,bo/st/yes/yes/m/829/il/A,0.71
bo/mu/yes/yes/d/845/il/A,bo/so/no/yes/d/816/il/U,0.42
bo/mu/yes/yes/d/845/il/A,bw/so/yes/no/d/811/il/U,0.47
bo/mu/yes/yes/d/845/il/A,bw/mu/no/no/m/818/il/A,0.88
bo/mu/yes/yes/d/845/il/A,bw/st/yes/no/m/827/il/A,0.4
bo/mu/yes/yes/d/845/il/A,bw/mu/no/yes/m/820/il/A,0.9
bo/mu/yes/yes/d/845/il/A,bw/mu/yes/no/d/843/il/A,0.88
bo/mu/yes/yes/d/845/il/A,bw/mu/no/yes/d/844/il/A,0.9
bo/mu/yes/yes/d/845/il/A,bo/mu/yes/yes/m/821/il/A,1.0
bo/mu/yes/yes/d/845/il/A,bw/mu/yes/no/m/819/il/A,0.88
bo/mu/yes/yes/d/845/il/A,bw/st/no/no/m/826/il/A,0.4
bo/mu/yes/yes/d/845/il/A,bw/so/no/no/d/810/il/U,0.46
bo/mu/yes/yes/d/845/il/A,bw/st/no/yes/m/828/il/A,0.63
bo/mu/yes/yes/d/845/il/A,bw/mu/yes/yes/m/817/il/A,0.91
bw/mu/no/no/d/842/il/A,bo/st/yes/yes/d/853/il/A,0.68
bw/mu/no/no/d/842/il/A,bo/st/no/no/d/854/il/A,0.66
bw/mu/no/no/d/842/il/A,bo/so/no/no/d/862/il/A,0.39
bw/mu/no/no/d/842/il/A,bo/st/yes/no/m/831/il/A,0.67
bw/mu/no/no/d/842/il/A,bw/so/no/yes/m/836/il/A,0.49
bw/mu/no/no/d/842/il/A,bw/so/yes/yes/d/809/il/U,0.48
bw/mu/no/no/d/842/il/A,bo/mu/no/yes/d/800/il/U,0.88
bw/mu/no/no/d/842/il/A,bo/st/yes/no/d/807/il/U,0.67
bw/mu/no/no/d/842/il/A,bo/so/no/no/m/838/il/A,0.39
bw/mu/no/no/d/842/il/A,bo/so/no/yes/d/864/il/A,0.4
bw/mu/no/no/d/842/il/A,bo/so/yes/no/d/863/il/A,0.51
bw/mu/no/no/d/842/il/A,bo/st/yes/no/d/855/il/A,0.67
bw/mu/no/no/d/842/il/A,bw/st/no/yes/d/852/il/A,0.64
bw/mu/no/no/d/842/il/A,bo/st/no/no/d/806/il/U,0.66
bw/mu/no/no/d/842/il/A,bo/so/yes/no/m/839/il/A,0.51
bw/mu/no/no/d/842/il/A,bw/st/yes/yes/d/801/il/U,0.61
bw/mu/no/no/d/842/il/A,bo/so/yes/yes/m/837/il/A,0.55
bw/mu/no/no/d/842/il/A,bo/st/no/yes/d/808/il/U,0.69
bw/mu/no/no/d/842/il/A,bo/st/no/no/m/830/il/A,0.66
bw/mu/no/no/d/842/il/A,bo/st/yes/yes/m/781/il/U,0.68
bw/mu/no/no/d/842/il/A,bo/mu/yes/no/m/775/il/U,0.9
bw/mu/no/no/d/842/il/A,bw/mu/no/yes/m/772/il/U,0.93
bw/mu/no/no/d/842/il/A,bw/so/no/no/m/786/il/U,0.46
bw/mu/no/no/d/842/il/A,bw/so/no/yes/m/788/il/U,0.49
bw/mu/no/no/d/842/il/A,bo/so/yes/yes/m/789/il/U,0.55
bw/mu/no/no/d/842/il/A,bw/so/yes/no/m/787/il/U,0.46
bw/mu/no/no/d/842/il/A,bo/mu/yes/yes/m/773/il/U,0.88
bw/mu/no/no/d/842/il/A,bo/mu/no/no/m/774/il/U,0.89
bw/mu/no/no/d/842/il/A,bw/st/no/yes/m/780/il/U,0.64
bw/mu/no/no/d/842/il/A,bw/mu/yes/yes/m/769/il/U,0.92
bw/mu/no/no/d/842/il/A,bw/mu/yes/yes/d/793/il/U,0.92
bw/mu/no/no/d/842/il/A,bw/mu/no/no/d/794/il/U,1.0
bw/mu/no/no/d/842/il/A,bw/mu/yes/no/d/795/il/U,0.98
bw/mu/no/no/d/842/il/A,bo/so/no/yes/m/792/il/U,0.4
bw/mu/no/no/d/842/il/A,bw/so/no/yes/d/812/il/U,0.49
bw/mu/no/no/d/842/il/A,bo/so/yes/no/d/815/il/U,0.51
bw/mu/no/no/d/842/il/A,bo/mu/yes/no/m/823/il/A,0.9
bw/mu/no/no/d/842/il/A,bo/mu/no/yes/m/824/il/A,0.88
bw/mu/no/no/d/842/il/A,bo/mu/no/yes/d/848/il/A,0.88
bw/mu/no/no/d/842/il/A,bw/mu/yes/yes/d/841/il/A,0.92
bw/mu/no/no/d/842/il/A,bo/mu/no/no/d/846/il/A,0.89
bw/mu/no/no/d/842/il/A,bw/st/yes/yes/m/825/il/A,0.61
bw/mu/no/no/d/842/il/A,bo/mu/no/no/m/822/il/A,0.89
bw/mu/no/no/d/842/il/A,bo/so/no/no/d/814/il/U,0.39
bw/mu/no/no/d/842/il/A,bo/so/yes/yes/d/813/il/U,0.55
bw/mu/no/no/d/842/il/A,bo/mu/yes/no/d/847/il/A,0.9
bw/mu/no/no/d/842/il/A,bo/so/no/yes/m/840/il/A,0.4
bw/mu/no/no/d/842/il/A,bw/st/yes/yes/d/849/il/A,0.61
bw/mu/no/no/d/842/il/A,bw/so/yes/no/m/835/il/A,0.46
bw/mu/no/no/d/842/il/A,bo/st/no/yes/m/832/il/A,0.69
bw/mu/no/no/d/842/il/A,bw/st/no/yes/d/804/il/U,0.64
bw/mu/no/no/d/842/il/A,bw/st/yes/no/d/803/il/U,0.41
bw/mu/no/no/d/842/il/A,bw/so/yes/yes/d/857/il/A,0.48
bw/mu/no/no/d/842/il/A,bw/st/no/no/d/850/il/A,0.42
bw/mu/no/no/d/842/il/A,bw/so/yes/no/d/859/il/A,0.46
bw/mu/no/no/d/842/il/A,bo/so/yes/yes/d/861/il/A,0.55
bw/mu/no/no/d/842/il/A,bw/st/no/no/d/802/il/U,0.42
bw/mu/no/no/d/842/il/A,bo/st/yes/yes/d/805/il/U,0.68
bw/mu/no/no/d/842/il/A,bw/so/yes/yes/m/833/il/A,0.48
bw/mu/no/no/d/842/il/A,bw/so/no/no/m/834/il/A,0.46
bw/mu/no/no/d/842/il/A,bw/so/no/yes/d/860/il/A,0.49
bw/mu/no/no/d/842/il/A,bw/so/no/no/d/858/il/A,0.46
bw/mu/no/no/d/842/il/A,bw/st/yes/no/d/851/il/A,0.41
bw/mu/no/no/d/842/il/A,bo/st/no/yes/d/856/il/A,0.69
bw/mu/no/no/d/842/il/A,bw/mu/yes/no/m/771/il/U,0.98
bw/mu/no/no/d/842/il/A,bw/so/yes/yes/m/785/il/U,0.48
bw/mu/no/no/d/842/il/A,bo/st/no/no/m/782/il/U,0.66
bw/mu/no/no/d/842/il/A,bo/mu/no/yes/m/776/il/U,0.88
bw/mu/no/no/d/842/il/A,bw/st/no/no/m/778/il/U,0.42
bw/mu/no/no/d/842/il/A,bw/st/yes/no/m/779/il/U,0.41
bw/mu/no/no/d/842/il/A,bw/st/yes/yes/m/777/il/U,0.61
bw/mu/no/no/d/842/il/A,bo/st/yes/no/m/783/il/U,0.67
bw/mu/no/no/d/842/il/A,bo/st/no/yes/m/784/il/U,0.69
bw/mu/no/no/d/842/il/A,bw/mu/no/no/m/770/il/U,1.0
bw/mu/no/no/d/842/il/A,bo/mu/yes/no/d/799/il/U,0.9
bw/mu/no/no/d/842/il/A,bo/mu/yes/yes/d/797/il/U,0.88
bw/mu/no/no/d/842/il/A,bo/so/no/no/m/790/il/U,0.39
bw/mu/no/no/d/842/il/A,bo/so/yes/no/m/791/il/U,0.51
bw/mu/no/no/d/842/il/A,bw/mu/no/yes/d/796/il/U,0.93
bw/mu/no/no/d/842/il/A,bo/mu/no/no/d/798/il/U,0.89
bw/mu/no/no/d/842/il/A,bo/mu/yes/yes/d/845/il/A,0.88
bw/mu/no/no/d/842/il/A,bw/mu/no/no/d/842/il/A,1.0
bw/mu/no/no/d/842/il/A,bo/st/yes/yes/m/829/il/A,0.68
bw/mu/no/no/d/842/il/A,bo/so/no/yes/d/816/il/U,0.4
bw/mu/no/no/d/842/il/A,bw/so/yes/no/d/811/il/U,0.46
bw/mu/no/no/d/842/il/A,bw/mu/no/no/m/818/il/A,1.0
bw/mu/no/no/d/842/il/A,bw/st/yes/no/m/827/il/A,0.41
bw/mu/no/no/d/842/il/A,bw/mu/no/yes/m/820/il/A,0.93
bw/mu/no/no/d/842/il/A,bw/mu/yes/no/d/843/il/A,0.98
bw/mu/no/no/d/842/il/A,bw/mu/no/yes/d/844/il/A,0.93
bw/mu/no/no/d/842/il/A,bo/mu/yes/yes/m/821/il/A,0.88
bw/mu/no/no/d/842/il/A,bw/mu/yes/no/m/819/il/A,0.98
bw/mu/no/no/d/842/il/A,bw/st/no/no/m/826/il/A,0.42
bw/mu/no/no/d/842/il/A,bw/so/no/no/d/810/il/U,0.46
bw/mu/no/no/d/842/il/A,bw/st/no/yes/m/828/il/A,0.64
bw/mu/no/no/d/842/il/A,bw/mu/yes/yes/m/817/il/A,0.92
bo/st/yes/yes/m/829/il/A,bo/st/yes/yes/d/853/il/A,1.0
bo/st/yes/yes/m/829/il/A,bo/st/no/no/d/854/il/A,0.89
bo/st/yes/yes/m/829/il/A,bo/so/no/no/d/862/il/A,0.45
bo/st/yes/yes/m/829/il/A,bo/st/yes/no/m/831/il/A,0.96
bo/st/yes/yes/m/829/il/A,bw/so/no/yes/m/836/il/A,0.55
bo/st/yes/yes/m/829/il/A,bw/so/yes/yes/d/809/il/U,0.55
bo/st/yes/yes/m/829/il/A,bo/mu/no/yes/d/800/il/U,0.71
bo/st/yes/yes/m/829/il/A,bo/st/yes/no/d/807/il/U,0.96
bo/st/yes/yes/m/829/il/A,bo/so/no/no/m/838/il/A,0.45
bo/st/yes/yes/m/829/il/A,bo/so/no/yes/d/864/il/A,0.45
bo/st/yes/yes/m/829/il/A,bo/so/yes/no/d/863/il/A,0.6
bo/st/yes/yes/m/829/il/A,bo/st/yes/no/d/855/il/A,0.96
bo/st/yes/yes/m/829/il/A,bw/st/no/yes/d/852/il/A,0.61
bo/st/yes/yes/m/829/il/A,bo/st/no/no/d/806/il/U,0.89
bo/st/yes/yes/m/829/il/A,bo/so/yes/no/m/839/il/A,0.6
bo/st/yes/yes/m/829/il/A,bw/st/yes/yes/d/801/il/U,0.58
bo/st/yes/yes/m/829/il/A,bo/so/yes/yes/m/837/il/A,0.65
bo/st/yes/yes/m/829/il/A,bo/st/no/yes/d/808/il/U,0.9
bo/st/yes/yes/m/829/il/A,bo/st/no/no/m/830/il/A,0.89
bo/st/yes/yes/m/829/il/A,bo/st/yes/yes/m/781/il/U,1.0
bo/st/yes/yes/m/829/il/A,bo/mu/yes/no/m/775/il/U,0.7
bo/st/yes/yes/m/829/il/A,bw/mu/no/yes/m/772/il/U,0.69
bo/st/yes/yes/m/829/il/A,bw/so/no/no/m/786/il/U,0.51
bo/st/yes/yes/m/829/il/A,bw/so/no/yes/m/788/il/U,0.55
bo/st/yes/yes/m/829/il/A,bo/so/yes/yes/m/789/il/U,0.65
bo/st/yes/yes/m/829/il/A,bw/so/yes/no/m/787/il/U,0.52
bo/st/yes/yes/m/829/il/A,bo/mu/yes/yes/m/773/il/U,0.71
bo/st/yes/yes/m/829/il/A,bo/mu/no/no/m/774/il/U,0.7
bo/st/yes/yes/m/829/il/A,bw/st/no/yes/m/780/il/U,0.61
bo/st/yes/yes/m/829/il/A,bw/mu/yes/yes/m/769/il/U,0.69
bo/st/yes/yes/m/829/il/A,bw/mu/yes/yes/d/793/il/U,0.69
bo/st/yes/yes/m/829/il/A,bw/mu/no/no/d/794/il/U,0.68
bo/st/yes/yes/m/829/il/A,bw/mu/yes/no/d/795/il/U,0.68
bo/st/yes/yes/m/829/il/A,bo/so/no/yes/m/792/il/U,0.45
bo/st/yes/yes/m/829/il/A,bw/so/no/yes/d/812/il/U,0.55
bo/st/yes/yes/m/829/il/A,bo/so/yes/no/d/815/il/U,0.6
bo/st/yes/yes/m/829/il/A,bo/mu/yes/no/m/823/il/A,0.7
bo/st/yes/yes/m/829/il/A,bo/mu/no/yes/m/824/il/A,0.71
bo/st/yes/yes/m/829/il/A,bo/mu/no/yes/d/848/il/A,0.71
bo/st/yes/yes/m/829/il/A,bw/mu/yes/yes/d/841/il/A,0.69
bo/st/yes/yes/m/829/il/A,bo/mu/no/no/d/846/il/A,0.7
bo/st/yes/yes/m/829/il/A,bw/st/yes/yes/m/825/il/A,0.58
bo/st/yes/yes/m/829/il/A,bo/mu/no/no/m/822/il/A,0.7
bo/st/yes/yes/m/829/il/A,bo/so/no/no/d/814/il/U,0.45
bo/st/yes/yes/m/829/il/A,bo/so/yes/yes/d/813/il/U,0.65
bo/st/yes/yes/m/829/il/A,bo/mu/yes/no/d/847/il/A,0.7
bo/st/yes/yes/m/829/il/A,bo/so/no/yes/m/840/il/A,0.45
bo/st/yes/yes/m/829/il/A,bw/st/yes/yes/d/849/il/A,0.58
bo/st/yes/yes/m/829/il/A,bw/so/yes/no/m/835/il/A,0.52
bo/st/yes/yes/m/829/il/A,bo/st/no/yes/m/832/il/A,0.9
bo/st/yes/yes/m/829/il/A,bw/st/no/yes/d/804/il/U,0.61
bo/st/yes/yes/m/829/il/A,bw/st/yes/no/d/803/il/U,0.39
bo/st/yes/yes/m/829/il/A,bw/so/yes/yes/d/857/il/A,0.55
bo/st/yes/yes/m/829/il/A,bw/st/no/no/d/850/il/A,0.4
bo/st/yes/yes/m/829/il/A,bw/so/yes/no/d/859/il/A,0.52
bo/st/yes/yes/m/829/il/A,bo/so/yes/yes/d/861/il/A,0.65
bo/st/yes/yes/m/829/il/A,bw/st/no/no/d/802/il/U,0.4
bo/st/yes/yes/m/829/il/A,bo/st/yes/yes/d/805/il/U,1.0
bo/st/yes/yes/m/829/il/A,bw/so/yes/yes/m/833/il/A,0.55
bo/st/yes/yes/m/829/il/A,bw/so/no/no/m/834/il/A,0.51
bo/st/yes/yes/m/829/il/A,bw/so/no/yes/d/860/il/A,0.55
bo/st/yes/yes/m/829/il/A,bw/so/no/no/d/858/il/A,0.51
bo/st/yes/yes/m/829/il/A,bw/st/yes/no/d/851/il/A,0.39
bo/st/yes/yes/m/829/il/A,bo/st/no/yes/d/856/il/A,0.9
bo/st/yes/yes/m/829/il/A,bw/mu/yes/no/m/771/il/U,0.68
bo/st/yes/yes/m/829/il/A,bw/so/yes/yes/m/785/il/U,0.55
bo/st/yes/yes/m/829/il/A,bo/st/no/no/m/782/il/U,0.89
bo/st/yes/yes/m/829/il/A,bo/mu/no/yes/m/776/il/U,0.71
bo/st/yes/yes/m/829/il/A,bw/st/no/no/m/778/il/U,0.4
bo/st/yes/yes/m/829/il/A,bw/st/yes/no/m/779/il/U,0.39
bo/st/yes/yes/m/829/il/A,bw/st/yes/yes/m/777/il/U,0.58
bo/st/yes/yes/m/829/il/A,bo/st/yes/no/m/783/il/U,0.96
bo/st/yes/yes/m/829/il/A,bo/st/no/yes/m/784/il/U,0.9
bo/st/yes/yes/m/829/il/A,bw/mu/no/no/m/770/il/U,0.68
bo/st/yes/yes/m/829/il/A,bo/mu/yes/no/d/799/il/U,0.7
bo/st/yes/yes/m/829/il/A,bo/mu/yes/yes/d/797/il/U,0.71
bo/st/yes/yes/m/829/il/A,bo/so/no/no/m/790/il/U,0.45
bo/st/yes/yes/m/829/il/A,bo/so/yes/no/m/791/il/U,0.6
bo/st/yes/yes/m/829/il/A,bw/mu/no/yes/d/796/il/U,0.69
bo/st/yes/yes/m/829/il/A,bo/mu/no/no/d/798/il/U,0.7
bo/st/yes/yes/m/829/il/A,bo/mu/yes/yes/d/845/il/A,0.71
bo/st/yes/yes/m/829/il/A,bw/mu/no/no/d/842/il/A,0.68
bo/st/yes/yes/m/829/il/A,bo/st/yes/yes/m/829/il/A,1.0
bo/st/yes/yes/m/829/il/A,bo/so/no/yes/d/816/il/U,0.45
bo/st/yes/yes/m/829/il/A,bw/so/yes/no/d/811/il/U,0.52
bo/st/yes/yes/m/829/il/A,bw/mu/no/no/m/818/il/A,0.68
bo/st/yes/yes/m/829/il/A,bw/st/yes/no/m/827/il/A,0.39
bo/st/yes/yes/m/829/il/A,bw/mu/no/yes/m/820/il/A,0.69
bo/st/yes/yes/m/829/il/A,bw/mu/yes/no/d/843/il/A,0.68
bo/st/yes/yes/m/829/il/A,bw/mu/no/yes/d/844/il/A,0.69
bo/st/yes/yes/m/829/il/A,bo/mu/yes/yes/m/821/il/A,0.71
bo/st/yes/yes/m/829/il/A,bw/mu/yes/no/m/819/il/A,0.68
bo/st/yes/yes/m/829/il/A,bw/st/no/no/m/826/il/A,0.4
bo/st/yes/yes/m/829/il/A,bw/so/no/no/d/810/il/U,0.51
bo/st/yes/yes/m/829/il/A,bw/st/no/yes/m/828/il/A,0.61
bo/st/yes/yes/m/829/il/A,bw/mu/yes/yes/m/817/il/A,0.69
bo/so/no/yes/d/816/il/U,bo/st/yes/yes/d/853/il/A,0.45
bo/so/no/yes/d/816/il/U,bo/st/no/no/d/854/il/A,0.45
bo/so/no/yes/d/816/il/U,bo/so/no/no/d/862/il/A,0.77
bo/so/no/yes/d/816/il/U,bo/st/yes/no/m/831/il/A,0.43
bo/so/no/yes/d/816/il/U,bw/so/no/yes/m/836/il/A,0.4
bo/so/no/yes/d/816/il/U,bw/so/yes/yes/d/809/il/U,0.4
bo/so/no/yes/d/816/il/U,bo/mu/no/yes/d/800/il/U,0.43
bo/so/no/yes/d/816/il/U,bo/st/yes/no/d/807/il/U,0.43
bo/so/no/yes/d/816/il/U,bo/so/no/no/m/838/il/A,0.77
bo/so/no/yes/d/816/il/U,bo/so/no/yes/d/864/il/A,1.0
bo/so/no/yes/d/816/il/U,bo/so/yes/no/d/863/il/A,0.47
bo/so/no/yes/d/816/il/U,bo/st/yes/no/d/855/il/A,0.43
bo/so/no/yes/d/816/il/U,bw/st/no/yes/d/852/il/A,0.32
bo/so/no/yes/d/816/il/U,bo/st/no/no/d/806/il/U,0.45
bo/so/no/yes/d/816/il/U,bo/so/yes/no/m/839/il/A,0.47
bo/so/no/yes/d/816/il/U,bw/st/yes/yes/d/801/il/U,0.31
bo/so/no/yes/d/816/il/U,bo/so/yes/yes/m/837/il/A,0.59
bo/so/no/yes/d/816/il/U,bo/st/no/yes/d/808/il/U,0.47
bo/so/no/yes/d/816/il/U,bo/st/no/no/m/830/il/A,0.45
bo/so/no/yes/d/816/il/U,bo/st/yes/yes/m/781/il/U,0.45
bo/so/no/yes/d/816/il/U,bo/mu/yes/no/m/775/il/U,0.42
bo/so/no/yes/d/816/il/U,bw/mu/no/yes/m/772/il/U,0.4
bo/so/no/yes/d/816/il/U,bw/so/no/no/m/786/il/U,0.34
bo/so/no/yes/d/816/il/U,bw/so/no/yes/m/788/il/U,0.4
bo/so/no/yes/d/816/il/U,bo/so/yes/yes/m/789/il/U,0.59
bo/so/no/yes/d/816/il/U,bw/so/yes/no/m/787/il/U,0.35
bo/so/no/yes/d/816/il/U,bo/mu/yes/yes/m/773/il/U,0.42
bo/so/no/yes/d/816/il/U,bo/mu/no/no/m/774/il/U,0.42
bo/so/no/yes/d/816/il/U,bw/st/no/yes/m/780/il/U,0.32
bo/so/no/yes/d/816/il/U,bw/mu/yes/yes/m/769/il/U,0.4
bo/so/no/yes/d/816/il/U,bw/mu/yes/yes/d/793/il/U,0.4
bo/so/no/yes/d/816/il/U,bw/mu/no/no/d/794/il/U,0.4
bo/so/no/yes/d/816/il/U,bw/mu/yes/no/d/795/il/U,0.4
bo/so/no/yes/d/816/il/U,bo/so/no/yes/m/792/il/U,1.0
bo/so/no/yes/d/816/il/U,bw/so/no/yes/d/812/il/U,0.4
bo/so/no/yes/d/816/il/U,bo/so/yes/no/d/815/il/U,0.47
bo/so/no/yes/d/816/il/U,bo/mu/yes/no/m/823/il/A,0.42
bo/so/no/yes/d/816/il/U,bo/mu/no/yes/m/824/il/A,0.43
bo/so/no/yes/d/816/il/U,bo/mu/no/yes/d/848/il/A,0.43
bo/so/no/yes/d/816/il/U,bw/mu/yes/yes/d/841/il/A,0.4
bo/so/no/yes/d/816/il/U,bo/mu/no/no/d/846/il/A,0.42
bo/so/no/yes/d/816/il/U,bw/st/yes/yes/m/825/il/A,0.31
bo/so/no/yes/d/816/il/U,bo/mu/no/no/m/822/il/A,0.42
bo/so/no/yes/d/816/il/U,bo/so/no/no/d/814/il/U,0.77
bo/so/no/yes/d/816/il/U,bo/so/yes/yes/d/813/il/U,0.59
bo/so/no/yes/d/816/il/U,bo/mu/yes/no/d/847/il/A,0.42
bo/so/no/yes/d/816/il/U,bo/so/no/yes/m/840/il/A,1.0
bo/so/no/yes/d/816/il/U,bw/st/yes/yes/d/849/il/A,0.31
bo/so/no/yes/d/816/il/U,bw/so/yes/no/m/835/il/A,0.35
bo/so/no/yes/d/816/il/U,bo/st/no/yes/m/832/il/A,0.47
bo/so/no/yes/d/816/il/U,bw/st/no/yes/d/804/il/U,0.32
bo/so/no/yes/d/816/il/U,bw/st/yes/no/d/803/il/U,0.21
bo/so/no/yes/d/816/il/U,bw/so/yes/yes/d/857/il/A,0.4
bo/so/no/yes/d/816/il/U,bw/st/no/no/d/850/il/A,0.21
bo/so/no/yes/d/816/il/U,bw/so/yes/no/d/859/il/A,0.35
bo/so/no/yes/d/816/il/U,bo/so/yes/yes/d/861/il/A,0.59
bo/so/no/yes/d/816/il/U,bw/st/no/no/d/802/il/U,0.21
bo/so/no/yes/d/816/il/U,bo/st/yes/yes/d/805/il/U,0.45
bo/so/no/yes/d/816/il/U,bw/so/yes/yes/m/833/il/A,0.4
bo/so/no/yes/d/816/il/U,bw/so/no/no/m/834/il/A,0.34
bo/so/no/yes/d/816/il/U,bw/so/no/yes/d/860/il/A,0.4
bo/so/no/yes/d/816/il/U,bw/so/no/no/d/858/il/A,0.34
bo/so/no/yes/d/816/il/U,bw/st/yes/no/d/851/il/A,0.21
bo/so/no/yes/d/816/il/U,bo/st/no/yes/d/856/il/A,0.47
bo/so/no/yes/d/816/il/U,bw/mu/yes/no/m/771/il/U,0.4
bo/so/no/yes/d/816/il/U,bw/so/yes/yes/m/785/il/U,0.4
bo/so/no/yes/d/816/il/U,bo/st/no/no/m/782/il/U,0.45
bo/so/no/yes/d/816/il/U,bo/mu/no/yes/m/776/il/U,0.43
bo/so/no/yes/d/816/il/U,bw/st/no/no/m/778/il/U,0.21
bo/so/no/yes/d/816/il/U,bw/st/yes/no/m/779/il/U,0.21
bo/so/no/yes/d/816/il/U,bw/st/yes/yes/m/777/il/U,0.31
bo/so/no/yes/d/816/il/U,bo/st/yes/no/m/783/il/U,0.43
bo/so/no/yes/d/816/il/U,bo/st/no/yes/m/784/il/U,0.47
bo/so/no/yes/d/816/il/U,bw/mu/no/no/m/770/il/U,0.4
bo/so/no/yes/d/816/il/U,bo/mu/yes/no/d/799/il/U,0.42
bo/so/no/yes/d/816/il/U,bo/mu/yes/yes/d/797/il/U,0.42
bo/so/no/yes/d/816/il/U,bo/so/no/no/m/790/il/U,0.77
bo/so/no/yes/d/816/il/U,bo/so/yes/no/m/791/il/U,0.47
bo/so/no/yes/d/816/il/U,bw/mu/no/yes/d/796/il/U,0.4
bo/so/no/yes/d/816/il/U,bo/mu/no/no/d/798/il/U,0.42
bo/so/no/yes/d/816/il/U,bo/mu/yes/yes/d/845/il/A,0.42
bo/so/no/yes/d/816/il/U,bw/mu/no/no/d/842/il/A,0.4
bo/so/no/yes/d/816/il/U,bo/st/yes/yes/m/829/il/A,0.45
bo/so/no/yes/d/816/il/U,bo/so/no/yes/d/816/il/U,1.0
bo/so/no/yes/d/816/il/U,bw/so/yes/no/d/811/il/U,0.35
bo/so/no/yes/d/816/il/U,bw/mu/no/no/m/818/il/A,0.4
bo/so/no/yes/d/816/il/U,bw/st/yes/no/m/827/il/A,0.21
bo/so/no/yes/d/816/il/U,bw/mu/no/yes/m/820/il/A,0.4
bo/so/no/yes/d/816/il/U,bw/mu/yes/no/d/843/il/A,0.4
bo/so/no/yes/d/816/il/U,bw/mu/no/yes/d/844/il/A,0.4
bo/so/no/yes/d/816/il/U,bo/mu/yes/yes/m/821/il/A,0.42
bo/so/no/yes/d/816/il/U,bw/mu/yes/no/m/819/il/A,0.4
bo/so/no/yes/d/816/il/U,bw/st/no/no/m/826/il/A,0.21
bo/so/no/yes/d/816/il/U,bw/so/no/no/d/810/il/U,0.34
bo/so/no/yes/d/816/il/U,bw/st/no/yes/m/828/il/A,0.32
bo/so/no/yes/d/816/il/U,bw/mu/yes/yes/m/817/il/A,0.4
bw/so/yes/no/d/811/il/U,bo/st/yes/yes/d/853/il/A,0.52
bw/so/yes/no/d/811/il/U,bo/st/no/no/d/854/il/A,0.52
bw/so/yes/no/d/811/il/U,bo/so/no/no/d/862/il/A,0.39
bw/so/yes/no/d/811/il/U,bo/st/yes/no/m/831/il/A,0.52
bw/so/yes/no/d/811/il/U,bw/so/no/yes/m/836/il/A,0.7
bw/so/yes/no/d/811/il/U,bw/so/yes/yes/d/809/il/U,0.74
bw/so/yes/no/d/811/il/U,bo/mu/no/yes/d/800/il/U,0.47
bw/so/yes/no/d/811/il/U,bo/st/yes/no/d/807/il/U,0.52
bw/so/yes/no/d/811/il/U,bo/so/no/no/m/838/il/A,0.39
bw/so/yes/no/d/811/il/U,bo/so/no/yes/d/864/il/A,0.35
bw/so/yes/no/d/811/il/U,bo/so/yes/no/d/863/il/A,0.59
bw/so/yes/no/d/811/il/U,bo/st/yes/no/d/855/il/A,0.52
bw/so/yes/no/d/811/il/U,bw/st/no/yes/d/852/il/A,0.45
bw/so/yes/no/d/811/il/U,bo/st/no/no/d/806/il/U,0.52
bw/so/yes/no/d/811/il/U,bo/so/yes/no/m/839/il/A,0.59
bw/so/yes/no/d/811/il/U,bw/st/yes/yes/d/801/il/U,0.44
bw/so/yes/no/d/811/il/U,bo/so/yes/yes/m/837/il/A,0.53
bw/so/yes/no/d/811/il/U,bo/st/no/yes/d/808/il/U,0.53
bw/so/yes/no/d/811/il/U,bo/st/no/no/m/830/il/A,0.52
bw/so/yes/no/d/811/il/U,bo/st/yes/yes/m/781/il/U,0.52
bw/so/yes/no/d/811/il/U,bo/mu/yes/no/m/775/il/U,0.47
bw/so/yes/no/d/811/il/U,bw/mu/no/yes/m/772/il/U,0.47
bw/so/yes/no/d/811/il/U,bw/so/no/no/m/786/il/U,0.85
bw/so/yes/no/d/811/il/U,bw/so/no/yes/m/788/il/U,0.7
bw/so/yes/no/d/811/il/U,bo/so/yes/yes/m/789/il/U,0.53
bw/so/yes/no/d/811/il/U,bw/so/yes/no/m/787/il/U,1.0
bw/so/yes/no/d/811/il/U,bo/mu/yes/yes/m/773/il/U,0.47
bw/so/yes/no/d/811/il/U,bo/mu/no/no/m/774/il/U,0.46
bw/so/yes/no/d/811/il/U,bw/st/no/yes/m/780/il/U,0.45
bw/so/yes/no/d/811/il/U,bw/mu/yes/yes/m/769/il/U,0.47
bw/so/yes/no/d/811/il/U,bw/mu/yes/yes/d/793/il/U,0.47
bw/so/yes/no/d/811/il/U,bw/mu/no/no/d/794/il/U,0.46
bw/so/yes/no/d/811/il/U,bw/mu/yes/no/d/795/il/U,0.46
bw/so/yes/no/d/811/il/U,bo/so/no/yes/m/792/il/U,0.35
bw/so/yes/no/d/811/il/U,bw/so/no/yes/d/812/il/U,0.7
bw/so/yes/no/d/811/il/U,bo/so/yes/no/d/815/il/U,0.59
bw/so/yes/no/d/811/il/U,bo/mu/yes/no/m/823/il/A,0.47
bw/so/yes/no/d/811/il/U,bo/mu/no/yes/m/824/il/A,0.47
bw/so/yes/no/d/811/il/U,bo/mu/no/yes/d/848/il/A,0.47
bw/so/yes/no/d/811/il/U,bw/mu/yes/yes/d/841/il/A,0.47
bw/so/yes/no/d/811/il/U,bo/mu/no/no/d/846/il/A,0.46
bw/so/yes/no/d/811/il/U,bw/st/yes/yes/m/825/il/A,0.44
bw/so/yes/no/d/811/il/U,bo/mu/no/no/m/822/il/A,0.46
bw/so/yes/no/d/811/il/U,bo/so/no/no/d/814/il/U,0.39
bw/so/yes/no/d/811/il/U,bo/so/yes/yes/d/813/il/U,0.53
bw/so/yes/no/d/811/il/U,bo/mu/yes/no/d/847/il/A,0.47
bw/so/yes/no/d/811/il/U,bo/so/no/yes/m/840/il/A,0.35
bw/so/yes/no/d/811/il/U,bw/st/yes/yes/d/849/il/A,0.44
bw/so/yes/no/d/811/il/U,bw/so/yes/no/m/835/il/A,1.0
bw/so/yes/no/d/811/il/U,bo/st/no/yes/m/832/il/A,0.53
bw/so/yes/no/d/811/il/U,bw/st/no/yes/d/804/il/U,0.45
bw/so/yes/no/d/811/il/U,bw/st/yes/no/d/803/il/U,0.32
bw/so/yes/no/d/811/il/U,bw/so/yes/yes/d/857/il/A,0.74
bw/so/yes/no/d/811/il/U,bw/st/no/no/d/850/il/A,0.32
bw/so/yes/no/d/811/il/U,bw/so/yes/no/d/859/il/A,1.0
bw/so/yes/no/d/811/il/U,bo/so/yes/yes/d/861/il/A,0.53
bw/so/yes/no/d/811/il/U,bw/st/no/no/d/802/il/U,0.32
bw/so/yes/no/d/811/il/U,bo/st/yes/yes/d/805/il/U,0.52
bw/so/yes/no/d/811/il/U,bw/so/yes/yes/m/833/il/A,0.74
bw/so/yes/no/d/811/il/U,bw/so/no/no/m/834/il/A,0.85
bw/so/yes/no/d/811/il/U,bw/so/no/yes/d/860/il/A,0.7
bw/so/yes/no/d/811/il/U,bw/so/no/no/d/858/il/A,0.85
bw/so/yes/no/d/811/il/U,bw/st/yes/no/d/851/il/A,0.32
bw/so/yes/no/d/811/il/U,bo/st/no/yes/d/856/il/A,0.53
bw/so/yes/no/d/811/il/U,bw/mu/yes/no/m/771/il/U,0.46
bw/so/yes/no/d/811/il/U,bw/so/yes/yes/m/785/il/U,0.74
bw/so/yes/no/d/811/il/U,bo/st/no/no/m/782/il/U,0.52
bw/so/yes/no/d/811/il/U,bo/mu/no/yes/m/776/il/U,0.47
bw/so/yes/no/d/811/il/U,bw/st/no/no/m/778/il/U,0.32
bw/so/yes/no/d/811/il/U,bw/st/yes/no/m/779/il/U,0.32
bw/so/yes/no/d/811/il/U,bw/st/yes/yes/m/777/il/U,0.44
bw/so/yes/no/d/811/il/U,bo/st/yes/no/m/783/il/U,0.52
bw/so/yes/no/d/811/il/U,bo/st/no/yes/m/784/il/U,0.53
bw/so/yes/no/d/811/il/U,bw/mu/no/no/m/770/il/U,0.46
bw/so/yes/no/d/811/il/U,bo/mu/yes/no/d/799/il/U,0.47
bw/so/yes/no/d/811/il/U,bo/mu/yes/yes/d/797/il/U,0.47
bw/so/yes/no/d/811/il/U,bo/so/no/no/m/790/il/U,0.39
bw/so/yes/no/d/811/il/U,bo/so/yes/no/m/791/il/U,0.59
bw/so/yes/no/d/811/il/U,bw/mu/no/yes/d/796/il/U,0.47
bw/so/yes/no/d/811/il/U,bo/mu/no/no/d/798/il/U,0.46
bw/so/yes/no/d/811/il/U,bo/mu/yes/yes/d/845/il/A,0.47
bw/so/yes/no/d/811/il/U,bw/mu/no/no/d/842/il/A,0.46
bw/so/yes/no/d/811/il/U,bo/st/yes/yes/m/829/il/A,0.52
bw/so/yes/no/d/811/il/U,bo/so/no/yes/d/816/il/U,0.35
bw/so/yes/no/d/811/il/U,bw/so/yes/no/d/811/il/U,1.0
bw/so/yes/no/d/811/il/U,bw/mu/no/no/m/818/il/A,0.46
bw/so/yes/no/d/811/il/U,bw/st/yes/no/m/827/il/A,0.32
bw/so/yes/no/d/811/il/U,bw/mu/no/yes/m/820/il/A,0.47
bw/so/yes/no/d/811/il/U,bw/mu/yes/no/d/843/il/A,0.46
bw/so/yes/no/d/811/il/U,bw/mu/no/yes/d/844/il/A,0.47
bw/so/yes/no/d/811/il/U,bo/mu/yes/yes/m/821/il/A,0.47
bw/so/yes/no/d/811/il/U,bw/mu/yes/no/m/819/il/A,0.46
bw/so/yes/no/d/811/il/U,bw/st/no/no/m/826/il/A,0.32
bw/so/yes/no/d/811/il/U,bw/so/no/no/d/810/il/U,0.85
bw/so/yes/no/d/811/il/U,bw/st/no/yes/m/828/il/A,0.45
bw/so/yes/no/d/811/il/U,bw/mu/yes/yes/m/817/il/A,0.47
bw/mu/no/no/m/818/il/A,bo/st/yes/yes/d/853/il/A,0.68
bw/mu/no/no/m/818/il/A,bo/st/no/no/d/854/il/A,0.66
bw/mu/no/no/m/818/il/A,bo/so/no/no/d/862/il/A,0.39
bw/mu/no/no/m/818/il/A,bo/st/yes/no/m/831/il/A,0.67
bw/mu/no/no/m/818/il/A,bw/so/no/yes/m/836/il/A,0.49
bw/mu/no/no/m/818/il/A,bw/so/yes/yes/d/809/il/U,0.48
bw/mu/no/no/m/818/il/A,bo/mu/no/yes/d/800/il/U,0.88
bw/mu/no/no/m/818/il/A,bo/st/yes/no/d/807/il/U,0.67
bw/mu/no/no/m/818/il/A,bo/so/no/no/m/838/il/A,0.39
bw/mu/no/no/m/818/il/A,bo/so/no/yes/d/864/il/A,0.4
bw/mu/no/no/m/818/il/A,bo/so/yes/no/d/863/il/A,0.51
bw/mu/no/no/m/818/il/A,bo/st/yes/no/d/855/il/A,0.67
bw/mu/no/no/m/818/il/A,bw/st/no/yes/d/852/il/A,0.64
bw/mu/no/no/m/818/il/A,bo/st/no/no/d/806/il/U,0.66
bw/mu/no/no/m/818/il/A,bo/so/yes/no/m/839/il/A,0.51
bw/mu/no/no/m/818/il/A,bw/st/yes/yes/d/801/il/U,0.61
bw/mu/no/no/m/818/il/A,bo/so/yes/yes/m/837/il/A,0.55
bw/mu/no/no/m/818/il/A,bo/st/no/yes/d/808/il/U,0.69
bw/mu/no/no/m/818/il/A,bo/st/no/no/m/830/il/A,0.66
bw/mu/no/no/m/818/il/A,bo/st/yes/yes/m/781/il/U,0.68
bw/mu/no/no/m/818/il/A,bo/mu/yes/no/m/775/il/U,0.9
bw/mu/no/no/m/818/il/A,bw/mu/no/yes/m/772/il/U,0.93
bw/mu/no/no/m/818/il/A,bw/so/no/no/m/786/il/U,0.46
bw/mu/no/no/m/818/il/A,bw/so/no/yes/m/788/il/U,0.49
bw/mu/no/no/m/818/il/A,bo/so/yes/yes/m/789/il/U,0.55
bw/mu/no/no/m/818/il/A,bw/so/yes/no/m/787/il/U,0.46
bw/mu/no/no/m/818/il/A,bo/mu/yes/yes/m/773/il/U,0.88
bw/mu/no/no/m/818/il/A,bo/mu/no/no/m/774/il/U,0.89
bw/mu/no/no/m/818/il/A,bw/st/no/yes/m/780/il/U,0.64
bw/mu/no/no/m/818/il/A,bw/mu/yes/yes/m/769/il/U,0.92
bw/mu/no/no/m/818/il/A,bw/mu/yes/yes/d/793/il/U,0.92
bw/mu/no/no/m/818/il/A,bw/mu/no/no/d/794/il/U,1.0
bw/mu/no/no/m/818/il/A,bw/mu/yes/no/d/795/il/U,0.98
bw/mu/no/no/m/818/il/A,bo/so/no/yes/m/792/il/U,0.4
bw/mu/no/no/m/818/il/A,bw/so/no/yes/d/812/il/U,0.49
bw/mu/no/no/m/818/il/A,bo/so/yes/no/d/815/il/U,0.51
bw/mu/no/no/m/818/il/A,bo/mu/yes/no/m/823/il/A,0.9
bw/mu/no/no/m/818/il/A,bo/mu/no/yes/m/824/il/A,0.88
bw/mu/no/no/m/818/il/A,bo/mu/no/yes/d/848/il/A,0.88
bw/mu/no/no/m/818/il/A,bw/mu/yes/yes/d/841/il/A,0.92
bw/mu/no/no/m/818/il/A,bo/mu/no/no/d/846/il/A,0.89
bw/mu/no/no/m/818/il/A,bw/st/yes/yes/m/825/il/A,0.61
bw/mu/no/no/m/818/il/A,bo/mu/no/no/m/822/il/A,0.89
bw/mu/no/no/m/818/il/A,bo/so/no/no/d/814/il/U,0.39
bw/mu/no/no/m/818/il/A,bo/so/yes/yes/d/813/il/U,0.55
bw/mu/no/no/m/818/il/A,bo/mu/yes/no/d/847/il/A,0.9
bw/mu/no/no/m/818/il/A,bo/so/no/yes/m/840/il/A,0.4
bw/mu/no/no/m/818/il/A,bw/st/yes/yes/d/849/il/A,0.61
bw/mu/no/no/m/818/il/A,bw/so/yes/no/m/835/il/A,0.46
bw/mu/no/no/m/818/il/A,bo/st/no/yes/m/832/il/A,0.69
bw/mu/no/no/m/818/il/A,bw/st/no/yes/d/804/il/U,0.64
bw/mu/no/no/m/818/il/A,bw/st/yes/no/d/803/il/U,0.41
bw/mu/no/no/m/818/il/A,bw/so/yes/yes/d/857/il/A,0.48
bw/mu/no/no/m/818/il/A,bw/st/no/no/d/850/il/A,0.42
bw/mu/no/no/m/818/il/A,bw/so/yes/no/d/859/il/A,0.46
bw/mu/no/no/m/818/il/A,bo/so/yes/yes/d/861/il/A,0.55
bw/mu/no/no/m/818/il/A,bw/st/no/no/d/802/il/U,0.42
bw/mu/no/no/m/818/il/A,bo/st/yes/yes/d/805/il/U,0.68
bw/mu/no/no/m/818/il/A,bw/so/yes/yes/m/833/il/A,0.48
bw/mu/no/no/m/818/il/A,bw/so/no/no/m/834/il/A,0.46
bw/mu/no/no/m/818/il/A,bw/so/no/yes/d/860/il/A,0.49
bw/mu/no/no/m/818/il/A,bw/so/no/no/d/858/il/A,0.46
bw/mu/no/no/m/818/il/A,bw/st/yes/no/d/851/il/A,0.41
bw/mu/no/no/m/818/il/A,bo/st/no/yes/d/856/il/A,0.69
bw/mu/no/no/m/818/il/A,bw/mu/yes/no/m/771/il/U,0.98
bw/mu/no/no/m/818/il/A,bw/so/yes/yes/m/785/il/U,0.48
bw/mu/no/no/m/818/il/A,bo/st/no/no/m/782/il/U,0.66
bw/mu/no/no/m/818/il/A,bo/mu/no/yes/m/776/il/U,0.88
bw/mu/no/no/m/818/il/A,bw/st/no/no/m/778/il/U,0.42
bw/mu/no/no/m/818/il/A,bw/st/yes/no/m/779/il/U,0.41
bw/mu/no/no/m/818/il/A,bw/st/yes/yes/m/777/il/U,0.61
bw/mu/no/no/m/818/il/A,bo/st/yes/no/m/783/il/U,0.67
bw/mu/no/no/m/818/il/A,bo/st/no/yes/m/784/il/U,0.69
bw/mu/no/no/m/818/il/A,bw/mu/no/no/m/770/il/U,1.0
bw/mu/no/no/m/818/il/A,bo/mu/yes/no/d/799/il/U,0.9
bw/mu/no/no/m/818/il/A,bo/mu/yes/yes/d/797/il/U,0.88
bw/mu/no/no/m/818/il/A,bo/so/no/no/m/790/il/U,0.39
bw/mu/no/no/m/818/il/A,bo/so/yes/no/m/791/il/U,0.51
bw/mu/no/no/m/818/il/A,bw/mu/no/yes/d/796/il/U,0.93
bw/mu/no/no/m/818/il/A,bo/mu/no/no/d/798/il/U,0.89
bw/mu/no/no/m/818/il/A,bo/mu/yes/yes/d/845/il/A,0.88
bw/mu/no/no/m/818/il/A,bw/mu/no/no/d/842/il/A,1.0
bw/mu/no/no/m/818/il/A,bo/st/yes/yes/m/829/il/A,0.68
bw/mu/no/no/m/818/il/A,bo/so/no/yes/d/816/il/U,0.4
bw/mu/no/no/m/818/il/A,bw/so/yes/no/d/811/il/U,0.46
bw/mu/no/no/m/818/il/A,bw/mu/no/no/m/818/il/A,1.0
bw/mu/no/no/m/818/il/A,bw/st/yes/no/m/827/il/A,0.41
bw/mu/no/no/m/818/il/A,bw/mu/no/yes/m/820/il/A,0.93
bw/mu/no/no/m/818/il/A,bw/mu/yes/no/d/843/il/A,0.98
bw/mu/no/no/m/818/il/A,bw/mu/no/yes/d/844/il/A,0.93
bw/mu/no/no/m/818/il/A,bo/mu/yes/yes/m/821/il/A,0.88
bw/mu/no/no/m/818/il/A,bw/mu/yes/no/m/819/il/A,0.98
bw/mu/no/no/m/818/il/A,bw/st/no/no/m/826/il/A,0.42
bw/mu/no/no/m/818/il/A,bw/so/no/no/d/810/il/U,0.46
bw/mu/no/no/m/818/il/A,bw/st/no/yes/m/828/il/A,0.64
bw/mu/no/no/m/818/il/A,bw/mu/yes/yes/m/817/il/A,0.92
bw/st/yes/no/m/827/il/A,bo/st/yes/yes/d/853/il/A,0.39
bw/st/yes/no/m/827/il/A,bo/st/no/no/d/854/il/A,0.38
bw/st/yes/no/m/827/il/A,bo/so/no/no/d/862/il/A,0.22
bw/st/yes/no/m/827/il/A,bo/st/yes/no/m/831/il/A,0.4
bw/st/yes/no/m/827/il/A,bw/so/no/yes/m/836/il/A,0.32
bw/st/yes/no/m/827/il/A,bw/so/yes/yes/d/809/il/U,0.32
bw/st/yes/no/m/827/il/A,bo/mu/no/yes/d/800/il/U,0.39
bw/st/yes/no/m/827/il/A,bo/st/yes/no/d/807/il/U,0.4
bw/st/yes/no/m/827/il/A,bo/so/no/no/m/838/il/A,0.22
bw/st/yes/no/m/827/il/A,bo/so/no/yes/d/864/il/A,0.21
bw/st/yes/no/m/827/il/A,bo/so/yes/no/d/863/il/A,0.31
bw/st/yes/no/m/827/il/A,bo/st/yes/no/d/855/il/A,0.4
bw/st/yes/no/m/827/il/A,bw/st/no/yes/d/852/il/A,0.6
bw/st/yes/no/m/827/il/A,bo/st/no/no/d/806/il/U,0.38
bw/st/yes/no/m/827/il/A,bo/so/yes/no/m/839/il/A,0.31
bw/st/yes/no/m/827/il/A,bw/st/yes/yes/d/801/il/U,0.65
bw/st/yes/no/m/827/il/A,bo/so/yes/yes/m/837/il/A,0.31
bw/st/yes/no/m/827/il/A,bo/st/no/yes/d/808/il/U,0.38
bw/st/yes/no/m/827/il/A,bo/st/no/no/m/830/il/A,0.38
bw/st/yes/no/m/827/il/A,bo/st/yes/yes/m/781/il/U,0.39
bw/st/yes/no/m/827/il/A,bo/mu/yes/no/m/775/il/U,0.39
bw/st/yes/no/m/827/il/A,bw/mu/no/yes/m/772/il/U,0.42
bw/st/yes/no/m/827/il/A,bw/so/no/no/m/786/il/U,0.32
bw/st/yes/no/m/827/il/A,bw/so/no/yes/m/788/il/U,0.32
bw/st/yes/no/m/827/il/A,bo/so/yes/yes/m/789/il/U,0.31
bw/st/yes/no/m/827/il/A,bw/so/yes/no/m/787/il/U,0.32
bw/st/yes/no/m/827/il/A,bo/mu/yes/yes/m/773/il/U,0.4
bw/st/yes/no/m/827/il/A,bo/mu/no/no/m/774/il/U,0.39
bw/st/yes/no/m/827/il/A,bw/st/no/yes/m/780/il/U,0.6
bw/st/yes/no/m/827/il/A,bw/mu/yes/yes/m/769/il/U,0.42
bw/st/yes/no/m/827/il/A,bw/mu/yes/yes/d/793/il/U,0.42
bw/st/yes/no/m/827/il/A,bw/mu/no/no/d/794/il/U,0.41
bw/st/yes/no/m/827/il/A,bw/mu/yes/no/d/795/il/U,0.42
bw/st/yes/no/m/827/il/A,bo/so/no/yes/m/792/il/U,0.21
bw/st/yes/no/m/827/il/A,bw/so/no/yes/d/812/il/U,0.32
bw/st/yes/no/m/827/il/A,bo/so/yes/no/d/815/il/U,0.31
bw/st/yes/no/m/827/il/A,bo/mu/yes/no/m/823/il/A,0.39
bw/st/yes/no/m/827/il/A,bo/mu/no/yes/m/824/il/A,0.39
bw/st/yes/no/m/827/il/A,bo/mu/no/yes/d/848/il/A,0.39
bw/st/yes/no/m/827/il/A,bw/mu/yes/yes/d/841/il/A,0.42
bw/st/yes/no/m/827/il/A,bo/mu/no/no/d/846/il/A,0.39
bw/st/yes/no/m/827/il/A,bw/st/yes/yes/m/825/il/A,0.65
bw/st/yes/no/m/827/il/A,bo/mu/no/no/m/822/il/A,0.39
bw/st/yes/no/m/827/il/A,bo/so/no/no/d/814/il/U,0.22
bw/st/yes/no/m/827/il/A,bo/so/yes/yes/d/813/il/U,0.31
bw/st/yes/no/m/827/il/A,bo/mu/yes/no/d/847/il/A,0.39
bw/st/yes/no/m/827/il/A,bo/so/no/yes/m/840/il/A,0.21
bw/st/yes/no/m/827/il/A,bw/st/yes/yes/d/849/il/A,0.65
bw/st/yes/no/m/827/il/A,bw/so/yes/no/m/835/il/A,0.32
bw/st/yes/no/m/827/il/A,bo/st/no/yes/m/832/il/A,0.38
bw/st/yes/no/m/827/il/A,bw/st/no/yes/d/804/il/U,0.6
bw/st/yes/no/m/827/il/A,bw/st/yes/no/d/803/il/U,1.0
bw/st/yes/no/m/827/il/A,bw/so/yes/yes/d/857/il/A,0.32
bw/st/yes/no/m/827/il/A,bw/st/no/no/d/850/il/A,0.84
bw/st/yes/no/m/827/il/A,bw/so/yes/no/d/859/il/A,0.32
bw/st/yes/no/m/827/il/A,bo/so/yes/yes/d/861/il/A,0.31
bw/st/yes/no/m/827/il/A,bw/st/no/no/d/802/il/U,0.84
bw/st/yes/no/m/827/il/A,bo/st/yes/yes/d/805/il/U,0.39
bw/st/yes/no/m/827/il/A,bw/so/yes/yes/m/833/il/A,0.32
bw/st/yes/no/m/827/il/A,bw/so/no/no/m/834/il/A,0.32
bw/st/yes/no/m/827/il/A,bw/so/no/yes/d/860/il/A,0.32
bw/st/yes/no/m/827/il/A,bw/so/no/no/d/858/il/A,0.32
bw/st/yes/no/m/827/il/A,bw/st/yes/no/d/851/il/A,1.0
bw/st/yes/no/m/827/il/A,bo/st/no/yes/d/856/il/A,0.38
bw/st/yes/no/m/827/il/A,bw/mu/yes/no/m/771/il/U,0.42
bw/st/yes/no/m/827/il/A,bw/so/yes/yes/m/785/il/U,0.32
bw/st/yes/no/m/827/il/A,bo/st/no/no/m/782/il/U,0.38
bw/st/yes/no/m/827/il/A,bo/mu/no/yes/m/776/il/U,0.39
bw/st/yes/no/m/827/il/A,bw/st/no/no/m/778/il/U,0.84
bw/st/yes/no/m/827/il/A,bw/st/yes/no/m/779/il/U,1.0
bw/st/yes/no/m/827/il/A,bw/st/yes/yes/m/777/il/U,0.65
bw/st/yes/no/m/827/il/A,bo/st/yes/no/m/783/il/U,0.4
bw/st/yes/no/m/827/il/A,bo/st/no/yes/m/784/il/U,0.38
bw/st/yes/no/m/827/il/A,bw/mu/no/no/m/770/il/U,0.41
bw/st/yes/no/m/827/il/A,bo/mu/yes/no/d/799/il/U,0.39
bw/st/yes/no/m/827/il/A,bo/mu/yes/yes/d/797/il/U,0.4
bw/st/yes/no/m/827/il/A,bo/so/no/no/m/790/il/U,0.22
bw/st/yes/no/m/827/il/A,bo/so/yes/no/m/791/il/U,0.31
bw/st/yes/no/m/827/il/A,bw/mu/no/yes/d/796/il/U,0.42
bw/st/yes/no/m/827/il/A,bo/mu/no/no/d/798/il/U,0.39
bw/st/yes/no/m/827/il/A,bo/mu/yes/yes/d/845/il/A,0.4
bw/st/yes/no/m/827/il/A,bw/mu/no/no/d/842/il/A,0.41
bw/st/yes/no/m/827/il/A,bo/st/yes/yes/m/829/il/A,0.39
bw/st/yes/no/m/827/il/A,bo/so/no/yes/d/816/il/U,0.21
bw/st/yes/no/m/827/il/A,bw/so/yes/no/d/811/il/U,0.32
bw/st/yes/no/m/827/il/A,bw/mu/no/no/m/818/il/A,0.41
bw/st/yes/no/m/827/il/A,bw/st/yes/no/m/827/il/A,1.0
bw/st/yes/no/m/827/il/A,bw/mu/no/yes/m/820/il/A,0.42
bw/st/yes/no/m/827/il/A,bw/mu/yes/no/d/843/il/A,0.42
bw/st/yes/no/m/827/il/A,bw/mu/no/yes/d/844/il/A,0.42
bw/st/yes/no/m/827/il/A,bo/mu/yes/yes/m/821/il/A,0.4
bw/st/yes/no/m/827/il/A,bw/mu/yes/no/m/819/il/A,0.42
bw/st/yes/no/m/827/il/A,bw/st/no/no/m/826/il/A,0.84
bw/st/yes/no/m/827/il/A,bw/so/no/no/d/810/il/U,0.32
bw/st/yes/no/m/827/il/A,bw/st/no/yes/m/828/il/A,0.6
bw/st/yes/no/m/827/il/A,bw/mu/yes/yes/m/817/il/A,0.42
bw/mu/no/yes/m/820/il/A,bo/st/yes/yes/d/853/il/A,0.69
bw/mu/no/yes/m/820/il/A,bo/st/no/no/d/854/il/A,0.67
bw/mu/no/yes/m/820/il/A,bo/so/no/no/d/862/il/A,0.39
bw/mu/no/yes/m/820/il/A,bo/st/yes/no/m/831/il/A,0.67
bw/mu/no/yes/m/820/il/A,bw/so/no/yes/m/836/il/A,0.49
bw/mu/no/yes/m/820/il/A,bw/so/yes/yes/d/809/il/U,0.49
bw/mu/no/yes/m/820/il/A,bo/mu/no/yes/d/800/il/U,0.89
bw/mu/no/yes/m/820/il/A,bo/st/yes/no/d/807/il/U,0.67
bw/mu/no/yes/m/820/il/A,bo/so/no/no/m/838/il/A,0.39
bw/mu/no/yes/m/820/il/A,bo/so/no/yes/d/864/il/A,0.4
bw/mu/no/yes/m/820/il/A,bo/so/yes/no/d/863/il/A,0.51
bw/mu/no/yes/m/820/il/A,bo/st/yes/no/d/855/il/A,0.67
bw/mu/no/yes/m/820/il/A,bw/st/no/yes/d/852/il/A,0.65
bw/mu/no/yes/m/820/il/A,bo/st/no/no/d/806/il/U,0.67
bw/mu/no/yes/m/820/il/A,bo/so/yes/no/m/839/il/A,0.51
bw/mu/no/yes/m/820/il/A,bw/st/yes/yes/d/801/il/U,0.62
bw/mu/no/yes/m/820/il/A,bo/so/yes/yes/m/837/il/A,0.56
bw/mu/no/yes/m/820/il/A,bo/st/no/yes/d/808/il/U,0.69
bw/mu/no/yes/m/820/il/A,bo/st/no/no/m/830/il/A,0.67
bw/mu/no/yes/m/820/il/A,bo/st/yes/yes/m/781/il/U,0.69
bw/mu/no/yes/m/820/il/A,bo/mu/yes/no/m/775/il/U,0.89
bw/mu/no/yes/m/820/il/A,bw/mu/no/yes/m/772/il/U,1.0
bw/mu/no/yes/m/820/il/A,bw/so/no/no/m/786/il/U,0.46
bw/mu/no/yes/m/820/il/A,bw/so/no/yes/m/788/il/U,0.49
bw/mu/no/yes/m/820/il/A,bo/so/yes/yes/m/789/il/U,0.56
bw/mu/no/yes/m/820/il/A,bw/so/yes/no/m/787/il/U,0.47
bw/mu/no/yes/m/820/il/A,bo/mu/yes/yes/m/773/il/U,0.9
bw/mu/no/yes/m/820/il/A,bo/mu/no/no/m/774/il/U,0.88
bw/mu/no/yes/m/820/il/A,bw/st/no/yes/m/780/il/U,0.65
bw/mu/no/yes/m/820/il/A,bw/mu/yes/yes/m/769/il/U,0.98
bw/mu/no/yes/m/820/il/A,bw/mu/yes/yes/d/793/il/U,0.98
bw/mu/no/yes/m/820/il/A,bw/mu/no/no/d/794/il/U,0.93
bw/mu/no/yes/m/820/il/A,bw/mu/yes/no/d/795/il/U,0.93
bw/mu/no/yes/m/820/il/A,bo/so/no/yes/m/792/il/U,0.4
bw/mu/no/yes/m/820/il/A,bw/so/no/yes/d/812/il/U,0.49
bw/mu/no/yes/m/820/il/A,bo/so/yes/no/d/815/il/U,0.51
bw/mu/no/yes/m/820/il/A,bo/mu/yes/no/m/823/il/A,0.89
bw/mu/no/yes/m/820/il/A,bo/mu/no/yes/m/824/il/A,0.89
bw/mu/no/yes/m/820/il/A,bo/mu/no/yes/d/848/il/A,0.89
bw/mu/no/yes/m/820/il/A,bw/mu/yes/yes/d/841/il/A,0.98
bw/mu/no/yes/m/820/il/A,bo/mu/no/no/d/846/il/A,0.88
bw/mu/no/yes/m/820/il/A,bw/st/yes/yes/m/825/il/A,0.62
bw/mu/no/yes/m/820/il/A,bo/mu/no/no/m/822/il/A,0.88
bw/mu/no/yes/m/820/il/A,bo/so/no/no/d/814/il/U,0.39
bw/mu/no/yes/m/820/il/A,bo/so/yes/yes/d/813/il/U,0.56
bw/mu/no/yes/m/820/il/A,bo/mu/yes/no/d/847/il/A,0.89
bw/mu/no/yes/m/820/il/A,bo/so/no/yes/m/840/il/A,0.4
bw/mu/no/yes/m/820/il/A,bw/st/yes/yes/d/849/il/A,0.62
bw/mu/no/yes/m/820/il/A,bw/so/yes/no/m/835/il/A,0.47
bw/mu/no/yes/m/820/il/A,bo/st/no/yes/m/832/il/A,0.69
bw/mu/no/yes/m/820/il/A,bw/st/no/yes/d/804/il/U,0.65
bw/mu/no/yes/m/820/il/A,bw/st/yes/no/d/803/il/U,0.42
bw/mu/no/yes/m/820/il/A,bw/so/yes/yes/d/857/il/A,0.49
bw/mu/no/yes/m/820/il/A,bw/st/no/no/d/850/il/A,0.43
bw/mu/no/yes/m/820/il/A,bw/so/yes/no/d/859/il/A,0.47
bw/mu/no/yes/m/820/il/A,bo/so/yes/yes/d/861/il/A,0.56
bw/mu/no/yes/m/820/il/A,bw/st/no/no/d/802/il/U,0.43
bw/mu/no/yes/m/820/il/A,bo/st/yes/yes/d/805/il/U,0.69
bw/mu/no/yes/m/820/il/A,bw/so/yes/yes/m/833/il/A,0.49
bw/mu/no/yes/m/820/il/A,bw/so/no/no/m/834/il/A,0.46
bw/mu/no/yes/m/820/il/A,bw/so/no/yes/d/860/il/A,0.49
bw/mu/no/yes/m/820/il/A,bw/so/no/no/d/858/il/A,0.46
bw/mu/no/yes/m/820/il/A,bw/st/yes/no/d/851/il/A,0.42
bw/mu/no/yes/m/820/il/A,bo/st/no/yes/d/856/il/A,0.69
bw/mu/no/yes/m/820/il/A,bw/mu/yes/no/m/771/il/U,0.93
bw/mu/no/yes/m/820/il/A,bw/so/yes/yes/m/785/il/U,0.49
bw/mu/no/yes/m/820/il/A,bo/st/no/no/m/782/il/U,0.67
bw/mu/no/yes/m/820/il/A,bo/mu/no/yes/m/776/il/U,0.89
bw/mu/no/yes/m/820/il/A,bw/st/no/no/m/778/il/U,0.43
bw/mu/no/yes/m/820/il/A,bw/st/yes/no/m/779/il/U,0.42
bw/mu/no/yes/m/820/il/A,bw/st/yes/yes/m/777/il/U,0.62
bw/mu/no/yes/m/820/il/A,bo/st/yes/no/m/783/il/U,0.67
bw/mu/no/yes/m/820/il/A,bo/st/no/yes/m/784/il/U,0.69
bw/mu/no/yes/m/820/il/A,bw/mu/no/no/m/770/il/U,0.93
bw/mu/no/yes/m/820/il/A,bo/mu/yes/no/d/799/il/U,0.89
bw/mu/no/yes/m/820/il/A,bo/mu/yes/yes/d/797/il/U,0.9
bw/mu/no/yes/m/820/il/A,bo/so/no/no/m/790/il/U,0.39
bw/mu/no/yes/m/820/il/A,bo/so/yes/no/m/791/il/U,0.51
bw/mu/no/yes/m/820/il/A,bw/mu/no/yes/d/796/il/U,1.0
bw/mu/no/yes/m/820/il/A,bo/mu/no/no/d/798/il/U,0.88
bw/mu/no/yes/m/820/il/A,bo/mu/yes/yes/d/845/il/A,0.9
bw/mu/no/yes/m/820/il/A,bw/mu/no/no/d/842/il/A,0.93
bw/mu/no/yes/m/820/il/A,bo/st/yes/yes/m/829/il/A,0.69
bw/mu/no/yes/m/820/il/A,bo/so/no/yes/d/816/il/U,0.4
bw/mu/no/yes/m/820/il/A,bw/so/yes/no/d/811/il/U,0.47
bw/mu/no/yes/m/820/il/A,bw/mu/no/no/m/818/il/A,0.93
bw/mu/no/yes/m/820/il/A,bw/st/yes/no/m/827/il/A,0.42
bw/mu/no/yes/m/820/il/A,bw/mu/no/yes/m/820/il/A,1.0
bw/mu/no/yes/m/820/il/A,bw/mu/yes/no/d/843/il/A,0.93
bw/mu/no/yes/m/820/il/A,bw/mu/no/yes/d/844/il/A,1.0
bw/mu/no/yes/m/820/il/A,bo/mu/yes/yes/m/821/il/A,0.9
bw/mu/no/yes/m/820/il/A,bw/mu/yes/no/m/819/il/A,0.93
bw/mu/no/yes/m/820/il/A,bw/st/no/no/m/826/il/A,0.43
bw/mu/no/yes/m/820/il/A,bw/so/no/no/d/810/il/U,0.46
bw/mu/no/yes/m/820/il/A,bw/st/no/yes/m/828/il/A,0.65
bw/mu/no/yes/m/820/il/A,bw/mu/yes/yes/m/817/il/A,0.98
bw/mu/yes/no/d/843/il/A,bo/st/yes/yes/d/853/il/A,0.68
bw/mu/yes/no/d/843/il/A,bo/st/no/no/d/854/il/A,0.66
bw/mu/yes/no/d/843/il/A,bo/so/no/no/d/862/il/A,0.39
bw/mu/yes/no/d/843/il/A,bo/st/yes/no/m/831/il/A,0.67
bw/mu/yes/no/d/843/il/A,bw/so/no/yes/m/836/il/A,0.49
bw/mu/yes/no/d/843/il/A,bw/so/yes/yes/d/809/il/U,0.48
bw/mu/yes/no/d/843/il/A,bo/mu/no/yes/d/800/il/U,0.88
bw/mu/yes/no/d/843/il/A,bo/st/yes/no/d/807/il/U,0.67
bw/mu/yes/no/d/843/il/A,bo/so/no/no/m/838/il/A,0.39
bw/mu/yes/no/d/843/il/A,bo/so/no/yes/d/864/il/A,0.4
bw/mu/yes/no/d/843/il/A,bo/so/yes/no/d/863/il/A,0.51
bw/mu/yes/no/d/843/il/A,bo/st/yes/no/d/855/il/A,0.67
bw/mu/yes/no/d/843/il/A,bw/st/no/yes/d/852/il/A,0.64
bw/mu/yes/no/d/843/il/A,bo/st/no/no/d/806/il/U,0.66
bw/mu/yes/no/d/843/il/A,bo/so/yes/no/m/839/il/A,0.51
bw/mu/yes/no/d/843/il/A,bw/st/yes/yes/d/801/il/U,0.61
bw/mu/yes/no/d/843/il/A,bo/so/yes/yes/m/837/il/A,0.55
bw/mu/yes/no/d/843/il/A,bo/st/no/yes/d/808/il/U,0.69
bw/mu/yes/no/d/843/il/A,bo/st/no/no/m/830/il/A,0.66
bw/mu/yes/no/d/843/il/A,bo/st/yes/yes/m/781/il/U,0.68
bw/mu/yes/no/d/843/il/A,bo/mu/yes/no/m/775/il/U,0.91
bw/mu/yes/no/d/843/il/A,bw/mu/no/yes/m/772/il/U,0.93
bw/mu/yes/no/d/843/il/A,bw/so/no/no/m/786/il/U,0.46
bw/mu/yes/no/d/843/il/A,bw/so/no/yes/m/788/il/U,0.49
bw/mu/yes/no/d/843/il/A,bo/so/yes/yes/m/789/il/U,0.55
bw/mu/yes/no/d/843/il/A,bw/so/yes/no/m/787/il/U,0.46
bw/mu/yes/no/d/843/il/A,bo/mu/yes/yes/m/773/il/U,0.88
bw/mu/yes/no/d/843/il/A,bo/mu/no/no/m/774/il/U,0.89
bw/mu/yes/no/d/843/il/A,bw/st/no/yes/m/780/il/U,0.64
bw/mu/yes/no/d/843/il/A,bw/mu/yes/yes/m/769/il/U,0.93
bw/mu/yes/no/d/843/il/A,bw/mu/yes/yes/d/793/il/U,0.93
bw/mu/yes/no/d/843/il/A,bw/mu/no/no/d/794/il/U,0.98
bw/mu/yes/no/d/843/il/A,bw/mu/yes/no/d/795/il/U,1.0
bw/mu/yes/no/d/843/il/A,bo/so/no/yes/m/792/il/U,0.4
bw/mu/yes/no/d/843/il/A,bw/so/no/yes/d/812/il/U,0.49
bw/mu/yes/no/d/843/il/A,bo/so/yes/no/d/815/il/U,0.51
bw/mu/yes/no/d/843/il/A,bo/mu/yes/no/m/823/il/A,0.91
bw/mu/yes/no/d/843/il/A,bo/mu/no/yes/m/824/il/A,0.88
bw/mu/yes/no/d/843/il/A,bo/mu/no/yes/d/848/il/A,0.88
bw/mu/yes/no/d/843/il/A,bw/mu/yes/yes/d/841/il/A,0.93
bw/mu/yes/no/d/843/il/A,bo/mu/no/no/d/846/il/A,0.89
bw/mu/yes/no/d/843/il/A,bw/st/yes/yes/m/825/il/A,0.61
bw/mu/yes/no/d/843/il/A,bo/mu/no/no/m/822/il/A,0.89
bw/mu/yes/no/d/843/il/A,bo/so/no/no/d/814/il/U,0.39
bw/mu/yes/no/d/843/il/A,bo/so/yes/yes/d/813/il/U,0.55
bw/mu/yes/no/d/843/il/A,bo/mu/yes/no/d/847/il/A,0.91
bw/mu/yes/no/d/843/il/A,bo/so/no/yes/m/840/il/A,0.4
bw/mu/yes/no/d/843/il/A,bw/st/yes/yes/d/849/il/A,0.61
bw/mu/yes/no/d/843/il/A,bw/so/yes/no/m/835/il/A,0.46
bw/mu/yes/no/d/843/il/A,bo/st/no/yes/m/832/il/A,0.69
bw/mu/yes/no/d/843/il/A,bw/st/no/yes/d/804/il/U,0.64
bw/mu/yes/no/d/843/il/A,bw/st/yes/no/d/803/il/U,0.42
bw/mu/yes/no/d/843/il/A,bw/so/yes/yes/d/857/il/A,0.48
bw/mu/yes/no/d/843/il/A,bw/st/no/no/d/850/il/A,0.42
bw/mu/yes/no/d/843/il/A,bw/so/yes/no/d/859/il/A,0.46
bw/mu/yes/no/d/843/il/A,bo/so/yes/yes/d/861/il/A,0.55
bw/mu/yes/no/d/843/il/A,bw/st/no/no/d/802/il/U,0.42
bw/mu/yes/no/d/843/il/A,bo/st/yes/yes/d/805/il/U,0.68
bw/mu/yes/no/d/843/il/A,bw/so/yes/yes/m/833/il/A,0.48
bw/mu/yes/no/d/843/il/A,bw/so/no/no/m/834/il/A,0.46
bw/mu/yes/no/d/843/il/A,bw/so/no/yes/d/860/il/A,0.49
bw/mu/yes/no/d/843/il/A,bw/so/no/no/d/858/il/A,0.46
bw/mu/yes/no/d/843/il/A,bw/st/yes/no/d/851/il/A,0.42
bw/mu/yes/no/d/843/il/A,bo/st/no/yes/d/856/il/A,0.69
bw/mu/yes/no/d/843/il/A,bw/mu/yes/no/m/771/il/U,1.0
bw/mu/yes/no/d/843/il/A,bw/so/yes/yes/m/785/il/U,0.48
bw/mu/yes/no/d/843/il/A,bo/st/no/no/m/782/il/U,0.66
bw/mu/yes/no/d/843/il/A,bo/mu/no/yes/m/776/il/U,0.88
bw/mu/yes/no/d/843/il/A,bw/st/no/no/m/778/il/U,0.42
bw/mu/yes/no/d/843/il/A,bw/st/yes/no/m/779/il/U,0.42
bw/mu/yes/no/d/843/il/A,bw/st/yes/yes/m/777/il/U,0.61
bw/mu/yes/no/d/843/il/A,bo/st/yes/no/m/783/il/U,0.67
bw/mu/yes/no/d/843/il/A,bo/st/no/yes/m/784/il/U,0.69
bw/mu/yes/no/d/843/il/A,bw/mu/no/no/m/770/il/U,0.98
bw/mu/yes/no/d/843/il/A,bo/mu/yes/no/d/799/il/U,0.91
bw/mu/yes/no/d/843/il/A,bo/mu/yes/yes/d/797/il/U,0.88
bw/mu/yes/no/d/843/il/A,bo/so/no/no/m/790/il/U,0.39
bw/mu/yes/no/d/843/il/A,bo/so/yes/no/m/791/il/U,0.51
bw/mu/yes/no/d/843/il/A,bw/mu/no/yes/d/796/il/U,0.93
bw/mu/yes/no/d/843/il/A,bo/mu/no/no/d/798/il/U,0.89
bw/mu/yes/no/d/843/il/A,bo/mu/yes/yes/d/845/il/A,0.88
bw/mu/yes/no/d/843/il/A,bw/mu/no/no/d/842/il/A,0.98
bw/mu/yes/no/d/843/il/A,bo/st/yes/yes/m/829/il/A,0.68
bw/mu/yes/no/d/843/il/A,bo/so/no/yes/d/816/il/U,0.4
bw/mu/yes/no/d/843/il/A,bw/so/yes/no/d/811/il/U,0.46
bw/mu/yes/no/d/843/il/A,bw/mu/no/no/m/818/il/A,0.98
bw/mu/yes/no/d/843/il/A,bw/st/yes/no/m/827/il/A,0.42
bw/mu/yes/no/d/843/il/A,bw/mu/no/yes/m/820/il/A,0.93
bw/mu/yes/no/d/843/il/A,bw/mu/yes/no/d/843/il/A,1.0
bw/mu/yes/no/d/843/il/A,bw/mu/no/yes/d/844/il/A,0.93
bw/mu/yes/no/d/843/il/A,bo/mu/yes/yes/m/821/il/A,0.88
bw/mu/yes/no/d/843/il/A,bw/mu/yes/no/m/819/il/A,1.0
bw/mu/yes/no/d/843/il/A,bw/st/no/no/m/826/il/A,0.42
bw/mu/yes/no/d/843/il/A,bw/so/no/no/d/810/il/U,0.46
bw/mu/yes/no/d/843/il/A,bw/st/no/yes/m/828/il/A,0.64
bw/mu/yes/no/d/843/il/A,bw/mu/yes/yes/m/817/il/A,0.93
bw/mu/no/yes/d/844/il/A,bo/st/yes/yes/d/853/il/A,0.69
bw/mu/no/yes/d/844/il/A,bo/st/no/no/d/854/il/A,0.67
bw/mu/no/yes/d/844/il/A,bo/so/no/no/d/862/il/A,0.39
bw/mu/no/yes/d/844/il/A,bo/st/yes/no/m/831/il/A,0.67
bw/mu/no/yes/d/844/il/A,bw/so/no/yes/m/836/il/A,0.49
bw/mu/no/yes/d/844/il/A,bw/so/yes/yes/d/809/il/U,0.49
bw/mu/no/yes/d/844/il/A,bo/mu/no/yes/d/800/il/U,0.89
bw/mu/no/yes/d/844/il/A,bo/st/yes/no/d/807/il/U,0.67
bw/mu/no/yes/d/844/il/A,bo/so/no/no/m/838/il/A,0.39
bw/mu/no/yes/d/844/il/A,bo/so/no/yes/d/864/il/A,0.4
bw/mu/no/yes/d/844/il/A,bo/so/yes/no/d/863/il/A,0.51
bw/mu/no/yes/d/844/il/A,bo/st/yes/no/d/855/il/A,0.67
bw/mu/no/yes/d/844/il/A,bw/st/no/yes/d/852/il/A,0.65
bw/mu/no/yes/d/844/il/A,bo/st/no/no/d/806/il/U,0.67
bw/mu/no/yes/d/844/il/A,bo/so/yes/no/m/839/il/A,0.51
bw/mu/no/yes/d/844/il/A,bw/st/yes/yes/d/801/il/U,0.62
bw/mu/no/yes/d/844/il/A,bo/so/yes/yes/m/837/il/A,0.56
bw/mu/no/yes/d/844/il/A,bo/st/no/yes/d/808/il/U,0.69
bw/mu/no/yes/d/844/il/A,bo/st/no/no/m/830/il/A,0.67
bw/mu/no/yes/d/844/il/A,bo/st/yes/yes/m/781/il/U,0.69
bw/mu/no/yes/d/844/il/A,bo/mu/yes/no/m/775/il/U,0.89
bw/mu/no/yes/d/844/il/A,bw/mu/no/yes/m/772/il/U,1.0
bw/mu/no/yes/d/844/il/A,bw/so/no/no/m/786/il/U,0.46
bw/mu/no/yes/d/844/il/A,bw/so/no/yes/m/788/il/U,0.49
bw/mu/no/yes/d/844/il/A,bo/so/yes/yes/m/789/il/U,0.56
bw/mu/no/yes/d/844/il/A,bw/so/yes/no/m/787/il/U,0.47
bw/mu/no/yes/d/844/il/A,bo/mu/yes/yes/m/773/il/U,0.9
bw/mu/no/yes/d/844/il/A,bo/mu/no/no/m/774/il/U,0.88
bw/mu/no/yes/d/844/il/A,bw/st/no/yes/m/780/il/U,0.65
bw/mu/no/yes/d/844/il/A,bw/mu/yes/yes/m/769/il/U,0.98
bw/mu/no/yes/d/844/il/A,bw/mu/yes/yes/d/793/il/U,0.98
bw/mu/no/yes/d/844/il/A,bw/mu/no/no/d/794/il/U,0.93
bw/mu/no/yes/d/844/il/A,bw/mu/yes/no/d/795/il/U,0.93
bw/mu/no/yes/d/844/il/A,bo/so/no/yes/m/792/il/U,0.4
bw/mu/no/yes/d/844/il/A,bw/so/no/yes/d/812/il/U,0.49
bw/mu/no/yes/d/844/il/A,bo/so/yes/no/d/815/il/U,0.51
bw/mu/no/yes/d/844/il/A,bo/mu/yes/no/m/823/il/A,0.89
bw/mu/no/yes/d/844/il/A,bo/mu/no/yes/m/824/il/A,0.89
bw/mu/no/yes/d/844/il/A,bo/mu/no/yes/d/848/il/A,0.89
bw/mu/no/yes/d/844/il/A,bw/mu/yes/yes/d/841/il/A,0.98
bw/mu/no/yes/d/844/il/A,bo/mu/no/no/d/846/il/A,0.88
bw/mu/no/yes/d/844/il/A,bw/st/yes/yes/m/825/il/A,0.62
bw/mu/no/yes/d/844/il/A,bo/mu/no/no/m/822/il/A,0.88
bw/mu/no/yes/d/844/il/A,bo/so/no/no/d/814/il/U,0.39
bw/mu/no/yes/d/844/il/A,bo/so/yes/yes/d/813/il/U,0.56
bw/mu/no/yes/d/844/il/A,bo/mu/yes/no/d/847/il/A,0.89
bw/mu/no/yes/d/844/il/A,bo/so/no/yes/m/840/il/A,0.4
bw/mu/no/yes/d/844/il/A,bw/st/yes/yes/d/849/il/A,0.62
bw/mu/no/yes/d/844/il/A,bw/so/yes/no/m/835/il/A,0.47
bw/mu/no/yes/d/844/il/A,bo/st/no/yes/m/832/il/A,0.69
bw/mu/no/yes/d/844/il/A,bw/st/no/yes/d/804/il/U,0.65
bw/mu/no/yes/d/844/il/A,bw/st/yes/no/d/803/il/U,0.42
bw/mu/no/yes/d/844/il/A,bw/so/yes/yes/d/857/il/A,0.49
bw/mu/no/yes/d/844/il/A,bw/st/no/no/d/850/il/A,0.43
bw/mu/no/yes/d/844/il/A,bw/so/yes/no/d/859/il/A,0.47
bw/mu/no/yes/d/844/il/A,bo/so/yes/yes/d/861/il/A,0.56
bw/mu/no/yes/d/844/il/A,bw/st/no/no/d/802/il/U,0.43
bw/mu/no/yes/d/844/il/A,bo/st/yes/yes/d/805/il/U,0.69
bw/mu/no/yes/d/844/il/A,bw/so/yes/yes/m/833/il/A,0.49
bw/mu/no/yes/d/844/il/A,bw/so/no/no/m/834/il/A,0.46
bw/mu/no/yes/d/844/il/A,bw/so/no/yes/d/860/il/A,0.49
bw/mu/no/yes/d/844/il/A,bw/so/no/no/d/858/il/A,0.46
bw/mu/no/yes/d/844/il/A,bw/st/yes/no/d/851/il/A,0.42
bw/mu/no/yes/d/844/il/A,bo/st/no/yes/d/856/il/A,0.69
bw/mu/no/yes/d/844/il/A,bw/mu/yes/no/m/771/il/U,0.93
bw/mu/no/yes/d/844/il/A,bw/so/yes/yes/m/785/il/U,0.49
bw/mu/no/yes/d/844/il/A,bo/st/no/no/m/782/il/U,0.67
bw/mu/no/yes/d/844/il/A,bo/mu/no/yes/m/776/il/U,0.89
bw/mu/no/yes/d/844/il/A,bw/st/no/no/m/778/il/U,0.43
bw/mu/no/yes/d/844/il/A,bw/st/yes/no/m/779/il/U,0.42
bw/mu/no/yes/d/844/il/A,bw/st/yes/yes/m/777/il/U,0.62
bw/mu/no/yes/d/844/il/A,bo/st/yes/no/m/783/il/U,0.67
bw/mu/no/yes/d/844/il/A,bo/st/no/yes/m/784/il/U,0.69
bw/mu/no/yes/d/844/il/A,bw/mu/no/no/m/770/il/U,0.93
bw/mu/no/yes/d/844/il/A,bo/mu/yes/no/d/799/il/U,0.89
bw/mu/no/yes/d/844/il/A,bo/mu/yes/yes/d/797/il/U,0.9
bw/mu/no/yes/d/844/il/A,bo/so/no/no/m/790/il/U,0.39
bw/mu/no/yes/d/844/il/A,bo/so/yes/no/m/791/il/U,0.51
bw/mu/no/yes/d/844/il/A,bw/mu/no/yes/d/796/il/U,1.0
bw/mu/no/yes/d/844/il/A,bo/mu/no/no/d/798/il/U,0.88
bw/mu/no/yes/d/844/il/A,bo/mu/yes/yes/d/845/il/A,0.9
bw/mu/no/yes/d/844/il/A,bw/mu/no/no/d/842/il/A,0.93
bw/mu/no/yes/d/844/il/A,bo/st/yes/yes/m/829/il/A,0.69
bw/mu/no/yes/d/844/il/A,bo/so/no/yes/d/816/il/U,0.4
bw/mu/no/yes/d/844/il/A,bw/so/yes/no/d/811/il/U,0.47
bw/mu/no/yes/d/844/il/A,bw/mu/no/no/m/818/il/A,0.93
bw/mu/no/yes/d/844/il/A,bw/st/yes/no/m/827/il/A,0.42
bw/mu/no/yes/d/844/il/A,bw/mu/no/yes/m/820/il/A,1.0
bw/mu/no/yes/d/844/il/A,bw/mu/yes/no/d/843/il/A,0.93
bw/mu/no/yes/d/844/il/A,bw/mu/no/yes/d/844/il/A,1.0
bw/mu/no/yes/d/844/il/A,bo/mu/yes/yes/m/821/il/A,0.9
bw/mu/no/yes/d/844/il/A,bw/mu/yes/no/m/819/il/A,0.93
bw/mu/no/yes/d/844/il/A,bw/st/no/no/m/826/il/A,0.43
bw/mu/no/yes/d/844/il/A,bw/so/no/no/d/810/il/U,0.46
bw/mu/no/yes/d/844/il/A,bw/st/no/yes/m/828/il/A,0.65
bw/mu/no/yes/d/844/il/A,bw/mu/yes/yes/m/817/il/A,0.98
bo/mu/yes/yes/m/821/il/A,bo/st/yes/yes/d/853/il/A,0.71
bo/mu/yes/yes/m/821/il/A,bo/st/no/no/d/854/il/A,0.69
bo/mu/yes/yes/m/821/il/A,bo/so/no/no/d/862/il/A,0.41
bo/mu/yes/yes/m/821/il/A,bo/st/yes/no/m/831/il/A,0.69
bo/mu/yes/yes/m/821/il/A,bw/so/no/yes/m/836/il/A,0.5
bo/mu/yes/yes/m/821/il/A,bw/so/yes/yes/d/809/il/U,0.49
bo/mu/yes/yes/m/821/il/A,bo/mu/no/yes/d/800/il/U,0.96
bo/mu/yes/yes/m/821/il/A,bo/st/yes/no/d/807/il/U,0.69
bo/mu/yes/yes/m/821/il/A,bo/so/no/no/m/838/il/A,0.41
bo/mu/yes/yes/m/821/il/A,bo/so/no/yes/d/864/il/A,0.42
bo/mu/yes/yes/m/821/il/A,bo/so/yes/no/d/863/il/A,0.53
bo/mu/yes/yes/m/821/il/A,bo/st/yes/no/d/855/il/A,0.69
bo/mu/yes/yes/m/821/il/A,bw/st/no/yes/d/852/il/A,0.63
bo/mu/yes/yes/m/821/il/A,bo/st/no/no/d/806/il/U,0.69
bo/mu/yes/yes/m/821/il/A,bo/so/yes/no/m/839/il/A,0.53
bo/mu/yes/yes/m/821/il/A,bw/st/yes/yes/d/801/il/U,0.6
bo/mu/yes/yes/m/821/il/A,bo/so/yes/yes/m/837/il/A,0.59
bo/mu/yes/yes/m/821/il/A,bo/st/no/yes/d/808/il/U,0.71
bo/mu/yes/yes/m/821/il/A,bo/st/no/no/m/830/il/A,0.69
bo/mu/yes/yes/m/821/il/A,bo/st/yes/yes/m/781/il/U,0.71
bo/mu/yes/yes/m/821/il/A,bo/mu/yes/no/m/775/il/U,0.95
bo/mu/yes/yes/m/821/il/A,bw/mu/no/yes/m/772/il/U,0.9
bo/mu/yes/yes/m/821/il/A,bw/so/no/no/m/786/il/U,0.46
bo/mu/yes/yes/m/821/il/A,bw/so/no/yes/m/788/il/U,0.5
bo/mu/yes/yes/m/821/il/A,bo/so/yes/yes/m/789/il/U,0.59
bo/mu/yes/yes/m/821/il/A,bw/so/yes/no/m/787/il/U,0.47
bo/mu/yes/yes/m/821/il/A,bo/mu/yes/yes/m/773/il/U,1.0
bo/mu/yes/yes/m/821/il/A,bo/mu/no/no/m/774/il/U,0.93
bo/mu/yes/yes/m/821/il/A,bw/st/no/yes/m/780/il/U,0.63
bo/mu/yes/yes/m/821/il/A,bw/mu/yes/yes/m/769/il/U,0.91
bo/mu/yes/yes/m/821/il/A,bw/mu/yes/yes/d/793/il/U,0.91
bo/mu/yes/yes/m/821/il/A,bw/mu/no/no/d/794/il/U,0.88
bo/mu/yes/yes/m/821/il/A,bw/mu/yes/no/d/795/il/U,0.88
bo/mu/yes/yes/m/821/il/A,bo/so/no/yes/m/792/il/U,0.42
bo/mu/yes/yes/m/821/il/A,bw/so/no/yes/d/812/il/U,0.5
bo/mu/yes/yes/m/821/il/A,bo/so/yes/no/d/815/il/U,0.53
bo/mu/yes/yes/m/821/il/A,bo/mu/yes/no/m/823/il/A,0.95
bo/mu/yes/yes/m/821/il/A,bo/mu/no/yes/m/824/il/A,0.96
bo/mu/yes/yes/m/821/il/A,bo/mu/no/yes/d/848/il/A,0.96
bo/mu/yes/yes/m/821/il/A,bw/mu/yes/yes/d/841/il/A,0.91
bo/mu/yes/yes/m/821/il/A,bo/mu/no/no/d/846/il/A,0.93
bo/mu/yes/yes/m/821/il/A,bw/st/yes/yes/m/825/il/A,0.6
bo/mu/yes/yes/m/821/il/A,bo/mu/no/no/m/822/il/A,0.93
bo/mu/yes/yes/m/821/il/A,bo/so/no/no/d/814/il/U,0.41
bo/mu/yes/yes/m/821/il/A,bo/so/yes/yes/d/813/il/U,0.59
bo/mu/yes/yes/m/821/il/A,bo/mu/yes/no/d/847/il/A,0.95
bo/mu/yes/yes/m/821/il/A,bo/so/no/yes/m/840/il/A,0.42
bo/mu/yes/yes/m/821/il/A,bw/st/yes/yes/d/849/il/A,0.6
bo/mu/yes/yes/m/821/il/A,bw/so/yes/no/m/835/il/A,0.47
bo/mu/yes/yes/m/821/il/A,bo/st/no/yes/m/832/il/A,0.71
bo/mu/yes/yes/m/821/il/A,bw/st/no/yes/d/804/il/U,0.63
bo/mu/yes/yes/m/821/il/A,bw/st/yes/no/d/803/il/U,0.4
bo/mu/yes/yes/m/821/il/A,bw/so/yes/yes/d/857/il/A,0.49
bo/mu/yes/yes/m/821/il/A,bw/st/no/no/d/850/il/A,0.4
bo/mu/yes/yes/m/821/il/A,bw/so/yes/no/d/859/il/A,0.47
bo/mu/yes/yes/m/821/il/A,bo/so/yes/yes/d/861/il/A,0.59
bo/mu/yes/yes/m/821/il/A,bw/st/no/no/d/802/il/U,0.4
bo/mu/yes/yes/m/821/il/A,bo/st/yes/yes/d/805/il/U,0.71
bo/mu/yes/yes/m/821/il/A,bw/so/yes/yes/m/833/il/A,0.49
bo/mu/yes/yes/m/821/il/A,bw/so/no/no/m/834/il/A,0.46
bo/mu/yes/yes/m/821/il/A,bw/so/no/yes/d/860/il/A,0.5
bo/mu/yes/yes/m/821/il/A,bw/so/no/no/d/858/il/A,0.46
bo/mu/yes/yes/m/821/il/A,bw/st/yes/no/d/851/il/A,0.4
bo/mu/yes/yes/m/821/il/A,bo/st/no/yes/d/856/il/A,0.71
bo/mu/yes/yes/m/821/il/A,bw/mu/yes/no/m/771/il/U,0.88
bo/mu/yes/yes/m/821/il/A,bw/so/yes/yes/m/785/il/U,0.49
bo/mu/yes/yes/m/821/il/A,bo/st/no/no/m/782/il/U,0.69
bo/mu/yes/yes/m/821/il/A,bo/mu/no/yes/m/776/il/U,0.96
bo/mu/yes/yes/m/821/il/A,bw/st/no/no/m/778/il/U,0.4
bo/mu/yes/yes/m/821/il/A,bw/st/yes/no/m/779/il/U,0.4
bo/mu/yes/yes/m/821/il/A,bw/st/yes/yes/m/777/il/U,0.6
bo/mu/yes/yes/m/821/il/A,bo/st/yes/no/m/783/il/U,0.69
bo/mu/yes/yes/m/821/il/A,bo/st/no/yes/m/784/il/U,0.71
bo/mu/yes/yes/m/821/il/A,bw/mu/no/no/m/770/il/U,0.88
bo/mu/yes/yes/m/821/il/A,bo/mu/yes/no/d/799/il/U,0.95
bo/mu/yes/yes/m/821/il/A,bo/mu/yes/yes/d/797/il/U,1.0
bo/mu/yes/yes/m/821/il/A,bo/so/no/no/m/790/il/U,0.41
bo/mu/yes/yes/m/821/il/A,bo/so/yes/no/m/791/il/U,0.53
bo/mu/yes/yes/m/821/il/A,bw/mu/no/yes/d/796/il/U,0.9
bo/mu/yes/yes/m/821/il/A,bo/mu/no/no/d/798/il/U,0.93
bo/mu/yes/yes/m/821/il/A,bo/mu/yes/yes/d/845/il/A,1.0
bo/mu/yes/yes/m/821/il/A,bw/mu/no/no/d/842/il/A,0.88
bo/mu/yes/yes/m/821/il/A,bo/st/yes/yes/m/829/il/A,0.71
bo/mu/yes/yes/m/821/il/A,bo/so/no/yes/d/816/il/U,0.42
bo/mu/yes/yes/m/821/il/A,bw/so/yes/no/d/811/il/U,0.47
bo/mu/yes/yes/m/821/il/A,bw/mu/no/no/m/818/il/A,0.88
bo/mu/yes/yes/m/821/il/A,bw/st/yes/no/m/827/il/A,0.4
bo/mu/yes/yes/m/821/il/A,bw/mu/no/yes/m/820/il/A,0.9
bo/mu/yes/yes/m/821/il/A,bw/mu/yes/no/d/843/il/A,0.88
bo/mu/yes/yes/m/821/il/A,bw/mu/no/yes/d/844/il/A,0.9
bo/mu/yes/yes/m/821/il/A,bo/mu/yes/yes/m/821/il/A,1.0
bo/mu/yes/yes/m/821/il/A,bw/mu/yes/no/m/819/il/A,0.88
bo/mu/yes/yes/m/821/il/A,bw/st/no/no/m/826/il/A,0.4
bo/mu/yes/yes/m/821/il/A,bw/so/no/no/d/810/il/U,0.46
bo/mu/yes/yes/m/821/il/A,bw/st/no/yes/m/828/il/A,0.63
bo/mu/yes/yes/m/821/il/A,bw/mu/yes/yes/m/817/il/A,0.91
bw/mu/yes/no/m/819/il/A,bo/st/yes/yes/d/853/il/A,0.68
bw/mu/yes/no/m/819/il/A,bo/st/no/no/d/854/il/A,0.66
bw/mu/yes/no/m/819/il/A,bo/so/no/no/d/862/il/A,0.39
bw/mu/yes/no/m/819/il/A,bo/st/yes/no/m/831/il/A,0.67
bw/mu/yes/no/m/819/il/A,bw/so/no/yes/m/836/il/A,0.49
bw/mu/yes/no/m/819/il/A,bw/so/yes/yes/d/809/il/U,0.48
bw/mu/yes/no/m/819/il/A,bo/mu/no/yes/d/800/il/U,0.88
bw/mu/yes/no/m/819/il/A,bo/st/yes/no/d/807/il/U,0.67
bw/mu/yes/no/m/819/il/A,bo/so/no/no/m/838/il/A,0.39
bw/mu/yes/no/m/819/il/A,bo/so/no/yes/d/864/il/A,0.4
bw/mu/yes/no/m/819/il/A,bo/so/yes/no/d/863/il/A,0.51
bw/mu/yes/no/m/819/il/A,bo/st/yes/no/d/855/il/A,0.67
bw/mu/yes/no/m/819/il/A,bw/st/no/yes/d/852/il/A,0.64
bw/mu/yes/no/m/819/il/A,bo/st/no/no/d/806/il/U,0.66
bw/mu/yes/no/m/819/il/A,bo/so/yes/no/m/839/il/A,0.51
bw/mu/yes/no/m/819/il/A,bw/st/yes/yes/d/801/il/U,0.61
bw/mu/yes/no/m/819/il/A,bo/so/yes/yes/m/837/il/A,0.55
bw/mu/yes/no/m/819/il/A,bo/st/no/yes/d/808/il/U,0.69
bw/mu/yes/no/m/819/il/A,bo/st/no/no/m/830/il/A,0.66
bw/mu/yes/no/m/819/il/A,bo/st/yes/yes/m/781/il/U,0.68
bw/mu/yes/no/m/819/il/A,bo/mu/yes/no/m/775/il/U,0.91
bw/mu/yes/no/m/819/il/A,bw/mu/no/yes/m/772/il/U,0.93
bw/mu/yes/no/m/819/il/A,bw/so/no/no/m/786/il/U,0.46
bw/mu/yes/no/m/819/il/A,bw/so/no/yes/m/788/il/U,0.49
bw/mu/yes/no/m/819/il/A,bo/so/yes/yes/m/789/il/U,0.55
bw/mu/yes/no/m/819/il/A,bw/so/yes/no/m/787/il/U,0.46
bw/mu/yes/no/m/819/il/A,bo/mu/yes/yes/m/773/il/U,0.88
bw/mu/yes/no/m/819/il/A,bo/mu/no/no/m/774/il/U,0.89
bw/mu/yes/no/m/819/il/A,bw/st/no/yes/m/780/il/U,0.64
bw/mu/yes/no/m/819/il/A,bw/mu/yes/yes/m/769/il/U,0.93
bw/mu/yes/no/m/819/il/A,bw/mu/yes/yes/d/793/il/U,0.93
bw/mu/yes/no/m/819/il/A,bw/mu/no/no/d/794/il/U,0.98
bw/mu/yes/no/m/819/il/A,bw/mu/yes/no/d/795/il/U,1.0
bw/mu/yes/no/m/819/il/A,bo/so/no/yes/m/792/il/U,0.4
bw/mu/yes/no/m/819/il/A,bw/so/no/yes/d/812/il/U,0.49
bw/mu/yes/no/m/819/il/A,bo/so/yes/no/d/815/il/U,0.51
bw/mu/yes/no/m/819/il/A,bo/mu/yes/no/m/823/il/A,0.91
bw/mu/yes/no/m/819/il/A,bo/mu/no/yes/m/824/il/A,0.88
bw/mu/yes/no/m/819/il/A,bo/mu/no/yes/d/848/il/A,0.88
bw/mu/yes/no/m/819/il/A,bw/mu/yes/yes/d/841/il/A,0.93
bw/mu/yes/no/m/819/il/A,bo/mu/no/no/d/846/il/A,0.89
bw/mu/yes/no/m/819/il/A,bw/st/yes/yes/m/825/il/A,0.61
bw/mu/yes/no/m/819/il/A,bo/mu/no/no/m/822/il/A,0.89
bw/mu/yes/no/m/819/il/A,bo/so/no/no/d/814/il/U,0.39
bw/mu/yes/no/m/819/il/A,bo/so/yes/yes/d/813/il/U,0.55
bw/mu/yes/no/m/819/il/A,bo/mu/yes/no/d/847/il/A,0.91
bw/mu/yes/no/m/819/il/A,bo/so/no/yes/m/840/il/A,0.4
bw/mu/yes/no/m/819/il/A,bw/st/yes/yes/d/849/il/A,0.61
bw/mu/yes/no/m/819/il/A,bw/so/yes/no/m/835/il/A,0.46
bw/mu/yes/no/m/819/il/A,bo/st/no/yes/m/832/il/A,0.69
bw/mu/yes/no/m/819/il/A,bw/st/no/yes/d/804/il/U,0.64
bw/mu/yes/no/m/819/il/A,bw/st/yes/no/d/803/il/U,0.42
bw/mu/yes/no/m/819/il/A,bw/so/yes/yes/d/857/il/A,0.48
bw/mu/yes/no/m/819/il/A,bw/st/no/no/d/850/il/A,0.42
bw/mu/yes/no/m/819/il/A,bw/so/yes/no/d/859/il/A,0.46
bw/mu/yes/no/m/819/il/A,bo/so/yes/yes/d/861/il/A,0.55
bw/mu/yes/no/m/819/il/A,bw/st/no/no/d/802/il/U,0.42
bw/mu/yes/no/m/819/il/A,bo/st/yes/yes/d/805/il/U,0.68
bw/mu/yes/no/m/819/il/A,bw/so/yes/yes/m/833/il/A,0.48
bw/mu/yes/no/m/819/il/A,bw/so/no/no/m/834/il/A,0.46
bw/mu/yes/no/m/819/il/A,bw/so/no/yes/d/860/il/A,0.49
bw/mu/yes/no/m/819/il/A,bw/so/no/no/d/858/il/A,0.46
bw/mu/yes/no/m/819/il/A,bw/st/yes/no/d/851/il/A,0.42
bw/mu/yes/no/m/819/il/A,bo/st/no/yes/d/856/il/A,0.69
bw/mu/yes/no/m/819/il/A,bw/mu/yes/no/m/771/il/U,1.0
bw/mu/yes/no/m/819/il/A,bw/so/yes/yes/m/785/il/U,0.48
bw/mu/yes/no/m/819/il/A,bo/st/no/no/m/782/il/U,0.66
bw/mu/yes/no/m/819/il/A,bo/mu/no/yes/m/776/il/U,0.88
bw/mu/yes/no/m/819/il/A,bw/st/no/no/m/778/il/U,0.42
bw/mu/yes/no/m/819/il/A,bw/st/yes/no/m/779/il/U,0.42
bw/mu/yes/no/m/819/il/A,bw/st/yes/yes/m/777/il/U,0.61
bw/mu/yes/no/m/819/il/A,bo/st/yes/no/m/783/il/U,0.67
bw/mu/yes/no/m/819/il/A,bo/st/no/yes/m/784/il/U,0.69
bw/mu/yes/no/m/819/il/A,bw/mu/no/no/m/770/il/U,0.98
bw/mu/yes/no/m/819/il/A,bo/mu/yes/no/d/799/il/U,0.91
bw/mu/yes/no/m/819/il/A,bo/mu/yes/yes/d/797/il/U,0.88
bw/mu/yes/no/m/819/il/A,bo/so/no/no/m/790/il/U,0.39
bw/mu/yes/no/m/819/il/A,bo/so/yes/no/m/791/il/U,0.51
bw/mu/yes/no/m/819/il/A,bw/mu/no/yes/d/796/il/U,0.93
bw/mu/yes/no/m/819/il/A,bo/mu/no/no/d/798/il/U,0.89
bw/mu/yes/no/m/819/il/A,bo/mu/yes/yes/d/845/il/A,0.88
bw/mu/yes/no/m/819/il/A,bw/mu/no/no/d/842/il/A,0.98
bw/mu/yes/no/m/819/il/A,bo/st/yes/yes/m/829/il/A,0.68
bw/mu/yes/no/m/819/il/A,bo/so/no/yes/d/816/il/U,0.4
bw/mu/yes/no/m/819/il/A,bw/so/yes/no/d/811/il/U,0.46
bw/mu/yes/no/m/819/il/A,bw/mu/no/no/m/818/il/A,0.98
bw/mu/yes/no/m/819/il/A,bw/st/yes/no/m/827/il/A,0.42
bw/mu/yes/no/m/819/il/A,bw/mu/no/yes/m/820/il/A,0.93
bw/mu/yes/no/m/819/il/A,bw/mu/yes/no/d/843/il/A,1.0
bw/mu/yes/no/m/819/il/A,bw/mu/no/yes/d/844/il/A,0.93
bw/mu/yes/no/m/819/il/A,bo/mu/yes/yes/m/821/il/A,0.88
bw/mu/yes/no/m/819/il/A,bw/mu/yes/no/m/819/il/A,1.0
bw/mu/yes/no/m/819/il/A,bw/st/no/no/m/826/il/A,0.42
bw/mu/yes/no/m/819/il/A,bw/so/no/no/d/810/il/U,0.46
bw/mu/yes/no/m/819/il/A,bw/st/no/yes/m/828/il/A,0.64
bw/mu/yes/no/m/819/il/A,bw/mu/yes/yes/m/817/il/A,0.93
bw/st/no/no/m/826/il/A,bo/st/yes/yes/d/853/il/A,0.4
bw/st/no/no/m/826/il/A,bo/st/no/no/d/854/il/A,0.39
bw/st/no/no/m/826/il/A,bo/so/no/no/d/862/il/A,0.22
bw/st/no/no/m/826/il/A,bo/st/yes/no/m/831/il/A,0.4
bw/st/no/no/m/826/il/A,bw/so/no/yes/m/836/il/A,0.32
bw/st/no/no/m/826/il/A,bw/so/yes/yes/d/809/il/U,0.32
bw/st/no/no/m/826/il/A,bo/mu/no/yes/d/800/il/U,0.4
bw/st/no/no/m/826/il/A,bo/st/yes/no/d/807/il/U,0.4
bw/st/no/no/m/826/il/A,bo/so/no/no/m/838/il/A,0.22
bw/st/no/no/m/826/il/A,bo/so/no/yes/d/864/il/A,0.21
bw/st/no/no/m/826/il/A,bo/so/yes/no/d/863/il/A,0.32
bw/st/no/no/m/826/il/A,bo/st/yes/no/d/855/il/A,0.4
bw/st/no/no/m/826/il/A,bw/st/no/yes/d/852/il/A,0.63
bw/st/no/no/m/826/il/A,bo/st/no/no/d/806/il/U,0.39
bw/st/no/no/m/826/il/A,bo/so/yes/no/m/839/il/A,0.32
bw/st/no/no/m/826/il/A,bw/st/yes/yes/d/801/il/U,0.6
bw/st/no/no/m/826/il/A,bo/so/yes/yes/m/837/il/A,0.32
bw/st/no/no/m/826/il/A,bo/st/no/yes/d/808/il/U,0.38
bw/st/no/no/m/826/il/A,bo/st/no/no/m/830/il/A,0.39
bw/st/no/no/m/826/il/A,bo/st/yes/yes/m/781/il/U,0.4
bw/st/no/no/m/826/il/A,bo/mu/yes/no/m/775/il/U,0.4
bw/st/no/no/m/826/il/A,bw/mu/no/yes/m/772/il/U,0.43
bw/st/no/no/m/826/il/A,bw/so/no/no/m/786/il/U,0.32
bw/st/no/no/m/826/il/A,bw/so/no/yes/m/788/il/U,0.32
bw/st/no/no/m/826/il/A,bo/so/yes/yes/m/789/il/U,0.32
bw/st/no/no/m/826/il/A,bw/so/yes/no/m/787/il/U,0.32
bw/st/no/no/m/826/il/A,bo/mu/yes/yes/m/773/il/U,0.4
bw/st/no/no/m/826/il/A,bo/mu/no/no/m/774/il/U,0.39
bw/st/no/no/m/826/il/A,bw/st/no/yes/m/780/il/U,0.63
bw/st/no/no/m/826/il/A,bw/mu/yes/yes/m/769/il/U,0.42
bw/st/no/no/m/826/il/A,bw/mu/yes/yes/d/793/il/U,0.42
bw/st/no/no/m/826/il/A,bw/mu/no/no/d/794/il/U,0.42
bw/st/no/no/m/826/il/A,bw/mu/yes/no/d/795/il/U,0.42
bw/st/no/no/m/826/il/A,bo/so/no/yes/m/792/il/U,0.21
bw/st/no/no/m/826/il/A,bw/so/no/yes/d/812/il/U,0.32
bw/st/no/no/m/826/il/A,bo/so/yes/no/d/815/il/U,0.32
bw/st/no/no/m/826/il/A,bo/mu/yes/no/m/823/il/A,0.4
bw/st/no/no/m/826/il/A,bo/mu/no/yes/m/824/il/A,0.4
bw/st/no/no/m/826/il/A,bo/mu/no/yes/d/848/il/A,0.4
bw/st/no/no/m/826/il/A,bw/mu/yes/yes/d/841/il/A,0.42
bw/st/no/no/m/826/il/A,bo/mu/no/no/d/846/il/A,0.39
bw/st/no/no/m/826/il/A,bw/st/yes/yes/m/825/il/A,0.6
bw/st/no/no/m/826/il/A,bo/mu/no/no/m/822/il/A,0.39
bw/st/no/no/m/826/il/A,bo/so/no/no/d/814/il/U,0.22
bw/st/no/no/m/826/il/A,bo/so/yes/yes/d/813/il/U,0.32
bw/st/no/no/m/826/il/A,bo/mu/yes/no/d/847/il/A,0.4
bw/st/no/no/m/826/il/A,bo/so/no/yes/m/840/il/A,0.21
bw/st/no/no/m/826/il/A,bw/st/yes/yes/d/849/il/A,0.6
bw/st/no/no/m/826/il/A,bw/so/yes/no/m/835/il/A,0.32
bw/st/no/no/m/826/il/A,bo/st/no/yes/m/832/il/A,0.38
bw/st/no/no/m/826/il/A,bw/st/no/yes/d/804/il/U,0.63
bw/st/no/no/m/826/il/A,bw/st/yes/no/d/803/il/U,0.84
bw/st/no/no/m/826/il/A,bw/so/yes/yes/d/857/il/A,0.32
bw/st/no/no/m/826/il/A,bw/st/no/no/d/850/il/A,1.0
bw/st/no/no/m/826/il/A,bw/so/yes/no/d/859/il/A,0.32
bw/st/no/no/m/826/il/A,bo/so/yes/yes/d/861/il/A,0.32
bw/st/no/no/m/826/il/A,bw/st/no/no/d/802/il/U,1.0
bw/st/no/no/m/826/il/A,bo/st/yes/yes/d/805/il/U,0.4
bw/st/no/no/m/826/il/A,bw/so/yes/yes/m/833/il/A,0.32
bw/st/no/no/m/826/il/A,bw/so/no/no/m/834/il/A,0.32
bw/st/no/no/m/826/il/A,bw/so/no/yes/d/860/il/A,0.32
bw/st/no/no/m/826/il/A,bw/so/no/no/d/858/il/A,0.32
bw/st/no/no/m/826/il/A,bw/st/yes/no/d/851/il/A,0.84
bw/st/no/no/m/826/il/A,bo/st/no/yes/d/856/il/A,0.38
bw/st/no/no/m/826/il/A,bw/mu/yes/no/m/771/il/U,0.42
bw/st/no/no/m/826/il/A,bw/so/yes/yes/m/785/il/U,0.32
bw/st/no/no/m/826/il/A,bo/st/no/no/m/782/il/U,0.39
bw/st/no/no/m/826/il/A,bo/mu/no/yes/m/776/il/U,0.4
bw/st/no/no/m/826/il/A,bw/st/no/no/m/778/il/U,1.0
bw/st/no/no/m/826/il/A,bw/st/yes/no/m/779/il/U,0.84
bw/st/no/no/m/826/il/A,bw/st/yes/yes/m/777/il/U,0.6
bw/st/no/no/m/826/il/A,bo/st/yes/no/m/783/il/U,0.4
bw/st/no/no/m/826/il/A,bo/st/no/yes/m/784/il/U,0.38
bw/st/no/no/m/826/il/A,bw/mu/no/no/m/770/il/U,0.42
bw/st/no/no/m/826/il/A,bo/mu/yes/no/d/799/il/U,0.4
bw/st/no/no/m/826/il/A,bo/mu/yes/yes/d/797/il/U,0.4
bw/st/no/no/m/826/il/A,bo/so/no/no/m/790/il/U,0.22
bw/st/no/no/m/826/il/A,bo/so/yes/no/m/791/il/U,0.32
bw/st/no/no/m/826/il/A,bw/mu/no/yes/d/796/il/U,0.43
bw/st/no/no/m/826/il/A,bo/mu/no/no/d/798/il/U,0.39
bw/st/no/no/m/826/il/A,bo/mu/yes/yes/d/845/il/A,0.4
bw/st/no/no/m/826/il/A,bw/mu/no/no/d/842/il/A,0.42
bw/st/no/no/m/826/il/A,bo/st/yes/yes/m/829/il/A,0.4
bw/st/no/no/m/826/il/A,bo/so/no/yes/d/816/il/U,0.21
bw/st/no/no/m/826/il/A,bw/so/yes/no/d/811/il/U,0.32
bw/st/no/no/m/826/il/A,bw/mu/no/no/m/818/il/A,0.42
bw/st/no/no/m/826/il/A,bw/st/yes/no/m/827/il/A,0.84
bw/st/no/no/m/826/il/A,bw/mu/no/yes/m/820/il/A,0.43
bw/st/no/no/m/826/il/A,bw/mu/yes/no/d/843/il/A,0.42
bw/st/no/no/m/826/il/A,bw/mu/no/yes/d/844/il/A,0.43
bw/st/no/no/m/826/il/A,bo/mu/yes/yes/m/821/il/A,0.4
bw/st/no/no/m/826/il/A,bw/mu/yes/no/m/819/il/A,0.42
bw/st/no/no/m/826/il/A,bw/st/no/no/m/826/il/A,1.0
bw/st/no/no/m/826/il/A,bw/so/no/no/d/810/il/U,0.32
bw/st/no/no/m/826/il/A,bw/st/no/yes/m/828/il/A,0.63
bw/st/no/no/m/826/il/A,bw/mu/yes/yes/m/817/il/A,0.42
bw/so/no/no/d/810/il/U,bo/st/yes/yes/d/853/il/A,0.51
bw/so/no/no/d/810/il/U,bo/st/no/no/d/854/il/A,0.52
bw/so/no/no/d/810/il/U,bo/so/no/no/d/862/il/A,0.39
bw/so/no/no/d/810/il/U,bo/st/yes/no/m/831/il/A,0.51
bw/so/no/no/d/810/il/U,bw/so/no/yes/m/836/il/A,0.74
bw/so/no/no/d/810/il/U,bw/so/yes/yes/d/809/il/U,0.69
bw/so/no/no/d/810/il/U,bo/mu/no/yes/d/800/il/U,0.46
bw/so/no/no/d/810/il/U,bo/st/yes/no/d/807/il/U,0.51
bw/so/no/no/d/810/il/U,bo/so/no/no/m/838/il/A,0.39
bw/so/no/no/d/810/il/U,bo/so/no/yes/d/864/il/A,0.34
bw/so/no/no/d/810/il/U,bo/so/yes/no/d/863/il/A,0.57
bw/so/no/no/d/810/il/U,bo/st/yes/no/d/855/il/A,0.51
bw/so/no/no/d/810/il/U,bw/st/no/yes/d/852/il/A,0.45
bw/so/no/no/d/810/il/U,bo/st/no/no/d/806/il/U,0.52
bw/so/no/no/d/810/il/U,bo/so/yes/no/m/839/il/A,0.57
bw/so/no/no/d/810/il/U,bw/st/yes/yes/d/801/il/U,0.43
bw/so/no/no/d/810/il/U,bo/so/yes/yes/m/837/il/A,0.52
bw/so/no/no/d/810/il/U,bo/st/no/yes/d/808/il/U,0.52
bw/so/no/no/d/810/il/U,bo/st/no/no/m/830/il/A,0.52
bw/so/no/no/d/810/il/U,bo/st/yes/yes/m/781/il/U,0.51
bw/so/no/no/d/810/il/U,bo/mu/yes/no/m/775/il/U,0.46
bw/so/no/no/d/810/il/U,bw/mu/no/yes/m/772/il/U,0.46
bw/so/no/no/d/810/il/U,bw/so/no/no/m/786/il/U,1.0
bw/so/no/no/d/810/il/U,bw/so/no/yes/m/788/il/U,0.74
bw/so/no/no/d/810/il/U,bo/so/yes/yes/m/789/il/U,0.52
bw/so/no/no/d/810/il/U,bw/so/yes/no/m/787/il/U,0.85
bw/so/no/no/d/810/il/U,bo/mu/yes/yes/m/773/il/U,0.46
bw/so/no/no/d/810/il/U,bo/mu/no/no/m/774/il/U,0.46
bw/so/no/no/d/810/il/U,bw/st/no/yes/m/780/il/U,0.45
bw/so/no/no/d/810/il/U,bw/mu/yes/yes/m/769/il/U,0.46
bw/so/no/no/d/810/il/U,bw/mu/yes/yes/d/793/il/U,0.46
bw/so/no/no/d/810/il/U,bw/mu/no/no/d/794/il/U,0.46
bw/so/no/no/d/810/il/U,bw/mu/yes/no/d/795/il/U,0.46
bw/so/no/no/d/810/il/U,bo/so/no/yes/m/792/il/U,0.34
bw/so/no/no/d/810/il/U,bw/so/no/yes/d/812/il/U,0.74
bw/so/no/no/d/810/il/U,bo/so/yes/no/d/815/il/U,0.57
bw/so/no/no/d/810/il/U,bo/mu/yes/no/m/823/il/A,0.46
bw/so/no/no/d/810/il/U,bo/mu/no/yes/m/824/il/A,0.46
bw/so/no/no/d/810/il/U,bo/mu/no/yes/d/848/il/A,0.46
bw/so/no/no/d/810/il/U,bw/mu/yes/yes/d/841/il/A,0.46
bw/so/no/no/d/810/il/U,bo/mu/no/no/d/846/il/A,0.46
bw/so/no/no/d/810/il/U,bw/st/yes/yes/m/825/il/A,0.43
bw/so/no/no/d/810/il/U,bo/mu/no/no/m/822/il/A,0.46
bw/so/no/no/d/810/il/U,bo/so/no/no/d/814/il/U,0.39
bw/so/no/no/d/810/il/U,bo/so/yes/yes/d/813/il/U,0.52
bw/so/no/no/d/810/il/U,bo/mu/yes/no/d/847/il/A,0.46
bw/so/no/no/d/810/il/U,bo/so/no/yes/m/840/il/A,0.34
bw/so/no/no/d/810/il/U,bw/st/yes/yes/d/849/il/A,0.43
bw/so/no/no/d/810/il/U,bw/so/yes/no/m/835/il/A,0.85
bw/so/no/no/d/810/il/U,bo/st/no/yes/m/832/il/A,0.52
bw/so/no/no/d/810/il/U,bw/st/no/yes/d/804/il/U,0.45
bw/so/no/no/d/810/il/U,bw/st/yes/no/d/803/il/U,0.32
bw/so/no/no/d/810/il/U,bw/so/yes/yes/d/857/il/A,0.69
bw/so/no/no/d/810/il/U,bw/st/no/no/d/850/il/A,0.32
bw/so/no/no/d/810/il/U,bw/so/yes/no/d/859/il/A,0.85
bw/so/no/no/d/810/il/U,bo/so/yes/yes/d/861/il/A,0.52
bw/so/no/no/d/810/il/U,bw/st/no/no/d/802/il/U,0.32
bw/so/no/no/d/810/il/U,bo/st/yes/yes/d/805/il/U,0.51
bw/so/no/no/d/810/il/U,bw/so/yes/yes/m/833/il/A,0.69
bw/so/no/no/d/810/il/U,bw/so/no/no/m/834/il/A,1.0
bw/so/no/no/d/810/il/U,bw/so/no/yes/d/860/il/A,0.74
bw/so/no/no/d/810/il/U,bw/so/no/no/d/858/il/A,1.0
bw/so/no/no/d/810/il/U,bw/st/yes/no/d/851/il/A,0.32
bw/so/no/no/d/810/il/U,bo/st/no/yes/d/856/il/A,0.52
bw/so/no/no/d/810/il/U,bw/mu/yes/no/m/771/il/U,0.46
bw/so/no/no/d/810/il/U,bw/so/yes/yes/m/785/il/U,0.69
bw/so/no/no/d/810/il/U,bo/st/no/no/m/782/il/U,0.52
bw/so/no/no/d/810/il/U,bo/mu/no/yes/m/776/il/U,0.46
bw/so/no/no/d/810/il/U,bw/st/no/no/m/778/il/U,0.32
bw/so/no/no/d/810/il/U,bw/st/yes/no/m/779/il/U,0.32
bw/so/no/no/d/810/il/U,bw/st/yes/yes/m/777/il/U,0.43
bw/so/no/no/d/810/il/U,bo/st/yes/no/m/783/il/U,0.51
bw/so/no/no/d/810/il/U,bo/st/no/yes/m/784/il/U,0.52
bw/so/no/no/d/810/il/U,bw/mu/no/no/m/770/il/U,0.46
bw/so/no/no/d/810/il/U,bo/mu/yes/no/d/799/il/U,0.46
bw/so/no/no/d/810/il/U,bo/mu/yes/yes/d/797/il/U,0.46
bw/so/no/no/d/810/il/U,bo/so/no/no/m/790/il/U,0.39
bw/so/no/no/d/810/il/U,bo/so/yes/no/m/791/il/U,0.57
bw/so/no/no/d/810/il/U,bw/mu/no/yes/d/796/il/U,0.46
bw/so/no/no/d/810/il/U,bo/mu/no/no/d/798/il/U,0.46
bw/so/no/no/d/810/il/U,bo/mu/yes/yes/d/845/il/A,0.46
bw/so/no/no/d/810/il/U,bw/mu/no/no/d/842/il/A,0.46
bw/so/no/no/d/810/il/U,bo/st/yes/yes/m/829/il/A,0.51
bw/so/no/no/d/810/il/U,bo/so/no/yes/d/816/il/U,0.34
bw/so/no/no/d/810/il/U,bw/so/yes/no/d/811/il/U,0.85
bw/so/no/no/d/810/il/U,bw/mu/no/no/m/818/il/A,0.46
bw/so/no/no/d/810/il/U,bw/st/yes/no/m/827/il/A,0.32
bw/so/no/no/d/810/il/U,bw/mu/no/yes/m/820/il/A,0.46
bw/so/no/no/d/810/il/U,bw/mu/yes/no/d/843/il/A,0.46
bw/so/no/no/d/810/il/U,bw/mu/no/yes/d/844/il/A,0.46
bw/so/no/no/d/810/il/U,bo/mu/yes/yes/m/821/il/A,0.46
bw/so/no/no/d/810/il/U,bw/mu/yes/no/m/819/il/A,0.46
bw/so/no/no/d/810/il/U,bw/st/no/no/m/826/il/A,0.32
bw/so/no/no/d/810/il/U,bw/so/no/no/d/810/il/U,1.0
bw/so/no/no/d/810/il/U,bw/st/no/yes/m/828/il/A,0.45
bw/so/no/no/d/810/il/U,bw/mu/yes/yes/m/817/il/A,0.46
bw/st/no/yes/m/828/il/A,bo/st/yes/yes/d/853/il/A,0.61
bw/st/no/yes/m/828/il/A,bo/st/no/no/d/854/il/A,0.59
bw/st/no/yes/m/828/il/A,bo/so/no/no/d/862/il/A,0.33
bw/st/no/yes/m/828/il/A,bo/st/yes/no/m/831/il/A,0.61
bw/st/no/yes/m/828/il/A,bw/so/no/yes/m/836/il/A,0.47
bw/st/no/yes/m/828/il/A,bw/so/yes/yes/d/809/il/U,0.47
bw/st/no/yes/m/828/il/A,bo/mu/no/yes/d/800/il/U,0.62
bw/st/no/yes/m/828/il/A,bo/st/yes/no/d/807/il/U,0.61
bw/st/no/yes/m/828/il/A,bo/so/no/no/m/838/il/A,0.33
bw/st/no/yes/m/828/il/A,bo/so/no/yes/d/864/il/A,0.32
bw/st/no/yes/m/828/il/A,bo/so/yes/no/d/863/il/A,0.46
bw/st/no/yes/m/828/il/A,bo/st/yes/no/d/855/il/A,0.61
bw/st/no/yes/m/828/il/A,bw/st/no/yes/d/852/il/A,1.0
bw/st/no/yes/m/828/il/A,bo/st/no/no/d/806/il/U,0.59
bw/st/no/yes/m/828/il/A,bo/so/yes/no/m/839/il/A,0.46
bw/st/no/yes/m/828/il/A,bw/st/yes/yes/d/801/il/U,0.9
bw/st/no/yes/m/828/il/A,bo/so/yes/yes/m/837/il/A,0.48
bw/st/no/yes/m/828/il/A,bo/st/no/yes/d/808/il/U,0.59
bw/st/no/yes/m/828/il/A,bo/st/no/no/m/830/il/A,0.59
bw/st/no/yes/m/828/il/A,bo/st/yes/yes/m/781/il/U,0.61
bw/st/no/yes/m/828/il/A,bo/mu/yes/no/m/775/il/U,0.62
bw/st/no/yes/m/828/il/A,bw/mu/no/yes/m/772/il/U,0.65
bw/st/no/yes/m/828/il/A,bw/so/no/no/m/786/il/U,0.45
bw/st/no/yes/m/828/il/A,bw/so/no/yes/m/788/il/U,0.47
bw/st/no/yes/m/828/il/A,bo/so/yes/yes/m/789/il/U,0.48
bw/st/no/yes/m/828/il/A,bw/so/yes/no/m/787/il/U,0.45
bw/st/no/yes/m/828/il/A,bo/mu/yes/yes/m/773/il/U,0.63
bw/st/no/yes/m/828/il/A,bo/mu/no/no/m/774/il/U,0.61
bw/st/no/yes/m/828/il/A,bw/st/no/yes/m/780/il/U,1.0
bw/st/no/yes/m/828/il/A,bw/mu/yes/yes/m/769/il/U,0.65
bw/st/no/yes/m/828/il/A,bw/mu/yes/yes/d/793/il/U,0.65
bw/st/no/yes/m/828/il/A,bw/mu/no/no/d/794/il/U,0.64
bw/st/no/yes/m/828/il/A,bw/mu/yes/no/d/795/il/U,0.64
bw/st/no/yes/m/828/il/A,bo/so/no/yes/m/792/il/U,0.32
bw/st/no/yes/m/828/il/A,bw/so/no/yes/d/812/il/U,0.47
bw/st/no/yes/m/828/il/A,bo/so/yes/no/d/815/il/U,0.46
bw/st/no/yes/m/828/il/A,bo/mu/yes/no/m/823/il/A,0.62
bw/st/no/yes/m/828/il/A,bo/mu/no/yes/m/824/il/A,0.62
bw/st/no/yes/m/828/il/A,bo/mu/no/yes/d/848/il/A,0.62
bw/st/no/yes/m/828/il/A,bw/mu/yes/yes/d/841/il/A,0.65
bw/st/no/yes/m/828/il/A,bo/mu/no/no/d/846/il/A,0.61
bw/st/no/yes/m/828/il/A,bw/st/yes/yes/m/825/il/A,0.9
bw/st/no/yes/m/828/il/A,bo/mu/no/no/m/822/il/A,0.61
bw/st/no/yes/m/828/il/A,bo/so/no/no/d/814/il/U,0.33
bw/st/no/yes/m/828/il/A,bo/so/yes/yes/d/813/il/U,0.48
bw/st/no/yes/m/828/il/A,bo/mu/yes/no/d/847/il/A,0.62
bw/st/no/yes/m/828/il/A,bo/so/no/yes/m/840/il/A,0.32
bw/st/no/yes/m/828/il/A,bw/st/yes/yes/d/849/il/A,0.9
bw/st/no/yes/m/828/il/A,bw/so/yes/no/m/835/il/A,0.45
bw/st/no/yes/m/828/il/A,bo/st/no/yes/m/832/il/A,0.59
bw/st/no/yes/m/828/il/A,bw/st/no/yes/d/804/il/U,1.0
bw/st/no/yes/m/828/il/A,bw/st/yes/no/d/803/il/U,0.6
bw/st/no/yes/m/828/il/A,bw/so/yes/yes/d/857/il/A,0.47
bw/st/no/yes/m/828/il/A,bw/st/no/no/d/850/il/A,0.63
bw/st/no/yes/m/828/il/A,bw/so/yes/no/d/859/il/A,0.45
bw/st/no/yes/m/828/il/A,bo/so/yes/yes/d/861/il/A,0.48
bw/st/no/yes/m/828/il/A,bw/st/no/no/d/802/il/U,0.63
bw/st/no/yes/m/828/il/A,bo/st/yes/yes/d/805/il/U,0.61
bw/st/no/yes/m/828/il/A,bw/so/yes/yes/m/833/il/A,0.47
bw/st/no/yes/m/828/il/A,bw/so/no/no/m/834/il/A,0.45
bw/st/no/yes/m/828/il/A,bw/so/no/yes/d/860/il/A,0.47
bw/st/no/yes/m/828/il/A,bw/so/no/no/d/858/il/A,0.45
bw/st/no/yes/m/828/il/A,bw/st/yes/no/d/851/il/A,0.6
bw/st/no/yes/m/828/il/A,bo/st/no/yes/d/856/il/A,0.59
bw/st/no/yes/m/828/il/A,bw/mu/yes/no/m/771/il/U,0.64
bw/st/no/yes/m/828/il/A,bw/so/yes/yes/m/785/il/U,0.47
bw/st/no/yes/m/828/il/A,bo/st/no/no/m/782/il/U,0.59
bw/st/no/yes/m/828/il/A,bo/mu/no/yes/m/776/il/U,0.62
bw/st/no/yes/m/828/il/A,bw/st/no/no/m/778/il/U,0.63
bw/st/no/yes/m/828/il/A,bw/st/yes/no/m/779/il/U,0.6
bw/st/no/yes/m/828/il/A,bw/st/yes/yes/m/777/il/U,0.9
bw/st/no/yes/m/828/il/A,bo/st/yes/no/m/783/il/U,0.61
bw/st/no/yes/m/828/il/A,bo/st/no/yes/m/784/il/U,0.59
bw/st/no/yes/m/828/il/A,bw/mu/no/no/m/770/il/U,0.64
bw/st/no/yes/m/828/il/A,bo/mu/yes/no/d/799/il/U,0.62
bw/st/no/yes/m/828/il/A,bo/mu/yes/yes/d/797/il/U,0.63
bw/st/no/yes/m/828/il/A,bo/so/no/no/m/790/il/U,0.33
bw/st/no/yes/m/828/il/A,bo/so/yes/no/m/791/il/U,0.46
bw/st/no/yes/m/828/il/A,bw/mu/no/yes/d/796/il/U,0.65
bw/st/no/yes/m/828/il/A,bo/mu/no/no/d/798/il/U,0.61
bw/st/no/yes/m/828/il/A,bo/mu/yes/yes/d/845/il/A,0.63
bw/st/no/yes/m/828/il/A,bw/mu/no/no/d/842/il/A,0.64
bw/st/no/yes/m/828/il/A,bo/st/yes/yes/m/829/il/A,0.61
bw/st/no/yes/m/828/il/A,bo/so/no/yes/d/816/il/U,0.32
bw/st/no/yes/m/828/il/A,bw/so/yes/no/d/811/il/U,0.45
bw/st/no/yes/m/828/il/A,bw/mu/no/no/m/818/il/A,0.64
bw/st/no/yes/m/828/il/A,bw/st/yes/no/m/827/il/A,0.6
bw/st/no/yes/m/828/il/A,bw/mu/no/yes/m/820/il/A,0.65
bw/st/no/yes/m/828/il/A,bw/mu/yes/no/d/843/il/A,0.64
bw/st/no/yes/m/828/il/A,bw/mu/no/yes/d/844/il/A,0.65
bw/st/no/yes/m/828/il/A,bo/mu/yes/yes/m/821/il/A,0.63
bw/st/no/yes/m/828/il/A,bw/mu/yes/no/m/819/il/A,0.64
bw/st/no/yes/m/828/il/A,bw/st/no/no/m/826/il/A,0.63
bw/st/no/yes/m/828/il/A,bw/so/no/no/d/810/il/U,0.45
bw/st/no/yes/m/828/il/A,bw/st/no/yes/m/828/il/A,1.0
bw/st/no/yes/m/828/il/A,bw/mu/yes/yes/m/817/il/A,0.65
bw/mu/yes/yes/m/817/il/A,bo/st/yes/yes/d/853/il/A,0.69
bw/mu/yes/yes/m/817/il/A,bo/st/no/no/d/854/il/A,0.67
bw/mu/yes/yes/m/817/il/A,bo/so/no/no/d/862/il/A,0.39
bw/mu/yes/yes/m/817/il/A,bo/st/yes/no/m/831/il/A,0.68
bw/mu/yes/yes/m/817/il/A,bw/so/no/yes/m/836/il/A,0.49
bw/mu/yes/yes/m/817/il/A,bw/so/yes/yes/d/809/il/U,0.49
bw/mu/yes/yes/m/817/il/A,bo/mu/no/yes/d/800/il/U,0.9
bw/mu/yes/yes/m/817/il/A,bo/st/yes/no/d/807/il/U,0.68
bw/mu/yes/yes/m/817/il/A,bo/so/no/no/m/838/il/A,0.39
bw/mu/yes/yes/m/817/il/A,bo/so/no/yes/d/864/il/A,0.4
bw/mu/yes/yes/m/817/il/A,bo/so/yes/no/d/863/il/A,0.51
bw/mu/yes/yes/m/817/il/A,bo/st/yes/no/d/855/il/A,0.68
bw/mu/yes/yes/m/817/il/A,bw/st/no/yes/d/852/il/A,0.65
bw/mu/yes/yes/m/817/il/A,bo/st/no/no/d/806/il/U,0.67
bw/mu/yes/yes/m/817/il/A,bo/so/yes/no/m/839/il/A,0.51
bw/mu/yes/yes/m/817/il/A,bw/st/yes/yes/d/801/il/U,0.62
bw/mu/yes/yes/m/817/il/A,bo/so/yes/yes/m/837/il/A,0.56
bw/mu/yes/yes/m/817/il/A,bo/st/no/yes/d/808/il/U,0.69
bw/mu/yes/yes/m/817/il/A,bo/st/no/no/m/830/il/A,0.67
bw/mu/yes/yes/m/817/il/A,bo/st/yes/yes/m/781/il/U,0.69
bw/mu/yes/yes/m/817/il/A,bo/mu/yes/no/m/775/il/U,0.9
bw/mu/yes/yes/m/817/il/A,bw/mu/no/yes/m/772/il/U,0.98
bw/mu/yes/yes/m/817/il/A,bw/so/no/no/m/786/il/U,0.46
bw/mu/yes/yes/m/817/il/A,bw/so/no/yes/m/788/il/U,0.49
bw/mu/yes/yes/m/817/il/A,bo/so/yes/yes/m/789/il/U,0.56
bw/mu/yes/yes/m/817/il/A,bw/so/yes/no/m/787/il/U,0.47
bw/mu/yes/yes/m/817/il/A,bo/mu/yes/yes/m/773/il/U,0.91
bw/mu/yes/yes/m/817/il/A,bo/mu/no/no/m/774/il/U,0.88
bw/mu/yes/yes/m/817/il/A,bw/st/no/yes/m/780/il/U,0.65
bw/mu/yes/yes/m/817/il/A,bw/mu/yes/yes/m/769/il/U,1.0
bw/mu/yes/yes/m/817/il/A,bw/mu/yes/yes/d/793/il/U,1.0
bw/mu/yes/yes/m/817/il/A,bw/mu/no/no/d/794/il/U,0.92
bw/mu/yes/yes/m/817/il/A,bw/mu/yes/no/d/795/il/U,0.93
bw/mu/yes/yes/m/817/il/A,bo/so/no/yes/m/792/il/U,0.4
bw/mu/yes/yes/m/817/il/A,bw/so/no/yes/d/812/il/U,0.49
bw/mu/yes/yes/m/817/il/A,bo/so/yes/no/d/815/il/U,0.51
bw/mu/yes/yes/m/817/il/A,bo/mu/yes/no/m/823/il/A,0.9
bw/mu/yes/yes/m/817/il/A,bo/mu/no/yes/m/824/il/A,0.9
bw/mu/yes/yes/m/817/il/A,bo/mu/no/yes/d/848/il/A,0.9
bw/mu/yes/yes/m/817/il/A,bw/mu/yes/yes/d/841/il/A,1.0
bw/mu/yes/yes/m/817/il/A,bo/mu/no/no/d/846/il/A,0.88
bw/mu/yes/yes/m/817/il/A,bw/st/yes/yes/m/825/il/A,0.62
bw/mu/yes/yes/m/817/il/A,bo/mu/no/no/m/822/il/A,0.88
bw/mu/yes/yes/m/817/il/A,bo/so/no/no/d/814/il/U,0.39
bw/mu/yes/yes/m/817/il/A,bo/so/yes/yes/d/813/il/U,0.56
bw/mu/yes/yes/m/817/il/A,bo/mu/yes/no/d/847/il/A,0.9
bw/mu/yes/yes/m/817/il/A,bo/so/no/yes/m/840/il/A,0.4
bw/mu/yes/yes/m/817/il/A,bw/st/yes/yes/d/849/il/A,0.62
bw/mu/yes/yes/m/817/il/A,bw/so/yes/no/m/835/il/A,0.47
bw/mu/yes/yes/m/817/il/A,bo/st/no/yes/m/832/il/A,0.69
bw/mu/yes/yes/m/817/il/A,bw/st/no/yes/d/804/il/U,0.65
bw/mu/yes/yes/m/817/il/A,bw/st/yes/no/d/803/il/U,0.42
bw/mu/yes/yes/m/817/il/A,bw/so/yes/yes/d/857/il/A,0.49
bw/mu/yes/yes/m/817/il/A,bw/st/no/no/d/850/il/A,0.42
bw/mu/yes/yes/m/817/il/A,bw/so/yes/no/d/859/il/A,0.47
bw/mu/yes/yes/m/817/il/A,bo/so/yes/yes/d/861/il/A,0.56
bw/mu/yes/yes/m/817/il/A,bw/st/no/no/d/802/il/U,0.42
bw/mu/yes/yes/m/817/il/A,bo/st/yes/yes/d/805/il/U,0.69
bw/mu/yes/yes/m/817/il/A,bw/so/yes/yes/m/833/il/A,0.49
bw/mu/yes/yes/m/817/il/A,bw/so/no/no/m/834/il/A,0.46
bw/mu/yes/yes/m/817/il/A,bw/so/no/yes/d/860/il/A,0.49
bw/mu/yes/yes/m/817/il/A,bw/so/no/no/d/858/il/A,0.46
bw/mu/yes/yes/m/817/il/A,bw/st/yes/no/d/851/il/A,0.42
bw/mu/yes/yes/m/817/il/A,bo/st/no/yes/d/856/il/A,0.69
bw/mu/yes/yes/m/817/il/A,bw/mu/yes/no/m/771/il/U,0.93
bw/mu/yes/yes/m/817/il/A,bw/so/yes/yes/m/785/il/U,0.49
bw/mu/yes/yes/m/817/il/A,bo/st/no/no/m/782/il/U,0.67
bw/mu/yes/yes/m/817/il/A,bo/mu/no/yes/m/776/il/U,0.9
bw/mu/yes/yes/m/817/il/A,bw/st/no/no/m/778/il/U,0.42
bw/mu/yes/yes/m/817/il/A,bw/st/yes/no/m/779/il/U,0.42
bw/mu/yes/yes/m/817/il/A,bw/st/yes/yes/m/777/il/U,0.62
bw/mu/yes/yes/m/817/il/A,bo/st/yes/no/m/783/il/U,0.68
bw/mu/yes/yes/m/817/il/A,bo/st/no/yes/m/784/il/U,0.69
bw/mu/yes/yes/m/817/il/A,bw/mu/no/no/m/770/il/U,0.92
bw/mu/yes/yes/m/817/il/A,bo/mu/yes/no/d/799/il/U,0.9
bw/mu/yes/yes/m/817/il/A,bo/mu/yes/yes/d/797/il/U,0.91
bw/mu/yes/yes/m/817/il/A,bo/so/no/no/m/790/il/U,0.39
bw/mu/yes/yes/m/817/il/A,bo/so/yes/no/m/791/il/U,0.51
bw/mu/yes/yes/m/817/il/A,bw/mu/no/yes/d/796/il/U,0.98
bw/mu/yes/yes/m/817/il/A,bo/mu/no/no/d/798/il/U,0.88
bw/mu/yes/yes/m/817/il/A,bo/mu/yes/yes/d/845/il/A,0.91
bw/mu/yes/yes/m/817/il/A,bw/mu/no/no/d/842/il/A,0.92
bw/mu/yes/yes/m/817/il/A,bo/st/yes/yes/m/829/il/A,0.69
bw/mu/yes/yes/m/817/il/A,bo/so/no/yes/d/816/il/U,0.4
bw/mu/yes/yes/m/817/il/A,bw/so/yes/no/d/811/il/U,0.47
bw/mu/yes/yes/m/817/il/A,bw/mu/no/no/m/818/il/A,0.92
bw/mu/yes/yes/m/817/il/A,bw/st/yes/no/m/827/il/A,0.42
bw/mu/yes/yes/m/817/il/A,bw/mu/no/yes/m/820/il/A,0.98
bw/mu/yes/yes/m/817/il/A,bw/mu/yes/no/d/843/il/A,0.93
bw/mu/yes/yes/m/817/il/A,bw/mu/no/yes/d/844/il/A,0.98
bw/mu/yes/yes/m/817/il/A,bo/mu/yes/yes/m/821/il/A,0.91
bw/mu/yes/yes/m/817/il/A,bw/mu/yes/no/m/819/il/A,0.93
bw/mu/yes/yes/m/817/il/A,bw/st/no/no/m/826/il/A,0.42
bw/mu/yes/yes/m/817/il/A,bw/so/no/no/d/810/il/U,0.46
bw/mu/yes/yes/m/817/il/A,bw/st/no/yes/m/828/il/A,0.65
bw/mu/yes/yes/m/817/il/A,bw/mu/yes/yes/m/817/il/A,1.0
