TestCase1,TestCase2,Inter/Union
bw/st/yes/no/m/207/ll/U,bw/st/yes/no/m/207/ll/U,1.0
bw/st/yes/no/m/207/ll/U,bo/st/yes/no/m/231/ll/U,0.55
bw/st/yes/no/m/207/ll/U,bo/mu/no/no/d/467/ll/A,0.38
bw/st/yes/no/m/207/ll/U,bw/st/yes/no/m/209/ll/A,1.0
bw/st/yes/no/m/207/ll/U,bw/so/yes/no/m/255/ll/U,0.38
bw/st/yes/no/m/207/ll/U,bw/mu/yes/yes/d/435/ll/U,0.42
bw/st/yes/no/m/207/ll/U,bw/so/no/yes/m/263/ll/A,0.42
bw/st/yes/no/m/207/ll/U,bo/mu/yes/yes/d/461/ll/A,0.43
bw/st/yes/no/m/207/ll/U,bo/st/no/yes/m/237/ll/U,0.37
bw/st/yes/no/m/207/ll/U,bw/st/yes/no/d/495/ll/U,1.0
bw/st/yes/no/m/207/ll/U,bo/mu/yes/yes/d/459/ll/U,0.43
bw/st/yes/no/m/207/ll/U,bo/st/no/yes/m/239/ll/A,0.37
bw/st/yes/no/m/207/ll/U,bw/st/no/no/m/201/ll/U,0.85
bw/st/yes/no/m/207/ll/U,bo/st/no/yes/d/525/ll/U,0.37
bw/st/yes/no/m/207/ll/U,bo/mu/no/no/m/179/ll/A,0.38
bw/st/yes/no/m/207/ll/U,bo/mu/yes/no/m/183/ll/U,0.41
bw/st/yes/no/m/207/ll/U,bo/mu/no/no/m/177/ll/U,0.38
bw/st/yes/no/m/207/ll/U,bo/st/no/no/d/513/ll/U,0.39
bw/st/yes/no/m/207/ll/U,bw/so/no/yes/d/549/ll/U,0.42
bw/st/yes/no/m/207/ll/U,bw/mu/yes/yes/m/149/ll/A,0.42
bw/st/yes/no/m/207/ll/U,bo/mu/yes/no/m/185/ll/A,0.41
bw/st/yes/no/m/207/ll/U,bo/st/no/no/d/515/ll/A,0.39
bw/st/yes/no/m/207/ll/U,bo/mu/yes/yes/m/171/ll/U,0.43
bw/st/yes/no/m/207/ll/U,bw/mu/yes/yes/m/147/ll/U,0.42
bw/st/yes/no/m/207/ll/U,bo/so/no/no/d/563/ll/A,0.12
bw/st/yes/no/m/207/ll/U,bo/so/yes/yes/d/555/ll/U,0.42
bw/st/yes/no/m/207/ll/U,bw/so/no/no/d/539/ll/A,0.37
bw/st/yes/no/m/207/ll/U,bo/mu/no/yes/m/191/ll/A,0.39
bw/st/yes/no/m/207/ll/U,bw/st/no/yes/d/501/ll/U,0.78
bw/st/yes/no/m/207/ll/U,bw/mu/no/yes/m/165/ll/U,0.41
bw/st/yes/no/m/207/ll/U,bw/mu/no/no/m/153/ll/U,0.42
bw/st/yes/no/m/207/ll/U,bw/so/no/no/d/537/ll/U,0.37
bw/st/yes/no/m/207/ll/U,bw/so/yes/yes/d/531/ll/U,0.44
bw/st/yes/no/m/207/ll/U,bw/mu/no/no/m/155/ll/A,0.42
bw/st/yes/no/m/207/ll/U,bo/st/yes/yes/d/509/ll/A,0.5
bw/st/yes/no/m/207/ll/U,bw/st/yes/yes/m/197/ll/A,0.87
bw/st/yes/no/m/207/ll/U,bo/st/yes/yes/d/507/ll/U,0.5
bw/st/yes/no/m/207/ll/U,bw/st/no/yes/m/215/ll/A,0.78
bw/st/yes/no/m/207/ll/U,bw/mu/no/no/d/443/ll/A,0.42
bw/st/yes/no/m/207/ll/U,bo/so/yes/no/m/279/ll/U,0.37
bw/st/yes/no/m/207/ll/U,bw/st/no/no/d/489/ll/U,0.85
bw/st/yes/no/m/207/ll/U,bw/st/no/yes/m/213/ll/U,0.78
bw/st/yes/no/m/207/ll/U,bo/st/no/no/m/225/ll/U,0.39
bw/st/yes/no/m/207/ll/U,bo/mu/yes/no/d/473/ll/A,0.41
bw/st/yes/no/m/207/ll/U,bw/so/no/no/m/249/ll/U,0.37
bw/st/yes/no/m/207/ll/U,bo/so/no/yes/m/285/ll/U,0.11
bw/st/yes/no/m/207/ll/U,bw/st/no/no/m/203/ll/A,0.85
bw/st/yes/no/m/207/ll/U,bw/mu/no/yes/d/455/ll/A,0.41
bw/st/yes/no/m/207/ll/U,bw/st/yes/no/d/497/ll/A,1.0
bw/st/yes/no/m/207/ll/U,bw/mu/yes/yes/d/437/ll/A,0.42
bw/st/yes/no/m/207/ll/U,bw/so/no/yes/m/261/ll/U,0.42
bw/st/yes/no/m/207/ll/U,bw/so/yes/no/m/257/ll/A,0.38
bw/st/yes/no/m/207/ll/U,bw/st/no/no/d/491/ll/A,0.85
bw/st/yes/no/m/207/ll/U,bo/st/yes/no/m/233/ll/A,0.55
bw/st/yes/no/m/207/ll/U,bo/mu/no/no/d/465/ll/U,0.38
bw/st/yes/no/m/207/ll/U,bw/mu/no/yes/d/453/ll/U,0.41
bw/st/yes/no/m/207/ll/U,bw/so/no/no/m/251/ll/A,0.37
bw/st/yes/no/m/207/ll/U,bo/so/yes/yes/m/269/ll/A,0.42
bw/st/yes/no/m/207/ll/U,bo/so/yes/yes/m/267/ll/U,0.42
bw/st/yes/no/m/207/ll/U,bw/so/yes/no/d/543/ll/U,0.38
bw/st/yes/no/m/207/ll/U,bo/so/no/yes/d/575/ll/A,0.11
bw/st/yes/no/m/207/ll/U,bo/st/yes/no/d/521/ll/A,0.55
bw/st/yes/no/m/207/ll/U,bo/mu/no/yes/m/189/ll/U,0.39
bw/st/yes/no/m/207/ll/U,bo/st/yes/no/d/519/ll/U,0.55
bw/st/yes/no/m/207/ll/U,bo/mu/yes/yes/m/173/ll/A,0.43
bw/st/yes/no/m/207/ll/U,bo/so/no/yes/d/573/ll/U,0.11
bw/st/yes/no/m/207/ll/U,bw/so/yes/no/d/545/ll/A,0.38
bw/st/yes/no/m/207/ll/U,bo/st/no/yes/d/527/ll/A,0.37
bw/st/yes/no/m/207/ll/U,bw/mu/yes/no/m/159/ll/U,0.42
bw/st/yes/no/m/207/ll/U,bw/mu/yes/no/m/161/ll/A,0.42
bw/st/yes/no/m/207/ll/U,bw/st/yes/yes/m/195/ll/U,0.87
bw/st/yes/no/m/207/ll/U,bw/so/yes/yes/d/533/ll/A,0.44
bw/st/yes/no/m/207/ll/U,bo/so/yes/no/d/567/ll/U,0.37
bw/st/yes/no/m/207/ll/U,bw/so/no/yes/d/551/ll/A,0.42
bw/st/yes/no/m/207/ll/U,bo/so/yes/no/d/569/ll/A,0.37
bw/st/yes/no/m/207/ll/U,bw/st/no/yes/d/503/ll/A,0.78
bw/st/yes/no/m/207/ll/U,bw/mu/no/yes/m/167/ll/A,0.41
bw/st/yes/no/m/207/ll/U,bo/so/yes/yes/d/557/ll/A,0.42
bw/st/yes/no/m/207/ll/U,bo/so/no/no/d/561/ll/U,0.12
bw/st/yes/no/m/207/ll/U,bw/so/yes/yes/m/245/ll/A,0.44
bw/st/yes/no/m/207/ll/U,bo/so/no/yes/m/287/ll/A,0.11
bw/st/yes/no/m/207/ll/U,bo/so/no/no/m/273/ll/U,0.12
bw/st/yes/no/m/207/ll/U,bw/st/yes/yes/d/485/ll/A,0.87
bw/st/yes/no/m/207/ll/U,bo/st/no/no/m/227/ll/A,0.39
bw/st/yes/no/m/207/ll/U,bo/mu/yes/no/d/471/ll/U,0.41
bw/st/yes/no/m/207/ll/U,bw/mu/yes/no/d/449/ll/A,0.42
bw/st/yes/no/m/207/ll/U,bw/mu/yes/no/d/447/ll/U,0.42
bw/st/yes/no/m/207/ll/U,bo/so/yes/no/m/281/ll/A,0.37
bw/st/yes/no/m/207/ll/U,bo/so/no/no/m/275/ll/A,0.12
bw/st/yes/no/m/207/ll/U,bw/so/yes/yes/m/243/ll/U,0.44
bw/st/yes/no/m/207/ll/U,bo/mu/no/yes/d/479/ll/A,0.39
bw/st/yes/no/m/207/ll/U,bw/mu/no/no/d/441/ll/U,0.42
bw/st/yes/no/m/207/ll/U,bw/st/yes/yes/d/483/ll/U,0.87
bw/st/yes/no/m/207/ll/U,bo/mu/no/yes/d/477/ll/U,0.39
bw/st/yes/no/m/207/ll/U,bo/st/yes/yes/m/221/ll/A,0.5
bw/st/yes/no/m/207/ll/U,bo/st/yes/yes/m/219/ll/U,0.5
bo/st/yes/no/m/231/ll/U,bw/st/yes/no/m/207/ll/U,0.55
bo/st/yes/no/m/231/ll/U,bo/st/yes/no/m/231/ll/U,1.0
bo/st/yes/no/m/231/ll/U,bo/mu/no/no/d/467/ll/A,0.5
bo/st/yes/no/m/231/ll/U,bw/st/yes/no/m/209/ll/A,0.55
bo/st/yes/no/m/231/ll/U,bw/so/yes/no/m/255/ll/U,0.37
bo/st/yes/no/m/231/ll/U,bw/mu/yes/yes/d/435/ll/U,0.57
bo/st/yes/no/m/231/ll/U,bw/so/no/yes/m/263/ll/A,0.44
bo/st/yes/no/m/231/ll/U,bo/mu/yes/yes/d/461/ll/A,0.55
bo/st/yes/no/m/231/ll/U,bo/st/no/yes/m/237/ll/U,0.58
bo/st/yes/no/m/231/ll/U,bw/st/yes/no/d/495/ll/U,0.55
bo/st/yes/no/m/231/ll/U,bo/mu/yes/yes/d/459/ll/U,0.55
bo/st/yes/no/m/231/ll/U,bo/st/no/yes/m/239/ll/A,0.58
bo/st/yes/no/m/231/ll/U,bw/st/no/no/m/201/ll/U,0.54
bo/st/yes/no/m/231/ll/U,bo/st/no/yes/d/525/ll/U,0.58
bo/st/yes/no/m/231/ll/U,bo/mu/no/no/m/179/ll/A,0.5
bo/st/yes/no/m/231/ll/U,bo/mu/yes/no/m/183/ll/U,0.56
bo/st/yes/no/m/231/ll/U,bo/mu/no/no/m/177/ll/U,0.5
bo/st/yes/no/m/231/ll/U,bo/st/no/no/d/513/ll/U,0.59
bo/st/yes/no/m/231/ll/U,bw/so/no/yes/d/549/ll/U,0.44
bo/st/yes/no/m/231/ll/U,bw/mu/yes/yes/m/149/ll/A,0.57
bo/st/yes/no/m/231/ll/U,bo/mu/yes/no/m/185/ll/A,0.56
bo/st/yes/no/m/231/ll/U,bo/st/no/no/d/515/ll/A,0.59
bo/st/yes/no/m/231/ll/U,bo/mu/yes/yes/m/171/ll/U,0.55
bo/st/yes/no/m/231/ll/U,bw/mu/yes/yes/m/147/ll/U,0.57
bo/st/yes/no/m/231/ll/U,bo/so/no/no/d/563/ll/A,0.13
bo/st/yes/no/m/231/ll/U,bo/so/yes/yes/d/555/ll/U,0.5
bo/st/yes/no/m/231/ll/U,bw/so/no/no/d/539/ll/A,0.37
bo/st/yes/no/m/231/ll/U,bo/mu/no/yes/m/191/ll/A,0.53
bo/st/yes/no/m/231/ll/U,bw/st/no/yes/d/501/ll/U,0.6
bo/st/yes/no/m/231/ll/U,bw/mu/no/yes/m/165/ll/U,0.54
bo/st/yes/no/m/231/ll/U,bw/mu/no/no/m/153/ll/U,0.52
bo/st/yes/no/m/231/ll/U,bw/so/no/no/d/537/ll/U,0.37
bo/st/yes/no/m/231/ll/U,bw/so/yes/yes/d/531/ll/U,0.44
bo/st/yes/no/m/231/ll/U,bw/mu/no/no/m/155/ll/A,0.52
bo/st/yes/no/m/231/ll/U,bo/st/yes/yes/d/509/ll/A,0.89
bo/st/yes/no/m/231/ll/U,bw/st/yes/yes/m/197/ll/A,0.62
bo/st/yes/no/m/231/ll/U,bo/st/yes/yes/d/507/ll/U,0.89
bo/st/yes/no/m/231/ll/U,bw/st/no/yes/m/215/ll/A,0.6
bo/st/yes/no/m/231/ll/U,bw/mu/no/no/d/443/ll/A,0.52
bo/st/yes/no/m/231/ll/U,bo/so/yes/no/m/279/ll/U,0.4
bo/st/yes/no/m/231/ll/U,bw/st/no/no/d/489/ll/U,0.54
bo/st/yes/no/m/231/ll/U,bw/st/no/yes/m/213/ll/U,0.6
bo/st/yes/no/m/231/ll/U,bo/st/no/no/m/225/ll/U,0.59
bo/st/yes/no/m/231/ll/U,bo/mu/yes/no/d/473/ll/A,0.56
bo/st/yes/no/m/231/ll/U,bw/so/no/no/m/249/ll/U,0.37
bo/st/yes/no/m/231/ll/U,bo/so/no/yes/m/285/ll/U,0.13
bo/st/yes/no/m/231/ll/U,bw/st/no/no/m/203/ll/A,0.54
bo/st/yes/no/m/231/ll/U,bw/mu/no/yes/d/455/ll/A,0.54
bo/st/yes/no/m/231/ll/U,bw/st/yes/no/d/497/ll/A,0.55
bo/st/yes/no/m/231/ll/U,bw/mu/yes/yes/d/437/ll/A,0.57
bo/st/yes/no/m/231/ll/U,bw/so/no/yes/m/261/ll/U,0.44
bo/st/yes/no/m/231/ll/U,bw/so/yes/no/m/257/ll/A,0.37
bo/st/yes/no/m/231/ll/U,bw/st/no/no/d/491/ll/A,0.54
bo/st/yes/no/m/231/ll/U,bo/st/yes/no/m/233/ll/A,1.0
bo/st/yes/no/m/231/ll/U,bo/mu/no/no/d/465/ll/U,0.5
bo/st/yes/no/m/231/ll/U,bw/mu/no/yes/d/453/ll/U,0.54
bo/st/yes/no/m/231/ll/U,bw/so/no/no/m/251/ll/A,0.37
bo/st/yes/no/m/231/ll/U,bo/so/yes/yes/m/269/ll/A,0.5
bo/st/yes/no/m/231/ll/U,bo/so/yes/yes/m/267/ll/U,0.5
bo/st/yes/no/m/231/ll/U,bw/so/yes/no/d/543/ll/U,0.37
bo/st/yes/no/m/231/ll/U,bo/so/no/yes/d/575/ll/A,0.13
bo/st/yes/no/m/231/ll/U,bo/st/yes/no/d/521/ll/A,1.0
bo/st/yes/no/m/231/ll/U,bo/mu/no/yes/m/189/ll/U,0.53
bo/st/yes/no/m/231/ll/U,bo/st/yes/no/d/519/ll/U,1.0
bo/st/yes/no/m/231/ll/U,bo/mu/yes/yes/m/173/ll/A,0.55
bo/st/yes/no/m/231/ll/U,bo/so/no/yes/d/573/ll/U,0.13
bo/st/yes/no/m/231/ll/U,bw/so/yes/no/d/545/ll/A,0.37
bo/st/yes/no/m/231/ll/U,bo/st/no/yes/d/527/ll/A,0.58
bo/st/yes/no/m/231/ll/U,bw/mu/yes/no/m/159/ll/U,0.56
bo/st/yes/no/m/231/ll/U,bw/mu/yes/no/m/161/ll/A,0.56
bo/st/yes/no/m/231/ll/U,bw/st/yes/yes/m/195/ll/U,0.62
bo/st/yes/no/m/231/ll/U,bw/so/yes/yes/d/533/ll/A,0.44
bo/st/yes/no/m/231/ll/U,bo/so/yes/no/d/567/ll/U,0.4
bo/st/yes/no/m/231/ll/U,bw/so/no/yes/d/551/ll/A,0.44
bo/st/yes/no/m/231/ll/U,bo/so/yes/no/d/569/ll/A,0.4
bo/st/yes/no/m/231/ll/U,bw/st/no/yes/d/503/ll/A,0.6
bo/st/yes/no/m/231/ll/U,bw/mu/no/yes/m/167/ll/A,0.54
bo/st/yes/no/m/231/ll/U,bo/so/yes/yes/d/557/ll/A,0.5
bo/st/yes/no/m/231/ll/U,bo/so/no/no/d/561/ll/U,0.13
bo/st/yes/no/m/231/ll/U,bw/so/yes/yes/m/245/ll/A,0.44
bo/st/yes/no/m/231/ll/U,bo/so/no/yes/m/287/ll/A,0.13
bo/st/yes/no/m/231/ll/U,bo/so/no/no/m/273/ll/U,0.13
bo/st/yes/no/m/231/ll/U,bw/st/yes/yes/d/485/ll/A,0.62
bo/st/yes/no/m/231/ll/U,bo/st/no/no/m/227/ll/A,0.59
bo/st/yes/no/m/231/ll/U,bo/mu/yes/no/d/471/ll/U,0.56
bo/st/yes/no/m/231/ll/U,bw/mu/yes/no/d/449/ll/A,0.56
bo/st/yes/no/m/231/ll/U,bw/mu/yes/no/d/447/ll/U,0.56
bo/st/yes/no/m/231/ll/U,bo/so/yes/no/m/281/ll/A,0.4
bo/st/yes/no/m/231/ll/U,bo/so/no/no/m/275/ll/A,0.13
bo/st/yes/no/m/231/ll/U,bw/so/yes/yes/m/243/ll/U,0.44
bo/st/yes/no/m/231/ll/U,bo/mu/no/yes/d/479/ll/A,0.53
bo/st/yes/no/m/231/ll/U,bw/mu/no/no/d/441/ll/U,0.52
bo/st/yes/no/m/231/ll/U,bw/st/yes/yes/d/483/ll/U,0.62
bo/st/yes/no/m/231/ll/U,bo/mu/no/yes/d/477/ll/U,0.53
bo/st/yes/no/m/231/ll/U,bo/st/yes/yes/m/221/ll/A,0.89
bo/st/yes/no/m/231/ll/U,bo/st/yes/yes/m/219/ll/U,0.89
bo/mu/no/no/d/467/ll/A,bw/st/yes/no/m/207/ll/U,0.38
bo/mu/no/no/d/467/ll/A,bo/st/yes/no/m/231/ll/U,0.5
bo/mu/no/no/d/467/ll/A,bo/mu/no/no/d/467/ll/A,1.0
bo/mu/no/no/d/467/ll/A,bw/st/yes/no/m/209/ll/A,0.38
bo/mu/no/no/d/467/ll/A,bw/so/yes/no/m/255/ll/U,0.26
bo/mu/no/no/d/467/ll/A,bw/mu/yes/yes/d/435/ll/U,0.75
bo/mu/no/no/d/467/ll/A,bw/so/no/yes/m/263/ll/A,0.31
bo/mu/no/no/d/467/ll/A,bo/mu/yes/yes/d/461/ll/A,0.81
bo/mu/no/no/d/467/ll/A,bo/st/no/yes/m/237/ll/U,0.6
bo/mu/no/no/d/467/ll/A,bw/st/yes/no/d/495/ll/U,0.38
bo/mu/no/no/d/467/ll/A,bo/mu/yes/yes/d/459/ll/U,0.81
bo/mu/no/no/d/467/ll/A,bo/st/no/yes/m/239/ll/A,0.6
bo/mu/no/no/d/467/ll/A,bw/st/no/no/m/201/ll/U,0.4
bo/mu/no/no/d/467/ll/A,bo/st/no/yes/d/525/ll/U,0.6
bo/mu/no/no/d/467/ll/A,bo/mu/no/no/m/179/ll/A,1.0
bo/mu/no/no/d/467/ll/A,bo/mu/yes/no/m/183/ll/U,0.8
bo/mu/no/no/d/467/ll/A,bo/mu/no/no/m/177/ll/U,1.0
bo/mu/no/no/d/467/ll/A,bo/st/no/no/d/513/ll/U,0.56
bo/mu/no/no/d/467/ll/A,bw/so/no/yes/d/549/ll/U,0.31
bo/mu/no/no/d/467/ll/A,bw/mu/yes/yes/m/149/ll/A,0.75
bo/mu/no/no/d/467/ll/A,bo/mu/yes/no/m/185/ll/A,0.8
bo/mu/no/no/d/467/ll/A,bo/st/no/no/d/515/ll/A,0.56
bo/mu/no/no/d/467/ll/A,bo/mu/yes/yes/m/171/ll/U,0.81
bo/mu/no/no/d/467/ll/A,bw/mu/yes/yes/m/147/ll/U,0.75
bo/mu/no/no/d/467/ll/A,bo/so/no/no/d/563/ll/A,0.08
bo/mu/no/no/d/467/ll/A,bo/so/yes/yes/d/555/ll/U,0.35
bo/mu/no/no/d/467/ll/A,bw/so/no/no/d/539/ll/A,0.27
bo/mu/no/no/d/467/ll/A,bo/mu/no/yes/m/191/ll/A,0.87
bo/mu/no/no/d/467/ll/A,bw/st/no/yes/d/501/ll/U,0.44
bo/mu/no/no/d/467/ll/A,bw/mu/no/yes/m/165/ll/U,0.71
bo/mu/no/no/d/467/ll/A,bw/mu/no/no/m/153/ll/U,0.73
bo/mu/no/no/d/467/ll/A,bw/so/no/no/d/537/ll/U,0.27
bo/mu/no/no/d/467/ll/A,bw/so/yes/yes/d/531/ll/U,0.31
bo/mu/no/no/d/467/ll/A,bw/mu/no/no/m/155/ll/A,0.73
bo/mu/no/no/d/467/ll/A,bo/st/yes/yes/d/509/ll/A,0.55
bo/mu/no/no/d/467/ll/A,bw/st/yes/yes/m/197/ll/A,0.43
bo/mu/no/no/d/467/ll/A,bo/st/yes/yes/d/507/ll/U,0.55
bo/mu/no/no/d/467/ll/A,bw/st/no/yes/m/215/ll/A,0.44
bo/mu/no/no/d/467/ll/A,bw/mu/no/no/d/443/ll/A,0.73
bo/mu/no/no/d/467/ll/A,bo/so/yes/no/m/279/ll/U,0.28
bo/mu/no/no/d/467/ll/A,bw/st/no/no/d/489/ll/U,0.4
bo/mu/no/no/d/467/ll/A,bw/st/no/yes/m/213/ll/U,0.44
bo/mu/no/no/d/467/ll/A,bo/st/no/no/m/225/ll/U,0.56
bo/mu/no/no/d/467/ll/A,bo/mu/yes/no/d/473/ll/A,0.8
bo/mu/no/no/d/467/ll/A,bw/so/no/no/m/249/ll/U,0.27
bo/mu/no/no/d/467/ll/A,bo/so/no/yes/m/285/ll/U,0.09
bo/mu/no/no/d/467/ll/A,bw/st/no/no/m/203/ll/A,0.4
bo/mu/no/no/d/467/ll/A,bw/mu/no/yes/d/455/ll/A,0.71
bo/mu/no/no/d/467/ll/A,bw/st/yes/no/d/497/ll/A,0.38
bo/mu/no/no/d/467/ll/A,bw/mu/yes/yes/d/437/ll/A,0.75
bo/mu/no/no/d/467/ll/A,bw/so/no/yes/m/261/ll/U,0.31
bo/mu/no/no/d/467/ll/A,bw/so/yes/no/m/257/ll/A,0.26
bo/mu/no/no/d/467/ll/A,bw/st/no/no/d/491/ll/A,0.4
bo/mu/no/no/d/467/ll/A,bo/st/yes/no/m/233/ll/A,0.5
bo/mu/no/no/d/467/ll/A,bo/mu/no/no/d/465/ll/U,1.0
bo/mu/no/no/d/467/ll/A,bw/mu/no/yes/d/453/ll/U,0.71
bo/mu/no/no/d/467/ll/A,bw/so/no/no/m/251/ll/A,0.27
bo/mu/no/no/d/467/ll/A,bo/so/yes/yes/m/269/ll/A,0.35
bo/mu/no/no/d/467/ll/A,bo/so/yes/yes/m/267/ll/U,0.35
bo/mu/no/no/d/467/ll/A,bw/so/yes/no/d/543/ll/U,0.26
bo/mu/no/no/d/467/ll/A,bo/so/no/yes/d/575/ll/A,0.09
bo/mu/no/no/d/467/ll/A,bo/st/yes/no/d/521/ll/A,0.5
bo/mu/no/no/d/467/ll/A,bo/mu/no/yes/m/189/ll/U,0.87
bo/mu/no/no/d/467/ll/A,bo/st/yes/no/d/519/ll/U,0.5
bo/mu/no/no/d/467/ll/A,bo/mu/yes/yes/m/173/ll/A,0.81
bo/mu/no/no/d/467/ll/A,bo/so/no/yes/d/573/ll/U,0.09
bo/mu/no/no/d/467/ll/A,bw/so/yes/no/d/545/ll/A,0.26
bo/mu/no/no/d/467/ll/A,bo/st/no/yes/d/527/ll/A,0.6
bo/mu/no/no/d/467/ll/A,bw/mu/yes/no/m/159/ll/U,0.76
bo/mu/no/no/d/467/ll/A,bw/mu/yes/no/m/161/ll/A,0.76
bo/mu/no/no/d/467/ll/A,bw/st/yes/yes/m/195/ll/U,0.43
bo/mu/no/no/d/467/ll/A,bw/so/yes/yes/d/533/ll/A,0.31
bo/mu/no/no/d/467/ll/A,bo/so/yes/no/d/567/ll/U,0.28
bo/mu/no/no/d/467/ll/A,bw/so/no/yes/d/551/ll/A,0.31
bo/mu/no/no/d/467/ll/A,bo/so/yes/no/d/569/ll/A,0.28
bo/mu/no/no/d/467/ll/A,bw/st/no/yes/d/503/ll/A,0.44
bo/mu/no/no/d/467/ll/A,bw/mu/no/yes/m/167/ll/A,0.71
bo/mu/no/no/d/467/ll/A,bo/so/yes/yes/d/557/ll/A,0.35
bo/mu/no/no/d/467/ll/A,bo/so/no/no/d/561/ll/U,0.08
bo/mu/no/no/d/467/ll/A,bw/so/yes/yes/m/245/ll/A,0.31
bo/mu/no/no/d/467/ll/A,bo/so/no/yes/m/287/ll/A,0.09
bo/mu/no/no/d/467/ll/A,bo/so/no/no/m/273/ll/U,0.08
bo/mu/no/no/d/467/ll/A,bw/st/yes/yes/d/485/ll/A,0.43
bo/mu/no/no/d/467/ll/A,bo/st/no/no/m/227/ll/A,0.56
bo/mu/no/no/d/467/ll/A,bo/mu/yes/no/d/471/ll/U,0.8
bo/mu/no/no/d/467/ll/A,bw/mu/yes/no/d/449/ll/A,0.76
bo/mu/no/no/d/467/ll/A,bw/mu/yes/no/d/447/ll/U,0.76
bo/mu/no/no/d/467/ll/A,bo/so/yes/no/m/281/ll/A,0.28
bo/mu/no/no/d/467/ll/A,bo/so/no/no/m/275/ll/A,0.08
bo/mu/no/no/d/467/ll/A,bw/so/yes/yes/m/243/ll/U,0.31
bo/mu/no/no/d/467/ll/A,bo/mu/no/yes/d/479/ll/A,0.87
bo/mu/no/no/d/467/ll/A,bw/mu/no/no/d/441/ll/U,0.73
bo/mu/no/no/d/467/ll/A,bw/st/yes/yes/d/483/ll/U,0.43
bo/mu/no/no/d/467/ll/A,bo/mu/no/yes/d/477/ll/U,0.87
bo/mu/no/no/d/467/ll/A,bo/st/yes/yes/m/221/ll/A,0.55
bo/mu/no/no/d/467/ll/A,bo/st/yes/yes/m/219/ll/U,0.55
bw/st/yes/no/m/209/ll/A,bw/st/yes/no/m/207/ll/U,1.0
bw/st/yes/no/m/209/ll/A,bo/st/yes/no/m/231/ll/U,0.55
bw/st/yes/no/m/209/ll/A,bo/mu/no/no/d/467/ll/A,0.38
bw/st/yes/no/m/209/ll/A,bw/st/yes/no/m/209/ll/A,1.0
bw/st/yes/no/m/209/ll/A,bw/so/yes/no/m/255/ll/U,0.38
bw/st/yes/no/m/209/ll/A,bw/mu/yes/yes/d/435/ll/U,0.42
bw/st/yes/no/m/209/ll/A,bw/so/no/yes/m/263/ll/A,0.42
bw/st/yes/no/m/209/ll/A,bo/mu/yes/yes/d/461/ll/A,0.43
bw/st/yes/no/m/209/ll/A,bo/st/no/yes/m/237/ll/U,0.37
bw/st/yes/no/m/209/ll/A,bw/st/yes/no/d/495/ll/U,1.0
bw/st/yes/no/m/209/ll/A,bo/mu/yes/yes/d/459/ll/U,0.43
bw/st/yes/no/m/209/ll/A,bo/st/no/yes/m/239/ll/A,0.37
bw/st/yes/no/m/209/ll/A,bw/st/no/no/m/201/ll/U,0.85
bw/st/yes/no/m/209/ll/A,bo/st/no/yes/d/525/ll/U,0.37
bw/st/yes/no/m/209/ll/A,bo/mu/no/no/m/179/ll/A,0.38
bw/st/yes/no/m/209/ll/A,bo/mu/yes/no/m/183/ll/U,0.41
bw/st/yes/no/m/209/ll/A,bo/mu/no/no/m/177/ll/U,0.38
bw/st/yes/no/m/209/ll/A,bo/st/no/no/d/513/ll/U,0.39
bw/st/yes/no/m/209/ll/A,bw/so/no/yes/d/549/ll/U,0.42
bw/st/yes/no/m/209/ll/A,bw/mu/yes/yes/m/149/ll/A,0.42
bw/st/yes/no/m/209/ll/A,bo/mu/yes/no/m/185/ll/A,0.41
bw/st/yes/no/m/209/ll/A,bo/st/no/no/d/515/ll/A,0.39
bw/st/yes/no/m/209/ll/A,bo/mu/yes/yes/m/171/ll/U,0.43
bw/st/yes/no/m/209/ll/A,bw/mu/yes/yes/m/147/ll/U,0.42
bw/st/yes/no/m/209/ll/A,bo/so/no/no/d/563/ll/A,0.12
bw/st/yes/no/m/209/ll/A,bo/so/yes/yes/d/555/ll/U,0.42
bw/st/yes/no/m/209/ll/A,bw/so/no/no/d/539/ll/A,0.37
bw/st/yes/no/m/209/ll/A,bo/mu/no/yes/m/191/ll/A,0.39
bw/st/yes/no/m/209/ll/A,bw/st/no/yes/d/501/ll/U,0.78
bw/st/yes/no/m/209/ll/A,bw/mu/no/yes/m/165/ll/U,0.41
bw/st/yes/no/m/209/ll/A,bw/mu/no/no/m/153/ll/U,0.42
bw/st/yes/no/m/209/ll/A,bw/so/no/no/d/537/ll/U,0.37
bw/st/yes/no/m/209/ll/A,bw/so/yes/yes/d/531/ll/U,0.44
bw/st/yes/no/m/209/ll/A,bw/mu/no/no/m/155/ll/A,0.42
bw/st/yes/no/m/209/ll/A,bo/st/yes/yes/d/509/ll/A,0.5
bw/st/yes/no/m/209/ll/A,bw/st/yes/yes/m/197/ll/A,0.87
bw/st/yes/no/m/209/ll/A,bo/st/yes/yes/d/507/ll/U,0.5
bw/st/yes/no/m/209/ll/A,bw/st/no/yes/m/215/ll/A,0.78
bw/st/yes/no/m/209/ll/A,bw/mu/no/no/d/443/ll/A,0.42
bw/st/yes/no/m/209/ll/A,bo/so/yes/no/m/279/ll/U,0.37
bw/st/yes/no/m/209/ll/A,bw/st/no/no/d/489/ll/U,0.85
bw/st/yes/no/m/209/ll/A,bw/st/no/yes/m/213/ll/U,0.78
bw/st/yes/no/m/209/ll/A,bo/st/no/no/m/225/ll/U,0.39
bw/st/yes/no/m/209/ll/A,bo/mu/yes/no/d/473/ll/A,0.41
bw/st/yes/no/m/209/ll/A,bw/so/no/no/m/249/ll/U,0.37
bw/st/yes/no/m/209/ll/A,bo/so/no/yes/m/285/ll/U,0.11
bw/st/yes/no/m/209/ll/A,bw/st/no/no/m/203/ll/A,0.85
bw/st/yes/no/m/209/ll/A,bw/mu/no/yes/d/455/ll/A,0.41
bw/st/yes/no/m/209/ll/A,bw/st/yes/no/d/497/ll/A,1.0
bw/st/yes/no/m/209/ll/A,bw/mu/yes/yes/d/437/ll/A,0.42
bw/st/yes/no/m/209/ll/A,bw/so/no/yes/m/261/ll/U,0.42
bw/st/yes/no/m/209/ll/A,bw/so/yes/no/m/257/ll/A,0.38
bw/st/yes/no/m/209/ll/A,bw/st/no/no/d/491/ll/A,0.85
bw/st/yes/no/m/209/ll/A,bo/st/yes/no/m/233/ll/A,0.55
bw/st/yes/no/m/209/ll/A,bo/mu/no/no/d/465/ll/U,0.38
bw/st/yes/no/m/209/ll/A,bw/mu/no/yes/d/453/ll/U,0.41
bw/st/yes/no/m/209/ll/A,bw/so/no/no/m/251/ll/A,0.37
bw/st/yes/no/m/209/ll/A,bo/so/yes/yes/m/269/ll/A,0.42
bw/st/yes/no/m/209/ll/A,bo/so/yes/yes/m/267/ll/U,0.42
bw/st/yes/no/m/209/ll/A,bw/so/yes/no/d/543/ll/U,0.38
bw/st/yes/no/m/209/ll/A,bo/so/no/yes/d/575/ll/A,0.11
bw/st/yes/no/m/209/ll/A,bo/st/yes/no/d/521/ll/A,0.55
bw/st/yes/no/m/209/ll/A,bo/mu/no/yes/m/189/ll/U,0.39
bw/st/yes/no/m/209/ll/A,bo/st/yes/no/d/519/ll/U,0.55
bw/st/yes/no/m/209/ll/A,bo/mu/yes/yes/m/173/ll/A,0.43
bw/st/yes/no/m/209/ll/A,bo/so/no/yes/d/573/ll/U,0.11
bw/st/yes/no/m/209/ll/A,bw/so/yes/no/d/545/ll/A,0.38
bw/st/yes/no/m/209/ll/A,bo/st/no/yes/d/527/ll/A,0.37
bw/st/yes/no/m/209/ll/A,bw/mu/yes/no/m/159/ll/U,0.42
bw/st/yes/no/m/209/ll/A,bw/mu/yes/no/m/161/ll/A,0.42
bw/st/yes/no/m/209/ll/A,bw/st/yes/yes/m/195/ll/U,0.87
bw/st/yes/no/m/209/ll/A,bw/so/yes/yes/d/533/ll/A,0.44
bw/st/yes/no/m/209/ll/A,bo/so/yes/no/d/567/ll/U,0.37
bw/st/yes/no/m/209/ll/A,bw/so/no/yes/d/551/ll/A,0.42
bw/st/yes/no/m/209/ll/A,bo/so/yes/no/d/569/ll/A,0.37
bw/st/yes/no/m/209/ll/A,bw/st/no/yes/d/503/ll/A,0.78
bw/st/yes/no/m/209/ll/A,bw/mu/no/yes/m/167/ll/A,0.41
bw/st/yes/no/m/209/ll/A,bo/so/yes/yes/d/557/ll/A,0.42
bw/st/yes/no/m/209/ll/A,bo/so/no/no/d/561/ll/U,0.12
bw/st/yes/no/m/209/ll/A,bw/so/yes/yes/m/245/ll/A,0.44
bw/st/yes/no/m/209/ll/A,bo/so/no/yes/m/287/ll/A,0.11
bw/st/yes/no/m/209/ll/A,bo/so/no/no/m/273/ll/U,0.12
bw/st/yes/no/m/209/ll/A,bw/st/yes/yes/d/485/ll/A,0.87
bw/st/yes/no/m/209/ll/A,bo/st/no/no/m/227/ll/A,0.39
bw/st/yes/no/m/209/ll/A,bo/mu/yes/no/d/471/ll/U,0.41
bw/st/yes/no/m/209/ll/A,bw/mu/yes/no/d/449/ll/A,0.42
bw/st/yes/no/m/209/ll/A,bw/mu/yes/no/d/447/ll/U,0.42
bw/st/yes/no/m/209/ll/A,bo/so/yes/no/m/281/ll/A,0.37
bw/st/yes/no/m/209/ll/A,bo/so/no/no/m/275/ll/A,0.12
bw/st/yes/no/m/209/ll/A,bw/so/yes/yes/m/243/ll/U,0.44
bw/st/yes/no/m/209/ll/A,bo/mu/no/yes/d/479/ll/A,0.39
bw/st/yes/no/m/209/ll/A,bw/mu/no/no/d/441/ll/U,0.42
bw/st/yes/no/m/209/ll/A,bw/st/yes/yes/d/483/ll/U,0.87
bw/st/yes/no/m/209/ll/A,bo/mu/no/yes/d/477/ll/U,0.39
bw/st/yes/no/m/209/ll/A,bo/st/yes/yes/m/221/ll/A,0.5
bw/st/yes/no/m/209/ll/A,bo/st/yes/yes/m/219/ll/U,0.5
bw/so/yes/no/m/255/ll/U,bw/st/yes/no/m/207/ll/U,0.38
bw/so/yes/no/m/255/ll/U,bo/st/yes/no/m/231/ll/U,0.37
bw/so/yes/no/m/255/ll/U,bo/mu/no/no/d/467/ll/A,0.26
bw/so/yes/no/m/255/ll/U,bw/st/yes/no/m/209/ll/A,0.38
bw/so/yes/no/m/255/ll/U,bw/so/yes/no/m/255/ll/U,1.0
bw/so/yes/no/m/255/ll/U,bw/mu/yes/yes/d/435/ll/U,0.29
bw/so/yes/no/m/255/ll/U,bw/so/no/yes/m/263/ll/A,0.72
bw/so/yes/no/m/255/ll/U,bo/mu/yes/yes/d/461/ll/A,0.28
bw/so/yes/no/m/255/ll/U,bo/st/no/yes/m/237/ll/U,0.27
bw/so/yes/no/m/255/ll/U,bw/st/yes/no/d/495/ll/U,0.38
bw/so/yes/no/m/255/ll/U,bo/mu/yes/yes/d/459/ll/U,0.28
bw/so/yes/no/m/255/ll/U,bo/st/no/yes/m/239/ll/A,0.27
bw/so/yes/no/m/255/ll/U,bw/st/no/no/m/201/ll/U,0.37
bw/so/yes/no/m/255/ll/U,bo/st/no/yes/d/525/ll/U,0.27
bw/so/yes/no/m/255/ll/U,bo/mu/no/no/m/179/ll/A,0.26
bw/so/yes/no/m/255/ll/U,bo/mu/yes/no/m/183/ll/U,0.28
bw/so/yes/no/m/255/ll/U,bo/mu/no/no/m/177/ll/U,0.26
bw/so/yes/no/m/255/ll/U,bo/st/no/no/d/513/ll/U,0.3
bw/so/yes/no/m/255/ll/U,bw/so/no/yes/d/549/ll/U,0.72
bw/so/yes/no/m/255/ll/U,bw/mu/yes/yes/m/149/ll/A,0.29
bw/so/yes/no/m/255/ll/U,bo/mu/yes/no/m/185/ll/A,0.28
bw/so/yes/no/m/255/ll/U,bo/st/no/no/d/515/ll/A,0.3
bw/so/yes/no/m/255/ll/U,bo/mu/yes/yes/m/171/ll/U,0.28
bw/so/yes/no/m/255/ll/U,bw/mu/yes/yes/m/147/ll/U,0.29
bw/so/yes/no/m/255/ll/U,bo/so/no/no/d/563/ll/A,0.21
bw/so/yes/no/m/255/ll/U,bo/so/yes/yes/d/555/ll/U,0.55
bw/so/yes/no/m/255/ll/U,bw/so/no/no/d/539/ll/A,0.87
bw/so/yes/no/m/255/ll/U,bo/mu/no/yes/m/191/ll/A,0.27
bw/so/yes/no/m/255/ll/U,bw/st/no/yes/d/501/ll/U,0.38
bw/so/yes/no/m/255/ll/U,bw/mu/no/yes/m/165/ll/U,0.29
bw/so/yes/no/m/255/ll/U,bw/mu/no/no/m/153/ll/U,0.28
bw/so/yes/no/m/255/ll/U,bw/so/no/no/d/537/ll/U,0.87
bw/so/yes/no/m/255/ll/U,bw/so/yes/yes/d/531/ll/U,0.76
bw/so/yes/no/m/255/ll/U,bw/mu/no/no/m/155/ll/A,0.28
bw/so/yes/no/m/255/ll/U,bo/st/yes/yes/d/509/ll/A,0.34
bw/so/yes/no/m/255/ll/U,bw/st/yes/yes/m/197/ll/A,0.39
bw/so/yes/no/m/255/ll/U,bo/st/yes/yes/d/507/ll/U,0.34
bw/so/yes/no/m/255/ll/U,bw/st/no/yes/m/215/ll/A,0.38
bw/so/yes/no/m/255/ll/U,bw/mu/no/no/d/443/ll/A,0.28
bw/so/yes/no/m/255/ll/U,bo/so/yes/no/m/279/ll/U,0.75
bw/so/yes/no/m/255/ll/U,bw/st/no/no/d/489/ll/U,0.37
bw/so/yes/no/m/255/ll/U,bw/st/no/yes/m/213/ll/U,0.38
bw/so/yes/no/m/255/ll/U,bo/st/no/no/m/225/ll/U,0.3
bw/so/yes/no/m/255/ll/U,bo/mu/yes/no/d/473/ll/A,0.28
bw/so/yes/no/m/255/ll/U,bw/so/no/no/m/249/ll/U,0.87
bw/so/yes/no/m/255/ll/U,bo/so/no/yes/m/285/ll/U,0.16
bw/so/yes/no/m/255/ll/U,bw/st/no/no/m/203/ll/A,0.37
bw/so/yes/no/m/255/ll/U,bw/mu/no/yes/d/455/ll/A,0.29
bw/so/yes/no/m/255/ll/U,bw/st/yes/no/d/497/ll/A,0.38
bw/so/yes/no/m/255/ll/U,bw/mu/yes/yes/d/437/ll/A,0.29
bw/so/yes/no/m/255/ll/U,bw/so/no/yes/m/261/ll/U,0.72
bw/so/yes/no/m/255/ll/U,bw/so/yes/no/m/257/ll/A,1.0
bw/so/yes/no/m/255/ll/U,bw/st/no/no/d/491/ll/A,0.37
bw/so/yes/no/m/255/ll/U,bo/st/yes/no/m/233/ll/A,0.37
bw/so/yes/no/m/255/ll/U,bo/mu/no/no/d/465/ll/U,0.26
bw/so/yes/no/m/255/ll/U,bw/mu/no/yes/d/453/ll/U,0.29
bw/so/yes/no/m/255/ll/U,bw/so/no/no/m/251/ll/A,0.87
bw/so/yes/no/m/255/ll/U,bo/so/yes/yes/m/269/ll/A,0.55
bw/so/yes/no/m/255/ll/U,bo/so/yes/yes/m/267/ll/U,0.55
bw/so/yes/no/m/255/ll/U,bw/so/yes/no/d/543/ll/U,1.0
bw/so/yes/no/m/255/ll/U,bo/so/no/yes/d/575/ll/A,0.16
bw/so/yes/no/m/255/ll/U,bo/st/yes/no/d/521/ll/A,0.37
bw/so/yes/no/m/255/ll/U,bo/mu/no/yes/m/189/ll/U,0.27
bw/so/yes/no/m/255/ll/U,bo/st/yes/no/d/519/ll/U,0.37
bw/so/yes/no/m/255/ll/U,bo/mu/yes/yes/m/173/ll/A,0.28
bw/so/yes/no/m/255/ll/U,bo/so/no/yes/d/573/ll/U,0.16
bw/so/yes/no/m/255/ll/U,bw/so/yes/no/d/545/ll/A,1.0
bw/so/yes/no/m/255/ll/U,bo/st/no/yes/d/527/ll/A,0.27
bw/so/yes/no/m/255/ll/U,bw/mu/yes/no/m/159/ll/U,0.29
bw/so/yes/no/m/255/ll/U,bw/mu/yes/no/m/161/ll/A,0.29
bw/so/yes/no/m/255/ll/U,bw/st/yes/yes/m/195/ll/U,0.39
bw/so/yes/no/m/255/ll/U,bw/so/yes/yes/d/533/ll/A,0.76
bw/so/yes/no/m/255/ll/U,bo/so/yes/no/d/567/ll/U,0.75
bw/so/yes/no/m/255/ll/U,bw/so/no/yes/d/551/ll/A,0.72
bw/so/yes/no/m/255/ll/U,bo/so/yes/no/d/569/ll/A,0.75
bw/so/yes/no/m/255/ll/U,bw/st/no/yes/d/503/ll/A,0.38
bw/so/yes/no/m/255/ll/U,bw/mu/no/yes/m/167/ll/A,0.29
bw/so/yes/no/m/255/ll/U,bo/so/yes/yes/d/557/ll/A,0.55
bw/so/yes/no/m/255/ll/U,bo/so/no/no/d/561/ll/U,0.21
bw/so/yes/no/m/255/ll/U,bw/so/yes/yes/m/245/ll/A,0.76
bw/so/yes/no/m/255/ll/U,bo/so/no/yes/m/287/ll/A,0.16
bw/so/yes/no/m/255/ll/U,bo/so/no/no/m/273/ll/U,0.21
bw/so/yes/no/m/255/ll/U,bw/st/yes/yes/d/485/ll/A,0.39
bw/so/yes/no/m/255/ll/U,bo/st/no/no/m/227/ll/A,0.3
bw/so/yes/no/m/255/ll/U,bo/mu/yes/no/d/471/ll/U,0.28
bw/so/yes/no/m/255/ll/U,bw/mu/yes/no/d/449/ll/A,0.29
bw/so/yes/no/m/255/ll/U,bw/mu/yes/no/d/447/ll/U,0.29
bw/so/yes/no/m/255/ll/U,bo/so/yes/no/m/281/ll/A,0.75
bw/so/yes/no/m/255/ll/U,bo/so/no/no/m/275/ll/A,0.21
bw/so/yes/no/m/255/ll/U,bw/so/yes/yes/m/243/ll/U,0.76
bw/so/yes/no/m/255/ll/U,bo/mu/no/yes/d/479/ll/A,0.27
bw/so/yes/no/m/255/ll/U,bw/mu/no/no/d/441/ll/U,0.28
bw/so/yes/no/m/255/ll/U,bw/st/yes/yes/d/483/ll/U,0.39
bw/so/yes/no/m/255/ll/U,bo/mu/no/yes/d/477/ll/U,0.27
bw/so/yes/no/m/255/ll/U,bo/st/yes/yes/m/221/ll/A,0.34
bw/so/yes/no/m/255/ll/U,bo/st/yes/yes/m/219/ll/U,0.34
bw/mu/yes/yes/d/435/ll/U,bw/st/yes/no/m/207/ll/U,0.42
bw/mu/yes/yes/d/435/ll/U,bo/st/yes/no/m/231/ll/U,0.57
bw/mu/yes/yes/d/435/ll/U,bo/mu/no/no/d/467/ll/A,0.75
bw/mu/yes/yes/d/435/ll/U,bw/st/yes/no/m/209/ll/A,0.42
bw/mu/yes/yes/d/435/ll/U,bw/so/yes/no/m/255/ll/U,0.29
bw/mu/yes/yes/d/435/ll/U,bw/mu/yes/yes/d/435/ll/U,1.0
bw/mu/yes/yes/d/435/ll/U,bw/so/no/yes/m/263/ll/A,0.36
bw/mu/yes/yes/d/435/ll/U,bo/mu/yes/yes/d/461/ll/A,0.88
bw/mu/yes/yes/d/435/ll/U,bo/st/no/yes/m/237/ll/U,0.63
bw/mu/yes/yes/d/435/ll/U,bw/st/yes/no/d/495/ll/U,0.42
bw/mu/yes/yes/d/435/ll/U,bo/mu/yes/yes/d/459/ll/U,0.88
bw/mu/yes/yes/d/435/ll/U,bo/st/no/yes/m/239/ll/A,0.63
bw/mu/yes/yes/d/435/ll/U,bw/st/no/no/m/201/ll/U,0.43
bw/mu/yes/yes/d/435/ll/U,bo/st/no/yes/d/525/ll/U,0.63
bw/mu/yes/yes/d/435/ll/U,bo/mu/no/no/m/179/ll/A,0.75
bw/mu/yes/yes/d/435/ll/U,bo/mu/yes/no/m/183/ll/U,0.91
bw/mu/yes/yes/d/435/ll/U,bo/mu/no/no/m/177/ll/U,0.75
bw/mu/yes/yes/d/435/ll/U,bo/st/no/no/d/513/ll/U,0.58
bw/mu/yes/yes/d/435/ll/U,bw/so/no/yes/d/549/ll/U,0.36
bw/mu/yes/yes/d/435/ll/U,bw/mu/yes/yes/m/149/ll/A,1.0
bw/mu/yes/yes/d/435/ll/U,bo/mu/yes/no/m/185/ll/A,0.91
bw/mu/yes/yes/d/435/ll/U,bo/st/no/no/d/515/ll/A,0.58
bw/mu/yes/yes/d/435/ll/U,bo/mu/yes/yes/m/171/ll/U,0.88
bw/mu/yes/yes/d/435/ll/U,bw/mu/yes/yes/m/147/ll/U,1.0
bw/mu/yes/yes/d/435/ll/U,bo/so/no/no/d/563/ll/A,0.08
bw/mu/yes/yes/d/435/ll/U,bo/so/yes/yes/d/555/ll/U,0.38
bw/mu/yes/yes/d/435/ll/U,bw/so/no/no/d/539/ll/A,0.3
bw/mu/yes/yes/d/435/ll/U,bo/mu/no/yes/m/191/ll/A,0.8
bw/mu/yes/yes/d/435/ll/U,bw/st/no/yes/d/501/ll/U,0.48
bw/mu/yes/yes/d/435/ll/U,bw/mu/no/yes/m/165/ll/U,0.93
bw/mu/yes/yes/d/435/ll/U,bw/mu/no/no/m/153/ll/U,0.84
bw/mu/yes/yes/d/435/ll/U,bw/so/no/no/d/537/ll/U,0.3
bw/mu/yes/yes/d/435/ll/U,bw/so/yes/yes/d/531/ll/U,0.35
bw/mu/yes/yes/d/435/ll/U,bw/mu/no/no/m/155/ll/A,0.84
bw/mu/yes/yes/d/435/ll/U,bo/st/yes/yes/d/509/ll/A,0.62
bw/mu/yes/yes/d/435/ll/U,bw/st/yes/yes/m/197/ll/A,0.47
bw/mu/yes/yes/d/435/ll/U,bo/st/yes/yes/d/507/ll/U,0.62
bw/mu/yes/yes/d/435/ll/U,bw/st/no/yes/m/215/ll/A,0.48
bw/mu/yes/yes/d/435/ll/U,bw/mu/no/no/d/443/ll/A,0.84
bw/mu/yes/yes/d/435/ll/U,bo/so/yes/no/m/279/ll/U,0.3
bw/mu/yes/yes/d/435/ll/U,bw/st/no/no/d/489/ll/U,0.43
bw/mu/yes/yes/d/435/ll/U,bw/st/no/yes/m/213/ll/U,0.48
bw/mu/yes/yes/d/435/ll/U,bo/st/no/no/m/225/ll/U,0.58
bw/mu/yes/yes/d/435/ll/U,bo/mu/yes/no/d/473/ll/A,0.91
bw/mu/yes/yes/d/435/ll/U,bw/so/no/no/m/249/ll/U,0.3
bw/mu/yes/yes/d/435/ll/U,bo/so/no/yes/m/285/ll/U,0.09
bw/mu/yes/yes/d/435/ll/U,bw/st/no/no/m/203/ll/A,0.43
bw/mu/yes/yes/d/435/ll/U,bw/mu/no/yes/d/455/ll/A,0.93
bw/mu/yes/yes/d/435/ll/U,bw/st/yes/no/d/497/ll/A,0.42
bw/mu/yes/yes/d/435/ll/U,bw/mu/yes/yes/d/437/ll/A,1.0
bw/mu/yes/yes/d/435/ll/U,bw/so/no/yes/m/261/ll/U,0.36
bw/mu/yes/yes/d/435/ll/U,bw/so/yes/no/m/257/ll/A,0.29
bw/mu/yes/yes/d/435/ll/U,bw/st/no/no/d/491/ll/A,0.43
bw/mu/yes/yes/d/435/ll/U,bo/st/yes/no/m/233/ll/A,0.57
bw/mu/yes/yes/d/435/ll/U,bo/mu/no/no/d/465/ll/U,0.75
bw/mu/yes/yes/d/435/ll/U,bw/mu/no/yes/d/453/ll/U,0.93
bw/mu/yes/yes/d/435/ll/U,bw/so/no/no/m/251/ll/A,0.3
bw/mu/yes/yes/d/435/ll/U,bo/so/yes/yes/m/269/ll/A,0.38
bw/mu/yes/yes/d/435/ll/U,bo/so/yes/yes/m/267/ll/U,0.38
bw/mu/yes/yes/d/435/ll/U,bw/so/yes/no/d/543/ll/U,0.29
bw/mu/yes/yes/d/435/ll/U,bo/so/no/yes/d/575/ll/A,0.09
bw/mu/yes/yes/d/435/ll/U,bo/st/yes/no/d/521/ll/A,0.57
bw/mu/yes/yes/d/435/ll/U,bo/mu/no/yes/m/189/ll/U,0.8
bw/mu/yes/yes/d/435/ll/U,bo/st/yes/no/d/519/ll/U,0.57
bw/mu/yes/yes/d/435/ll/U,bo/mu/yes/yes/m/173/ll/A,0.88
bw/mu/yes/yes/d/435/ll/U,bo/so/no/yes/d/573/ll/U,0.09
bw/mu/yes/yes/d/435/ll/U,bw/so/yes/no/d/545/ll/A,0.29
bw/mu/yes/yes/d/435/ll/U,bo/st/no/yes/d/527/ll/A,0.63
bw/mu/yes/yes/d/435/ll/U,bw/mu/yes/no/m/159/ll/U,0.96
bw/mu/yes/yes/d/435/ll/U,bw/mu/yes/no/m/161/ll/A,0.96
bw/mu/yes/yes/d/435/ll/U,bw/st/yes/yes/m/195/ll/U,0.47
bw/mu/yes/yes/d/435/ll/U,bw/so/yes/yes/d/533/ll/A,0.35
bw/mu/yes/yes/d/435/ll/U,bo/so/yes/no/d/567/ll/U,0.3
bw/mu/yes/yes/d/435/ll/U,bw/so/no/yes/d/551/ll/A,0.36
bw/mu/yes/yes/d/435/ll/U,bo/so/yes/no/d/569/ll/A,0.3
bw/mu/yes/yes/d/435/ll/U,bw/st/no/yes/d/503/ll/A,0.48
bw/mu/yes/yes/d/435/ll/U,bw/mu/no/yes/m/167/ll/A,0.93
bw/mu/yes/yes/d/435/ll/U,bo/so/yes/yes/d/557/ll/A,0.38
bw/mu/yes/yes/d/435/ll/U,bo/so/no/no/d/561/ll/U,0.08
bw/mu/yes/yes/d/435/ll/U,bw/so/yes/yes/m/245/ll/A,0.35
bw/mu/yes/yes/d/435/ll/U,bo/so/no/yes/m/287/ll/A,0.09
bw/mu/yes/yes/d/435/ll/U,bo/so/no/no/m/273/ll/U,0.08
bw/mu/yes/yes/d/435/ll/U,bw/st/yes/yes/d/485/ll/A,0.47
bw/mu/yes/yes/d/435/ll/U,bo/st/no/no/m/227/ll/A,0.58
bw/mu/yes/yes/d/435/ll/U,bo/mu/yes/no/d/471/ll/U,0.91
bw/mu/yes/yes/d/435/ll/U,bw/mu/yes/no/d/449/ll/A,0.96
bw/mu/yes/yes/d/435/ll/U,bw/mu/yes/no/d/447/ll/U,0.96
bw/mu/yes/yes/d/435/ll/U,bo/so/yes/no/m/281/ll/A,0.3
bw/mu/yes/yes/d/435/ll/U,bo/so/no/no/m/275/ll/A,0.08
bw/mu/yes/yes/d/435/ll/U,bw/so/yes/yes/m/243/ll/U,0.35
bw/mu/yes/yes/d/435/ll/U,bo/mu/no/yes/d/479/ll/A,0.8
bw/mu/yes/yes/d/435/ll/U,bw/mu/no/no/d/441/ll/U,0.84
bw/mu/yes/yes/d/435/ll/U,bw/st/yes/yes/d/483/ll/U,0.47
bw/mu/yes/yes/d/435/ll/U,bo/mu/no/yes/d/477/ll/U,0.8
bw/mu/yes/yes/d/435/ll/U,bo/st/yes/yes/m/221/ll/A,0.62
bw/mu/yes/yes/d/435/ll/U,bo/st/yes/yes/m/219/ll/U,0.62
bw/so/no/yes/m/263/ll/A,bw/st/yes/no/m/207/ll/U,0.42
bw/so/no/yes/m/263/ll/A,bo/st/yes/no/m/231/ll/U,0.44
bw/so/no/yes/m/263/ll/A,bo/mu/no/no/d/467/ll/A,0.31
bw/so/no/yes/m/263/ll/A,bw/st/yes/no/m/209/ll/A,0.42
bw/so/no/yes/m/263/ll/A,bw/so/yes/no/m/255/ll/U,0.72
bw/so/no/yes/m/263/ll/A,bw/mu/yes/yes/d/435/ll/U,0.36
bw/so/no/yes/m/263/ll/A,bw/so/no/yes/m/263/ll/A,1.0
bw/so/no/yes/m/263/ll/A,bo/mu/yes/yes/d/461/ll/A,0.34
bw/so/no/yes/m/263/ll/A,bo/st/no/yes/m/237/ll/U,0.34
bw/so/no/yes/m/263/ll/A,bw/st/yes/no/d/495/ll/U,0.42
bw/so/no/yes/m/263/ll/A,bo/mu/yes/yes/d/459/ll/U,0.34
bw/so/no/yes/m/263/ll/A,bo/st/no/yes/m/239/ll/A,0.34
bw/so/no/yes/m/263/ll/A,bw/st/no/no/m/201/ll/U,0.43
bw/so/no/yes/m/263/ll/A,bo/st/no/yes/d/525/ll/U,0.34
bw/so/no/yes/m/263/ll/A,bo/mu/no/no/m/179/ll/A,0.31
bw/so/no/yes/m/263/ll/A,bo/mu/yes/no/m/183/ll/U,0.34
bw/so/no/yes/m/263/ll/A,bo/mu/no/no/m/177/ll/U,0.31
bw/so/no/yes/m/263/ll/A,bo/st/no/no/d/513/ll/U,0.36
bw/so/no/yes/m/263/ll/A,bw/so/no/yes/d/549/ll/U,1.0
bw/so/no/yes/m/263/ll/A,bw/mu/yes/yes/m/149/ll/A,0.36
bw/so/no/yes/m/263/ll/A,bo/mu/yes/no/m/185/ll/A,0.34
bw/so/no/yes/m/263/ll/A,bo/st/no/no/d/515/ll/A,0.36
bw/so/no/yes/m/263/ll/A,bo/mu/yes/yes/m/171/ll/U,0.34
bw/so/no/yes/m/263/ll/A,bw/mu/yes/yes/m/147/ll/U,0.36
bw/so/no/yes/m/263/ll/A,bo/so/no/no/d/563/ll/A,0.21
bw/so/no/yes/m/263/ll/A,bo/so/yes/yes/d/555/ll/U,0.65
bw/so/no/yes/m/263/ll/A,bw/so/no/no/d/539/ll/A,0.78
bw/so/no/yes/m/263/ll/A,bo/mu/no/yes/m/191/ll/A,0.32
bw/so/no/yes/m/263/ll/A,bw/st/no/yes/d/501/ll/U,0.45
bw/so/no/yes/m/263/ll/A,bw/mu/no/yes/m/165/ll/U,0.35
bw/so/no/yes/m/263/ll/A,bw/mu/no/no/m/153/ll/U,0.33
bw/so/no/yes/m/263/ll/A,bw/so/no/no/d/537/ll/U,0.78
bw/so/no/yes/m/263/ll/A,bw/so/yes/yes/d/531/ll/U,0.86
bw/so/no/yes/m/263/ll/A,bw/mu/no/no/m/155/ll/A,0.33
bw/so/no/yes/m/263/ll/A,bo/st/yes/yes/d/509/ll/A,0.41
bw/so/no/yes/m/263/ll/A,bw/st/yes/yes/m/197/ll/A,0.43
bw/so/no/yes/m/263/ll/A,bo/st/yes/yes/d/507/ll/U,0.41
bw/so/no/yes/m/263/ll/A,bw/st/no/yes/m/215/ll/A,0.45
bw/so/no/yes/m/263/ll/A,bw/mu/no/no/d/443/ll/A,0.33
bw/so/no/yes/m/263/ll/A,bo/so/yes/no/m/279/ll/U,0.59
bw/so/no/yes/m/263/ll/A,bw/st/no/no/d/489/ll/U,0.43
bw/so/no/yes/m/263/ll/A,bw/st/no/yes/m/213/ll/U,0.45
bw/so/no/yes/m/263/ll/A,bo/st/no/no/m/225/ll/U,0.36
bw/so/no/yes/m/263/ll/A,bo/mu/yes/no/d/473/ll/A,0.34
bw/so/no/yes/m/263/ll/A,bw/so/no/no/m/249/ll/U,0.78
bw/so/no/yes/m/263/ll/A,bo/so/no/yes/m/285/ll/U,0.18
bw/so/no/yes/m/263/ll/A,bw/st/no/no/m/203/ll/A,0.43
bw/so/no/yes/m/263/ll/A,bw/mu/no/yes/d/455/ll/A,0.35
bw/so/no/yes/m/263/ll/A,bw/st/yes/no/d/497/ll/A,0.42
bw/so/no/yes/m/263/ll/A,bw/mu/yes/yes/d/437/ll/A,0.36
bw/so/no/yes/m/263/ll/A,bw/so/no/yes/m/261/ll/U,1.0
bw/so/no/yes/m/263/ll/A,bw/so/yes/no/m/257/ll/A,0.72
bw/so/no/yes/m/263/ll/A,bw/st/no/no/d/491/ll/A,0.43
bw/so/no/yes/m/263/ll/A,bo/st/yes/no/m/233/ll/A,0.44
bw/so/no/yes/m/263/ll/A,bo/mu/no/no/d/465/ll/U,0.31
bw/so/no/yes/m/263/ll/A,bw/mu/no/yes/d/453/ll/U,0.35
bw/so/no/yes/m/263/ll/A,bw/so/no/no/m/251/ll/A,0.78
bw/so/no/yes/m/263/ll/A,bo/so/yes/yes/m/269/ll/A,0.65
bw/so/no/yes/m/263/ll/A,bo/so/yes/yes/m/267/ll/U,0.65
bw/so/no/yes/m/263/ll/A,bw/so/yes/no/d/543/ll/U,0.72
bw/so/no/yes/m/263/ll/A,bo/so/no/yes/d/575/ll/A,0.18
bw/so/no/yes/m/263/ll/A,bo/st/yes/no/d/521/ll/A,0.44
bw/so/no/yes/m/263/ll/A,bo/mu/no/yes/m/189/ll/U,0.32
bw/so/no/yes/m/263/ll/A,bo/st/yes/no/d/519/ll/U,0.44
bw/so/no/yes/m/263/ll/A,bo/mu/yes/yes/m/173/ll/A,0.34
bw/so/no/yes/m/263/ll/A,bo/so/no/yes/d/573/ll/U,0.18
bw/so/no/yes/m/263/ll/A,bw/so/yes/no/d/545/ll/A,0.72
bw/so/no/yes/m/263/ll/A,bo/st/no/yes/d/527/ll/A,0.34
bw/so/no/yes/m/263/ll/A,bw/mu/yes/no/m/159/ll/U,0.35
bw/so/no/yes/m/263/ll/A,bw/mu/yes/no/m/161/ll/A,0.35
bw/so/no/yes/m/263/ll/A,bw/st/yes/yes/m/195/ll/U,0.43
bw/so/no/yes/m/263/ll/A,bw/so/yes/yes/d/533/ll/A,0.86
bw/so/no/yes/m/263/ll/A,bo/so/yes/no/d/567/ll/U,0.59
bw/so/no/yes/m/263/ll/A,bw/so/no/yes/d/551/ll/A,1.0
bw/so/no/yes/m/263/ll/A,bo/so/yes/no/d/569/ll/A,0.59
bw/so/no/yes/m/263/ll/A,bw/st/no/yes/d/503/ll/A,0.45
bw/so/no/yes/m/263/ll/A,bw/mu/no/yes/m/167/ll/A,0.35
bw/so/no/yes/m/263/ll/A,bo/so/yes/yes/d/557/ll/A,0.65
bw/so/no/yes/m/263/ll/A,bo/so/no/no/d/561/ll/U,0.21
bw/so/no/yes/m/263/ll/A,bw/so/yes/yes/m/245/ll/A,0.86
bw/so/no/yes/m/263/ll/A,bo/so/no/yes/m/287/ll/A,0.18
bw/so/no/yes/m/263/ll/A,bo/so/no/no/m/273/ll/U,0.21
bw/so/no/yes/m/263/ll/A,bw/st/yes/yes/d/485/ll/A,0.43
bw/so/no/yes/m/263/ll/A,bo/st/no/no/m/227/ll/A,0.36
bw/so/no/yes/m/263/ll/A,bo/mu/yes/no/d/471/ll/U,0.34
bw/so/no/yes/m/263/ll/A,bw/mu/yes/no/d/449/ll/A,0.35
bw/so/no/yes/m/263/ll/A,bw/mu/yes/no/d/447/ll/U,0.35
bw/so/no/yes/m/263/ll/A,bo/so/yes/no/m/281/ll/A,0.59
bw/so/no/yes/m/263/ll/A,bo/so/no/no/m/275/ll/A,0.21
bw/so/no/yes/m/263/ll/A,bw/so/yes/yes/m/243/ll/U,0.86
bw/so/no/yes/m/263/ll/A,bo/mu/no/yes/d/479/ll/A,0.32
bw/so/no/yes/m/263/ll/A,bw/mu/no/no/d/441/ll/U,0.33
bw/so/no/yes/m/263/ll/A,bw/st/yes/yes/d/483/ll/U,0.43
bw/so/no/yes/m/263/ll/A,bo/mu/no/yes/d/477/ll/U,0.32
bw/so/no/yes/m/263/ll/A,bo/st/yes/yes/m/221/ll/A,0.41
bw/so/no/yes/m/263/ll/A,bo/st/yes/yes/m/219/ll/U,0.41
bo/mu/yes/yes/d/461/ll/A,bw/st/yes/no/m/207/ll/U,0.43
bo/mu/yes/yes/d/461/ll/A,bo/st/yes/no/m/231/ll/U,0.55
bo/mu/yes/yes/d/461/ll/A,bo/mu/no/no/d/467/ll/A,0.81
bo/mu/yes/yes/d/461/ll/A,bw/st/yes/no/m/209/ll/A,0.43
bo/mu/yes/yes/d/461/ll/A,bw/so/yes/no/m/255/ll/U,0.28
bo/mu/yes/yes/d/461/ll/A,bw/mu/yes/yes/d/435/ll/U,0.88
bo/mu/yes/yes/d/461/ll/A,bw/so/no/yes/m/263/ll/A,0.34
bo/mu/yes/yes/d/461/ll/A,bo/mu/yes/yes/d/461/ll/A,1.0
bo/mu/yes/yes/d/461/ll/A,bo/st/no/yes/m/237/ll/U,0.61
bo/mu/yes/yes/d/461/ll/A,bw/st/yes/no/d/495/ll/U,0.43
bo/mu/yes/yes/d/461/ll/A,bo/mu/yes/yes/d/459/ll/U,1.0
bo/mu/yes/yes/d/461/ll/A,bo/st/no/yes/m/239/ll/A,0.61
bo/mu/yes/yes/d/461/ll/A,bw/st/no/no/m/201/ll/U,0.44
bo/mu/yes/yes/d/461/ll/A,bo/st/no/yes/d/525/ll/U,0.61
bo/mu/yes/yes/d/461/ll/A,bo/mu/no/no/m/179/ll/A,0.81
bo/mu/yes/yes/d/461/ll/A,bo/mu/yes/no/m/183/ll/U,0.92
bo/mu/yes/yes/d/461/ll/A,bo/mu/no/no/m/177/ll/U,0.81
bo/mu/yes/yes/d/461/ll/A,bo/st/no/no/d/513/ll/U,0.57
bo/mu/yes/yes/d/461/ll/A,bw/so/no/yes/d/549/ll/U,0.34
bo/mu/yes/yes/d/461/ll/A,bw/mu/yes/yes/m/149/ll/A,0.88
bo/mu/yes/yes/d/461/ll/A,bo/mu/yes/no/m/185/ll/A,0.92
bo/mu/yes/yes/d/461/ll/A,bo/st/no/no/d/515/ll/A,0.57
bo/mu/yes/yes/d/461/ll/A,bo/mu/yes/yes/m/171/ll/U,1.0
bo/mu/yes/yes/d/461/ll/A,bw/mu/yes/yes/m/147/ll/U,0.88
bo/mu/yes/yes/d/461/ll/A,bo/so/no/no/d/563/ll/A,0.08
bo/mu/yes/yes/d/461/ll/A,bo/so/yes/yes/d/555/ll/U,0.38
bo/mu/yes/yes/d/461/ll/A,bw/so/no/no/d/539/ll/A,0.29
bo/mu/yes/yes/d/461/ll/A,bo/mu/no/yes/m/191/ll/A,0.85
bo/mu/yes/yes/d/461/ll/A,bw/st/no/yes/d/501/ll/U,0.5
bo/mu/yes/yes/d/461/ll/A,bw/mu/no/yes/m/165/ll/U,0.83
bo/mu/yes/yes/d/461/ll/A,bw/mu/no/no/m/153/ll/U,0.83
bo/mu/yes/yes/d/461/ll/A,bw/so/no/no/d/537/ll/U,0.29
bo/mu/yes/yes/d/461/ll/A,bw/so/yes/yes/d/531/ll/U,0.33
bo/mu/yes/yes/d/461/ll/A,bw/mu/no/no/m/155/ll/A,0.83
bo/mu/yes/yes/d/461/ll/A,bo/st/yes/yes/d/509/ll/A,0.6
bo/mu/yes/yes/d/461/ll/A,bw/st/yes/yes/m/197/ll/A,0.48
bo/mu/yes/yes/d/461/ll/A,bo/st/yes/yes/d/507/ll/U,0.6
bo/mu/yes/yes/d/461/ll/A,bw/st/no/yes/m/215/ll/A,0.5
bo/mu/yes/yes/d/461/ll/A,bw/mu/no/no/d/443/ll/A,0.83
bo/mu/yes/yes/d/461/ll/A,bo/so/yes/no/m/279/ll/U,0.3
bo/mu/yes/yes/d/461/ll/A,bw/st/no/no/d/489/ll/U,0.44
bo/mu/yes/yes/d/461/ll/A,bw/st/no/yes/m/213/ll/U,0.5
bo/mu/yes/yes/d/461/ll/A,bo/st/no/no/m/225/ll/U,0.57
bo/mu/yes/yes/d/461/ll/A,bo/mu/yes/no/d/473/ll/A,0.92
bo/mu/yes/yes/d/461/ll/A,bw/so/no/no/m/249/ll/U,0.29
bo/mu/yes/yes/d/461/ll/A,bo/so/no/yes/m/285/ll/U,0.09
bo/mu/yes/yes/d/461/ll/A,bw/st/no/no/m/203/ll/A,0.44
bo/mu/yes/yes/d/461/ll/A,bw/mu/no/yes/d/455/ll/A,0.83
bo/mu/yes/yes/d/461/ll/A,bw/st/yes/no/d/497/ll/A,0.43
bo/mu/yes/yes/d/461/ll/A,bw/mu/yes/yes/d/437/ll/A,0.88
bo/mu/yes/yes/d/461/ll/A,bw/so/no/yes/m/261/ll/U,0.34
bo/mu/yes/yes/d/461/ll/A,bw/so/yes/no/m/257/ll/A,0.28
bo/mu/yes/yes/d/461/ll/A,bw/st/no/no/d/491/ll/A,0.44
bo/mu/yes/yes/d/461/ll/A,bo/st/yes/no/m/233/ll/A,0.55
bo/mu/yes/yes/d/461/ll/A,bo/mu/no/no/d/465/ll/U,0.81
bo/mu/yes/yes/d/461/ll/A,bw/mu/no/yes/d/453/ll/U,0.83
bo/mu/yes/yes/d/461/ll/A,bw/so/no/no/m/251/ll/A,0.29
bo/mu/yes/yes/d/461/ll/A,bo/so/yes/yes/m/269/ll/A,0.38
bo/mu/yes/yes/d/461/ll/A,bo/so/yes/yes/m/267/ll/U,0.38
bo/mu/yes/yes/d/461/ll/A,bw/so/yes/no/d/543/ll/U,0.28
bo/mu/yes/yes/d/461/ll/A,bo/so/no/yes/d/575/ll/A,0.09
bo/mu/yes/yes/d/461/ll/A,bo/st/yes/no/d/521/ll/A,0.55
bo/mu/yes/yes/d/461/ll/A,bo/mu/no/yes/m/189/ll/U,0.85
bo/mu/yes/yes/d/461/ll/A,bo/st/yes/no/d/519/ll/U,0.55
bo/mu/yes/yes/d/461/ll/A,bo/mu/yes/yes/m/173/ll/A,1.0
bo/mu/yes/yes/d/461/ll/A,bo/so/no/yes/d/573/ll/U,0.09
bo/mu/yes/yes/d/461/ll/A,bw/so/yes/no/d/545/ll/A,0.28
bo/mu/yes/yes/d/461/ll/A,bo/st/no/yes/d/527/ll/A,0.61
bo/mu/yes/yes/d/461/ll/A,bw/mu/yes/no/m/159/ll/U,0.88
bo/mu/yes/yes/d/461/ll/A,bw/mu/yes/no/m/161/ll/A,0.88
bo/mu/yes/yes/d/461/ll/A,bw/st/yes/yes/m/195/ll/U,0.48
bo/mu/yes/yes/d/461/ll/A,bw/so/yes/yes/d/533/ll/A,0.33
bo/mu/yes/yes/d/461/ll/A,bo/so/yes/no/d/567/ll/U,0.3
bo/mu/yes/yes/d/461/ll/A,bw/so/no/yes/d/551/ll/A,0.34
bo/mu/yes/yes/d/461/ll/A,bo/so/yes/no/d/569/ll/A,0.3
bo/mu/yes/yes/d/461/ll/A,bw/st/no/yes/d/503/ll/A,0.5
bo/mu/yes/yes/d/461/ll/A,bw/mu/no/yes/m/167/ll/A,0.83
bo/mu/yes/yes/d/461/ll/A,bo/so/yes/yes/d/557/ll/A,0.38
bo/mu/yes/yes/d/461/ll/A,bo/so/no/no/d/561/ll/U,0.08
bo/mu/yes/yes/d/461/ll/A,bw/so/yes/yes/m/245/ll/A,0.33
bo/mu/yes/yes/d/461/ll/A,bo/so/no/yes/m/287/ll/A,0.09
bo/mu/yes/yes/d/461/ll/A,bo/so/no/no/m/273/ll/U,0.08
bo/mu/yes/yes/d/461/ll/A,bw/st/yes/yes/d/485/ll/A,0.48
bo/mu/yes/yes/d/461/ll/A,bo/st/no/no/m/227/ll/A,0.57
bo/mu/yes/yes/d/461/ll/A,bo/mu/yes/no/d/471/ll/U,0.92
bo/mu/yes/yes/d/461/ll/A,bw/mu/yes/no/d/449/ll/A,0.88
bo/mu/yes/yes/d/461/ll/A,bw/mu/yes/no/d/447/ll/U,0.88
bo/mu/yes/yes/d/461/ll/A,bo/so/yes/no/m/281/ll/A,0.3
bo/mu/yes/yes/d/461/ll/A,bo/so/no/no/m/275/ll/A,0.08
bo/mu/yes/yes/d/461/ll/A,bw/so/yes/yes/m/243/ll/U,0.33
bo/mu/yes/yes/d/461/ll/A,bo/mu/no/yes/d/479/ll/A,0.85
bo/mu/yes/yes/d/461/ll/A,bw/mu/no/no/d/441/ll/U,0.83
bo/mu/yes/yes/d/461/ll/A,bw/st/yes/yes/d/483/ll/U,0.48
bo/mu/yes/yes/d/461/ll/A,bo/mu/no/yes/d/477/ll/U,0.85
bo/mu/yes/yes/d/461/ll/A,bo/st/yes/yes/m/221/ll/A,0.6
bo/mu/yes/yes/d/461/ll/A,bo/st/yes/yes/m/219/ll/U,0.6
bo/st/no/yes/m/237/ll/U,bw/st/yes/no/m/207/ll/U,0.37
bo/st/no/yes/m/237/ll/U,bo/st/yes/no/m/231/ll/U,0.58
bo/st/no/yes/m/237/ll/U,bo/mu/no/no/d/467/ll/A,0.6
bo/st/no/yes/m/237/ll/U,bw/st/yes/no/m/209/ll/A,0.37
bo/st/no/yes/m/237/ll/U,bw/so/yes/no/m/255/ll/U,0.27
bo/st/no/yes/m/237/ll/U,bw/mu/yes/yes/d/435/ll/U,0.63
bo/st/no/yes/m/237/ll/U,bw/so/no/yes/m/263/ll/A,0.34
bo/st/no/yes/m/237/ll/U,bo/mu/yes/yes/d/461/ll/A,0.61
bo/st/no/yes/m/237/ll/U,bo/st/no/yes/m/237/ll/U,1.0
bo/st/no/yes/m/237/ll/U,bw/st/yes/no/d/495/ll/U,0.37
bo/st/no/yes/m/237/ll/U,bo/mu/yes/yes/d/459/ll/U,0.61
bo/st/no/yes/m/237/ll/U,bo/st/no/yes/m/239/ll/A,1.0
bo/st/no/yes/m/237/ll/U,bw/st/no/no/m/201/ll/U,0.38
bo/st/no/yes/m/237/ll/U,bo/st/no/yes/d/525/ll/U,1.0
bo/st/no/yes/m/237/ll/U,bo/mu/no/no/m/179/ll/A,0.6
bo/st/no/yes/m/237/ll/U,bo/mu/yes/no/m/183/ll/U,0.63
bo/st/no/yes/m/237/ll/U,bo/mu/no/no/m/177/ll/U,0.6
bo/st/no/yes/m/237/ll/U,bo/st/no/no/d/513/ll/U,0.88
bo/st/no/yes/m/237/ll/U,bw/so/no/yes/d/549/ll/U,0.34
bo/st/no/yes/m/237/ll/U,bw/mu/yes/yes/m/149/ll/A,0.63
bo/st/no/yes/m/237/ll/U,bo/mu/yes/no/m/185/ll/A,0.63
bo/st/no/yes/m/237/ll/U,bo/st/no/no/d/515/ll/A,0.88
bo/st/no/yes/m/237/ll/U,bo/mu/yes/yes/m/171/ll/U,0.61
bo/st/no/yes/m/237/ll/U,bw/mu/yes/yes/m/147/ll/U,0.63
bo/st/no/yes/m/237/ll/U,bo/so/no/no/d/563/ll/A,0.1
bo/st/no/yes/m/237/ll/U,bo/so/yes/yes/d/555/ll/U,0.39
bo/st/no/yes/m/237/ll/U,bw/so/no/no/d/539/ll/A,0.29
bo/st/no/yes/m/237/ll/U,bo/mu/no/yes/m/191/ll/A,0.64
bo/st/no/yes/m/237/ll/U,bw/st/no/yes/d/501/ll/U,0.43
bo/st/no/yes/m/237/ll/U,bw/mu/no/yes/m/165/ll/U,0.59
bo/st/no/yes/m/237/ll/U,bw/mu/no/no/m/153/ll/U,0.56
bo/st/no/yes/m/237/ll/U,bw/so/no/no/d/537/ll/U,0.29
bo/st/no/yes/m/237/ll/U,bw/so/yes/yes/d/531/ll/U,0.33
bo/st/no/yes/m/237/ll/U,bw/mu/no/no/m/155/ll/A,0.56
bo/st/no/yes/m/237/ll/U,bo/st/yes/yes/d/509/ll/A,0.63
bo/st/no/yes/m/237/ll/U,bw/st/yes/yes/m/197/ll/A,0.41
bo/st/no/yes/m/237/ll/U,bo/st/yes/yes/d/507/ll/U,0.63
bo/st/no/yes/m/237/ll/U,bw/st/no/yes/m/215/ll/A,0.43
bo/st/no/yes/m/237/ll/U,bw/mu/no/no/d/443/ll/A,0.56
bo/st/no/yes/m/237/ll/U,bo/so/yes/no/m/279/ll/U,0.29
bo/st/no/yes/m/237/ll/U,bw/st/no/no/d/489/ll/U,0.38
bo/st/no/yes/m/237/ll/U,bw/st/no/yes/m/213/ll/U,0.43
bo/st/no/yes/m/237/ll/U,bo/st/no/no/m/225/ll/U,0.88
bo/st/no/yes/m/237/ll/U,bo/mu/yes/no/d/473/ll/A,0.63
bo/st/no/yes/m/237/ll/U,bw/so/no/no/m/249/ll/U,0.29
bo/st/no/yes/m/237/ll/U,bo/so/no/yes/m/285/ll/U,0.12
bo/st/no/yes/m/237/ll/U,bw/st/no/no/m/203/ll/A,0.38
bo/st/no/yes/m/237/ll/U,bw/mu/no/yes/d/455/ll/A,0.59
bo/st/no/yes/m/237/ll/U,bw/st/yes/no/d/497/ll/A,0.37
bo/st/no/yes/m/237/ll/U,bw/mu/yes/yes/d/437/ll/A,0.63
bo/st/no/yes/m/237/ll/U,bw/so/no/yes/m/261/ll/U,0.34
bo/st/no/yes/m/237/ll/U,bw/so/yes/no/m/257/ll/A,0.27
bo/st/no/yes/m/237/ll/U,bw/st/no/no/d/491/ll/A,0.38
bo/st/no/yes/m/237/ll/U,bo/st/yes/no/m/233/ll/A,0.58
bo/st/no/yes/m/237/ll/U,bo/mu/no/no/d/465/ll/U,0.6
bo/st/no/yes/m/237/ll/U,bw/mu/no/yes/d/453/ll/U,0.59
bo/st/no/yes/m/237/ll/U,bw/so/no/no/m/251/ll/A,0.29
bo/st/no/yes/m/237/ll/U,bo/so/yes/yes/m/269/ll/A,0.39
bo/st/no/yes/m/237/ll/U,bo/so/yes/yes/m/267/ll/U,0.39
bo/st/no/yes/m/237/ll/U,bw/so/yes/no/d/543/ll/U,0.27
bo/st/no/yes/m/237/ll/U,bo/so/no/yes/d/575/ll/A,0.12
bo/st/no/yes/m/237/ll/U,bo/st/yes/no/d/521/ll/A,0.58
bo/st/no/yes/m/237/ll/U,bo/mu/no/yes/m/189/ll/U,0.64
bo/st/no/yes/m/237/ll/U,bo/st/yes/no/d/519/ll/U,0.58
bo/st/no/yes/m/237/ll/U,bo/mu/yes/yes/m/173/ll/A,0.61
bo/st/no/yes/m/237/ll/U,bo/so/no/yes/d/573/ll/U,0.12
bo/st/no/yes/m/237/ll/U,bw/so/yes/no/d/545/ll/A,0.27
bo/st/no/yes/m/237/ll/U,bo/st/no/yes/d/527/ll/A,1.0
bo/st/no/yes/m/237/ll/U,bw/mu/yes/no/m/159/ll/U,0.63
bo/st/no/yes/m/237/ll/U,bw/mu/yes/no/m/161/ll/A,0.63
bo/st/no/yes/m/237/ll/U,bw/st/yes/yes/m/195/ll/U,0.41
bo/st/no/yes/m/237/ll/U,bw/so/yes/yes/d/533/ll/A,0.33
bo/st/no/yes/m/237/ll/U,bo/so/yes/no/d/567/ll/U,0.29
bo/st/no/yes/m/237/ll/U,bw/so/no/yes/d/551/ll/A,0.34
bo/st/no/yes/m/237/ll/U,bo/so/yes/no/d/569/ll/A,0.29
bo/st/no/yes/m/237/ll/U,bw/st/no/yes/d/503/ll/A,0.43
bo/st/no/yes/m/237/ll/U,bw/mu/no/yes/m/167/ll/A,0.59
bo/st/no/yes/m/237/ll/U,bo/so/yes/yes/d/557/ll/A,0.39
bo/st/no/yes/m/237/ll/U,bo/so/no/no/d/561/ll/U,0.1
bo/st/no/yes/m/237/ll/U,bw/so/yes/yes/m/245/ll/A,0.33
bo/st/no/yes/m/237/ll/U,bo/so/no/yes/m/287/ll/A,0.12
bo/st/no/yes/m/237/ll/U,bo/so/no/no/m/273/ll/U,0.1
bo/st/no/yes/m/237/ll/U,bw/st/yes/yes/d/485/ll/A,0.41
bo/st/no/yes/m/237/ll/U,bo/st/no/no/m/227/ll/A,0.88
bo/st/no/yes/m/237/ll/U,bo/mu/yes/no/d/471/ll/U,0.63
bo/st/no/yes/m/237/ll/U,bw/mu/yes/no/d/449/ll/A,0.63
bo/st/no/yes/m/237/ll/U,bw/mu/yes/no/d/447/ll/U,0.63
bo/st/no/yes/m/237/ll/U,bo/so/yes/no/m/281/ll/A,0.29
bo/st/no/yes/m/237/ll/U,bo/so/no/no/m/275/ll/A,0.1
bo/st/no/yes/m/237/ll/U,bw/so/yes/yes/m/243/ll/U,0.33
bo/st/no/yes/m/237/ll/U,bo/mu/no/yes/d/479/ll/A,0.64
bo/st/no/yes/m/237/ll/U,bw/mu/no/no/d/441/ll/U,0.56
bo/st/no/yes/m/237/ll/U,bw/st/yes/yes/d/483/ll/U,0.41
bo/st/no/yes/m/237/ll/U,bo/mu/no/yes/d/477/ll/U,0.64
bo/st/no/yes/m/237/ll/U,bo/st/yes/yes/m/221/ll/A,0.63
bo/st/no/yes/m/237/ll/U,bo/st/yes/yes/m/219/ll/U,0.63
bw/st/yes/no/d/495/ll/U,bw/st/yes/no/m/207/ll/U,1.0
bw/st/yes/no/d/495/ll/U,bo/st/yes/no/m/231/ll/U,0.55
bw/st/yes/no/d/495/ll/U,bo/mu/no/no/d/467/ll/A,0.38
bw/st/yes/no/d/495/ll/U,bw/st/yes/no/m/209/ll/A,1.0
bw/st/yes/no/d/495/ll/U,bw/so/yes/no/m/255/ll/U,0.38
bw/st/yes/no/d/495/ll/U,bw/mu/yes/yes/d/435/ll/U,0.42
bw/st/yes/no/d/495/ll/U,bw/so/no/yes/m/263/ll/A,0.42
bw/st/yes/no/d/495/ll/U,bo/mu/yes/yes/d/461/ll/A,0.43
bw/st/yes/no/d/495/ll/U,bo/st/no/yes/m/237/ll/U,0.37
bw/st/yes/no/d/495/ll/U,bw/st/yes/no/d/495/ll/U,1.0
bw/st/yes/no/d/495/ll/U,bo/mu/yes/yes/d/459/ll/U,0.43
bw/st/yes/no/d/495/ll/U,bo/st/no/yes/m/239/ll/A,0.37
bw/st/yes/no/d/495/ll/U,bw/st/no/no/m/201/ll/U,0.85
bw/st/yes/no/d/495/ll/U,bo/st/no/yes/d/525/ll/U,0.37
bw/st/yes/no/d/495/ll/U,bo/mu/no/no/m/179/ll/A,0.38
bw/st/yes/no/d/495/ll/U,bo/mu/yes/no/m/183/ll/U,0.41
bw/st/yes/no/d/495/ll/U,bo/mu/no/no/m/177/ll/U,0.38
bw/st/yes/no/d/495/ll/U,bo/st/no/no/d/513/ll/U,0.39
bw/st/yes/no/d/495/ll/U,bw/so/no/yes/d/549/ll/U,0.42
bw/st/yes/no/d/495/ll/U,bw/mu/yes/yes/m/149/ll/A,0.42
bw/st/yes/no/d/495/ll/U,bo/mu/yes/no/m/185/ll/A,0.41
bw/st/yes/no/d/495/ll/U,bo/st/no/no/d/515/ll/A,0.39
bw/st/yes/no/d/495/ll/U,bo/mu/yes/yes/m/171/ll/U,0.43
bw/st/yes/no/d/495/ll/U,bw/mu/yes/yes/m/147/ll/U,0.42
bw/st/yes/no/d/495/ll/U,bo/so/no/no/d/563/ll/A,0.12
bw/st/yes/no/d/495/ll/U,bo/so/yes/yes/d/555/ll/U,0.42
bw/st/yes/no/d/495/ll/U,bw/so/no/no/d/539/ll/A,0.37
bw/st/yes/no/d/495/ll/U,bo/mu/no/yes/m/191/ll/A,0.39
bw/st/yes/no/d/495/ll/U,bw/st/no/yes/d/501/ll/U,0.78
bw/st/yes/no/d/495/ll/U,bw/mu/no/yes/m/165/ll/U,0.41
bw/st/yes/no/d/495/ll/U,bw/mu/no/no/m/153/ll/U,0.42
bw/st/yes/no/d/495/ll/U,bw/so/no/no/d/537/ll/U,0.37
bw/st/yes/no/d/495/ll/U,bw/so/yes/yes/d/531/ll/U,0.44
bw/st/yes/no/d/495/ll/U,bw/mu/no/no/m/155/ll/A,0.42
bw/st/yes/no/d/495/ll/U,bo/st/yes/yes/d/509/ll/A,0.5
bw/st/yes/no/d/495/ll/U,bw/st/yes/yes/m/197/ll/A,0.87
bw/st/yes/no/d/495/ll/U,bo/st/yes/yes/d/507/ll/U,0.5
bw/st/yes/no/d/495/ll/U,bw/st/no/yes/m/215/ll/A,0.78
bw/st/yes/no/d/495/ll/U,bw/mu/no/no/d/443/ll/A,0.42
bw/st/yes/no/d/495/ll/U,bo/so/yes/no/m/279/ll/U,0.37
bw/st/yes/no/d/495/ll/U,bw/st/no/no/d/489/ll/U,0.85
bw/st/yes/no/d/495/ll/U,bw/st/no/yes/m/213/ll/U,0.78
bw/st/yes/no/d/495/ll/U,bo/st/no/no/m/225/ll/U,0.39
bw/st/yes/no/d/495/ll/U,bo/mu/yes/no/d/473/ll/A,0.41
bw/st/yes/no/d/495/ll/U,bw/so/no/no/m/249/ll/U,0.37
bw/st/yes/no/d/495/ll/U,bo/so/no/yes/m/285/ll/U,0.11
bw/st/yes/no/d/495/ll/U,bw/st/no/no/m/203/ll/A,0.85
bw/st/yes/no/d/495/ll/U,bw/mu/no/yes/d/455/ll/A,0.41
bw/st/yes/no/d/495/ll/U,bw/st/yes/no/d/497/ll/A,1.0
bw/st/yes/no/d/495/ll/U,bw/mu/yes/yes/d/437/ll/A,0.42
bw/st/yes/no/d/495/ll/U,bw/so/no/yes/m/261/ll/U,0.42
bw/st/yes/no/d/495/ll/U,bw/so/yes/no/m/257/ll/A,0.38
bw/st/yes/no/d/495/ll/U,bw/st/no/no/d/491/ll/A,0.85
bw/st/yes/no/d/495/ll/U,bo/st/yes/no/m/233/ll/A,0.55
bw/st/yes/no/d/495/ll/U,bo/mu/no/no/d/465/ll/U,0.38
bw/st/yes/no/d/495/ll/U,bw/mu/no/yes/d/453/ll/U,0.41
bw/st/yes/no/d/495/ll/U,bw/so/no/no/m/251/ll/A,0.37
bw/st/yes/no/d/495/ll/U,bo/so/yes/yes/m/269/ll/A,0.42
bw/st/yes/no/d/495/ll/U,bo/so/yes/yes/m/267/ll/U,0.42
bw/st/yes/no/d/495/ll/U,bw/so/yes/no/d/543/ll/U,0.38
bw/st/yes/no/d/495/ll/U,bo/so/no/yes/d/575/ll/A,0.11
bw/st/yes/no/d/495/ll/U,bo/st/yes/no/d/521/ll/A,0.55
bw/st/yes/no/d/495/ll/U,bo/mu/no/yes/m/189/ll/U,0.39
bw/st/yes/no/d/495/ll/U,bo/st/yes/no/d/519/ll/U,0.55
bw/st/yes/no/d/495/ll/U,bo/mu/yes/yes/m/173/ll/A,0.43
bw/st/yes/no/d/495/ll/U,bo/so/no/yes/d/573/ll/U,0.11
bw/st/yes/no/d/495/ll/U,bw/so/yes/no/d/545/ll/A,0.38
bw/st/yes/no/d/495/ll/U,bo/st/no/yes/d/527/ll/A,0.37
bw/st/yes/no/d/495/ll/U,bw/mu/yes/no/m/159/ll/U,0.42
bw/st/yes/no/d/495/ll/U,bw/mu/yes/no/m/161/ll/A,0.42
bw/st/yes/no/d/495/ll/U,bw/st/yes/yes/m/195/ll/U,0.87
bw/st/yes/no/d/495/ll/U,bw/so/yes/yes/d/533/ll/A,0.44
bw/st/yes/no/d/495/ll/U,bo/so/yes/no/d/567/ll/U,0.37
bw/st/yes/no/d/495/ll/U,bw/so/no/yes/d/551/ll/A,0.42
bw/st/yes/no/d/495/ll/U,bo/so/yes/no/d/569/ll/A,0.37
bw/st/yes/no/d/495/ll/U,bw/st/no/yes/d/503/ll/A,0.78
bw/st/yes/no/d/495/ll/U,bw/mu/no/yes/m/167/ll/A,0.41
bw/st/yes/no/d/495/ll/U,bo/so/yes/yes/d/557/ll/A,0.42
bw/st/yes/no/d/495/ll/U,bo/so/no/no/d/561/ll/U,0.12
bw/st/yes/no/d/495/ll/U,bw/so/yes/yes/m/245/ll/A,0.44
bw/st/yes/no/d/495/ll/U,bo/so/no/yes/m/287/ll/A,0.11
bw/st/yes/no/d/495/ll/U,bo/so/no/no/m/273/ll/U,0.12
bw/st/yes/no/d/495/ll/U,bw/st/yes/yes/d/485/ll/A,0.87
bw/st/yes/no/d/495/ll/U,bo/st/no/no/m/227/ll/A,0.39
bw/st/yes/no/d/495/ll/U,bo/mu/yes/no/d/471/ll/U,0.41
bw/st/yes/no/d/495/ll/U,bw/mu/yes/no/d/449/ll/A,0.42
bw/st/yes/no/d/495/ll/U,bw/mu/yes/no/d/447/ll/U,0.42
bw/st/yes/no/d/495/ll/U,bo/so/yes/no/m/281/ll/A,0.37
bw/st/yes/no/d/495/ll/U,bo/so/no/no/m/275/ll/A,0.12
bw/st/yes/no/d/495/ll/U,bw/so/yes/yes/m/243/ll/U,0.44
bw/st/yes/no/d/495/ll/U,bo/mu/no/yes/d/479/ll/A,0.39
bw/st/yes/no/d/495/ll/U,bw/mu/no/no/d/441/ll/U,0.42
bw/st/yes/no/d/495/ll/U,bw/st/yes/yes/d/483/ll/U,0.87
bw/st/yes/no/d/495/ll/U,bo/mu/no/yes/d/477/ll/U,0.39
bw/st/yes/no/d/495/ll/U,bo/st/yes/yes/m/221/ll/A,0.5
bw/st/yes/no/d/495/ll/U,bo/st/yes/yes/m/219/ll/U,0.5
bo/mu/yes/yes/d/459/ll/U,bw/st/yes/no/m/207/ll/U,0.43
bo/mu/yes/yes/d/459/ll/U,bo/st/yes/no/m/231/ll/U,0.55
bo/mu/yes/yes/d/459/ll/U,bo/mu/no/no/d/467/ll/A,0.81
bo/mu/yes/yes/d/459/ll/U,bw/st/yes/no/m/209/ll/A,0.43
bo/mu/yes/yes/d/459/ll/U,bw/so/yes/no/m/255/ll/U,0.28
bo/mu/yes/yes/d/459/ll/U,bw/mu/yes/yes/d/435/ll/U,0.88
bo/mu/yes/yes/d/459/ll/U,bw/so/no/yes/m/263/ll/A,0.34
bo/mu/yes/yes/d/459/ll/U,bo/mu/yes/yes/d/461/ll/A,1.0
bo/mu/yes/yes/d/459/ll/U,bo/st/no/yes/m/237/ll/U,0.61
bo/mu/yes/yes/d/459/ll/U,bw/st/yes/no/d/495/ll/U,0.43
bo/mu/yes/yes/d/459/ll/U,bo/mu/yes/yes/d/459/ll/U,1.0
bo/mu/yes/yes/d/459/ll/U,bo/st/no/yes/m/239/ll/A,0.61
bo/mu/yes/yes/d/459/ll/U,bw/st/no/no/m/201/ll/U,0.44
bo/mu/yes/yes/d/459/ll/U,bo/st/no/yes/d/525/ll/U,0.61
bo/mu/yes/yes/d/459/ll/U,bo/mu/no/no/m/179/ll/A,0.81
bo/mu/yes/yes/d/459/ll/U,bo/mu/yes/no/m/183/ll/U,0.92
bo/mu/yes/yes/d/459/ll/U,bo/mu/no/no/m/177/ll/U,0.81
bo/mu/yes/yes/d/459/ll/U,bo/st/no/no/d/513/ll/U,0.57
bo/mu/yes/yes/d/459/ll/U,bw/so/no/yes/d/549/ll/U,0.34
bo/mu/yes/yes/d/459/ll/U,bw/mu/yes/yes/m/149/ll/A,0.88
bo/mu/yes/yes/d/459/ll/U,bo/mu/yes/no/m/185/ll/A,0.92
bo/mu/yes/yes/d/459/ll/U,bo/st/no/no/d/515/ll/A,0.57
bo/mu/yes/yes/d/459/ll/U,bo/mu/yes/yes/m/171/ll/U,1.0
bo/mu/yes/yes/d/459/ll/U,bw/mu/yes/yes/m/147/ll/U,0.88
bo/mu/yes/yes/d/459/ll/U,bo/so/no/no/d/563/ll/A,0.08
bo/mu/yes/yes/d/459/ll/U,bo/so/yes/yes/d/555/ll/U,0.38
bo/mu/yes/yes/d/459/ll/U,bw/so/no/no/d/539/ll/A,0.29
bo/mu/yes/yes/d/459/ll/U,bo/mu/no/yes/m/191/ll/A,0.85
bo/mu/yes/yes/d/459/ll/U,bw/st/no/yes/d/501/ll/U,0.5
bo/mu/yes/yes/d/459/ll/U,bw/mu/no/yes/m/165/ll/U,0.83
bo/mu/yes/yes/d/459/ll/U,bw/mu/no/no/m/153/ll/U,0.83
bo/mu/yes/yes/d/459/ll/U,bw/so/no/no/d/537/ll/U,0.29
bo/mu/yes/yes/d/459/ll/U,bw/so/yes/yes/d/531/ll/U,0.33
bo/mu/yes/yes/d/459/ll/U,bw/mu/no/no/m/155/ll/A,0.83
bo/mu/yes/yes/d/459/ll/U,bo/st/yes/yes/d/509/ll/A,0.6
bo/mu/yes/yes/d/459/ll/U,bw/st/yes/yes/m/197/ll/A,0.48
bo/mu/yes/yes/d/459/ll/U,bo/st/yes/yes/d/507/ll/U,0.6
bo/mu/yes/yes/d/459/ll/U,bw/st/no/yes/m/215/ll/A,0.5
bo/mu/yes/yes/d/459/ll/U,bw/mu/no/no/d/443/ll/A,0.83
bo/mu/yes/yes/d/459/ll/U,bo/so/yes/no/m/279/ll/U,0.3
bo/mu/yes/yes/d/459/ll/U,bw/st/no/no/d/489/ll/U,0.44
bo/mu/yes/yes/d/459/ll/U,bw/st/no/yes/m/213/ll/U,0.5
bo/mu/yes/yes/d/459/ll/U,bo/st/no/no/m/225/ll/U,0.57
bo/mu/yes/yes/d/459/ll/U,bo/mu/yes/no/d/473/ll/A,0.92
bo/mu/yes/yes/d/459/ll/U,bw/so/no/no/m/249/ll/U,0.29
bo/mu/yes/yes/d/459/ll/U,bo/so/no/yes/m/285/ll/U,0.09
bo/mu/yes/yes/d/459/ll/U,bw/st/no/no/m/203/ll/A,0.44
bo/mu/yes/yes/d/459/ll/U,bw/mu/no/yes/d/455/ll/A,0.83
bo/mu/yes/yes/d/459/ll/U,bw/st/yes/no/d/497/ll/A,0.43
bo/mu/yes/yes/d/459/ll/U,bw/mu/yes/yes/d/437/ll/A,0.88
bo/mu/yes/yes/d/459/ll/U,bw/so/no/yes/m/261/ll/U,0.34
bo/mu/yes/yes/d/459/ll/U,bw/so/yes/no/m/257/ll/A,0.28
bo/mu/yes/yes/d/459/ll/U,bw/st/no/no/d/491/ll/A,0.44
bo/mu/yes/yes/d/459/ll/U,bo/st/yes/no/m/233/ll/A,0.55
bo/mu/yes/yes/d/459/ll/U,bo/mu/no/no/d/465/ll/U,0.81
bo/mu/yes/yes/d/459/ll/U,bw/mu/no/yes/d/453/ll/U,0.83
bo/mu/yes/yes/d/459/ll/U,bw/so/no/no/m/251/ll/A,0.29
bo/mu/yes/yes/d/459/ll/U,bo/so/yes/yes/m/269/ll/A,0.38
bo/mu/yes/yes/d/459/ll/U,bo/so/yes/yes/m/267/ll/U,0.38
bo/mu/yes/yes/d/459/ll/U,bw/so/yes/no/d/543/ll/U,0.28
bo/mu/yes/yes/d/459/ll/U,bo/so/no/yes/d/575/ll/A,0.09
bo/mu/yes/yes/d/459/ll/U,bo/st/yes/no/d/521/ll/A,0.55
bo/mu/yes/yes/d/459/ll/U,bo/mu/no/yes/m/189/ll/U,0.85
bo/mu/yes/yes/d/459/ll/U,bo/st/yes/no/d/519/ll/U,0.55
bo/mu/yes/yes/d/459/ll/U,bo/mu/yes/yes/m/173/ll/A,1.0
bo/mu/yes/yes/d/459/ll/U,bo/so/no/yes/d/573/ll/U,0.09
bo/mu/yes/yes/d/459/ll/U,bw/so/yes/no/d/545/ll/A,0.28
bo/mu/yes/yes/d/459/ll/U,bo/st/no/yes/d/527/ll/A,0.61
bo/mu/yes/yes/d/459/ll/U,bw/mu/yes/no/m/159/ll/U,0.88
bo/mu/yes/yes/d/459/ll/U,bw/mu/yes/no/m/161/ll/A,0.88
bo/mu/yes/yes/d/459/ll/U,bw/st/yes/yes/m/195/ll/U,0.48
bo/mu/yes/yes/d/459/ll/U,bw/so/yes/yes/d/533/ll/A,0.33
bo/mu/yes/yes/d/459/ll/U,bo/so/yes/no/d/567/ll/U,0.3
bo/mu/yes/yes/d/459/ll/U,bw/so/no/yes/d/551/ll/A,0.34
bo/mu/yes/yes/d/459/ll/U,bo/so/yes/no/d/569/ll/A,0.3
bo/mu/yes/yes/d/459/ll/U,bw/st/no/yes/d/503/ll/A,0.5
bo/mu/yes/yes/d/459/ll/U,bw/mu/no/yes/m/167/ll/A,0.83
bo/mu/yes/yes/d/459/ll/U,bo/so/yes/yes/d/557/ll/A,0.38
bo/mu/yes/yes/d/459/ll/U,bo/so/no/no/d/561/ll/U,0.08
bo/mu/yes/yes/d/459/ll/U,bw/so/yes/yes/m/245/ll/A,0.33
bo/mu/yes/yes/d/459/ll/U,bo/so/no/yes/m/287/ll/A,0.09
bo/mu/yes/yes/d/459/ll/U,bo/so/no/no/m/273/ll/U,0.08
bo/mu/yes/yes/d/459/ll/U,bw/st/yes/yes/d/485/ll/A,0.48
bo/mu/yes/yes/d/459/ll/U,bo/st/no/no/m/227/ll/A,0.57
bo/mu/yes/yes/d/459/ll/U,bo/mu/yes/no/d/471/ll/U,0.92
bo/mu/yes/yes/d/459/ll/U,bw/mu/yes/no/d/449/ll/A,0.88
bo/mu/yes/yes/d/459/ll/U,bw/mu/yes/no/d/447/ll/U,0.88
bo/mu/yes/yes/d/459/ll/U,bo/so/yes/no/m/281/ll/A,0.3
bo/mu/yes/yes/d/459/ll/U,bo/so/no/no/m/275/ll/A,0.08
bo/mu/yes/yes/d/459/ll/U,bw/so/yes/yes/m/243/ll/U,0.33
bo/mu/yes/yes/d/459/ll/U,bo/mu/no/yes/d/479/ll/A,0.85
bo/mu/yes/yes/d/459/ll/U,bw/mu/no/no/d/441/ll/U,0.83
bo/mu/yes/yes/d/459/ll/U,bw/st/yes/yes/d/483/ll/U,0.48
bo/mu/yes/yes/d/459/ll/U,bo/mu/no/yes/d/477/ll/U,0.85
bo/mu/yes/yes/d/459/ll/U,bo/st/yes/yes/m/221/ll/A,0.6
bo/mu/yes/yes/d/459/ll/U,bo/st/yes/yes/m/219/ll/U,0.6
bo/st/no/yes/m/239/ll/A,bw/st/yes/no/m/207/ll/U,0.37
bo/st/no/yes/m/239/ll/A,bo/st/yes/no/m/231/ll/U,0.58
bo/st/no/yes/m/239/ll/A,bo/mu/no/no/d/467/ll/A,0.6
bo/st/no/yes/m/239/ll/A,bw/st/yes/no/m/209/ll/A,0.37
bo/st/no/yes/m/239/ll/A,bw/so/yes/no/m/255/ll/U,0.27
bo/st/no/yes/m/239/ll/A,bw/mu/yes/yes/d/435/ll/U,0.63
bo/st/no/yes/m/239/ll/A,bw/so/no/yes/m/263/ll/A,0.34
bo/st/no/yes/m/239/ll/A,bo/mu/yes/yes/d/461/ll/A,0.61
bo/st/no/yes/m/239/ll/A,bo/st/no/yes/m/237/ll/U,1.0
bo/st/no/yes/m/239/ll/A,bw/st/yes/no/d/495/ll/U,0.37
bo/st/no/yes/m/239/ll/A,bo/mu/yes/yes/d/459/ll/U,0.61
bo/st/no/yes/m/239/ll/A,bo/st/no/yes/m/239/ll/A,1.0
bo/st/no/yes/m/239/ll/A,bw/st/no/no/m/201/ll/U,0.38
bo/st/no/yes/m/239/ll/A,bo/st/no/yes/d/525/ll/U,1.0
bo/st/no/yes/m/239/ll/A,bo/mu/no/no/m/179/ll/A,0.6
bo/st/no/yes/m/239/ll/A,bo/mu/yes/no/m/183/ll/U,0.63
bo/st/no/yes/m/239/ll/A,bo/mu/no/no/m/177/ll/U,0.6
bo/st/no/yes/m/239/ll/A,bo/st/no/no/d/513/ll/U,0.88
bo/st/no/yes/m/239/ll/A,bw/so/no/yes/d/549/ll/U,0.34
bo/st/no/yes/m/239/ll/A,bw/mu/yes/yes/m/149/ll/A,0.63
bo/st/no/yes/m/239/ll/A,bo/mu/yes/no/m/185/ll/A,0.63
bo/st/no/yes/m/239/ll/A,bo/st/no/no/d/515/ll/A,0.88
bo/st/no/yes/m/239/ll/A,bo/mu/yes/yes/m/171/ll/U,0.61
bo/st/no/yes/m/239/ll/A,bw/mu/yes/yes/m/147/ll/U,0.63
bo/st/no/yes/m/239/ll/A,bo/so/no/no/d/563/ll/A,0.1
bo/st/no/yes/m/239/ll/A,bo/so/yes/yes/d/555/ll/U,0.39
bo/st/no/yes/m/239/ll/A,bw/so/no/no/d/539/ll/A,0.29
bo/st/no/yes/m/239/ll/A,bo/mu/no/yes/m/191/ll/A,0.64
bo/st/no/yes/m/239/ll/A,bw/st/no/yes/d/501/ll/U,0.43
bo/st/no/yes/m/239/ll/A,bw/mu/no/yes/m/165/ll/U,0.59
bo/st/no/yes/m/239/ll/A,bw/mu/no/no/m/153/ll/U,0.56
bo/st/no/yes/m/239/ll/A,bw/so/no/no/d/537/ll/U,0.29
bo/st/no/yes/m/239/ll/A,bw/so/yes/yes/d/531/ll/U,0.33
bo/st/no/yes/m/239/ll/A,bw/mu/no/no/m/155/ll/A,0.56
bo/st/no/yes/m/239/ll/A,bo/st/yes/yes/d/509/ll/A,0.63
bo/st/no/yes/m/239/ll/A,bw/st/yes/yes/m/197/ll/A,0.41
bo/st/no/yes/m/239/ll/A,bo/st/yes/yes/d/507/ll/U,0.63
bo/st/no/yes/m/239/ll/A,bw/st/no/yes/m/215/ll/A,0.43
bo/st/no/yes/m/239/ll/A,bw/mu/no/no/d/443/ll/A,0.56
bo/st/no/yes/m/239/ll/A,bo/so/yes/no/m/279/ll/U,0.29
bo/st/no/yes/m/239/ll/A,bw/st/no/no/d/489/ll/U,0.38
bo/st/no/yes/m/239/ll/A,bw/st/no/yes/m/213/ll/U,0.43
bo/st/no/yes/m/239/ll/A,bo/st/no/no/m/225/ll/U,0.88
bo/st/no/yes/m/239/ll/A,bo/mu/yes/no/d/473/ll/A,0.63
bo/st/no/yes/m/239/ll/A,bw/so/no/no/m/249/ll/U,0.29
bo/st/no/yes/m/239/ll/A,bo/so/no/yes/m/285/ll/U,0.12
bo/st/no/yes/m/239/ll/A,bw/st/no/no/m/203/ll/A,0.38
bo/st/no/yes/m/239/ll/A,bw/mu/no/yes/d/455/ll/A,0.59
bo/st/no/yes/m/239/ll/A,bw/st/yes/no/d/497/ll/A,0.37
bo/st/no/yes/m/239/ll/A,bw/mu/yes/yes/d/437/ll/A,0.63
bo/st/no/yes/m/239/ll/A,bw/so/no/yes/m/261/ll/U,0.34
bo/st/no/yes/m/239/ll/A,bw/so/yes/no/m/257/ll/A,0.27
bo/st/no/yes/m/239/ll/A,bw/st/no/no/d/491/ll/A,0.38
bo/st/no/yes/m/239/ll/A,bo/st/yes/no/m/233/ll/A,0.58
bo/st/no/yes/m/239/ll/A,bo/mu/no/no/d/465/ll/U,0.6
bo/st/no/yes/m/239/ll/A,bw/mu/no/yes/d/453/ll/U,0.59
bo/st/no/yes/m/239/ll/A,bw/so/no/no/m/251/ll/A,0.29
bo/st/no/yes/m/239/ll/A,bo/so/yes/yes/m/269/ll/A,0.39
bo/st/no/yes/m/239/ll/A,bo/so/yes/yes/m/267/ll/U,0.39
bo/st/no/yes/m/239/ll/A,bw/so/yes/no/d/543/ll/U,0.27
bo/st/no/yes/m/239/ll/A,bo/so/no/yes/d/575/ll/A,0.12
bo/st/no/yes/m/239/ll/A,bo/st/yes/no/d/521/ll/A,0.58
bo/st/no/yes/m/239/ll/A,bo/mu/no/yes/m/189/ll/U,0.64
bo/st/no/yes/m/239/ll/A,bo/st/yes/no/d/519/ll/U,0.58
bo/st/no/yes/m/239/ll/A,bo/mu/yes/yes/m/173/ll/A,0.61
bo/st/no/yes/m/239/ll/A,bo/so/no/yes/d/573/ll/U,0.12
bo/st/no/yes/m/239/ll/A,bw/so/yes/no/d/545/ll/A,0.27
bo/st/no/yes/m/239/ll/A,bo/st/no/yes/d/527/ll/A,1.0
bo/st/no/yes/m/239/ll/A,bw/mu/yes/no/m/159/ll/U,0.63
bo/st/no/yes/m/239/ll/A,bw/mu/yes/no/m/161/ll/A,0.63
bo/st/no/yes/m/239/ll/A,bw/st/yes/yes/m/195/ll/U,0.41
bo/st/no/yes/m/239/ll/A,bw/so/yes/yes/d/533/ll/A,0.33
bo/st/no/yes/m/239/ll/A,bo/so/yes/no/d/567/ll/U,0.29
bo/st/no/yes/m/239/ll/A,bw/so/no/yes/d/551/ll/A,0.34
bo/st/no/yes/m/239/ll/A,bo/so/yes/no/d/569/ll/A,0.29
bo/st/no/yes/m/239/ll/A,bw/st/no/yes/d/503/ll/A,0.43
bo/st/no/yes/m/239/ll/A,bw/mu/no/yes/m/167/ll/A,0.59
bo/st/no/yes/m/239/ll/A,bo/so/yes/yes/d/557/ll/A,0.39
bo/st/no/yes/m/239/ll/A,bo/so/no/no/d/561/ll/U,0.1
bo/st/no/yes/m/239/ll/A,bw/so/yes/yes/m/245/ll/A,0.33
bo/st/no/yes/m/239/ll/A,bo/so/no/yes/m/287/ll/A,0.12
bo/st/no/yes/m/239/ll/A,bo/so/no/no/m/273/ll/U,0.1
bo/st/no/yes/m/239/ll/A,bw/st/yes/yes/d/485/ll/A,0.41
bo/st/no/yes/m/239/ll/A,bo/st/no/no/m/227/ll/A,0.88
bo/st/no/yes/m/239/ll/A,bo/mu/yes/no/d/471/ll/U,0.63
bo/st/no/yes/m/239/ll/A,bw/mu/yes/no/d/449/ll/A,0.63
bo/st/no/yes/m/239/ll/A,bw/mu/yes/no/d/447/ll/U,0.63
bo/st/no/yes/m/239/ll/A,bo/so/yes/no/m/281/ll/A,0.29
bo/st/no/yes/m/239/ll/A,bo/so/no/no/m/275/ll/A,0.1
bo/st/no/yes/m/239/ll/A,bw/so/yes/yes/m/243/ll/U,0.33
bo/st/no/yes/m/239/ll/A,bo/mu/no/yes/d/479/ll/A,0.64
bo/st/no/yes/m/239/ll/A,bw/mu/no/no/d/441/ll/U,0.56
bo/st/no/yes/m/239/ll/A,bw/st/yes/yes/d/483/ll/U,0.41
bo/st/no/yes/m/239/ll/A,bo/mu/no/yes/d/477/ll/U,0.64
bo/st/no/yes/m/239/ll/A,bo/st/yes/yes/m/221/ll/A,0.63
bo/st/no/yes/m/239/ll/A,bo/st/yes/yes/m/219/ll/U,0.63
bw/st/no/no/m/201/ll/U,bw/st/yes/no/m/207/ll/U,0.85
bw/st/no/no/m/201/ll/U,bo/st/yes/no/m/231/ll/U,0.54
bw/st/no/no/m/201/ll/U,bo/mu/no/no/d/467/ll/A,0.4
bw/st/no/no/m/201/ll/U,bw/st/yes/no/m/209/ll/A,0.85
bw/st/no/no/m/201/ll/U,bw/so/yes/no/m/255/ll/U,0.37
bw/st/no/no/m/201/ll/U,bw/mu/yes/yes/d/435/ll/U,0.43
bw/st/no/no/m/201/ll/U,bw/so/no/yes/m/263/ll/A,0.43
bw/st/no/no/m/201/ll/U,bo/mu/yes/yes/d/461/ll/A,0.44
bw/st/no/no/m/201/ll/U,bo/st/no/yes/m/237/ll/U,0.38
bw/st/no/no/m/201/ll/U,bw/st/yes/no/d/495/ll/U,0.85
bw/st/no/no/m/201/ll/U,bo/mu/yes/yes/d/459/ll/U,0.44
bw/st/no/no/m/201/ll/U,bo/st/no/yes/m/239/ll/A,0.38
bw/st/no/no/m/201/ll/U,bw/st/no/no/m/201/ll/U,1.0
bw/st/no/no/m/201/ll/U,bo/st/no/yes/d/525/ll/U,0.38
bw/st/no/no/m/201/ll/U,bo/mu/no/no/m/179/ll/A,0.4
bw/st/no/no/m/201/ll/U,bo/mu/yes/no/m/183/ll/U,0.42
bw/st/no/no/m/201/ll/U,bo/mu/no/no/m/177/ll/U,0.4
bw/st/no/no/m/201/ll/U,bo/st/no/no/d/513/ll/U,0.4
bw/st/no/no/m/201/ll/U,bw/so/no/yes/d/549/ll/U,0.43
bw/st/no/no/m/201/ll/U,bw/mu/yes/yes/m/149/ll/A,0.43
bw/st/no/no/m/201/ll/U,bo/mu/yes/no/m/185/ll/A,0.42
bw/st/no/no/m/201/ll/U,bo/st/no/no/d/515/ll/A,0.4
bw/st/no/no/m/201/ll/U,bo/mu/yes/yes/m/171/ll/U,0.44
bw/st/no/no/m/201/ll/U,bw/mu/yes/yes/m/147/ll/U,0.43
bw/st/no/no/m/201/ll/U,bo/so/no/no/d/563/ll/A,0.12
bw/st/no/no/m/201/ll/U,bo/so/yes/yes/d/555/ll/U,0.41
bw/st/no/no/m/201/ll/U,bw/so/no/no/d/539/ll/A,0.38
bw/st/no/no/m/201/ll/U,bo/mu/no/yes/m/191/ll/A,0.4
bw/st/no/no/m/201/ll/U,bw/st/no/yes/d/501/ll/U,0.87
bw/st/no/no/m/201/ll/U,bw/mu/no/yes/m/165/ll/U,0.42
bw/st/no/no/m/201/ll/U,bw/mu/no/no/m/153/ll/U,0.43
bw/st/no/no/m/201/ll/U,bw/so/no/no/d/537/ll/U,0.38
bw/st/no/no/m/201/ll/U,bw/so/yes/yes/d/531/ll/U,0.42
bw/st/no/no/m/201/ll/U,bw/mu/no/no/m/155/ll/A,0.43
bw/st/no/no/m/201/ll/U,bo/st/yes/yes/d/509/ll/A,0.49
bw/st/no/no/m/201/ll/U,bw/st/yes/yes/m/197/ll/A,0.76
bw/st/no/no/m/201/ll/U,bo/st/yes/yes/d/507/ll/U,0.49
bw/st/no/no/m/201/ll/U,bw/st/no/yes/m/215/ll/A,0.87
bw/st/no/no/m/201/ll/U,bw/mu/no/no/d/443/ll/A,0.43
bw/st/no/no/m/201/ll/U,bo/so/yes/no/m/279/ll/U,0.36
bw/st/no/no/m/201/ll/U,bw/st/no/no/d/489/ll/U,1.0
bw/st/no/no/m/201/ll/U,bw/st/no/yes/m/213/ll/U,0.87
bw/st/no/no/m/201/ll/U,bo/st/no/no/m/225/ll/U,0.4
bw/st/no/no/m/201/ll/U,bo/mu/yes/no/d/473/ll/A,0.42
bw/st/no/no/m/201/ll/U,bw/so/no/no/m/249/ll/U,0.38
bw/st/no/no/m/201/ll/U,bo/so/no/yes/m/285/ll/U,0.11
bw/st/no/no/m/201/ll/U,bw/st/no/no/m/203/ll/A,1.0
bw/st/no/no/m/201/ll/U,bw/mu/no/yes/d/455/ll/A,0.42
bw/st/no/no/m/201/ll/U,bw/st/yes/no/d/497/ll/A,0.85
bw/st/no/no/m/201/ll/U,bw/mu/yes/yes/d/437/ll/A,0.43
bw/st/no/no/m/201/ll/U,bw/so/no/yes/m/261/ll/U,0.43
bw/st/no/no/m/201/ll/U,bw/so/yes/no/m/257/ll/A,0.37
bw/st/no/no/m/201/ll/U,bw/st/no/no/d/491/ll/A,1.0
bw/st/no/no/m/201/ll/U,bo/st/yes/no/m/233/ll/A,0.54
bw/st/no/no/m/201/ll/U,bo/mu/no/no/d/465/ll/U,0.4
bw/st/no/no/m/201/ll/U,bw/mu/no/yes/d/453/ll/U,0.42
bw/st/no/no/m/201/ll/U,bw/so/no/no/m/251/ll/A,0.38
bw/st/no/no/m/201/ll/U,bo/so/yes/yes/m/269/ll/A,0.41
bw/st/no/no/m/201/ll/U,bo/so/yes/yes/m/267/ll/U,0.41
bw/st/no/no/m/201/ll/U,bw/so/yes/no/d/543/ll/U,0.37
bw/st/no/no/m/201/ll/U,bo/so/no/yes/d/575/ll/A,0.11
bw/st/no/no/m/201/ll/U,bo/st/yes/no/d/521/ll/A,0.54
bw/st/no/no/m/201/ll/U,bo/mu/no/yes/m/189/ll/U,0.4
bw/st/no/no/m/201/ll/U,bo/st/yes/no/d/519/ll/U,0.54
bw/st/no/no/m/201/ll/U,bo/mu/yes/yes/m/173/ll/A,0.44
bw/st/no/no/m/201/ll/U,bo/so/no/yes/d/573/ll/U,0.11
bw/st/no/no/m/201/ll/U,bw/so/yes/no/d/545/ll/A,0.37
bw/st/no/no/m/201/ll/U,bo/st/no/yes/d/527/ll/A,0.38
bw/st/no/no/m/201/ll/U,bw/mu/yes/no/m/159/ll/U,0.43
bw/st/no/no/m/201/ll/U,bw/mu/yes/no/m/161/ll/A,0.43
bw/st/no/no/m/201/ll/U,bw/st/yes/yes/m/195/ll/U,0.76
bw/st/no/no/m/201/ll/U,bw/so/yes/yes/d/533/ll/A,0.42
bw/st/no/no/m/201/ll/U,bo/so/yes/no/d/567/ll/U,0.36
bw/st/no/no/m/201/ll/U,bw/so/no/yes/d/551/ll/A,0.43
bw/st/no/no/m/201/ll/U,bo/so/yes/no/d/569/ll/A,0.36
bw/st/no/no/m/201/ll/U,bw/st/no/yes/d/503/ll/A,0.87
bw/st/no/no/m/201/ll/U,bw/mu/no/yes/m/167/ll/A,0.42
bw/st/no/no/m/201/ll/U,bo/so/yes/yes/d/557/ll/A,0.41
bw/st/no/no/m/201/ll/U,bo/so/no/no/d/561/ll/U,0.12
bw/st/no/no/m/201/ll/U,bw/so/yes/yes/m/245/ll/A,0.42
bw/st/no/no/m/201/ll/U,bo/so/no/yes/m/287/ll/A,0.11
bw/st/no/no/m/201/ll/U,bo/so/no/no/m/273/ll/U,0.12
bw/st/no/no/m/201/ll/U,bw/st/yes/yes/d/485/ll/A,0.76
bw/st/no/no/m/201/ll/U,bo/st/no/no/m/227/ll/A,0.4
bw/st/no/no/m/201/ll/U,bo/mu/yes/no/d/471/ll/U,0.42
bw/st/no/no/m/201/ll/U,bw/mu/yes/no/d/449/ll/A,0.43
bw/st/no/no/m/201/ll/U,bw/mu/yes/no/d/447/ll/U,0.43
bw/st/no/no/m/201/ll/U,bo/so/yes/no/m/281/ll/A,0.36
bw/st/no/no/m/201/ll/U,bo/so/no/no/m/275/ll/A,0.12
bw/st/no/no/m/201/ll/U,bw/so/yes/yes/m/243/ll/U,0.42
bw/st/no/no/m/201/ll/U,bo/mu/no/yes/d/479/ll/A,0.4
bw/st/no/no/m/201/ll/U,bw/mu/no/no/d/441/ll/U,0.43
bw/st/no/no/m/201/ll/U,bw/st/yes/yes/d/483/ll/U,0.76
bw/st/no/no/m/201/ll/U,bo/mu/no/yes/d/477/ll/U,0.4
bw/st/no/no/m/201/ll/U,bo/st/yes/yes/m/221/ll/A,0.49
bw/st/no/no/m/201/ll/U,bo/st/yes/yes/m/219/ll/U,0.49
bo/st/no/yes/d/525/ll/U,bw/st/yes/no/m/207/ll/U,0.37
bo/st/no/yes/d/525/ll/U,bo/st/yes/no/m/231/ll/U,0.58
bo/st/no/yes/d/525/ll/U,bo/mu/no/no/d/467/ll/A,0.6
bo/st/no/yes/d/525/ll/U,bw/st/yes/no/m/209/ll/A,0.37
bo/st/no/yes/d/525/ll/U,bw/so/yes/no/m/255/ll/U,0.27
bo/st/no/yes/d/525/ll/U,bw/mu/yes/yes/d/435/ll/U,0.63
bo/st/no/yes/d/525/ll/U,bw/so/no/yes/m/263/ll/A,0.34
bo/st/no/yes/d/525/ll/U,bo/mu/yes/yes/d/461/ll/A,0.61
bo/st/no/yes/d/525/ll/U,bo/st/no/yes/m/237/ll/U,1.0
bo/st/no/yes/d/525/ll/U,bw/st/yes/no/d/495/ll/U,0.37
bo/st/no/yes/d/525/ll/U,bo/mu/yes/yes/d/459/ll/U,0.61
bo/st/no/yes/d/525/ll/U,bo/st/no/yes/m/239/ll/A,1.0
bo/st/no/yes/d/525/ll/U,bw/st/no/no/m/201/ll/U,0.38
bo/st/no/yes/d/525/ll/U,bo/st/no/yes/d/525/ll/U,1.0
bo/st/no/yes/d/525/ll/U,bo/mu/no/no/m/179/ll/A,0.6
bo/st/no/yes/d/525/ll/U,bo/mu/yes/no/m/183/ll/U,0.63
bo/st/no/yes/d/525/ll/U,bo/mu/no/no/m/177/ll/U,0.6
bo/st/no/yes/d/525/ll/U,bo/st/no/no/d/513/ll/U,0.88
bo/st/no/yes/d/525/ll/U,bw/so/no/yes/d/549/ll/U,0.34
bo/st/no/yes/d/525/ll/U,bw/mu/yes/yes/m/149/ll/A,0.63
bo/st/no/yes/d/525/ll/U,bo/mu/yes/no/m/185/ll/A,0.63
bo/st/no/yes/d/525/ll/U,bo/st/no/no/d/515/ll/A,0.88
bo/st/no/yes/d/525/ll/U,bo/mu/yes/yes/m/171/ll/U,0.61
bo/st/no/yes/d/525/ll/U,bw/mu/yes/yes/m/147/ll/U,0.63
bo/st/no/yes/d/525/ll/U,bo/so/no/no/d/563/ll/A,0.1
bo/st/no/yes/d/525/ll/U,bo/so/yes/yes/d/555/ll/U,0.39
bo/st/no/yes/d/525/ll/U,bw/so/no/no/d/539/ll/A,0.29
bo/st/no/yes/d/525/ll/U,bo/mu/no/yes/m/191/ll/A,0.64
bo/st/no/yes/d/525/ll/U,bw/st/no/yes/d/501/ll/U,0.43
bo/st/no/yes/d/525/ll/U,bw/mu/no/yes/m/165/ll/U,0.59
bo/st/no/yes/d/525/ll/U,bw/mu/no/no/m/153/ll/U,0.56
bo/st/no/yes/d/525/ll/U,bw/so/no/no/d/537/ll/U,0.29
bo/st/no/yes/d/525/ll/U,bw/so/yes/yes/d/531/ll/U,0.33
bo/st/no/yes/d/525/ll/U,bw/mu/no/no/m/155/ll/A,0.56
bo/st/no/yes/d/525/ll/U,bo/st/yes/yes/d/509/ll/A,0.63
bo/st/no/yes/d/525/ll/U,bw/st/yes/yes/m/197/ll/A,0.41
bo/st/no/yes/d/525/ll/U,bo/st/yes/yes/d/507/ll/U,0.63
bo/st/no/yes/d/525/ll/U,bw/st/no/yes/m/215/ll/A,0.43
bo/st/no/yes/d/525/ll/U,bw/mu/no/no/d/443/ll/A,0.56
bo/st/no/yes/d/525/ll/U,bo/so/yes/no/m/279/ll/U,0.29
bo/st/no/yes/d/525/ll/U,bw/st/no/no/d/489/ll/U,0.38
bo/st/no/yes/d/525/ll/U,bw/st/no/yes/m/213/ll/U,0.43
bo/st/no/yes/d/525/ll/U,bo/st/no/no/m/225/ll/U,0.88
bo/st/no/yes/d/525/ll/U,bo/mu/yes/no/d/473/ll/A,0.63
bo/st/no/yes/d/525/ll/U,bw/so/no/no/m/249/ll/U,0.29
bo/st/no/yes/d/525/ll/U,bo/so/no/yes/m/285/ll/U,0.12
bo/st/no/yes/d/525/ll/U,bw/st/no/no/m/203/ll/A,0.38
bo/st/no/yes/d/525/ll/U,bw/mu/no/yes/d/455/ll/A,0.59
bo/st/no/yes/d/525/ll/U,bw/st/yes/no/d/497/ll/A,0.37
bo/st/no/yes/d/525/ll/U,bw/mu/yes/yes/d/437/ll/A,0.63
bo/st/no/yes/d/525/ll/U,bw/so/no/yes/m/261/ll/U,0.34
bo/st/no/yes/d/525/ll/U,bw/so/yes/no/m/257/ll/A,0.27
bo/st/no/yes/d/525/ll/U,bw/st/no/no/d/491/ll/A,0.38
bo/st/no/yes/d/525/ll/U,bo/st/yes/no/m/233/ll/A,0.58
bo/st/no/yes/d/525/ll/U,bo/mu/no/no/d/465/ll/U,0.6
bo/st/no/yes/d/525/ll/U,bw/mu/no/yes/d/453/ll/U,0.59
bo/st/no/yes/d/525/ll/U,bw/so/no/no/m/251/ll/A,0.29
bo/st/no/yes/d/525/ll/U,bo/so/yes/yes/m/269/ll/A,0.39
bo/st/no/yes/d/525/ll/U,bo/so/yes/yes/m/267/ll/U,0.39
bo/st/no/yes/d/525/ll/U,bw/so/yes/no/d/543/ll/U,0.27
bo/st/no/yes/d/525/ll/U,bo/so/no/yes/d/575/ll/A,0.12
bo/st/no/yes/d/525/ll/U,bo/st/yes/no/d/521/ll/A,0.58
bo/st/no/yes/d/525/ll/U,bo/mu/no/yes/m/189/ll/U,0.64
bo/st/no/yes/d/525/ll/U,bo/st/yes/no/d/519/ll/U,0.58
bo/st/no/yes/d/525/ll/U,bo/mu/yes/yes/m/173/ll/A,0.61
bo/st/no/yes/d/525/ll/U,bo/so/no/yes/d/573/ll/U,0.12
bo/st/no/yes/d/525/ll/U,bw/so/yes/no/d/545/ll/A,0.27
bo/st/no/yes/d/525/ll/U,bo/st/no/yes/d/527/ll/A,1.0
bo/st/no/yes/d/525/ll/U,bw/mu/yes/no/m/159/ll/U,0.63
bo/st/no/yes/d/525/ll/U,bw/mu/yes/no/m/161/ll/A,0.63
bo/st/no/yes/d/525/ll/U,bw/st/yes/yes/m/195/ll/U,0.41
bo/st/no/yes/d/525/ll/U,bw/so/yes/yes/d/533/ll/A,0.33
bo/st/no/yes/d/525/ll/U,bo/so/yes/no/d/567/ll/U,0.29
bo/st/no/yes/d/525/ll/U,bw/so/no/yes/d/551/ll/A,0.34
bo/st/no/yes/d/525/ll/U,bo/so/yes/no/d/569/ll/A,0.29
bo/st/no/yes/d/525/ll/U,bw/st/no/yes/d/503/ll/A,0.43
bo/st/no/yes/d/525/ll/U,bw/mu/no/yes/m/167/ll/A,0.59
bo/st/no/yes/d/525/ll/U,bo/so/yes/yes/d/557/ll/A,0.39
bo/st/no/yes/d/525/ll/U,bo/so/no/no/d/561/ll/U,0.1
bo/st/no/yes/d/525/ll/U,bw/so/yes/yes/m/245/ll/A,0.33
bo/st/no/yes/d/525/ll/U,bo/so/no/yes/m/287/ll/A,0.12
bo/st/no/yes/d/525/ll/U,bo/so/no/no/m/273/ll/U,0.1
bo/st/no/yes/d/525/ll/U,bw/st/yes/yes/d/485/ll/A,0.41
bo/st/no/yes/d/525/ll/U,bo/st/no/no/m/227/ll/A,0.88
bo/st/no/yes/d/525/ll/U,bo/mu/yes/no/d/471/ll/U,0.63
bo/st/no/yes/d/525/ll/U,bw/mu/yes/no/d/449/ll/A,0.63
bo/st/no/yes/d/525/ll/U,bw/mu/yes/no/d/447/ll/U,0.63
bo/st/no/yes/d/525/ll/U,bo/so/yes/no/m/281/ll/A,0.29
bo/st/no/yes/d/525/ll/U,bo/so/no/no/m/275/ll/A,0.1
bo/st/no/yes/d/525/ll/U,bw/so/yes/yes/m/243/ll/U,0.33
bo/st/no/yes/d/525/ll/U,bo/mu/no/yes/d/479/ll/A,0.64
bo/st/no/yes/d/525/ll/U,bw/mu/no/no/d/441/ll/U,0.56
bo/st/no/yes/d/525/ll/U,bw/st/yes/yes/d/483/ll/U,0.41
bo/st/no/yes/d/525/ll/U,bo/mu/no/yes/d/477/ll/U,0.64
bo/st/no/yes/d/525/ll/U,bo/st/yes/yes/m/221/ll/A,0.63
bo/st/no/yes/d/525/ll/U,bo/st/yes/yes/m/219/ll/U,0.63
bo/mu/no/no/m/179/ll/A,bw/st/yes/no/m/207/ll/U,0.38
bo/mu/no/no/m/179/ll/A,bo/st/yes/no/m/231/ll/U,0.5
bo/mu/no/no/m/179/ll/A,bo/mu/no/no/d/467/ll/A,1.0
bo/mu/no/no/m/179/ll/A,bw/st/yes/no/m/209/ll/A,0.38
bo/mu/no/no/m/179/ll/A,bw/so/yes/no/m/255/ll/U,0.26
bo/mu/no/no/m/179/ll/A,bw/mu/yes/yes/d/435/ll/U,0.75
bo/mu/no/no/m/179/ll/A,bw/so/no/yes/m/263/ll/A,0.31
bo/mu/no/no/m/179/ll/A,bo/mu/yes/yes/d/461/ll/A,0.81
bo/mu/no/no/m/179/ll/A,bo/st/no/yes/m/237/ll/U,0.6
bo/mu/no/no/m/179/ll/A,bw/st/yes/no/d/495/ll/U,0.38
bo/mu/no/no/m/179/ll/A,bo/mu/yes/yes/d/459/ll/U,0.81
bo/mu/no/no/m/179/ll/A,bo/st/no/yes/m/239/ll/A,0.6
bo/mu/no/no/m/179/ll/A,bw/st/no/no/m/201/ll/U,0.4
bo/mu/no/no/m/179/ll/A,bo/st/no/yes/d/525/ll/U,0.6
bo/mu/no/no/m/179/ll/A,bo/mu/no/no/m/179/ll/A,1.0
bo/mu/no/no/m/179/ll/A,bo/mu/yes/no/m/183/ll/U,0.8
bo/mu/no/no/m/179/ll/A,bo/mu/no/no/m/177/ll/U,1.0
bo/mu/no/no/m/179/ll/A,bo/st/no/no/d/513/ll/U,0.56
bo/mu/no/no/m/179/ll/A,bw/so/no/yes/d/549/ll/U,0.31
bo/mu/no/no/m/179/ll/A,bw/mu/yes/yes/m/149/ll/A,0.75
bo/mu/no/no/m/179/ll/A,bo/mu/yes/no/m/185/ll/A,0.8
bo/mu/no/no/m/179/ll/A,bo/st/no/no/d/515/ll/A,0.56
bo/mu/no/no/m/179/ll/A,bo/mu/yes/yes/m/171/ll/U,0.81
bo/mu/no/no/m/179/ll/A,bw/mu/yes/yes/m/147/ll/U,0.75
bo/mu/no/no/m/179/ll/A,bo/so/no/no/d/563/ll/A,0.08
bo/mu/no/no/m/179/ll/A,bo/so/yes/yes/d/555/ll/U,0.35
bo/mu/no/no/m/179/ll/A,bw/so/no/no/d/539/ll/A,0.27
bo/mu/no/no/m/179/ll/A,bo/mu/no/yes/m/191/ll/A,0.87
bo/mu/no/no/m/179/ll/A,bw/st/no/yes/d/501/ll/U,0.44
bo/mu/no/no/m/179/ll/A,bw/mu/no/yes/m/165/ll/U,0.71
bo/mu/no/no/m/179/ll/A,bw/mu/no/no/m/153/ll/U,0.73
bo/mu/no/no/m/179/ll/A,bw/so/no/no/d/537/ll/U,0.27
bo/mu/no/no/m/179/ll/A,bw/so/yes/yes/d/531/ll/U,0.31
bo/mu/no/no/m/179/ll/A,bw/mu/no/no/m/155/ll/A,0.73
bo/mu/no/no/m/179/ll/A,bo/st/yes/yes/d/509/ll/A,0.55
bo/mu/no/no/m/179/ll/A,bw/st/yes/yes/m/197/ll/A,0.43
bo/mu/no/no/m/179/ll/A,bo/st/yes/yes/d/507/ll/U,0.55
bo/mu/no/no/m/179/ll/A,bw/st/no/yes/m/215/ll/A,0.44
bo/mu/no/no/m/179/ll/A,bw/mu/no/no/d/443/ll/A,0.73
bo/mu/no/no/m/179/ll/A,bo/so/yes/no/m/279/ll/U,0.28
bo/mu/no/no/m/179/ll/A,bw/st/no/no/d/489/ll/U,0.4
bo/mu/no/no/m/179/ll/A,bw/st/no/yes/m/213/ll/U,0.44
bo/mu/no/no/m/179/ll/A,bo/st/no/no/m/225/ll/U,0.56
bo/mu/no/no/m/179/ll/A,bo/mu/yes/no/d/473/ll/A,0.8
bo/mu/no/no/m/179/ll/A,bw/so/no/no/m/249/ll/U,0.27
bo/mu/no/no/m/179/ll/A,bo/so/no/yes/m/285/ll/U,0.09
bo/mu/no/no/m/179/ll/A,bw/st/no/no/m/203/ll/A,0.4
bo/mu/no/no/m/179/ll/A,bw/mu/no/yes/d/455/ll/A,0.71
bo/mu/no/no/m/179/ll/A,bw/st/yes/no/d/497/ll/A,0.38
bo/mu/no/no/m/179/ll/A,bw/mu/yes/yes/d/437/ll/A,0.75
bo/mu/no/no/m/179/ll/A,bw/so/no/yes/m/261/ll/U,0.31
bo/mu/no/no/m/179/ll/A,bw/so/yes/no/m/257/ll/A,0.26
bo/mu/no/no/m/179/ll/A,bw/st/no/no/d/491/ll/A,0.4
bo/mu/no/no/m/179/ll/A,bo/st/yes/no/m/233/ll/A,0.5
bo/mu/no/no/m/179/ll/A,bo/mu/no/no/d/465/ll/U,1.0
bo/mu/no/no/m/179/ll/A,bw/mu/no/yes/d/453/ll/U,0.71
bo/mu/no/no/m/179/ll/A,bw/so/no/no/m/251/ll/A,0.27
bo/mu/no/no/m/179/ll/A,bo/so/yes/yes/m/269/ll/A,0.35
bo/mu/no/no/m/179/ll/A,bo/so/yes/yes/m/267/ll/U,0.35
bo/mu/no/no/m/179/ll/A,bw/so/yes/no/d/543/ll/U,0.26
bo/mu/no/no/m/179/ll/A,bo/so/no/yes/d/575/ll/A,0.09
bo/mu/no/no/m/179/ll/A,bo/st/yes/no/d/521/ll/A,0.5
bo/mu/no/no/m/179/ll/A,bo/mu/no/yes/m/189/ll/U,0.87
bo/mu/no/no/m/179/ll/A,bo/st/yes/no/d/519/ll/U,0.5
bo/mu/no/no/m/179/ll/A,bo/mu/yes/yes/m/173/ll/A,0.81
bo/mu/no/no/m/179/ll/A,bo/so/no/yes/d/573/ll/U,0.09
bo/mu/no/no/m/179/ll/A,bw/so/yes/no/d/545/ll/A,0.26
bo/mu/no/no/m/179/ll/A,bo/st/no/yes/d/527/ll/A,0.6
bo/mu/no/no/m/179/ll/A,bw/mu/yes/no/m/159/ll/U,0.76
bo/mu/no/no/m/179/ll/A,bw/mu/yes/no/m/161/ll/A,0.76
bo/mu/no/no/m/179/ll/A,bw/st/yes/yes/m/195/ll/U,0.43
bo/mu/no/no/m/179/ll/A,bw/so/yes/yes/d/533/ll/A,0.31
bo/mu/no/no/m/179/ll/A,bo/so/yes/no/d/567/ll/U,0.28
bo/mu/no/no/m/179/ll/A,bw/so/no/yes/d/551/ll/A,0.31
bo/mu/no/no/m/179/ll/A,bo/so/yes/no/d/569/ll/A,0.28
bo/mu/no/no/m/179/ll/A,bw/st/no/yes/d/503/ll/A,0.44
bo/mu/no/no/m/179/ll/A,bw/mu/no/yes/m/167/ll/A,0.71
bo/mu/no/no/m/179/ll/A,bo/so/yes/yes/d/557/ll/A,0.35
bo/mu/no/no/m/179/ll/A,bo/so/no/no/d/561/ll/U,0.08
bo/mu/no/no/m/179/ll/A,bw/so/yes/yes/m/245/ll/A,0.31
bo/mu/no/no/m/179/ll/A,bo/so/no/yes/m/287/ll/A,0.09
bo/mu/no/no/m/179/ll/A,bo/so/no/no/m/273/ll/U,0.08
bo/mu/no/no/m/179/ll/A,bw/st/yes/yes/d/485/ll/A,0.43
bo/mu/no/no/m/179/ll/A,bo/st/no/no/m/227/ll/A,0.56
bo/mu/no/no/m/179/ll/A,bo/mu/yes/no/d/471/ll/U,0.8
bo/mu/no/no/m/179/ll/A,bw/mu/yes/no/d/449/ll/A,0.76
bo/mu/no/no/m/179/ll/A,bw/mu/yes/no/d/447/ll/U,0.76
bo/mu/no/no/m/179/ll/A,bo/so/yes/no/m/281/ll/A,0.28
bo/mu/no/no/m/179/ll/A,bo/so/no/no/m/275/ll/A,0.08
bo/mu/no/no/m/179/ll/A,bw/so/yes/yes/m/243/ll/U,0.31
bo/mu/no/no/m/179/ll/A,bo/mu/no/yes/d/479/ll/A,0.87
bo/mu/no/no/m/179/ll/A,bw/mu/no/no/d/441/ll/U,0.73
bo/mu/no/no/m/179/ll/A,bw/st/yes/yes/d/483/ll/U,0.43
bo/mu/no/no/m/179/ll/A,bo/mu/no/yes/d/477/ll/U,0.87
bo/mu/no/no/m/179/ll/A,bo/st/yes/yes/m/221/ll/A,0.55
bo/mu/no/no/m/179/ll/A,bo/st/yes/yes/m/219/ll/U,0.55
bo/mu/yes/no/m/183/ll/U,bw/st/yes/no/m/207/ll/U,0.41
bo/mu/yes/no/m/183/ll/U,bo/st/yes/no/m/231/ll/U,0.56
bo/mu/yes/no/m/183/ll/U,bo/mu/no/no/d/467/ll/A,0.8
bo/mu/yes/no/m/183/ll/U,bw/st/yes/no/m/209/ll/A,0.41
bo/mu/yes/no/m/183/ll/U,bw/so/yes/no/m/255/ll/U,0.28
bo/mu/yes/no/m/183/ll/U,bw/mu/yes/yes/d/435/ll/U,0.91
bo/mu/yes/no/m/183/ll/U,bw/so/no/yes/m/263/ll/A,0.34
bo/mu/yes/no/m/183/ll/U,bo/mu/yes/yes/d/461/ll/A,0.92
bo/mu/yes/no/m/183/ll/U,bo/st/no/yes/m/237/ll/U,0.63
bo/mu/yes/no/m/183/ll/U,bw/st/yes/no/d/495/ll/U,0.41
bo/mu/yes/no/m/183/ll/U,bo/mu/yes/yes/d/459/ll/U,0.92
bo/mu/yes/no/m/183/ll/U,bo/st/no/yes/m/239/ll/A,0.63
bo/mu/yes/no/m/183/ll/U,bw/st/no/no/m/201/ll/U,0.42
bo/mu/yes/no/m/183/ll/U,bo/st/no/yes/d/525/ll/U,0.63
bo/mu/yes/no/m/183/ll/U,bo/mu/no/no/m/179/ll/A,0.8
bo/mu/yes/no/m/183/ll/U,bo/mu/yes/no/m/183/ll/U,1.0
bo/mu/yes/no/m/183/ll/U,bo/mu/no/no/m/177/ll/U,0.8
bo/mu/yes/no/m/183/ll/U,bo/st/no/no/d/513/ll/U,0.58
bo/mu/yes/no/m/183/ll/U,bw/so/no/yes/d/549/ll/U,0.34
bo/mu/yes/no/m/183/ll/U,bw/mu/yes/yes/m/149/ll/A,0.91
bo/mu/yes/no/m/183/ll/U,bo/mu/yes/no/m/185/ll/A,1.0
bo/mu/yes/no/m/183/ll/U,bo/st/no/no/d/515/ll/A,0.58
bo/mu/yes/no/m/183/ll/U,bo/mu/yes/yes/m/171/ll/U,0.92
bo/mu/yes/no/m/183/ll/U,bw/mu/yes/yes/m/147/ll/U,0.91
bo/mu/yes/no/m/183/ll/U,bo/so/no/no/d/563/ll/A,0.08
bo/mu/yes/no/m/183/ll/U,bo/so/yes/yes/d/555/ll/U,0.39
bo/mu/yes/no/m/183/ll/U,bw/so/no/no/d/539/ll/A,0.29
bo/mu/yes/no/m/183/ll/U,bo/mu/no/yes/m/191/ll/A,0.83
bo/mu/yes/no/m/183/ll/U,bw/st/no/yes/d/501/ll/U,0.47
bo/mu/yes/no/m/183/ll/U,bw/mu/no/yes/m/165/ll/U,0.85
bo/mu/yes/no/m/183/ll/U,bw/mu/no/no/m/153/ll/U,0.8
bo/mu/yes/no/m/183/ll/U,bw/so/no/no/d/537/ll/U,0.29
bo/mu/yes/no/m/183/ll/U,bw/so/yes/yes/d/531/ll/U,0.34
bo/mu/yes/no/m/183/ll/U,bw/mu/no/no/m/155/ll/A,0.8
bo/mu/yes/no/m/183/ll/U,bo/st/yes/yes/d/509/ll/A,0.62
bo/mu/yes/no/m/183/ll/U,bw/st/yes/yes/m/197/ll/A,0.46
bo/mu/yes/no/m/183/ll/U,bo/st/yes/yes/d/507/ll/U,0.62
bo/mu/yes/no/m/183/ll/U,bw/st/no/yes/m/215/ll/A,0.47
bo/mu/yes/no/m/183/ll/U,bw/mu/no/no/d/443/ll/A,0.8
bo/mu/yes/no/m/183/ll/U,bo/so/yes/no/m/279/ll/U,0.3
bo/mu/yes/no/m/183/ll/U,bw/st/no/no/d/489/ll/U,0.42
bo/mu/yes/no/m/183/ll/U,bw/st/no/yes/m/213/ll/U,0.47
bo/mu/yes/no/m/183/ll/U,bo/st/no/no/m/225/ll/U,0.58
bo/mu/yes/no/m/183/ll/U,bo/mu/yes/no/d/473/ll/A,1.0
bo/mu/yes/no/m/183/ll/U,bw/so/no/no/m/249/ll/U,0.29
bo/mu/yes/no/m/183/ll/U,bo/so/no/yes/m/285/ll/U,0.09
bo/mu/yes/no/m/183/ll/U,bw/st/no/no/m/203/ll/A,0.42
bo/mu/yes/no/m/183/ll/U,bw/mu/no/yes/d/455/ll/A,0.85
bo/mu/yes/no/m/183/ll/U,bw/st/yes/no/d/497/ll/A,0.41
bo/mu/yes/no/m/183/ll/U,bw/mu/yes/yes/d/437/ll/A,0.91
bo/mu/yes/no/m/183/ll/U,bw/so/no/yes/m/261/ll/U,0.34
bo/mu/yes/no/m/183/ll/U,bw/so/yes/no/m/257/ll/A,0.28
bo/mu/yes/no/m/183/ll/U,bw/st/no/no/d/491/ll/A,0.42
bo/mu/yes/no/m/183/ll/U,bo/st/yes/no/m/233/ll/A,0.56
bo/mu/yes/no/m/183/ll/U,bo/mu/no/no/d/465/ll/U,0.8
bo/mu/yes/no/m/183/ll/U,bw/mu/no/yes/d/453/ll/U,0.85
bo/mu/yes/no/m/183/ll/U,bw/so/no/no/m/251/ll/A,0.29
bo/mu/yes/no/m/183/ll/U,bo/so/yes/yes/m/269/ll/A,0.39
bo/mu/yes/no/m/183/ll/U,bo/so/yes/yes/m/267/ll/U,0.39
bo/mu/yes/no/m/183/ll/U,bw/so/yes/no/d/543/ll/U,0.28
bo/mu/yes/no/m/183/ll/U,bo/so/no/yes/d/575/ll/A,0.09
bo/mu/yes/no/m/183/ll/U,bo/st/yes/no/d/521/ll/A,0.56
bo/mu/yes/no/m/183/ll/U,bo/mu/no/yes/m/189/ll/U,0.83
bo/mu/yes/no/m/183/ll/U,bo/st/yes/no/d/519/ll/U,0.56
bo/mu/yes/no/m/183/ll/U,bo/mu/yes/yes/m/173/ll/A,0.92
bo/mu/yes/no/m/183/ll/U,bo/so/no/yes/d/573/ll/U,0.09
bo/mu/yes/no/m/183/ll/U,bw/so/yes/no/d/545/ll/A,0.28
bo/mu/yes/no/m/183/ll/U,bo/st/no/yes/d/527/ll/A,0.63
bo/mu/yes/no/m/183/ll/U,bw/mu/yes/no/m/159/ll/U,0.92
bo/mu/yes/no/m/183/ll/U,bw/mu/yes/no/m/161/ll/A,0.92
bo/mu/yes/no/m/183/ll/U,bw/st/yes/yes/m/195/ll/U,0.46
bo/mu/yes/no/m/183/ll/U,bw/so/yes/yes/d/533/ll/A,0.34
bo/mu/yes/no/m/183/ll/U,bo/so/yes/no/d/567/ll/U,0.3
bo/mu/yes/no/m/183/ll/U,bw/so/no/yes/d/551/ll/A,0.34
bo/mu/yes/no/m/183/ll/U,bo/so/yes/no/d/569/ll/A,0.3
bo/mu/yes/no/m/183/ll/U,bw/st/no/yes/d/503/ll/A,0.47
bo/mu/yes/no/m/183/ll/U,bw/mu/no/yes/m/167/ll/A,0.85
bo/mu/yes/no/m/183/ll/U,bo/so/yes/yes/d/557/ll/A,0.39
bo/mu/yes/no/m/183/ll/U,bo/so/no/no/d/561/ll/U,0.08
bo/mu/yes/no/m/183/ll/U,bw/so/yes/yes/m/245/ll/A,0.34
bo/mu/yes/no/m/183/ll/U,bo/so/no/yes/m/287/ll/A,0.09
bo/mu/yes/no/m/183/ll/U,bo/so/no/no/m/273/ll/U,0.08
bo/mu/yes/no/m/183/ll/U,bw/st/yes/yes/d/485/ll/A,0.46
bo/mu/yes/no/m/183/ll/U,bo/st/no/no/m/227/ll/A,0.58
bo/mu/yes/no/m/183/ll/U,bo/mu/yes/no/d/471/ll/U,1.0
bo/mu/yes/no/m/183/ll/U,bw/mu/yes/no/d/449/ll/A,0.92
bo/mu/yes/no/m/183/ll/U,bw/mu/yes/no/d/447/ll/U,0.92
bo/mu/yes/no/m/183/ll/U,bo/so/yes/no/m/281/ll/A,0.3
bo/mu/yes/no/m/183/ll/U,bo/so/no/no/m/275/ll/A,0.08
bo/mu/yes/no/m/183/ll/U,bw/so/yes/yes/m/243/ll/U,0.34
bo/mu/yes/no/m/183/ll/U,bo/mu/no/yes/d/479/ll/A,0.83
bo/mu/yes/no/m/183/ll/U,bw/mu/no/no/d/441/ll/U,0.8
bo/mu/yes/no/m/183/ll/U,bw/st/yes/yes/d/483/ll/U,0.46
bo/mu/yes/no/m/183/ll/U,bo/mu/no/yes/d/477/ll/U,0.83
bo/mu/yes/no/m/183/ll/U,bo/st/yes/yes/m/221/ll/A,0.62
bo/mu/yes/no/m/183/ll/U,bo/st/yes/yes/m/219/ll/U,0.62
bo/mu/no/no/m/177/ll/U,bw/st/yes/no/m/207/ll/U,0.38
bo/mu/no/no/m/177/ll/U,bo/st/yes/no/m/231/ll/U,0.5
bo/mu/no/no/m/177/ll/U,bo/mu/no/no/d/467/ll/A,1.0
bo/mu/no/no/m/177/ll/U,bw/st/yes/no/m/209/ll/A,0.38
bo/mu/no/no/m/177/ll/U,bw/so/yes/no/m/255/ll/U,0.26
bo/mu/no/no/m/177/ll/U,bw/mu/yes/yes/d/435/ll/U,0.75
bo/mu/no/no/m/177/ll/U,bw/so/no/yes/m/263/ll/A,0.31
bo/mu/no/no/m/177/ll/U,bo/mu/yes/yes/d/461/ll/A,0.81
bo/mu/no/no/m/177/ll/U,bo/st/no/yes/m/237/ll/U,0.6
bo/mu/no/no/m/177/ll/U,bw/st/yes/no/d/495/ll/U,0.38
bo/mu/no/no/m/177/ll/U,bo/mu/yes/yes/d/459/ll/U,0.81
bo/mu/no/no/m/177/ll/U,bo/st/no/yes/m/239/ll/A,0.6
bo/mu/no/no/m/177/ll/U,bw/st/no/no/m/201/ll/U,0.4
bo/mu/no/no/m/177/ll/U,bo/st/no/yes/d/525/ll/U,0.6
bo/mu/no/no/m/177/ll/U,bo/mu/no/no/m/179/ll/A,1.0
bo/mu/no/no/m/177/ll/U,bo/mu/yes/no/m/183/ll/U,0.8
bo/mu/no/no/m/177/ll/U,bo/mu/no/no/m/177/ll/U,1.0
bo/mu/no/no/m/177/ll/U,bo/st/no/no/d/513/ll/U,0.56
bo/mu/no/no/m/177/ll/U,bw/so/no/yes/d/549/ll/U,0.31
bo/mu/no/no/m/177/ll/U,bw/mu/yes/yes/m/149/ll/A,0.75
bo/mu/no/no/m/177/ll/U,bo/mu/yes/no/m/185/ll/A,0.8
bo/mu/no/no/m/177/ll/U,bo/st/no/no/d/515/ll/A,0.56
bo/mu/no/no/m/177/ll/U,bo/mu/yes/yes/m/171/ll/U,0.81
bo/mu/no/no/m/177/ll/U,bw/mu/yes/yes/m/147/ll/U,0.75
bo/mu/no/no/m/177/ll/U,bo/so/no/no/d/563/ll/A,0.08
bo/mu/no/no/m/177/ll/U,bo/so/yes/yes/d/555/ll/U,0.35
bo/mu/no/no/m/177/ll/U,bw/so/no/no/d/539/ll/A,0.27
bo/mu/no/no/m/177/ll/U,bo/mu/no/yes/m/191/ll/A,0.87
bo/mu/no/no/m/177/ll/U,bw/st/no/yes/d/501/ll/U,0.44
bo/mu/no/no/m/177/ll/U,bw/mu/no/yes/m/165/ll/U,0.71
bo/mu/no/no/m/177/ll/U,bw/mu/no/no/m/153/ll/U,0.73
bo/mu/no/no/m/177/ll/U,bw/so/no/no/d/537/ll/U,0.27
bo/mu/no/no/m/177/ll/U,bw/so/yes/yes/d/531/ll/U,0.31
bo/mu/no/no/m/177/ll/U,bw/mu/no/no/m/155/ll/A,0.73
bo/mu/no/no/m/177/ll/U,bo/st/yes/yes/d/509/ll/A,0.55
bo/mu/no/no/m/177/ll/U,bw/st/yes/yes/m/197/ll/A,0.43
bo/mu/no/no/m/177/ll/U,bo/st/yes/yes/d/507/ll/U,0.55
bo/mu/no/no/m/177/ll/U,bw/st/no/yes/m/215/ll/A,0.44
bo/mu/no/no/m/177/ll/U,bw/mu/no/no/d/443/ll/A,0.73
bo/mu/no/no/m/177/ll/U,bo/so/yes/no/m/279/ll/U,0.28
bo/mu/no/no/m/177/ll/U,bw/st/no/no/d/489/ll/U,0.4
bo/mu/no/no/m/177/ll/U,bw/st/no/yes/m/213/ll/U,0.44
bo/mu/no/no/m/177/ll/U,bo/st/no/no/m/225/ll/U,0.56
bo/mu/no/no/m/177/ll/U,bo/mu/yes/no/d/473/ll/A,0.8
bo/mu/no/no/m/177/ll/U,bw/so/no/no/m/249/ll/U,0.27
bo/mu/no/no/m/177/ll/U,bo/so/no/yes/m/285/ll/U,0.09
bo/mu/no/no/m/177/ll/U,bw/st/no/no/m/203/ll/A,0.4
bo/mu/no/no/m/177/ll/U,bw/mu/no/yes/d/455/ll/A,0.71
bo/mu/no/no/m/177/ll/U,bw/st/yes/no/d/497/ll/A,0.38
bo/mu/no/no/m/177/ll/U,bw/mu/yes/yes/d/437/ll/A,0.75
bo/mu/no/no/m/177/ll/U,bw/so/no/yes/m/261/ll/U,0.31
bo/mu/no/no/m/177/ll/U,bw/so/yes/no/m/257/ll/A,0.26
bo/mu/no/no/m/177/ll/U,bw/st/no/no/d/491/ll/A,0.4
bo/mu/no/no/m/177/ll/U,bo/st/yes/no/m/233/ll/A,0.5
bo/mu/no/no/m/177/ll/U,bo/mu/no/no/d/465/ll/U,1.0
bo/mu/no/no/m/177/ll/U,bw/mu/no/yes/d/453/ll/U,0.71
bo/mu/no/no/m/177/ll/U,bw/so/no/no/m/251/ll/A,0.27
bo/mu/no/no/m/177/ll/U,bo/so/yes/yes/m/269/ll/A,0.35
bo/mu/no/no/m/177/ll/U,bo/so/yes/yes/m/267/ll/U,0.35
bo/mu/no/no/m/177/ll/U,bw/so/yes/no/d/543/ll/U,0.26
bo/mu/no/no/m/177/ll/U,bo/so/no/yes/d/575/ll/A,0.09
bo/mu/no/no/m/177/ll/U,bo/st/yes/no/d/521/ll/A,0.5
bo/mu/no/no/m/177/ll/U,bo/mu/no/yes/m/189/ll/U,0.87
bo/mu/no/no/m/177/ll/U,bo/st/yes/no/d/519/ll/U,0.5
bo/mu/no/no/m/177/ll/U,bo/mu/yes/yes/m/173/ll/A,0.81
bo/mu/no/no/m/177/ll/U,bo/so/no/yes/d/573/ll/U,0.09
bo/mu/no/no/m/177/ll/U,bw/so/yes/no/d/545/ll/A,0.26
bo/mu/no/no/m/177/ll/U,bo/st/no/yes/d/527/ll/A,0.6
bo/mu/no/no/m/177/ll/U,bw/mu/yes/no/m/159/ll/U,0.76
bo/mu/no/no/m/177/ll/U,bw/mu/yes/no/m/161/ll/A,0.76
bo/mu/no/no/m/177/ll/U,bw/st/yes/yes/m/195/ll/U,0.43
bo/mu/no/no/m/177/ll/U,bw/so/yes/yes/d/533/ll/A,0.31
bo/mu/no/no/m/177/ll/U,bo/so/yes/no/d/567/ll/U,0.28
bo/mu/no/no/m/177/ll/U,bw/so/no/yes/d/551/ll/A,0.31
bo/mu/no/no/m/177/ll/U,bo/so/yes/no/d/569/ll/A,0.28
bo/mu/no/no/m/177/ll/U,bw/st/no/yes/d/503/ll/A,0.44
bo/mu/no/no/m/177/ll/U,bw/mu/no/yes/m/167/ll/A,0.71
bo/mu/no/no/m/177/ll/U,bo/so/yes/yes/d/557/ll/A,0.35
bo/mu/no/no/m/177/ll/U,bo/so/no/no/d/561/ll/U,0.08
bo/mu/no/no/m/177/ll/U,bw/so/yes/yes/m/245/ll/A,0.31
bo/mu/no/no/m/177/ll/U,bo/so/no/yes/m/287/ll/A,0.09
bo/mu/no/no/m/177/ll/U,bo/so/no/no/m/273/ll/U,0.08
bo/mu/no/no/m/177/ll/U,bw/st/yes/yes/d/485/ll/A,0.43
bo/mu/no/no/m/177/ll/U,bo/st/no/no/m/227/ll/A,0.56
bo/mu/no/no/m/177/ll/U,bo/mu/yes/no/d/471/ll/U,0.8
bo/mu/no/no/m/177/ll/U,bw/mu/yes/no/d/449/ll/A,0.76
bo/mu/no/no/m/177/ll/U,bw/mu/yes/no/d/447/ll/U,0.76
bo/mu/no/no/m/177/ll/U,bo/so/yes/no/m/281/ll/A,0.28
bo/mu/no/no/m/177/ll/U,bo/so/no/no/m/275/ll/A,0.08
bo/mu/no/no/m/177/ll/U,bw/so/yes/yes/m/243/ll/U,0.31
bo/mu/no/no/m/177/ll/U,bo/mu/no/yes/d/479/ll/A,0.87
bo/mu/no/no/m/177/ll/U,bw/mu/no/no/d/441/ll/U,0.73
bo/mu/no/no/m/177/ll/U,bw/st/yes/yes/d/483/ll/U,0.43
bo/mu/no/no/m/177/ll/U,bo/mu/no/yes/d/477/ll/U,0.87
bo/mu/no/no/m/177/ll/U,bo/st/yes/yes/m/221/ll/A,0.55
bo/mu/no/no/m/177/ll/U,bo/st/yes/yes/m/219/ll/U,0.55
bo/st/no/no/d/513/ll/U,bw/st/yes/no/m/207/ll/U,0.39
bo/st/no/no/d/513/ll/U,bo/st/yes/no/m/231/ll/U,0.59
bo/st/no/no/d/513/ll/U,bo/mu/no/no/d/467/ll/A,0.56
bo/st/no/no/d/513/ll/U,bw/st/yes/no/m/209/ll/A,0.39
bo/st/no/no/d/513/ll/U,bw/so/yes/no/m/255/ll/U,0.3
bo/st/no/no/d/513/ll/U,bw/mu/yes/yes/d/435/ll/U,0.58
bo/st/no/no/d/513/ll/U,bw/so/no/yes/m/263/ll/A,0.36
bo/st/no/no/d/513/ll/U,bo/mu/yes/yes/d/461/ll/A,0.57
bo/st/no/no/d/513/ll/U,bo/st/no/yes/m/237/ll/U,0.88
bo/st/no/no/d/513/ll/U,bw/st/yes/no/d/495/ll/U,0.39
bo/st/no/no/d/513/ll/U,bo/mu/yes/yes/d/459/ll/U,0.57
bo/st/no/no/d/513/ll/U,bo/st/no/yes/m/239/ll/A,0.88
bo/st/no/no/d/513/ll/U,bw/st/no/no/m/201/ll/U,0.4
bo/st/no/no/d/513/ll/U,bo/st/no/yes/d/525/ll/U,0.88
bo/st/no/no/d/513/ll/U,bo/mu/no/no/m/179/ll/A,0.56
bo/st/no/no/d/513/ll/U,bo/mu/yes/no/m/183/ll/U,0.58
bo/st/no/no/d/513/ll/U,bo/mu/no/no/m/177/ll/U,0.56
bo/st/no/no/d/513/ll/U,bo/st/no/no/d/513/ll/U,1.0
bo/st/no/no/d/513/ll/U,bw/so/no/yes/d/549/ll/U,0.36
bo/st/no/no/d/513/ll/U,bw/mu/yes/yes/m/149/ll/A,0.58
bo/st/no/no/d/513/ll/U,bo/mu/yes/no/m/185/ll/A,0.58
bo/st/no/no/d/513/ll/U,bo/st/no/no/d/515/ll/A,1.0
bo/st/no/no/d/513/ll/U,bo/mu/yes/yes/m/171/ll/U,0.57
bo/st/no/no/d/513/ll/U,bw/mu/yes/yes/m/147/ll/U,0.58
bo/st/no/no/d/513/ll/U,bo/so/no/no/d/563/ll/A,0.12
bo/st/no/no/d/513/ll/U,bo/so/yes/yes/d/555/ll/U,0.4
bo/st/no/no/d/513/ll/U,bw/so/no/no/d/539/ll/A,0.31
bo/st/no/no/d/513/ll/U,bo/mu/no/yes/m/191/ll/A,0.59
bo/st/no/no/d/513/ll/U,bw/st/no/yes/d/501/ll/U,0.44
bo/st/no/no/d/513/ll/U,bw/mu/no/yes/m/165/ll/U,0.55
bo/st/no/no/d/513/ll/U,bw/mu/no/no/m/153/ll/U,0.52
bo/st/no/no/d/513/ll/U,bw/so/no/no/d/537/ll/U,0.31
bo/st/no/no/d/513/ll/U,bw/so/yes/yes/d/531/ll/U,0.35
bo/st/no/no/d/513/ll/U,bw/mu/no/no/m/155/ll/A,0.52
bo/st/no/no/d/513/ll/U,bo/st/yes/yes/d/509/ll/A,0.61
bo/st/no/no/d/513/ll/U,bw/st/yes/yes/m/197/ll/A,0.43
bo/st/no/no/d/513/ll/U,bo/st/yes/yes/d/507/ll/U,0.61
bo/st/no/no/d/513/ll/U,bw/st/no/yes/m/215/ll/A,0.44
bo/st/no/no/d/513/ll/U,bw/mu/no/no/d/443/ll/A,0.52
bo/st/no/no/d/513/ll/U,bo/so/yes/no/m/279/ll/U,0.32
bo/st/no/no/d/513/ll/U,bw/st/no/no/d/489/ll/U,0.4
bo/st/no/no/d/513/ll/U,bw/st/no/yes/m/213/ll/U,0.44
bo/st/no/no/d/513/ll/U,bo/st/no/no/m/225/ll/U,1.0
bo/st/no/no/d/513/ll/U,bo/mu/yes/no/d/473/ll/A,0.58
bo/st/no/no/d/513/ll/U,bw/so/no/no/m/249/ll/U,0.31
bo/st/no/no/d/513/ll/U,bo/so/no/yes/m/285/ll/U,0.12
bo/st/no/no/d/513/ll/U,bw/st/no/no/m/203/ll/A,0.4
bo/st/no/no/d/513/ll/U,bw/mu/no/yes/d/455/ll/A,0.55
bo/st/no/no/d/513/ll/U,bw/st/yes/no/d/497/ll/A,0.39
bo/st/no/no/d/513/ll/U,bw/mu/yes/yes/d/437/ll/A,0.58
bo/st/no/no/d/513/ll/U,bw/so/no/yes/m/261/ll/U,0.36
bo/st/no/no/d/513/ll/U,bw/so/yes/no/m/257/ll/A,0.3
bo/st/no/no/d/513/ll/U,bw/st/no/no/d/491/ll/A,0.4
bo/st/no/no/d/513/ll/U,bo/st/yes/no/m/233/ll/A,0.59
bo/st/no/no/d/513/ll/U,bo/mu/no/no/d/465/ll/U,0.56
bo/st/no/no/d/513/ll/U,bw/mu/no/yes/d/453/ll/U,0.55
bo/st/no/no/d/513/ll/U,bw/so/no/no/m/251/ll/A,0.31
bo/st/no/no/d/513/ll/U,bo/so/yes/yes/m/269/ll/A,0.4
bo/st/no/no/d/513/ll/U,bo/so/yes/yes/m/267/ll/U,0.4
bo/st/no/no/d/513/ll/U,bw/so/yes/no/d/543/ll/U,0.3
bo/st/no/no/d/513/ll/U,bo/so/no/yes/d/575/ll/A,0.12
bo/st/no/no/d/513/ll/U,bo/st/yes/no/d/521/ll/A,0.59
bo/st/no/no/d/513/ll/U,bo/mu/no/yes/m/189/ll/U,0.59
bo/st/no/no/d/513/ll/U,bo/st/yes/no/d/519/ll/U,0.59
bo/st/no/no/d/513/ll/U,bo/mu/yes/yes/m/173/ll/A,0.57
bo/st/no/no/d/513/ll/U,bo/so/no/yes/d/573/ll/U,0.12
bo/st/no/no/d/513/ll/U,bw/so/yes/no/d/545/ll/A,0.3
bo/st/no/no/d/513/ll/U,bo/st/no/yes/d/527/ll/A,0.88
bo/st/no/no/d/513/ll/U,bw/mu/yes/no/m/159/ll/U,0.58
bo/st/no/no/d/513/ll/U,bw/mu/yes/no/m/161/ll/A,0.58
bo/st/no/no/d/513/ll/U,bw/st/yes/yes/m/195/ll/U,0.43
bo/st/no/no/d/513/ll/U,bw/so/yes/yes/d/533/ll/A,0.35
bo/st/no/no/d/513/ll/U,bo/so/yes/no/d/567/ll/U,0.32
bo/st/no/no/d/513/ll/U,bw/so/no/yes/d/551/ll/A,0.36
bo/st/no/no/d/513/ll/U,bo/so/yes/no/d/569/ll/A,0.32
bo/st/no/no/d/513/ll/U,bw/st/no/yes/d/503/ll/A,0.44
bo/st/no/no/d/513/ll/U,bw/mu/no/yes/m/167/ll/A,0.55
bo/st/no/no/d/513/ll/U,bo/so/yes/yes/d/557/ll/A,0.4
bo/st/no/no/d/513/ll/U,bo/so/no/no/d/561/ll/U,0.12
bo/st/no/no/d/513/ll/U,bw/so/yes/yes/m/245/ll/A,0.35
bo/st/no/no/d/513/ll/U,bo/so/no/yes/m/287/ll/A,0.12
bo/st/no/no/d/513/ll/U,bo/so/no/no/m/273/ll/U,0.12
bo/st/no/no/d/513/ll/U,bw/st/yes/yes/d/485/ll/A,0.43
bo/st/no/no/d/513/ll/U,bo/st/no/no/m/227/ll/A,1.0
bo/st/no/no/d/513/ll/U,bo/mu/yes/no/d/471/ll/U,0.58
bo/st/no/no/d/513/ll/U,bw/mu/yes/no/d/449/ll/A,0.58
bo/st/no/no/d/513/ll/U,bw/mu/yes/no/d/447/ll/U,0.58
bo/st/no/no/d/513/ll/U,bo/so/yes/no/m/281/ll/A,0.32
bo/st/no/no/d/513/ll/U,bo/so/no/no/m/275/ll/A,0.12
bo/st/no/no/d/513/ll/U,bw/so/yes/yes/m/243/ll/U,0.35
bo/st/no/no/d/513/ll/U,bo/mu/no/yes/d/479/ll/A,0.59
bo/st/no/no/d/513/ll/U,bw/mu/no/no/d/441/ll/U,0.52
bo/st/no/no/d/513/ll/U,bw/st/yes/yes/d/483/ll/U,0.43
bo/st/no/no/d/513/ll/U,bo/mu/no/yes/d/477/ll/U,0.59
bo/st/no/no/d/513/ll/U,bo/st/yes/yes/m/221/ll/A,0.61
bo/st/no/no/d/513/ll/U,bo/st/yes/yes/m/219/ll/U,0.61
bw/so/no/yes/d/549/ll/U,bw/st/yes/no/m/207/ll/U,0.42
bw/so/no/yes/d/549/ll/U,bo/st/yes/no/m/231/ll/U,0.44
bw/so/no/yes/d/549/ll/U,bo/mu/no/no/d/467/ll/A,0.31
bw/so/no/yes/d/549/ll/U,bw/st/yes/no/m/209/ll/A,0.42
bw/so/no/yes/d/549/ll/U,bw/so/yes/no/m/255/ll/U,0.72
bw/so/no/yes/d/549/ll/U,bw/mu/yes/yes/d/435/ll/U,0.36
bw/so/no/yes/d/549/ll/U,bw/so/no/yes/m/263/ll/A,1.0
bw/so/no/yes/d/549/ll/U,bo/mu/yes/yes/d/461/ll/A,0.34
bw/so/no/yes/d/549/ll/U,bo/st/no/yes/m/237/ll/U,0.34
bw/so/no/yes/d/549/ll/U,bw/st/yes/no/d/495/ll/U,0.42
bw/so/no/yes/d/549/ll/U,bo/mu/yes/yes/d/459/ll/U,0.34
bw/so/no/yes/d/549/ll/U,bo/st/no/yes/m/239/ll/A,0.34
bw/so/no/yes/d/549/ll/U,bw/st/no/no/m/201/ll/U,0.43
bw/so/no/yes/d/549/ll/U,bo/st/no/yes/d/525/ll/U,0.34
bw/so/no/yes/d/549/ll/U,bo/mu/no/no/m/179/ll/A,0.31
bw/so/no/yes/d/549/ll/U,bo/mu/yes/no/m/183/ll/U,0.34
bw/so/no/yes/d/549/ll/U,bo/mu/no/no/m/177/ll/U,0.31
bw/so/no/yes/d/549/ll/U,bo/st/no/no/d/513/ll/U,0.36
bw/so/no/yes/d/549/ll/U,bw/so/no/yes/d/549/ll/U,1.0
bw/so/no/yes/d/549/ll/U,bw/mu/yes/yes/m/149/ll/A,0.36
bw/so/no/yes/d/549/ll/U,bo/mu/yes/no/m/185/ll/A,0.34
bw/so/no/yes/d/549/ll/U,bo/st/no/no/d/515/ll/A,0.36
bw/so/no/yes/d/549/ll/U,bo/mu/yes/yes/m/171/ll/U,0.34
bw/so/no/yes/d/549/ll/U,bw/mu/yes/yes/m/147/ll/U,0.36
bw/so/no/yes/d/549/ll/U,bo/so/no/no/d/563/ll/A,0.21
bw/so/no/yes/d/549/ll/U,bo/so/yes/yes/d/555/ll/U,0.65
bw/so/no/yes/d/549/ll/U,bw/so/no/no/d/539/ll/A,0.78
bw/so/no/yes/d/549/ll/U,bo/mu/no/yes/m/191/ll/A,0.32
bw/so/no/yes/d/549/ll/U,bw/st/no/yes/d/501/ll/U,0.45
bw/so/no/yes/d/549/ll/U,bw/mu/no/yes/m/165/ll/U,0.35
bw/so/no/yes/d/549/ll/U,bw/mu/no/no/m/153/ll/U,0.33
bw/so/no/yes/d/549/ll/U,bw/so/no/no/d/537/ll/U,0.78
bw/so/no/yes/d/549/ll/U,bw/so/yes/yes/d/531/ll/U,0.86
bw/so/no/yes/d/549/ll/U,bw/mu/no/no/m/155/ll/A,0.33
bw/so/no/yes/d/549/ll/U,bo/st/yes/yes/d/509/ll/A,0.41
bw/so/no/yes/d/549/ll/U,bw/st/yes/yes/m/197/ll/A,0.43
bw/so/no/yes/d/549/ll/U,bo/st/yes/yes/d/507/ll/U,0.41
bw/so/no/yes/d/549/ll/U,bw/st/no/yes/m/215/ll/A,0.45
bw/so/no/yes/d/549/ll/U,bw/mu/no/no/d/443/ll/A,0.33
bw/so/no/yes/d/549/ll/U,bo/so/yes/no/m/279/ll/U,0.59
bw/so/no/yes/d/549/ll/U,bw/st/no/no/d/489/ll/U,0.43
bw/so/no/yes/d/549/ll/U,bw/st/no/yes/m/213/ll/U,0.45
bw/so/no/yes/d/549/ll/U,bo/st/no/no/m/225/ll/U,0.36
bw/so/no/yes/d/549/ll/U,bo/mu/yes/no/d/473/ll/A,0.34
bw/so/no/yes/d/549/ll/U,bw/so/no/no/m/249/ll/U,0.78
bw/so/no/yes/d/549/ll/U,bo/so/no/yes/m/285/ll/U,0.18
bw/so/no/yes/d/549/ll/U,bw/st/no/no/m/203/ll/A,0.43
bw/so/no/yes/d/549/ll/U,bw/mu/no/yes/d/455/ll/A,0.35
bw/so/no/yes/d/549/ll/U,bw/st/yes/no/d/497/ll/A,0.42
bw/so/no/yes/d/549/ll/U,bw/mu/yes/yes/d/437/ll/A,0.36
bw/so/no/yes/d/549/ll/U,bw/so/no/yes/m/261/ll/U,1.0
bw/so/no/yes/d/549/ll/U,bw/so/yes/no/m/257/ll/A,0.72
bw/so/no/yes/d/549/ll/U,bw/st/no/no/d/491/ll/A,0.43
bw/so/no/yes/d/549/ll/U,bo/st/yes/no/m/233/ll/A,0.44
bw/so/no/yes/d/549/ll/U,bo/mu/no/no/d/465/ll/U,0.31
bw/so/no/yes/d/549/ll/U,bw/mu/no/yes/d/453/ll/U,0.35
bw/so/no/yes/d/549/ll/U,bw/so/no/no/m/251/ll/A,0.78
bw/so/no/yes/d/549/ll/U,bo/so/yes/yes/m/269/ll/A,0.65
bw/so/no/yes/d/549/ll/U,bo/so/yes/yes/m/267/ll/U,0.65
bw/so/no/yes/d/549/ll/U,bw/so/yes/no/d/543/ll/U,0.72
bw/so/no/yes/d/549/ll/U,bo/so/no/yes/d/575/ll/A,0.18
bw/so/no/yes/d/549/ll/U,bo/st/yes/no/d/521/ll/A,0.44
bw/so/no/yes/d/549/ll/U,bo/mu/no/yes/m/189/ll/U,0.32
bw/so/no/yes/d/549/ll/U,bo/st/yes/no/d/519/ll/U,0.44
bw/so/no/yes/d/549/ll/U,bo/mu/yes/yes/m/173/ll/A,0.34
bw/so/no/yes/d/549/ll/U,bo/so/no/yes/d/573/ll/U,0.18
bw/so/no/yes/d/549/ll/U,bw/so/yes/no/d/545/ll/A,0.72
bw/so/no/yes/d/549/ll/U,bo/st/no/yes/d/527/ll/A,0.34
bw/so/no/yes/d/549/ll/U,bw/mu/yes/no/m/159/ll/U,0.35
bw/so/no/yes/d/549/ll/U,bw/mu/yes/no/m/161/ll/A,0.35
bw/so/no/yes/d/549/ll/U,bw/st/yes/yes/m/195/ll/U,0.43
bw/so/no/yes/d/549/ll/U,bw/so/yes/yes/d/533/ll/A,0.86
bw/so/no/yes/d/549/ll/U,bo/so/yes/no/d/567/ll/U,0.59
bw/so/no/yes/d/549/ll/U,bw/so/no/yes/d/551/ll/A,1.0
bw/so/no/yes/d/549/ll/U,bo/so/yes/no/d/569/ll/A,0.59
bw/so/no/yes/d/549/ll/U,bw/st/no/yes/d/503/ll/A,0.45
bw/so/no/yes/d/549/ll/U,bw/mu/no/yes/m/167/ll/A,0.35
bw/so/no/yes/d/549/ll/U,bo/so/yes/yes/d/557/ll/A,0.65
bw/so/no/yes/d/549/ll/U,bo/so/no/no/d/561/ll/U,0.21
bw/so/no/yes/d/549/ll/U,bw/so/yes/yes/m/245/ll/A,0.86
bw/so/no/yes/d/549/ll/U,bo/so/no/yes/m/287/ll/A,0.18
bw/so/no/yes/d/549/ll/U,bo/so/no/no/m/273/ll/U,0.21
bw/so/no/yes/d/549/ll/U,bw/st/yes/yes/d/485/ll/A,0.43
bw/so/no/yes/d/549/ll/U,bo/st/no/no/m/227/ll/A,0.36
bw/so/no/yes/d/549/ll/U,bo/mu/yes/no/d/471/ll/U,0.34
bw/so/no/yes/d/549/ll/U,bw/mu/yes/no/d/449/ll/A,0.35
bw/so/no/yes/d/549/ll/U,bw/mu/yes/no/d/447/ll/U,0.35
bw/so/no/yes/d/549/ll/U,bo/so/yes/no/m/281/ll/A,0.59
bw/so/no/yes/d/549/ll/U,bo/so/no/no/m/275/ll/A,0.21
bw/so/no/yes/d/549/ll/U,bw/so/yes/yes/m/243/ll/U,0.86
bw/so/no/yes/d/549/ll/U,bo/mu/no/yes/d/479/ll/A,0.32
bw/so/no/yes/d/549/ll/U,bw/mu/no/no/d/441/ll/U,0.33
bw/so/no/yes/d/549/ll/U,bw/st/yes/yes/d/483/ll/U,0.43
bw/so/no/yes/d/549/ll/U,bo/mu/no/yes/d/477/ll/U,0.32
bw/so/no/yes/d/549/ll/U,bo/st/yes/yes/m/221/ll/A,0.41
bw/so/no/yes/d/549/ll/U,bo/st/yes/yes/m/219/ll/U,0.41
bw/mu/yes/yes/m/149/ll/A,bw/st/yes/no/m/207/ll/U,0.42
bw/mu/yes/yes/m/149/ll/A,bo/st/yes/no/m/231/ll/U,0.57
bw/mu/yes/yes/m/149/ll/A,bo/mu/no/no/d/467/ll/A,0.75
bw/mu/yes/yes/m/149/ll/A,bw/st/yes/no/m/209/ll/A,0.42
bw/mu/yes/yes/m/149/ll/A,bw/so/yes/no/m/255/ll/U,0.29
bw/mu/yes/yes/m/149/ll/A,bw/mu/yes/yes/d/435/ll/U,1.0
bw/mu/yes/yes/m/149/ll/A,bw/so/no/yes/m/263/ll/A,0.36
bw/mu/yes/yes/m/149/ll/A,bo/mu/yes/yes/d/461/ll/A,0.88
bw/mu/yes/yes/m/149/ll/A,bo/st/no/yes/m/237/ll/U,0.63
bw/mu/yes/yes/m/149/ll/A,bw/st/yes/no/d/495/ll/U,0.42
bw/mu/yes/yes/m/149/ll/A,bo/mu/yes/yes/d/459/ll/U,0.88
bw/mu/yes/yes/m/149/ll/A,bo/st/no/yes/m/239/ll/A,0.63
bw/mu/yes/yes/m/149/ll/A,bw/st/no/no/m/201/ll/U,0.43
bw/mu/yes/yes/m/149/ll/A,bo/st/no/yes/d/525/ll/U,0.63
bw/mu/yes/yes/m/149/ll/A,bo/mu/no/no/m/179/ll/A,0.75
bw/mu/yes/yes/m/149/ll/A,bo/mu/yes/no/m/183/ll/U,0.91
bw/mu/yes/yes/m/149/ll/A,bo/mu/no/no/m/177/ll/U,0.75
bw/mu/yes/yes/m/149/ll/A,bo/st/no/no/d/513/ll/U,0.58
bw/mu/yes/yes/m/149/ll/A,bw/so/no/yes/d/549/ll/U,0.36
bw/mu/yes/yes/m/149/ll/A,bw/mu/yes/yes/m/149/ll/A,1.0
bw/mu/yes/yes/m/149/ll/A,bo/mu/yes/no/m/185/ll/A,0.91
bw/mu/yes/yes/m/149/ll/A,bo/st/no/no/d/515/ll/A,0.58
bw/mu/yes/yes/m/149/ll/A,bo/mu/yes/yes/m/171/ll/U,0.88
bw/mu/yes/yes/m/149/ll/A,bw/mu/yes/yes/m/147/ll/U,1.0
bw/mu/yes/yes/m/149/ll/A,bo/so/no/no/d/563/ll/A,0.08
bw/mu/yes/yes/m/149/ll/A,bo/so/yes/yes/d/555/ll/U,0.38
bw/mu/yes/yes/m/149/ll/A,bw/so/no/no/d/539/ll/A,0.3
bw/mu/yes/yes/m/149/ll/A,bo/mu/no/yes/m/191/ll/A,0.8
bw/mu/yes/yes/m/149/ll/A,bw/st/no/yes/d/501/ll/U,0.48
bw/mu/yes/yes/m/149/ll/A,bw/mu/no/yes/m/165/ll/U,0.93
bw/mu/yes/yes/m/149/ll/A,bw/mu/no/no/m/153/ll/U,0.84
bw/mu/yes/yes/m/149/ll/A,bw/so/no/no/d/537/ll/U,0.3
bw/mu/yes/yes/m/149/ll/A,bw/so/yes/yes/d/531/ll/U,0.35
bw/mu/yes/yes/m/149/ll/A,bw/mu/no/no/m/155/ll/A,0.84
bw/mu/yes/yes/m/149/ll/A,bo/st/yes/yes/d/509/ll/A,0.62
bw/mu/yes/yes/m/149/ll/A,bw/st/yes/yes/m/197/ll/A,0.47
bw/mu/yes/yes/m/149/ll/A,bo/st/yes/yes/d/507/ll/U,0.62
bw/mu/yes/yes/m/149/ll/A,bw/st/no/yes/m/215/ll/A,0.48
bw/mu/yes/yes/m/149/ll/A,bw/mu/no/no/d/443/ll/A,0.84
bw/mu/yes/yes/m/149/ll/A,bo/so/yes/no/m/279/ll/U,0.3
bw/mu/yes/yes/m/149/ll/A,bw/st/no/no/d/489/ll/U,0.43
bw/mu/yes/yes/m/149/ll/A,bw/st/no/yes/m/213/ll/U,0.48
bw/mu/yes/yes/m/149/ll/A,bo/st/no/no/m/225/ll/U,0.58
bw/mu/yes/yes/m/149/ll/A,bo/mu/yes/no/d/473/ll/A,0.91
bw/mu/yes/yes/m/149/ll/A,bw/so/no/no/m/249/ll/U,0.3
bw/mu/yes/yes/m/149/ll/A,bo/so/no/yes/m/285/ll/U,0.09
bw/mu/yes/yes/m/149/ll/A,bw/st/no/no/m/203/ll/A,0.43
bw/mu/yes/yes/m/149/ll/A,bw/mu/no/yes/d/455/ll/A,0.93
bw/mu/yes/yes/m/149/ll/A,bw/st/yes/no/d/497/ll/A,0.42
bw/mu/yes/yes/m/149/ll/A,bw/mu/yes/yes/d/437/ll/A,1.0
bw/mu/yes/yes/m/149/ll/A,bw/so/no/yes/m/261/ll/U,0.36
bw/mu/yes/yes/m/149/ll/A,bw/so/yes/no/m/257/ll/A,0.29
bw/mu/yes/yes/m/149/ll/A,bw/st/no/no/d/491/ll/A,0.43
bw/mu/yes/yes/m/149/ll/A,bo/st/yes/no/m/233/ll/A,0.57
bw/mu/yes/yes/m/149/ll/A,bo/mu/no/no/d/465/ll/U,0.75
bw/mu/yes/yes/m/149/ll/A,bw/mu/no/yes/d/453/ll/U,0.93
bw/mu/yes/yes/m/149/ll/A,bw/so/no/no/m/251/ll/A,0.3
bw/mu/yes/yes/m/149/ll/A,bo/so/yes/yes/m/269/ll/A,0.38
bw/mu/yes/yes/m/149/ll/A,bo/so/yes/yes/m/267/ll/U,0.38
bw/mu/yes/yes/m/149/ll/A,bw/so/yes/no/d/543/ll/U,0.29
bw/mu/yes/yes/m/149/ll/A,bo/so/no/yes/d/575/ll/A,0.09
bw/mu/yes/yes/m/149/ll/A,bo/st/yes/no/d/521/ll/A,0.57
bw/mu/yes/yes/m/149/ll/A,bo/mu/no/yes/m/189/ll/U,0.8
bw/mu/yes/yes/m/149/ll/A,bo/st/yes/no/d/519/ll/U,0.57
bw/mu/yes/yes/m/149/ll/A,bo/mu/yes/yes/m/173/ll/A,0.88
bw/mu/yes/yes/m/149/ll/A,bo/so/no/yes/d/573/ll/U,0.09
bw/mu/yes/yes/m/149/ll/A,bw/so/yes/no/d/545/ll/A,0.29
bw/mu/yes/yes/m/149/ll/A,bo/st/no/yes/d/527/ll/A,0.63
bw/mu/yes/yes/m/149/ll/A,bw/mu/yes/no/m/159/ll/U,0.96
bw/mu/yes/yes/m/149/ll/A,bw/mu/yes/no/m/161/ll/A,0.96
bw/mu/yes/yes/m/149/ll/A,bw/st/yes/yes/m/195/ll/U,0.47
bw/mu/yes/yes/m/149/ll/A,bw/so/yes/yes/d/533/ll/A,0.35
bw/mu/yes/yes/m/149/ll/A,bo/so/yes/no/d/567/ll/U,0.3
bw/mu/yes/yes/m/149/ll/A,bw/so/no/yes/d/551/ll/A,0.36
bw/mu/yes/yes/m/149/ll/A,bo/so/yes/no/d/569/ll/A,0.3
bw/mu/yes/yes/m/149/ll/A,bw/st/no/yes/d/503/ll/A,0.48
bw/mu/yes/yes/m/149/ll/A,bw/mu/no/yes/m/167/ll/A,0.93
bw/mu/yes/yes/m/149/ll/A,bo/so/yes/yes/d/557/ll/A,0.38
bw/mu/yes/yes/m/149/ll/A,bo/so/no/no/d/561/ll/U,0.08
bw/mu/yes/yes/m/149/ll/A,bw/so/yes/yes/m/245/ll/A,0.35
bw/mu/yes/yes/m/149/ll/A,bo/so/no/yes/m/287/ll/A,0.09
bw/mu/yes/yes/m/149/ll/A,bo/so/no/no/m/273/ll/U,0.08
bw/mu/yes/yes/m/149/ll/A,bw/st/yes/yes/d/485/ll/A,0.47
bw/mu/yes/yes/m/149/ll/A,bo/st/no/no/m/227/ll/A,0.58
bw/mu/yes/yes/m/149/ll/A,bo/mu/yes/no/d/471/ll/U,0.91
bw/mu/yes/yes/m/149/ll/A,bw/mu/yes/no/d/449/ll/A,0.96
bw/mu/yes/yes/m/149/ll/A,bw/mu/yes/no/d/447/ll/U,0.96
bw/mu/yes/yes/m/149/ll/A,bo/so/yes/no/m/281/ll/A,0.3
bw/mu/yes/yes/m/149/ll/A,bo/so/no/no/m/275/ll/A,0.08
bw/mu/yes/yes/m/149/ll/A,bw/so/yes/yes/m/243/ll/U,0.35
bw/mu/yes/yes/m/149/ll/A,bo/mu/no/yes/d/479/ll/A,0.8
bw/mu/yes/yes/m/149/ll/A,bw/mu/no/no/d/441/ll/U,0.84
bw/mu/yes/yes/m/149/ll/A,bw/st/yes/yes/d/483/ll/U,0.47
bw/mu/yes/yes/m/149/ll/A,bo/mu/no/yes/d/477/ll/U,0.8
bw/mu/yes/yes/m/149/ll/A,bo/st/yes/yes/m/221/ll/A,0.62
bw/mu/yes/yes/m/149/ll/A,bo/st/yes/yes/m/219/ll/U,0.62
bo/mu/yes/no/m/185/ll/A,bw/st/yes/no/m/207/ll/U,0.41
bo/mu/yes/no/m/185/ll/A,bo/st/yes/no/m/231/ll/U,0.56
bo/mu/yes/no/m/185/ll/A,bo/mu/no/no/d/467/ll/A,0.8
bo/mu/yes/no/m/185/ll/A,bw/st/yes/no/m/209/ll/A,0.41
bo/mu/yes/no/m/185/ll/A,bw/so/yes/no/m/255/ll/U,0.28
bo/mu/yes/no/m/185/ll/A,bw/mu/yes/yes/d/435/ll/U,0.91
bo/mu/yes/no/m/185/ll/A,bw/so/no/yes/m/263/ll/A,0.34
bo/mu/yes/no/m/185/ll/A,bo/mu/yes/yes/d/461/ll/A,0.92
bo/mu/yes/no/m/185/ll/A,bo/st/no/yes/m/237/ll/U,0.63
bo/mu/yes/no/m/185/ll/A,bw/st/yes/no/d/495/ll/U,0.41
bo/mu/yes/no/m/185/ll/A,bo/mu/yes/yes/d/459/ll/U,0.92
bo/mu/yes/no/m/185/ll/A,bo/st/no/yes/m/239/ll/A,0.63
bo/mu/yes/no/m/185/ll/A,bw/st/no/no/m/201/ll/U,0.42
bo/mu/yes/no/m/185/ll/A,bo/st/no/yes/d/525/ll/U,0.63
bo/mu/yes/no/m/185/ll/A,bo/mu/no/no/m/179/ll/A,0.8
bo/mu/yes/no/m/185/ll/A,bo/mu/yes/no/m/183/ll/U,1.0
bo/mu/yes/no/m/185/ll/A,bo/mu/no/no/m/177/ll/U,0.8
bo/mu/yes/no/m/185/ll/A,bo/st/no/no/d/513/ll/U,0.58
bo/mu/yes/no/m/185/ll/A,bw/so/no/yes/d/549/ll/U,0.34
bo/mu/yes/no/m/185/ll/A,bw/mu/yes/yes/m/149/ll/A,0.91
bo/mu/yes/no/m/185/ll/A,bo/mu/yes/no/m/185/ll/A,1.0
bo/mu/yes/no/m/185/ll/A,bo/st/no/no/d/515/ll/A,0.58
bo/mu/yes/no/m/185/ll/A,bo/mu/yes/yes/m/171/ll/U,0.92
bo/mu/yes/no/m/185/ll/A,bw/mu/yes/yes/m/147/ll/U,0.91
bo/mu/yes/no/m/185/ll/A,bo/so/no/no/d/563/ll/A,0.08
bo/mu/yes/no/m/185/ll/A,bo/so/yes/yes/d/555/ll/U,0.39
bo/mu/yes/no/m/185/ll/A,bw/so/no/no/d/539/ll/A,0.29
bo/mu/yes/no/m/185/ll/A,bo/mu/no/yes/m/191/ll/A,0.83
bo/mu/yes/no/m/185/ll/A,bw/st/no/yes/d/501/ll/U,0.47
bo/mu/yes/no/m/185/ll/A,bw/mu/no/yes/m/165/ll/U,0.85
bo/mu/yes/no/m/185/ll/A,bw/mu/no/no/m/153/ll/U,0.8
bo/mu/yes/no/m/185/ll/A,bw/so/no/no/d/537/ll/U,0.29
bo/mu/yes/no/m/185/ll/A,bw/so/yes/yes/d/531/ll/U,0.34
bo/mu/yes/no/m/185/ll/A,bw/mu/no/no/m/155/ll/A,0.8
bo/mu/yes/no/m/185/ll/A,bo/st/yes/yes/d/509/ll/A,0.62
bo/mu/yes/no/m/185/ll/A,bw/st/yes/yes/m/197/ll/A,0.46
bo/mu/yes/no/m/185/ll/A,bo/st/yes/yes/d/507/ll/U,0.62
bo/mu/yes/no/m/185/ll/A,bw/st/no/yes/m/215/ll/A,0.47
bo/mu/yes/no/m/185/ll/A,bw/mu/no/no/d/443/ll/A,0.8
bo/mu/yes/no/m/185/ll/A,bo/so/yes/no/m/279/ll/U,0.3
bo/mu/yes/no/m/185/ll/A,bw/st/no/no/d/489/ll/U,0.42
bo/mu/yes/no/m/185/ll/A,bw/st/no/yes/m/213/ll/U,0.47
bo/mu/yes/no/m/185/ll/A,bo/st/no/no/m/225/ll/U,0.58
bo/mu/yes/no/m/185/ll/A,bo/mu/yes/no/d/473/ll/A,1.0
bo/mu/yes/no/m/185/ll/A,bw/so/no/no/m/249/ll/U,0.29
bo/mu/yes/no/m/185/ll/A,bo/so/no/yes/m/285/ll/U,0.09
bo/mu/yes/no/m/185/ll/A,bw/st/no/no/m/203/ll/A,0.42
bo/mu/yes/no/m/185/ll/A,bw/mu/no/yes/d/455/ll/A,0.85
bo/mu/yes/no/m/185/ll/A,bw/st/yes/no/d/497/ll/A,0.41
bo/mu/yes/no/m/185/ll/A,bw/mu/yes/yes/d/437/ll/A,0.91
bo/mu/yes/no/m/185/ll/A,bw/so/no/yes/m/261/ll/U,0.34
bo/mu/yes/no/m/185/ll/A,bw/so/yes/no/m/257/ll/A,0.28
bo/mu/yes/no/m/185/ll/A,bw/st/no/no/d/491/ll/A,0.42
bo/mu/yes/no/m/185/ll/A,bo/st/yes/no/m/233/ll/A,0.56
bo/mu/yes/no/m/185/ll/A,bo/mu/no/no/d/465/ll/U,0.8
bo/mu/yes/no/m/185/ll/A,bw/mu/no/yes/d/453/ll/U,0.85
bo/mu/yes/no/m/185/ll/A,bw/so/no/no/m/251/ll/A,0.29
bo/mu/yes/no/m/185/ll/A,bo/so/yes/yes/m/269/ll/A,0.39
bo/mu/yes/no/m/185/ll/A,bo/so/yes/yes/m/267/ll/U,0.39
bo/mu/yes/no/m/185/ll/A,bw/so/yes/no/d/543/ll/U,0.28
bo/mu/yes/no/m/185/ll/A,bo/so/no/yes/d/575/ll/A,0.09
bo/mu/yes/no/m/185/ll/A,bo/st/yes/no/d/521/ll/A,0.56
bo/mu/yes/no/m/185/ll/A,bo/mu/no/yes/m/189/ll/U,0.83
bo/mu/yes/no/m/185/ll/A,bo/st/yes/no/d/519/ll/U,0.56
bo/mu/yes/no/m/185/ll/A,bo/mu/yes/yes/m/173/ll/A,0.92
bo/mu/yes/no/m/185/ll/A,bo/so/no/yes/d/573/ll/U,0.09
bo/mu/yes/no/m/185/ll/A,bw/so/yes/no/d/545/ll/A,0.28
bo/mu/yes/no/m/185/ll/A,bo/st/no/yes/d/527/ll/A,0.63
bo/mu/yes/no/m/185/ll/A,bw/mu/yes/no/m/159/ll/U,0.92
bo/mu/yes/no/m/185/ll/A,bw/mu/yes/no/m/161/ll/A,0.92
bo/mu/yes/no/m/185/ll/A,bw/st/yes/yes/m/195/ll/U,0.46
bo/mu/yes/no/m/185/ll/A,bw/so/yes/yes/d/533/ll/A,0.34
bo/mu/yes/no/m/185/ll/A,bo/so/yes/no/d/567/ll/U,0.3
bo/mu/yes/no/m/185/ll/A,bw/so/no/yes/d/551/ll/A,0.34
bo/mu/yes/no/m/185/ll/A,bo/so/yes/no/d/569/ll/A,0.3
bo/mu/yes/no/m/185/ll/A,bw/st/no/yes/d/503/ll/A,0.47
bo/mu/yes/no/m/185/ll/A,bw/mu/no/yes/m/167/ll/A,0.85
bo/mu/yes/no/m/185/ll/A,bo/so/yes/yes/d/557/ll/A,0.39
bo/mu/yes/no/m/185/ll/A,bo/so/no/no/d/561/ll/U,0.08
bo/mu/yes/no/m/185/ll/A,bw/so/yes/yes/m/245/ll/A,0.34
bo/mu/yes/no/m/185/ll/A,bo/so/no/yes/m/287/ll/A,0.09
bo/mu/yes/no/m/185/ll/A,bo/so/no/no/m/273/ll/U,0.08
bo/mu/yes/no/m/185/ll/A,bw/st/yes/yes/d/485/ll/A,0.46
bo/mu/yes/no/m/185/ll/A,bo/st/no/no/m/227/ll/A,0.58
bo/mu/yes/no/m/185/ll/A,bo/mu/yes/no/d/471/ll/U,1.0
bo/mu/yes/no/m/185/ll/A,bw/mu/yes/no/d/449/ll/A,0.92
bo/mu/yes/no/m/185/ll/A,bw/mu/yes/no/d/447/ll/U,0.92
bo/mu/yes/no/m/185/ll/A,bo/so/yes/no/m/281/ll/A,0.3
bo/mu/yes/no/m/185/ll/A,bo/so/no/no/m/275/ll/A,0.08
bo/mu/yes/no/m/185/ll/A,bw/so/yes/yes/m/243/ll/U,0.34
bo/mu/yes/no/m/185/ll/A,bo/mu/no/yes/d/479/ll/A,0.83
bo/mu/yes/no/m/185/ll/A,bw/mu/no/no/d/441/ll/U,0.8
bo/mu/yes/no/m/185/ll/A,bw/st/yes/yes/d/483/ll/U,0.46
bo/mu/yes/no/m/185/ll/A,bo/mu/no/yes/d/477/ll/U,0.83
bo/mu/yes/no/m/185/ll/A,bo/st/yes/yes/m/221/ll/A,0.62
bo/mu/yes/no/m/185/ll/A,bo/st/yes/yes/m/219/ll/U,0.62
bo/st/no/no/d/515/ll/A,bw/st/yes/no/m/207/ll/U,0.39
bo/st/no/no/d/515/ll/A,bo/st/yes/no/m/231/ll/U,0.59
bo/st/no/no/d/515/ll/A,bo/mu/no/no/d/467/ll/A,0.56
bo/st/no/no/d/515/ll/A,bw/st/yes/no/m/209/ll/A,0.39
bo/st/no/no/d/515/ll/A,bw/so/yes/no/m/255/ll/U,0.3
bo/st/no/no/d/515/ll/A,bw/mu/yes/yes/d/435/ll/U,0.58
bo/st/no/no/d/515/ll/A,bw/so/no/yes/m/263/ll/A,0.36
bo/st/no/no/d/515/ll/A,bo/mu/yes/yes/d/461/ll/A,0.57
bo/st/no/no/d/515/ll/A,bo/st/no/yes/m/237/ll/U,0.88
bo/st/no/no/d/515/ll/A,bw/st/yes/no/d/495/ll/U,0.39
bo/st/no/no/d/515/ll/A,bo/mu/yes/yes/d/459/ll/U,0.57
bo/st/no/no/d/515/ll/A,bo/st/no/yes/m/239/ll/A,0.88
bo/st/no/no/d/515/ll/A,bw/st/no/no/m/201/ll/U,0.4
bo/st/no/no/d/515/ll/A,bo/st/no/yes/d/525/ll/U,0.88
bo/st/no/no/d/515/ll/A,bo/mu/no/no/m/179/ll/A,0.56
bo/st/no/no/d/515/ll/A,bo/mu/yes/no/m/183/ll/U,0.58
bo/st/no/no/d/515/ll/A,bo/mu/no/no/m/177/ll/U,0.56
bo/st/no/no/d/515/ll/A,bo/st/no/no/d/513/ll/U,1.0
bo/st/no/no/d/515/ll/A,bw/so/no/yes/d/549/ll/U,0.36
bo/st/no/no/d/515/ll/A,bw/mu/yes/yes/m/149/ll/A,0.58
bo/st/no/no/d/515/ll/A,bo/mu/yes/no/m/185/ll/A,0.58
bo/st/no/no/d/515/ll/A,bo/st/no/no/d/515/ll/A,1.0
bo/st/no/no/d/515/ll/A,bo/mu/yes/yes/m/171/ll/U,0.57
bo/st/no/no/d/515/ll/A,bw/mu/yes/yes/m/147/ll/U,0.58
bo/st/no/no/d/515/ll/A,bo/so/no/no/d/563/ll/A,0.12
bo/st/no/no/d/515/ll/A,bo/so/yes/yes/d/555/ll/U,0.4
bo/st/no/no/d/515/ll/A,bw/so/no/no/d/539/ll/A,0.31
bo/st/no/no/d/515/ll/A,bo/mu/no/yes/m/191/ll/A,0.59
bo/st/no/no/d/515/ll/A,bw/st/no/yes/d/501/ll/U,0.44
bo/st/no/no/d/515/ll/A,bw/mu/no/yes/m/165/ll/U,0.55
bo/st/no/no/d/515/ll/A,bw/mu/no/no/m/153/ll/U,0.52
bo/st/no/no/d/515/ll/A,bw/so/no/no/d/537/ll/U,0.31
bo/st/no/no/d/515/ll/A,bw/so/yes/yes/d/531/ll/U,0.35
bo/st/no/no/d/515/ll/A,bw/mu/no/no/m/155/ll/A,0.52
bo/st/no/no/d/515/ll/A,bo/st/yes/yes/d/509/ll/A,0.61
bo/st/no/no/d/515/ll/A,bw/st/yes/yes/m/197/ll/A,0.43
bo/st/no/no/d/515/ll/A,bo/st/yes/yes/d/507/ll/U,0.61
bo/st/no/no/d/515/ll/A,bw/st/no/yes/m/215/ll/A,0.44
bo/st/no/no/d/515/ll/A,bw/mu/no/no/d/443/ll/A,0.52
bo/st/no/no/d/515/ll/A,bo/so/yes/no/m/279/ll/U,0.32
bo/st/no/no/d/515/ll/A,bw/st/no/no/d/489/ll/U,0.4
bo/st/no/no/d/515/ll/A,bw/st/no/yes/m/213/ll/U,0.44
bo/st/no/no/d/515/ll/A,bo/st/no/no/m/225/ll/U,1.0
bo/st/no/no/d/515/ll/A,bo/mu/yes/no/d/473/ll/A,0.58
bo/st/no/no/d/515/ll/A,bw/so/no/no/m/249/ll/U,0.31
bo/st/no/no/d/515/ll/A,bo/so/no/yes/m/285/ll/U,0.12
bo/st/no/no/d/515/ll/A,bw/st/no/no/m/203/ll/A,0.4
bo/st/no/no/d/515/ll/A,bw/mu/no/yes/d/455/ll/A,0.55
bo/st/no/no/d/515/ll/A,bw/st/yes/no/d/497/ll/A,0.39
bo/st/no/no/d/515/ll/A,bw/mu/yes/yes/d/437/ll/A,0.58
bo/st/no/no/d/515/ll/A,bw/so/no/yes/m/261/ll/U,0.36
bo/st/no/no/d/515/ll/A,bw/so/yes/no/m/257/ll/A,0.3
bo/st/no/no/d/515/ll/A,bw/st/no/no/d/491/ll/A,0.4
bo/st/no/no/d/515/ll/A,bo/st/yes/no/m/233/ll/A,0.59
bo/st/no/no/d/515/ll/A,bo/mu/no/no/d/465/ll/U,0.56
bo/st/no/no/d/515/ll/A,bw/mu/no/yes/d/453/ll/U,0.55
bo/st/no/no/d/515/ll/A,bw/so/no/no/m/251/ll/A,0.31
bo/st/no/no/d/515/ll/A,bo/so/yes/yes/m/269/ll/A,0.4
bo/st/no/no/d/515/ll/A,bo/so/yes/yes/m/267/ll/U,0.4
bo/st/no/no/d/515/ll/A,bw/so/yes/no/d/543/ll/U,0.3
bo/st/no/no/d/515/ll/A,bo/so/no/yes/d/575/ll/A,0.12
bo/st/no/no/d/515/ll/A,bo/st/yes/no/d/521/ll/A,0.59
bo/st/no/no/d/515/ll/A,bo/mu/no/yes/m/189/ll/U,0.59
bo/st/no/no/d/515/ll/A,bo/st/yes/no/d/519/ll/U,0.59
bo/st/no/no/d/515/ll/A,bo/mu/yes/yes/m/173/ll/A,0.57
bo/st/no/no/d/515/ll/A,bo/so/no/yes/d/573/ll/U,0.12
bo/st/no/no/d/515/ll/A,bw/so/yes/no/d/545/ll/A,0.3
bo/st/no/no/d/515/ll/A,bo/st/no/yes/d/527/ll/A,0.88
bo/st/no/no/d/515/ll/A,bw/mu/yes/no/m/159/ll/U,0.58
bo/st/no/no/d/515/ll/A,bw/mu/yes/no/m/161/ll/A,0.58
bo/st/no/no/d/515/ll/A,bw/st/yes/yes/m/195/ll/U,0.43
bo/st/no/no/d/515/ll/A,bw/so/yes/yes/d/533/ll/A,0.35
bo/st/no/no/d/515/ll/A,bo/so/yes/no/d/567/ll/U,0.32
bo/st/no/no/d/515/ll/A,bw/so/no/yes/d/551/ll/A,0.36
bo/st/no/no/d/515/ll/A,bo/so/yes/no/d/569/ll/A,0.32
bo/st/no/no/d/515/ll/A,bw/st/no/yes/d/503/ll/A,0.44
bo/st/no/no/d/515/ll/A,bw/mu/no/yes/m/167/ll/A,0.55
bo/st/no/no/d/515/ll/A,bo/so/yes/yes/d/557/ll/A,0.4
bo/st/no/no/d/515/ll/A,bo/so/no/no/d/561/ll/U,0.12
bo/st/no/no/d/515/ll/A,bw/so/yes/yes/m/245/ll/A,0.35
bo/st/no/no/d/515/ll/A,bo/so/no/yes/m/287/ll/A,0.12
bo/st/no/no/d/515/ll/A,bo/so/no/no/m/273/ll/U,0.12
bo/st/no/no/d/515/ll/A,bw/st/yes/yes/d/485/ll/A,0.43
bo/st/no/no/d/515/ll/A,bo/st/no/no/m/227/ll/A,1.0
bo/st/no/no/d/515/ll/A,bo/mu/yes/no/d/471/ll/U,0.58
bo/st/no/no/d/515/ll/A,bw/mu/yes/no/d/449/ll/A,0.58
bo/st/no/no/d/515/ll/A,bw/mu/yes/no/d/447/ll/U,0.58
bo/st/no/no/d/515/ll/A,bo/so/yes/no/m/281/ll/A,0.32
bo/st/no/no/d/515/ll/A,bo/so/no/no/m/275/ll/A,0.12
bo/st/no/no/d/515/ll/A,bw/so/yes/yes/m/243/ll/U,0.35
bo/st/no/no/d/515/ll/A,bo/mu/no/yes/d/479/ll/A,0.59
bo/st/no/no/d/515/ll/A,bw/mu/no/no/d/441/ll/U,0.52
bo/st/no/no/d/515/ll/A,bw/st/yes/yes/d/483/ll/U,0.43
bo/st/no/no/d/515/ll/A,bo/mu/no/yes/d/477/ll/U,0.59
bo/st/no/no/d/515/ll/A,bo/st/yes/yes/m/221/ll/A,0.61
bo/st/no/no/d/515/ll/A,bo/st/yes/yes/m/219/ll/U,0.61
bo/mu/yes/yes/m/171/ll/U,bw/st/yes/no/m/207/ll/U,0.43
bo/mu/yes/yes/m/171/ll/U,bo/st/yes/no/m/231/ll/U,0.55
bo/mu/yes/yes/m/171/ll/U,bo/mu/no/no/d/467/ll/A,0.81
bo/mu/yes/yes/m/171/ll/U,bw/st/yes/no/m/209/ll/A,0.43
bo/mu/yes/yes/m/171/ll/U,bw/so/yes/no/m/255/ll/U,0.28
bo/mu/yes/yes/m/171/ll/U,bw/mu/yes/yes/d/435/ll/U,0.88
bo/mu/yes/yes/m/171/ll/U,bw/so/no/yes/m/263/ll/A,0.34
bo/mu/yes/yes/m/171/ll/U,bo/mu/yes/yes/d/461/ll/A,1.0
bo/mu/yes/yes/m/171/ll/U,bo/st/no/yes/m/237/ll/U,0.61
bo/mu/yes/yes/m/171/ll/U,bw/st/yes/no/d/495/ll/U,0.43
bo/mu/yes/yes/m/171/ll/U,bo/mu/yes/yes/d/459/ll/U,1.0
bo/mu/yes/yes/m/171/ll/U,bo/st/no/yes/m/239/ll/A,0.61
bo/mu/yes/yes/m/171/ll/U,bw/st/no/no/m/201/ll/U,0.44
bo/mu/yes/yes/m/171/ll/U,bo/st/no/yes/d/525/ll/U,0.61
bo/mu/yes/yes/m/171/ll/U,bo/mu/no/no/m/179/ll/A,0.81
bo/mu/yes/yes/m/171/ll/U,bo/mu/yes/no/m/183/ll/U,0.92
bo/mu/yes/yes/m/171/ll/U,bo/mu/no/no/m/177/ll/U,0.81
bo/mu/yes/yes/m/171/ll/U,bo/st/no/no/d/513/ll/U,0.57
bo/mu/yes/yes/m/171/ll/U,bw/so/no/yes/d/549/ll/U,0.34
bo/mu/yes/yes/m/171/ll/U,bw/mu/yes/yes/m/149/ll/A,0.88
bo/mu/yes/yes/m/171/ll/U,bo/mu/yes/no/m/185/ll/A,0.92
bo/mu/yes/yes/m/171/ll/U,bo/st/no/no/d/515/ll/A,0.57
bo/mu/yes/yes/m/171/ll/U,bo/mu/yes/yes/m/171/ll/U,1.0
bo/mu/yes/yes/m/171/ll/U,bw/mu/yes/yes/m/147/ll/U,0.88
bo/mu/yes/yes/m/171/ll/U,bo/so/no/no/d/563/ll/A,0.08
bo/mu/yes/yes/m/171/ll/U,bo/so/yes/yes/d/555/ll/U,0.38
bo/mu/yes/yes/m/171/ll/U,bw/so/no/no/d/539/ll/A,0.29
bo/mu/yes/yes/m/171/ll/U,bo/mu/no/yes/m/191/ll/A,0.85
bo/mu/yes/yes/m/171/ll/U,bw/st/no/yes/d/501/ll/U,0.5
bo/mu/yes/yes/m/171/ll/U,bw/mu/no/yes/m/165/ll/U,0.83
bo/mu/yes/yes/m/171/ll/U,bw/mu/no/no/m/153/ll/U,0.83
bo/mu/yes/yes/m/171/ll/U,bw/so/no/no/d/537/ll/U,0.29
bo/mu/yes/yes/m/171/ll/U,bw/so/yes/yes/d/531/ll/U,0.33
bo/mu/yes/yes/m/171/ll/U,bw/mu/no/no/m/155/ll/A,0.83
bo/mu/yes/yes/m/171/ll/U,bo/st/yes/yes/d/509/ll/A,0.6
bo/mu/yes/yes/m/171/ll/U,bw/st/yes/yes/m/197/ll/A,0.48
bo/mu/yes/yes/m/171/ll/U,bo/st/yes/yes/d/507/ll/U,0.6
bo/mu/yes/yes/m/171/ll/U,bw/st/no/yes/m/215/ll/A,0.5
bo/mu/yes/yes/m/171/ll/U,bw/mu/no/no/d/443/ll/A,0.83
bo/mu/yes/yes/m/171/ll/U,bo/so/yes/no/m/279/ll/U,0.3
bo/mu/yes/yes/m/171/ll/U,bw/st/no/no/d/489/ll/U,0.44
bo/mu/yes/yes/m/171/ll/U,bw/st/no/yes/m/213/ll/U,0.5
bo/mu/yes/yes/m/171/ll/U,bo/st/no/no/m/225/ll/U,0.57
bo/mu/yes/yes/m/171/ll/U,bo/mu/yes/no/d/473/ll/A,0.92
bo/mu/yes/yes/m/171/ll/U,bw/so/no/no/m/249/ll/U,0.29
bo/mu/yes/yes/m/171/ll/U,bo/so/no/yes/m/285/ll/U,0.09
bo/mu/yes/yes/m/171/ll/U,bw/st/no/no/m/203/ll/A,0.44
bo/mu/yes/yes/m/171/ll/U,bw/mu/no/yes/d/455/ll/A,0.83
bo/mu/yes/yes/m/171/ll/U,bw/st/yes/no/d/497/ll/A,0.43
bo/mu/yes/yes/m/171/ll/U,bw/mu/yes/yes/d/437/ll/A,0.88
bo/mu/yes/yes/m/171/ll/U,bw/so/no/yes/m/261/ll/U,0.34
bo/mu/yes/yes/m/171/ll/U,bw/so/yes/no/m/257/ll/A,0.28
bo/mu/yes/yes/m/171/ll/U,bw/st/no/no/d/491/ll/A,0.44
bo/mu/yes/yes/m/171/ll/U,bo/st/yes/no/m/233/ll/A,0.55
bo/mu/yes/yes/m/171/ll/U,bo/mu/no/no/d/465/ll/U,0.81
bo/mu/yes/yes/m/171/ll/U,bw/mu/no/yes/d/453/ll/U,0.83
bo/mu/yes/yes/m/171/ll/U,bw/so/no/no/m/251/ll/A,0.29
bo/mu/yes/yes/m/171/ll/U,bo/so/yes/yes/m/269/ll/A,0.38
bo/mu/yes/yes/m/171/ll/U,bo/so/yes/yes/m/267/ll/U,0.38
bo/mu/yes/yes/m/171/ll/U,bw/so/yes/no/d/543/ll/U,0.28
bo/mu/yes/yes/m/171/ll/U,bo/so/no/yes/d/575/ll/A,0.09
bo/mu/yes/yes/m/171/ll/U,bo/st/yes/no/d/521/ll/A,0.55
bo/mu/yes/yes/m/171/ll/U,bo/mu/no/yes/m/189/ll/U,0.85
bo/mu/yes/yes/m/171/ll/U,bo/st/yes/no/d/519/ll/U,0.55
bo/mu/yes/yes/m/171/ll/U,bo/mu/yes/yes/m/173/ll/A,1.0
bo/mu/yes/yes/m/171/ll/U,bo/so/no/yes/d/573/ll/U,0.09
bo/mu/yes/yes/m/171/ll/U,bw/so/yes/no/d/545/ll/A,0.28
bo/mu/yes/yes/m/171/ll/U,bo/st/no/yes/d/527/ll/A,0.61
bo/mu/yes/yes/m/171/ll/U,bw/mu/yes/no/m/159/ll/U,0.88
bo/mu/yes/yes/m/171/ll/U,bw/mu/yes/no/m/161/ll/A,0.88
bo/mu/yes/yes/m/171/ll/U,bw/st/yes/yes/m/195/ll/U,0.48
bo/mu/yes/yes/m/171/ll/U,bw/so/yes/yes/d/533/ll/A,0.33
bo/mu/yes/yes/m/171/ll/U,bo/so/yes/no/d/567/ll/U,0.3
bo/mu/yes/yes/m/171/ll/U,bw/so/no/yes/d/551/ll/A,0.34
bo/mu/yes/yes/m/171/ll/U,bo/so/yes/no/d/569/ll/A,0.3
bo/mu/yes/yes/m/171/ll/U,bw/st/no/yes/d/503/ll/A,0.5
bo/mu/yes/yes/m/171/ll/U,bw/mu/no/yes/m/167/ll/A,0.83
bo/mu/yes/yes/m/171/ll/U,bo/so/yes/yes/d/557/ll/A,0.38
bo/mu/yes/yes/m/171/ll/U,bo/so/no/no/d/561/ll/U,0.08
bo/mu/yes/yes/m/171/ll/U,bw/so/yes/yes/m/245/ll/A,0.33
bo/mu/yes/yes/m/171/ll/U,bo/so/no/yes/m/287/ll/A,0.09
bo/mu/yes/yes/m/171/ll/U,bo/so/no/no/m/273/ll/U,0.08
bo/mu/yes/yes/m/171/ll/U,bw/st/yes/yes/d/485/ll/A,0.48
bo/mu/yes/yes/m/171/ll/U,bo/st/no/no/m/227/ll/A,0.57
bo/mu/yes/yes/m/171/ll/U,bo/mu/yes/no/d/471/ll/U,0.92
bo/mu/yes/yes/m/171/ll/U,bw/mu/yes/no/d/449/ll/A,0.88
bo/mu/yes/yes/m/171/ll/U,bw/mu/yes/no/d/447/ll/U,0.88
bo/mu/yes/yes/m/171/ll/U,bo/so/yes/no/m/281/ll/A,0.3
bo/mu/yes/yes/m/171/ll/U,bo/so/no/no/m/275/ll/A,0.08
bo/mu/yes/yes/m/171/ll/U,bw/so/yes/yes/m/243/ll/U,0.33
bo/mu/yes/yes/m/171/ll/U,bo/mu/no/yes/d/479/ll/A,0.85
bo/mu/yes/yes/m/171/ll/U,bw/mu/no/no/d/441/ll/U,0.83
bo/mu/yes/yes/m/171/ll/U,bw/st/yes/yes/d/483/ll/U,0.48
bo/mu/yes/yes/m/171/ll/U,bo/mu/no/yes/d/477/ll/U,0.85
bo/mu/yes/yes/m/171/ll/U,bo/st/yes/yes/m/221/ll/A,0.6
bo/mu/yes/yes/m/171/ll/U,bo/st/yes/yes/m/219/ll/U,0.6
bw/mu/yes/yes/m/147/ll/U,bw/st/yes/no/m/207/ll/U,0.42
bw/mu/yes/yes/m/147/ll/U,bo/st/yes/no/m/231/ll/U,0.57
bw/mu/yes/yes/m/147/ll/U,bo/mu/no/no/d/467/ll/A,0.75
bw/mu/yes/yes/m/147/ll/U,bw/st/yes/no/m/209/ll/A,0.42
bw/mu/yes/yes/m/147/ll/U,bw/so/yes/no/m/255/ll/U,0.29
bw/mu/yes/yes/m/147/ll/U,bw/mu/yes/yes/d/435/ll/U,1.0
bw/mu/yes/yes/m/147/ll/U,bw/so/no/yes/m/263/ll/A,0.36
bw/mu/yes/yes/m/147/ll/U,bo/mu/yes/yes/d/461/ll/A,0.88
bw/mu/yes/yes/m/147/ll/U,bo/st/no/yes/m/237/ll/U,0.63
bw/mu/yes/yes/m/147/ll/U,bw/st/yes/no/d/495/ll/U,0.42
bw/mu/yes/yes/m/147/ll/U,bo/mu/yes/yes/d/459/ll/U,0.88
bw/mu/yes/yes/m/147/ll/U,bo/st/no/yes/m/239/ll/A,0.63
bw/mu/yes/yes/m/147/ll/U,bw/st/no/no/m/201/ll/U,0.43
bw/mu/yes/yes/m/147/ll/U,bo/st/no/yes/d/525/ll/U,0.63
bw/mu/yes/yes/m/147/ll/U,bo/mu/no/no/m/179/ll/A,0.75
bw/mu/yes/yes/m/147/ll/U,bo/mu/yes/no/m/183/ll/U,0.91
bw/mu/yes/yes/m/147/ll/U,bo/mu/no/no/m/177/ll/U,0.75
bw/mu/yes/yes/m/147/ll/U,bo/st/no/no/d/513/ll/U,0.58
bw/mu/yes/yes/m/147/ll/U,bw/so/no/yes/d/549/ll/U,0.36
bw/mu/yes/yes/m/147/ll/U,bw/mu/yes/yes/m/149/ll/A,1.0
bw/mu/yes/yes/m/147/ll/U,bo/mu/yes/no/m/185/ll/A,0.91
bw/mu/yes/yes/m/147/ll/U,bo/st/no/no/d/515/ll/A,0.58
bw/mu/yes/yes/m/147/ll/U,bo/mu/yes/yes/m/171/ll/U,0.88
bw/mu/yes/yes/m/147/ll/U,bw/mu/yes/yes/m/147/ll/U,1.0
bw/mu/yes/yes/m/147/ll/U,bo/so/no/no/d/563/ll/A,0.08
bw/mu/yes/yes/m/147/ll/U,bo/so/yes/yes/d/555/ll/U,0.38
bw/mu/yes/yes/m/147/ll/U,bw/so/no/no/d/539/ll/A,0.3
bw/mu/yes/yes/m/147/ll/U,bo/mu/no/yes/m/191/ll/A,0.8
bw/mu/yes/yes/m/147/ll/U,bw/st/no/yes/d/501/ll/U,0.48
bw/mu/yes/yes/m/147/ll/U,bw/mu/no/yes/m/165/ll/U,0.93
bw/mu/yes/yes/m/147/ll/U,bw/mu/no/no/m/153/ll/U,0.84
bw/mu/yes/yes/m/147/ll/U,bw/so/no/no/d/537/ll/U,0.3
bw/mu/yes/yes/m/147/ll/U,bw/so/yes/yes/d/531/ll/U,0.35
bw/mu/yes/yes/m/147/ll/U,bw/mu/no/no/m/155/ll/A,0.84
bw/mu/yes/yes/m/147/ll/U,bo/st/yes/yes/d/509/ll/A,0.62
bw/mu/yes/yes/m/147/ll/U,bw/st/yes/yes/m/197/ll/A,0.47
bw/mu/yes/yes/m/147/ll/U,bo/st/yes/yes/d/507/ll/U,0.62
bw/mu/yes/yes/m/147/ll/U,bw/st/no/yes/m/215/ll/A,0.48
bw/mu/yes/yes/m/147/ll/U,bw/mu/no/no/d/443/ll/A,0.84
bw/mu/yes/yes/m/147/ll/U,bo/so/yes/no/m/279/ll/U,0.3
bw/mu/yes/yes/m/147/ll/U,bw/st/no/no/d/489/ll/U,0.43
bw/mu/yes/yes/m/147/ll/U,bw/st/no/yes/m/213/ll/U,0.48
bw/mu/yes/yes/m/147/ll/U,bo/st/no/no/m/225/ll/U,0.58
bw/mu/yes/yes/m/147/ll/U,bo/mu/yes/no/d/473/ll/A,0.91
bw/mu/yes/yes/m/147/ll/U,bw/so/no/no/m/249/ll/U,0.3
bw/mu/yes/yes/m/147/ll/U,bo/so/no/yes/m/285/ll/U,0.09
bw/mu/yes/yes/m/147/ll/U,bw/st/no/no/m/203/ll/A,0.43
bw/mu/yes/yes/m/147/ll/U,bw/mu/no/yes/d/455/ll/A,0.93
bw/mu/yes/yes/m/147/ll/U,bw/st/yes/no/d/497/ll/A,0.42
bw/mu/yes/yes/m/147/ll/U,bw/mu/yes/yes/d/437/ll/A,1.0
bw/mu/yes/yes/m/147/ll/U,bw/so/no/yes/m/261/ll/U,0.36
bw/mu/yes/yes/m/147/ll/U,bw/so/yes/no/m/257/ll/A,0.29
bw/mu/yes/yes/m/147/ll/U,bw/st/no/no/d/491/ll/A,0.43
bw/mu/yes/yes/m/147/ll/U,bo/st/yes/no/m/233/ll/A,0.57
bw/mu/yes/yes/m/147/ll/U,bo/mu/no/no/d/465/ll/U,0.75
bw/mu/yes/yes/m/147/ll/U,bw/mu/no/yes/d/453/ll/U,0.93
bw/mu/yes/yes/m/147/ll/U,bw/so/no/no/m/251/ll/A,0.3
bw/mu/yes/yes/m/147/ll/U,bo/so/yes/yes/m/269/ll/A,0.38
bw/mu/yes/yes/m/147/ll/U,bo/so/yes/yes/m/267/ll/U,0.38
bw/mu/yes/yes/m/147/ll/U,bw/so/yes/no/d/543/ll/U,0.29
bw/mu/yes/yes/m/147/ll/U,bo/so/no/yes/d/575/ll/A,0.09
bw/mu/yes/yes/m/147/ll/U,bo/st/yes/no/d/521/ll/A,0.57
bw/mu/yes/yes/m/147/ll/U,bo/mu/no/yes/m/189/ll/U,0.8
bw/mu/yes/yes/m/147/ll/U,bo/st/yes/no/d/519/ll/U,0.57
bw/mu/yes/yes/m/147/ll/U,bo/mu/yes/yes/m/173/ll/A,0.88
bw/mu/yes/yes/m/147/ll/U,bo/so/no/yes/d/573/ll/U,0.09
bw/mu/yes/yes/m/147/ll/U,bw/so/yes/no/d/545/ll/A,0.29
bw/mu/yes/yes/m/147/ll/U,bo/st/no/yes/d/527/ll/A,0.63
bw/mu/yes/yes/m/147/ll/U,bw/mu/yes/no/m/159/ll/U,0.96
bw/mu/yes/yes/m/147/ll/U,bw/mu/yes/no/m/161/ll/A,0.96
bw/mu/yes/yes/m/147/ll/U,bw/st/yes/yes/m/195/ll/U,0.47
bw/mu/yes/yes/m/147/ll/U,bw/so/yes/yes/d/533/ll/A,0.35
bw/mu/yes/yes/m/147/ll/U,bo/so/yes/no/d/567/ll/U,0.3
bw/mu/yes/yes/m/147/ll/U,bw/so/no/yes/d/551/ll/A,0.36
bw/mu/yes/yes/m/147/ll/U,bo/so/yes/no/d/569/ll/A,0.3
bw/mu/yes/yes/m/147/ll/U,bw/st/no/yes/d/503/ll/A,0.48
bw/mu/yes/yes/m/147/ll/U,bw/mu/no/yes/m/167/ll/A,0.93
bw/mu/yes/yes/m/147/ll/U,bo/so/yes/yes/d/557/ll/A,0.38
bw/mu/yes/yes/m/147/ll/U,bo/so/no/no/d/561/ll/U,0.08
bw/mu/yes/yes/m/147/ll/U,bw/so/yes/yes/m/245/ll/A,0.35
bw/mu/yes/yes/m/147/ll/U,bo/so/no/yes/m/287/ll/A,0.09
bw/mu/yes/yes/m/147/ll/U,bo/so/no/no/m/273/ll/U,0.08
bw/mu/yes/yes/m/147/ll/U,bw/st/yes/yes/d/485/ll/A,0.47
bw/mu/yes/yes/m/147/ll/U,bo/st/no/no/m/227/ll/A,0.58
bw/mu/yes/yes/m/147/ll/U,bo/mu/yes/no/d/471/ll/U,0.91
bw/mu/yes/yes/m/147/ll/U,bw/mu/yes/no/d/449/ll/A,0.96
bw/mu/yes/yes/m/147/ll/U,bw/mu/yes/no/d/447/ll/U,0.96
bw/mu/yes/yes/m/147/ll/U,bo/so/yes/no/m/281/ll/A,0.3
bw/mu/yes/yes/m/147/ll/U,bo/so/no/no/m/275/ll/A,0.08
bw/mu/yes/yes/m/147/ll/U,bw/so/yes/yes/m/243/ll/U,0.35
bw/mu/yes/yes/m/147/ll/U,bo/mu/no/yes/d/479/ll/A,0.8
bw/mu/yes/yes/m/147/ll/U,bw/mu/no/no/d/441/ll/U,0.84
bw/mu/yes/yes/m/147/ll/U,bw/st/yes/yes/d/483/ll/U,0.47
bw/mu/yes/yes/m/147/ll/U,bo/mu/no/yes/d/477/ll/U,0.8
bw/mu/yes/yes/m/147/ll/U,bo/st/yes/yes/m/221/ll/A,0.62
bw/mu/yes/yes/m/147/ll/U,bo/st/yes/yes/m/219/ll/U,0.62
bo/so/no/no/d/563/ll/A,bw/st/yes/no/m/207/ll/U,0.12
bo/so/no/no/d/563/ll/A,bo/st/yes/no/m/231/ll/U,0.13
bo/so/no/no/d/563/ll/A,bo/mu/no/no/d/467/ll/A,0.08
bo/so/no/no/d/563/ll/A,bw/st/yes/no/m/209/ll/A,0.12
bo/so/no/no/d/563/ll/A,bw/so/yes/no/m/255/ll/U,0.21
bo/so/no/no/d/563/ll/A,bw/mu/yes/yes/d/435/ll/U,0.08
bo/so/no/no/d/563/ll/A,bw/so/no/yes/m/263/ll/A,0.21
bo/so/no/no/d/563/ll/A,bo/mu/yes/yes/d/461/ll/A,0.08
bo/so/no/no/d/563/ll/A,bo/st/no/yes/m/237/ll/U,0.1
bo/so/no/no/d/563/ll/A,bw/st/yes/no/d/495/ll/U,0.12
bo/so/no/no/d/563/ll/A,bo/mu/yes/yes/d/459/ll/U,0.08
bo/so/no/no/d/563/ll/A,bo/st/no/yes/m/239/ll/A,0.1
bo/so/no/no/d/563/ll/A,bw/st/no/no/m/201/ll/U,0.12
bo/so/no/no/d/563/ll/A,bo/st/no/yes/d/525/ll/U,0.1
bo/so/no/no/d/563/ll/A,bo/mu/no/no/m/179/ll/A,0.08
bo/so/no/no/d/563/ll/A,bo/mu/yes/no/m/183/ll/U,0.08
bo/so/no/no/d/563/ll/A,bo/mu/no/no/m/177/ll/U,0.08
bo/so/no/no/d/563/ll/A,bo/st/no/no/d/513/ll/U,0.12
bo/so/no/no/d/563/ll/A,bw/so/no/yes/d/549/ll/U,0.21
bo/so/no/no/d/563/ll/A,bw/mu/yes/yes/m/149/ll/A,0.08
bo/so/no/no/d/563/ll/A,bo/mu/yes/no/m/185/ll/A,0.08
bo/so/no/no/d/563/ll/A,bo/st/no/no/d/515/ll/A,0.12
bo/so/no/no/d/563/ll/A,bo/mu/yes/yes/m/171/ll/U,0.08
bo/so/no/no/d/563/ll/A,bw/mu/yes/yes/m/147/ll/U,0.08
bo/so/no/no/d/563/ll/A,bo/so/no/no/d/563/ll/A,1.0
bo/so/no/no/d/563/ll/A,bo/so/yes/yes/d/555/ll/U,0.22
bo/so/no/no/d/563/ll/A,bw/so/no/no/d/539/ll/A,0.22
bo/so/no/no/d/563/ll/A,bo/mu/no/yes/m/191/ll/A,0.08
bo/so/no/no/d/563/ll/A,bw/st/no/yes/d/501/ll/U,0.12
bo/so/no/no/d/563/ll/A,bw/mu/no/yes/m/165/ll/U,0.08
bo/so/no/no/d/563/ll/A,bw/mu/no/no/m/153/ll/U,0.07
bo/so/no/no/d/563/ll/A,bw/so/no/no/d/537/ll/U,0.22
bo/so/no/no/d/563/ll/A,bw/so/yes/yes/d/531/ll/U,0.2
bo/so/no/no/d/563/ll/A,bw/mu/no/no/m/155/ll/A,0.07
bo/so/no/no/d/563/ll/A,bo/st/yes/yes/d/509/ll/A,0.11
bo/so/no/no/d/563/ll/A,bw/st/yes/yes/m/197/ll/A,0.12
bo/so/no/no/d/563/ll/A,bo/st/yes/yes/d/507/ll/U,0.11
bo/so/no/no/d/563/ll/A,bw/st/no/yes/m/215/ll/A,0.12
bo/so/no/no/d/563/ll/A,bw/mu/no/no/d/443/ll/A,0.07
bo/so/no/no/d/563/ll/A,bo/so/yes/no/m/279/ll/U,0.25
bo/so/no/no/d/563/ll/A,bw/st/no/no/d/489/ll/U,0.12
bo/so/no/no/d/563/ll/A,bw/st/no/yes/m/213/ll/U,0.12
bo/so/no/no/d/563/ll/A,bo/st/no/no/m/225/ll/U,0.12
bo/so/no/no/d/563/ll/A,bo/mu/yes/no/d/473/ll/A,0.08
bo/so/no/no/d/563/ll/A,bw/so/no/no/m/249/ll/U,0.22
bo/so/no/no/d/563/ll/A,bo/so/no/yes/m/285/ll/U,0.59
bo/so/no/no/d/563/ll/A,bw/st/no/no/m/203/ll/A,0.12
bo/so/no/no/d/563/ll/A,bw/mu/no/yes/d/455/ll/A,0.08
bo/so/no/no/d/563/ll/A,bw/st/yes/no/d/497/ll/A,0.12
bo/so/no/no/d/563/ll/A,bw/mu/yes/yes/d/437/ll/A,0.08
bo/so/no/no/d/563/ll/A,bw/so/no/yes/m/261/ll/U,0.21
bo/so/no/no/d/563/ll/A,bw/so/yes/no/m/257/ll/A,0.21
bo/so/no/no/d/563/ll/A,bw/st/no/no/d/491/ll/A,0.12
bo/so/no/no/d/563/ll/A,bo/st/yes/no/m/233/ll/A,0.13
bo/so/no/no/d/563/ll/A,bo/mu/no/no/d/465/ll/U,0.08
bo/so/no/no/d/563/ll/A,bw/mu/no/yes/d/453/ll/U,0.08
bo/so/no/no/d/563/ll/A,bw/so/no/no/m/251/ll/A,0.22
bo/so/no/no/d/563/ll/A,bo/so/yes/yes/m/269/ll/A,0.22
bo/so/no/no/d/563/ll/A,bo/so/yes/yes/m/267/ll/U,0.22
bo/so/no/no/d/563/ll/A,bw/so/yes/no/d/543/ll/U,0.21
bo/so/no/no/d/563/ll/A,bo/so/no/yes/d/575/ll/A,0.59
bo/so/no/no/d/563/ll/A,bo/st/yes/no/d/521/ll/A,0.13
bo/so/no/no/d/563/ll/A,bo/mu/no/yes/m/189/ll/U,0.08
bo/so/no/no/d/563/ll/A,bo/st/yes/no/d/519/ll/U,0.13
bo/so/no/no/d/563/ll/A,bo/mu/yes/yes/m/173/ll/A,0.08
bo/so/no/no/d/563/ll/A,bo/so/no/yes/d/573/ll/U,0.59
bo/so/no/no/d/563/ll/A,bw/so/yes/no/d/545/ll/A,0.21
bo/so/no/no/d/563/ll/A,bo/st/no/yes/d/527/ll/A,0.1
bo/so/no/no/d/563/ll/A,bw/mu/yes/no/m/159/ll/U,0.08
bo/so/no/no/d/563/ll/A,bw/mu/yes/no/m/161/ll/A,0.08
bo/so/no/no/d/563/ll/A,bw/st/yes/yes/m/195/ll/U,0.12
bo/so/no/no/d/563/ll/A,bw/so/yes/yes/d/533/ll/A,0.2
bo/so/no/no/d/563/ll/A,bo/so/yes/no/d/567/ll/U,0.25
bo/so/no/no/d/563/ll/A,bw/so/no/yes/d/551/ll/A,0.21
bo/so/no/no/d/563/ll/A,bo/so/yes/no/d/569/ll/A,0.25
bo/so/no/no/d/563/ll/A,bw/st/no/yes/d/503/ll/A,0.12
bo/so/no/no/d/563/ll/A,bw/mu/no/yes/m/167/ll/A,0.08
bo/so/no/no/d/563/ll/A,bo/so/yes/yes/d/557/ll/A,0.22
bo/so/no/no/d/563/ll/A,bo/so/no/no/d/561/ll/U,1.0
bo/so/no/no/d/563/ll/A,bw/so/yes/yes/m/245/ll/A,0.2
bo/so/no/no/d/563/ll/A,bo/so/no/yes/m/287/ll/A,0.59
bo/so/no/no/d/563/ll/A,bo/so/no/no/m/273/ll/U,1.0
bo/so/no/no/d/563/ll/A,bw/st/yes/yes/d/485/ll/A,0.12
bo/so/no/no/d/563/ll/A,bo/st/no/no/m/227/ll/A,0.12
bo/so/no/no/d/563/ll/A,bo/mu/yes/no/d/471/ll/U,0.08
bo/so/no/no/d/563/ll/A,bw/mu/yes/no/d/449/ll/A,0.08
bo/so/no/no/d/563/ll/A,bw/mu/yes/no/d/447/ll/U,0.08
bo/so/no/no/d/563/ll/A,bo/so/yes/no/m/281/ll/A,0.25
bo/so/no/no/d/563/ll/A,bo/so/no/no/m/275/ll/A,1.0
bo/so/no/no/d/563/ll/A,bw/so/yes/yes/m/243/ll/U,0.2
bo/so/no/no/d/563/ll/A,bo/mu/no/yes/d/479/ll/A,0.08
bo/so/no/no/d/563/ll/A,bw/mu/no/no/d/441/ll/U,0.07
bo/so/no/no/d/563/ll/A,bw/st/yes/yes/d/483/ll/U,0.12
bo/so/no/no/d/563/ll/A,bo/mu/no/yes/d/477/ll/U,0.08
bo/so/no/no/d/563/ll/A,bo/st/yes/yes/m/221/ll/A,0.11
bo/so/no/no/d/563/ll/A,bo/st/yes/yes/m/219/ll/U,0.11
bo/so/yes/yes/d/555/ll/U,bw/st/yes/no/m/207/ll/U,0.42
bo/so/yes/yes/d/555/ll/U,bo/st/yes/no/m/231/ll/U,0.5
bo/so/yes/yes/d/555/ll/U,bo/mu/no/no/d/467/ll/A,0.35
bo/so/yes/yes/d/555/ll/U,bw/st/yes/no/m/209/ll/A,0.42
bo/so/yes/yes/d/555/ll/U,bw/so/yes/no/m/255/ll/U,0.55
bo/so/yes/yes/d/555/ll/U,bw/mu/yes/yes/d/435/ll/U,0.38
bo/so/yes/yes/d/555/ll/U,bw/so/no/yes/m/263/ll/A,0.65
bo/so/yes/yes/d/555/ll/U,bo/mu/yes/yes/d/461/ll/A,0.38
bo/so/yes/yes/d/555/ll/U,bo/st/no/yes/m/237/ll/U,0.39
bo/so/yes/yes/d/555/ll/U,bw/st/yes/no/d/495/ll/U,0.42
bo/so/yes/yes/d/555/ll/U,bo/mu/yes/yes/d/459/ll/U,0.38
bo/so/yes/yes/d/555/ll/U,bo/st/no/yes/m/239/ll/A,0.39
bo/so/yes/yes/d/555/ll/U,bw/st/no/no/m/201/ll/U,0.41
bo/so/yes/yes/d/555/ll/U,bo/st/no/yes/d/525/ll/U,0.39
bo/so/yes/yes/d/555/ll/U,bo/mu/no/no/m/179/ll/A,0.35
bo/so/yes/yes/d/555/ll/U,bo/mu/yes/no/m/183/ll/U,0.39
bo/so/yes/yes/d/555/ll/U,bo/mu/no/no/m/177/ll/U,0.35
bo/so/yes/yes/d/555/ll/U,bo/st/no/no/d/513/ll/U,0.4
bo/so/yes/yes/d/555/ll/U,bw/so/no/yes/d/549/ll/U,0.65
bo/so/yes/yes/d/555/ll/U,bw/mu/yes/yes/m/149/ll/A,0.38
bo/so/yes/yes/d/555/ll/U,bo/mu/yes/no/m/185/ll/A,0.39
bo/so/yes/yes/d/555/ll/U,bo/st/no/no/d/515/ll/A,0.4
bo/so/yes/yes/d/555/ll/U,bo/mu/yes/yes/m/171/ll/U,0.38
bo/so/yes/yes/d/555/ll/U,bw/mu/yes/yes/m/147/ll/U,0.38
bo/so/yes/yes/d/555/ll/U,bo/so/no/no/d/563/ll/A,0.22
bo/so/yes/yes/d/555/ll/U,bo/so/yes/yes/d/555/ll/U,1.0
bo/so/yes/yes/d/555/ll/U,bw/so/no/no/d/539/ll/A,0.54
bo/so/yes/yes/d/555/ll/U,bo/mu/no/yes/m/191/ll/A,0.37
bo/so/yes/yes/d/555/ll/U,bw/st/no/yes/d/501/ll/U,0.43
bo/so/yes/yes/d/555/ll/U,bw/mu/no/yes/m/165/ll/U,0.37
bo/so/yes/yes/d/555/ll/U,bw/mu/no/no/m/153/ll/U,0.36
bo/so/yes/yes/d/555/ll/U,bw/so/no/no/d/537/ll/U,0.54
bo/so/yes/yes/d/555/ll/U,bw/so/yes/yes/d/531/ll/U,0.69
bo/so/yes/yes/d/555/ll/U,bw/mu/no/no/m/155/ll/A,0.36
bo/so/yes/yes/d/555/ll/U,bo/st/yes/yes/d/509/ll/A,0.47
bo/so/yes/yes/d/555/ll/U,bw/st/yes/yes/m/197/ll/A,0.44
bo/so/yes/yes/d/555/ll/U,bo/st/yes/yes/d/507/ll/U,0.47
bo/so/yes/yes/d/555/ll/U,bw/st/no/yes/m/215/ll/A,0.43
bo/so/yes/yes/d/555/ll/U,bw/mu/no/no/d/443/ll/A,0.36
bo/so/yes/yes/d/555/ll/U,bo/so/yes/no/m/279/ll/U,0.7
bo/so/yes/yes/d/555/ll/U,bw/st/no/no/d/489/ll/U,0.41
bo/so/yes/yes/d/555/ll/U,bw/st/no/yes/m/213/ll/U,0.43
bo/so/yes/yes/d/555/ll/U,bo/st/no/no/m/225/ll/U,0.4
bo/so/yes/yes/d/555/ll/U,bo/mu/yes/no/d/473/ll/A,0.39
bo/so/yes/yes/d/555/ll/U,bw/so/no/no/m/249/ll/U,0.54
bo/so/yes/yes/d/555/ll/U,bo/so/no/yes/m/285/ll/U,0.22
bo/so/yes/yes/d/555/ll/U,bw/st/no/no/m/203/ll/A,0.41
bo/so/yes/yes/d/555/ll/U,bw/mu/no/yes/d/455/ll/A,0.37
bo/so/yes/yes/d/555/ll/U,bw/st/yes/no/d/497/ll/A,0.42
bo/so/yes/yes/d/555/ll/U,bw/mu/yes/yes/d/437/ll/A,0.38
bo/so/yes/yes/d/555/ll/U,bw/so/no/yes/m/261/ll/U,0.65
bo/so/yes/yes/d/555/ll/U,bw/so/yes/no/m/257/ll/A,0.55
bo/so/yes/yes/d/555/ll/U,bw/st/no/no/d/491/ll/A,0.41
bo/so/yes/yes/d/555/ll/U,bo/st/yes/no/m/233/ll/A,0.5
bo/so/yes/yes/d/555/ll/U,bo/mu/no/no/d/465/ll/U,0.35
bo/so/yes/yes/d/555/ll/U,bw/mu/no/yes/d/453/ll/U,0.37
bo/so/yes/yes/d/555/ll/U,bw/so/no/no/m/251/ll/A,0.54
bo/so/yes/yes/d/555/ll/U,bo/so/yes/yes/m/269/ll/A,1.0
bo/so/yes/yes/d/555/ll/U,bo/so/yes/yes/m/267/ll/U,1.0
bo/so/yes/yes/d/555/ll/U,bw/so/yes/no/d/543/ll/U,0.55
bo/so/yes/yes/d/555/ll/U,bo/so/no/yes/d/575/ll/A,0.22
bo/so/yes/yes/d/555/ll/U,bo/st/yes/no/d/521/ll/A,0.5
bo/so/yes/yes/d/555/ll/U,bo/mu/no/yes/m/189/ll/U,0.37
bo/so/yes/yes/d/555/ll/U,bo/st/yes/no/d/519/ll/U,0.5
bo/so/yes/yes/d/555/ll/U,bo/mu/yes/yes/m/173/ll/A,0.38
bo/so/yes/yes/d/555/ll/U,bo/so/no/yes/d/573/ll/U,0.22
bo/so/yes/yes/d/555/ll/U,bw/so/yes/no/d/545/ll/A,0.55
bo/so/yes/yes/d/555/ll/U,bo/st/no/yes/d/527/ll/A,0.39
bo/so/yes/yes/d/555/ll/U,bw/mu/yes/no/m/159/ll/U,0.38
bo/so/yes/yes/d/555/ll/U,bw/mu/yes/no/m/161/ll/A,0.38
bo/so/yes/yes/d/555/ll/U,bw/st/yes/yes/m/195/ll/U,0.44
bo/so/yes/yes/d/555/ll/U,bw/so/yes/yes/d/533/ll/A,0.69
bo/so/yes/yes/d/555/ll/U,bo/so/yes/no/d/567/ll/U,0.7
bo/so/yes/yes/d/555/ll/U,bw/so/no/yes/d/551/ll/A,0.65
bo/so/yes/yes/d/555/ll/U,bo/so/yes/no/d/569/ll/A,0.7
bo/so/yes/yes/d/555/ll/U,bw/st/no/yes/d/503/ll/A,0.43
bo/so/yes/yes/d/555/ll/U,bw/mu/no/yes/m/167/ll/A,0.37
bo/so/yes/yes/d/555/ll/U,bo/so/yes/yes/d/557/ll/A,1.0
bo/so/yes/yes/d/555/ll/U,bo/so/no/no/d/561/ll/U,0.22
bo/so/yes/yes/d/555/ll/U,bw/so/yes/yes/m/245/ll/A,0.69
bo/so/yes/yes/d/555/ll/U,bo/so/no/yes/m/287/ll/A,0.22
bo/so/yes/yes/d/555/ll/U,bo/so/no/no/m/273/ll/U,0.22
bo/so/yes/yes/d/555/ll/U,bw/st/yes/yes/d/485/ll/A,0.44
bo/so/yes/yes/d/555/ll/U,bo/st/no/no/m/227/ll/A,0.4
bo/so/yes/yes/d/555/ll/U,bo/mu/yes/no/d/471/ll/U,0.39
bo/so/yes/yes/d/555/ll/U,bw/mu/yes/no/d/449/ll/A,0.38
bo/so/yes/yes/d/555/ll/U,bw/mu/yes/no/d/447/ll/U,0.38
bo/so/yes/yes/d/555/ll/U,bo/so/yes/no/m/281/ll/A,0.7
bo/so/yes/yes/d/555/ll/U,bo/so/no/no/m/275/ll/A,0.22
bo/so/yes/yes/d/555/ll/U,bw/so/yes/yes/m/243/ll/U,0.69
bo/so/yes/yes/d/555/ll/U,bo/mu/no/yes/d/479/ll/A,0.37
bo/so/yes/yes/d/555/ll/U,bw/mu/no/no/d/441/ll/U,0.36
bo/so/yes/yes/d/555/ll/U,bw/st/yes/yes/d/483/ll/U,0.44
bo/so/yes/yes/d/555/ll/U,bo/mu/no/yes/d/477/ll/U,0.37
bo/so/yes/yes/d/555/ll/U,bo/st/yes/yes/m/221/ll/A,0.47
bo/so/yes/yes/d/555/ll/U,bo/st/yes/yes/m/219/ll/U,0.47
bw/so/no/no/d/539/ll/A,bw/st/yes/no/m/207/ll/U,0.37
bw/so/no/no/d/539/ll/A,bo/st/yes/no/m/231/ll/U,0.37
bw/so/no/no/d/539/ll/A,bo/mu/no/no/d/467/ll/A,0.27
bw/so/no/no/d/539/ll/A,bw/st/yes/no/m/209/ll/A,0.37
bw/so/no/no/d/539/ll/A,bw/so/yes/no/m/255/ll/U,0.87
bw/so/no/no/d/539/ll/A,bw/mu/yes/yes/d/435/ll/U,0.3
bw/so/no/no/d/539/ll/A,bw/so/no/yes/m/263/ll/A,0.78
bw/so/no/no/d/539/ll/A,bo/mu/yes/yes/d/461/ll/A,0.29
bw/so/no/no/d/539/ll/A,bo/st/no/yes/m/237/ll/U,0.29
bw/so/no/no/d/539/ll/A,bw/st/yes/no/d/495/ll/U,0.37
bw/so/no/no/d/539/ll/A,bo/mu/yes/yes/d/459/ll/U,0.29
bw/so/no/no/d/539/ll/A,bo/st/no/yes/m/239/ll/A,0.29
bw/so/no/no/d/539/ll/A,bw/st/no/no/m/201/ll/U,0.38
bw/so/no/no/d/539/ll/A,bo/st/no/yes/d/525/ll/U,0.29
bw/so/no/no/d/539/ll/A,bo/mu/no/no/m/179/ll/A,0.27
bw/so/no/no/d/539/ll/A,bo/mu/yes/no/m/183/ll/U,0.29
bw/so/no/no/d/539/ll/A,bo/mu/no/no/m/177/ll/U,0.27
bw/so/no/no/d/539/ll/A,bo/st/no/no/d/513/ll/U,0.31
bw/so/no/no/d/539/ll/A,bw/so/no/yes/d/549/ll/U,0.78
bw/so/no/no/d/539/ll/A,bw/mu/yes/yes/m/149/ll/A,0.3
bw/so/no/no/d/539/ll/A,bo/mu/yes/no/m/185/ll/A,0.29
bw/so/no/no/d/539/ll/A,bo/st/no/no/d/515/ll/A,0.31
bw/so/no/no/d/539/ll/A,bo/mu/yes/yes/m/171/ll/U,0.29
bw/so/no/no/d/539/ll/A,bw/mu/yes/yes/m/147/ll/U,0.3
bw/so/no/no/d/539/ll/A,bo/so/no/no/d/563/ll/A,0.22
bw/so/no/no/d/539/ll/A,bo/so/yes/yes/d/555/ll/U,0.54
bw/so/no/no/d/539/ll/A,bw/so/no/no/d/539/ll/A,1.0
bw/so/no/no/d/539/ll/A,bo/mu/no/yes/m/191/ll/A,0.27
bw/so/no/no/d/539/ll/A,bw/st/no/yes/d/501/ll/U,0.39
bw/so/no/no/d/539/ll/A,bw/mu/no/yes/m/165/ll/U,0.3
bw/so/no/no/d/539/ll/A,bw/mu/no/no/m/153/ll/U,0.29
bw/so/no/no/d/539/ll/A,bw/so/no/no/d/537/ll/U,1.0
bw/so/no/no/d/539/ll/A,bw/so/yes/yes/d/531/ll/U,0.7
bw/so/no/no/d/539/ll/A,bw/mu/no/no/m/155/ll/A,0.29
bw/so/no/no/d/539/ll/A,bo/st/yes/yes/d/509/ll/A,0.34
bw/so/no/no/d/539/ll/A,bw/st/yes/yes/m/197/ll/A,0.38
bw/so/no/no/d/539/ll/A,bo/st/yes/yes/d/507/ll/U,0.34
bw/so/no/no/d/539/ll/A,bw/st/no/yes/m/215/ll/A,0.39
bw/so/no/no/d/539/ll/A,bw/mu/no/no/d/443/ll/A,0.29
bw/so/no/no/d/539/ll/A,bo/so/yes/no/m/279/ll/U,0.7
bw/so/no/no/d/539/ll/A,bw/st/no/no/d/489/ll/U,0.38
bw/so/no/no/d/539/ll/A,bw/st/no/yes/m/213/ll/U,0.39
bw/so/no/no/d/539/ll/A,bo/st/no/no/m/225/ll/U,0.31
bw/so/no/no/d/539/ll/A,bo/mu/yes/no/d/473/ll/A,0.29
bw/so/no/no/d/539/ll/A,bw/so/no/no/m/249/ll/U,1.0
bw/so/no/no/d/539/ll/A,bo/so/no/yes/m/285/ll/U,0.16
bw/so/no/no/d/539/ll/A,bw/st/no/no/m/203/ll/A,0.38
bw/so/no/no/d/539/ll/A,bw/mu/no/yes/d/455/ll/A,0.3
bw/so/no/no/d/539/ll/A,bw/st/yes/no/d/497/ll/A,0.37
bw/so/no/no/d/539/ll/A,bw/mu/yes/yes/d/437/ll/A,0.3
bw/so/no/no/d/539/ll/A,bw/so/no/yes/m/261/ll/U,0.78
bw/so/no/no/d/539/ll/A,bw/so/yes/no/m/257/ll/A,0.87
bw/so/no/no/d/539/ll/A,bw/st/no/no/d/491/ll/A,0.38
bw/so/no/no/d/539/ll/A,bo/st/yes/no/m/233/ll/A,0.37
bw/so/no/no/d/539/ll/A,bo/mu/no/no/d/465/ll/U,0.27
bw/so/no/no/d/539/ll/A,bw/mu/no/yes/d/453/ll/U,0.3
bw/so/no/no/d/539/ll/A,bw/so/no/no/m/251/ll/A,1.0
bw/so/no/no/d/539/ll/A,bo/so/yes/yes/m/269/ll/A,0.54
bw/so/no/no/d/539/ll/A,bo/so/yes/yes/m/267/ll/U,0.54
bw/so/no/no/d/539/ll/A,bw/so/yes/no/d/543/ll/U,0.87
bw/so/no/no/d/539/ll/A,bo/so/no/yes/d/575/ll/A,0.16
bw/so/no/no/d/539/ll/A,bo/st/yes/no/d/521/ll/A,0.37
bw/so/no/no/d/539/ll/A,bo/mu/no/yes/m/189/ll/U,0.27
bw/so/no/no/d/539/ll/A,bo/st/yes/no/d/519/ll/U,0.37
bw/so/no/no/d/539/ll/A,bo/mu/yes/yes/m/173/ll/A,0.29
bw/so/no/no/d/539/ll/A,bo/so/no/yes/d/573/ll/U,0.16
bw/so/no/no/d/539/ll/A,bw/so/yes/no/d/545/ll/A,0.87
bw/so/no/no/d/539/ll/A,bo/st/no/yes/d/527/ll/A,0.29
bw/so/no/no/d/539/ll/A,bw/mu/yes/no/m/159/ll/U,0.3
bw/so/no/no/d/539/ll/A,bw/mu/yes/no/m/161/ll/A,0.3
bw/so/no/no/d/539/ll/A,bw/st/yes/yes/m/195/ll/U,0.38
bw/so/no/no/d/539/ll/A,bw/so/yes/yes/d/533/ll/A,0.7
bw/so/no/no/d/539/ll/A,bo/so/yes/no/d/567/ll/U,0.7
bw/so/no/no/d/539/ll/A,bw/so/no/yes/d/551/ll/A,0.78
bw/so/no/no/d/539/ll/A,bo/so/yes/no/d/569/ll/A,0.7
bw/so/no/no/d/539/ll/A,bw/st/no/yes/d/503/ll/A,0.39
bw/so/no/no/d/539/ll/A,bw/mu/no/yes/m/167/ll/A,0.3
bw/so/no/no/d/539/ll/A,bo/so/yes/yes/d/557/ll/A,0.54
bw/so/no/no/d/539/ll/A,bo/so/no/no/d/561/ll/U,0.22
bw/so/no/no/d/539/ll/A,bw/so/yes/yes/m/245/ll/A,0.7
bw/so/no/no/d/539/ll/A,bo/so/no/yes/m/287/ll/A,0.16
bw/so/no/no/d/539/ll/A,bo/so/no/no/m/273/ll/U,0.22
bw/so/no/no/d/539/ll/A,bw/st/yes/yes/d/485/ll/A,0.38
bw/so/no/no/d/539/ll/A,bo/st/no/no/m/227/ll/A,0.31
bw/so/no/no/d/539/ll/A,bo/mu/yes/no/d/471/ll/U,0.29
bw/so/no/no/d/539/ll/A,bw/mu/yes/no/d/449/ll/A,0.3
bw/so/no/no/d/539/ll/A,bw/mu/yes/no/d/447/ll/U,0.3
bw/so/no/no/d/539/ll/A,bo/so/yes/no/m/281/ll/A,0.7
bw/so/no/no/d/539/ll/A,bo/so/no/no/m/275/ll/A,0.22
bw/so/no/no/d/539/ll/A,bw/so/yes/yes/m/243/ll/U,0.7
bw/so/no/no/d/539/ll/A,bo/mu/no/yes/d/479/ll/A,0.27
bw/so/no/no/d/539/ll/A,bw/mu/no/no/d/441/ll/U,0.29
bw/so/no/no/d/539/ll/A,bw/st/yes/yes/d/483/ll/U,0.38
bw/so/no/no/d/539/ll/A,bo/mu/no/yes/d/477/ll/U,0.27
bw/so/no/no/d/539/ll/A,bo/st/yes/yes/m/221/ll/A,0.34
bw/so/no/no/d/539/ll/A,bo/st/yes/yes/m/219/ll/U,0.34
bo/mu/no/yes/m/191/ll/A,bw/st/yes/no/m/207/ll/U,0.39
bo/mu/no/yes/m/191/ll/A,bo/st/yes/no/m/231/ll/U,0.53
bo/mu/no/yes/m/191/ll/A,bo/mu/no/no/d/467/ll/A,0.87
bo/mu/no/yes/m/191/ll/A,bw/st/yes/no/m/209/ll/A,0.39
bo/mu/no/yes/m/191/ll/A,bw/so/yes/no/m/255/ll/U,0.27
bo/mu/no/yes/m/191/ll/A,bw/mu/yes/yes/d/435/ll/U,0.8
bo/mu/no/yes/m/191/ll/A,bw/so/no/yes/m/263/ll/A,0.32
bo/mu/no/yes/m/191/ll/A,bo/mu/yes/yes/d/461/ll/A,0.85
bo/mu/no/yes/m/191/ll/A,bo/st/no/yes/m/237/ll/U,0.64
bo/mu/no/yes/m/191/ll/A,bw/st/yes/no/d/495/ll/U,0.39
bo/mu/no/yes/m/191/ll/A,bo/mu/yes/yes/d/459/ll/U,0.85
bo/mu/no/yes/m/191/ll/A,bo/st/no/yes/m/239/ll/A,0.64
bo/mu/no/yes/m/191/ll/A,bw/st/no/no/m/201/ll/U,0.4
bo/mu/no/yes/m/191/ll/A,bo/st/no/yes/d/525/ll/U,0.64
bo/mu/no/yes/m/191/ll/A,bo/mu/no/no/m/179/ll/A,0.87
bo/mu/no/yes/m/191/ll/A,bo/mu/yes/no/m/183/ll/U,0.83
bo/mu/no/yes/m/191/ll/A,bo/mu/no/no/m/177/ll/U,0.87
bo/mu/no/yes/m/191/ll/A,bo/st/no/no/d/513/ll/U,0.59
bo/mu/no/yes/m/191/ll/A,bw/so/no/yes/d/549/ll/U,0.32
bo/mu/no/yes/m/191/ll/A,bw/mu/yes/yes/m/149/ll/A,0.8
bo/mu/no/yes/m/191/ll/A,bo/mu/yes/no/m/185/ll/A,0.83
bo/mu/no/yes/m/191/ll/A,bo/st/no/no/d/515/ll/A,0.59
bo/mu/no/yes/m/191/ll/A,bo/mu/yes/yes/m/171/ll/U,0.85
bo/mu/no/yes/m/191/ll/A,bw/mu/yes/yes/m/147/ll/U,0.8
bo/mu/no/yes/m/191/ll/A,bo/so/no/no/d/563/ll/A,0.08
bo/mu/no/yes/m/191/ll/A,bo/so/yes/yes/d/555/ll/U,0.37
bo/mu/no/yes/m/191/ll/A,bw/so/no/no/d/539/ll/A,0.27
bo/mu/no/yes/m/191/ll/A,bo/mu/no/yes/m/191/ll/A,1.0
bo/mu/no/yes/m/191/ll/A,bw/st/no/yes/d/501/ll/U,0.44
bo/mu/no/yes/m/191/ll/A,bw/mu/no/yes/m/165/ll/U,0.76
bo/mu/no/yes/m/191/ll/A,bw/mu/no/no/m/153/ll/U,0.74
bo/mu/no/yes/m/191/ll/A,bw/so/no/no/d/537/ll/U,0.27
bo/mu/no/yes/m/191/ll/A,bw/so/yes/yes/d/531/ll/U,0.32
bo/mu/no/yes/m/191/ll/A,bw/mu/no/no/m/155/ll/A,0.74
bo/mu/no/yes/m/191/ll/A,bo/st/yes/yes/d/509/ll/A,0.58
bo/mu/no/yes/m/191/ll/A,bw/st/yes/yes/m/197/ll/A,0.43
bo/mu/no/yes/m/191/ll/A,bo/st/yes/yes/d/507/ll/U,0.58
bo/mu/no/yes/m/191/ll/A,bw/st/no/yes/m/215/ll/A,0.44
bo/mu/no/yes/m/191/ll/A,bw/mu/no/no/d/443/ll/A,0.74
bo/mu/no/yes/m/191/ll/A,bo/so/yes/no/m/279/ll/U,0.28
bo/mu/no/yes/m/191/ll/A,bw/st/no/no/d/489/ll/U,0.4
bo/mu/no/yes/m/191/ll/A,bw/st/no/yes/m/213/ll/U,0.44
bo/mu/no/yes/m/191/ll/A,bo/st/no/no/m/225/ll/U,0.59
bo/mu/no/yes/m/191/ll/A,bo/mu/yes/no/d/473/ll/A,0.83
bo/mu/no/yes/m/191/ll/A,bw/so/no/no/m/249/ll/U,0.27
bo/mu/no/yes/m/191/ll/A,bo/so/no/yes/m/285/ll/U,0.09
bo/mu/no/yes/m/191/ll/A,bw/st/no/no/m/203/ll/A,0.4
bo/mu/no/yes/m/191/ll/A,bw/mu/no/yes/d/455/ll/A,0.76
bo/mu/no/yes/m/191/ll/A,bw/st/yes/no/d/497/ll/A,0.39
bo/mu/no/yes/m/191/ll/A,bw/mu/yes/yes/d/437/ll/A,0.8
bo/mu/no/yes/m/191/ll/A,bw/so/no/yes/m/261/ll/U,0.32
bo/mu/no/yes/m/191/ll/A,bw/so/yes/no/m/257/ll/A,0.27
bo/mu/no/yes/m/191/ll/A,bw/st/no/no/d/491/ll/A,0.4
bo/mu/no/yes/m/191/ll/A,bo/st/yes/no/m/233/ll/A,0.53
bo/mu/no/yes/m/191/ll/A,bo/mu/no/no/d/465/ll/U,0.87
bo/mu/no/yes/m/191/ll/A,bw/mu/no/yes/d/453/ll/U,0.76
bo/mu/no/yes/m/191/ll/A,bw/so/no/no/m/251/ll/A,0.27
bo/mu/no/yes/m/191/ll/A,bo/so/yes/yes/m/269/ll/A,0.37
bo/mu/no/yes/m/191/ll/A,bo/so/yes/yes/m/267/ll/U,0.37
bo/mu/no/yes/m/191/ll/A,bw/so/yes/no/d/543/ll/U,0.27
bo/mu/no/yes/m/191/ll/A,bo/so/no/yes/d/575/ll/A,0.09
bo/mu/no/yes/m/191/ll/A,bo/st/yes/no/d/521/ll/A,0.53
bo/mu/no/yes/m/191/ll/A,bo/mu/no/yes/m/189/ll/U,1.0
bo/mu/no/yes/m/191/ll/A,bo/st/yes/no/d/519/ll/U,0.53
bo/mu/no/yes/m/191/ll/A,bo/mu/yes/yes/m/173/ll/A,0.85
bo/mu/no/yes/m/191/ll/A,bo/so/no/yes/d/573/ll/U,0.09
bo/mu/no/yes/m/191/ll/A,bw/so/yes/no/d/545/ll/A,0.27
bo/mu/no/yes/m/191/ll/A,bo/st/no/yes/d/527/ll/A,0.64
bo/mu/no/yes/m/191/ll/A,bw/mu/yes/no/m/159/ll/U,0.8
bo/mu/no/yes/m/191/ll/A,bw/mu/yes/no/m/161/ll/A,0.8
bo/mu/no/yes/m/191/ll/A,bw/st/yes/yes/m/195/ll/U,0.43
bo/mu/no/yes/m/191/ll/A,bw/so/yes/yes/d/533/ll/A,0.32
bo/mu/no/yes/m/191/ll/A,bo/so/yes/no/d/567/ll/U,0.28
bo/mu/no/yes/m/191/ll/A,bw/so/no/yes/d/551/ll/A,0.32
bo/mu/no/yes/m/191/ll/A,bo/so/yes/no/d/569/ll/A,0.28
bo/mu/no/yes/m/191/ll/A,bw/st/no/yes/d/503/ll/A,0.44
bo/mu/no/yes/m/191/ll/A,bw/mu/no/yes/m/167/ll/A,0.76
bo/mu/no/yes/m/191/ll/A,bo/so/yes/yes/d/557/ll/A,0.37
bo/mu/no/yes/m/191/ll/A,bo/so/no/no/d/561/ll/U,0.08
bo/mu/no/yes/m/191/ll/A,bw/so/yes/yes/m/245/ll/A,0.32
bo/mu/no/yes/m/191/ll/A,bo/so/no/yes/m/287/ll/A,0.09
bo/mu/no/yes/m/191/ll/A,bo/so/no/no/m/273/ll/U,0.08
bo/mu/no/yes/m/191/ll/A,bw/st/yes/yes/d/485/ll/A,0.43
bo/mu/no/yes/m/191/ll/A,bo/st/no/no/m/227/ll/A,0.59
bo/mu/no/yes/m/191/ll/A,bo/mu/yes/no/d/471/ll/U,0.83
bo/mu/no/yes/m/191/ll/A,bw/mu/yes/no/d/449/ll/A,0.8
bo/mu/no/yes/m/191/ll/A,bw/mu/yes/no/d/447/ll/U,0.8
bo/mu/no/yes/m/191/ll/A,bo/so/yes/no/m/281/ll/A,0.28
bo/mu/no/yes/m/191/ll/A,bo/so/no/no/m/275/ll/A,0.08
bo/mu/no/yes/m/191/ll/A,bw/so/yes/yes/m/243/ll/U,0.32
bo/mu/no/yes/m/191/ll/A,bo/mu/no/yes/d/479/ll/A,1.0
bo/mu/no/yes/m/191/ll/A,bw/mu/no/no/d/441/ll/U,0.74
bo/mu/no/yes/m/191/ll/A,bw/st/yes/yes/d/483/ll/U,0.43
bo/mu/no/yes/m/191/ll/A,bo/mu/no/yes/d/477/ll/U,1.0
bo/mu/no/yes/m/191/ll/A,bo/st/yes/yes/m/221/ll/A,0.58
bo/mu/no/yes/m/191/ll/A,bo/st/yes/yes/m/219/ll/U,0.58
bw/st/no/yes/d/501/ll/U,bw/st/yes/no/m/207/ll/U,0.78
bw/st/no/yes/d/501/ll/U,bo/st/yes/no/m/231/ll/U,0.6
bw/st/no/yes/d/501/ll/U,bo/mu/no/no/d/467/ll/A,0.44
bw/st/no/yes/d/501/ll/U,bw/st/yes/no/m/209/ll/A,0.78
bw/st/no/yes/d/501/ll/U,bw/so/yes/no/m/255/ll/U,0.38
bw/st/no/yes/d/501/ll/U,bw/mu/yes/yes/d/435/ll/U,0.48
bw/st/no/yes/d/501/ll/U,bw/so/no/yes/m/263/ll/A,0.45
bw/st/no/yes/d/501/ll/U,bo/mu/yes/yes/d/461/ll/A,0.5
bw/st/no/yes/d/501/ll/U,bo/st/no/yes/m/237/ll/U,0.43
bw/st/no/yes/d/501/ll/U,bw/st/yes/no/d/495/ll/U,0.78
bw/st/no/yes/d/501/ll/U,bo/mu/yes/yes/d/459/ll/U,0.5
bw/st/no/yes/d/501/ll/U,bo/st/no/yes/m/239/ll/A,0.43
bw/st/no/yes/d/501/ll/U,bw/st/no/no/m/201/ll/U,0.87
bw/st/no/yes/d/501/ll/U,bo/st/no/yes/d/525/ll/U,0.43
bw/st/no/yes/d/501/ll/U,bo/mu/no/no/m/179/ll/A,0.44
bw/st/no/yes/d/501/ll/U,bo/mu/yes/no/m/183/ll/U,0.47
bw/st/no/yes/d/501/ll/U,bo/mu/no/no/m/177/ll/U,0.44
bw/st/no/yes/d/501/ll/U,bo/st/no/no/d/513/ll/U,0.44
bw/st/no/yes/d/501/ll/U,bw/so/no/yes/d/549/ll/U,0.45
bw/st/no/yes/d/501/ll/U,bw/mu/yes/yes/m/149/ll/A,0.48
bw/st/no/yes/d/501/ll/U,bo/mu/yes/no/m/185/ll/A,0.47
bw/st/no/yes/d/501/ll/U,bo/st/no/no/d/515/ll/A,0.44
bw/st/no/yes/d/501/ll/U,bo/mu/yes/yes/m/171/ll/U,0.5
bw/st/no/yes/d/501/ll/U,bw/mu/yes/yes/m/147/ll/U,0.48
bw/st/no/yes/d/501/ll/U,bo/so/no/no/d/563/ll/A,0.12
bw/st/no/yes/d/501/ll/U,bo/so/yes/yes/d/555/ll/U,0.43
bw/st/no/yes/d/501/ll/U,bw/so/no/no/d/539/ll/A,0.39
bw/st/no/yes/d/501/ll/U,bo/mu/no/yes/m/191/ll/A,0.44
bw/st/no/yes/d/501/ll/U,bw/st/no/yes/d/501/ll/U,1.0
bw/st/no/yes/d/501/ll/U,bw/mu/no/yes/m/165/ll/U,0.47
bw/st/no/yes/d/501/ll/U,bw/mu/no/no/m/153/ll/U,0.48
bw/st/no/yes/d/501/ll/U,bw/so/no/no/d/537/ll/U,0.39
bw/st/no/yes/d/501/ll/U,bw/so/yes/yes/d/531/ll/U,0.44
bw/st/no/yes/d/501/ll/U,bw/mu/no/no/m/155/ll/A,0.48
bw/st/no/yes/d/501/ll/U,bo/st/yes/yes/d/509/ll/A,0.55
bw/st/no/yes/d/501/ll/U,bw/st/yes/yes/m/197/ll/A,0.86
bw/st/no/yes/d/501/ll/U,bo/st/yes/yes/d/507/ll/U,0.55
bw/st/no/yes/d/501/ll/U,bw/st/no/yes/m/215/ll/A,1.0
bw/st/no/yes/d/501/ll/U,bw/mu/no/no/d/443/ll/A,0.48
bw/st/no/yes/d/501/ll/U,bo/so/yes/no/m/279/ll/U,0.36
bw/st/no/yes/d/501/ll/U,bw/st/no/no/d/489/ll/U,0.87
bw/st/no/yes/d/501/ll/U,bw/st/no/yes/m/213/ll/U,1.0
bw/st/no/yes/d/501/ll/U,bo/st/no/no/m/225/ll/U,0.44
bw/st/no/yes/d/501/ll/U,bo/mu/yes/no/d/473/ll/A,0.47
bw/st/no/yes/d/501/ll/U,bw/so/no/no/m/249/ll/U,0.39
bw/st/no/yes/d/501/ll/U,bo/so/no/yes/m/285/ll/U,0.12
bw/st/no/yes/d/501/ll/U,bw/st/no/no/m/203/ll/A,0.87
bw/st/no/yes/d/501/ll/U,bw/mu/no/yes/d/455/ll/A,0.47
bw/st/no/yes/d/501/ll/U,bw/st/yes/no/d/497/ll/A,0.78
bw/st/no/yes/d/501/ll/U,bw/mu/yes/yes/d/437/ll/A,0.48
bw/st/no/yes/d/501/ll/U,bw/so/no/yes/m/261/ll/U,0.45
bw/st/no/yes/d/501/ll/U,bw/so/yes/no/m/257/ll/A,0.38
bw/st/no/yes/d/501/ll/U,bw/st/no/no/d/491/ll/A,0.87
bw/st/no/yes/d/501/ll/U,bo/st/yes/no/m/233/ll/A,0.6
bw/st/no/yes/d/501/ll/U,bo/mu/no/no/d/465/ll/U,0.44
bw/st/no/yes/d/501/ll/U,bw/mu/no/yes/d/453/ll/U,0.47
bw/st/no/yes/d/501/ll/U,bw/so/no/no/m/251/ll/A,0.39
bw/st/no/yes/d/501/ll/U,bo/so/yes/yes/m/269/ll/A,0.43
bw/st/no/yes/d/501/ll/U,bo/so/yes/yes/m/267/ll/U,0.43
bw/st/no/yes/d/501/ll/U,bw/so/yes/no/d/543/ll/U,0.38
bw/st/no/yes/d/501/ll/U,bo/so/no/yes/d/575/ll/A,0.12
bw/st/no/yes/d/501/ll/U,bo/st/yes/no/d/521/ll/A,0.6
bw/st/no/yes/d/501/ll/U,bo/mu/no/yes/m/189/ll/U,0.44
bw/st/no/yes/d/501/ll/U,bo/st/yes/no/d/519/ll/U,0.6
bw/st/no/yes/d/501/ll/U,bo/mu/yes/yes/m/173/ll/A,0.5
bw/st/no/yes/d/501/ll/U,bo/so/no/yes/d/573/ll/U,0.12
bw/st/no/yes/d/501/ll/U,bw/so/yes/no/d/545/ll/A,0.38
bw/st/no/yes/d/501/ll/U,bo/st/no/yes/d/527/ll/A,0.43
bw/st/no/yes/d/501/ll/U,bw/mu/yes/no/m/159/ll/U,0.48
bw/st/no/yes/d/501/ll/U,bw/mu/yes/no/m/161/ll/A,0.48
bw/st/no/yes/d/501/ll/U,bw/st/yes/yes/m/195/ll/U,0.86
bw/st/no/yes/d/501/ll/U,bw/so/yes/yes/d/533/ll/A,0.44
bw/st/no/yes/d/501/ll/U,bo/so/yes/no/d/567/ll/U,0.36
bw/st/no/yes/d/501/ll/U,bw/so/no/yes/d/551/ll/A,0.45
bw/st/no/yes/d/501/ll/U,bo/so/yes/no/d/569/ll/A,0.36
bw/st/no/yes/d/501/ll/U,bw/st/no/yes/d/503/ll/A,1.0
bw/st/no/yes/d/501/ll/U,bw/mu/no/yes/m/167/ll/A,0.47
bw/st/no/yes/d/501/ll/U,bo/so/yes/yes/d/557/ll/A,0.43
bw/st/no/yes/d/501/ll/U,bo/so/no/no/d/561/ll/U,0.12
bw/st/no/yes/d/501/ll/U,bw/so/yes/yes/m/245/ll/A,0.44
bw/st/no/yes/d/501/ll/U,bo/so/no/yes/m/287/ll/A,0.12
bw/st/no/yes/d/501/ll/U,bo/so/no/no/m/273/ll/U,0.12
bw/st/no/yes/d/501/ll/U,bw/st/yes/yes/d/485/ll/A,0.86
bw/st/no/yes/d/501/ll/U,bo/st/no/no/m/227/ll/A,0.44
bw/st/no/yes/d/501/ll/U,bo/mu/yes/no/d/471/ll/U,0.47
bw/st/no/yes/d/501/ll/U,bw/mu/yes/no/d/449/ll/A,0.48
bw/st/no/yes/d/501/ll/U,bw/mu/yes/no/d/447/ll/U,0.48
bw/st/no/yes/d/501/ll/U,bo/so/yes/no/m/281/ll/A,0.36
bw/st/no/yes/d/501/ll/U,bo/so/no/no/m/275/ll/A,0.12
bw/st/no/yes/d/501/ll/U,bw/so/yes/yes/m/243/ll/U,0.44
bw/st/no/yes/d/501/ll/U,bo/mu/no/yes/d/479/ll/A,0.44
bw/st/no/yes/d/501/ll/U,bw/mu/no/no/d/441/ll/U,0.48
bw/st/no/yes/d/501/ll/U,bw/st/yes/yes/d/483/ll/U,0.86
bw/st/no/yes/d/501/ll/U,bo/mu/no/yes/d/477/ll/U,0.44
bw/st/no/yes/d/501/ll/U,bo/st/yes/yes/m/221/ll/A,0.55
bw/st/no/yes/d/501/ll/U,bo/st/yes/yes/m/219/ll/U,0.55
bw/mu/no/yes/m/165/ll/U,bw/st/yes/no/m/207/ll/U,0.41
bw/mu/no/yes/m/165/ll/U,bo/st/yes/no/m/231/ll/U,0.54
bw/mu/no/yes/m/165/ll/U,bo/mu/no/no/d/467/ll/A,0.71
bw/mu/no/yes/m/165/ll/U,bw/st/yes/no/m/209/ll/A,0.41
bw/mu/no/yes/m/165/ll/U,bw/so/yes/no/m/255/ll/U,0.29
bw/mu/no/yes/m/165/ll/U,bw/mu/yes/yes/d/435/ll/U,0.93
bw/mu/no/yes/m/165/ll/U,bw/so/no/yes/m/263/ll/A,0.35
bw/mu/no/yes/m/165/ll/U,bo/mu/yes/yes/d/461/ll/A,0.83
bw/mu/no/yes/m/165/ll/U,bo/st/no/yes/m/237/ll/U,0.59
bw/mu/no/yes/m/165/ll/U,bw/st/yes/no/d/495/ll/U,0.41
bw/mu/no/yes/m/165/ll/U,bo/mu/yes/yes/d/459/ll/U,0.83
bw/mu/no/yes/m/165/ll/U,bo/st/no/yes/m/239/ll/A,0.59
bw/mu/no/yes/m/165/ll/U,bw/st/no/no/m/201/ll/U,0.42
bw/mu/no/yes/m/165/ll/U,bo/st/no/yes/d/525/ll/U,0.59
bw/mu/no/yes/m/165/ll/U,bo/mu/no/no/m/179/ll/A,0.71
bw/mu/no/yes/m/165/ll/U,bo/mu/yes/no/m/183/ll/U,0.85
bw/mu/no/yes/m/165/ll/U,bo/mu/no/no/m/177/ll/U,0.71
bw/mu/no/yes/m/165/ll/U,bo/st/no/no/d/513/ll/U,0.55
bw/mu/no/yes/m/165/ll/U,bw/so/no/yes/d/549/ll/U,0.35
bw/mu/no/yes/m/165/ll/U,bw/mu/yes/yes/m/149/ll/A,0.93
bw/mu/no/yes/m/165/ll/U,bo/mu/yes/no/m/185/ll/A,0.85
bw/mu/no/yes/m/165/ll/U,bo/st/no/no/d/515/ll/A,0.55
bw/mu/no/yes/m/165/ll/U,bo/mu/yes/yes/m/171/ll/U,0.83
bw/mu/no/yes/m/165/ll/U,bw/mu/yes/yes/m/147/ll/U,0.93
bw/mu/no/yes/m/165/ll/U,bo/so/no/no/d/563/ll/A,0.08
bw/mu/no/yes/m/165/ll/U,bo/so/yes/yes/d/555/ll/U,0.37
bw/mu/no/yes/m/165/ll/U,bw/so/no/no/d/539/ll/A,0.3
bw/mu/no/yes/m/165/ll/U,bo/mu/no/yes/m/191/ll/A,0.76
bw/mu/no/yes/m/165/ll/U,bw/st/no/yes/d/501/ll/U,0.47
bw/mu/no/yes/m/165/ll/U,bw/mu/no/yes/m/165/ll/U,1.0
bw/mu/no/yes/m/165/ll/U,bw/mu/no/no/m/153/ll/U,0.87
bw/mu/no/yes/m/165/ll/U,bw/so/no/no/d/537/ll/U,0.3
bw/mu/no/yes/m/165/ll/U,bw/so/yes/yes/d/531/ll/U,0.35
bw/mu/no/yes/m/165/ll/U,bw/mu/no/no/m/155/ll/A,0.87
bw/mu/no/yes/m/165/ll/U,bo/st/yes/yes/d/509/ll/A,0.59
bw/mu/no/yes/m/165/ll/U,bw/st/yes/yes/m/197/ll/A,0.46
bw/mu/no/yes/m/165/ll/U,bo/st/yes/yes/d/507/ll/U,0.59
bw/mu/no/yes/m/165/ll/U,bw/st/no/yes/m/215/ll/A,0.47
bw/mu/no/yes/m/165/ll/U,bw/mu/no/no/d/443/ll/A,0.87
bw/mu/no/yes/m/165/ll/U,bo/so/yes/no/m/279/ll/U,0.3
bw/mu/no/yes/m/165/ll/U,bw/st/no/no/d/489/ll/U,0.42
bw/mu/no/yes/m/165/ll/U,bw/st/no/yes/m/213/ll/U,0.47
bw/mu/no/yes/m/165/ll/U,bo/st/no/no/m/225/ll/U,0.55
bw/mu/no/yes/m/165/ll/U,bo/mu/yes/no/d/473/ll/A,0.85
bw/mu/no/yes/m/165/ll/U,bw/so/no/no/m/249/ll/U,0.3
bw/mu/no/yes/m/165/ll/U,bo/so/no/yes/m/285/ll/U,0.09
bw/mu/no/yes/m/165/ll/U,bw/st/no/no/m/203/ll/A,0.42
bw/mu/no/yes/m/165/ll/U,bw/mu/no/yes/d/455/ll/A,1.0
bw/mu/no/yes/m/165/ll/U,bw/st/yes/no/d/497/ll/A,0.41
bw/mu/no/yes/m/165/ll/U,bw/mu/yes/yes/d/437/ll/A,0.93
bw/mu/no/yes/m/165/ll/U,bw/so/no/yes/m/261/ll/U,0.35
bw/mu/no/yes/m/165/ll/U,bw/so/yes/no/m/257/ll/A,0.29
bw/mu/no/yes/m/165/ll/U,bw/st/no/no/d/491/ll/A,0.42
bw/mu/no/yes/m/165/ll/U,bo/st/yes/no/m/233/ll/A,0.54
bw/mu/no/yes/m/165/ll/U,bo/mu/no/no/d/465/ll/U,0.71
bw/mu/no/yes/m/165/ll/U,bw/mu/no/yes/d/453/ll/U,1.0
bw/mu/no/yes/m/165/ll/U,bw/so/no/no/m/251/ll/A,0.3
bw/mu/no/yes/m/165/ll/U,bo/so/yes/yes/m/269/ll/A,0.37
bw/mu/no/yes/m/165/ll/U,bo/so/yes/yes/m/267/ll/U,0.37
bw/mu/no/yes/m/165/ll/U,bw/so/yes/no/d/543/ll/U,0.29
bw/mu/no/yes/m/165/ll/U,bo/so/no/yes/d/575/ll/A,0.09
bw/mu/no/yes/m/165/ll/U,bo/st/yes/no/d/521/ll/A,0.54
bw/mu/no/yes/m/165/ll/U,bo/mu/no/yes/m/189/ll/U,0.76
bw/mu/no/yes/m/165/ll/U,bo/st/yes/no/d/519/ll/U,0.54
bw/mu/no/yes/m/165/ll/U,bo/mu/yes/yes/m/173/ll/A,0.83
bw/mu/no/yes/m/165/ll/U,bo/so/no/yes/d/573/ll/U,0.09
bw/mu/no/yes/m/165/ll/U,bw/so/yes/no/d/545/ll/A,0.29
bw/mu/no/yes/m/165/ll/U,bo/st/no/yes/d/527/ll/A,0.59
bw/mu/no/yes/m/165/ll/U,bw/mu/yes/no/m/159/ll/U,0.9
bw/mu/no/yes/m/165/ll/U,bw/mu/yes/no/m/161/ll/A,0.9
bw/mu/no/yes/m/165/ll/U,bw/st/yes/yes/m/195/ll/U,0.46
bw/mu/no/yes/m/165/ll/U,bw/so/yes/yes/d/533/ll/A,0.35
bw/mu/no/yes/m/165/ll/U,bo/so/yes/no/d/567/ll/U,0.3
bw/mu/no/yes/m/165/ll/U,bw/so/no/yes/d/551/ll/A,0.35
bw/mu/no/yes/m/165/ll/U,bo/so/yes/no/d/569/ll/A,0.3
bw/mu/no/yes/m/165/ll/U,bw/st/no/yes/d/503/ll/A,0.47
bw/mu/no/yes/m/165/ll/U,bw/mu/no/yes/m/167/ll/A,1.0
bw/mu/no/yes/m/165/ll/U,bo/so/yes/yes/d/557/ll/A,0.37
bw/mu/no/yes/m/165/ll/U,bo/so/no/no/d/561/ll/U,0.08
bw/mu/no/yes/m/165/ll/U,bw/so/yes/yes/m/245/ll/A,0.35
bw/mu/no/yes/m/165/ll/U,bo/so/no/yes/m/287/ll/A,0.09
bw/mu/no/yes/m/165/ll/U,bo/so/no/no/m/273/ll/U,0.08
bw/mu/no/yes/m/165/ll/U,bw/st/yes/yes/d/485/ll/A,0.46
bw/mu/no/yes/m/165/ll/U,bo/st/no/no/m/227/ll/A,0.55
bw/mu/no/yes/m/165/ll/U,bo/mu/yes/no/d/471/ll/U,0.85
bw/mu/no/yes/m/165/ll/U,bw/mu/yes/no/d/449/ll/A,0.9
bw/mu/no/yes/m/165/ll/U,bw/mu/yes/no/d/447/ll/U,0.9
bw/mu/no/yes/m/165/ll/U,bo/so/yes/no/m/281/ll/A,0.3
bw/mu/no/yes/m/165/ll/U,bo/so/no/no/m/275/ll/A,0.08
bw/mu/no/yes/m/165/ll/U,bw/so/yes/yes/m/243/ll/U,0.35
bw/mu/no/yes/m/165/ll/U,bo/mu/no/yes/d/479/ll/A,0.76
bw/mu/no/yes/m/165/ll/U,bw/mu/no/no/d/441/ll/U,0.87
bw/mu/no/yes/m/165/ll/U,bw/st/yes/yes/d/483/ll/U,0.46
bw/mu/no/yes/m/165/ll/U,bo/mu/no/yes/d/477/ll/U,0.76
bw/mu/no/yes/m/165/ll/U,bo/st/yes/yes/m/221/ll/A,0.59
bw/mu/no/yes/m/165/ll/U,bo/st/yes/yes/m/219/ll/U,0.59
bw/mu/no/no/m/153/ll/U,bw/st/yes/no/m/207/ll/U,0.42
bw/mu/no/no/m/153/ll/U,bo/st/yes/no/m/231/ll/U,0.52
bw/mu/no/no/m/153/ll/U,bo/mu/no/no/d/467/ll/A,0.73
bw/mu/no/no/m/153/ll/U,bw/st/yes/no/m/209/ll/A,0.42
bw/mu/no/no/m/153/ll/U,bw/so/yes/no/m/255/ll/U,0.28
bw/mu/no/no/m/153/ll/U,bw/mu/yes/yes/d/435/ll/U,0.84
bw/mu/no/no/m/153/ll/U,bw/so/no/yes/m/263/ll/A,0.33
bw/mu/no/no/m/153/ll/U,bo/mu/yes/yes/d/461/ll/A,0.83
bw/mu/no/no/m/153/ll/U,bo/st/no/yes/m/237/ll/U,0.56
bw/mu/no/no/m/153/ll/U,bw/st/yes/no/d/495/ll/U,0.42
bw/mu/no/no/m/153/ll/U,bo/mu/yes/yes/d/459/ll/U,0.83
bw/mu/no/no/m/153/ll/U,bo/st/no/yes/m/239/ll/A,0.56
bw/mu/no/no/m/153/ll/U,bw/st/no/no/m/201/ll/U,0.43
bw/mu/no/no/m/153/ll/U,bo/st/no/yes/d/525/ll/U,0.56
bw/mu/no/no/m/153/ll/U,bo/mu/no/no/m/179/ll/A,0.73
bw/mu/no/no/m/153/ll/U,bo/mu/yes/no/m/183/ll/U,0.8
bw/mu/no/no/m/153/ll/U,bo/mu/no/no/m/177/ll/U,0.73
bw/mu/no/no/m/153/ll/U,bo/st/no/no/d/513/ll/U,0.52
bw/mu/no/no/m/153/ll/U,bw/so/no/yes/d/549/ll/U,0.33
bw/mu/no/no/m/153/ll/U,bw/mu/yes/yes/m/149/ll/A,0.84
bw/mu/no/no/m/153/ll/U,bo/mu/yes/no/m/185/ll/A,0.8
bw/mu/no/no/m/153/ll/U,bo/st/no/no/d/515/ll/A,0.52
bw/mu/no/no/m/153/ll/U,bo/mu/yes/yes/m/171/ll/U,0.83
bw/mu/no/no/m/153/ll/U,bw/mu/yes/yes/m/147/ll/U,0.84
bw/mu/no/no/m/153/ll/U,bo/so/no/no/d/563/ll/A,0.07
bw/mu/no/no/m/153/ll/U,bo/so/yes/yes/d/555/ll/U,0.36
bw/mu/no/no/m/153/ll/U,bw/so/no/no/d/539/ll/A,0.29
bw/mu/no/no/m/153/ll/U,bo/mu/no/yes/m/191/ll/A,0.74
bw/mu/no/no/m/153/ll/U,bw/st/no/yes/d/501/ll/U,0.48
bw/mu/no/no/m/153/ll/U,bw/mu/no/yes/m/165/ll/U,0.87
bw/mu/no/no/m/153/ll/U,bw/mu/no/no/m/153/ll/U,1.0
bw/mu/no/no/m/153/ll/U,bw/so/no/no/d/537/ll/U,0.29
bw/mu/no/no/m/153/ll/U,bw/so/yes/yes/d/531/ll/U,0.33
bw/mu/no/no/m/153/ll/U,bw/mu/no/no/m/155/ll/A,1.0
bw/mu/no/no/m/153/ll/U,bo/st/yes/yes/d/509/ll/A,0.56
bw/mu/no/no/m/153/ll/U,bw/st/yes/yes/m/197/ll/A,0.47
bw/mu/no/no/m/153/ll/U,bo/st/yes/yes/d/507/ll/U,0.56
bw/mu/no/no/m/153/ll/U,bw/st/no/yes/m/215/ll/A,0.48
bw/mu/no/no/m/153/ll/U,bw/mu/no/no/d/443/ll/A,1.0
bw/mu/no/no/m/153/ll/U,bo/so/yes/no/m/279/ll/U,0.29
bw/mu/no/no/m/153/ll/U,bw/st/no/no/d/489/ll/U,0.43
bw/mu/no/no/m/153/ll/U,bw/st/no/yes/m/213/ll/U,0.48
bw/mu/no/no/m/153/ll/U,bo/st/no/no/m/225/ll/U,0.52
bw/mu/no/no/m/153/ll/U,bo/mu/yes/no/d/473/ll/A,0.8
bw/mu/no/no/m/153/ll/U,bw/so/no/no/m/249/ll/U,0.29
bw/mu/no/no/m/153/ll/U,bo/so/no/yes/m/285/ll/U,0.08
bw/mu/no/no/m/153/ll/U,bw/st/no/no/m/203/ll/A,0.43
bw/mu/no/no/m/153/ll/U,bw/mu/no/yes/d/455/ll/A,0.87
bw/mu/no/no/m/153/ll/U,bw/st/yes/no/d/497/ll/A,0.42
bw/mu/no/no/m/153/ll/U,bw/mu/yes/yes/d/437/ll/A,0.84
bw/mu/no/no/m/153/ll/U,bw/so/no/yes/m/261/ll/U,0.33
bw/mu/no/no/m/153/ll/U,bw/so/yes/no/m/257/ll/A,0.28
bw/mu/no/no/m/153/ll/U,bw/st/no/no/d/491/ll/A,0.43
bw/mu/no/no/m/153/ll/U,bo/st/yes/no/m/233/ll/A,0.52
bw/mu/no/no/m/153/ll/U,bo/mu/no/no/d/465/ll/U,0.73
bw/mu/no/no/m/153/ll/U,bw/mu/no/yes/d/453/ll/U,0.87
bw/mu/no/no/m/153/ll/U,bw/so/no/no/m/251/ll/A,0.29
bw/mu/no/no/m/153/ll/U,bo/so/yes/yes/m/269/ll/A,0.36
bw/mu/no/no/m/153/ll/U,bo/so/yes/yes/m/267/ll/U,0.36
bw/mu/no/no/m/153/ll/U,bw/so/yes/no/d/543/ll/U,0.28
bw/mu/no/no/m/153/ll/U,bo/so/no/yes/d/575/ll/A,0.08
bw/mu/no/no/m/153/ll/U,bo/st/yes/no/d/521/ll/A,0.52
bw/mu/no/no/m/153/ll/U,bo/mu/no/yes/m/189/ll/U,0.74
bw/mu/no/no/m/153/ll/U,bo/st/yes/no/d/519/ll/U,0.52
bw/mu/no/no/m/153/ll/U,bo/mu/yes/yes/m/173/ll/A,0.83
bw/mu/no/no/m/153/ll/U,bo/so/no/yes/d/573/ll/U,0.08
bw/mu/no/no/m/153/ll/U,bw/so/yes/no/d/545/ll/A,0.28
bw/mu/no/no/m/153/ll/U,bo/st/no/yes/d/527/ll/A,0.56
bw/mu/no/no/m/153/ll/U,bw/mu/yes/no/m/159/ll/U,0.87
bw/mu/no/no/m/153/ll/U,bw/mu/yes/no/m/161/ll/A,0.87
bw/mu/no/no/m/153/ll/U,bw/st/yes/yes/m/195/ll/U,0.47
bw/mu/no/no/m/153/ll/U,bw/so/yes/yes/d/533/ll/A,0.33
bw/mu/no/no/m/153/ll/U,bo/so/yes/no/d/567/ll/U,0.29
bw/mu/no/no/m/153/ll/U,bw/so/no/yes/d/551/ll/A,0.33
bw/mu/no/no/m/153/ll/U,bo/so/yes/no/d/569/ll/A,0.29
bw/mu/no/no/m/153/ll/U,bw/st/no/yes/d/503/ll/A,0.48
bw/mu/no/no/m/153/ll/U,bw/mu/no/yes/m/167/ll/A,0.87
bw/mu/no/no/m/153/ll/U,bo/so/yes/yes/d/557/ll/A,0.36
bw/mu/no/no/m/153/ll/U,bo/so/no/no/d/561/ll/U,0.07
bw/mu/no/no/m/153/ll/U,bw/so/yes/yes/m/245/ll/A,0.33
bw/mu/no/no/m/153/ll/U,bo/so/no/yes/m/287/ll/A,0.08
bw/mu/no/no/m/153/ll/U,bo/so/no/no/m/273/ll/U,0.07
bw/mu/no/no/m/153/ll/U,bw/st/yes/yes/d/485/ll/A,0.47
bw/mu/no/no/m/153/ll/U,bo/st/no/no/m/227/ll/A,0.52
bw/mu/no/no/m/153/ll/U,bo/mu/yes/no/d/471/ll/U,0.8
bw/mu/no/no/m/153/ll/U,bw/mu/yes/no/d/449/ll/A,0.87
bw/mu/no/no/m/153/ll/U,bw/mu/yes/no/d/447/ll/U,0.87
bw/mu/no/no/m/153/ll/U,bo/so/yes/no/m/281/ll/A,0.29
bw/mu/no/no/m/153/ll/U,bo/so/no/no/m/275/ll/A,0.07
bw/mu/no/no/m/153/ll/U,bw/so/yes/yes/m/243/ll/U,0.33
bw/mu/no/no/m/153/ll/U,bo/mu/no/yes/d/479/ll/A,0.74
bw/mu/no/no/m/153/ll/U,bw/mu/no/no/d/441/ll/U,1.0
bw/mu/no/no/m/153/ll/U,bw/st/yes/yes/d/483/ll/U,0.47
bw/mu/no/no/m/153/ll/U,bo/mu/no/yes/d/477/ll/U,0.74
bw/mu/no/no/m/153/ll/U,bo/st/yes/yes/m/221/ll/A,0.56
bw/mu/no/no/m/153/ll/U,bo/st/yes/yes/m/219/ll/U,0.56
bw/so/no/no/d/537/ll/U,bw/st/yes/no/m/207/ll/U,0.37
bw/so/no/no/d/537/ll/U,bo/st/yes/no/m/231/ll/U,0.37
bw/so/no/no/d/537/ll/U,bo/mu/no/no/d/467/ll/A,0.27
bw/so/no/no/d/537/ll/U,bw/st/yes/no/m/209/ll/A,0.37
bw/so/no/no/d/537/ll/U,bw/so/yes/no/m/255/ll/U,0.87
bw/so/no/no/d/537/ll/U,bw/mu/yes/yes/d/435/ll/U,0.3
bw/so/no/no/d/537/ll/U,bw/so/no/yes/m/263/ll/A,0.78
bw/so/no/no/d/537/ll/U,bo/mu/yes/yes/d/461/ll/A,0.29
bw/so/no/no/d/537/ll/U,bo/st/no/yes/m/237/ll/U,0.29
bw/so/no/no/d/537/ll/U,bw/st/yes/no/d/495/ll/U,0.37
bw/so/no/no/d/537/ll/U,bo/mu/yes/yes/d/459/ll/U,0.29
bw/so/no/no/d/537/ll/U,bo/st/no/yes/m/239/ll/A,0.29
bw/so/no/no/d/537/ll/U,bw/st/no/no/m/201/ll/U,0.38
bw/so/no/no/d/537/ll/U,bo/st/no/yes/d/525/ll/U,0.29
bw/so/no/no/d/537/ll/U,bo/mu/no/no/m/179/ll/A,0.27
bw/so/no/no/d/537/ll/U,bo/mu/yes/no/m/183/ll/U,0.29
bw/so/no/no/d/537/ll/U,bo/mu/no/no/m/177/ll/U,0.27
bw/so/no/no/d/537/ll/U,bo/st/no/no/d/513/ll/U,0.31
bw/so/no/no/d/537/ll/U,bw/so/no/yes/d/549/ll/U,0.78
bw/so/no/no/d/537/ll/U,bw/mu/yes/yes/m/149/ll/A,0.3
bw/so/no/no/d/537/ll/U,bo/mu/yes/no/m/185/ll/A,0.29
bw/so/no/no/d/537/ll/U,bo/st/no/no/d/515/ll/A,0.31
bw/so/no/no/d/537/ll/U,bo/mu/yes/yes/m/171/ll/U,0.29
bw/so/no/no/d/537/ll/U,bw/mu/yes/yes/m/147/ll/U,0.3
bw/so/no/no/d/537/ll/U,bo/so/no/no/d/563/ll/A,0.22
bw/so/no/no/d/537/ll/U,bo/so/yes/yes/d/555/ll/U,0.54
bw/so/no/no/d/537/ll/U,bw/so/no/no/d/539/ll/A,1.0
bw/so/no/no/d/537/ll/U,bo/mu/no/yes/m/191/ll/A,0.27
bw/so/no/no/d/537/ll/U,bw/st/no/yes/d/501/ll/U,0.39
bw/so/no/no/d/537/ll/U,bw/mu/no/yes/m/165/ll/U,0.3
bw/so/no/no/d/537/ll/U,bw/mu/no/no/m/153/ll/U,0.29
bw/so/no/no/d/537/ll/U,bw/so/no/no/d/537/ll/U,1.0
bw/so/no/no/d/537/ll/U,bw/so/yes/yes/d/531/ll/U,0.7
bw/so/no/no/d/537/ll/U,bw/mu/no/no/m/155/ll/A,0.29
bw/so/no/no/d/537/ll/U,bo/st/yes/yes/d/509/ll/A,0.34
bw/so/no/no/d/537/ll/U,bw/st/yes/yes/m/197/ll/A,0.38
bw/so/no/no/d/537/ll/U,bo/st/yes/yes/d/507/ll/U,0.34
bw/so/no/no/d/537/ll/U,bw/st/no/yes/m/215/ll/A,0.39
bw/so/no/no/d/537/ll/U,bw/mu/no/no/d/443/ll/A,0.29
bw/so/no/no/d/537/ll/U,bo/so/yes/no/m/279/ll/U,0.7
bw/so/no/no/d/537/ll/U,bw/st/no/no/d/489/ll/U,0.38
bw/so/no/no/d/537/ll/U,bw/st/no/yes/m/213/ll/U,0.39
bw/so/no/no/d/537/ll/U,bo/st/no/no/m/225/ll/U,0.31
bw/so/no/no/d/537/ll/U,bo/mu/yes/no/d/473/ll/A,0.29
bw/so/no/no/d/537/ll/U,bw/so/no/no/m/249/ll/U,1.0
bw/so/no/no/d/537/ll/U,bo/so/no/yes/m/285/ll/U,0.16
bw/so/no/no/d/537/ll/U,bw/st/no/no/m/203/ll/A,0.38
bw/so/no/no/d/537/ll/U,bw/mu/no/yes/d/455/ll/A,0.3
bw/so/no/no/d/537/ll/U,bw/st/yes/no/d/497/ll/A,0.37
bw/so/no/no/d/537/ll/U,bw/mu/yes/yes/d/437/ll/A,0.3
bw/so/no/no/d/537/ll/U,bw/so/no/yes/m/261/ll/U,0.78
bw/so/no/no/d/537/ll/U,bw/so/yes/no/m/257/ll/A,0.87
bw/so/no/no/d/537/ll/U,bw/st/no/no/d/491/ll/A,0.38
bw/so/no/no/d/537/ll/U,bo/st/yes/no/m/233/ll/A,0.37
bw/so/no/no/d/537/ll/U,bo/mu/no/no/d/465/ll/U,0.27
bw/so/no/no/d/537/ll/U,bw/mu/no/yes/d/453/ll/U,0.3
bw/so/no/no/d/537/ll/U,bw/so/no/no/m/251/ll/A,1.0
bw/so/no/no/d/537/ll/U,bo/so/yes/yes/m/269/ll/A,0.54
bw/so/no/no/d/537/ll/U,bo/so/yes/yes/m/267/ll/U,0.54
bw/so/no/no/d/537/ll/U,bw/so/yes/no/d/543/ll/U,0.87
bw/so/no/no/d/537/ll/U,bo/so/no/yes/d/575/ll/A,0.16
bw/so/no/no/d/537/ll/U,bo/st/yes/no/d/521/ll/A,0.37
bw/so/no/no/d/537/ll/U,bo/mu/no/yes/m/189/ll/U,0.27
bw/so/no/no/d/537/ll/U,bo/st/yes/no/d/519/ll/U,0.37
bw/so/no/no/d/537/ll/U,bo/mu/yes/yes/m/173/ll/A,0.29
bw/so/no/no/d/537/ll/U,bo/so/no/yes/d/573/ll/U,0.16
bw/so/no/no/d/537/ll/U,bw/so/yes/no/d/545/ll/A,0.87
bw/so/no/no/d/537/ll/U,bo/st/no/yes/d/527/ll/A,0.29
bw/so/no/no/d/537/ll/U,bw/mu/yes/no/m/159/ll/U,0.3
bw/so/no/no/d/537/ll/U,bw/mu/yes/no/m/161/ll/A,0.3
bw/so/no/no/d/537/ll/U,bw/st/yes/yes/m/195/ll/U,0.38
bw/so/no/no/d/537/ll/U,bw/so/yes/yes/d/533/ll/A,0.7
bw/so/no/no/d/537/ll/U,bo/so/yes/no/d/567/ll/U,0.7
bw/so/no/no/d/537/ll/U,bw/so/no/yes/d/551/ll/A,0.78
bw/so/no/no/d/537/ll/U,bo/so/yes/no/d/569/ll/A,0.7
bw/so/no/no/d/537/ll/U,bw/st/no/yes/d/503/ll/A,0.39
bw/so/no/no/d/537/ll/U,bw/mu/no/yes/m/167/ll/A,0.3
bw/so/no/no/d/537/ll/U,bo/so/yes/yes/d/557/ll/A,0.54
bw/so/no/no/d/537/ll/U,bo/so/no/no/d/561/ll/U,0.22
bw/so/no/no/d/537/ll/U,bw/so/yes/yes/m/245/ll/A,0.7
bw/so/no/no/d/537/ll/U,bo/so/no/yes/m/287/ll/A,0.16
bw/so/no/no/d/537/ll/U,bo/so/no/no/m/273/ll/U,0.22
bw/so/no/no/d/537/ll/U,bw/st/yes/yes/d/485/ll/A,0.38
bw/so/no/no/d/537/ll/U,bo/st/no/no/m/227/ll/A,0.31
bw/so/no/no/d/537/ll/U,bo/mu/yes/no/d/471/ll/U,0.29
bw/so/no/no/d/537/ll/U,bw/mu/yes/no/d/449/ll/A,0.3
bw/so/no/no/d/537/ll/U,bw/mu/yes/no/d/447/ll/U,0.3
bw/so/no/no/d/537/ll/U,bo/so/yes/no/m/281/ll/A,0.7
bw/so/no/no/d/537/ll/U,bo/so/no/no/m/275/ll/A,0.22
bw/so/no/no/d/537/ll/U,bw/so/yes/yes/m/243/ll/U,0.7
bw/so/no/no/d/537/ll/U,bo/mu/no/yes/d/479/ll/A,0.27
bw/so/no/no/d/537/ll/U,bw/mu/no/no/d/441/ll/U,0.29
bw/so/no/no/d/537/ll/U,bw/st/yes/yes/d/483/ll/U,0.38
bw/so/no/no/d/537/ll/U,bo/mu/no/yes/d/477/ll/U,0.27
bw/so/no/no/d/537/ll/U,bo/st/yes/yes/m/221/ll/A,0.34
bw/so/no/no/d/537/ll/U,bo/st/yes/yes/m/219/ll/U,0.34
bw/so/yes/yes/d/531/ll/U,bw/st/yes/no/m/207/ll/U,0.44
bw/so/yes/yes/d/531/ll/U,bo/st/yes/no/m/231/ll/U,0.44
bw/so/yes/yes/d/531/ll/U,bo/mu/no/no/d/467/ll/A,0.31
bw/so/yes/yes/d/531/ll/U,bw/st/yes/no/m/209/ll/A,0.44
bw/so/yes/yes/d/531/ll/U,bw/so/yes/no/m/255/ll/U,0.76
bw/so/yes/yes/d/531/ll/U,bw/mu/yes/yes/d/435/ll/U,0.35
bw/so/yes/yes/d/531/ll/U,bw/so/no/yes/m/263/ll/A,0.86
bw/so/yes/yes/d/531/ll/U,bo/mu/yes/yes/d/461/ll/A,0.33
bw/so/yes/yes/d/531/ll/U,bo/st/no/yes/m/237/ll/U,0.33
bw/so/yes/yes/d/531/ll/U,bw/st/yes/no/d/495/ll/U,0.44
bw/so/yes/yes/d/531/ll/U,bo/mu/yes/yes/d/459/ll/U,0.33
bw/so/yes/yes/d/531/ll/U,bo/st/no/yes/m/239/ll/A,0.33
bw/so/yes/yes/d/531/ll/U,bw/st/no/no/m/201/ll/U,0.42
bw/so/yes/yes/d/531/ll/U,bo/st/no/yes/d/525/ll/U,0.33
bw/so/yes/yes/d/531/ll/U,bo/mu/no/no/m/179/ll/A,0.31
bw/so/yes/yes/d/531/ll/U,bo/mu/yes/no/m/183/ll/U,0.34
bw/so/yes/yes/d/531/ll/U,bo/mu/no/no/m/177/ll/U,0.31
bw/so/yes/yes/d/531/ll/U,bo/st/no/no/d/513/ll/U,0.35
bw/so/yes/yes/d/531/ll/U,bw/so/no/yes/d/549/ll/U,0.86
bw/so/yes/yes/d/531/ll/U,bw/mu/yes/yes/m/149/ll/A,0.35
bw/so/yes/yes/d/531/ll/U,bo/mu/yes/no/m/185/ll/A,0.34
bw/so/yes/yes/d/531/ll/U,bo/st/no/no/d/515/ll/A,0.35
bw/so/yes/yes/d/531/ll/U,bo/mu/yes/yes/m/171/ll/U,0.33
bw/so/yes/yes/d/531/ll/U,bw/mu/yes/yes/m/147/ll/U,0.35
bw/so/yes/yes/d/531/ll/U,bo/so/no/no/d/563/ll/A,0.2
bw/so/yes/yes/d/531/ll/U,bo/so/yes/yes/d/555/ll/U,0.69
bw/so/yes/yes/d/531/ll/U,bw/so/no/no/d/539/ll/A,0.7
bw/so/yes/yes/d/531/ll/U,bo/mu/no/yes/m/191/ll/A,0.32
bw/so/yes/yes/d/531/ll/U,bw/st/no/yes/d/501/ll/U,0.44
bw/so/yes/yes/d/531/ll/U,bw/mu/no/yes/m/165/ll/U,0.35
bw/so/yes/yes/d/531/ll/U,bw/mu/no/no/m/153/ll/U,0.33
bw/so/yes/yes/d/531/ll/U,bw/so/no/no/d/537/ll/U,0.7
bw/so/yes/yes/d/531/ll/U,bw/so/yes/yes/d/531/ll/U,1.0
bw/so/yes/yes/d/531/ll/U,bw/mu/no/no/m/155/ll/A,0.33
bw/so/yes/yes/d/531/ll/U,bo/st/yes/yes/d/509/ll/A,0.41
bw/so/yes/yes/d/531/ll/U,bw/st/yes/yes/m/197/ll/A,0.45
bw/so/yes/yes/d/531/ll/U,bo/st/yes/yes/d/507/ll/U,0.41
bw/so/yes/yes/d/531/ll/U,bw/st/no/yes/m/215/ll/A,0.44
bw/so/yes/yes/d/531/ll/U,bw/mu/no/no/d/443/ll/A,0.33
bw/so/yes/yes/d/531/ll/U,bo/so/yes/no/m/279/ll/U,0.61
bw/so/yes/yes/d/531/ll/U,bw/st/no/no/d/489/ll/U,0.42
bw/so/yes/yes/d/531/ll/U,bw/st/no/yes/m/213/ll/U,0.44
bw/so/yes/yes/d/531/ll/U,bo/st/no/no/m/225/ll/U,0.35
bw/so/yes/yes/d/531/ll/U,bo/mu/yes/no/d/473/ll/A,0.34
bw/so/yes/yes/d/531/ll/U,bw/so/no/no/m/249/ll/U,0.7
bw/so/yes/yes/d/531/ll/U,bo/so/no/yes/m/285/ll/U,0.17
bw/so/yes/yes/d/531/ll/U,bw/st/no/no/m/203/ll/A,0.42
bw/so/yes/yes/d/531/ll/U,bw/mu/no/yes/d/455/ll/A,0.35
bw/so/yes/yes/d/531/ll/U,bw/st/yes/no/d/497/ll/A,0.44
bw/so/yes/yes/d/531/ll/U,bw/mu/yes/yes/d/437/ll/A,0.35
bw/so/yes/yes/d/531/ll/U,bw/so/no/yes/m/261/ll/U,0.86
bw/so/yes/yes/d/531/ll/U,bw/so/yes/no/m/257/ll/A,0.76
bw/so/yes/yes/d/531/ll/U,bw/st/no/no/d/491/ll/A,0.42
bw/so/yes/yes/d/531/ll/U,bo/st/yes/no/m/233/ll/A,0.44
bw/so/yes/yes/d/531/ll/U,bo/mu/no/no/d/465/ll/U,0.31
bw/so/yes/yes/d/531/ll/U,bw/mu/no/yes/d/453/ll/U,0.35
bw/so/yes/yes/d/531/ll/U,bw/so/no/no/m/251/ll/A,0.7
bw/so/yes/yes/d/531/ll/U,bo/so/yes/yes/m/269/ll/A,0.69
bw/so/yes/yes/d/531/ll/U,bo/so/yes/yes/m/267/ll/U,0.69
bw/so/yes/yes/d/531/ll/U,bw/so/yes/no/d/543/ll/U,0.76
bw/so/yes/yes/d/531/ll/U,bo/so/no/yes/d/575/ll/A,0.17
bw/so/yes/yes/d/531/ll/U,bo/st/yes/no/d/521/ll/A,0.44
bw/so/yes/yes/d/531/ll/U,bo/mu/no/yes/m/189/ll/U,0.32
bw/so/yes/yes/d/531/ll/U,bo/st/yes/no/d/519/ll/U,0.44
bw/so/yes/yes/d/531/ll/U,bo/mu/yes/yes/m/173/ll/A,0.33
bw/so/yes/yes/d/531/ll/U,bo/so/no/yes/d/573/ll/U,0.17
bw/so/yes/yes/d/531/ll/U,bw/so/yes/no/d/545/ll/A,0.76
bw/so/yes/yes/d/531/ll/U,bo/st/no/yes/d/527/ll/A,0.33
bw/so/yes/yes/d/531/ll/U,bw/mu/yes/no/m/159/ll/U,0.35
bw/so/yes/yes/d/531/ll/U,bw/mu/yes/no/m/161/ll/A,0.35
bw/so/yes/yes/d/531/ll/U,bw/st/yes/yes/m/195/ll/U,0.45
bw/so/yes/yes/d/531/ll/U,bw/so/yes/yes/d/533/ll/A,1.0
bw/so/yes/yes/d/531/ll/U,bo/so/yes/no/d/567/ll/U,0.61
bw/so/yes/yes/d/531/ll/U,bw/so/no/yes/d/551/ll/A,0.86
bw/so/yes/yes/d/531/ll/U,bo/so/yes/no/d/569/ll/A,0.61
bw/so/yes/yes/d/531/ll/U,bw/st/no/yes/d/503/ll/A,0.44
bw/so/yes/yes/d/531/ll/U,bw/mu/no/yes/m/167/ll/A,0.35
bw/so/yes/yes/d/531/ll/U,bo/so/yes/yes/d/557/ll/A,0.69
bw/so/yes/yes/d/531/ll/U,bo/so/no/no/d/561/ll/U,0.2
bw/so/yes/yes/d/531/ll/U,bw/so/yes/yes/m/245/ll/A,1.0
bw/so/yes/yes/d/531/ll/U,bo/so/no/yes/m/287/ll/A,0.17
bw/so/yes/yes/d/531/ll/U,bo/so/no/no/m/273/ll/U,0.2
bw/so/yes/yes/d/531/ll/U,bw/st/yes/yes/d/485/ll/A,0.45
bw/so/yes/yes/d/531/ll/U,bo/st/no/no/m/227/ll/A,0.35
bw/so/yes/yes/d/531/ll/U,bo/mu/yes/no/d/471/ll/U,0.34
bw/so/yes/yes/d/531/ll/U,bw/mu/yes/no/d/449/ll/A,0.35
bw/so/yes/yes/d/531/ll/U,bw/mu/yes/no/d/447/ll/U,0.35
bw/so/yes/yes/d/531/ll/U,bo/so/yes/no/m/281/ll/A,0.61
bw/so/yes/yes/d/531/ll/U,bo/so/no/no/m/275/ll/A,0.2
bw/so/yes/yes/d/531/ll/U,bw/so/yes/yes/m/243/ll/U,1.0
bw/so/yes/yes/d/531/ll/U,bo/mu/no/yes/d/479/ll/A,0.32
bw/so/yes/yes/d/531/ll/U,bw/mu/no/no/d/441/ll/U,0.33
bw/so/yes/yes/d/531/ll/U,bw/st/yes/yes/d/483/ll/U,0.45
bw/so/yes/yes/d/531/ll/U,bo/mu/no/yes/d/477/ll/U,0.32
bw/so/yes/yes/d/531/ll/U,bo/st/yes/yes/m/221/ll/A,0.41
bw/so/yes/yes/d/531/ll/U,bo/st/yes/yes/m/219/ll/U,0.41
bw/mu/no/no/m/155/ll/A,bw/st/yes/no/m/207/ll/U,0.42
bw/mu/no/no/m/155/ll/A,bo/st/yes/no/m/231/ll/U,0.52
bw/mu/no/no/m/155/ll/A,bo/mu/no/no/d/467/ll/A,0.73
bw/mu/no/no/m/155/ll/A,bw/st/yes/no/m/209/ll/A,0.42
bw/mu/no/no/m/155/ll/A,bw/so/yes/no/m/255/ll/U,0.28
bw/mu/no/no/m/155/ll/A,bw/mu/yes/yes/d/435/ll/U,0.84
bw/mu/no/no/m/155/ll/A,bw/so/no/yes/m/263/ll/A,0.33
bw/mu/no/no/m/155/ll/A,bo/mu/yes/yes/d/461/ll/A,0.83
bw/mu/no/no/m/155/ll/A,bo/st/no/yes/m/237/ll/U,0.56
bw/mu/no/no/m/155/ll/A,bw/st/yes/no/d/495/ll/U,0.42
bw/mu/no/no/m/155/ll/A,bo/mu/yes/yes/d/459/ll/U,0.83
bw/mu/no/no/m/155/ll/A,bo/st/no/yes/m/239/ll/A,0.56
bw/mu/no/no/m/155/ll/A,bw/st/no/no/m/201/ll/U,0.43
bw/mu/no/no/m/155/ll/A,bo/st/no/yes/d/525/ll/U,0.56
bw/mu/no/no/m/155/ll/A,bo/mu/no/no/m/179/ll/A,0.73
bw/mu/no/no/m/155/ll/A,bo/mu/yes/no/m/183/ll/U,0.8
bw/mu/no/no/m/155/ll/A,bo/mu/no/no/m/177/ll/U,0.73
bw/mu/no/no/m/155/ll/A,bo/st/no/no/d/513/ll/U,0.52
bw/mu/no/no/m/155/ll/A,bw/so/no/yes/d/549/ll/U,0.33
bw/mu/no/no/m/155/ll/A,bw/mu/yes/yes/m/149/ll/A,0.84
bw/mu/no/no/m/155/ll/A,bo/mu/yes/no/m/185/ll/A,0.8
bw/mu/no/no/m/155/ll/A,bo/st/no/no/d/515/ll/A,0.52
bw/mu/no/no/m/155/ll/A,bo/mu/yes/yes/m/171/ll/U,0.83
bw/mu/no/no/m/155/ll/A,bw/mu/yes/yes/m/147/ll/U,0.84
bw/mu/no/no/m/155/ll/A,bo/so/no/no/d/563/ll/A,0.07
bw/mu/no/no/m/155/ll/A,bo/so/yes/yes/d/555/ll/U,0.36
bw/mu/no/no/m/155/ll/A,bw/so/no/no/d/539/ll/A,0.29
bw/mu/no/no/m/155/ll/A,bo/mu/no/yes/m/191/ll/A,0.74
bw/mu/no/no/m/155/ll/A,bw/st/no/yes/d/501/ll/U,0.48
bw/mu/no/no/m/155/ll/A,bw/mu/no/yes/m/165/ll/U,0.87
bw/mu/no/no/m/155/ll/A,bw/mu/no/no/m/153/ll/U,1.0
bw/mu/no/no/m/155/ll/A,bw/so/no/no/d/537/ll/U,0.29
bw/mu/no/no/m/155/ll/A,bw/so/yes/yes/d/531/ll/U,0.33
bw/mu/no/no/m/155/ll/A,bw/mu/no/no/m/155/ll/A,1.0
bw/mu/no/no/m/155/ll/A,bo/st/yes/yes/d/509/ll/A,0.56
bw/mu/no/no/m/155/ll/A,bw/st/yes/yes/m/197/ll/A,0.47
bw/mu/no/no/m/155/ll/A,bo/st/yes/yes/d/507/ll/U,0.56
bw/mu/no/no/m/155/ll/A,bw/st/no/yes/m/215/ll/A,0.48
bw/mu/no/no/m/155/ll/A,bw/mu/no/no/d/443/ll/A,1.0
bw/mu/no/no/m/155/ll/A,bo/so/yes/no/m/279/ll/U,0.29
bw/mu/no/no/m/155/ll/A,bw/st/no/no/d/489/ll/U,0.43
bw/mu/no/no/m/155/ll/A,bw/st/no/yes/m/213/ll/U,0.48
bw/mu/no/no/m/155/ll/A,bo/st/no/no/m/225/ll/U,0.52
bw/mu/no/no/m/155/ll/A,bo/mu/yes/no/d/473/ll/A,0.8
bw/mu/no/no/m/155/ll/A,bw/so/no/no/m/249/ll/U,0.29
bw/mu/no/no/m/155/ll/A,bo/so/no/yes/m/285/ll/U,0.08
bw/mu/no/no/m/155/ll/A,bw/st/no/no/m/203/ll/A,0.43
bw/mu/no/no/m/155/ll/A,bw/mu/no/yes/d/455/ll/A,0.87
bw/mu/no/no/m/155/ll/A,bw/st/yes/no/d/497/ll/A,0.42
bw/mu/no/no/m/155/ll/A,bw/mu/yes/yes/d/437/ll/A,0.84
bw/mu/no/no/m/155/ll/A,bw/so/no/yes/m/261/ll/U,0.33
bw/mu/no/no/m/155/ll/A,bw/so/yes/no/m/257/ll/A,0.28
bw/mu/no/no/m/155/ll/A,bw/st/no/no/d/491/ll/A,0.43
bw/mu/no/no/m/155/ll/A,bo/st/yes/no/m/233/ll/A,0.52
bw/mu/no/no/m/155/ll/A,bo/mu/no/no/d/465/ll/U,0.73
bw/mu/no/no/m/155/ll/A,bw/mu/no/yes/d/453/ll/U,0.87
bw/mu/no/no/m/155/ll/A,bw/so/no/no/m/251/ll/A,0.29
bw/mu/no/no/m/155/ll/A,bo/so/yes/yes/m/269/ll/A,0.36
bw/mu/no/no/m/155/ll/A,bo/so/yes/yes/m/267/ll/U,0.36
bw/mu/no/no/m/155/ll/A,bw/so/yes/no/d/543/ll/U,0.28
bw/mu/no/no/m/155/ll/A,bo/so/no/yes/d/575/ll/A,0.08
bw/mu/no/no/m/155/ll/A,bo/st/yes/no/d/521/ll/A,0.52
bw/mu/no/no/m/155/ll/A,bo/mu/no/yes/m/189/ll/U,0.74
bw/mu/no/no/m/155/ll/A,bo/st/yes/no/d/519/ll/U,0.52
bw/mu/no/no/m/155/ll/A,bo/mu/yes/yes/m/173/ll/A,0.83
bw/mu/no/no/m/155/ll/A,bo/so/no/yes/d/573/ll/U,0.08
bw/mu/no/no/m/155/ll/A,bw/so/yes/no/d/545/ll/A,0.28
bw/mu/no/no/m/155/ll/A,bo/st/no/yes/d/527/ll/A,0.56
bw/mu/no/no/m/155/ll/A,bw/mu/yes/no/m/159/ll/U,0.87
bw/mu/no/no/m/155/ll/A,bw/mu/yes/no/m/161/ll/A,0.87
bw/mu/no/no/m/155/ll/A,bw/st/yes/yes/m/195/ll/U,0.47
bw/mu/no/no/m/155/ll/A,bw/so/yes/yes/d/533/ll/A,0.33
bw/mu/no/no/m/155/ll/A,bo/so/yes/no/d/567/ll/U,0.29
bw/mu/no/no/m/155/ll/A,bw/so/no/yes/d/551/ll/A,0.33
bw/mu/no/no/m/155/ll/A,bo/so/yes/no/d/569/ll/A,0.29
bw/mu/no/no/m/155/ll/A,bw/st/no/yes/d/503/ll/A,0.48
bw/mu/no/no/m/155/ll/A,bw/mu/no/yes/m/167/ll/A,0.87
bw/mu/no/no/m/155/ll/A,bo/so/yes/yes/d/557/ll/A,0.36
bw/mu/no/no/m/155/ll/A,bo/so/no/no/d/561/ll/U,0.07
bw/mu/no/no/m/155/ll/A,bw/so/yes/yes/m/245/ll/A,0.33
bw/mu/no/no/m/155/ll/A,bo/so/no/yes/m/287/ll/A,0.08
bw/mu/no/no/m/155/ll/A,bo/so/no/no/m/273/ll/U,0.07
bw/mu/no/no/m/155/ll/A,bw/st/yes/yes/d/485/ll/A,0.47
bw/mu/no/no/m/155/ll/A,bo/st/no/no/m/227/ll/A,0.52
bw/mu/no/no/m/155/ll/A,bo/mu/yes/no/d/471/ll/U,0.8
bw/mu/no/no/m/155/ll/A,bw/mu/yes/no/d/449/ll/A,0.87
bw/mu/no/no/m/155/ll/A,bw/mu/yes/no/d/447/ll/U,0.87
bw/mu/no/no/m/155/ll/A,bo/so/yes/no/m/281/ll/A,0.29
bw/mu/no/no/m/155/ll/A,bo/so/no/no/m/275/ll/A,0.07
bw/mu/no/no/m/155/ll/A,bw/so/yes/yes/m/243/ll/U,0.33
bw/mu/no/no/m/155/ll/A,bo/mu/no/yes/d/479/ll/A,0.74
bw/mu/no/no/m/155/ll/A,bw/mu/no/no/d/441/ll/U,1.0
bw/mu/no/no/m/155/ll/A,bw/st/yes/yes/d/483/ll/U,0.47
bw/mu/no/no/m/155/ll/A,bo/mu/no/yes/d/477/ll/U,0.74
bw/mu/no/no/m/155/ll/A,bo/st/yes/yes/m/221/ll/A,0.56
bw/mu/no/no/m/155/ll/A,bo/st/yes/yes/m/219/ll/U,0.56
bo/st/yes/yes/d/509/ll/A,bw/st/yes/no/m/207/ll/U,0.5
bo/st/yes/yes/d/509/ll/A,bo/st/yes/no/m/231/ll/U,0.89
bo/st/yes/yes/d/509/ll/A,bo/mu/no/no/d/467/ll/A,0.55
bo/st/yes/yes/d/509/ll/A,bw/st/yes/no/m/209/ll/A,0.5
bo/st/yes/yes/d/509/ll/A,bw/so/yes/no/m/255/ll/U,0.34
bo/st/yes/yes/d/509/ll/A,bw/mu/yes/yes/d/435/ll/U,0.62
bo/st/yes/yes/d/509/ll/A,bw/so/no/yes/m/263/ll/A,0.41
bo/st/yes/yes/d/509/ll/A,bo/mu/yes/yes/d/461/ll/A,0.6
bo/st/yes/yes/d/509/ll/A,bo/st/no/yes/m/237/ll/U,0.63
bo/st/yes/yes/d/509/ll/A,bw/st/yes/no/d/495/ll/U,0.5
bo/st/yes/yes/d/509/ll/A,bo/mu/yes/yes/d/459/ll/U,0.6
bo/st/yes/yes/d/509/ll/A,bo/st/no/yes/m/239/ll/A,0.63
bo/st/yes/yes/d/509/ll/A,bw/st/no/no/m/201/ll/U,0.49
bo/st/yes/yes/d/509/ll/A,bo/st/no/yes/d/525/ll/U,0.63
bo/st/yes/yes/d/509/ll/A,bo/mu/no/no/m/179/ll/A,0.55
bo/st/yes/yes/d/509/ll/A,bo/mu/yes/no/m/183/ll/U,0.62
bo/st/yes/yes/d/509/ll/A,bo/mu/no/no/m/177/ll/U,0.55
bo/st/yes/yes/d/509/ll/A,bo/st/no/no/d/513/ll/U,0.61
bo/st/yes/yes/d/509/ll/A,bw/so/no/yes/d/549/ll/U,0.41
bo/st/yes/yes/d/509/ll/A,bw/mu/yes/yes/m/149/ll/A,0.62
bo/st/yes/yes/d/509/ll/A,bo/mu/yes/no/m/185/ll/A,0.62
bo/st/yes/yes/d/509/ll/A,bo/st/no/no/d/515/ll/A,0.61
bo/st/yes/yes/d/509/ll/A,bo/mu/yes/yes/m/171/ll/U,0.6
bo/st/yes/yes/d/509/ll/A,bw/mu/yes/yes/m/147/ll/U,0.62
bo/st/yes/yes/d/509/ll/A,bo/so/no/no/d/563/ll/A,0.11
bo/st/yes/yes/d/509/ll/A,bo/so/yes/yes/d/555/ll/U,0.47
bo/st/yes/yes/d/509/ll/A,bw/so/no/no/d/539/ll/A,0.34
bo/st/yes/yes/d/509/ll/A,bo/mu/no/yes/m/191/ll/A,0.58
bo/st/yes/yes/d/509/ll/A,bw/st/no/yes/d/501/ll/U,0.55
bo/st/yes/yes/d/509/ll/A,bw/mu/no/yes/m/165/ll/U,0.59
bo/st/yes/yes/d/509/ll/A,bw/mu/no/no/m/153/ll/U,0.56
bo/st/yes/yes/d/509/ll/A,bw/so/no/no/d/537/ll/U,0.34
bo/st/yes/yes/d/509/ll/A,bw/so/yes/yes/d/531/ll/U,0.41
bo/st/yes/yes/d/509/ll/A,bw/mu/no/no/m/155/ll/A,0.56
bo/st/yes/yes/d/509/ll/A,bo/st/yes/yes/d/509/ll/A,1.0
bo/st/yes/yes/d/509/ll/A,bw/st/yes/yes/m/197/ll/A,0.56
bo/st/yes/yes/d/509/ll/A,bo/st/yes/yes/d/507/ll/U,1.0
bo/st/yes/yes/d/509/ll/A,bw/st/no/yes/m/215/ll/A,0.55
bo/st/yes/yes/d/509/ll/A,bw/mu/no/no/d/443/ll/A,0.56
bo/st/yes/yes/d/509/ll/A,bo/so/yes/no/m/279/ll/U,0.37
bo/st/yes/yes/d/509/ll/A,bw/st/no/no/d/489/ll/U,0.49
bo/st/yes/yes/d/509/ll/A,bw/st/no/yes/m/213/ll/U,0.55
bo/st/yes/yes/d/509/ll/A,bo/st/no/no/m/225/ll/U,0.61
bo/st/yes/yes/d/509/ll/A,bo/mu/yes/no/d/473/ll/A,0.62
bo/st/yes/yes/d/509/ll/A,bw/so/no/no/m/249/ll/U,0.34
bo/st/yes/yes/d/509/ll/A,bo/so/no/yes/m/285/ll/U,0.13
bo/st/yes/yes/d/509/ll/A,bw/st/no/no/m/203/ll/A,0.49
bo/st/yes/yes/d/509/ll/A,bw/mu/no/yes/d/455/ll/A,0.59
bo/st/yes/yes/d/509/ll/A,bw/st/yes/no/d/497/ll/A,0.5
bo/st/yes/yes/d/509/ll/A,bw/mu/yes/yes/d/437/ll/A,0.62
bo/st/yes/yes/d/509/ll/A,bw/so/no/yes/m/261/ll/U,0.41
bo/st/yes/yes/d/509/ll/A,bw/so/yes/no/m/257/ll/A,0.34
bo/st/yes/yes/d/509/ll/A,bw/st/no/no/d/491/ll/A,0.49
bo/st/yes/yes/d/509/ll/A,bo/st/yes/no/m/233/ll/A,0.89
bo/st/yes/yes/d/509/ll/A,bo/mu/no/no/d/465/ll/U,0.55
bo/st/yes/yes/d/509/ll/A,bw/mu/no/yes/d/453/ll/U,0.59
bo/st/yes/yes/d/509/ll/A,bw/so/no/no/m/251/ll/A,0.34
bo/st/yes/yes/d/509/ll/A,bo/so/yes/yes/m/269/ll/A,0.47
bo/st/yes/yes/d/509/ll/A,bo/so/yes/yes/m/267/ll/U,0.47
bo/st/yes/yes/d/509/ll/A,bw/so/yes/no/d/543/ll/U,0.34
bo/st/yes/yes/d/509/ll/A,bo/so/no/yes/d/575/ll/A,0.13
bo/st/yes/yes/d/509/ll/A,bo/st/yes/no/d/521/ll/A,0.89
bo/st/yes/yes/d/509/ll/A,bo/mu/no/yes/m/189/ll/U,0.58
bo/st/yes/yes/d/509/ll/A,bo/st/yes/no/d/519/ll/U,0.89
bo/st/yes/yes/d/509/ll/A,bo/mu/yes/yes/m/173/ll/A,0.6
bo/st/yes/yes/d/509/ll/A,bo/so/no/yes/d/573/ll/U,0.13
bo/st/yes/yes/d/509/ll/A,bw/so/yes/no/d/545/ll/A,0.34
bo/st/yes/yes/d/509/ll/A,bo/st/no/yes/d/527/ll/A,0.63
bo/st/yes/yes/d/509/ll/A,bw/mu/yes/no/m/159/ll/U,0.61
bo/st/yes/yes/d/509/ll/A,bw/mu/yes/no/m/161/ll/A,0.61
bo/st/yes/yes/d/509/ll/A,bw/st/yes/yes/m/195/ll/U,0.56
bo/st/yes/yes/d/509/ll/A,bw/so/yes/yes/d/533/ll/A,0.41
bo/st/yes/yes/d/509/ll/A,bo/so/yes/no/d/567/ll/U,0.37
bo/st/yes/yes/d/509/ll/A,bw/so/no/yes/d/551/ll/A,0.41
bo/st/yes/yes/d/509/ll/A,bo/so/yes/no/d/569/ll/A,0.37
bo/st/yes/yes/d/509/ll/A,bw/st/no/yes/d/503/ll/A,0.55
bo/st/yes/yes/d/509/ll/A,bw/mu/no/yes/m/167/ll/A,0.59
bo/st/yes/yes/d/509/ll/A,bo/so/yes/yes/d/557/ll/A,0.47
bo/st/yes/yes/d/509/ll/A,bo/so/no/no/d/561/ll/U,0.11
bo/st/yes/yes/d/509/ll/A,bw/so/yes/yes/m/245/ll/A,0.41
bo/st/yes/yes/d/509/ll/A,bo/so/no/yes/m/287/ll/A,0.13
bo/st/yes/yes/d/509/ll/A,bo/so/no/no/m/273/ll/U,0.11
bo/st/yes/yes/d/509/ll/A,bw/st/yes/yes/d/485/ll/A,0.56
bo/st/yes/yes/d/509/ll/A,bo/st/no/no/m/227/ll/A,0.61
bo/st/yes/yes/d/509/ll/A,bo/mu/yes/no/d/471/ll/U,0.62
bo/st/yes/yes/d/509/ll/A,bw/mu/yes/no/d/449/ll/A,0.61
bo/st/yes/yes/d/509/ll/A,bw/mu/yes/no/d/447/ll/U,0.61
bo/st/yes/yes/d/509/ll/A,bo/so/yes/no/m/281/ll/A,0.37
bo/st/yes/yes/d/509/ll/A,bo/so/no/no/m/275/ll/A,0.11
bo/st/yes/yes/d/509/ll/A,bw/so/yes/yes/m/243/ll/U,0.41
bo/st/yes/yes/d/509/ll/A,bo/mu/no/yes/d/479/ll/A,0.58
bo/st/yes/yes/d/509/ll/A,bw/mu/no/no/d/441/ll/U,0.56
bo/st/yes/yes/d/509/ll/A,bw/st/yes/yes/d/483/ll/U,0.56
bo/st/yes/yes/d/509/ll/A,bo/mu/no/yes/d/477/ll/U,0.58
bo/st/yes/yes/d/509/ll/A,bo/st/yes/yes/m/221/ll/A,1.0
bo/st/yes/yes/d/509/ll/A,bo/st/yes/yes/m/219/ll/U,1.0
bw/st/yes/yes/m/197/ll/A,bw/st/yes/no/m/207/ll/U,0.87
bw/st/yes/yes/m/197/ll/A,bo/st/yes/no/m/231/ll/U,0.62
bw/st/yes/yes/m/197/ll/A,bo/mu/no/no/d/467/ll/A,0.43
bw/st/yes/yes/m/197/ll/A,bw/st/yes/no/m/209/ll/A,0.87
bw/st/yes/yes/m/197/ll/A,bw/so/yes/no/m/255/ll/U,0.39
bw/st/yes/yes/m/197/ll/A,bw/mu/yes/yes/d/435/ll/U,0.47
bw/st/yes/yes/m/197/ll/A,bw/so/no/yes/m/263/ll/A,0.43
bw/st/yes/yes/m/197/ll/A,bo/mu/yes/yes/d/461/ll/A,0.48
bw/st/yes/yes/m/197/ll/A,bo/st/no/yes/m/237/ll/U,0.41
bw/st/yes/yes/m/197/ll/A,bw/st/yes/no/d/495/ll/U,0.87
bw/st/yes/yes/m/197/ll/A,bo/mu/yes/yes/d/459/ll/U,0.48
bw/st/yes/yes/m/197/ll/A,bo/st/no/yes/m/239/ll/A,0.41
bw/st/yes/yes/m/197/ll/A,bw/st/no/no/m/201/ll/U,0.76
bw/st/yes/yes/m/197/ll/A,bo/st/no/yes/d/525/ll/U,0.41
bw/st/yes/yes/m/197/ll/A,bo/mu/no/no/m/179/ll/A,0.43
bw/st/yes/yes/m/197/ll/A,bo/mu/yes/no/m/183/ll/U,0.46
bw/st/yes/yes/m/197/ll/A,bo/mu/no/no/m/177/ll/U,0.43
bw/st/yes/yes/m/197/ll/A,bo/st/no/no/d/513/ll/U,0.43
bw/st/yes/yes/m/197/ll/A,bw/so/no/yes/d/549/ll/U,0.43
bw/st/yes/yes/m/197/ll/A,bw/mu/yes/yes/m/149/ll/A,0.47
bw/st/yes/yes/m/197/ll/A,bo/mu/yes/no/m/185/ll/A,0.46
bw/st/yes/yes/m/197/ll/A,bo/st/no/no/d/515/ll/A,0.43
bw/st/yes/yes/m/197/ll/A,bo/mu/yes/yes/m/171/ll/U,0.48
bw/st/yes/yes/m/197/ll/A,bw/mu/yes/yes/m/147/ll/U,0.47
bw/st/yes/yes/m/197/ll/A,bo/so/no/no/d/563/ll/A,0.12
bw/st/yes/yes/m/197/ll/A,bo/so/yes/yes/d/555/ll/U,0.44
bw/st/yes/yes/m/197/ll/A,bw/so/no/no/d/539/ll/A,0.38
bw/st/yes/yes/m/197/ll/A,bo/mu/no/yes/m/191/ll/A,0.43
bw/st/yes/yes/m/197/ll/A,bw/st/no/yes/d/501/ll/U,0.86
bw/st/yes/yes/m/197/ll/A,bw/mu/no/yes/m/165/ll/U,0.46
bw/st/yes/yes/m/197/ll/A,bw/mu/no/no/m/153/ll/U,0.47
bw/st/yes/yes/m/197/ll/A,bw/so/no/no/d/537/ll/U,0.38
bw/st/yes/yes/m/197/ll/A,bw/so/yes/yes/d/531/ll/U,0.45
bw/st/yes/yes/m/197/ll/A,bw/mu/no/no/m/155/ll/A,0.47
bw/st/yes/yes/m/197/ll/A,bo/st/yes/yes/d/509/ll/A,0.56
bw/st/yes/yes/m/197/ll/A,bw/st/yes/yes/m/197/ll/A,1.0
bw/st/yes/yes/m/197/ll/A,bo/st/yes/yes/d/507/ll/U,0.56
bw/st/yes/yes/m/197/ll/A,bw/st/no/yes/m/215/ll/A,0.86
bw/st/yes/yes/m/197/ll/A,bw/mu/no/no/d/443/ll/A,0.47
bw/st/yes/yes/m/197/ll/A,bo/so/yes/no/m/279/ll/U,0.37
bw/st/yes/yes/m/197/ll/A,bw/st/no/no/d/489/ll/U,0.76
bw/st/yes/yes/m/197/ll/A,bw/st/no/yes/m/213/ll/U,0.86
bw/st/yes/yes/m/197/ll/A,bo/st/no/no/m/225/ll/U,0.43
bw/st/yes/yes/m/197/ll/A,bo/mu/yes/no/d/473/ll/A,0.46
bw/st/yes/yes/m/197/ll/A,bw/so/no/no/m/249/ll/U,0.38
bw/st/yes/yes/m/197/ll/A,bo/so/no/yes/m/285/ll/U,0.11
bw/st/yes/yes/m/197/ll/A,bw/st/no/no/m/203/ll/A,0.76
bw/st/yes/yes/m/197/ll/A,bw/mu/no/yes/d/455/ll/A,0.46
bw/st/yes/yes/m/197/ll/A,bw/st/yes/no/d/497/ll/A,0.87
bw/st/yes/yes/m/197/ll/A,bw/mu/yes/yes/d/437/ll/A,0.47
bw/st/yes/yes/m/197/ll/A,bw/so/no/yes/m/261/ll/U,0.43
bw/st/yes/yes/m/197/ll/A,bw/so/yes/no/m/257/ll/A,0.39
bw/st/yes/yes/m/197/ll/A,bw/st/no/no/d/491/ll/A,0.76
bw/st/yes/yes/m/197/ll/A,bo/st/yes/no/m/233/ll/A,0.62
bw/st/yes/yes/m/197/ll/A,bo/mu/no/no/d/465/ll/U,0.43
bw/st/yes/yes/m/197/ll/A,bw/mu/no/yes/d/453/ll/U,0.46
bw/st/yes/yes/m/197/ll/A,bw/so/no/no/m/251/ll/A,0.38
bw/st/yes/yes/m/197/ll/A,bo/so/yes/yes/m/269/ll/A,0.44
bw/st/yes/yes/m/197/ll/A,bo/so/yes/yes/m/267/ll/U,0.44
bw/st/yes/yes/m/197/ll/A,bw/so/yes/no/d/543/ll/U,0.39
bw/st/yes/yes/m/197/ll/A,bo/so/no/yes/d/575/ll/A,0.11
bw/st/yes/yes/m/197/ll/A,bo/st/yes/no/d/521/ll/A,0.62
bw/st/yes/yes/m/197/ll/A,bo/mu/no/yes/m/189/ll/U,0.43
bw/st/yes/yes/m/197/ll/A,bo/st/yes/no/d/519/ll/U,0.62
bw/st/yes/yes/m/197/ll/A,bo/mu/yes/yes/m/173/ll/A,0.48
bw/st/yes/yes/m/197/ll/A,bo/so/no/yes/d/573/ll/U,0.11
bw/st/yes/yes/m/197/ll/A,bw/so/yes/no/d/545/ll/A,0.39
bw/st/yes/yes/m/197/ll/A,bo/st/no/yes/d/527/ll/A,0.41
bw/st/yes/yes/m/197/ll/A,bw/mu/yes/no/m/159/ll/U,0.47
bw/st/yes/yes/m/197/ll/A,bw/mu/yes/no/m/161/ll/A,0.47
bw/st/yes/yes/m/197/ll/A,bw/st/yes/yes/m/195/ll/U,1.0
bw/st/yes/yes/m/197/ll/A,bw/so/yes/yes/d/533/ll/A,0.45
bw/st/yes/yes/m/197/ll/A,bo/so/yes/no/d/567/ll/U,0.37
bw/st/yes/yes/m/197/ll/A,bw/so/no/yes/d/551/ll/A,0.43
bw/st/yes/yes/m/197/ll/A,bo/so/yes/no/d/569/ll/A,0.37
bw/st/yes/yes/m/197/ll/A,bw/st/no/yes/d/503/ll/A,0.86
bw/st/yes/yes/m/197/ll/A,bw/mu/no/yes/m/167/ll/A,0.46
bw/st/yes/yes/m/197/ll/A,bo/so/yes/yes/d/557/ll/A,0.44
bw/st/yes/yes/m/197/ll/A,bo/so/no/no/d/561/ll/U,0.12
bw/st/yes/yes/m/197/ll/A,bw/so/yes/yes/m/245/ll/A,0.45
bw/st/yes/yes/m/197/ll/A,bo/so/no/yes/m/287/ll/A,0.11
bw/st/yes/yes/m/197/ll/A,bo/so/no/no/m/273/ll/U,0.12
bw/st/yes/yes/m/197/ll/A,bw/st/yes/yes/d/485/ll/A,1.0
bw/st/yes/yes/m/197/ll/A,bo/st/no/no/m/227/ll/A,0.43
bw/st/yes/yes/m/197/ll/A,bo/mu/yes/no/d/471/ll/U,0.46
bw/st/yes/yes/m/197/ll/A,bw/mu/yes/no/d/449/ll/A,0.47
bw/st/yes/yes/m/197/ll/A,bw/mu/yes/no/d/447/ll/U,0.47
bw/st/yes/yes/m/197/ll/A,bo/so/yes/no/m/281/ll/A,0.37
bw/st/yes/yes/m/197/ll/A,bo/so/no/no/m/275/ll/A,0.12
bw/st/yes/yes/m/197/ll/A,bw/so/yes/yes/m/243/ll/U,0.45
bw/st/yes/yes/m/197/ll/A,bo/mu/no/yes/d/479/ll/A,0.43
bw/st/yes/yes/m/197/ll/A,bw/mu/no/no/d/441/ll/U,0.47
bw/st/yes/yes/m/197/ll/A,bw/st/yes/yes/d/483/ll/U,1.0
bw/st/yes/yes/m/197/ll/A,bo/mu/no/yes/d/477/ll/U,0.43
bw/st/yes/yes/m/197/ll/A,bo/st/yes/yes/m/221/ll/A,0.56
bw/st/yes/yes/m/197/ll/A,bo/st/yes/yes/m/219/ll/U,0.56
bo/st/yes/yes/d/507/ll/U,bw/st/yes/no/m/207/ll/U,0.5
bo/st/yes/yes/d/507/ll/U,bo/st/yes/no/m/231/ll/U,0.89
bo/st/yes/yes/d/507/ll/U,bo/mu/no/no/d/467/ll/A,0.55
bo/st/yes/yes/d/507/ll/U,bw/st/yes/no/m/209/ll/A,0.5
bo/st/yes/yes/d/507/ll/U,bw/so/yes/no/m/255/ll/U,0.34
bo/st/yes/yes/d/507/ll/U,bw/mu/yes/yes/d/435/ll/U,0.62
bo/st/yes/yes/d/507/ll/U,bw/so/no/yes/m/263/ll/A,0.41
bo/st/yes/yes/d/507/ll/U,bo/mu/yes/yes/d/461/ll/A,0.6
bo/st/yes/yes/d/507/ll/U,bo/st/no/yes/m/237/ll/U,0.63
bo/st/yes/yes/d/507/ll/U,bw/st/yes/no/d/495/ll/U,0.5
bo/st/yes/yes/d/507/ll/U,bo/mu/yes/yes/d/459/ll/U,0.6
bo/st/yes/yes/d/507/ll/U,bo/st/no/yes/m/239/ll/A,0.63
bo/st/yes/yes/d/507/ll/U,bw/st/no/no/m/201/ll/U,0.49
bo/st/yes/yes/d/507/ll/U,bo/st/no/yes/d/525/ll/U,0.63
bo/st/yes/yes/d/507/ll/U,bo/mu/no/no/m/179/ll/A,0.55
bo/st/yes/yes/d/507/ll/U,bo/mu/yes/no/m/183/ll/U,0.62
bo/st/yes/yes/d/507/ll/U,bo/mu/no/no/m/177/ll/U,0.55
bo/st/yes/yes/d/507/ll/U,bo/st/no/no/d/513/ll/U,0.61
bo/st/yes/yes/d/507/ll/U,bw/so/no/yes/d/549/ll/U,0.41
bo/st/yes/yes/d/507/ll/U,bw/mu/yes/yes/m/149/ll/A,0.62
bo/st/yes/yes/d/507/ll/U,bo/mu/yes/no/m/185/ll/A,0.62
bo/st/yes/yes/d/507/ll/U,bo/st/no/no/d/515/ll/A,0.61
bo/st/yes/yes/d/507/ll/U,bo/mu/yes/yes/m/171/ll/U,0.6
bo/st/yes/yes/d/507/ll/U,bw/mu/yes/yes/m/147/ll/U,0.62
bo/st/yes/yes/d/507/ll/U,bo/so/no/no/d/563/ll/A,0.11
bo/st/yes/yes/d/507/ll/U,bo/so/yes/yes/d/555/ll/U,0.47
bo/st/yes/yes/d/507/ll/U,bw/so/no/no/d/539/ll/A,0.34
bo/st/yes/yes/d/507/ll/U,bo/mu/no/yes/m/191/ll/A,0.58
bo/st/yes/yes/d/507/ll/U,bw/st/no/yes/d/501/ll/U,0.55
bo/st/yes/yes/d/507/ll/U,bw/mu/no/yes/m/165/ll/U,0.59
bo/st/yes/yes/d/507/ll/U,bw/mu/no/no/m/153/ll/U,0.56
bo/st/yes/yes/d/507/ll/U,bw/so/no/no/d/537/ll/U,0.34
bo/st/yes/yes/d/507/ll/U,bw/so/yes/yes/d/531/ll/U,0.41
bo/st/yes/yes/d/507/ll/U,bw/mu/no/no/m/155/ll/A,0.56
bo/st/yes/yes/d/507/ll/U,bo/st/yes/yes/d/509/ll/A,1.0
bo/st/yes/yes/d/507/ll/U,bw/st/yes/yes/m/197/ll/A,0.56
bo/st/yes/yes/d/507/ll/U,bo/st/yes/yes/d/507/ll/U,1.0
bo/st/yes/yes/d/507/ll/U,bw/st/no/yes/m/215/ll/A,0.55
bo/st/yes/yes/d/507/ll/U,bw/mu/no/no/d/443/ll/A,0.56
bo/st/yes/yes/d/507/ll/U,bo/so/yes/no/m/279/ll/U,0.37
bo/st/yes/yes/d/507/ll/U,bw/st/no/no/d/489/ll/U,0.49
bo/st/yes/yes/d/507/ll/U,bw/st/no/yes/m/213/ll/U,0.55
bo/st/yes/yes/d/507/ll/U,bo/st/no/no/m/225/ll/U,0.61
bo/st/yes/yes/d/507/ll/U,bo/mu/yes/no/d/473/ll/A,0.62
bo/st/yes/yes/d/507/ll/U,bw/so/no/no/m/249/ll/U,0.34
bo/st/yes/yes/d/507/ll/U,bo/so/no/yes/m/285/ll/U,0.13
bo/st/yes/yes/d/507/ll/U,bw/st/no/no/m/203/ll/A,0.49
bo/st/yes/yes/d/507/ll/U,bw/mu/no/yes/d/455/ll/A,0.59
bo/st/yes/yes/d/507/ll/U,bw/st/yes/no/d/497/ll/A,0.5
bo/st/yes/yes/d/507/ll/U,bw/mu/yes/yes/d/437/ll/A,0.62
bo/st/yes/yes/d/507/ll/U,bw/so/no/yes/m/261/ll/U,0.41
bo/st/yes/yes/d/507/ll/U,bw/so/yes/no/m/257/ll/A,0.34
bo/st/yes/yes/d/507/ll/U,bw/st/no/no/d/491/ll/A,0.49
bo/st/yes/yes/d/507/ll/U,bo/st/yes/no/m/233/ll/A,0.89
bo/st/yes/yes/d/507/ll/U,bo/mu/no/no/d/465/ll/U,0.55
bo/st/yes/yes/d/507/ll/U,bw/mu/no/yes/d/453/ll/U,0.59
bo/st/yes/yes/d/507/ll/U,bw/so/no/no/m/251/ll/A,0.34
bo/st/yes/yes/d/507/ll/U,bo/so/yes/yes/m/269/ll/A,0.47
bo/st/yes/yes/d/507/ll/U,bo/so/yes/yes/m/267/ll/U,0.47
bo/st/yes/yes/d/507/ll/U,bw/so/yes/no/d/543/ll/U,0.34
bo/st/yes/yes/d/507/ll/U,bo/so/no/yes/d/575/ll/A,0.13
bo/st/yes/yes/d/507/ll/U,bo/st/yes/no/d/521/ll/A,0.89
bo/st/yes/yes/d/507/ll/U,bo/mu/no/yes/m/189/ll/U,0.58
bo/st/yes/yes/d/507/ll/U,bo/st/yes/no/d/519/ll/U,0.89
bo/st/yes/yes/d/507/ll/U,bo/mu/yes/yes/m/173/ll/A,0.6
bo/st/yes/yes/d/507/ll/U,bo/so/no/yes/d/573/ll/U,0.13
bo/st/yes/yes/d/507/ll/U,bw/so/yes/no/d/545/ll/A,0.34
bo/st/yes/yes/d/507/ll/U,bo/st/no/yes/d/527/ll/A,0.63
bo/st/yes/yes/d/507/ll/U,bw/mu/yes/no/m/159/ll/U,0.61
bo/st/yes/yes/d/507/ll/U,bw/mu/yes/no/m/161/ll/A,0.61
bo/st/yes/yes/d/507/ll/U,bw/st/yes/yes/m/195/ll/U,0.56
bo/st/yes/yes/d/507/ll/U,bw/so/yes/yes/d/533/ll/A,0.41
bo/st/yes/yes/d/507/ll/U,bo/so/yes/no/d/567/ll/U,0.37
bo/st/yes/yes/d/507/ll/U,bw/so/no/yes/d/551/ll/A,0.41
bo/st/yes/yes/d/507/ll/U,bo/so/yes/no/d/569/ll/A,0.37
bo/st/yes/yes/d/507/ll/U,bw/st/no/yes/d/503/ll/A,0.55
bo/st/yes/yes/d/507/ll/U,bw/mu/no/yes/m/167/ll/A,0.59
bo/st/yes/yes/d/507/ll/U,bo/so/yes/yes/d/557/ll/A,0.47
bo/st/yes/yes/d/507/ll/U,bo/so/no/no/d/561/ll/U,0.11
bo/st/yes/yes/d/507/ll/U,bw/so/yes/yes/m/245/ll/A,0.41
bo/st/yes/yes/d/507/ll/U,bo/so/no/yes/m/287/ll/A,0.13
bo/st/yes/yes/d/507/ll/U,bo/so/no/no/m/273/ll/U,0.11
bo/st/yes/yes/d/507/ll/U,bw/st/yes/yes/d/485/ll/A,0.56
bo/st/yes/yes/d/507/ll/U,bo/st/no/no/m/227/ll/A,0.61
bo/st/yes/yes/d/507/ll/U,bo/mu/yes/no/d/471/ll/U,0.62
bo/st/yes/yes/d/507/ll/U,bw/mu/yes/no/d/449/ll/A,0.61
bo/st/yes/yes/d/507/ll/U,bw/mu/yes/no/d/447/ll/U,0.61
bo/st/yes/yes/d/507/ll/U,bo/so/yes/no/m/281/ll/A,0.37
bo/st/yes/yes/d/507/ll/U,bo/so/no/no/m/275/ll/A,0.11
bo/st/yes/yes/d/507/ll/U,bw/so/yes/yes/m/243/ll/U,0.41
bo/st/yes/yes/d/507/ll/U,bo/mu/no/yes/d/479/ll/A,0.58
bo/st/yes/yes/d/507/ll/U,bw/mu/no/no/d/441/ll/U,0.56
bo/st/yes/yes/d/507/ll/U,bw/st/yes/yes/d/483/ll/U,0.56
bo/st/yes/yes/d/507/ll/U,bo/mu/no/yes/d/477/ll/U,0.58
bo/st/yes/yes/d/507/ll/U,bo/st/yes/yes/m/221/ll/A,1.0
bo/st/yes/yes/d/507/ll/U,bo/st/yes/yes/m/219/ll/U,1.0
bw/st/no/yes/m/215/ll/A,bw/st/yes/no/m/207/ll/U,0.78
bw/st/no/yes/m/215/ll/A,bo/st/yes/no/m/231/ll/U,0.6
bw/st/no/yes/m/215/ll/A,bo/mu/no/no/d/467/ll/A,0.44
bw/st/no/yes/m/215/ll/A,bw/st/yes/no/m/209/ll/A,0.78
bw/st/no/yes/m/215/ll/A,bw/so/yes/no/m/255/ll/U,0.38
bw/st/no/yes/m/215/ll/A,bw/mu/yes/yes/d/435/ll/U,0.48
bw/st/no/yes/m/215/ll/A,bw/so/no/yes/m/263/ll/A,0.45
bw/st/no/yes/m/215/ll/A,bo/mu/yes/yes/d/461/ll/A,0.5
bw/st/no/yes/m/215/ll/A,bo/st/no/yes/m/237/ll/U,0.43
bw/st/no/yes/m/215/ll/A,bw/st/yes/no/d/495/ll/U,0.78
bw/st/no/yes/m/215/ll/A,bo/mu/yes/yes/d/459/ll/U,0.5
bw/st/no/yes/m/215/ll/A,bo/st/no/yes/m/239/ll/A,0.43
bw/st/no/yes/m/215/ll/A,bw/st/no/no/m/201/ll/U,0.87
bw/st/no/yes/m/215/ll/A,bo/st/no/yes/d/525/ll/U,0.43
bw/st/no/yes/m/215/ll/A,bo/mu/no/no/m/179/ll/A,0.44
bw/st/no/yes/m/215/ll/A,bo/mu/yes/no/m/183/ll/U,0.47
bw/st/no/yes/m/215/ll/A,bo/mu/no/no/m/177/ll/U,0.44
bw/st/no/yes/m/215/ll/A,bo/st/no/no/d/513/ll/U,0.44
bw/st/no/yes/m/215/ll/A,bw/so/no/yes/d/549/ll/U,0.45
bw/st/no/yes/m/215/ll/A,bw/mu/yes/yes/m/149/ll/A,0.48
bw/st/no/yes/m/215/ll/A,bo/mu/yes/no/m/185/ll/A,0.47
bw/st/no/yes/m/215/ll/A,bo/st/no/no/d/515/ll/A,0.44
bw/st/no/yes/m/215/ll/A,bo/mu/yes/yes/m/171/ll/U,0.5
bw/st/no/yes/m/215/ll/A,bw/mu/yes/yes/m/147/ll/U,0.48
bw/st/no/yes/m/215/ll/A,bo/so/no/no/d/563/ll/A,0.12
bw/st/no/yes/m/215/ll/A,bo/so/yes/yes/d/555/ll/U,0.43
bw/st/no/yes/m/215/ll/A,bw/so/no/no/d/539/ll/A,0.39
bw/st/no/yes/m/215/ll/A,bo/mu/no/yes/m/191/ll/A,0.44
bw/st/no/yes/m/215/ll/A,bw/st/no/yes/d/501/ll/U,1.0
bw/st/no/yes/m/215/ll/A,bw/mu/no/yes/m/165/ll/U,0.47
bw/st/no/yes/m/215/ll/A,bw/mu/no/no/m/153/ll/U,0.48
bw/st/no/yes/m/215/ll/A,bw/so/no/no/d/537/ll/U,0.39
bw/st/no/yes/m/215/ll/A,bw/so/yes/yes/d/531/ll/U,0.44
bw/st/no/yes/m/215/ll/A,bw/mu/no/no/m/155/ll/A,0.48
bw/st/no/yes/m/215/ll/A,bo/st/yes/yes/d/509/ll/A,0.55
bw/st/no/yes/m/215/ll/A,bw/st/yes/yes/m/197/ll/A,0.86
bw/st/no/yes/m/215/ll/A,bo/st/yes/yes/d/507/ll/U,0.55
bw/st/no/yes/m/215/ll/A,bw/st/no/yes/m/215/ll/A,1.0
bw/st/no/yes/m/215/ll/A,bw/mu/no/no/d/443/ll/A,0.48
bw/st/no/yes/m/215/ll/A,bo/so/yes/no/m/279/ll/U,0.36
bw/st/no/yes/m/215/ll/A,bw/st/no/no/d/489/ll/U,0.87
bw/st/no/yes/m/215/ll/A,bw/st/no/yes/m/213/ll/U,1.0
bw/st/no/yes/m/215/ll/A,bo/st/no/no/m/225/ll/U,0.44
bw/st/no/yes/m/215/ll/A,bo/mu/yes/no/d/473/ll/A,0.47
bw/st/no/yes/m/215/ll/A,bw/so/no/no/m/249/ll/U,0.39
bw/st/no/yes/m/215/ll/A,bo/so/no/yes/m/285/ll/U,0.12
bw/st/no/yes/m/215/ll/A,bw/st/no/no/m/203/ll/A,0.87
bw/st/no/yes/m/215/ll/A,bw/mu/no/yes/d/455/ll/A,0.47
bw/st/no/yes/m/215/ll/A,bw/st/yes/no/d/497/ll/A,0.78
bw/st/no/yes/m/215/ll/A,bw/mu/yes/yes/d/437/ll/A,0.48
bw/st/no/yes/m/215/ll/A,bw/so/no/yes/m/261/ll/U,0.45
bw/st/no/yes/m/215/ll/A,bw/so/yes/no/m/257/ll/A,0.38
bw/st/no/yes/m/215/ll/A,bw/st/no/no/d/491/ll/A,0.87
bw/st/no/yes/m/215/ll/A,bo/st/yes/no/m/233/ll/A,0.6
bw/st/no/yes/m/215/ll/A,bo/mu/no/no/d/465/ll/U,0.44
bw/st/no/yes/m/215/ll/A,bw/mu/no/yes/d/453/ll/U,0.47
bw/st/no/yes/m/215/ll/A,bw/so/no/no/m/251/ll/A,0.39
bw/st/no/yes/m/215/ll/A,bo/so/yes/yes/m/269/ll/A,0.43
bw/st/no/yes/m/215/ll/A,bo/so/yes/yes/m/267/ll/U,0.43
bw/st/no/yes/m/215/ll/A,bw/so/yes/no/d/543/ll/U,0.38
bw/st/no/yes/m/215/ll/A,bo/so/no/yes/d/575/ll/A,0.12
bw/st/no/yes/m/215/ll/A,bo/st/yes/no/d/521/ll/A,0.6
bw/st/no/yes/m/215/ll/A,bo/mu/no/yes/m/189/ll/U,0.44
bw/st/no/yes/m/215/ll/A,bo/st/yes/no/d/519/ll/U,0.6
bw/st/no/yes/m/215/ll/A,bo/mu/yes/yes/m/173/ll/A,0.5
bw/st/no/yes/m/215/ll/A,bo/so/no/yes/d/573/ll/U,0.12
bw/st/no/yes/m/215/ll/A,bw/so/yes/no/d/545/ll/A,0.38
bw/st/no/yes/m/215/ll/A,bo/st/no/yes/d/527/ll/A,0.43
bw/st/no/yes/m/215/ll/A,bw/mu/yes/no/m/159/ll/U,0.48
bw/st/no/yes/m/215/ll/A,bw/mu/yes/no/m/161/ll/A,0.48
bw/st/no/yes/m/215/ll/A,bw/st/yes/yes/m/195/ll/U,0.86
bw/st/no/yes/m/215/ll/A,bw/so/yes/yes/d/533/ll/A,0.44
bw/st/no/yes/m/215/ll/A,bo/so/yes/no/d/567/ll/U,0.36
bw/st/no/yes/m/215/ll/A,bw/so/no/yes/d/551/ll/A,0.45
bw/st/no/yes/m/215/ll/A,bo/so/yes/no/d/569/ll/A,0.36
bw/st/no/yes/m/215/ll/A,bw/st/no/yes/d/503/ll/A,1.0
bw/st/no/yes/m/215/ll/A,bw/mu/no/yes/m/167/ll/A,0.47
bw/st/no/yes/m/215/ll/A,bo/so/yes/yes/d/557/ll/A,0.43
bw/st/no/yes/m/215/ll/A,bo/so/no/no/d/561/ll/U,0.12
bw/st/no/yes/m/215/ll/A,bw/so/yes/yes/m/245/ll/A,0.44
bw/st/no/yes/m/215/ll/A,bo/so/no/yes/m/287/ll/A,0.12
bw/st/no/yes/m/215/ll/A,bo/so/no/no/m/273/ll/U,0.12
bw/st/no/yes/m/215/ll/A,bw/st/yes/yes/d/485/ll/A,0.86
bw/st/no/yes/m/215/ll/A,bo/st/no/no/m/227/ll/A,0.44
bw/st/no/yes/m/215/ll/A,bo/mu/yes/no/d/471/ll/U,0.47
bw/st/no/yes/m/215/ll/A,bw/mu/yes/no/d/449/ll/A,0.48
bw/st/no/yes/m/215/ll/A,bw/mu/yes/no/d/447/ll/U,0.48
bw/st/no/yes/m/215/ll/A,bo/so/yes/no/m/281/ll/A,0.36
bw/st/no/yes/m/215/ll/A,bo/so/no/no/m/275/ll/A,0.12
bw/st/no/yes/m/215/ll/A,bw/so/yes/yes/m/243/ll/U,0.44
bw/st/no/yes/m/215/ll/A,bo/mu/no/yes/d/479/ll/A,0.44
bw/st/no/yes/m/215/ll/A,bw/mu/no/no/d/441/ll/U,0.48
bw/st/no/yes/m/215/ll/A,bw/st/yes/yes/d/483/ll/U,0.86
bw/st/no/yes/m/215/ll/A,bo/mu/no/yes/d/477/ll/U,0.44
bw/st/no/yes/m/215/ll/A,bo/st/yes/yes/m/221/ll/A,0.55
bw/st/no/yes/m/215/ll/A,bo/st/yes/yes/m/219/ll/U,0.55
bw/mu/no/no/d/443/ll/A,bw/st/yes/no/m/207/ll/U,0.42
bw/mu/no/no/d/443/ll/A,bo/st/yes/no/m/231/ll/U,0.52
bw/mu/no/no/d/443/ll/A,bo/mu/no/no/d/467/ll/A,0.73
bw/mu/no/no/d/443/ll/A,bw/st/yes/no/m/209/ll/A,0.42
bw/mu/no/no/d/443/ll/A,bw/so/yes/no/m/255/ll/U,0.28
bw/mu/no/no/d/443/ll/A,bw/mu/yes/yes/d/435/ll/U,0.84
bw/mu/no/no/d/443/ll/A,bw/so/no/yes/m/263/ll/A,0.33
bw/mu/no/no/d/443/ll/A,bo/mu/yes/yes/d/461/ll/A,0.83
bw/mu/no/no/d/443/ll/A,bo/st/no/yes/m/237/ll/U,0.56
bw/mu/no/no/d/443/ll/A,bw/st/yes/no/d/495/ll/U,0.42
bw/mu/no/no/d/443/ll/A,bo/mu/yes/yes/d/459/ll/U,0.83
bw/mu/no/no/d/443/ll/A,bo/st/no/yes/m/239/ll/A,0.56
bw/mu/no/no/d/443/ll/A,bw/st/no/no/m/201/ll/U,0.43
bw/mu/no/no/d/443/ll/A,bo/st/no/yes/d/525/ll/U,0.56
bw/mu/no/no/d/443/ll/A,bo/mu/no/no/m/179/ll/A,0.73
bw/mu/no/no/d/443/ll/A,bo/mu/yes/no/m/183/ll/U,0.8
bw/mu/no/no/d/443/ll/A,bo/mu/no/no/m/177/ll/U,0.73
bw/mu/no/no/d/443/ll/A,bo/st/no/no/d/513/ll/U,0.52
bw/mu/no/no/d/443/ll/A,bw/so/no/yes/d/549/ll/U,0.33
bw/mu/no/no/d/443/ll/A,bw/mu/yes/yes/m/149/ll/A,0.84
bw/mu/no/no/d/443/ll/A,bo/mu/yes/no/m/185/ll/A,0.8
bw/mu/no/no/d/443/ll/A,bo/st/no/no/d/515/ll/A,0.52
bw/mu/no/no/d/443/ll/A,bo/mu/yes/yes/m/171/ll/U,0.83
bw/mu/no/no/d/443/ll/A,bw/mu/yes/yes/m/147/ll/U,0.84
bw/mu/no/no/d/443/ll/A,bo/so/no/no/d/563/ll/A,0.07
bw/mu/no/no/d/443/ll/A,bo/so/yes/yes/d/555/ll/U,0.36
bw/mu/no/no/d/443/ll/A,bw/so/no/no/d/539/ll/A,0.29
bw/mu/no/no/d/443/ll/A,bo/mu/no/yes/m/191/ll/A,0.74
bw/mu/no/no/d/443/ll/A,bw/st/no/yes/d/501/ll/U,0.48
bw/mu/no/no/d/443/ll/A,bw/mu/no/yes/m/165/ll/U,0.87
bw/mu/no/no/d/443/ll/A,bw/mu/no/no/m/153/ll/U,1.0
bw/mu/no/no/d/443/ll/A,bw/so/no/no/d/537/ll/U,0.29
bw/mu/no/no/d/443/ll/A,bw/so/yes/yes/d/531/ll/U,0.33
bw/mu/no/no/d/443/ll/A,bw/mu/no/no/m/155/ll/A,1.0
bw/mu/no/no/d/443/ll/A,bo/st/yes/yes/d/509/ll/A,0.56
bw/mu/no/no/d/443/ll/A,bw/st/yes/yes/m/197/ll/A,0.47
bw/mu/no/no/d/443/ll/A,bo/st/yes/yes/d/507/ll/U,0.56
bw/mu/no/no/d/443/ll/A,bw/st/no/yes/m/215/ll/A,0.48
bw/mu/no/no/d/443/ll/A,bw/mu/no/no/d/443/ll/A,1.0
bw/mu/no/no/d/443/ll/A,bo/so/yes/no/m/279/ll/U,0.29
bw/mu/no/no/d/443/ll/A,bw/st/no/no/d/489/ll/U,0.43
bw/mu/no/no/d/443/ll/A,bw/st/no/yes/m/213/ll/U,0.48
bw/mu/no/no/d/443/ll/A,bo/st/no/no/m/225/ll/U,0.52
bw/mu/no/no/d/443/ll/A,bo/mu/yes/no/d/473/ll/A,0.8
bw/mu/no/no/d/443/ll/A,bw/so/no/no/m/249/ll/U,0.29
bw/mu/no/no/d/443/ll/A,bo/so/no/yes/m/285/ll/U,0.08
bw/mu/no/no/d/443/ll/A,bw/st/no/no/m/203/ll/A,0.43
bw/mu/no/no/d/443/ll/A,bw/mu/no/yes/d/455/ll/A,0.87
bw/mu/no/no/d/443/ll/A,bw/st/yes/no/d/497/ll/A,0.42
bw/mu/no/no/d/443/ll/A,bw/mu/yes/yes/d/437/ll/A,0.84
bw/mu/no/no/d/443/ll/A,bw/so/no/yes/m/261/ll/U,0.33
bw/mu/no/no/d/443/ll/A,bw/so/yes/no/m/257/ll/A,0.28
bw/mu/no/no/d/443/ll/A,bw/st/no/no/d/491/ll/A,0.43
bw/mu/no/no/d/443/ll/A,bo/st/yes/no/m/233/ll/A,0.52
bw/mu/no/no/d/443/ll/A,bo/mu/no/no/d/465/ll/U,0.73
bw/mu/no/no/d/443/ll/A,bw/mu/no/yes/d/453/ll/U,0.87
bw/mu/no/no/d/443/ll/A,bw/so/no/no/m/251/ll/A,0.29
bw/mu/no/no/d/443/ll/A,bo/so/yes/yes/m/269/ll/A,0.36
bw/mu/no/no/d/443/ll/A,bo/so/yes/yes/m/267/ll/U,0.36
bw/mu/no/no/d/443/ll/A,bw/so/yes/no/d/543/ll/U,0.28
bw/mu/no/no/d/443/ll/A,bo/so/no/yes/d/575/ll/A,0.08
bw/mu/no/no/d/443/ll/A,bo/st/yes/no/d/521/ll/A,0.52
bw/mu/no/no/d/443/ll/A,bo/mu/no/yes/m/189/ll/U,0.74
bw/mu/no/no/d/443/ll/A,bo/st/yes/no/d/519/ll/U,0.52
bw/mu/no/no/d/443/ll/A,bo/mu/yes/yes/m/173/ll/A,0.83
bw/mu/no/no/d/443/ll/A,bo/so/no/yes/d/573/ll/U,0.08
bw/mu/no/no/d/443/ll/A,bw/so/yes/no/d/545/ll/A,0.28
bw/mu/no/no/d/443/ll/A,bo/st/no/yes/d/527/ll/A,0.56
bw/mu/no/no/d/443/ll/A,bw/mu/yes/no/m/159/ll/U,0.87
bw/mu/no/no/d/443/ll/A,bw/mu/yes/no/m/161/ll/A,0.87
bw/mu/no/no/d/443/ll/A,bw/st/yes/yes/m/195/ll/U,0.47
bw/mu/no/no/d/443/ll/A,bw/so/yes/yes/d/533/ll/A,0.33
bw/mu/no/no/d/443/ll/A,bo/so/yes/no/d/567/ll/U,0.29
bw/mu/no/no/d/443/ll/A,bw/so/no/yes/d/551/ll/A,0.33
bw/mu/no/no/d/443/ll/A,bo/so/yes/no/d/569/ll/A,0.29
bw/mu/no/no/d/443/ll/A,bw/st/no/yes/d/503/ll/A,0.48
bw/mu/no/no/d/443/ll/A,bw/mu/no/yes/m/167/ll/A,0.87
bw/mu/no/no/d/443/ll/A,bo/so/yes/yes/d/557/ll/A,0.36
bw/mu/no/no/d/443/ll/A,bo/so/no/no/d/561/ll/U,0.07
bw/mu/no/no/d/443/ll/A,bw/so/yes/yes/m/245/ll/A,0.33
bw/mu/no/no/d/443/ll/A,bo/so/no/yes/m/287/ll/A,0.08
bw/mu/no/no/d/443/ll/A,bo/so/no/no/m/273/ll/U,0.07
bw/mu/no/no/d/443/ll/A,bw/st/yes/yes/d/485/ll/A,0.47
bw/mu/no/no/d/443/ll/A,bo/st/no/no/m/227/ll/A,0.52
bw/mu/no/no/d/443/ll/A,bo/mu/yes/no/d/471/ll/U,0.8
bw/mu/no/no/d/443/ll/A,bw/mu/yes/no/d/449/ll/A,0.87
bw/mu/no/no/d/443/ll/A,bw/mu/yes/no/d/447/ll/U,0.87
bw/mu/no/no/d/443/ll/A,bo/so/yes/no/m/281/ll/A,0.29
bw/mu/no/no/d/443/ll/A,bo/so/no/no/m/275/ll/A,0.07
bw/mu/no/no/d/443/ll/A,bw/so/yes/yes/m/243/ll/U,0.33
bw/mu/no/no/d/443/ll/A,bo/mu/no/yes/d/479/ll/A,0.74
bw/mu/no/no/d/443/ll/A,bw/mu/no/no/d/441/ll/U,1.0
bw/mu/no/no/d/443/ll/A,bw/st/yes/yes/d/483/ll/U,0.47
bw/mu/no/no/d/443/ll/A,bo/mu/no/yes/d/477/ll/U,0.74
bw/mu/no/no/d/443/ll/A,bo/st/yes/yes/m/221/ll/A,0.56
bw/mu/no/no/d/443/ll/A,bo/st/yes/yes/m/219/ll/U,0.56
bo/so/yes/no/m/279/ll/U,bw/st/yes/no/m/207/ll/U,0.37
bo/so/yes/no/m/279/ll/U,bo/st/yes/no/m/231/ll/U,0.4
bo/so/yes/no/m/279/ll/U,bo/mu/no/no/d/467/ll/A,0.28
bo/so/yes/no/m/279/ll/U,bw/st/yes/no/m/209/ll/A,0.37
bo/so/yes/no/m/279/ll/U,bw/so/yes/no/m/255/ll/U,0.75
bo/so/yes/no/m/279/ll/U,bw/mu/yes/yes/d/435/ll/U,0.3
bo/so/yes/no/m/279/ll/U,bw/so/no/yes/m/263/ll/A,0.59
bo/so/yes/no/m/279/ll/U,bo/mu/yes/yes/d/461/ll/A,0.3
bo/so/yes/no/m/279/ll/U,bo/st/no/yes/m/237/ll/U,0.29
bo/so/yes/no/m/279/ll/U,bw/st/yes/no/d/495/ll/U,0.37
bo/so/yes/no/m/279/ll/U,bo/mu/yes/yes/d/459/ll/U,0.3
bo/so/yes/no/m/279/ll/U,bo/st/no/yes/m/239/ll/A,0.29
bo/so/yes/no/m/279/ll/U,bw/st/no/no/m/201/ll/U,0.36
bo/so/yes/no/m/279/ll/U,bo/st/no/yes/d/525/ll/U,0.29
bo/so/yes/no/m/279/ll/U,bo/mu/no/no/m/179/ll/A,0.28
bo/so/yes/no/m/279/ll/U,bo/mu/yes/no/m/183/ll/U,0.3
bo/so/yes/no/m/279/ll/U,bo/mu/no/no/m/177/ll/U,0.28
bo/so/yes/no/m/279/ll/U,bo/st/no/no/d/513/ll/U,0.32
bo/so/yes/no/m/279/ll/U,bw/so/no/yes/d/549/ll/U,0.59
bo/so/yes/no/m/279/ll/U,bw/mu/yes/yes/m/149/ll/A,0.3
bo/so/yes/no/m/279/ll/U,bo/mu/yes/no/m/185/ll/A,0.3
bo/so/yes/no/m/279/ll/U,bo/st/no/no/d/515/ll/A,0.32
bo/so/yes/no/m/279/ll/U,bo/mu/yes/yes/m/171/ll/U,0.3
bo/so/yes/no/m/279/ll/U,bw/mu/yes/yes/m/147/ll/U,0.3
bo/so/yes/no/m/279/ll/U,bo/so/no/no/d/563/ll/A,0.25
bo/so/yes/no/m/279/ll/U,bo/so/yes/yes/d/555/ll/U,0.7
bo/so/yes/no/m/279/ll/U,bw/so/no/no/d/539/ll/A,0.7
bo/so/yes/no/m/279/ll/U,bo/mu/no/yes/m/191/ll/A,0.28
bo/so/yes/no/m/279/ll/U,bw/st/no/yes/d/501/ll/U,0.36
bo/so/yes/no/m/279/ll/U,bw/mu/no/yes/m/165/ll/U,0.3
bo/so/yes/no/m/279/ll/U,bw/mu/no/no/m/153/ll/U,0.29
bo/so/yes/no/m/279/ll/U,bw/so/no/no/d/537/ll/U,0.7
bo/so/yes/no/m/279/ll/U,bw/so/yes/yes/d/531/ll/U,0.61
bo/so/yes/no/m/279/ll/U,bw/mu/no/no/m/155/ll/A,0.29
bo/so/yes/no/m/279/ll/U,bo/st/yes/yes/d/509/ll/A,0.37
bo/so/yes/no/m/279/ll/U,bw/st/yes/yes/m/197/ll/A,0.37
bo/so/yes/no/m/279/ll/U,bo/st/yes/yes/d/507/ll/U,0.37
bo/so/yes/no/m/279/ll/U,bw/st/no/yes/m/215/ll/A,0.36
bo/so/yes/no/m/279/ll/U,bw/mu/no/no/d/443/ll/A,0.29
bo/so/yes/no/m/279/ll/U,bo/so/yes/no/m/279/ll/U,1.0
bo/so/yes/no/m/279/ll/U,bw/st/no/no/d/489/ll/U,0.36
bo/so/yes/no/m/279/ll/U,bw/st/no/yes/m/213/ll/U,0.36
bo/so/yes/no/m/279/ll/U,bo/st/no/no/m/225/ll/U,0.32
bo/so/yes/no/m/279/ll/U,bo/mu/yes/no/d/473/ll/A,0.3
bo/so/yes/no/m/279/ll/U,bw/so/no/no/m/249/ll/U,0.7
bo/so/yes/no/m/279/ll/U,bo/so/no/yes/m/285/ll/U,0.18
bo/so/yes/no/m/279/ll/U,bw/st/no/no/m/203/ll/A,0.36
bo/so/yes/no/m/279/ll/U,bw/mu/no/yes/d/455/ll/A,0.3
bo/so/yes/no/m/279/ll/U,bw/st/yes/no/d/497/ll/A,0.37
bo/so/yes/no/m/279/ll/U,bw/mu/yes/yes/d/437/ll/A,0.3
bo/so/yes/no/m/279/ll/U,bw/so/no/yes/m/261/ll/U,0.59
bo/so/yes/no/m/279/ll/U,bw/so/yes/no/m/257/ll/A,0.75
bo/so/yes/no/m/279/ll/U,bw/st/no/no/d/491/ll/A,0.36
bo/so/yes/no/m/279/ll/U,bo/st/yes/no/m/233/ll/A,0.4
bo/so/yes/no/m/279/ll/U,bo/mu/no/no/d/465/ll/U,0.28
bo/so/yes/no/m/279/ll/U,bw/mu/no/yes/d/453/ll/U,0.3
bo/so/yes/no/m/279/ll/U,bw/so/no/no/m/251/ll/A,0.7
bo/so/yes/no/m/279/ll/U,bo/so/yes/yes/m/269/ll/A,0.7
bo/so/yes/no/m/279/ll/U,bo/so/yes/yes/m/267/ll/U,0.7
bo/so/yes/no/m/279/ll/U,bw/so/yes/no/d/543/ll/U,0.75
bo/so/yes/no/m/279/ll/U,bo/so/no/yes/d/575/ll/A,0.18
bo/so/yes/no/m/279/ll/U,bo/st/yes/no/d/521/ll/A,0.4
bo/so/yes/no/m/279/ll/U,bo/mu/no/yes/m/189/ll/U,0.28
bo/so/yes/no/m/279/ll/U,bo/st/yes/no/d/519/ll/U,0.4
bo/so/yes/no/m/279/ll/U,bo/mu/yes/yes/m/173/ll/A,0.3
bo/so/yes/no/m/279/ll/U,bo/so/no/yes/d/573/ll/U,0.18
bo/so/yes/no/m/279/ll/U,bw/so/yes/no/d/545/ll/A,0.75
bo/so/yes/no/m/279/ll/U,bo/st/no/yes/d/527/ll/A,0.29
bo/so/yes/no/m/279/ll/U,bw/mu/yes/no/m/159/ll/U,0.3
bo/so/yes/no/m/279/ll/U,bw/mu/yes/no/m/161/ll/A,0.3
bo/so/yes/no/m/279/ll/U,bw/st/yes/yes/m/195/ll/U,0.37
bo/so/yes/no/m/279/ll/U,bw/so/yes/yes/d/533/ll/A,0.61
bo/so/yes/no/m/279/ll/U,bo/so/yes/no/d/567/ll/U,1.0
bo/so/yes/no/m/279/ll/U,bw/so/no/yes/d/551/ll/A,0.59
bo/so/yes/no/m/279/ll/U,bo/so/yes/no/d/569/ll/A,1.0
bo/so/yes/no/m/279/ll/U,bw/st/no/yes/d/503/ll/A,0.36
bo/so/yes/no/m/279/ll/U,bw/mu/no/yes/m/167/ll/A,0.3
bo/so/yes/no/m/279/ll/U,bo/so/yes/yes/d/557/ll/A,0.7
bo/so/yes/no/m/279/ll/U,bo/so/no/no/d/561/ll/U,0.25
bo/so/yes/no/m/279/ll/U,bw/so/yes/yes/m/245/ll/A,0.61
bo/so/yes/no/m/279/ll/U,bo/so/no/yes/m/287/ll/A,0.18
bo/so/yes/no/m/279/ll/U,bo/so/no/no/m/273/ll/U,0.25
bo/so/yes/no/m/279/ll/U,bw/st/yes/yes/d/485/ll/A,0.37
bo/so/yes/no/m/279/ll/U,bo/st/no/no/m/227/ll/A,0.32
bo/so/yes/no/m/279/ll/U,bo/mu/yes/no/d/471/ll/U,0.3
bo/so/yes/no/m/279/ll/U,bw/mu/yes/no/d/449/ll/A,0.3
bo/so/yes/no/m/279/ll/U,bw/mu/yes/no/d/447/ll/U,0.3
bo/so/yes/no/m/279/ll/U,bo/so/yes/no/m/281/ll/A,1.0
bo/so/yes/no/m/279/ll/U,bo/so/no/no/m/275/ll/A,0.25
bo/so/yes/no/m/279/ll/U,bw/so/yes/yes/m/243/ll/U,0.61
bo/so/yes/no/m/279/ll/U,bo/mu/no/yes/d/479/ll/A,0.28
bo/so/yes/no/m/279/ll/U,bw/mu/no/no/d/441/ll/U,0.29
bo/so/yes/no/m/279/ll/U,bw/st/yes/yes/d/483/ll/U,0.37
bo/so/yes/no/m/279/ll/U,bo/mu/no/yes/d/477/ll/U,0.28
bo/so/yes/no/m/279/ll/U,bo/st/yes/yes/m/221/ll/A,0.37
bo/so/yes/no/m/279/ll/U,bo/st/yes/yes/m/219/ll/U,0.37
bw/st/no/no/d/489/ll/U,bw/st/yes/no/m/207/ll/U,0.85
bw/st/no/no/d/489/ll/U,bo/st/yes/no/m/231/ll/U,0.54
bw/st/no/no/d/489/ll/U,bo/mu/no/no/d/467/ll/A,0.4
bw/st/no/no/d/489/ll/U,bw/st/yes/no/m/209/ll/A,0.85
bw/st/no/no/d/489/ll/U,bw/so/yes/no/m/255/ll/U,0.37
bw/st/no/no/d/489/ll/U,bw/mu/yes/yes/d/435/ll/U,0.43
bw/st/no/no/d/489/ll/U,bw/so/no/yes/m/263/ll/A,0.43
bw/st/no/no/d/489/ll/U,bo/mu/yes/yes/d/461/ll/A,0.44
bw/st/no/no/d/489/ll/U,bo/st/no/yes/m/237/ll/U,0.38
bw/st/no/no/d/489/ll/U,bw/st/yes/no/d/495/ll/U,0.85
bw/st/no/no/d/489/ll/U,bo/mu/yes/yes/d/459/ll/U,0.44
bw/st/no/no/d/489/ll/U,bo/st/no/yes/m/239/ll/A,0.38
bw/st/no/no/d/489/ll/U,bw/st/no/no/m/201/ll/U,1.0
bw/st/no/no/d/489/ll/U,bo/st/no/yes/d/525/ll/U,0.38
bw/st/no/no/d/489/ll/U,bo/mu/no/no/m/179/ll/A,0.4
bw/st/no/no/d/489/ll/U,bo/mu/yes/no/m/183/ll/U,0.42
bw/st/no/no/d/489/ll/U,bo/mu/no/no/m/177/ll/U,0.4
bw/st/no/no/d/489/ll/U,bo/st/no/no/d/513/ll/U,0.4
bw/st/no/no/d/489/ll/U,bw/so/no/yes/d/549/ll/U,0.43
bw/st/no/no/d/489/ll/U,bw/mu/yes/yes/m/149/ll/A,0.43
bw/st/no/no/d/489/ll/U,bo/mu/yes/no/m/185/ll/A,0.42
bw/st/no/no/d/489/ll/U,bo/st/no/no/d/515/ll/A,0.4
bw/st/no/no/d/489/ll/U,bo/mu/yes/yes/m/171/ll/U,0.44
bw/st/no/no/d/489/ll/U,bw/mu/yes/yes/m/147/ll/U,0.43
bw/st/no/no/d/489/ll/U,bo/so/no/no/d/563/ll/A,0.12
bw/st/no/no/d/489/ll/U,bo/so/yes/yes/d/555/ll/U,0.41
bw/st/no/no/d/489/ll/U,bw/so/no/no/d/539/ll/A,0.38
bw/st/no/no/d/489/ll/U,bo/mu/no/yes/m/191/ll/A,0.4
bw/st/no/no/d/489/ll/U,bw/st/no/yes/d/501/ll/U,0.87
bw/st/no/no/d/489/ll/U,bw/mu/no/yes/m/165/ll/U,0.42
bw/st/no/no/d/489/ll/U,bw/mu/no/no/m/153/ll/U,0.43
bw/st/no/no/d/489/ll/U,bw/so/no/no/d/537/ll/U,0.38
bw/st/no/no/d/489/ll/U,bw/so/yes/yes/d/531/ll/U,0.42
bw/st/no/no/d/489/ll/U,bw/mu/no/no/m/155/ll/A,0.43
bw/st/no/no/d/489/ll/U,bo/st/yes/yes/d/509/ll/A,0.49
bw/st/no/no/d/489/ll/U,bw/st/yes/yes/m/197/ll/A,0.76
bw/st/no/no/d/489/ll/U,bo/st/yes/yes/d/507/ll/U,0.49
bw/st/no/no/d/489/ll/U,bw/st/no/yes/m/215/ll/A,0.87
bw/st/no/no/d/489/ll/U,bw/mu/no/no/d/443/ll/A,0.43
bw/st/no/no/d/489/ll/U,bo/so/yes/no/m/279/ll/U,0.36
bw/st/no/no/d/489/ll/U,bw/st/no/no/d/489/ll/U,1.0
bw/st/no/no/d/489/ll/U,bw/st/no/yes/m/213/ll/U,0.87
bw/st/no/no/d/489/ll/U,bo/st/no/no/m/225/ll/U,0.4
bw/st/no/no/d/489/ll/U,bo/mu/yes/no/d/473/ll/A,0.42
bw/st/no/no/d/489/ll/U,bw/so/no/no/m/249/ll/U,0.38
bw/st/no/no/d/489/ll/U,bo/so/no/yes/m/285/ll/U,0.11
bw/st/no/no/d/489/ll/U,bw/st/no/no/m/203/ll/A,1.0
bw/st/no/no/d/489/ll/U,bw/mu/no/yes/d/455/ll/A,0.42
bw/st/no/no/d/489/ll/U,bw/st/yes/no/d/497/ll/A,0.85
bw/st/no/no/d/489/ll/U,bw/mu/yes/yes/d/437/ll/A,0.43
bw/st/no/no/d/489/ll/U,bw/so/no/yes/m/261/ll/U,0.43
bw/st/no/no/d/489/ll/U,bw/so/yes/no/m/257/ll/A,0.37
bw/st/no/no/d/489/ll/U,bw/st/no/no/d/491/ll/A,1.0
bw/st/no/no/d/489/ll/U,bo/st/yes/no/m/233/ll/A,0.54
bw/st/no/no/d/489/ll/U,bo/mu/no/no/d/465/ll/U,0.4
bw/st/no/no/d/489/ll/U,bw/mu/no/yes/d/453/ll/U,0.42
bw/st/no/no/d/489/ll/U,bw/so/no/no/m/251/ll/A,0.38
bw/st/no/no/d/489/ll/U,bo/so/yes/yes/m/269/ll/A,0.41
bw/st/no/no/d/489/ll/U,bo/so/yes/yes/m/267/ll/U,0.41
bw/st/no/no/d/489/ll/U,bw/so/yes/no/d/543/ll/U,0.37
bw/st/no/no/d/489/ll/U,bo/so/no/yes/d/575/ll/A,0.11
bw/st/no/no/d/489/ll/U,bo/st/yes/no/d/521/ll/A,0.54
bw/st/no/no/d/489/ll/U,bo/mu/no/yes/m/189/ll/U,0.4
bw/st/no/no/d/489/ll/U,bo/st/yes/no/d/519/ll/U,0.54
bw/st/no/no/d/489/ll/U,bo/mu/yes/yes/m/173/ll/A,0.44
bw/st/no/no/d/489/ll/U,bo/so/no/yes/d/573/ll/U,0.11
bw/st/no/no/d/489/ll/U,bw/so/yes/no/d/545/ll/A,0.37
bw/st/no/no/d/489/ll/U,bo/st/no/yes/d/527/ll/A,0.38
bw/st/no/no/d/489/ll/U,bw/mu/yes/no/m/159/ll/U,0.43
bw/st/no/no/d/489/ll/U,bw/mu/yes/no/m/161/ll/A,0.43
bw/st/no/no/d/489/ll/U,bw/st/yes/yes/m/195/ll/U,0.76
bw/st/no/no/d/489/ll/U,bw/so/yes/yes/d/533/ll/A,0.42
bw/st/no/no/d/489/ll/U,bo/so/yes/no/d/567/ll/U,0.36
bw/st/no/no/d/489/ll/U,bw/so/no/yes/d/551/ll/A,0.43
bw/st/no/no/d/489/ll/U,bo/so/yes/no/d/569/ll/A,0.36
bw/st/no/no/d/489/ll/U,bw/st/no/yes/d/503/ll/A,0.87
bw/st/no/no/d/489/ll/U,bw/mu/no/yes/m/167/ll/A,0.42
bw/st/no/no/d/489/ll/U,bo/so/yes/yes/d/557/ll/A,0.41
bw/st/no/no/d/489/ll/U,bo/so/no/no/d/561/ll/U,0.12
bw/st/no/no/d/489/ll/U,bw/so/yes/yes/m/245/ll/A,0.42
bw/st/no/no/d/489/ll/U,bo/so/no/yes/m/287/ll/A,0.11
bw/st/no/no/d/489/ll/U,bo/so/no/no/m/273/ll/U,0.12
bw/st/no/no/d/489/ll/U,bw/st/yes/yes/d/485/ll/A,0.76
bw/st/no/no/d/489/ll/U,bo/st/no/no/m/227/ll/A,0.4
bw/st/no/no/d/489/ll/U,bo/mu/yes/no/d/471/ll/U,0.42
bw/st/no/no/d/489/ll/U,bw/mu/yes/no/d/449/ll/A,0.43
bw/st/no/no/d/489/ll/U,bw/mu/yes/no/d/447/ll/U,0.43
bw/st/no/no/d/489/ll/U,bo/so/yes/no/m/281/ll/A,0.36
bw/st/no/no/d/489/ll/U,bo/so/no/no/m/275/ll/A,0.12
bw/st/no/no/d/489/ll/U,bw/so/yes/yes/m/243/ll/U,0.42
bw/st/no/no/d/489/ll/U,bo/mu/no/yes/d/479/ll/A,0.4
bw/st/no/no/d/489/ll/U,bw/mu/no/no/d/441/ll/U,0.43
bw/st/no/no/d/489/ll/U,bw/st/yes/yes/d/483/ll/U,0.76
bw/st/no/no/d/489/ll/U,bo/mu/no/yes/d/477/ll/U,0.4
bw/st/no/no/d/489/ll/U,bo/st/yes/yes/m/221/ll/A,0.49
bw/st/no/no/d/489/ll/U,bo/st/yes/yes/m/219/ll/U,0.49
bw/st/no/yes/m/213/ll/U,bw/st/yes/no/m/207/ll/U,0.78
bw/st/no/yes/m/213/ll/U,bo/st/yes/no/m/231/ll/U,0.6
bw/st/no/yes/m/213/ll/U,bo/mu/no/no/d/467/ll/A,0.44
bw/st/no/yes/m/213/ll/U,bw/st/yes/no/m/209/ll/A,0.78
bw/st/no/yes/m/213/ll/U,bw/so/yes/no/m/255/ll/U,0.38
bw/st/no/yes/m/213/ll/U,bw/mu/yes/yes/d/435/ll/U,0.48
bw/st/no/yes/m/213/ll/U,bw/so/no/yes/m/263/ll/A,0.45
bw/st/no/yes/m/213/ll/U,bo/mu/yes/yes/d/461/ll/A,0.5
bw/st/no/yes/m/213/ll/U,bo/st/no/yes/m/237/ll/U,0.43
bw/st/no/yes/m/213/ll/U,bw/st/yes/no/d/495/ll/U,0.78
bw/st/no/yes/m/213/ll/U,bo/mu/yes/yes/d/459/ll/U,0.5
bw/st/no/yes/m/213/ll/U,bo/st/no/yes/m/239/ll/A,0.43
bw/st/no/yes/m/213/ll/U,bw/st/no/no/m/201/ll/U,0.87
bw/st/no/yes/m/213/ll/U,bo/st/no/yes/d/525/ll/U,0.43
bw/st/no/yes/m/213/ll/U,bo/mu/no/no/m/179/ll/A,0.44
bw/st/no/yes/m/213/ll/U,bo/mu/yes/no/m/183/ll/U,0.47
bw/st/no/yes/m/213/ll/U,bo/mu/no/no/m/177/ll/U,0.44
bw/st/no/yes/m/213/ll/U,bo/st/no/no/d/513/ll/U,0.44
bw/st/no/yes/m/213/ll/U,bw/so/no/yes/d/549/ll/U,0.45
bw/st/no/yes/m/213/ll/U,bw/mu/yes/yes/m/149/ll/A,0.48
bw/st/no/yes/m/213/ll/U,bo/mu/yes/no/m/185/ll/A,0.47
bw/st/no/yes/m/213/ll/U,bo/st/no/no/d/515/ll/A,0.44
bw/st/no/yes/m/213/ll/U,bo/mu/yes/yes/m/171/ll/U,0.5
bw/st/no/yes/m/213/ll/U,bw/mu/yes/yes/m/147/ll/U,0.48
bw/st/no/yes/m/213/ll/U,bo/so/no/no/d/563/ll/A,0.12
bw/st/no/yes/m/213/ll/U,bo/so/yes/yes/d/555/ll/U,0.43
bw/st/no/yes/m/213/ll/U,bw/so/no/no/d/539/ll/A,0.39
bw/st/no/yes/m/213/ll/U,bo/mu/no/yes/m/191/ll/A,0.44
bw/st/no/yes/m/213/ll/U,bw/st/no/yes/d/501/ll/U,1.0
bw/st/no/yes/m/213/ll/U,bw/mu/no/yes/m/165/ll/U,0.47
bw/st/no/yes/m/213/ll/U,bw/mu/no/no/m/153/ll/U,0.48
bw/st/no/yes/m/213/ll/U,bw/so/no/no/d/537/ll/U,0.39
bw/st/no/yes/m/213/ll/U,bw/so/yes/yes/d/531/ll/U,0.44
bw/st/no/yes/m/213/ll/U,bw/mu/no/no/m/155/ll/A,0.48
bw/st/no/yes/m/213/ll/U,bo/st/yes/yes/d/509/ll/A,0.55
bw/st/no/yes/m/213/ll/U,bw/st/yes/yes/m/197/ll/A,0.86
bw/st/no/yes/m/213/ll/U,bo/st/yes/yes/d/507/ll/U,0.55
bw/st/no/yes/m/213/ll/U,bw/st/no/yes/m/215/ll/A,1.0
bw/st/no/yes/m/213/ll/U,bw/mu/no/no/d/443/ll/A,0.48
bw/st/no/yes/m/213/ll/U,bo/so/yes/no/m/279/ll/U,0.36
bw/st/no/yes/m/213/ll/U,bw/st/no/no/d/489/ll/U,0.87
bw/st/no/yes/m/213/ll/U,bw/st/no/yes/m/213/ll/U,1.0
bw/st/no/yes/m/213/ll/U,bo/st/no/no/m/225/ll/U,0.44
bw/st/no/yes/m/213/ll/U,bo/mu/yes/no/d/473/ll/A,0.47
bw/st/no/yes/m/213/ll/U,bw/so/no/no/m/249/ll/U,0.39
bw/st/no/yes/m/213/ll/U,bo/so/no/yes/m/285/ll/U,0.12
bw/st/no/yes/m/213/ll/U,bw/st/no/no/m/203/ll/A,0.87
bw/st/no/yes/m/213/ll/U,bw/mu/no/yes/d/455/ll/A,0.47
bw/st/no/yes/m/213/ll/U,bw/st/yes/no/d/497/ll/A,0.78
bw/st/no/yes/m/213/ll/U,bw/mu/yes/yes/d/437/ll/A,0.48
bw/st/no/yes/m/213/ll/U,bw/so/no/yes/m/261/ll/U,0.45
bw/st/no/yes/m/213/ll/U,bw/so/yes/no/m/257/ll/A,0.38
bw/st/no/yes/m/213/ll/U,bw/st/no/no/d/491/ll/A,0.87
bw/st/no/yes/m/213/ll/U,bo/st/yes/no/m/233/ll/A,0.6
bw/st/no/yes/m/213/ll/U,bo/mu/no/no/d/465/ll/U,0.44
bw/st/no/yes/m/213/ll/U,bw/mu/no/yes/d/453/ll/U,0.47
bw/st/no/yes/m/213/ll/U,bw/so/no/no/m/251/ll/A,0.39
bw/st/no/yes/m/213/ll/U,bo/so/yes/yes/m/269/ll/A,0.43
bw/st/no/yes/m/213/ll/U,bo/so/yes/yes/m/267/ll/U,0.43
bw/st/no/yes/m/213/ll/U,bw/so/yes/no/d/543/ll/U,0.38
bw/st/no/yes/m/213/ll/U,bo/so/no/yes/d/575/ll/A,0.12
bw/st/no/yes/m/213/ll/U,bo/st/yes/no/d/521/ll/A,0.6
bw/st/no/yes/m/213/ll/U,bo/mu/no/yes/m/189/ll/U,0.44
bw/st/no/yes/m/213/ll/U,bo/st/yes/no/d/519/ll/U,0.6
bw/st/no/yes/m/213/ll/U,bo/mu/yes/yes/m/173/ll/A,0.5
bw/st/no/yes/m/213/ll/U,bo/so/no/yes/d/573/ll/U,0.12
bw/st/no/yes/m/213/ll/U,bw/so/yes/no/d/545/ll/A,0.38
bw/st/no/yes/m/213/ll/U,bo/st/no/yes/d/527/ll/A,0.43
bw/st/no/yes/m/213/ll/U,bw/mu/yes/no/m/159/ll/U,0.48
bw/st/no/yes/m/213/ll/U,bw/mu/yes/no/m/161/ll/A,0.48
bw/st/no/yes/m/213/ll/U,bw/st/yes/yes/m/195/ll/U,0.86
bw/st/no/yes/m/213/ll/U,bw/so/yes/yes/d/533/ll/A,0.44
bw/st/no/yes/m/213/ll/U,bo/so/yes/no/d/567/ll/U,0.36
bw/st/no/yes/m/213/ll/U,bw/so/no/yes/d/551/ll/A,0.45
bw/st/no/yes/m/213/ll/U,bo/so/yes/no/d/569/ll/A,0.36
bw/st/no/yes/m/213/ll/U,bw/st/no/yes/d/503/ll/A,1.0
bw/st/no/yes/m/213/ll/U,bw/mu/no/yes/m/167/ll/A,0.47
bw/st/no/yes/m/213/ll/U,bo/so/yes/yes/d/557/ll/A,0.43
bw/st/no/yes/m/213/ll/U,bo/so/no/no/d/561/ll/U,0.12
bw/st/no/yes/m/213/ll/U,bw/so/yes/yes/m/245/ll/A,0.44
bw/st/no/yes/m/213/ll/U,bo/so/no/yes/m/287/ll/A,0.12
bw/st/no/yes/m/213/ll/U,bo/so/no/no/m/273/ll/U,0.12
bw/st/no/yes/m/213/ll/U,bw/st/yes/yes/d/485/ll/A,0.86
bw/st/no/yes/m/213/ll/U,bo/st/no/no/m/227/ll/A,0.44
bw/st/no/yes/m/213/ll/U,bo/mu/yes/no/d/471/ll/U,0.47
bw/st/no/yes/m/213/ll/U,bw/mu/yes/no/d/449/ll/A,0.48
bw/st/no/yes/m/213/ll/U,bw/mu/yes/no/d/447/ll/U,0.48
bw/st/no/yes/m/213/ll/U,bo/so/yes/no/m/281/ll/A,0.36
bw/st/no/yes/m/213/ll/U,bo/so/no/no/m/275/ll/A,0.12
bw/st/no/yes/m/213/ll/U,bw/so/yes/yes/m/243/ll/U,0.44
bw/st/no/yes/m/213/ll/U,bo/mu/no/yes/d/479/ll/A,0.44
bw/st/no/yes/m/213/ll/U,bw/mu/no/no/d/441/ll/U,0.48
bw/st/no/yes/m/213/ll/U,bw/st/yes/yes/d/483/ll/U,0.86
bw/st/no/yes/m/213/ll/U,bo/mu/no/yes/d/477/ll/U,0.44
bw/st/no/yes/m/213/ll/U,bo/st/yes/yes/m/221/ll/A,0.55
bw/st/no/yes/m/213/ll/U,bo/st/yes/yes/m/219/ll/U,0.55
bo/st/no/no/m/225/ll/U,bw/st/yes/no/m/207/ll/U,0.39
bo/st/no/no/m/225/ll/U,bo/st/yes/no/m/231/ll/U,0.59
bo/st/no/no/m/225/ll/U,bo/mu/no/no/d/467/ll/A,0.56
bo/st/no/no/m/225/ll/U,bw/st/yes/no/m/209/ll/A,0.39
bo/st/no/no/m/225/ll/U,bw/so/yes/no/m/255/ll/U,0.3
bo/st/no/no/m/225/ll/U,bw/mu/yes/yes/d/435/ll/U,0.58
bo/st/no/no/m/225/ll/U,bw/so/no/yes/m/263/ll/A,0.36
bo/st/no/no/m/225/ll/U,bo/mu/yes/yes/d/461/ll/A,0.57
bo/st/no/no/m/225/ll/U,bo/st/no/yes/m/237/ll/U,0.88
bo/st/no/no/m/225/ll/U,bw/st/yes/no/d/495/ll/U,0.39
bo/st/no/no/m/225/ll/U,bo/mu/yes/yes/d/459/ll/U,0.57
bo/st/no/no/m/225/ll/U,bo/st/no/yes/m/239/ll/A,0.88
bo/st/no/no/m/225/ll/U,bw/st/no/no/m/201/ll/U,0.4
bo/st/no/no/m/225/ll/U,bo/st/no/yes/d/525/ll/U,0.88
bo/st/no/no/m/225/ll/U,bo/mu/no/no/m/179/ll/A,0.56
bo/st/no/no/m/225/ll/U,bo/mu/yes/no/m/183/ll/U,0.58
bo/st/no/no/m/225/ll/U,bo/mu/no/no/m/177/ll/U,0.56
bo/st/no/no/m/225/ll/U,bo/st/no/no/d/513/ll/U,1.0
bo/st/no/no/m/225/ll/U,bw/so/no/yes/d/549/ll/U,0.36
bo/st/no/no/m/225/ll/U,bw/mu/yes/yes/m/149/ll/A,0.58
bo/st/no/no/m/225/ll/U,bo/mu/yes/no/m/185/ll/A,0.58
bo/st/no/no/m/225/ll/U,bo/st/no/no/d/515/ll/A,1.0
bo/st/no/no/m/225/ll/U,bo/mu/yes/yes/m/171/ll/U,0.57
bo/st/no/no/m/225/ll/U,bw/mu/yes/yes/m/147/ll/U,0.58
bo/st/no/no/m/225/ll/U,bo/so/no/no/d/563/ll/A,0.12
bo/st/no/no/m/225/ll/U,bo/so/yes/yes/d/555/ll/U,0.4
bo/st/no/no/m/225/ll/U,bw/so/no/no/d/539/ll/A,0.31
bo/st/no/no/m/225/ll/U,bo/mu/no/yes/m/191/ll/A,0.59
bo/st/no/no/m/225/ll/U,bw/st/no/yes/d/501/ll/U,0.44
bo/st/no/no/m/225/ll/U,bw/mu/no/yes/m/165/ll/U,0.55
bo/st/no/no/m/225/ll/U,bw/mu/no/no/m/153/ll/U,0.52
bo/st/no/no/m/225/ll/U,bw/so/no/no/d/537/ll/U,0.31
bo/st/no/no/m/225/ll/U,bw/so/yes/yes/d/531/ll/U,0.35
bo/st/no/no/m/225/ll/U,bw/mu/no/no/m/155/ll/A,0.52
bo/st/no/no/m/225/ll/U,bo/st/yes/yes/d/509/ll/A,0.61
bo/st/no/no/m/225/ll/U,bw/st/yes/yes/m/197/ll/A,0.43
bo/st/no/no/m/225/ll/U,bo/st/yes/yes/d/507/ll/U,0.61
bo/st/no/no/m/225/ll/U,bw/st/no/yes/m/215/ll/A,0.44
bo/st/no/no/m/225/ll/U,bw/mu/no/no/d/443/ll/A,0.52
bo/st/no/no/m/225/ll/U,bo/so/yes/no/m/279/ll/U,0.32
bo/st/no/no/m/225/ll/U,bw/st/no/no/d/489/ll/U,0.4
bo/st/no/no/m/225/ll/U,bw/st/no/yes/m/213/ll/U,0.44
bo/st/no/no/m/225/ll/U,bo/st/no/no/m/225/ll/U,1.0
bo/st/no/no/m/225/ll/U,bo/mu/yes/no/d/473/ll/A,0.58
bo/st/no/no/m/225/ll/U,bw/so/no/no/m/249/ll/U,0.31
bo/st/no/no/m/225/ll/U,bo/so/no/yes/m/285/ll/U,0.12
bo/st/no/no/m/225/ll/U,bw/st/no/no/m/203/ll/A,0.4
bo/st/no/no/m/225/ll/U,bw/mu/no/yes/d/455/ll/A,0.55
bo/st/no/no/m/225/ll/U,bw/st/yes/no/d/497/ll/A,0.39
bo/st/no/no/m/225/ll/U,bw/mu/yes/yes/d/437/ll/A,0.58
bo/st/no/no/m/225/ll/U,bw/so/no/yes/m/261/ll/U,0.36
bo/st/no/no/m/225/ll/U,bw/so/yes/no/m/257/ll/A,0.3
bo/st/no/no/m/225/ll/U,bw/st/no/no/d/491/ll/A,0.4
bo/st/no/no/m/225/ll/U,bo/st/yes/no/m/233/ll/A,0.59
bo/st/no/no/m/225/ll/U,bo/mu/no/no/d/465/ll/U,0.56
bo/st/no/no/m/225/ll/U,bw/mu/no/yes/d/453/ll/U,0.55
bo/st/no/no/m/225/ll/U,bw/so/no/no/m/251/ll/A,0.31
bo/st/no/no/m/225/ll/U,bo/so/yes/yes/m/269/ll/A,0.4
bo/st/no/no/m/225/ll/U,bo/so/yes/yes/m/267/ll/U,0.4
bo/st/no/no/m/225/ll/U,bw/so/yes/no/d/543/ll/U,0.3
bo/st/no/no/m/225/ll/U,bo/so/no/yes/d/575/ll/A,0.12
bo/st/no/no/m/225/ll/U,bo/st/yes/no/d/521/ll/A,0.59
bo/st/no/no/m/225/ll/U,bo/mu/no/yes/m/189/ll/U,0.59
bo/st/no/no/m/225/ll/U,bo/st/yes/no/d/519/ll/U,0.59
bo/st/no/no/m/225/ll/U,bo/mu/yes/yes/m/173/ll/A,0.57
bo/st/no/no/m/225/ll/U,bo/so/no/yes/d/573/ll/U,0.12
bo/st/no/no/m/225/ll/U,bw/so/yes/no/d/545/ll/A,0.3
bo/st/no/no/m/225/ll/U,bo/st/no/yes/d/527/ll/A,0.88
bo/st/no/no/m/225/ll/U,bw/mu/yes/no/m/159/ll/U,0.58
bo/st/no/no/m/225/ll/U,bw/mu/yes/no/m/161/ll/A,0.58
bo/st/no/no/m/225/ll/U,bw/st/yes/yes/m/195/ll/U,0.43
bo/st/no/no/m/225/ll/U,bw/so/yes/yes/d/533/ll/A,0.35
bo/st/no/no/m/225/ll/U,bo/so/yes/no/d/567/ll/U,0.32
bo/st/no/no/m/225/ll/U,bw/so/no/yes/d/551/ll/A,0.36
bo/st/no/no/m/225/ll/U,bo/so/yes/no/d/569/ll/A,0.32
bo/st/no/no/m/225/ll/U,bw/st/no/yes/d/503/ll/A,0.44
bo/st/no/no/m/225/ll/U,bw/mu/no/yes/m/167/ll/A,0.55
bo/st/no/no/m/225/ll/U,bo/so/yes/yes/d/557/ll/A,0.4
bo/st/no/no/m/225/ll/U,bo/so/no/no/d/561/ll/U,0.12
bo/st/no/no/m/225/ll/U,bw/so/yes/yes/m/245/ll/A,0.35
bo/st/no/no/m/225/ll/U,bo/so/no/yes/m/287/ll/A,0.12
bo/st/no/no/m/225/ll/U,bo/so/no/no/m/273/ll/U,0.12
bo/st/no/no/m/225/ll/U,bw/st/yes/yes/d/485/ll/A,0.43
bo/st/no/no/m/225/ll/U,bo/st/no/no/m/227/ll/A,1.0
bo/st/no/no/m/225/ll/U,bo/mu/yes/no/d/471/ll/U,0.58
bo/st/no/no/m/225/ll/U,bw/mu/yes/no/d/449/ll/A,0.58
bo/st/no/no/m/225/ll/U,bw/mu/yes/no/d/447/ll/U,0.58
bo/st/no/no/m/225/ll/U,bo/so/yes/no/m/281/ll/A,0.32
bo/st/no/no/m/225/ll/U,bo/so/no/no/m/275/ll/A,0.12
bo/st/no/no/m/225/ll/U,bw/so/yes/yes/m/243/ll/U,0.35
bo/st/no/no/m/225/ll/U,bo/mu/no/yes/d/479/ll/A,0.59
bo/st/no/no/m/225/ll/U,bw/mu/no/no/d/441/ll/U,0.52
bo/st/no/no/m/225/ll/U,bw/st/yes/yes/d/483/ll/U,0.43
bo/st/no/no/m/225/ll/U,bo/mu/no/yes/d/477/ll/U,0.59
bo/st/no/no/m/225/ll/U,bo/st/yes/yes/m/221/ll/A,0.61
bo/st/no/no/m/225/ll/U,bo/st/yes/yes/m/219/ll/U,0.61
bo/mu/yes/no/d/473/ll/A,bw/st/yes/no/m/207/ll/U,0.41
bo/mu/yes/no/d/473/ll/A,bo/st/yes/no/m/231/ll/U,0.56
bo/mu/yes/no/d/473/ll/A,bo/mu/no/no/d/467/ll/A,0.8
bo/mu/yes/no/d/473/ll/A,bw/st/yes/no/m/209/ll/A,0.41
bo/mu/yes/no/d/473/ll/A,bw/so/yes/no/m/255/ll/U,0.28
bo/mu/yes/no/d/473/ll/A,bw/mu/yes/yes/d/435/ll/U,0.91
bo/mu/yes/no/d/473/ll/A,bw/so/no/yes/m/263/ll/A,0.34
bo/mu/yes/no/d/473/ll/A,bo/mu/yes/yes/d/461/ll/A,0.92
bo/mu/yes/no/d/473/ll/A,bo/st/no/yes/m/237/ll/U,0.63
bo/mu/yes/no/d/473/ll/A,bw/st/yes/no/d/495/ll/U,0.41
bo/mu/yes/no/d/473/ll/A,bo/mu/yes/yes/d/459/ll/U,0.92
bo/mu/yes/no/d/473/ll/A,bo/st/no/yes/m/239/ll/A,0.63
bo/mu/yes/no/d/473/ll/A,bw/st/no/no/m/201/ll/U,0.42
bo/mu/yes/no/d/473/ll/A,bo/st/no/yes/d/525/ll/U,0.63
bo/mu/yes/no/d/473/ll/A,bo/mu/no/no/m/179/ll/A,0.8
bo/mu/yes/no/d/473/ll/A,bo/mu/yes/no/m/183/ll/U,1.0
bo/mu/yes/no/d/473/ll/A,bo/mu/no/no/m/177/ll/U,0.8
bo/mu/yes/no/d/473/ll/A,bo/st/no/no/d/513/ll/U,0.58
bo/mu/yes/no/d/473/ll/A,bw/so/no/yes/d/549/ll/U,0.34
bo/mu/yes/no/d/473/ll/A,bw/mu/yes/yes/m/149/ll/A,0.91
bo/mu/yes/no/d/473/ll/A,bo/mu/yes/no/m/185/ll/A,1.0
bo/mu/yes/no/d/473/ll/A,bo/st/no/no/d/515/ll/A,0.58
bo/mu/yes/no/d/473/ll/A,bo/mu/yes/yes/m/171/ll/U,0.92
bo/mu/yes/no/d/473/ll/A,bw/mu/yes/yes/m/147/ll/U,0.91
bo/mu/yes/no/d/473/ll/A,bo/so/no/no/d/563/ll/A,0.08
bo/mu/yes/no/d/473/ll/A,bo/so/yes/yes/d/555/ll/U,0.39
bo/mu/yes/no/d/473/ll/A,bw/so/no/no/d/539/ll/A,0.29
bo/mu/yes/no/d/473/ll/A,bo/mu/no/yes/m/191/ll/A,0.83
bo/mu/yes/no/d/473/ll/A,bw/st/no/yes/d/501/ll/U,0.47
bo/mu/yes/no/d/473/ll/A,bw/mu/no/yes/m/165/ll/U,0.85
bo/mu/yes/no/d/473/ll/A,bw/mu/no/no/m/153/ll/U,0.8
bo/mu/yes/no/d/473/ll/A,bw/so/no/no/d/537/ll/U,0.29
bo/mu/yes/no/d/473/ll/A,bw/so/yes/yes/d/531/ll/U,0.34
bo/mu/yes/no/d/473/ll/A,bw/mu/no/no/m/155/ll/A,0.8
bo/mu/yes/no/d/473/ll/A,bo/st/yes/yes/d/509/ll/A,0.62
bo/mu/yes/no/d/473/ll/A,bw/st/yes/yes/m/197/ll/A,0.46
bo/mu/yes/no/d/473/ll/A,bo/st/yes/yes/d/507/ll/U,0.62
bo/mu/yes/no/d/473/ll/A,bw/st/no/yes/m/215/ll/A,0.47
bo/mu/yes/no/d/473/ll/A,bw/mu/no/no/d/443/ll/A,0.8
bo/mu/yes/no/d/473/ll/A,bo/so/yes/no/m/279/ll/U,0.3
bo/mu/yes/no/d/473/ll/A,bw/st/no/no/d/489/ll/U,0.42
bo/mu/yes/no/d/473/ll/A,bw/st/no/yes/m/213/ll/U,0.47
bo/mu/yes/no/d/473/ll/A,bo/st/no/no/m/225/ll/U,0.58
bo/mu/yes/no/d/473/ll/A,bo/mu/yes/no/d/473/ll/A,1.0
bo/mu/yes/no/d/473/ll/A,bw/so/no/no/m/249/ll/U,0.29
bo/mu/yes/no/d/473/ll/A,bo/so/no/yes/m/285/ll/U,0.09
bo/mu/yes/no/d/473/ll/A,bw/st/no/no/m/203/ll/A,0.42
bo/mu/yes/no/d/473/ll/A,bw/mu/no/yes/d/455/ll/A,0.85
bo/mu/yes/no/d/473/ll/A,bw/st/yes/no/d/497/ll/A,0.41
bo/mu/yes/no/d/473/ll/A,bw/mu/yes/yes/d/437/ll/A,0.91
bo/mu/yes/no/d/473/ll/A,bw/so/no/yes/m/261/ll/U,0.34
bo/mu/yes/no/d/473/ll/A,bw/so/yes/no/m/257/ll/A,0.28
bo/mu/yes/no/d/473/ll/A,bw/st/no/no/d/491/ll/A,0.42
bo/mu/yes/no/d/473/ll/A,bo/st/yes/no/m/233/ll/A,0.56
bo/mu/yes/no/d/473/ll/A,bo/mu/no/no/d/465/ll/U,0.8
bo/mu/yes/no/d/473/ll/A,bw/mu/no/yes/d/453/ll/U,0.85
bo/mu/yes/no/d/473/ll/A,bw/so/no/no/m/251/ll/A,0.29
bo/mu/yes/no/d/473/ll/A,bo/so/yes/yes/m/269/ll/A,0.39
bo/mu/yes/no/d/473/ll/A,bo/so/yes/yes/m/267/ll/U,0.39
bo/mu/yes/no/d/473/ll/A,bw/so/yes/no/d/543/ll/U,0.28
bo/mu/yes/no/d/473/ll/A,bo/so/no/yes/d/575/ll/A,0.09
bo/mu/yes/no/d/473/ll/A,bo/st/yes/no/d/521/ll/A,0.56
bo/mu/yes/no/d/473/ll/A,bo/mu/no/yes/m/189/ll/U,0.83
bo/mu/yes/no/d/473/ll/A,bo/st/yes/no/d/519/ll/U,0.56
bo/mu/yes/no/d/473/ll/A,bo/mu/yes/yes/m/173/ll/A,0.92
bo/mu/yes/no/d/473/ll/A,bo/so/no/yes/d/573/ll/U,0.09
bo/mu/yes/no/d/473/ll/A,bw/so/yes/no/d/545/ll/A,0.28
bo/mu/yes/no/d/473/ll/A,bo/st/no/yes/d/527/ll/A,0.63
bo/mu/yes/no/d/473/ll/A,bw/mu/yes/no/m/159/ll/U,0.92
bo/mu/yes/no/d/473/ll/A,bw/mu/yes/no/m/161/ll/A,0.92
bo/mu/yes/no/d/473/ll/A,bw/st/yes/yes/m/195/ll/U,0.46
bo/mu/yes/no/d/473/ll/A,bw/so/yes/yes/d/533/ll/A,0.34
bo/mu/yes/no/d/473/ll/A,bo/so/yes/no/d/567/ll/U,0.3
bo/mu/yes/no/d/473/ll/A,bw/so/no/yes/d/551/ll/A,0.34
bo/mu/yes/no/d/473/ll/A,bo/so/yes/no/d/569/ll/A,0.3
bo/mu/yes/no/d/473/ll/A,bw/st/no/yes/d/503/ll/A,0.47
bo/mu/yes/no/d/473/ll/A,bw/mu/no/yes/m/167/ll/A,0.85
bo/mu/yes/no/d/473/ll/A,bo/so/yes/yes/d/557/ll/A,0.39
bo/mu/yes/no/d/473/ll/A,bo/so/no/no/d/561/ll/U,0.08
bo/mu/yes/no/d/473/ll/A,bw/so/yes/yes/m/245/ll/A,0.34
bo/mu/yes/no/d/473/ll/A,bo/so/no/yes/m/287/ll/A,0.09
bo/mu/yes/no/d/473/ll/A,bo/so/no/no/m/273/ll/U,0.08
bo/mu/yes/no/d/473/ll/A,bw/st/yes/yes/d/485/ll/A,0.46
bo/mu/yes/no/d/473/ll/A,bo/st/no/no/m/227/ll/A,0.58
bo/mu/yes/no/d/473/ll/A,bo/mu/yes/no/d/471/ll/U,1.0
bo/mu/yes/no/d/473/ll/A,bw/mu/yes/no/d/449/ll/A,0.92
bo/mu/yes/no/d/473/ll/A,bw/mu/yes/no/d/447/ll/U,0.92
bo/mu/yes/no/d/473/ll/A,bo/so/yes/no/m/281/ll/A,0.3
bo/mu/yes/no/d/473/ll/A,bo/so/no/no/m/275/ll/A,0.08
bo/mu/yes/no/d/473/ll/A,bw/so/yes/yes/m/243/ll/U,0.34
bo/mu/yes/no/d/473/ll/A,bo/mu/no/yes/d/479/ll/A,0.83
bo/mu/yes/no/d/473/ll/A,bw/mu/no/no/d/441/ll/U,0.8
bo/mu/yes/no/d/473/ll/A,bw/st/yes/yes/d/483/ll/U,0.46
bo/mu/yes/no/d/473/ll/A,bo/mu/no/yes/d/477/ll/U,0.83
bo/mu/yes/no/d/473/ll/A,bo/st/yes/yes/m/221/ll/A,0.62
bo/mu/yes/no/d/473/ll/A,bo/st/yes/yes/m/219/ll/U,0.62
bw/so/no/no/m/249/ll/U,bw/st/yes/no/m/207/ll/U,0.37
bw/so/no/no/m/249/ll/U,bo/st/yes/no/m/231/ll/U,0.37
bw/so/no/no/m/249/ll/U,bo/mu/no/no/d/467/ll/A,0.27
bw/so/no/no/m/249/ll/U,bw/st/yes/no/m/209/ll/A,0.37
bw/so/no/no/m/249/ll/U,bw/so/yes/no/m/255/ll/U,0.87
bw/so/no/no/m/249/ll/U,bw/mu/yes/yes/d/435/ll/U,0.3
bw/so/no/no/m/249/ll/U,bw/so/no/yes/m/263/ll/A,0.78
bw/so/no/no/m/249/ll/U,bo/mu/yes/yes/d/461/ll/A,0.29
bw/so/no/no/m/249/ll/U,bo/st/no/yes/m/237/ll/U,0.29
bw/so/no/no/m/249/ll/U,bw/st/yes/no/d/495/ll/U,0.37
bw/so/no/no/m/249/ll/U,bo/mu/yes/yes/d/459/ll/U,0.29
bw/so/no/no/m/249/ll/U,bo/st/no/yes/m/239/ll/A,0.29
bw/so/no/no/m/249/ll/U,bw/st/no/no/m/201/ll/U,0.38
bw/so/no/no/m/249/ll/U,bo/st/no/yes/d/525/ll/U,0.29
bw/so/no/no/m/249/ll/U,bo/mu/no/no/m/179/ll/A,0.27
bw/so/no/no/m/249/ll/U,bo/mu/yes/no/m/183/ll/U,0.29
bw/so/no/no/m/249/ll/U,bo/mu/no/no/m/177/ll/U,0.27
bw/so/no/no/m/249/ll/U,bo/st/no/no/d/513/ll/U,0.31
bw/so/no/no/m/249/ll/U,bw/so/no/yes/d/549/ll/U,0.78
bw/so/no/no/m/249/ll/U,bw/mu/yes/yes/m/149/ll/A,0.3
bw/so/no/no/m/249/ll/U,bo/mu/yes/no/m/185/ll/A,0.29
bw/so/no/no/m/249/ll/U,bo/st/no/no/d/515/ll/A,0.31
bw/so/no/no/m/249/ll/U,bo/mu/yes/yes/m/171/ll/U,0.29
bw/so/no/no/m/249/ll/U,bw/mu/yes/yes/m/147/ll/U,0.3
bw/so/no/no/m/249/ll/U,bo/so/no/no/d/563/ll/A,0.22
bw/so/no/no/m/249/ll/U,bo/so/yes/yes/d/555/ll/U,0.54
bw/so/no/no/m/249/ll/U,bw/so/no/no/d/539/ll/A,1.0
bw/so/no/no/m/249/ll/U,bo/mu/no/yes/m/191/ll/A,0.27
bw/so/no/no/m/249/ll/U,bw/st/no/yes/d/501/ll/U,0.39
bw/so/no/no/m/249/ll/U,bw/mu/no/yes/m/165/ll/U,0.3
bw/so/no/no/m/249/ll/U,bw/mu/no/no/m/153/ll/U,0.29
bw/so/no/no/m/249/ll/U,bw/so/no/no/d/537/ll/U,1.0
bw/so/no/no/m/249/ll/U,bw/so/yes/yes/d/531/ll/U,0.7
bw/so/no/no/m/249/ll/U,bw/mu/no/no/m/155/ll/A,0.29
bw/so/no/no/m/249/ll/U,bo/st/yes/yes/d/509/ll/A,0.34
bw/so/no/no/m/249/ll/U,bw/st/yes/yes/m/197/ll/A,0.38
bw/so/no/no/m/249/ll/U,bo/st/yes/yes/d/507/ll/U,0.34
bw/so/no/no/m/249/ll/U,bw/st/no/yes/m/215/ll/A,0.39
bw/so/no/no/m/249/ll/U,bw/mu/no/no/d/443/ll/A,0.29
bw/so/no/no/m/249/ll/U,bo/so/yes/no/m/279/ll/U,0.7
bw/so/no/no/m/249/ll/U,bw/st/no/no/d/489/ll/U,0.38
bw/so/no/no/m/249/ll/U,bw/st/no/yes/m/213/ll/U,0.39
bw/so/no/no/m/249/ll/U,bo/st/no/no/m/225/ll/U,0.31
bw/so/no/no/m/249/ll/U,bo/mu/yes/no/d/473/ll/A,0.29
bw/so/no/no/m/249/ll/U,bw/so/no/no/m/249/ll/U,1.0
bw/so/no/no/m/249/ll/U,bo/so/no/yes/m/285/ll/U,0.16
bw/so/no/no/m/249/ll/U,bw/st/no/no/m/203/ll/A,0.38
bw/so/no/no/m/249/ll/U,bw/mu/no/yes/d/455/ll/A,0.3
bw/so/no/no/m/249/ll/U,bw/st/yes/no/d/497/ll/A,0.37
bw/so/no/no/m/249/ll/U,bw/mu/yes/yes/d/437/ll/A,0.3
bw/so/no/no/m/249/ll/U,bw/so/no/yes/m/261/ll/U,0.78
bw/so/no/no/m/249/ll/U,bw/so/yes/no/m/257/ll/A,0.87
bw/so/no/no/m/249/ll/U,bw/st/no/no/d/491/ll/A,0.38
bw/so/no/no/m/249/ll/U,bo/st/yes/no/m/233/ll/A,0.37
bw/so/no/no/m/249/ll/U,bo/mu/no/no/d/465/ll/U,0.27
bw/so/no/no/m/249/ll/U,bw/mu/no/yes/d/453/ll/U,0.3
bw/so/no/no/m/249/ll/U,bw/so/no/no/m/251/ll/A,1.0
bw/so/no/no/m/249/ll/U,bo/so/yes/yes/m/269/ll/A,0.54
bw/so/no/no/m/249/ll/U,bo/so/yes/yes/m/267/ll/U,0.54
bw/so/no/no/m/249/ll/U,bw/so/yes/no/d/543/ll/U,0.87
bw/so/no/no/m/249/ll/U,bo/so/no/yes/d/575/ll/A,0.16
bw/so/no/no/m/249/ll/U,bo/st/yes/no/d/521/ll/A,0.37
bw/so/no/no/m/249/ll/U,bo/mu/no/yes/m/189/ll/U,0.27
bw/so/no/no/m/249/ll/U,bo/st/yes/no/d/519/ll/U,0.37
bw/so/no/no/m/249/ll/U,bo/mu/yes/yes/m/173/ll/A,0.29
bw/so/no/no/m/249/ll/U,bo/so/no/yes/d/573/ll/U,0.16
bw/so/no/no/m/249/ll/U,bw/so/yes/no/d/545/ll/A,0.87
bw/so/no/no/m/249/ll/U,bo/st/no/yes/d/527/ll/A,0.29
bw/so/no/no/m/249/ll/U,bw/mu/yes/no/m/159/ll/U,0.3
bw/so/no/no/m/249/ll/U,bw/mu/yes/no/m/161/ll/A,0.3
bw/so/no/no/m/249/ll/U,bw/st/yes/yes/m/195/ll/U,0.38
bw/so/no/no/m/249/ll/U,bw/so/yes/yes/d/533/ll/A,0.7
bw/so/no/no/m/249/ll/U,bo/so/yes/no/d/567/ll/U,0.7
bw/so/no/no/m/249/ll/U,bw/so/no/yes/d/551/ll/A,0.78
bw/so/no/no/m/249/ll/U,bo/so/yes/no/d/569/ll/A,0.7
bw/so/no/no/m/249/ll/U,bw/st/no/yes/d/503/ll/A,0.39
bw/so/no/no/m/249/ll/U,bw/mu/no/yes/m/167/ll/A,0.3
bw/so/no/no/m/249/ll/U,bo/so/yes/yes/d/557/ll/A,0.54
bw/so/no/no/m/249/ll/U,bo/so/no/no/d/561/ll/U,0.22
bw/so/no/no/m/249/ll/U,bw/so/yes/yes/m/245/ll/A,0.7
bw/so/no/no/m/249/ll/U,bo/so/no/yes/m/287/ll/A,0.16
bw/so/no/no/m/249/ll/U,bo/so/no/no/m/273/ll/U,0.22
bw/so/no/no/m/249/ll/U,bw/st/yes/yes/d/485/ll/A,0.38
bw/so/no/no/m/249/ll/U,bo/st/no/no/m/227/ll/A,0.31
bw/so/no/no/m/249/ll/U,bo/mu/yes/no/d/471/ll/U,0.29
bw/so/no/no/m/249/ll/U,bw/mu/yes/no/d/449/ll/A,0.3
bw/so/no/no/m/249/ll/U,bw/mu/yes/no/d/447/ll/U,0.3
bw/so/no/no/m/249/ll/U,bo/so/yes/no/m/281/ll/A,0.7
bw/so/no/no/m/249/ll/U,bo/so/no/no/m/275/ll/A,0.22
bw/so/no/no/m/249/ll/U,bw/so/yes/yes/m/243/ll/U,0.7
bw/so/no/no/m/249/ll/U,bo/mu/no/yes/d/479/ll/A,0.27
bw/so/no/no/m/249/ll/U,bw/mu/no/no/d/441/ll/U,0.29
bw/so/no/no/m/249/ll/U,bw/st/yes/yes/d/483/ll/U,0.38
bw/so/no/no/m/249/ll/U,bo/mu/no/yes/d/477/ll/U,0.27
bw/so/no/no/m/249/ll/U,bo/st/yes/yes/m/221/ll/A,0.34
bw/so/no/no/m/249/ll/U,bo/st/yes/yes/m/219/ll/U,0.34
bo/so/no/yes/m/285/ll/U,bw/st/yes/no/m/207/ll/U,0.11
bo/so/no/yes/m/285/ll/U,bo/st/yes/no/m/231/ll/U,0.13
bo/so/no/yes/m/285/ll/U,bo/mu/no/no/d/467/ll/A,0.09
bo/so/no/yes/m/285/ll/U,bw/st/yes/no/m/209/ll/A,0.11
bo/so/no/yes/m/285/ll/U,bw/so/yes/no/m/255/ll/U,0.16
bo/so/no/yes/m/285/ll/U,bw/mu/yes/yes/d/435/ll/U,0.09
bo/so/no/yes/m/285/ll/U,bw/so/no/yes/m/263/ll/A,0.18
bo/so/no/yes/m/285/ll/U,bo/mu/yes/yes/d/461/ll/A,0.09
bo/so/no/yes/m/285/ll/U,bo/st/no/yes/m/237/ll/U,0.12
bo/so/no/yes/m/285/ll/U,bw/st/yes/no/d/495/ll/U,0.11
bo/so/no/yes/m/285/ll/U,bo/mu/yes/yes/d/459/ll/U,0.09
bo/so/no/yes/m/285/ll/U,bo/st/no/yes/m/239/ll/A,0.12
bo/so/no/yes/m/285/ll/U,bw/st/no/no/m/201/ll/U,0.11
bo/so/no/yes/m/285/ll/U,bo/st/no/yes/d/525/ll/U,0.12
bo/so/no/yes/m/285/ll/U,bo/mu/no/no/m/179/ll/A,0.09
bo/so/no/yes/m/285/ll/U,bo/mu/yes/no/m/183/ll/U,0.09
bo/so/no/yes/m/285/ll/U,bo/mu/no/no/m/177/ll/U,0.09
bo/so/no/yes/m/285/ll/U,bo/st/no/no/d/513/ll/U,0.12
bo/so/no/yes/m/285/ll/U,bw/so/no/yes/d/549/ll/U,0.18
bo/so/no/yes/m/285/ll/U,bw/mu/yes/yes/m/149/ll/A,0.09
bo/so/no/yes/m/285/ll/U,bo/mu/yes/no/m/185/ll/A,0.09
bo/so/no/yes/m/285/ll/U,bo/st/no/no/d/515/ll/A,0.12
bo/so/no/yes/m/285/ll/U,bo/mu/yes/yes/m/171/ll/U,0.09
bo/so/no/yes/m/285/ll/U,bw/mu/yes/yes/m/147/ll/U,0.09
bo/so/no/yes/m/285/ll/U,bo/so/no/no/d/563/ll/A,0.59
bo/so/no/yes/m/285/ll/U,bo/so/yes/yes/d/555/ll/U,0.22
bo/so/no/yes/m/285/ll/U,bw/so/no/no/d/539/ll/A,0.16
bo/so/no/yes/m/285/ll/U,bo/mu/no/yes/m/191/ll/A,0.09
bo/so/no/yes/m/285/ll/U,bw/st/no/yes/d/501/ll/U,0.12
bo/so/no/yes/m/285/ll/U,bw/mu/no/yes/m/165/ll/U,0.09
bo/so/no/yes/m/285/ll/U,bw/mu/no/no/m/153/ll/U,0.08
bo/so/no/yes/m/285/ll/U,bw/so/no/no/d/537/ll/U,0.16
bo/so/no/yes/m/285/ll/U,bw/so/yes/yes/d/531/ll/U,0.17
bo/so/no/yes/m/285/ll/U,bw/mu/no/no/m/155/ll/A,0.08
bo/so/no/yes/m/285/ll/U,bo/st/yes/yes/d/509/ll/A,0.13
bo/so/no/yes/m/285/ll/U,bw/st/yes/yes/m/197/ll/A,0.11
bo/so/no/yes/m/285/ll/U,bo/st/yes/yes/d/507/ll/U,0.13
bo/so/no/yes/m/285/ll/U,bw/st/no/yes/m/215/ll/A,0.12
bo/so/no/yes/m/285/ll/U,bw/mu/no/no/d/443/ll/A,0.08
bo/so/no/yes/m/285/ll/U,bo/so/yes/no/m/279/ll/U,0.18
bo/so/no/yes/m/285/ll/U,bw/st/no/no/d/489/ll/U,0.11
bo/so/no/yes/m/285/ll/U,bw/st/no/yes/m/213/ll/U,0.12
bo/so/no/yes/m/285/ll/U,bo/st/no/no/m/225/ll/U,0.12
bo/so/no/yes/m/285/ll/U,bo/mu/yes/no/d/473/ll/A,0.09
bo/so/no/yes/m/285/ll/U,bw/so/no/no/m/249/ll/U,0.16
bo/so/no/yes/m/285/ll/U,bo/so/no/yes/m/285/ll/U,1.0
bo/so/no/yes/m/285/ll/U,bw/st/no/no/m/203/ll/A,0.11
bo/so/no/yes/m/285/ll/U,bw/mu/no/yes/d/455/ll/A,0.09
bo/so/no/yes/m/285/ll/U,bw/st/yes/no/d/497/ll/A,0.11
bo/so/no/yes/m/285/ll/U,bw/mu/yes/yes/d/437/ll/A,0.09
bo/so/no/yes/m/285/ll/U,bw/so/no/yes/m/261/ll/U,0.18
bo/so/no/yes/m/285/ll/U,bw/so/yes/no/m/257/ll/A,0.16
bo/so/no/yes/m/285/ll/U,bw/st/no/no/d/491/ll/A,0.11
bo/so/no/yes/m/285/ll/U,bo/st/yes/no/m/233/ll/A,0.13
bo/so/no/yes/m/285/ll/U,bo/mu/no/no/d/465/ll/U,0.09
bo/so/no/yes/m/285/ll/U,bw/mu/no/yes/d/453/ll/U,0.09
bo/so/no/yes/m/285/ll/U,bw/so/no/no/m/251/ll/A,0.16
bo/so/no/yes/m/285/ll/U,bo/so/yes/yes/m/269/ll/A,0.22
bo/so/no/yes/m/285/ll/U,bo/so/yes/yes/m/267/ll/U,0.22
bo/so/no/yes/m/285/ll/U,bw/so/yes/no/d/543/ll/U,0.16
bo/so/no/yes/m/285/ll/U,bo/so/no/yes/d/575/ll/A,1.0
bo/so/no/yes/m/285/ll/U,bo/st/yes/no/d/521/ll/A,0.13
bo/so/no/yes/m/285/ll/U,bo/mu/no/yes/m/189/ll/U,0.09
bo/so/no/yes/m/285/ll/U,bo/st/yes/no/d/519/ll/U,0.13
bo/so/no/yes/m/285/ll/U,bo/mu/yes/yes/m/173/ll/A,0.09
bo/so/no/yes/m/285/ll/U,bo/so/no/yes/d/573/ll/U,1.0
bo/so/no/yes/m/285/ll/U,bw/so/yes/no/d/545/ll/A,0.16
bo/so/no/yes/m/285/ll/U,bo/st/no/yes/d/527/ll/A,0.12
bo/so/no/yes/m/285/ll/U,bw/mu/yes/no/m/159/ll/U,0.09
bo/so/no/yes/m/285/ll/U,bw/mu/yes/no/m/161/ll/A,0.09
bo/so/no/yes/m/285/ll/U,bw/st/yes/yes/m/195/ll/U,0.11
bo/so/no/yes/m/285/ll/U,bw/so/yes/yes/d/533/ll/A,0.17
bo/so/no/yes/m/285/ll/U,bo/so/yes/no/d/567/ll/U,0.18
bo/so/no/yes/m/285/ll/U,bw/so/no/yes/d/551/ll/A,0.18
bo/so/no/yes/m/285/ll/U,bo/so/yes/no/d/569/ll/A,0.18
bo/so/no/yes/m/285/ll/U,bw/st/no/yes/d/503/ll/A,0.12
bo/so/no/yes/m/285/ll/U,bw/mu/no/yes/m/167/ll/A,0.09
bo/so/no/yes/m/285/ll/U,bo/so/yes/yes/d/557/ll/A,0.22
bo/so/no/yes/m/285/ll/U,bo/so/no/no/d/561/ll/U,0.59
bo/so/no/yes/m/285/ll/U,bw/so/yes/yes/m/245/ll/A,0.17
bo/so/no/yes/m/285/ll/U,bo/so/no/yes/m/287/ll/A,1.0
bo/so/no/yes/m/285/ll/U,bo/so/no/no/m/273/ll/U,0.59
bo/so/no/yes/m/285/ll/U,bw/st/yes/yes/d/485/ll/A,0.11
bo/so/no/yes/m/285/ll/U,bo/st/no/no/m/227/ll/A,0.12
bo/so/no/yes/m/285/ll/U,bo/mu/yes/no/d/471/ll/U,0.09
bo/so/no/yes/m/285/ll/U,bw/mu/yes/no/d/449/ll/A,0.09
bo/so/no/yes/m/285/ll/U,bw/mu/yes/no/d/447/ll/U,0.09
bo/so/no/yes/m/285/ll/U,bo/so/yes/no/m/281/ll/A,0.18
bo/so/no/yes/m/285/ll/U,bo/so/no/no/m/275/ll/A,0.59
bo/so/no/yes/m/285/ll/U,bw/so/yes/yes/m/243/ll/U,0.17
bo/so/no/yes/m/285/ll/U,bo/mu/no/yes/d/479/ll/A,0.09
bo/so/no/yes/m/285/ll/U,bw/mu/no/no/d/441/ll/U,0.08
bo/so/no/yes/m/285/ll/U,bw/st/yes/yes/d/483/ll/U,0.11
bo/so/no/yes/m/285/ll/U,bo/mu/no/yes/d/477/ll/U,0.09
bo/so/no/yes/m/285/ll/U,bo/st/yes/yes/m/221/ll/A,0.13
bo/so/no/yes/m/285/ll/U,bo/st/yes/yes/m/219/ll/U,0.13
bw/st/no/no/m/203/ll/A,bw/st/yes/no/m/207/ll/U,0.85
bw/st/no/no/m/203/ll/A,bo/st/yes/no/m/231/ll/U,0.54
bw/st/no/no/m/203/ll/A,bo/mu/no/no/d/467/ll/A,0.4
bw/st/no/no/m/203/ll/A,bw/st/yes/no/m/209/ll/A,0.85
bw/st/no/no/m/203/ll/A,bw/so/yes/no/m/255/ll/U,0.37
bw/st/no/no/m/203/ll/A,bw/mu/yes/yes/d/435/ll/U,0.43
bw/st/no/no/m/203/ll/A,bw/so/no/yes/m/263/ll/A,0.43
bw/st/no/no/m/203/ll/A,bo/mu/yes/yes/d/461/ll/A,0.44
bw/st/no/no/m/203/ll/A,bo/st/no/yes/m/237/ll/U,0.38
bw/st/no/no/m/203/ll/A,bw/st/yes/no/d/495/ll/U,0.85
bw/st/no/no/m/203/ll/A,bo/mu/yes/yes/d/459/ll/U,0.44
bw/st/no/no/m/203/ll/A,bo/st/no/yes/m/239/ll/A,0.38
bw/st/no/no/m/203/ll/A,bw/st/no/no/m/201/ll/U,1.0
bw/st/no/no/m/203/ll/A,bo/st/no/yes/d/525/ll/U,0.38
bw/st/no/no/m/203/ll/A,bo/mu/no/no/m/179/ll/A,0.4
bw/st/no/no/m/203/ll/A,bo/mu/yes/no/m/183/ll/U,0.42
bw/st/no/no/m/203/ll/A,bo/mu/no/no/m/177/ll/U,0.4
bw/st/no/no/m/203/ll/A,bo/st/no/no/d/513/ll/U,0.4
bw/st/no/no/m/203/ll/A,bw/so/no/yes/d/549/ll/U,0.43
bw/st/no/no/m/203/ll/A,bw/mu/yes/yes/m/149/ll/A,0.43
bw/st/no/no/m/203/ll/A,bo/mu/yes/no/m/185/ll/A,0.42
bw/st/no/no/m/203/ll/A,bo/st/no/no/d/515/ll/A,0.4
bw/st/no/no/m/203/ll/A,bo/mu/yes/yes/m/171/ll/U,0.44
bw/st/no/no/m/203/ll/A,bw/mu/yes/yes/m/147/ll/U,0.43
bw/st/no/no/m/203/ll/A,bo/so/no/no/d/563/ll/A,0.12
bw/st/no/no/m/203/ll/A,bo/so/yes/yes/d/555/ll/U,0.41
bw/st/no/no/m/203/ll/A,bw/so/no/no/d/539/ll/A,0.38
bw/st/no/no/m/203/ll/A,bo/mu/no/yes/m/191/ll/A,0.4
bw/st/no/no/m/203/ll/A,bw/st/no/yes/d/501/ll/U,0.87
bw/st/no/no/m/203/ll/A,bw/mu/no/yes/m/165/ll/U,0.42
bw/st/no/no/m/203/ll/A,bw/mu/no/no/m/153/ll/U,0.43
bw/st/no/no/m/203/ll/A,bw/so/no/no/d/537/ll/U,0.38
bw/st/no/no/m/203/ll/A,bw/so/yes/yes/d/531/ll/U,0.42
bw/st/no/no/m/203/ll/A,bw/mu/no/no/m/155/ll/A,0.43
bw/st/no/no/m/203/ll/A,bo/st/yes/yes/d/509/ll/A,0.49
bw/st/no/no/m/203/ll/A,bw/st/yes/yes/m/197/ll/A,0.76
bw/st/no/no/m/203/ll/A,bo/st/yes/yes/d/507/ll/U,0.49
bw/st/no/no/m/203/ll/A,bw/st/no/yes/m/215/ll/A,0.87
bw/st/no/no/m/203/ll/A,bw/mu/no/no/d/443/ll/A,0.43
bw/st/no/no/m/203/ll/A,bo/so/yes/no/m/279/ll/U,0.36
bw/st/no/no/m/203/ll/A,bw/st/no/no/d/489/ll/U,1.0
bw/st/no/no/m/203/ll/A,bw/st/no/yes/m/213/ll/U,0.87
bw/st/no/no/m/203/ll/A,bo/st/no/no/m/225/ll/U,0.4
bw/st/no/no/m/203/ll/A,bo/mu/yes/no/d/473/ll/A,0.42
bw/st/no/no/m/203/ll/A,bw/so/no/no/m/249/ll/U,0.38
bw/st/no/no/m/203/ll/A,bo/so/no/yes/m/285/ll/U,0.11
bw/st/no/no/m/203/ll/A,bw/st/no/no/m/203/ll/A,1.0
bw/st/no/no/m/203/ll/A,bw/mu/no/yes/d/455/ll/A,0.42
bw/st/no/no/m/203/ll/A,bw/st/yes/no/d/497/ll/A,0.85
bw/st/no/no/m/203/ll/A,bw/mu/yes/yes/d/437/ll/A,0.43
bw/st/no/no/m/203/ll/A,bw/so/no/yes/m/261/ll/U,0.43
bw/st/no/no/m/203/ll/A,bw/so/yes/no/m/257/ll/A,0.37
bw/st/no/no/m/203/ll/A,bw/st/no/no/d/491/ll/A,1.0
bw/st/no/no/m/203/ll/A,bo/st/yes/no/m/233/ll/A,0.54
bw/st/no/no/m/203/ll/A,bo/mu/no/no/d/465/ll/U,0.4
bw/st/no/no/m/203/ll/A,bw/mu/no/yes/d/453/ll/U,0.42
bw/st/no/no/m/203/ll/A,bw/so/no/no/m/251/ll/A,0.38
bw/st/no/no/m/203/ll/A,bo/so/yes/yes/m/269/ll/A,0.41
bw/st/no/no/m/203/ll/A,bo/so/yes/yes/m/267/ll/U,0.41
bw/st/no/no/m/203/ll/A,bw/so/yes/no/d/543/ll/U,0.37
bw/st/no/no/m/203/ll/A,bo/so/no/yes/d/575/ll/A,0.11
bw/st/no/no/m/203/ll/A,bo/st/yes/no/d/521/ll/A,0.54
bw/st/no/no/m/203/ll/A,bo/mu/no/yes/m/189/ll/U,0.4
bw/st/no/no/m/203/ll/A,bo/st/yes/no/d/519/ll/U,0.54
bw/st/no/no/m/203/ll/A,bo/mu/yes/yes/m/173/ll/A,0.44
bw/st/no/no/m/203/ll/A,bo/so/no/yes/d/573/ll/U,0.11
bw/st/no/no/m/203/ll/A,bw/so/yes/no/d/545/ll/A,0.37
bw/st/no/no/m/203/ll/A,bo/st/no/yes/d/527/ll/A,0.38
bw/st/no/no/m/203/ll/A,bw/mu/yes/no/m/159/ll/U,0.43
bw/st/no/no/m/203/ll/A,bw/mu/yes/no/m/161/ll/A,0.43
bw/st/no/no/m/203/ll/A,bw/st/yes/yes/m/195/ll/U,0.76
bw/st/no/no/m/203/ll/A,bw/so/yes/yes/d/533/ll/A,0.42
bw/st/no/no/m/203/ll/A,bo/so/yes/no/d/567/ll/U,0.36
bw/st/no/no/m/203/ll/A,bw/so/no/yes/d/551/ll/A,0.43
bw/st/no/no/m/203/ll/A,bo/so/yes/no/d/569/ll/A,0.36
bw/st/no/no/m/203/ll/A,bw/st/no/yes/d/503/ll/A,0.87
bw/st/no/no/m/203/ll/A,bw/mu/no/yes/m/167/ll/A,0.42
bw/st/no/no/m/203/ll/A,bo/so/yes/yes/d/557/ll/A,0.41
bw/st/no/no/m/203/ll/A,bo/so/no/no/d/561/ll/U,0.12
bw/st/no/no/m/203/ll/A,bw/so/yes/yes/m/245/ll/A,0.42
bw/st/no/no/m/203/ll/A,bo/so/no/yes/m/287/ll/A,0.11
bw/st/no/no/m/203/ll/A,bo/so/no/no/m/273/ll/U,0.12
bw/st/no/no/m/203/ll/A,bw/st/yes/yes/d/485/ll/A,0.76
bw/st/no/no/m/203/ll/A,bo/st/no/no/m/227/ll/A,0.4
bw/st/no/no/m/203/ll/A,bo/mu/yes/no/d/471/ll/U,0.42
bw/st/no/no/m/203/ll/A,bw/mu/yes/no/d/449/ll/A,0.43
bw/st/no/no/m/203/ll/A,bw/mu/yes/no/d/447/ll/U,0.43
bw/st/no/no/m/203/ll/A,bo/so/yes/no/m/281/ll/A,0.36
bw/st/no/no/m/203/ll/A,bo/so/no/no/m/275/ll/A,0.12
bw/st/no/no/m/203/ll/A,bw/so/yes/yes/m/243/ll/U,0.42
bw/st/no/no/m/203/ll/A,bo/mu/no/yes/d/479/ll/A,0.4
bw/st/no/no/m/203/ll/A,bw/mu/no/no/d/441/ll/U,0.43
bw/st/no/no/m/203/ll/A,bw/st/yes/yes/d/483/ll/U,0.76
bw/st/no/no/m/203/ll/A,bo/mu/no/yes/d/477/ll/U,0.4
bw/st/no/no/m/203/ll/A,bo/st/yes/yes/m/221/ll/A,0.49
bw/st/no/no/m/203/ll/A,bo/st/yes/yes/m/219/ll/U,0.49
bw/mu/no/yes/d/455/ll/A,bw/st/yes/no/m/207/ll/U,0.41
bw/mu/no/yes/d/455/ll/A,bo/st/yes/no/m/231/ll/U,0.54
bw/mu/no/yes/d/455/ll/A,bo/mu/no/no/d/467/ll/A,0.71
bw/mu/no/yes/d/455/ll/A,bw/st/yes/no/m/209/ll/A,0.41
bw/mu/no/yes/d/455/ll/A,bw/so/yes/no/m/255/ll/U,0.29
bw/mu/no/yes/d/455/ll/A,bw/mu/yes/yes/d/435/ll/U,0.93
bw/mu/no/yes/d/455/ll/A,bw/so/no/yes/m/263/ll/A,0.35
bw/mu/no/yes/d/455/ll/A,bo/mu/yes/yes/d/461/ll/A,0.83
bw/mu/no/yes/d/455/ll/A,bo/st/no/yes/m/237/ll/U,0.59
bw/mu/no/yes/d/455/ll/A,bw/st/yes/no/d/495/ll/U,0.41
bw/mu/no/yes/d/455/ll/A,bo/mu/yes/yes/d/459/ll/U,0.83
bw/mu/no/yes/d/455/ll/A,bo/st/no/yes/m/239/ll/A,0.59
bw/mu/no/yes/d/455/ll/A,bw/st/no/no/m/201/ll/U,0.42
bw/mu/no/yes/d/455/ll/A,bo/st/no/yes/d/525/ll/U,0.59
bw/mu/no/yes/d/455/ll/A,bo/mu/no/no/m/179/ll/A,0.71
bw/mu/no/yes/d/455/ll/A,bo/mu/yes/no/m/183/ll/U,0.85
bw/mu/no/yes/d/455/ll/A,bo/mu/no/no/m/177/ll/U,0.71
bw/mu/no/yes/d/455/ll/A,bo/st/no/no/d/513/ll/U,0.55
bw/mu/no/yes/d/455/ll/A,bw/so/no/yes/d/549/ll/U,0.35
bw/mu/no/yes/d/455/ll/A,bw/mu/yes/yes/m/149/ll/A,0.93
bw/mu/no/yes/d/455/ll/A,bo/mu/yes/no/m/185/ll/A,0.85
bw/mu/no/yes/d/455/ll/A,bo/st/no/no/d/515/ll/A,0.55
bw/mu/no/yes/d/455/ll/A,bo/mu/yes/yes/m/171/ll/U,0.83
bw/mu/no/yes/d/455/ll/A,bw/mu/yes/yes/m/147/ll/U,0.93
bw/mu/no/yes/d/455/ll/A,bo/so/no/no/d/563/ll/A,0.08
bw/mu/no/yes/d/455/ll/A,bo/so/yes/yes/d/555/ll/U,0.37
bw/mu/no/yes/d/455/ll/A,bw/so/no/no/d/539/ll/A,0.3
bw/mu/no/yes/d/455/ll/A,bo/mu/no/yes/m/191/ll/A,0.76
bw/mu/no/yes/d/455/ll/A,bw/st/no/yes/d/501/ll/U,0.47
bw/mu/no/yes/d/455/ll/A,bw/mu/no/yes/m/165/ll/U,1.0
bw/mu/no/yes/d/455/ll/A,bw/mu/no/no/m/153/ll/U,0.87
bw/mu/no/yes/d/455/ll/A,bw/so/no/no/d/537/ll/U,0.3
bw/mu/no/yes/d/455/ll/A,bw/so/yes/yes/d/531/ll/U,0.35
bw/mu/no/yes/d/455/ll/A,bw/mu/no/no/m/155/ll/A,0.87
bw/mu/no/yes/d/455/ll/A,bo/st/yes/yes/d/509/ll/A,0.59
bw/mu/no/yes/d/455/ll/A,bw/st/yes/yes/m/197/ll/A,0.46
bw/mu/no/yes/d/455/ll/A,bo/st/yes/yes/d/507/ll/U,0.59
bw/mu/no/yes/d/455/ll/A,bw/st/no/yes/m/215/ll/A,0.47
bw/mu/no/yes/d/455/ll/A,bw/mu/no/no/d/443/ll/A,0.87
bw/mu/no/yes/d/455/ll/A,bo/so/yes/no/m/279/ll/U,0.3
bw/mu/no/yes/d/455/ll/A,bw/st/no/no/d/489/ll/U,0.42
bw/mu/no/yes/d/455/ll/A,bw/st/no/yes/m/213/ll/U,0.47
bw/mu/no/yes/d/455/ll/A,bo/st/no/no/m/225/ll/U,0.55
bw/mu/no/yes/d/455/ll/A,bo/mu/yes/no/d/473/ll/A,0.85
bw/mu/no/yes/d/455/ll/A,bw/so/no/no/m/249/ll/U,0.3
bw/mu/no/yes/d/455/ll/A,bo/so/no/yes/m/285/ll/U,0.09
bw/mu/no/yes/d/455/ll/A,bw/st/no/no/m/203/ll/A,0.42
bw/mu/no/yes/d/455/ll/A,bw/mu/no/yes/d/455/ll/A,1.0
bw/mu/no/yes/d/455/ll/A,bw/st/yes/no/d/497/ll/A,0.41
bw/mu/no/yes/d/455/ll/A,bw/mu/yes/yes/d/437/ll/A,0.93
bw/mu/no/yes/d/455/ll/A,bw/so/no/yes/m/261/ll/U,0.35
bw/mu/no/yes/d/455/ll/A,bw/so/yes/no/m/257/ll/A,0.29
bw/mu/no/yes/d/455/ll/A,bw/st/no/no/d/491/ll/A,0.42
bw/mu/no/yes/d/455/ll/A,bo/st/yes/no/m/233/ll/A,0.54
bw/mu/no/yes/d/455/ll/A,bo/mu/no/no/d/465/ll/U,0.71
bw/mu/no/yes/d/455/ll/A,bw/mu/no/yes/d/453/ll/U,1.0
bw/mu/no/yes/d/455/ll/A,bw/so/no/no/m/251/ll/A,0.3
bw/mu/no/yes/d/455/ll/A,bo/so/yes/yes/m/269/ll/A,0.37
bw/mu/no/yes/d/455/ll/A,bo/so/yes/yes/m/267/ll/U,0.37
bw/mu/no/yes/d/455/ll/A,bw/so/yes/no/d/543/ll/U,0.29
bw/mu/no/yes/d/455/ll/A,bo/so/no/yes/d/575/ll/A,0.09
bw/mu/no/yes/d/455/ll/A,bo/st/yes/no/d/521/ll/A,0.54
bw/mu/no/yes/d/455/ll/A,bo/mu/no/yes/m/189/ll/U,0.76
bw/mu/no/yes/d/455/ll/A,bo/st/yes/no/d/519/ll/U,0.54
bw/mu/no/yes/d/455/ll/A,bo/mu/yes/yes/m/173/ll/A,0.83
bw/mu/no/yes/d/455/ll/A,bo/so/no/yes/d/573/ll/U,0.09
bw/mu/no/yes/d/455/ll/A,bw/so/yes/no/d/545/ll/A,0.29
bw/mu/no/yes/d/455/ll/A,bo/st/no/yes/d/527/ll/A,0.59
bw/mu/no/yes/d/455/ll/A,bw/mu/yes/no/m/159/ll/U,0.9
bw/mu/no/yes/d/455/ll/A,bw/mu/yes/no/m/161/ll/A,0.9
bw/mu/no/yes/d/455/ll/A,bw/st/yes/yes/m/195/ll/U,0.46
bw/mu/no/yes/d/455/ll/A,bw/so/yes/yes/d/533/ll/A,0.35
bw/mu/no/yes/d/455/ll/A,bo/so/yes/no/d/567/ll/U,0.3
bw/mu/no/yes/d/455/ll/A,bw/so/no/yes/d/551/ll/A,0.35
bw/mu/no/yes/d/455/ll/A,bo/so/yes/no/d/569/ll/A,0.3
bw/mu/no/yes/d/455/ll/A,bw/st/no/yes/d/503/ll/A,0.47
bw/mu/no/yes/d/455/ll/A,bw/mu/no/yes/m/167/ll/A,1.0
bw/mu/no/yes/d/455/ll/A,bo/so/yes/yes/d/557/ll/A,0.37
bw/mu/no/yes/d/455/ll/A,bo/so/no/no/d/561/ll/U,0.08
bw/mu/no/yes/d/455/ll/A,bw/so/yes/yes/m/245/ll/A,0.35
bw/mu/no/yes/d/455/ll/A,bo/so/no/yes/m/287/ll/A,0.09
bw/mu/no/yes/d/455/ll/A,bo/so/no/no/m/273/ll/U,0.08
bw/mu/no/yes/d/455/ll/A,bw/st/yes/yes/d/485/ll/A,0.46
bw/mu/no/yes/d/455/ll/A,bo/st/no/no/m/227/ll/A,0.55
bw/mu/no/yes/d/455/ll/A,bo/mu/yes/no/d/471/ll/U,0.85
bw/mu/no/yes/d/455/ll/A,bw/mu/yes/no/d/449/ll/A,0.9
bw/mu/no/yes/d/455/ll/A,bw/mu/yes/no/d/447/ll/U,0.9
bw/mu/no/yes/d/455/ll/A,bo/so/yes/no/m/281/ll/A,0.3
bw/mu/no/yes/d/455/ll/A,bo/so/no/no/m/275/ll/A,0.08
bw/mu/no/yes/d/455/ll/A,bw/so/yes/yes/m/243/ll/U,0.35
bw/mu/no/yes/d/455/ll/A,bo/mu/no/yes/d/479/ll/A,0.76
bw/mu/no/yes/d/455/ll/A,bw/mu/no/no/d/441/ll/U,0.87
bw/mu/no/yes/d/455/ll/A,bw/st/yes/yes/d/483/ll/U,0.46
bw/mu/no/yes/d/455/ll/A,bo/mu/no/yes/d/477/ll/U,0.76
bw/mu/no/yes/d/455/ll/A,bo/st/yes/yes/m/221/ll/A,0.59
bw/mu/no/yes/d/455/ll/A,bo/st/yes/yes/m/219/ll/U,0.59
bw/st/yes/no/d/497/ll/A,bw/st/yes/no/m/207/ll/U,1.0
bw/st/yes/no/d/497/ll/A,bo/st/yes/no/m/231/ll/U,0.55
bw/st/yes/no/d/497/ll/A,bo/mu/no/no/d/467/ll/A,0.38
bw/st/yes/no/d/497/ll/A,bw/st/yes/no/m/209/ll/A,1.0
bw/st/yes/no/d/497/ll/A,bw/so/yes/no/m/255/ll/U,0.38
bw/st/yes/no/d/497/ll/A,bw/mu/yes/yes/d/435/ll/U,0.42
bw/st/yes/no/d/497/ll/A,bw/so/no/yes/m/263/ll/A,0.42
bw/st/yes/no/d/497/ll/A,bo/mu/yes/yes/d/461/ll/A,0.43
bw/st/yes/no/d/497/ll/A,bo/st/no/yes/m/237/ll/U,0.37
bw/st/yes/no/d/497/ll/A,bw/st/yes/no/d/495/ll/U,1.0
bw/st/yes/no/d/497/ll/A,bo/mu/yes/yes/d/459/ll/U,0.43
bw/st/yes/no/d/497/ll/A,bo/st/no/yes/m/239/ll/A,0.37
bw/st/yes/no/d/497/ll/A,bw/st/no/no/m/201/ll/U,0.85
bw/st/yes/no/d/497/ll/A,bo/st/no/yes/d/525/ll/U,0.37
bw/st/yes/no/d/497/ll/A,bo/mu/no/no/m/179/ll/A,0.38
bw/st/yes/no/d/497/ll/A,bo/mu/yes/no/m/183/ll/U,0.41
bw/st/yes/no/d/497/ll/A,bo/mu/no/no/m/177/ll/U,0.38
bw/st/yes/no/d/497/ll/A,bo/st/no/no/d/513/ll/U,0.39
bw/st/yes/no/d/497/ll/A,bw/so/no/yes/d/549/ll/U,0.42
bw/st/yes/no/d/497/ll/A,bw/mu/yes/yes/m/149/ll/A,0.42
bw/st/yes/no/d/497/ll/A,bo/mu/yes/no/m/185/ll/A,0.41
bw/st/yes/no/d/497/ll/A,bo/st/no/no/d/515/ll/A,0.39
bw/st/yes/no/d/497/ll/A,bo/mu/yes/yes/m/171/ll/U,0.43
bw/st/yes/no/d/497/ll/A,bw/mu/yes/yes/m/147/ll/U,0.42
bw/st/yes/no/d/497/ll/A,bo/so/no/no/d/563/ll/A,0.12
bw/st/yes/no/d/497/ll/A,bo/so/yes/yes/d/555/ll/U,0.42
bw/st/yes/no/d/497/ll/A,bw/so/no/no/d/539/ll/A,0.37
bw/st/yes/no/d/497/ll/A,bo/mu/no/yes/m/191/ll/A,0.39
bw/st/yes/no/d/497/ll/A,bw/st/no/yes/d/501/ll/U,0.78
bw/st/yes/no/d/497/ll/A,bw/mu/no/yes/m/165/ll/U,0.41
bw/st/yes/no/d/497/ll/A,bw/mu/no/no/m/153/ll/U,0.42
bw/st/yes/no/d/497/ll/A,bw/so/no/no/d/537/ll/U,0.37
bw/st/yes/no/d/497/ll/A,bw/so/yes/yes/d/531/ll/U,0.44
bw/st/yes/no/d/497/ll/A,bw/mu/no/no/m/155/ll/A,0.42
bw/st/yes/no/d/497/ll/A,bo/st/yes/yes/d/509/ll/A,0.5
bw/st/yes/no/d/497/ll/A,bw/st/yes/yes/m/197/ll/A,0.87
bw/st/yes/no/d/497/ll/A,bo/st/yes/yes/d/507/ll/U,0.5
bw/st/yes/no/d/497/ll/A,bw/st/no/yes/m/215/ll/A,0.78
bw/st/yes/no/d/497/ll/A,bw/mu/no/no/d/443/ll/A,0.42
bw/st/yes/no/d/497/ll/A,bo/so/yes/no/m/279/ll/U,0.37
bw/st/yes/no/d/497/ll/A,bw/st/no/no/d/489/ll/U,0.85
bw/st/yes/no/d/497/ll/A,bw/st/no/yes/m/213/ll/U,0.78
bw/st/yes/no/d/497/ll/A,bo/st/no/no/m/225/ll/U,0.39
bw/st/yes/no/d/497/ll/A,bo/mu/yes/no/d/473/ll/A,0.41
bw/st/yes/no/d/497/ll/A,bw/so/no/no/m/249/ll/U,0.37
bw/st/yes/no/d/497/ll/A,bo/so/no/yes/m/285/ll/U,0.11
bw/st/yes/no/d/497/ll/A,bw/st/no/no/m/203/ll/A,0.85
bw/st/yes/no/d/497/ll/A,bw/mu/no/yes/d/455/ll/A,0.41
bw/st/yes/no/d/497/ll/A,bw/st/yes/no/d/497/ll/A,1.0
bw/st/yes/no/d/497/ll/A,bw/mu/yes/yes/d/437/ll/A,0.42
bw/st/yes/no/d/497/ll/A,bw/so/no/yes/m/261/ll/U,0.42
bw/st/yes/no/d/497/ll/A,bw/so/yes/no/m/257/ll/A,0.38
bw/st/yes/no/d/497/ll/A,bw/st/no/no/d/491/ll/A,0.85
bw/st/yes/no/d/497/ll/A,bo/st/yes/no/m/233/ll/A,0.55
bw/st/yes/no/d/497/ll/A,bo/mu/no/no/d/465/ll/U,0.38
bw/st/yes/no/d/497/ll/A,bw/mu/no/yes/d/453/ll/U,0.41
bw/st/yes/no/d/497/ll/A,bw/so/no/no/m/251/ll/A,0.37
bw/st/yes/no/d/497/ll/A,bo/so/yes/yes/m/269/ll/A,0.42
bw/st/yes/no/d/497/ll/A,bo/so/yes/yes/m/267/ll/U,0.42
bw/st/yes/no/d/497/ll/A,bw/so/yes/no/d/543/ll/U,0.38
bw/st/yes/no/d/497/ll/A,bo/so/no/yes/d/575/ll/A,0.11
bw/st/yes/no/d/497/ll/A,bo/st/yes/no/d/521/ll/A,0.55
bw/st/yes/no/d/497/ll/A,bo/mu/no/yes/m/189/ll/U,0.39
bw/st/yes/no/d/497/ll/A,bo/st/yes/no/d/519/ll/U,0.55
bw/st/yes/no/d/497/ll/A,bo/mu/yes/yes/m/173/ll/A,0.43
bw/st/yes/no/d/497/ll/A,bo/so/no/yes/d/573/ll/U,0.11
bw/st/yes/no/d/497/ll/A,bw/so/yes/no/d/545/ll/A,0.38
bw/st/yes/no/d/497/ll/A,bo/st/no/yes/d/527/ll/A,0.37
bw/st/yes/no/d/497/ll/A,bw/mu/yes/no/m/159/ll/U,0.42
bw/st/yes/no/d/497/ll/A,bw/mu/yes/no/m/161/ll/A,0.42
bw/st/yes/no/d/497/ll/A,bw/st/yes/yes/m/195/ll/U,0.87
bw/st/yes/no/d/497/ll/A,bw/so/yes/yes/d/533/ll/A,0.44
bw/st/yes/no/d/497/ll/A,bo/so/yes/no/d/567/ll/U,0.37
bw/st/yes/no/d/497/ll/A,bw/so/no/yes/d/551/ll/A,0.42
bw/st/yes/no/d/497/ll/A,bo/so/yes/no/d/569/ll/A,0.37
bw/st/yes/no/d/497/ll/A,bw/st/no/yes/d/503/ll/A,0.78
bw/st/yes/no/d/497/ll/A,bw/mu/no/yes/m/167/ll/A,0.41
bw/st/yes/no/d/497/ll/A,bo/so/yes/yes/d/557/ll/A,0.42
bw/st/yes/no/d/497/ll/A,bo/so/no/no/d/561/ll/U,0.12
bw/st/yes/no/d/497/ll/A,bw/so/yes/yes/m/245/ll/A,0.44
bw/st/yes/no/d/497/ll/A,bo/so/no/yes/m/287/ll/A,0.11
bw/st/yes/no/d/497/ll/A,bo/so/no/no/m/273/ll/U,0.12
bw/st/yes/no/d/497/ll/A,bw/st/yes/yes/d/485/ll/A,0.87
bw/st/yes/no/d/497/ll/A,bo/st/no/no/m/227/ll/A,0.39
bw/st/yes/no/d/497/ll/A,bo/mu/yes/no/d/471/ll/U,0.41
bw/st/yes/no/d/497/ll/A,bw/mu/yes/no/d/449/ll/A,0.42
bw/st/yes/no/d/497/ll/A,bw/mu/yes/no/d/447/ll/U,0.42
bw/st/yes/no/d/497/ll/A,bo/so/yes/no/m/281/ll/A,0.37
bw/st/yes/no/d/497/ll/A,bo/so/no/no/m/275/ll/A,0.12
bw/st/yes/no/d/497/ll/A,bw/so/yes/yes/m/243/ll/U,0.44
bw/st/yes/no/d/497/ll/A,bo/mu/no/yes/d/479/ll/A,0.39
bw/st/yes/no/d/497/ll/A,bw/mu/no/no/d/441/ll/U,0.42
bw/st/yes/no/d/497/ll/A,bw/st/yes/yes/d/483/ll/U,0.87
bw/st/yes/no/d/497/ll/A,bo/mu/no/yes/d/477/ll/U,0.39
bw/st/yes/no/d/497/ll/A,bo/st/yes/yes/m/221/ll/A,0.5
bw/st/yes/no/d/497/ll/A,bo/st/yes/yes/m/219/ll/U,0.5
bw/mu/yes/yes/d/437/ll/A,bw/st/yes/no/m/207/ll/U,0.42
bw/mu/yes/yes/d/437/ll/A,bo/st/yes/no/m/231/ll/U,0.57
bw/mu/yes/yes/d/437/ll/A,bo/mu/no/no/d/467/ll/A,0.75
bw/mu/yes/yes/d/437/ll/A,bw/st/yes/no/m/209/ll/A,0.42
bw/mu/yes/yes/d/437/ll/A,bw/so/yes/no/m/255/ll/U,0.29
bw/mu/yes/yes/d/437/ll/A,bw/mu/yes/yes/d/435/ll/U,1.0
bw/mu/yes/yes/d/437/ll/A,bw/so/no/yes/m/263/ll/A,0.36
bw/mu/yes/yes/d/437/ll/A,bo/mu/yes/yes/d/461/ll/A,0.88
bw/mu/yes/yes/d/437/ll/A,bo/st/no/yes/m/237/ll/U,0.63
bw/mu/yes/yes/d/437/ll/A,bw/st/yes/no/d/495/ll/U,0.42
bw/mu/yes/yes/d/437/ll/A,bo/mu/yes/yes/d/459/ll/U,0.88
bw/mu/yes/yes/d/437/ll/A,bo/st/no/yes/m/239/ll/A,0.63
bw/mu/yes/yes/d/437/ll/A,bw/st/no/no/m/201/ll/U,0.43
bw/mu/yes/yes/d/437/ll/A,bo/st/no/yes/d/525/ll/U,0.63
bw/mu/yes/yes/d/437/ll/A,bo/mu/no/no/m/179/ll/A,0.75
bw/mu/yes/yes/d/437/ll/A,bo/mu/yes/no/m/183/ll/U,0.91
bw/mu/yes/yes/d/437/ll/A,bo/mu/no/no/m/177/ll/U,0.75
bw/mu/yes/yes/d/437/ll/A,bo/st/no/no/d/513/ll/U,0.58
bw/mu/yes/yes/d/437/ll/A,bw/so/no/yes/d/549/ll/U,0.36
bw/mu/yes/yes/d/437/ll/A,bw/mu/yes/yes/m/149/ll/A,1.0
bw/mu/yes/yes/d/437/ll/A,bo/mu/yes/no/m/185/ll/A,0.91
bw/mu/yes/yes/d/437/ll/A,bo/st/no/no/d/515/ll/A,0.58
bw/mu/yes/yes/d/437/ll/A,bo/mu/yes/yes/m/171/ll/U,0.88
bw/mu/yes/yes/d/437/ll/A,bw/mu/yes/yes/m/147/ll/U,1.0
bw/mu/yes/yes/d/437/ll/A,bo/so/no/no/d/563/ll/A,0.08
bw/mu/yes/yes/d/437/ll/A,bo/so/yes/yes/d/555/ll/U,0.38
bw/mu/yes/yes/d/437/ll/A,bw/so/no/no/d/539/ll/A,0.3
bw/mu/yes/yes/d/437/ll/A,bo/mu/no/yes/m/191/ll/A,0.8
bw/mu/yes/yes/d/437/ll/A,bw/st/no/yes/d/501/ll/U,0.48
bw/mu/yes/yes/d/437/ll/A,bw/mu/no/yes/m/165/ll/U,0.93
bw/mu/yes/yes/d/437/ll/A,bw/mu/no/no/m/153/ll/U,0.84
bw/mu/yes/yes/d/437/ll/A,bw/so/no/no/d/537/ll/U,0.3
bw/mu/yes/yes/d/437/ll/A,bw/so/yes/yes/d/531/ll/U,0.35
bw/mu/yes/yes/d/437/ll/A,bw/mu/no/no/m/155/ll/A,0.84
bw/mu/yes/yes/d/437/ll/A,bo/st/yes/yes/d/509/ll/A,0.62
bw/mu/yes/yes/d/437/ll/A,bw/st/yes/yes/m/197/ll/A,0.47
bw/mu/yes/yes/d/437/ll/A,bo/st/yes/yes/d/507/ll/U,0.62
bw/mu/yes/yes/d/437/ll/A,bw/st/no/yes/m/215/ll/A,0.48
bw/mu/yes/yes/d/437/ll/A,bw/mu/no/no/d/443/ll/A,0.84
bw/mu/yes/yes/d/437/ll/A,bo/so/yes/no/m/279/ll/U,0.3
bw/mu/yes/yes/d/437/ll/A,bw/st/no/no/d/489/ll/U,0.43
bw/mu/yes/yes/d/437/ll/A,bw/st/no/yes/m/213/ll/U,0.48
bw/mu/yes/yes/d/437/ll/A,bo/st/no/no/m/225/ll/U,0.58
bw/mu/yes/yes/d/437/ll/A,bo/mu/yes/no/d/473/ll/A,0.91
bw/mu/yes/yes/d/437/ll/A,bw/so/no/no/m/249/ll/U,0.3
bw/mu/yes/yes/d/437/ll/A,bo/so/no/yes/m/285/ll/U,0.09
bw/mu/yes/yes/d/437/ll/A,bw/st/no/no/m/203/ll/A,0.43
bw/mu/yes/yes/d/437/ll/A,bw/mu/no/yes/d/455/ll/A,0.93
bw/mu/yes/yes/d/437/ll/A,bw/st/yes/no/d/497/ll/A,0.42
bw/mu/yes/yes/d/437/ll/A,bw/mu/yes/yes/d/437/ll/A,1.0
bw/mu/yes/yes/d/437/ll/A,bw/so/no/yes/m/261/ll/U,0.36
bw/mu/yes/yes/d/437/ll/A,bw/so/yes/no/m/257/ll/A,0.29
bw/mu/yes/yes/d/437/ll/A,bw/st/no/no/d/491/ll/A,0.43
bw/mu/yes/yes/d/437/ll/A,bo/st/yes/no/m/233/ll/A,0.57
bw/mu/yes/yes/d/437/ll/A,bo/mu/no/no/d/465/ll/U,0.75
bw/mu/yes/yes/d/437/ll/A,bw/mu/no/yes/d/453/ll/U,0.93
bw/mu/yes/yes/d/437/ll/A,bw/so/no/no/m/251/ll/A,0.3
bw/mu/yes/yes/d/437/ll/A,bo/so/yes/yes/m/269/ll/A,0.38
bw/mu/yes/yes/d/437/ll/A,bo/so/yes/yes/m/267/ll/U,0.38
bw/mu/yes/yes/d/437/ll/A,bw/so/yes/no/d/543/ll/U,0.29
bw/mu/yes/yes/d/437/ll/A,bo/so/no/yes/d/575/ll/A,0.09
bw/mu/yes/yes/d/437/ll/A,bo/st/yes/no/d/521/ll/A,0.57
bw/mu/yes/yes/d/437/ll/A,bo/mu/no/yes/m/189/ll/U,0.8
bw/mu/yes/yes/d/437/ll/A,bo/st/yes/no/d/519/ll/U,0.57
bw/mu/yes/yes/d/437/ll/A,bo/mu/yes/yes/m/173/ll/A,0.88
bw/mu/yes/yes/d/437/ll/A,bo/so/no/yes/d/573/ll/U,0.09
bw/mu/yes/yes/d/437/ll/A,bw/so/yes/no/d/545/ll/A,0.29
bw/mu/yes/yes/d/437/ll/A,bo/st/no/yes/d/527/ll/A,0.63
bw/mu/yes/yes/d/437/ll/A,bw/mu/yes/no/m/159/ll/U,0.96
bw/mu/yes/yes/d/437/ll/A,bw/mu/yes/no/m/161/ll/A,0.96
bw/mu/yes/yes/d/437/ll/A,bw/st/yes/yes/m/195/ll/U,0.47
bw/mu/yes/yes/d/437/ll/A,bw/so/yes/yes/d/533/ll/A,0.35
bw/mu/yes/yes/d/437/ll/A,bo/so/yes/no/d/567/ll/U,0.3
bw/mu/yes/yes/d/437/ll/A,bw/so/no/yes/d/551/ll/A,0.36
bw/mu/yes/yes/d/437/ll/A,bo/so/yes/no/d/569/ll/A,0.3
bw/mu/yes/yes/d/437/ll/A,bw/st/no/yes/d/503/ll/A,0.48
bw/mu/yes/yes/d/437/ll/A,bw/mu/no/yes/m/167/ll/A,0.93
bw/mu/yes/yes/d/437/ll/A,bo/so/yes/yes/d/557/ll/A,0.38
bw/mu/yes/yes/d/437/ll/A,bo/so/no/no/d/561/ll/U,0.08
bw/mu/yes/yes/d/437/ll/A,bw/so/yes/yes/m/245/ll/A,0.35
bw/mu/yes/yes/d/437/ll/A,bo/so/no/yes/m/287/ll/A,0.09
bw/mu/yes/yes/d/437/ll/A,bo/so/no/no/m/273/ll/U,0.08
bw/mu/yes/yes/d/437/ll/A,bw/st/yes/yes/d/485/ll/A,0.47
bw/mu/yes/yes/d/437/ll/A,bo/st/no/no/m/227/ll/A,0.58
bw/mu/yes/yes/d/437/ll/A,bo/mu/yes/no/d/471/ll/U,0.91
bw/mu/yes/yes/d/437/ll/A,bw/mu/yes/no/d/449/ll/A,0.96
bw/mu/yes/yes/d/437/ll/A,bw/mu/yes/no/d/447/ll/U,0.96
bw/mu/yes/yes/d/437/ll/A,bo/so/yes/no/m/281/ll/A,0.3
bw/mu/yes/yes/d/437/ll/A,bo/so/no/no/m/275/ll/A,0.08
bw/mu/yes/yes/d/437/ll/A,bw/so/yes/yes/m/243/ll/U,0.35
bw/mu/yes/yes/d/437/ll/A,bo/mu/no/yes/d/479/ll/A,0.8
bw/mu/yes/yes/d/437/ll/A,bw/mu/no/no/d/441/ll/U,0.84
bw/mu/yes/yes/d/437/ll/A,bw/st/yes/yes/d/483/ll/U,0.47
bw/mu/yes/yes/d/437/ll/A,bo/mu/no/yes/d/477/ll/U,0.8
bw/mu/yes/yes/d/437/ll/A,bo/st/yes/yes/m/221/ll/A,0.62
bw/mu/yes/yes/d/437/ll/A,bo/st/yes/yes/m/219/ll/U,0.62
bw/so/no/yes/m/261/ll/U,bw/st/yes/no/m/207/ll/U,0.42
bw/so/no/yes/m/261/ll/U,bo/st/yes/no/m/231/ll/U,0.44
bw/so/no/yes/m/261/ll/U,bo/mu/no/no/d/467/ll/A,0.31
bw/so/no/yes/m/261/ll/U,bw/st/yes/no/m/209/ll/A,0.42
bw/so/no/yes/m/261/ll/U,bw/so/yes/no/m/255/ll/U,0.72
bw/so/no/yes/m/261/ll/U,bw/mu/yes/yes/d/435/ll/U,0.36
bw/so/no/yes/m/261/ll/U,bw/so/no/yes/m/263/ll/A,1.0
bw/so/no/yes/m/261/ll/U,bo/mu/yes/yes/d/461/ll/A,0.34
bw/so/no/yes/m/261/ll/U,bo/st/no/yes/m/237/ll/U,0.34
bw/so/no/yes/m/261/ll/U,bw/st/yes/no/d/495/ll/U,0.42
bw/so/no/yes/m/261/ll/U,bo/mu/yes/yes/d/459/ll/U,0.34
bw/so/no/yes/m/261/ll/U,bo/st/no/yes/m/239/ll/A,0.34
bw/so/no/yes/m/261/ll/U,bw/st/no/no/m/201/ll/U,0.43
bw/so/no/yes/m/261/ll/U,bo/st/no/yes/d/525/ll/U,0.34
bw/so/no/yes/m/261/ll/U,bo/mu/no/no/m/179/ll/A,0.31
bw/so/no/yes/m/261/ll/U,bo/mu/yes/no/m/183/ll/U,0.34
bw/so/no/yes/m/261/ll/U,bo/mu/no/no/m/177/ll/U,0.31
bw/so/no/yes/m/261/ll/U,bo/st/no/no/d/513/ll/U,0.36
bw/so/no/yes/m/261/ll/U,bw/so/no/yes/d/549/ll/U,1.0
bw/so/no/yes/m/261/ll/U,bw/mu/yes/yes/m/149/ll/A,0.36
bw/so/no/yes/m/261/ll/U,bo/mu/yes/no/m/185/ll/A,0.34
bw/so/no/yes/m/261/ll/U,bo/st/no/no/d/515/ll/A,0.36
bw/so/no/yes/m/261/ll/U,bo/mu/yes/yes/m/171/ll/U,0.34
bw/so/no/yes/m/261/ll/U,bw/mu/yes/yes/m/147/ll/U,0.36
bw/so/no/yes/m/261/ll/U,bo/so/no/no/d/563/ll/A,0.21
bw/so/no/yes/m/261/ll/U,bo/so/yes/yes/d/555/ll/U,0.65
bw/so/no/yes/m/261/ll/U,bw/so/no/no/d/539/ll/A,0.78
bw/so/no/yes/m/261/ll/U,bo/mu/no/yes/m/191/ll/A,0.32
bw/so/no/yes/m/261/ll/U,bw/st/no/yes/d/501/ll/U,0.45
bw/so/no/yes/m/261/ll/U,bw/mu/no/yes/m/165/ll/U,0.35
bw/so/no/yes/m/261/ll/U,bw/mu/no/no/m/153/ll/U,0.33
bw/so/no/yes/m/261/ll/U,bw/so/no/no/d/537/ll/U,0.78
bw/so/no/yes/m/261/ll/U,bw/so/yes/yes/d/531/ll/U,0.86
bw/so/no/yes/m/261/ll/U,bw/mu/no/no/m/155/ll/A,0.33
bw/so/no/yes/m/261/ll/U,bo/st/yes/yes/d/509/ll/A,0.41
bw/so/no/yes/m/261/ll/U,bw/st/yes/yes/m/197/ll/A,0.43
bw/so/no/yes/m/261/ll/U,bo/st/yes/yes/d/507/ll/U,0.41
bw/so/no/yes/m/261/ll/U,bw/st/no/yes/m/215/ll/A,0.45
bw/so/no/yes/m/261/ll/U,bw/mu/no/no/d/443/ll/A,0.33
bw/so/no/yes/m/261/ll/U,bo/so/yes/no/m/279/ll/U,0.59
bw/so/no/yes/m/261/ll/U,bw/st/no/no/d/489/ll/U,0.43
bw/so/no/yes/m/261/ll/U,bw/st/no/yes/m/213/ll/U,0.45
bw/so/no/yes/m/261/ll/U,bo/st/no/no/m/225/ll/U,0.36
bw/so/no/yes/m/261/ll/U,bo/mu/yes/no/d/473/ll/A,0.34
bw/so/no/yes/m/261/ll/U,bw/so/no/no/m/249/ll/U,0.78
bw/so/no/yes/m/261/ll/U,bo/so/no/yes/m/285/ll/U,0.18
bw/so/no/yes/m/261/ll/U,bw/st/no/no/m/203/ll/A,0.43
bw/so/no/yes/m/261/ll/U,bw/mu/no/yes/d/455/ll/A,0.35
bw/so/no/yes/m/261/ll/U,bw/st/yes/no/d/497/ll/A,0.42
bw/so/no/yes/m/261/ll/U,bw/mu/yes/yes/d/437/ll/A,0.36
bw/so/no/yes/m/261/ll/U,bw/so/no/yes/m/261/ll/U,1.0
bw/so/no/yes/m/261/ll/U,bw/so/yes/no/m/257/ll/A,0.72
bw/so/no/yes/m/261/ll/U,bw/st/no/no/d/491/ll/A,0.43
bw/so/no/yes/m/261/ll/U,bo/st/yes/no/m/233/ll/A,0.44
bw/so/no/yes/m/261/ll/U,bo/mu/no/no/d/465/ll/U,0.31
bw/so/no/yes/m/261/ll/U,bw/mu/no/yes/d/453/ll/U,0.35
bw/so/no/yes/m/261/ll/U,bw/so/no/no/m/251/ll/A,0.78
bw/so/no/yes/m/261/ll/U,bo/so/yes/yes/m/269/ll/A,0.65
bw/so/no/yes/m/261/ll/U,bo/so/yes/yes/m/267/ll/U,0.65
bw/so/no/yes/m/261/ll/U,bw/so/yes/no/d/543/ll/U,0.72
bw/so/no/yes/m/261/ll/U,bo/so/no/yes/d/575/ll/A,0.18
bw/so/no/yes/m/261/ll/U,bo/st/yes/no/d/521/ll/A,0.44
bw/so/no/yes/m/261/ll/U,bo/mu/no/yes/m/189/ll/U,0.32
bw/so/no/yes/m/261/ll/U,bo/st/yes/no/d/519/ll/U,0.44
bw/so/no/yes/m/261/ll/U,bo/mu/yes/yes/m/173/ll/A,0.34
bw/so/no/yes/m/261/ll/U,bo/so/no/yes/d/573/ll/U,0.18
bw/so/no/yes/m/261/ll/U,bw/so/yes/no/d/545/ll/A,0.72
bw/so/no/yes/m/261/ll/U,bo/st/no/yes/d/527/ll/A,0.34
bw/so/no/yes/m/261/ll/U,bw/mu/yes/no/m/159/ll/U,0.35
bw/so/no/yes/m/261/ll/U,bw/mu/yes/no/m/161/ll/A,0.35
bw/so/no/yes/m/261/ll/U,bw/st/yes/yes/m/195/ll/U,0.43
bw/so/no/yes/m/261/ll/U,bw/so/yes/yes/d/533/ll/A,0.86
bw/so/no/yes/m/261/ll/U,bo/so/yes/no/d/567/ll/U,0.59
bw/so/no/yes/m/261/ll/U,bw/so/no/yes/d/551/ll/A,1.0
bw/so/no/yes/m/261/ll/U,bo/so/yes/no/d/569/ll/A,0.59
bw/so/no/yes/m/261/ll/U,bw/st/no/yes/d/503/ll/A,0.45
bw/so/no/yes/m/261/ll/U,bw/mu/no/yes/m/167/ll/A,0.35
bw/so/no/yes/m/261/ll/U,bo/so/yes/yes/d/557/ll/A,0.65
bw/so/no/yes/m/261/ll/U,bo/so/no/no/d/561/ll/U,0.21
bw/so/no/yes/m/261/ll/U,bw/so/yes/yes/m/245/ll/A,0.86
bw/so/no/yes/m/261/ll/U,bo/so/no/yes/m/287/ll/A,0.18
bw/so/no/yes/m/261/ll/U,bo/so/no/no/m/273/ll/U,0.21
bw/so/no/yes/m/261/ll/U,bw/st/yes/yes/d/485/ll/A,0.43
bw/so/no/yes/m/261/ll/U,bo/st/no/no/m/227/ll/A,0.36
bw/so/no/yes/m/261/ll/U,bo/mu/yes/no/d/471/ll/U,0.34
bw/so/no/yes/m/261/ll/U,bw/mu/yes/no/d/449/ll/A,0.35
bw/so/no/yes/m/261/ll/U,bw/mu/yes/no/d/447/ll/U,0.35
bw/so/no/yes/m/261/ll/U,bo/so/yes/no/m/281/ll/A,0.59
bw/so/no/yes/m/261/ll/U,bo/so/no/no/m/275/ll/A,0.21
bw/so/no/yes/m/261/ll/U,bw/so/yes/yes/m/243/ll/U,0.86
bw/so/no/yes/m/261/ll/U,bo/mu/no/yes/d/479/ll/A,0.32
bw/so/no/yes/m/261/ll/U,bw/mu/no/no/d/441/ll/U,0.33
bw/so/no/yes/m/261/ll/U,bw/st/yes/yes/d/483/ll/U,0.43
bw/so/no/yes/m/261/ll/U,bo/mu/no/yes/d/477/ll/U,0.32
bw/so/no/yes/m/261/ll/U,bo/st/yes/yes/m/221/ll/A,0.41
bw/so/no/yes/m/261/ll/U,bo/st/yes/yes/m/219/ll/U,0.41
bw/so/yes/no/m/257/ll/A,bw/st/yes/no/m/207/ll/U,0.38
bw/so/yes/no/m/257/ll/A,bo/st/yes/no/m/231/ll/U,0.37
bw/so/yes/no/m/257/ll/A,bo/mu/no/no/d/467/ll/A,0.26
bw/so/yes/no/m/257/ll/A,bw/st/yes/no/m/209/ll/A,0.38
bw/so/yes/no/m/257/ll/A,bw/so/yes/no/m/255/ll/U,1.0
bw/so/yes/no/m/257/ll/A,bw/mu/yes/yes/d/435/ll/U,0.29
bw/so/yes/no/m/257/ll/A,bw/so/no/yes/m/263/ll/A,0.72
bw/so/yes/no/m/257/ll/A,bo/mu/yes/yes/d/461/ll/A,0.28
bw/so/yes/no/m/257/ll/A,bo/st/no/yes/m/237/ll/U,0.27
bw/so/yes/no/m/257/ll/A,bw/st/yes/no/d/495/ll/U,0.38
bw/so/yes/no/m/257/ll/A,bo/mu/yes/yes/d/459/ll/U,0.28
bw/so/yes/no/m/257/ll/A,bo/st/no/yes/m/239/ll/A,0.27
bw/so/yes/no/m/257/ll/A,bw/st/no/no/m/201/ll/U,0.37
bw/so/yes/no/m/257/ll/A,bo/st/no/yes/d/525/ll/U,0.27
bw/so/yes/no/m/257/ll/A,bo/mu/no/no/m/179/ll/A,0.26
bw/so/yes/no/m/257/ll/A,bo/mu/yes/no/m/183/ll/U,0.28
bw/so/yes/no/m/257/ll/A,bo/mu/no/no/m/177/ll/U,0.26
bw/so/yes/no/m/257/ll/A,bo/st/no/no/d/513/ll/U,0.3
bw/so/yes/no/m/257/ll/A,bw/so/no/yes/d/549/ll/U,0.72
bw/so/yes/no/m/257/ll/A,bw/mu/yes/yes/m/149/ll/A,0.29
bw/so/yes/no/m/257/ll/A,bo/mu/yes/no/m/185/ll/A,0.28
bw/so/yes/no/m/257/ll/A,bo/st/no/no/d/515/ll/A,0.3
bw/so/yes/no/m/257/ll/A,bo/mu/yes/yes/m/171/ll/U,0.28
bw/so/yes/no/m/257/ll/A,bw/mu/yes/yes/m/147/ll/U,0.29
bw/so/yes/no/m/257/ll/A,bo/so/no/no/d/563/ll/A,0.21
bw/so/yes/no/m/257/ll/A,bo/so/yes/yes/d/555/ll/U,0.55
bw/so/yes/no/m/257/ll/A,bw/so/no/no/d/539/ll/A,0.87
bw/so/yes/no/m/257/ll/A,bo/mu/no/yes/m/191/ll/A,0.27
bw/so/yes/no/m/257/ll/A,bw/st/no/yes/d/501/ll/U,0.38
bw/so/yes/no/m/257/ll/A,bw/mu/no/yes/m/165/ll/U,0.29
bw/so/yes/no/m/257/ll/A,bw/mu/no/no/m/153/ll/U,0.28
bw/so/yes/no/m/257/ll/A,bw/so/no/no/d/537/ll/U,0.87
bw/so/yes/no/m/257/ll/A,bw/so/yes/yes/d/531/ll/U,0.76
bw/so/yes/no/m/257/ll/A,bw/mu/no/no/m/155/ll/A,0.28
bw/so/yes/no/m/257/ll/A,bo/st/yes/yes/d/509/ll/A,0.34
bw/so/yes/no/m/257/ll/A,bw/st/yes/yes/m/197/ll/A,0.39
bw/so/yes/no/m/257/ll/A,bo/st/yes/yes/d/507/ll/U,0.34
bw/so/yes/no/m/257/ll/A,bw/st/no/yes/m/215/ll/A,0.38
bw/so/yes/no/m/257/ll/A,bw/mu/no/no/d/443/ll/A,0.28
bw/so/yes/no/m/257/ll/A,bo/so/yes/no/m/279/ll/U,0.75
bw/so/yes/no/m/257/ll/A,bw/st/no/no/d/489/ll/U,0.37
bw/so/yes/no/m/257/ll/A,bw/st/no/yes/m/213/ll/U,0.38
bw/so/yes/no/m/257/ll/A,bo/st/no/no/m/225/ll/U,0.3
bw/so/yes/no/m/257/ll/A,bo/mu/yes/no/d/473/ll/A,0.28
bw/so/yes/no/m/257/ll/A,bw/so/no/no/m/249/ll/U,0.87
bw/so/yes/no/m/257/ll/A,bo/so/no/yes/m/285/ll/U,0.16
bw/so/yes/no/m/257/ll/A,bw/st/no/no/m/203/ll/A,0.37
bw/so/yes/no/m/257/ll/A,bw/mu/no/yes/d/455/ll/A,0.29
bw/so/yes/no/m/257/ll/A,bw/st/yes/no/d/497/ll/A,0.38
bw/so/yes/no/m/257/ll/A,bw/mu/yes/yes/d/437/ll/A,0.29
bw/so/yes/no/m/257/ll/A,bw/so/no/yes/m/261/ll/U,0.72
bw/so/yes/no/m/257/ll/A,bw/so/yes/no/m/257/ll/A,1.0
bw/so/yes/no/m/257/ll/A,bw/st/no/no/d/491/ll/A,0.37
bw/so/yes/no/m/257/ll/A,bo/st/yes/no/m/233/ll/A,0.37
bw/so/yes/no/m/257/ll/A,bo/mu/no/no/d/465/ll/U,0.26
bw/so/yes/no/m/257/ll/A,bw/mu/no/yes/d/453/ll/U,0.29
bw/so/yes/no/m/257/ll/A,bw/so/no/no/m/251/ll/A,0.87
bw/so/yes/no/m/257/ll/A,bo/so/yes/yes/m/269/ll/A,0.55
bw/so/yes/no/m/257/ll/A,bo/so/yes/yes/m/267/ll/U,0.55
bw/so/yes/no/m/257/ll/A,bw/so/yes/no/d/543/ll/U,1.0
bw/so/yes/no/m/257/ll/A,bo/so/no/yes/d/575/ll/A,0.16
bw/so/yes/no/m/257/ll/A,bo/st/yes/no/d/521/ll/A,0.37
bw/so/yes/no/m/257/ll/A,bo/mu/no/yes/m/189/ll/U,0.27
bw/so/yes/no/m/257/ll/A,bo/st/yes/no/d/519/ll/U,0.37
bw/so/yes/no/m/257/ll/A,bo/mu/yes/yes/m/173/ll/A,0.28
bw/so/yes/no/m/257/ll/A,bo/so/no/yes/d/573/ll/U,0.16
bw/so/yes/no/m/257/ll/A,bw/so/yes/no/d/545/ll/A,1.0
bw/so/yes/no/m/257/ll/A,bo/st/no/yes/d/527/ll/A,0.27
bw/so/yes/no/m/257/ll/A,bw/mu/yes/no/m/159/ll/U,0.29
bw/so/yes/no/m/257/ll/A,bw/mu/yes/no/m/161/ll/A,0.29
bw/so/yes/no/m/257/ll/A,bw/st/yes/yes/m/195/ll/U,0.39
bw/so/yes/no/m/257/ll/A,bw/so/yes/yes/d/533/ll/A,0.76
bw/so/yes/no/m/257/ll/A,bo/so/yes/no/d/567/ll/U,0.75
bw/so/yes/no/m/257/ll/A,bw/so/no/yes/d/551/ll/A,0.72
bw/so/yes/no/m/257/ll/A,bo/so/yes/no/d/569/ll/A,0.75
bw/so/yes/no/m/257/ll/A,bw/st/no/yes/d/503/ll/A,0.38
bw/so/yes/no/m/257/ll/A,bw/mu/no/yes/m/167/ll/A,0.29
bw/so/yes/no/m/257/ll/A,bo/so/yes/yes/d/557/ll/A,0.55
bw/so/yes/no/m/257/ll/A,bo/so/no/no/d/561/ll/U,0.21
bw/so/yes/no/m/257/ll/A,bw/so/yes/yes/m/245/ll/A,0.76
bw/so/yes/no/m/257/ll/A,bo/so/no/yes/m/287/ll/A,0.16
bw/so/yes/no/m/257/ll/A,bo/so/no/no/m/273/ll/U,0.21
bw/so/yes/no/m/257/ll/A,bw/st/yes/yes/d/485/ll/A,0.39
bw/so/yes/no/m/257/ll/A,bo/st/no/no/m/227/ll/A,0.3
bw/so/yes/no/m/257/ll/A,bo/mu/yes/no/d/471/ll/U,0.28
bw/so/yes/no/m/257/ll/A,bw/mu/yes/no/d/449/ll/A,0.29
bw/so/yes/no/m/257/ll/A,bw/mu/yes/no/d/447/ll/U,0.29
bw/so/yes/no/m/257/ll/A,bo/so/yes/no/m/281/ll/A,0.75
bw/so/yes/no/m/257/ll/A,bo/so/no/no/m/275/ll/A,0.21
bw/so/yes/no/m/257/ll/A,bw/so/yes/yes/m/243/ll/U,0.76
bw/so/yes/no/m/257/ll/A,bo/mu/no/yes/d/479/ll/A,0.27
bw/so/yes/no/m/257/ll/A,bw/mu/no/no/d/441/ll/U,0.28
bw/so/yes/no/m/257/ll/A,bw/st/yes/yes/d/483/ll/U,0.39
bw/so/yes/no/m/257/ll/A,bo/mu/no/yes/d/477/ll/U,0.27
bw/so/yes/no/m/257/ll/A,bo/st/yes/yes/m/221/ll/A,0.34
bw/so/yes/no/m/257/ll/A,bo/st/yes/yes/m/219/ll/U,0.34
bw/st/no/no/d/491/ll/A,bw/st/yes/no/m/207/ll/U,0.85
bw/st/no/no/d/491/ll/A,bo/st/yes/no/m/231/ll/U,0.54
bw/st/no/no/d/491/ll/A,bo/mu/no/no/d/467/ll/A,0.4
bw/st/no/no/d/491/ll/A,bw/st/yes/no/m/209/ll/A,0.85
bw/st/no/no/d/491/ll/A,bw/so/yes/no/m/255/ll/U,0.37
bw/st/no/no/d/491/ll/A,bw/mu/yes/yes/d/435/ll/U,0.43
bw/st/no/no/d/491/ll/A,bw/so/no/yes/m/263/ll/A,0.43
bw/st/no/no/d/491/ll/A,bo/mu/yes/yes/d/461/ll/A,0.44
bw/st/no/no/d/491/ll/A,bo/st/no/yes/m/237/ll/U,0.38
bw/st/no/no/d/491/ll/A,bw/st/yes/no/d/495/ll/U,0.85
bw/st/no/no/d/491/ll/A,bo/mu/yes/yes/d/459/ll/U,0.44
bw/st/no/no/d/491/ll/A,bo/st/no/yes/m/239/ll/A,0.38
bw/st/no/no/d/491/ll/A,bw/st/no/no/m/201/ll/U,1.0
bw/st/no/no/d/491/ll/A,bo/st/no/yes/d/525/ll/U,0.38
bw/st/no/no/d/491/ll/A,bo/mu/no/no/m/179/ll/A,0.4
bw/st/no/no/d/491/ll/A,bo/mu/yes/no/m/183/ll/U,0.42
bw/st/no/no/d/491/ll/A,bo/mu/no/no/m/177/ll/U,0.4
bw/st/no/no/d/491/ll/A,bo/st/no/no/d/513/ll/U,0.4
bw/st/no/no/d/491/ll/A,bw/so/no/yes/d/549/ll/U,0.43
bw/st/no/no/d/491/ll/A,bw/mu/yes/yes/m/149/ll/A,0.43
bw/st/no/no/d/491/ll/A,bo/mu/yes/no/m/185/ll/A,0.42
bw/st/no/no/d/491/ll/A,bo/st/no/no/d/515/ll/A,0.4
bw/st/no/no/d/491/ll/A,bo/mu/yes/yes/m/171/ll/U,0.44
bw/st/no/no/d/491/ll/A,bw/mu/yes/yes/m/147/ll/U,0.43
bw/st/no/no/d/491/ll/A,bo/so/no/no/d/563/ll/A,0.12
bw/st/no/no/d/491/ll/A,bo/so/yes/yes/d/555/ll/U,0.41
bw/st/no/no/d/491/ll/A,bw/so/no/no/d/539/ll/A,0.38
bw/st/no/no/d/491/ll/A,bo/mu/no/yes/m/191/ll/A,0.4
bw/st/no/no/d/491/ll/A,bw/st/no/yes/d/501/ll/U,0.87
bw/st/no/no/d/491/ll/A,bw/mu/no/yes/m/165/ll/U,0.42
bw/st/no/no/d/491/ll/A,bw/mu/no/no/m/153/ll/U,0.43
bw/st/no/no/d/491/ll/A,bw/so/no/no/d/537/ll/U,0.38
bw/st/no/no/d/491/ll/A,bw/so/yes/yes/d/531/ll/U,0.42
bw/st/no/no/d/491/ll/A,bw/mu/no/no/m/155/ll/A,0.43
bw/st/no/no/d/491/ll/A,bo/st/yes/yes/d/509/ll/A,0.49
bw/st/no/no/d/491/ll/A,bw/st/yes/yes/m/197/ll/A,0.76
bw/st/no/no/d/491/ll/A,bo/st/yes/yes/d/507/ll/U,0.49
bw/st/no/no/d/491/ll/A,bw/st/no/yes/m/215/ll/A,0.87
bw/st/no/no/d/491/ll/A,bw/mu/no/no/d/443/ll/A,0.43
bw/st/no/no/d/491/ll/A,bo/so/yes/no/m/279/ll/U,0.36
bw/st/no/no/d/491/ll/A,bw/st/no/no/d/489/ll/U,1.0
bw/st/no/no/d/491/ll/A,bw/st/no/yes/m/213/ll/U,0.87
bw/st/no/no/d/491/ll/A,bo/st/no/no/m/225/ll/U,0.4
bw/st/no/no/d/491/ll/A,bo/mu/yes/no/d/473/ll/A,0.42
bw/st/no/no/d/491/ll/A,bw/so/no/no/m/249/ll/U,0.38
bw/st/no/no/d/491/ll/A,bo/so/no/yes/m/285/ll/U,0.11
bw/st/no/no/d/491/ll/A,bw/st/no/no/m/203/ll/A,1.0
bw/st/no/no/d/491/ll/A,bw/mu/no/yes/d/455/ll/A,0.42
bw/st/no/no/d/491/ll/A,bw/st/yes/no/d/497/ll/A,0.85
bw/st/no/no/d/491/ll/A,bw/mu/yes/yes/d/437/ll/A,0.43
bw/st/no/no/d/491/ll/A,bw/so/no/yes/m/261/ll/U,0.43
bw/st/no/no/d/491/ll/A,bw/so/yes/no/m/257/ll/A,0.37
bw/st/no/no/d/491/ll/A,bw/st/no/no/d/491/ll/A,1.0
bw/st/no/no/d/491/ll/A,bo/st/yes/no/m/233/ll/A,0.54
bw/st/no/no/d/491/ll/A,bo/mu/no/no/d/465/ll/U,0.4
bw/st/no/no/d/491/ll/A,bw/mu/no/yes/d/453/ll/U,0.42
bw/st/no/no/d/491/ll/A,bw/so/no/no/m/251/ll/A,0.38
bw/st/no/no/d/491/ll/A,bo/so/yes/yes/m/269/ll/A,0.41
bw/st/no/no/d/491/ll/A,bo/so/yes/yes/m/267/ll/U,0.41
bw/st/no/no/d/491/ll/A,bw/so/yes/no/d/543/ll/U,0.37
bw/st/no/no/d/491/ll/A,bo/so/no/yes/d/575/ll/A,0.11
bw/st/no/no/d/491/ll/A,bo/st/yes/no/d/521/ll/A,0.54
bw/st/no/no/d/491/ll/A,bo/mu/no/yes/m/189/ll/U,0.4
bw/st/no/no/d/491/ll/A,bo/st/yes/no/d/519/ll/U,0.54
bw/st/no/no/d/491/ll/A,bo/mu/yes/yes/m/173/ll/A,0.44
bw/st/no/no/d/491/ll/A,bo/so/no/yes/d/573/ll/U,0.11
bw/st/no/no/d/491/ll/A,bw/so/yes/no/d/545/ll/A,0.37
bw/st/no/no/d/491/ll/A,bo/st/no/yes/d/527/ll/A,0.38
bw/st/no/no/d/491/ll/A,bw/mu/yes/no/m/159/ll/U,0.43
bw/st/no/no/d/491/ll/A,bw/mu/yes/no/m/161/ll/A,0.43
bw/st/no/no/d/491/ll/A,bw/st/yes/yes/m/195/ll/U,0.76
bw/st/no/no/d/491/ll/A,bw/so/yes/yes/d/533/ll/A,0.42
bw/st/no/no/d/491/ll/A,bo/so/yes/no/d/567/ll/U,0.36
bw/st/no/no/d/491/ll/A,bw/so/no/yes/d/551/ll/A,0.43
bw/st/no/no/d/491/ll/A,bo/so/yes/no/d/569/ll/A,0.36
bw/st/no/no/d/491/ll/A,bw/st/no/yes/d/503/ll/A,0.87
bw/st/no/no/d/491/ll/A,bw/mu/no/yes/m/167/ll/A,0.42
bw/st/no/no/d/491/ll/A,bo/so/yes/yes/d/557/ll/A,0.41
bw/st/no/no/d/491/ll/A,bo/so/no/no/d/561/ll/U,0.12
bw/st/no/no/d/491/ll/A,bw/so/yes/yes/m/245/ll/A,0.42
bw/st/no/no/d/491/ll/A,bo/so/no/yes/m/287/ll/A,0.11
bw/st/no/no/d/491/ll/A,bo/so/no/no/m/273/ll/U,0.12
bw/st/no/no/d/491/ll/A,bw/st/yes/yes/d/485/ll/A,0.76
bw/st/no/no/d/491/ll/A,bo/st/no/no/m/227/ll/A,0.4
bw/st/no/no/d/491/ll/A,bo/mu/yes/no/d/471/ll/U,0.42
bw/st/no/no/d/491/ll/A,bw/mu/yes/no/d/449/ll/A,0.43
bw/st/no/no/d/491/ll/A,bw/mu/yes/no/d/447/ll/U,0.43
bw/st/no/no/d/491/ll/A,bo/so/yes/no/m/281/ll/A,0.36
bw/st/no/no/d/491/ll/A,bo/so/no/no/m/275/ll/A,0.12
bw/st/no/no/d/491/ll/A,bw/so/yes/yes/m/243/ll/U,0.42
bw/st/no/no/d/491/ll/A,bo/mu/no/yes/d/479/ll/A,0.4
bw/st/no/no/d/491/ll/A,bw/mu/no/no/d/441/ll/U,0.43
bw/st/no/no/d/491/ll/A,bw/st/yes/yes/d/483/ll/U,0.76
bw/st/no/no/d/491/ll/A,bo/mu/no/yes/d/477/ll/U,0.4
bw/st/no/no/d/491/ll/A,bo/st/yes/yes/m/221/ll/A,0.49
bw/st/no/no/d/491/ll/A,bo/st/yes/yes/m/219/ll/U,0.49
bo/st/yes/no/m/233/ll/A,bw/st/yes/no/m/207/ll/U,0.55
bo/st/yes/no/m/233/ll/A,bo/st/yes/no/m/231/ll/U,1.0
bo/st/yes/no/m/233/ll/A,bo/mu/no/no/d/467/ll/A,0.5
bo/st/yes/no/m/233/ll/A,bw/st/yes/no/m/209/ll/A,0.55
bo/st/yes/no/m/233/ll/A,bw/so/yes/no/m/255/ll/U,0.37
bo/st/yes/no/m/233/ll/A,bw/mu/yes/yes/d/435/ll/U,0.57
bo/st/yes/no/m/233/ll/A,bw/so/no/yes/m/263/ll/A,0.44
bo/st/yes/no/m/233/ll/A,bo/mu/yes/yes/d/461/ll/A,0.55
bo/st/yes/no/m/233/ll/A,bo/st/no/yes/m/237/ll/U,0.58
bo/st/yes/no/m/233/ll/A,bw/st/yes/no/d/495/ll/U,0.55
bo/st/yes/no/m/233/ll/A,bo/mu/yes/yes/d/459/ll/U,0.55
bo/st/yes/no/m/233/ll/A,bo/st/no/yes/m/239/ll/A,0.58
bo/st/yes/no/m/233/ll/A,bw/st/no/no/m/201/ll/U,0.54
bo/st/yes/no/m/233/ll/A,bo/st/no/yes/d/525/ll/U,0.58
bo/st/yes/no/m/233/ll/A,bo/mu/no/no/m/179/ll/A,0.5
bo/st/yes/no/m/233/ll/A,bo/mu/yes/no/m/183/ll/U,0.56
bo/st/yes/no/m/233/ll/A,bo/mu/no/no/m/177/ll/U,0.5
bo/st/yes/no/m/233/ll/A,bo/st/no/no/d/513/ll/U,0.59
bo/st/yes/no/m/233/ll/A,bw/so/no/yes/d/549/ll/U,0.44
bo/st/yes/no/m/233/ll/A,bw/mu/yes/yes/m/149/ll/A,0.57
bo/st/yes/no/m/233/ll/A,bo/mu/yes/no/m/185/ll/A,0.56
bo/st/yes/no/m/233/ll/A,bo/st/no/no/d/515/ll/A,0.59
bo/st/yes/no/m/233/ll/A,bo/mu/yes/yes/m/171/ll/U,0.55
bo/st/yes/no/m/233/ll/A,bw/mu/yes/yes/m/147/ll/U,0.57
bo/st/yes/no/m/233/ll/A,bo/so/no/no/d/563/ll/A,0.13
bo/st/yes/no/m/233/ll/A,bo/so/yes/yes/d/555/ll/U,0.5
bo/st/yes/no/m/233/ll/A,bw/so/no/no/d/539/ll/A,0.37
bo/st/yes/no/m/233/ll/A,bo/mu/no/yes/m/191/ll/A,0.53
bo/st/yes/no/m/233/ll/A,bw/st/no/yes/d/501/ll/U,0.6
bo/st/yes/no/m/233/ll/A,bw/mu/no/yes/m/165/ll/U,0.54
bo/st/yes/no/m/233/ll/A,bw/mu/no/no/m/153/ll/U,0.52
bo/st/yes/no/m/233/ll/A,bw/so/no/no/d/537/ll/U,0.37
bo/st/yes/no/m/233/ll/A,bw/so/yes/yes/d/531/ll/U,0.44
bo/st/yes/no/m/233/ll/A,bw/mu/no/no/m/155/ll/A,0.52
bo/st/yes/no/m/233/ll/A,bo/st/yes/yes/d/509/ll/A,0.89
bo/st/yes/no/m/233/ll/A,bw/st/yes/yes/m/197/ll/A,0.62
bo/st/yes/no/m/233/ll/A,bo/st/yes/yes/d/507/ll/U,0.89
bo/st/yes/no/m/233/ll/A,bw/st/no/yes/m/215/ll/A,0.6
bo/st/yes/no/m/233/ll/A,bw/mu/no/no/d/443/ll/A,0.52
bo/st/yes/no/m/233/ll/A,bo/so/yes/no/m/279/ll/U,0.4
bo/st/yes/no/m/233/ll/A,bw/st/no/no/d/489/ll/U,0.54
bo/st/yes/no/m/233/ll/A,bw/st/no/yes/m/213/ll/U,0.6
bo/st/yes/no/m/233/ll/A,bo/st/no/no/m/225/ll/U,0.59
bo/st/yes/no/m/233/ll/A,bo/mu/yes/no/d/473/ll/A,0.56
bo/st/yes/no/m/233/ll/A,bw/so/no/no/m/249/ll/U,0.37
bo/st/yes/no/m/233/ll/A,bo/so/no/yes/m/285/ll/U,0.13
bo/st/yes/no/m/233/ll/A,bw/st/no/no/m/203/ll/A,0.54
bo/st/yes/no/m/233/ll/A,bw/mu/no/yes/d/455/ll/A,0.54
bo/st/yes/no/m/233/ll/A,bw/st/yes/no/d/497/ll/A,0.55
bo/st/yes/no/m/233/ll/A,bw/mu/yes/yes/d/437/ll/A,0.57
bo/st/yes/no/m/233/ll/A,bw/so/no/yes/m/261/ll/U,0.44
bo/st/yes/no/m/233/ll/A,bw/so/yes/no/m/257/ll/A,0.37
bo/st/yes/no/m/233/ll/A,bw/st/no/no/d/491/ll/A,0.54
bo/st/yes/no/m/233/ll/A,bo/st/yes/no/m/233/ll/A,1.0
bo/st/yes/no/m/233/ll/A,bo/mu/no/no/d/465/ll/U,0.5
bo/st/yes/no/m/233/ll/A,bw/mu/no/yes/d/453/ll/U,0.54
bo/st/yes/no/m/233/ll/A,bw/so/no/no/m/251/ll/A,0.37
bo/st/yes/no/m/233/ll/A,bo/so/yes/yes/m/269/ll/A,0.5
bo/st/yes/no/m/233/ll/A,bo/so/yes/yes/m/267/ll/U,0.5
bo/st/yes/no/m/233/ll/A,bw/so/yes/no/d/543/ll/U,0.37
bo/st/yes/no/m/233/ll/A,bo/so/no/yes/d/575/ll/A,0.13
bo/st/yes/no/m/233/ll/A,bo/st/yes/no/d/521/ll/A,1.0
bo/st/yes/no/m/233/ll/A,bo/mu/no/yes/m/189/ll/U,0.53
bo/st/yes/no/m/233/ll/A,bo/st/yes/no/d/519/ll/U,1.0
bo/st/yes/no/m/233/ll/A,bo/mu/yes/yes/m/173/ll/A,0.55
bo/st/yes/no/m/233/ll/A,bo/so/no/yes/d/573/ll/U,0.13
bo/st/yes/no/m/233/ll/A,bw/so/yes/no/d/545/ll/A,0.37
bo/st/yes/no/m/233/ll/A,bo/st/no/yes/d/527/ll/A,0.58
bo/st/yes/no/m/233/ll/A,bw/mu/yes/no/m/159/ll/U,0.56
bo/st/yes/no/m/233/ll/A,bw/mu/yes/no/m/161/ll/A,0.56
bo/st/yes/no/m/233/ll/A,bw/st/yes/yes/m/195/ll/U,0.62
bo/st/yes/no/m/233/ll/A,bw/so/yes/yes/d/533/ll/A,0.44
bo/st/yes/no/m/233/ll/A,bo/so/yes/no/d/567/ll/U,0.4
bo/st/yes/no/m/233/ll/A,bw/so/no/yes/d/551/ll/A,0.44
bo/st/yes/no/m/233/ll/A,bo/so/yes/no/d/569/ll/A,0.4
bo/st/yes/no/m/233/ll/A,bw/st/no/yes/d/503/ll/A,0.6
bo/st/yes/no/m/233/ll/A,bw/mu/no/yes/m/167/ll/A,0.54
bo/st/yes/no/m/233/ll/A,bo/so/yes/yes/d/557/ll/A,0.5
bo/st/yes/no/m/233/ll/A,bo/so/no/no/d/561/ll/U,0.13
bo/st/yes/no/m/233/ll/A,bw/so/yes/yes/m/245/ll/A,0.44
bo/st/yes/no/m/233/ll/A,bo/so/no/yes/m/287/ll/A,0.13
bo/st/yes/no/m/233/ll/A,bo/so/no/no/m/273/ll/U,0.13
bo/st/yes/no/m/233/ll/A,bw/st/yes/yes/d/485/ll/A,0.62
bo/st/yes/no/m/233/ll/A,bo/st/no/no/m/227/ll/A,0.59
bo/st/yes/no/m/233/ll/A,bo/mu/yes/no/d/471/ll/U,0.56
bo/st/yes/no/m/233/ll/A,bw/mu/yes/no/d/449/ll/A,0.56
bo/st/yes/no/m/233/ll/A,bw/mu/yes/no/d/447/ll/U,0.56
bo/st/yes/no/m/233/ll/A,bo/so/yes/no/m/281/ll/A,0.4
bo/st/yes/no/m/233/ll/A,bo/so/no/no/m/275/ll/A,0.13
bo/st/yes/no/m/233/ll/A,bw/so/yes/yes/m/243/ll/U,0.44
bo/st/yes/no/m/233/ll/A,bo/mu/no/yes/d/479/ll/A,0.53
bo/st/yes/no/m/233/ll/A,bw/mu/no/no/d/441/ll/U,0.52
bo/st/yes/no/m/233/ll/A,bw/st/yes/yes/d/483/ll/U,0.62
bo/st/yes/no/m/233/ll/A,bo/mu/no/yes/d/477/ll/U,0.53
bo/st/yes/no/m/233/ll/A,bo/st/yes/yes/m/221/ll/A,0.89
bo/st/yes/no/m/233/ll/A,bo/st/yes/yes/m/219/ll/U,0.89
bo/mu/no/no/d/465/ll/U,bw/st/yes/no/m/207/ll/U,0.38
bo/mu/no/no/d/465/ll/U,bo/st/yes/no/m/231/ll/U,0.5
bo/mu/no/no/d/465/ll/U,bo/mu/no/no/d/467/ll/A,1.0
bo/mu/no/no/d/465/ll/U,bw/st/yes/no/m/209/ll/A,0.38
bo/mu/no/no/d/465/ll/U,bw/so/yes/no/m/255/ll/U,0.26
bo/mu/no/no/d/465/ll/U,bw/mu/yes/yes/d/435/ll/U,0.75
bo/mu/no/no/d/465/ll/U,bw/so/no/yes/m/263/ll/A,0.31
bo/mu/no/no/d/465/ll/U,bo/mu/yes/yes/d/461/ll/A,0.81
bo/mu/no/no/d/465/ll/U,bo/st/no/yes/m/237/ll/U,0.6
bo/mu/no/no/d/465/ll/U,bw/st/yes/no/d/495/ll/U,0.38
bo/mu/no/no/d/465/ll/U,bo/mu/yes/yes/d/459/ll/U,0.81
bo/mu/no/no/d/465/ll/U,bo/st/no/yes/m/239/ll/A,0.6
bo/mu/no/no/d/465/ll/U,bw/st/no/no/m/201/ll/U,0.4
bo/mu/no/no/d/465/ll/U,bo/st/no/yes/d/525/ll/U,0.6
bo/mu/no/no/d/465/ll/U,bo/mu/no/no/m/179/ll/A,1.0
bo/mu/no/no/d/465/ll/U,bo/mu/yes/no/m/183/ll/U,0.8
bo/mu/no/no/d/465/ll/U,bo/mu/no/no/m/177/ll/U,1.0
bo/mu/no/no/d/465/ll/U,bo/st/no/no/d/513/ll/U,0.56
bo/mu/no/no/d/465/ll/U,bw/so/no/yes/d/549/ll/U,0.31
bo/mu/no/no/d/465/ll/U,bw/mu/yes/yes/m/149/ll/A,0.75
bo/mu/no/no/d/465/ll/U,bo/mu/yes/no/m/185/ll/A,0.8
bo/mu/no/no/d/465/ll/U,bo/st/no/no/d/515/ll/A,0.56
bo/mu/no/no/d/465/ll/U,bo/mu/yes/yes/m/171/ll/U,0.81
bo/mu/no/no/d/465/ll/U,bw/mu/yes/yes/m/147/ll/U,0.75
bo/mu/no/no/d/465/ll/U,bo/so/no/no/d/563/ll/A,0.08
bo/mu/no/no/d/465/ll/U,bo/so/yes/yes/d/555/ll/U,0.35
bo/mu/no/no/d/465/ll/U,bw/so/no/no/d/539/ll/A,0.27
bo/mu/no/no/d/465/ll/U,bo/mu/no/yes/m/191/ll/A,0.87
bo/mu/no/no/d/465/ll/U,bw/st/no/yes/d/501/ll/U,0.44
bo/mu/no/no/d/465/ll/U,bw/mu/no/yes/m/165/ll/U,0.71
bo/mu/no/no/d/465/ll/U,bw/mu/no/no/m/153/ll/U,0.73
bo/mu/no/no/d/465/ll/U,bw/so/no/no/d/537/ll/U,0.27
bo/mu/no/no/d/465/ll/U,bw/so/yes/yes/d/531/ll/U,0.31
bo/mu/no/no/d/465/ll/U,bw/mu/no/no/m/155/ll/A,0.73
bo/mu/no/no/d/465/ll/U,bo/st/yes/yes/d/509/ll/A,0.55
bo/mu/no/no/d/465/ll/U,bw/st/yes/yes/m/197/ll/A,0.43
bo/mu/no/no/d/465/ll/U,bo/st/yes/yes/d/507/ll/U,0.55
bo/mu/no/no/d/465/ll/U,bw/st/no/yes/m/215/ll/A,0.44
bo/mu/no/no/d/465/ll/U,bw/mu/no/no/d/443/ll/A,0.73
bo/mu/no/no/d/465/ll/U,bo/so/yes/no/m/279/ll/U,0.28
bo/mu/no/no/d/465/ll/U,bw/st/no/no/d/489/ll/U,0.4
bo/mu/no/no/d/465/ll/U,bw/st/no/yes/m/213/ll/U,0.44
bo/mu/no/no/d/465/ll/U,bo/st/no/no/m/225/ll/U,0.56
bo/mu/no/no/d/465/ll/U,bo/mu/yes/no/d/473/ll/A,0.8
bo/mu/no/no/d/465/ll/U,bw/so/no/no/m/249/ll/U,0.27
bo/mu/no/no/d/465/ll/U,bo/so/no/yes/m/285/ll/U,0.09
bo/mu/no/no/d/465/ll/U,bw/st/no/no/m/203/ll/A,0.4
bo/mu/no/no/d/465/ll/U,bw/mu/no/yes/d/455/ll/A,0.71
bo/mu/no/no/d/465/ll/U,bw/st/yes/no/d/497/ll/A,0.38
bo/mu/no/no/d/465/ll/U,bw/mu/yes/yes/d/437/ll/A,0.75
bo/mu/no/no/d/465/ll/U,bw/so/no/yes/m/261/ll/U,0.31
bo/mu/no/no/d/465/ll/U,bw/so/yes/no/m/257/ll/A,0.26
bo/mu/no/no/d/465/ll/U,bw/st/no/no/d/491/ll/A,0.4
bo/mu/no/no/d/465/ll/U,bo/st/yes/no/m/233/ll/A,0.5
bo/mu/no/no/d/465/ll/U,bo/mu/no/no/d/465/ll/U,1.0
bo/mu/no/no/d/465/ll/U,bw/mu/no/yes/d/453/ll/U,0.71
bo/mu/no/no/d/465/ll/U,bw/so/no/no/m/251/ll/A,0.27
bo/mu/no/no/d/465/ll/U,bo/so/yes/yes/m/269/ll/A,0.35
bo/mu/no/no/d/465/ll/U,bo/so/yes/yes/m/267/ll/U,0.35
bo/mu/no/no/d/465/ll/U,bw/so/yes/no/d/543/ll/U,0.26
bo/mu/no/no/d/465/ll/U,bo/so/no/yes/d/575/ll/A,0.09
bo/mu/no/no/d/465/ll/U,bo/st/yes/no/d/521/ll/A,0.5
bo/mu/no/no/d/465/ll/U,bo/mu/no/yes/m/189/ll/U,0.87
bo/mu/no/no/d/465/ll/U,bo/st/yes/no/d/519/ll/U,0.5
bo/mu/no/no/d/465/ll/U,bo/mu/yes/yes/m/173/ll/A,0.81
bo/mu/no/no/d/465/ll/U,bo/so/no/yes/d/573/ll/U,0.09
bo/mu/no/no/d/465/ll/U,bw/so/yes/no/d/545/ll/A,0.26
bo/mu/no/no/d/465/ll/U,bo/st/no/yes/d/527/ll/A,0.6
bo/mu/no/no/d/465/ll/U,bw/mu/yes/no/m/159/ll/U,0.76
bo/mu/no/no/d/465/ll/U,bw/mu/yes/no/m/161/ll/A,0.76
bo/mu/no/no/d/465/ll/U,bw/st/yes/yes/m/195/ll/U,0.43
bo/mu/no/no/d/465/ll/U,bw/so/yes/yes/d/533/ll/A,0.31
bo/mu/no/no/d/465/ll/U,bo/so/yes/no/d/567/ll/U,0.28
bo/mu/no/no/d/465/ll/U,bw/so/no/yes/d/551/ll/A,0.31
bo/mu/no/no/d/465/ll/U,bo/so/yes/no/d/569/ll/A,0.28
bo/mu/no/no/d/465/ll/U,bw/st/no/yes/d/503/ll/A,0.44
bo/mu/no/no/d/465/ll/U,bw/mu/no/yes/m/167/ll/A,0.71
bo/mu/no/no/d/465/ll/U,bo/so/yes/yes/d/557/ll/A,0.35
bo/mu/no/no/d/465/ll/U,bo/so/no/no/d/561/ll/U,0.08
bo/mu/no/no/d/465/ll/U,bw/so/yes/yes/m/245/ll/A,0.31
bo/mu/no/no/d/465/ll/U,bo/so/no/yes/m/287/ll/A,0.09
bo/mu/no/no/d/465/ll/U,bo/so/no/no/m/273/ll/U,0.08
bo/mu/no/no/d/465/ll/U,bw/st/yes/yes/d/485/ll/A,0.43
bo/mu/no/no/d/465/ll/U,bo/st/no/no/m/227/ll/A,0.56
bo/mu/no/no/d/465/ll/U,bo/mu/yes/no/d/471/ll/U,0.8
bo/mu/no/no/d/465/ll/U,bw/mu/yes/no/d/449/ll/A,0.76
bo/mu/no/no/d/465/ll/U,bw/mu/yes/no/d/447/ll/U,0.76
bo/mu/no/no/d/465/ll/U,bo/so/yes/no/m/281/ll/A,0.28
bo/mu/no/no/d/465/ll/U,bo/so/no/no/m/275/ll/A,0.08
bo/mu/no/no/d/465/ll/U,bw/so/yes/yes/m/243/ll/U,0.31
bo/mu/no/no/d/465/ll/U,bo/mu/no/yes/d/479/ll/A,0.87
bo/mu/no/no/d/465/ll/U,bw/mu/no/no/d/441/ll/U,0.73
bo/mu/no/no/d/465/ll/U,bw/st/yes/yes/d/483/ll/U,0.43
bo/mu/no/no/d/465/ll/U,bo/mu/no/yes/d/477/ll/U,0.87
bo/mu/no/no/d/465/ll/U,bo/st/yes/yes/m/221/ll/A,0.55
bo/mu/no/no/d/465/ll/U,bo/st/yes/yes/m/219/ll/U,0.55
bw/mu/no/yes/d/453/ll/U,bw/st/yes/no/m/207/ll/U,0.41
bw/mu/no/yes/d/453/ll/U,bo/st/yes/no/m/231/ll/U,0.54
bw/mu/no/yes/d/453/ll/U,bo/mu/no/no/d/467/ll/A,0.71
bw/mu/no/yes/d/453/ll/U,bw/st/yes/no/m/209/ll/A,0.41
bw/mu/no/yes/d/453/ll/U,bw/so/yes/no/m/255/ll/U,0.29
bw/mu/no/yes/d/453/ll/U,bw/mu/yes/yes/d/435/ll/U,0.93
bw/mu/no/yes/d/453/ll/U,bw/so/no/yes/m/263/ll/A,0.35
bw/mu/no/yes/d/453/ll/U,bo/mu/yes/yes/d/461/ll/A,0.83
bw/mu/no/yes/d/453/ll/U,bo/st/no/yes/m/237/ll/U,0.59
bw/mu/no/yes/d/453/ll/U,bw/st/yes/no/d/495/ll/U,0.41
bw/mu/no/yes/d/453/ll/U,bo/mu/yes/yes/d/459/ll/U,0.83
bw/mu/no/yes/d/453/ll/U,bo/st/no/yes/m/239/ll/A,0.59
bw/mu/no/yes/d/453/ll/U,bw/st/no/no/m/201/ll/U,0.42
bw/mu/no/yes/d/453/ll/U,bo/st/no/yes/d/525/ll/U,0.59
bw/mu/no/yes/d/453/ll/U,bo/mu/no/no/m/179/ll/A,0.71
bw/mu/no/yes/d/453/ll/U,bo/mu/yes/no/m/183/ll/U,0.85
bw/mu/no/yes/d/453/ll/U,bo/mu/no/no/m/177/ll/U,0.71
bw/mu/no/yes/d/453/ll/U,bo/st/no/no/d/513/ll/U,0.55
bw/mu/no/yes/d/453/ll/U,bw/so/no/yes/d/549/ll/U,0.35
bw/mu/no/yes/d/453/ll/U,bw/mu/yes/yes/m/149/ll/A,0.93
bw/mu/no/yes/d/453/ll/U,bo/mu/yes/no/m/185/ll/A,0.85
bw/mu/no/yes/d/453/ll/U,bo/st/no/no/d/515/ll/A,0.55
bw/mu/no/yes/d/453/ll/U,bo/mu/yes/yes/m/171/ll/U,0.83
bw/mu/no/yes/d/453/ll/U,bw/mu/yes/yes/m/147/ll/U,0.93
bw/mu/no/yes/d/453/ll/U,bo/so/no/no/d/563/ll/A,0.08
bw/mu/no/yes/d/453/ll/U,bo/so/yes/yes/d/555/ll/U,0.37
bw/mu/no/yes/d/453/ll/U,bw/so/no/no/d/539/ll/A,0.3
bw/mu/no/yes/d/453/ll/U,bo/mu/no/yes/m/191/ll/A,0.76
bw/mu/no/yes/d/453/ll/U,bw/st/no/yes/d/501/ll/U,0.47
bw/mu/no/yes/d/453/ll/U,bw/mu/no/yes/m/165/ll/U,1.0
bw/mu/no/yes/d/453/ll/U,bw/mu/no/no/m/153/ll/U,0.87
bw/mu/no/yes/d/453/ll/U,bw/so/no/no/d/537/ll/U,0.3
bw/mu/no/yes/d/453/ll/U,bw/so/yes/yes/d/531/ll/U,0.35
bw/mu/no/yes/d/453/ll/U,bw/mu/no/no/m/155/ll/A,0.87
bw/mu/no/yes/d/453/ll/U,bo/st/yes/yes/d/509/ll/A,0.59
bw/mu/no/yes/d/453/ll/U,bw/st/yes/yes/m/197/ll/A,0.46
bw/mu/no/yes/d/453/ll/U,bo/st/yes/yes/d/507/ll/U,0.59
bw/mu/no/yes/d/453/ll/U,bw/st/no/yes/m/215/ll/A,0.47
bw/mu/no/yes/d/453/ll/U,bw/mu/no/no/d/443/ll/A,0.87
bw/mu/no/yes/d/453/ll/U,bo/so/yes/no/m/279/ll/U,0.3
bw/mu/no/yes/d/453/ll/U,bw/st/no/no/d/489/ll/U,0.42
bw/mu/no/yes/d/453/ll/U,bw/st/no/yes/m/213/ll/U,0.47
bw/mu/no/yes/d/453/ll/U,bo/st/no/no/m/225/ll/U,0.55
bw/mu/no/yes/d/453/ll/U,bo/mu/yes/no/d/473/ll/A,0.85
bw/mu/no/yes/d/453/ll/U,bw/so/no/no/m/249/ll/U,0.3
bw/mu/no/yes/d/453/ll/U,bo/so/no/yes/m/285/ll/U,0.09
bw/mu/no/yes/d/453/ll/U,bw/st/no/no/m/203/ll/A,0.42
bw/mu/no/yes/d/453/ll/U,bw/mu/no/yes/d/455/ll/A,1.0
bw/mu/no/yes/d/453/ll/U,bw/st/yes/no/d/497/ll/A,0.41
bw/mu/no/yes/d/453/ll/U,bw/mu/yes/yes/d/437/ll/A,0.93
bw/mu/no/yes/d/453/ll/U,bw/so/no/yes/m/261/ll/U,0.35
bw/mu/no/yes/d/453/ll/U,bw/so/yes/no/m/257/ll/A,0.29
bw/mu/no/yes/d/453/ll/U,bw/st/no/no/d/491/ll/A,0.42
bw/mu/no/yes/d/453/ll/U,bo/st/yes/no/m/233/ll/A,0.54
bw/mu/no/yes/d/453/ll/U,bo/mu/no/no/d/465/ll/U,0.71
bw/mu/no/yes/d/453/ll/U,bw/mu/no/yes/d/453/ll/U,1.0
bw/mu/no/yes/d/453/ll/U,bw/so/no/no/m/251/ll/A,0.3
bw/mu/no/yes/d/453/ll/U,bo/so/yes/yes/m/269/ll/A,0.37
bw/mu/no/yes/d/453/ll/U,bo/so/yes/yes/m/267/ll/U,0.37
bw/mu/no/yes/d/453/ll/U,bw/so/yes/no/d/543/ll/U,0.29
bw/mu/no/yes/d/453/ll/U,bo/so/no/yes/d/575/ll/A,0.09
bw/mu/no/yes/d/453/ll/U,bo/st/yes/no/d/521/ll/A,0.54
bw/mu/no/yes/d/453/ll/U,bo/mu/no/yes/m/189/ll/U,0.76
bw/mu/no/yes/d/453/ll/U,bo/st/yes/no/d/519/ll/U,0.54
bw/mu/no/yes/d/453/ll/U,bo/mu/yes/yes/m/173/ll/A,0.83
bw/mu/no/yes/d/453/ll/U,bo/so/no/yes/d/573/ll/U,0.09
bw/mu/no/yes/d/453/ll/U,bw/so/yes/no/d/545/ll/A,0.29
bw/mu/no/yes/d/453/ll/U,bo/st/no/yes/d/527/ll/A,0.59
bw/mu/no/yes/d/453/ll/U,bw/mu/yes/no/m/159/ll/U,0.9
bw/mu/no/yes/d/453/ll/U,bw/mu/yes/no/m/161/ll/A,0.9
bw/mu/no/yes/d/453/ll/U,bw/st/yes/yes/m/195/ll/U,0.46
bw/mu/no/yes/d/453/ll/U,bw/so/yes/yes/d/533/ll/A,0.35
bw/mu/no/yes/d/453/ll/U,bo/so/yes/no/d/567/ll/U,0.3
bw/mu/no/yes/d/453/ll/U,bw/so/no/yes/d/551/ll/A,0.35
bw/mu/no/yes/d/453/ll/U,bo/so/yes/no/d/569/ll/A,0.3
bw/mu/no/yes/d/453/ll/U,bw/st/no/yes/d/503/ll/A,0.47
bw/mu/no/yes/d/453/ll/U,bw/mu/no/yes/m/167/ll/A,1.0
bw/mu/no/yes/d/453/ll/U,bo/so/yes/yes/d/557/ll/A,0.37
bw/mu/no/yes/d/453/ll/U,bo/so/no/no/d/561/ll/U,0.08
bw/mu/no/yes/d/453/ll/U,bw/so/yes/yes/m/245/ll/A,0.35
bw/mu/no/yes/d/453/ll/U,bo/so/no/yes/m/287/ll/A,0.09
bw/mu/no/yes/d/453/ll/U,bo/so/no/no/m/273/ll/U,0.08
bw/mu/no/yes/d/453/ll/U,bw/st/yes/yes/d/485/ll/A,0.46
bw/mu/no/yes/d/453/ll/U,bo/st/no/no/m/227/ll/A,0.55
bw/mu/no/yes/d/453/ll/U,bo/mu/yes/no/d/471/ll/U,0.85
bw/mu/no/yes/d/453/ll/U,bw/mu/yes/no/d/449/ll/A,0.9
bw/mu/no/yes/d/453/ll/U,bw/mu/yes/no/d/447/ll/U,0.9
bw/mu/no/yes/d/453/ll/U,bo/so/yes/no/m/281/ll/A,0.3
bw/mu/no/yes/d/453/ll/U,bo/so/no/no/m/275/ll/A,0.08
bw/mu/no/yes/d/453/ll/U,bw/so/yes/yes/m/243/ll/U,0.35
bw/mu/no/yes/d/453/ll/U,bo/mu/no/yes/d/479/ll/A,0.76
bw/mu/no/yes/d/453/ll/U,bw/mu/no/no/d/441/ll/U,0.87
bw/mu/no/yes/d/453/ll/U,bw/st/yes/yes/d/483/ll/U,0.46
bw/mu/no/yes/d/453/ll/U,bo/mu/no/yes/d/477/ll/U,0.76
bw/mu/no/yes/d/453/ll/U,bo/st/yes/yes/m/221/ll/A,0.59
bw/mu/no/yes/d/453/ll/U,bo/st/yes/yes/m/219/ll/U,0.59
bw/so/no/no/m/251/ll/A,bw/st/yes/no/m/207/ll/U,0.37
bw/so/no/no/m/251/ll/A,bo/st/yes/no/m/231/ll/U,0.37
bw/so/no/no/m/251/ll/A,bo/mu/no/no/d/467/ll/A,0.27
bw/so/no/no/m/251/ll/A,bw/st/yes/no/m/209/ll/A,0.37
bw/so/no/no/m/251/ll/A,bw/so/yes/no/m/255/ll/U,0.87
bw/so/no/no/m/251/ll/A,bw/mu/yes/yes/d/435/ll/U,0.3
bw/so/no/no/m/251/ll/A,bw/so/no/yes/m/263/ll/A,0.78
bw/so/no/no/m/251/ll/A,bo/mu/yes/yes/d/461/ll/A,0.29
bw/so/no/no/m/251/ll/A,bo/st/no/yes/m/237/ll/U,0.29
bw/so/no/no/m/251/ll/A,bw/st/yes/no/d/495/ll/U,0.37
bw/so/no/no/m/251/ll/A,bo/mu/yes/yes/d/459/ll/U,0.29
bw/so/no/no/m/251/ll/A,bo/st/no/yes/m/239/ll/A,0.29
bw/so/no/no/m/251/ll/A,bw/st/no/no/m/201/ll/U,0.38
bw/so/no/no/m/251/ll/A,bo/st/no/yes/d/525/ll/U,0.29
bw/so/no/no/m/251/ll/A,bo/mu/no/no/m/179/ll/A,0.27
bw/so/no/no/m/251/ll/A,bo/mu/yes/no/m/183/ll/U,0.29
bw/so/no/no/m/251/ll/A,bo/mu/no/no/m/177/ll/U,0.27
bw/so/no/no/m/251/ll/A,bo/st/no/no/d/513/ll/U,0.31
bw/so/no/no/m/251/ll/A,bw/so/no/yes/d/549/ll/U,0.78
bw/so/no/no/m/251/ll/A,bw/mu/yes/yes/m/149/ll/A,0.3
bw/so/no/no/m/251/ll/A,bo/mu/yes/no/m/185/ll/A,0.29
bw/so/no/no/m/251/ll/A,bo/st/no/no/d/515/ll/A,0.31
bw/so/no/no/m/251/ll/A,bo/mu/yes/yes/m/171/ll/U,0.29
bw/so/no/no/m/251/ll/A,bw/mu/yes/yes/m/147/ll/U,0.3
bw/so/no/no/m/251/ll/A,bo/so/no/no/d/563/ll/A,0.22
bw/so/no/no/m/251/ll/A,bo/so/yes/yes/d/555/ll/U,0.54
bw/so/no/no/m/251/ll/A,bw/so/no/no/d/539/ll/A,1.0
bw/so/no/no/m/251/ll/A,bo/mu/no/yes/m/191/ll/A,0.27
bw/so/no/no/m/251/ll/A,bw/st/no/yes/d/501/ll/U,0.39
bw/so/no/no/m/251/ll/A,bw/mu/no/yes/m/165/ll/U,0.3
bw/so/no/no/m/251/ll/A,bw/mu/no/no/m/153/ll/U,0.29
bw/so/no/no/m/251/ll/A,bw/so/no/no/d/537/ll/U,1.0
bw/so/no/no/m/251/ll/A,bw/so/yes/yes/d/531/ll/U,0.7
bw/so/no/no/m/251/ll/A,bw/mu/no/no/m/155/ll/A,0.29
bw/so/no/no/m/251/ll/A,bo/st/yes/yes/d/509/ll/A,0.34
bw/so/no/no/m/251/ll/A,bw/st/yes/yes/m/197/ll/A,0.38
bw/so/no/no/m/251/ll/A,bo/st/yes/yes/d/507/ll/U,0.34
bw/so/no/no/m/251/ll/A,bw/st/no/yes/m/215/ll/A,0.39
bw/so/no/no/m/251/ll/A,bw/mu/no/no/d/443/ll/A,0.29
bw/so/no/no/m/251/ll/A,bo/so/yes/no/m/279/ll/U,0.7
bw/so/no/no/m/251/ll/A,bw/st/no/no/d/489/ll/U,0.38
bw/so/no/no/m/251/ll/A,bw/st/no/yes/m/213/ll/U,0.39
bw/so/no/no/m/251/ll/A,bo/st/no/no/m/225/ll/U,0.31
bw/so/no/no/m/251/ll/A,bo/mu/yes/no/d/473/ll/A,0.29
bw/so/no/no/m/251/ll/A,bw/so/no/no/m/249/ll/U,1.0
bw/so/no/no/m/251/ll/A,bo/so/no/yes/m/285/ll/U,0.16
bw/so/no/no/m/251/ll/A,bw/st/no/no/m/203/ll/A,0.38
bw/so/no/no/m/251/ll/A,bw/mu/no/yes/d/455/ll/A,0.3
bw/so/no/no/m/251/ll/A,bw/st/yes/no/d/497/ll/A,0.37
bw/so/no/no/m/251/ll/A,bw/mu/yes/yes/d/437/ll/A,0.3
bw/so/no/no/m/251/ll/A,bw/so/no/yes/m/261/ll/U,0.78
bw/so/no/no/m/251/ll/A,bw/so/yes/no/m/257/ll/A,0.87
bw/so/no/no/m/251/ll/A,bw/st/no/no/d/491/ll/A,0.38
bw/so/no/no/m/251/ll/A,bo/st/yes/no/m/233/ll/A,0.37
bw/so/no/no/m/251/ll/A,bo/mu/no/no/d/465/ll/U,0.27
bw/so/no/no/m/251/ll/A,bw/mu/no/yes/d/453/ll/U,0.3
bw/so/no/no/m/251/ll/A,bw/so/no/no/m/251/ll/A,1.0
bw/so/no/no/m/251/ll/A,bo/so/yes/yes/m/269/ll/A,0.54
bw/so/no/no/m/251/ll/A,bo/so/yes/yes/m/267/ll/U,0.54
bw/so/no/no/m/251/ll/A,bw/so/yes/no/d/543/ll/U,0.87
bw/so/no/no/m/251/ll/A,bo/so/no/yes/d/575/ll/A,0.16
bw/so/no/no/m/251/ll/A,bo/st/yes/no/d/521/ll/A,0.37
bw/so/no/no/m/251/ll/A,bo/mu/no/yes/m/189/ll/U,0.27
bw/so/no/no/m/251/ll/A,bo/st/yes/no/d/519/ll/U,0.37
bw/so/no/no/m/251/ll/A,bo/mu/yes/yes/m/173/ll/A,0.29
bw/so/no/no/m/251/ll/A,bo/so/no/yes/d/573/ll/U,0.16
bw/so/no/no/m/251/ll/A,bw/so/yes/no/d/545/ll/A,0.87
bw/so/no/no/m/251/ll/A,bo/st/no/yes/d/527/ll/A,0.29
bw/so/no/no/m/251/ll/A,bw/mu/yes/no/m/159/ll/U,0.3
bw/so/no/no/m/251/ll/A,bw/mu/yes/no/m/161/ll/A,0.3
bw/so/no/no/m/251/ll/A,bw/st/yes/yes/m/195/ll/U,0.38
bw/so/no/no/m/251/ll/A,bw/so/yes/yes/d/533/ll/A,0.7
bw/so/no/no/m/251/ll/A,bo/so/yes/no/d/567/ll/U,0.7
bw/so/no/no/m/251/ll/A,bw/so/no/yes/d/551/ll/A,0.78
bw/so/no/no/m/251/ll/A,bo/so/yes/no/d/569/ll/A,0.7
bw/so/no/no/m/251/ll/A,bw/st/no/yes/d/503/ll/A,0.39
bw/so/no/no/m/251/ll/A,bw/mu/no/yes/m/167/ll/A,0.3
bw/so/no/no/m/251/ll/A,bo/so/yes/yes/d/557/ll/A,0.54
bw/so/no/no/m/251/ll/A,bo/so/no/no/d/561/ll/U,0.22
bw/so/no/no/m/251/ll/A,bw/so/yes/yes/m/245/ll/A,0.7
bw/so/no/no/m/251/ll/A,bo/so/no/yes/m/287/ll/A,0.16
bw/so/no/no/m/251/ll/A,bo/so/no/no/m/273/ll/U,0.22
bw/so/no/no/m/251/ll/A,bw/st/yes/yes/d/485/ll/A,0.38
bw/so/no/no/m/251/ll/A,bo/st/no/no/m/227/ll/A,0.31
bw/so/no/no/m/251/ll/A,bo/mu/yes/no/d/471/ll/U,0.29
bw/so/no/no/m/251/ll/A,bw/mu/yes/no/d/449/ll/A,0.3
bw/so/no/no/m/251/ll/A,bw/mu/yes/no/d/447/ll/U,0.3
bw/so/no/no/m/251/ll/A,bo/so/yes/no/m/281/ll/A,0.7
bw/so/no/no/m/251/ll/A,bo/so/no/no/m/275/ll/A,0.22
bw/so/no/no/m/251/ll/A,bw/so/yes/yes/m/243/ll/U,0.7
bw/so/no/no/m/251/ll/A,bo/mu/no/yes/d/479/ll/A,0.27
bw/so/no/no/m/251/ll/A,bw/mu/no/no/d/441/ll/U,0.29
bw/so/no/no/m/251/ll/A,bw/st/yes/yes/d/483/ll/U,0.38
bw/so/no/no/m/251/ll/A,bo/mu/no/yes/d/477/ll/U,0.27
bw/so/no/no/m/251/ll/A,bo/st/yes/yes/m/221/ll/A,0.34
bw/so/no/no/m/251/ll/A,bo/st/yes/yes/m/219/ll/U,0.34
bo/so/yes/yes/m/269/ll/A,bw/st/yes/no/m/207/ll/U,0.42
bo/so/yes/yes/m/269/ll/A,bo/st/yes/no/m/231/ll/U,0.5
bo/so/yes/yes/m/269/ll/A,bo/mu/no/no/d/467/ll/A,0.35
bo/so/yes/yes/m/269/ll/A,bw/st/yes/no/m/209/ll/A,0.42
bo/so/yes/yes/m/269/ll/A,bw/so/yes/no/m/255/ll/U,0.55
bo/so/yes/yes/m/269/ll/A,bw/mu/yes/yes/d/435/ll/U,0.38
bo/so/yes/yes/m/269/ll/A,bw/so/no/yes/m/263/ll/A,0.65
bo/so/yes/yes/m/269/ll/A,bo/mu/yes/yes/d/461/ll/A,0.38
bo/so/yes/yes/m/269/ll/A,bo/st/no/yes/m/237/ll/U,0.39
bo/so/yes/yes/m/269/ll/A,bw/st/yes/no/d/495/ll/U,0.42
bo/so/yes/yes/m/269/ll/A,bo/mu/yes/yes/d/459/ll/U,0.38
bo/so/yes/yes/m/269/ll/A,bo/st/no/yes/m/239/ll/A,0.39
bo/so/yes/yes/m/269/ll/A,bw/st/no/no/m/201/ll/U,0.41
bo/so/yes/yes/m/269/ll/A,bo/st/no/yes/d/525/ll/U,0.39
bo/so/yes/yes/m/269/ll/A,bo/mu/no/no/m/179/ll/A,0.35
bo/so/yes/yes/m/269/ll/A,bo/mu/yes/no/m/183/ll/U,0.39
bo/so/yes/yes/m/269/ll/A,bo/mu/no/no/m/177/ll/U,0.35
bo/so/yes/yes/m/269/ll/A,bo/st/no/no/d/513/ll/U,0.4
bo/so/yes/yes/m/269/ll/A,bw/so/no/yes/d/549/ll/U,0.65
bo/so/yes/yes/m/269/ll/A,bw/mu/yes/yes/m/149/ll/A,0.38
bo/so/yes/yes/m/269/ll/A,bo/mu/yes/no/m/185/ll/A,0.39
bo/so/yes/yes/m/269/ll/A,bo/st/no/no/d/515/ll/A,0.4
bo/so/yes/yes/m/269/ll/A,bo/mu/yes/yes/m/171/ll/U,0.38
bo/so/yes/yes/m/269/ll/A,bw/mu/yes/yes/m/147/ll/U,0.38
bo/so/yes/yes/m/269/ll/A,bo/so/no/no/d/563/ll/A,0.22
bo/so/yes/yes/m/269/ll/A,bo/so/yes/yes/d/555/ll/U,1.0
bo/so/yes/yes/m/269/ll/A,bw/so/no/no/d/539/ll/A,0.54
bo/so/yes/yes/m/269/ll/A,bo/mu/no/yes/m/191/ll/A,0.37
bo/so/yes/yes/m/269/ll/A,bw/st/no/yes/d/501/ll/U,0.43
bo/so/yes/yes/m/269/ll/A,bw/mu/no/yes/m/165/ll/U,0.37
bo/so/yes/yes/m/269/ll/A,bw/mu/no/no/m/153/ll/U,0.36
bo/so/yes/yes/m/269/ll/A,bw/so/no/no/d/537/ll/U,0.54
bo/so/yes/yes/m/269/ll/A,bw/so/yes/yes/d/531/ll/U,0.69
bo/so/yes/yes/m/269/ll/A,bw/mu/no/no/m/155/ll/A,0.36
bo/so/yes/yes/m/269/ll/A,bo/st/yes/yes/d/509/ll/A,0.47
bo/so/yes/yes/m/269/ll/A,bw/st/yes/yes/m/197/ll/A,0.44
bo/so/yes/yes/m/269/ll/A,bo/st/yes/yes/d/507/ll/U,0.47
bo/so/yes/yes/m/269/ll/A,bw/st/no/yes/m/215/ll/A,0.43
bo/so/yes/yes/m/269/ll/A,bw/mu/no/no/d/443/ll/A,0.36
bo/so/yes/yes/m/269/ll/A,bo/so/yes/no/m/279/ll/U,0.7
bo/so/yes/yes/m/269/ll/A,bw/st/no/no/d/489/ll/U,0.41
bo/so/yes/yes/m/269/ll/A,bw/st/no/yes/m/213/ll/U,0.43
bo/so/yes/yes/m/269/ll/A,bo/st/no/no/m/225/ll/U,0.4
bo/so/yes/yes/m/269/ll/A,bo/mu/yes/no/d/473/ll/A,0.39
bo/so/yes/yes/m/269/ll/A,bw/so/no/no/m/249/ll/U,0.54
bo/so/yes/yes/m/269/ll/A,bo/so/no/yes/m/285/ll/U,0.22
bo/so/yes/yes/m/269/ll/A,bw/st/no/no/m/203/ll/A,0.41
bo/so/yes/yes/m/269/ll/A,bw/mu/no/yes/d/455/ll/A,0.37
bo/so/yes/yes/m/269/ll/A,bw/st/yes/no/d/497/ll/A,0.42
bo/so/yes/yes/m/269/ll/A,bw/mu/yes/yes/d/437/ll/A,0.38
bo/so/yes/yes/m/269/ll/A,bw/so/no/yes/m/261/ll/U,0.65
bo/so/yes/yes/m/269/ll/A,bw/so/yes/no/m/257/ll/A,0.55
bo/so/yes/yes/m/269/ll/A,bw/st/no/no/d/491/ll/A,0.41
bo/so/yes/yes/m/269/ll/A,bo/st/yes/no/m/233/ll/A,0.5
bo/so/yes/yes/m/269/ll/A,bo/mu/no/no/d/465/ll/U,0.35
bo/so/yes/yes/m/269/ll/A,bw/mu/no/yes/d/453/ll/U,0.37
bo/so/yes/yes/m/269/ll/A,bw/so/no/no/m/251/ll/A,0.54
bo/so/yes/yes/m/269/ll/A,bo/so/yes/yes/m/269/ll/A,1.0
bo/so/yes/yes/m/269/ll/A,bo/so/yes/yes/m/267/ll/U,1.0
bo/so/yes/yes/m/269/ll/A,bw/so/yes/no/d/543/ll/U,0.55
bo/so/yes/yes/m/269/ll/A,bo/so/no/yes/d/575/ll/A,0.22
bo/so/yes/yes/m/269/ll/A,bo/st/yes/no/d/521/ll/A,0.5
bo/so/yes/yes/m/269/ll/A,bo/mu/no/yes/m/189/ll/U,0.37
bo/so/yes/yes/m/269/ll/A,bo/st/yes/no/d/519/ll/U,0.5
bo/so/yes/yes/m/269/ll/A,bo/mu/yes/yes/m/173/ll/A,0.38
bo/so/yes/yes/m/269/ll/A,bo/so/no/yes/d/573/ll/U,0.22
bo/so/yes/yes/m/269/ll/A,bw/so/yes/no/d/545/ll/A,0.55
bo/so/yes/yes/m/269/ll/A,bo/st/no/yes/d/527/ll/A,0.39
bo/so/yes/yes/m/269/ll/A,bw/mu/yes/no/m/159/ll/U,0.38
bo/so/yes/yes/m/269/ll/A,bw/mu/yes/no/m/161/ll/A,0.38
bo/so/yes/yes/m/269/ll/A,bw/st/yes/yes/m/195/ll/U,0.44
bo/so/yes/yes/m/269/ll/A,bw/so/yes/yes/d/533/ll/A,0.69
bo/so/yes/yes/m/269/ll/A,bo/so/yes/no/d/567/ll/U,0.7
bo/so/yes/yes/m/269/ll/A,bw/so/no/yes/d/551/ll/A,0.65
bo/so/yes/yes/m/269/ll/A,bo/so/yes/no/d/569/ll/A,0.7
bo/so/yes/yes/m/269/ll/A,bw/st/no/yes/d/503/ll/A,0.43
bo/so/yes/yes/m/269/ll/A,bw/mu/no/yes/m/167/ll/A,0.37
bo/so/yes/yes/m/269/ll/A,bo/so/yes/yes/d/557/ll/A,1.0
bo/so/yes/yes/m/269/ll/A,bo/so/no/no/d/561/ll/U,0.22
bo/so/yes/yes/m/269/ll/A,bw/so/yes/yes/m/245/ll/A,0.69
bo/so/yes/yes/m/269/ll/A,bo/so/no/yes/m/287/ll/A,0.22
bo/so/yes/yes/m/269/ll/A,bo/so/no/no/m/273/ll/U,0.22
bo/so/yes/yes/m/269/ll/A,bw/st/yes/yes/d/485/ll/A,0.44
bo/so/yes/yes/m/269/ll/A,bo/st/no/no/m/227/ll/A,0.4
bo/so/yes/yes/m/269/ll/A,bo/mu/yes/no/d/471/ll/U,0.39
bo/so/yes/yes/m/269/ll/A,bw/mu/yes/no/d/449/ll/A,0.38
bo/so/yes/yes/m/269/ll/A,bw/mu/yes/no/d/447/ll/U,0.38
bo/so/yes/yes/m/269/ll/A,bo/so/yes/no/m/281/ll/A,0.7
bo/so/yes/yes/m/269/ll/A,bo/so/no/no/m/275/ll/A,0.22
bo/so/yes/yes/m/269/ll/A,bw/so/yes/yes/m/243/ll/U,0.69
bo/so/yes/yes/m/269/ll/A,bo/mu/no/yes/d/479/ll/A,0.37
bo/so/yes/yes/m/269/ll/A,bw/mu/no/no/d/441/ll/U,0.36
bo/so/yes/yes/m/269/ll/A,bw/st/yes/yes/d/483/ll/U,0.44
bo/so/yes/yes/m/269/ll/A,bo/mu/no/yes/d/477/ll/U,0.37
bo/so/yes/yes/m/269/ll/A,bo/st/yes/yes/m/221/ll/A,0.47
bo/so/yes/yes/m/269/ll/A,bo/st/yes/yes/m/219/ll/U,0.47
bo/so/yes/yes/m/267/ll/U,bw/st/yes/no/m/207/ll/U,0.42
bo/so/yes/yes/m/267/ll/U,bo/st/yes/no/m/231/ll/U,0.5
bo/so/yes/yes/m/267/ll/U,bo/mu/no/no/d/467/ll/A,0.35
bo/so/yes/yes/m/267/ll/U,bw/st/yes/no/m/209/ll/A,0.42
bo/so/yes/yes/m/267/ll/U,bw/so/yes/no/m/255/ll/U,0.55
bo/so/yes/yes/m/267/ll/U,bw/mu/yes/yes/d/435/ll/U,0.38
bo/so/yes/yes/m/267/ll/U,bw/so/no/yes/m/263/ll/A,0.65
bo/so/yes/yes/m/267/ll/U,bo/mu/yes/yes/d/461/ll/A,0.38
bo/so/yes/yes/m/267/ll/U,bo/st/no/yes/m/237/ll/U,0.39
bo/so/yes/yes/m/267/ll/U,bw/st/yes/no/d/495/ll/U,0.42
bo/so/yes/yes/m/267/ll/U,bo/mu/yes/yes/d/459/ll/U,0.38
bo/so/yes/yes/m/267/ll/U,bo/st/no/yes/m/239/ll/A,0.39
bo/so/yes/yes/m/267/ll/U,bw/st/no/no/m/201/ll/U,0.41
bo/so/yes/yes/m/267/ll/U,bo/st/no/yes/d/525/ll/U,0.39
bo/so/yes/yes/m/267/ll/U,bo/mu/no/no/m/179/ll/A,0.35
bo/so/yes/yes/m/267/ll/U,bo/mu/yes/no/m/183/ll/U,0.39
bo/so/yes/yes/m/267/ll/U,bo/mu/no/no/m/177/ll/U,0.35
bo/so/yes/yes/m/267/ll/U,bo/st/no/no/d/513/ll/U,0.4
bo/so/yes/yes/m/267/ll/U,bw/so/no/yes/d/549/ll/U,0.65
bo/so/yes/yes/m/267/ll/U,bw/mu/yes/yes/m/149/ll/A,0.38
bo/so/yes/yes/m/267/ll/U,bo/mu/yes/no/m/185/ll/A,0.39
bo/so/yes/yes/m/267/ll/U,bo/st/no/no/d/515/ll/A,0.4
bo/so/yes/yes/m/267/ll/U,bo/mu/yes/yes/m/171/ll/U,0.38
bo/so/yes/yes/m/267/ll/U,bw/mu/yes/yes/m/147/ll/U,0.38
bo/so/yes/yes/m/267/ll/U,bo/so/no/no/d/563/ll/A,0.22
bo/so/yes/yes/m/267/ll/U,bo/so/yes/yes/d/555/ll/U,1.0
bo/so/yes/yes/m/267/ll/U,bw/so/no/no/d/539/ll/A,0.54
bo/so/yes/yes/m/267/ll/U,bo/mu/no/yes/m/191/ll/A,0.37
bo/so/yes/yes/m/267/ll/U,bw/st/no/yes/d/501/ll/U,0.43
bo/so/yes/yes/m/267/ll/U,bw/mu/no/yes/m/165/ll/U,0.37
bo/so/yes/yes/m/267/ll/U,bw/mu/no/no/m/153/ll/U,0.36
bo/so/yes/yes/m/267/ll/U,bw/so/no/no/d/537/ll/U,0.54
bo/so/yes/yes/m/267/ll/U,bw/so/yes/yes/d/531/ll/U,0.69
bo/so/yes/yes/m/267/ll/U,bw/mu/no/no/m/155/ll/A,0.36
bo/so/yes/yes/m/267/ll/U,bo/st/yes/yes/d/509/ll/A,0.47
bo/so/yes/yes/m/267/ll/U,bw/st/yes/yes/m/197/ll/A,0.44
bo/so/yes/yes/m/267/ll/U,bo/st/yes/yes/d/507/ll/U,0.47
bo/so/yes/yes/m/267/ll/U,bw/st/no/yes/m/215/ll/A,0.43
bo/so/yes/yes/m/267/ll/U,bw/mu/no/no/d/443/ll/A,0.36
bo/so/yes/yes/m/267/ll/U,bo/so/yes/no/m/279/ll/U,0.7
bo/so/yes/yes/m/267/ll/U,bw/st/no/no/d/489/ll/U,0.41
bo/so/yes/yes/m/267/ll/U,bw/st/no/yes/m/213/ll/U,0.43
bo/so/yes/yes/m/267/ll/U,bo/st/no/no/m/225/ll/U,0.4
bo/so/yes/yes/m/267/ll/U,bo/mu/yes/no/d/473/ll/A,0.39
bo/so/yes/yes/m/267/ll/U,bw/so/no/no/m/249/ll/U,0.54
bo/so/yes/yes/m/267/ll/U,bo/so/no/yes/m/285/ll/U,0.22
bo/so/yes/yes/m/267/ll/U,bw/st/no/no/m/203/ll/A,0.41
bo/so/yes/yes/m/267/ll/U,bw/mu/no/yes/d/455/ll/A,0.37
bo/so/yes/yes/m/267/ll/U,bw/st/yes/no/d/497/ll/A,0.42
bo/so/yes/yes/m/267/ll/U,bw/mu/yes/yes/d/437/ll/A,0.38
bo/so/yes/yes/m/267/ll/U,bw/so/no/yes/m/261/ll/U,0.65
bo/so/yes/yes/m/267/ll/U,bw/so/yes/no/m/257/ll/A,0.55
bo/so/yes/yes/m/267/ll/U,bw/st/no/no/d/491/ll/A,0.41
bo/so/yes/yes/m/267/ll/U,bo/st/yes/no/m/233/ll/A,0.5
bo/so/yes/yes/m/267/ll/U,bo/mu/no/no/d/465/ll/U,0.35
bo/so/yes/yes/m/267/ll/U,bw/mu/no/yes/d/453/ll/U,0.37
bo/so/yes/yes/m/267/ll/U,bw/so/no/no/m/251/ll/A,0.54
bo/so/yes/yes/m/267/ll/U,bo/so/yes/yes/m/269/ll/A,1.0
bo/so/yes/yes/m/267/ll/U,bo/so/yes/yes/m/267/ll/U,1.0
bo/so/yes/yes/m/267/ll/U,bw/so/yes/no/d/543/ll/U,0.55
bo/so/yes/yes/m/267/ll/U,bo/so/no/yes/d/575/ll/A,0.22
bo/so/yes/yes/m/267/ll/U,bo/st/yes/no/d/521/ll/A,0.5
bo/so/yes/yes/m/267/ll/U,bo/mu/no/yes/m/189/ll/U,0.37
bo/so/yes/yes/m/267/ll/U,bo/st/yes/no/d/519/ll/U,0.5
bo/so/yes/yes/m/267/ll/U,bo/mu/yes/yes/m/173/ll/A,0.38
bo/so/yes/yes/m/267/ll/U,bo/so/no/yes/d/573/ll/U,0.22
bo/so/yes/yes/m/267/ll/U,bw/so/yes/no/d/545/ll/A,0.55
bo/so/yes/yes/m/267/ll/U,bo/st/no/yes/d/527/ll/A,0.39
bo/so/yes/yes/m/267/ll/U,bw/mu/yes/no/m/159/ll/U,0.38
bo/so/yes/yes/m/267/ll/U,bw/mu/yes/no/m/161/ll/A,0.38
bo/so/yes/yes/m/267/ll/U,bw/st/yes/yes/m/195/ll/U,0.44
bo/so/yes/yes/m/267/ll/U,bw/so/yes/yes/d/533/ll/A,0.69
bo/so/yes/yes/m/267/ll/U,bo/so/yes/no/d/567/ll/U,0.7
bo/so/yes/yes/m/267/ll/U,bw/so/no/yes/d/551/ll/A,0.65
bo/so/yes/yes/m/267/ll/U,bo/so/yes/no/d/569/ll/A,0.7
bo/so/yes/yes/m/267/ll/U,bw/st/no/yes/d/503/ll/A,0.43
bo/so/yes/yes/m/267/ll/U,bw/mu/no/yes/m/167/ll/A,0.37
bo/so/yes/yes/m/267/ll/U,bo/so/yes/yes/d/557/ll/A,1.0
bo/so/yes/yes/m/267/ll/U,bo/so/no/no/d/561/ll/U,0.22
bo/so/yes/yes/m/267/ll/U,bw/so/yes/yes/m/245/ll/A,0.69
bo/so/yes/yes/m/267/ll/U,bo/so/no/yes/m/287/ll/A,0.22
bo/so/yes/yes/m/267/ll/U,bo/so/no/no/m/273/ll/U,0.22
bo/so/yes/yes/m/267/ll/U,bw/st/yes/yes/d/485/ll/A,0.44
bo/so/yes/yes/m/267/ll/U,bo/st/no/no/m/227/ll/A,0.4
bo/so/yes/yes/m/267/ll/U,bo/mu/yes/no/d/471/ll/U,0.39
bo/so/yes/yes/m/267/ll/U,bw/mu/yes/no/d/449/ll/A,0.38
bo/so/yes/yes/m/267/ll/U,bw/mu/yes/no/d/447/ll/U,0.38
bo/so/yes/yes/m/267/ll/U,bo/so/yes/no/m/281/ll/A,0.7
bo/so/yes/yes/m/267/ll/U,bo/so/no/no/m/275/ll/A,0.22
bo/so/yes/yes/m/267/ll/U,bw/so/yes/yes/m/243/ll/U,0.69
bo/so/yes/yes/m/267/ll/U,bo/mu/no/yes/d/479/ll/A,0.37
bo/so/yes/yes/m/267/ll/U,bw/mu/no/no/d/441/ll/U,0.36
bo/so/yes/yes/m/267/ll/U,bw/st/yes/yes/d/483/ll/U,0.44
bo/so/yes/yes/m/267/ll/U,bo/mu/no/yes/d/477/ll/U,0.37
bo/so/yes/yes/m/267/ll/U,bo/st/yes/yes/m/221/ll/A,0.47
bo/so/yes/yes/m/267/ll/U,bo/st/yes/yes/m/219/ll/U,0.47
bw/so/yes/no/d/543/ll/U,bw/st/yes/no/m/207/ll/U,0.38
bw/so/yes/no/d/543/ll/U,bo/st/yes/no/m/231/ll/U,0.37
bw/so/yes/no/d/543/ll/U,bo/mu/no/no/d/467/ll/A,0.26
bw/so/yes/no/d/543/ll/U,bw/st/yes/no/m/209/ll/A,0.38
bw/so/yes/no/d/543/ll/U,bw/so/yes/no/m/255/ll/U,1.0
bw/so/yes/no/d/543/ll/U,bw/mu/yes/yes/d/435/ll/U,0.29
bw/so/yes/no/d/543/ll/U,bw/so/no/yes/m/263/ll/A,0.72
bw/so/yes/no/d/543/ll/U,bo/mu/yes/yes/d/461/ll/A,0.28
bw/so/yes/no/d/543/ll/U,bo/st/no/yes/m/237/ll/U,0.27
bw/so/yes/no/d/543/ll/U,bw/st/yes/no/d/495/ll/U,0.38
bw/so/yes/no/d/543/ll/U,bo/mu/yes/yes/d/459/ll/U,0.28
bw/so/yes/no/d/543/ll/U,bo/st/no/yes/m/239/ll/A,0.27
bw/so/yes/no/d/543/ll/U,bw/st/no/no/m/201/ll/U,0.37
bw/so/yes/no/d/543/ll/U,bo/st/no/yes/d/525/ll/U,0.27
bw/so/yes/no/d/543/ll/U,bo/mu/no/no/m/179/ll/A,0.26
bw/so/yes/no/d/543/ll/U,bo/mu/yes/no/m/183/ll/U,0.28
bw/so/yes/no/d/543/ll/U,bo/mu/no/no/m/177/ll/U,0.26
bw/so/yes/no/d/543/ll/U,bo/st/no/no/d/513/ll/U,0.3
bw/so/yes/no/d/543/ll/U,bw/so/no/yes/d/549/ll/U,0.72
bw/so/yes/no/d/543/ll/U,bw/mu/yes/yes/m/149/ll/A,0.29
bw/so/yes/no/d/543/ll/U,bo/mu/yes/no/m/185/ll/A,0.28
bw/so/yes/no/d/543/ll/U,bo/st/no/no/d/515/ll/A,0.3
bw/so/yes/no/d/543/ll/U,bo/mu/yes/yes/m/171/ll/U,0.28
bw/so/yes/no/d/543/ll/U,bw/mu/yes/yes/m/147/ll/U,0.29
bw/so/yes/no/d/543/ll/U,bo/so/no/no/d/563/ll/A,0.21
bw/so/yes/no/d/543/ll/U,bo/so/yes/yes/d/555/ll/U,0.55
bw/so/yes/no/d/543/ll/U,bw/so/no/no/d/539/ll/A,0.87
bw/so/yes/no/d/543/ll/U,bo/mu/no/yes/m/191/ll/A,0.27
bw/so/yes/no/d/543/ll/U,bw/st/no/yes/d/501/ll/U,0.38
bw/so/yes/no/d/543/ll/U,bw/mu/no/yes/m/165/ll/U,0.29
bw/so/yes/no/d/543/ll/U,bw/mu/no/no/m/153/ll/U,0.28
bw/so/yes/no/d/543/ll/U,bw/so/no/no/d/537/ll/U,0.87
bw/so/yes/no/d/543/ll/U,bw/so/yes/yes/d/531/ll/U,0.76
bw/so/yes/no/d/543/ll/U,bw/mu/no/no/m/155/ll/A,0.28
bw/so/yes/no/d/543/ll/U,bo/st/yes/yes/d/509/ll/A,0.34
bw/so/yes/no/d/543/ll/U,bw/st/yes/yes/m/197/ll/A,0.39
bw/so/yes/no/d/543/ll/U,bo/st/yes/yes/d/507/ll/U,0.34
bw/so/yes/no/d/543/ll/U,bw/st/no/yes/m/215/ll/A,0.38
bw/so/yes/no/d/543/ll/U,bw/mu/no/no/d/443/ll/A,0.28
bw/so/yes/no/d/543/ll/U,bo/so/yes/no/m/279/ll/U,0.75
bw/so/yes/no/d/543/ll/U,bw/st/no/no/d/489/ll/U,0.37
bw/so/yes/no/d/543/ll/U,bw/st/no/yes/m/213/ll/U,0.38
bw/so/yes/no/d/543/ll/U,bo/st/no/no/m/225/ll/U,0.3
bw/so/yes/no/d/543/ll/U,bo/mu/yes/no/d/473/ll/A,0.28
bw/so/yes/no/d/543/ll/U,bw/so/no/no/m/249/ll/U,0.87
bw/so/yes/no/d/543/ll/U,bo/so/no/yes/m/285/ll/U,0.16
bw/so/yes/no/d/543/ll/U,bw/st/no/no/m/203/ll/A,0.37
bw/so/yes/no/d/543/ll/U,bw/mu/no/yes/d/455/ll/A,0.29
bw/so/yes/no/d/543/ll/U,bw/st/yes/no/d/497/ll/A,0.38
bw/so/yes/no/d/543/ll/U,bw/mu/yes/yes/d/437/ll/A,0.29
bw/so/yes/no/d/543/ll/U,bw/so/no/yes/m/261/ll/U,0.72
bw/so/yes/no/d/543/ll/U,bw/so/yes/no/m/257/ll/A,1.0
bw/so/yes/no/d/543/ll/U,bw/st/no/no/d/491/ll/A,0.37
bw/so/yes/no/d/543/ll/U,bo/st/yes/no/m/233/ll/A,0.37
bw/so/yes/no/d/543/ll/U,bo/mu/no/no/d/465/ll/U,0.26
bw/so/yes/no/d/543/ll/U,bw/mu/no/yes/d/453/ll/U,0.29
bw/so/yes/no/d/543/ll/U,bw/so/no/no/m/251/ll/A,0.87
bw/so/yes/no/d/543/ll/U,bo/so/yes/yes/m/269/ll/A,0.55
bw/so/yes/no/d/543/ll/U,bo/so/yes/yes/m/267/ll/U,0.55
bw/so/yes/no/d/543/ll/U,bw/so/yes/no/d/543/ll/U,1.0
bw/so/yes/no/d/543/ll/U,bo/so/no/yes/d/575/ll/A,0.16
bw/so/yes/no/d/543/ll/U,bo/st/yes/no/d/521/ll/A,0.37
bw/so/yes/no/d/543/ll/U,bo/mu/no/yes/m/189/ll/U,0.27
bw/so/yes/no/d/543/ll/U,bo/st/yes/no/d/519/ll/U,0.37
bw/so/yes/no/d/543/ll/U,bo/mu/yes/yes/m/173/ll/A,0.28
bw/so/yes/no/d/543/ll/U,bo/so/no/yes/d/573/ll/U,0.16
bw/so/yes/no/d/543/ll/U,bw/so/yes/no/d/545/ll/A,1.0
bw/so/yes/no/d/543/ll/U,bo/st/no/yes/d/527/ll/A,0.27
bw/so/yes/no/d/543/ll/U,bw/mu/yes/no/m/159/ll/U,0.29
bw/so/yes/no/d/543/ll/U,bw/mu/yes/no/m/161/ll/A,0.29
bw/so/yes/no/d/543/ll/U,bw/st/yes/yes/m/195/ll/U,0.39
bw/so/yes/no/d/543/ll/U,bw/so/yes/yes/d/533/ll/A,0.76
bw/so/yes/no/d/543/ll/U,bo/so/yes/no/d/567/ll/U,0.75
bw/so/yes/no/d/543/ll/U,bw/so/no/yes/d/551/ll/A,0.72
bw/so/yes/no/d/543/ll/U,bo/so/yes/no/d/569/ll/A,0.75
bw/so/yes/no/d/543/ll/U,bw/st/no/yes/d/503/ll/A,0.38
bw/so/yes/no/d/543/ll/U,bw/mu/no/yes/m/167/ll/A,0.29
bw/so/yes/no/d/543/ll/U,bo/so/yes/yes/d/557/ll/A,0.55
bw/so/yes/no/d/543/ll/U,bo/so/no/no/d/561/ll/U,0.21
bw/so/yes/no/d/543/ll/U,bw/so/yes/yes/m/245/ll/A,0.76
bw/so/yes/no/d/543/ll/U,bo/so/no/yes/m/287/ll/A,0.16
bw/so/yes/no/d/543/ll/U,bo/so/no/no/m/273/ll/U,0.21
bw/so/yes/no/d/543/ll/U,bw/st/yes/yes/d/485/ll/A,0.39
bw/so/yes/no/d/543/ll/U,bo/st/no/no/m/227/ll/A,0.3
bw/so/yes/no/d/543/ll/U,bo/mu/yes/no/d/471/ll/U,0.28
bw/so/yes/no/d/543/ll/U,bw/mu/yes/no/d/449/ll/A,0.29
bw/so/yes/no/d/543/ll/U,bw/mu/yes/no/d/447/ll/U,0.29
bw/so/yes/no/d/543/ll/U,bo/so/yes/no/m/281/ll/A,0.75
bw/so/yes/no/d/543/ll/U,bo/so/no/no/m/275/ll/A,0.21
bw/so/yes/no/d/543/ll/U,bw/so/yes/yes/m/243/ll/U,0.76
bw/so/yes/no/d/543/ll/U,bo/mu/no/yes/d/479/ll/A,0.27
bw/so/yes/no/d/543/ll/U,bw/mu/no/no/d/441/ll/U,0.28
bw/so/yes/no/d/543/ll/U,bw/st/yes/yes/d/483/ll/U,0.39
bw/so/yes/no/d/543/ll/U,bo/mu/no/yes/d/477/ll/U,0.27
bw/so/yes/no/d/543/ll/U,bo/st/yes/yes/m/221/ll/A,0.34
bw/so/yes/no/d/543/ll/U,bo/st/yes/yes/m/219/ll/U,0.34
bo/so/no/yes/d/575/ll/A,bw/st/yes/no/m/207/ll/U,0.11
bo/so/no/yes/d/575/ll/A,bo/st/yes/no/m/231/ll/U,0.13
bo/so/no/yes/d/575/ll/A,bo/mu/no/no/d/467/ll/A,0.09
bo/so/no/yes/d/575/ll/A,bw/st/yes/no/m/209/ll/A,0.11
bo/so/no/yes/d/575/ll/A,bw/so/yes/no/m/255/ll/U,0.16
bo/so/no/yes/d/575/ll/A,bw/mu/yes/yes/d/435/ll/U,0.09
bo/so/no/yes/d/575/ll/A,bw/so/no/yes/m/263/ll/A,0.18
bo/so/no/yes/d/575/ll/A,bo/mu/yes/yes/d/461/ll/A,0.09
bo/so/no/yes/d/575/ll/A,bo/st/no/yes/m/237/ll/U,0.12
bo/so/no/yes/d/575/ll/A,bw/st/yes/no/d/495/ll/U,0.11
bo/so/no/yes/d/575/ll/A,bo/mu/yes/yes/d/459/ll/U,0.09
bo/so/no/yes/d/575/ll/A,bo/st/no/yes/m/239/ll/A,0.12
bo/so/no/yes/d/575/ll/A,bw/st/no/no/m/201/ll/U,0.11
bo/so/no/yes/d/575/ll/A,bo/st/no/yes/d/525/ll/U,0.12
bo/so/no/yes/d/575/ll/A,bo/mu/no/no/m/179/ll/A,0.09
bo/so/no/yes/d/575/ll/A,bo/mu/yes/no/m/183/ll/U,0.09
bo/so/no/yes/d/575/ll/A,bo/mu/no/no/m/177/ll/U,0.09
bo/so/no/yes/d/575/ll/A,bo/st/no/no/d/513/ll/U,0.12
bo/so/no/yes/d/575/ll/A,bw/so/no/yes/d/549/ll/U,0.18
bo/so/no/yes/d/575/ll/A,bw/mu/yes/yes/m/149/ll/A,0.09
bo/so/no/yes/d/575/ll/A,bo/mu/yes/no/m/185/ll/A,0.09
bo/so/no/yes/d/575/ll/A,bo/st/no/no/d/515/ll/A,0.12
bo/so/no/yes/d/575/ll/A,bo/mu/yes/yes/m/171/ll/U,0.09
bo/so/no/yes/d/575/ll/A,bw/mu/yes/yes/m/147/ll/U,0.09
bo/so/no/yes/d/575/ll/A,bo/so/no/no/d/563/ll/A,0.59
bo/so/no/yes/d/575/ll/A,bo/so/yes/yes/d/555/ll/U,0.22
bo/so/no/yes/d/575/ll/A,bw/so/no/no/d/539/ll/A,0.16
bo/so/no/yes/d/575/ll/A,bo/mu/no/yes/m/191/ll/A,0.09
bo/so/no/yes/d/575/ll/A,bw/st/no/yes/d/501/ll/U,0.12
bo/so/no/yes/d/575/ll/A,bw/mu/no/yes/m/165/ll/U,0.09
bo/so/no/yes/d/575/ll/A,bw/mu/no/no/m/153/ll/U,0.08
bo/so/no/yes/d/575/ll/A,bw/so/no/no/d/537/ll/U,0.16
bo/so/no/yes/d/575/ll/A,bw/so/yes/yes/d/531/ll/U,0.17
bo/so/no/yes/d/575/ll/A,bw/mu/no/no/m/155/ll/A,0.08
bo/so/no/yes/d/575/ll/A,bo/st/yes/yes/d/509/ll/A,0.13
bo/so/no/yes/d/575/ll/A,bw/st/yes/yes/m/197/ll/A,0.11
bo/so/no/yes/d/575/ll/A,bo/st/yes/yes/d/507/ll/U,0.13
bo/so/no/yes/d/575/ll/A,bw/st/no/yes/m/215/ll/A,0.12
bo/so/no/yes/d/575/ll/A,bw/mu/no/no/d/443/ll/A,0.08
bo/so/no/yes/d/575/ll/A,bo/so/yes/no/m/279/ll/U,0.18
bo/so/no/yes/d/575/ll/A,bw/st/no/no/d/489/ll/U,0.11
bo/so/no/yes/d/575/ll/A,bw/st/no/yes/m/213/ll/U,0.12
bo/so/no/yes/d/575/ll/A,bo/st/no/no/m/225/ll/U,0.12
bo/so/no/yes/d/575/ll/A,bo/mu/yes/no/d/473/ll/A,0.09
bo/so/no/yes/d/575/ll/A,bw/so/no/no/m/249/ll/U,0.16
bo/so/no/yes/d/575/ll/A,bo/so/no/yes/m/285/ll/U,1.0
bo/so/no/yes/d/575/ll/A,bw/st/no/no/m/203/ll/A,0.11
bo/so/no/yes/d/575/ll/A,bw/mu/no/yes/d/455/ll/A,0.09
bo/so/no/yes/d/575/ll/A,bw/st/yes/no/d/497/ll/A,0.11
bo/so/no/yes/d/575/ll/A,bw/mu/yes/yes/d/437/ll/A,0.09
bo/so/no/yes/d/575/ll/A,bw/so/no/yes/m/261/ll/U,0.18
bo/so/no/yes/d/575/ll/A,bw/so/yes/no/m/257/ll/A,0.16
bo/so/no/yes/d/575/ll/A,bw/st/no/no/d/491/ll/A,0.11
bo/so/no/yes/d/575/ll/A,bo/st/yes/no/m/233/ll/A,0.13
bo/so/no/yes/d/575/ll/A,bo/mu/no/no/d/465/ll/U,0.09
bo/so/no/yes/d/575/ll/A,bw/mu/no/yes/d/453/ll/U,0.09
bo/so/no/yes/d/575/ll/A,bw/so/no/no/m/251/ll/A,0.16
bo/so/no/yes/d/575/ll/A,bo/so/yes/yes/m/269/ll/A,0.22
bo/so/no/yes/d/575/ll/A,bo/so/yes/yes/m/267/ll/U,0.22
bo/so/no/yes/d/575/ll/A,bw/so/yes/no/d/543/ll/U,0.16
bo/so/no/yes/d/575/ll/A,bo/so/no/yes/d/575/ll/A,1.0
bo/so/no/yes/d/575/ll/A,bo/st/yes/no/d/521/ll/A,0.13
bo/so/no/yes/d/575/ll/A,bo/mu/no/yes/m/189/ll/U,0.09
bo/so/no/yes/d/575/ll/A,bo/st/yes/no/d/519/ll/U,0.13
bo/so/no/yes/d/575/ll/A,bo/mu/yes/yes/m/173/ll/A,0.09
bo/so/no/yes/d/575/ll/A,bo/so/no/yes/d/573/ll/U,1.0
bo/so/no/yes/d/575/ll/A,bw/so/yes/no/d/545/ll/A,0.16
bo/so/no/yes/d/575/ll/A,bo/st/no/yes/d/527/ll/A,0.12
bo/so/no/yes/d/575/ll/A,bw/mu/yes/no/m/159/ll/U,0.09
bo/so/no/yes/d/575/ll/A,bw/mu/yes/no/m/161/ll/A,0.09
bo/so/no/yes/d/575/ll/A,bw/st/yes/yes/m/195/ll/U,0.11
bo/so/no/yes/d/575/ll/A,bw/so/yes/yes/d/533/ll/A,0.17
bo/so/no/yes/d/575/ll/A,bo/so/yes/no/d/567/ll/U,0.18
bo/so/no/yes/d/575/ll/A,bw/so/no/yes/d/551/ll/A,0.18
bo/so/no/yes/d/575/ll/A,bo/so/yes/no/d/569/ll/A,0.18
bo/so/no/yes/d/575/ll/A,bw/st/no/yes/d/503/ll/A,0.12
bo/so/no/yes/d/575/ll/A,bw/mu/no/yes/m/167/ll/A,0.09
bo/so/no/yes/d/575/ll/A,bo/so/yes/yes/d/557/ll/A,0.22
bo/so/no/yes/d/575/ll/A,bo/so/no/no/d/561/ll/U,0.59
bo/so/no/yes/d/575/ll/A,bw/so/yes/yes/m/245/ll/A,0.17
bo/so/no/yes/d/575/ll/A,bo/so/no/yes/m/287/ll/A,1.0
bo/so/no/yes/d/575/ll/A,bo/so/no/no/m/273/ll/U,0.59
bo/so/no/yes/d/575/ll/A,bw/st/yes/yes/d/485/ll/A,0.11
bo/so/no/yes/d/575/ll/A,bo/st/no/no/m/227/ll/A,0.12
bo/so/no/yes/d/575/ll/A,bo/mu/yes/no/d/471/ll/U,0.09
bo/so/no/yes/d/575/ll/A,bw/mu/yes/no/d/449/ll/A,0.09
bo/so/no/yes/d/575/ll/A,bw/mu/yes/no/d/447/ll/U,0.09
bo/so/no/yes/d/575/ll/A,bo/so/yes/no/m/281/ll/A,0.18
bo/so/no/yes/d/575/ll/A,bo/so/no/no/m/275/ll/A,0.59
bo/so/no/yes/d/575/ll/A,bw/so/yes/yes/m/243/ll/U,0.17
bo/so/no/yes/d/575/ll/A,bo/mu/no/yes/d/479/ll/A,0.09
bo/so/no/yes/d/575/ll/A,bw/mu/no/no/d/441/ll/U,0.08
bo/so/no/yes/d/575/ll/A,bw/st/yes/yes/d/483/ll/U,0.11
bo/so/no/yes/d/575/ll/A,bo/mu/no/yes/d/477/ll/U,0.09
bo/so/no/yes/d/575/ll/A,bo/st/yes/yes/m/221/ll/A,0.13
bo/so/no/yes/d/575/ll/A,bo/st/yes/yes/m/219/ll/U,0.13
bo/st/yes/no/d/521/ll/A,bw/st/yes/no/m/207/ll/U,0.55
bo/st/yes/no/d/521/ll/A,bo/st/yes/no/m/231/ll/U,1.0
bo/st/yes/no/d/521/ll/A,bo/mu/no/no/d/467/ll/A,0.5
bo/st/yes/no/d/521/ll/A,bw/st/yes/no/m/209/ll/A,0.55
bo/st/yes/no/d/521/ll/A,bw/so/yes/no/m/255/ll/U,0.37
bo/st/yes/no/d/521/ll/A,bw/mu/yes/yes/d/435/ll/U,0.57
bo/st/yes/no/d/521/ll/A,bw/so/no/yes/m/263/ll/A,0.44
bo/st/yes/no/d/521/ll/A,bo/mu/yes/yes/d/461/ll/A,0.55
bo/st/yes/no/d/521/ll/A,bo/st/no/yes/m/237/ll/U,0.58
bo/st/yes/no/d/521/ll/A,bw/st/yes/no/d/495/ll/U,0.55
bo/st/yes/no/d/521/ll/A,bo/mu/yes/yes/d/459/ll/U,0.55
bo/st/yes/no/d/521/ll/A,bo/st/no/yes/m/239/ll/A,0.58
bo/st/yes/no/d/521/ll/A,bw/st/no/no/m/201/ll/U,0.54
bo/st/yes/no/d/521/ll/A,bo/st/no/yes/d/525/ll/U,0.58
bo/st/yes/no/d/521/ll/A,bo/mu/no/no/m/179/ll/A,0.5
bo/st/yes/no/d/521/ll/A,bo/mu/yes/no/m/183/ll/U,0.56
bo/st/yes/no/d/521/ll/A,bo/mu/no/no/m/177/ll/U,0.5
bo/st/yes/no/d/521/ll/A,bo/st/no/no/d/513/ll/U,0.59
bo/st/yes/no/d/521/ll/A,bw/so/no/yes/d/549/ll/U,0.44
bo/st/yes/no/d/521/ll/A,bw/mu/yes/yes/m/149/ll/A,0.57
bo/st/yes/no/d/521/ll/A,bo/mu/yes/no/m/185/ll/A,0.56
bo/st/yes/no/d/521/ll/A,bo/st/no/no/d/515/ll/A,0.59
bo/st/yes/no/d/521/ll/A,bo/mu/yes/yes/m/171/ll/U,0.55
bo/st/yes/no/d/521/ll/A,bw/mu/yes/yes/m/147/ll/U,0.57
bo/st/yes/no/d/521/ll/A,bo/so/no/no/d/563/ll/A,0.13
bo/st/yes/no/d/521/ll/A,bo/so/yes/yes/d/555/ll/U,0.5
bo/st/yes/no/d/521/ll/A,bw/so/no/no/d/539/ll/A,0.37
bo/st/yes/no/d/521/ll/A,bo/mu/no/yes/m/191/ll/A,0.53
bo/st/yes/no/d/521/ll/A,bw/st/no/yes/d/501/ll/U,0.6
bo/st/yes/no/d/521/ll/A,bw/mu/no/yes/m/165/ll/U,0.54
bo/st/yes/no/d/521/ll/A,bw/mu/no/no/m/153/ll/U,0.52
bo/st/yes/no/d/521/ll/A,bw/so/no/no/d/537/ll/U,0.37
bo/st/yes/no/d/521/ll/A,bw/so/yes/yes/d/531/ll/U,0.44
bo/st/yes/no/d/521/ll/A,bw/mu/no/no/m/155/ll/A,0.52
bo/st/yes/no/d/521/ll/A,bo/st/yes/yes/d/509/ll/A,0.89
bo/st/yes/no/d/521/ll/A,bw/st/yes/yes/m/197/ll/A,0.62
bo/st/yes/no/d/521/ll/A,bo/st/yes/yes/d/507/ll/U,0.89
bo/st/yes/no/d/521/ll/A,bw/st/no/yes/m/215/ll/A,0.6
bo/st/yes/no/d/521/ll/A,bw/mu/no/no/d/443/ll/A,0.52
bo/st/yes/no/d/521/ll/A,bo/so/yes/no/m/279/ll/U,0.4
bo/st/yes/no/d/521/ll/A,bw/st/no/no/d/489/ll/U,0.54
bo/st/yes/no/d/521/ll/A,bw/st/no/yes/m/213/ll/U,0.6
bo/st/yes/no/d/521/ll/A,bo/st/no/no/m/225/ll/U,0.59
bo/st/yes/no/d/521/ll/A,bo/mu/yes/no/d/473/ll/A,0.56
bo/st/yes/no/d/521/ll/A,bw/so/no/no/m/249/ll/U,0.37
bo/st/yes/no/d/521/ll/A,bo/so/no/yes/m/285/ll/U,0.13
bo/st/yes/no/d/521/ll/A,bw/st/no/no/m/203/ll/A,0.54
bo/st/yes/no/d/521/ll/A,bw/mu/no/yes/d/455/ll/A,0.54
bo/st/yes/no/d/521/ll/A,bw/st/yes/no/d/497/ll/A,0.55
bo/st/yes/no/d/521/ll/A,bw/mu/yes/yes/d/437/ll/A,0.57
bo/st/yes/no/d/521/ll/A,bw/so/no/yes/m/261/ll/U,0.44
bo/st/yes/no/d/521/ll/A,bw/so/yes/no/m/257/ll/A,0.37
bo/st/yes/no/d/521/ll/A,bw/st/no/no/d/491/ll/A,0.54
bo/st/yes/no/d/521/ll/A,bo/st/yes/no/m/233/ll/A,1.0
bo/st/yes/no/d/521/ll/A,bo/mu/no/no/d/465/ll/U,0.5
bo/st/yes/no/d/521/ll/A,bw/mu/no/yes/d/453/ll/U,0.54
bo/st/yes/no/d/521/ll/A,bw/so/no/no/m/251/ll/A,0.37
bo/st/yes/no/d/521/ll/A,bo/so/yes/yes/m/269/ll/A,0.5
bo/st/yes/no/d/521/ll/A,bo/so/yes/yes/m/267/ll/U,0.5
bo/st/yes/no/d/521/ll/A,bw/so/yes/no/d/543/ll/U,0.37
bo/st/yes/no/d/521/ll/A,bo/so/no/yes/d/575/ll/A,0.13
bo/st/yes/no/d/521/ll/A,bo/st/yes/no/d/521/ll/A,1.0
bo/st/yes/no/d/521/ll/A,bo/mu/no/yes/m/189/ll/U,0.53
bo/st/yes/no/d/521/ll/A,bo/st/yes/no/d/519/ll/U,1.0
bo/st/yes/no/d/521/ll/A,bo/mu/yes/yes/m/173/ll/A,0.55
bo/st/yes/no/d/521/ll/A,bo/so/no/yes/d/573/ll/U,0.13
bo/st/yes/no/d/521/ll/A,bw/so/yes/no/d/545/ll/A,0.37
bo/st/yes/no/d/521/ll/A,bo/st/no/yes/d/527/ll/A,0.58
bo/st/yes/no/d/521/ll/A,bw/mu/yes/no/m/159/ll/U,0.56
bo/st/yes/no/d/521/ll/A,bw/mu/yes/no/m/161/ll/A,0.56
bo/st/yes/no/d/521/ll/A,bw/st/yes/yes/m/195/ll/U,0.62
bo/st/yes/no/d/521/ll/A,bw/so/yes/yes/d/533/ll/A,0.44
bo/st/yes/no/d/521/ll/A,bo/so/yes/no/d/567/ll/U,0.4
bo/st/yes/no/d/521/ll/A,bw/so/no/yes/d/551/ll/A,0.44
bo/st/yes/no/d/521/ll/A,bo/so/yes/no/d/569/ll/A,0.4
bo/st/yes/no/d/521/ll/A,bw/st/no/yes/d/503/ll/A,0.6
bo/st/yes/no/d/521/ll/A,bw/mu/no/yes/m/167/ll/A,0.54
bo/st/yes/no/d/521/ll/A,bo/so/yes/yes/d/557/ll/A,0.5
bo/st/yes/no/d/521/ll/A,bo/so/no/no/d/561/ll/U,0.13
bo/st/yes/no/d/521/ll/A,bw/so/yes/yes/m/245/ll/A,0.44
bo/st/yes/no/d/521/ll/A,bo/so/no/yes/m/287/ll/A,0.13
bo/st/yes/no/d/521/ll/A,bo/so/no/no/m/273/ll/U,0.13
bo/st/yes/no/d/521/ll/A,bw/st/yes/yes/d/485/ll/A,0.62
bo/st/yes/no/d/521/ll/A,bo/st/no/no/m/227/ll/A,0.59
bo/st/yes/no/d/521/ll/A,bo/mu/yes/no/d/471/ll/U,0.56
bo/st/yes/no/d/521/ll/A,bw/mu/yes/no/d/449/ll/A,0.56
bo/st/yes/no/d/521/ll/A,bw/mu/yes/no/d/447/ll/U,0.56
bo/st/yes/no/d/521/ll/A,bo/so/yes/no/m/281/ll/A,0.4
bo/st/yes/no/d/521/ll/A,bo/so/no/no/m/275/ll/A,0.13
bo/st/yes/no/d/521/ll/A,bw/so/yes/yes/m/243/ll/U,0.44
bo/st/yes/no/d/521/ll/A,bo/mu/no/yes/d/479/ll/A,0.53
bo/st/yes/no/d/521/ll/A,bw/mu/no/no/d/441/ll/U,0.52
bo/st/yes/no/d/521/ll/A,bw/st/yes/yes/d/483/ll/U,0.62
bo/st/yes/no/d/521/ll/A,bo/mu/no/yes/d/477/ll/U,0.53
bo/st/yes/no/d/521/ll/A,bo/st/yes/yes/m/221/ll/A,0.89
bo/st/yes/no/d/521/ll/A,bo/st/yes/yes/m/219/ll/U,0.89
bo/mu/no/yes/m/189/ll/U,bw/st/yes/no/m/207/ll/U,0.39
bo/mu/no/yes/m/189/ll/U,bo/st/yes/no/m/231/ll/U,0.53
bo/mu/no/yes/m/189/ll/U,bo/mu/no/no/d/467/ll/A,0.87
bo/mu/no/yes/m/189/ll/U,bw/st/yes/no/m/209/ll/A,0.39
bo/mu/no/yes/m/189/ll/U,bw/so/yes/no/m/255/ll/U,0.27
bo/mu/no/yes/m/189/ll/U,bw/mu/yes/yes/d/435/ll/U,0.8
bo/mu/no/yes/m/189/ll/U,bw/so/no/yes/m/263/ll/A,0.32
bo/mu/no/yes/m/189/ll/U,bo/mu/yes/yes/d/461/ll/A,0.85
bo/mu/no/yes/m/189/ll/U,bo/st/no/yes/m/237/ll/U,0.64
bo/mu/no/yes/m/189/ll/U,bw/st/yes/no/d/495/ll/U,0.39
bo/mu/no/yes/m/189/ll/U,bo/mu/yes/yes/d/459/ll/U,0.85
bo/mu/no/yes/m/189/ll/U,bo/st/no/yes/m/239/ll/A,0.64
bo/mu/no/yes/m/189/ll/U,bw/st/no/no/m/201/ll/U,0.4
bo/mu/no/yes/m/189/ll/U,bo/st/no/yes/d/525/ll/U,0.64
bo/mu/no/yes/m/189/ll/U,bo/mu/no/no/m/179/ll/A,0.87
bo/mu/no/yes/m/189/ll/U,bo/mu/yes/no/m/183/ll/U,0.83
bo/mu/no/yes/m/189/ll/U,bo/mu/no/no/m/177/ll/U,0.87
bo/mu/no/yes/m/189/ll/U,bo/st/no/no/d/513/ll/U,0.59
bo/mu/no/yes/m/189/ll/U,bw/so/no/yes/d/549/ll/U,0.32
bo/mu/no/yes/m/189/ll/U,bw/mu/yes/yes/m/149/ll/A,0.8
bo/mu/no/yes/m/189/ll/U,bo/mu/yes/no/m/185/ll/A,0.83
bo/mu/no/yes/m/189/ll/U,bo/st/no/no/d/515/ll/A,0.59
bo/mu/no/yes/m/189/ll/U,bo/mu/yes/yes/m/171/ll/U,0.85
bo/mu/no/yes/m/189/ll/U,bw/mu/yes/yes/m/147/ll/U,0.8
bo/mu/no/yes/m/189/ll/U,bo/so/no/no/d/563/ll/A,0.08
bo/mu/no/yes/m/189/ll/U,bo/so/yes/yes/d/555/ll/U,0.37
bo/mu/no/yes/m/189/ll/U,bw/so/no/no/d/539/ll/A,0.27
bo/mu/no/yes/m/189/ll/U,bo/mu/no/yes/m/191/ll/A,1.0
bo/mu/no/yes/m/189/ll/U,bw/st/no/yes/d/501/ll/U,0.44
bo/mu/no/yes/m/189/ll/U,bw/mu/no/yes/m/165/ll/U,0.76
bo/mu/no/yes/m/189/ll/U,bw/mu/no/no/m/153/ll/U,0.74
bo/mu/no/yes/m/189/ll/U,bw/so/no/no/d/537/ll/U,0.27
bo/mu/no/yes/m/189/ll/U,bw/so/yes/yes/d/531/ll/U,0.32
bo/mu/no/yes/m/189/ll/U,bw/mu/no/no/m/155/ll/A,0.74
bo/mu/no/yes/m/189/ll/U,bo/st/yes/yes/d/509/ll/A,0.58
bo/mu/no/yes/m/189/ll/U,bw/st/yes/yes/m/197/ll/A,0.43
bo/mu/no/yes/m/189/ll/U,bo/st/yes/yes/d/507/ll/U,0.58
bo/mu/no/yes/m/189/ll/U,bw/st/no/yes/m/215/ll/A,0.44
bo/mu/no/yes/m/189/ll/U,bw/mu/no/no/d/443/ll/A,0.74
bo/mu/no/yes/m/189/ll/U,bo/so/yes/no/m/279/ll/U,0.28
bo/mu/no/yes/m/189/ll/U,bw/st/no/no/d/489/ll/U,0.4
bo/mu/no/yes/m/189/ll/U,bw/st/no/yes/m/213/ll/U,0.44
bo/mu/no/yes/m/189/ll/U,bo/st/no/no/m/225/ll/U,0.59
bo/mu/no/yes/m/189/ll/U,bo/mu/yes/no/d/473/ll/A,0.83
bo/mu/no/yes/m/189/ll/U,bw/so/no/no/m/249/ll/U,0.27
bo/mu/no/yes/m/189/ll/U,bo/so/no/yes/m/285/ll/U,0.09
bo/mu/no/yes/m/189/ll/U,bw/st/no/no/m/203/ll/A,0.4
bo/mu/no/yes/m/189/ll/U,bw/mu/no/yes/d/455/ll/A,0.76
bo/mu/no/yes/m/189/ll/U,bw/st/yes/no/d/497/ll/A,0.39
bo/mu/no/yes/m/189/ll/U,bw/mu/yes/yes/d/437/ll/A,0.8
bo/mu/no/yes/m/189/ll/U,bw/so/no/yes/m/261/ll/U,0.32
bo/mu/no/yes/m/189/ll/U,bw/so/yes/no/m/257/ll/A,0.27
bo/mu/no/yes/m/189/ll/U,bw/st/no/no/d/491/ll/A,0.4
bo/mu/no/yes/m/189/ll/U,bo/st/yes/no/m/233/ll/A,0.53
bo/mu/no/yes/m/189/ll/U,bo/mu/no/no/d/465/ll/U,0.87
bo/mu/no/yes/m/189/ll/U,bw/mu/no/yes/d/453/ll/U,0.76
bo/mu/no/yes/m/189/ll/U,bw/so/no/no/m/251/ll/A,0.27
bo/mu/no/yes/m/189/ll/U,bo/so/yes/yes/m/269/ll/A,0.37
bo/mu/no/yes/m/189/ll/U,bo/so/yes/yes/m/267/ll/U,0.37
bo/mu/no/yes/m/189/ll/U,bw/so/yes/no/d/543/ll/U,0.27
bo/mu/no/yes/m/189/ll/U,bo/so/no/yes/d/575/ll/A,0.09
bo/mu/no/yes/m/189/ll/U,bo/st/yes/no/d/521/ll/A,0.53
bo/mu/no/yes/m/189/ll/U,bo/mu/no/yes/m/189/ll/U,1.0
bo/mu/no/yes/m/189/ll/U,bo/st/yes/no/d/519/ll/U,0.53
bo/mu/no/yes/m/189/ll/U,bo/mu/yes/yes/m/173/ll/A,0.85
bo/mu/no/yes/m/189/ll/U,bo/so/no/yes/d/573/ll/U,0.09
bo/mu/no/yes/m/189/ll/U,bw/so/yes/no/d/545/ll/A,0.27
bo/mu/no/yes/m/189/ll/U,bo/st/no/yes/d/527/ll/A,0.64
bo/mu/no/yes/m/189/ll/U,bw/mu/yes/no/m/159/ll/U,0.8
bo/mu/no/yes/m/189/ll/U,bw/mu/yes/no/m/161/ll/A,0.8
bo/mu/no/yes/m/189/ll/U,bw/st/yes/yes/m/195/ll/U,0.43
bo/mu/no/yes/m/189/ll/U,bw/so/yes/yes/d/533/ll/A,0.32
bo/mu/no/yes/m/189/ll/U,bo/so/yes/no/d/567/ll/U,0.28
bo/mu/no/yes/m/189/ll/U,bw/so/no/yes/d/551/ll/A,0.32
bo/mu/no/yes/m/189/ll/U,bo/so/yes/no/d/569/ll/A,0.28
bo/mu/no/yes/m/189/ll/U,bw/st/no/yes/d/503/ll/A,0.44
bo/mu/no/yes/m/189/ll/U,bw/mu/no/yes/m/167/ll/A,0.76
bo/mu/no/yes/m/189/ll/U,bo/so/yes/yes/d/557/ll/A,0.37
bo/mu/no/yes/m/189/ll/U,bo/so/no/no/d/561/ll/U,0.08
bo/mu/no/yes/m/189/ll/U,bw/so/yes/yes/m/245/ll/A,0.32
bo/mu/no/yes/m/189/ll/U,bo/so/no/yes/m/287/ll/A,0.09
bo/mu/no/yes/m/189/ll/U,bo/so/no/no/m/273/ll/U,0.08
bo/mu/no/yes/m/189/ll/U,bw/st/yes/yes/d/485/ll/A,0.43
bo/mu/no/yes/m/189/ll/U,bo/st/no/no/m/227/ll/A,0.59
bo/mu/no/yes/m/189/ll/U,bo/mu/yes/no/d/471/ll/U,0.83
bo/mu/no/yes/m/189/ll/U,bw/mu/yes/no/d/449/ll/A,0.8
bo/mu/no/yes/m/189/ll/U,bw/mu/yes/no/d/447/ll/U,0.8
bo/mu/no/yes/m/189/ll/U,bo/so/yes/no/m/281/ll/A,0.28
bo/mu/no/yes/m/189/ll/U,bo/so/no/no/m/275/ll/A,0.08
bo/mu/no/yes/m/189/ll/U,bw/so/yes/yes/m/243/ll/U,0.32
bo/mu/no/yes/m/189/ll/U,bo/mu/no/yes/d/479/ll/A,1.0
bo/mu/no/yes/m/189/ll/U,bw/mu/no/no/d/441/ll/U,0.74
bo/mu/no/yes/m/189/ll/U,bw/st/yes/yes/d/483/ll/U,0.43
bo/mu/no/yes/m/189/ll/U,bo/mu/no/yes/d/477/ll/U,1.0
bo/mu/no/yes/m/189/ll/U,bo/st/yes/yes/m/221/ll/A,0.58
bo/mu/no/yes/m/189/ll/U,bo/st/yes/yes/m/219/ll/U,0.58
bo/st/yes/no/d/519/ll/U,bw/st/yes/no/m/207/ll/U,0.55
bo/st/yes/no/d/519/ll/U,bo/st/yes/no/m/231/ll/U,1.0
bo/st/yes/no/d/519/ll/U,bo/mu/no/no/d/467/ll/A,0.5
bo/st/yes/no/d/519/ll/U,bw/st/yes/no/m/209/ll/A,0.55
bo/st/yes/no/d/519/ll/U,bw/so/yes/no/m/255/ll/U,0.37
bo/st/yes/no/d/519/ll/U,bw/mu/yes/yes/d/435/ll/U,0.57
bo/st/yes/no/d/519/ll/U,bw/so/no/yes/m/263/ll/A,0.44
bo/st/yes/no/d/519/ll/U,bo/mu/yes/yes/d/461/ll/A,0.55
bo/st/yes/no/d/519/ll/U,bo/st/no/yes/m/237/ll/U,0.58
bo/st/yes/no/d/519/ll/U,bw/st/yes/no/d/495/ll/U,0.55
bo/st/yes/no/d/519/ll/U,bo/mu/yes/yes/d/459/ll/U,0.55
bo/st/yes/no/d/519/ll/U,bo/st/no/yes/m/239/ll/A,0.58
bo/st/yes/no/d/519/ll/U,bw/st/no/no/m/201/ll/U,0.54
bo/st/yes/no/d/519/ll/U,bo/st/no/yes/d/525/ll/U,0.58
bo/st/yes/no/d/519/ll/U,bo/mu/no/no/m/179/ll/A,0.5
bo/st/yes/no/d/519/ll/U,bo/mu/yes/no/m/183/ll/U,0.56
bo/st/yes/no/d/519/ll/U,bo/mu/no/no/m/177/ll/U,0.5
bo/st/yes/no/d/519/ll/U,bo/st/no/no/d/513/ll/U,0.59
bo/st/yes/no/d/519/ll/U,bw/so/no/yes/d/549/ll/U,0.44
bo/st/yes/no/d/519/ll/U,bw/mu/yes/yes/m/149/ll/A,0.57
bo/st/yes/no/d/519/ll/U,bo/mu/yes/no/m/185/ll/A,0.56
bo/st/yes/no/d/519/ll/U,bo/st/no/no/d/515/ll/A,0.59
bo/st/yes/no/d/519/ll/U,bo/mu/yes/yes/m/171/ll/U,0.55
bo/st/yes/no/d/519/ll/U,bw/mu/yes/yes/m/147/ll/U,0.57
bo/st/yes/no/d/519/ll/U,bo/so/no/no/d/563/ll/A,0.13
bo/st/yes/no/d/519/ll/U,bo/so/yes/yes/d/555/ll/U,0.5
bo/st/yes/no/d/519/ll/U,bw/so/no/no/d/539/ll/A,0.37
bo/st/yes/no/d/519/ll/U,bo/mu/no/yes/m/191/ll/A,0.53
bo/st/yes/no/d/519/ll/U,bw/st/no/yes/d/501/ll/U,0.6
bo/st/yes/no/d/519/ll/U,bw/mu/no/yes/m/165/ll/U,0.54
bo/st/yes/no/d/519/ll/U,bw/mu/no/no/m/153/ll/U,0.52
bo/st/yes/no/d/519/ll/U,bw/so/no/no/d/537/ll/U,0.37
bo/st/yes/no/d/519/ll/U,bw/so/yes/yes/d/531/ll/U,0.44
bo/st/yes/no/d/519/ll/U,bw/mu/no/no/m/155/ll/A,0.52
bo/st/yes/no/d/519/ll/U,bo/st/yes/yes/d/509/ll/A,0.89
bo/st/yes/no/d/519/ll/U,bw/st/yes/yes/m/197/ll/A,0.62
bo/st/yes/no/d/519/ll/U,bo/st/yes/yes/d/507/ll/U,0.89
bo/st/yes/no/d/519/ll/U,bw/st/no/yes/m/215/ll/A,0.6
bo/st/yes/no/d/519/ll/U,bw/mu/no/no/d/443/ll/A,0.52
bo/st/yes/no/d/519/ll/U,bo/so/yes/no/m/279/ll/U,0.4
bo/st/yes/no/d/519/ll/U,bw/st/no/no/d/489/ll/U,0.54
bo/st/yes/no/d/519/ll/U,bw/st/no/yes/m/213/ll/U,0.6
bo/st/yes/no/d/519/ll/U,bo/st/no/no/m/225/ll/U,0.59
bo/st/yes/no/d/519/ll/U,bo/mu/yes/no/d/473/ll/A,0.56
bo/st/yes/no/d/519/ll/U,bw/so/no/no/m/249/ll/U,0.37
bo/st/yes/no/d/519/ll/U,bo/so/no/yes/m/285/ll/U,0.13
bo/st/yes/no/d/519/ll/U,bw/st/no/no/m/203/ll/A,0.54
bo/st/yes/no/d/519/ll/U,bw/mu/no/yes/d/455/ll/A,0.54
bo/st/yes/no/d/519/ll/U,bw/st/yes/no/d/497/ll/A,0.55
bo/st/yes/no/d/519/ll/U,bw/mu/yes/yes/d/437/ll/A,0.57
bo/st/yes/no/d/519/ll/U,bw/so/no/yes/m/261/ll/U,0.44
bo/st/yes/no/d/519/ll/U,bw/so/yes/no/m/257/ll/A,0.37
bo/st/yes/no/d/519/ll/U,bw/st/no/no/d/491/ll/A,0.54
bo/st/yes/no/d/519/ll/U,bo/st/yes/no/m/233/ll/A,1.0
bo/st/yes/no/d/519/ll/U,bo/mu/no/no/d/465/ll/U,0.5
bo/st/yes/no/d/519/ll/U,bw/mu/no/yes/d/453/ll/U,0.54
bo/st/yes/no/d/519/ll/U,bw/so/no/no/m/251/ll/A,0.37
bo/st/yes/no/d/519/ll/U,bo/so/yes/yes/m/269/ll/A,0.5
bo/st/yes/no/d/519/ll/U,bo/so/yes/yes/m/267/ll/U,0.5
bo/st/yes/no/d/519/ll/U,bw/so/yes/no/d/543/ll/U,0.37
bo/st/yes/no/d/519/ll/U,bo/so/no/yes/d/575/ll/A,0.13
bo/st/yes/no/d/519/ll/U,bo/st/yes/no/d/521/ll/A,1.0
bo/st/yes/no/d/519/ll/U,bo/mu/no/yes/m/189/ll/U,0.53
bo/st/yes/no/d/519/ll/U,bo/st/yes/no/d/519/ll/U,1.0
bo/st/yes/no/d/519/ll/U,bo/mu/yes/yes/m/173/ll/A,0.55
bo/st/yes/no/d/519/ll/U,bo/so/no/yes/d/573/ll/U,0.13
bo/st/yes/no/d/519/ll/U,bw/so/yes/no/d/545/ll/A,0.37
bo/st/yes/no/d/519/ll/U,bo/st/no/yes/d/527/ll/A,0.58
bo/st/yes/no/d/519/ll/U,bw/mu/yes/no/m/159/ll/U,0.56
bo/st/yes/no/d/519/ll/U,bw/mu/yes/no/m/161/ll/A,0.56
bo/st/yes/no/d/519/ll/U,bw/st/yes/yes/m/195/ll/U,0.62
bo/st/yes/no/d/519/ll/U,bw/so/yes/yes/d/533/ll/A,0.44
bo/st/yes/no/d/519/ll/U,bo/so/yes/no/d/567/ll/U,0.4
bo/st/yes/no/d/519/ll/U,bw/so/no/yes/d/551/ll/A,0.44
bo/st/yes/no/d/519/ll/U,bo/so/yes/no/d/569/ll/A,0.4
bo/st/yes/no/d/519/ll/U,bw/st/no/yes/d/503/ll/A,0.6
bo/st/yes/no/d/519/ll/U,bw/mu/no/yes/m/167/ll/A,0.54
bo/st/yes/no/d/519/ll/U,bo/so/yes/yes/d/557/ll/A,0.5
bo/st/yes/no/d/519/ll/U,bo/so/no/no/d/561/ll/U,0.13
bo/st/yes/no/d/519/ll/U,bw/so/yes/yes/m/245/ll/A,0.44
bo/st/yes/no/d/519/ll/U,bo/so/no/yes/m/287/ll/A,0.13
bo/st/yes/no/d/519/ll/U,bo/so/no/no/m/273/ll/U,0.13
bo/st/yes/no/d/519/ll/U,bw/st/yes/yes/d/485/ll/A,0.62
bo/st/yes/no/d/519/ll/U,bo/st/no/no/m/227/ll/A,0.59
bo/st/yes/no/d/519/ll/U,bo/mu/yes/no/d/471/ll/U,0.56
bo/st/yes/no/d/519/ll/U,bw/mu/yes/no/d/449/ll/A,0.56
bo/st/yes/no/d/519/ll/U,bw/mu/yes/no/d/447/ll/U,0.56
bo/st/yes/no/d/519/ll/U,bo/so/yes/no/m/281/ll/A,0.4
bo/st/yes/no/d/519/ll/U,bo/so/no/no/m/275/ll/A,0.13
bo/st/yes/no/d/519/ll/U,bw/so/yes/yes/m/243/ll/U,0.44
bo/st/yes/no/d/519/ll/U,bo/mu/no/yes/d/479/ll/A,0.53
bo/st/yes/no/d/519/ll/U,bw/mu/no/no/d/441/ll/U,0.52
bo/st/yes/no/d/519/ll/U,bw/st/yes/yes/d/483/ll/U,0.62
bo/st/yes/no/d/519/ll/U,bo/mu/no/yes/d/477/ll/U,0.53
bo/st/yes/no/d/519/ll/U,bo/st/yes/yes/m/221/ll/A,0.89
bo/st/yes/no/d/519/ll/U,bo/st/yes/yes/m/219/ll/U,0.89
bo/mu/yes/yes/m/173/ll/A,bw/st/yes/no/m/207/ll/U,0.43
bo/mu/yes/yes/m/173/ll/A,bo/st/yes/no/m/231/ll/U,0.55
bo/mu/yes/yes/m/173/ll/A,bo/mu/no/no/d/467/ll/A,0.81
bo/mu/yes/yes/m/173/ll/A,bw/st/yes/no/m/209/ll/A,0.43
bo/mu/yes/yes/m/173/ll/A,bw/so/yes/no/m/255/ll/U,0.28
bo/mu/yes/yes/m/173/ll/A,bw/mu/yes/yes/d/435/ll/U,0.88
bo/mu/yes/yes/m/173/ll/A,bw/so/no/yes/m/263/ll/A,0.34
bo/mu/yes/yes/m/173/ll/A,bo/mu/yes/yes/d/461/ll/A,1.0
bo/mu/yes/yes/m/173/ll/A,bo/st/no/yes/m/237/ll/U,0.61
bo/mu/yes/yes/m/173/ll/A,bw/st/yes/no/d/495/ll/U,0.43
bo/mu/yes/yes/m/173/ll/A,bo/mu/yes/yes/d/459/ll/U,1.0
bo/mu/yes/yes/m/173/ll/A,bo/st/no/yes/m/239/ll/A,0.61
bo/mu/yes/yes/m/173/ll/A,bw/st/no/no/m/201/ll/U,0.44
bo/mu/yes/yes/m/173/ll/A,bo/st/no/yes/d/525/ll/U,0.61
bo/mu/yes/yes/m/173/ll/A,bo/mu/no/no/m/179/ll/A,0.81
bo/mu/yes/yes/m/173/ll/A,bo/mu/yes/no/m/183/ll/U,0.92
bo/mu/yes/yes/m/173/ll/A,bo/mu/no/no/m/177/ll/U,0.81
bo/mu/yes/yes/m/173/ll/A,bo/st/no/no/d/513/ll/U,0.57
bo/mu/yes/yes/m/173/ll/A,bw/so/no/yes/d/549/ll/U,0.34
bo/mu/yes/yes/m/173/ll/A,bw/mu/yes/yes/m/149/ll/A,0.88
bo/mu/yes/yes/m/173/ll/A,bo/mu/yes/no/m/185/ll/A,0.92
bo/mu/yes/yes/m/173/ll/A,bo/st/no/no/d/515/ll/A,0.57
bo/mu/yes/yes/m/173/ll/A,bo/mu/yes/yes/m/171/ll/U,1.0
bo/mu/yes/yes/m/173/ll/A,bw/mu/yes/yes/m/147/ll/U,0.88
bo/mu/yes/yes/m/173/ll/A,bo/so/no/no/d/563/ll/A,0.08
bo/mu/yes/yes/m/173/ll/A,bo/so/yes/yes/d/555/ll/U,0.38
bo/mu/yes/yes/m/173/ll/A,bw/so/no/no/d/539/ll/A,0.29
bo/mu/yes/yes/m/173/ll/A,bo/mu/no/yes/m/191/ll/A,0.85
bo/mu/yes/yes/m/173/ll/A,bw/st/no/yes/d/501/ll/U,0.5
bo/mu/yes/yes/m/173/ll/A,bw/mu/no/yes/m/165/ll/U,0.83
bo/mu/yes/yes/m/173/ll/A,bw/mu/no/no/m/153/ll/U,0.83
bo/mu/yes/yes/m/173/ll/A,bw/so/no/no/d/537/ll/U,0.29
bo/mu/yes/yes/m/173/ll/A,bw/so/yes/yes/d/531/ll/U,0.33
bo/mu/yes/yes/m/173/ll/A,bw/mu/no/no/m/155/ll/A,0.83
bo/mu/yes/yes/m/173/ll/A,bo/st/yes/yes/d/509/ll/A,0.6
bo/mu/yes/yes/m/173/ll/A,bw/st/yes/yes/m/197/ll/A,0.48
bo/mu/yes/yes/m/173/ll/A,bo/st/yes/yes/d/507/ll/U,0.6
bo/mu/yes/yes/m/173/ll/A,bw/st/no/yes/m/215/ll/A,0.5
bo/mu/yes/yes/m/173/ll/A,bw/mu/no/no/d/443/ll/A,0.83
bo/mu/yes/yes/m/173/ll/A,bo/so/yes/no/m/279/ll/U,0.3
bo/mu/yes/yes/m/173/ll/A,bw/st/no/no/d/489/ll/U,0.44
bo/mu/yes/yes/m/173/ll/A,bw/st/no/yes/m/213/ll/U,0.5
bo/mu/yes/yes/m/173/ll/A,bo/st/no/no/m/225/ll/U,0.57
bo/mu/yes/yes/m/173/ll/A,bo/mu/yes/no/d/473/ll/A,0.92
bo/mu/yes/yes/m/173/ll/A,bw/so/no/no/m/249/ll/U,0.29
bo/mu/yes/yes/m/173/ll/A,bo/so/no/yes/m/285/ll/U,0.09
bo/mu/yes/yes/m/173/ll/A,bw/st/no/no/m/203/ll/A,0.44
bo/mu/yes/yes/m/173/ll/A,bw/mu/no/yes/d/455/ll/A,0.83
bo/mu/yes/yes/m/173/ll/A,bw/st/yes/no/d/497/ll/A,0.43
bo/mu/yes/yes/m/173/ll/A,bw/mu/yes/yes/d/437/ll/A,0.88
bo/mu/yes/yes/m/173/ll/A,bw/so/no/yes/m/261/ll/U,0.34
bo/mu/yes/yes/m/173/ll/A,bw/so/yes/no/m/257/ll/A,0.28
bo/mu/yes/yes/m/173/ll/A,bw/st/no/no/d/491/ll/A,0.44
bo/mu/yes/yes/m/173/ll/A,bo/st/yes/no/m/233/ll/A,0.55
bo/mu/yes/yes/m/173/ll/A,bo/mu/no/no/d/465/ll/U,0.81
bo/mu/yes/yes/m/173/ll/A,bw/mu/no/yes/d/453/ll/U,0.83
bo/mu/yes/yes/m/173/ll/A,bw/so/no/no/m/251/ll/A,0.29
bo/mu/yes/yes/m/173/ll/A,bo/so/yes/yes/m/269/ll/A,0.38
bo/mu/yes/yes/m/173/ll/A,bo/so/yes/yes/m/267/ll/U,0.38
bo/mu/yes/yes/m/173/ll/A,bw/so/yes/no/d/543/ll/U,0.28
bo/mu/yes/yes/m/173/ll/A,bo/so/no/yes/d/575/ll/A,0.09
bo/mu/yes/yes/m/173/ll/A,bo/st/yes/no/d/521/ll/A,0.55
bo/mu/yes/yes/m/173/ll/A,bo/mu/no/yes/m/189/ll/U,0.85
bo/mu/yes/yes/m/173/ll/A,bo/st/yes/no/d/519/ll/U,0.55
bo/mu/yes/yes/m/173/ll/A,bo/mu/yes/yes/m/173/ll/A,1.0
bo/mu/yes/yes/m/173/ll/A,bo/so/no/yes/d/573/ll/U,0.09
bo/mu/yes/yes/m/173/ll/A,bw/so/yes/no/d/545/ll/A,0.28
bo/mu/yes/yes/m/173/ll/A,bo/st/no/yes/d/527/ll/A,0.61
bo/mu/yes/yes/m/173/ll/A,bw/mu/yes/no/m/159/ll/U,0.88
bo/mu/yes/yes/m/173/ll/A,bw/mu/yes/no/m/161/ll/A,0.88
bo/mu/yes/yes/m/173/ll/A,bw/st/yes/yes/m/195/ll/U,0.48
bo/mu/yes/yes/m/173/ll/A,bw/so/yes/yes/d/533/ll/A,0.33
bo/mu/yes/yes/m/173/ll/A,bo/so/yes/no/d/567/ll/U,0.3
bo/mu/yes/yes/m/173/ll/A,bw/so/no/yes/d/551/ll/A,0.34
bo/mu/yes/yes/m/173/ll/A,bo/so/yes/no/d/569/ll/A,0.3
bo/mu/yes/yes/m/173/ll/A,bw/st/no/yes/d/503/ll/A,0.5
bo/mu/yes/yes/m/173/ll/A,bw/mu/no/yes/m/167/ll/A,0.83
bo/mu/yes/yes/m/173/ll/A,bo/so/yes/yes/d/557/ll/A,0.38
bo/mu/yes/yes/m/173/ll/A,bo/so/no/no/d/561/ll/U,0.08
bo/mu/yes/yes/m/173/ll/A,bw/so/yes/yes/m/245/ll/A,0.33
bo/mu/yes/yes/m/173/ll/A,bo/so/no/yes/m/287/ll/A,0.09
bo/mu/yes/yes/m/173/ll/A,bo/so/no/no/m/273/ll/U,0.08
bo/mu/yes/yes/m/173/ll/A,bw/st/yes/yes/d/485/ll/A,0.48
bo/mu/yes/yes/m/173/ll/A,bo/st/no/no/m/227/ll/A,0.57
bo/mu/yes/yes/m/173/ll/A,bo/mu/yes/no/d/471/ll/U,0.92
bo/mu/yes/yes/m/173/ll/A,bw/mu/yes/no/d/449/ll/A,0.88
bo/mu/yes/yes/m/173/ll/A,bw/mu/yes/no/d/447/ll/U,0.88
bo/mu/yes/yes/m/173/ll/A,bo/so/yes/no/m/281/ll/A,0.3
bo/mu/yes/yes/m/173/ll/A,bo/so/no/no/m/275/ll/A,0.08
bo/mu/yes/yes/m/173/ll/A,bw/so/yes/yes/m/243/ll/U,0.33
bo/mu/yes/yes/m/173/ll/A,bo/mu/no/yes/d/479/ll/A,0.85
bo/mu/yes/yes/m/173/ll/A,bw/mu/no/no/d/441/ll/U,0.83
bo/mu/yes/yes/m/173/ll/A,bw/st/yes/yes/d/483/ll/U,0.48
bo/mu/yes/yes/m/173/ll/A,bo/mu/no/yes/d/477/ll/U,0.85
bo/mu/yes/yes/m/173/ll/A,bo/st/yes/yes/m/221/ll/A,0.6
bo/mu/yes/yes/m/173/ll/A,bo/st/yes/yes/m/219/ll/U,0.6
bo/so/no/yes/d/573/ll/U,bw/st/yes/no/m/207/ll/U,0.11
bo/so/no/yes/d/573/ll/U,bo/st/yes/no/m/231/ll/U,0.13
bo/so/no/yes/d/573/ll/U,bo/mu/no/no/d/467/ll/A,0.09
bo/so/no/yes/d/573/ll/U,bw/st/yes/no/m/209/ll/A,0.11
bo/so/no/yes/d/573/ll/U,bw/so/yes/no/m/255/ll/U,0.16
bo/so/no/yes/d/573/ll/U,bw/mu/yes/yes/d/435/ll/U,0.09
bo/so/no/yes/d/573/ll/U,bw/so/no/yes/m/263/ll/A,0.18
bo/so/no/yes/d/573/ll/U,bo/mu/yes/yes/d/461/ll/A,0.09
bo/so/no/yes/d/573/ll/U,bo/st/no/yes/m/237/ll/U,0.12
bo/so/no/yes/d/573/ll/U,bw/st/yes/no/d/495/ll/U,0.11
bo/so/no/yes/d/573/ll/U,bo/mu/yes/yes/d/459/ll/U,0.09
bo/so/no/yes/d/573/ll/U,bo/st/no/yes/m/239/ll/A,0.12
bo/so/no/yes/d/573/ll/U,bw/st/no/no/m/201/ll/U,0.11
bo/so/no/yes/d/573/ll/U,bo/st/no/yes/d/525/ll/U,0.12
bo/so/no/yes/d/573/ll/U,bo/mu/no/no/m/179/ll/A,0.09
bo/so/no/yes/d/573/ll/U,bo/mu/yes/no/m/183/ll/U,0.09
bo/so/no/yes/d/573/ll/U,bo/mu/no/no/m/177/ll/U,0.09
bo/so/no/yes/d/573/ll/U,bo/st/no/no/d/513/ll/U,0.12
bo/so/no/yes/d/573/ll/U,bw/so/no/yes/d/549/ll/U,0.18
bo/so/no/yes/d/573/ll/U,bw/mu/yes/yes/m/149/ll/A,0.09
bo/so/no/yes/d/573/ll/U,bo/mu/yes/no/m/185/ll/A,0.09
bo/so/no/yes/d/573/ll/U,bo/st/no/no/d/515/ll/A,0.12
bo/so/no/yes/d/573/ll/U,bo/mu/yes/yes/m/171/ll/U,0.09
bo/so/no/yes/d/573/ll/U,bw/mu/yes/yes/m/147/ll/U,0.09
bo/so/no/yes/d/573/ll/U,bo/so/no/no/d/563/ll/A,0.59
bo/so/no/yes/d/573/ll/U,bo/so/yes/yes/d/555/ll/U,0.22
bo/so/no/yes/d/573/ll/U,bw/so/no/no/d/539/ll/A,0.16
bo/so/no/yes/d/573/ll/U,bo/mu/no/yes/m/191/ll/A,0.09
bo/so/no/yes/d/573/ll/U,bw/st/no/yes/d/501/ll/U,0.12
bo/so/no/yes/d/573/ll/U,bw/mu/no/yes/m/165/ll/U,0.09
bo/so/no/yes/d/573/ll/U,bw/mu/no/no/m/153/ll/U,0.08
bo/so/no/yes/d/573/ll/U,bw/so/no/no/d/537/ll/U,0.16
bo/so/no/yes/d/573/ll/U,bw/so/yes/yes/d/531/ll/U,0.17
bo/so/no/yes/d/573/ll/U,bw/mu/no/no/m/155/ll/A,0.08
bo/so/no/yes/d/573/ll/U,bo/st/yes/yes/d/509/ll/A,0.13
bo/so/no/yes/d/573/ll/U,bw/st/yes/yes/m/197/ll/A,0.11
bo/so/no/yes/d/573/ll/U,bo/st/yes/yes/d/507/ll/U,0.13
bo/so/no/yes/d/573/ll/U,bw/st/no/yes/m/215/ll/A,0.12
bo/so/no/yes/d/573/ll/U,bw/mu/no/no/d/443/ll/A,0.08
bo/so/no/yes/d/573/ll/U,bo/so/yes/no/m/279/ll/U,0.18
bo/so/no/yes/d/573/ll/U,bw/st/no/no/d/489/ll/U,0.11
bo/so/no/yes/d/573/ll/U,bw/st/no/yes/m/213/ll/U,0.12
bo/so/no/yes/d/573/ll/U,bo/st/no/no/m/225/ll/U,0.12
bo/so/no/yes/d/573/ll/U,bo/mu/yes/no/d/473/ll/A,0.09
bo/so/no/yes/d/573/ll/U,bw/so/no/no/m/249/ll/U,0.16
bo/so/no/yes/d/573/ll/U,bo/so/no/yes/m/285/ll/U,1.0
bo/so/no/yes/d/573/ll/U,bw/st/no/no/m/203/ll/A,0.11
bo/so/no/yes/d/573/ll/U,bw/mu/no/yes/d/455/ll/A,0.09
bo/so/no/yes/d/573/ll/U,bw/st/yes/no/d/497/ll/A,0.11
bo/so/no/yes/d/573/ll/U,bw/mu/yes/yes/d/437/ll/A,0.09
bo/so/no/yes/d/573/ll/U,bw/so/no/yes/m/261/ll/U,0.18
bo/so/no/yes/d/573/ll/U,bw/so/yes/no/m/257/ll/A,0.16
bo/so/no/yes/d/573/ll/U,bw/st/no/no/d/491/ll/A,0.11
bo/so/no/yes/d/573/ll/U,bo/st/yes/no/m/233/ll/A,0.13
bo/so/no/yes/d/573/ll/U,bo/mu/no/no/d/465/ll/U,0.09
bo/so/no/yes/d/573/ll/U,bw/mu/no/yes/d/453/ll/U,0.09
bo/so/no/yes/d/573/ll/U,bw/so/no/no/m/251/ll/A,0.16
bo/so/no/yes/d/573/ll/U,bo/so/yes/yes/m/269/ll/A,0.22
bo/so/no/yes/d/573/ll/U,bo/so/yes/yes/m/267/ll/U,0.22
bo/so/no/yes/d/573/ll/U,bw/so/yes/no/d/543/ll/U,0.16
bo/so/no/yes/d/573/ll/U,bo/so/no/yes/d/575/ll/A,1.0
bo/so/no/yes/d/573/ll/U,bo/st/yes/no/d/521/ll/A,0.13
bo/so/no/yes/d/573/ll/U,bo/mu/no/yes/m/189/ll/U,0.09
bo/so/no/yes/d/573/ll/U,bo/st/yes/no/d/519/ll/U,0.13
bo/so/no/yes/d/573/ll/U,bo/mu/yes/yes/m/173/ll/A,0.09
bo/so/no/yes/d/573/ll/U,bo/so/no/yes/d/573/ll/U,1.0
bo/so/no/yes/d/573/ll/U,bw/so/yes/no/d/545/ll/A,0.16
bo/so/no/yes/d/573/ll/U,bo/st/no/yes/d/527/ll/A,0.12
bo/so/no/yes/d/573/ll/U,bw/mu/yes/no/m/159/ll/U,0.09
bo/so/no/yes/d/573/ll/U,bw/mu/yes/no/m/161/ll/A,0.09
bo/so/no/yes/d/573/ll/U,bw/st/yes/yes/m/195/ll/U,0.11
bo/so/no/yes/d/573/ll/U,bw/so/yes/yes/d/533/ll/A,0.17
bo/so/no/yes/d/573/ll/U,bo/so/yes/no/d/567/ll/U,0.18
bo/so/no/yes/d/573/ll/U,bw/so/no/yes/d/551/ll/A,0.18
bo/so/no/yes/d/573/ll/U,bo/so/yes/no/d/569/ll/A,0.18
bo/so/no/yes/d/573/ll/U,bw/st/no/yes/d/503/ll/A,0.12
bo/so/no/yes/d/573/ll/U,bw/mu/no/yes/m/167/ll/A,0.09
bo/so/no/yes/d/573/ll/U,bo/so/yes/yes/d/557/ll/A,0.22
bo/so/no/yes/d/573/ll/U,bo/so/no/no/d/561/ll/U,0.59
bo/so/no/yes/d/573/ll/U,bw/so/yes/yes/m/245/ll/A,0.17
bo/so/no/yes/d/573/ll/U,bo/so/no/yes/m/287/ll/A,1.0
bo/so/no/yes/d/573/ll/U,bo/so/no/no/m/273/ll/U,0.59
bo/so/no/yes/d/573/ll/U,bw/st/yes/yes/d/485/ll/A,0.11
bo/so/no/yes/d/573/ll/U,bo/st/no/no/m/227/ll/A,0.12
bo/so/no/yes/d/573/ll/U,bo/mu/yes/no/d/471/ll/U,0.09
bo/so/no/yes/d/573/ll/U,bw/mu/yes/no/d/449/ll/A,0.09
bo/so/no/yes/d/573/ll/U,bw/mu/yes/no/d/447/ll/U,0.09
bo/so/no/yes/d/573/ll/U,bo/so/yes/no/m/281/ll/A,0.18
bo/so/no/yes/d/573/ll/U,bo/so/no/no/m/275/ll/A,0.59
bo/so/no/yes/d/573/ll/U,bw/so/yes/yes/m/243/ll/U,0.17
bo/so/no/yes/d/573/ll/U,bo/mu/no/yes/d/479/ll/A,0.09
bo/so/no/yes/d/573/ll/U,bw/mu/no/no/d/441/ll/U,0.08
bo/so/no/yes/d/573/ll/U,bw/st/yes/yes/d/483/ll/U,0.11
bo/so/no/yes/d/573/ll/U,bo/mu/no/yes/d/477/ll/U,0.09
bo/so/no/yes/d/573/ll/U,bo/st/yes/yes/m/221/ll/A,0.13
bo/so/no/yes/d/573/ll/U,bo/st/yes/yes/m/219/ll/U,0.13
bw/so/yes/no/d/545/ll/A,bw/st/yes/no/m/207/ll/U,0.38
bw/so/yes/no/d/545/ll/A,bo/st/yes/no/m/231/ll/U,0.37
bw/so/yes/no/d/545/ll/A,bo/mu/no/no/d/467/ll/A,0.26
bw/so/yes/no/d/545/ll/A,bw/st/yes/no/m/209/ll/A,0.38
bw/so/yes/no/d/545/ll/A,bw/so/yes/no/m/255/ll/U,1.0
bw/so/yes/no/d/545/ll/A,bw/mu/yes/yes/d/435/ll/U,0.29
bw/so/yes/no/d/545/ll/A,bw/so/no/yes/m/263/ll/A,0.72
bw/so/yes/no/d/545/ll/A,bo/mu/yes/yes/d/461/ll/A,0.28
bw/so/yes/no/d/545/ll/A,bo/st/no/yes/m/237/ll/U,0.27
bw/so/yes/no/d/545/ll/A,bw/st/yes/no/d/495/ll/U,0.38
bw/so/yes/no/d/545/ll/A,bo/mu/yes/yes/d/459/ll/U,0.28
bw/so/yes/no/d/545/ll/A,bo/st/no/yes/m/239/ll/A,0.27
bw/so/yes/no/d/545/ll/A,bw/st/no/no/m/201/ll/U,0.37
bw/so/yes/no/d/545/ll/A,bo/st/no/yes/d/525/ll/U,0.27
bw/so/yes/no/d/545/ll/A,bo/mu/no/no/m/179/ll/A,0.26
bw/so/yes/no/d/545/ll/A,bo/mu/yes/no/m/183/ll/U,0.28
bw/so/yes/no/d/545/ll/A,bo/mu/no/no/m/177/ll/U,0.26
bw/so/yes/no/d/545/ll/A,bo/st/no/no/d/513/ll/U,0.3
bw/so/yes/no/d/545/ll/A,bw/so/no/yes/d/549/ll/U,0.72
bw/so/yes/no/d/545/ll/A,bw/mu/yes/yes/m/149/ll/A,0.29
bw/so/yes/no/d/545/ll/A,bo/mu/yes/no/m/185/ll/A,0.28
bw/so/yes/no/d/545/ll/A,bo/st/no/no/d/515/ll/A,0.3
bw/so/yes/no/d/545/ll/A,bo/mu/yes/yes/m/171/ll/U,0.28
bw/so/yes/no/d/545/ll/A,bw/mu/yes/yes/m/147/ll/U,0.29
bw/so/yes/no/d/545/ll/A,bo/so/no/no/d/563/ll/A,0.21
bw/so/yes/no/d/545/ll/A,bo/so/yes/yes/d/555/ll/U,0.55
bw/so/yes/no/d/545/ll/A,bw/so/no/no/d/539/ll/A,0.87
bw/so/yes/no/d/545/ll/A,bo/mu/no/yes/m/191/ll/A,0.27
bw/so/yes/no/d/545/ll/A,bw/st/no/yes/d/501/ll/U,0.38
bw/so/yes/no/d/545/ll/A,bw/mu/no/yes/m/165/ll/U,0.29
bw/so/yes/no/d/545/ll/A,bw/mu/no/no/m/153/ll/U,0.28
bw/so/yes/no/d/545/ll/A,bw/so/no/no/d/537/ll/U,0.87
bw/so/yes/no/d/545/ll/A,bw/so/yes/yes/d/531/ll/U,0.76
bw/so/yes/no/d/545/ll/A,bw/mu/no/no/m/155/ll/A,0.28
bw/so/yes/no/d/545/ll/A,bo/st/yes/yes/d/509/ll/A,0.34
bw/so/yes/no/d/545/ll/A,bw/st/yes/yes/m/197/ll/A,0.39
bw/so/yes/no/d/545/ll/A,bo/st/yes/yes/d/507/ll/U,0.34
bw/so/yes/no/d/545/ll/A,bw/st/no/yes/m/215/ll/A,0.38
bw/so/yes/no/d/545/ll/A,bw/mu/no/no/d/443/ll/A,0.28
bw/so/yes/no/d/545/ll/A,bo/so/yes/no/m/279/ll/U,0.75
bw/so/yes/no/d/545/ll/A,bw/st/no/no/d/489/ll/U,0.37
bw/so/yes/no/d/545/ll/A,bw/st/no/yes/m/213/ll/U,0.38
bw/so/yes/no/d/545/ll/A,bo/st/no/no/m/225/ll/U,0.3
bw/so/yes/no/d/545/ll/A,bo/mu/yes/no/d/473/ll/A,0.28
bw/so/yes/no/d/545/ll/A,bw/so/no/no/m/249/ll/U,0.87
bw/so/yes/no/d/545/ll/A,bo/so/no/yes/m/285/ll/U,0.16
bw/so/yes/no/d/545/ll/A,bw/st/no/no/m/203/ll/A,0.37
bw/so/yes/no/d/545/ll/A,bw/mu/no/yes/d/455/ll/A,0.29
bw/so/yes/no/d/545/ll/A,bw/st/yes/no/d/497/ll/A,0.38
bw/so/yes/no/d/545/ll/A,bw/mu/yes/yes/d/437/ll/A,0.29
bw/so/yes/no/d/545/ll/A,bw/so/no/yes/m/261/ll/U,0.72
bw/so/yes/no/d/545/ll/A,bw/so/yes/no/m/257/ll/A,1.0
bw/so/yes/no/d/545/ll/A,bw/st/no/no/d/491/ll/A,0.37
bw/so/yes/no/d/545/ll/A,bo/st/yes/no/m/233/ll/A,0.37
bw/so/yes/no/d/545/ll/A,bo/mu/no/no/d/465/ll/U,0.26
bw/so/yes/no/d/545/ll/A,bw/mu/no/yes/d/453/ll/U,0.29
bw/so/yes/no/d/545/ll/A,bw/so/no/no/m/251/ll/A,0.87
bw/so/yes/no/d/545/ll/A,bo/so/yes/yes/m/269/ll/A,0.55
bw/so/yes/no/d/545/ll/A,bo/so/yes/yes/m/267/ll/U,0.55
bw/so/yes/no/d/545/ll/A,bw/so/yes/no/d/543/ll/U,1.0
bw/so/yes/no/d/545/ll/A,bo/so/no/yes/d/575/ll/A,0.16
bw/so/yes/no/d/545/ll/A,bo/st/yes/no/d/521/ll/A,0.37
bw/so/yes/no/d/545/ll/A,bo/mu/no/yes/m/189/ll/U,0.27
bw/so/yes/no/d/545/ll/A,bo/st/yes/no/d/519/ll/U,0.37
bw/so/yes/no/d/545/ll/A,bo/mu/yes/yes/m/173/ll/A,0.28
bw/so/yes/no/d/545/ll/A,bo/so/no/yes/d/573/ll/U,0.16
bw/so/yes/no/d/545/ll/A,bw/so/yes/no/d/545/ll/A,1.0
bw/so/yes/no/d/545/ll/A,bo/st/no/yes/d/527/ll/A,0.27
bw/so/yes/no/d/545/ll/A,bw/mu/yes/no/m/159/ll/U,0.29
bw/so/yes/no/d/545/ll/A,bw/mu/yes/no/m/161/ll/A,0.29
bw/so/yes/no/d/545/ll/A,bw/st/yes/yes/m/195/ll/U,0.39
bw/so/yes/no/d/545/ll/A,bw/so/yes/yes/d/533/ll/A,0.76
bw/so/yes/no/d/545/ll/A,bo/so/yes/no/d/567/ll/U,0.75
bw/so/yes/no/d/545/ll/A,bw/so/no/yes/d/551/ll/A,0.72
bw/so/yes/no/d/545/ll/A,bo/so/yes/no/d/569/ll/A,0.75
bw/so/yes/no/d/545/ll/A,bw/st/no/yes/d/503/ll/A,0.38
bw/so/yes/no/d/545/ll/A,bw/mu/no/yes/m/167/ll/A,0.29
bw/so/yes/no/d/545/ll/A,bo/so/yes/yes/d/557/ll/A,0.55
bw/so/yes/no/d/545/ll/A,bo/so/no/no/d/561/ll/U,0.21
bw/so/yes/no/d/545/ll/A,bw/so/yes/yes/m/245/ll/A,0.76
bw/so/yes/no/d/545/ll/A,bo/so/no/yes/m/287/ll/A,0.16
bw/so/yes/no/d/545/ll/A,bo/so/no/no/m/273/ll/U,0.21
bw/so/yes/no/d/545/ll/A,bw/st/yes/yes/d/485/ll/A,0.39
bw/so/yes/no/d/545/ll/A,bo/st/no/no/m/227/ll/A,0.3
bw/so/yes/no/d/545/ll/A,bo/mu/yes/no/d/471/ll/U,0.28
bw/so/yes/no/d/545/ll/A,bw/mu/yes/no/d/449/ll/A,0.29
bw/so/yes/no/d/545/ll/A,bw/mu/yes/no/d/447/ll/U,0.29
bw/so/yes/no/d/545/ll/A,bo/so/yes/no/m/281/ll/A,0.75
bw/so/yes/no/d/545/ll/A,bo/so/no/no/m/275/ll/A,0.21
bw/so/yes/no/d/545/ll/A,bw/so/yes/yes/m/243/ll/U,0.76
bw/so/yes/no/d/545/ll/A,bo/mu/no/yes/d/479/ll/A,0.27
bw/so/yes/no/d/545/ll/A,bw/mu/no/no/d/441/ll/U,0.28
bw/so/yes/no/d/545/ll/A,bw/st/yes/yes/d/483/ll/U,0.39
bw/so/yes/no/d/545/ll/A,bo/mu/no/yes/d/477/ll/U,0.27
bw/so/yes/no/d/545/ll/A,bo/st/yes/yes/m/221/ll/A,0.34
bw/so/yes/no/d/545/ll/A,bo/st/yes/yes/m/219/ll/U,0.34
bo/st/no/yes/d/527/ll/A,bw/st/yes/no/m/207/ll/U,0.37
bo/st/no/yes/d/527/ll/A,bo/st/yes/no/m/231/ll/U,0.58
bo/st/no/yes/d/527/ll/A,bo/mu/no/no/d/467/ll/A,0.6
bo/st/no/yes/d/527/ll/A,bw/st/yes/no/m/209/ll/A,0.37
bo/st/no/yes/d/527/ll/A,bw/so/yes/no/m/255/ll/U,0.27
bo/st/no/yes/d/527/ll/A,bw/mu/yes/yes/d/435/ll/U,0.63
bo/st/no/yes/d/527/ll/A,bw/so/no/yes/m/263/ll/A,0.34
bo/st/no/yes/d/527/ll/A,bo/mu/yes/yes/d/461/ll/A,0.61
bo/st/no/yes/d/527/ll/A,bo/st/no/yes/m/237/ll/U,1.0
bo/st/no/yes/d/527/ll/A,bw/st/yes/no/d/495/ll/U,0.37
bo/st/no/yes/d/527/ll/A,bo/mu/yes/yes/d/459/ll/U,0.61
bo/st/no/yes/d/527/ll/A,bo/st/no/yes/m/239/ll/A,1.0
bo/st/no/yes/d/527/ll/A,bw/st/no/no/m/201/ll/U,0.38
bo/st/no/yes/d/527/ll/A,bo/st/no/yes/d/525/ll/U,1.0
bo/st/no/yes/d/527/ll/A,bo/mu/no/no/m/179/ll/A,0.6
bo/st/no/yes/d/527/ll/A,bo/mu/yes/no/m/183/ll/U,0.63
bo/st/no/yes/d/527/ll/A,bo/mu/no/no/m/177/ll/U,0.6
bo/st/no/yes/d/527/ll/A,bo/st/no/no/d/513/ll/U,0.88
bo/st/no/yes/d/527/ll/A,bw/so/no/yes/d/549/ll/U,0.34
bo/st/no/yes/d/527/ll/A,bw/mu/yes/yes/m/149/ll/A,0.63
bo/st/no/yes/d/527/ll/A,bo/mu/yes/no/m/185/ll/A,0.63
bo/st/no/yes/d/527/ll/A,bo/st/no/no/d/515/ll/A,0.88
bo/st/no/yes/d/527/ll/A,bo/mu/yes/yes/m/171/ll/U,0.61
bo/st/no/yes/d/527/ll/A,bw/mu/yes/yes/m/147/ll/U,0.63
bo/st/no/yes/d/527/ll/A,bo/so/no/no/d/563/ll/A,0.1
bo/st/no/yes/d/527/ll/A,bo/so/yes/yes/d/555/ll/U,0.39
bo/st/no/yes/d/527/ll/A,bw/so/no/no/d/539/ll/A,0.29
bo/st/no/yes/d/527/ll/A,bo/mu/no/yes/m/191/ll/A,0.64
bo/st/no/yes/d/527/ll/A,bw/st/no/yes/d/501/ll/U,0.43
bo/st/no/yes/d/527/ll/A,bw/mu/no/yes/m/165/ll/U,0.59
bo/st/no/yes/d/527/ll/A,bw/mu/no/no/m/153/ll/U,0.56
bo/st/no/yes/d/527/ll/A,bw/so/no/no/d/537/ll/U,0.29
bo/st/no/yes/d/527/ll/A,bw/so/yes/yes/d/531/ll/U,0.33
bo/st/no/yes/d/527/ll/A,bw/mu/no/no/m/155/ll/A,0.56
bo/st/no/yes/d/527/ll/A,bo/st/yes/yes/d/509/ll/A,0.63
bo/st/no/yes/d/527/ll/A,bw/st/yes/yes/m/197/ll/A,0.41
bo/st/no/yes/d/527/ll/A,bo/st/yes/yes/d/507/ll/U,0.63
bo/st/no/yes/d/527/ll/A,bw/st/no/yes/m/215/ll/A,0.43
bo/st/no/yes/d/527/ll/A,bw/mu/no/no/d/443/ll/A,0.56
bo/st/no/yes/d/527/ll/A,bo/so/yes/no/m/279/ll/U,0.29
bo/st/no/yes/d/527/ll/A,bw/st/no/no/d/489/ll/U,0.38
bo/st/no/yes/d/527/ll/A,bw/st/no/yes/m/213/ll/U,0.43
bo/st/no/yes/d/527/ll/A,bo/st/no/no/m/225/ll/U,0.88
bo/st/no/yes/d/527/ll/A,bo/mu/yes/no/d/473/ll/A,0.63
bo/st/no/yes/d/527/ll/A,bw/so/no/no/m/249/ll/U,0.29
bo/st/no/yes/d/527/ll/A,bo/so/no/yes/m/285/ll/U,0.12
bo/st/no/yes/d/527/ll/A,bw/st/no/no/m/203/ll/A,0.38
bo/st/no/yes/d/527/ll/A,bw/mu/no/yes/d/455/ll/A,0.59
bo/st/no/yes/d/527/ll/A,bw/st/yes/no/d/497/ll/A,0.37
bo/st/no/yes/d/527/ll/A,bw/mu/yes/yes/d/437/ll/A,0.63
bo/st/no/yes/d/527/ll/A,bw/so/no/yes/m/261/ll/U,0.34
bo/st/no/yes/d/527/ll/A,bw/so/yes/no/m/257/ll/A,0.27
bo/st/no/yes/d/527/ll/A,bw/st/no/no/d/491/ll/A,0.38
bo/st/no/yes/d/527/ll/A,bo/st/yes/no/m/233/ll/A,0.58
bo/st/no/yes/d/527/ll/A,bo/mu/no/no/d/465/ll/U,0.6
bo/st/no/yes/d/527/ll/A,bw/mu/no/yes/d/453/ll/U,0.59
bo/st/no/yes/d/527/ll/A,bw/so/no/no/m/251/ll/A,0.29
bo/st/no/yes/d/527/ll/A,bo/so/yes/yes/m/269/ll/A,0.39
bo/st/no/yes/d/527/ll/A,bo/so/yes/yes/m/267/ll/U,0.39
bo/st/no/yes/d/527/ll/A,bw/so/yes/no/d/543/ll/U,0.27
bo/st/no/yes/d/527/ll/A,bo/so/no/yes/d/575/ll/A,0.12
bo/st/no/yes/d/527/ll/A,bo/st/yes/no/d/521/ll/A,0.58
bo/st/no/yes/d/527/ll/A,bo/mu/no/yes/m/189/ll/U,0.64
bo/st/no/yes/d/527/ll/A,bo/st/yes/no/d/519/ll/U,0.58
bo/st/no/yes/d/527/ll/A,bo/mu/yes/yes/m/173/ll/A,0.61
bo/st/no/yes/d/527/ll/A,bo/so/no/yes/d/573/ll/U,0.12
bo/st/no/yes/d/527/ll/A,bw/so/yes/no/d/545/ll/A,0.27
bo/st/no/yes/d/527/ll/A,bo/st/no/yes/d/527/ll/A,1.0
bo/st/no/yes/d/527/ll/A,bw/mu/yes/no/m/159/ll/U,0.63
bo/st/no/yes/d/527/ll/A,bw/mu/yes/no/m/161/ll/A,0.63
bo/st/no/yes/d/527/ll/A,bw/st/yes/yes/m/195/ll/U,0.41
bo/st/no/yes/d/527/ll/A,bw/so/yes/yes/d/533/ll/A,0.33
bo/st/no/yes/d/527/ll/A,bo/so/yes/no/d/567/ll/U,0.29
bo/st/no/yes/d/527/ll/A,bw/so/no/yes/d/551/ll/A,0.34
bo/st/no/yes/d/527/ll/A,bo/so/yes/no/d/569/ll/A,0.29
bo/st/no/yes/d/527/ll/A,bw/st/no/yes/d/503/ll/A,0.43
bo/st/no/yes/d/527/ll/A,bw/mu/no/yes/m/167/ll/A,0.59
bo/st/no/yes/d/527/ll/A,bo/so/yes/yes/d/557/ll/A,0.39
bo/st/no/yes/d/527/ll/A,bo/so/no/no/d/561/ll/U,0.1
bo/st/no/yes/d/527/ll/A,bw/so/yes/yes/m/245/ll/A,0.33
bo/st/no/yes/d/527/ll/A,bo/so/no/yes/m/287/ll/A,0.12
bo/st/no/yes/d/527/ll/A,bo/so/no/no/m/273/ll/U,0.1
bo/st/no/yes/d/527/ll/A,bw/st/yes/yes/d/485/ll/A,0.41
bo/st/no/yes/d/527/ll/A,bo/st/no/no/m/227/ll/A,0.88
bo/st/no/yes/d/527/ll/A,bo/mu/yes/no/d/471/ll/U,0.63
bo/st/no/yes/d/527/ll/A,bw/mu/yes/no/d/449/ll/A,0.63
bo/st/no/yes/d/527/ll/A,bw/mu/yes/no/d/447/ll/U,0.63
bo/st/no/yes/d/527/ll/A,bo/so/yes/no/m/281/ll/A,0.29
bo/st/no/yes/d/527/ll/A,bo/so/no/no/m/275/ll/A,0.1
bo/st/no/yes/d/527/ll/A,bw/so/yes/yes/m/243/ll/U,0.33
bo/st/no/yes/d/527/ll/A,bo/mu/no/yes/d/479/ll/A,0.64
bo/st/no/yes/d/527/ll/A,bw/mu/no/no/d/441/ll/U,0.56
bo/st/no/yes/d/527/ll/A,bw/st/yes/yes/d/483/ll/U,0.41
bo/st/no/yes/d/527/ll/A,bo/mu/no/yes/d/477/ll/U,0.64
bo/st/no/yes/d/527/ll/A,bo/st/yes/yes/m/221/ll/A,0.63
bo/st/no/yes/d/527/ll/A,bo/st/yes/yes/m/219/ll/U,0.63
bw/mu/yes/no/m/159/ll/U,bw/st/yes/no/m/207/ll/U,0.42
bw/mu/yes/no/m/159/ll/U,bo/st/yes/no/m/231/ll/U,0.56
bw/mu/yes/no/m/159/ll/U,bo/mu/no/no/d/467/ll/A,0.76
bw/mu/yes/no/m/159/ll/U,bw/st/yes/no/m/209/ll/A,0.42
bw/mu/yes/no/m/159/ll/U,bw/so/yes/no/m/255/ll/U,0.29
bw/mu/yes/no/m/159/ll/U,bw/mu/yes/yes/d/435/ll/U,0.96
bw/mu/yes/no/m/159/ll/U,bw/so/no/yes/m/263/ll/A,0.35
bw/mu/yes/no/m/159/ll/U,bo/mu/yes/yes/d/461/ll/A,0.88
bw/mu/yes/no/m/159/ll/U,bo/st/no/yes/m/237/ll/U,0.63
bw/mu/yes/no/m/159/ll/U,bw/st/yes/no/d/495/ll/U,0.42
bw/mu/yes/no/m/159/ll/U,bo/mu/yes/yes/d/459/ll/U,0.88
bw/mu/yes/no/m/159/ll/U,bo/st/no/yes/m/239/ll/A,0.63
bw/mu/yes/no/m/159/ll/U,bw/st/no/no/m/201/ll/U,0.43
bw/mu/yes/no/m/159/ll/U,bo/st/no/yes/d/525/ll/U,0.63
bw/mu/yes/no/m/159/ll/U,bo/mu/no/no/m/179/ll/A,0.76
bw/mu/yes/no/m/159/ll/U,bo/mu/yes/no/m/183/ll/U,0.92
bw/mu/yes/no/m/159/ll/U,bo/mu/no/no/m/177/ll/U,0.76
bw/mu/yes/no/m/159/ll/U,bo/st/no/no/d/513/ll/U,0.58
bw/mu/yes/no/m/159/ll/U,bw/so/no/yes/d/549/ll/U,0.35
bw/mu/yes/no/m/159/ll/U,bw/mu/yes/yes/m/149/ll/A,0.96
bw/mu/yes/no/m/159/ll/U,bo/mu/yes/no/m/185/ll/A,0.92
bw/mu/yes/no/m/159/ll/U,bo/st/no/no/d/515/ll/A,0.58
bw/mu/yes/no/m/159/ll/U,bo/mu/yes/yes/m/171/ll/U,0.88
bw/mu/yes/no/m/159/ll/U,bw/mu/yes/yes/m/147/ll/U,0.96
bw/mu/yes/no/m/159/ll/U,bo/so/no/no/d/563/ll/A,0.08
bw/mu/yes/no/m/159/ll/U,bo/so/yes/yes/d/555/ll/U,0.38
bw/mu/yes/no/m/159/ll/U,bw/so/no/no/d/539/ll/A,0.3
bw/mu/yes/no/m/159/ll/U,bo/mu/no/yes/m/191/ll/A,0.8
bw/mu/yes/no/m/159/ll/U,bw/st/no/yes/d/501/ll/U,0.48
bw/mu/yes/no/m/159/ll/U,bw/mu/no/yes/m/165/ll/U,0.9
bw/mu/yes/no/m/159/ll/U,bw/mu/no/no/m/153/ll/U,0.87
bw/mu/yes/no/m/159/ll/U,bw/so/no/no/d/537/ll/U,0.3
bw/mu/yes/no/m/159/ll/U,bw/so/yes/yes/d/531/ll/U,0.35
bw/mu/yes/no/m/159/ll/U,bw/mu/no/no/m/155/ll/A,0.87
bw/mu/yes/no/m/159/ll/U,bo/st/yes/yes/d/509/ll/A,0.61
bw/mu/yes/no/m/159/ll/U,bw/st/yes/yes/m/197/ll/A,0.47
bw/mu/yes/no/m/159/ll/U,bo/st/yes/yes/d/507/ll/U,0.61
bw/mu/yes/no/m/159/ll/U,bw/st/no/yes/m/215/ll/A,0.48
bw/mu/yes/no/m/159/ll/U,bw/mu/no/no/d/443/ll/A,0.87
bw/mu/yes/no/m/159/ll/U,bo/so/yes/no/m/279/ll/U,0.3
bw/mu/yes/no/m/159/ll/U,bw/st/no/no/d/489/ll/U,0.43
bw/mu/yes/no/m/159/ll/U,bw/st/no/yes/m/213/ll/U,0.48
bw/mu/yes/no/m/159/ll/U,bo/st/no/no/m/225/ll/U,0.58
bw/mu/yes/no/m/159/ll/U,bo/mu/yes/no/d/473/ll/A,0.92
bw/mu/yes/no/m/159/ll/U,bw/so/no/no/m/249/ll/U,0.3
bw/mu/yes/no/m/159/ll/U,bo/so/no/yes/m/285/ll/U,0.09
bw/mu/yes/no/m/159/ll/U,bw/st/no/no/m/203/ll/A,0.43
bw/mu/yes/no/m/159/ll/U,bw/mu/no/yes/d/455/ll/A,0.9
bw/mu/yes/no/m/159/ll/U,bw/st/yes/no/d/497/ll/A,0.42
bw/mu/yes/no/m/159/ll/U,bw/mu/yes/yes/d/437/ll/A,0.96
bw/mu/yes/no/m/159/ll/U,bw/so/no/yes/m/261/ll/U,0.35
bw/mu/yes/no/m/159/ll/U,bw/so/yes/no/m/257/ll/A,0.29
bw/mu/yes/no/m/159/ll/U,bw/st/no/no/d/491/ll/A,0.43
bw/mu/yes/no/m/159/ll/U,bo/st/yes/no/m/233/ll/A,0.56
bw/mu/yes/no/m/159/ll/U,bo/mu/no/no/d/465/ll/U,0.76
bw/mu/yes/no/m/159/ll/U,bw/mu/no/yes/d/453/ll/U,0.9
bw/mu/yes/no/m/159/ll/U,bw/so/no/no/m/251/ll/A,0.3
bw/mu/yes/no/m/159/ll/U,bo/so/yes/yes/m/269/ll/A,0.38
bw/mu/yes/no/m/159/ll/U,bo/so/yes/yes/m/267/ll/U,0.38
bw/mu/yes/no/m/159/ll/U,bw/so/yes/no/d/543/ll/U,0.29
bw/mu/yes/no/m/159/ll/U,bo/so/no/yes/d/575/ll/A,0.09
bw/mu/yes/no/m/159/ll/U,bo/st/yes/no/d/521/ll/A,0.56
bw/mu/yes/no/m/159/ll/U,bo/mu/no/yes/m/189/ll/U,0.8
bw/mu/yes/no/m/159/ll/U,bo/st/yes/no/d/519/ll/U,0.56
bw/mu/yes/no/m/159/ll/U,bo/mu/yes/yes/m/173/ll/A,0.88
bw/mu/yes/no/m/159/ll/U,bo/so/no/yes/d/573/ll/U,0.09
bw/mu/yes/no/m/159/ll/U,bw/so/yes/no/d/545/ll/A,0.29
bw/mu/yes/no/m/159/ll/U,bo/st/no/yes/d/527/ll/A,0.63
bw/mu/yes/no/m/159/ll/U,bw/mu/yes/no/m/159/ll/U,1.0
bw/mu/yes/no/m/159/ll/U,bw/mu/yes/no/m/161/ll/A,1.0
bw/mu/yes/no/m/159/ll/U,bw/st/yes/yes/m/195/ll/U,0.47
bw/mu/yes/no/m/159/ll/U,bw/so/yes/yes/d/533/ll/A,0.35
bw/mu/yes/no/m/159/ll/U,bo/so/yes/no/d/567/ll/U,0.3
bw/mu/yes/no/m/159/ll/U,bw/so/no/yes/d/551/ll/A,0.35
bw/mu/yes/no/m/159/ll/U,bo/so/yes/no/d/569/ll/A,0.3
bw/mu/yes/no/m/159/ll/U,bw/st/no/yes/d/503/ll/A,0.48
bw/mu/yes/no/m/159/ll/U,bw/mu/no/yes/m/167/ll/A,0.9
bw/mu/yes/no/m/159/ll/U,bo/so/yes/yes/d/557/ll/A,0.38
bw/mu/yes/no/m/159/ll/U,bo/so/no/no/d/561/ll/U,0.08
bw/mu/yes/no/m/159/ll/U,bw/so/yes/yes/m/245/ll/A,0.35
bw/mu/yes/no/m/159/ll/U,bo/so/no/yes/m/287/ll/A,0.09
bw/mu/yes/no/m/159/ll/U,bo/so/no/no/m/273/ll/U,0.08
bw/mu/yes/no/m/159/ll/U,bw/st/yes/yes/d/485/ll/A,0.47
bw/mu/yes/no/m/159/ll/U,bo/st/no/no/m/227/ll/A,0.58
bw/mu/yes/no/m/159/ll/U,bo/mu/yes/no/d/471/ll/U,0.92
bw/mu/yes/no/m/159/ll/U,bw/mu/yes/no/d/449/ll/A,1.0
bw/mu/yes/no/m/159/ll/U,bw/mu/yes/no/d/447/ll/U,1.0
bw/mu/yes/no/m/159/ll/U,bo/so/yes/no/m/281/ll/A,0.3
bw/mu/yes/no/m/159/ll/U,bo/so/no/no/m/275/ll/A,0.08
bw/mu/yes/no/m/159/ll/U,bw/so/yes/yes/m/243/ll/U,0.35
bw/mu/yes/no/m/159/ll/U,bo/mu/no/yes/d/479/ll/A,0.8
bw/mu/yes/no/m/159/ll/U,bw/mu/no/no/d/441/ll/U,0.87
bw/mu/yes/no/m/159/ll/U,bw/st/yes/yes/d/483/ll/U,0.47
bw/mu/yes/no/m/159/ll/U,bo/mu/no/yes/d/477/ll/U,0.8
bw/mu/yes/no/m/159/ll/U,bo/st/yes/yes/m/221/ll/A,0.61
bw/mu/yes/no/m/159/ll/U,bo/st/yes/yes/m/219/ll/U,0.61
bw/mu/yes/no/m/161/ll/A,bw/st/yes/no/m/207/ll/U,0.42
bw/mu/yes/no/m/161/ll/A,bo/st/yes/no/m/231/ll/U,0.56
bw/mu/yes/no/m/161/ll/A,bo/mu/no/no/d/467/ll/A,0.76
bw/mu/yes/no/m/161/ll/A,bw/st/yes/no/m/209/ll/A,0.42
bw/mu/yes/no/m/161/ll/A,bw/so/yes/no/m/255/ll/U,0.29
bw/mu/yes/no/m/161/ll/A,bw/mu/yes/yes/d/435/ll/U,0.96
bw/mu/yes/no/m/161/ll/A,bw/so/no/yes/m/263/ll/A,0.35
bw/mu/yes/no/m/161/ll/A,bo/mu/yes/yes/d/461/ll/A,0.88
bw/mu/yes/no/m/161/ll/A,bo/st/no/yes/m/237/ll/U,0.63
bw/mu/yes/no/m/161/ll/A,bw/st/yes/no/d/495/ll/U,0.42
bw/mu/yes/no/m/161/ll/A,bo/mu/yes/yes/d/459/ll/U,0.88
bw/mu/yes/no/m/161/ll/A,bo/st/no/yes/m/239/ll/A,0.63
bw/mu/yes/no/m/161/ll/A,bw/st/no/no/m/201/ll/U,0.43
bw/mu/yes/no/m/161/ll/A,bo/st/no/yes/d/525/ll/U,0.63
bw/mu/yes/no/m/161/ll/A,bo/mu/no/no/m/179/ll/A,0.76
bw/mu/yes/no/m/161/ll/A,bo/mu/yes/no/m/183/ll/U,0.92
bw/mu/yes/no/m/161/ll/A,bo/mu/no/no/m/177/ll/U,0.76
bw/mu/yes/no/m/161/ll/A,bo/st/no/no/d/513/ll/U,0.58
bw/mu/yes/no/m/161/ll/A,bw/so/no/yes/d/549/ll/U,0.35
bw/mu/yes/no/m/161/ll/A,bw/mu/yes/yes/m/149/ll/A,0.96
bw/mu/yes/no/m/161/ll/A,bo/mu/yes/no/m/185/ll/A,0.92
bw/mu/yes/no/m/161/ll/A,bo/st/no/no/d/515/ll/A,0.58
bw/mu/yes/no/m/161/ll/A,bo/mu/yes/yes/m/171/ll/U,0.88
bw/mu/yes/no/m/161/ll/A,bw/mu/yes/yes/m/147/ll/U,0.96
bw/mu/yes/no/m/161/ll/A,bo/so/no/no/d/563/ll/A,0.08
bw/mu/yes/no/m/161/ll/A,bo/so/yes/yes/d/555/ll/U,0.38
bw/mu/yes/no/m/161/ll/A,bw/so/no/no/d/539/ll/A,0.3
bw/mu/yes/no/m/161/ll/A,bo/mu/no/yes/m/191/ll/A,0.8
bw/mu/yes/no/m/161/ll/A,bw/st/no/yes/d/501/ll/U,0.48
bw/mu/yes/no/m/161/ll/A,bw/mu/no/yes/m/165/ll/U,0.9
bw/mu/yes/no/m/161/ll/A,bw/mu/no/no/m/153/ll/U,0.87
bw/mu/yes/no/m/161/ll/A,bw/so/no/no/d/537/ll/U,0.3
bw/mu/yes/no/m/161/ll/A,bw/so/yes/yes/d/531/ll/U,0.35
bw/mu/yes/no/m/161/ll/A,bw/mu/no/no/m/155/ll/A,0.87
bw/mu/yes/no/m/161/ll/A,bo/st/yes/yes/d/509/ll/A,0.61
bw/mu/yes/no/m/161/ll/A,bw/st/yes/yes/m/197/ll/A,0.47
bw/mu/yes/no/m/161/ll/A,bo/st/yes/yes/d/507/ll/U,0.61
bw/mu/yes/no/m/161/ll/A,bw/st/no/yes/m/215/ll/A,0.48
bw/mu/yes/no/m/161/ll/A,bw/mu/no/no/d/443/ll/A,0.87
bw/mu/yes/no/m/161/ll/A,bo/so/yes/no/m/279/ll/U,0.3
bw/mu/yes/no/m/161/ll/A,bw/st/no/no/d/489/ll/U,0.43
bw/mu/yes/no/m/161/ll/A,bw/st/no/yes/m/213/ll/U,0.48
bw/mu/yes/no/m/161/ll/A,bo/st/no/no/m/225/ll/U,0.58
bw/mu/yes/no/m/161/ll/A,bo/mu/yes/no/d/473/ll/A,0.92
bw/mu/yes/no/m/161/ll/A,bw/so/no/no/m/249/ll/U,0.3
bw/mu/yes/no/m/161/ll/A,bo/so/no/yes/m/285/ll/U,0.09
bw/mu/yes/no/m/161/ll/A,bw/st/no/no/m/203/ll/A,0.43
bw/mu/yes/no/m/161/ll/A,bw/mu/no/yes/d/455/ll/A,0.9
bw/mu/yes/no/m/161/ll/A,bw/st/yes/no/d/497/ll/A,0.42
bw/mu/yes/no/m/161/ll/A,bw/mu/yes/yes/d/437/ll/A,0.96
bw/mu/yes/no/m/161/ll/A,bw/so/no/yes/m/261/ll/U,0.35
bw/mu/yes/no/m/161/ll/A,bw/so/yes/no/m/257/ll/A,0.29
bw/mu/yes/no/m/161/ll/A,bw/st/no/no/d/491/ll/A,0.43
bw/mu/yes/no/m/161/ll/A,bo/st/yes/no/m/233/ll/A,0.56
bw/mu/yes/no/m/161/ll/A,bo/mu/no/no/d/465/ll/U,0.76
bw/mu/yes/no/m/161/ll/A,bw/mu/no/yes/d/453/ll/U,0.9
bw/mu/yes/no/m/161/ll/A,bw/so/no/no/m/251/ll/A,0.3
bw/mu/yes/no/m/161/ll/A,bo/so/yes/yes/m/269/ll/A,0.38
bw/mu/yes/no/m/161/ll/A,bo/so/yes/yes/m/267/ll/U,0.38
bw/mu/yes/no/m/161/ll/A,bw/so/yes/no/d/543/ll/U,0.29
bw/mu/yes/no/m/161/ll/A,bo/so/no/yes/d/575/ll/A,0.09
bw/mu/yes/no/m/161/ll/A,bo/st/yes/no/d/521/ll/A,0.56
bw/mu/yes/no/m/161/ll/A,bo/mu/no/yes/m/189/ll/U,0.8
bw/mu/yes/no/m/161/ll/A,bo/st/yes/no/d/519/ll/U,0.56
bw/mu/yes/no/m/161/ll/A,bo/mu/yes/yes/m/173/ll/A,0.88
bw/mu/yes/no/m/161/ll/A,bo/so/no/yes/d/573/ll/U,0.09
bw/mu/yes/no/m/161/ll/A,bw/so/yes/no/d/545/ll/A,0.29
bw/mu/yes/no/m/161/ll/A,bo/st/no/yes/d/527/ll/A,0.63
bw/mu/yes/no/m/161/ll/A,bw/mu/yes/no/m/159/ll/U,1.0
bw/mu/yes/no/m/161/ll/A,bw/mu/yes/no/m/161/ll/A,1.0
bw/mu/yes/no/m/161/ll/A,bw/st/yes/yes/m/195/ll/U,0.47
bw/mu/yes/no/m/161/ll/A,bw/so/yes/yes/d/533/ll/A,0.35
bw/mu/yes/no/m/161/ll/A,bo/so/yes/no/d/567/ll/U,0.3
bw/mu/yes/no/m/161/ll/A,bw/so/no/yes/d/551/ll/A,0.35
bw/mu/yes/no/m/161/ll/A,bo/so/yes/no/d/569/ll/A,0.3
bw/mu/yes/no/m/161/ll/A,bw/st/no/yes/d/503/ll/A,0.48
bw/mu/yes/no/m/161/ll/A,bw/mu/no/yes/m/167/ll/A,0.9
bw/mu/yes/no/m/161/ll/A,bo/so/yes/yes/d/557/ll/A,0.38
bw/mu/yes/no/m/161/ll/A,bo/so/no/no/d/561/ll/U,0.08
bw/mu/yes/no/m/161/ll/A,bw/so/yes/yes/m/245/ll/A,0.35
bw/mu/yes/no/m/161/ll/A,bo/so/no/yes/m/287/ll/A,0.09
bw/mu/yes/no/m/161/ll/A,bo/so/no/no/m/273/ll/U,0.08
bw/mu/yes/no/m/161/ll/A,bw/st/yes/yes/d/485/ll/A,0.47
bw/mu/yes/no/m/161/ll/A,bo/st/no/no/m/227/ll/A,0.58
bw/mu/yes/no/m/161/ll/A,bo/mu/yes/no/d/471/ll/U,0.92
bw/mu/yes/no/m/161/ll/A,bw/mu/yes/no/d/449/ll/A,1.0
bw/mu/yes/no/m/161/ll/A,bw/mu/yes/no/d/447/ll/U,1.0
bw/mu/yes/no/m/161/ll/A,bo/so/yes/no/m/281/ll/A,0.3
bw/mu/yes/no/m/161/ll/A,bo/so/no/no/m/275/ll/A,0.08
bw/mu/yes/no/m/161/ll/A,bw/so/yes/yes/m/243/ll/U,0.35
bw/mu/yes/no/m/161/ll/A,bo/mu/no/yes/d/479/ll/A,0.8
bw/mu/yes/no/m/161/ll/A,bw/mu/no/no/d/441/ll/U,0.87
bw/mu/yes/no/m/161/ll/A,bw/st/yes/yes/d/483/ll/U,0.47
bw/mu/yes/no/m/161/ll/A,bo/mu/no/yes/d/477/ll/U,0.8
bw/mu/yes/no/m/161/ll/A,bo/st/yes/yes/m/221/ll/A,0.61
bw/mu/yes/no/m/161/ll/A,bo/st/yes/yes/m/219/ll/U,0.61
bw/st/yes/yes/m/195/ll/U,bw/st/yes/no/m/207/ll/U,0.87
bw/st/yes/yes/m/195/ll/U,bo/st/yes/no/m/231/ll/U,0.62
bw/st/yes/yes/m/195/ll/U,bo/mu/no/no/d/467/ll/A,0.43
bw/st/yes/yes/m/195/ll/U,bw/st/yes/no/m/209/ll/A,0.87
bw/st/yes/yes/m/195/ll/U,bw/so/yes/no/m/255/ll/U,0.39
bw/st/yes/yes/m/195/ll/U,bw/mu/yes/yes/d/435/ll/U,0.47
bw/st/yes/yes/m/195/ll/U,bw/so/no/yes/m/263/ll/A,0.43
bw/st/yes/yes/m/195/ll/U,bo/mu/yes/yes/d/461/ll/A,0.48
bw/st/yes/yes/m/195/ll/U,bo/st/no/yes/m/237/ll/U,0.41
bw/st/yes/yes/m/195/ll/U,bw/st/yes/no/d/495/ll/U,0.87
bw/st/yes/yes/m/195/ll/U,bo/mu/yes/yes/d/459/ll/U,0.48
bw/st/yes/yes/m/195/ll/U,bo/st/no/yes/m/239/ll/A,0.41
bw/st/yes/yes/m/195/ll/U,bw/st/no/no/m/201/ll/U,0.76
bw/st/yes/yes/m/195/ll/U,bo/st/no/yes/d/525/ll/U,0.41
bw/st/yes/yes/m/195/ll/U,bo/mu/no/no/m/179/ll/A,0.43
bw/st/yes/yes/m/195/ll/U,bo/mu/yes/no/m/183/ll/U,0.46
bw/st/yes/yes/m/195/ll/U,bo/mu/no/no/m/177/ll/U,0.43
bw/st/yes/yes/m/195/ll/U,bo/st/no/no/d/513/ll/U,0.43
bw/st/yes/yes/m/195/ll/U,bw/so/no/yes/d/549/ll/U,0.43
bw/st/yes/yes/m/195/ll/U,bw/mu/yes/yes/m/149/ll/A,0.47
bw/st/yes/yes/m/195/ll/U,bo/mu/yes/no/m/185/ll/A,0.46
bw/st/yes/yes/m/195/ll/U,bo/st/no/no/d/515/ll/A,0.43
bw/st/yes/yes/m/195/ll/U,bo/mu/yes/yes/m/171/ll/U,0.48
bw/st/yes/yes/m/195/ll/U,bw/mu/yes/yes/m/147/ll/U,0.47
bw/st/yes/yes/m/195/ll/U,bo/so/no/no/d/563/ll/A,0.12
bw/st/yes/yes/m/195/ll/U,bo/so/yes/yes/d/555/ll/U,0.44
bw/st/yes/yes/m/195/ll/U,bw/so/no/no/d/539/ll/A,0.38
bw/st/yes/yes/m/195/ll/U,bo/mu/no/yes/m/191/ll/A,0.43
bw/st/yes/yes/m/195/ll/U,bw/st/no/yes/d/501/ll/U,0.86
bw/st/yes/yes/m/195/ll/U,bw/mu/no/yes/m/165/ll/U,0.46
bw/st/yes/yes/m/195/ll/U,bw/mu/no/no/m/153/ll/U,0.47
bw/st/yes/yes/m/195/ll/U,bw/so/no/no/d/537/ll/U,0.38
bw/st/yes/yes/m/195/ll/U,bw/so/yes/yes/d/531/ll/U,0.45
bw/st/yes/yes/m/195/ll/U,bw/mu/no/no/m/155/ll/A,0.47
bw/st/yes/yes/m/195/ll/U,bo/st/yes/yes/d/509/ll/A,0.56
bw/st/yes/yes/m/195/ll/U,bw/st/yes/yes/m/197/ll/A,1.0
bw/st/yes/yes/m/195/ll/U,bo/st/yes/yes/d/507/ll/U,0.56
bw/st/yes/yes/m/195/ll/U,bw/st/no/yes/m/215/ll/A,0.86
bw/st/yes/yes/m/195/ll/U,bw/mu/no/no/d/443/ll/A,0.47
bw/st/yes/yes/m/195/ll/U,bo/so/yes/no/m/279/ll/U,0.37
bw/st/yes/yes/m/195/ll/U,bw/st/no/no/d/489/ll/U,0.76
bw/st/yes/yes/m/195/ll/U,bw/st/no/yes/m/213/ll/U,0.86
bw/st/yes/yes/m/195/ll/U,bo/st/no/no/m/225/ll/U,0.43
bw/st/yes/yes/m/195/ll/U,bo/mu/yes/no/d/473/ll/A,0.46
bw/st/yes/yes/m/195/ll/U,bw/so/no/no/m/249/ll/U,0.38
bw/st/yes/yes/m/195/ll/U,bo/so/no/yes/m/285/ll/U,0.11
bw/st/yes/yes/m/195/ll/U,bw/st/no/no/m/203/ll/A,0.76
bw/st/yes/yes/m/195/ll/U,bw/mu/no/yes/d/455/ll/A,0.46
bw/st/yes/yes/m/195/ll/U,bw/st/yes/no/d/497/ll/A,0.87
bw/st/yes/yes/m/195/ll/U,bw/mu/yes/yes/d/437/ll/A,0.47
bw/st/yes/yes/m/195/ll/U,bw/so/no/yes/m/261/ll/U,0.43
bw/st/yes/yes/m/195/ll/U,bw/so/yes/no/m/257/ll/A,0.39
bw/st/yes/yes/m/195/ll/U,bw/st/no/no/d/491/ll/A,0.76
bw/st/yes/yes/m/195/ll/U,bo/st/yes/no/m/233/ll/A,0.62
bw/st/yes/yes/m/195/ll/U,bo/mu/no/no/d/465/ll/U,0.43
bw/st/yes/yes/m/195/ll/U,bw/mu/no/yes/d/453/ll/U,0.46
bw/st/yes/yes/m/195/ll/U,bw/so/no/no/m/251/ll/A,0.38
bw/st/yes/yes/m/195/ll/U,bo/so/yes/yes/m/269/ll/A,0.44
bw/st/yes/yes/m/195/ll/U,bo/so/yes/yes/m/267/ll/U,0.44
bw/st/yes/yes/m/195/ll/U,bw/so/yes/no/d/543/ll/U,0.39
bw/st/yes/yes/m/195/ll/U,bo/so/no/yes/d/575/ll/A,0.11
bw/st/yes/yes/m/195/ll/U,bo/st/yes/no/d/521/ll/A,0.62
bw/st/yes/yes/m/195/ll/U,bo/mu/no/yes/m/189/ll/U,0.43
bw/st/yes/yes/m/195/ll/U,bo/st/yes/no/d/519/ll/U,0.62
bw/st/yes/yes/m/195/ll/U,bo/mu/yes/yes/m/173/ll/A,0.48
bw/st/yes/yes/m/195/ll/U,bo/so/no/yes/d/573/ll/U,0.11
bw/st/yes/yes/m/195/ll/U,bw/so/yes/no/d/545/ll/A,0.39
bw/st/yes/yes/m/195/ll/U,bo/st/no/yes/d/527/ll/A,0.41
bw/st/yes/yes/m/195/ll/U,bw/mu/yes/no/m/159/ll/U,0.47
bw/st/yes/yes/m/195/ll/U,bw/mu/yes/no/m/161/ll/A,0.47
bw/st/yes/yes/m/195/ll/U,bw/st/yes/yes/m/195/ll/U,1.0
bw/st/yes/yes/m/195/ll/U,bw/so/yes/yes/d/533/ll/A,0.45
bw/st/yes/yes/m/195/ll/U,bo/so/yes/no/d/567/ll/U,0.37
bw/st/yes/yes/m/195/ll/U,bw/so/no/yes/d/551/ll/A,0.43
bw/st/yes/yes/m/195/ll/U,bo/so/yes/no/d/569/ll/A,0.37
bw/st/yes/yes/m/195/ll/U,bw/st/no/yes/d/503/ll/A,0.86
bw/st/yes/yes/m/195/ll/U,bw/mu/no/yes/m/167/ll/A,0.46
bw/st/yes/yes/m/195/ll/U,bo/so/yes/yes/d/557/ll/A,0.44
bw/st/yes/yes/m/195/ll/U,bo/so/no/no/d/561/ll/U,0.12
bw/st/yes/yes/m/195/ll/U,bw/so/yes/yes/m/245/ll/A,0.45
bw/st/yes/yes/m/195/ll/U,bo/so/no/yes/m/287/ll/A,0.11
bw/st/yes/yes/m/195/ll/U,bo/so/no/no/m/273/ll/U,0.12
bw/st/yes/yes/m/195/ll/U,bw/st/yes/yes/d/485/ll/A,1.0
bw/st/yes/yes/m/195/ll/U,bo/st/no/no/m/227/ll/A,0.43
bw/st/yes/yes/m/195/ll/U,bo/mu/yes/no/d/471/ll/U,0.46
bw/st/yes/yes/m/195/ll/U,bw/mu/yes/no/d/449/ll/A,0.47
bw/st/yes/yes/m/195/ll/U,bw/mu/yes/no/d/447/ll/U,0.47
bw/st/yes/yes/m/195/ll/U,bo/so/yes/no/m/281/ll/A,0.37
bw/st/yes/yes/m/195/ll/U,bo/so/no/no/m/275/ll/A,0.12
bw/st/yes/yes/m/195/ll/U,bw/so/yes/yes/m/243/ll/U,0.45
bw/st/yes/yes/m/195/ll/U,bo/mu/no/yes/d/479/ll/A,0.43
bw/st/yes/yes/m/195/ll/U,bw/mu/no/no/d/441/ll/U,0.47
bw/st/yes/yes/m/195/ll/U,bw/st/yes/yes/d/483/ll/U,1.0
bw/st/yes/yes/m/195/ll/U,bo/mu/no/yes/d/477/ll/U,0.43
bw/st/yes/yes/m/195/ll/U,bo/st/yes/yes/m/221/ll/A,0.56
bw/st/yes/yes/m/195/ll/U,bo/st/yes/yes/m/219/ll/U,0.56
bw/so/yes/yes/d/533/ll/A,bw/st/yes/no/m/207/ll/U,0.44
bw/so/yes/yes/d/533/ll/A,bo/st/yes/no/m/231/ll/U,0.44
bw/so/yes/yes/d/533/ll/A,bo/mu/no/no/d/467/ll/A,0.31
bw/so/yes/yes/d/533/ll/A,bw/st/yes/no/m/209/ll/A,0.44
bw/so/yes/yes/d/533/ll/A,bw/so/yes/no/m/255/ll/U,0.76
bw/so/yes/yes/d/533/ll/A,bw/mu/yes/yes/d/435/ll/U,0.35
bw/so/yes/yes/d/533/ll/A,bw/so/no/yes/m/263/ll/A,0.86
bw/so/yes/yes/d/533/ll/A,bo/mu/yes/yes/d/461/ll/A,0.33
bw/so/yes/yes/d/533/ll/A,bo/st/no/yes/m/237/ll/U,0.33
bw/so/yes/yes/d/533/ll/A,bw/st/yes/no/d/495/ll/U,0.44
bw/so/yes/yes/d/533/ll/A,bo/mu/yes/yes/d/459/ll/U,0.33
bw/so/yes/yes/d/533/ll/A,bo/st/no/yes/m/239/ll/A,0.33
bw/so/yes/yes/d/533/ll/A,bw/st/no/no/m/201/ll/U,0.42
bw/so/yes/yes/d/533/ll/A,bo/st/no/yes/d/525/ll/U,0.33
bw/so/yes/yes/d/533/ll/A,bo/mu/no/no/m/179/ll/A,0.31
bw/so/yes/yes/d/533/ll/A,bo/mu/yes/no/m/183/ll/U,0.34
bw/so/yes/yes/d/533/ll/A,bo/mu/no/no/m/177/ll/U,0.31
bw/so/yes/yes/d/533/ll/A,bo/st/no/no/d/513/ll/U,0.35
bw/so/yes/yes/d/533/ll/A,bw/so/no/yes/d/549/ll/U,0.86
bw/so/yes/yes/d/533/ll/A,bw/mu/yes/yes/m/149/ll/A,0.35
bw/so/yes/yes/d/533/ll/A,bo/mu/yes/no/m/185/ll/A,0.34
bw/so/yes/yes/d/533/ll/A,bo/st/no/no/d/515/ll/A,0.35
bw/so/yes/yes/d/533/ll/A,bo/mu/yes/yes/m/171/ll/U,0.33
bw/so/yes/yes/d/533/ll/A,bw/mu/yes/yes/m/147/ll/U,0.35
bw/so/yes/yes/d/533/ll/A,bo/so/no/no/d/563/ll/A,0.2
bw/so/yes/yes/d/533/ll/A,bo/so/yes/yes/d/555/ll/U,0.69
bw/so/yes/yes/d/533/ll/A,bw/so/no/no/d/539/ll/A,0.7
bw/so/yes/yes/d/533/ll/A,bo/mu/no/yes/m/191/ll/A,0.32
bw/so/yes/yes/d/533/ll/A,bw/st/no/yes/d/501/ll/U,0.44
bw/so/yes/yes/d/533/ll/A,bw/mu/no/yes/m/165/ll/U,0.35
bw/so/yes/yes/d/533/ll/A,bw/mu/no/no/m/153/ll/U,0.33
bw/so/yes/yes/d/533/ll/A,bw/so/no/no/d/537/ll/U,0.7
bw/so/yes/yes/d/533/ll/A,bw/so/yes/yes/d/531/ll/U,1.0
bw/so/yes/yes/d/533/ll/A,bw/mu/no/no/m/155/ll/A,0.33
bw/so/yes/yes/d/533/ll/A,bo/st/yes/yes/d/509/ll/A,0.41
bw/so/yes/yes/d/533/ll/A,bw/st/yes/yes/m/197/ll/A,0.45
bw/so/yes/yes/d/533/ll/A,bo/st/yes/yes/d/507/ll/U,0.41
bw/so/yes/yes/d/533/ll/A,bw/st/no/yes/m/215/ll/A,0.44
bw/so/yes/yes/d/533/ll/A,bw/mu/no/no/d/443/ll/A,0.33
bw/so/yes/yes/d/533/ll/A,bo/so/yes/no/m/279/ll/U,0.61
bw/so/yes/yes/d/533/ll/A,bw/st/no/no/d/489/ll/U,0.42
bw/so/yes/yes/d/533/ll/A,bw/st/no/yes/m/213/ll/U,0.44
bw/so/yes/yes/d/533/ll/A,bo/st/no/no/m/225/ll/U,0.35
bw/so/yes/yes/d/533/ll/A,bo/mu/yes/no/d/473/ll/A,0.34
bw/so/yes/yes/d/533/ll/A,bw/so/no/no/m/249/ll/U,0.7
bw/so/yes/yes/d/533/ll/A,bo/so/no/yes/m/285/ll/U,0.17
bw/so/yes/yes/d/533/ll/A,bw/st/no/no/m/203/ll/A,0.42
bw/so/yes/yes/d/533/ll/A,bw/mu/no/yes/d/455/ll/A,0.35
bw/so/yes/yes/d/533/ll/A,bw/st/yes/no/d/497/ll/A,0.44
bw/so/yes/yes/d/533/ll/A,bw/mu/yes/yes/d/437/ll/A,0.35
bw/so/yes/yes/d/533/ll/A,bw/so/no/yes/m/261/ll/U,0.86
bw/so/yes/yes/d/533/ll/A,bw/so/yes/no/m/257/ll/A,0.76
bw/so/yes/yes/d/533/ll/A,bw/st/no/no/d/491/ll/A,0.42
bw/so/yes/yes/d/533/ll/A,bo/st/yes/no/m/233/ll/A,0.44
bw/so/yes/yes/d/533/ll/A,bo/mu/no/no/d/465/ll/U,0.31
bw/so/yes/yes/d/533/ll/A,bw/mu/no/yes/d/453/ll/U,0.35
bw/so/yes/yes/d/533/ll/A,bw/so/no/no/m/251/ll/A,0.7
bw/so/yes/yes/d/533/ll/A,bo/so/yes/yes/m/269/ll/A,0.69
bw/so/yes/yes/d/533/ll/A,bo/so/yes/yes/m/267/ll/U,0.69
bw/so/yes/yes/d/533/ll/A,bw/so/yes/no/d/543/ll/U,0.76
bw/so/yes/yes/d/533/ll/A,bo/so/no/yes/d/575/ll/A,0.17
bw/so/yes/yes/d/533/ll/A,bo/st/yes/no/d/521/ll/A,0.44
bw/so/yes/yes/d/533/ll/A,bo/mu/no/yes/m/189/ll/U,0.32
bw/so/yes/yes/d/533/ll/A,bo/st/yes/no/d/519/ll/U,0.44
bw/so/yes/yes/d/533/ll/A,bo/mu/yes/yes/m/173/ll/A,0.33
bw/so/yes/yes/d/533/ll/A,bo/so/no/yes/d/573/ll/U,0.17
bw/so/yes/yes/d/533/ll/A,bw/so/yes/no/d/545/ll/A,0.76
bw/so/yes/yes/d/533/ll/A,bo/st/no/yes/d/527/ll/A,0.33
bw/so/yes/yes/d/533/ll/A,bw/mu/yes/no/m/159/ll/U,0.35
bw/so/yes/yes/d/533/ll/A,bw/mu/yes/no/m/161/ll/A,0.35
bw/so/yes/yes/d/533/ll/A,bw/st/yes/yes/m/195/ll/U,0.45
bw/so/yes/yes/d/533/ll/A,bw/so/yes/yes/d/533/ll/A,1.0
bw/so/yes/yes/d/533/ll/A,bo/so/yes/no/d/567/ll/U,0.61
bw/so/yes/yes/d/533/ll/A,bw/so/no/yes/d/551/ll/A,0.86
bw/so/yes/yes/d/533/ll/A,bo/so/yes/no/d/569/ll/A,0.61
bw/so/yes/yes/d/533/ll/A,bw/st/no/yes/d/503/ll/A,0.44
bw/so/yes/yes/d/533/ll/A,bw/mu/no/yes/m/167/ll/A,0.35
bw/so/yes/yes/d/533/ll/A,bo/so/yes/yes/d/557/ll/A,0.69
bw/so/yes/yes/d/533/ll/A,bo/so/no/no/d/561/ll/U,0.2
bw/so/yes/yes/d/533/ll/A,bw/so/yes/yes/m/245/ll/A,1.0
bw/so/yes/yes/d/533/ll/A,bo/so/no/yes/m/287/ll/A,0.17
bw/so/yes/yes/d/533/ll/A,bo/so/no/no/m/273/ll/U,0.2
bw/so/yes/yes/d/533/ll/A,bw/st/yes/yes/d/485/ll/A,0.45
bw/so/yes/yes/d/533/ll/A,bo/st/no/no/m/227/ll/A,0.35
bw/so/yes/yes/d/533/ll/A,bo/mu/yes/no/d/471/ll/U,0.34
bw/so/yes/yes/d/533/ll/A,bw/mu/yes/no/d/449/ll/A,0.35
bw/so/yes/yes/d/533/ll/A,bw/mu/yes/no/d/447/ll/U,0.35
bw/so/yes/yes/d/533/ll/A,bo/so/yes/no/m/281/ll/A,0.61
bw/so/yes/yes/d/533/ll/A,bo/so/no/no/m/275/ll/A,0.2
bw/so/yes/yes/d/533/ll/A,bw/so/yes/yes/m/243/ll/U,1.0
bw/so/yes/yes/d/533/ll/A,bo/mu/no/yes/d/479/ll/A,0.32
bw/so/yes/yes/d/533/ll/A,bw/mu/no/no/d/441/ll/U,0.33
bw/so/yes/yes/d/533/ll/A,bw/st/yes/yes/d/483/ll/U,0.45
bw/so/yes/yes/d/533/ll/A,bo/mu/no/yes/d/477/ll/U,0.32
bw/so/yes/yes/d/533/ll/A,bo/st/yes/yes/m/221/ll/A,0.41
bw/so/yes/yes/d/533/ll/A,bo/st/yes/yes/m/219/ll/U,0.41
bo/so/yes/no/d/567/ll/U,bw/st/yes/no/m/207/ll/U,0.37
bo/so/yes/no/d/567/ll/U,bo/st/yes/no/m/231/ll/U,0.4
bo/so/yes/no/d/567/ll/U,bo/mu/no/no/d/467/ll/A,0.28
bo/so/yes/no/d/567/ll/U,bw/st/yes/no/m/209/ll/A,0.37
bo/so/yes/no/d/567/ll/U,bw/so/yes/no/m/255/ll/U,0.75
bo/so/yes/no/d/567/ll/U,bw/mu/yes/yes/d/435/ll/U,0.3
bo/so/yes/no/d/567/ll/U,bw/so/no/yes/m/263/ll/A,0.59
bo/so/yes/no/d/567/ll/U,bo/mu/yes/yes/d/461/ll/A,0.3
bo/so/yes/no/d/567/ll/U,bo/st/no/yes/m/237/ll/U,0.29
bo/so/yes/no/d/567/ll/U,bw/st/yes/no/d/495/ll/U,0.37
bo/so/yes/no/d/567/ll/U,bo/mu/yes/yes/d/459/ll/U,0.3
bo/so/yes/no/d/567/ll/U,bo/st/no/yes/m/239/ll/A,0.29
bo/so/yes/no/d/567/ll/U,bw/st/no/no/m/201/ll/U,0.36
bo/so/yes/no/d/567/ll/U,bo/st/no/yes/d/525/ll/U,0.29
bo/so/yes/no/d/567/ll/U,bo/mu/no/no/m/179/ll/A,0.28
bo/so/yes/no/d/567/ll/U,bo/mu/yes/no/m/183/ll/U,0.3
bo/so/yes/no/d/567/ll/U,bo/mu/no/no/m/177/ll/U,0.28
bo/so/yes/no/d/567/ll/U,bo/st/no/no/d/513/ll/U,0.32
bo/so/yes/no/d/567/ll/U,bw/so/no/yes/d/549/ll/U,0.59
bo/so/yes/no/d/567/ll/U,bw/mu/yes/yes/m/149/ll/A,0.3
bo/so/yes/no/d/567/ll/U,bo/mu/yes/no/m/185/ll/A,0.3
bo/so/yes/no/d/567/ll/U,bo/st/no/no/d/515/ll/A,0.32
bo/so/yes/no/d/567/ll/U,bo/mu/yes/yes/m/171/ll/U,0.3
bo/so/yes/no/d/567/ll/U,bw/mu/yes/yes/m/147/ll/U,0.3
bo/so/yes/no/d/567/ll/U,bo/so/no/no/d/563/ll/A,0.25
bo/so/yes/no/d/567/ll/U,bo/so/yes/yes/d/555/ll/U,0.7
bo/so/yes/no/d/567/ll/U,bw/so/no/no/d/539/ll/A,0.7
bo/so/yes/no/d/567/ll/U,bo/mu/no/yes/m/191/ll/A,0.28
bo/so/yes/no/d/567/ll/U,bw/st/no/yes/d/501/ll/U,0.36
bo/so/yes/no/d/567/ll/U,bw/mu/no/yes/m/165/ll/U,0.3
bo/so/yes/no/d/567/ll/U,bw/mu/no/no/m/153/ll/U,0.29
bo/so/yes/no/d/567/ll/U,bw/so/no/no/d/537/ll/U,0.7
bo/so/yes/no/d/567/ll/U,bw/so/yes/yes/d/531/ll/U,0.61
bo/so/yes/no/d/567/ll/U,bw/mu/no/no/m/155/ll/A,0.29
bo/so/yes/no/d/567/ll/U,bo/st/yes/yes/d/509/ll/A,0.37
bo/so/yes/no/d/567/ll/U,bw/st/yes/yes/m/197/ll/A,0.37
bo/so/yes/no/d/567/ll/U,bo/st/yes/yes/d/507/ll/U,0.37
bo/so/yes/no/d/567/ll/U,bw/st/no/yes/m/215/ll/A,0.36
bo/so/yes/no/d/567/ll/U,bw/mu/no/no/d/443/ll/A,0.29
bo/so/yes/no/d/567/ll/U,bo/so/yes/no/m/279/ll/U,1.0
bo/so/yes/no/d/567/ll/U,bw/st/no/no/d/489/ll/U,0.36
bo/so/yes/no/d/567/ll/U,bw/st/no/yes/m/213/ll/U,0.36
bo/so/yes/no/d/567/ll/U,bo/st/no/no/m/225/ll/U,0.32
bo/so/yes/no/d/567/ll/U,bo/mu/yes/no/d/473/ll/A,0.3
bo/so/yes/no/d/567/ll/U,bw/so/no/no/m/249/ll/U,0.7
bo/so/yes/no/d/567/ll/U,bo/so/no/yes/m/285/ll/U,0.18
bo/so/yes/no/d/567/ll/U,bw/st/no/no/m/203/ll/A,0.36
bo/so/yes/no/d/567/ll/U,bw/mu/no/yes/d/455/ll/A,0.3
bo/so/yes/no/d/567/ll/U,bw/st/yes/no/d/497/ll/A,0.37
bo/so/yes/no/d/567/ll/U,bw/mu/yes/yes/d/437/ll/A,0.3
bo/so/yes/no/d/567/ll/U,bw/so/no/yes/m/261/ll/U,0.59
bo/so/yes/no/d/567/ll/U,bw/so/yes/no/m/257/ll/A,0.75
bo/so/yes/no/d/567/ll/U,bw/st/no/no/d/491/ll/A,0.36
bo/so/yes/no/d/567/ll/U,bo/st/yes/no/m/233/ll/A,0.4
bo/so/yes/no/d/567/ll/U,bo/mu/no/no/d/465/ll/U,0.28
bo/so/yes/no/d/567/ll/U,bw/mu/no/yes/d/453/ll/U,0.3
bo/so/yes/no/d/567/ll/U,bw/so/no/no/m/251/ll/A,0.7
bo/so/yes/no/d/567/ll/U,bo/so/yes/yes/m/269/ll/A,0.7
bo/so/yes/no/d/567/ll/U,bo/so/yes/yes/m/267/ll/U,0.7
bo/so/yes/no/d/567/ll/U,bw/so/yes/no/d/543/ll/U,0.75
bo/so/yes/no/d/567/ll/U,bo/so/no/yes/d/575/ll/A,0.18
bo/so/yes/no/d/567/ll/U,bo/st/yes/no/d/521/ll/A,0.4
bo/so/yes/no/d/567/ll/U,bo/mu/no/yes/m/189/ll/U,0.28
bo/so/yes/no/d/567/ll/U,bo/st/yes/no/d/519/ll/U,0.4
bo/so/yes/no/d/567/ll/U,bo/mu/yes/yes/m/173/ll/A,0.3
bo/so/yes/no/d/567/ll/U,bo/so/no/yes/d/573/ll/U,0.18
bo/so/yes/no/d/567/ll/U,bw/so/yes/no/d/545/ll/A,0.75
bo/so/yes/no/d/567/ll/U,bo/st/no/yes/d/527/ll/A,0.29
bo/so/yes/no/d/567/ll/U,bw/mu/yes/no/m/159/ll/U,0.3
bo/so/yes/no/d/567/ll/U,bw/mu/yes/no/m/161/ll/A,0.3
bo/so/yes/no/d/567/ll/U,bw/st/yes/yes/m/195/ll/U,0.37
bo/so/yes/no/d/567/ll/U,bw/so/yes/yes/d/533/ll/A,0.61
bo/so/yes/no/d/567/ll/U,bo/so/yes/no/d/567/ll/U,1.0
bo/so/yes/no/d/567/ll/U,bw/so/no/yes/d/551/ll/A,0.59
bo/so/yes/no/d/567/ll/U,bo/so/yes/no/d/569/ll/A,1.0
bo/so/yes/no/d/567/ll/U,bw/st/no/yes/d/503/ll/A,0.36
bo/so/yes/no/d/567/ll/U,bw/mu/no/yes/m/167/ll/A,0.3
bo/so/yes/no/d/567/ll/U,bo/so/yes/yes/d/557/ll/A,0.7
bo/so/yes/no/d/567/ll/U,bo/so/no/no/d/561/ll/U,0.25
bo/so/yes/no/d/567/ll/U,bw/so/yes/yes/m/245/ll/A,0.61
bo/so/yes/no/d/567/ll/U,bo/so/no/yes/m/287/ll/A,0.18
bo/so/yes/no/d/567/ll/U,bo/so/no/no/m/273/ll/U,0.25
bo/so/yes/no/d/567/ll/U,bw/st/yes/yes/d/485/ll/A,0.37
bo/so/yes/no/d/567/ll/U,bo/st/no/no/m/227/ll/A,0.32
bo/so/yes/no/d/567/ll/U,bo/mu/yes/no/d/471/ll/U,0.3
bo/so/yes/no/d/567/ll/U,bw/mu/yes/no/d/449/ll/A,0.3
bo/so/yes/no/d/567/ll/U,bw/mu/yes/no/d/447/ll/U,0.3
bo/so/yes/no/d/567/ll/U,bo/so/yes/no/m/281/ll/A,1.0
bo/so/yes/no/d/567/ll/U,bo/so/no/no/m/275/ll/A,0.25
bo/so/yes/no/d/567/ll/U,bw/so/yes/yes/m/243/ll/U,0.61
bo/so/yes/no/d/567/ll/U,bo/mu/no/yes/d/479/ll/A,0.28
bo/so/yes/no/d/567/ll/U,bw/mu/no/no/d/441/ll/U,0.29
bo/so/yes/no/d/567/ll/U,bw/st/yes/yes/d/483/ll/U,0.37
bo/so/yes/no/d/567/ll/U,bo/mu/no/yes/d/477/ll/U,0.28
bo/so/yes/no/d/567/ll/U,bo/st/yes/yes/m/221/ll/A,0.37
bo/so/yes/no/d/567/ll/U,bo/st/yes/yes/m/219/ll/U,0.37
bw/so/no/yes/d/551/ll/A,bw/st/yes/no/m/207/ll/U,0.42
bw/so/no/yes/d/551/ll/A,bo/st/yes/no/m/231/ll/U,0.44
bw/so/no/yes/d/551/ll/A,bo/mu/no/no/d/467/ll/A,0.31
bw/so/no/yes/d/551/ll/A,bw/st/yes/no/m/209/ll/A,0.42
bw/so/no/yes/d/551/ll/A,bw/so/yes/no/m/255/ll/U,0.72
bw/so/no/yes/d/551/ll/A,bw/mu/yes/yes/d/435/ll/U,0.36
bw/so/no/yes/d/551/ll/A,bw/so/no/yes/m/263/ll/A,1.0
bw/so/no/yes/d/551/ll/A,bo/mu/yes/yes/d/461/ll/A,0.34
bw/so/no/yes/d/551/ll/A,bo/st/no/yes/m/237/ll/U,0.34
bw/so/no/yes/d/551/ll/A,bw/st/yes/no/d/495/ll/U,0.42
bw/so/no/yes/d/551/ll/A,bo/mu/yes/yes/d/459/ll/U,0.34
bw/so/no/yes/d/551/ll/A,bo/st/no/yes/m/239/ll/A,0.34
bw/so/no/yes/d/551/ll/A,bw/st/no/no/m/201/ll/U,0.43
bw/so/no/yes/d/551/ll/A,bo/st/no/yes/d/525/ll/U,0.34
bw/so/no/yes/d/551/ll/A,bo/mu/no/no/m/179/ll/A,0.31
bw/so/no/yes/d/551/ll/A,bo/mu/yes/no/m/183/ll/U,0.34
bw/so/no/yes/d/551/ll/A,bo/mu/no/no/m/177/ll/U,0.31
bw/so/no/yes/d/551/ll/A,bo/st/no/no/d/513/ll/U,0.36
bw/so/no/yes/d/551/ll/A,bw/so/no/yes/d/549/ll/U,1.0
bw/so/no/yes/d/551/ll/A,bw/mu/yes/yes/m/149/ll/A,0.36
bw/so/no/yes/d/551/ll/A,bo/mu/yes/no/m/185/ll/A,0.34
bw/so/no/yes/d/551/ll/A,bo/st/no/no/d/515/ll/A,0.36
bw/so/no/yes/d/551/ll/A,bo/mu/yes/yes/m/171/ll/U,0.34
bw/so/no/yes/d/551/ll/A,bw/mu/yes/yes/m/147/ll/U,0.36
bw/so/no/yes/d/551/ll/A,bo/so/no/no/d/563/ll/A,0.21
bw/so/no/yes/d/551/ll/A,bo/so/yes/yes/d/555/ll/U,0.65
bw/so/no/yes/d/551/ll/A,bw/so/no/no/d/539/ll/A,0.78
bw/so/no/yes/d/551/ll/A,bo/mu/no/yes/m/191/ll/A,0.32
bw/so/no/yes/d/551/ll/A,bw/st/no/yes/d/501/ll/U,0.45
bw/so/no/yes/d/551/ll/A,bw/mu/no/yes/m/165/ll/U,0.35
bw/so/no/yes/d/551/ll/A,bw/mu/no/no/m/153/ll/U,0.33
bw/so/no/yes/d/551/ll/A,bw/so/no/no/d/537/ll/U,0.78
bw/so/no/yes/d/551/ll/A,bw/so/yes/yes/d/531/ll/U,0.86
bw/so/no/yes/d/551/ll/A,bw/mu/no/no/m/155/ll/A,0.33
bw/so/no/yes/d/551/ll/A,bo/st/yes/yes/d/509/ll/A,0.41
bw/so/no/yes/d/551/ll/A,bw/st/yes/yes/m/197/ll/A,0.43
bw/so/no/yes/d/551/ll/A,bo/st/yes/yes/d/507/ll/U,0.41
bw/so/no/yes/d/551/ll/A,bw/st/no/yes/m/215/ll/A,0.45
bw/so/no/yes/d/551/ll/A,bw/mu/no/no/d/443/ll/A,0.33
bw/so/no/yes/d/551/ll/A,bo/so/yes/no/m/279/ll/U,0.59
bw/so/no/yes/d/551/ll/A,bw/st/no/no/d/489/ll/U,0.43
bw/so/no/yes/d/551/ll/A,bw/st/no/yes/m/213/ll/U,0.45
bw/so/no/yes/d/551/ll/A,bo/st/no/no/m/225/ll/U,0.36
bw/so/no/yes/d/551/ll/A,bo/mu/yes/no/d/473/ll/A,0.34
bw/so/no/yes/d/551/ll/A,bw/so/no/no/m/249/ll/U,0.78
bw/so/no/yes/d/551/ll/A,bo/so/no/yes/m/285/ll/U,0.18
bw/so/no/yes/d/551/ll/A,bw/st/no/no/m/203/ll/A,0.43
bw/so/no/yes/d/551/ll/A,bw/mu/no/yes/d/455/ll/A,0.35
bw/so/no/yes/d/551/ll/A,bw/st/yes/no/d/497/ll/A,0.42
bw/so/no/yes/d/551/ll/A,bw/mu/yes/yes/d/437/ll/A,0.36
bw/so/no/yes/d/551/ll/A,bw/so/no/yes/m/261/ll/U,1.0
bw/so/no/yes/d/551/ll/A,bw/so/yes/no/m/257/ll/A,0.72
bw/so/no/yes/d/551/ll/A,bw/st/no/no/d/491/ll/A,0.43
bw/so/no/yes/d/551/ll/A,bo/st/yes/no/m/233/ll/A,0.44
bw/so/no/yes/d/551/ll/A,bo/mu/no/no/d/465/ll/U,0.31
bw/so/no/yes/d/551/ll/A,bw/mu/no/yes/d/453/ll/U,0.35
bw/so/no/yes/d/551/ll/A,bw/so/no/no/m/251/ll/A,0.78
bw/so/no/yes/d/551/ll/A,bo/so/yes/yes/m/269/ll/A,0.65
bw/so/no/yes/d/551/ll/A,bo/so/yes/yes/m/267/ll/U,0.65
bw/so/no/yes/d/551/ll/A,bw/so/yes/no/d/543/ll/U,0.72
bw/so/no/yes/d/551/ll/A,bo/so/no/yes/d/575/ll/A,0.18
bw/so/no/yes/d/551/ll/A,bo/st/yes/no/d/521/ll/A,0.44
bw/so/no/yes/d/551/ll/A,bo/mu/no/yes/m/189/ll/U,0.32
bw/so/no/yes/d/551/ll/A,bo/st/yes/no/d/519/ll/U,0.44
bw/so/no/yes/d/551/ll/A,bo/mu/yes/yes/m/173/ll/A,0.34
bw/so/no/yes/d/551/ll/A,bo/so/no/yes/d/573/ll/U,0.18
bw/so/no/yes/d/551/ll/A,bw/so/yes/no/d/545/ll/A,0.72
bw/so/no/yes/d/551/ll/A,bo/st/no/yes/d/527/ll/A,0.34
bw/so/no/yes/d/551/ll/A,bw/mu/yes/no/m/159/ll/U,0.35
bw/so/no/yes/d/551/ll/A,bw/mu/yes/no/m/161/ll/A,0.35
bw/so/no/yes/d/551/ll/A,bw/st/yes/yes/m/195/ll/U,0.43
bw/so/no/yes/d/551/ll/A,bw/so/yes/yes/d/533/ll/A,0.86
bw/so/no/yes/d/551/ll/A,bo/so/yes/no/d/567/ll/U,0.59
bw/so/no/yes/d/551/ll/A,bw/so/no/yes/d/551/ll/A,1.0
bw/so/no/yes/d/551/ll/A,bo/so/yes/no/d/569/ll/A,0.59
bw/so/no/yes/d/551/ll/A,bw/st/no/yes/d/503/ll/A,0.45
bw/so/no/yes/d/551/ll/A,bw/mu/no/yes/m/167/ll/A,0.35
bw/so/no/yes/d/551/ll/A,bo/so/yes/yes/d/557/ll/A,0.65
bw/so/no/yes/d/551/ll/A,bo/so/no/no/d/561/ll/U,0.21
bw/so/no/yes/d/551/ll/A,bw/so/yes/yes/m/245/ll/A,0.86
bw/so/no/yes/d/551/ll/A,bo/so/no/yes/m/287/ll/A,0.18
bw/so/no/yes/d/551/ll/A,bo/so/no/no/m/273/ll/U,0.21
bw/so/no/yes/d/551/ll/A,bw/st/yes/yes/d/485/ll/A,0.43
bw/so/no/yes/d/551/ll/A,bo/st/no/no/m/227/ll/A,0.36
bw/so/no/yes/d/551/ll/A,bo/mu/yes/no/d/471/ll/U,0.34
bw/so/no/yes/d/551/ll/A,bw/mu/yes/no/d/449/ll/A,0.35
bw/so/no/yes/d/551/ll/A,bw/mu/yes/no/d/447/ll/U,0.35
bw/so/no/yes/d/551/ll/A,bo/so/yes/no/m/281/ll/A,0.59
bw/so/no/yes/d/551/ll/A,bo/so/no/no/m/275/ll/A,0.21
bw/so/no/yes/d/551/ll/A,bw/so/yes/yes/m/243/ll/U,0.86
bw/so/no/yes/d/551/ll/A,bo/mu/no/yes/d/479/ll/A,0.32
bw/so/no/yes/d/551/ll/A,bw/mu/no/no/d/441/ll/U,0.33
bw/so/no/yes/d/551/ll/A,bw/st/yes/yes/d/483/ll/U,0.43
bw/so/no/yes/d/551/ll/A,bo/mu/no/yes/d/477/ll/U,0.32
bw/so/no/yes/d/551/ll/A,bo/st/yes/yes/m/221/ll/A,0.41
bw/so/no/yes/d/551/ll/A,bo/st/yes/yes/m/219/ll/U,0.41
bo/so/yes/no/d/569/ll/A,bw/st/yes/no/m/207/ll/U,0.37
bo/so/yes/no/d/569/ll/A,bo/st/yes/no/m/231/ll/U,0.4
bo/so/yes/no/d/569/ll/A,bo/mu/no/no/d/467/ll/A,0.28
bo/so/yes/no/d/569/ll/A,bw/st/yes/no/m/209/ll/A,0.37
bo/so/yes/no/d/569/ll/A,bw/so/yes/no/m/255/ll/U,0.75
bo/so/yes/no/d/569/ll/A,bw/mu/yes/yes/d/435/ll/U,0.3
bo/so/yes/no/d/569/ll/A,bw/so/no/yes/m/263/ll/A,0.59
bo/so/yes/no/d/569/ll/A,bo/mu/yes/yes/d/461/ll/A,0.3
bo/so/yes/no/d/569/ll/A,bo/st/no/yes/m/237/ll/U,0.29
bo/so/yes/no/d/569/ll/A,bw/st/yes/no/d/495/ll/U,0.37
bo/so/yes/no/d/569/ll/A,bo/mu/yes/yes/d/459/ll/U,0.3
bo/so/yes/no/d/569/ll/A,bo/st/no/yes/m/239/ll/A,0.29
bo/so/yes/no/d/569/ll/A,bw/st/no/no/m/201/ll/U,0.36
bo/so/yes/no/d/569/ll/A,bo/st/no/yes/d/525/ll/U,0.29
bo/so/yes/no/d/569/ll/A,bo/mu/no/no/m/179/ll/A,0.28
bo/so/yes/no/d/569/ll/A,bo/mu/yes/no/m/183/ll/U,0.3
bo/so/yes/no/d/569/ll/A,bo/mu/no/no/m/177/ll/U,0.28
bo/so/yes/no/d/569/ll/A,bo/st/no/no/d/513/ll/U,0.32
bo/so/yes/no/d/569/ll/A,bw/so/no/yes/d/549/ll/U,0.59
bo/so/yes/no/d/569/ll/A,bw/mu/yes/yes/m/149/ll/A,0.3
bo/so/yes/no/d/569/ll/A,bo/mu/yes/no/m/185/ll/A,0.3
bo/so/yes/no/d/569/ll/A,bo/st/no/no/d/515/ll/A,0.32
bo/so/yes/no/d/569/ll/A,bo/mu/yes/yes/m/171/ll/U,0.3
bo/so/yes/no/d/569/ll/A,bw/mu/yes/yes/m/147/ll/U,0.3
bo/so/yes/no/d/569/ll/A,bo/so/no/no/d/563/ll/A,0.25
bo/so/yes/no/d/569/ll/A,bo/so/yes/yes/d/555/ll/U,0.7
bo/so/yes/no/d/569/ll/A,bw/so/no/no/d/539/ll/A,0.7
bo/so/yes/no/d/569/ll/A,bo/mu/no/yes/m/191/ll/A,0.28
bo/so/yes/no/d/569/ll/A,bw/st/no/yes/d/501/ll/U,0.36
bo/so/yes/no/d/569/ll/A,bw/mu/no/yes/m/165/ll/U,0.3
bo/so/yes/no/d/569/ll/A,bw/mu/no/no/m/153/ll/U,0.29
bo/so/yes/no/d/569/ll/A,bw/so/no/no/d/537/ll/U,0.7
bo/so/yes/no/d/569/ll/A,bw/so/yes/yes/d/531/ll/U,0.61
bo/so/yes/no/d/569/ll/A,bw/mu/no/no/m/155/ll/A,0.29
bo/so/yes/no/d/569/ll/A,bo/st/yes/yes/d/509/ll/A,0.37
bo/so/yes/no/d/569/ll/A,bw/st/yes/yes/m/197/ll/A,0.37
bo/so/yes/no/d/569/ll/A,bo/st/yes/yes/d/507/ll/U,0.37
bo/so/yes/no/d/569/ll/A,bw/st/no/yes/m/215/ll/A,0.36
bo/so/yes/no/d/569/ll/A,bw/mu/no/no/d/443/ll/A,0.29
bo/so/yes/no/d/569/ll/A,bo/so/yes/no/m/279/ll/U,1.0
bo/so/yes/no/d/569/ll/A,bw/st/no/no/d/489/ll/U,0.36
bo/so/yes/no/d/569/ll/A,bw/st/no/yes/m/213/ll/U,0.36
bo/so/yes/no/d/569/ll/A,bo/st/no/no/m/225/ll/U,0.32
bo/so/yes/no/d/569/ll/A,bo/mu/yes/no/d/473/ll/A,0.3
bo/so/yes/no/d/569/ll/A,bw/so/no/no/m/249/ll/U,0.7
bo/so/yes/no/d/569/ll/A,bo/so/no/yes/m/285/ll/U,0.18
bo/so/yes/no/d/569/ll/A,bw/st/no/no/m/203/ll/A,0.36
bo/so/yes/no/d/569/ll/A,bw/mu/no/yes/d/455/ll/A,0.3
bo/so/yes/no/d/569/ll/A,bw/st/yes/no/d/497/ll/A,0.37
bo/so/yes/no/d/569/ll/A,bw/mu/yes/yes/d/437/ll/A,0.3
bo/so/yes/no/d/569/ll/A,bw/so/no/yes/m/261/ll/U,0.59
bo/so/yes/no/d/569/ll/A,bw/so/yes/no/m/257/ll/A,0.75
bo/so/yes/no/d/569/ll/A,bw/st/no/no/d/491/ll/A,0.36
bo/so/yes/no/d/569/ll/A,bo/st/yes/no/m/233/ll/A,0.4
bo/so/yes/no/d/569/ll/A,bo/mu/no/no/d/465/ll/U,0.28
bo/so/yes/no/d/569/ll/A,bw/mu/no/yes/d/453/ll/U,0.3
bo/so/yes/no/d/569/ll/A,bw/so/no/no/m/251/ll/A,0.7
bo/so/yes/no/d/569/ll/A,bo/so/yes/yes/m/269/ll/A,0.7
bo/so/yes/no/d/569/ll/A,bo/so/yes/yes/m/267/ll/U,0.7
bo/so/yes/no/d/569/ll/A,bw/so/yes/no/d/543/ll/U,0.75
bo/so/yes/no/d/569/ll/A,bo/so/no/yes/d/575/ll/A,0.18
bo/so/yes/no/d/569/ll/A,bo/st/yes/no/d/521/ll/A,0.4
bo/so/yes/no/d/569/ll/A,bo/mu/no/yes/m/189/ll/U,0.28
bo/so/yes/no/d/569/ll/A,bo/st/yes/no/d/519/ll/U,0.4
bo/so/yes/no/d/569/ll/A,bo/mu/yes/yes/m/173/ll/A,0.3
bo/so/yes/no/d/569/ll/A,bo/so/no/yes/d/573/ll/U,0.18
bo/so/yes/no/d/569/ll/A,bw/so/yes/no/d/545/ll/A,0.75
bo/so/yes/no/d/569/ll/A,bo/st/no/yes/d/527/ll/A,0.29
bo/so/yes/no/d/569/ll/A,bw/mu/yes/no/m/159/ll/U,0.3
bo/so/yes/no/d/569/ll/A,bw/mu/yes/no/m/161/ll/A,0.3
bo/so/yes/no/d/569/ll/A,bw/st/yes/yes/m/195/ll/U,0.37
bo/so/yes/no/d/569/ll/A,bw/so/yes/yes/d/533/ll/A,0.61
bo/so/yes/no/d/569/ll/A,bo/so/yes/no/d/567/ll/U,1.0
bo/so/yes/no/d/569/ll/A,bw/so/no/yes/d/551/ll/A,0.59
bo/so/yes/no/d/569/ll/A,bo/so/yes/no/d/569/ll/A,1.0
bo/so/yes/no/d/569/ll/A,bw/st/no/yes/d/503/ll/A,0.36
bo/so/yes/no/d/569/ll/A,bw/mu/no/yes/m/167/ll/A,0.3
bo/so/yes/no/d/569/ll/A,bo/so/yes/yes/d/557/ll/A,0.7
bo/so/yes/no/d/569/ll/A,bo/so/no/no/d/561/ll/U,0.25
bo/so/yes/no/d/569/ll/A,bw/so/yes/yes/m/245/ll/A,0.61
bo/so/yes/no/d/569/ll/A,bo/so/no/yes/m/287/ll/A,0.18
bo/so/yes/no/d/569/ll/A,bo/so/no/no/m/273/ll/U,0.25
bo/so/yes/no/d/569/ll/A,bw/st/yes/yes/d/485/ll/A,0.37
bo/so/yes/no/d/569/ll/A,bo/st/no/no/m/227/ll/A,0.32
bo/so/yes/no/d/569/ll/A,bo/mu/yes/no/d/471/ll/U,0.3
bo/so/yes/no/d/569/ll/A,bw/mu/yes/no/d/449/ll/A,0.3
bo/so/yes/no/d/569/ll/A,bw/mu/yes/no/d/447/ll/U,0.3
bo/so/yes/no/d/569/ll/A,bo/so/yes/no/m/281/ll/A,1.0
bo/so/yes/no/d/569/ll/A,bo/so/no/no/m/275/ll/A,0.25
bo/so/yes/no/d/569/ll/A,bw/so/yes/yes/m/243/ll/U,0.61
bo/so/yes/no/d/569/ll/A,bo/mu/no/yes/d/479/ll/A,0.28
bo/so/yes/no/d/569/ll/A,bw/mu/no/no/d/441/ll/U,0.29
bo/so/yes/no/d/569/ll/A,bw/st/yes/yes/d/483/ll/U,0.37
bo/so/yes/no/d/569/ll/A,bo/mu/no/yes/d/477/ll/U,0.28
bo/so/yes/no/d/569/ll/A,bo/st/yes/yes/m/221/ll/A,0.37
bo/so/yes/no/d/569/ll/A,bo/st/yes/yes/m/219/ll/U,0.37
bw/st/no/yes/d/503/ll/A,bw/st/yes/no/m/207/ll/U,0.78
bw/st/no/yes/d/503/ll/A,bo/st/yes/no/m/231/ll/U,0.6
bw/st/no/yes/d/503/ll/A,bo/mu/no/no/d/467/ll/A,0.44
bw/st/no/yes/d/503/ll/A,bw/st/yes/no/m/209/ll/A,0.78
bw/st/no/yes/d/503/ll/A,bw/so/yes/no/m/255/ll/U,0.38
bw/st/no/yes/d/503/ll/A,bw/mu/yes/yes/d/435/ll/U,0.48
bw/st/no/yes/d/503/ll/A,bw/so/no/yes/m/263/ll/A,0.45
bw/st/no/yes/d/503/ll/A,bo/mu/yes/yes/d/461/ll/A,0.5
bw/st/no/yes/d/503/ll/A,bo/st/no/yes/m/237/ll/U,0.43
bw/st/no/yes/d/503/ll/A,bw/st/yes/no/d/495/ll/U,0.78
bw/st/no/yes/d/503/ll/A,bo/mu/yes/yes/d/459/ll/U,0.5
bw/st/no/yes/d/503/ll/A,bo/st/no/yes/m/239/ll/A,0.43
bw/st/no/yes/d/503/ll/A,bw/st/no/no/m/201/ll/U,0.87
bw/st/no/yes/d/503/ll/A,bo/st/no/yes/d/525/ll/U,0.43
bw/st/no/yes/d/503/ll/A,bo/mu/no/no/m/179/ll/A,0.44
bw/st/no/yes/d/503/ll/A,bo/mu/yes/no/m/183/ll/U,0.47
bw/st/no/yes/d/503/ll/A,bo/mu/no/no/m/177/ll/U,0.44
bw/st/no/yes/d/503/ll/A,bo/st/no/no/d/513/ll/U,0.44
bw/st/no/yes/d/503/ll/A,bw/so/no/yes/d/549/ll/U,0.45
bw/st/no/yes/d/503/ll/A,bw/mu/yes/yes/m/149/ll/A,0.48
bw/st/no/yes/d/503/ll/A,bo/mu/yes/no/m/185/ll/A,0.47
bw/st/no/yes/d/503/ll/A,bo/st/no/no/d/515/ll/A,0.44
bw/st/no/yes/d/503/ll/A,bo/mu/yes/yes/m/171/ll/U,0.5
bw/st/no/yes/d/503/ll/A,bw/mu/yes/yes/m/147/ll/U,0.48
bw/st/no/yes/d/503/ll/A,bo/so/no/no/d/563/ll/A,0.12
bw/st/no/yes/d/503/ll/A,bo/so/yes/yes/d/555/ll/U,0.43
bw/st/no/yes/d/503/ll/A,bw/so/no/no/d/539/ll/A,0.39
bw/st/no/yes/d/503/ll/A,bo/mu/no/yes/m/191/ll/A,0.44
bw/st/no/yes/d/503/ll/A,bw/st/no/yes/d/501/ll/U,1.0
bw/st/no/yes/d/503/ll/A,bw/mu/no/yes/m/165/ll/U,0.47
bw/st/no/yes/d/503/ll/A,bw/mu/no/no/m/153/ll/U,0.48
bw/st/no/yes/d/503/ll/A,bw/so/no/no/d/537/ll/U,0.39
bw/st/no/yes/d/503/ll/A,bw/so/yes/yes/d/531/ll/U,0.44
bw/st/no/yes/d/503/ll/A,bw/mu/no/no/m/155/ll/A,0.48
bw/st/no/yes/d/503/ll/A,bo/st/yes/yes/d/509/ll/A,0.55
bw/st/no/yes/d/503/ll/A,bw/st/yes/yes/m/197/ll/A,0.86
bw/st/no/yes/d/503/ll/A,bo/st/yes/yes/d/507/ll/U,0.55
bw/st/no/yes/d/503/ll/A,bw/st/no/yes/m/215/ll/A,1.0
bw/st/no/yes/d/503/ll/A,bw/mu/no/no/d/443/ll/A,0.48
bw/st/no/yes/d/503/ll/A,bo/so/yes/no/m/279/ll/U,0.36
bw/st/no/yes/d/503/ll/A,bw/st/no/no/d/489/ll/U,0.87
bw/st/no/yes/d/503/ll/A,bw/st/no/yes/m/213/ll/U,1.0
bw/st/no/yes/d/503/ll/A,bo/st/no/no/m/225/ll/U,0.44
bw/st/no/yes/d/503/ll/A,bo/mu/yes/no/d/473/ll/A,0.47
bw/st/no/yes/d/503/ll/A,bw/so/no/no/m/249/ll/U,0.39
bw/st/no/yes/d/503/ll/A,bo/so/no/yes/m/285/ll/U,0.12
bw/st/no/yes/d/503/ll/A,bw/st/no/no/m/203/ll/A,0.87
bw/st/no/yes/d/503/ll/A,bw/mu/no/yes/d/455/ll/A,0.47
bw/st/no/yes/d/503/ll/A,bw/st/yes/no/d/497/ll/A,0.78
bw/st/no/yes/d/503/ll/A,bw/mu/yes/yes/d/437/ll/A,0.48
bw/st/no/yes/d/503/ll/A,bw/so/no/yes/m/261/ll/U,0.45
bw/st/no/yes/d/503/ll/A,bw/so/yes/no/m/257/ll/A,0.38
bw/st/no/yes/d/503/ll/A,bw/st/no/no/d/491/ll/A,0.87
bw/st/no/yes/d/503/ll/A,bo/st/yes/no/m/233/ll/A,0.6
bw/st/no/yes/d/503/ll/A,bo/mu/no/no/d/465/ll/U,0.44
bw/st/no/yes/d/503/ll/A,bw/mu/no/yes/d/453/ll/U,0.47
bw/st/no/yes/d/503/ll/A,bw/so/no/no/m/251/ll/A,0.39
bw/st/no/yes/d/503/ll/A,bo/so/yes/yes/m/269/ll/A,0.43
bw/st/no/yes/d/503/ll/A,bo/so/yes/yes/m/267/ll/U,0.43
bw/st/no/yes/d/503/ll/A,bw/so/yes/no/d/543/ll/U,0.38
bw/st/no/yes/d/503/ll/A,bo/so/no/yes/d/575/ll/A,0.12
bw/st/no/yes/d/503/ll/A,bo/st/yes/no/d/521/ll/A,0.6
bw/st/no/yes/d/503/ll/A,bo/mu/no/yes/m/189/ll/U,0.44
bw/st/no/yes/d/503/ll/A,bo/st/yes/no/d/519/ll/U,0.6
bw/st/no/yes/d/503/ll/A,bo/mu/yes/yes/m/173/ll/A,0.5
bw/st/no/yes/d/503/ll/A,bo/so/no/yes/d/573/ll/U,0.12
bw/st/no/yes/d/503/ll/A,bw/so/yes/no/d/545/ll/A,0.38
bw/st/no/yes/d/503/ll/A,bo/st/no/yes/d/527/ll/A,0.43
bw/st/no/yes/d/503/ll/A,bw/mu/yes/no/m/159/ll/U,0.48
bw/st/no/yes/d/503/ll/A,bw/mu/yes/no/m/161/ll/A,0.48
bw/st/no/yes/d/503/ll/A,bw/st/yes/yes/m/195/ll/U,0.86
bw/st/no/yes/d/503/ll/A,bw/so/yes/yes/d/533/ll/A,0.44
bw/st/no/yes/d/503/ll/A,bo/so/yes/no/d/567/ll/U,0.36
bw/st/no/yes/d/503/ll/A,bw/so/no/yes/d/551/ll/A,0.45
bw/st/no/yes/d/503/ll/A,bo/so/yes/no/d/569/ll/A,0.36
bw/st/no/yes/d/503/ll/A,bw/st/no/yes/d/503/ll/A,1.0
bw/st/no/yes/d/503/ll/A,bw/mu/no/yes/m/167/ll/A,0.47
bw/st/no/yes/d/503/ll/A,bo/so/yes/yes/d/557/ll/A,0.43
bw/st/no/yes/d/503/ll/A,bo/so/no/no/d/561/ll/U,0.12
bw/st/no/yes/d/503/ll/A,bw/so/yes/yes/m/245/ll/A,0.44
bw/st/no/yes/d/503/ll/A,bo/so/no/yes/m/287/ll/A,0.12
bw/st/no/yes/d/503/ll/A,bo/so/no/no/m/273/ll/U,0.12
bw/st/no/yes/d/503/ll/A,bw/st/yes/yes/d/485/ll/A,0.86
bw/st/no/yes/d/503/ll/A,bo/st/no/no/m/227/ll/A,0.44
bw/st/no/yes/d/503/ll/A,bo/mu/yes/no/d/471/ll/U,0.47
bw/st/no/yes/d/503/ll/A,bw/mu/yes/no/d/449/ll/A,0.48
bw/st/no/yes/d/503/ll/A,bw/mu/yes/no/d/447/ll/U,0.48
bw/st/no/yes/d/503/ll/A,bo/so/yes/no/m/281/ll/A,0.36
bw/st/no/yes/d/503/ll/A,bo/so/no/no/m/275/ll/A,0.12
bw/st/no/yes/d/503/ll/A,bw/so/yes/yes/m/243/ll/U,0.44
bw/st/no/yes/d/503/ll/A,bo/mu/no/yes/d/479/ll/A,0.44
bw/st/no/yes/d/503/ll/A,bw/mu/no/no/d/441/ll/U,0.48
bw/st/no/yes/d/503/ll/A,bw/st/yes/yes/d/483/ll/U,0.86
bw/st/no/yes/d/503/ll/A,bo/mu/no/yes/d/477/ll/U,0.44
bw/st/no/yes/d/503/ll/A,bo/st/yes/yes/m/221/ll/A,0.55
bw/st/no/yes/d/503/ll/A,bo/st/yes/yes/m/219/ll/U,0.55
bw/mu/no/yes/m/167/ll/A,bw/st/yes/no/m/207/ll/U,0.41
bw/mu/no/yes/m/167/ll/A,bo/st/yes/no/m/231/ll/U,0.54
bw/mu/no/yes/m/167/ll/A,bo/mu/no/no/d/467/ll/A,0.71
bw/mu/no/yes/m/167/ll/A,bw/st/yes/no/m/209/ll/A,0.41
bw/mu/no/yes/m/167/ll/A,bw/so/yes/no/m/255/ll/U,0.29
bw/mu/no/yes/m/167/ll/A,bw/mu/yes/yes/d/435/ll/U,0.93
bw/mu/no/yes/m/167/ll/A,bw/so/no/yes/m/263/ll/A,0.35
bw/mu/no/yes/m/167/ll/A,bo/mu/yes/yes/d/461/ll/A,0.83
bw/mu/no/yes/m/167/ll/A,bo/st/no/yes/m/237/ll/U,0.59
bw/mu/no/yes/m/167/ll/A,bw/st/yes/no/d/495/ll/U,0.41
bw/mu/no/yes/m/167/ll/A,bo/mu/yes/yes/d/459/ll/U,0.83
bw/mu/no/yes/m/167/ll/A,bo/st/no/yes/m/239/ll/A,0.59
bw/mu/no/yes/m/167/ll/A,bw/st/no/no/m/201/ll/U,0.42
bw/mu/no/yes/m/167/ll/A,bo/st/no/yes/d/525/ll/U,0.59
bw/mu/no/yes/m/167/ll/A,bo/mu/no/no/m/179/ll/A,0.71
bw/mu/no/yes/m/167/ll/A,bo/mu/yes/no/m/183/ll/U,0.85
bw/mu/no/yes/m/167/ll/A,bo/mu/no/no/m/177/ll/U,0.71
bw/mu/no/yes/m/167/ll/A,bo/st/no/no/d/513/ll/U,0.55
bw/mu/no/yes/m/167/ll/A,bw/so/no/yes/d/549/ll/U,0.35
bw/mu/no/yes/m/167/ll/A,bw/mu/yes/yes/m/149/ll/A,0.93
bw/mu/no/yes/m/167/ll/A,bo/mu/yes/no/m/185/ll/A,0.85
bw/mu/no/yes/m/167/ll/A,bo/st/no/no/d/515/ll/A,0.55
bw/mu/no/yes/m/167/ll/A,bo/mu/yes/yes/m/171/ll/U,0.83
bw/mu/no/yes/m/167/ll/A,bw/mu/yes/yes/m/147/ll/U,0.93
bw/mu/no/yes/m/167/ll/A,bo/so/no/no/d/563/ll/A,0.08
bw/mu/no/yes/m/167/ll/A,bo/so/yes/yes/d/555/ll/U,0.37
bw/mu/no/yes/m/167/ll/A,bw/so/no/no/d/539/ll/A,0.3
bw/mu/no/yes/m/167/ll/A,bo/mu/no/yes/m/191/ll/A,0.76
bw/mu/no/yes/m/167/ll/A,bw/st/no/yes/d/501/ll/U,0.47
bw/mu/no/yes/m/167/ll/A,bw/mu/no/yes/m/165/ll/U,1.0
bw/mu/no/yes/m/167/ll/A,bw/mu/no/no/m/153/ll/U,0.87
bw/mu/no/yes/m/167/ll/A,bw/so/no/no/d/537/ll/U,0.3
bw/mu/no/yes/m/167/ll/A,bw/so/yes/yes/d/531/ll/U,0.35
bw/mu/no/yes/m/167/ll/A,bw/mu/no/no/m/155/ll/A,0.87
bw/mu/no/yes/m/167/ll/A,bo/st/yes/yes/d/509/ll/A,0.59
bw/mu/no/yes/m/167/ll/A,bw/st/yes/yes/m/197/ll/A,0.46
bw/mu/no/yes/m/167/ll/A,bo/st/yes/yes/d/507/ll/U,0.59
bw/mu/no/yes/m/167/ll/A,bw/st/no/yes/m/215/ll/A,0.47
bw/mu/no/yes/m/167/ll/A,bw/mu/no/no/d/443/ll/A,0.87
bw/mu/no/yes/m/167/ll/A,bo/so/yes/no/m/279/ll/U,0.3
bw/mu/no/yes/m/167/ll/A,bw/st/no/no/d/489/ll/U,0.42
bw/mu/no/yes/m/167/ll/A,bw/st/no/yes/m/213/ll/U,0.47
bw/mu/no/yes/m/167/ll/A,bo/st/no/no/m/225/ll/U,0.55
bw/mu/no/yes/m/167/ll/A,bo/mu/yes/no/d/473/ll/A,0.85
bw/mu/no/yes/m/167/ll/A,bw/so/no/no/m/249/ll/U,0.3
bw/mu/no/yes/m/167/ll/A,bo/so/no/yes/m/285/ll/U,0.09
bw/mu/no/yes/m/167/ll/A,bw/st/no/no/m/203/ll/A,0.42
bw/mu/no/yes/m/167/ll/A,bw/mu/no/yes/d/455/ll/A,1.0
bw/mu/no/yes/m/167/ll/A,bw/st/yes/no/d/497/ll/A,0.41
bw/mu/no/yes/m/167/ll/A,bw/mu/yes/yes/d/437/ll/A,0.93
bw/mu/no/yes/m/167/ll/A,bw/so/no/yes/m/261/ll/U,0.35
bw/mu/no/yes/m/167/ll/A,bw/so/yes/no/m/257/ll/A,0.29
bw/mu/no/yes/m/167/ll/A,bw/st/no/no/d/491/ll/A,0.42
bw/mu/no/yes/m/167/ll/A,bo/st/yes/no/m/233/ll/A,0.54
bw/mu/no/yes/m/167/ll/A,bo/mu/no/no/d/465/ll/U,0.71
bw/mu/no/yes/m/167/ll/A,bw/mu/no/yes/d/453/ll/U,1.0
bw/mu/no/yes/m/167/ll/A,bw/so/no/no/m/251/ll/A,0.3
bw/mu/no/yes/m/167/ll/A,bo/so/yes/yes/m/269/ll/A,0.37
bw/mu/no/yes/m/167/ll/A,bo/so/yes/yes/m/267/ll/U,0.37
bw/mu/no/yes/m/167/ll/A,bw/so/yes/no/d/543/ll/U,0.29
bw/mu/no/yes/m/167/ll/A,bo/so/no/yes/d/575/ll/A,0.09
bw/mu/no/yes/m/167/ll/A,bo/st/yes/no/d/521/ll/A,0.54
bw/mu/no/yes/m/167/ll/A,bo/mu/no/yes/m/189/ll/U,0.76
bw/mu/no/yes/m/167/ll/A,bo/st/yes/no/d/519/ll/U,0.54
bw/mu/no/yes/m/167/ll/A,bo/mu/yes/yes/m/173/ll/A,0.83
bw/mu/no/yes/m/167/ll/A,bo/so/no/yes/d/573/ll/U,0.09
bw/mu/no/yes/m/167/ll/A,bw/so/yes/no/d/545/ll/A,0.29
bw/mu/no/yes/m/167/ll/A,bo/st/no/yes/d/527/ll/A,0.59
bw/mu/no/yes/m/167/ll/A,bw/mu/yes/no/m/159/ll/U,0.9
bw/mu/no/yes/m/167/ll/A,bw/mu/yes/no/m/161/ll/A,0.9
bw/mu/no/yes/m/167/ll/A,bw/st/yes/yes/m/195/ll/U,0.46
bw/mu/no/yes/m/167/ll/A,bw/so/yes/yes/d/533/ll/A,0.35
bw/mu/no/yes/m/167/ll/A,bo/so/yes/no/d/567/ll/U,0.3
bw/mu/no/yes/m/167/ll/A,bw/so/no/yes/d/551/ll/A,0.35
bw/mu/no/yes/m/167/ll/A,bo/so/yes/no/d/569/ll/A,0.3
bw/mu/no/yes/m/167/ll/A,bw/st/no/yes/d/503/ll/A,0.47
bw/mu/no/yes/m/167/ll/A,bw/mu/no/yes/m/167/ll/A,1.0
bw/mu/no/yes/m/167/ll/A,bo/so/yes/yes/d/557/ll/A,0.37
bw/mu/no/yes/m/167/ll/A,bo/so/no/no/d/561/ll/U,0.08
bw/mu/no/yes/m/167/ll/A,bw/so/yes/yes/m/245/ll/A,0.35
bw/mu/no/yes/m/167/ll/A,bo/so/no/yes/m/287/ll/A,0.09
bw/mu/no/yes/m/167/ll/A,bo/so/no/no/m/273/ll/U,0.08
bw/mu/no/yes/m/167/ll/A,bw/st/yes/yes/d/485/ll/A,0.46
bw/mu/no/yes/m/167/ll/A,bo/st/no/no/m/227/ll/A,0.55
bw/mu/no/yes/m/167/ll/A,bo/mu/yes/no/d/471/ll/U,0.85
bw/mu/no/yes/m/167/ll/A,bw/mu/yes/no/d/449/ll/A,0.9
bw/mu/no/yes/m/167/ll/A,bw/mu/yes/no/d/447/ll/U,0.9
bw/mu/no/yes/m/167/ll/A,bo/so/yes/no/m/281/ll/A,0.3
bw/mu/no/yes/m/167/ll/A,bo/so/no/no/m/275/ll/A,0.08
bw/mu/no/yes/m/167/ll/A,bw/so/yes/yes/m/243/ll/U,0.35
bw/mu/no/yes/m/167/ll/A,bo/mu/no/yes/d/479/ll/A,0.76
bw/mu/no/yes/m/167/ll/A,bw/mu/no/no/d/441/ll/U,0.87
bw/mu/no/yes/m/167/ll/A,bw/st/yes/yes/d/483/ll/U,0.46
bw/mu/no/yes/m/167/ll/A,bo/mu/no/yes/d/477/ll/U,0.76
bw/mu/no/yes/m/167/ll/A,bo/st/yes/yes/m/221/ll/A,0.59
bw/mu/no/yes/m/167/ll/A,bo/st/yes/yes/m/219/ll/U,0.59
bo/so/yes/yes/d/557/ll/A,bw/st/yes/no/m/207/ll/U,0.42
bo/so/yes/yes/d/557/ll/A,bo/st/yes/no/m/231/ll/U,0.5
bo/so/yes/yes/d/557/ll/A,bo/mu/no/no/d/467/ll/A,0.35
bo/so/yes/yes/d/557/ll/A,bw/st/yes/no/m/209/ll/A,0.42
bo/so/yes/yes/d/557/ll/A,bw/so/yes/no/m/255/ll/U,0.55
bo/so/yes/yes/d/557/ll/A,bw/mu/yes/yes/d/435/ll/U,0.38
bo/so/yes/yes/d/557/ll/A,bw/so/no/yes/m/263/ll/A,0.65
bo/so/yes/yes/d/557/ll/A,bo/mu/yes/yes/d/461/ll/A,0.38
bo/so/yes/yes/d/557/ll/A,bo/st/no/yes/m/237/ll/U,0.39
bo/so/yes/yes/d/557/ll/A,bw/st/yes/no/d/495/ll/U,0.42
bo/so/yes/yes/d/557/ll/A,bo/mu/yes/yes/d/459/ll/U,0.38
bo/so/yes/yes/d/557/ll/A,bo/st/no/yes/m/239/ll/A,0.39
bo/so/yes/yes/d/557/ll/A,bw/st/no/no/m/201/ll/U,0.41
bo/so/yes/yes/d/557/ll/A,bo/st/no/yes/d/525/ll/U,0.39
bo/so/yes/yes/d/557/ll/A,bo/mu/no/no/m/179/ll/A,0.35
bo/so/yes/yes/d/557/ll/A,bo/mu/yes/no/m/183/ll/U,0.39
bo/so/yes/yes/d/557/ll/A,bo/mu/no/no/m/177/ll/U,0.35
bo/so/yes/yes/d/557/ll/A,bo/st/no/no/d/513/ll/U,0.4
bo/so/yes/yes/d/557/ll/A,bw/so/no/yes/d/549/ll/U,0.65
bo/so/yes/yes/d/557/ll/A,bw/mu/yes/yes/m/149/ll/A,0.38
bo/so/yes/yes/d/557/ll/A,bo/mu/yes/no/m/185/ll/A,0.39
bo/so/yes/yes/d/557/ll/A,bo/st/no/no/d/515/ll/A,0.4
bo/so/yes/yes/d/557/ll/A,bo/mu/yes/yes/m/171/ll/U,0.38
bo/so/yes/yes/d/557/ll/A,bw/mu/yes/yes/m/147/ll/U,0.38
bo/so/yes/yes/d/557/ll/A,bo/so/no/no/d/563/ll/A,0.22
bo/so/yes/yes/d/557/ll/A,bo/so/yes/yes/d/555/ll/U,1.0
bo/so/yes/yes/d/557/ll/A,bw/so/no/no/d/539/ll/A,0.54
bo/so/yes/yes/d/557/ll/A,bo/mu/no/yes/m/191/ll/A,0.37
bo/so/yes/yes/d/557/ll/A,bw/st/no/yes/d/501/ll/U,0.43
bo/so/yes/yes/d/557/ll/A,bw/mu/no/yes/m/165/ll/U,0.37
bo/so/yes/yes/d/557/ll/A,bw/mu/no/no/m/153/ll/U,0.36
bo/so/yes/yes/d/557/ll/A,bw/so/no/no/d/537/ll/U,0.54
bo/so/yes/yes/d/557/ll/A,bw/so/yes/yes/d/531/ll/U,0.69
bo/so/yes/yes/d/557/ll/A,bw/mu/no/no/m/155/ll/A,0.36
bo/so/yes/yes/d/557/ll/A,bo/st/yes/yes/d/509/ll/A,0.47
bo/so/yes/yes/d/557/ll/A,bw/st/yes/yes/m/197/ll/A,0.44
bo/so/yes/yes/d/557/ll/A,bo/st/yes/yes/d/507/ll/U,0.47
bo/so/yes/yes/d/557/ll/A,bw/st/no/yes/m/215/ll/A,0.43
bo/so/yes/yes/d/557/ll/A,bw/mu/no/no/d/443/ll/A,0.36
bo/so/yes/yes/d/557/ll/A,bo/so/yes/no/m/279/ll/U,0.7
bo/so/yes/yes/d/557/ll/A,bw/st/no/no/d/489/ll/U,0.41
bo/so/yes/yes/d/557/ll/A,bw/st/no/yes/m/213/ll/U,0.43
bo/so/yes/yes/d/557/ll/A,bo/st/no/no/m/225/ll/U,0.4
bo/so/yes/yes/d/557/ll/A,bo/mu/yes/no/d/473/ll/A,0.39
bo/so/yes/yes/d/557/ll/A,bw/so/no/no/m/249/ll/U,0.54
bo/so/yes/yes/d/557/ll/A,bo/so/no/yes/m/285/ll/U,0.22
bo/so/yes/yes/d/557/ll/A,bw/st/no/no/m/203/ll/A,0.41
bo/so/yes/yes/d/557/ll/A,bw/mu/no/yes/d/455/ll/A,0.37
bo/so/yes/yes/d/557/ll/A,bw/st/yes/no/d/497/ll/A,0.42
bo/so/yes/yes/d/557/ll/A,bw/mu/yes/yes/d/437/ll/A,0.38
bo/so/yes/yes/d/557/ll/A,bw/so/no/yes/m/261/ll/U,0.65
bo/so/yes/yes/d/557/ll/A,bw/so/yes/no/m/257/ll/A,0.55
bo/so/yes/yes/d/557/ll/A,bw/st/no/no/d/491/ll/A,0.41
bo/so/yes/yes/d/557/ll/A,bo/st/yes/no/m/233/ll/A,0.5
bo/so/yes/yes/d/557/ll/A,bo/mu/no/no/d/465/ll/U,0.35
bo/so/yes/yes/d/557/ll/A,bw/mu/no/yes/d/453/ll/U,0.37
bo/so/yes/yes/d/557/ll/A,bw/so/no/no/m/251/ll/A,0.54
bo/so/yes/yes/d/557/ll/A,bo/so/yes/yes/m/269/ll/A,1.0
bo/so/yes/yes/d/557/ll/A,bo/so/yes/yes/m/267/ll/U,1.0
bo/so/yes/yes/d/557/ll/A,bw/so/yes/no/d/543/ll/U,0.55
bo/so/yes/yes/d/557/ll/A,bo/so/no/yes/d/575/ll/A,0.22
bo/so/yes/yes/d/557/ll/A,bo/st/yes/no/d/521/ll/A,0.5
bo/so/yes/yes/d/557/ll/A,bo/mu/no/yes/m/189/ll/U,0.37
bo/so/yes/yes/d/557/ll/A,bo/st/yes/no/d/519/ll/U,0.5
bo/so/yes/yes/d/557/ll/A,bo/mu/yes/yes/m/173/ll/A,0.38
bo/so/yes/yes/d/557/ll/A,bo/so/no/yes/d/573/ll/U,0.22
bo/so/yes/yes/d/557/ll/A,bw/so/yes/no/d/545/ll/A,0.55
bo/so/yes/yes/d/557/ll/A,bo/st/no/yes/d/527/ll/A,0.39
bo/so/yes/yes/d/557/ll/A,bw/mu/yes/no/m/159/ll/U,0.38
bo/so/yes/yes/d/557/ll/A,bw/mu/yes/no/m/161/ll/A,0.38
bo/so/yes/yes/d/557/ll/A,bw/st/yes/yes/m/195/ll/U,0.44
bo/so/yes/yes/d/557/ll/A,bw/so/yes/yes/d/533/ll/A,0.69
bo/so/yes/yes/d/557/ll/A,bo/so/yes/no/d/567/ll/U,0.7
bo/so/yes/yes/d/557/ll/A,bw/so/no/yes/d/551/ll/A,0.65
bo/so/yes/yes/d/557/ll/A,bo/so/yes/no/d/569/ll/A,0.7
bo/so/yes/yes/d/557/ll/A,bw/st/no/yes/d/503/ll/A,0.43
bo/so/yes/yes/d/557/ll/A,bw/mu/no/yes/m/167/ll/A,0.37
bo/so/yes/yes/d/557/ll/A,bo/so/yes/yes/d/557/ll/A,1.0
bo/so/yes/yes/d/557/ll/A,bo/so/no/no/d/561/ll/U,0.22
bo/so/yes/yes/d/557/ll/A,bw/so/yes/yes/m/245/ll/A,0.69
bo/so/yes/yes/d/557/ll/A,bo/so/no/yes/m/287/ll/A,0.22
bo/so/yes/yes/d/557/ll/A,bo/so/no/no/m/273/ll/U,0.22
bo/so/yes/yes/d/557/ll/A,bw/st/yes/yes/d/485/ll/A,0.44
bo/so/yes/yes/d/557/ll/A,bo/st/no/no/m/227/ll/A,0.4
bo/so/yes/yes/d/557/ll/A,bo/mu/yes/no/d/471/ll/U,0.39
bo/so/yes/yes/d/557/ll/A,bw/mu/yes/no/d/449/ll/A,0.38
bo/so/yes/yes/d/557/ll/A,bw/mu/yes/no/d/447/ll/U,0.38
bo/so/yes/yes/d/557/ll/A,bo/so/yes/no/m/281/ll/A,0.7
bo/so/yes/yes/d/557/ll/A,bo/so/no/no/m/275/ll/A,0.22
bo/so/yes/yes/d/557/ll/A,bw/so/yes/yes/m/243/ll/U,0.69
bo/so/yes/yes/d/557/ll/A,bo/mu/no/yes/d/479/ll/A,0.37
bo/so/yes/yes/d/557/ll/A,bw/mu/no/no/d/441/ll/U,0.36
bo/so/yes/yes/d/557/ll/A,bw/st/yes/yes/d/483/ll/U,0.44
bo/so/yes/yes/d/557/ll/A,bo/mu/no/yes/d/477/ll/U,0.37
bo/so/yes/yes/d/557/ll/A,bo/st/yes/yes/m/221/ll/A,0.47
bo/so/yes/yes/d/557/ll/A,bo/st/yes/yes/m/219/ll/U,0.47
bo/so/no/no/d/561/ll/U,bw/st/yes/no/m/207/ll/U,0.12
bo/so/no/no/d/561/ll/U,bo/st/yes/no/m/231/ll/U,0.13
bo/so/no/no/d/561/ll/U,bo/mu/no/no/d/467/ll/A,0.08
bo/so/no/no/d/561/ll/U,bw/st/yes/no/m/209/ll/A,0.12
bo/so/no/no/d/561/ll/U,bw/so/yes/no/m/255/ll/U,0.21
bo/so/no/no/d/561/ll/U,bw/mu/yes/yes/d/435/ll/U,0.08
bo/so/no/no/d/561/ll/U,bw/so/no/yes/m/263/ll/A,0.21
bo/so/no/no/d/561/ll/U,bo/mu/yes/yes/d/461/ll/A,0.08
bo/so/no/no/d/561/ll/U,bo/st/no/yes/m/237/ll/U,0.1
bo/so/no/no/d/561/ll/U,bw/st/yes/no/d/495/ll/U,0.12
bo/so/no/no/d/561/ll/U,bo/mu/yes/yes/d/459/ll/U,0.08
bo/so/no/no/d/561/ll/U,bo/st/no/yes/m/239/ll/A,0.1
bo/so/no/no/d/561/ll/U,bw/st/no/no/m/201/ll/U,0.12
bo/so/no/no/d/561/ll/U,bo/st/no/yes/d/525/ll/U,0.1
bo/so/no/no/d/561/ll/U,bo/mu/no/no/m/179/ll/A,0.08
bo/so/no/no/d/561/ll/U,bo/mu/yes/no/m/183/ll/U,0.08
bo/so/no/no/d/561/ll/U,bo/mu/no/no/m/177/ll/U,0.08
bo/so/no/no/d/561/ll/U,bo/st/no/no/d/513/ll/U,0.12
bo/so/no/no/d/561/ll/U,bw/so/no/yes/d/549/ll/U,0.21
bo/so/no/no/d/561/ll/U,bw/mu/yes/yes/m/149/ll/A,0.08
bo/so/no/no/d/561/ll/U,bo/mu/yes/no/m/185/ll/A,0.08
bo/so/no/no/d/561/ll/U,bo/st/no/no/d/515/ll/A,0.12
bo/so/no/no/d/561/ll/U,bo/mu/yes/yes/m/171/ll/U,0.08
bo/so/no/no/d/561/ll/U,bw/mu/yes/yes/m/147/ll/U,0.08
bo/so/no/no/d/561/ll/U,bo/so/no/no/d/563/ll/A,1.0
bo/so/no/no/d/561/ll/U,bo/so/yes/yes/d/555/ll/U,0.22
bo/so/no/no/d/561/ll/U,bw/so/no/no/d/539/ll/A,0.22
bo/so/no/no/d/561/ll/U,bo/mu/no/yes/m/191/ll/A,0.08
bo/so/no/no/d/561/ll/U,bw/st/no/yes/d/501/ll/U,0.12
bo/so/no/no/d/561/ll/U,bw/mu/no/yes/m/165/ll/U,0.08
bo/so/no/no/d/561/ll/U,bw/mu/no/no/m/153/ll/U,0.07
bo/so/no/no/d/561/ll/U,bw/so/no/no/d/537/ll/U,0.22
bo/so/no/no/d/561/ll/U,bw/so/yes/yes/d/531/ll/U,0.2
bo/so/no/no/d/561/ll/U,bw/mu/no/no/m/155/ll/A,0.07
bo/so/no/no/d/561/ll/U,bo/st/yes/yes/d/509/ll/A,0.11
bo/so/no/no/d/561/ll/U,bw/st/yes/yes/m/197/ll/A,0.12
bo/so/no/no/d/561/ll/U,bo/st/yes/yes/d/507/ll/U,0.11
bo/so/no/no/d/561/ll/U,bw/st/no/yes/m/215/ll/A,0.12
bo/so/no/no/d/561/ll/U,bw/mu/no/no/d/443/ll/A,0.07
bo/so/no/no/d/561/ll/U,bo/so/yes/no/m/279/ll/U,0.25
bo/so/no/no/d/561/ll/U,bw/st/no/no/d/489/ll/U,0.12
bo/so/no/no/d/561/ll/U,bw/st/no/yes/m/213/ll/U,0.12
bo/so/no/no/d/561/ll/U,bo/st/no/no/m/225/ll/U,0.12
bo/so/no/no/d/561/ll/U,bo/mu/yes/no/d/473/ll/A,0.08
bo/so/no/no/d/561/ll/U,bw/so/no/no/m/249/ll/U,0.22
bo/so/no/no/d/561/ll/U,bo/so/no/yes/m/285/ll/U,0.59
bo/so/no/no/d/561/ll/U,bw/st/no/no/m/203/ll/A,0.12
bo/so/no/no/d/561/ll/U,bw/mu/no/yes/d/455/ll/A,0.08
bo/so/no/no/d/561/ll/U,bw/st/yes/no/d/497/ll/A,0.12
bo/so/no/no/d/561/ll/U,bw/mu/yes/yes/d/437/ll/A,0.08
bo/so/no/no/d/561/ll/U,bw/so/no/yes/m/261/ll/U,0.21
bo/so/no/no/d/561/ll/U,bw/so/yes/no/m/257/ll/A,0.21
bo/so/no/no/d/561/ll/U,bw/st/no/no/d/491/ll/A,0.12
bo/so/no/no/d/561/ll/U,bo/st/yes/no/m/233/ll/A,0.13
bo/so/no/no/d/561/ll/U,bo/mu/no/no/d/465/ll/U,0.08
bo/so/no/no/d/561/ll/U,bw/mu/no/yes/d/453/ll/U,0.08
bo/so/no/no/d/561/ll/U,bw/so/no/no/m/251/ll/A,0.22
bo/so/no/no/d/561/ll/U,bo/so/yes/yes/m/269/ll/A,0.22
bo/so/no/no/d/561/ll/U,bo/so/yes/yes/m/267/ll/U,0.22
bo/so/no/no/d/561/ll/U,bw/so/yes/no/d/543/ll/U,0.21
bo/so/no/no/d/561/ll/U,bo/so/no/yes/d/575/ll/A,0.59
bo/so/no/no/d/561/ll/U,bo/st/yes/no/d/521/ll/A,0.13
bo/so/no/no/d/561/ll/U,bo/mu/no/yes/m/189/ll/U,0.08
bo/so/no/no/d/561/ll/U,bo/st/yes/no/d/519/ll/U,0.13
bo/so/no/no/d/561/ll/U,bo/mu/yes/yes/m/173/ll/A,0.08
bo/so/no/no/d/561/ll/U,bo/so/no/yes/d/573/ll/U,0.59
bo/so/no/no/d/561/ll/U,bw/so/yes/no/d/545/ll/A,0.21
bo/so/no/no/d/561/ll/U,bo/st/no/yes/d/527/ll/A,0.1
bo/so/no/no/d/561/ll/U,bw/mu/yes/no/m/159/ll/U,0.08
bo/so/no/no/d/561/ll/U,bw/mu/yes/no/m/161/ll/A,0.08
bo/so/no/no/d/561/ll/U,bw/st/yes/yes/m/195/ll/U,0.12
bo/so/no/no/d/561/ll/U,bw/so/yes/yes/d/533/ll/A,0.2
bo/so/no/no/d/561/ll/U,bo/so/yes/no/d/567/ll/U,0.25
bo/so/no/no/d/561/ll/U,bw/so/no/yes/d/551/ll/A,0.21
bo/so/no/no/d/561/ll/U,bo/so/yes/no/d/569/ll/A,0.25
bo/so/no/no/d/561/ll/U,bw/st/no/yes/d/503/ll/A,0.12
bo/so/no/no/d/561/ll/U,bw/mu/no/yes/m/167/ll/A,0.08
bo/so/no/no/d/561/ll/U,bo/so/yes/yes/d/557/ll/A,0.22
bo/so/no/no/d/561/ll/U,bo/so/no/no/d/561/ll/U,1.0
bo/so/no/no/d/561/ll/U,bw/so/yes/yes/m/245/ll/A,0.2
bo/so/no/no/d/561/ll/U,bo/so/no/yes/m/287/ll/A,0.59
bo/so/no/no/d/561/ll/U,bo/so/no/no/m/273/ll/U,1.0
bo/so/no/no/d/561/ll/U,bw/st/yes/yes/d/485/ll/A,0.12
bo/so/no/no/d/561/ll/U,bo/st/no/no/m/227/ll/A,0.12
bo/so/no/no/d/561/ll/U,bo/mu/yes/no/d/471/ll/U,0.08
bo/so/no/no/d/561/ll/U,bw/mu/yes/no/d/449/ll/A,0.08
bo/so/no/no/d/561/ll/U,bw/mu/yes/no/d/447/ll/U,0.08
bo/so/no/no/d/561/ll/U,bo/so/yes/no/m/281/ll/A,0.25
bo/so/no/no/d/561/ll/U,bo/so/no/no/m/275/ll/A,1.0
bo/so/no/no/d/561/ll/U,bw/so/yes/yes/m/243/ll/U,0.2
bo/so/no/no/d/561/ll/U,bo/mu/no/yes/d/479/ll/A,0.08
bo/so/no/no/d/561/ll/U,bw/mu/no/no/d/441/ll/U,0.07
bo/so/no/no/d/561/ll/U,bw/st/yes/yes/d/483/ll/U,0.12
bo/so/no/no/d/561/ll/U,bo/mu/no/yes/d/477/ll/U,0.08
bo/so/no/no/d/561/ll/U,bo/st/yes/yes/m/221/ll/A,0.11
bo/so/no/no/d/561/ll/U,bo/st/yes/yes/m/219/ll/U,0.11
bw/so/yes/yes/m/245/ll/A,bw/st/yes/no/m/207/ll/U,0.44
bw/so/yes/yes/m/245/ll/A,bo/st/yes/no/m/231/ll/U,0.44
bw/so/yes/yes/m/245/ll/A,bo/mu/no/no/d/467/ll/A,0.31
bw/so/yes/yes/m/245/ll/A,bw/st/yes/no/m/209/ll/A,0.44
bw/so/yes/yes/m/245/ll/A,bw/so/yes/no/m/255/ll/U,0.76
bw/so/yes/yes/m/245/ll/A,bw/mu/yes/yes/d/435/ll/U,0.35
bw/so/yes/yes/m/245/ll/A,bw/so/no/yes/m/263/ll/A,0.86
bw/so/yes/yes/m/245/ll/A,bo/mu/yes/yes/d/461/ll/A,0.33
bw/so/yes/yes/m/245/ll/A,bo/st/no/yes/m/237/ll/U,0.33
bw/so/yes/yes/m/245/ll/A,bw/st/yes/no/d/495/ll/U,0.44
bw/so/yes/yes/m/245/ll/A,bo/mu/yes/yes/d/459/ll/U,0.33
bw/so/yes/yes/m/245/ll/A,bo/st/no/yes/m/239/ll/A,0.33
bw/so/yes/yes/m/245/ll/A,bw/st/no/no/m/201/ll/U,0.42
bw/so/yes/yes/m/245/ll/A,bo/st/no/yes/d/525/ll/U,0.33
bw/so/yes/yes/m/245/ll/A,bo/mu/no/no/m/179/ll/A,0.31
bw/so/yes/yes/m/245/ll/A,bo/mu/yes/no/m/183/ll/U,0.34
bw/so/yes/yes/m/245/ll/A,bo/mu/no/no/m/177/ll/U,0.31
bw/so/yes/yes/m/245/ll/A,bo/st/no/no/d/513/ll/U,0.35
bw/so/yes/yes/m/245/ll/A,bw/so/no/yes/d/549/ll/U,0.86
bw/so/yes/yes/m/245/ll/A,bw/mu/yes/yes/m/149/ll/A,0.35
bw/so/yes/yes/m/245/ll/A,bo/mu/yes/no/m/185/ll/A,0.34
bw/so/yes/yes/m/245/ll/A,bo/st/no/no/d/515/ll/A,0.35
bw/so/yes/yes/m/245/ll/A,bo/mu/yes/yes/m/171/ll/U,0.33
bw/so/yes/yes/m/245/ll/A,bw/mu/yes/yes/m/147/ll/U,0.35
bw/so/yes/yes/m/245/ll/A,bo/so/no/no/d/563/ll/A,0.2
bw/so/yes/yes/m/245/ll/A,bo/so/yes/yes/d/555/ll/U,0.69
bw/so/yes/yes/m/245/ll/A,bw/so/no/no/d/539/ll/A,0.7
bw/so/yes/yes/m/245/ll/A,bo/mu/no/yes/m/191/ll/A,0.32
bw/so/yes/yes/m/245/ll/A,bw/st/no/yes/d/501/ll/U,0.44
bw/so/yes/yes/m/245/ll/A,bw/mu/no/yes/m/165/ll/U,0.35
bw/so/yes/yes/m/245/ll/A,bw/mu/no/no/m/153/ll/U,0.33
bw/so/yes/yes/m/245/ll/A,bw/so/no/no/d/537/ll/U,0.7
bw/so/yes/yes/m/245/ll/A,bw/so/yes/yes/d/531/ll/U,1.0
bw/so/yes/yes/m/245/ll/A,bw/mu/no/no/m/155/ll/A,0.33
bw/so/yes/yes/m/245/ll/A,bo/st/yes/yes/d/509/ll/A,0.41
bw/so/yes/yes/m/245/ll/A,bw/st/yes/yes/m/197/ll/A,0.45
bw/so/yes/yes/m/245/ll/A,bo/st/yes/yes/d/507/ll/U,0.41
bw/so/yes/yes/m/245/ll/A,bw/st/no/yes/m/215/ll/A,0.44
bw/so/yes/yes/m/245/ll/A,bw/mu/no/no/d/443/ll/A,0.33
bw/so/yes/yes/m/245/ll/A,bo/so/yes/no/m/279/ll/U,0.61
bw/so/yes/yes/m/245/ll/A,bw/st/no/no/d/489/ll/U,0.42
bw/so/yes/yes/m/245/ll/A,bw/st/no/yes/m/213/ll/U,0.44
bw/so/yes/yes/m/245/ll/A,bo/st/no/no/m/225/ll/U,0.35
bw/so/yes/yes/m/245/ll/A,bo/mu/yes/no/d/473/ll/A,0.34
bw/so/yes/yes/m/245/ll/A,bw/so/no/no/m/249/ll/U,0.7
bw/so/yes/yes/m/245/ll/A,bo/so/no/yes/m/285/ll/U,0.17
bw/so/yes/yes/m/245/ll/A,bw/st/no/no/m/203/ll/A,0.42
bw/so/yes/yes/m/245/ll/A,bw/mu/no/yes/d/455/ll/A,0.35
bw/so/yes/yes/m/245/ll/A,bw/st/yes/no/d/497/ll/A,0.44
bw/so/yes/yes/m/245/ll/A,bw/mu/yes/yes/d/437/ll/A,0.35
bw/so/yes/yes/m/245/ll/A,bw/so/no/yes/m/261/ll/U,0.86
bw/so/yes/yes/m/245/ll/A,bw/so/yes/no/m/257/ll/A,0.76
bw/so/yes/yes/m/245/ll/A,bw/st/no/no/d/491/ll/A,0.42
bw/so/yes/yes/m/245/ll/A,bo/st/yes/no/m/233/ll/A,0.44
bw/so/yes/yes/m/245/ll/A,bo/mu/no/no/d/465/ll/U,0.31
bw/so/yes/yes/m/245/ll/A,bw/mu/no/yes/d/453/ll/U,0.35
bw/so/yes/yes/m/245/ll/A,bw/so/no/no/m/251/ll/A,0.7
bw/so/yes/yes/m/245/ll/A,bo/so/yes/yes/m/269/ll/A,0.69
bw/so/yes/yes/m/245/ll/A,bo/so/yes/yes/m/267/ll/U,0.69
bw/so/yes/yes/m/245/ll/A,bw/so/yes/no/d/543/ll/U,0.76
bw/so/yes/yes/m/245/ll/A,bo/so/no/yes/d/575/ll/A,0.17
bw/so/yes/yes/m/245/ll/A,bo/st/yes/no/d/521/ll/A,0.44
bw/so/yes/yes/m/245/ll/A,bo/mu/no/yes/m/189/ll/U,0.32
bw/so/yes/yes/m/245/ll/A,bo/st/yes/no/d/519/ll/U,0.44
bw/so/yes/yes/m/245/ll/A,bo/mu/yes/yes/m/173/ll/A,0.33
bw/so/yes/yes/m/245/ll/A,bo/so/no/yes/d/573/ll/U,0.17
bw/so/yes/yes/m/245/ll/A,bw/so/yes/no/d/545/ll/A,0.76
bw/so/yes/yes/m/245/ll/A,bo/st/no/yes/d/527/ll/A,0.33
bw/so/yes/yes/m/245/ll/A,bw/mu/yes/no/m/159/ll/U,0.35
bw/so/yes/yes/m/245/ll/A,bw/mu/yes/no/m/161/ll/A,0.35
bw/so/yes/yes/m/245/ll/A,bw/st/yes/yes/m/195/ll/U,0.45
bw/so/yes/yes/m/245/ll/A,bw/so/yes/yes/d/533/ll/A,1.0
bw/so/yes/yes/m/245/ll/A,bo/so/yes/no/d/567/ll/U,0.61
bw/so/yes/yes/m/245/ll/A,bw/so/no/yes/d/551/ll/A,0.86
bw/so/yes/yes/m/245/ll/A,bo/so/yes/no/d/569/ll/A,0.61
bw/so/yes/yes/m/245/ll/A,bw/st/no/yes/d/503/ll/A,0.44
bw/so/yes/yes/m/245/ll/A,bw/mu/no/yes/m/167/ll/A,0.35
bw/so/yes/yes/m/245/ll/A,bo/so/yes/yes/d/557/ll/A,0.69
bw/so/yes/yes/m/245/ll/A,bo/so/no/no/d/561/ll/U,0.2
bw/so/yes/yes/m/245/ll/A,bw/so/yes/yes/m/245/ll/A,1.0
bw/so/yes/yes/m/245/ll/A,bo/so/no/yes/m/287/ll/A,0.17
bw/so/yes/yes/m/245/ll/A,bo/so/no/no/m/273/ll/U,0.2
bw/so/yes/yes/m/245/ll/A,bw/st/yes/yes/d/485/ll/A,0.45
bw/so/yes/yes/m/245/ll/A,bo/st/no/no/m/227/ll/A,0.35
bw/so/yes/yes/m/245/ll/A,bo/mu/yes/no/d/471/ll/U,0.34
bw/so/yes/yes/m/245/ll/A,bw/mu/yes/no/d/449/ll/A,0.35
bw/so/yes/yes/m/245/ll/A,bw/mu/yes/no/d/447/ll/U,0.35
bw/so/yes/yes/m/245/ll/A,bo/so/yes/no/m/281/ll/A,0.61
bw/so/yes/yes/m/245/ll/A,bo/so/no/no/m/275/ll/A,0.2
bw/so/yes/yes/m/245/ll/A,bw/so/yes/yes/m/243/ll/U,1.0
bw/so/yes/yes/m/245/ll/A,bo/mu/no/yes/d/479/ll/A,0.32
bw/so/yes/yes/m/245/ll/A,bw/mu/no/no/d/441/ll/U,0.33
bw/so/yes/yes/m/245/ll/A,bw/st/yes/yes/d/483/ll/U,0.45
bw/so/yes/yes/m/245/ll/A,bo/mu/no/yes/d/477/ll/U,0.32
bw/so/yes/yes/m/245/ll/A,bo/st/yes/yes/m/221/ll/A,0.41
bw/so/yes/yes/m/245/ll/A,bo/st/yes/yes/m/219/ll/U,0.41
bo/so/no/yes/m/287/ll/A,bw/st/yes/no/m/207/ll/U,0.11
bo/so/no/yes/m/287/ll/A,bo/st/yes/no/m/231/ll/U,0.13
bo/so/no/yes/m/287/ll/A,bo/mu/no/no/d/467/ll/A,0.09
bo/so/no/yes/m/287/ll/A,bw/st/yes/no/m/209/ll/A,0.11
bo/so/no/yes/m/287/ll/A,bw/so/yes/no/m/255/ll/U,0.16
bo/so/no/yes/m/287/ll/A,bw/mu/yes/yes/d/435/ll/U,0.09
bo/so/no/yes/m/287/ll/A,bw/so/no/yes/m/263/ll/A,0.18
bo/so/no/yes/m/287/ll/A,bo/mu/yes/yes/d/461/ll/A,0.09
bo/so/no/yes/m/287/ll/A,bo/st/no/yes/m/237/ll/U,0.12
bo/so/no/yes/m/287/ll/A,bw/st/yes/no/d/495/ll/U,0.11
bo/so/no/yes/m/287/ll/A,bo/mu/yes/yes/d/459/ll/U,0.09
bo/so/no/yes/m/287/ll/A,bo/st/no/yes/m/239/ll/A,0.12
bo/so/no/yes/m/287/ll/A,bw/st/no/no/m/201/ll/U,0.11
bo/so/no/yes/m/287/ll/A,bo/st/no/yes/d/525/ll/U,0.12
bo/so/no/yes/m/287/ll/A,bo/mu/no/no/m/179/ll/A,0.09
bo/so/no/yes/m/287/ll/A,bo/mu/yes/no/m/183/ll/U,0.09
bo/so/no/yes/m/287/ll/A,bo/mu/no/no/m/177/ll/U,0.09
bo/so/no/yes/m/287/ll/A,bo/st/no/no/d/513/ll/U,0.12
bo/so/no/yes/m/287/ll/A,bw/so/no/yes/d/549/ll/U,0.18
bo/so/no/yes/m/287/ll/A,bw/mu/yes/yes/m/149/ll/A,0.09
bo/so/no/yes/m/287/ll/A,bo/mu/yes/no/m/185/ll/A,0.09
bo/so/no/yes/m/287/ll/A,bo/st/no/no/d/515/ll/A,0.12
bo/so/no/yes/m/287/ll/A,bo/mu/yes/yes/m/171/ll/U,0.09
bo/so/no/yes/m/287/ll/A,bw/mu/yes/yes/m/147/ll/U,0.09
bo/so/no/yes/m/287/ll/A,bo/so/no/no/d/563/ll/A,0.59
bo/so/no/yes/m/287/ll/A,bo/so/yes/yes/d/555/ll/U,0.22
bo/so/no/yes/m/287/ll/A,bw/so/no/no/d/539/ll/A,0.16
bo/so/no/yes/m/287/ll/A,bo/mu/no/yes/m/191/ll/A,0.09
bo/so/no/yes/m/287/ll/A,bw/st/no/yes/d/501/ll/U,0.12
bo/so/no/yes/m/287/ll/A,bw/mu/no/yes/m/165/ll/U,0.09
bo/so/no/yes/m/287/ll/A,bw/mu/no/no/m/153/ll/U,0.08
bo/so/no/yes/m/287/ll/A,bw/so/no/no/d/537/ll/U,0.16
bo/so/no/yes/m/287/ll/A,bw/so/yes/yes/d/531/ll/U,0.17
bo/so/no/yes/m/287/ll/A,bw/mu/no/no/m/155/ll/A,0.08
bo/so/no/yes/m/287/ll/A,bo/st/yes/yes/d/509/ll/A,0.13
bo/so/no/yes/m/287/ll/A,bw/st/yes/yes/m/197/ll/A,0.11
bo/so/no/yes/m/287/ll/A,bo/st/yes/yes/d/507/ll/U,0.13
bo/so/no/yes/m/287/ll/A,bw/st/no/yes/m/215/ll/A,0.12
bo/so/no/yes/m/287/ll/A,bw/mu/no/no/d/443/ll/A,0.08
bo/so/no/yes/m/287/ll/A,bo/so/yes/no/m/279/ll/U,0.18
bo/so/no/yes/m/287/ll/A,bw/st/no/no/d/489/ll/U,0.11
bo/so/no/yes/m/287/ll/A,bw/st/no/yes/m/213/ll/U,0.12
bo/so/no/yes/m/287/ll/A,bo/st/no/no/m/225/ll/U,0.12
bo/so/no/yes/m/287/ll/A,bo/mu/yes/no/d/473/ll/A,0.09
bo/so/no/yes/m/287/ll/A,bw/so/no/no/m/249/ll/U,0.16
bo/so/no/yes/m/287/ll/A,bo/so/no/yes/m/285/ll/U,1.0
bo/so/no/yes/m/287/ll/A,bw/st/no/no/m/203/ll/A,0.11
bo/so/no/yes/m/287/ll/A,bw/mu/no/yes/d/455/ll/A,0.09
bo/so/no/yes/m/287/ll/A,bw/st/yes/no/d/497/ll/A,0.11
bo/so/no/yes/m/287/ll/A,bw/mu/yes/yes/d/437/ll/A,0.09
bo/so/no/yes/m/287/ll/A,bw/so/no/yes/m/261/ll/U,0.18
bo/so/no/yes/m/287/ll/A,bw/so/yes/no/m/257/ll/A,0.16
bo/so/no/yes/m/287/ll/A,bw/st/no/no/d/491/ll/A,0.11
bo/so/no/yes/m/287/ll/A,bo/st/yes/no/m/233/ll/A,0.13
bo/so/no/yes/m/287/ll/A,bo/mu/no/no/d/465/ll/U,0.09
bo/so/no/yes/m/287/ll/A,bw/mu/no/yes/d/453/ll/U,0.09
bo/so/no/yes/m/287/ll/A,bw/so/no/no/m/251/ll/A,0.16
bo/so/no/yes/m/287/ll/A,bo/so/yes/yes/m/269/ll/A,0.22
bo/so/no/yes/m/287/ll/A,bo/so/yes/yes/m/267/ll/U,0.22
bo/so/no/yes/m/287/ll/A,bw/so/yes/no/d/543/ll/U,0.16
bo/so/no/yes/m/287/ll/A,bo/so/no/yes/d/575/ll/A,1.0
bo/so/no/yes/m/287/ll/A,bo/st/yes/no/d/521/ll/A,0.13
bo/so/no/yes/m/287/ll/A,bo/mu/no/yes/m/189/ll/U,0.09
bo/so/no/yes/m/287/ll/A,bo/st/yes/no/d/519/ll/U,0.13
bo/so/no/yes/m/287/ll/A,bo/mu/yes/yes/m/173/ll/A,0.09
bo/so/no/yes/m/287/ll/A,bo/so/no/yes/d/573/ll/U,1.0
bo/so/no/yes/m/287/ll/A,bw/so/yes/no/d/545/ll/A,0.16
bo/so/no/yes/m/287/ll/A,bo/st/no/yes/d/527/ll/A,0.12
bo/so/no/yes/m/287/ll/A,bw/mu/yes/no/m/159/ll/U,0.09
bo/so/no/yes/m/287/ll/A,bw/mu/yes/no/m/161/ll/A,0.09
bo/so/no/yes/m/287/ll/A,bw/st/yes/yes/m/195/ll/U,0.11
bo/so/no/yes/m/287/ll/A,bw/so/yes/yes/d/533/ll/A,0.17
bo/so/no/yes/m/287/ll/A,bo/so/yes/no/d/567/ll/U,0.18
bo/so/no/yes/m/287/ll/A,bw/so/no/yes/d/551/ll/A,0.18
bo/so/no/yes/m/287/ll/A,bo/so/yes/no/d/569/ll/A,0.18
bo/so/no/yes/m/287/ll/A,bw/st/no/yes/d/503/ll/A,0.12
bo/so/no/yes/m/287/ll/A,bw/mu/no/yes/m/167/ll/A,0.09
bo/so/no/yes/m/287/ll/A,bo/so/yes/yes/d/557/ll/A,0.22
bo/so/no/yes/m/287/ll/A,bo/so/no/no/d/561/ll/U,0.59
bo/so/no/yes/m/287/ll/A,bw/so/yes/yes/m/245/ll/A,0.17
bo/so/no/yes/m/287/ll/A,bo/so/no/yes/m/287/ll/A,1.0
bo/so/no/yes/m/287/ll/A,bo/so/no/no/m/273/ll/U,0.59
bo/so/no/yes/m/287/ll/A,bw/st/yes/yes/d/485/ll/A,0.11
bo/so/no/yes/m/287/ll/A,bo/st/no/no/m/227/ll/A,0.12
bo/so/no/yes/m/287/ll/A,bo/mu/yes/no/d/471/ll/U,0.09
bo/so/no/yes/m/287/ll/A,bw/mu/yes/no/d/449/ll/A,0.09
bo/so/no/yes/m/287/ll/A,bw/mu/yes/no/d/447/ll/U,0.09
bo/so/no/yes/m/287/ll/A,bo/so/yes/no/m/281/ll/A,0.18
bo/so/no/yes/m/287/ll/A,bo/so/no/no/m/275/ll/A,0.59
bo/so/no/yes/m/287/ll/A,bw/so/yes/yes/m/243/ll/U,0.17
bo/so/no/yes/m/287/ll/A,bo/mu/no/yes/d/479/ll/A,0.09
bo/so/no/yes/m/287/ll/A,bw/mu/no/no/d/441/ll/U,0.08
bo/so/no/yes/m/287/ll/A,bw/st/yes/yes/d/483/ll/U,0.11
bo/so/no/yes/m/287/ll/A,bo/mu/no/yes/d/477/ll/U,0.09
bo/so/no/yes/m/287/ll/A,bo/st/yes/yes/m/221/ll/A,0.13
bo/so/no/yes/m/287/ll/A,bo/st/yes/yes/m/219/ll/U,0.13
bo/so/no/no/m/273/ll/U,bw/st/yes/no/m/207/ll/U,0.12
bo/so/no/no/m/273/ll/U,bo/st/yes/no/m/231/ll/U,0.13
bo/so/no/no/m/273/ll/U,bo/mu/no/no/d/467/ll/A,0.08
bo/so/no/no/m/273/ll/U,bw/st/yes/no/m/209/ll/A,0.12
bo/so/no/no/m/273/ll/U,bw/so/yes/no/m/255/ll/U,0.21
bo/so/no/no/m/273/ll/U,bw/mu/yes/yes/d/435/ll/U,0.08
bo/so/no/no/m/273/ll/U,bw/so/no/yes/m/263/ll/A,0.21
bo/so/no/no/m/273/ll/U,bo/mu/yes/yes/d/461/ll/A,0.08
bo/so/no/no/m/273/ll/U,bo/st/no/yes/m/237/ll/U,0.1
bo/so/no/no/m/273/ll/U,bw/st/yes/no/d/495/ll/U,0.12
bo/so/no/no/m/273/ll/U,bo/mu/yes/yes/d/459/ll/U,0.08
bo/so/no/no/m/273/ll/U,bo/st/no/yes/m/239/ll/A,0.1
bo/so/no/no/m/273/ll/U,bw/st/no/no/m/201/ll/U,0.12
bo/so/no/no/m/273/ll/U,bo/st/no/yes/d/525/ll/U,0.1
bo/so/no/no/m/273/ll/U,bo/mu/no/no/m/179/ll/A,0.08
bo/so/no/no/m/273/ll/U,bo/mu/yes/no/m/183/ll/U,0.08
bo/so/no/no/m/273/ll/U,bo/mu/no/no/m/177/ll/U,0.08
bo/so/no/no/m/273/ll/U,bo/st/no/no/d/513/ll/U,0.12
bo/so/no/no/m/273/ll/U,bw/so/no/yes/d/549/ll/U,0.21
bo/so/no/no/m/273/ll/U,bw/mu/yes/yes/m/149/ll/A,0.08
bo/so/no/no/m/273/ll/U,bo/mu/yes/no/m/185/ll/A,0.08
bo/so/no/no/m/273/ll/U,bo/st/no/no/d/515/ll/A,0.12
bo/so/no/no/m/273/ll/U,bo/mu/yes/yes/m/171/ll/U,0.08
bo/so/no/no/m/273/ll/U,bw/mu/yes/yes/m/147/ll/U,0.08
bo/so/no/no/m/273/ll/U,bo/so/no/no/d/563/ll/A,1.0
bo/so/no/no/m/273/ll/U,bo/so/yes/yes/d/555/ll/U,0.22
bo/so/no/no/m/273/ll/U,bw/so/no/no/d/539/ll/A,0.22
bo/so/no/no/m/273/ll/U,bo/mu/no/yes/m/191/ll/A,0.08
bo/so/no/no/m/273/ll/U,bw/st/no/yes/d/501/ll/U,0.12
bo/so/no/no/m/273/ll/U,bw/mu/no/yes/m/165/ll/U,0.08
bo/so/no/no/m/273/ll/U,bw/mu/no/no/m/153/ll/U,0.07
bo/so/no/no/m/273/ll/U,bw/so/no/no/d/537/ll/U,0.22
bo/so/no/no/m/273/ll/U,bw/so/yes/yes/d/531/ll/U,0.2
bo/so/no/no/m/273/ll/U,bw/mu/no/no/m/155/ll/A,0.07
bo/so/no/no/m/273/ll/U,bo/st/yes/yes/d/509/ll/A,0.11
bo/so/no/no/m/273/ll/U,bw/st/yes/yes/m/197/ll/A,0.12
bo/so/no/no/m/273/ll/U,bo/st/yes/yes/d/507/ll/U,0.11
bo/so/no/no/m/273/ll/U,bw/st/no/yes/m/215/ll/A,0.12
bo/so/no/no/m/273/ll/U,bw/mu/no/no/d/443/ll/A,0.07
bo/so/no/no/m/273/ll/U,bo/so/yes/no/m/279/ll/U,0.25
bo/so/no/no/m/273/ll/U,bw/st/no/no/d/489/ll/U,0.12
bo/so/no/no/m/273/ll/U,bw/st/no/yes/m/213/ll/U,0.12
bo/so/no/no/m/273/ll/U,bo/st/no/no/m/225/ll/U,0.12
bo/so/no/no/m/273/ll/U,bo/mu/yes/no/d/473/ll/A,0.08
bo/so/no/no/m/273/ll/U,bw/so/no/no/m/249/ll/U,0.22
bo/so/no/no/m/273/ll/U,bo/so/no/yes/m/285/ll/U,0.59
bo/so/no/no/m/273/ll/U,bw/st/no/no/m/203/ll/A,0.12
bo/so/no/no/m/273/ll/U,bw/mu/no/yes/d/455/ll/A,0.08
bo/so/no/no/m/273/ll/U,bw/st/yes/no/d/497/ll/A,0.12
bo/so/no/no/m/273/ll/U,bw/mu/yes/yes/d/437/ll/A,0.08
bo/so/no/no/m/273/ll/U,bw/so/no/yes/m/261/ll/U,0.21
bo/so/no/no/m/273/ll/U,bw/so/yes/no/m/257/ll/A,0.21
bo/so/no/no/m/273/ll/U,bw/st/no/no/d/491/ll/A,0.12
bo/so/no/no/m/273/ll/U,bo/st/yes/no/m/233/ll/A,0.13
bo/so/no/no/m/273/ll/U,bo/mu/no/no/d/465/ll/U,0.08
bo/so/no/no/m/273/ll/U,bw/mu/no/yes/d/453/ll/U,0.08
bo/so/no/no/m/273/ll/U,bw/so/no/no/m/251/ll/A,0.22
bo/so/no/no/m/273/ll/U,bo/so/yes/yes/m/269/ll/A,0.22
bo/so/no/no/m/273/ll/U,bo/so/yes/yes/m/267/ll/U,0.22
bo/so/no/no/m/273/ll/U,bw/so/yes/no/d/543/ll/U,0.21
bo/so/no/no/m/273/ll/U,bo/so/no/yes/d/575/ll/A,0.59
bo/so/no/no/m/273/ll/U,bo/st/yes/no/d/521/ll/A,0.13
bo/so/no/no/m/273/ll/U,bo/mu/no/yes/m/189/ll/U,0.08
bo/so/no/no/m/273/ll/U,bo/st/yes/no/d/519/ll/U,0.13
bo/so/no/no/m/273/ll/U,bo/mu/yes/yes/m/173/ll/A,0.08
bo/so/no/no/m/273/ll/U,bo/so/no/yes/d/573/ll/U,0.59
bo/so/no/no/m/273/ll/U,bw/so/yes/no/d/545/ll/A,0.21
bo/so/no/no/m/273/ll/U,bo/st/no/yes/d/527/ll/A,0.1
bo/so/no/no/m/273/ll/U,bw/mu/yes/no/m/159/ll/U,0.08
bo/so/no/no/m/273/ll/U,bw/mu/yes/no/m/161/ll/A,0.08
bo/so/no/no/m/273/ll/U,bw/st/yes/yes/m/195/ll/U,0.12
bo/so/no/no/m/273/ll/U,bw/so/yes/yes/d/533/ll/A,0.2
bo/so/no/no/m/273/ll/U,bo/so/yes/no/d/567/ll/U,0.25
bo/so/no/no/m/273/ll/U,bw/so/no/yes/d/551/ll/A,0.21
bo/so/no/no/m/273/ll/U,bo/so/yes/no/d/569/ll/A,0.25
bo/so/no/no/m/273/ll/U,bw/st/no/yes/d/503/ll/A,0.12
bo/so/no/no/m/273/ll/U,bw/mu/no/yes/m/167/ll/A,0.08
bo/so/no/no/m/273/ll/U,bo/so/yes/yes/d/557/ll/A,0.22
bo/so/no/no/m/273/ll/U,bo/so/no/no/d/561/ll/U,1.0
bo/so/no/no/m/273/ll/U,bw/so/yes/yes/m/245/ll/A,0.2
bo/so/no/no/m/273/ll/U,bo/so/no/yes/m/287/ll/A,0.59
bo/so/no/no/m/273/ll/U,bo/so/no/no/m/273/ll/U,1.0
bo/so/no/no/m/273/ll/U,bw/st/yes/yes/d/485/ll/A,0.12
bo/so/no/no/m/273/ll/U,bo/st/no/no/m/227/ll/A,0.12
bo/so/no/no/m/273/ll/U,bo/mu/yes/no/d/471/ll/U,0.08
bo/so/no/no/m/273/ll/U,bw/mu/yes/no/d/449/ll/A,0.08
bo/so/no/no/m/273/ll/U,bw/mu/yes/no/d/447/ll/U,0.08
bo/so/no/no/m/273/ll/U,bo/so/yes/no/m/281/ll/A,0.25
bo/so/no/no/m/273/ll/U,bo/so/no/no/m/275/ll/A,1.0
bo/so/no/no/m/273/ll/U,bw/so/yes/yes/m/243/ll/U,0.2
bo/so/no/no/m/273/ll/U,bo/mu/no/yes/d/479/ll/A,0.08
bo/so/no/no/m/273/ll/U,bw/mu/no/no/d/441/ll/U,0.07
bo/so/no/no/m/273/ll/U,bw/st/yes/yes/d/483/ll/U,0.12
bo/so/no/no/m/273/ll/U,bo/mu/no/yes/d/477/ll/U,0.08
bo/so/no/no/m/273/ll/U,bo/st/yes/yes/m/221/ll/A,0.11
bo/so/no/no/m/273/ll/U,bo/st/yes/yes/m/219/ll/U,0.11
bw/st/yes/yes/d/485/ll/A,bw/st/yes/no/m/207/ll/U,0.87
bw/st/yes/yes/d/485/ll/A,bo/st/yes/no/m/231/ll/U,0.62
bw/st/yes/yes/d/485/ll/A,bo/mu/no/no/d/467/ll/A,0.43
bw/st/yes/yes/d/485/ll/A,bw/st/yes/no/m/209/ll/A,0.87
bw/st/yes/yes/d/485/ll/A,bw/so/yes/no/m/255/ll/U,0.39
bw/st/yes/yes/d/485/ll/A,bw/mu/yes/yes/d/435/ll/U,0.47
bw/st/yes/yes/d/485/ll/A,bw/so/no/yes/m/263/ll/A,0.43
bw/st/yes/yes/d/485/ll/A,bo/mu/yes/yes/d/461/ll/A,0.48
bw/st/yes/yes/d/485/ll/A,bo/st/no/yes/m/237/ll/U,0.41
bw/st/yes/yes/d/485/ll/A,bw/st/yes/no/d/495/ll/U,0.87
bw/st/yes/yes/d/485/ll/A,bo/mu/yes/yes/d/459/ll/U,0.48
bw/st/yes/yes/d/485/ll/A,bo/st/no/yes/m/239/ll/A,0.41
bw/st/yes/yes/d/485/ll/A,bw/st/no/no/m/201/ll/U,0.76
bw/st/yes/yes/d/485/ll/A,bo/st/no/yes/d/525/ll/U,0.41
bw/st/yes/yes/d/485/ll/A,bo/mu/no/no/m/179/ll/A,0.43
bw/st/yes/yes/d/485/ll/A,bo/mu/yes/no/m/183/ll/U,0.46
bw/st/yes/yes/d/485/ll/A,bo/mu/no/no/m/177/ll/U,0.43
bw/st/yes/yes/d/485/ll/A,bo/st/no/no/d/513/ll/U,0.43
bw/st/yes/yes/d/485/ll/A,bw/so/no/yes/d/549/ll/U,0.43
bw/st/yes/yes/d/485/ll/A,bw/mu/yes/yes/m/149/ll/A,0.47
bw/st/yes/yes/d/485/ll/A,bo/mu/yes/no/m/185/ll/A,0.46
bw/st/yes/yes/d/485/ll/A,bo/st/no/no/d/515/ll/A,0.43
bw/st/yes/yes/d/485/ll/A,bo/mu/yes/yes/m/171/ll/U,0.48
bw/st/yes/yes/d/485/ll/A,bw/mu/yes/yes/m/147/ll/U,0.47
bw/st/yes/yes/d/485/ll/A,bo/so/no/no/d/563/ll/A,0.12
bw/st/yes/yes/d/485/ll/A,bo/so/yes/yes/d/555/ll/U,0.44
bw/st/yes/yes/d/485/ll/A,bw/so/no/no/d/539/ll/A,0.38
bw/st/yes/yes/d/485/ll/A,bo/mu/no/yes/m/191/ll/A,0.43
bw/st/yes/yes/d/485/ll/A,bw/st/no/yes/d/501/ll/U,0.86
bw/st/yes/yes/d/485/ll/A,bw/mu/no/yes/m/165/ll/U,0.46
bw/st/yes/yes/d/485/ll/A,bw/mu/no/no/m/153/ll/U,0.47
bw/st/yes/yes/d/485/ll/A,bw/so/no/no/d/537/ll/U,0.38
bw/st/yes/yes/d/485/ll/A,bw/so/yes/yes/d/531/ll/U,0.45
bw/st/yes/yes/d/485/ll/A,bw/mu/no/no/m/155/ll/A,0.47
bw/st/yes/yes/d/485/ll/A,bo/st/yes/yes/d/509/ll/A,0.56
bw/st/yes/yes/d/485/ll/A,bw/st/yes/yes/m/197/ll/A,1.0
bw/st/yes/yes/d/485/ll/A,bo/st/yes/yes/d/507/ll/U,0.56
bw/st/yes/yes/d/485/ll/A,bw/st/no/yes/m/215/ll/A,0.86
bw/st/yes/yes/d/485/ll/A,bw/mu/no/no/d/443/ll/A,0.47
bw/st/yes/yes/d/485/ll/A,bo/so/yes/no/m/279/ll/U,0.37
bw/st/yes/yes/d/485/ll/A,bw/st/no/no/d/489/ll/U,0.76
bw/st/yes/yes/d/485/ll/A,bw/st/no/yes/m/213/ll/U,0.86
bw/st/yes/yes/d/485/ll/A,bo/st/no/no/m/225/ll/U,0.43
bw/st/yes/yes/d/485/ll/A,bo/mu/yes/no/d/473/ll/A,0.46
bw/st/yes/yes/d/485/ll/A,bw/so/no/no/m/249/ll/U,0.38
bw/st/yes/yes/d/485/ll/A,bo/so/no/yes/m/285/ll/U,0.11
bw/st/yes/yes/d/485/ll/A,bw/st/no/no/m/203/ll/A,0.76
bw/st/yes/yes/d/485/ll/A,bw/mu/no/yes/d/455/ll/A,0.46
bw/st/yes/yes/d/485/ll/A,bw/st/yes/no/d/497/ll/A,0.87
bw/st/yes/yes/d/485/ll/A,bw/mu/yes/yes/d/437/ll/A,0.47
bw/st/yes/yes/d/485/ll/A,bw/so/no/yes/m/261/ll/U,0.43
bw/st/yes/yes/d/485/ll/A,bw/so/yes/no/m/257/ll/A,0.39
bw/st/yes/yes/d/485/ll/A,bw/st/no/no/d/491/ll/A,0.76
bw/st/yes/yes/d/485/ll/A,bo/st/yes/no/m/233/ll/A,0.62
bw/st/yes/yes/d/485/ll/A,bo/mu/no/no/d/465/ll/U,0.43
bw/st/yes/yes/d/485/ll/A,bw/mu/no/yes/d/453/ll/U,0.46
bw/st/yes/yes/d/485/ll/A,bw/so/no/no/m/251/ll/A,0.38
bw/st/yes/yes/d/485/ll/A,bo/so/yes/yes/m/269/ll/A,0.44
bw/st/yes/yes/d/485/ll/A,bo/so/yes/yes/m/267/ll/U,0.44
bw/st/yes/yes/d/485/ll/A,bw/so/yes/no/d/543/ll/U,0.39
bw/st/yes/yes/d/485/ll/A,bo/so/no/yes/d/575/ll/A,0.11
bw/st/yes/yes/d/485/ll/A,bo/st/yes/no/d/521/ll/A,0.62
bw/st/yes/yes/d/485/ll/A,bo/mu/no/yes/m/189/ll/U,0.43
bw/st/yes/yes/d/485/ll/A,bo/st/yes/no/d/519/ll/U,0.62
bw/st/yes/yes/d/485/ll/A,bo/mu/yes/yes/m/173/ll/A,0.48
bw/st/yes/yes/d/485/ll/A,bo/so/no/yes/d/573/ll/U,0.11
bw/st/yes/yes/d/485/ll/A,bw/so/yes/no/d/545/ll/A,0.39
bw/st/yes/yes/d/485/ll/A,bo/st/no/yes/d/527/ll/A,0.41
bw/st/yes/yes/d/485/ll/A,bw/mu/yes/no/m/159/ll/U,0.47
bw/st/yes/yes/d/485/ll/A,bw/mu/yes/no/m/161/ll/A,0.47
bw/st/yes/yes/d/485/ll/A,bw/st/yes/yes/m/195/ll/U,1.0
bw/st/yes/yes/d/485/ll/A,bw/so/yes/yes/d/533/ll/A,0.45
bw/st/yes/yes/d/485/ll/A,bo/so/yes/no/d/567/ll/U,0.37
bw/st/yes/yes/d/485/ll/A,bw/so/no/yes/d/551/ll/A,0.43
bw/st/yes/yes/d/485/ll/A,bo/so/yes/no/d/569/ll/A,0.37
bw/st/yes/yes/d/485/ll/A,bw/st/no/yes/d/503/ll/A,0.86
bw/st/yes/yes/d/485/ll/A,bw/mu/no/yes/m/167/ll/A,0.46
bw/st/yes/yes/d/485/ll/A,bo/so/yes/yes/d/557/ll/A,0.44
bw/st/yes/yes/d/485/ll/A,bo/so/no/no/d/561/ll/U,0.12
bw/st/yes/yes/d/485/ll/A,bw/so/yes/yes/m/245/ll/A,0.45
bw/st/yes/yes/d/485/ll/A,bo/so/no/yes/m/287/ll/A,0.11
bw/st/yes/yes/d/485/ll/A,bo/so/no/no/m/273/ll/U,0.12
bw/st/yes/yes/d/485/ll/A,bw/st/yes/yes/d/485/ll/A,1.0
bw/st/yes/yes/d/485/ll/A,bo/st/no/no/m/227/ll/A,0.43
bw/st/yes/yes/d/485/ll/A,bo/mu/yes/no/d/471/ll/U,0.46
bw/st/yes/yes/d/485/ll/A,bw/mu/yes/no/d/449/ll/A,0.47
bw/st/yes/yes/d/485/ll/A,bw/mu/yes/no/d/447/ll/U,0.47
bw/st/yes/yes/d/485/ll/A,bo/so/yes/no/m/281/ll/A,0.37
bw/st/yes/yes/d/485/ll/A,bo/so/no/no/m/275/ll/A,0.12
bw/st/yes/yes/d/485/ll/A,bw/so/yes/yes/m/243/ll/U,0.45
bw/st/yes/yes/d/485/ll/A,bo/mu/no/yes/d/479/ll/A,0.43
bw/st/yes/yes/d/485/ll/A,bw/mu/no/no/d/441/ll/U,0.47
bw/st/yes/yes/d/485/ll/A,bw/st/yes/yes/d/483/ll/U,1.0
bw/st/yes/yes/d/485/ll/A,bo/mu/no/yes/d/477/ll/U,0.43
bw/st/yes/yes/d/485/ll/A,bo/st/yes/yes/m/221/ll/A,0.56
bw/st/yes/yes/d/485/ll/A,bo/st/yes/yes/m/219/ll/U,0.56
bo/st/no/no/m/227/ll/A,bw/st/yes/no/m/207/ll/U,0.39
bo/st/no/no/m/227/ll/A,bo/st/yes/no/m/231/ll/U,0.59
bo/st/no/no/m/227/ll/A,bo/mu/no/no/d/467/ll/A,0.56
bo/st/no/no/m/227/ll/A,bw/st/yes/no/m/209/ll/A,0.39
bo/st/no/no/m/227/ll/A,bw/so/yes/no/m/255/ll/U,0.3
bo/st/no/no/m/227/ll/A,bw/mu/yes/yes/d/435/ll/U,0.58
bo/st/no/no/m/227/ll/A,bw/so/no/yes/m/263/ll/A,0.36
bo/st/no/no/m/227/ll/A,bo/mu/yes/yes/d/461/ll/A,0.57
bo/st/no/no/m/227/ll/A,bo/st/no/yes/m/237/ll/U,0.88
bo/st/no/no/m/227/ll/A,bw/st/yes/no/d/495/ll/U,0.39
bo/st/no/no/m/227/ll/A,bo/mu/yes/yes/d/459/ll/U,0.57
bo/st/no/no/m/227/ll/A,bo/st/no/yes/m/239/ll/A,0.88
bo/st/no/no/m/227/ll/A,bw/st/no/no/m/201/ll/U,0.4
bo/st/no/no/m/227/ll/A,bo/st/no/yes/d/525/ll/U,0.88
bo/st/no/no/m/227/ll/A,bo/mu/no/no/m/179/ll/A,0.56
bo/st/no/no/m/227/ll/A,bo/mu/yes/no/m/183/ll/U,0.58
bo/st/no/no/m/227/ll/A,bo/mu/no/no/m/177/ll/U,0.56
bo/st/no/no/m/227/ll/A,bo/st/no/no/d/513/ll/U,1.0
bo/st/no/no/m/227/ll/A,bw/so/no/yes/d/549/ll/U,0.36
bo/st/no/no/m/227/ll/A,bw/mu/yes/yes/m/149/ll/A,0.58
bo/st/no/no/m/227/ll/A,bo/mu/yes/no/m/185/ll/A,0.58
bo/st/no/no/m/227/ll/A,bo/st/no/no/d/515/ll/A,1.0
bo/st/no/no/m/227/ll/A,bo/mu/yes/yes/m/171/ll/U,0.57
bo/st/no/no/m/227/ll/A,bw/mu/yes/yes/m/147/ll/U,0.58
bo/st/no/no/m/227/ll/A,bo/so/no/no/d/563/ll/A,0.12
bo/st/no/no/m/227/ll/A,bo/so/yes/yes/d/555/ll/U,0.4
bo/st/no/no/m/227/ll/A,bw/so/no/no/d/539/ll/A,0.31
bo/st/no/no/m/227/ll/A,bo/mu/no/yes/m/191/ll/A,0.59
bo/st/no/no/m/227/ll/A,bw/st/no/yes/d/501/ll/U,0.44
bo/st/no/no/m/227/ll/A,bw/mu/no/yes/m/165/ll/U,0.55
bo/st/no/no/m/227/ll/A,bw/mu/no/no/m/153/ll/U,0.52
bo/st/no/no/m/227/ll/A,bw/so/no/no/d/537/ll/U,0.31
bo/st/no/no/m/227/ll/A,bw/so/yes/yes/d/531/ll/U,0.35
bo/st/no/no/m/227/ll/A,bw/mu/no/no/m/155/ll/A,0.52
bo/st/no/no/m/227/ll/A,bo/st/yes/yes/d/509/ll/A,0.61
bo/st/no/no/m/227/ll/A,bw/st/yes/yes/m/197/ll/A,0.43
bo/st/no/no/m/227/ll/A,bo/st/yes/yes/d/507/ll/U,0.61
bo/st/no/no/m/227/ll/A,bw/st/no/yes/m/215/ll/A,0.44
bo/st/no/no/m/227/ll/A,bw/mu/no/no/d/443/ll/A,0.52
bo/st/no/no/m/227/ll/A,bo/so/yes/no/m/279/ll/U,0.32
bo/st/no/no/m/227/ll/A,bw/st/no/no/d/489/ll/U,0.4
bo/st/no/no/m/227/ll/A,bw/st/no/yes/m/213/ll/U,0.44
bo/st/no/no/m/227/ll/A,bo/st/no/no/m/225/ll/U,1.0
bo/st/no/no/m/227/ll/A,bo/mu/yes/no/d/473/ll/A,0.58
bo/st/no/no/m/227/ll/A,bw/so/no/no/m/249/ll/U,0.31
bo/st/no/no/m/227/ll/A,bo/so/no/yes/m/285/ll/U,0.12
bo/st/no/no/m/227/ll/A,bw/st/no/no/m/203/ll/A,0.4
bo/st/no/no/m/227/ll/A,bw/mu/no/yes/d/455/ll/A,0.55
bo/st/no/no/m/227/ll/A,bw/st/yes/no/d/497/ll/A,0.39
bo/st/no/no/m/227/ll/A,bw/mu/yes/yes/d/437/ll/A,0.58
bo/st/no/no/m/227/ll/A,bw/so/no/yes/m/261/ll/U,0.36
bo/st/no/no/m/227/ll/A,bw/so/yes/no/m/257/ll/A,0.3
bo/st/no/no/m/227/ll/A,bw/st/no/no/d/491/ll/A,0.4
bo/st/no/no/m/227/ll/A,bo/st/yes/no/m/233/ll/A,0.59
bo/st/no/no/m/227/ll/A,bo/mu/no/no/d/465/ll/U,0.56
bo/st/no/no/m/227/ll/A,bw/mu/no/yes/d/453/ll/U,0.55
bo/st/no/no/m/227/ll/A,bw/so/no/no/m/251/ll/A,0.31
bo/st/no/no/m/227/ll/A,bo/so/yes/yes/m/269/ll/A,0.4
bo/st/no/no/m/227/ll/A,bo/so/yes/yes/m/267/ll/U,0.4
bo/st/no/no/m/227/ll/A,bw/so/yes/no/d/543/ll/U,0.3
bo/st/no/no/m/227/ll/A,bo/so/no/yes/d/575/ll/A,0.12
bo/st/no/no/m/227/ll/A,bo/st/yes/no/d/521/ll/A,0.59
bo/st/no/no/m/227/ll/A,bo/mu/no/yes/m/189/ll/U,0.59
bo/st/no/no/m/227/ll/A,bo/st/yes/no/d/519/ll/U,0.59
bo/st/no/no/m/227/ll/A,bo/mu/yes/yes/m/173/ll/A,0.57
bo/st/no/no/m/227/ll/A,bo/so/no/yes/d/573/ll/U,0.12
bo/st/no/no/m/227/ll/A,bw/so/yes/no/d/545/ll/A,0.3
bo/st/no/no/m/227/ll/A,bo/st/no/yes/d/527/ll/A,0.88
bo/st/no/no/m/227/ll/A,bw/mu/yes/no/m/159/ll/U,0.58
bo/st/no/no/m/227/ll/A,bw/mu/yes/no/m/161/ll/A,0.58
bo/st/no/no/m/227/ll/A,bw/st/yes/yes/m/195/ll/U,0.43
bo/st/no/no/m/227/ll/A,bw/so/yes/yes/d/533/ll/A,0.35
bo/st/no/no/m/227/ll/A,bo/so/yes/no/d/567/ll/U,0.32
bo/st/no/no/m/227/ll/A,bw/so/no/yes/d/551/ll/A,0.36
bo/st/no/no/m/227/ll/A,bo/so/yes/no/d/569/ll/A,0.32
bo/st/no/no/m/227/ll/A,bw/st/no/yes/d/503/ll/A,0.44
bo/st/no/no/m/227/ll/A,bw/mu/no/yes/m/167/ll/A,0.55
bo/st/no/no/m/227/ll/A,bo/so/yes/yes/d/557/ll/A,0.4
bo/st/no/no/m/227/ll/A,bo/so/no/no/d/561/ll/U,0.12
bo/st/no/no/m/227/ll/A,bw/so/yes/yes/m/245/ll/A,0.35
bo/st/no/no/m/227/ll/A,bo/so/no/yes/m/287/ll/A,0.12
bo/st/no/no/m/227/ll/A,bo/so/no/no/m/273/ll/U,0.12
bo/st/no/no/m/227/ll/A,bw/st/yes/yes/d/485/ll/A,0.43
bo/st/no/no/m/227/ll/A,bo/st/no/no/m/227/ll/A,1.0
bo/st/no/no/m/227/ll/A,bo/mu/yes/no/d/471/ll/U,0.58
bo/st/no/no/m/227/ll/A,bw/mu/yes/no/d/449/ll/A,0.58
bo/st/no/no/m/227/ll/A,bw/mu/yes/no/d/447/ll/U,0.58
bo/st/no/no/m/227/ll/A,bo/so/yes/no/m/281/ll/A,0.32
bo/st/no/no/m/227/ll/A,bo/so/no/no/m/275/ll/A,0.12
bo/st/no/no/m/227/ll/A,bw/so/yes/yes/m/243/ll/U,0.35
bo/st/no/no/m/227/ll/A,bo/mu/no/yes/d/479/ll/A,0.59
bo/st/no/no/m/227/ll/A,bw/mu/no/no/d/441/ll/U,0.52
bo/st/no/no/m/227/ll/A,bw/st/yes/yes/d/483/ll/U,0.43
bo/st/no/no/m/227/ll/A,bo/mu/no/yes/d/477/ll/U,0.59
bo/st/no/no/m/227/ll/A,bo/st/yes/yes/m/221/ll/A,0.61
bo/st/no/no/m/227/ll/A,bo/st/yes/yes/m/219/ll/U,0.61
bo/mu/yes/no/d/471/ll/U,bw/st/yes/no/m/207/ll/U,0.41
bo/mu/yes/no/d/471/ll/U,bo/st/yes/no/m/231/ll/U,0.56
bo/mu/yes/no/d/471/ll/U,bo/mu/no/no/d/467/ll/A,0.8
bo/mu/yes/no/d/471/ll/U,bw/st/yes/no/m/209/ll/A,0.41
bo/mu/yes/no/d/471/ll/U,bw/so/yes/no/m/255/ll/U,0.28
bo/mu/yes/no/d/471/ll/U,bw/mu/yes/yes/d/435/ll/U,0.91
bo/mu/yes/no/d/471/ll/U,bw/so/no/yes/m/263/ll/A,0.34
bo/mu/yes/no/d/471/ll/U,bo/mu/yes/yes/d/461/ll/A,0.92
bo/mu/yes/no/d/471/ll/U,bo/st/no/yes/m/237/ll/U,0.63
bo/mu/yes/no/d/471/ll/U,bw/st/yes/no/d/495/ll/U,0.41
bo/mu/yes/no/d/471/ll/U,bo/mu/yes/yes/d/459/ll/U,0.92
bo/mu/yes/no/d/471/ll/U,bo/st/no/yes/m/239/ll/A,0.63
bo/mu/yes/no/d/471/ll/U,bw/st/no/no/m/201/ll/U,0.42
bo/mu/yes/no/d/471/ll/U,bo/st/no/yes/d/525/ll/U,0.63
bo/mu/yes/no/d/471/ll/U,bo/mu/no/no/m/179/ll/A,0.8
bo/mu/yes/no/d/471/ll/U,bo/mu/yes/no/m/183/ll/U,1.0
bo/mu/yes/no/d/471/ll/U,bo/mu/no/no/m/177/ll/U,0.8
bo/mu/yes/no/d/471/ll/U,bo/st/no/no/d/513/ll/U,0.58
bo/mu/yes/no/d/471/ll/U,bw/so/no/yes/d/549/ll/U,0.34
bo/mu/yes/no/d/471/ll/U,bw/mu/yes/yes/m/149/ll/A,0.91
bo/mu/yes/no/d/471/ll/U,bo/mu/yes/no/m/185/ll/A,1.0
bo/mu/yes/no/d/471/ll/U,bo/st/no/no/d/515/ll/A,0.58
bo/mu/yes/no/d/471/ll/U,bo/mu/yes/yes/m/171/ll/U,0.92
bo/mu/yes/no/d/471/ll/U,bw/mu/yes/yes/m/147/ll/U,0.91
bo/mu/yes/no/d/471/ll/U,bo/so/no/no/d/563/ll/A,0.08
bo/mu/yes/no/d/471/ll/U,bo/so/yes/yes/d/555/ll/U,0.39
bo/mu/yes/no/d/471/ll/U,bw/so/no/no/d/539/ll/A,0.29
bo/mu/yes/no/d/471/ll/U,bo/mu/no/yes/m/191/ll/A,0.83
bo/mu/yes/no/d/471/ll/U,bw/st/no/yes/d/501/ll/U,0.47
bo/mu/yes/no/d/471/ll/U,bw/mu/no/yes/m/165/ll/U,0.85
bo/mu/yes/no/d/471/ll/U,bw/mu/no/no/m/153/ll/U,0.8
bo/mu/yes/no/d/471/ll/U,bw/so/no/no/d/537/ll/U,0.29
bo/mu/yes/no/d/471/ll/U,bw/so/yes/yes/d/531/ll/U,0.34
bo/mu/yes/no/d/471/ll/U,bw/mu/no/no/m/155/ll/A,0.8
bo/mu/yes/no/d/471/ll/U,bo/st/yes/yes/d/509/ll/A,0.62
bo/mu/yes/no/d/471/ll/U,bw/st/yes/yes/m/197/ll/A,0.46
bo/mu/yes/no/d/471/ll/U,bo/st/yes/yes/d/507/ll/U,0.62
bo/mu/yes/no/d/471/ll/U,bw/st/no/yes/m/215/ll/A,0.47
bo/mu/yes/no/d/471/ll/U,bw/mu/no/no/d/443/ll/A,0.8
bo/mu/yes/no/d/471/ll/U,bo/so/yes/no/m/279/ll/U,0.3
bo/mu/yes/no/d/471/ll/U,bw/st/no/no/d/489/ll/U,0.42
bo/mu/yes/no/d/471/ll/U,bw/st/no/yes/m/213/ll/U,0.47
bo/mu/yes/no/d/471/ll/U,bo/st/no/no/m/225/ll/U,0.58
bo/mu/yes/no/d/471/ll/U,bo/mu/yes/no/d/473/ll/A,1.0
bo/mu/yes/no/d/471/ll/U,bw/so/no/no/m/249/ll/U,0.29
bo/mu/yes/no/d/471/ll/U,bo/so/no/yes/m/285/ll/U,0.09
bo/mu/yes/no/d/471/ll/U,bw/st/no/no/m/203/ll/A,0.42
bo/mu/yes/no/d/471/ll/U,bw/mu/no/yes/d/455/ll/A,0.85
bo/mu/yes/no/d/471/ll/U,bw/st/yes/no/d/497/ll/A,0.41
bo/mu/yes/no/d/471/ll/U,bw/mu/yes/yes/d/437/ll/A,0.91
bo/mu/yes/no/d/471/ll/U,bw/so/no/yes/m/261/ll/U,0.34
bo/mu/yes/no/d/471/ll/U,bw/so/yes/no/m/257/ll/A,0.28
bo/mu/yes/no/d/471/ll/U,bw/st/no/no/d/491/ll/A,0.42
bo/mu/yes/no/d/471/ll/U,bo/st/yes/no/m/233/ll/A,0.56
bo/mu/yes/no/d/471/ll/U,bo/mu/no/no/d/465/ll/U,0.8
bo/mu/yes/no/d/471/ll/U,bw/mu/no/yes/d/453/ll/U,0.85
bo/mu/yes/no/d/471/ll/U,bw/so/no/no/m/251/ll/A,0.29
bo/mu/yes/no/d/471/ll/U,bo/so/yes/yes/m/269/ll/A,0.39
bo/mu/yes/no/d/471/ll/U,bo/so/yes/yes/m/267/ll/U,0.39
bo/mu/yes/no/d/471/ll/U,bw/so/yes/no/d/543/ll/U,0.28
bo/mu/yes/no/d/471/ll/U,bo/so/no/yes/d/575/ll/A,0.09
bo/mu/yes/no/d/471/ll/U,bo/st/yes/no/d/521/ll/A,0.56
bo/mu/yes/no/d/471/ll/U,bo/mu/no/yes/m/189/ll/U,0.83
bo/mu/yes/no/d/471/ll/U,bo/st/yes/no/d/519/ll/U,0.56
bo/mu/yes/no/d/471/ll/U,bo/mu/yes/yes/m/173/ll/A,0.92
bo/mu/yes/no/d/471/ll/U,bo/so/no/yes/d/573/ll/U,0.09
bo/mu/yes/no/d/471/ll/U,bw/so/yes/no/d/545/ll/A,0.28
bo/mu/yes/no/d/471/ll/U,bo/st/no/yes/d/527/ll/A,0.63
bo/mu/yes/no/d/471/ll/U,bw/mu/yes/no/m/159/ll/U,0.92
bo/mu/yes/no/d/471/ll/U,bw/mu/yes/no/m/161/ll/A,0.92
bo/mu/yes/no/d/471/ll/U,bw/st/yes/yes/m/195/ll/U,0.46
bo/mu/yes/no/d/471/ll/U,bw/so/yes/yes/d/533/ll/A,0.34
bo/mu/yes/no/d/471/ll/U,bo/so/yes/no/d/567/ll/U,0.3
bo/mu/yes/no/d/471/ll/U,bw/so/no/yes/d/551/ll/A,0.34
bo/mu/yes/no/d/471/ll/U,bo/so/yes/no/d/569/ll/A,0.3
bo/mu/yes/no/d/471/ll/U,bw/st/no/yes/d/503/ll/A,0.47
bo/mu/yes/no/d/471/ll/U,bw/mu/no/yes/m/167/ll/A,0.85
bo/mu/yes/no/d/471/ll/U,bo/so/yes/yes/d/557/ll/A,0.39
bo/mu/yes/no/d/471/ll/U,bo/so/no/no/d/561/ll/U,0.08
bo/mu/yes/no/d/471/ll/U,bw/so/yes/yes/m/245/ll/A,0.34
bo/mu/yes/no/d/471/ll/U,bo/so/no/yes/m/287/ll/A,0.09
bo/mu/yes/no/d/471/ll/U,bo/so/no/no/m/273/ll/U,0.08
bo/mu/yes/no/d/471/ll/U,bw/st/yes/yes/d/485/ll/A,0.46
bo/mu/yes/no/d/471/ll/U,bo/st/no/no/m/227/ll/A,0.58
bo/mu/yes/no/d/471/ll/U,bo/mu/yes/no/d/471/ll/U,1.0
bo/mu/yes/no/d/471/ll/U,bw/mu/yes/no/d/449/ll/A,0.92
bo/mu/yes/no/d/471/ll/U,bw/mu/yes/no/d/447/ll/U,0.92
bo/mu/yes/no/d/471/ll/U,bo/so/yes/no/m/281/ll/A,0.3
bo/mu/yes/no/d/471/ll/U,bo/so/no/no/m/275/ll/A,0.08
bo/mu/yes/no/d/471/ll/U,bw/so/yes/yes/m/243/ll/U,0.34
bo/mu/yes/no/d/471/ll/U,bo/mu/no/yes/d/479/ll/A,0.83
bo/mu/yes/no/d/471/ll/U,bw/mu/no/no/d/441/ll/U,0.8
bo/mu/yes/no/d/471/ll/U,bw/st/yes/yes/d/483/ll/U,0.46
bo/mu/yes/no/d/471/ll/U,bo/mu/no/yes/d/477/ll/U,0.83
bo/mu/yes/no/d/471/ll/U,bo/st/yes/yes/m/221/ll/A,0.62
bo/mu/yes/no/d/471/ll/U,bo/st/yes/yes/m/219/ll/U,0.62
bw/mu/yes/no/d/449/ll/A,bw/st/yes/no/m/207/ll/U,0.42
bw/mu/yes/no/d/449/ll/A,bo/st/yes/no/m/231/ll/U,0.56
bw/mu/yes/no/d/449/ll/A,bo/mu/no/no/d/467/ll/A,0.76
bw/mu/yes/no/d/449/ll/A,bw/st/yes/no/m/209/ll/A,0.42
bw/mu/yes/no/d/449/ll/A,bw/so/yes/no/m/255/ll/U,0.29
bw/mu/yes/no/d/449/ll/A,bw/mu/yes/yes/d/435/ll/U,0.96
bw/mu/yes/no/d/449/ll/A,bw/so/no/yes/m/263/ll/A,0.35
bw/mu/yes/no/d/449/ll/A,bo/mu/yes/yes/d/461/ll/A,0.88
bw/mu/yes/no/d/449/ll/A,bo/st/no/yes/m/237/ll/U,0.63
bw/mu/yes/no/d/449/ll/A,bw/st/yes/no/d/495/ll/U,0.42
bw/mu/yes/no/d/449/ll/A,bo/mu/yes/yes/d/459/ll/U,0.88
bw/mu/yes/no/d/449/ll/A,bo/st/no/yes/m/239/ll/A,0.63
bw/mu/yes/no/d/449/ll/A,bw/st/no/no/m/201/ll/U,0.43
bw/mu/yes/no/d/449/ll/A,bo/st/no/yes/d/525/ll/U,0.63
bw/mu/yes/no/d/449/ll/A,bo/mu/no/no/m/179/ll/A,0.76
bw/mu/yes/no/d/449/ll/A,bo/mu/yes/no/m/183/ll/U,0.92
bw/mu/yes/no/d/449/ll/A,bo/mu/no/no/m/177/ll/U,0.76
bw/mu/yes/no/d/449/ll/A,bo/st/no/no/d/513/ll/U,0.58
bw/mu/yes/no/d/449/ll/A,bw/so/no/yes/d/549/ll/U,0.35
bw/mu/yes/no/d/449/ll/A,bw/mu/yes/yes/m/149/ll/A,0.96
bw/mu/yes/no/d/449/ll/A,bo/mu/yes/no/m/185/ll/A,0.92
bw/mu/yes/no/d/449/ll/A,bo/st/no/no/d/515/ll/A,0.58
bw/mu/yes/no/d/449/ll/A,bo/mu/yes/yes/m/171/ll/U,0.88
bw/mu/yes/no/d/449/ll/A,bw/mu/yes/yes/m/147/ll/U,0.96
bw/mu/yes/no/d/449/ll/A,bo/so/no/no/d/563/ll/A,0.08
bw/mu/yes/no/d/449/ll/A,bo/so/yes/yes/d/555/ll/U,0.38
bw/mu/yes/no/d/449/ll/A,bw/so/no/no/d/539/ll/A,0.3
bw/mu/yes/no/d/449/ll/A,bo/mu/no/yes/m/191/ll/A,0.8
bw/mu/yes/no/d/449/ll/A,bw/st/no/yes/d/501/ll/U,0.48
bw/mu/yes/no/d/449/ll/A,bw/mu/no/yes/m/165/ll/U,0.9
bw/mu/yes/no/d/449/ll/A,bw/mu/no/no/m/153/ll/U,0.87
bw/mu/yes/no/d/449/ll/A,bw/so/no/no/d/537/ll/U,0.3
bw/mu/yes/no/d/449/ll/A,bw/so/yes/yes/d/531/ll/U,0.35
bw/mu/yes/no/d/449/ll/A,bw/mu/no/no/m/155/ll/A,0.87
bw/mu/yes/no/d/449/ll/A,bo/st/yes/yes/d/509/ll/A,0.61
bw/mu/yes/no/d/449/ll/A,bw/st/yes/yes/m/197/ll/A,0.47
bw/mu/yes/no/d/449/ll/A,bo/st/yes/yes/d/507/ll/U,0.61
bw/mu/yes/no/d/449/ll/A,bw/st/no/yes/m/215/ll/A,0.48
bw/mu/yes/no/d/449/ll/A,bw/mu/no/no/d/443/ll/A,0.87
bw/mu/yes/no/d/449/ll/A,bo/so/yes/no/m/279/ll/U,0.3
bw/mu/yes/no/d/449/ll/A,bw/st/no/no/d/489/ll/U,0.43
bw/mu/yes/no/d/449/ll/A,bw/st/no/yes/m/213/ll/U,0.48
bw/mu/yes/no/d/449/ll/A,bo/st/no/no/m/225/ll/U,0.58
bw/mu/yes/no/d/449/ll/A,bo/mu/yes/no/d/473/ll/A,0.92
bw/mu/yes/no/d/449/ll/A,bw/so/no/no/m/249/ll/U,0.3
bw/mu/yes/no/d/449/ll/A,bo/so/no/yes/m/285/ll/U,0.09
bw/mu/yes/no/d/449/ll/A,bw/st/no/no/m/203/ll/A,0.43
bw/mu/yes/no/d/449/ll/A,bw/mu/no/yes/d/455/ll/A,0.9
bw/mu/yes/no/d/449/ll/A,bw/st/yes/no/d/497/ll/A,0.42
bw/mu/yes/no/d/449/ll/A,bw/mu/yes/yes/d/437/ll/A,0.96
bw/mu/yes/no/d/449/ll/A,bw/so/no/yes/m/261/ll/U,0.35
bw/mu/yes/no/d/449/ll/A,bw/so/yes/no/m/257/ll/A,0.29
bw/mu/yes/no/d/449/ll/A,bw/st/no/no/d/491/ll/A,0.43
bw/mu/yes/no/d/449/ll/A,bo/st/yes/no/m/233/ll/A,0.56
bw/mu/yes/no/d/449/ll/A,bo/mu/no/no/d/465/ll/U,0.76
bw/mu/yes/no/d/449/ll/A,bw/mu/no/yes/d/453/ll/U,0.9
bw/mu/yes/no/d/449/ll/A,bw/so/no/no/m/251/ll/A,0.3
bw/mu/yes/no/d/449/ll/A,bo/so/yes/yes/m/269/ll/A,0.38
bw/mu/yes/no/d/449/ll/A,bo/so/yes/yes/m/267/ll/U,0.38
bw/mu/yes/no/d/449/ll/A,bw/so/yes/no/d/543/ll/U,0.29
bw/mu/yes/no/d/449/ll/A,bo/so/no/yes/d/575/ll/A,0.09
bw/mu/yes/no/d/449/ll/A,bo/st/yes/no/d/521/ll/A,0.56
bw/mu/yes/no/d/449/ll/A,bo/mu/no/yes/m/189/ll/U,0.8
bw/mu/yes/no/d/449/ll/A,bo/st/yes/no/d/519/ll/U,0.56
bw/mu/yes/no/d/449/ll/A,bo/mu/yes/yes/m/173/ll/A,0.88
bw/mu/yes/no/d/449/ll/A,bo/so/no/yes/d/573/ll/U,0.09
bw/mu/yes/no/d/449/ll/A,bw/so/yes/no/d/545/ll/A,0.29
bw/mu/yes/no/d/449/ll/A,bo/st/no/yes/d/527/ll/A,0.63
bw/mu/yes/no/d/449/ll/A,bw/mu/yes/no/m/159/ll/U,1.0
bw/mu/yes/no/d/449/ll/A,bw/mu/yes/no/m/161/ll/A,1.0
bw/mu/yes/no/d/449/ll/A,bw/st/yes/yes/m/195/ll/U,0.47
bw/mu/yes/no/d/449/ll/A,bw/so/yes/yes/d/533/ll/A,0.35
bw/mu/yes/no/d/449/ll/A,bo/so/yes/no/d/567/ll/U,0.3
bw/mu/yes/no/d/449/ll/A,bw/so/no/yes/d/551/ll/A,0.35
bw/mu/yes/no/d/449/ll/A,bo/so/yes/no/d/569/ll/A,0.3
bw/mu/yes/no/d/449/ll/A,bw/st/no/yes/d/503/ll/A,0.48
bw/mu/yes/no/d/449/ll/A,bw/mu/no/yes/m/167/ll/A,0.9
bw/mu/yes/no/d/449/ll/A,bo/so/yes/yes/d/557/ll/A,0.38
bw/mu/yes/no/d/449/ll/A,bo/so/no/no/d/561/ll/U,0.08
bw/mu/yes/no/d/449/ll/A,bw/so/yes/yes/m/245/ll/A,0.35
bw/mu/yes/no/d/449/ll/A,bo/so/no/yes/m/287/ll/A,0.09
bw/mu/yes/no/d/449/ll/A,bo/so/no/no/m/273/ll/U,0.08
bw/mu/yes/no/d/449/ll/A,bw/st/yes/yes/d/485/ll/A,0.47
bw/mu/yes/no/d/449/ll/A,bo/st/no/no/m/227/ll/A,0.58
bw/mu/yes/no/d/449/ll/A,bo/mu/yes/no/d/471/ll/U,0.92
bw/mu/yes/no/d/449/ll/A,bw/mu/yes/no/d/449/ll/A,1.0
bw/mu/yes/no/d/449/ll/A,bw/mu/yes/no/d/447/ll/U,1.0
bw/mu/yes/no/d/449/ll/A,bo/so/yes/no/m/281/ll/A,0.3
bw/mu/yes/no/d/449/ll/A,bo/so/no/no/m/275/ll/A,0.08
bw/mu/yes/no/d/449/ll/A,bw/so/yes/yes/m/243/ll/U,0.35
bw/mu/yes/no/d/449/ll/A,bo/mu/no/yes/d/479/ll/A,0.8
bw/mu/yes/no/d/449/ll/A,bw/mu/no/no/d/441/ll/U,0.87
bw/mu/yes/no/d/449/ll/A,bw/st/yes/yes/d/483/ll/U,0.47
bw/mu/yes/no/d/449/ll/A,bo/mu/no/yes/d/477/ll/U,0.8
bw/mu/yes/no/d/449/ll/A,bo/st/yes/yes/m/221/ll/A,0.61
bw/mu/yes/no/d/449/ll/A,bo/st/yes/yes/m/219/ll/U,0.61
bw/mu/yes/no/d/447/ll/U,bw/st/yes/no/m/207/ll/U,0.42
bw/mu/yes/no/d/447/ll/U,bo/st/yes/no/m/231/ll/U,0.56
bw/mu/yes/no/d/447/ll/U,bo/mu/no/no/d/467/ll/A,0.76
bw/mu/yes/no/d/447/ll/U,bw/st/yes/no/m/209/ll/A,0.42
bw/mu/yes/no/d/447/ll/U,bw/so/yes/no/m/255/ll/U,0.29
bw/mu/yes/no/d/447/ll/U,bw/mu/yes/yes/d/435/ll/U,0.96
bw/mu/yes/no/d/447/ll/U,bw/so/no/yes/m/263/ll/A,0.35
bw/mu/yes/no/d/447/ll/U,bo/mu/yes/yes/d/461/ll/A,0.88
bw/mu/yes/no/d/447/ll/U,bo/st/no/yes/m/237/ll/U,0.63
bw/mu/yes/no/d/447/ll/U,bw/st/yes/no/d/495/ll/U,0.42
bw/mu/yes/no/d/447/ll/U,bo/mu/yes/yes/d/459/ll/U,0.88
bw/mu/yes/no/d/447/ll/U,bo/st/no/yes/m/239/ll/A,0.63
bw/mu/yes/no/d/447/ll/U,bw/st/no/no/m/201/ll/U,0.43
bw/mu/yes/no/d/447/ll/U,bo/st/no/yes/d/525/ll/U,0.63
bw/mu/yes/no/d/447/ll/U,bo/mu/no/no/m/179/ll/A,0.76
bw/mu/yes/no/d/447/ll/U,bo/mu/yes/no/m/183/ll/U,0.92
bw/mu/yes/no/d/447/ll/U,bo/mu/no/no/m/177/ll/U,0.76
bw/mu/yes/no/d/447/ll/U,bo/st/no/no/d/513/ll/U,0.58
bw/mu/yes/no/d/447/ll/U,bw/so/no/yes/d/549/ll/U,0.35
bw/mu/yes/no/d/447/ll/U,bw/mu/yes/yes/m/149/ll/A,0.96
bw/mu/yes/no/d/447/ll/U,bo/mu/yes/no/m/185/ll/A,0.92
bw/mu/yes/no/d/447/ll/U,bo/st/no/no/d/515/ll/A,0.58
bw/mu/yes/no/d/447/ll/U,bo/mu/yes/yes/m/171/ll/U,0.88
bw/mu/yes/no/d/447/ll/U,bw/mu/yes/yes/m/147/ll/U,0.96
bw/mu/yes/no/d/447/ll/U,bo/so/no/no/d/563/ll/A,0.08
bw/mu/yes/no/d/447/ll/U,bo/so/yes/yes/d/555/ll/U,0.38
bw/mu/yes/no/d/447/ll/U,bw/so/no/no/d/539/ll/A,0.3
bw/mu/yes/no/d/447/ll/U,bo/mu/no/yes/m/191/ll/A,0.8
bw/mu/yes/no/d/447/ll/U,bw/st/no/yes/d/501/ll/U,0.48
bw/mu/yes/no/d/447/ll/U,bw/mu/no/yes/m/165/ll/U,0.9
bw/mu/yes/no/d/447/ll/U,bw/mu/no/no/m/153/ll/U,0.87
bw/mu/yes/no/d/447/ll/U,bw/so/no/no/d/537/ll/U,0.3
bw/mu/yes/no/d/447/ll/U,bw/so/yes/yes/d/531/ll/U,0.35
bw/mu/yes/no/d/447/ll/U,bw/mu/no/no/m/155/ll/A,0.87
bw/mu/yes/no/d/447/ll/U,bo/st/yes/yes/d/509/ll/A,0.61
bw/mu/yes/no/d/447/ll/U,bw/st/yes/yes/m/197/ll/A,0.47
bw/mu/yes/no/d/447/ll/U,bo/st/yes/yes/d/507/ll/U,0.61
bw/mu/yes/no/d/447/ll/U,bw/st/no/yes/m/215/ll/A,0.48
bw/mu/yes/no/d/447/ll/U,bw/mu/no/no/d/443/ll/A,0.87
bw/mu/yes/no/d/447/ll/U,bo/so/yes/no/m/279/ll/U,0.3
bw/mu/yes/no/d/447/ll/U,bw/st/no/no/d/489/ll/U,0.43
bw/mu/yes/no/d/447/ll/U,bw/st/no/yes/m/213/ll/U,0.48
bw/mu/yes/no/d/447/ll/U,bo/st/no/no/m/225/ll/U,0.58
bw/mu/yes/no/d/447/ll/U,bo/mu/yes/no/d/473/ll/A,0.92
bw/mu/yes/no/d/447/ll/U,bw/so/no/no/m/249/ll/U,0.3
bw/mu/yes/no/d/447/ll/U,bo/so/no/yes/m/285/ll/U,0.09
bw/mu/yes/no/d/447/ll/U,bw/st/no/no/m/203/ll/A,0.43
bw/mu/yes/no/d/447/ll/U,bw/mu/no/yes/d/455/ll/A,0.9
bw/mu/yes/no/d/447/ll/U,bw/st/yes/no/d/497/ll/A,0.42
bw/mu/yes/no/d/447/ll/U,bw/mu/yes/yes/d/437/ll/A,0.96
bw/mu/yes/no/d/447/ll/U,bw/so/no/yes/m/261/ll/U,0.35
bw/mu/yes/no/d/447/ll/U,bw/so/yes/no/m/257/ll/A,0.29
bw/mu/yes/no/d/447/ll/U,bw/st/no/no/d/491/ll/A,0.43
bw/mu/yes/no/d/447/ll/U,bo/st/yes/no/m/233/ll/A,0.56
bw/mu/yes/no/d/447/ll/U,bo/mu/no/no/d/465/ll/U,0.76
bw/mu/yes/no/d/447/ll/U,bw/mu/no/yes/d/453/ll/U,0.9
bw/mu/yes/no/d/447/ll/U,bw/so/no/no/m/251/ll/A,0.3
bw/mu/yes/no/d/447/ll/U,bo/so/yes/yes/m/269/ll/A,0.38
bw/mu/yes/no/d/447/ll/U,bo/so/yes/yes/m/267/ll/U,0.38
bw/mu/yes/no/d/447/ll/U,bw/so/yes/no/d/543/ll/U,0.29
bw/mu/yes/no/d/447/ll/U,bo/so/no/yes/d/575/ll/A,0.09
bw/mu/yes/no/d/447/ll/U,bo/st/yes/no/d/521/ll/A,0.56
bw/mu/yes/no/d/447/ll/U,bo/mu/no/yes/m/189/ll/U,0.8
bw/mu/yes/no/d/447/ll/U,bo/st/yes/no/d/519/ll/U,0.56
bw/mu/yes/no/d/447/ll/U,bo/mu/yes/yes/m/173/ll/A,0.88
bw/mu/yes/no/d/447/ll/U,bo/so/no/yes/d/573/ll/U,0.09
bw/mu/yes/no/d/447/ll/U,bw/so/yes/no/d/545/ll/A,0.29
bw/mu/yes/no/d/447/ll/U,bo/st/no/yes/d/527/ll/A,0.63
bw/mu/yes/no/d/447/ll/U,bw/mu/yes/no/m/159/ll/U,1.0
bw/mu/yes/no/d/447/ll/U,bw/mu/yes/no/m/161/ll/A,1.0
bw/mu/yes/no/d/447/ll/U,bw/st/yes/yes/m/195/ll/U,0.47
bw/mu/yes/no/d/447/ll/U,bw/so/yes/yes/d/533/ll/A,0.35
bw/mu/yes/no/d/447/ll/U,bo/so/yes/no/d/567/ll/U,0.3
bw/mu/yes/no/d/447/ll/U,bw/so/no/yes/d/551/ll/A,0.35
bw/mu/yes/no/d/447/ll/U,bo/so/yes/no/d/569/ll/A,0.3
bw/mu/yes/no/d/447/ll/U,bw/st/no/yes/d/503/ll/A,0.48
bw/mu/yes/no/d/447/ll/U,bw/mu/no/yes/m/167/ll/A,0.9
bw/mu/yes/no/d/447/ll/U,bo/so/yes/yes/d/557/ll/A,0.38
bw/mu/yes/no/d/447/ll/U,bo/so/no/no/d/561/ll/U,0.08
bw/mu/yes/no/d/447/ll/U,bw/so/yes/yes/m/245/ll/A,0.35
bw/mu/yes/no/d/447/ll/U,bo/so/no/yes/m/287/ll/A,0.09
bw/mu/yes/no/d/447/ll/U,bo/so/no/no/m/273/ll/U,0.08
bw/mu/yes/no/d/447/ll/U,bw/st/yes/yes/d/485/ll/A,0.47
bw/mu/yes/no/d/447/ll/U,bo/st/no/no/m/227/ll/A,0.58
bw/mu/yes/no/d/447/ll/U,bo/mu/yes/no/d/471/ll/U,0.92
bw/mu/yes/no/d/447/ll/U,bw/mu/yes/no/d/449/ll/A,1.0
bw/mu/yes/no/d/447/ll/U,bw/mu/yes/no/d/447/ll/U,1.0
bw/mu/yes/no/d/447/ll/U,bo/so/yes/no/m/281/ll/A,0.3
bw/mu/yes/no/d/447/ll/U,bo/so/no/no/m/275/ll/A,0.08
bw/mu/yes/no/d/447/ll/U,bw/so/yes/yes/m/243/ll/U,0.35
bw/mu/yes/no/d/447/ll/U,bo/mu/no/yes/d/479/ll/A,0.8
bw/mu/yes/no/d/447/ll/U,bw/mu/no/no/d/441/ll/U,0.87
bw/mu/yes/no/d/447/ll/U,bw/st/yes/yes/d/483/ll/U,0.47
bw/mu/yes/no/d/447/ll/U,bo/mu/no/yes/d/477/ll/U,0.8
bw/mu/yes/no/d/447/ll/U,bo/st/yes/yes/m/221/ll/A,0.61
bw/mu/yes/no/d/447/ll/U,bo/st/yes/yes/m/219/ll/U,0.61
bo/so/yes/no/m/281/ll/A,bw/st/yes/no/m/207/ll/U,0.37
bo/so/yes/no/m/281/ll/A,bo/st/yes/no/m/231/ll/U,0.4
bo/so/yes/no/m/281/ll/A,bo/mu/no/no/d/467/ll/A,0.28
bo/so/yes/no/m/281/ll/A,bw/st/yes/no/m/209/ll/A,0.37
bo/so/yes/no/m/281/ll/A,bw/so/yes/no/m/255/ll/U,0.75
bo/so/yes/no/m/281/ll/A,bw/mu/yes/yes/d/435/ll/U,0.3
bo/so/yes/no/m/281/ll/A,bw/so/no/yes/m/263/ll/A,0.59
bo/so/yes/no/m/281/ll/A,bo/mu/yes/yes/d/461/ll/A,0.3
bo/so/yes/no/m/281/ll/A,bo/st/no/yes/m/237/ll/U,0.29
bo/so/yes/no/m/281/ll/A,bw/st/yes/no/d/495/ll/U,0.37
bo/so/yes/no/m/281/ll/A,bo/mu/yes/yes/d/459/ll/U,0.3
bo/so/yes/no/m/281/ll/A,bo/st/no/yes/m/239/ll/A,0.29
bo/so/yes/no/m/281/ll/A,bw/st/no/no/m/201/ll/U,0.36
bo/so/yes/no/m/281/ll/A,bo/st/no/yes/d/525/ll/U,0.29
bo/so/yes/no/m/281/ll/A,bo/mu/no/no/m/179/ll/A,0.28
bo/so/yes/no/m/281/ll/A,bo/mu/yes/no/m/183/ll/U,0.3
bo/so/yes/no/m/281/ll/A,bo/mu/no/no/m/177/ll/U,0.28
bo/so/yes/no/m/281/ll/A,bo/st/no/no/d/513/ll/U,0.32
bo/so/yes/no/m/281/ll/A,bw/so/no/yes/d/549/ll/U,0.59
bo/so/yes/no/m/281/ll/A,bw/mu/yes/yes/m/149/ll/A,0.3
bo/so/yes/no/m/281/ll/A,bo/mu/yes/no/m/185/ll/A,0.3
bo/so/yes/no/m/281/ll/A,bo/st/no/no/d/515/ll/A,0.32
bo/so/yes/no/m/281/ll/A,bo/mu/yes/yes/m/171/ll/U,0.3
bo/so/yes/no/m/281/ll/A,bw/mu/yes/yes/m/147/ll/U,0.3
bo/so/yes/no/m/281/ll/A,bo/so/no/no/d/563/ll/A,0.25
bo/so/yes/no/m/281/ll/A,bo/so/yes/yes/d/555/ll/U,0.7
bo/so/yes/no/m/281/ll/A,bw/so/no/no/d/539/ll/A,0.7
bo/so/yes/no/m/281/ll/A,bo/mu/no/yes/m/191/ll/A,0.28
bo/so/yes/no/m/281/ll/A,bw/st/no/yes/d/501/ll/U,0.36
bo/so/yes/no/m/281/ll/A,bw/mu/no/yes/m/165/ll/U,0.3
bo/so/yes/no/m/281/ll/A,bw/mu/no/no/m/153/ll/U,0.29
bo/so/yes/no/m/281/ll/A,bw/so/no/no/d/537/ll/U,0.7
bo/so/yes/no/m/281/ll/A,bw/so/yes/yes/d/531/ll/U,0.61
bo/so/yes/no/m/281/ll/A,bw/mu/no/no/m/155/ll/A,0.29
bo/so/yes/no/m/281/ll/A,bo/st/yes/yes/d/509/ll/A,0.37
bo/so/yes/no/m/281/ll/A,bw/st/yes/yes/m/197/ll/A,0.37
bo/so/yes/no/m/281/ll/A,bo/st/yes/yes/d/507/ll/U,0.37
bo/so/yes/no/m/281/ll/A,bw/st/no/yes/m/215/ll/A,0.36
bo/so/yes/no/m/281/ll/A,bw/mu/no/no/d/443/ll/A,0.29
bo/so/yes/no/m/281/ll/A,bo/so/yes/no/m/279/ll/U,1.0
bo/so/yes/no/m/281/ll/A,bw/st/no/no/d/489/ll/U,0.36
bo/so/yes/no/m/281/ll/A,bw/st/no/yes/m/213/ll/U,0.36
bo/so/yes/no/m/281/ll/A,bo/st/no/no/m/225/ll/U,0.32
bo/so/yes/no/m/281/ll/A,bo/mu/yes/no/d/473/ll/A,0.3
bo/so/yes/no/m/281/ll/A,bw/so/no/no/m/249/ll/U,0.7
bo/so/yes/no/m/281/ll/A,bo/so/no/yes/m/285/ll/U,0.18
bo/so/yes/no/m/281/ll/A,bw/st/no/no/m/203/ll/A,0.36
bo/so/yes/no/m/281/ll/A,bw/mu/no/yes/d/455/ll/A,0.3
bo/so/yes/no/m/281/ll/A,bw/st/yes/no/d/497/ll/A,0.37
bo/so/yes/no/m/281/ll/A,bw/mu/yes/yes/d/437/ll/A,0.3
bo/so/yes/no/m/281/ll/A,bw/so/no/yes/m/261/ll/U,0.59
bo/so/yes/no/m/281/ll/A,bw/so/yes/no/m/257/ll/A,0.75
bo/so/yes/no/m/281/ll/A,bw/st/no/no/d/491/ll/A,0.36
bo/so/yes/no/m/281/ll/A,bo/st/yes/no/m/233/ll/A,0.4
bo/so/yes/no/m/281/ll/A,bo/mu/no/no/d/465/ll/U,0.28
bo/so/yes/no/m/281/ll/A,bw/mu/no/yes/d/453/ll/U,0.3
bo/so/yes/no/m/281/ll/A,bw/so/no/no/m/251/ll/A,0.7
bo/so/yes/no/m/281/ll/A,bo/so/yes/yes/m/269/ll/A,0.7
bo/so/yes/no/m/281/ll/A,bo/so/yes/yes/m/267/ll/U,0.7
bo/so/yes/no/m/281/ll/A,bw/so/yes/no/d/543/ll/U,0.75
bo/so/yes/no/m/281/ll/A,bo/so/no/yes/d/575/ll/A,0.18
bo/so/yes/no/m/281/ll/A,bo/st/yes/no/d/521/ll/A,0.4
bo/so/yes/no/m/281/ll/A,bo/mu/no/yes/m/189/ll/U,0.28
bo/so/yes/no/m/281/ll/A,bo/st/yes/no/d/519/ll/U,0.4
bo/so/yes/no/m/281/ll/A,bo/mu/yes/yes/m/173/ll/A,0.3
bo/so/yes/no/m/281/ll/A,bo/so/no/yes/d/573/ll/U,0.18
bo/so/yes/no/m/281/ll/A,bw/so/yes/no/d/545/ll/A,0.75
bo/so/yes/no/m/281/ll/A,bo/st/no/yes/d/527/ll/A,0.29
bo/so/yes/no/m/281/ll/A,bw/mu/yes/no/m/159/ll/U,0.3
bo/so/yes/no/m/281/ll/A,bw/mu/yes/no/m/161/ll/A,0.3
bo/so/yes/no/m/281/ll/A,bw/st/yes/yes/m/195/ll/U,0.37
bo/so/yes/no/m/281/ll/A,bw/so/yes/yes/d/533/ll/A,0.61
bo/so/yes/no/m/281/ll/A,bo/so/yes/no/d/567/ll/U,1.0
bo/so/yes/no/m/281/ll/A,bw/so/no/yes/d/551/ll/A,0.59
bo/so/yes/no/m/281/ll/A,bo/so/yes/no/d/569/ll/A,1.0
bo/so/yes/no/m/281/ll/A,bw/st/no/yes/d/503/ll/A,0.36
bo/so/yes/no/m/281/ll/A,bw/mu/no/yes/m/167/ll/A,0.3
bo/so/yes/no/m/281/ll/A,bo/so/yes/yes/d/557/ll/A,0.7
bo/so/yes/no/m/281/ll/A,bo/so/no/no/d/561/ll/U,0.25
bo/so/yes/no/m/281/ll/A,bw/so/yes/yes/m/245/ll/A,0.61
bo/so/yes/no/m/281/ll/A,bo/so/no/yes/m/287/ll/A,0.18
bo/so/yes/no/m/281/ll/A,bo/so/no/no/m/273/ll/U,0.25
bo/so/yes/no/m/281/ll/A,bw/st/yes/yes/d/485/ll/A,0.37
bo/so/yes/no/m/281/ll/A,bo/st/no/no/m/227/ll/A,0.32
bo/so/yes/no/m/281/ll/A,bo/mu/yes/no/d/471/ll/U,0.3
bo/so/yes/no/m/281/ll/A,bw/mu/yes/no/d/449/ll/A,0.3
bo/so/yes/no/m/281/ll/A,bw/mu/yes/no/d/447/ll/U,0.3
bo/so/yes/no/m/281/ll/A,bo/so/yes/no/m/281/ll/A,1.0
bo/so/yes/no/m/281/ll/A,bo/so/no/no/m/275/ll/A,0.25
bo/so/yes/no/m/281/ll/A,bw/so/yes/yes/m/243/ll/U,0.61
bo/so/yes/no/m/281/ll/A,bo/mu/no/yes/d/479/ll/A,0.28
bo/so/yes/no/m/281/ll/A,bw/mu/no/no/d/441/ll/U,0.29
bo/so/yes/no/m/281/ll/A,bw/st/yes/yes/d/483/ll/U,0.37
bo/so/yes/no/m/281/ll/A,bo/mu/no/yes/d/477/ll/U,0.28
bo/so/yes/no/m/281/ll/A,bo/st/yes/yes/m/221/ll/A,0.37
bo/so/yes/no/m/281/ll/A,bo/st/yes/yes/m/219/ll/U,0.37
bo/so/no/no/m/275/ll/A,bw/st/yes/no/m/207/ll/U,0.12
bo/so/no/no/m/275/ll/A,bo/st/yes/no/m/231/ll/U,0.13
bo/so/no/no/m/275/ll/A,bo/mu/no/no/d/467/ll/A,0.08
bo/so/no/no/m/275/ll/A,bw/st/yes/no/m/209/ll/A,0.12
bo/so/no/no/m/275/ll/A,bw/so/yes/no/m/255/ll/U,0.21
bo/so/no/no/m/275/ll/A,bw/mu/yes/yes/d/435/ll/U,0.08
bo/so/no/no/m/275/ll/A,bw/so/no/yes/m/263/ll/A,0.21
bo/so/no/no/m/275/ll/A,bo/mu/yes/yes/d/461/ll/A,0.08
bo/so/no/no/m/275/ll/A,bo/st/no/yes/m/237/ll/U,0.1
bo/so/no/no/m/275/ll/A,bw/st/yes/no/d/495/ll/U,0.12
bo/so/no/no/m/275/ll/A,bo/mu/yes/yes/d/459/ll/U,0.08
bo/so/no/no/m/275/ll/A,bo/st/no/yes/m/239/ll/A,0.1
bo/so/no/no/m/275/ll/A,bw/st/no/no/m/201/ll/U,0.12
bo/so/no/no/m/275/ll/A,bo/st/no/yes/d/525/ll/U,0.1
bo/so/no/no/m/275/ll/A,bo/mu/no/no/m/179/ll/A,0.08
bo/so/no/no/m/275/ll/A,bo/mu/yes/no/m/183/ll/U,0.08
bo/so/no/no/m/275/ll/A,bo/mu/no/no/m/177/ll/U,0.08
bo/so/no/no/m/275/ll/A,bo/st/no/no/d/513/ll/U,0.12
bo/so/no/no/m/275/ll/A,bw/so/no/yes/d/549/ll/U,0.21
bo/so/no/no/m/275/ll/A,bw/mu/yes/yes/m/149/ll/A,0.08
bo/so/no/no/m/275/ll/A,bo/mu/yes/no/m/185/ll/A,0.08
bo/so/no/no/m/275/ll/A,bo/st/no/no/d/515/ll/A,0.12
bo/so/no/no/m/275/ll/A,bo/mu/yes/yes/m/171/ll/U,0.08
bo/so/no/no/m/275/ll/A,bw/mu/yes/yes/m/147/ll/U,0.08
bo/so/no/no/m/275/ll/A,bo/so/no/no/d/563/ll/A,1.0
bo/so/no/no/m/275/ll/A,bo/so/yes/yes/d/555/ll/U,0.22
bo/so/no/no/m/275/ll/A,bw/so/no/no/d/539/ll/A,0.22
bo/so/no/no/m/275/ll/A,bo/mu/no/yes/m/191/ll/A,0.08
bo/so/no/no/m/275/ll/A,bw/st/no/yes/d/501/ll/U,0.12
bo/so/no/no/m/275/ll/A,bw/mu/no/yes/m/165/ll/U,0.08
bo/so/no/no/m/275/ll/A,bw/mu/no/no/m/153/ll/U,0.07
bo/so/no/no/m/275/ll/A,bw/so/no/no/d/537/ll/U,0.22
bo/so/no/no/m/275/ll/A,bw/so/yes/yes/d/531/ll/U,0.2
bo/so/no/no/m/275/ll/A,bw/mu/no/no/m/155/ll/A,0.07
bo/so/no/no/m/275/ll/A,bo/st/yes/yes/d/509/ll/A,0.11
bo/so/no/no/m/275/ll/A,bw/st/yes/yes/m/197/ll/A,0.12
bo/so/no/no/m/275/ll/A,bo/st/yes/yes/d/507/ll/U,0.11
bo/so/no/no/m/275/ll/A,bw/st/no/yes/m/215/ll/A,0.12
bo/so/no/no/m/275/ll/A,bw/mu/no/no/d/443/ll/A,0.07
bo/so/no/no/m/275/ll/A,bo/so/yes/no/m/279/ll/U,0.25
bo/so/no/no/m/275/ll/A,bw/st/no/no/d/489/ll/U,0.12
bo/so/no/no/m/275/ll/A,bw/st/no/yes/m/213/ll/U,0.12
bo/so/no/no/m/275/ll/A,bo/st/no/no/m/225/ll/U,0.12
bo/so/no/no/m/275/ll/A,bo/mu/yes/no/d/473/ll/A,0.08
bo/so/no/no/m/275/ll/A,bw/so/no/no/m/249/ll/U,0.22
bo/so/no/no/m/275/ll/A,bo/so/no/yes/m/285/ll/U,0.59
bo/so/no/no/m/275/ll/A,bw/st/no/no/m/203/ll/A,0.12
bo/so/no/no/m/275/ll/A,bw/mu/no/yes/d/455/ll/A,0.08
bo/so/no/no/m/275/ll/A,bw/st/yes/no/d/497/ll/A,0.12
bo/so/no/no/m/275/ll/A,bw/mu/yes/yes/d/437/ll/A,0.08
bo/so/no/no/m/275/ll/A,bw/so/no/yes/m/261/ll/U,0.21
bo/so/no/no/m/275/ll/A,bw/so/yes/no/m/257/ll/A,0.21
bo/so/no/no/m/275/ll/A,bw/st/no/no/d/491/ll/A,0.12
bo/so/no/no/m/275/ll/A,bo/st/yes/no/m/233/ll/A,0.13
bo/so/no/no/m/275/ll/A,bo/mu/no/no/d/465/ll/U,0.08
bo/so/no/no/m/275/ll/A,bw/mu/no/yes/d/453/ll/U,0.08
bo/so/no/no/m/275/ll/A,bw/so/no/no/m/251/ll/A,0.22
bo/so/no/no/m/275/ll/A,bo/so/yes/yes/m/269/ll/A,0.22
bo/so/no/no/m/275/ll/A,bo/so/yes/yes/m/267/ll/U,0.22
bo/so/no/no/m/275/ll/A,bw/so/yes/no/d/543/ll/U,0.21
bo/so/no/no/m/275/ll/A,bo/so/no/yes/d/575/ll/A,0.59
bo/so/no/no/m/275/ll/A,bo/st/yes/no/d/521/ll/A,0.13
bo/so/no/no/m/275/ll/A,bo/mu/no/yes/m/189/ll/U,0.08
bo/so/no/no/m/275/ll/A,bo/st/yes/no/d/519/ll/U,0.13
bo/so/no/no/m/275/ll/A,bo/mu/yes/yes/m/173/ll/A,0.08
bo/so/no/no/m/275/ll/A,bo/so/no/yes/d/573/ll/U,0.59
bo/so/no/no/m/275/ll/A,bw/so/yes/no/d/545/ll/A,0.21
bo/so/no/no/m/275/ll/A,bo/st/no/yes/d/527/ll/A,0.1
bo/so/no/no/m/275/ll/A,bw/mu/yes/no/m/159/ll/U,0.08
bo/so/no/no/m/275/ll/A,bw/mu/yes/no/m/161/ll/A,0.08
bo/so/no/no/m/275/ll/A,bw/st/yes/yes/m/195/ll/U,0.12
bo/so/no/no/m/275/ll/A,bw/so/yes/yes/d/533/ll/A,0.2
bo/so/no/no/m/275/ll/A,bo/so/yes/no/d/567/ll/U,0.25
bo/so/no/no/m/275/ll/A,bw/so/no/yes/d/551/ll/A,0.21
bo/so/no/no/m/275/ll/A,bo/so/yes/no/d/569/ll/A,0.25
bo/so/no/no/m/275/ll/A,bw/st/no/yes/d/503/ll/A,0.12
bo/so/no/no/m/275/ll/A,bw/mu/no/yes/m/167/ll/A,0.08
bo/so/no/no/m/275/ll/A,bo/so/yes/yes/d/557/ll/A,0.22
bo/so/no/no/m/275/ll/A,bo/so/no/no/d/561/ll/U,1.0
bo/so/no/no/m/275/ll/A,bw/so/yes/yes/m/245/ll/A,0.2
bo/so/no/no/m/275/ll/A,bo/so/no/yes/m/287/ll/A,0.59
bo/so/no/no/m/275/ll/A,bo/so/no/no/m/273/ll/U,1.0
bo/so/no/no/m/275/ll/A,bw/st/yes/yes/d/485/ll/A,0.12
bo/so/no/no/m/275/ll/A,bo/st/no/no/m/227/ll/A,0.12
bo/so/no/no/m/275/ll/A,bo/mu/yes/no/d/471/ll/U,0.08
bo/so/no/no/m/275/ll/A,bw/mu/yes/no/d/449/ll/A,0.08
bo/so/no/no/m/275/ll/A,bw/mu/yes/no/d/447/ll/U,0.08
bo/so/no/no/m/275/ll/A,bo/so/yes/no/m/281/ll/A,0.25
bo/so/no/no/m/275/ll/A,bo/so/no/no/m/275/ll/A,1.0
bo/so/no/no/m/275/ll/A,bw/so/yes/yes/m/243/ll/U,0.2
bo/so/no/no/m/275/ll/A,bo/mu/no/yes/d/479/ll/A,0.08
bo/so/no/no/m/275/ll/A,bw/mu/no/no/d/441/ll/U,0.07
bo/so/no/no/m/275/ll/A,bw/st/yes/yes/d/483/ll/U,0.12
bo/so/no/no/m/275/ll/A,bo/mu/no/yes/d/477/ll/U,0.08
bo/so/no/no/m/275/ll/A,bo/st/yes/yes/m/221/ll/A,0.11
bo/so/no/no/m/275/ll/A,bo/st/yes/yes/m/219/ll/U,0.11
bw/so/yes/yes/m/243/ll/U,bw/st/yes/no/m/207/ll/U,0.44
bw/so/yes/yes/m/243/ll/U,bo/st/yes/no/m/231/ll/U,0.44
bw/so/yes/yes/m/243/ll/U,bo/mu/no/no/d/467/ll/A,0.31
bw/so/yes/yes/m/243/ll/U,bw/st/yes/no/m/209/ll/A,0.44
bw/so/yes/yes/m/243/ll/U,bw/so/yes/no/m/255/ll/U,0.76
bw/so/yes/yes/m/243/ll/U,bw/mu/yes/yes/d/435/ll/U,0.35
bw/so/yes/yes/m/243/ll/U,bw/so/no/yes/m/263/ll/A,0.86
bw/so/yes/yes/m/243/ll/U,bo/mu/yes/yes/d/461/ll/A,0.33
bw/so/yes/yes/m/243/ll/U,bo/st/no/yes/m/237/ll/U,0.33
bw/so/yes/yes/m/243/ll/U,bw/st/yes/no/d/495/ll/U,0.44
bw/so/yes/yes/m/243/ll/U,bo/mu/yes/yes/d/459/ll/U,0.33
bw/so/yes/yes/m/243/ll/U,bo/st/no/yes/m/239/ll/A,0.33
bw/so/yes/yes/m/243/ll/U,bw/st/no/no/m/201/ll/U,0.42
bw/so/yes/yes/m/243/ll/U,bo/st/no/yes/d/525/ll/U,0.33
bw/so/yes/yes/m/243/ll/U,bo/mu/no/no/m/179/ll/A,0.31
bw/so/yes/yes/m/243/ll/U,bo/mu/yes/no/m/183/ll/U,0.34
bw/so/yes/yes/m/243/ll/U,bo/mu/no/no/m/177/ll/U,0.31
bw/so/yes/yes/m/243/ll/U,bo/st/no/no/d/513/ll/U,0.35
bw/so/yes/yes/m/243/ll/U,bw/so/no/yes/d/549/ll/U,0.86
bw/so/yes/yes/m/243/ll/U,bw/mu/yes/yes/m/149/ll/A,0.35
bw/so/yes/yes/m/243/ll/U,bo/mu/yes/no/m/185/ll/A,0.34
bw/so/yes/yes/m/243/ll/U,bo/st/no/no/d/515/ll/A,0.35
bw/so/yes/yes/m/243/ll/U,bo/mu/yes/yes/m/171/ll/U,0.33
bw/so/yes/yes/m/243/ll/U,bw/mu/yes/yes/m/147/ll/U,0.35
bw/so/yes/yes/m/243/ll/U,bo/so/no/no/d/563/ll/A,0.2
bw/so/yes/yes/m/243/ll/U,bo/so/yes/yes/d/555/ll/U,0.69
bw/so/yes/yes/m/243/ll/U,bw/so/no/no/d/539/ll/A,0.7
bw/so/yes/yes/m/243/ll/U,bo/mu/no/yes/m/191/ll/A,0.32
bw/so/yes/yes/m/243/ll/U,bw/st/no/yes/d/501/ll/U,0.44
bw/so/yes/yes/m/243/ll/U,bw/mu/no/yes/m/165/ll/U,0.35
bw/so/yes/yes/m/243/ll/U,bw/mu/no/no/m/153/ll/U,0.33
bw/so/yes/yes/m/243/ll/U,bw/so/no/no/d/537/ll/U,0.7
bw/so/yes/yes/m/243/ll/U,bw/so/yes/yes/d/531/ll/U,1.0
bw/so/yes/yes/m/243/ll/U,bw/mu/no/no/m/155/ll/A,0.33
bw/so/yes/yes/m/243/ll/U,bo/st/yes/yes/d/509/ll/A,0.41
bw/so/yes/yes/m/243/ll/U,bw/st/yes/yes/m/197/ll/A,0.45
bw/so/yes/yes/m/243/ll/U,bo/st/yes/yes/d/507/ll/U,0.41
bw/so/yes/yes/m/243/ll/U,bw/st/no/yes/m/215/ll/A,0.44
bw/so/yes/yes/m/243/ll/U,bw/mu/no/no/d/443/ll/A,0.33
bw/so/yes/yes/m/243/ll/U,bo/so/yes/no/m/279/ll/U,0.61
bw/so/yes/yes/m/243/ll/U,bw/st/no/no/d/489/ll/U,0.42
bw/so/yes/yes/m/243/ll/U,bw/st/no/yes/m/213/ll/U,0.44
bw/so/yes/yes/m/243/ll/U,bo/st/no/no/m/225/ll/U,0.35
bw/so/yes/yes/m/243/ll/U,bo/mu/yes/no/d/473/ll/A,0.34
bw/so/yes/yes/m/243/ll/U,bw/so/no/no/m/249/ll/U,0.7
bw/so/yes/yes/m/243/ll/U,bo/so/no/yes/m/285/ll/U,0.17
bw/so/yes/yes/m/243/ll/U,bw/st/no/no/m/203/ll/A,0.42
bw/so/yes/yes/m/243/ll/U,bw/mu/no/yes/d/455/ll/A,0.35
bw/so/yes/yes/m/243/ll/U,bw/st/yes/no/d/497/ll/A,0.44
bw/so/yes/yes/m/243/ll/U,bw/mu/yes/yes/d/437/ll/A,0.35
bw/so/yes/yes/m/243/ll/U,bw/so/no/yes/m/261/ll/U,0.86
bw/so/yes/yes/m/243/ll/U,bw/so/yes/no/m/257/ll/A,0.76
bw/so/yes/yes/m/243/ll/U,bw/st/no/no/d/491/ll/A,0.42
bw/so/yes/yes/m/243/ll/U,bo/st/yes/no/m/233/ll/A,0.44
bw/so/yes/yes/m/243/ll/U,bo/mu/no/no/d/465/ll/U,0.31
bw/so/yes/yes/m/243/ll/U,bw/mu/no/yes/d/453/ll/U,0.35
bw/so/yes/yes/m/243/ll/U,bw/so/no/no/m/251/ll/A,0.7
bw/so/yes/yes/m/243/ll/U,bo/so/yes/yes/m/269/ll/A,0.69
bw/so/yes/yes/m/243/ll/U,bo/so/yes/yes/m/267/ll/U,0.69
bw/so/yes/yes/m/243/ll/U,bw/so/yes/no/d/543/ll/U,0.76
bw/so/yes/yes/m/243/ll/U,bo/so/no/yes/d/575/ll/A,0.17
bw/so/yes/yes/m/243/ll/U,bo/st/yes/no/d/521/ll/A,0.44
bw/so/yes/yes/m/243/ll/U,bo/mu/no/yes/m/189/ll/U,0.32
bw/so/yes/yes/m/243/ll/U,bo/st/yes/no/d/519/ll/U,0.44
bw/so/yes/yes/m/243/ll/U,bo/mu/yes/yes/m/173/ll/A,0.33
bw/so/yes/yes/m/243/ll/U,bo/so/no/yes/d/573/ll/U,0.17
bw/so/yes/yes/m/243/ll/U,bw/so/yes/no/d/545/ll/A,0.76
bw/so/yes/yes/m/243/ll/U,bo/st/no/yes/d/527/ll/A,0.33
bw/so/yes/yes/m/243/ll/U,bw/mu/yes/no/m/159/ll/U,0.35
bw/so/yes/yes/m/243/ll/U,bw/mu/yes/no/m/161/ll/A,0.35
bw/so/yes/yes/m/243/ll/U,bw/st/yes/yes/m/195/ll/U,0.45
bw/so/yes/yes/m/243/ll/U,bw/so/yes/yes/d/533/ll/A,1.0
bw/so/yes/yes/m/243/ll/U,bo/so/yes/no/d/567/ll/U,0.61
bw/so/yes/yes/m/243/ll/U,bw/so/no/yes/d/551/ll/A,0.86
bw/so/yes/yes/m/243/ll/U,bo/so/yes/no/d/569/ll/A,0.61
bw/so/yes/yes/m/243/ll/U,bw/st/no/yes/d/503/ll/A,0.44
bw/so/yes/yes/m/243/ll/U,bw/mu/no/yes/m/167/ll/A,0.35
bw/so/yes/yes/m/243/ll/U,bo/so/yes/yes/d/557/ll/A,0.69
bw/so/yes/yes/m/243/ll/U,bo/so/no/no/d/561/ll/U,0.2
bw/so/yes/yes/m/243/ll/U,bw/so/yes/yes/m/245/ll/A,1.0
bw/so/yes/yes/m/243/ll/U,bo/so/no/yes/m/287/ll/A,0.17
bw/so/yes/yes/m/243/ll/U,bo/so/no/no/m/273/ll/U,0.2
bw/so/yes/yes/m/243/ll/U,bw/st/yes/yes/d/485/ll/A,0.45
bw/so/yes/yes/m/243/ll/U,bo/st/no/no/m/227/ll/A,0.35
bw/so/yes/yes/m/243/ll/U,bo/mu/yes/no/d/471/ll/U,0.34
bw/so/yes/yes/m/243/ll/U,bw/mu/yes/no/d/449/ll/A,0.35
bw/so/yes/yes/m/243/ll/U,bw/mu/yes/no/d/447/ll/U,0.35
bw/so/yes/yes/m/243/ll/U,bo/so/yes/no/m/281/ll/A,0.61
bw/so/yes/yes/m/243/ll/U,bo/so/no/no/m/275/ll/A,0.2
bw/so/yes/yes/m/243/ll/U,bw/so/yes/yes/m/243/ll/U,1.0
bw/so/yes/yes/m/243/ll/U,bo/mu/no/yes/d/479/ll/A,0.32
bw/so/yes/yes/m/243/ll/U,bw/mu/no/no/d/441/ll/U,0.33
bw/so/yes/yes/m/243/ll/U,bw/st/yes/yes/d/483/ll/U,0.45
bw/so/yes/yes/m/243/ll/U,bo/mu/no/yes/d/477/ll/U,0.32
bw/so/yes/yes/m/243/ll/U,bo/st/yes/yes/m/221/ll/A,0.41
bw/so/yes/yes/m/243/ll/U,bo/st/yes/yes/m/219/ll/U,0.41
bo/mu/no/yes/d/479/ll/A,bw/st/yes/no/m/207/ll/U,0.39
bo/mu/no/yes/d/479/ll/A,bo/st/yes/no/m/231/ll/U,0.53
bo/mu/no/yes/d/479/ll/A,bo/mu/no/no/d/467/ll/A,0.87
bo/mu/no/yes/d/479/ll/A,bw/st/yes/no/m/209/ll/A,0.39
bo/mu/no/yes/d/479/ll/A,bw/so/yes/no/m/255/ll/U,0.27
bo/mu/no/yes/d/479/ll/A,bw/mu/yes/yes/d/435/ll/U,0.8
bo/mu/no/yes/d/479/ll/A,bw/so/no/yes/m/263/ll/A,0.32
bo/mu/no/yes/d/479/ll/A,bo/mu/yes/yes/d/461/ll/A,0.85
bo/mu/no/yes/d/479/ll/A,bo/st/no/yes/m/237/ll/U,0.64
bo/mu/no/yes/d/479/ll/A,bw/st/yes/no/d/495/ll/U,0.39
bo/mu/no/yes/d/479/ll/A,bo/mu/yes/yes/d/459/ll/U,0.85
bo/mu/no/yes/d/479/ll/A,bo/st/no/yes/m/239/ll/A,0.64
bo/mu/no/yes/d/479/ll/A,bw/st/no/no/m/201/ll/U,0.4
bo/mu/no/yes/d/479/ll/A,bo/st/no/yes/d/525/ll/U,0.64
bo/mu/no/yes/d/479/ll/A,bo/mu/no/no/m/179/ll/A,0.87
bo/mu/no/yes/d/479/ll/A,bo/mu/yes/no/m/183/ll/U,0.83
bo/mu/no/yes/d/479/ll/A,bo/mu/no/no/m/177/ll/U,0.87
bo/mu/no/yes/d/479/ll/A,bo/st/no/no/d/513/ll/U,0.59
bo/mu/no/yes/d/479/ll/A,bw/so/no/yes/d/549/ll/U,0.32
bo/mu/no/yes/d/479/ll/A,bw/mu/yes/yes/m/149/ll/A,0.8
bo/mu/no/yes/d/479/ll/A,bo/mu/yes/no/m/185/ll/A,0.83
bo/mu/no/yes/d/479/ll/A,bo/st/no/no/d/515/ll/A,0.59
bo/mu/no/yes/d/479/ll/A,bo/mu/yes/yes/m/171/ll/U,0.85
bo/mu/no/yes/d/479/ll/A,bw/mu/yes/yes/m/147/ll/U,0.8
bo/mu/no/yes/d/479/ll/A,bo/so/no/no/d/563/ll/A,0.08
bo/mu/no/yes/d/479/ll/A,bo/so/yes/yes/d/555/ll/U,0.37
bo/mu/no/yes/d/479/ll/A,bw/so/no/no/d/539/ll/A,0.27
bo/mu/no/yes/d/479/ll/A,bo/mu/no/yes/m/191/ll/A,1.0
bo/mu/no/yes/d/479/ll/A,bw/st/no/yes/d/501/ll/U,0.44
bo/mu/no/yes/d/479/ll/A,bw/mu/no/yes/m/165/ll/U,0.76
bo/mu/no/yes/d/479/ll/A,bw/mu/no/no/m/153/ll/U,0.74
bo/mu/no/yes/d/479/ll/A,bw/so/no/no/d/537/ll/U,0.27
bo/mu/no/yes/d/479/ll/A,bw/so/yes/yes/d/531/ll/U,0.32
bo/mu/no/yes/d/479/ll/A,bw/mu/no/no/m/155/ll/A,0.74
bo/mu/no/yes/d/479/ll/A,bo/st/yes/yes/d/509/ll/A,0.58
bo/mu/no/yes/d/479/ll/A,bw/st/yes/yes/m/197/ll/A,0.43
bo/mu/no/yes/d/479/ll/A,bo/st/yes/yes/d/507/ll/U,0.58
bo/mu/no/yes/d/479/ll/A,bw/st/no/yes/m/215/ll/A,0.44
bo/mu/no/yes/d/479/ll/A,bw/mu/no/no/d/443/ll/A,0.74
bo/mu/no/yes/d/479/ll/A,bo/so/yes/no/m/279/ll/U,0.28
bo/mu/no/yes/d/479/ll/A,bw/st/no/no/d/489/ll/U,0.4
bo/mu/no/yes/d/479/ll/A,bw/st/no/yes/m/213/ll/U,0.44
bo/mu/no/yes/d/479/ll/A,bo/st/no/no/m/225/ll/U,0.59
bo/mu/no/yes/d/479/ll/A,bo/mu/yes/no/d/473/ll/A,0.83
bo/mu/no/yes/d/479/ll/A,bw/so/no/no/m/249/ll/U,0.27
bo/mu/no/yes/d/479/ll/A,bo/so/no/yes/m/285/ll/U,0.09
bo/mu/no/yes/d/479/ll/A,bw/st/no/no/m/203/ll/A,0.4
bo/mu/no/yes/d/479/ll/A,bw/mu/no/yes/d/455/ll/A,0.76
bo/mu/no/yes/d/479/ll/A,bw/st/yes/no/d/497/ll/A,0.39
bo/mu/no/yes/d/479/ll/A,bw/mu/yes/yes/d/437/ll/A,0.8
bo/mu/no/yes/d/479/ll/A,bw/so/no/yes/m/261/ll/U,0.32
bo/mu/no/yes/d/479/ll/A,bw/so/yes/no/m/257/ll/A,0.27
bo/mu/no/yes/d/479/ll/A,bw/st/no/no/d/491/ll/A,0.4
bo/mu/no/yes/d/479/ll/A,bo/st/yes/no/m/233/ll/A,0.53
bo/mu/no/yes/d/479/ll/A,bo/mu/no/no/d/465/ll/U,0.87
bo/mu/no/yes/d/479/ll/A,bw/mu/no/yes/d/453/ll/U,0.76
bo/mu/no/yes/d/479/ll/A,bw/so/no/no/m/251/ll/A,0.27
bo/mu/no/yes/d/479/ll/A,bo/so/yes/yes/m/269/ll/A,0.37
bo/mu/no/yes/d/479/ll/A,bo/so/yes/yes/m/267/ll/U,0.37
bo/mu/no/yes/d/479/ll/A,bw/so/yes/no/d/543/ll/U,0.27
bo/mu/no/yes/d/479/ll/A,bo/so/no/yes/d/575/ll/A,0.09
bo/mu/no/yes/d/479/ll/A,bo/st/yes/no/d/521/ll/A,0.53
bo/mu/no/yes/d/479/ll/A,bo/mu/no/yes/m/189/ll/U,1.0
bo/mu/no/yes/d/479/ll/A,bo/st/yes/no/d/519/ll/U,0.53
bo/mu/no/yes/d/479/ll/A,bo/mu/yes/yes/m/173/ll/A,0.85
bo/mu/no/yes/d/479/ll/A,bo/so/no/yes/d/573/ll/U,0.09
bo/mu/no/yes/d/479/ll/A,bw/so/yes/no/d/545/ll/A,0.27
bo/mu/no/yes/d/479/ll/A,bo/st/no/yes/d/527/ll/A,0.64
bo/mu/no/yes/d/479/ll/A,bw/mu/yes/no/m/159/ll/U,0.8
bo/mu/no/yes/d/479/ll/A,bw/mu/yes/no/m/161/ll/A,0.8
bo/mu/no/yes/d/479/ll/A,bw/st/yes/yes/m/195/ll/U,0.43
bo/mu/no/yes/d/479/ll/A,bw/so/yes/yes/d/533/ll/A,0.32
bo/mu/no/yes/d/479/ll/A,bo/so/yes/no/d/567/ll/U,0.28
bo/mu/no/yes/d/479/ll/A,bw/so/no/yes/d/551/ll/A,0.32
bo/mu/no/yes/d/479/ll/A,bo/so/yes/no/d/569/ll/A,0.28
bo/mu/no/yes/d/479/ll/A,bw/st/no/yes/d/503/ll/A,0.44
bo/mu/no/yes/d/479/ll/A,bw/mu/no/yes/m/167/ll/A,0.76
bo/mu/no/yes/d/479/ll/A,bo/so/yes/yes/d/557/ll/A,0.37
bo/mu/no/yes/d/479/ll/A,bo/so/no/no/d/561/ll/U,0.08
bo/mu/no/yes/d/479/ll/A,bw/so/yes/yes/m/245/ll/A,0.32
bo/mu/no/yes/d/479/ll/A,bo/so/no/yes/m/287/ll/A,0.09
bo/mu/no/yes/d/479/ll/A,bo/so/no/no/m/273/ll/U,0.08
bo/mu/no/yes/d/479/ll/A,bw/st/yes/yes/d/485/ll/A,0.43
bo/mu/no/yes/d/479/ll/A,bo/st/no/no/m/227/ll/A,0.59
bo/mu/no/yes/d/479/ll/A,bo/mu/yes/no/d/471/ll/U,0.83
bo/mu/no/yes/d/479/ll/A,bw/mu/yes/no/d/449/ll/A,0.8
bo/mu/no/yes/d/479/ll/A,bw/mu/yes/no/d/447/ll/U,0.8
bo/mu/no/yes/d/479/ll/A,bo/so/yes/no/m/281/ll/A,0.28
bo/mu/no/yes/d/479/ll/A,bo/so/no/no/m/275/ll/A,0.08
bo/mu/no/yes/d/479/ll/A,bw/so/yes/yes/m/243/ll/U,0.32
bo/mu/no/yes/d/479/ll/A,bo/mu/no/yes/d/479/ll/A,1.0
bo/mu/no/yes/d/479/ll/A,bw/mu/no/no/d/441/ll/U,0.74
bo/mu/no/yes/d/479/ll/A,bw/st/yes/yes/d/483/ll/U,0.43
bo/mu/no/yes/d/479/ll/A,bo/mu/no/yes/d/477/ll/U,1.0
bo/mu/no/yes/d/479/ll/A,bo/st/yes/yes/m/221/ll/A,0.58
bo/mu/no/yes/d/479/ll/A,bo/st/yes/yes/m/219/ll/U,0.58
bw/mu/no/no/d/441/ll/U,bw/st/yes/no/m/207/ll/U,0.42
bw/mu/no/no/d/441/ll/U,bo/st/yes/no/m/231/ll/U,0.52
bw/mu/no/no/d/441/ll/U,bo/mu/no/no/d/467/ll/A,0.73
bw/mu/no/no/d/441/ll/U,bw/st/yes/no/m/209/ll/A,0.42
bw/mu/no/no/d/441/ll/U,bw/so/yes/no/m/255/ll/U,0.28
bw/mu/no/no/d/441/ll/U,bw/mu/yes/yes/d/435/ll/U,0.84
bw/mu/no/no/d/441/ll/U,bw/so/no/yes/m/263/ll/A,0.33
bw/mu/no/no/d/441/ll/U,bo/mu/yes/yes/d/461/ll/A,0.83
bw/mu/no/no/d/441/ll/U,bo/st/no/yes/m/237/ll/U,0.56
bw/mu/no/no/d/441/ll/U,bw/st/yes/no/d/495/ll/U,0.42
bw/mu/no/no/d/441/ll/U,bo/mu/yes/yes/d/459/ll/U,0.83
bw/mu/no/no/d/441/ll/U,bo/st/no/yes/m/239/ll/A,0.56
bw/mu/no/no/d/441/ll/U,bw/st/no/no/m/201/ll/U,0.43
bw/mu/no/no/d/441/ll/U,bo/st/no/yes/d/525/ll/U,0.56
bw/mu/no/no/d/441/ll/U,bo/mu/no/no/m/179/ll/A,0.73
bw/mu/no/no/d/441/ll/U,bo/mu/yes/no/m/183/ll/U,0.8
bw/mu/no/no/d/441/ll/U,bo/mu/no/no/m/177/ll/U,0.73
bw/mu/no/no/d/441/ll/U,bo/st/no/no/d/513/ll/U,0.52
bw/mu/no/no/d/441/ll/U,bw/so/no/yes/d/549/ll/U,0.33
bw/mu/no/no/d/441/ll/U,bw/mu/yes/yes/m/149/ll/A,0.84
bw/mu/no/no/d/441/ll/U,bo/mu/yes/no/m/185/ll/A,0.8
bw/mu/no/no/d/441/ll/U,bo/st/no/no/d/515/ll/A,0.52
bw/mu/no/no/d/441/ll/U,bo/mu/yes/yes/m/171/ll/U,0.83
bw/mu/no/no/d/441/ll/U,bw/mu/yes/yes/m/147/ll/U,0.84
bw/mu/no/no/d/441/ll/U,bo/so/no/no/d/563/ll/A,0.07
bw/mu/no/no/d/441/ll/U,bo/so/yes/yes/d/555/ll/U,0.36
bw/mu/no/no/d/441/ll/U,bw/so/no/no/d/539/ll/A,0.29
bw/mu/no/no/d/441/ll/U,bo/mu/no/yes/m/191/ll/A,0.74
bw/mu/no/no/d/441/ll/U,bw/st/no/yes/d/501/ll/U,0.48
bw/mu/no/no/d/441/ll/U,bw/mu/no/yes/m/165/ll/U,0.87
bw/mu/no/no/d/441/ll/U,bw/mu/no/no/m/153/ll/U,1.0
bw/mu/no/no/d/441/ll/U,bw/so/no/no/d/537/ll/U,0.29
bw/mu/no/no/d/441/ll/U,bw/so/yes/yes/d/531/ll/U,0.33
bw/mu/no/no/d/441/ll/U,bw/mu/no/no/m/155/ll/A,1.0
bw/mu/no/no/d/441/ll/U,bo/st/yes/yes/d/509/ll/A,0.56
bw/mu/no/no/d/441/ll/U,bw/st/yes/yes/m/197/ll/A,0.47
bw/mu/no/no/d/441/ll/U,bo/st/yes/yes/d/507/ll/U,0.56
bw/mu/no/no/d/441/ll/U,bw/st/no/yes/m/215/ll/A,0.48
bw/mu/no/no/d/441/ll/U,bw/mu/no/no/d/443/ll/A,1.0
bw/mu/no/no/d/441/ll/U,bo/so/yes/no/m/279/ll/U,0.29
bw/mu/no/no/d/441/ll/U,bw/st/no/no/d/489/ll/U,0.43
bw/mu/no/no/d/441/ll/U,bw/st/no/yes/m/213/ll/U,0.48
bw/mu/no/no/d/441/ll/U,bo/st/no/no/m/225/ll/U,0.52
bw/mu/no/no/d/441/ll/U,bo/mu/yes/no/d/473/ll/A,0.8
bw/mu/no/no/d/441/ll/U,bw/so/no/no/m/249/ll/U,0.29
bw/mu/no/no/d/441/ll/U,bo/so/no/yes/m/285/ll/U,0.08
bw/mu/no/no/d/441/ll/U,bw/st/no/no/m/203/ll/A,0.43
bw/mu/no/no/d/441/ll/U,bw/mu/no/yes/d/455/ll/A,0.87
bw/mu/no/no/d/441/ll/U,bw/st/yes/no/d/497/ll/A,0.42
bw/mu/no/no/d/441/ll/U,bw/mu/yes/yes/d/437/ll/A,0.84
bw/mu/no/no/d/441/ll/U,bw/so/no/yes/m/261/ll/U,0.33
bw/mu/no/no/d/441/ll/U,bw/so/yes/no/m/257/ll/A,0.28
bw/mu/no/no/d/441/ll/U,bw/st/no/no/d/491/ll/A,0.43
bw/mu/no/no/d/441/ll/U,bo/st/yes/no/m/233/ll/A,0.52
bw/mu/no/no/d/441/ll/U,bo/mu/no/no/d/465/ll/U,0.73
bw/mu/no/no/d/441/ll/U,bw/mu/no/yes/d/453/ll/U,0.87
bw/mu/no/no/d/441/ll/U,bw/so/no/no/m/251/ll/A,0.29
bw/mu/no/no/d/441/ll/U,bo/so/yes/yes/m/269/ll/A,0.36
bw/mu/no/no/d/441/ll/U,bo/so/yes/yes/m/267/ll/U,0.36
bw/mu/no/no/d/441/ll/U,bw/so/yes/no/d/543/ll/U,0.28
bw/mu/no/no/d/441/ll/U,bo/so/no/yes/d/575/ll/A,0.08
bw/mu/no/no/d/441/ll/U,bo/st/yes/no/d/521/ll/A,0.52
bw/mu/no/no/d/441/ll/U,bo/mu/no/yes/m/189/ll/U,0.74
bw/mu/no/no/d/441/ll/U,bo/st/yes/no/d/519/ll/U,0.52
bw/mu/no/no/d/441/ll/U,bo/mu/yes/yes/m/173/ll/A,0.83
bw/mu/no/no/d/441/ll/U,bo/so/no/yes/d/573/ll/U,0.08
bw/mu/no/no/d/441/ll/U,bw/so/yes/no/d/545/ll/A,0.28
bw/mu/no/no/d/441/ll/U,bo/st/no/yes/d/527/ll/A,0.56
bw/mu/no/no/d/441/ll/U,bw/mu/yes/no/m/159/ll/U,0.87
bw/mu/no/no/d/441/ll/U,bw/mu/yes/no/m/161/ll/A,0.87
bw/mu/no/no/d/441/ll/U,bw/st/yes/yes/m/195/ll/U,0.47
bw/mu/no/no/d/441/ll/U,bw/so/yes/yes/d/533/ll/A,0.33
bw/mu/no/no/d/441/ll/U,bo/so/yes/no/d/567/ll/U,0.29
bw/mu/no/no/d/441/ll/U,bw/so/no/yes/d/551/ll/A,0.33
bw/mu/no/no/d/441/ll/U,bo/so/yes/no/d/569/ll/A,0.29
bw/mu/no/no/d/441/ll/U,bw/st/no/yes/d/503/ll/A,0.48
bw/mu/no/no/d/441/ll/U,bw/mu/no/yes/m/167/ll/A,0.87
bw/mu/no/no/d/441/ll/U,bo/so/yes/yes/d/557/ll/A,0.36
bw/mu/no/no/d/441/ll/U,bo/so/no/no/d/561/ll/U,0.07
bw/mu/no/no/d/441/ll/U,bw/so/yes/yes/m/245/ll/A,0.33
bw/mu/no/no/d/441/ll/U,bo/so/no/yes/m/287/ll/A,0.08
bw/mu/no/no/d/441/ll/U,bo/so/no/no/m/273/ll/U,0.07
bw/mu/no/no/d/441/ll/U,bw/st/yes/yes/d/485/ll/A,0.47
bw/mu/no/no/d/441/ll/U,bo/st/no/no/m/227/ll/A,0.52
bw/mu/no/no/d/441/ll/U,bo/mu/yes/no/d/471/ll/U,0.8
bw/mu/no/no/d/441/ll/U,bw/mu/yes/no/d/449/ll/A,0.87
bw/mu/no/no/d/441/ll/U,bw/mu/yes/no/d/447/ll/U,0.87
bw/mu/no/no/d/441/ll/U,bo/so/yes/no/m/281/ll/A,0.29
bw/mu/no/no/d/441/ll/U,bo/so/no/no/m/275/ll/A,0.07
bw/mu/no/no/d/441/ll/U,bw/so/yes/yes/m/243/ll/U,0.33
bw/mu/no/no/d/441/ll/U,bo/mu/no/yes/d/479/ll/A,0.74
bw/mu/no/no/d/441/ll/U,bw/mu/no/no/d/441/ll/U,1.0
bw/mu/no/no/d/441/ll/U,bw/st/yes/yes/d/483/ll/U,0.47
bw/mu/no/no/d/441/ll/U,bo/mu/no/yes/d/477/ll/U,0.74
bw/mu/no/no/d/441/ll/U,bo/st/yes/yes/m/221/ll/A,0.56
bw/mu/no/no/d/441/ll/U,bo/st/yes/yes/m/219/ll/U,0.56
bw/st/yes/yes/d/483/ll/U,bw/st/yes/no/m/207/ll/U,0.87
bw/st/yes/yes/d/483/ll/U,bo/st/yes/no/m/231/ll/U,0.62
bw/st/yes/yes/d/483/ll/U,bo/mu/no/no/d/467/ll/A,0.43
bw/st/yes/yes/d/483/ll/U,bw/st/yes/no/m/209/ll/A,0.87
bw/st/yes/yes/d/483/ll/U,bw/so/yes/no/m/255/ll/U,0.39
bw/st/yes/yes/d/483/ll/U,bw/mu/yes/yes/d/435/ll/U,0.47
bw/st/yes/yes/d/483/ll/U,bw/so/no/yes/m/263/ll/A,0.43
bw/st/yes/yes/d/483/ll/U,bo/mu/yes/yes/d/461/ll/A,0.48
bw/st/yes/yes/d/483/ll/U,bo/st/no/yes/m/237/ll/U,0.41
bw/st/yes/yes/d/483/ll/U,bw/st/yes/no/d/495/ll/U,0.87
bw/st/yes/yes/d/483/ll/U,bo/mu/yes/yes/d/459/ll/U,0.48
bw/st/yes/yes/d/483/ll/U,bo/st/no/yes/m/239/ll/A,0.41
bw/st/yes/yes/d/483/ll/U,bw/st/no/no/m/201/ll/U,0.76
bw/st/yes/yes/d/483/ll/U,bo/st/no/yes/d/525/ll/U,0.41
bw/st/yes/yes/d/483/ll/U,bo/mu/no/no/m/179/ll/A,0.43
bw/st/yes/yes/d/483/ll/U,bo/mu/yes/no/m/183/ll/U,0.46
bw/st/yes/yes/d/483/ll/U,bo/mu/no/no/m/177/ll/U,0.43
bw/st/yes/yes/d/483/ll/U,bo/st/no/no/d/513/ll/U,0.43
bw/st/yes/yes/d/483/ll/U,bw/so/no/yes/d/549/ll/U,0.43
bw/st/yes/yes/d/483/ll/U,bw/mu/yes/yes/m/149/ll/A,0.47
bw/st/yes/yes/d/483/ll/U,bo/mu/yes/no/m/185/ll/A,0.46
bw/st/yes/yes/d/483/ll/U,bo/st/no/no/d/515/ll/A,0.43
bw/st/yes/yes/d/483/ll/U,bo/mu/yes/yes/m/171/ll/U,0.48
bw/st/yes/yes/d/483/ll/U,bw/mu/yes/yes/m/147/ll/U,0.47
bw/st/yes/yes/d/483/ll/U,bo/so/no/no/d/563/ll/A,0.12
bw/st/yes/yes/d/483/ll/U,bo/so/yes/yes/d/555/ll/U,0.44
bw/st/yes/yes/d/483/ll/U,bw/so/no/no/d/539/ll/A,0.38
bw/st/yes/yes/d/483/ll/U,bo/mu/no/yes/m/191/ll/A,0.43
bw/st/yes/yes/d/483/ll/U,bw/st/no/yes/d/501/ll/U,0.86
bw/st/yes/yes/d/483/ll/U,bw/mu/no/yes/m/165/ll/U,0.46
bw/st/yes/yes/d/483/ll/U,bw/mu/no/no/m/153/ll/U,0.47
bw/st/yes/yes/d/483/ll/U,bw/so/no/no/d/537/ll/U,0.38
bw/st/yes/yes/d/483/ll/U,bw/so/yes/yes/d/531/ll/U,0.45
bw/st/yes/yes/d/483/ll/U,bw/mu/no/no/m/155/ll/A,0.47
bw/st/yes/yes/d/483/ll/U,bo/st/yes/yes/d/509/ll/A,0.56
bw/st/yes/yes/d/483/ll/U,bw/st/yes/yes/m/197/ll/A,1.0
bw/st/yes/yes/d/483/ll/U,bo/st/yes/yes/d/507/ll/U,0.56
bw/st/yes/yes/d/483/ll/U,bw/st/no/yes/m/215/ll/A,0.86
bw/st/yes/yes/d/483/ll/U,bw/mu/no/no/d/443/ll/A,0.47
bw/st/yes/yes/d/483/ll/U,bo/so/yes/no/m/279/ll/U,0.37
bw/st/yes/yes/d/483/ll/U,bw/st/no/no/d/489/ll/U,0.76
bw/st/yes/yes/d/483/ll/U,bw/st/no/yes/m/213/ll/U,0.86
bw/st/yes/yes/d/483/ll/U,bo/st/no/no/m/225/ll/U,0.43
bw/st/yes/yes/d/483/ll/U,bo/mu/yes/no/d/473/ll/A,0.46
bw/st/yes/yes/d/483/ll/U,bw/so/no/no/m/249/ll/U,0.38
bw/st/yes/yes/d/483/ll/U,bo/so/no/yes/m/285/ll/U,0.11
bw/st/yes/yes/d/483/ll/U,bw/st/no/no/m/203/ll/A,0.76
bw/st/yes/yes/d/483/ll/U,bw/mu/no/yes/d/455/ll/A,0.46
bw/st/yes/yes/d/483/ll/U,bw/st/yes/no/d/497/ll/A,0.87
bw/st/yes/yes/d/483/ll/U,bw/mu/yes/yes/d/437/ll/A,0.47
bw/st/yes/yes/d/483/ll/U,bw/so/no/yes/m/261/ll/U,0.43
bw/st/yes/yes/d/483/ll/U,bw/so/yes/no/m/257/ll/A,0.39
bw/st/yes/yes/d/483/ll/U,bw/st/no/no/d/491/ll/A,0.76
bw/st/yes/yes/d/483/ll/U,bo/st/yes/no/m/233/ll/A,0.62
bw/st/yes/yes/d/483/ll/U,bo/mu/no/no/d/465/ll/U,0.43
bw/st/yes/yes/d/483/ll/U,bw/mu/no/yes/d/453/ll/U,0.46
bw/st/yes/yes/d/483/ll/U,bw/so/no/no/m/251/ll/A,0.38
bw/st/yes/yes/d/483/ll/U,bo/so/yes/yes/m/269/ll/A,0.44
bw/st/yes/yes/d/483/ll/U,bo/so/yes/yes/m/267/ll/U,0.44
bw/st/yes/yes/d/483/ll/U,bw/so/yes/no/d/543/ll/U,0.39
bw/st/yes/yes/d/483/ll/U,bo/so/no/yes/d/575/ll/A,0.11
bw/st/yes/yes/d/483/ll/U,bo/st/yes/no/d/521/ll/A,0.62
bw/st/yes/yes/d/483/ll/U,bo/mu/no/yes/m/189/ll/U,0.43
bw/st/yes/yes/d/483/ll/U,bo/st/yes/no/d/519/ll/U,0.62
bw/st/yes/yes/d/483/ll/U,bo/mu/yes/yes/m/173/ll/A,0.48
bw/st/yes/yes/d/483/ll/U,bo/so/no/yes/d/573/ll/U,0.11
bw/st/yes/yes/d/483/ll/U,bw/so/yes/no/d/545/ll/A,0.39
bw/st/yes/yes/d/483/ll/U,bo/st/no/yes/d/527/ll/A,0.41
bw/st/yes/yes/d/483/ll/U,bw/mu/yes/no/m/159/ll/U,0.47
bw/st/yes/yes/d/483/ll/U,bw/mu/yes/no/m/161/ll/A,0.47
bw/st/yes/yes/d/483/ll/U,bw/st/yes/yes/m/195/ll/U,1.0
bw/st/yes/yes/d/483/ll/U,bw/so/yes/yes/d/533/ll/A,0.45
bw/st/yes/yes/d/483/ll/U,bo/so/yes/no/d/567/ll/U,0.37
bw/st/yes/yes/d/483/ll/U,bw/so/no/yes/d/551/ll/A,0.43
bw/st/yes/yes/d/483/ll/U,bo/so/yes/no/d/569/ll/A,0.37
bw/st/yes/yes/d/483/ll/U,bw/st/no/yes/d/503/ll/A,0.86
bw/st/yes/yes/d/483/ll/U,bw/mu/no/yes/m/167/ll/A,0.46
bw/st/yes/yes/d/483/ll/U,bo/so/yes/yes/d/557/ll/A,0.44
bw/st/yes/yes/d/483/ll/U,bo/so/no/no/d/561/ll/U,0.12
bw/st/yes/yes/d/483/ll/U,bw/so/yes/yes/m/245/ll/A,0.45
bw/st/yes/yes/d/483/ll/U,bo/so/no/yes/m/287/ll/A,0.11
bw/st/yes/yes/d/483/ll/U,bo/so/no/no/m/273/ll/U,0.12
bw/st/yes/yes/d/483/ll/U,bw/st/yes/yes/d/485/ll/A,1.0
bw/st/yes/yes/d/483/ll/U,bo/st/no/no/m/227/ll/A,0.43
bw/st/yes/yes/d/483/ll/U,bo/mu/yes/no/d/471/ll/U,0.46
bw/st/yes/yes/d/483/ll/U,bw/mu/yes/no/d/449/ll/A,0.47
bw/st/yes/yes/d/483/ll/U,bw/mu/yes/no/d/447/ll/U,0.47
bw/st/yes/yes/d/483/ll/U,bo/so/yes/no/m/281/ll/A,0.37
bw/st/yes/yes/d/483/ll/U,bo/so/no/no/m/275/ll/A,0.12
bw/st/yes/yes/d/483/ll/U,bw/so/yes/yes/m/243/ll/U,0.45
bw/st/yes/yes/d/483/ll/U,bo/mu/no/yes/d/479/ll/A,0.43
bw/st/yes/yes/d/483/ll/U,bw/mu/no/no/d/441/ll/U,0.47
bw/st/yes/yes/d/483/ll/U,bw/st/yes/yes/d/483/ll/U,1.0
bw/st/yes/yes/d/483/ll/U,bo/mu/no/yes/d/477/ll/U,0.43
bw/st/yes/yes/d/483/ll/U,bo/st/yes/yes/m/221/ll/A,0.56
bw/st/yes/yes/d/483/ll/U,bo/st/yes/yes/m/219/ll/U,0.56
bo/mu/no/yes/d/477/ll/U,bw/st/yes/no/m/207/ll/U,0.39
bo/mu/no/yes/d/477/ll/U,bo/st/yes/no/m/231/ll/U,0.53
bo/mu/no/yes/d/477/ll/U,bo/mu/no/no/d/467/ll/A,0.87
bo/mu/no/yes/d/477/ll/U,bw/st/yes/no/m/209/ll/A,0.39
bo/mu/no/yes/d/477/ll/U,bw/so/yes/no/m/255/ll/U,0.27
bo/mu/no/yes/d/477/ll/U,bw/mu/yes/yes/d/435/ll/U,0.8
bo/mu/no/yes/d/477/ll/U,bw/so/no/yes/m/263/ll/A,0.32
bo/mu/no/yes/d/477/ll/U,bo/mu/yes/yes/d/461/ll/A,0.85
bo/mu/no/yes/d/477/ll/U,bo/st/no/yes/m/237/ll/U,0.64
bo/mu/no/yes/d/477/ll/U,bw/st/yes/no/d/495/ll/U,0.39
bo/mu/no/yes/d/477/ll/U,bo/mu/yes/yes/d/459/ll/U,0.85
bo/mu/no/yes/d/477/ll/U,bo/st/no/yes/m/239/ll/A,0.64
bo/mu/no/yes/d/477/ll/U,bw/st/no/no/m/201/ll/U,0.4
bo/mu/no/yes/d/477/ll/U,bo/st/no/yes/d/525/ll/U,0.64
bo/mu/no/yes/d/477/ll/U,bo/mu/no/no/m/179/ll/A,0.87
bo/mu/no/yes/d/477/ll/U,bo/mu/yes/no/m/183/ll/U,0.83
bo/mu/no/yes/d/477/ll/U,bo/mu/no/no/m/177/ll/U,0.87
bo/mu/no/yes/d/477/ll/U,bo/st/no/no/d/513/ll/U,0.59
bo/mu/no/yes/d/477/ll/U,bw/so/no/yes/d/549/ll/U,0.32
bo/mu/no/yes/d/477/ll/U,bw/mu/yes/yes/m/149/ll/A,0.8
bo/mu/no/yes/d/477/ll/U,bo/mu/yes/no/m/185/ll/A,0.83
bo/mu/no/yes/d/477/ll/U,bo/st/no/no/d/515/ll/A,0.59
bo/mu/no/yes/d/477/ll/U,bo/mu/yes/yes/m/171/ll/U,0.85
bo/mu/no/yes/d/477/ll/U,bw/mu/yes/yes/m/147/ll/U,0.8
bo/mu/no/yes/d/477/ll/U,bo/so/no/no/d/563/ll/A,0.08
bo/mu/no/yes/d/477/ll/U,bo/so/yes/yes/d/555/ll/U,0.37
bo/mu/no/yes/d/477/ll/U,bw/so/no/no/d/539/ll/A,0.27
bo/mu/no/yes/d/477/ll/U,bo/mu/no/yes/m/191/ll/A,1.0
bo/mu/no/yes/d/477/ll/U,bw/st/no/yes/d/501/ll/U,0.44
bo/mu/no/yes/d/477/ll/U,bw/mu/no/yes/m/165/ll/U,0.76
bo/mu/no/yes/d/477/ll/U,bw/mu/no/no/m/153/ll/U,0.74
bo/mu/no/yes/d/477/ll/U,bw/so/no/no/d/537/ll/U,0.27
bo/mu/no/yes/d/477/ll/U,bw/so/yes/yes/d/531/ll/U,0.32
bo/mu/no/yes/d/477/ll/U,bw/mu/no/no/m/155/ll/A,0.74
bo/mu/no/yes/d/477/ll/U,bo/st/yes/yes/d/509/ll/A,0.58
bo/mu/no/yes/d/477/ll/U,bw/st/yes/yes/m/197/ll/A,0.43
bo/mu/no/yes/d/477/ll/U,bo/st/yes/yes/d/507/ll/U,0.58
bo/mu/no/yes/d/477/ll/U,bw/st/no/yes/m/215/ll/A,0.44
bo/mu/no/yes/d/477/ll/U,bw/mu/no/no/d/443/ll/A,0.74
bo/mu/no/yes/d/477/ll/U,bo/so/yes/no/m/279/ll/U,0.28
bo/mu/no/yes/d/477/ll/U,bw/st/no/no/d/489/ll/U,0.4
bo/mu/no/yes/d/477/ll/U,bw/st/no/yes/m/213/ll/U,0.44
bo/mu/no/yes/d/477/ll/U,bo/st/no/no/m/225/ll/U,0.59
bo/mu/no/yes/d/477/ll/U,bo/mu/yes/no/d/473/ll/A,0.83
bo/mu/no/yes/d/477/ll/U,bw/so/no/no/m/249/ll/U,0.27
bo/mu/no/yes/d/477/ll/U,bo/so/no/yes/m/285/ll/U,0.09
bo/mu/no/yes/d/477/ll/U,bw/st/no/no/m/203/ll/A,0.4
bo/mu/no/yes/d/477/ll/U,bw/mu/no/yes/d/455/ll/A,0.76
bo/mu/no/yes/d/477/ll/U,bw/st/yes/no/d/497/ll/A,0.39
bo/mu/no/yes/d/477/ll/U,bw/mu/yes/yes/d/437/ll/A,0.8
bo/mu/no/yes/d/477/ll/U,bw/so/no/yes/m/261/ll/U,0.32
bo/mu/no/yes/d/477/ll/U,bw/so/yes/no/m/257/ll/A,0.27
bo/mu/no/yes/d/477/ll/U,bw/st/no/no/d/491/ll/A,0.4
bo/mu/no/yes/d/477/ll/U,bo/st/yes/no/m/233/ll/A,0.53
bo/mu/no/yes/d/477/ll/U,bo/mu/no/no/d/465/ll/U,0.87
bo/mu/no/yes/d/477/ll/U,bw/mu/no/yes/d/453/ll/U,0.76
bo/mu/no/yes/d/477/ll/U,bw/so/no/no/m/251/ll/A,0.27
bo/mu/no/yes/d/477/ll/U,bo/so/yes/yes/m/269/ll/A,0.37
bo/mu/no/yes/d/477/ll/U,bo/so/yes/yes/m/267/ll/U,0.37
bo/mu/no/yes/d/477/ll/U,bw/so/yes/no/d/543/ll/U,0.27
bo/mu/no/yes/d/477/ll/U,bo/so/no/yes/d/575/ll/A,0.09
bo/mu/no/yes/d/477/ll/U,bo/st/yes/no/d/521/ll/A,0.53
bo/mu/no/yes/d/477/ll/U,bo/mu/no/yes/m/189/ll/U,1.0
bo/mu/no/yes/d/477/ll/U,bo/st/yes/no/d/519/ll/U,0.53
bo/mu/no/yes/d/477/ll/U,bo/mu/yes/yes/m/173/ll/A,0.85
bo/mu/no/yes/d/477/ll/U,bo/so/no/yes/d/573/ll/U,0.09
bo/mu/no/yes/d/477/ll/U,bw/so/yes/no/d/545/ll/A,0.27
bo/mu/no/yes/d/477/ll/U,bo/st/no/yes/d/527/ll/A,0.64
bo/mu/no/yes/d/477/ll/U,bw/mu/yes/no/m/159/ll/U,0.8
bo/mu/no/yes/d/477/ll/U,bw/mu/yes/no/m/161/ll/A,0.8
bo/mu/no/yes/d/477/ll/U,bw/st/yes/yes/m/195/ll/U,0.43
bo/mu/no/yes/d/477/ll/U,bw/so/yes/yes/d/533/ll/A,0.32
bo/mu/no/yes/d/477/ll/U,bo/so/yes/no/d/567/ll/U,0.28
bo/mu/no/yes/d/477/ll/U,bw/so/no/yes/d/551/ll/A,0.32
bo/mu/no/yes/d/477/ll/U,bo/so/yes/no/d/569/ll/A,0.28
bo/mu/no/yes/d/477/ll/U,bw/st/no/yes/d/503/ll/A,0.44
bo/mu/no/yes/d/477/ll/U,bw/mu/no/yes/m/167/ll/A,0.76
bo/mu/no/yes/d/477/ll/U,bo/so/yes/yes/d/557/ll/A,0.37
bo/mu/no/yes/d/477/ll/U,bo/so/no/no/d/561/ll/U,0.08
bo/mu/no/yes/d/477/ll/U,bw/so/yes/yes/m/245/ll/A,0.32
bo/mu/no/yes/d/477/ll/U,bo/so/no/yes/m/287/ll/A,0.09
bo/mu/no/yes/d/477/ll/U,bo/so/no/no/m/273/ll/U,0.08
bo/mu/no/yes/d/477/ll/U,bw/st/yes/yes/d/485/ll/A,0.43
bo/mu/no/yes/d/477/ll/U,bo/st/no/no/m/227/ll/A,0.59
bo/mu/no/yes/d/477/ll/U,bo/mu/yes/no/d/471/ll/U,0.83
bo/mu/no/yes/d/477/ll/U,bw/mu/yes/no/d/449/ll/A,0.8
bo/mu/no/yes/d/477/ll/U,bw/mu/yes/no/d/447/ll/U,0.8
bo/mu/no/yes/d/477/ll/U,bo/so/yes/no/m/281/ll/A,0.28
bo/mu/no/yes/d/477/ll/U,bo/so/no/no/m/275/ll/A,0.08
bo/mu/no/yes/d/477/ll/U,bw/so/yes/yes/m/243/ll/U,0.32
bo/mu/no/yes/d/477/ll/U,bo/mu/no/yes/d/479/ll/A,1.0
bo/mu/no/yes/d/477/ll/U,bw/mu/no/no/d/441/ll/U,0.74
bo/mu/no/yes/d/477/ll/U,bw/st/yes/yes/d/483/ll/U,0.43
bo/mu/no/yes/d/477/ll/U,bo/mu/no/yes/d/477/ll/U,1.0
bo/mu/no/yes/d/477/ll/U,bo/st/yes/yes/m/221/ll/A,0.58
bo/mu/no/yes/d/477/ll/U,bo/st/yes/yes/m/219/ll/U,0.58
bo/st/yes/yes/m/221/ll/A,bw/st/yes/no/m/207/ll/U,0.5
bo/st/yes/yes/m/221/ll/A,bo/st/yes/no/m/231/ll/U,0.89
bo/st/yes/yes/m/221/ll/A,bo/mu/no/no/d/467/ll/A,0.55
bo/st/yes/yes/m/221/ll/A,bw/st/yes/no/m/209/ll/A,0.5
bo/st/yes/yes/m/221/ll/A,bw/so/yes/no/m/255/ll/U,0.34
bo/st/yes/yes/m/221/ll/A,bw/mu/yes/yes/d/435/ll/U,0.62
bo/st/yes/yes/m/221/ll/A,bw/so/no/yes/m/263/ll/A,0.41
bo/st/yes/yes/m/221/ll/A,bo/mu/yes/yes/d/461/ll/A,0.6
bo/st/yes/yes/m/221/ll/A,bo/st/no/yes/m/237/ll/U,0.63
bo/st/yes/yes/m/221/ll/A,bw/st/yes/no/d/495/ll/U,0.5
bo/st/yes/yes/m/221/ll/A,bo/mu/yes/yes/d/459/ll/U,0.6
bo/st/yes/yes/m/221/ll/A,bo/st/no/yes/m/239/ll/A,0.63
bo/st/yes/yes/m/221/ll/A,bw/st/no/no/m/201/ll/U,0.49
bo/st/yes/yes/m/221/ll/A,bo/st/no/yes/d/525/ll/U,0.63
bo/st/yes/yes/m/221/ll/A,bo/mu/no/no/m/179/ll/A,0.55
bo/st/yes/yes/m/221/ll/A,bo/mu/yes/no/m/183/ll/U,0.62
bo/st/yes/yes/m/221/ll/A,bo/mu/no/no/m/177/ll/U,0.55
bo/st/yes/yes/m/221/ll/A,bo/st/no/no/d/513/ll/U,0.61
bo/st/yes/yes/m/221/ll/A,bw/so/no/yes/d/549/ll/U,0.41
bo/st/yes/yes/m/221/ll/A,bw/mu/yes/yes/m/149/ll/A,0.62
bo/st/yes/yes/m/221/ll/A,bo/mu/yes/no/m/185/ll/A,0.62
bo/st/yes/yes/m/221/ll/A,bo/st/no/no/d/515/ll/A,0.61
bo/st/yes/yes/m/221/ll/A,bo/mu/yes/yes/m/171/ll/U,0.6
bo/st/yes/yes/m/221/ll/A,bw/mu/yes/yes/m/147/ll/U,0.62
bo/st/yes/yes/m/221/ll/A,bo/so/no/no/d/563/ll/A,0.11
bo/st/yes/yes/m/221/ll/A,bo/so/yes/yes/d/555/ll/U,0.47
bo/st/yes/yes/m/221/ll/A,bw/so/no/no/d/539/ll/A,0.34
bo/st/yes/yes/m/221/ll/A,bo/mu/no/yes/m/191/ll/A,0.58
bo/st/yes/yes/m/221/ll/A,bw/st/no/yes/d/501/ll/U,0.55
bo/st/yes/yes/m/221/ll/A,bw/mu/no/yes/m/165/ll/U,0.59
bo/st/yes/yes/m/221/ll/A,bw/mu/no/no/m/153/ll/U,0.56
bo/st/yes/yes/m/221/ll/A,bw/so/no/no/d/537/ll/U,0.34
bo/st/yes/yes/m/221/ll/A,bw/so/yes/yes/d/531/ll/U,0.41
bo/st/yes/yes/m/221/ll/A,bw/mu/no/no/m/155/ll/A,0.56
bo/st/yes/yes/m/221/ll/A,bo/st/yes/yes/d/509/ll/A,1.0
bo/st/yes/yes/m/221/ll/A,bw/st/yes/yes/m/197/ll/A,0.56
bo/st/yes/yes/m/221/ll/A,bo/st/yes/yes/d/507/ll/U,1.0
bo/st/yes/yes/m/221/ll/A,bw/st/no/yes/m/215/ll/A,0.55
bo/st/yes/yes/m/221/ll/A,bw/mu/no/no/d/443/ll/A,0.56
bo/st/yes/yes/m/221/ll/A,bo/so/yes/no/m/279/ll/U,0.37
bo/st/yes/yes/m/221/ll/A,bw/st/no/no/d/489/ll/U,0.49
bo/st/yes/yes/m/221/ll/A,bw/st/no/yes/m/213/ll/U,0.55
bo/st/yes/yes/m/221/ll/A,bo/st/no/no/m/225/ll/U,0.61
bo/st/yes/yes/m/221/ll/A,bo/mu/yes/no/d/473/ll/A,0.62
bo/st/yes/yes/m/221/ll/A,bw/so/no/no/m/249/ll/U,0.34
bo/st/yes/yes/m/221/ll/A,bo/so/no/yes/m/285/ll/U,0.13
bo/st/yes/yes/m/221/ll/A,bw/st/no/no/m/203/ll/A,0.49
bo/st/yes/yes/m/221/ll/A,bw/mu/no/yes/d/455/ll/A,0.59
bo/st/yes/yes/m/221/ll/A,bw/st/yes/no/d/497/ll/A,0.5
bo/st/yes/yes/m/221/ll/A,bw/mu/yes/yes/d/437/ll/A,0.62
bo/st/yes/yes/m/221/ll/A,bw/so/no/yes/m/261/ll/U,0.41
bo/st/yes/yes/m/221/ll/A,bw/so/yes/no/m/257/ll/A,0.34
bo/st/yes/yes/m/221/ll/A,bw/st/no/no/d/491/ll/A,0.49
bo/st/yes/yes/m/221/ll/A,bo/st/yes/no/m/233/ll/A,0.89
bo/st/yes/yes/m/221/ll/A,bo/mu/no/no/d/465/ll/U,0.55
bo/st/yes/yes/m/221/ll/A,bw/mu/no/yes/d/453/ll/U,0.59
bo/st/yes/yes/m/221/ll/A,bw/so/no/no/m/251/ll/A,0.34
bo/st/yes/yes/m/221/ll/A,bo/so/yes/yes/m/269/ll/A,0.47
bo/st/yes/yes/m/221/ll/A,bo/so/yes/yes/m/267/ll/U,0.47
bo/st/yes/yes/m/221/ll/A,bw/so/yes/no/d/543/ll/U,0.34
bo/st/yes/yes/m/221/ll/A,bo/so/no/yes/d/575/ll/A,0.13
bo/st/yes/yes/m/221/ll/A,bo/st/yes/no/d/521/ll/A,0.89
bo/st/yes/yes/m/221/ll/A,bo/mu/no/yes/m/189/ll/U,0.58
bo/st/yes/yes/m/221/ll/A,bo/st/yes/no/d/519/ll/U,0.89
bo/st/yes/yes/m/221/ll/A,bo/mu/yes/yes/m/173/ll/A,0.6
bo/st/yes/yes/m/221/ll/A,bo/so/no/yes/d/573/ll/U,0.13
bo/st/yes/yes/m/221/ll/A,bw/so/yes/no/d/545/ll/A,0.34
bo/st/yes/yes/m/221/ll/A,bo/st/no/yes/d/527/ll/A,0.63
bo/st/yes/yes/m/221/ll/A,bw/mu/yes/no/m/159/ll/U,0.61
bo/st/yes/yes/m/221/ll/A,bw/mu/yes/no/m/161/ll/A,0.61
bo/st/yes/yes/m/221/ll/A,bw/st/yes/yes/m/195/ll/U,0.56
bo/st/yes/yes/m/221/ll/A,bw/so/yes/yes/d/533/ll/A,0.41
bo/st/yes/yes/m/221/ll/A,bo/so/yes/no/d/567/ll/U,0.37
bo/st/yes/yes/m/221/ll/A,bw/so/no/yes/d/551/ll/A,0.41
bo/st/yes/yes/m/221/ll/A,bo/so/yes/no/d/569/ll/A,0.37
bo/st/yes/yes/m/221/ll/A,bw/st/no/yes/d/503/ll/A,0.55
bo/st/yes/yes/m/221/ll/A,bw/mu/no/yes/m/167/ll/A,0.59
bo/st/yes/yes/m/221/ll/A,bo/so/yes/yes/d/557/ll/A,0.47
bo/st/yes/yes/m/221/ll/A,bo/so/no/no/d/561/ll/U,0.11
bo/st/yes/yes/m/221/ll/A,bw/so/yes/yes/m/245/ll/A,0.41
bo/st/yes/yes/m/221/ll/A,bo/so/no/yes/m/287/ll/A,0.13
bo/st/yes/yes/m/221/ll/A,bo/so/no/no/m/273/ll/U,0.11
bo/st/yes/yes/m/221/ll/A,bw/st/yes/yes/d/485/ll/A,0.56
bo/st/yes/yes/m/221/ll/A,bo/st/no/no/m/227/ll/A,0.61
bo/st/yes/yes/m/221/ll/A,bo/mu/yes/no/d/471/ll/U,0.62
bo/st/yes/yes/m/221/ll/A,bw/mu/yes/no/d/449/ll/A,0.61
bo/st/yes/yes/m/221/ll/A,bw/mu/yes/no/d/447/ll/U,0.61
bo/st/yes/yes/m/221/ll/A,bo/so/yes/no/m/281/ll/A,0.37
bo/st/yes/yes/m/221/ll/A,bo/so/no/no/m/275/ll/A,0.11
bo/st/yes/yes/m/221/ll/A,bw/so/yes/yes/m/243/ll/U,0.41
bo/st/yes/yes/m/221/ll/A,bo/mu/no/yes/d/479/ll/A,0.58
bo/st/yes/yes/m/221/ll/A,bw/mu/no/no/d/441/ll/U,0.56
bo/st/yes/yes/m/221/ll/A,bw/st/yes/yes/d/483/ll/U,0.56
bo/st/yes/yes/m/221/ll/A,bo/mu/no/yes/d/477/ll/U,0.58
bo/st/yes/yes/m/221/ll/A,bo/st/yes/yes/m/221/ll/A,1.0
bo/st/yes/yes/m/221/ll/A,bo/st/yes/yes/m/219/ll/U,1.0
bo/st/yes/yes/m/219/ll/U,bw/st/yes/no/m/207/ll/U,0.5
bo/st/yes/yes/m/219/ll/U,bo/st/yes/no/m/231/ll/U,0.89
bo/st/yes/yes/m/219/ll/U,bo/mu/no/no/d/467/ll/A,0.55
bo/st/yes/yes/m/219/ll/U,bw/st/yes/no/m/209/ll/A,0.5
bo/st/yes/yes/m/219/ll/U,bw/so/yes/no/m/255/ll/U,0.34
bo/st/yes/yes/m/219/ll/U,bw/mu/yes/yes/d/435/ll/U,0.62
bo/st/yes/yes/m/219/ll/U,bw/so/no/yes/m/263/ll/A,0.41
bo/st/yes/yes/m/219/ll/U,bo/mu/yes/yes/d/461/ll/A,0.6
bo/st/yes/yes/m/219/ll/U,bo/st/no/yes/m/237/ll/U,0.63
bo/st/yes/yes/m/219/ll/U,bw/st/yes/no/d/495/ll/U,0.5
bo/st/yes/yes/m/219/ll/U,bo/mu/yes/yes/d/459/ll/U,0.6
bo/st/yes/yes/m/219/ll/U,bo/st/no/yes/m/239/ll/A,0.63
bo/st/yes/yes/m/219/ll/U,bw/st/no/no/m/201/ll/U,0.49
bo/st/yes/yes/m/219/ll/U,bo/st/no/yes/d/525/ll/U,0.63
bo/st/yes/yes/m/219/ll/U,bo/mu/no/no/m/179/ll/A,0.55
bo/st/yes/yes/m/219/ll/U,bo/mu/yes/no/m/183/ll/U,0.62
bo/st/yes/yes/m/219/ll/U,bo/mu/no/no/m/177/ll/U,0.55
bo/st/yes/yes/m/219/ll/U,bo/st/no/no/d/513/ll/U,0.61
bo/st/yes/yes/m/219/ll/U,bw/so/no/yes/d/549/ll/U,0.41
bo/st/yes/yes/m/219/ll/U,bw/mu/yes/yes/m/149/ll/A,0.62
bo/st/yes/yes/m/219/ll/U,bo/mu/yes/no/m/185/ll/A,0.62
bo/st/yes/yes/m/219/ll/U,bo/st/no/no/d/515/ll/A,0.61
bo/st/yes/yes/m/219/ll/U,bo/mu/yes/yes/m/171/ll/U,0.6
bo/st/yes/yes/m/219/ll/U,bw/mu/yes/yes/m/147/ll/U,0.62
bo/st/yes/yes/m/219/ll/U,bo/so/no/no/d/563/ll/A,0.11
bo/st/yes/yes/m/219/ll/U,bo/so/yes/yes/d/555/ll/U,0.47
bo/st/yes/yes/m/219/ll/U,bw/so/no/no/d/539/ll/A,0.34
bo/st/yes/yes/m/219/ll/U,bo/mu/no/yes/m/191/ll/A,0.58
bo/st/yes/yes/m/219/ll/U,bw/st/no/yes/d/501/ll/U,0.55
bo/st/yes/yes/m/219/ll/U,bw/mu/no/yes/m/165/ll/U,0.59
bo/st/yes/yes/m/219/ll/U,bw/mu/no/no/m/153/ll/U,0.56
bo/st/yes/yes/m/219/ll/U,bw/so/no/no/d/537/ll/U,0.34
bo/st/yes/yes/m/219/ll/U,bw/so/yes/yes/d/531/ll/U,0.41
bo/st/yes/yes/m/219/ll/U,bw/mu/no/no/m/155/ll/A,0.56
bo/st/yes/yes/m/219/ll/U,bo/st/yes/yes/d/509/ll/A,1.0
bo/st/yes/yes/m/219/ll/U,bw/st/yes/yes/m/197/ll/A,0.56
bo/st/yes/yes/m/219/ll/U,bo/st/yes/yes/d/507/ll/U,1.0
bo/st/yes/yes/m/219/ll/U,bw/st/no/yes/m/215/ll/A,0.55
bo/st/yes/yes/m/219/ll/U,bw/mu/no/no/d/443/ll/A,0.56
bo/st/yes/yes/m/219/ll/U,bo/so/yes/no/m/279/ll/U,0.37
bo/st/yes/yes/m/219/ll/U,bw/st/no/no/d/489/ll/U,0.49
bo/st/yes/yes/m/219/ll/U,bw/st/no/yes/m/213/ll/U,0.55
bo/st/yes/yes/m/219/ll/U,bo/st/no/no/m/225/ll/U,0.61
bo/st/yes/yes/m/219/ll/U,bo/mu/yes/no/d/473/ll/A,0.62
bo/st/yes/yes/m/219/ll/U,bw/so/no/no/m/249/ll/U,0.34
bo/st/yes/yes/m/219/ll/U,bo/so/no/yes/m/285/ll/U,0.13
bo/st/yes/yes/m/219/ll/U,bw/st/no/no/m/203/ll/A,0.49
bo/st/yes/yes/m/219/ll/U,bw/mu/no/yes/d/455/ll/A,0.59
bo/st/yes/yes/m/219/ll/U,bw/st/yes/no/d/497/ll/A,0.5
bo/st/yes/yes/m/219/ll/U,bw/mu/yes/yes/d/437/ll/A,0.62
bo/st/yes/yes/m/219/ll/U,bw/so/no/yes/m/261/ll/U,0.41
bo/st/yes/yes/m/219/ll/U,bw/so/yes/no/m/257/ll/A,0.34
bo/st/yes/yes/m/219/ll/U,bw/st/no/no/d/491/ll/A,0.49
bo/st/yes/yes/m/219/ll/U,bo/st/yes/no/m/233/ll/A,0.89
bo/st/yes/yes/m/219/ll/U,bo/mu/no/no/d/465/ll/U,0.55
bo/st/yes/yes/m/219/ll/U,bw/mu/no/yes/d/453/ll/U,0.59
bo/st/yes/yes/m/219/ll/U,bw/so/no/no/m/251/ll/A,0.34
bo/st/yes/yes/m/219/ll/U,bo/so/yes/yes/m/269/ll/A,0.47
bo/st/yes/yes/m/219/ll/U,bo/so/yes/yes/m/267/ll/U,0.47
bo/st/yes/yes/m/219/ll/U,bw/so/yes/no/d/543/ll/U,0.34
bo/st/yes/yes/m/219/ll/U,bo/so/no/yes/d/575/ll/A,0.13
bo/st/yes/yes/m/219/ll/U,bo/st/yes/no/d/521/ll/A,0.89
bo/st/yes/yes/m/219/ll/U,bo/mu/no/yes/m/189/ll/U,0.58
bo/st/yes/yes/m/219/ll/U,bo/st/yes/no/d/519/ll/U,0.89
bo/st/yes/yes/m/219/ll/U,bo/mu/yes/yes/m/173/ll/A,0.6
bo/st/yes/yes/m/219/ll/U,bo/so/no/yes/d/573/ll/U,0.13
bo/st/yes/yes/m/219/ll/U,bw/so/yes/no/d/545/ll/A,0.34
bo/st/yes/yes/m/219/ll/U,bo/st/no/yes/d/527/ll/A,0.63
bo/st/yes/yes/m/219/ll/U,bw/mu/yes/no/m/159/ll/U,0.61
bo/st/yes/yes/m/219/ll/U,bw/mu/yes/no/m/161/ll/A,0.61
bo/st/yes/yes/m/219/ll/U,bw/st/yes/yes/m/195/ll/U,0.56
bo/st/yes/yes/m/219/ll/U,bw/so/yes/yes/d/533/ll/A,0.41
bo/st/yes/yes/m/219/ll/U,bo/so/yes/no/d/567/ll/U,0.37
bo/st/yes/yes/m/219/ll/U,bw/so/no/yes/d/551/ll/A,0.41
bo/st/yes/yes/m/219/ll/U,bo/so/yes/no/d/569/ll/A,0.37
bo/st/yes/yes/m/219/ll/U,bw/st/no/yes/d/503/ll/A,0.55
bo/st/yes/yes/m/219/ll/U,bw/mu/no/yes/m/167/ll/A,0.59
bo/st/yes/yes/m/219/ll/U,bo/so/yes/yes/d/557/ll/A,0.47
bo/st/yes/yes/m/219/ll/U,bo/so/no/no/d/561/ll/U,0.11
bo/st/yes/yes/m/219/ll/U,bw/so/yes/yes/m/245/ll/A,0.41
bo/st/yes/yes/m/219/ll/U,bo/so/no/yes/m/287/ll/A,0.13
bo/st/yes/yes/m/219/ll/U,bo/so/no/no/m/273/ll/U,0.11
bo/st/yes/yes/m/219/ll/U,bw/st/yes/yes/d/485/ll/A,0.56
bo/st/yes/yes/m/219/ll/U,bo/st/no/no/m/227/ll/A,0.61
bo/st/yes/yes/m/219/ll/U,bo/mu/yes/no/d/471/ll/U,0.62
bo/st/yes/yes/m/219/ll/U,bw/mu/yes/no/d/449/ll/A,0.61
bo/st/yes/yes/m/219/ll/U,bw/mu/yes/no/d/447/ll/U,0.61
bo/st/yes/yes/m/219/ll/U,bo/so/yes/no/m/281/ll/A,0.37
bo/st/yes/yes/m/219/ll/U,bo/so/no/no/m/275/ll/A,0.11
bo/st/yes/yes/m/219/ll/U,bw/so/yes/yes/m/243/ll/U,0.41
bo/st/yes/yes/m/219/ll/U,bo/mu/no/yes/d/479/ll/A,0.58
bo/st/yes/yes/m/219/ll/U,bw/mu/no/no/d/441/ll/U,0.56
bo/st/yes/yes/m/219/ll/U,bw/st/yes/yes/d/483/ll/U,0.56
bo/st/yes/yes/m/219/ll/U,bo/mu/no/yes/d/477/ll/U,0.58
bo/st/yes/yes/m/219/ll/U,bo/st/yes/yes/m/221/ll/A,1.0
bo/st/yes/yes/m/219/ll/U,bo/st/yes/yes/m/219/ll/U,1.0
