TestCase1,TestCase2,Inter/Union
bw/mu/no/yes/d/456/nc/U,bw/mu/no/yes/d/456/nc/U,1.0
bw/mu/no/yes/d/456/nc/U,bw/so/no/no/m/252/nc/U,0.49
bw/mu/no/yes/d/456/nc/U,bw/so/no/yes/m/264/nc/U,0.5
bw/mu/no/yes/d/456/nc/U,bw/st/no/no/d/492/nc/U,0.53
bw/mu/no/yes/d/456/nc/U,bw/mu/yes/no/d/450/nc/U,0.95
bw/mu/no/yes/d/456/nc/U,bo/mu/no/no/d/468/nc/U,0.87
bw/mu/no/yes/d/456/nc/U,bo/mu/yes/yes/m/728/nc/A,0.91
bw/mu/no/yes/d/456/nc/U,bo/st/yes/no/d/522/nc/U,0.65
bw/mu/no/yes/d/456/nc/U,bo/so/yes/yes/d/726/nc/A,0.52
bw/mu/no/yes/d/456/nc/U,bw/mu/yes/yes/d/721/nc/A,0.97
bw/mu/no/yes/d/456/nc/U,bw/so/no/no/d/540/nc/U,0.49
bw/mu/no/yes/d/456/nc/U,bo/so/yes/no/m/744/nc/A,0.5
bw/mu/no/yes/d/456/nc/U,bo/so/no/yes/d/576/nc/U,0.34
bw/mu/no/yes/d/456/nc/U,bw/so/yes/no/m/743/nc/A,0.48
bw/mu/no/yes/d/456/nc/U,bw/mu/yes/yes/m/727/nc/A,0.97
bw/mu/no/yes/d/456/nc/U,bw/st/yes/yes/m/729/nc/A,0.57
bw/mu/no/yes/d/456/nc/U,bo/st/yes/no/m/742/nc/A,0.65
bw/mu/no/yes/d/456/nc/U,bo/so/yes/no/d/570/nc/U,0.5
bw/mu/no/yes/d/456/nc/U,bw/mu/no/yes/d/745/nc/A,1.0
bw/mu/no/yes/d/456/nc/U,bw/so/yes/no/d/546/nc/U,0.48
bw/mu/no/yes/d/456/nc/U,bo/so/no/no/d/564/nc/U,0.33
bw/mu/no/yes/d/456/nc/U,bo/so/no/yes/m/756/nc/A,0.34
bw/mu/no/yes/d/456/nc/U,bw/mu/no/yes/m/751/nc/A,1.0
bw/mu/no/yes/d/456/nc/U,bw/so/no/no/m/767/nc/A,0.49
bw/mu/no/yes/d/456/nc/U,bo/mu/no/no/d/758/nc/A,0.87
bw/mu/no/yes/d/456/nc/U,bw/so/no/yes/d/552/nc/U,0.5
bw/mu/no/yes/d/456/nc/U,bo/st/no/no/d/760/nc/A,0.66
bw/mu/no/yes/d/456/nc/U,bw/mu/yes/no/m/162/nc/U,0.95
bw/mu/no/yes/d/456/nc/U,bo/mu/yes/no/d/734/nc/A,0.91
bw/mu/no/yes/d/456/nc/U,bw/mu/yes/no/d/733/nc/A,0.95
bw/mu/no/yes/d/456/nc/U,bw/st/yes/yes/m/198/nc/U,0.57
bw/mu/no/yes/d/456/nc/U,bw/so/no/no/d/761/nc/A,0.49
bw/mu/no/yes/d/456/nc/U,bo/st/no/no/m/766/nc/A,0.66
bw/mu/no/yes/d/456/nc/U,bw/st/no/no/d/759/nc/A,0.53
bw/mu/no/yes/d/456/nc/U,bo/so/no/yes/d/750/nc/A,0.34
bw/mu/no/yes/d/456/nc/U,bw/mu/no/no/d/757/nc/A,0.96
bw/mu/no/yes/d/456/nc/U,bo/so/no/no/m/768/nc/A,0.33
bw/mu/no/yes/d/456/nc/U,bo/so/yes/yes/m/732/nc/A,0.52
bw/mu/no/yes/d/456/nc/U,bw/st/yes/no/d/735/nc/A,0.51
bw/mu/no/yes/d/456/nc/U,bw/st/yes/yes/d/486/nc/U,0.57
bw/mu/no/yes/d/456/nc/U,bw/mu/no/no/d/444/nc/U,0.96
bw/mu/no/yes/d/456/nc/U,bw/so/yes/yes/m/246/nc/U,0.49
bw/mu/no/yes/d/456/nc/U,bo/so/yes/yes/m/270/nc/U,0.52
bw/mu/no/yes/d/456/nc/U,bo/mu/no/yes/d/480/nc/U,0.86
bw/mu/no/yes/d/456/nc/U,bo/mu/yes/no/d/474/nc/U,0.91
bw/mu/no/yes/d/456/nc/U,bo/st/yes/yes/m/222/nc/U,0.66
bw/mu/no/yes/d/456/nc/U,bo/so/yes/no/m/282/nc/U,0.5
bw/mu/no/yes/d/456/nc/U,bo/so/no/no/m/276/nc/U,0.33
bw/mu/no/yes/d/456/nc/U,bo/st/no/yes/m/240/nc/U,0.69
bw/mu/no/yes/d/456/nc/U,bw/st/no/no/m/204/nc/U,0.53
bw/mu/no/yes/d/456/nc/U,bo/mu/yes/yes/d/462/nc/U,0.91
bw/mu/no/yes/d/456/nc/U,bo/st/yes/no/m/234/nc/U,0.65
bw/mu/no/yes/d/456/nc/U,bw/st/yes/no/d/498/nc/U,0.51
bw/mu/no/yes/d/456/nc/U,bw/mu/yes/yes/d/438/nc/U,0.97
bw/mu/no/yes/d/456/nc/U,bw/so/yes/no/m/258/nc/U,0.48
bw/mu/no/yes/d/456/nc/U,bw/so/no/yes/d/749/nc/A,0.5
bw/mu/no/yes/d/456/nc/U,bo/mu/yes/no/m/740/nc/A,0.91
bw/mu/no/yes/d/456/nc/U,bw/st/no/yes/d/747/nc/A,0.59
bw/mu/no/yes/d/456/nc/U,bo/mu/no/no/m/180/nc/U,0.87
bw/mu/no/yes/d/456/nc/U,bo/mu/yes/yes/m/174/nc/U,0.91
bw/mu/no/yes/d/456/nc/U,bo/st/yes/yes/d/510/nc/U,0.66
bw/mu/no/yes/d/456/nc/U,bo/mu/yes/yes/d/722/nc/A,0.91
bw/mu/no/yes/d/456/nc/U,bw/so/yes/yes/d/725/nc/A,0.49
bw/mu/no/yes/d/456/nc/U,bo/st/no/yes/d/528/nc/U,0.69
bw/mu/no/yes/d/456/nc/U,bo/mu/no/yes/d/746/nc/A,0.86
bw/mu/no/yes/d/456/nc/U,bw/st/yes/no/m/741/nc/A,0.51
bw/mu/no/yes/d/456/nc/U,bo/st/no/yes/d/748/nc/A,0.69
bw/mu/no/yes/d/456/nc/U,bo/mu/yes/no/m/186/nc/U,0.91
bw/mu/no/yes/d/456/nc/U,bo/st/no/no/d/516/nc/U,0.66
bw/mu/no/yes/d/456/nc/U,bo/st/yes/yes/d/724/nc/A,0.66
bw/mu/no/yes/d/456/nc/U,bw/st/yes/yes/d/723/nc/A,0.57
bw/mu/no/yes/d/456/nc/U,bo/mu/no/yes/m/192/nc/U,0.86
bw/mu/no/yes/d/456/nc/U,bo/st/yes/yes/m/730/nc/A,0.66
bw/mu/no/yes/d/456/nc/U,bw/so/yes/no/d/737/nc/A,0.48
bw/mu/no/yes/d/456/nc/U,bw/mu/no/yes/m/168/nc/U,1.0
bw/mu/no/yes/d/456/nc/U,bw/mu/yes/no/m/739/nc/A,0.95
bw/mu/no/yes/d/456/nc/U,bw/mu/yes/yes/m/150/nc/U,0.97
bw/mu/no/yes/d/456/nc/U,bw/so/yes/yes/d/534/nc/U,0.49
bw/mu/no/yes/d/456/nc/U,bo/mu/no/yes/m/752/nc/A,0.86
bw/mu/no/yes/d/456/nc/U,bw/so/no/yes/m/755/nc/A,0.5
bw/mu/no/yes/d/456/nc/U,bo/so/yes/yes/d/558/nc/U,0.52
bw/mu/no/yes/d/456/nc/U,bw/mu/no/no/m/763/nc/A,0.96
bw/mu/no/yes/d/456/nc/U,bo/mu/no/no/m/764/nc/A,0.87
bw/mu/no/yes/d/456/nc/U,bo/so/yes/no/d/738/nc/A,0.5
bw/mu/no/yes/d/456/nc/U,bw/mu/no/no/m/156/nc/U,0.96
bw/mu/no/yes/d/456/nc/U,bo/st/yes/no/d/736/nc/A,0.65
bw/mu/no/yes/d/456/nc/U,bw/st/no/yes/d/504/nc/U,0.59
bw/mu/no/yes/d/456/nc/U,bw/so/yes/yes/m/731/nc/A,0.49
bw/mu/no/yes/d/456/nc/U,bw/st/no/no/m/765/nc/A,0.53
bw/mu/no/yes/d/456/nc/U,bo/so/no/no/d/762/nc/A,0.33
bw/mu/no/yes/d/456/nc/U,bo/st/no/yes/m/754/nc/A,0.69
bw/mu/no/yes/d/456/nc/U,bw/st/no/yes/m/753/nc/A,0.59
bw/mu/no/yes/d/456/nc/U,bw/st/no/yes/m/216/nc/U,0.59
bw/mu/no/yes/d/456/nc/U,bo/so/no/yes/m/288/nc/U,0.34
bw/mu/no/yes/d/456/nc/U,bw/st/yes/no/m/210/nc/U,0.51
bw/mu/no/yes/d/456/nc/U,bo/st/no/no/m/228/nc/U,0.66
bw/so/no/no/m/252/nc/U,bw/mu/no/yes/d/456/nc/U,0.49
bw/so/no/no/m/252/nc/U,bw/so/no/no/m/252/nc/U,1.0
bw/so/no/no/m/252/nc/U,bw/so/no/yes/m/264/nc/U,0.89
bw/so/no/no/m/252/nc/U,bw/st/no/no/d/492/nc/U,0.43
bw/so/no/no/m/252/nc/U,bw/mu/yes/no/d/450/nc/U,0.49
bw/so/no/no/m/252/nc/U,bo/mu/no/no/d/468/nc/U,0.49
bw/so/no/no/m/252/nc/U,bo/mu/yes/yes/m/728/nc/A,0.49
bw/so/no/no/m/252/nc/U,bo/st/yes/no/d/522/nc/U,0.55
bw/so/no/no/m/252/nc/U,bo/so/yes/yes/d/726/nc/A,0.61
bw/so/no/no/m/252/nc/U,bw/mu/yes/yes/d/721/nc/A,0.49
bw/so/no/no/m/252/nc/U,bw/so/no/no/d/540/nc/U,1.0
bw/so/no/no/m/252/nc/U,bo/so/yes/no/m/744/nc/A,0.66
bw/so/no/no/m/252/nc/U,bo/so/no/yes/d/576/nc/U,0.38
bw/so/no/no/m/252/nc/U,bw/so/yes/no/m/743/nc/A,0.86
bw/so/no/no/m/252/nc/U,bw/mu/yes/yes/m/727/nc/A,0.49
bw/so/no/no/m/252/nc/U,bw/st/yes/yes/m/729/nc/A,0.46
bw/so/no/no/m/252/nc/U,bo/st/yes/no/m/742/nc/A,0.55
bw/so/no/no/m/252/nc/U,bo/so/yes/no/d/570/nc/U,0.66
bw/so/no/no/m/252/nc/U,bw/mu/no/yes/d/745/nc/A,0.49
bw/so/no/no/m/252/nc/U,bw/so/yes/no/d/546/nc/U,0.86
bw/so/no/no/m/252/nc/U,bo/so/no/no/d/564/nc/U,0.42
bw/so/no/no/m/252/nc/U,bo/so/no/yes/m/756/nc/A,0.38
bw/so/no/no/m/252/nc/U,bw/mu/no/yes/m/751/nc/A,0.49
bw/so/no/no/m/252/nc/U,bw/so/no/no/m/767/nc/A,1.0
bw/so/no/no/m/252/nc/U,bo/mu/no/no/d/758/nc/A,0.49
bw/so/no/no/m/252/nc/U,bw/so/no/yes/d/552/nc/U,0.89
bw/so/no/no/m/252/nc/U,bo/st/no/no/d/760/nc/A,0.56
bw/so/no/no/m/252/nc/U,bw/mu/yes/no/m/162/nc/U,0.49
bw/so/no/no/m/252/nc/U,bo/mu/yes/no/d/734/nc/A,0.49
bw/so/no/no/m/252/nc/U,bw/mu/yes/no/d/733/nc/A,0.49
bw/so/no/no/m/252/nc/U,bw/st/yes/yes/m/198/nc/U,0.46
bw/so/no/no/m/252/nc/U,bw/so/no/no/d/761/nc/A,1.0
bw/so/no/no/m/252/nc/U,bo/st/no/no/m/766/nc/A,0.56
bw/so/no/no/m/252/nc/U,bw/st/no/no/d/759/nc/A,0.43
bw/so/no/no/m/252/nc/U,bo/so/no/yes/d/750/nc/A,0.38
bw/so/no/no/m/252/nc/U,bw/mu/no/no/d/757/nc/A,0.49
bw/so/no/no/m/252/nc/U,bo/so/no/no/m/768/nc/A,0.42
bw/so/no/no/m/252/nc/U,bo/so/yes/yes/m/732/nc/A,0.61
bw/so/no/no/m/252/nc/U,bw/st/yes/no/d/735/nc/A,0.42
bw/so/no/no/m/252/nc/U,bw/st/yes/yes/d/486/nc/U,0.46
bw/so/no/no/m/252/nc/U,bw/mu/no/no/d/444/nc/U,0.49
bw/so/no/no/m/252/nc/U,bw/so/yes/yes/m/246/nc/U,0.8
bw/so/no/no/m/252/nc/U,bo/so/yes/yes/m/270/nc/U,0.61
bw/so/no/no/m/252/nc/U,bo/mu/no/yes/d/480/nc/U,0.49
bw/so/no/no/m/252/nc/U,bo/mu/yes/no/d/474/nc/U,0.49
bw/so/no/no/m/252/nc/U,bo/st/yes/yes/m/222/nc/U,0.55
bw/so/no/no/m/252/nc/U,bo/so/yes/no/m/282/nc/U,0.66
bw/so/no/no/m/252/nc/U,bo/so/no/no/m/276/nc/U,0.42
bw/so/no/no/m/252/nc/U,bo/st/no/yes/m/240/nc/U,0.55
bw/so/no/no/m/252/nc/U,bw/st/no/no/m/204/nc/U,0.43
bw/so/no/no/m/252/nc/U,bo/mu/yes/yes/d/462/nc/U,0.49
bw/so/no/no/m/252/nc/U,bo/st/yes/no/m/234/nc/U,0.55
bw/so/no/no/m/252/nc/U,bw/st/yes/no/d/498/nc/U,0.42
bw/so/no/no/m/252/nc/U,bw/mu/yes/yes/d/438/nc/U,0.49
bw/so/no/no/m/252/nc/U,bw/so/yes/no/m/258/nc/U,0.86
bw/so/no/no/m/252/nc/U,bw/so/no/yes/d/749/nc/A,0.89
bw/so/no/no/m/252/nc/U,bo/mu/yes/no/m/740/nc/A,0.49
bw/so/no/no/m/252/nc/U,bw/st/no/yes/d/747/nc/A,0.47
bw/so/no/no/m/252/nc/U,bo/mu/no/no/m/180/nc/U,0.49
bw/so/no/no/m/252/nc/U,bo/mu/yes/yes/m/174/nc/U,0.49
bw/so/no/no/m/252/nc/U,bo/st/yes/yes/d/510/nc/U,0.55
bw/so/no/no/m/252/nc/U,bo/mu/yes/yes/d/722/nc/A,0.49
bw/so/no/no/m/252/nc/U,bw/so/yes/yes/d/725/nc/A,0.8
bw/so/no/no/m/252/nc/U,bo/st/no/yes/d/528/nc/U,0.55
bw/so/no/no/m/252/nc/U,bo/mu/no/yes/d/746/nc/A,0.49
bw/so/no/no/m/252/nc/U,bw/st/yes/no/m/741/nc/A,0.42
bw/so/no/no/m/252/nc/U,bo/st/no/yes/d/748/nc/A,0.55
bw/so/no/no/m/252/nc/U,bo/mu/yes/no/m/186/nc/U,0.49
bw/so/no/no/m/252/nc/U,bo/st/no/no/d/516/nc/U,0.56
bw/so/no/no/m/252/nc/U,bo/st/yes/yes/d/724/nc/A,0.55
bw/so/no/no/m/252/nc/U,bw/st/yes/yes/d/723/nc/A,0.46
bw/so/no/no/m/252/nc/U,bo/mu/no/yes/m/192/nc/U,0.49
bw/so/no/no/m/252/nc/U,bo/st/yes/yes/m/730/nc/A,0.55
bw/so/no/no/m/252/nc/U,bw/so/yes/no/d/737/nc/A,0.86
bw/so/no/no/m/252/nc/U,bw/mu/no/yes/m/168/nc/U,0.49
bw/so/no/no/m/252/nc/U,bw/mu/yes/no/m/739/nc/A,0.49
bw/so/no/no/m/252/nc/U,bw/mu/yes/yes/m/150/nc/U,0.49
bw/so/no/no/m/252/nc/U,bw/so/yes/yes/d/534/nc/U,0.8
bw/so/no/no/m/252/nc/U,bo/mu/no/yes/m/752/nc/A,0.49
bw/so/no/no/m/252/nc/U,bw/so/no/yes/m/755/nc/A,0.89
bw/so/no/no/m/252/nc/U,bo/so/yes/yes/d/558/nc/U,0.61
bw/so/no/no/m/252/nc/U,bw/mu/no/no/m/763/nc/A,0.49
bw/so/no/no/m/252/nc/U,bo/mu/no/no/m/764/nc/A,0.49
bw/so/no/no/m/252/nc/U,bo/so/yes/no/d/738/nc/A,0.66
bw/so/no/no/m/252/nc/U,bw/mu/no/no/m/156/nc/U,0.49
bw/so/no/no/m/252/nc/U,bo/st/yes/no/d/736/nc/A,0.55
bw/so/no/no/m/252/nc/U,bw/st/no/yes/d/504/nc/U,0.47
bw/so/no/no/m/252/nc/U,bw/so/yes/yes/m/731/nc/A,0.8
bw/so/no/no/m/252/nc/U,bw/st/no/no/m/765/nc/A,0.43
bw/so/no/no/m/252/nc/U,bo/so/no/no/d/762/nc/A,0.42
bw/so/no/no/m/252/nc/U,bo/st/no/yes/m/754/nc/A,0.55
bw/so/no/no/m/252/nc/U,bw/st/no/yes/m/753/nc/A,0.47
bw/so/no/no/m/252/nc/U,bw/st/no/yes/m/216/nc/U,0.47
bw/so/no/no/m/252/nc/U,bo/so/no/yes/m/288/nc/U,0.38
bw/so/no/no/m/252/nc/U,bw/st/yes/no/m/210/nc/U,0.42
bw/so/no/no/m/252/nc/U,bo/st/no/no/m/228/nc/U,0.56
bw/so/no/yes/m/264/nc/U,bw/mu/no/yes/d/456/nc/U,0.5
bw/so/no/yes/m/264/nc/U,bw/so/no/no/m/252/nc/U,0.89
bw/so/no/yes/m/264/nc/U,bw/so/no/yes/m/264/nc/U,1.0
bw/so/no/yes/m/264/nc/U,bw/st/no/no/d/492/nc/U,0.43
bw/so/no/yes/m/264/nc/U,bw/mu/yes/no/d/450/nc/U,0.5
bw/so/no/yes/m/264/nc/U,bo/mu/no/no/d/468/nc/U,0.5
bw/so/no/yes/m/264/nc/U,bo/mu/yes/yes/m/728/nc/A,0.5
bw/so/no/yes/m/264/nc/U,bo/st/yes/no/d/522/nc/U,0.56
bw/so/no/yes/m/264/nc/U,bo/so/yes/yes/d/726/nc/A,0.64
bw/so/no/yes/m/264/nc/U,bw/mu/yes/yes/d/721/nc/A,0.5
bw/so/no/yes/m/264/nc/U,bw/so/no/no/d/540/nc/U,0.89
bw/so/no/yes/m/264/nc/U,bo/so/yes/no/m/744/nc/A,0.61
bw/so/no/yes/m/264/nc/U,bo/so/no/yes/d/576/nc/U,0.38
bw/so/no/yes/m/264/nc/U,bw/so/yes/no/m/743/nc/A,0.79
bw/so/no/yes/m/264/nc/U,bw/mu/yes/yes/m/727/nc/A,0.5
bw/so/no/yes/m/264/nc/U,bw/st/yes/yes/m/729/nc/A,0.46
bw/so/no/yes/m/264/nc/U,bo/st/yes/no/m/742/nc/A,0.56
bw/so/no/yes/m/264/nc/U,bo/so/yes/no/d/570/nc/U,0.61
bw/so/no/yes/m/264/nc/U,bw/mu/no/yes/d/745/nc/A,0.5
bw/so/no/yes/m/264/nc/U,bw/so/yes/no/d/546/nc/U,0.79
bw/so/no/yes/m/264/nc/U,bo/so/no/no/d/564/nc/U,0.39
bw/so/no/yes/m/264/nc/U,bo/so/no/yes/m/756/nc/A,0.38
bw/so/no/yes/m/264/nc/U,bw/mu/no/yes/m/751/nc/A,0.5
bw/so/no/yes/m/264/nc/U,bw/so/no/no/m/767/nc/A,0.89
bw/so/no/yes/m/264/nc/U,bo/mu/no/no/d/758/nc/A,0.5
bw/so/no/yes/m/264/nc/U,bw/so/no/yes/d/552/nc/U,1.0
bw/so/no/yes/m/264/nc/U,bo/st/no/no/d/760/nc/A,0.57
bw/so/no/yes/m/264/nc/U,bw/mu/yes/no/m/162/nc/U,0.5
bw/so/no/yes/m/264/nc/U,bo/mu/yes/no/d/734/nc/A,0.5
bw/so/no/yes/m/264/nc/U,bw/mu/yes/no/d/733/nc/A,0.5
bw/so/no/yes/m/264/nc/U,bw/st/yes/yes/m/198/nc/U,0.46
bw/so/no/yes/m/264/nc/U,bw/so/no/no/d/761/nc/A,0.89
bw/so/no/yes/m/264/nc/U,bo/st/no/no/m/766/nc/A,0.57
bw/so/no/yes/m/264/nc/U,bw/st/no/no/d/759/nc/A,0.43
bw/so/no/yes/m/264/nc/U,bo/so/no/yes/d/750/nc/A,0.38
bw/so/no/yes/m/264/nc/U,bw/mu/no/no/d/757/nc/A,0.5
bw/so/no/yes/m/264/nc/U,bo/so/no/no/m/768/nc/A,0.39
bw/so/no/yes/m/264/nc/U,bo/so/yes/yes/m/732/nc/A,0.64
bw/so/no/yes/m/264/nc/U,bw/st/yes/no/d/735/nc/A,0.42
bw/so/no/yes/m/264/nc/U,bw/st/yes/yes/d/486/nc/U,0.46
bw/so/no/yes/m/264/nc/U,bw/mu/no/no/d/444/nc/U,0.5
bw/so/no/yes/m/264/nc/U,bw/so/yes/yes/m/246/nc/U,0.86
bw/so/no/yes/m/264/nc/U,bo/so/yes/yes/m/270/nc/U,0.64
bw/so/no/yes/m/264/nc/U,bo/mu/no/yes/d/480/nc/U,0.5
bw/so/no/yes/m/264/nc/U,bo/mu/yes/no/d/474/nc/U,0.5
bw/so/no/yes/m/264/nc/U,bo/st/yes/yes/m/222/nc/U,0.56
bw/so/no/yes/m/264/nc/U,bo/so/yes/no/m/282/nc/U,0.61
bw/so/no/yes/m/264/nc/U,bo/so/no/no/m/276/nc/U,0.39
bw/so/no/yes/m/264/nc/U,bo/st/no/yes/m/240/nc/U,0.57
bw/so/no/yes/m/264/nc/U,bw/st/no/no/m/204/nc/U,0.43
bw/so/no/yes/m/264/nc/U,bo/mu/yes/yes/d/462/nc/U,0.5
bw/so/no/yes/m/264/nc/U,bo/st/yes/no/m/234/nc/U,0.56
bw/so/no/yes/m/264/nc/U,bw/st/yes/no/d/498/nc/U,0.42
bw/so/no/yes/m/264/nc/U,bw/mu/yes/yes/d/438/nc/U,0.5
bw/so/no/yes/m/264/nc/U,bw/so/yes/no/m/258/nc/U,0.79
bw/so/no/yes/m/264/nc/U,bw/so/no/yes/d/749/nc/A,1.0
bw/so/no/yes/m/264/nc/U,bo/mu/yes/no/m/740/nc/A,0.5
bw/so/no/yes/m/264/nc/U,bw/st/no/yes/d/747/nc/A,0.48
bw/so/no/yes/m/264/nc/U,bo/mu/no/no/m/180/nc/U,0.5
bw/so/no/yes/m/264/nc/U,bo/mu/yes/yes/m/174/nc/U,0.5
bw/so/no/yes/m/264/nc/U,bo/st/yes/yes/d/510/nc/U,0.56
bw/so/no/yes/m/264/nc/U,bo/mu/yes/yes/d/722/nc/A,0.5
bw/so/no/yes/m/264/nc/U,bw/so/yes/yes/d/725/nc/A,0.86
bw/so/no/yes/m/264/nc/U,bo/st/no/yes/d/528/nc/U,0.57
bw/so/no/yes/m/264/nc/U,bo/mu/no/yes/d/746/nc/A,0.5
bw/so/no/yes/m/264/nc/U,bw/st/yes/no/m/741/nc/A,0.42
bw/so/no/yes/m/264/nc/U,bo/st/no/yes/d/748/nc/A,0.57
bw/so/no/yes/m/264/nc/U,bo/mu/yes/no/m/186/nc/U,0.5
bw/so/no/yes/m/264/nc/U,bo/st/no/no/d/516/nc/U,0.57
bw/so/no/yes/m/264/nc/U,bo/st/yes/yes/d/724/nc/A,0.56
bw/so/no/yes/m/264/nc/U,bw/st/yes/yes/d/723/nc/A,0.46
bw/so/no/yes/m/264/nc/U,bo/mu/no/yes/m/192/nc/U,0.5
bw/so/no/yes/m/264/nc/U,bo/st/yes/yes/m/730/nc/A,0.56
bw/so/no/yes/m/264/nc/U,bw/so/yes/no/d/737/nc/A,0.79
bw/so/no/yes/m/264/nc/U,bw/mu/no/yes/m/168/nc/U,0.5
bw/so/no/yes/m/264/nc/U,bw/mu/yes/no/m/739/nc/A,0.5
bw/so/no/yes/m/264/nc/U,bw/mu/yes/yes/m/150/nc/U,0.5
bw/so/no/yes/m/264/nc/U,bw/so/yes/yes/d/534/nc/U,0.86
bw/so/no/yes/m/264/nc/U,bo/mu/no/yes/m/752/nc/A,0.5
bw/so/no/yes/m/264/nc/U,bw/so/no/yes/m/755/nc/A,1.0
bw/so/no/yes/m/264/nc/U,bo/so/yes/yes/d/558/nc/U,0.64
bw/so/no/yes/m/264/nc/U,bw/mu/no/no/m/763/nc/A,0.5
bw/so/no/yes/m/264/nc/U,bo/mu/no/no/m/764/nc/A,0.5
bw/so/no/yes/m/264/nc/U,bo/so/yes/no/d/738/nc/A,0.61
bw/so/no/yes/m/264/nc/U,bw/mu/no/no/m/156/nc/U,0.5
bw/so/no/yes/m/264/nc/U,bo/st/yes/no/d/736/nc/A,0.56
bw/so/no/yes/m/264/nc/U,bw/st/no/yes/d/504/nc/U,0.48
bw/so/no/yes/m/264/nc/U,bw/so/yes/yes/m/731/nc/A,0.86
bw/so/no/yes/m/264/nc/U,bw/st/no/no/m/765/nc/A,0.43
bw/so/no/yes/m/264/nc/U,bo/so/no/no/d/762/nc/A,0.39
bw/so/no/yes/m/264/nc/U,bo/st/no/yes/m/754/nc/A,0.57
bw/so/no/yes/m/264/nc/U,bw/st/no/yes/m/753/nc/A,0.48
bw/so/no/yes/m/264/nc/U,bw/st/no/yes/m/216/nc/U,0.48
bw/so/no/yes/m/264/nc/U,bo/so/no/yes/m/288/nc/U,0.38
bw/so/no/yes/m/264/nc/U,bw/st/yes/no/m/210/nc/U,0.42
bw/so/no/yes/m/264/nc/U,bo/st/no/no/m/228/nc/U,0.57
bw/st/no/no/d/492/nc/U,bw/mu/no/yes/d/456/nc/U,0.53
bw/st/no/no/d/492/nc/U,bw/so/no/no/m/252/nc/U,0.43
bw/st/no/no/d/492/nc/U,bw/so/no/yes/m/264/nc/U,0.43
bw/st/no/no/d/492/nc/U,bw/st/no/no/d/492/nc/U,1.0
bw/st/no/no/d/492/nc/U,bw/mu/yes/no/d/450/nc/U,0.54
bw/st/no/no/d/492/nc/U,bo/mu/no/no/d/468/nc/U,0.5
bw/st/no/no/d/492/nc/U,bo/mu/yes/yes/m/728/nc/A,0.51
bw/st/no/no/d/492/nc/U,bo/st/yes/no/d/522/nc/U,0.52
bw/st/no/no/d/492/nc/U,bo/so/yes/yes/d/726/nc/A,0.42
bw/st/no/no/d/492/nc/U,bw/mu/yes/yes/d/721/nc/A,0.53
bw/st/no/no/d/492/nc/U,bw/so/no/no/d/540/nc/U,0.43
bw/st/no/no/d/492/nc/U,bo/so/yes/no/m/744/nc/A,0.41
bw/st/no/no/d/492/nc/U,bo/so/no/yes/d/576/nc/U,0.25
bw/st/no/no/d/492/nc/U,bw/so/yes/no/m/743/nc/A,0.42
bw/st/no/no/d/492/nc/U,bw/mu/yes/yes/m/727/nc/A,0.53
bw/st/no/no/d/492/nc/U,bw/st/yes/yes/m/729/nc/A,0.81
bw/st/no/no/d/492/nc/U,bo/st/yes/no/m/742/nc/A,0.52
bw/st/no/no/d/492/nc/U,bo/so/yes/no/d/570/nc/U,0.41
bw/st/no/no/d/492/nc/U,bw/mu/no/yes/d/745/nc/A,0.53
bw/st/no/no/d/492/nc/U,bw/so/yes/no/d/546/nc/U,0.42
bw/st/no/no/d/492/nc/U,bo/so/no/no/d/564/nc/U,0.26
bw/st/no/no/d/492/nc/U,bo/so/no/yes/m/756/nc/A,0.25
bw/st/no/no/d/492/nc/U,bw/mu/no/yes/m/751/nc/A,0.53
bw/st/no/no/d/492/nc/U,bw/so/no/no/m/767/nc/A,0.43
bw/st/no/no/d/492/nc/U,bo/mu/no/no/d/758/nc/A,0.5
bw/st/no/no/d/492/nc/U,bw/so/no/yes/d/552/nc/U,0.43
bw/st/no/no/d/492/nc/U,bo/st/no/no/d/760/nc/A,0.49
bw/st/no/no/d/492/nc/U,bw/mu/yes/no/m/162/nc/U,0.54
bw/st/no/no/d/492/nc/U,bo/mu/yes/no/d/734/nc/A,0.51
bw/st/no/no/d/492/nc/U,bw/mu/yes/no/d/733/nc/A,0.54
bw/st/no/no/d/492/nc/U,bw/st/yes/yes/m/198/nc/U,0.81
bw/st/no/no/d/492/nc/U,bw/so/no/no/d/761/nc/A,0.43
bw/st/no/no/d/492/nc/U,bo/st/no/no/m/766/nc/A,0.49
bw/st/no/no/d/492/nc/U,bw/st/no/no/d/759/nc/A,1.0
bw/st/no/no/d/492/nc/U,bo/so/no/yes/d/750/nc/A,0.25
bw/st/no/no/d/492/nc/U,bw/mu/no/no/d/757/nc/A,0.53
bw/st/no/no/d/492/nc/U,bo/so/no/no/m/768/nc/A,0.26
bw/st/no/no/d/492/nc/U,bo/so/yes/yes/m/732/nc/A,0.42
bw/st/no/no/d/492/nc/U,bw/st/yes/no/d/735/nc/A,0.9
bw/st/no/no/d/492/nc/U,bw/st/yes/yes/d/486/nc/U,0.81
bw/st/no/no/d/492/nc/U,bw/mu/no/no/d/444/nc/U,0.53
bw/st/no/no/d/492/nc/U,bw/so/yes/yes/m/246/nc/U,0.43
bw/st/no/no/d/492/nc/U,bo/so/yes/yes/m/270/nc/U,0.42
bw/st/no/no/d/492/nc/U,bo/mu/no/yes/d/480/nc/U,0.49
bw/st/no/no/d/492/nc/U,bo/mu/yes/no/d/474/nc/U,0.51
bw/st/no/no/d/492/nc/U,bo/st/yes/yes/m/222/nc/U,0.51
bw/st/no/no/d/492/nc/U,bo/so/yes/no/m/282/nc/U,0.41
bw/st/no/no/d/492/nc/U,bo/so/no/no/m/276/nc/U,0.26
bw/st/no/no/d/492/nc/U,bo/st/no/yes/m/240/nc/U,0.49
bw/st/no/no/d/492/nc/U,bw/st/no/no/m/204/nc/U,1.0
bw/st/no/no/d/492/nc/U,bo/mu/yes/yes/d/462/nc/U,0.51
bw/st/no/no/d/492/nc/U,bo/st/yes/no/m/234/nc/U,0.52
bw/st/no/no/d/492/nc/U,bw/st/yes/no/d/498/nc/U,0.9
bw/st/no/no/d/492/nc/U,bw/mu/yes/yes/d/438/nc/U,0.53
bw/st/no/no/d/492/nc/U,bw/so/yes/no/m/258/nc/U,0.42
bw/st/no/no/d/492/nc/U,bw/so/no/yes/d/749/nc/A,0.43
bw/st/no/no/d/492/nc/U,bo/mu/yes/no/m/740/nc/A,0.51
bw/st/no/no/d/492/nc/U,bw/st/no/yes/d/747/nc/A,0.87
bw/st/no/no/d/492/nc/U,bo/mu/no/no/m/180/nc/U,0.5
bw/st/no/no/d/492/nc/U,bo/mu/yes/yes/m/174/nc/U,0.51
bw/st/no/no/d/492/nc/U,bo/st/yes/yes/d/510/nc/U,0.51
bw/st/no/no/d/492/nc/U,bo/mu/yes/yes/d/722/nc/A,0.51
bw/st/no/no/d/492/nc/U,bw/so/yes/yes/d/725/nc/A,0.43
bw/st/no/no/d/492/nc/U,bo/st/no/yes/d/528/nc/U,0.49
bw/st/no/no/d/492/nc/U,bo/mu/no/yes/d/746/nc/A,0.49
bw/st/no/no/d/492/nc/U,bw/st/yes/no/m/741/nc/A,0.9
bw/st/no/no/d/492/nc/U,bo/st/no/yes/d/748/nc/A,0.49
bw/st/no/no/d/492/nc/U,bo/mu/yes/no/m/186/nc/U,0.51
bw/st/no/no/d/492/nc/U,bo/st/no/no/d/516/nc/U,0.49
bw/st/no/no/d/492/nc/U,bo/st/yes/yes/d/724/nc/A,0.51
bw/st/no/no/d/492/nc/U,bw/st/yes/yes/d/723/nc/A,0.81
bw/st/no/no/d/492/nc/U,bo/mu/no/yes/m/192/nc/U,0.49
bw/st/no/no/d/492/nc/U,bo/st/yes/yes/m/730/nc/A,0.51
bw/st/no/no/d/492/nc/U,bw/so/yes/no/d/737/nc/A,0.42
bw/st/no/no/d/492/nc/U,bw/mu/no/yes/m/168/nc/U,0.53
bw/st/no/no/d/492/nc/U,bw/mu/yes/no/m/739/nc/A,0.54
bw/st/no/no/d/492/nc/U,bw/mu/yes/yes/m/150/nc/U,0.53
bw/st/no/no/d/492/nc/U,bw/so/yes/yes/d/534/nc/U,0.43
bw/st/no/no/d/492/nc/U,bo/mu/no/yes/m/752/nc/A,0.49
bw/st/no/no/d/492/nc/U,bw/so/no/yes/m/755/nc/A,0.43
bw/st/no/no/d/492/nc/U,bo/so/yes/yes/d/558/nc/U,0.42
bw/st/no/no/d/492/nc/U,bw/mu/no/no/m/763/nc/A,0.53
bw/st/no/no/d/492/nc/U,bo/mu/no/no/m/764/nc/A,0.5
bw/st/no/no/d/492/nc/U,bo/so/yes/no/d/738/nc/A,0.41
bw/st/no/no/d/492/nc/U,bw/mu/no/no/m/156/nc/U,0.53
bw/st/no/no/d/492/nc/U,bo/st/yes/no/d/736/nc/A,0.52
bw/st/no/no/d/492/nc/U,bw/st/no/yes/d/504/nc/U,0.87
bw/st/no/no/d/492/nc/U,bw/so/yes/yes/m/731/nc/A,0.43
bw/st/no/no/d/492/nc/U,bw/st/no/no/m/765/nc/A,1.0
bw/st/no/no/d/492/nc/U,bo/so/no/no/d/762/nc/A,0.26
bw/st/no/no/d/492/nc/U,bo/st/no/yes/m/754/nc/A,0.49
bw/st/no/no/d/492/nc/U,bw/st/no/yes/m/753/nc/A,0.87
bw/st/no/no/d/492/nc/U,bw/st/no/yes/m/216/nc/U,0.87
bw/st/no/no/d/492/nc/U,bo/so/no/yes/m/288/nc/U,0.25
bw/st/no/no/d/492/nc/U,bw/st/yes/no/m/210/nc/U,0.9
bw/st/no/no/d/492/nc/U,bo/st/no/no/m/228/nc/U,0.49
bw/mu/yes/no/d/450/nc/U,bw/mu/no/yes/d/456/nc/U,0.95
bw/mu/yes/no/d/450/nc/U,bw/so/no/no/m/252/nc/U,0.49
bw/mu/yes/no/d/450/nc/U,bw/so/no/yes/m/264/nc/U,0.5
bw/mu/yes/no/d/450/nc/U,bw/st/no/no/d/492/nc/U,0.54
bw/mu/yes/no/d/450/nc/U,bw/mu/yes/no/d/450/nc/U,1.0
bw/mu/yes/no/d/450/nc/U,bo/mu/no/no/d/468/nc/U,0.88
bw/mu/yes/no/d/450/nc/U,bo/mu/yes/yes/m/728/nc/A,0.9
bw/mu/yes/no/d/450/nc/U,bo/st/yes/no/d/522/nc/U,0.65
bw/mu/yes/no/d/450/nc/U,bo/so/yes/yes/d/726/nc/A,0.52
bw/mu/yes/no/d/450/nc/U,bw/mu/yes/yes/d/721/nc/A,0.96
bw/mu/yes/no/d/450/nc/U,bw/so/no/no/d/540/nc/U,0.49
bw/mu/yes/no/d/450/nc/U,bo/so/yes/no/m/744/nc/A,0.49
bw/mu/yes/no/d/450/nc/U,bo/so/no/yes/d/576/nc/U,0.34
bw/mu/yes/no/d/450/nc/U,bw/so/yes/no/m/743/nc/A,0.48
bw/mu/yes/no/d/450/nc/U,bw/mu/yes/yes/m/727/nc/A,0.96
bw/mu/yes/no/d/450/nc/U,bw/st/yes/yes/m/729/nc/A,0.57
bw/mu/yes/no/d/450/nc/U,bo/st/yes/no/m/742/nc/A,0.65
bw/mu/yes/no/d/450/nc/U,bo/so/yes/no/d/570/nc/U,0.49
bw/mu/yes/no/d/450/nc/U,bw/mu/no/yes/d/745/nc/A,0.95
bw/mu/yes/no/d/450/nc/U,bw/so/yes/no/d/546/nc/U,0.48
bw/mu/yes/no/d/450/nc/U,bo/so/no/no/d/564/nc/U,0.33
bw/mu/yes/no/d/450/nc/U,bo/so/no/yes/m/756/nc/A,0.34
bw/mu/yes/no/d/450/nc/U,bw/mu/no/yes/m/751/nc/A,0.95
bw/mu/yes/no/d/450/nc/U,bw/so/no/no/m/767/nc/A,0.49
bw/mu/yes/no/d/450/nc/U,bo/mu/no/no/d/758/nc/A,0.88
bw/mu/yes/no/d/450/nc/U,bw/so/no/yes/d/552/nc/U,0.5
bw/mu/yes/no/d/450/nc/U,bo/st/no/no/d/760/nc/A,0.66
bw/mu/yes/no/d/450/nc/U,bw/mu/yes/no/m/162/nc/U,1.0
bw/mu/yes/no/d/450/nc/U,bo/mu/yes/no/d/734/nc/A,0.93
bw/mu/yes/no/d/450/nc/U,bw/mu/yes/no/d/733/nc/A,1.0
bw/mu/yes/no/d/450/nc/U,bw/st/yes/yes/m/198/nc/U,0.57
bw/mu/yes/no/d/450/nc/U,bw/so/no/no/d/761/nc/A,0.49
bw/mu/yes/no/d/450/nc/U,bo/st/no/no/m/766/nc/A,0.66
bw/mu/yes/no/d/450/nc/U,bw/st/no/no/d/759/nc/A,0.54
bw/mu/yes/no/d/450/nc/U,bo/so/no/yes/d/750/nc/A,0.34
bw/mu/yes/no/d/450/nc/U,bw/mu/no/no/d/757/nc/A,0.98
bw/mu/yes/no/d/450/nc/U,bo/so/no/no/m/768/nc/A,0.33
bw/mu/yes/no/d/450/nc/U,bo/so/yes/yes/m/732/nc/A,0.52
bw/mu/yes/no/d/450/nc/U,bw/st/yes/no/d/735/nc/A,0.52
bw/mu/yes/no/d/450/nc/U,bw/st/yes/yes/d/486/nc/U,0.57
bw/mu/yes/no/d/450/nc/U,bw/mu/no/no/d/444/nc/U,0.98
bw/mu/yes/no/d/450/nc/U,bw/so/yes/yes/m/246/nc/U,0.48
bw/mu/yes/no/d/450/nc/U,bo/so/yes/yes/m/270/nc/U,0.52
bw/mu/yes/no/d/450/nc/U,bo/mu/no/yes/d/480/nc/U,0.87
bw/mu/yes/no/d/450/nc/U,bo/mu/yes/no/d/474/nc/U,0.93
bw/mu/yes/no/d/450/nc/U,bo/st/yes/yes/m/222/nc/U,0.66
bw/mu/yes/no/d/450/nc/U,bo/so/yes/no/m/282/nc/U,0.49
bw/mu/yes/no/d/450/nc/U,bo/so/no/no/m/276/nc/U,0.33
bw/mu/yes/no/d/450/nc/U,bo/st/no/yes/m/240/nc/U,0.69
bw/mu/yes/no/d/450/nc/U,bw/st/no/no/m/204/nc/U,0.54
bw/mu/yes/no/d/450/nc/U,bo/mu/yes/yes/d/462/nc/U,0.9
bw/mu/yes/no/d/450/nc/U,bo/st/yes/no/m/234/nc/U,0.65
bw/mu/yes/no/d/450/nc/U,bw/st/yes/no/d/498/nc/U,0.52
bw/mu/yes/no/d/450/nc/U,bw/mu/yes/yes/d/438/nc/U,0.96
bw/mu/yes/no/d/450/nc/U,bw/so/yes/no/m/258/nc/U,0.48
bw/mu/yes/no/d/450/nc/U,bw/so/no/yes/d/749/nc/A,0.5
bw/mu/yes/no/d/450/nc/U,bo/mu/yes/no/m/740/nc/A,0.93
bw/mu/yes/no/d/450/nc/U,bw/st/no/yes/d/747/nc/A,0.59
bw/mu/yes/no/d/450/nc/U,bo/mu/no/no/m/180/nc/U,0.88
bw/mu/yes/no/d/450/nc/U,bo/mu/yes/yes/m/174/nc/U,0.9
bw/mu/yes/no/d/450/nc/U,bo/st/yes/yes/d/510/nc/U,0.66
bw/mu/yes/no/d/450/nc/U,bo/mu/yes/yes/d/722/nc/A,0.9
bw/mu/yes/no/d/450/nc/U,bw/so/yes/yes/d/725/nc/A,0.48
bw/mu/yes/no/d/450/nc/U,bo/st/no/yes/d/528/nc/U,0.69
bw/mu/yes/no/d/450/nc/U,bo/mu/no/yes/d/746/nc/A,0.87
bw/mu/yes/no/d/450/nc/U,bw/st/yes/no/m/741/nc/A,0.52
bw/mu/yes/no/d/450/nc/U,bo/st/no/yes/d/748/nc/A,0.69
bw/mu/yes/no/d/450/nc/U,bo/mu/yes/no/m/186/nc/U,0.93
bw/mu/yes/no/d/450/nc/U,bo/st/no/no/d/516/nc/U,0.66
bw/mu/yes/no/d/450/nc/U,bo/st/yes/yes/d/724/nc/A,0.66
bw/mu/yes/no/d/450/nc/U,bw/st/yes/yes/d/723/nc/A,0.57
bw/mu/yes/no/d/450/nc/U,bo/mu/no/yes/m/192/nc/U,0.87
bw/mu/yes/no/d/450/nc/U,bo/st/yes/yes/m/730/nc/A,0.66
bw/mu/yes/no/d/450/nc/U,bw/so/yes/no/d/737/nc/A,0.48
bw/mu/yes/no/d/450/nc/U,bw/mu/no/yes/m/168/nc/U,0.95
bw/mu/yes/no/d/450/nc/U,bw/mu/yes/no/m/739/nc/A,1.0
bw/mu/yes/no/d/450/nc/U,bw/mu/yes/yes/m/150/nc/U,0.96
bw/mu/yes/no/d/450/nc/U,bw/so/yes/yes/d/534/nc/U,0.48
bw/mu/yes/no/d/450/nc/U,bo/mu/no/yes/m/752/nc/A,0.87
bw/mu/yes/no/d/450/nc/U,bw/so/no/yes/m/755/nc/A,0.5
bw/mu/yes/no/d/450/nc/U,bo/so/yes/yes/d/558/nc/U,0.52
bw/mu/yes/no/d/450/nc/U,bw/mu/no/no/m/763/nc/A,0.98
bw/mu/yes/no/d/450/nc/U,bo/mu/no/no/m/764/nc/A,0.88
bw/mu/yes/no/d/450/nc/U,bo/so/yes/no/d/738/nc/A,0.49
bw/mu/yes/no/d/450/nc/U,bw/mu/no/no/m/156/nc/U,0.98
bw/mu/yes/no/d/450/nc/U,bo/st/yes/no/d/736/nc/A,0.65
bw/mu/yes/no/d/450/nc/U,bw/st/no/yes/d/504/nc/U,0.59
bw/mu/yes/no/d/450/nc/U,bw/so/yes/yes/m/731/nc/A,0.48
bw/mu/yes/no/d/450/nc/U,bw/st/no/no/m/765/nc/A,0.54
bw/mu/yes/no/d/450/nc/U,bo/so/no/no/d/762/nc/A,0.33
bw/mu/yes/no/d/450/nc/U,bo/st/no/yes/m/754/nc/A,0.69
bw/mu/yes/no/d/450/nc/U,bw/st/no/yes/m/753/nc/A,0.59
bw/mu/yes/no/d/450/nc/U,bw/st/no/yes/m/216/nc/U,0.59
bw/mu/yes/no/d/450/nc/U,bo/so/no/yes/m/288/nc/U,0.34
bw/mu/yes/no/d/450/nc/U,bw/st/yes/no/m/210/nc/U,0.52
bw/mu/yes/no/d/450/nc/U,bo/st/no/no/m/228/nc/U,0.66
bo/mu/no/no/d/468/nc/U,bw/mu/no/yes/d/456/nc/U,0.87
bo/mu/no/no/d/468/nc/U,bw/so/no/no/m/252/nc/U,0.49
bo/mu/no/no/d/468/nc/U,bw/so/no/yes/m/264/nc/U,0.5
bo/mu/no/no/d/468/nc/U,bw/st/no/no/d/492/nc/U,0.5
bo/mu/no/no/d/468/nc/U,bw/mu/yes/no/d/450/nc/U,0.88
bo/mu/no/no/d/468/nc/U,bo/mu/no/no/d/468/nc/U,1.0
bo/mu/no/no/d/468/nc/U,bo/mu/yes/yes/m/728/nc/A,0.9
bo/mu/no/no/d/468/nc/U,bo/st/yes/no/d/522/nc/U,0.65
bo/mu/no/no/d/468/nc/U,bo/so/yes/yes/d/726/nc/A,0.53
bo/mu/no/no/d/468/nc/U,bw/mu/yes/yes/d/721/nc/A,0.87
bo/mu/no/no/d/468/nc/U,bw/so/no/no/d/540/nc/U,0.49
bo/mu/no/no/d/468/nc/U,bo/so/yes/no/m/744/nc/A,0.51
bo/mu/no/no/d/468/nc/U,bo/so/no/yes/d/576/nc/U,0.36
bo/mu/no/no/d/468/nc/U,bw/so/yes/no/m/743/nc/A,0.48
bo/mu/no/no/d/468/nc/U,bw/mu/yes/yes/m/727/nc/A,0.87
bo/mu/no/no/d/468/nc/U,bw/st/yes/yes/m/729/nc/A,0.53
bo/mu/no/no/d/468/nc/U,bo/st/yes/no/m/742/nc/A,0.65
bo/mu/no/no/d/468/nc/U,bo/so/yes/no/d/570/nc/U,0.51
bo/mu/no/no/d/468/nc/U,bw/mu/no/yes/d/745/nc/A,0.87
bo/mu/no/no/d/468/nc/U,bw/so/yes/no/d/546/nc/U,0.48
bo/mu/no/no/d/468/nc/U,bo/so/no/no/d/564/nc/U,0.35
bo/mu/no/no/d/468/nc/U,bo/so/no/yes/m/756/nc/A,0.36
bo/mu/no/no/d/468/nc/U,bw/mu/no/yes/m/751/nc/A,0.87
bo/mu/no/no/d/468/nc/U,bw/so/no/no/m/767/nc/A,0.49
bo/mu/no/no/d/468/nc/U,bo/mu/no/no/d/758/nc/A,1.0
bo/mu/no/no/d/468/nc/U,bw/so/no/yes/d/552/nc/U,0.5
bo/mu/no/no/d/468/nc/U,bo/st/no/no/d/760/nc/A,0.67
bo/mu/no/no/d/468/nc/U,bw/mu/yes/no/m/162/nc/U,0.88
bo/mu/no/no/d/468/nc/U,bo/mu/yes/no/d/734/nc/A,0.92
bo/mu/no/no/d/468/nc/U,bw/mu/yes/no/d/733/nc/A,0.88
bo/mu/no/no/d/468/nc/U,bw/st/yes/yes/m/198/nc/U,0.53
bo/mu/no/no/d/468/nc/U,bw/so/no/no/d/761/nc/A,0.49
bo/mu/no/no/d/468/nc/U,bo/st/no/no/m/766/nc/A,0.67
bo/mu/no/no/d/468/nc/U,bw/st/no/no/d/759/nc/A,0.5
bo/mu/no/no/d/468/nc/U,bo/so/no/yes/d/750/nc/A,0.36
bo/mu/no/no/d/468/nc/U,bw/mu/no/no/d/757/nc/A,0.88
bo/mu/no/no/d/468/nc/U,bo/so/no/no/m/768/nc/A,0.35
bo/mu/no/no/d/468/nc/U,bo/so/yes/yes/m/732/nc/A,0.53
bo/mu/no/no/d/468/nc/U,bw/st/yes/no/d/735/nc/A,0.49
bo/mu/no/no/d/468/nc/U,bw/st/yes/yes/d/486/nc/U,0.53
bo/mu/no/no/d/468/nc/U,bw/mu/no/no/d/444/nc/U,0.88
bo/mu/no/no/d/468/nc/U,bw/so/yes/yes/m/246/nc/U,0.48
bo/mu/no/no/d/468/nc/U,bo/so/yes/yes/m/270/nc/U,0.53
bo/mu/no/no/d/468/nc/U,bo/mu/no/yes/d/480/nc/U,0.94
bo/mu/no/no/d/468/nc/U,bo/mu/yes/no/d/474/nc/U,0.92
bo/mu/no/no/d/468/nc/U,bo/st/yes/yes/m/222/nc/U,0.66
bo/mu/no/no/d/468/nc/U,bo/so/yes/no/m/282/nc/U,0.51
bo/mu/no/no/d/468/nc/U,bo/so/no/no/m/276/nc/U,0.35
bo/mu/no/no/d/468/nc/U,bo/st/no/yes/m/240/nc/U,0.69
bo/mu/no/no/d/468/nc/U,bw/st/no/no/m/204/nc/U,0.5
bo/mu/no/no/d/468/nc/U,bo/mu/yes/yes/d/462/nc/U,0.9
bo/mu/no/no/d/468/nc/U,bo/st/yes/no/m/234/nc/U,0.65
bo/mu/no/no/d/468/nc/U,bw/st/yes/no/d/498/nc/U,0.49
bo/mu/no/no/d/468/nc/U,bw/mu/yes/yes/d/438/nc/U,0.87
bo/mu/no/no/d/468/nc/U,bw/so/yes/no/m/258/nc/U,0.48
bo/mu/no/no/d/468/nc/U,bw/so/no/yes/d/749/nc/A,0.5
bo/mu/no/no/d/468/nc/U,bo/mu/yes/no/m/740/nc/A,0.92
bo/mu/no/no/d/468/nc/U,bw/st/no/yes/d/747/nc/A,0.56
bo/mu/no/no/d/468/nc/U,bo/mu/no/no/m/180/nc/U,1.0
bo/mu/no/no/d/468/nc/U,bo/mu/yes/yes/m/174/nc/U,0.9
bo/mu/no/no/d/468/nc/U,bo/st/yes/yes/d/510/nc/U,0.66
bo/mu/no/no/d/468/nc/U,bo/mu/yes/yes/d/722/nc/A,0.9
bo/mu/no/no/d/468/nc/U,bw/so/yes/yes/d/725/nc/A,0.48
bo/mu/no/no/d/468/nc/U,bo/st/no/yes/d/528/nc/U,0.69
bo/mu/no/no/d/468/nc/U,bo/mu/no/yes/d/746/nc/A,0.94
bo/mu/no/no/d/468/nc/U,bw/st/yes/no/m/741/nc/A,0.49
bo/mu/no/no/d/468/nc/U,bo/st/no/yes/d/748/nc/A,0.69
bo/mu/no/no/d/468/nc/U,bo/mu/yes/no/m/186/nc/U,0.92
bo/mu/no/no/d/468/nc/U,bo/st/no/no/d/516/nc/U,0.67
bo/mu/no/no/d/468/nc/U,bo/st/yes/yes/d/724/nc/A,0.66
bo/mu/no/no/d/468/nc/U,bw/st/yes/yes/d/723/nc/A,0.53
bo/mu/no/no/d/468/nc/U,bo/mu/no/yes/m/192/nc/U,0.94
bo/mu/no/no/d/468/nc/U,bo/st/yes/yes/m/730/nc/A,0.66
bo/mu/no/no/d/468/nc/U,bw/so/yes/no/d/737/nc/A,0.48
bo/mu/no/no/d/468/nc/U,bw/mu/no/yes/m/168/nc/U,0.87
bo/mu/no/no/d/468/nc/U,bw/mu/yes/no/m/739/nc/A,0.88
bo/mu/no/no/d/468/nc/U,bw/mu/yes/yes/m/150/nc/U,0.87
bo/mu/no/no/d/468/nc/U,bw/so/yes/yes/d/534/nc/U,0.48
bo/mu/no/no/d/468/nc/U,bo/mu/no/yes/m/752/nc/A,0.94
bo/mu/no/no/d/468/nc/U,bw/so/no/yes/m/755/nc/A,0.5
bo/mu/no/no/d/468/nc/U,bo/so/yes/yes/d/558/nc/U,0.53
bo/mu/no/no/d/468/nc/U,bw/mu/no/no/m/763/nc/A,0.88
bo/mu/no/no/d/468/nc/U,bo/mu/no/no/m/764/nc/A,1.0
bo/mu/no/no/d/468/nc/U,bo/so/yes/no/d/738/nc/A,0.51
bo/mu/no/no/d/468/nc/U,bw/mu/no/no/m/156/nc/U,0.88
bo/mu/no/no/d/468/nc/U,bo/st/yes/no/d/736/nc/A,0.65
bo/mu/no/no/d/468/nc/U,bw/st/no/yes/d/504/nc/U,0.56
bo/mu/no/no/d/468/nc/U,bw/so/yes/yes/m/731/nc/A,0.48
bo/mu/no/no/d/468/nc/U,bw/st/no/no/m/765/nc/A,0.5
bo/mu/no/no/d/468/nc/U,bo/so/no/no/d/762/nc/A,0.35
bo/mu/no/no/d/468/nc/U,bo/st/no/yes/m/754/nc/A,0.69
bo/mu/no/no/d/468/nc/U,bw/st/no/yes/m/753/nc/A,0.56
bo/mu/no/no/d/468/nc/U,bw/st/no/yes/m/216/nc/U,0.56
bo/mu/no/no/d/468/nc/U,bo/so/no/yes/m/288/nc/U,0.36
bo/mu/no/no/d/468/nc/U,bw/st/yes/no/m/210/nc/U,0.49
bo/mu/no/no/d/468/nc/U,bo/st/no/no/m/228/nc/U,0.67
bo/mu/yes/yes/m/728/nc/A,bw/mu/no/yes/d/456/nc/U,0.91
bo/mu/yes/yes/m/728/nc/A,bw/so/no/no/m/252/nc/U,0.49
bo/mu/yes/yes/m/728/nc/A,bw/so/no/yes/m/264/nc/U,0.5
bo/mu/yes/yes/m/728/nc/A,bw/st/no/no/d/492/nc/U,0.51
bo/mu/yes/yes/m/728/nc/A,bw/mu/yes/no/d/450/nc/U,0.9
bo/mu/yes/yes/m/728/nc/A,bo/mu/no/no/d/468/nc/U,0.9
bo/mu/yes/yes/m/728/nc/A,bo/mu/yes/yes/m/728/nc/A,1.0
bo/mu/yes/yes/m/728/nc/A,bo/st/yes/no/d/522/nc/U,0.66
bo/mu/yes/yes/m/728/nc/A,bo/so/yes/yes/d/726/nc/A,0.54
bo/mu/yes/yes/m/728/nc/A,bw/mu/yes/yes/d/721/nc/A,0.92
bo/mu/yes/yes/m/728/nc/A,bw/so/no/no/d/540/nc/U,0.49
bo/mu/yes/yes/m/728/nc/A,bo/so/yes/no/m/744/nc/A,0.52
bo/mu/yes/yes/m/728/nc/A,bo/so/no/yes/d/576/nc/U,0.36
bo/mu/yes/yes/m/728/nc/A,bw/so/yes/no/m/743/nc/A,0.48
bo/mu/yes/yes/m/728/nc/A,bw/mu/yes/yes/m/727/nc/A,0.92
bo/mu/yes/yes/m/728/nc/A,bw/st/yes/yes/m/729/nc/A,0.54
bo/mu/yes/yes/m/728/nc/A,bo/st/yes/no/m/742/nc/A,0.66
bo/mu/yes/yes/m/728/nc/A,bo/so/yes/no/d/570/nc/U,0.52
bo/mu/yes/yes/m/728/nc/A,bw/mu/no/yes/d/745/nc/A,0.91
bo/mu/yes/yes/m/728/nc/A,bw/so/yes/no/d/546/nc/U,0.48
bo/mu/yes/yes/m/728/nc/A,bo/so/no/no/d/564/nc/U,0.35
bo/mu/yes/yes/m/728/nc/A,bo/so/no/yes/m/756/nc/A,0.36
bo/mu/yes/yes/m/728/nc/A,bw/mu/no/yes/m/751/nc/A,0.91
bo/mu/yes/yes/m/728/nc/A,bw/so/no/no/m/767/nc/A,0.49
bo/mu/yes/yes/m/728/nc/A,bo/mu/no/no/d/758/nc/A,0.9
bo/mu/yes/yes/m/728/nc/A,bw/so/no/yes/d/552/nc/U,0.5
bo/mu/yes/yes/m/728/nc/A,bo/st/no/no/d/760/nc/A,0.67
bo/mu/yes/yes/m/728/nc/A,bw/mu/yes/no/m/162/nc/U,0.9
bo/mu/yes/yes/m/728/nc/A,bo/mu/yes/no/d/734/nc/A,0.97
bo/mu/yes/yes/m/728/nc/A,bw/mu/yes/no/d/733/nc/A,0.9
bo/mu/yes/yes/m/728/nc/A,bw/st/yes/yes/m/198/nc/U,0.54
bo/mu/yes/yes/m/728/nc/A,bw/so/no/no/d/761/nc/A,0.49
bo/mu/yes/yes/m/728/nc/A,bo/st/no/no/m/766/nc/A,0.67
bo/mu/yes/yes/m/728/nc/A,bw/st/no/no/d/759/nc/A,0.51
bo/mu/yes/yes/m/728/nc/A,bo/so/no/yes/d/750/nc/A,0.36
bo/mu/yes/yes/m/728/nc/A,bw/mu/no/no/d/757/nc/A,0.89
bo/mu/yes/yes/m/728/nc/A,bo/so/no/no/m/768/nc/A,0.35
bo/mu/yes/yes/m/728/nc/A,bo/so/yes/yes/m/732/nc/A,0.54
bo/mu/yes/yes/m/728/nc/A,bw/st/yes/no/d/735/nc/A,0.49
bo/mu/yes/yes/m/728/nc/A,bw/st/yes/yes/d/486/nc/U,0.54
bo/mu/yes/yes/m/728/nc/A,bw/mu/no/no/d/444/nc/U,0.89
bo/mu/yes/yes/m/728/nc/A,bw/so/yes/yes/m/246/nc/U,0.49
bo/mu/yes/yes/m/728/nc/A,bo/so/yes/yes/m/270/nc/U,0.54
bo/mu/yes/yes/m/728/nc/A,bo/mu/no/yes/d/480/nc/U,0.91
bo/mu/yes/yes/m/728/nc/A,bo/mu/yes/no/d/474/nc/U,0.97
bo/mu/yes/yes/m/728/nc/A,bo/st/yes/yes/m/222/nc/U,0.67
bo/mu/yes/yes/m/728/nc/A,bo/so/yes/no/m/282/nc/U,0.52
bo/mu/yes/yes/m/728/nc/A,bo/so/no/no/m/276/nc/U,0.35
bo/mu/yes/yes/m/728/nc/A,bo/st/no/yes/m/240/nc/U,0.7
bo/mu/yes/yes/m/728/nc/A,bw/st/no/no/m/204/nc/U,0.51
bo/mu/yes/yes/m/728/nc/A,bo/mu/yes/yes/d/462/nc/U,1.0
bo/mu/yes/yes/m/728/nc/A,bo/st/yes/no/m/234/nc/U,0.66
bo/mu/yes/yes/m/728/nc/A,bw/st/yes/no/d/498/nc/U,0.49
bo/mu/yes/yes/m/728/nc/A,bw/mu/yes/yes/d/438/nc/U,0.92
bo/mu/yes/yes/m/728/nc/A,bw/so/yes/no/m/258/nc/U,0.48
bo/mu/yes/yes/m/728/nc/A,bw/so/no/yes/d/749/nc/A,0.5
bo/mu/yes/yes/m/728/nc/A,bo/mu/yes/no/m/740/nc/A,0.97
bo/mu/yes/yes/m/728/nc/A,bw/st/no/yes/d/747/nc/A,0.57
bo/mu/yes/yes/m/728/nc/A,bo/mu/no/no/m/180/nc/U,0.9
bo/mu/yes/yes/m/728/nc/A,bo/mu/yes/yes/m/174/nc/U,1.0
bo/mu/yes/yes/m/728/nc/A,bo/st/yes/yes/d/510/nc/U,0.67
bo/mu/yes/yes/m/728/nc/A,bo/mu/yes/yes/d/722/nc/A,1.0
bo/mu/yes/yes/m/728/nc/A,bw/so/yes/yes/d/725/nc/A,0.49
bo/mu/yes/yes/m/728/nc/A,bo/st/no/yes/d/528/nc/U,0.7
bo/mu/yes/yes/m/728/nc/A,bo/mu/no/yes/d/746/nc/A,0.91
bo/mu/yes/yes/m/728/nc/A,bw/st/yes/no/m/741/nc/A,0.49
bo/mu/yes/yes/m/728/nc/A,bo/st/no/yes/d/748/nc/A,0.7
bo/mu/yes/yes/m/728/nc/A,bo/mu/yes/no/m/186/nc/U,0.97
bo/mu/yes/yes/m/728/nc/A,bo/st/no/no/d/516/nc/U,0.67
bo/mu/yes/yes/m/728/nc/A,bo/st/yes/yes/d/724/nc/A,0.67
bo/mu/yes/yes/m/728/nc/A,bw/st/yes/yes/d/723/nc/A,0.54
bo/mu/yes/yes/m/728/nc/A,bo/mu/no/yes/m/192/nc/U,0.91
bo/mu/yes/yes/m/728/nc/A,bo/st/yes/yes/m/730/nc/A,0.67
bo/mu/yes/yes/m/728/nc/A,bw/so/yes/no/d/737/nc/A,0.48
bo/mu/yes/yes/m/728/nc/A,bw/mu/no/yes/m/168/nc/U,0.91
bo/mu/yes/yes/m/728/nc/A,bw/mu/yes/no/m/739/nc/A,0.9
bo/mu/yes/yes/m/728/nc/A,bw/mu/yes/yes/m/150/nc/U,0.92
bo/mu/yes/yes/m/728/nc/A,bw/so/yes/yes/d/534/nc/U,0.49
bo/mu/yes/yes/m/728/nc/A,bo/mu/no/yes/m/752/nc/A,0.91
bo/mu/yes/yes/m/728/nc/A,bw/so/no/yes/m/755/nc/A,0.5
bo/mu/yes/yes/m/728/nc/A,bo/so/yes/yes/d/558/nc/U,0.54
bo/mu/yes/yes/m/728/nc/A,bw/mu/no/no/m/763/nc/A,0.89
bo/mu/yes/yes/m/728/nc/A,bo/mu/no/no/m/764/nc/A,0.9
bo/mu/yes/yes/m/728/nc/A,bo/so/yes/no/d/738/nc/A,0.52
bo/mu/yes/yes/m/728/nc/A,bw/mu/no/no/m/156/nc/U,0.89
bo/mu/yes/yes/m/728/nc/A,bo/st/yes/no/d/736/nc/A,0.66
bo/mu/yes/yes/m/728/nc/A,bw/st/no/yes/d/504/nc/U,0.57
bo/mu/yes/yes/m/728/nc/A,bw/so/yes/yes/m/731/nc/A,0.49
bo/mu/yes/yes/m/728/nc/A,bw/st/no/no/m/765/nc/A,0.51
bo/mu/yes/yes/m/728/nc/A,bo/so/no/no/d/762/nc/A,0.35
bo/mu/yes/yes/m/728/nc/A,bo/st/no/yes/m/754/nc/A,0.7
bo/mu/yes/yes/m/728/nc/A,bw/st/no/yes/m/753/nc/A,0.57
bo/mu/yes/yes/m/728/nc/A,bw/st/no/yes/m/216/nc/U,0.57
bo/mu/yes/yes/m/728/nc/A,bo/so/no/yes/m/288/nc/U,0.36
bo/mu/yes/yes/m/728/nc/A,bw/st/yes/no/m/210/nc/U,0.49
bo/mu/yes/yes/m/728/nc/A,bo/st/no/no/m/228/nc/U,0.67
bo/st/yes/no/d/522/nc/U,bw/mu/no/yes/d/456/nc/U,0.65
bo/st/yes/no/d/522/nc/U,bw/so/no/no/m/252/nc/U,0.55
bo/st/yes/no/d/522/nc/U,bw/so/no/yes/m/264/nc/U,0.56
bo/st/yes/no/d/522/nc/U,bw/st/no/no/d/492/nc/U,0.52
bo/st/yes/no/d/522/nc/U,bw/mu/yes/no/d/450/nc/U,0.65
bo/st/yes/no/d/522/nc/U,bo/mu/no/no/d/468/nc/U,0.65
bo/st/yes/no/d/522/nc/U,bo/mu/yes/yes/m/728/nc/A,0.66
bo/st/yes/no/d/522/nc/U,bo/st/yes/no/d/522/nc/U,1.0
bo/st/yes/no/d/522/nc/U,bo/so/yes/yes/d/726/nc/A,0.64
bo/st/yes/no/d/522/nc/U,bw/mu/yes/yes/d/721/nc/A,0.65
bo/st/yes/no/d/522/nc/U,bw/so/no/no/d/540/nc/U,0.55
bo/st/yes/no/d/522/nc/U,bo/so/yes/no/m/744/nc/A,0.61
bo/st/yes/no/d/522/nc/U,bo/so/no/yes/d/576/nc/U,0.38
bo/st/yes/no/d/522/nc/U,bw/so/yes/no/m/743/nc/A,0.55
bo/st/yes/no/d/522/nc/U,bw/mu/yes/yes/m/727/nc/A,0.65
bo/st/yes/no/d/522/nc/U,bw/st/yes/yes/m/729/nc/A,0.57
bo/st/yes/no/d/522/nc/U,bo/st/yes/no/m/742/nc/A,1.0
bo/st/yes/no/d/522/nc/U,bo/so/yes/no/d/570/nc/U,0.61
bo/st/yes/no/d/522/nc/U,bw/mu/no/yes/d/745/nc/A,0.65
bo/st/yes/no/d/522/nc/U,bw/so/yes/no/d/546/nc/U,0.55
bo/st/yes/no/d/522/nc/U,bo/so/no/no/d/564/nc/U,0.39
bo/st/yes/no/d/522/nc/U,bo/so/no/yes/m/756/nc/A,0.38
bo/st/yes/no/d/522/nc/U,bw/mu/no/yes/m/751/nc/A,0.65
bo/st/yes/no/d/522/nc/U,bw/so/no/no/m/767/nc/A,0.55
bo/st/yes/no/d/522/nc/U,bo/mu/no/no/d/758/nc/A,0.65
bo/st/yes/no/d/522/nc/U,bw/so/no/yes/d/552/nc/U,0.56
bo/st/yes/no/d/522/nc/U,bo/st/no/no/d/760/nc/A,0.87
bo/st/yes/no/d/522/nc/U,bw/mu/yes/no/m/162/nc/U,0.65
bo/st/yes/no/d/522/nc/U,bo/mu/yes/no/d/734/nc/A,0.66
bo/st/yes/no/d/522/nc/U,bw/mu/yes/no/d/733/nc/A,0.65
bo/st/yes/no/d/522/nc/U,bw/st/yes/yes/m/198/nc/U,0.57
bo/st/yes/no/d/522/nc/U,bw/so/no/no/d/761/nc/A,0.55
bo/st/yes/no/d/522/nc/U,bo/st/no/no/m/766/nc/A,0.87
bo/st/yes/no/d/522/nc/U,bw/st/no/no/d/759/nc/A,0.52
bo/st/yes/no/d/522/nc/U,bo/so/no/yes/d/750/nc/A,0.38
bo/st/yes/no/d/522/nc/U,bw/mu/no/no/d/757/nc/A,0.65
bo/st/yes/no/d/522/nc/U,bo/so/no/no/m/768/nc/A,0.39
bo/st/yes/no/d/522/nc/U,bo/so/yes/yes/m/732/nc/A,0.64
bo/st/yes/no/d/522/nc/U,bw/st/yes/no/d/735/nc/A,0.52
bo/st/yes/no/d/522/nc/U,bw/st/yes/yes/d/486/nc/U,0.57
bo/st/yes/no/d/522/nc/U,bw/mu/no/no/d/444/nc/U,0.65
bo/st/yes/no/d/522/nc/U,bw/so/yes/yes/m/246/nc/U,0.56
bo/st/yes/no/d/522/nc/U,bo/so/yes/yes/m/270/nc/U,0.64
bo/st/yes/no/d/522/nc/U,bo/mu/no/yes/d/480/nc/U,0.65
bo/st/yes/no/d/522/nc/U,bo/mu/yes/no/d/474/nc/U,0.66
bo/st/yes/no/d/522/nc/U,bo/st/yes/yes/m/222/nc/U,0.97
bo/st/yes/no/d/522/nc/U,bo/so/yes/no/m/282/nc/U,0.61
bo/st/yes/no/d/522/nc/U,bo/so/no/no/m/276/nc/U,0.39
bo/st/yes/no/d/522/nc/U,bo/st/no/yes/m/240/nc/U,0.84
bo/st/yes/no/d/522/nc/U,bw/st/no/no/m/204/nc/U,0.52
bo/st/yes/no/d/522/nc/U,bo/mu/yes/yes/d/462/nc/U,0.66
bo/st/yes/no/d/522/nc/U,bo/st/yes/no/m/234/nc/U,1.0
bo/st/yes/no/d/522/nc/U,bw/st/yes/no/d/498/nc/U,0.52
bo/st/yes/no/d/522/nc/U,bw/mu/yes/yes/d/438/nc/U,0.65
bo/st/yes/no/d/522/nc/U,bw/so/yes/no/m/258/nc/U,0.55
bo/st/yes/no/d/522/nc/U,bw/so/no/yes/d/749/nc/A,0.56
bo/st/yes/no/d/522/nc/U,bo/mu/yes/no/m/740/nc/A,0.66
bo/st/yes/no/d/522/nc/U,bw/st/no/yes/d/747/nc/A,0.58
bo/st/yes/no/d/522/nc/U,bo/mu/no/no/m/180/nc/U,0.65
bo/st/yes/no/d/522/nc/U,bo/mu/yes/yes/m/174/nc/U,0.66
bo/st/yes/no/d/522/nc/U,bo/st/yes/yes/d/510/nc/U,0.97
bo/st/yes/no/d/522/nc/U,bo/mu/yes/yes/d/722/nc/A,0.66
bo/st/yes/no/d/522/nc/U,bw/so/yes/yes/d/725/nc/A,0.56
bo/st/yes/no/d/522/nc/U,bo/st/no/yes/d/528/nc/U,0.84
bo/st/yes/no/d/522/nc/U,bo/mu/no/yes/d/746/nc/A,0.65
bo/st/yes/no/d/522/nc/U,bw/st/yes/no/m/741/nc/A,0.52
bo/st/yes/no/d/522/nc/U,bo/st/no/yes/d/748/nc/A,0.84
bo/st/yes/no/d/522/nc/U,bo/mu/yes/no/m/186/nc/U,0.66
bo/st/yes/no/d/522/nc/U,bo/st/no/no/d/516/nc/U,0.87
bo/st/yes/no/d/522/nc/U,bo/st/yes/yes/d/724/nc/A,0.97
bo/st/yes/no/d/522/nc/U,bw/st/yes/yes/d/723/nc/A,0.57
bo/st/yes/no/d/522/nc/U,bo/mu/no/yes/m/192/nc/U,0.65
bo/st/yes/no/d/522/nc/U,bo/st/yes/yes/m/730/nc/A,0.97
bo/st/yes/no/d/522/nc/U,bw/so/yes/no/d/737/nc/A,0.55
bo/st/yes/no/d/522/nc/U,bw/mu/no/yes/m/168/nc/U,0.65
bo/st/yes/no/d/522/nc/U,bw/mu/yes/no/m/739/nc/A,0.65
bo/st/yes/no/d/522/nc/U,bw/mu/yes/yes/m/150/nc/U,0.65
bo/st/yes/no/d/522/nc/U,bw/so/yes/yes/d/534/nc/U,0.56
bo/st/yes/no/d/522/nc/U,bo/mu/no/yes/m/752/nc/A,0.65
bo/st/yes/no/d/522/nc/U,bw/so/no/yes/m/755/nc/A,0.56
bo/st/yes/no/d/522/nc/U,bo/so/yes/yes/d/558/nc/U,0.64
bo/st/yes/no/d/522/nc/U,bw/mu/no/no/m/763/nc/A,0.65
bo/st/yes/no/d/522/nc/U,bo/mu/no/no/m/764/nc/A,0.65
bo/st/yes/no/d/522/nc/U,bo/so/yes/no/d/738/nc/A,0.61
bo/st/yes/no/d/522/nc/U,bw/mu/no/no/m/156/nc/U,0.65
bo/st/yes/no/d/522/nc/U,bo/st/yes/no/d/736/nc/A,1.0
bo/st/yes/no/d/522/nc/U,bw/st/no/yes/d/504/nc/U,0.58
bo/st/yes/no/d/522/nc/U,bw/so/yes/yes/m/731/nc/A,0.56
bo/st/yes/no/d/522/nc/U,bw/st/no/no/m/765/nc/A,0.52
bo/st/yes/no/d/522/nc/U,bo/so/no/no/d/762/nc/A,0.39
bo/st/yes/no/d/522/nc/U,bo/st/no/yes/m/754/nc/A,0.84
bo/st/yes/no/d/522/nc/U,bw/st/no/yes/m/753/nc/A,0.58
bo/st/yes/no/d/522/nc/U,bw/st/no/yes/m/216/nc/U,0.58
bo/st/yes/no/d/522/nc/U,bo/so/no/yes/m/288/nc/U,0.38
bo/st/yes/no/d/522/nc/U,bw/st/yes/no/m/210/nc/U,0.52
bo/st/yes/no/d/522/nc/U,bo/st/no/no/m/228/nc/U,0.87
bo/so/yes/yes/d/726/nc/A,bw/mu/no/yes/d/456/nc/U,0.52
bo/so/yes/yes/d/726/nc/A,bw/so/no/no/m/252/nc/U,0.61
bo/so/yes/yes/d/726/nc/A,bw/so/no/yes/m/264/nc/U,0.64
bo/so/yes/yes/d/726/nc/A,bw/st/no/no/d/492/nc/U,0.42
bo/so/yes/yes/d/726/nc/A,bw/mu/yes/no/d/450/nc/U,0.52
bo/so/yes/yes/d/726/nc/A,bo/mu/no/no/d/468/nc/U,0.53
bo/so/yes/yes/d/726/nc/A,bo/mu/yes/yes/m/728/nc/A,0.54
bo/so/yes/yes/d/726/nc/A,bo/st/yes/no/d/522/nc/U,0.64
bo/so/yes/yes/d/726/nc/A,bo/so/yes/yes/d/726/nc/A,1.0
bo/so/yes/yes/d/726/nc/A,bw/mu/yes/yes/d/721/nc/A,0.52
bo/so/yes/yes/d/726/nc/A,bw/so/no/no/d/540/nc/U,0.61
bo/so/yes/yes/d/726/nc/A,bo/so/yes/no/m/744/nc/A,0.87
bo/so/yes/yes/d/726/nc/A,bo/so/no/yes/d/576/nc/U,0.48
bo/so/yes/yes/d/726/nc/A,bw/so/yes/no/m/743/nc/A,0.62
bo/so/yes/yes/d/726/nc/A,bw/mu/yes/yes/m/727/nc/A,0.52
bo/so/yes/yes/d/726/nc/A,bw/st/yes/yes/m/729/nc/A,0.46
bo/so/yes/yes/d/726/nc/A,bo/st/yes/no/m/742/nc/A,0.64
bo/so/yes/yes/d/726/nc/A,bo/so/yes/no/d/570/nc/U,0.87
bo/so/yes/yes/d/726/nc/A,bw/mu/no/yes/d/745/nc/A,0.52
bo/so/yes/yes/d/726/nc/A,bw/so/yes/no/d/546/nc/U,0.62
bo/so/yes/yes/d/726/nc/A,bo/so/no/no/d/564/nc/U,0.49
bo/so/yes/yes/d/726/nc/A,bo/so/no/yes/m/756/nc/A,0.48
bo/so/yes/yes/d/726/nc/A,bw/mu/no/yes/m/751/nc/A,0.52
bo/so/yes/yes/d/726/nc/A,bw/so/no/no/m/767/nc/A,0.61
bo/so/yes/yes/d/726/nc/A,bo/mu/no/no/d/758/nc/A,0.53
bo/so/yes/yes/d/726/nc/A,bw/so/no/yes/d/552/nc/U,0.64
bo/so/yes/yes/d/726/nc/A,bo/st/no/no/d/760/nc/A,0.61
bo/so/yes/yes/d/726/nc/A,bw/mu/yes/no/m/162/nc/U,0.52
bo/so/yes/yes/d/726/nc/A,bo/mu/yes/no/d/734/nc/A,0.54
bo/so/yes/yes/d/726/nc/A,bw/mu/yes/no/d/733/nc/A,0.52
bo/so/yes/yes/d/726/nc/A,bw/st/yes/yes/m/198/nc/U,0.46
bo/so/yes/yes/d/726/nc/A,bw/so/no/no/d/761/nc/A,0.61
bo/so/yes/yes/d/726/nc/A,bo/st/no/no/m/766/nc/A,0.61
bo/so/yes/yes/d/726/nc/A,bw/st/no/no/d/759/nc/A,0.42
bo/so/yes/yes/d/726/nc/A,bo/so/no/yes/d/750/nc/A,0.48
bo/so/yes/yes/d/726/nc/A,bw/mu/no/no/d/757/nc/A,0.52
bo/so/yes/yes/d/726/nc/A,bo/so/no/no/m/768/nc/A,0.49
bo/so/yes/yes/d/726/nc/A,bo/so/yes/yes/m/732/nc/A,1.0
bo/so/yes/yes/d/726/nc/A,bw/st/yes/no/d/735/nc/A,0.41
bo/so/yes/yes/d/726/nc/A,bw/st/yes/yes/d/486/nc/U,0.46
bo/so/yes/yes/d/726/nc/A,bw/mu/no/no/d/444/nc/U,0.52
bo/so/yes/yes/d/726/nc/A,bw/so/yes/yes/m/246/nc/U,0.66
bo/so/yes/yes/d/726/nc/A,bo/so/yes/yes/m/270/nc/U,1.0
bo/so/yes/yes/d/726/nc/A,bo/mu/no/yes/d/480/nc/U,0.54
bo/so/yes/yes/d/726/nc/A,bo/mu/yes/no/d/474/nc/U,0.54
bo/so/yes/yes/d/726/nc/A,bo/st/yes/yes/m/222/nc/U,0.63
bo/so/yes/yes/d/726/nc/A,bo/so/yes/no/m/282/nc/U,0.87
bo/so/yes/yes/d/726/nc/A,bo/so/no/no/m/276/nc/U,0.49
bo/so/yes/yes/d/726/nc/A,bo/st/no/yes/m/240/nc/U,0.61
bo/so/yes/yes/d/726/nc/A,bw/st/no/no/m/204/nc/U,0.42
bo/so/yes/yes/d/726/nc/A,bo/mu/yes/yes/d/462/nc/U,0.54
bo/so/yes/yes/d/726/nc/A,bo/st/yes/no/m/234/nc/U,0.64
bo/so/yes/yes/d/726/nc/A,bw/st/yes/no/d/498/nc/U,0.41
bo/so/yes/yes/d/726/nc/A,bw/mu/yes/yes/d/438/nc/U,0.52
bo/so/yes/yes/d/726/nc/A,bw/so/yes/no/m/258/nc/U,0.62
bo/so/yes/yes/d/726/nc/A,bw/so/no/yes/d/749/nc/A,0.64
bo/so/yes/yes/d/726/nc/A,bo/mu/yes/no/m/740/nc/A,0.54
bo/so/yes/yes/d/726/nc/A,bw/st/no/yes/d/747/nc/A,0.46
bo/so/yes/yes/d/726/nc/A,bo/mu/no/no/m/180/nc/U,0.53
bo/so/yes/yes/d/726/nc/A,bo/mu/yes/yes/m/174/nc/U,0.54
bo/so/yes/yes/d/726/nc/A,bo/st/yes/yes/d/510/nc/U,0.63
bo/so/yes/yes/d/726/nc/A,bo/mu/yes/yes/d/722/nc/A,0.54
bo/so/yes/yes/d/726/nc/A,bw/so/yes/yes/d/725/nc/A,0.66
bo/so/yes/yes/d/726/nc/A,bo/st/no/yes/d/528/nc/U,0.61
bo/so/yes/yes/d/726/nc/A,bo/mu/no/yes/d/746/nc/A,0.54
bo/so/yes/yes/d/726/nc/A,bw/st/yes/no/m/741/nc/A,0.41
bo/so/yes/yes/d/726/nc/A,bo/st/no/yes/d/748/nc/A,0.61
bo/so/yes/yes/d/726/nc/A,bo/mu/yes/no/m/186/nc/U,0.54
bo/so/yes/yes/d/726/nc/A,bo/st/no/no/d/516/nc/U,0.61
bo/so/yes/yes/d/726/nc/A,bo/st/yes/yes/d/724/nc/A,0.63
bo/so/yes/yes/d/726/nc/A,bw/st/yes/yes/d/723/nc/A,0.46
bo/so/yes/yes/d/726/nc/A,bo/mu/no/yes/m/192/nc/U,0.54
bo/so/yes/yes/d/726/nc/A,bo/st/yes/yes/m/730/nc/A,0.63
bo/so/yes/yes/d/726/nc/A,bw/so/yes/no/d/737/nc/A,0.62
bo/so/yes/yes/d/726/nc/A,bw/mu/no/yes/m/168/nc/U,0.52
bo/so/yes/yes/d/726/nc/A,bw/mu/yes/no/m/739/nc/A,0.52
bo/so/yes/yes/d/726/nc/A,bw/mu/yes/yes/m/150/nc/U,0.52
bo/so/yes/yes/d/726/nc/A,bw/so/yes/yes/d/534/nc/U,0.66
bo/so/yes/yes/d/726/nc/A,bo/mu/no/yes/m/752/nc/A,0.54
bo/so/yes/yes/d/726/nc/A,bw/so/no/yes/m/755/nc/A,0.64
bo/so/yes/yes/d/726/nc/A,bo/so/yes/yes/d/558/nc/U,1.0
bo/so/yes/yes/d/726/nc/A,bw/mu/no/no/m/763/nc/A,0.52
bo/so/yes/yes/d/726/nc/A,bo/mu/no/no/m/764/nc/A,0.53
bo/so/yes/yes/d/726/nc/A,bo/so/yes/no/d/738/nc/A,0.87
bo/so/yes/yes/d/726/nc/A,bw/mu/no/no/m/156/nc/U,0.52
bo/so/yes/yes/d/726/nc/A,bo/st/yes/no/d/736/nc/A,0.64
bo/so/yes/yes/d/726/nc/A,bw/st/no/yes/d/504/nc/U,0.46
bo/so/yes/yes/d/726/nc/A,bw/so/yes/yes/m/731/nc/A,0.66
bo/so/yes/yes/d/726/nc/A,bw/st/no/no/m/765/nc/A,0.42
bo/so/yes/yes/d/726/nc/A,bo/so/no/no/d/762/nc/A,0.49
bo/so/yes/yes/d/726/nc/A,bo/st/no/yes/m/754/nc/A,0.61
bo/so/yes/yes/d/726/nc/A,bw/st/no/yes/m/753/nc/A,0.46
bo/so/yes/yes/d/726/nc/A,bw/st/no/yes/m/216/nc/U,0.46
bo/so/yes/yes/d/726/nc/A,bo/so/no/yes/m/288/nc/U,0.48
bo/so/yes/yes/d/726/nc/A,bw/st/yes/no/m/210/nc/U,0.41
bo/so/yes/yes/d/726/nc/A,bo/st/no/no/m/228/nc/U,0.61
bw/mu/yes/yes/d/721/nc/A,bw/mu/no/yes/d/456/nc/U,0.97
bw/mu/yes/yes/d/721/nc/A,bw/so/no/no/m/252/nc/U,0.49
bw/mu/yes/yes/d/721/nc/A,bw/so/no/yes/m/264/nc/U,0.5
bw/mu/yes/yes/d/721/nc/A,bw/st/no/no/d/492/nc/U,0.53
bw/mu/yes/yes/d/721/nc/A,bw/mu/yes/no/d/450/nc/U,0.96
bw/mu/yes/yes/d/721/nc/A,bo/mu/no/no/d/468/nc/U,0.87
bw/mu/yes/yes/d/721/nc/A,bo/mu/yes/yes/m/728/nc/A,0.92
bw/mu/yes/yes/d/721/nc/A,bo/st/yes/no/d/522/nc/U,0.65
bw/mu/yes/yes/d/721/nc/A,bo/so/yes/yes/d/726/nc/A,0.52
bw/mu/yes/yes/d/721/nc/A,bw/mu/yes/yes/d/721/nc/A,1.0
bw/mu/yes/yes/d/721/nc/A,bw/so/no/no/d/540/nc/U,0.49
bw/mu/yes/yes/d/721/nc/A,bo/so/yes/no/m/744/nc/A,0.5
bw/mu/yes/yes/d/721/nc/A,bo/so/no/yes/d/576/nc/U,0.34
bw/mu/yes/yes/d/721/nc/A,bw/so/yes/no/m/743/nc/A,0.48
bw/mu/yes/yes/d/721/nc/A,bw/mu/yes/yes/m/727/nc/A,1.0
bw/mu/yes/yes/d/721/nc/A,bw/st/yes/yes/m/729/nc/A,0.57
bw/mu/yes/yes/d/721/nc/A,bo/st/yes/no/m/742/nc/A,0.65
bw/mu/yes/yes/d/721/nc/A,bo/so/yes/no/d/570/nc/U,0.5
bw/mu/yes/yes/d/721/nc/A,bw/mu/no/yes/d/745/nc/A,0.97
bw/mu/yes/yes/d/721/nc/A,bw/so/yes/no/d/546/nc/U,0.48
bw/mu/yes/yes/d/721/nc/A,bo/so/no/no/d/564/nc/U,0.33
bw/mu/yes/yes/d/721/nc/A,bo/so/no/yes/m/756/nc/A,0.34
bw/mu/yes/yes/d/721/nc/A,bw/mu/no/yes/m/751/nc/A,0.97
bw/mu/yes/yes/d/721/nc/A,bw/so/no/no/m/767/nc/A,0.49
bw/mu/yes/yes/d/721/nc/A,bo/mu/no/no/d/758/nc/A,0.87
bw/mu/yes/yes/d/721/nc/A,bw/so/no/yes/d/552/nc/U,0.5
bw/mu/yes/yes/d/721/nc/A,bo/st/no/no/d/760/nc/A,0.66
bw/mu/yes/yes/d/721/nc/A,bw/mu/yes/no/m/162/nc/U,0.96
bw/mu/yes/yes/d/721/nc/A,bo/mu/yes/no/d/734/nc/A,0.91
bw/mu/yes/yes/d/721/nc/A,bw/mu/yes/no/d/733/nc/A,0.96
bw/mu/yes/yes/d/721/nc/A,bw/st/yes/yes/m/198/nc/U,0.57
bw/mu/yes/yes/d/721/nc/A,bw/so/no/no/d/761/nc/A,0.49
bw/mu/yes/yes/d/721/nc/A,bo/st/no/no/m/766/nc/A,0.66
bw/mu/yes/yes/d/721/nc/A,bw/st/no/no/d/759/nc/A,0.53
bw/mu/yes/yes/d/721/nc/A,bo/so/no/yes/d/750/nc/A,0.34
bw/mu/yes/yes/d/721/nc/A,bw/mu/no/no/d/757/nc/A,0.94
bw/mu/yes/yes/d/721/nc/A,bo/so/no/no/m/768/nc/A,0.33
bw/mu/yes/yes/d/721/nc/A,bo/so/yes/yes/m/732/nc/A,0.52
bw/mu/yes/yes/d/721/nc/A,bw/st/yes/no/d/735/nc/A,0.52
bw/mu/yes/yes/d/721/nc/A,bw/st/yes/yes/d/486/nc/U,0.57
bw/mu/yes/yes/d/721/nc/A,bw/mu/no/no/d/444/nc/U,0.94
bw/mu/yes/yes/d/721/nc/A,bw/so/yes/yes/m/246/nc/U,0.49
bw/mu/yes/yes/d/721/nc/A,bo/so/yes/yes/m/270/nc/U,0.52
bw/mu/yes/yes/d/721/nc/A,bo/mu/no/yes/d/480/nc/U,0.87
bw/mu/yes/yes/d/721/nc/A,bo/mu/yes/no/d/474/nc/U,0.91
bw/mu/yes/yes/d/721/nc/A,bo/st/yes/yes/m/222/nc/U,0.66
bw/mu/yes/yes/d/721/nc/A,bo/so/yes/no/m/282/nc/U,0.5
bw/mu/yes/yes/d/721/nc/A,bo/so/no/no/m/276/nc/U,0.33
bw/mu/yes/yes/d/721/nc/A,bo/st/no/yes/m/240/nc/U,0.69
bw/mu/yes/yes/d/721/nc/A,bw/st/no/no/m/204/nc/U,0.53
bw/mu/yes/yes/d/721/nc/A,bo/mu/yes/yes/d/462/nc/U,0.92
bw/mu/yes/yes/d/721/nc/A,bo/st/yes/no/m/234/nc/U,0.65
bw/mu/yes/yes/d/721/nc/A,bw/st/yes/no/d/498/nc/U,0.52
bw/mu/yes/yes/d/721/nc/A,bw/mu/yes/yes/d/438/nc/U,1.0
bw/mu/yes/yes/d/721/nc/A,bw/so/yes/no/m/258/nc/U,0.48
bw/mu/yes/yes/d/721/nc/A,bw/so/no/yes/d/749/nc/A,0.5
bw/mu/yes/yes/d/721/nc/A,bo/mu/yes/no/m/740/nc/A,0.91
bw/mu/yes/yes/d/721/nc/A,bw/st/no/yes/d/747/nc/A,0.59
bw/mu/yes/yes/d/721/nc/A,bo/mu/no/no/m/180/nc/U,0.87
bw/mu/yes/yes/d/721/nc/A,bo/mu/yes/yes/m/174/nc/U,0.92
bw/mu/yes/yes/d/721/nc/A,bo/st/yes/yes/d/510/nc/U,0.66
bw/mu/yes/yes/d/721/nc/A,bo/mu/yes/yes/d/722/nc/A,0.92
bw/mu/yes/yes/d/721/nc/A,bw/so/yes/yes/d/725/nc/A,0.49
bw/mu/yes/yes/d/721/nc/A,bo/st/no/yes/d/528/nc/U,0.69
bw/mu/yes/yes/d/721/nc/A,bo/mu/no/yes/d/746/nc/A,0.87
bw/mu/yes/yes/d/721/nc/A,bw/st/yes/no/m/741/nc/A,0.52
bw/mu/yes/yes/d/721/nc/A,bo/st/no/yes/d/748/nc/A,0.69
bw/mu/yes/yes/d/721/nc/A,bo/mu/yes/no/m/186/nc/U,0.91
bw/mu/yes/yes/d/721/nc/A,bo/st/no/no/d/516/nc/U,0.66
bw/mu/yes/yes/d/721/nc/A,bo/st/yes/yes/d/724/nc/A,0.66
bw/mu/yes/yes/d/721/nc/A,bw/st/yes/yes/d/723/nc/A,0.57
bw/mu/yes/yes/d/721/nc/A,bo/mu/no/yes/m/192/nc/U,0.87
bw/mu/yes/yes/d/721/nc/A,bo/st/yes/yes/m/730/nc/A,0.66
bw/mu/yes/yes/d/721/nc/A,bw/so/yes/no/d/737/nc/A,0.48
bw/mu/yes/yes/d/721/nc/A,bw/mu/no/yes/m/168/nc/U,0.97
bw/mu/yes/yes/d/721/nc/A,bw/mu/yes/no/m/739/nc/A,0.96
bw/mu/yes/yes/d/721/nc/A,bw/mu/yes/yes/m/150/nc/U,1.0
bw/mu/yes/yes/d/721/nc/A,bw/so/yes/yes/d/534/nc/U,0.49
bw/mu/yes/yes/d/721/nc/A,bo/mu/no/yes/m/752/nc/A,0.87
bw/mu/yes/yes/d/721/nc/A,bw/so/no/yes/m/755/nc/A,0.5
bw/mu/yes/yes/d/721/nc/A,bo/so/yes/yes/d/558/nc/U,0.52
bw/mu/yes/yes/d/721/nc/A,bw/mu/no/no/m/763/nc/A,0.94
bw/mu/yes/yes/d/721/nc/A,bo/mu/no/no/m/764/nc/A,0.87
bw/mu/yes/yes/d/721/nc/A,bo/so/yes/no/d/738/nc/A,0.5
bw/mu/yes/yes/d/721/nc/A,bw/mu/no/no/m/156/nc/U,0.94
bw/mu/yes/yes/d/721/nc/A,bo/st/yes/no/d/736/nc/A,0.65
bw/mu/yes/yes/d/721/nc/A,bw/st/no/yes/d/504/nc/U,0.59
bw/mu/yes/yes/d/721/nc/A,bw/so/yes/yes/m/731/nc/A,0.49
bw/mu/yes/yes/d/721/nc/A,bw/st/no/no/m/765/nc/A,0.53
bw/mu/yes/yes/d/721/nc/A,bo/so/no/no/d/762/nc/A,0.33
bw/mu/yes/yes/d/721/nc/A,bo/st/no/yes/m/754/nc/A,0.69
bw/mu/yes/yes/d/721/nc/A,bw/st/no/yes/m/753/nc/A,0.59
bw/mu/yes/yes/d/721/nc/A,bw/st/no/yes/m/216/nc/U,0.59
bw/mu/yes/yes/d/721/nc/A,bo/so/no/yes/m/288/nc/U,0.34
bw/mu/yes/yes/d/721/nc/A,bw/st/yes/no/m/210/nc/U,0.52
bw/mu/yes/yes/d/721/nc/A,bo/st/no/no/m/228/nc/U,0.66
bw/so/no/no/d/540/nc/U,bw/mu/no/yes/d/456/nc/U,0.49
bw/so/no/no/d/540/nc/U,bw/so/no/no/m/252/nc/U,1.0
bw/so/no/no/d/540/nc/U,bw/so/no/yes/m/264/nc/U,0.89
bw/so/no/no/d/540/nc/U,bw/st/no/no/d/492/nc/U,0.43
bw/so/no/no/d/540/nc/U,bw/mu/yes/no/d/450/nc/U,0.49
bw/so/no/no/d/540/nc/U,bo/mu/no/no/d/468/nc/U,0.49
bw/so/no/no/d/540/nc/U,bo/mu/yes/yes/m/728/nc/A,0.49
bw/so/no/no/d/540/nc/U,bo/st/yes/no/d/522/nc/U,0.55
bw/so/no/no/d/540/nc/U,bo/so/yes/yes/d/726/nc/A,0.61
bw/so/no/no/d/540/nc/U,bw/mu/yes/yes/d/721/nc/A,0.49
bw/so/no/no/d/540/nc/U,bw/so/no/no/d/540/nc/U,1.0
bw/so/no/no/d/540/nc/U,bo/so/yes/no/m/744/nc/A,0.66
bw/so/no/no/d/540/nc/U,bo/so/no/yes/d/576/nc/U,0.38
bw/so/no/no/d/540/nc/U,bw/so/yes/no/m/743/nc/A,0.86
bw/so/no/no/d/540/nc/U,bw/mu/yes/yes/m/727/nc/A,0.49
bw/so/no/no/d/540/nc/U,bw/st/yes/yes/m/729/nc/A,0.46
bw/so/no/no/d/540/nc/U,bo/st/yes/no/m/742/nc/A,0.55
bw/so/no/no/d/540/nc/U,bo/so/yes/no/d/570/nc/U,0.66
bw/so/no/no/d/540/nc/U,bw/mu/no/yes/d/745/nc/A,0.49
bw/so/no/no/d/540/nc/U,bw/so/yes/no/d/546/nc/U,0.86
bw/so/no/no/d/540/nc/U,bo/so/no/no/d/564/nc/U,0.42
bw/so/no/no/d/540/nc/U,bo/so/no/yes/m/756/nc/A,0.38
bw/so/no/no/d/540/nc/U,bw/mu/no/yes/m/751/nc/A,0.49
bw/so/no/no/d/540/nc/U,bw/so/no/no/m/767/nc/A,1.0
bw/so/no/no/d/540/nc/U,bo/mu/no/no/d/758/nc/A,0.49
bw/so/no/no/d/540/nc/U,bw/so/no/yes/d/552/nc/U,0.89
bw/so/no/no/d/540/nc/U,bo/st/no/no/d/760/nc/A,0.56
bw/so/no/no/d/540/nc/U,bw/mu/yes/no/m/162/nc/U,0.49
bw/so/no/no/d/540/nc/U,bo/mu/yes/no/d/734/nc/A,0.49
bw/so/no/no/d/540/nc/U,bw/mu/yes/no/d/733/nc/A,0.49
bw/so/no/no/d/540/nc/U,bw/st/yes/yes/m/198/nc/U,0.46
bw/so/no/no/d/540/nc/U,bw/so/no/no/d/761/nc/A,1.0
bw/so/no/no/d/540/nc/U,bo/st/no/no/m/766/nc/A,0.56
bw/so/no/no/d/540/nc/U,bw/st/no/no/d/759/nc/A,0.43
bw/so/no/no/d/540/nc/U,bo/so/no/yes/d/750/nc/A,0.38
bw/so/no/no/d/540/nc/U,bw/mu/no/no/d/757/nc/A,0.49
bw/so/no/no/d/540/nc/U,bo/so/no/no/m/768/nc/A,0.42
bw/so/no/no/d/540/nc/U,bo/so/yes/yes/m/732/nc/A,0.61
bw/so/no/no/d/540/nc/U,bw/st/yes/no/d/735/nc/A,0.42
bw/so/no/no/d/540/nc/U,bw/st/yes/yes/d/486/nc/U,0.46
bw/so/no/no/d/540/nc/U,bw/mu/no/no/d/444/nc/U,0.49
bw/so/no/no/d/540/nc/U,bw/so/yes/yes/m/246/nc/U,0.8
bw/so/no/no/d/540/nc/U,bo/so/yes/yes/m/270/nc/U,0.61
bw/so/no/no/d/540/nc/U,bo/mu/no/yes/d/480/nc/U,0.49
bw/so/no/no/d/540/nc/U,bo/mu/yes/no/d/474/nc/U,0.49
bw/so/no/no/d/540/nc/U,bo/st/yes/yes/m/222/nc/U,0.55
bw/so/no/no/d/540/nc/U,bo/so/yes/no/m/282/nc/U,0.66
bw/so/no/no/d/540/nc/U,bo/so/no/no/m/276/nc/U,0.42
bw/so/no/no/d/540/nc/U,bo/st/no/yes/m/240/nc/U,0.55
bw/so/no/no/d/540/nc/U,bw/st/no/no/m/204/nc/U,0.43
bw/so/no/no/d/540/nc/U,bo/mu/yes/yes/d/462/nc/U,0.49
bw/so/no/no/d/540/nc/U,bo/st/yes/no/m/234/nc/U,0.55
bw/so/no/no/d/540/nc/U,bw/st/yes/no/d/498/nc/U,0.42
bw/so/no/no/d/540/nc/U,bw/mu/yes/yes/d/438/nc/U,0.49
bw/so/no/no/d/540/nc/U,bw/so/yes/no/m/258/nc/U,0.86
bw/so/no/no/d/540/nc/U,bw/so/no/yes/d/749/nc/A,0.89
bw/so/no/no/d/540/nc/U,bo/mu/yes/no/m/740/nc/A,0.49
bw/so/no/no/d/540/nc/U,bw/st/no/yes/d/747/nc/A,0.47
bw/so/no/no/d/540/nc/U,bo/mu/no/no/m/180/nc/U,0.49
bw/so/no/no/d/540/nc/U,bo/mu/yes/yes/m/174/nc/U,0.49
bw/so/no/no/d/540/nc/U,bo/st/yes/yes/d/510/nc/U,0.55
bw/so/no/no/d/540/nc/U,bo/mu/yes/yes/d/722/nc/A,0.49
bw/so/no/no/d/540/nc/U,bw/so/yes/yes/d/725/nc/A,0.8
bw/so/no/no/d/540/nc/U,bo/st/no/yes/d/528/nc/U,0.55
bw/so/no/no/d/540/nc/U,bo/mu/no/yes/d/746/nc/A,0.49
bw/so/no/no/d/540/nc/U,bw/st/yes/no/m/741/nc/A,0.42
bw/so/no/no/d/540/nc/U,bo/st/no/yes/d/748/nc/A,0.55
bw/so/no/no/d/540/nc/U,bo/mu/yes/no/m/186/nc/U,0.49
bw/so/no/no/d/540/nc/U,bo/st/no/no/d/516/nc/U,0.56
bw/so/no/no/d/540/nc/U,bo/st/yes/yes/d/724/nc/A,0.55
bw/so/no/no/d/540/nc/U,bw/st/yes/yes/d/723/nc/A,0.46
bw/so/no/no/d/540/nc/U,bo/mu/no/yes/m/192/nc/U,0.49
bw/so/no/no/d/540/nc/U,bo/st/yes/yes/m/730/nc/A,0.55
bw/so/no/no/d/540/nc/U,bw/so/yes/no/d/737/nc/A,0.86
bw/so/no/no/d/540/nc/U,bw/mu/no/yes/m/168/nc/U,0.49
bw/so/no/no/d/540/nc/U,bw/mu/yes/no/m/739/nc/A,0.49
bw/so/no/no/d/540/nc/U,bw/mu/yes/yes/m/150/nc/U,0.49
bw/so/no/no/d/540/nc/U,bw/so/yes/yes/d/534/nc/U,0.8
bw/so/no/no/d/540/nc/U,bo/mu/no/yes/m/752/nc/A,0.49
bw/so/no/no/d/540/nc/U,bw/so/no/yes/m/755/nc/A,0.89
bw/so/no/no/d/540/nc/U,bo/so/yes/yes/d/558/nc/U,0.61
bw/so/no/no/d/540/nc/U,bw/mu/no/no/m/763/nc/A,0.49
bw/so/no/no/d/540/nc/U,bo/mu/no/no/m/764/nc/A,0.49
bw/so/no/no/d/540/nc/U,bo/so/yes/no/d/738/nc/A,0.66
bw/so/no/no/d/540/nc/U,bw/mu/no/no/m/156/nc/U,0.49
bw/so/no/no/d/540/nc/U,bo/st/yes/no/d/736/nc/A,0.55
bw/so/no/no/d/540/nc/U,bw/st/no/yes/d/504/nc/U,0.47
bw/so/no/no/d/540/nc/U,bw/so/yes/yes/m/731/nc/A,0.8
bw/so/no/no/d/540/nc/U,bw/st/no/no/m/765/nc/A,0.43
bw/so/no/no/d/540/nc/U,bo/so/no/no/d/762/nc/A,0.42
bw/so/no/no/d/540/nc/U,bo/st/no/yes/m/754/nc/A,0.55
bw/so/no/no/d/540/nc/U,bw/st/no/yes/m/753/nc/A,0.47
bw/so/no/no/d/540/nc/U,bw/st/no/yes/m/216/nc/U,0.47
bw/so/no/no/d/540/nc/U,bo/so/no/yes/m/288/nc/U,0.38
bw/so/no/no/d/540/nc/U,bw/st/yes/no/m/210/nc/U,0.42
bw/so/no/no/d/540/nc/U,bo/st/no/no/m/228/nc/U,0.56
bo/so/yes/no/m/744/nc/A,bw/mu/no/yes/d/456/nc/U,0.5
bo/so/yes/no/m/744/nc/A,bw/so/no/no/m/252/nc/U,0.66
bo/so/yes/no/m/744/nc/A,bw/so/no/yes/m/264/nc/U,0.61
bo/so/yes/no/m/744/nc/A,bw/st/no/no/d/492/nc/U,0.41
bo/so/yes/no/m/744/nc/A,bw/mu/yes/no/d/450/nc/U,0.49
bo/so/yes/no/m/744/nc/A,bo/mu/no/no/d/468/nc/U,0.51
bo/so/yes/no/m/744/nc/A,bo/mu/yes/yes/m/728/nc/A,0.52
bo/so/yes/no/m/744/nc/A,bo/st/yes/no/d/522/nc/U,0.61
bo/so/yes/no/m/744/nc/A,bo/so/yes/yes/d/726/nc/A,0.87
bo/so/yes/no/m/744/nc/A,bw/mu/yes/yes/d/721/nc/A,0.5
bo/so/yes/no/m/744/nc/A,bw/so/no/no/d/540/nc/U,0.66
bo/so/yes/no/m/744/nc/A,bo/so/yes/no/m/744/nc/A,1.0
bo/so/yes/no/m/744/nc/A,bo/so/no/yes/d/576/nc/U,0.45
bo/so/yes/no/m/744/nc/A,bw/so/yes/no/m/743/nc/A,0.69
bo/so/yes/no/m/744/nc/A,bw/mu/yes/yes/m/727/nc/A,0.5
bo/so/yes/no/m/744/nc/A,bw/st/yes/yes/m/729/nc/A,0.44
bo/so/yes/no/m/744/nc/A,bo/st/yes/no/m/742/nc/A,0.61
bo/so/yes/no/m/744/nc/A,bo/so/yes/no/d/570/nc/U,1.0
bo/so/yes/no/m/744/nc/A,bw/mu/no/yes/d/745/nc/A,0.5
bo/so/yes/no/m/744/nc/A,bw/so/yes/no/d/546/nc/U,0.69
bo/so/yes/no/m/744/nc/A,bo/so/no/no/d/564/nc/U,0.53
bo/so/yes/no/m/744/nc/A,bo/so/no/yes/m/756/nc/A,0.45
bo/so/yes/no/m/744/nc/A,bw/mu/no/yes/m/751/nc/A,0.5
bo/so/yes/no/m/744/nc/A,bw/so/no/no/m/767/nc/A,0.66
bo/so/yes/no/m/744/nc/A,bo/mu/no/no/d/758/nc/A,0.51
bo/so/yes/no/m/744/nc/A,bw/so/no/yes/d/552/nc/U,0.61
bo/so/yes/no/m/744/nc/A,bo/st/no/no/d/760/nc/A,0.59
bo/so/yes/no/m/744/nc/A,bw/mu/yes/no/m/162/nc/U,0.49
bo/so/yes/no/m/744/nc/A,bo/mu/yes/no/d/734/nc/A,0.51
bo/so/yes/no/m/744/nc/A,bw/mu/yes/no/d/733/nc/A,0.49
bo/so/yes/no/m/744/nc/A,bw/st/yes/yes/m/198/nc/U,0.44
bo/so/yes/no/m/744/nc/A,bw/so/no/no/d/761/nc/A,0.66
bo/so/yes/no/m/744/nc/A,bo/st/no/no/m/766/nc/A,0.59
bo/so/yes/no/m/744/nc/A,bw/st/no/no/d/759/nc/A,0.41
bo/so/yes/no/m/744/nc/A,bo/so/no/yes/d/750/nc/A,0.45
bo/so/yes/no/m/744/nc/A,bw/mu/no/no/d/757/nc/A,0.49
bo/so/yes/no/m/744/nc/A,bo/so/no/no/m/768/nc/A,0.53
bo/so/yes/no/m/744/nc/A,bo/so/yes/yes/m/732/nc/A,0.87
bo/so/yes/no/m/744/nc/A,bw/st/yes/no/d/735/nc/A,0.41
bo/so/yes/no/m/744/nc/A,bw/st/yes/yes/d/486/nc/U,0.44
bo/so/yes/no/m/744/nc/A,bw/mu/no/no/d/444/nc/U,0.49
bo/so/yes/no/m/744/nc/A,bw/so/yes/yes/m/246/nc/U,0.63
bo/so/yes/no/m/744/nc/A,bo/so/yes/yes/m/270/nc/U,0.87
bo/so/yes/no/m/744/nc/A,bo/mu/no/yes/d/480/nc/U,0.51
bo/so/yes/no/m/744/nc/A,bo/mu/yes/no/d/474/nc/U,0.51
bo/so/yes/no/m/744/nc/A,bo/st/yes/yes/m/222/nc/U,0.6
bo/so/yes/no/m/744/nc/A,bo/so/yes/no/m/282/nc/U,1.0
bo/so/yes/no/m/744/nc/A,bo/so/no/no/m/276/nc/U,0.53
bo/so/yes/no/m/744/nc/A,bo/st/no/yes/m/240/nc/U,0.57
bo/so/yes/no/m/744/nc/A,bw/st/no/no/m/204/nc/U,0.41
bo/so/yes/no/m/744/nc/A,bo/mu/yes/yes/d/462/nc/U,0.52
bo/so/yes/no/m/744/nc/A,bo/st/yes/no/m/234/nc/U,0.61
bo/so/yes/no/m/744/nc/A,bw/st/yes/no/d/498/nc/U,0.41
bo/so/yes/no/m/744/nc/A,bw/mu/yes/yes/d/438/nc/U,0.5
bo/so/yes/no/m/744/nc/A,bw/so/yes/no/m/258/nc/U,0.69
bo/so/yes/no/m/744/nc/A,bw/so/no/yes/d/749/nc/A,0.61
bo/so/yes/no/m/744/nc/A,bo/mu/yes/no/m/740/nc/A,0.51
bo/so/yes/no/m/744/nc/A,bw/st/no/yes/d/747/nc/A,0.45
bo/so/yes/no/m/744/nc/A,bo/mu/no/no/m/180/nc/U,0.51
bo/so/yes/no/m/744/nc/A,bo/mu/yes/yes/m/174/nc/U,0.52
bo/so/yes/no/m/744/nc/A,bo/st/yes/yes/d/510/nc/U,0.6
bo/so/yes/no/m/744/nc/A,bo/mu/yes/yes/d/722/nc/A,0.52
bo/so/yes/no/m/744/nc/A,bw/so/yes/yes/d/725/nc/A,0.63
bo/so/yes/no/m/744/nc/A,bo/st/no/yes/d/528/nc/U,0.57
bo/so/yes/no/m/744/nc/A,bo/mu/no/yes/d/746/nc/A,0.51
bo/so/yes/no/m/744/nc/A,bw/st/yes/no/m/741/nc/A,0.41
bo/so/yes/no/m/744/nc/A,bo/st/no/yes/d/748/nc/A,0.57
bo/so/yes/no/m/744/nc/A,bo/mu/yes/no/m/186/nc/U,0.51
bo/so/yes/no/m/744/nc/A,bo/st/no/no/d/516/nc/U,0.59
bo/so/yes/no/m/744/nc/A,bo/st/yes/yes/d/724/nc/A,0.6
bo/so/yes/no/m/744/nc/A,bw/st/yes/yes/d/723/nc/A,0.44
bo/so/yes/no/m/744/nc/A,bo/mu/no/yes/m/192/nc/U,0.51
bo/so/yes/no/m/744/nc/A,bo/st/yes/yes/m/730/nc/A,0.6
bo/so/yes/no/m/744/nc/A,bw/so/yes/no/d/737/nc/A,0.69
bo/so/yes/no/m/744/nc/A,bw/mu/no/yes/m/168/nc/U,0.5
bo/so/yes/no/m/744/nc/A,bw/mu/yes/no/m/739/nc/A,0.49
bo/so/yes/no/m/744/nc/A,bw/mu/yes/yes/m/150/nc/U,0.5
bo/so/yes/no/m/744/nc/A,bw/so/yes/yes/d/534/nc/U,0.63
bo/so/yes/no/m/744/nc/A,bo/mu/no/yes/m/752/nc/A,0.51
bo/so/yes/no/m/744/nc/A,bw/so/no/yes/m/755/nc/A,0.61
bo/so/yes/no/m/744/nc/A,bo/so/yes/yes/d/558/nc/U,0.87
bo/so/yes/no/m/744/nc/A,bw/mu/no/no/m/763/nc/A,0.49
bo/so/yes/no/m/744/nc/A,bo/mu/no/no/m/764/nc/A,0.51
bo/so/yes/no/m/744/nc/A,bo/so/yes/no/d/738/nc/A,1.0
bo/so/yes/no/m/744/nc/A,bw/mu/no/no/m/156/nc/U,0.49
bo/so/yes/no/m/744/nc/A,bo/st/yes/no/d/736/nc/A,0.61
bo/so/yes/no/m/744/nc/A,bw/st/no/yes/d/504/nc/U,0.45
bo/so/yes/no/m/744/nc/A,bw/so/yes/yes/m/731/nc/A,0.63
bo/so/yes/no/m/744/nc/A,bw/st/no/no/m/765/nc/A,0.41
bo/so/yes/no/m/744/nc/A,bo/so/no/no/d/762/nc/A,0.53
bo/so/yes/no/m/744/nc/A,bo/st/no/yes/m/754/nc/A,0.57
bo/so/yes/no/m/744/nc/A,bw/st/no/yes/m/753/nc/A,0.45
bo/so/yes/no/m/744/nc/A,bw/st/no/yes/m/216/nc/U,0.45
bo/so/yes/no/m/744/nc/A,bo/so/no/yes/m/288/nc/U,0.45
bo/so/yes/no/m/744/nc/A,bw/st/yes/no/m/210/nc/U,0.41
bo/so/yes/no/m/744/nc/A,bo/st/no/no/m/228/nc/U,0.59
bo/so/no/yes/d/576/nc/U,bw/mu/no/yes/d/456/nc/U,0.34
bo/so/no/yes/d/576/nc/U,bw/so/no/no/m/252/nc/U,0.38
bo/so/no/yes/d/576/nc/U,bw/so/no/yes/m/264/nc/U,0.38
bo/so/no/yes/d/576/nc/U,bw/st/no/no/d/492/nc/U,0.25
bo/so/no/yes/d/576/nc/U,bw/mu/yes/no/d/450/nc/U,0.34
bo/so/no/yes/d/576/nc/U,bo/mu/no/no/d/468/nc/U,0.36
bo/so/no/yes/d/576/nc/U,bo/mu/yes/yes/m/728/nc/A,0.36
bo/so/no/yes/d/576/nc/U,bo/st/yes/no/d/522/nc/U,0.38
bo/so/no/yes/d/576/nc/U,bo/so/yes/yes/d/726/nc/A,0.48
bo/so/no/yes/d/576/nc/U,bw/mu/yes/yes/d/721/nc/A,0.34
bo/so/no/yes/d/576/nc/U,bw/so/no/no/d/540/nc/U,0.38
bo/so/no/yes/d/576/nc/U,bo/so/yes/no/m/744/nc/A,0.45
bo/so/no/yes/d/576/nc/U,bo/so/no/yes/d/576/nc/U,1.0
bo/so/no/yes/d/576/nc/U,bw/so/yes/no/m/743/nc/A,0.37
bo/so/no/yes/d/576/nc/U,bw/mu/yes/yes/m/727/nc/A,0.34
bo/so/no/yes/d/576/nc/U,bw/st/yes/yes/m/729/nc/A,0.27
bo/so/no/yes/d/576/nc/U,bo/st/yes/no/m/742/nc/A,0.38
bo/so/no/yes/d/576/nc/U,bo/so/yes/no/d/570/nc/U,0.45
bo/so/no/yes/d/576/nc/U,bw/mu/no/yes/d/745/nc/A,0.34
bo/so/no/yes/d/576/nc/U,bw/so/yes/no/d/546/nc/U,0.37
bo/so/no/yes/d/576/nc/U,bo/so/no/no/d/564/nc/U,0.79
bo/so/no/yes/d/576/nc/U,bo/so/no/yes/m/756/nc/A,1.0
bo/so/no/yes/d/576/nc/U,bw/mu/no/yes/m/751/nc/A,0.34
bo/so/no/yes/d/576/nc/U,bw/so/no/no/m/767/nc/A,0.38
bo/so/no/yes/d/576/nc/U,bo/mu/no/no/d/758/nc/A,0.36
bo/so/no/yes/d/576/nc/U,bw/so/no/yes/d/552/nc/U,0.38
bo/so/no/yes/d/576/nc/U,bo/st/no/no/d/760/nc/A,0.4
bo/so/no/yes/d/576/nc/U,bw/mu/yes/no/m/162/nc/U,0.34
bo/so/no/yes/d/576/nc/U,bo/mu/yes/no/d/734/nc/A,0.36
bo/so/no/yes/d/576/nc/U,bw/mu/yes/no/d/733/nc/A,0.34
bo/so/no/yes/d/576/nc/U,bw/st/yes/yes/m/198/nc/U,0.27
bo/so/no/yes/d/576/nc/U,bw/so/no/no/d/761/nc/A,0.38
bo/so/no/yes/d/576/nc/U,bo/st/no/no/m/766/nc/A,0.4
bo/so/no/yes/d/576/nc/U,bw/st/no/no/d/759/nc/A,0.25
bo/so/no/yes/d/576/nc/U,bo/so/no/yes/d/750/nc/A,1.0
bo/so/no/yes/d/576/nc/U,bw/mu/no/no/d/757/nc/A,0.34
bo/so/no/yes/d/576/nc/U,bo/so/no/no/m/768/nc/A,0.79
bo/so/no/yes/d/576/nc/U,bo/so/yes/yes/m/732/nc/A,0.48
bo/so/no/yes/d/576/nc/U,bw/st/yes/no/d/735/nc/A,0.25
bo/so/no/yes/d/576/nc/U,bw/st/yes/yes/d/486/nc/U,0.27
bo/so/no/yes/d/576/nc/U,bw/mu/no/no/d/444/nc/U,0.34
bo/so/no/yes/d/576/nc/U,bw/so/yes/yes/m/246/nc/U,0.38
bo/so/no/yes/d/576/nc/U,bo/so/yes/yes/m/270/nc/U,0.48
bo/so/no/yes/d/576/nc/U,bo/mu/no/yes/d/480/nc/U,0.36
bo/so/no/yes/d/576/nc/U,bo/mu/yes/no/d/474/nc/U,0.36
bo/so/no/yes/d/576/nc/U,bo/st/yes/yes/m/222/nc/U,0.38
bo/so/no/yes/d/576/nc/U,bo/so/yes/no/m/282/nc/U,0.45
bo/so/no/yes/d/576/nc/U,bo/so/no/no/m/276/nc/U,0.79
bo/so/no/yes/d/576/nc/U,bo/st/no/yes/m/240/nc/U,0.4
bo/so/no/yes/d/576/nc/U,bw/st/no/no/m/204/nc/U,0.25
bo/so/no/yes/d/576/nc/U,bo/mu/yes/yes/d/462/nc/U,0.36
bo/so/no/yes/d/576/nc/U,bo/st/yes/no/m/234/nc/U,0.38
bo/so/no/yes/d/576/nc/U,bw/st/yes/no/d/498/nc/U,0.25
bo/so/no/yes/d/576/nc/U,bw/mu/yes/yes/d/438/nc/U,0.34
bo/so/no/yes/d/576/nc/U,bw/so/yes/no/m/258/nc/U,0.37
bo/so/no/yes/d/576/nc/U,bw/so/no/yes/d/749/nc/A,0.38
bo/so/no/yes/d/576/nc/U,bo/mu/yes/no/m/740/nc/A,0.36
bo/so/no/yes/d/576/nc/U,bw/st/no/yes/d/747/nc/A,0.28
bo/so/no/yes/d/576/nc/U,bo/mu/no/no/m/180/nc/U,0.36
bo/so/no/yes/d/576/nc/U,bo/mu/yes/yes/m/174/nc/U,0.36
bo/so/no/yes/d/576/nc/U,bo/st/yes/yes/d/510/nc/U,0.38
bo/so/no/yes/d/576/nc/U,bo/mu/yes/yes/d/722/nc/A,0.36
bo/so/no/yes/d/576/nc/U,bw/so/yes/yes/d/725/nc/A,0.38
bo/so/no/yes/d/576/nc/U,bo/st/no/yes/d/528/nc/U,0.4
bo/so/no/yes/d/576/nc/U,bo/mu/no/yes/d/746/nc/A,0.36
bo/so/no/yes/d/576/nc/U,bw/st/yes/no/m/741/nc/A,0.25
bo/so/no/yes/d/576/nc/U,bo/st/no/yes/d/748/nc/A,0.4
bo/so/no/yes/d/576/nc/U,bo/mu/yes/no/m/186/nc/U,0.36
bo/so/no/yes/d/576/nc/U,bo/st/no/no/d/516/nc/U,0.4
bo/so/no/yes/d/576/nc/U,bo/st/yes/yes/d/724/nc/A,0.38
bo/so/no/yes/d/576/nc/U,bw/st/yes/yes/d/723/nc/A,0.27
bo/so/no/yes/d/576/nc/U,bo/mu/no/yes/m/192/nc/U,0.36
bo/so/no/yes/d/576/nc/U,bo/st/yes/yes/m/730/nc/A,0.38
bo/so/no/yes/d/576/nc/U,bw/so/yes/no/d/737/nc/A,0.37
bo/so/no/yes/d/576/nc/U,bw/mu/no/yes/m/168/nc/U,0.34
bo/so/no/yes/d/576/nc/U,bw/mu/yes/no/m/739/nc/A,0.34
bo/so/no/yes/d/576/nc/U,bw/mu/yes/yes/m/150/nc/U,0.34
bo/so/no/yes/d/576/nc/U,bw/so/yes/yes/d/534/nc/U,0.38
bo/so/no/yes/d/576/nc/U,bo/mu/no/yes/m/752/nc/A,0.36
bo/so/no/yes/d/576/nc/U,bw/so/no/yes/m/755/nc/A,0.38
bo/so/no/yes/d/576/nc/U,bo/so/yes/yes/d/558/nc/U,0.48
bo/so/no/yes/d/576/nc/U,bw/mu/no/no/m/763/nc/A,0.34
bo/so/no/yes/d/576/nc/U,bo/mu/no/no/m/764/nc/A,0.36
bo/so/no/yes/d/576/nc/U,bo/so/yes/no/d/738/nc/A,0.45
bo/so/no/yes/d/576/nc/U,bw/mu/no/no/m/156/nc/U,0.34
bo/so/no/yes/d/576/nc/U,bo/st/yes/no/d/736/nc/A,0.38
bo/so/no/yes/d/576/nc/U,bw/st/no/yes/d/504/nc/U,0.28
bo/so/no/yes/d/576/nc/U,bw/so/yes/yes/m/731/nc/A,0.38
bo/so/no/yes/d/576/nc/U,bw/st/no/no/m/765/nc/A,0.25
bo/so/no/yes/d/576/nc/U,bo/so/no/no/d/762/nc/A,0.79
bo/so/no/yes/d/576/nc/U,bo/st/no/yes/m/754/nc/A,0.4
bo/so/no/yes/d/576/nc/U,bw/st/no/yes/m/753/nc/A,0.28
bo/so/no/yes/d/576/nc/U,bw/st/no/yes/m/216/nc/U,0.28
bo/so/no/yes/d/576/nc/U,bo/so/no/yes/m/288/nc/U,1.0
bo/so/no/yes/d/576/nc/U,bw/st/yes/no/m/210/nc/U,0.25
bo/so/no/yes/d/576/nc/U,bo/st/no/no/m/228/nc/U,0.4
bw/so/yes/no/m/743/nc/A,bw/mu/no/yes/d/456/nc/U,0.48
bw/so/yes/no/m/743/nc/A,bw/so/no/no/m/252/nc/U,0.86
bw/so/yes/no/m/743/nc/A,bw/so/no/yes/m/264/nc/U,0.79
bw/so/yes/no/m/743/nc/A,bw/st/no/no/d/492/nc/U,0.42
bw/so/yes/no/m/743/nc/A,bw/mu/yes/no/d/450/nc/U,0.48
bw/so/yes/no/m/743/nc/A,bo/mu/no/no/d/468/nc/U,0.48
bw/so/yes/no/m/743/nc/A,bo/mu/yes/yes/m/728/nc/A,0.48
bw/so/yes/no/m/743/nc/A,bo/st/yes/no/d/522/nc/U,0.55
bw/so/yes/no/m/743/nc/A,bo/so/yes/yes/d/726/nc/A,0.62
bw/so/yes/no/m/743/nc/A,bw/mu/yes/yes/d/721/nc/A,0.48
bw/so/yes/no/m/743/nc/A,bw/so/no/no/d/540/nc/U,0.86
bw/so/yes/no/m/743/nc/A,bo/so/yes/no/m/744/nc/A,0.69
bw/so/yes/no/m/743/nc/A,bo/so/no/yes/d/576/nc/U,0.37
bw/so/yes/no/m/743/nc/A,bw/so/yes/no/m/743/nc/A,1.0
bw/so/yes/no/m/743/nc/A,bw/mu/yes/yes/m/727/nc/A,0.48
bw/so/yes/no/m/743/nc/A,bw/st/yes/yes/m/729/nc/A,0.46
bw/so/yes/no/m/743/nc/A,bo/st/yes/no/m/742/nc/A,0.55
bw/so/yes/no/m/743/nc/A,bo/so/yes/no/d/570/nc/U,0.69
bw/so/yes/no/m/743/nc/A,bw/mu/no/yes/d/745/nc/A,0.48
bw/so/yes/no/m/743/nc/A,bw/so/yes/no/d/546/nc/U,1.0
bw/so/yes/no/m/743/nc/A,bo/so/no/no/d/564/nc/U,0.41
bw/so/yes/no/m/743/nc/A,bo/so/no/yes/m/756/nc/A,0.37
bw/so/yes/no/m/743/nc/A,bw/mu/no/yes/m/751/nc/A,0.48
bw/so/yes/no/m/743/nc/A,bw/so/no/no/m/767/nc/A,0.86
bw/so/yes/no/m/743/nc/A,bo/mu/no/no/d/758/nc/A,0.48
bw/so/yes/no/m/743/nc/A,bw/so/no/yes/d/552/nc/U,0.79
bw/so/yes/no/m/743/nc/A,bo/st/no/no/d/760/nc/A,0.54
bw/so/yes/no/m/743/nc/A,bw/mu/yes/no/m/162/nc/U,0.48
bw/so/yes/no/m/743/nc/A,bo/mu/yes/no/d/734/nc/A,0.48
bw/so/yes/no/m/743/nc/A,bw/mu/yes/no/d/733/nc/A,0.48
bw/so/yes/no/m/743/nc/A,bw/st/yes/yes/m/198/nc/U,0.46
bw/so/yes/no/m/743/nc/A,bw/so/no/no/d/761/nc/A,0.86
bw/so/yes/no/m/743/nc/A,bo/st/no/no/m/766/nc/A,0.54
bw/so/yes/no/m/743/nc/A,bw/st/no/no/d/759/nc/A,0.42
bw/so/yes/no/m/743/nc/A,bo/so/no/yes/d/750/nc/A,0.37
bw/so/yes/no/m/743/nc/A,bw/mu/no/no/d/757/nc/A,0.48
bw/so/yes/no/m/743/nc/A,bo/so/no/no/m/768/nc/A,0.41
bw/so/yes/no/m/743/nc/A,bo/so/yes/yes/m/732/nc/A,0.62
bw/so/yes/no/m/743/nc/A,bw/st/yes/no/d/735/nc/A,0.43
bw/so/yes/no/m/743/nc/A,bw/st/yes/yes/d/486/nc/U,0.46
bw/so/yes/no/m/743/nc/A,bw/mu/no/no/d/444/nc/U,0.48
bw/so/yes/no/m/743/nc/A,bw/so/yes/yes/m/246/nc/U,0.88
bw/so/yes/no/m/743/nc/A,bo/so/yes/yes/m/270/nc/U,0.62
bw/so/yes/no/m/743/nc/A,bo/mu/no/yes/d/480/nc/U,0.48
bw/so/yes/no/m/743/nc/A,bo/mu/yes/no/d/474/nc/U,0.48
bw/so/yes/no/m/743/nc/A,bo/st/yes/yes/m/222/nc/U,0.55
bw/so/yes/no/m/743/nc/A,bo/so/yes/no/m/282/nc/U,0.69
bw/so/yes/no/m/743/nc/A,bo/so/no/no/m/276/nc/U,0.41
bw/so/yes/no/m/743/nc/A,bo/st/no/yes/m/240/nc/U,0.54
bw/so/yes/no/m/743/nc/A,bw/st/no/no/m/204/nc/U,0.42
bw/so/yes/no/m/743/nc/A,bo/mu/yes/yes/d/462/nc/U,0.48
bw/so/yes/no/m/743/nc/A,bo/st/yes/no/m/234/nc/U,0.55
bw/so/yes/no/m/743/nc/A,bw/st/yes/no/d/498/nc/U,0.43
bw/so/yes/no/m/743/nc/A,bw/mu/yes/yes/d/438/nc/U,0.48
bw/so/yes/no/m/743/nc/A,bw/so/yes/no/m/258/nc/U,1.0
bw/so/yes/no/m/743/nc/A,bw/so/no/yes/d/749/nc/A,0.79
bw/so/yes/no/m/743/nc/A,bo/mu/yes/no/m/740/nc/A,0.48
bw/so/yes/no/m/743/nc/A,bw/st/no/yes/d/747/nc/A,0.46
bw/so/yes/no/m/743/nc/A,bo/mu/no/no/m/180/nc/U,0.48
bw/so/yes/no/m/743/nc/A,bo/mu/yes/yes/m/174/nc/U,0.48
bw/so/yes/no/m/743/nc/A,bo/st/yes/yes/d/510/nc/U,0.55
bw/so/yes/no/m/743/nc/A,bo/mu/yes/yes/d/722/nc/A,0.48
bw/so/yes/no/m/743/nc/A,bw/so/yes/yes/d/725/nc/A,0.88
bw/so/yes/no/m/743/nc/A,bo/st/no/yes/d/528/nc/U,0.54
bw/so/yes/no/m/743/nc/A,bo/mu/no/yes/d/746/nc/A,0.48
bw/so/yes/no/m/743/nc/A,bw/st/yes/no/m/741/nc/A,0.43
bw/so/yes/no/m/743/nc/A,bo/st/no/yes/d/748/nc/A,0.54
bw/so/yes/no/m/743/nc/A,bo/mu/yes/no/m/186/nc/U,0.48
bw/so/yes/no/m/743/nc/A,bo/st/no/no/d/516/nc/U,0.54
bw/so/yes/no/m/743/nc/A,bo/st/yes/yes/d/724/nc/A,0.55
bw/so/yes/no/m/743/nc/A,bw/st/yes/yes/d/723/nc/A,0.46
bw/so/yes/no/m/743/nc/A,bo/mu/no/yes/m/192/nc/U,0.48
bw/so/yes/no/m/743/nc/A,bo/st/yes/yes/m/730/nc/A,0.55
bw/so/yes/no/m/743/nc/A,bw/so/yes/no/d/737/nc/A,1.0
bw/so/yes/no/m/743/nc/A,bw/mu/no/yes/m/168/nc/U,0.48
bw/so/yes/no/m/743/nc/A,bw/mu/yes/no/m/739/nc/A,0.48
bw/so/yes/no/m/743/nc/A,bw/mu/yes/yes/m/150/nc/U,0.48
bw/so/yes/no/m/743/nc/A,bw/so/yes/yes/d/534/nc/U,0.88
bw/so/yes/no/m/743/nc/A,bo/mu/no/yes/m/752/nc/A,0.48
bw/so/yes/no/m/743/nc/A,bw/so/no/yes/m/755/nc/A,0.79
bw/so/yes/no/m/743/nc/A,bo/so/yes/yes/d/558/nc/U,0.62
bw/so/yes/no/m/743/nc/A,bw/mu/no/no/m/763/nc/A,0.48
bw/so/yes/no/m/743/nc/A,bo/mu/no/no/m/764/nc/A,0.48
bw/so/yes/no/m/743/nc/A,bo/so/yes/no/d/738/nc/A,0.69
bw/so/yes/no/m/743/nc/A,bw/mu/no/no/m/156/nc/U,0.48
bw/so/yes/no/m/743/nc/A,bo/st/yes/no/d/736/nc/A,0.55
bw/so/yes/no/m/743/nc/A,bw/st/no/yes/d/504/nc/U,0.46
bw/so/yes/no/m/743/nc/A,bw/so/yes/yes/m/731/nc/A,0.88
bw/so/yes/no/m/743/nc/A,bw/st/no/no/m/765/nc/A,0.42
bw/so/yes/no/m/743/nc/A,bo/so/no/no/d/762/nc/A,0.41
bw/so/yes/no/m/743/nc/A,bo/st/no/yes/m/754/nc/A,0.54
bw/so/yes/no/m/743/nc/A,bw/st/no/yes/m/753/nc/A,0.46
bw/so/yes/no/m/743/nc/A,bw/st/no/yes/m/216/nc/U,0.46
bw/so/yes/no/m/743/nc/A,bo/so/no/yes/m/288/nc/U,0.37
bw/so/yes/no/m/743/nc/A,bw/st/yes/no/m/210/nc/U,0.43
bw/so/yes/no/m/743/nc/A,bo/st/no/no/m/228/nc/U,0.54
bw/mu/yes/yes/m/727/nc/A,bw/mu/no/yes/d/456/nc/U,0.97
bw/mu/yes/yes/m/727/nc/A,bw/so/no/no/m/252/nc/U,0.49
bw/mu/yes/yes/m/727/nc/A,bw/so/no/yes/m/264/nc/U,0.5
bw/mu/yes/yes/m/727/nc/A,bw/st/no/no/d/492/nc/U,0.53
bw/mu/yes/yes/m/727/nc/A,bw/mu/yes/no/d/450/nc/U,0.96
bw/mu/yes/yes/m/727/nc/A,bo/mu/no/no/d/468/nc/U,0.87
bw/mu/yes/yes/m/727/nc/A,bo/mu/yes/yes/m/728/nc/A,0.92
bw/mu/yes/yes/m/727/nc/A,bo/st/yes/no/d/522/nc/U,0.65
bw/mu/yes/yes/m/727/nc/A,bo/so/yes/yes/d/726/nc/A,0.52
bw/mu/yes/yes/m/727/nc/A,bw/mu/yes/yes/d/721/nc/A,1.0
bw/mu/yes/yes/m/727/nc/A,bw/so/no/no/d/540/nc/U,0.49
bw/mu/yes/yes/m/727/nc/A,bo/so/yes/no/m/744/nc/A,0.5
bw/mu/yes/yes/m/727/nc/A,bo/so/no/yes/d/576/nc/U,0.34
bw/mu/yes/yes/m/727/nc/A,bw/so/yes/no/m/743/nc/A,0.48
bw/mu/yes/yes/m/727/nc/A,bw/mu/yes/yes/m/727/nc/A,1.0
bw/mu/yes/yes/m/727/nc/A,bw/st/yes/yes/m/729/nc/A,0.57
bw/mu/yes/yes/m/727/nc/A,bo/st/yes/no/m/742/nc/A,0.65
bw/mu/yes/yes/m/727/nc/A,bo/so/yes/no/d/570/nc/U,0.5
bw/mu/yes/yes/m/727/nc/A,bw/mu/no/yes/d/745/nc/A,0.97
bw/mu/yes/yes/m/727/nc/A,bw/so/yes/no/d/546/nc/U,0.48
bw/mu/yes/yes/m/727/nc/A,bo/so/no/no/d/564/nc/U,0.33
bw/mu/yes/yes/m/727/nc/A,bo/so/no/yes/m/756/nc/A,0.34
bw/mu/yes/yes/m/727/nc/A,bw/mu/no/yes/m/751/nc/A,0.97
bw/mu/yes/yes/m/727/nc/A,bw/so/no/no/m/767/nc/A,0.49
bw/mu/yes/yes/m/727/nc/A,bo/mu/no/no/d/758/nc/A,0.87
bw/mu/yes/yes/m/727/nc/A,bw/so/no/yes/d/552/nc/U,0.5
bw/mu/yes/yes/m/727/nc/A,bo/st/no/no/d/760/nc/A,0.66
bw/mu/yes/yes/m/727/nc/A,bw/mu/yes/no/m/162/nc/U,0.96
bw/mu/yes/yes/m/727/nc/A,bo/mu/yes/no/d/734/nc/A,0.91
bw/mu/yes/yes/m/727/nc/A,bw/mu/yes/no/d/733/nc/A,0.96
bw/mu/yes/yes/m/727/nc/A,bw/st/yes/yes/m/198/nc/U,0.57
bw/mu/yes/yes/m/727/nc/A,bw/so/no/no/d/761/nc/A,0.49
bw/mu/yes/yes/m/727/nc/A,bo/st/no/no/m/766/nc/A,0.66
bw/mu/yes/yes/m/727/nc/A,bw/st/no/no/d/759/nc/A,0.53
bw/mu/yes/yes/m/727/nc/A,bo/so/no/yes/d/750/nc/A,0.34
bw/mu/yes/yes/m/727/nc/A,bw/mu/no/no/d/757/nc/A,0.94
bw/mu/yes/yes/m/727/nc/A,bo/so/no/no/m/768/nc/A,0.33
bw/mu/yes/yes/m/727/nc/A,bo/so/yes/yes/m/732/nc/A,0.52
bw/mu/yes/yes/m/727/nc/A,bw/st/yes/no/d/735/nc/A,0.52
bw/mu/yes/yes/m/727/nc/A,bw/st/yes/yes/d/486/nc/U,0.57
bw/mu/yes/yes/m/727/nc/A,bw/mu/no/no/d/444/nc/U,0.94
bw/mu/yes/yes/m/727/nc/A,bw/so/yes/yes/m/246/nc/U,0.49
bw/mu/yes/yes/m/727/nc/A,bo/so/yes/yes/m/270/nc/U,0.52
bw/mu/yes/yes/m/727/nc/A,bo/mu/no/yes/d/480/nc/U,0.87
bw/mu/yes/yes/m/727/nc/A,bo/mu/yes/no/d/474/nc/U,0.91
bw/mu/yes/yes/m/727/nc/A,bo/st/yes/yes/m/222/nc/U,0.66
bw/mu/yes/yes/m/727/nc/A,bo/so/yes/no/m/282/nc/U,0.5
bw/mu/yes/yes/m/727/nc/A,bo/so/no/no/m/276/nc/U,0.33
bw/mu/yes/yes/m/727/nc/A,bo/st/no/yes/m/240/nc/U,0.69
bw/mu/yes/yes/m/727/nc/A,bw/st/no/no/m/204/nc/U,0.53
bw/mu/yes/yes/m/727/nc/A,bo/mu/yes/yes/d/462/nc/U,0.92
bw/mu/yes/yes/m/727/nc/A,bo/st/yes/no/m/234/nc/U,0.65
bw/mu/yes/yes/m/727/nc/A,bw/st/yes/no/d/498/nc/U,0.52
bw/mu/yes/yes/m/727/nc/A,bw/mu/yes/yes/d/438/nc/U,1.0
bw/mu/yes/yes/m/727/nc/A,bw/so/yes/no/m/258/nc/U,0.48
bw/mu/yes/yes/m/727/nc/A,bw/so/no/yes/d/749/nc/A,0.5
bw/mu/yes/yes/m/727/nc/A,bo/mu/yes/no/m/740/nc/A,0.91
bw/mu/yes/yes/m/727/nc/A,bw/st/no/yes/d/747/nc/A,0.59
bw/mu/yes/yes/m/727/nc/A,bo/mu/no/no/m/180/nc/U,0.87
bw/mu/yes/yes/m/727/nc/A,bo/mu/yes/yes/m/174/nc/U,0.92
bw/mu/yes/yes/m/727/nc/A,bo/st/yes/yes/d/510/nc/U,0.66
bw/mu/yes/yes/m/727/nc/A,bo/mu/yes/yes/d/722/nc/A,0.92
bw/mu/yes/yes/m/727/nc/A,bw/so/yes/yes/d/725/nc/A,0.49
bw/mu/yes/yes/m/727/nc/A,bo/st/no/yes/d/528/nc/U,0.69
bw/mu/yes/yes/m/727/nc/A,bo/mu/no/yes/d/746/nc/A,0.87
bw/mu/yes/yes/m/727/nc/A,bw/st/yes/no/m/741/nc/A,0.52
bw/mu/yes/yes/m/727/nc/A,bo/st/no/yes/d/748/nc/A,0.69
bw/mu/yes/yes/m/727/nc/A,bo/mu/yes/no/m/186/nc/U,0.91
bw/mu/yes/yes/m/727/nc/A,bo/st/no/no/d/516/nc/U,0.66
bw/mu/yes/yes/m/727/nc/A,bo/st/yes/yes/d/724/nc/A,0.66
bw/mu/yes/yes/m/727/nc/A,bw/st/yes/yes/d/723/nc/A,0.57
bw/mu/yes/yes/m/727/nc/A,bo/mu/no/yes/m/192/nc/U,0.87
bw/mu/yes/yes/m/727/nc/A,bo/st/yes/yes/m/730/nc/A,0.66
bw/mu/yes/yes/m/727/nc/A,bw/so/yes/no/d/737/nc/A,0.48
bw/mu/yes/yes/m/727/nc/A,bw/mu/no/yes/m/168/nc/U,0.97
bw/mu/yes/yes/m/727/nc/A,bw/mu/yes/no/m/739/nc/A,0.96
bw/mu/yes/yes/m/727/nc/A,bw/mu/yes/yes/m/150/nc/U,1.0
bw/mu/yes/yes/m/727/nc/A,bw/so/yes/yes/d/534/nc/U,0.49
bw/mu/yes/yes/m/727/nc/A,bo/mu/no/yes/m/752/nc/A,0.87
bw/mu/yes/yes/m/727/nc/A,bw/so/no/yes/m/755/nc/A,0.5
bw/mu/yes/yes/m/727/nc/A,bo/so/yes/yes/d/558/nc/U,0.52
bw/mu/yes/yes/m/727/nc/A,bw/mu/no/no/m/763/nc/A,0.94
bw/mu/yes/yes/m/727/nc/A,bo/mu/no/no/m/764/nc/A,0.87
bw/mu/yes/yes/m/727/nc/A,bo/so/yes/no/d/738/nc/A,0.5
bw/mu/yes/yes/m/727/nc/A,bw/mu/no/no/m/156/nc/U,0.94
bw/mu/yes/yes/m/727/nc/A,bo/st/yes/no/d/736/nc/A,0.65
bw/mu/yes/yes/m/727/nc/A,bw/st/no/yes/d/504/nc/U,0.59
bw/mu/yes/yes/m/727/nc/A,bw/so/yes/yes/m/731/nc/A,0.49
bw/mu/yes/yes/m/727/nc/A,bw/st/no/no/m/765/nc/A,0.53
bw/mu/yes/yes/m/727/nc/A,bo/so/no/no/d/762/nc/A,0.33
bw/mu/yes/yes/m/727/nc/A,bo/st/no/yes/m/754/nc/A,0.69
bw/mu/yes/yes/m/727/nc/A,bw/st/no/yes/m/753/nc/A,0.59
bw/mu/yes/yes/m/727/nc/A,bw/st/no/yes/m/216/nc/U,0.59
bw/mu/yes/yes/m/727/nc/A,bo/so/no/yes/m/288/nc/U,0.34
bw/mu/yes/yes/m/727/nc/A,bw/st/yes/no/m/210/nc/U,0.52
bw/mu/yes/yes/m/727/nc/A,bo/st/no/no/m/228/nc/U,0.66
bw/st/yes/yes/m/729/nc/A,bw/mu/no/yes/d/456/nc/U,0.57
bw/st/yes/yes/m/729/nc/A,bw/so/no/no/m/252/nc/U,0.46
bw/st/yes/yes/m/729/nc/A,bw/so/no/yes/m/264/nc/U,0.46
bw/st/yes/yes/m/729/nc/A,bw/st/no/no/d/492/nc/U,0.81
bw/st/yes/yes/m/729/nc/A,bw/mu/yes/no/d/450/nc/U,0.57
bw/st/yes/yes/m/729/nc/A,bo/mu/no/no/d/468/nc/U,0.53
bw/st/yes/yes/m/729/nc/A,bo/mu/yes/yes/m/728/nc/A,0.54
bw/st/yes/yes/m/729/nc/A,bo/st/yes/no/d/522/nc/U,0.57
bw/st/yes/yes/m/729/nc/A,bo/so/yes/yes/d/726/nc/A,0.46
bw/st/yes/yes/m/729/nc/A,bw/mu/yes/yes/d/721/nc/A,0.57
bw/st/yes/yes/m/729/nc/A,bw/so/no/no/d/540/nc/U,0.46
bw/st/yes/yes/m/729/nc/A,bo/so/yes/no/m/744/nc/A,0.44
bw/st/yes/yes/m/729/nc/A,bo/so/no/yes/d/576/nc/U,0.27
bw/st/yes/yes/m/729/nc/A,bw/so/yes/no/m/743/nc/A,0.46
bw/st/yes/yes/m/729/nc/A,bw/mu/yes/yes/m/727/nc/A,0.57
bw/st/yes/yes/m/729/nc/A,bw/st/yes/yes/m/729/nc/A,1.0
bw/st/yes/yes/m/729/nc/A,bo/st/yes/no/m/742/nc/A,0.57
bw/st/yes/yes/m/729/nc/A,bo/so/yes/no/d/570/nc/U,0.44
bw/st/yes/yes/m/729/nc/A,bw/mu/no/yes/d/745/nc/A,0.57
bw/st/yes/yes/m/729/nc/A,bw/so/yes/no/d/546/nc/U,0.46
bw/st/yes/yes/m/729/nc/A,bo/so/no/no/d/564/nc/U,0.28
bw/st/yes/yes/m/729/nc/A,bo/so/no/yes/m/756/nc/A,0.27
bw/st/yes/yes/m/729/nc/A,bw/mu/no/yes/m/751/nc/A,0.57
bw/st/yes/yes/m/729/nc/A,bw/so/no/no/m/767/nc/A,0.46
bw/st/yes/yes/m/729/nc/A,bo/mu/no/no/d/758/nc/A,0.53
bw/st/yes/yes/m/729/nc/A,bw/so/no/yes/d/552/nc/U,0.46
bw/st/yes/yes/m/729/nc/A,bo/st/no/no/d/760/nc/A,0.53
bw/st/yes/yes/m/729/nc/A,bw/mu/yes/no/m/162/nc/U,0.57
bw/st/yes/yes/m/729/nc/A,bo/mu/yes/no/d/734/nc/A,0.55
bw/st/yes/yes/m/729/nc/A,bw/mu/yes/no/d/733/nc/A,0.57
bw/st/yes/yes/m/729/nc/A,bw/st/yes/yes/m/198/nc/U,1.0
bw/st/yes/yes/m/729/nc/A,bw/so/no/no/d/761/nc/A,0.46
bw/st/yes/yes/m/729/nc/A,bo/st/no/no/m/766/nc/A,0.53
bw/st/yes/yes/m/729/nc/A,bw/st/no/no/d/759/nc/A,0.81
bw/st/yes/yes/m/729/nc/A,bo/so/no/yes/d/750/nc/A,0.27
bw/st/yes/yes/m/729/nc/A,bw/mu/no/no/d/757/nc/A,0.57
bw/st/yes/yes/m/729/nc/A,bo/so/no/no/m/768/nc/A,0.28
bw/st/yes/yes/m/729/nc/A,bo/so/yes/yes/m/732/nc/A,0.46
bw/st/yes/yes/m/729/nc/A,bw/st/yes/no/d/735/nc/A,0.87
bw/st/yes/yes/m/729/nc/A,bw/st/yes/yes/d/486/nc/U,1.0
bw/st/yes/yes/m/729/nc/A,bw/mu/no/no/d/444/nc/U,0.57
bw/st/yes/yes/m/729/nc/A,bw/so/yes/yes/m/246/nc/U,0.47
bw/st/yes/yes/m/729/nc/A,bo/so/yes/yes/m/270/nc/U,0.46
bw/st/yes/yes/m/729/nc/A,bo/mu/no/yes/d/480/nc/U,0.53
bw/st/yes/yes/m/729/nc/A,bo/mu/yes/no/d/474/nc/U,0.55
bw/st/yes/yes/m/729/nc/A,bo/st/yes/yes/m/222/nc/U,0.56
bw/st/yes/yes/m/729/nc/A,bo/so/yes/no/m/282/nc/U,0.44
bw/st/yes/yes/m/729/nc/A,bo/so/no/no/m/276/nc/U,0.28
bw/st/yes/yes/m/729/nc/A,bo/st/no/yes/m/240/nc/U,0.53
bw/st/yes/yes/m/729/nc/A,bw/st/no/no/m/204/nc/U,0.81
bw/st/yes/yes/m/729/nc/A,bo/mu/yes/yes/d/462/nc/U,0.54
bw/st/yes/yes/m/729/nc/A,bo/st/yes/no/m/234/nc/U,0.57
bw/st/yes/yes/m/729/nc/A,bw/st/yes/no/d/498/nc/U,0.87
bw/st/yes/yes/m/729/nc/A,bw/mu/yes/yes/d/438/nc/U,0.57
bw/st/yes/yes/m/729/nc/A,bw/so/yes/no/m/258/nc/U,0.46
bw/st/yes/yes/m/729/nc/A,bw/so/no/yes/d/749/nc/A,0.46
bw/st/yes/yes/m/729/nc/A,bo/mu/yes/no/m/740/nc/A,0.55
bw/st/yes/yes/m/729/nc/A,bw/st/no/yes/d/747/nc/A,0.89
bw/st/yes/yes/m/729/nc/A,bo/mu/no/no/m/180/nc/U,0.53
bw/st/yes/yes/m/729/nc/A,bo/mu/yes/yes/m/174/nc/U,0.54
bw/st/yes/yes/m/729/nc/A,bo/st/yes/yes/d/510/nc/U,0.56
bw/st/yes/yes/m/729/nc/A,bo/mu/yes/yes/d/722/nc/A,0.54
bw/st/yes/yes/m/729/nc/A,bw/so/yes/yes/d/725/nc/A,0.47
bw/st/yes/yes/m/729/nc/A,bo/st/no/yes/d/528/nc/U,0.53
bw/st/yes/yes/m/729/nc/A,bo/mu/no/yes/d/746/nc/A,0.53
bw/st/yes/yes/m/729/nc/A,bw/st/yes/no/m/741/nc/A,0.87
bw/st/yes/yes/m/729/nc/A,bo/st/no/yes/d/748/nc/A,0.53
bw/st/yes/yes/m/729/nc/A,bo/mu/yes/no/m/186/nc/U,0.55
bw/st/yes/yes/m/729/nc/A,bo/st/no/no/d/516/nc/U,0.53
bw/st/yes/yes/m/729/nc/A,bo/st/yes/yes/d/724/nc/A,0.56
bw/st/yes/yes/m/729/nc/A,bw/st/yes/yes/d/723/nc/A,1.0
bw/st/yes/yes/m/729/nc/A,bo/mu/no/yes/m/192/nc/U,0.53
bw/st/yes/yes/m/729/nc/A,bo/st/yes/yes/m/730/nc/A,0.56
bw/st/yes/yes/m/729/nc/A,bw/so/yes/no/d/737/nc/A,0.46
bw/st/yes/yes/m/729/nc/A,bw/mu/no/yes/m/168/nc/U,0.57
bw/st/yes/yes/m/729/nc/A,bw/mu/yes/no/m/739/nc/A,0.57
bw/st/yes/yes/m/729/nc/A,bw/mu/yes/yes/m/150/nc/U,0.57
bw/st/yes/yes/m/729/nc/A,bw/so/yes/yes/d/534/nc/U,0.47
bw/st/yes/yes/m/729/nc/A,bo/mu/no/yes/m/752/nc/A,0.53
bw/st/yes/yes/m/729/nc/A,bw/so/no/yes/m/755/nc/A,0.46
bw/st/yes/yes/m/729/nc/A,bo/so/yes/yes/d/558/nc/U,0.46
bw/st/yes/yes/m/729/nc/A,bw/mu/no/no/m/763/nc/A,0.57
bw/st/yes/yes/m/729/nc/A,bo/mu/no/no/m/764/nc/A,0.53
bw/st/yes/yes/m/729/nc/A,bo/so/yes/no/d/738/nc/A,0.44
bw/st/yes/yes/m/729/nc/A,bw/mu/no/no/m/156/nc/U,0.57
bw/st/yes/yes/m/729/nc/A,bo/st/yes/no/d/736/nc/A,0.57
bw/st/yes/yes/m/729/nc/A,bw/st/no/yes/d/504/nc/U,0.89
bw/st/yes/yes/m/729/nc/A,bw/so/yes/yes/m/731/nc/A,0.47
bw/st/yes/yes/m/729/nc/A,bw/st/no/no/m/765/nc/A,0.81
bw/st/yes/yes/m/729/nc/A,bo/so/no/no/d/762/nc/A,0.28
bw/st/yes/yes/m/729/nc/A,bo/st/no/yes/m/754/nc/A,0.53
bw/st/yes/yes/m/729/nc/A,bw/st/no/yes/m/753/nc/A,0.89
bw/st/yes/yes/m/729/nc/A,bw/st/no/yes/m/216/nc/U,0.89
bw/st/yes/yes/m/729/nc/A,bo/so/no/yes/m/288/nc/U,0.27
bw/st/yes/yes/m/729/nc/A,bw/st/yes/no/m/210/nc/U,0.87
bw/st/yes/yes/m/729/nc/A,bo/st/no/no/m/228/nc/U,0.53
bo/st/yes/no/m/742/nc/A,bw/mu/no/yes/d/456/nc/U,0.65
bo/st/yes/no/m/742/nc/A,bw/so/no/no/m/252/nc/U,0.55
bo/st/yes/no/m/742/nc/A,bw/so/no/yes/m/264/nc/U,0.56
bo/st/yes/no/m/742/nc/A,bw/st/no/no/d/492/nc/U,0.52
bo/st/yes/no/m/742/nc/A,bw/mu/yes/no/d/450/nc/U,0.65
bo/st/yes/no/m/742/nc/A,bo/mu/no/no/d/468/nc/U,0.65
bo/st/yes/no/m/742/nc/A,bo/mu/yes/yes/m/728/nc/A,0.66
bo/st/yes/no/m/742/nc/A,bo/st/yes/no/d/522/nc/U,1.0
bo/st/yes/no/m/742/nc/A,bo/so/yes/yes/d/726/nc/A,0.64
bo/st/yes/no/m/742/nc/A,bw/mu/yes/yes/d/721/nc/A,0.65
bo/st/yes/no/m/742/nc/A,bw/so/no/no/d/540/nc/U,0.55
bo/st/yes/no/m/742/nc/A,bo/so/yes/no/m/744/nc/A,0.61
bo/st/yes/no/m/742/nc/A,bo/so/no/yes/d/576/nc/U,0.38
bo/st/yes/no/m/742/nc/A,bw/so/yes/no/m/743/nc/A,0.55
bo/st/yes/no/m/742/nc/A,bw/mu/yes/yes/m/727/nc/A,0.65
bo/st/yes/no/m/742/nc/A,bw/st/yes/yes/m/729/nc/A,0.57
bo/st/yes/no/m/742/nc/A,bo/st/yes/no/m/742/nc/A,1.0
bo/st/yes/no/m/742/nc/A,bo/so/yes/no/d/570/nc/U,0.61
bo/st/yes/no/m/742/nc/A,bw/mu/no/yes/d/745/nc/A,0.65
bo/st/yes/no/m/742/nc/A,bw/so/yes/no/d/546/nc/U,0.55
bo/st/yes/no/m/742/nc/A,bo/so/no/no/d/564/nc/U,0.39
bo/st/yes/no/m/742/nc/A,bo/so/no/yes/m/756/nc/A,0.38
bo/st/yes/no/m/742/nc/A,bw/mu/no/yes/m/751/nc/A,0.65
bo/st/yes/no/m/742/nc/A,bw/so/no/no/m/767/nc/A,0.55
bo/st/yes/no/m/742/nc/A,bo/mu/no/no/d/758/nc/A,0.65
bo/st/yes/no/m/742/nc/A,bw/so/no/yes/d/552/nc/U,0.56
bo/st/yes/no/m/742/nc/A,bo/st/no/no/d/760/nc/A,0.87
bo/st/yes/no/m/742/nc/A,bw/mu/yes/no/m/162/nc/U,0.65
bo/st/yes/no/m/742/nc/A,bo/mu/yes/no/d/734/nc/A,0.66
bo/st/yes/no/m/742/nc/A,bw/mu/yes/no/d/733/nc/A,0.65
bo/st/yes/no/m/742/nc/A,bw/st/yes/yes/m/198/nc/U,0.57
bo/st/yes/no/m/742/nc/A,bw/so/no/no/d/761/nc/A,0.55
bo/st/yes/no/m/742/nc/A,bo/st/no/no/m/766/nc/A,0.87
bo/st/yes/no/m/742/nc/A,bw/st/no/no/d/759/nc/A,0.52
bo/st/yes/no/m/742/nc/A,bo/so/no/yes/d/750/nc/A,0.38
bo/st/yes/no/m/742/nc/A,bw/mu/no/no/d/757/nc/A,0.65
bo/st/yes/no/m/742/nc/A,bo/so/no/no/m/768/nc/A,0.39
bo/st/yes/no/m/742/nc/A,bo/so/yes/yes/m/732/nc/A,0.64
bo/st/yes/no/m/742/nc/A,bw/st/yes/no/d/735/nc/A,0.52
bo/st/yes/no/m/742/nc/A,bw/st/yes/yes/d/486/nc/U,0.57
bo/st/yes/no/m/742/nc/A,bw/mu/no/no/d/444/nc/U,0.65
bo/st/yes/no/m/742/nc/A,bw/so/yes/yes/m/246/nc/U,0.56
bo/st/yes/no/m/742/nc/A,bo/so/yes/yes/m/270/nc/U,0.64
bo/st/yes/no/m/742/nc/A,bo/mu/no/yes/d/480/nc/U,0.65
bo/st/yes/no/m/742/nc/A,bo/mu/yes/no/d/474/nc/U,0.66
bo/st/yes/no/m/742/nc/A,bo/st/yes/yes/m/222/nc/U,0.97
bo/st/yes/no/m/742/nc/A,bo/so/yes/no/m/282/nc/U,0.61
bo/st/yes/no/m/742/nc/A,bo/so/no/no/m/276/nc/U,0.39
bo/st/yes/no/m/742/nc/A,bo/st/no/yes/m/240/nc/U,0.84
bo/st/yes/no/m/742/nc/A,bw/st/no/no/m/204/nc/U,0.52
bo/st/yes/no/m/742/nc/A,bo/mu/yes/yes/d/462/nc/U,0.66
bo/st/yes/no/m/742/nc/A,bo/st/yes/no/m/234/nc/U,1.0
bo/st/yes/no/m/742/nc/A,bw/st/yes/no/d/498/nc/U,0.52
bo/st/yes/no/m/742/nc/A,bw/mu/yes/yes/d/438/nc/U,0.65
bo/st/yes/no/m/742/nc/A,bw/so/yes/no/m/258/nc/U,0.55
bo/st/yes/no/m/742/nc/A,bw/so/no/yes/d/749/nc/A,0.56
bo/st/yes/no/m/742/nc/A,bo/mu/yes/no/m/740/nc/A,0.66
bo/st/yes/no/m/742/nc/A,bw/st/no/yes/d/747/nc/A,0.58
bo/st/yes/no/m/742/nc/A,bo/mu/no/no/m/180/nc/U,0.65
bo/st/yes/no/m/742/nc/A,bo/mu/yes/yes/m/174/nc/U,0.66
bo/st/yes/no/m/742/nc/A,bo/st/yes/yes/d/510/nc/U,0.97
bo/st/yes/no/m/742/nc/A,bo/mu/yes/yes/d/722/nc/A,0.66
bo/st/yes/no/m/742/nc/A,bw/so/yes/yes/d/725/nc/A,0.56
bo/st/yes/no/m/742/nc/A,bo/st/no/yes/d/528/nc/U,0.84
bo/st/yes/no/m/742/nc/A,bo/mu/no/yes/d/746/nc/A,0.65
bo/st/yes/no/m/742/nc/A,bw/st/yes/no/m/741/nc/A,0.52
bo/st/yes/no/m/742/nc/A,bo/st/no/yes/d/748/nc/A,0.84
bo/st/yes/no/m/742/nc/A,bo/mu/yes/no/m/186/nc/U,0.66
bo/st/yes/no/m/742/nc/A,bo/st/no/no/d/516/nc/U,0.87
bo/st/yes/no/m/742/nc/A,bo/st/yes/yes/d/724/nc/A,0.97
bo/st/yes/no/m/742/nc/A,bw/st/yes/yes/d/723/nc/A,0.57
bo/st/yes/no/m/742/nc/A,bo/mu/no/yes/m/192/nc/U,0.65
bo/st/yes/no/m/742/nc/A,bo/st/yes/yes/m/730/nc/A,0.97
bo/st/yes/no/m/742/nc/A,bw/so/yes/no/d/737/nc/A,0.55
bo/st/yes/no/m/742/nc/A,bw/mu/no/yes/m/168/nc/U,0.65
bo/st/yes/no/m/742/nc/A,bw/mu/yes/no/m/739/nc/A,0.65
bo/st/yes/no/m/742/nc/A,bw/mu/yes/yes/m/150/nc/U,0.65
bo/st/yes/no/m/742/nc/A,bw/so/yes/yes/d/534/nc/U,0.56
bo/st/yes/no/m/742/nc/A,bo/mu/no/yes/m/752/nc/A,0.65
bo/st/yes/no/m/742/nc/A,bw/so/no/yes/m/755/nc/A,0.56
bo/st/yes/no/m/742/nc/A,bo/so/yes/yes/d/558/nc/U,0.64
bo/st/yes/no/m/742/nc/A,bw/mu/no/no/m/763/nc/A,0.65
bo/st/yes/no/m/742/nc/A,bo/mu/no/no/m/764/nc/A,0.65
bo/st/yes/no/m/742/nc/A,bo/so/yes/no/d/738/nc/A,0.61
bo/st/yes/no/m/742/nc/A,bw/mu/no/no/m/156/nc/U,0.65
bo/st/yes/no/m/742/nc/A,bo/st/yes/no/d/736/nc/A,1.0
bo/st/yes/no/m/742/nc/A,bw/st/no/yes/d/504/nc/U,0.58
bo/st/yes/no/m/742/nc/A,bw/so/yes/yes/m/731/nc/A,0.56
bo/st/yes/no/m/742/nc/A,bw/st/no/no/m/765/nc/A,0.52
bo/st/yes/no/m/742/nc/A,bo/so/no/no/d/762/nc/A,0.39
bo/st/yes/no/m/742/nc/A,bo/st/no/yes/m/754/nc/A,0.84
bo/st/yes/no/m/742/nc/A,bw/st/no/yes/m/753/nc/A,0.58
bo/st/yes/no/m/742/nc/A,bw/st/no/yes/m/216/nc/U,0.58
bo/st/yes/no/m/742/nc/A,bo/so/no/yes/m/288/nc/U,0.38
bo/st/yes/no/m/742/nc/A,bw/st/yes/no/m/210/nc/U,0.52
bo/st/yes/no/m/742/nc/A,bo/st/no/no/m/228/nc/U,0.87
bo/so/yes/no/d/570/nc/U,bw/mu/no/yes/d/456/nc/U,0.5
bo/so/yes/no/d/570/nc/U,bw/so/no/no/m/252/nc/U,0.66
bo/so/yes/no/d/570/nc/U,bw/so/no/yes/m/264/nc/U,0.61
bo/so/yes/no/d/570/nc/U,bw/st/no/no/d/492/nc/U,0.41
bo/so/yes/no/d/570/nc/U,bw/mu/yes/no/d/450/nc/U,0.49
bo/so/yes/no/d/570/nc/U,bo/mu/no/no/d/468/nc/U,0.51
bo/so/yes/no/d/570/nc/U,bo/mu/yes/yes/m/728/nc/A,0.52
bo/so/yes/no/d/570/nc/U,bo/st/yes/no/d/522/nc/U,0.61
bo/so/yes/no/d/570/nc/U,bo/so/yes/yes/d/726/nc/A,0.87
bo/so/yes/no/d/570/nc/U,bw/mu/yes/yes/d/721/nc/A,0.5
bo/so/yes/no/d/570/nc/U,bw/so/no/no/d/540/nc/U,0.66
bo/so/yes/no/d/570/nc/U,bo/so/yes/no/m/744/nc/A,1.0
bo/so/yes/no/d/570/nc/U,bo/so/no/yes/d/576/nc/U,0.45
bo/so/yes/no/d/570/nc/U,bw/so/yes/no/m/743/nc/A,0.69
bo/so/yes/no/d/570/nc/U,bw/mu/yes/yes/m/727/nc/A,0.5
bo/so/yes/no/d/570/nc/U,bw/st/yes/yes/m/729/nc/A,0.44
bo/so/yes/no/d/570/nc/U,bo/st/yes/no/m/742/nc/A,0.61
bo/so/yes/no/d/570/nc/U,bo/so/yes/no/d/570/nc/U,1.0
bo/so/yes/no/d/570/nc/U,bw/mu/no/yes/d/745/nc/A,0.5
bo/so/yes/no/d/570/nc/U,bw/so/yes/no/d/546/nc/U,0.69
bo/so/yes/no/d/570/nc/U,bo/so/no/no/d/564/nc/U,0.53
bo/so/yes/no/d/570/nc/U,bo/so/no/yes/m/756/nc/A,0.45
bo/so/yes/no/d/570/nc/U,bw/mu/no/yes/m/751/nc/A,0.5
bo/so/yes/no/d/570/nc/U,bw/so/no/no/m/767/nc/A,0.66
bo/so/yes/no/d/570/nc/U,bo/mu/no/no/d/758/nc/A,0.51
bo/so/yes/no/d/570/nc/U,bw/so/no/yes/d/552/nc/U,0.61
bo/so/yes/no/d/570/nc/U,bo/st/no/no/d/760/nc/A,0.59
bo/so/yes/no/d/570/nc/U,bw/mu/yes/no/m/162/nc/U,0.49
bo/so/yes/no/d/570/nc/U,bo/mu/yes/no/d/734/nc/A,0.51
bo/so/yes/no/d/570/nc/U,bw/mu/yes/no/d/733/nc/A,0.49
bo/so/yes/no/d/570/nc/U,bw/st/yes/yes/m/198/nc/U,0.44
bo/so/yes/no/d/570/nc/U,bw/so/no/no/d/761/nc/A,0.66
bo/so/yes/no/d/570/nc/U,bo/st/no/no/m/766/nc/A,0.59
bo/so/yes/no/d/570/nc/U,bw/st/no/no/d/759/nc/A,0.41
bo/so/yes/no/d/570/nc/U,bo/so/no/yes/d/750/nc/A,0.45
bo/so/yes/no/d/570/nc/U,bw/mu/no/no/d/757/nc/A,0.49
bo/so/yes/no/d/570/nc/U,bo/so/no/no/m/768/nc/A,0.53
bo/so/yes/no/d/570/nc/U,bo/so/yes/yes/m/732/nc/A,0.87
bo/so/yes/no/d/570/nc/U,bw/st/yes/no/d/735/nc/A,0.41
bo/so/yes/no/d/570/nc/U,bw/st/yes/yes/d/486/nc/U,0.44
bo/so/yes/no/d/570/nc/U,bw/mu/no/no/d/444/nc/U,0.49
bo/so/yes/no/d/570/nc/U,bw/so/yes/yes/m/246/nc/U,0.63
bo/so/yes/no/d/570/nc/U,bo/so/yes/yes/m/270/nc/U,0.87
bo/so/yes/no/d/570/nc/U,bo/mu/no/yes/d/480/nc/U,0.51
bo/so/yes/no/d/570/nc/U,bo/mu/yes/no/d/474/nc/U,0.51
bo/so/yes/no/d/570/nc/U,bo/st/yes/yes/m/222/nc/U,0.6
bo/so/yes/no/d/570/nc/U,bo/so/yes/no/m/282/nc/U,1.0
bo/so/yes/no/d/570/nc/U,bo/so/no/no/m/276/nc/U,0.53
bo/so/yes/no/d/570/nc/U,bo/st/no/yes/m/240/nc/U,0.57
bo/so/yes/no/d/570/nc/U,bw/st/no/no/m/204/nc/U,0.41
bo/so/yes/no/d/570/nc/U,bo/mu/yes/yes/d/462/nc/U,0.52
bo/so/yes/no/d/570/nc/U,bo/st/yes/no/m/234/nc/U,0.61
bo/so/yes/no/d/570/nc/U,bw/st/yes/no/d/498/nc/U,0.41
bo/so/yes/no/d/570/nc/U,bw/mu/yes/yes/d/438/nc/U,0.5
bo/so/yes/no/d/570/nc/U,bw/so/yes/no/m/258/nc/U,0.69
bo/so/yes/no/d/570/nc/U,bw/so/no/yes/d/749/nc/A,0.61
bo/so/yes/no/d/570/nc/U,bo/mu/yes/no/m/740/nc/A,0.51
bo/so/yes/no/d/570/nc/U,bw/st/no/yes/d/747/nc/A,0.45
bo/so/yes/no/d/570/nc/U,bo/mu/no/no/m/180/nc/U,0.51
bo/so/yes/no/d/570/nc/U,bo/mu/yes/yes/m/174/nc/U,0.52
bo/so/yes/no/d/570/nc/U,bo/st/yes/yes/d/510/nc/U,0.6
bo/so/yes/no/d/570/nc/U,bo/mu/yes/yes/d/722/nc/A,0.52
bo/so/yes/no/d/570/nc/U,bw/so/yes/yes/d/725/nc/A,0.63
bo/so/yes/no/d/570/nc/U,bo/st/no/yes/d/528/nc/U,0.57
bo/so/yes/no/d/570/nc/U,bo/mu/no/yes/d/746/nc/A,0.51
bo/so/yes/no/d/570/nc/U,bw/st/yes/no/m/741/nc/A,0.41
bo/so/yes/no/d/570/nc/U,bo/st/no/yes/d/748/nc/A,0.57
bo/so/yes/no/d/570/nc/U,bo/mu/yes/no/m/186/nc/U,0.51
bo/so/yes/no/d/570/nc/U,bo/st/no/no/d/516/nc/U,0.59
bo/so/yes/no/d/570/nc/U,bo/st/yes/yes/d/724/nc/A,0.6
bo/so/yes/no/d/570/nc/U,bw/st/yes/yes/d/723/nc/A,0.44
bo/so/yes/no/d/570/nc/U,bo/mu/no/yes/m/192/nc/U,0.51
bo/so/yes/no/d/570/nc/U,bo/st/yes/yes/m/730/nc/A,0.6
bo/so/yes/no/d/570/nc/U,bw/so/yes/no/d/737/nc/A,0.69
bo/so/yes/no/d/570/nc/U,bw/mu/no/yes/m/168/nc/U,0.5
bo/so/yes/no/d/570/nc/U,bw/mu/yes/no/m/739/nc/A,0.49
bo/so/yes/no/d/570/nc/U,bw/mu/yes/yes/m/150/nc/U,0.5
bo/so/yes/no/d/570/nc/U,bw/so/yes/yes/d/534/nc/U,0.63
bo/so/yes/no/d/570/nc/U,bo/mu/no/yes/m/752/nc/A,0.51
bo/so/yes/no/d/570/nc/U,bw/so/no/yes/m/755/nc/A,0.61
bo/so/yes/no/d/570/nc/U,bo/so/yes/yes/d/558/nc/U,0.87
bo/so/yes/no/d/570/nc/U,bw/mu/no/no/m/763/nc/A,0.49
bo/so/yes/no/d/570/nc/U,bo/mu/no/no/m/764/nc/A,0.51
bo/so/yes/no/d/570/nc/U,bo/so/yes/no/d/738/nc/A,1.0
bo/so/yes/no/d/570/nc/U,bw/mu/no/no/m/156/nc/U,0.49
bo/so/yes/no/d/570/nc/U,bo/st/yes/no/d/736/nc/A,0.61
bo/so/yes/no/d/570/nc/U,bw/st/no/yes/d/504/nc/U,0.45
bo/so/yes/no/d/570/nc/U,bw/so/yes/yes/m/731/nc/A,0.63
bo/so/yes/no/d/570/nc/U,bw/st/no/no/m/765/nc/A,0.41
bo/so/yes/no/d/570/nc/U,bo/so/no/no/d/762/nc/A,0.53
bo/so/yes/no/d/570/nc/U,bo/st/no/yes/m/754/nc/A,0.57
bo/so/yes/no/d/570/nc/U,bw/st/no/yes/m/753/nc/A,0.45
bo/so/yes/no/d/570/nc/U,bw/st/no/yes/m/216/nc/U,0.45
bo/so/yes/no/d/570/nc/U,bo/so/no/yes/m/288/nc/U,0.45
bo/so/yes/no/d/570/nc/U,bw/st/yes/no/m/210/nc/U,0.41
bo/so/yes/no/d/570/nc/U,bo/st/no/no/m/228/nc/U,0.59
bw/mu/no/yes/d/745/nc/A,bw/mu/no/yes/d/456/nc/U,1.0
bw/mu/no/yes/d/745/nc/A,bw/so/no/no/m/252/nc/U,0.49
bw/mu/no/yes/d/745/nc/A,bw/so/no/yes/m/264/nc/U,0.5
bw/mu/no/yes/d/745/nc/A,bw/st/no/no/d/492/nc/U,0.53
bw/mu/no/yes/d/745/nc/A,bw/mu/yes/no/d/450/nc/U,0.95
bw/mu/no/yes/d/745/nc/A,bo/mu/no/no/d/468/nc/U,0.87
bw/mu/no/yes/d/745/nc/A,bo/mu/yes/yes/m/728/nc/A,0.91
bw/mu/no/yes/d/745/nc/A,bo/st/yes/no/d/522/nc/U,0.65
bw/mu/no/yes/d/745/nc/A,bo/so/yes/yes/d/726/nc/A,0.52
bw/mu/no/yes/d/745/nc/A,bw/mu/yes/yes/d/721/nc/A,0.97
bw/mu/no/yes/d/745/nc/A,bw/so/no/no/d/540/nc/U,0.49
bw/mu/no/yes/d/745/nc/A,bo/so/yes/no/m/744/nc/A,0.5
bw/mu/no/yes/d/745/nc/A,bo/so/no/yes/d/576/nc/U,0.34
bw/mu/no/yes/d/745/nc/A,bw/so/yes/no/m/743/nc/A,0.48
bw/mu/no/yes/d/745/nc/A,bw/mu/yes/yes/m/727/nc/A,0.97
bw/mu/no/yes/d/745/nc/A,bw/st/yes/yes/m/729/nc/A,0.57
bw/mu/no/yes/d/745/nc/A,bo/st/yes/no/m/742/nc/A,0.65
bw/mu/no/yes/d/745/nc/A,bo/so/yes/no/d/570/nc/U,0.5
bw/mu/no/yes/d/745/nc/A,bw/mu/no/yes/d/745/nc/A,1.0
bw/mu/no/yes/d/745/nc/A,bw/so/yes/no/d/546/nc/U,0.48
bw/mu/no/yes/d/745/nc/A,bo/so/no/no/d/564/nc/U,0.33
bw/mu/no/yes/d/745/nc/A,bo/so/no/yes/m/756/nc/A,0.34
bw/mu/no/yes/d/745/nc/A,bw/mu/no/yes/m/751/nc/A,1.0
bw/mu/no/yes/d/745/nc/A,bw/so/no/no/m/767/nc/A,0.49
bw/mu/no/yes/d/745/nc/A,bo/mu/no/no/d/758/nc/A,0.87
bw/mu/no/yes/d/745/nc/A,bw/so/no/yes/d/552/nc/U,0.5
bw/mu/no/yes/d/745/nc/A,bo/st/no/no/d/760/nc/A,0.66
bw/mu/no/yes/d/745/nc/A,bw/mu/yes/no/m/162/nc/U,0.95
bw/mu/no/yes/d/745/nc/A,bo/mu/yes/no/d/734/nc/A,0.91
bw/mu/no/yes/d/745/nc/A,bw/mu/yes/no/d/733/nc/A,0.95
bw/mu/no/yes/d/745/nc/A,bw/st/yes/yes/m/198/nc/U,0.57
bw/mu/no/yes/d/745/nc/A,bw/so/no/no/d/761/nc/A,0.49
bw/mu/no/yes/d/745/nc/A,bo/st/no/no/m/766/nc/A,0.66
bw/mu/no/yes/d/745/nc/A,bw/st/no/no/d/759/nc/A,0.53
bw/mu/no/yes/d/745/nc/A,bo/so/no/yes/d/750/nc/A,0.34
bw/mu/no/yes/d/745/nc/A,bw/mu/no/no/d/757/nc/A,0.96
bw/mu/no/yes/d/745/nc/A,bo/so/no/no/m/768/nc/A,0.33
bw/mu/no/yes/d/745/nc/A,bo/so/yes/yes/m/732/nc/A,0.52
bw/mu/no/yes/d/745/nc/A,bw/st/yes/no/d/735/nc/A,0.51
bw/mu/no/yes/d/745/nc/A,bw/st/yes/yes/d/486/nc/U,0.57
bw/mu/no/yes/d/745/nc/A,bw/mu/no/no/d/444/nc/U,0.96
bw/mu/no/yes/d/745/nc/A,bw/so/yes/yes/m/246/nc/U,0.49
bw/mu/no/yes/d/745/nc/A,bo/so/yes/yes/m/270/nc/U,0.52
bw/mu/no/yes/d/745/nc/A,bo/mu/no/yes/d/480/nc/U,0.86
bw/mu/no/yes/d/745/nc/A,bo/mu/yes/no/d/474/nc/U,0.91
bw/mu/no/yes/d/745/nc/A,bo/st/yes/yes/m/222/nc/U,0.66
bw/mu/no/yes/d/745/nc/A,bo/so/yes/no/m/282/nc/U,0.5
bw/mu/no/yes/d/745/nc/A,bo/so/no/no/m/276/nc/U,0.33
bw/mu/no/yes/d/745/nc/A,bo/st/no/yes/m/240/nc/U,0.69
bw/mu/no/yes/d/745/nc/A,bw/st/no/no/m/204/nc/U,0.53
bw/mu/no/yes/d/745/nc/A,bo/mu/yes/yes/d/462/nc/U,0.91
bw/mu/no/yes/d/745/nc/A,bo/st/yes/no/m/234/nc/U,0.65
bw/mu/no/yes/d/745/nc/A,bw/st/yes/no/d/498/nc/U,0.51
bw/mu/no/yes/d/745/nc/A,bw/mu/yes/yes/d/438/nc/U,0.97
bw/mu/no/yes/d/745/nc/A,bw/so/yes/no/m/258/nc/U,0.48
bw/mu/no/yes/d/745/nc/A,bw/so/no/yes/d/749/nc/A,0.5
bw/mu/no/yes/d/745/nc/A,bo/mu/yes/no/m/740/nc/A,0.91
bw/mu/no/yes/d/745/nc/A,bw/st/no/yes/d/747/nc/A,0.59
bw/mu/no/yes/d/745/nc/A,bo/mu/no/no/m/180/nc/U,0.87
bw/mu/no/yes/d/745/nc/A,bo/mu/yes/yes/m/174/nc/U,0.91
bw/mu/no/yes/d/745/nc/A,bo/st/yes/yes/d/510/nc/U,0.66
bw/mu/no/yes/d/745/nc/A,bo/mu/yes/yes/d/722/nc/A,0.91
bw/mu/no/yes/d/745/nc/A,bw/so/yes/yes/d/725/nc/A,0.49
bw/mu/no/yes/d/745/nc/A,bo/st/no/yes/d/528/nc/U,0.69
bw/mu/no/yes/d/745/nc/A,bo/mu/no/yes/d/746/nc/A,0.86
bw/mu/no/yes/d/745/nc/A,bw/st/yes/no/m/741/nc/A,0.51
bw/mu/no/yes/d/745/nc/A,bo/st/no/yes/d/748/nc/A,0.69
bw/mu/no/yes/d/745/nc/A,bo/mu/yes/no/m/186/nc/U,0.91
bw/mu/no/yes/d/745/nc/A,bo/st/no/no/d/516/nc/U,0.66
bw/mu/no/yes/d/745/nc/A,bo/st/yes/yes/d/724/nc/A,0.66
bw/mu/no/yes/d/745/nc/A,bw/st/yes/yes/d/723/nc/A,0.57
bw/mu/no/yes/d/745/nc/A,bo/mu/no/yes/m/192/nc/U,0.86
bw/mu/no/yes/d/745/nc/A,bo/st/yes/yes/m/730/nc/A,0.66
bw/mu/no/yes/d/745/nc/A,bw/so/yes/no/d/737/nc/A,0.48
bw/mu/no/yes/d/745/nc/A,bw/mu/no/yes/m/168/nc/U,1.0
bw/mu/no/yes/d/745/nc/A,bw/mu/yes/no/m/739/nc/A,0.95
bw/mu/no/yes/d/745/nc/A,bw/mu/yes/yes/m/150/nc/U,0.97
bw/mu/no/yes/d/745/nc/A,bw/so/yes/yes/d/534/nc/U,0.49
bw/mu/no/yes/d/745/nc/A,bo/mu/no/yes/m/752/nc/A,0.86
bw/mu/no/yes/d/745/nc/A,bw/so/no/yes/m/755/nc/A,0.5
bw/mu/no/yes/d/745/nc/A,bo/so/yes/yes/d/558/nc/U,0.52
bw/mu/no/yes/d/745/nc/A,bw/mu/no/no/m/763/nc/A,0.96
bw/mu/no/yes/d/745/nc/A,bo/mu/no/no/m/764/nc/A,0.87
bw/mu/no/yes/d/745/nc/A,bo/so/yes/no/d/738/nc/A,0.5
bw/mu/no/yes/d/745/nc/A,bw/mu/no/no/m/156/nc/U,0.96
bw/mu/no/yes/d/745/nc/A,bo/st/yes/no/d/736/nc/A,0.65
bw/mu/no/yes/d/745/nc/A,bw/st/no/yes/d/504/nc/U,0.59
bw/mu/no/yes/d/745/nc/A,bw/so/yes/yes/m/731/nc/A,0.49
bw/mu/no/yes/d/745/nc/A,bw/st/no/no/m/765/nc/A,0.53
bw/mu/no/yes/d/745/nc/A,bo/so/no/no/d/762/nc/A,0.33
bw/mu/no/yes/d/745/nc/A,bo/st/no/yes/m/754/nc/A,0.69
bw/mu/no/yes/d/745/nc/A,bw/st/no/yes/m/753/nc/A,0.59
bw/mu/no/yes/d/745/nc/A,bw/st/no/yes/m/216/nc/U,0.59
bw/mu/no/yes/d/745/nc/A,bo/so/no/yes/m/288/nc/U,0.34
bw/mu/no/yes/d/745/nc/A,bw/st/yes/no/m/210/nc/U,0.51
bw/mu/no/yes/d/745/nc/A,bo/st/no/no/m/228/nc/U,0.66
bw/so/yes/no/d/546/nc/U,bw/mu/no/yes/d/456/nc/U,0.48
bw/so/yes/no/d/546/nc/U,bw/so/no/no/m/252/nc/U,0.86
bw/so/yes/no/d/546/nc/U,bw/so/no/yes/m/264/nc/U,0.79
bw/so/yes/no/d/546/nc/U,bw/st/no/no/d/492/nc/U,0.42
bw/so/yes/no/d/546/nc/U,bw/mu/yes/no/d/450/nc/U,0.48
bw/so/yes/no/d/546/nc/U,bo/mu/no/no/d/468/nc/U,0.48
bw/so/yes/no/d/546/nc/U,bo/mu/yes/yes/m/728/nc/A,0.48
bw/so/yes/no/d/546/nc/U,bo/st/yes/no/d/522/nc/U,0.55
bw/so/yes/no/d/546/nc/U,bo/so/yes/yes/d/726/nc/A,0.62
bw/so/yes/no/d/546/nc/U,bw/mu/yes/yes/d/721/nc/A,0.48
bw/so/yes/no/d/546/nc/U,bw/so/no/no/d/540/nc/U,0.86
bw/so/yes/no/d/546/nc/U,bo/so/yes/no/m/744/nc/A,0.69
bw/so/yes/no/d/546/nc/U,bo/so/no/yes/d/576/nc/U,0.37
bw/so/yes/no/d/546/nc/U,bw/so/yes/no/m/743/nc/A,1.0
bw/so/yes/no/d/546/nc/U,bw/mu/yes/yes/m/727/nc/A,0.48
bw/so/yes/no/d/546/nc/U,bw/st/yes/yes/m/729/nc/A,0.46
bw/so/yes/no/d/546/nc/U,bo/st/yes/no/m/742/nc/A,0.55
bw/so/yes/no/d/546/nc/U,bo/so/yes/no/d/570/nc/U,0.69
bw/so/yes/no/d/546/nc/U,bw/mu/no/yes/d/745/nc/A,0.48
bw/so/yes/no/d/546/nc/U,bw/so/yes/no/d/546/nc/U,1.0
bw/so/yes/no/d/546/nc/U,bo/so/no/no/d/564/nc/U,0.41
bw/so/yes/no/d/546/nc/U,bo/so/no/yes/m/756/nc/A,0.37
bw/so/yes/no/d/546/nc/U,bw/mu/no/yes/m/751/nc/A,0.48
bw/so/yes/no/d/546/nc/U,bw/so/no/no/m/767/nc/A,0.86
bw/so/yes/no/d/546/nc/U,bo/mu/no/no/d/758/nc/A,0.48
bw/so/yes/no/d/546/nc/U,bw/so/no/yes/d/552/nc/U,0.79
bw/so/yes/no/d/546/nc/U,bo/st/no/no/d/760/nc/A,0.54
bw/so/yes/no/d/546/nc/U,bw/mu/yes/no/m/162/nc/U,0.48
bw/so/yes/no/d/546/nc/U,bo/mu/yes/no/d/734/nc/A,0.48
bw/so/yes/no/d/546/nc/U,bw/mu/yes/no/d/733/nc/A,0.48
bw/so/yes/no/d/546/nc/U,bw/st/yes/yes/m/198/nc/U,0.46
bw/so/yes/no/d/546/nc/U,bw/so/no/no/d/761/nc/A,0.86
bw/so/yes/no/d/546/nc/U,bo/st/no/no/m/766/nc/A,0.54
bw/so/yes/no/d/546/nc/U,bw/st/no/no/d/759/nc/A,0.42
bw/so/yes/no/d/546/nc/U,bo/so/no/yes/d/750/nc/A,0.37
bw/so/yes/no/d/546/nc/U,bw/mu/no/no/d/757/nc/A,0.48
bw/so/yes/no/d/546/nc/U,bo/so/no/no/m/768/nc/A,0.41
bw/so/yes/no/d/546/nc/U,bo/so/yes/yes/m/732/nc/A,0.62
bw/so/yes/no/d/546/nc/U,bw/st/yes/no/d/735/nc/A,0.43
bw/so/yes/no/d/546/nc/U,bw/st/yes/yes/d/486/nc/U,0.46
bw/so/yes/no/d/546/nc/U,bw/mu/no/no/d/444/nc/U,0.48
bw/so/yes/no/d/546/nc/U,bw/so/yes/yes/m/246/nc/U,0.88
bw/so/yes/no/d/546/nc/U,bo/so/yes/yes/m/270/nc/U,0.62
bw/so/yes/no/d/546/nc/U,bo/mu/no/yes/d/480/nc/U,0.48
bw/so/yes/no/d/546/nc/U,bo/mu/yes/no/d/474/nc/U,0.48
bw/so/yes/no/d/546/nc/U,bo/st/yes/yes/m/222/nc/U,0.55
bw/so/yes/no/d/546/nc/U,bo/so/yes/no/m/282/nc/U,0.69
bw/so/yes/no/d/546/nc/U,bo/so/no/no/m/276/nc/U,0.41
bw/so/yes/no/d/546/nc/U,bo/st/no/yes/m/240/nc/U,0.54
bw/so/yes/no/d/546/nc/U,bw/st/no/no/m/204/nc/U,0.42
bw/so/yes/no/d/546/nc/U,bo/mu/yes/yes/d/462/nc/U,0.48
bw/so/yes/no/d/546/nc/U,bo/st/yes/no/m/234/nc/U,0.55
bw/so/yes/no/d/546/nc/U,bw/st/yes/no/d/498/nc/U,0.43
bw/so/yes/no/d/546/nc/U,bw/mu/yes/yes/d/438/nc/U,0.48
bw/so/yes/no/d/546/nc/U,bw/so/yes/no/m/258/nc/U,1.0
bw/so/yes/no/d/546/nc/U,bw/so/no/yes/d/749/nc/A,0.79
bw/so/yes/no/d/546/nc/U,bo/mu/yes/no/m/740/nc/A,0.48
bw/so/yes/no/d/546/nc/U,bw/st/no/yes/d/747/nc/A,0.46
bw/so/yes/no/d/546/nc/U,bo/mu/no/no/m/180/nc/U,0.48
bw/so/yes/no/d/546/nc/U,bo/mu/yes/yes/m/174/nc/U,0.48
bw/so/yes/no/d/546/nc/U,bo/st/yes/yes/d/510/nc/U,0.55
bw/so/yes/no/d/546/nc/U,bo/mu/yes/yes/d/722/nc/A,0.48
bw/so/yes/no/d/546/nc/U,bw/so/yes/yes/d/725/nc/A,0.88
bw/so/yes/no/d/546/nc/U,bo/st/no/yes/d/528/nc/U,0.54
bw/so/yes/no/d/546/nc/U,bo/mu/no/yes/d/746/nc/A,0.48
bw/so/yes/no/d/546/nc/U,bw/st/yes/no/m/741/nc/A,0.43
bw/so/yes/no/d/546/nc/U,bo/st/no/yes/d/748/nc/A,0.54
bw/so/yes/no/d/546/nc/U,bo/mu/yes/no/m/186/nc/U,0.48
bw/so/yes/no/d/546/nc/U,bo/st/no/no/d/516/nc/U,0.54
bw/so/yes/no/d/546/nc/U,bo/st/yes/yes/d/724/nc/A,0.55
bw/so/yes/no/d/546/nc/U,bw/st/yes/yes/d/723/nc/A,0.46
bw/so/yes/no/d/546/nc/U,bo/mu/no/yes/m/192/nc/U,0.48
bw/so/yes/no/d/546/nc/U,bo/st/yes/yes/m/730/nc/A,0.55
bw/so/yes/no/d/546/nc/U,bw/so/yes/no/d/737/nc/A,1.0
bw/so/yes/no/d/546/nc/U,bw/mu/no/yes/m/168/nc/U,0.48
bw/so/yes/no/d/546/nc/U,bw/mu/yes/no/m/739/nc/A,0.48
bw/so/yes/no/d/546/nc/U,bw/mu/yes/yes/m/150/nc/U,0.48
bw/so/yes/no/d/546/nc/U,bw/so/yes/yes/d/534/nc/U,0.88
bw/so/yes/no/d/546/nc/U,bo/mu/no/yes/m/752/nc/A,0.48
bw/so/yes/no/d/546/nc/U,bw/so/no/yes/m/755/nc/A,0.79
bw/so/yes/no/d/546/nc/U,bo/so/yes/yes/d/558/nc/U,0.62
bw/so/yes/no/d/546/nc/U,bw/mu/no/no/m/763/nc/A,0.48
bw/so/yes/no/d/546/nc/U,bo/mu/no/no/m/764/nc/A,0.48
bw/so/yes/no/d/546/nc/U,bo/so/yes/no/d/738/nc/A,0.69
bw/so/yes/no/d/546/nc/U,bw/mu/no/no/m/156/nc/U,0.48
bw/so/yes/no/d/546/nc/U,bo/st/yes/no/d/736/nc/A,0.55
bw/so/yes/no/d/546/nc/U,bw/st/no/yes/d/504/nc/U,0.46
bw/so/yes/no/d/546/nc/U,bw/so/yes/yes/m/731/nc/A,0.88
bw/so/yes/no/d/546/nc/U,bw/st/no/no/m/765/nc/A,0.42
bw/so/yes/no/d/546/nc/U,bo/so/no/no/d/762/nc/A,0.41
bw/so/yes/no/d/546/nc/U,bo/st/no/yes/m/754/nc/A,0.54
bw/so/yes/no/d/546/nc/U,bw/st/no/yes/m/753/nc/A,0.46
bw/so/yes/no/d/546/nc/U,bw/st/no/yes/m/216/nc/U,0.46
bw/so/yes/no/d/546/nc/U,bo/so/no/yes/m/288/nc/U,0.37
bw/so/yes/no/d/546/nc/U,bw/st/yes/no/m/210/nc/U,0.43
bw/so/yes/no/d/546/nc/U,bo/st/no/no/m/228/nc/U,0.54
bo/so/no/no/d/564/nc/U,bw/mu/no/yes/d/456/nc/U,0.33
bo/so/no/no/d/564/nc/U,bw/so/no/no/m/252/nc/U,0.42
bo/so/no/no/d/564/nc/U,bw/so/no/yes/m/264/nc/U,0.39
bo/so/no/no/d/564/nc/U,bw/st/no/no/d/492/nc/U,0.26
bo/so/no/no/d/564/nc/U,bw/mu/yes/no/d/450/nc/U,0.33
bo/so/no/no/d/564/nc/U,bo/mu/no/no/d/468/nc/U,0.35
bo/so/no/no/d/564/nc/U,bo/mu/yes/yes/m/728/nc/A,0.35
bo/so/no/no/d/564/nc/U,bo/st/yes/no/d/522/nc/U,0.39
bo/so/no/no/d/564/nc/U,bo/so/yes/yes/d/726/nc/A,0.49
bo/so/no/no/d/564/nc/U,bw/mu/yes/yes/d/721/nc/A,0.33
bo/so/no/no/d/564/nc/U,bw/so/no/no/d/540/nc/U,0.42
bo/so/no/no/d/564/nc/U,bo/so/yes/no/m/744/nc/A,0.53
bo/so/no/no/d/564/nc/U,bo/so/no/yes/d/576/nc/U,0.79
bo/so/no/no/d/564/nc/U,bw/so/yes/no/m/743/nc/A,0.41
bo/so/no/no/d/564/nc/U,bw/mu/yes/yes/m/727/nc/A,0.33
bo/so/no/no/d/564/nc/U,bw/st/yes/yes/m/729/nc/A,0.28
bo/so/no/no/d/564/nc/U,bo/st/yes/no/m/742/nc/A,0.39
bo/so/no/no/d/564/nc/U,bo/so/yes/no/d/570/nc/U,0.53
bo/so/no/no/d/564/nc/U,bw/mu/no/yes/d/745/nc/A,0.33
bo/so/no/no/d/564/nc/U,bw/so/yes/no/d/546/nc/U,0.41
bo/so/no/no/d/564/nc/U,bo/so/no/no/d/564/nc/U,1.0
bo/so/no/no/d/564/nc/U,bo/so/no/yes/m/756/nc/A,0.79
bo/so/no/no/d/564/nc/U,bw/mu/no/yes/m/751/nc/A,0.33
bo/so/no/no/d/564/nc/U,bw/so/no/no/m/767/nc/A,0.42
bo/so/no/no/d/564/nc/U,bo/mu/no/no/d/758/nc/A,0.35
bo/so/no/no/d/564/nc/U,bw/so/no/yes/d/552/nc/U,0.39
bo/so/no/no/d/564/nc/U,bo/st/no/no/d/760/nc/A,0.39
bo/so/no/no/d/564/nc/U,bw/mu/yes/no/m/162/nc/U,0.33
bo/so/no/no/d/564/nc/U,bo/mu/yes/no/d/734/nc/A,0.35
bo/so/no/no/d/564/nc/U,bw/mu/yes/no/d/733/nc/A,0.33
bo/so/no/no/d/564/nc/U,bw/st/yes/yes/m/198/nc/U,0.28
bo/so/no/no/d/564/nc/U,bw/so/no/no/d/761/nc/A,0.42
bo/so/no/no/d/564/nc/U,bo/st/no/no/m/766/nc/A,0.39
bo/so/no/no/d/564/nc/U,bw/st/no/no/d/759/nc/A,0.26
bo/so/no/no/d/564/nc/U,bo/so/no/yes/d/750/nc/A,0.79
bo/so/no/no/d/564/nc/U,bw/mu/no/no/d/757/nc/A,0.33
bo/so/no/no/d/564/nc/U,bo/so/no/no/m/768/nc/A,1.0
bo/so/no/no/d/564/nc/U,bo/so/yes/yes/m/732/nc/A,0.49
bo/so/no/no/d/564/nc/U,bw/st/yes/no/d/735/nc/A,0.25
bo/so/no/no/d/564/nc/U,bw/st/yes/yes/d/486/nc/U,0.28
bo/so/no/no/d/564/nc/U,bw/mu/no/no/d/444/nc/U,0.33
bo/so/no/no/d/564/nc/U,bw/so/yes/yes/m/246/nc/U,0.38
bo/so/no/no/d/564/nc/U,bo/so/yes/yes/m/270/nc/U,0.49
bo/so/no/no/d/564/nc/U,bo/mu/no/yes/d/480/nc/U,0.35
bo/so/no/no/d/564/nc/U,bo/mu/yes/no/d/474/nc/U,0.35
bo/so/no/no/d/564/nc/U,bo/st/yes/yes/m/222/nc/U,0.38
bo/so/no/no/d/564/nc/U,bo/so/yes/no/m/282/nc/U,0.53
bo/so/no/no/d/564/nc/U,bo/so/no/no/m/276/nc/U,1.0
bo/so/no/no/d/564/nc/U,bo/st/no/yes/m/240/nc/U,0.39
bo/so/no/no/d/564/nc/U,bw/st/no/no/m/204/nc/U,0.26
bo/so/no/no/d/564/nc/U,bo/mu/yes/yes/d/462/nc/U,0.35
bo/so/no/no/d/564/nc/U,bo/st/yes/no/m/234/nc/U,0.39
bo/so/no/no/d/564/nc/U,bw/st/yes/no/d/498/nc/U,0.25
bo/so/no/no/d/564/nc/U,bw/mu/yes/yes/d/438/nc/U,0.33
bo/so/no/no/d/564/nc/U,bw/so/yes/no/m/258/nc/U,0.41
bo/so/no/no/d/564/nc/U,bw/so/no/yes/d/749/nc/A,0.39
bo/so/no/no/d/564/nc/U,bo/mu/yes/no/m/740/nc/A,0.35
bo/so/no/no/d/564/nc/U,bw/st/no/yes/d/747/nc/A,0.29
bo/so/no/no/d/564/nc/U,bo/mu/no/no/m/180/nc/U,0.35
bo/so/no/no/d/564/nc/U,bo/mu/yes/yes/m/174/nc/U,0.35
bo/so/no/no/d/564/nc/U,bo/st/yes/yes/d/510/nc/U,0.38
bo/so/no/no/d/564/nc/U,bo/mu/yes/yes/d/722/nc/A,0.35
bo/so/no/no/d/564/nc/U,bw/so/yes/yes/d/725/nc/A,0.38
bo/so/no/no/d/564/nc/U,bo/st/no/yes/d/528/nc/U,0.39
bo/so/no/no/d/564/nc/U,bo/mu/no/yes/d/746/nc/A,0.35
bo/so/no/no/d/564/nc/U,bw/st/yes/no/m/741/nc/A,0.25
bo/so/no/no/d/564/nc/U,bo/st/no/yes/d/748/nc/A,0.39
bo/so/no/no/d/564/nc/U,bo/mu/yes/no/m/186/nc/U,0.35
bo/so/no/no/d/564/nc/U,bo/st/no/no/d/516/nc/U,0.39
bo/so/no/no/d/564/nc/U,bo/st/yes/yes/d/724/nc/A,0.38
bo/so/no/no/d/564/nc/U,bw/st/yes/yes/d/723/nc/A,0.28
bo/so/no/no/d/564/nc/U,bo/mu/no/yes/m/192/nc/U,0.35
bo/so/no/no/d/564/nc/U,bo/st/yes/yes/m/730/nc/A,0.38
bo/so/no/no/d/564/nc/U,bw/so/yes/no/d/737/nc/A,0.41
bo/so/no/no/d/564/nc/U,bw/mu/no/yes/m/168/nc/U,0.33
bo/so/no/no/d/564/nc/U,bw/mu/yes/no/m/739/nc/A,0.33
bo/so/no/no/d/564/nc/U,bw/mu/yes/yes/m/150/nc/U,0.33
bo/so/no/no/d/564/nc/U,bw/so/yes/yes/d/534/nc/U,0.38
bo/so/no/no/d/564/nc/U,bo/mu/no/yes/m/752/nc/A,0.35
bo/so/no/no/d/564/nc/U,bw/so/no/yes/m/755/nc/A,0.39
bo/so/no/no/d/564/nc/U,bo/so/yes/yes/d/558/nc/U,0.49
bo/so/no/no/d/564/nc/U,bw/mu/no/no/m/763/nc/A,0.33
bo/so/no/no/d/564/nc/U,bo/mu/no/no/m/764/nc/A,0.35
bo/so/no/no/d/564/nc/U,bo/so/yes/no/d/738/nc/A,0.53
bo/so/no/no/d/564/nc/U,bw/mu/no/no/m/156/nc/U,0.33
bo/so/no/no/d/564/nc/U,bo/st/yes/no/d/736/nc/A,0.39
bo/so/no/no/d/564/nc/U,bw/st/no/yes/d/504/nc/U,0.29
bo/so/no/no/d/564/nc/U,bw/so/yes/yes/m/731/nc/A,0.38
bo/so/no/no/d/564/nc/U,bw/st/no/no/m/765/nc/A,0.26
bo/so/no/no/d/564/nc/U,bo/so/no/no/d/762/nc/A,1.0
bo/so/no/no/d/564/nc/U,bo/st/no/yes/m/754/nc/A,0.39
bo/so/no/no/d/564/nc/U,bw/st/no/yes/m/753/nc/A,0.29
bo/so/no/no/d/564/nc/U,bw/st/no/yes/m/216/nc/U,0.29
bo/so/no/no/d/564/nc/U,bo/so/no/yes/m/288/nc/U,0.79
bo/so/no/no/d/564/nc/U,bw/st/yes/no/m/210/nc/U,0.25
bo/so/no/no/d/564/nc/U,bo/st/no/no/m/228/nc/U,0.39
bo/so/no/yes/m/756/nc/A,bw/mu/no/yes/d/456/nc/U,0.34
bo/so/no/yes/m/756/nc/A,bw/so/no/no/m/252/nc/U,0.38
bo/so/no/yes/m/756/nc/A,bw/so/no/yes/m/264/nc/U,0.38
bo/so/no/yes/m/756/nc/A,bw/st/no/no/d/492/nc/U,0.25
bo/so/no/yes/m/756/nc/A,bw/mu/yes/no/d/450/nc/U,0.34
bo/so/no/yes/m/756/nc/A,bo/mu/no/no/d/468/nc/U,0.36
bo/so/no/yes/m/756/nc/A,bo/mu/yes/yes/m/728/nc/A,0.36
bo/so/no/yes/m/756/nc/A,bo/st/yes/no/d/522/nc/U,0.38
bo/so/no/yes/m/756/nc/A,bo/so/yes/yes/d/726/nc/A,0.48
bo/so/no/yes/m/756/nc/A,bw/mu/yes/yes/d/721/nc/A,0.34
bo/so/no/yes/m/756/nc/A,bw/so/no/no/d/540/nc/U,0.38
bo/so/no/yes/m/756/nc/A,bo/so/yes/no/m/744/nc/A,0.45
bo/so/no/yes/m/756/nc/A,bo/so/no/yes/d/576/nc/U,1.0
bo/so/no/yes/m/756/nc/A,bw/so/yes/no/m/743/nc/A,0.37
bo/so/no/yes/m/756/nc/A,bw/mu/yes/yes/m/727/nc/A,0.34
bo/so/no/yes/m/756/nc/A,bw/st/yes/yes/m/729/nc/A,0.27
bo/so/no/yes/m/756/nc/A,bo/st/yes/no/m/742/nc/A,0.38
bo/so/no/yes/m/756/nc/A,bo/so/yes/no/d/570/nc/U,0.45
bo/so/no/yes/m/756/nc/A,bw/mu/no/yes/d/745/nc/A,0.34
bo/so/no/yes/m/756/nc/A,bw/so/yes/no/d/546/nc/U,0.37
bo/so/no/yes/m/756/nc/A,bo/so/no/no/d/564/nc/U,0.79
bo/so/no/yes/m/756/nc/A,bo/so/no/yes/m/756/nc/A,1.0
bo/so/no/yes/m/756/nc/A,bw/mu/no/yes/m/751/nc/A,0.34
bo/so/no/yes/m/756/nc/A,bw/so/no/no/m/767/nc/A,0.38
bo/so/no/yes/m/756/nc/A,bo/mu/no/no/d/758/nc/A,0.36
bo/so/no/yes/m/756/nc/A,bw/so/no/yes/d/552/nc/U,0.38
bo/so/no/yes/m/756/nc/A,bo/st/no/no/d/760/nc/A,0.4
bo/so/no/yes/m/756/nc/A,bw/mu/yes/no/m/162/nc/U,0.34
bo/so/no/yes/m/756/nc/A,bo/mu/yes/no/d/734/nc/A,0.36
bo/so/no/yes/m/756/nc/A,bw/mu/yes/no/d/733/nc/A,0.34
bo/so/no/yes/m/756/nc/A,bw/st/yes/yes/m/198/nc/U,0.27
bo/so/no/yes/m/756/nc/A,bw/so/no/no/d/761/nc/A,0.38
bo/so/no/yes/m/756/nc/A,bo/st/no/no/m/766/nc/A,0.4
bo/so/no/yes/m/756/nc/A,bw/st/no/no/d/759/nc/A,0.25
bo/so/no/yes/m/756/nc/A,bo/so/no/yes/d/750/nc/A,1.0
bo/so/no/yes/m/756/nc/A,bw/mu/no/no/d/757/nc/A,0.34
bo/so/no/yes/m/756/nc/A,bo/so/no/no/m/768/nc/A,0.79
bo/so/no/yes/m/756/nc/A,bo/so/yes/yes/m/732/nc/A,0.48
bo/so/no/yes/m/756/nc/A,bw/st/yes/no/d/735/nc/A,0.25
bo/so/no/yes/m/756/nc/A,bw/st/yes/yes/d/486/nc/U,0.27
bo/so/no/yes/m/756/nc/A,bw/mu/no/no/d/444/nc/U,0.34
bo/so/no/yes/m/756/nc/A,bw/so/yes/yes/m/246/nc/U,0.38
bo/so/no/yes/m/756/nc/A,bo/so/yes/yes/m/270/nc/U,0.48
bo/so/no/yes/m/756/nc/A,bo/mu/no/yes/d/480/nc/U,0.36
bo/so/no/yes/m/756/nc/A,bo/mu/yes/no/d/474/nc/U,0.36
bo/so/no/yes/m/756/nc/A,bo/st/yes/yes/m/222/nc/U,0.38
bo/so/no/yes/m/756/nc/A,bo/so/yes/no/m/282/nc/U,0.45
bo/so/no/yes/m/756/nc/A,bo/so/no/no/m/276/nc/U,0.79
bo/so/no/yes/m/756/nc/A,bo/st/no/yes/m/240/nc/U,0.4
bo/so/no/yes/m/756/nc/A,bw/st/no/no/m/204/nc/U,0.25
bo/so/no/yes/m/756/nc/A,bo/mu/yes/yes/d/462/nc/U,0.36
bo/so/no/yes/m/756/nc/A,bo/st/yes/no/m/234/nc/U,0.38
bo/so/no/yes/m/756/nc/A,bw/st/yes/no/d/498/nc/U,0.25
bo/so/no/yes/m/756/nc/A,bw/mu/yes/yes/d/438/nc/U,0.34
bo/so/no/yes/m/756/nc/A,bw/so/yes/no/m/258/nc/U,0.37
bo/so/no/yes/m/756/nc/A,bw/so/no/yes/d/749/nc/A,0.38
bo/so/no/yes/m/756/nc/A,bo/mu/yes/no/m/740/nc/A,0.36
bo/so/no/yes/m/756/nc/A,bw/st/no/yes/d/747/nc/A,0.28
bo/so/no/yes/m/756/nc/A,bo/mu/no/no/m/180/nc/U,0.36
bo/so/no/yes/m/756/nc/A,bo/mu/yes/yes/m/174/nc/U,0.36
bo/so/no/yes/m/756/nc/A,bo/st/yes/yes/d/510/nc/U,0.38
bo/so/no/yes/m/756/nc/A,bo/mu/yes/yes/d/722/nc/A,0.36
bo/so/no/yes/m/756/nc/A,bw/so/yes/yes/d/725/nc/A,0.38
bo/so/no/yes/m/756/nc/A,bo/st/no/yes/d/528/nc/U,0.4
bo/so/no/yes/m/756/nc/A,bo/mu/no/yes/d/746/nc/A,0.36
bo/so/no/yes/m/756/nc/A,bw/st/yes/no/m/741/nc/A,0.25
bo/so/no/yes/m/756/nc/A,bo/st/no/yes/d/748/nc/A,0.4
bo/so/no/yes/m/756/nc/A,bo/mu/yes/no/m/186/nc/U,0.36
bo/so/no/yes/m/756/nc/A,bo/st/no/no/d/516/nc/U,0.4
bo/so/no/yes/m/756/nc/A,bo/st/yes/yes/d/724/nc/A,0.38
bo/so/no/yes/m/756/nc/A,bw/st/yes/yes/d/723/nc/A,0.27
bo/so/no/yes/m/756/nc/A,bo/mu/no/yes/m/192/nc/U,0.36
bo/so/no/yes/m/756/nc/A,bo/st/yes/yes/m/730/nc/A,0.38
bo/so/no/yes/m/756/nc/A,bw/so/yes/no/d/737/nc/A,0.37
bo/so/no/yes/m/756/nc/A,bw/mu/no/yes/m/168/nc/U,0.34
bo/so/no/yes/m/756/nc/A,bw/mu/yes/no/m/739/nc/A,0.34
bo/so/no/yes/m/756/nc/A,bw/mu/yes/yes/m/150/nc/U,0.34
bo/so/no/yes/m/756/nc/A,bw/so/yes/yes/d/534/nc/U,0.38
bo/so/no/yes/m/756/nc/A,bo/mu/no/yes/m/752/nc/A,0.36
bo/so/no/yes/m/756/nc/A,bw/so/no/yes/m/755/nc/A,0.38
bo/so/no/yes/m/756/nc/A,bo/so/yes/yes/d/558/nc/U,0.48
bo/so/no/yes/m/756/nc/A,bw/mu/no/no/m/763/nc/A,0.34
bo/so/no/yes/m/756/nc/A,bo/mu/no/no/m/764/nc/A,0.36
bo/so/no/yes/m/756/nc/A,bo/so/yes/no/d/738/nc/A,0.45
bo/so/no/yes/m/756/nc/A,bw/mu/no/no/m/156/nc/U,0.34
bo/so/no/yes/m/756/nc/A,bo/st/yes/no/d/736/nc/A,0.38
bo/so/no/yes/m/756/nc/A,bw/st/no/yes/d/504/nc/U,0.28
bo/so/no/yes/m/756/nc/A,bw/so/yes/yes/m/731/nc/A,0.38
bo/so/no/yes/m/756/nc/A,bw/st/no/no/m/765/nc/A,0.25
bo/so/no/yes/m/756/nc/A,bo/so/no/no/d/762/nc/A,0.79
bo/so/no/yes/m/756/nc/A,bo/st/no/yes/m/754/nc/A,0.4
bo/so/no/yes/m/756/nc/A,bw/st/no/yes/m/753/nc/A,0.28
bo/so/no/yes/m/756/nc/A,bw/st/no/yes/m/216/nc/U,0.28
bo/so/no/yes/m/756/nc/A,bo/so/no/yes/m/288/nc/U,1.0
bo/so/no/yes/m/756/nc/A,bw/st/yes/no/m/210/nc/U,0.25
bo/so/no/yes/m/756/nc/A,bo/st/no/no/m/228/nc/U,0.4
bw/mu/no/yes/m/751/nc/A,bw/mu/no/yes/d/456/nc/U,1.0
bw/mu/no/yes/m/751/nc/A,bw/so/no/no/m/252/nc/U,0.49
bw/mu/no/yes/m/751/nc/A,bw/so/no/yes/m/264/nc/U,0.5
bw/mu/no/yes/m/751/nc/A,bw/st/no/no/d/492/nc/U,0.53
bw/mu/no/yes/m/751/nc/A,bw/mu/yes/no/d/450/nc/U,0.95
bw/mu/no/yes/m/751/nc/A,bo/mu/no/no/d/468/nc/U,0.87
bw/mu/no/yes/m/751/nc/A,bo/mu/yes/yes/m/728/nc/A,0.91
bw/mu/no/yes/m/751/nc/A,bo/st/yes/no/d/522/nc/U,0.65
bw/mu/no/yes/m/751/nc/A,bo/so/yes/yes/d/726/nc/A,0.52
bw/mu/no/yes/m/751/nc/A,bw/mu/yes/yes/d/721/nc/A,0.97
bw/mu/no/yes/m/751/nc/A,bw/so/no/no/d/540/nc/U,0.49
bw/mu/no/yes/m/751/nc/A,bo/so/yes/no/m/744/nc/A,0.5
bw/mu/no/yes/m/751/nc/A,bo/so/no/yes/d/576/nc/U,0.34
bw/mu/no/yes/m/751/nc/A,bw/so/yes/no/m/743/nc/A,0.48
bw/mu/no/yes/m/751/nc/A,bw/mu/yes/yes/m/727/nc/A,0.97
bw/mu/no/yes/m/751/nc/A,bw/st/yes/yes/m/729/nc/A,0.57
bw/mu/no/yes/m/751/nc/A,bo/st/yes/no/m/742/nc/A,0.65
bw/mu/no/yes/m/751/nc/A,bo/so/yes/no/d/570/nc/U,0.5
bw/mu/no/yes/m/751/nc/A,bw/mu/no/yes/d/745/nc/A,1.0
bw/mu/no/yes/m/751/nc/A,bw/so/yes/no/d/546/nc/U,0.48
bw/mu/no/yes/m/751/nc/A,bo/so/no/no/d/564/nc/U,0.33
bw/mu/no/yes/m/751/nc/A,bo/so/no/yes/m/756/nc/A,0.34
bw/mu/no/yes/m/751/nc/A,bw/mu/no/yes/m/751/nc/A,1.0
bw/mu/no/yes/m/751/nc/A,bw/so/no/no/m/767/nc/A,0.49
bw/mu/no/yes/m/751/nc/A,bo/mu/no/no/d/758/nc/A,0.87
bw/mu/no/yes/m/751/nc/A,bw/so/no/yes/d/552/nc/U,0.5
bw/mu/no/yes/m/751/nc/A,bo/st/no/no/d/760/nc/A,0.66
bw/mu/no/yes/m/751/nc/A,bw/mu/yes/no/m/162/nc/U,0.95
bw/mu/no/yes/m/751/nc/A,bo/mu/yes/no/d/734/nc/A,0.91
bw/mu/no/yes/m/751/nc/A,bw/mu/yes/no/d/733/nc/A,0.95
bw/mu/no/yes/m/751/nc/A,bw/st/yes/yes/m/198/nc/U,0.57
bw/mu/no/yes/m/751/nc/A,bw/so/no/no/d/761/nc/A,0.49
bw/mu/no/yes/m/751/nc/A,bo/st/no/no/m/766/nc/A,0.66
bw/mu/no/yes/m/751/nc/A,bw/st/no/no/d/759/nc/A,0.53
bw/mu/no/yes/m/751/nc/A,bo/so/no/yes/d/750/nc/A,0.34
bw/mu/no/yes/m/751/nc/A,bw/mu/no/no/d/757/nc/A,0.96
bw/mu/no/yes/m/751/nc/A,bo/so/no/no/m/768/nc/A,0.33
bw/mu/no/yes/m/751/nc/A,bo/so/yes/yes/m/732/nc/A,0.52
bw/mu/no/yes/m/751/nc/A,bw/st/yes/no/d/735/nc/A,0.51
bw/mu/no/yes/m/751/nc/A,bw/st/yes/yes/d/486/nc/U,0.57
bw/mu/no/yes/m/751/nc/A,bw/mu/no/no/d/444/nc/U,0.96
bw/mu/no/yes/m/751/nc/A,bw/so/yes/yes/m/246/nc/U,0.49
bw/mu/no/yes/m/751/nc/A,bo/so/yes/yes/m/270/nc/U,0.52
bw/mu/no/yes/m/751/nc/A,bo/mu/no/yes/d/480/nc/U,0.86
bw/mu/no/yes/m/751/nc/A,bo/mu/yes/no/d/474/nc/U,0.91
bw/mu/no/yes/m/751/nc/A,bo/st/yes/yes/m/222/nc/U,0.66
bw/mu/no/yes/m/751/nc/A,bo/so/yes/no/m/282/nc/U,0.5
bw/mu/no/yes/m/751/nc/A,bo/so/no/no/m/276/nc/U,0.33
bw/mu/no/yes/m/751/nc/A,bo/st/no/yes/m/240/nc/U,0.69
bw/mu/no/yes/m/751/nc/A,bw/st/no/no/m/204/nc/U,0.53
bw/mu/no/yes/m/751/nc/A,bo/mu/yes/yes/d/462/nc/U,0.91
bw/mu/no/yes/m/751/nc/A,bo/st/yes/no/m/234/nc/U,0.65
bw/mu/no/yes/m/751/nc/A,bw/st/yes/no/d/498/nc/U,0.51
bw/mu/no/yes/m/751/nc/A,bw/mu/yes/yes/d/438/nc/U,0.97
bw/mu/no/yes/m/751/nc/A,bw/so/yes/no/m/258/nc/U,0.48
bw/mu/no/yes/m/751/nc/A,bw/so/no/yes/d/749/nc/A,0.5
bw/mu/no/yes/m/751/nc/A,bo/mu/yes/no/m/740/nc/A,0.91
bw/mu/no/yes/m/751/nc/A,bw/st/no/yes/d/747/nc/A,0.59
bw/mu/no/yes/m/751/nc/A,bo/mu/no/no/m/180/nc/U,0.87
bw/mu/no/yes/m/751/nc/A,bo/mu/yes/yes/m/174/nc/U,0.91
bw/mu/no/yes/m/751/nc/A,bo/st/yes/yes/d/510/nc/U,0.66
bw/mu/no/yes/m/751/nc/A,bo/mu/yes/yes/d/722/nc/A,0.91
bw/mu/no/yes/m/751/nc/A,bw/so/yes/yes/d/725/nc/A,0.49
bw/mu/no/yes/m/751/nc/A,bo/st/no/yes/d/528/nc/U,0.69
bw/mu/no/yes/m/751/nc/A,bo/mu/no/yes/d/746/nc/A,0.86
bw/mu/no/yes/m/751/nc/A,bw/st/yes/no/m/741/nc/A,0.51
bw/mu/no/yes/m/751/nc/A,bo/st/no/yes/d/748/nc/A,0.69
bw/mu/no/yes/m/751/nc/A,bo/mu/yes/no/m/186/nc/U,0.91
bw/mu/no/yes/m/751/nc/A,bo/st/no/no/d/516/nc/U,0.66
bw/mu/no/yes/m/751/nc/A,bo/st/yes/yes/d/724/nc/A,0.66
bw/mu/no/yes/m/751/nc/A,bw/st/yes/yes/d/723/nc/A,0.57
bw/mu/no/yes/m/751/nc/A,bo/mu/no/yes/m/192/nc/U,0.86
bw/mu/no/yes/m/751/nc/A,bo/st/yes/yes/m/730/nc/A,0.66
bw/mu/no/yes/m/751/nc/A,bw/so/yes/no/d/737/nc/A,0.48
bw/mu/no/yes/m/751/nc/A,bw/mu/no/yes/m/168/nc/U,1.0
bw/mu/no/yes/m/751/nc/A,bw/mu/yes/no/m/739/nc/A,0.95
bw/mu/no/yes/m/751/nc/A,bw/mu/yes/yes/m/150/nc/U,0.97
bw/mu/no/yes/m/751/nc/A,bw/so/yes/yes/d/534/nc/U,0.49
bw/mu/no/yes/m/751/nc/A,bo/mu/no/yes/m/752/nc/A,0.86
bw/mu/no/yes/m/751/nc/A,bw/so/no/yes/m/755/nc/A,0.5
bw/mu/no/yes/m/751/nc/A,bo/so/yes/yes/d/558/nc/U,0.52
bw/mu/no/yes/m/751/nc/A,bw/mu/no/no/m/763/nc/A,0.96
bw/mu/no/yes/m/751/nc/A,bo/mu/no/no/m/764/nc/A,0.87
bw/mu/no/yes/m/751/nc/A,bo/so/yes/no/d/738/nc/A,0.5
bw/mu/no/yes/m/751/nc/A,bw/mu/no/no/m/156/nc/U,0.96
bw/mu/no/yes/m/751/nc/A,bo/st/yes/no/d/736/nc/A,0.65
bw/mu/no/yes/m/751/nc/A,bw/st/no/yes/d/504/nc/U,0.59
bw/mu/no/yes/m/751/nc/A,bw/so/yes/yes/m/731/nc/A,0.49
bw/mu/no/yes/m/751/nc/A,bw/st/no/no/m/765/nc/A,0.53
bw/mu/no/yes/m/751/nc/A,bo/so/no/no/d/762/nc/A,0.33
bw/mu/no/yes/m/751/nc/A,bo/st/no/yes/m/754/nc/A,0.69
bw/mu/no/yes/m/751/nc/A,bw/st/no/yes/m/753/nc/A,0.59
bw/mu/no/yes/m/751/nc/A,bw/st/no/yes/m/216/nc/U,0.59
bw/mu/no/yes/m/751/nc/A,bo/so/no/yes/m/288/nc/U,0.34
bw/mu/no/yes/m/751/nc/A,bw/st/yes/no/m/210/nc/U,0.51
bw/mu/no/yes/m/751/nc/A,bo/st/no/no/m/228/nc/U,0.66
bw/so/no/no/m/767/nc/A,bw/mu/no/yes/d/456/nc/U,0.49
bw/so/no/no/m/767/nc/A,bw/so/no/no/m/252/nc/U,1.0
bw/so/no/no/m/767/nc/A,bw/so/no/yes/m/264/nc/U,0.89
bw/so/no/no/m/767/nc/A,bw/st/no/no/d/492/nc/U,0.43
bw/so/no/no/m/767/nc/A,bw/mu/yes/no/d/450/nc/U,0.49
bw/so/no/no/m/767/nc/A,bo/mu/no/no/d/468/nc/U,0.49
bw/so/no/no/m/767/nc/A,bo/mu/yes/yes/m/728/nc/A,0.49
bw/so/no/no/m/767/nc/A,bo/st/yes/no/d/522/nc/U,0.55
bw/so/no/no/m/767/nc/A,bo/so/yes/yes/d/726/nc/A,0.61
bw/so/no/no/m/767/nc/A,bw/mu/yes/yes/d/721/nc/A,0.49
bw/so/no/no/m/767/nc/A,bw/so/no/no/d/540/nc/U,1.0
bw/so/no/no/m/767/nc/A,bo/so/yes/no/m/744/nc/A,0.66
bw/so/no/no/m/767/nc/A,bo/so/no/yes/d/576/nc/U,0.38
bw/so/no/no/m/767/nc/A,bw/so/yes/no/m/743/nc/A,0.86
bw/so/no/no/m/767/nc/A,bw/mu/yes/yes/m/727/nc/A,0.49
bw/so/no/no/m/767/nc/A,bw/st/yes/yes/m/729/nc/A,0.46
bw/so/no/no/m/767/nc/A,bo/st/yes/no/m/742/nc/A,0.55
bw/so/no/no/m/767/nc/A,bo/so/yes/no/d/570/nc/U,0.66
bw/so/no/no/m/767/nc/A,bw/mu/no/yes/d/745/nc/A,0.49
bw/so/no/no/m/767/nc/A,bw/so/yes/no/d/546/nc/U,0.86
bw/so/no/no/m/767/nc/A,bo/so/no/no/d/564/nc/U,0.42
bw/so/no/no/m/767/nc/A,bo/so/no/yes/m/756/nc/A,0.38
bw/so/no/no/m/767/nc/A,bw/mu/no/yes/m/751/nc/A,0.49
bw/so/no/no/m/767/nc/A,bw/so/no/no/m/767/nc/A,1.0
bw/so/no/no/m/767/nc/A,bo/mu/no/no/d/758/nc/A,0.49
bw/so/no/no/m/767/nc/A,bw/so/no/yes/d/552/nc/U,0.89
bw/so/no/no/m/767/nc/A,bo/st/no/no/d/760/nc/A,0.56
bw/so/no/no/m/767/nc/A,bw/mu/yes/no/m/162/nc/U,0.49
bw/so/no/no/m/767/nc/A,bo/mu/yes/no/d/734/nc/A,0.49
bw/so/no/no/m/767/nc/A,bw/mu/yes/no/d/733/nc/A,0.49
bw/so/no/no/m/767/nc/A,bw/st/yes/yes/m/198/nc/U,0.46
bw/so/no/no/m/767/nc/A,bw/so/no/no/d/761/nc/A,1.0
bw/so/no/no/m/767/nc/A,bo/st/no/no/m/766/nc/A,0.56
bw/so/no/no/m/767/nc/A,bw/st/no/no/d/759/nc/A,0.43
bw/so/no/no/m/767/nc/A,bo/so/no/yes/d/750/nc/A,0.38
bw/so/no/no/m/767/nc/A,bw/mu/no/no/d/757/nc/A,0.49
bw/so/no/no/m/767/nc/A,bo/so/no/no/m/768/nc/A,0.42
bw/so/no/no/m/767/nc/A,bo/so/yes/yes/m/732/nc/A,0.61
bw/so/no/no/m/767/nc/A,bw/st/yes/no/d/735/nc/A,0.42
bw/so/no/no/m/767/nc/A,bw/st/yes/yes/d/486/nc/U,0.46
bw/so/no/no/m/767/nc/A,bw/mu/no/no/d/444/nc/U,0.49
bw/so/no/no/m/767/nc/A,bw/so/yes/yes/m/246/nc/U,0.8
bw/so/no/no/m/767/nc/A,bo/so/yes/yes/m/270/nc/U,0.61
bw/so/no/no/m/767/nc/A,bo/mu/no/yes/d/480/nc/U,0.49
bw/so/no/no/m/767/nc/A,bo/mu/yes/no/d/474/nc/U,0.49
bw/so/no/no/m/767/nc/A,bo/st/yes/yes/m/222/nc/U,0.55
bw/so/no/no/m/767/nc/A,bo/so/yes/no/m/282/nc/U,0.66
bw/so/no/no/m/767/nc/A,bo/so/no/no/m/276/nc/U,0.42
bw/so/no/no/m/767/nc/A,bo/st/no/yes/m/240/nc/U,0.55
bw/so/no/no/m/767/nc/A,bw/st/no/no/m/204/nc/U,0.43
bw/so/no/no/m/767/nc/A,bo/mu/yes/yes/d/462/nc/U,0.49
bw/so/no/no/m/767/nc/A,bo/st/yes/no/m/234/nc/U,0.55
bw/so/no/no/m/767/nc/A,bw/st/yes/no/d/498/nc/U,0.42
bw/so/no/no/m/767/nc/A,bw/mu/yes/yes/d/438/nc/U,0.49
bw/so/no/no/m/767/nc/A,bw/so/yes/no/m/258/nc/U,0.86
bw/so/no/no/m/767/nc/A,bw/so/no/yes/d/749/nc/A,0.89
bw/so/no/no/m/767/nc/A,bo/mu/yes/no/m/740/nc/A,0.49
bw/so/no/no/m/767/nc/A,bw/st/no/yes/d/747/nc/A,0.47
bw/so/no/no/m/767/nc/A,bo/mu/no/no/m/180/nc/U,0.49
bw/so/no/no/m/767/nc/A,bo/mu/yes/yes/m/174/nc/U,0.49
bw/so/no/no/m/767/nc/A,bo/st/yes/yes/d/510/nc/U,0.55
bw/so/no/no/m/767/nc/A,bo/mu/yes/yes/d/722/nc/A,0.49
bw/so/no/no/m/767/nc/A,bw/so/yes/yes/d/725/nc/A,0.8
bw/so/no/no/m/767/nc/A,bo/st/no/yes/d/528/nc/U,0.55
bw/so/no/no/m/767/nc/A,bo/mu/no/yes/d/746/nc/A,0.49
bw/so/no/no/m/767/nc/A,bw/st/yes/no/m/741/nc/A,0.42
bw/so/no/no/m/767/nc/A,bo/st/no/yes/d/748/nc/A,0.55
bw/so/no/no/m/767/nc/A,bo/mu/yes/no/m/186/nc/U,0.49
bw/so/no/no/m/767/nc/A,bo/st/no/no/d/516/nc/U,0.56
bw/so/no/no/m/767/nc/A,bo/st/yes/yes/d/724/nc/A,0.55
bw/so/no/no/m/767/nc/A,bw/st/yes/yes/d/723/nc/A,0.46
bw/so/no/no/m/767/nc/A,bo/mu/no/yes/m/192/nc/U,0.49
bw/so/no/no/m/767/nc/A,bo/st/yes/yes/m/730/nc/A,0.55
bw/so/no/no/m/767/nc/A,bw/so/yes/no/d/737/nc/A,0.86
bw/so/no/no/m/767/nc/A,bw/mu/no/yes/m/168/nc/U,0.49
bw/so/no/no/m/767/nc/A,bw/mu/yes/no/m/739/nc/A,0.49
bw/so/no/no/m/767/nc/A,bw/mu/yes/yes/m/150/nc/U,0.49
bw/so/no/no/m/767/nc/A,bw/so/yes/yes/d/534/nc/U,0.8
bw/so/no/no/m/767/nc/A,bo/mu/no/yes/m/752/nc/A,0.49
bw/so/no/no/m/767/nc/A,bw/so/no/yes/m/755/nc/A,0.89
bw/so/no/no/m/767/nc/A,bo/so/yes/yes/d/558/nc/U,0.61
bw/so/no/no/m/767/nc/A,bw/mu/no/no/m/763/nc/A,0.49
bw/so/no/no/m/767/nc/A,bo/mu/no/no/m/764/nc/A,0.49
bw/so/no/no/m/767/nc/A,bo/so/yes/no/d/738/nc/A,0.66
bw/so/no/no/m/767/nc/A,bw/mu/no/no/m/156/nc/U,0.49
bw/so/no/no/m/767/nc/A,bo/st/yes/no/d/736/nc/A,0.55
bw/so/no/no/m/767/nc/A,bw/st/no/yes/d/504/nc/U,0.47
bw/so/no/no/m/767/nc/A,bw/so/yes/yes/m/731/nc/A,0.8
bw/so/no/no/m/767/nc/A,bw/st/no/no/m/765/nc/A,0.43
bw/so/no/no/m/767/nc/A,bo/so/no/no/d/762/nc/A,0.42
bw/so/no/no/m/767/nc/A,bo/st/no/yes/m/754/nc/A,0.55
bw/so/no/no/m/767/nc/A,bw/st/no/yes/m/753/nc/A,0.47
bw/so/no/no/m/767/nc/A,bw/st/no/yes/m/216/nc/U,0.47
bw/so/no/no/m/767/nc/A,bo/so/no/yes/m/288/nc/U,0.38
bw/so/no/no/m/767/nc/A,bw/st/yes/no/m/210/nc/U,0.42
bw/so/no/no/m/767/nc/A,bo/st/no/no/m/228/nc/U,0.56
bo/mu/no/no/d/758/nc/A,bw/mu/no/yes/d/456/nc/U,0.87
bo/mu/no/no/d/758/nc/A,bw/so/no/no/m/252/nc/U,0.49
bo/mu/no/no/d/758/nc/A,bw/so/no/yes/m/264/nc/U,0.5
bo/mu/no/no/d/758/nc/A,bw/st/no/no/d/492/nc/U,0.5
bo/mu/no/no/d/758/nc/A,bw/mu/yes/no/d/450/nc/U,0.88
bo/mu/no/no/d/758/nc/A,bo/mu/no/no/d/468/nc/U,1.0
bo/mu/no/no/d/758/nc/A,bo/mu/yes/yes/m/728/nc/A,0.9
bo/mu/no/no/d/758/nc/A,bo/st/yes/no/d/522/nc/U,0.65
bo/mu/no/no/d/758/nc/A,bo/so/yes/yes/d/726/nc/A,0.53
bo/mu/no/no/d/758/nc/A,bw/mu/yes/yes/d/721/nc/A,0.87
bo/mu/no/no/d/758/nc/A,bw/so/no/no/d/540/nc/U,0.49
bo/mu/no/no/d/758/nc/A,bo/so/yes/no/m/744/nc/A,0.51
bo/mu/no/no/d/758/nc/A,bo/so/no/yes/d/576/nc/U,0.36
bo/mu/no/no/d/758/nc/A,bw/so/yes/no/m/743/nc/A,0.48
bo/mu/no/no/d/758/nc/A,bw/mu/yes/yes/m/727/nc/A,0.87
bo/mu/no/no/d/758/nc/A,bw/st/yes/yes/m/729/nc/A,0.53
bo/mu/no/no/d/758/nc/A,bo/st/yes/no/m/742/nc/A,0.65
bo/mu/no/no/d/758/nc/A,bo/so/yes/no/d/570/nc/U,0.51
bo/mu/no/no/d/758/nc/A,bw/mu/no/yes/d/745/nc/A,0.87
bo/mu/no/no/d/758/nc/A,bw/so/yes/no/d/546/nc/U,0.48
bo/mu/no/no/d/758/nc/A,bo/so/no/no/d/564/nc/U,0.35
bo/mu/no/no/d/758/nc/A,bo/so/no/yes/m/756/nc/A,0.36
bo/mu/no/no/d/758/nc/A,bw/mu/no/yes/m/751/nc/A,0.87
bo/mu/no/no/d/758/nc/A,bw/so/no/no/m/767/nc/A,0.49
bo/mu/no/no/d/758/nc/A,bo/mu/no/no/d/758/nc/A,1.0
bo/mu/no/no/d/758/nc/A,bw/so/no/yes/d/552/nc/U,0.5
bo/mu/no/no/d/758/nc/A,bo/st/no/no/d/760/nc/A,0.67
bo/mu/no/no/d/758/nc/A,bw/mu/yes/no/m/162/nc/U,0.88
bo/mu/no/no/d/758/nc/A,bo/mu/yes/no/d/734/nc/A,0.92
bo/mu/no/no/d/758/nc/A,bw/mu/yes/no/d/733/nc/A,0.88
bo/mu/no/no/d/758/nc/A,bw/st/yes/yes/m/198/nc/U,0.53
bo/mu/no/no/d/758/nc/A,bw/so/no/no/d/761/nc/A,0.49
bo/mu/no/no/d/758/nc/A,bo/st/no/no/m/766/nc/A,0.67
bo/mu/no/no/d/758/nc/A,bw/st/no/no/d/759/nc/A,0.5
bo/mu/no/no/d/758/nc/A,bo/so/no/yes/d/750/nc/A,0.36
bo/mu/no/no/d/758/nc/A,bw/mu/no/no/d/757/nc/A,0.88
bo/mu/no/no/d/758/nc/A,bo/so/no/no/m/768/nc/A,0.35
bo/mu/no/no/d/758/nc/A,bo/so/yes/yes/m/732/nc/A,0.53
bo/mu/no/no/d/758/nc/A,bw/st/yes/no/d/735/nc/A,0.49
bo/mu/no/no/d/758/nc/A,bw/st/yes/yes/d/486/nc/U,0.53
bo/mu/no/no/d/758/nc/A,bw/mu/no/no/d/444/nc/U,0.88
bo/mu/no/no/d/758/nc/A,bw/so/yes/yes/m/246/nc/U,0.48
bo/mu/no/no/d/758/nc/A,bo/so/yes/yes/m/270/nc/U,0.53
bo/mu/no/no/d/758/nc/A,bo/mu/no/yes/d/480/nc/U,0.94
bo/mu/no/no/d/758/nc/A,bo/mu/yes/no/d/474/nc/U,0.92
bo/mu/no/no/d/758/nc/A,bo/st/yes/yes/m/222/nc/U,0.66
bo/mu/no/no/d/758/nc/A,bo/so/yes/no/m/282/nc/U,0.51
bo/mu/no/no/d/758/nc/A,bo/so/no/no/m/276/nc/U,0.35
bo/mu/no/no/d/758/nc/A,bo/st/no/yes/m/240/nc/U,0.69
bo/mu/no/no/d/758/nc/A,bw/st/no/no/m/204/nc/U,0.5
bo/mu/no/no/d/758/nc/A,bo/mu/yes/yes/d/462/nc/U,0.9
bo/mu/no/no/d/758/nc/A,bo/st/yes/no/m/234/nc/U,0.65
bo/mu/no/no/d/758/nc/A,bw/st/yes/no/d/498/nc/U,0.49
bo/mu/no/no/d/758/nc/A,bw/mu/yes/yes/d/438/nc/U,0.87
bo/mu/no/no/d/758/nc/A,bw/so/yes/no/m/258/nc/U,0.48
bo/mu/no/no/d/758/nc/A,bw/so/no/yes/d/749/nc/A,0.5
bo/mu/no/no/d/758/nc/A,bo/mu/yes/no/m/740/nc/A,0.92
bo/mu/no/no/d/758/nc/A,bw/st/no/yes/d/747/nc/A,0.56
bo/mu/no/no/d/758/nc/A,bo/mu/no/no/m/180/nc/U,1.0
bo/mu/no/no/d/758/nc/A,bo/mu/yes/yes/m/174/nc/U,0.9
bo/mu/no/no/d/758/nc/A,bo/st/yes/yes/d/510/nc/U,0.66
bo/mu/no/no/d/758/nc/A,bo/mu/yes/yes/d/722/nc/A,0.9
bo/mu/no/no/d/758/nc/A,bw/so/yes/yes/d/725/nc/A,0.48
bo/mu/no/no/d/758/nc/A,bo/st/no/yes/d/528/nc/U,0.69
bo/mu/no/no/d/758/nc/A,bo/mu/no/yes/d/746/nc/A,0.94
bo/mu/no/no/d/758/nc/A,bw/st/yes/no/m/741/nc/A,0.49
bo/mu/no/no/d/758/nc/A,bo/st/no/yes/d/748/nc/A,0.69
bo/mu/no/no/d/758/nc/A,bo/mu/yes/no/m/186/nc/U,0.92
bo/mu/no/no/d/758/nc/A,bo/st/no/no/d/516/nc/U,0.67
bo/mu/no/no/d/758/nc/A,bo/st/yes/yes/d/724/nc/A,0.66
bo/mu/no/no/d/758/nc/A,bw/st/yes/yes/d/723/nc/A,0.53
bo/mu/no/no/d/758/nc/A,bo/mu/no/yes/m/192/nc/U,0.94
bo/mu/no/no/d/758/nc/A,bo/st/yes/yes/m/730/nc/A,0.66
bo/mu/no/no/d/758/nc/A,bw/so/yes/no/d/737/nc/A,0.48
bo/mu/no/no/d/758/nc/A,bw/mu/no/yes/m/168/nc/U,0.87
bo/mu/no/no/d/758/nc/A,bw/mu/yes/no/m/739/nc/A,0.88
bo/mu/no/no/d/758/nc/A,bw/mu/yes/yes/m/150/nc/U,0.87
bo/mu/no/no/d/758/nc/A,bw/so/yes/yes/d/534/nc/U,0.48
bo/mu/no/no/d/758/nc/A,bo/mu/no/yes/m/752/nc/A,0.94
bo/mu/no/no/d/758/nc/A,bw/so/no/yes/m/755/nc/A,0.5
bo/mu/no/no/d/758/nc/A,bo/so/yes/yes/d/558/nc/U,0.53
bo/mu/no/no/d/758/nc/A,bw/mu/no/no/m/763/nc/A,0.88
bo/mu/no/no/d/758/nc/A,bo/mu/no/no/m/764/nc/A,1.0
bo/mu/no/no/d/758/nc/A,bo/so/yes/no/d/738/nc/A,0.51
bo/mu/no/no/d/758/nc/A,bw/mu/no/no/m/156/nc/U,0.88
bo/mu/no/no/d/758/nc/A,bo/st/yes/no/d/736/nc/A,0.65
bo/mu/no/no/d/758/nc/A,bw/st/no/yes/d/504/nc/U,0.56
bo/mu/no/no/d/758/nc/A,bw/so/yes/yes/m/731/nc/A,0.48
bo/mu/no/no/d/758/nc/A,bw/st/no/no/m/765/nc/A,0.5
bo/mu/no/no/d/758/nc/A,bo/so/no/no/d/762/nc/A,0.35
bo/mu/no/no/d/758/nc/A,bo/st/no/yes/m/754/nc/A,0.69
bo/mu/no/no/d/758/nc/A,bw/st/no/yes/m/753/nc/A,0.56
bo/mu/no/no/d/758/nc/A,bw/st/no/yes/m/216/nc/U,0.56
bo/mu/no/no/d/758/nc/A,bo/so/no/yes/m/288/nc/U,0.36
bo/mu/no/no/d/758/nc/A,bw/st/yes/no/m/210/nc/U,0.49
bo/mu/no/no/d/758/nc/A,bo/st/no/no/m/228/nc/U,0.67
bw/so/no/yes/d/552/nc/U,bw/mu/no/yes/d/456/nc/U,0.5
bw/so/no/yes/d/552/nc/U,bw/so/no/no/m/252/nc/U,0.89
bw/so/no/yes/d/552/nc/U,bw/so/no/yes/m/264/nc/U,1.0
bw/so/no/yes/d/552/nc/U,bw/st/no/no/d/492/nc/U,0.43
bw/so/no/yes/d/552/nc/U,bw/mu/yes/no/d/450/nc/U,0.5
bw/so/no/yes/d/552/nc/U,bo/mu/no/no/d/468/nc/U,0.5
bw/so/no/yes/d/552/nc/U,bo/mu/yes/yes/m/728/nc/A,0.5
bw/so/no/yes/d/552/nc/U,bo/st/yes/no/d/522/nc/U,0.56
bw/so/no/yes/d/552/nc/U,bo/so/yes/yes/d/726/nc/A,0.64
bw/so/no/yes/d/552/nc/U,bw/mu/yes/yes/d/721/nc/A,0.5
bw/so/no/yes/d/552/nc/U,bw/so/no/no/d/540/nc/U,0.89
bw/so/no/yes/d/552/nc/U,bo/so/yes/no/m/744/nc/A,0.61
bw/so/no/yes/d/552/nc/U,bo/so/no/yes/d/576/nc/U,0.38
bw/so/no/yes/d/552/nc/U,bw/so/yes/no/m/743/nc/A,0.79
bw/so/no/yes/d/552/nc/U,bw/mu/yes/yes/m/727/nc/A,0.5
bw/so/no/yes/d/552/nc/U,bw/st/yes/yes/m/729/nc/A,0.46
bw/so/no/yes/d/552/nc/U,bo/st/yes/no/m/742/nc/A,0.56
bw/so/no/yes/d/552/nc/U,bo/so/yes/no/d/570/nc/U,0.61
bw/so/no/yes/d/552/nc/U,bw/mu/no/yes/d/745/nc/A,0.5
bw/so/no/yes/d/552/nc/U,bw/so/yes/no/d/546/nc/U,0.79
bw/so/no/yes/d/552/nc/U,bo/so/no/no/d/564/nc/U,0.39
bw/so/no/yes/d/552/nc/U,bo/so/no/yes/m/756/nc/A,0.38
bw/so/no/yes/d/552/nc/U,bw/mu/no/yes/m/751/nc/A,0.5
bw/so/no/yes/d/552/nc/U,bw/so/no/no/m/767/nc/A,0.89
bw/so/no/yes/d/552/nc/U,bo/mu/no/no/d/758/nc/A,0.5
bw/so/no/yes/d/552/nc/U,bw/so/no/yes/d/552/nc/U,1.0
bw/so/no/yes/d/552/nc/U,bo/st/no/no/d/760/nc/A,0.57
bw/so/no/yes/d/552/nc/U,bw/mu/yes/no/m/162/nc/U,0.5
bw/so/no/yes/d/552/nc/U,bo/mu/yes/no/d/734/nc/A,0.5
bw/so/no/yes/d/552/nc/U,bw/mu/yes/no/d/733/nc/A,0.5
bw/so/no/yes/d/552/nc/U,bw/st/yes/yes/m/198/nc/U,0.46
bw/so/no/yes/d/552/nc/U,bw/so/no/no/d/761/nc/A,0.89
bw/so/no/yes/d/552/nc/U,bo/st/no/no/m/766/nc/A,0.57
bw/so/no/yes/d/552/nc/U,bw/st/no/no/d/759/nc/A,0.43
bw/so/no/yes/d/552/nc/U,bo/so/no/yes/d/750/nc/A,0.38
bw/so/no/yes/d/552/nc/U,bw/mu/no/no/d/757/nc/A,0.5
bw/so/no/yes/d/552/nc/U,bo/so/no/no/m/768/nc/A,0.39
bw/so/no/yes/d/552/nc/U,bo/so/yes/yes/m/732/nc/A,0.64
bw/so/no/yes/d/552/nc/U,bw/st/yes/no/d/735/nc/A,0.42
bw/so/no/yes/d/552/nc/U,bw/st/yes/yes/d/486/nc/U,0.46
bw/so/no/yes/d/552/nc/U,bw/mu/no/no/d/444/nc/U,0.5
bw/so/no/yes/d/552/nc/U,bw/so/yes/yes/m/246/nc/U,0.86
bw/so/no/yes/d/552/nc/U,bo/so/yes/yes/m/270/nc/U,0.64
bw/so/no/yes/d/552/nc/U,bo/mu/no/yes/d/480/nc/U,0.5
bw/so/no/yes/d/552/nc/U,bo/mu/yes/no/d/474/nc/U,0.5
bw/so/no/yes/d/552/nc/U,bo/st/yes/yes/m/222/nc/U,0.56
bw/so/no/yes/d/552/nc/U,bo/so/yes/no/m/282/nc/U,0.61
bw/so/no/yes/d/552/nc/U,bo/so/no/no/m/276/nc/U,0.39
bw/so/no/yes/d/552/nc/U,bo/st/no/yes/m/240/nc/U,0.57
bw/so/no/yes/d/552/nc/U,bw/st/no/no/m/204/nc/U,0.43
bw/so/no/yes/d/552/nc/U,bo/mu/yes/yes/d/462/nc/U,0.5
bw/so/no/yes/d/552/nc/U,bo/st/yes/no/m/234/nc/U,0.56
bw/so/no/yes/d/552/nc/U,bw/st/yes/no/d/498/nc/U,0.42
bw/so/no/yes/d/552/nc/U,bw/mu/yes/yes/d/438/nc/U,0.5
bw/so/no/yes/d/552/nc/U,bw/so/yes/no/m/258/nc/U,0.79
bw/so/no/yes/d/552/nc/U,bw/so/no/yes/d/749/nc/A,1.0
bw/so/no/yes/d/552/nc/U,bo/mu/yes/no/m/740/nc/A,0.5
bw/so/no/yes/d/552/nc/U,bw/st/no/yes/d/747/nc/A,0.48
bw/so/no/yes/d/552/nc/U,bo/mu/no/no/m/180/nc/U,0.5
bw/so/no/yes/d/552/nc/U,bo/mu/yes/yes/m/174/nc/U,0.5
bw/so/no/yes/d/552/nc/U,bo/st/yes/yes/d/510/nc/U,0.56
bw/so/no/yes/d/552/nc/U,bo/mu/yes/yes/d/722/nc/A,0.5
bw/so/no/yes/d/552/nc/U,bw/so/yes/yes/d/725/nc/A,0.86
bw/so/no/yes/d/552/nc/U,bo/st/no/yes/d/528/nc/U,0.57
bw/so/no/yes/d/552/nc/U,bo/mu/no/yes/d/746/nc/A,0.5
bw/so/no/yes/d/552/nc/U,bw/st/yes/no/m/741/nc/A,0.42
bw/so/no/yes/d/552/nc/U,bo/st/no/yes/d/748/nc/A,0.57
bw/so/no/yes/d/552/nc/U,bo/mu/yes/no/m/186/nc/U,0.5
bw/so/no/yes/d/552/nc/U,bo/st/no/no/d/516/nc/U,0.57
bw/so/no/yes/d/552/nc/U,bo/st/yes/yes/d/724/nc/A,0.56
bw/so/no/yes/d/552/nc/U,bw/st/yes/yes/d/723/nc/A,0.46
bw/so/no/yes/d/552/nc/U,bo/mu/no/yes/m/192/nc/U,0.5
bw/so/no/yes/d/552/nc/U,bo/st/yes/yes/m/730/nc/A,0.56
bw/so/no/yes/d/552/nc/U,bw/so/yes/no/d/737/nc/A,0.79
bw/so/no/yes/d/552/nc/U,bw/mu/no/yes/m/168/nc/U,0.5
bw/so/no/yes/d/552/nc/U,bw/mu/yes/no/m/739/nc/A,0.5
bw/so/no/yes/d/552/nc/U,bw/mu/yes/yes/m/150/nc/U,0.5
bw/so/no/yes/d/552/nc/U,bw/so/yes/yes/d/534/nc/U,0.86
bw/so/no/yes/d/552/nc/U,bo/mu/no/yes/m/752/nc/A,0.5
bw/so/no/yes/d/552/nc/U,bw/so/no/yes/m/755/nc/A,1.0
bw/so/no/yes/d/552/nc/U,bo/so/yes/yes/d/558/nc/U,0.64
bw/so/no/yes/d/552/nc/U,bw/mu/no/no/m/763/nc/A,0.5
bw/so/no/yes/d/552/nc/U,bo/mu/no/no/m/764/nc/A,0.5
bw/so/no/yes/d/552/nc/U,bo/so/yes/no/d/738/nc/A,0.61
bw/so/no/yes/d/552/nc/U,bw/mu/no/no/m/156/nc/U,0.5
bw/so/no/yes/d/552/nc/U,bo/st/yes/no/d/736/nc/A,0.56
bw/so/no/yes/d/552/nc/U,bw/st/no/yes/d/504/nc/U,0.48
bw/so/no/yes/d/552/nc/U,bw/so/yes/yes/m/731/nc/A,0.86
bw/so/no/yes/d/552/nc/U,bw/st/no/no/m/765/nc/A,0.43
bw/so/no/yes/d/552/nc/U,bo/so/no/no/d/762/nc/A,0.39
bw/so/no/yes/d/552/nc/U,bo/st/no/yes/m/754/nc/A,0.57
bw/so/no/yes/d/552/nc/U,bw/st/no/yes/m/753/nc/A,0.48
bw/so/no/yes/d/552/nc/U,bw/st/no/yes/m/216/nc/U,0.48
bw/so/no/yes/d/552/nc/U,bo/so/no/yes/m/288/nc/U,0.38
bw/so/no/yes/d/552/nc/U,bw/st/yes/no/m/210/nc/U,0.42
bw/so/no/yes/d/552/nc/U,bo/st/no/no/m/228/nc/U,0.57
bo/st/no/no/d/760/nc/A,bw/mu/no/yes/d/456/nc/U,0.66
bo/st/no/no/d/760/nc/A,bw/so/no/no/m/252/nc/U,0.56
bo/st/no/no/d/760/nc/A,bw/so/no/yes/m/264/nc/U,0.57
bo/st/no/no/d/760/nc/A,bw/st/no/no/d/492/nc/U,0.49
bo/st/no/no/d/760/nc/A,bw/mu/yes/no/d/450/nc/U,0.66
bo/st/no/no/d/760/nc/A,bo/mu/no/no/d/468/nc/U,0.67
bo/st/no/no/d/760/nc/A,bo/mu/yes/yes/m/728/nc/A,0.67
bo/st/no/no/d/760/nc/A,bo/st/yes/no/d/522/nc/U,0.87
bo/st/no/no/d/760/nc/A,bo/so/yes/yes/d/726/nc/A,0.61
bo/st/no/no/d/760/nc/A,bw/mu/yes/yes/d/721/nc/A,0.66
bo/st/no/no/d/760/nc/A,bw/so/no/no/d/540/nc/U,0.56
bo/st/no/no/d/760/nc/A,bo/so/yes/no/m/744/nc/A,0.59
bo/st/no/no/d/760/nc/A,bo/so/no/yes/d/576/nc/U,0.4
bo/st/no/no/d/760/nc/A,bw/so/yes/no/m/743/nc/A,0.54
bo/st/no/no/d/760/nc/A,bw/mu/yes/yes/m/727/nc/A,0.66
bo/st/no/no/d/760/nc/A,bw/st/yes/yes/m/729/nc/A,0.53
bo/st/no/no/d/760/nc/A,bo/st/yes/no/m/742/nc/A,0.87
bo/st/no/no/d/760/nc/A,bo/so/yes/no/d/570/nc/U,0.59
bo/st/no/no/d/760/nc/A,bw/mu/no/yes/d/745/nc/A,0.66
bo/st/no/no/d/760/nc/A,bw/so/yes/no/d/546/nc/U,0.54
bo/st/no/no/d/760/nc/A,bo/so/no/no/d/564/nc/U,0.39
bo/st/no/no/d/760/nc/A,bo/so/no/yes/m/756/nc/A,0.4
bo/st/no/no/d/760/nc/A,bw/mu/no/yes/m/751/nc/A,0.66
bo/st/no/no/d/760/nc/A,bw/so/no/no/m/767/nc/A,0.56
bo/st/no/no/d/760/nc/A,bo/mu/no/no/d/758/nc/A,0.67
bo/st/no/no/d/760/nc/A,bw/so/no/yes/d/552/nc/U,0.57
bo/st/no/no/d/760/nc/A,bo/st/no/no/d/760/nc/A,1.0
bo/st/no/no/d/760/nc/A,bw/mu/yes/no/m/162/nc/U,0.66
bo/st/no/no/d/760/nc/A,bo/mu/yes/no/d/734/nc/A,0.67
bo/st/no/no/d/760/nc/A,bw/mu/yes/no/d/733/nc/A,0.66
bo/st/no/no/d/760/nc/A,bw/st/yes/yes/m/198/nc/U,0.53
bo/st/no/no/d/760/nc/A,bw/so/no/no/d/761/nc/A,0.56
bo/st/no/no/d/760/nc/A,bo/st/no/no/m/766/nc/A,1.0
bo/st/no/no/d/760/nc/A,bw/st/no/no/d/759/nc/A,0.49
bo/st/no/no/d/760/nc/A,bo/so/no/yes/d/750/nc/A,0.4
bo/st/no/no/d/760/nc/A,bw/mu/no/no/d/757/nc/A,0.66
bo/st/no/no/d/760/nc/A,bo/so/no/no/m/768/nc/A,0.39
bo/st/no/no/d/760/nc/A,bo/so/yes/yes/m/732/nc/A,0.61
bo/st/no/no/d/760/nc/A,bw/st/yes/no/d/735/nc/A,0.48
bo/st/no/no/d/760/nc/A,bw/st/yes/yes/d/486/nc/U,0.53
bo/st/no/no/d/760/nc/A,bw/mu/no/no/d/444/nc/U,0.66
bo/st/no/no/d/760/nc/A,bw/so/yes/yes/m/246/nc/U,0.55
bo/st/no/no/d/760/nc/A,bo/so/yes/yes/m/270/nc/U,0.61
bo/st/no/no/d/760/nc/A,bo/mu/no/yes/d/480/nc/U,0.66
bo/st/no/no/d/760/nc/A,bo/mu/yes/no/d/474/nc/U,0.67
bo/st/no/no/d/760/nc/A,bo/st/yes/yes/m/222/nc/U,0.87
bo/st/no/no/d/760/nc/A,bo/so/yes/no/m/282/nc/U,0.59
bo/st/no/no/d/760/nc/A,bo/so/no/no/m/276/nc/U,0.39
bo/st/no/no/d/760/nc/A,bo/st/no/yes/m/240/nc/U,0.93
bo/st/no/no/d/760/nc/A,bw/st/no/no/m/204/nc/U,0.49
bo/st/no/no/d/760/nc/A,bo/mu/yes/yes/d/462/nc/U,0.67
bo/st/no/no/d/760/nc/A,bo/st/yes/no/m/234/nc/U,0.87
bo/st/no/no/d/760/nc/A,bw/st/yes/no/d/498/nc/U,0.48
bo/st/no/no/d/760/nc/A,bw/mu/yes/yes/d/438/nc/U,0.66
bo/st/no/no/d/760/nc/A,bw/so/yes/no/m/258/nc/U,0.54
bo/st/no/no/d/760/nc/A,bw/so/no/yes/d/749/nc/A,0.57
bo/st/no/no/d/760/nc/A,bo/mu/yes/no/m/740/nc/A,0.67
bo/st/no/no/d/760/nc/A,bw/st/no/yes/d/747/nc/A,0.56
bo/st/no/no/d/760/nc/A,bo/mu/no/no/m/180/nc/U,0.67
bo/st/no/no/d/760/nc/A,bo/mu/yes/yes/m/174/nc/U,0.67
bo/st/no/no/d/760/nc/A,bo/st/yes/yes/d/510/nc/U,0.87
bo/st/no/no/d/760/nc/A,bo/mu/yes/yes/d/722/nc/A,0.67
bo/st/no/no/d/760/nc/A,bw/so/yes/yes/d/725/nc/A,0.55
bo/st/no/no/d/760/nc/A,bo/st/no/yes/d/528/nc/U,0.93
bo/st/no/no/d/760/nc/A,bo/mu/no/yes/d/746/nc/A,0.66
bo/st/no/no/d/760/nc/A,bw/st/yes/no/m/741/nc/A,0.48
bo/st/no/no/d/760/nc/A,bo/st/no/yes/d/748/nc/A,0.93
bo/st/no/no/d/760/nc/A,bo/mu/yes/no/m/186/nc/U,0.67
bo/st/no/no/d/760/nc/A,bo/st/no/no/d/516/nc/U,1.0
bo/st/no/no/d/760/nc/A,bo/st/yes/yes/d/724/nc/A,0.87
bo/st/no/no/d/760/nc/A,bw/st/yes/yes/d/723/nc/A,0.53
bo/st/no/no/d/760/nc/A,bo/mu/no/yes/m/192/nc/U,0.66
bo/st/no/no/d/760/nc/A,bo/st/yes/yes/m/730/nc/A,0.87
bo/st/no/no/d/760/nc/A,bw/so/yes/no/d/737/nc/A,0.54
bo/st/no/no/d/760/nc/A,bw/mu/no/yes/m/168/nc/U,0.66
bo/st/no/no/d/760/nc/A,bw/mu/yes/no/m/739/nc/A,0.66
bo/st/no/no/d/760/nc/A,bw/mu/yes/yes/m/150/nc/U,0.66
bo/st/no/no/d/760/nc/A,bw/so/yes/yes/d/534/nc/U,0.55
bo/st/no/no/d/760/nc/A,bo/mu/no/yes/m/752/nc/A,0.66
bo/st/no/no/d/760/nc/A,bw/so/no/yes/m/755/nc/A,0.57
bo/st/no/no/d/760/nc/A,bo/so/yes/yes/d/558/nc/U,0.61
bo/st/no/no/d/760/nc/A,bw/mu/no/no/m/763/nc/A,0.66
bo/st/no/no/d/760/nc/A,bo/mu/no/no/m/764/nc/A,0.67
bo/st/no/no/d/760/nc/A,bo/so/yes/no/d/738/nc/A,0.59
bo/st/no/no/d/760/nc/A,bw/mu/no/no/m/156/nc/U,0.66
bo/st/no/no/d/760/nc/A,bo/st/yes/no/d/736/nc/A,0.87
bo/st/no/no/d/760/nc/A,bw/st/no/yes/d/504/nc/U,0.56
bo/st/no/no/d/760/nc/A,bw/so/yes/yes/m/731/nc/A,0.55
bo/st/no/no/d/760/nc/A,bw/st/no/no/m/765/nc/A,0.49
bo/st/no/no/d/760/nc/A,bo/so/no/no/d/762/nc/A,0.39
bo/st/no/no/d/760/nc/A,bo/st/no/yes/m/754/nc/A,0.93
bo/st/no/no/d/760/nc/A,bw/st/no/yes/m/753/nc/A,0.56
bo/st/no/no/d/760/nc/A,bw/st/no/yes/m/216/nc/U,0.56
bo/st/no/no/d/760/nc/A,bo/so/no/yes/m/288/nc/U,0.4
bo/st/no/no/d/760/nc/A,bw/st/yes/no/m/210/nc/U,0.48
bo/st/no/no/d/760/nc/A,bo/st/no/no/m/228/nc/U,1.0
bw/mu/yes/no/m/162/nc/U,bw/mu/no/yes/d/456/nc/U,0.95
bw/mu/yes/no/m/162/nc/U,bw/so/no/no/m/252/nc/U,0.49
bw/mu/yes/no/m/162/nc/U,bw/so/no/yes/m/264/nc/U,0.5
bw/mu/yes/no/m/162/nc/U,bw/st/no/no/d/492/nc/U,0.54
bw/mu/yes/no/m/162/nc/U,bw/mu/yes/no/d/450/nc/U,1.0
bw/mu/yes/no/m/162/nc/U,bo/mu/no/no/d/468/nc/U,0.88
bw/mu/yes/no/m/162/nc/U,bo/mu/yes/yes/m/728/nc/A,0.9
bw/mu/yes/no/m/162/nc/U,bo/st/yes/no/d/522/nc/U,0.65
bw/mu/yes/no/m/162/nc/U,bo/so/yes/yes/d/726/nc/A,0.52
bw/mu/yes/no/m/162/nc/U,bw/mu/yes/yes/d/721/nc/A,0.96
bw/mu/yes/no/m/162/nc/U,bw/so/no/no/d/540/nc/U,0.49
bw/mu/yes/no/m/162/nc/U,bo/so/yes/no/m/744/nc/A,0.49
bw/mu/yes/no/m/162/nc/U,bo/so/no/yes/d/576/nc/U,0.34
bw/mu/yes/no/m/162/nc/U,bw/so/yes/no/m/743/nc/A,0.48
bw/mu/yes/no/m/162/nc/U,bw/mu/yes/yes/m/727/nc/A,0.96
bw/mu/yes/no/m/162/nc/U,bw/st/yes/yes/m/729/nc/A,0.57
bw/mu/yes/no/m/162/nc/U,bo/st/yes/no/m/742/nc/A,0.65
bw/mu/yes/no/m/162/nc/U,bo/so/yes/no/d/570/nc/U,0.49
bw/mu/yes/no/m/162/nc/U,bw/mu/no/yes/d/745/nc/A,0.95
bw/mu/yes/no/m/162/nc/U,bw/so/yes/no/d/546/nc/U,0.48
bw/mu/yes/no/m/162/nc/U,bo/so/no/no/d/564/nc/U,0.33
bw/mu/yes/no/m/162/nc/U,bo/so/no/yes/m/756/nc/A,0.34
bw/mu/yes/no/m/162/nc/U,bw/mu/no/yes/m/751/nc/A,0.95
bw/mu/yes/no/m/162/nc/U,bw/so/no/no/m/767/nc/A,0.49
bw/mu/yes/no/m/162/nc/U,bo/mu/no/no/d/758/nc/A,0.88
bw/mu/yes/no/m/162/nc/U,bw/so/no/yes/d/552/nc/U,0.5
bw/mu/yes/no/m/162/nc/U,bo/st/no/no/d/760/nc/A,0.66
bw/mu/yes/no/m/162/nc/U,bw/mu/yes/no/m/162/nc/U,1.0
bw/mu/yes/no/m/162/nc/U,bo/mu/yes/no/d/734/nc/A,0.93
bw/mu/yes/no/m/162/nc/U,bw/mu/yes/no/d/733/nc/A,1.0
bw/mu/yes/no/m/162/nc/U,bw/st/yes/yes/m/198/nc/U,0.57
bw/mu/yes/no/m/162/nc/U,bw/so/no/no/d/761/nc/A,0.49
bw/mu/yes/no/m/162/nc/U,bo/st/no/no/m/766/nc/A,0.66
bw/mu/yes/no/m/162/nc/U,bw/st/no/no/d/759/nc/A,0.54
bw/mu/yes/no/m/162/nc/U,bo/so/no/yes/d/750/nc/A,0.34
bw/mu/yes/no/m/162/nc/U,bw/mu/no/no/d/757/nc/A,0.98
bw/mu/yes/no/m/162/nc/U,bo/so/no/no/m/768/nc/A,0.33
bw/mu/yes/no/m/162/nc/U,bo/so/yes/yes/m/732/nc/A,0.52
bw/mu/yes/no/m/162/nc/U,bw/st/yes/no/d/735/nc/A,0.52
bw/mu/yes/no/m/162/nc/U,bw/st/yes/yes/d/486/nc/U,0.57
bw/mu/yes/no/m/162/nc/U,bw/mu/no/no/d/444/nc/U,0.98
bw/mu/yes/no/m/162/nc/U,bw/so/yes/yes/m/246/nc/U,0.48
bw/mu/yes/no/m/162/nc/U,bo/so/yes/yes/m/270/nc/U,0.52
bw/mu/yes/no/m/162/nc/U,bo/mu/no/yes/d/480/nc/U,0.87
bw/mu/yes/no/m/162/nc/U,bo/mu/yes/no/d/474/nc/U,0.93
bw/mu/yes/no/m/162/nc/U,bo/st/yes/yes/m/222/nc/U,0.66
bw/mu/yes/no/m/162/nc/U,bo/so/yes/no/m/282/nc/U,0.49
bw/mu/yes/no/m/162/nc/U,bo/so/no/no/m/276/nc/U,0.33
bw/mu/yes/no/m/162/nc/U,bo/st/no/yes/m/240/nc/U,0.69
bw/mu/yes/no/m/162/nc/U,bw/st/no/no/m/204/nc/U,0.54
bw/mu/yes/no/m/162/nc/U,bo/mu/yes/yes/d/462/nc/U,0.9
bw/mu/yes/no/m/162/nc/U,bo/st/yes/no/m/234/nc/U,0.65
bw/mu/yes/no/m/162/nc/U,bw/st/yes/no/d/498/nc/U,0.52
bw/mu/yes/no/m/162/nc/U,bw/mu/yes/yes/d/438/nc/U,0.96
bw/mu/yes/no/m/162/nc/U,bw/so/yes/no/m/258/nc/U,0.48
bw/mu/yes/no/m/162/nc/U,bw/so/no/yes/d/749/nc/A,0.5
bw/mu/yes/no/m/162/nc/U,bo/mu/yes/no/m/740/nc/A,0.93
bw/mu/yes/no/m/162/nc/U,bw/st/no/yes/d/747/nc/A,0.59
bw/mu/yes/no/m/162/nc/U,bo/mu/no/no/m/180/nc/U,0.88
bw/mu/yes/no/m/162/nc/U,bo/mu/yes/yes/m/174/nc/U,0.9
bw/mu/yes/no/m/162/nc/U,bo/st/yes/yes/d/510/nc/U,0.66
bw/mu/yes/no/m/162/nc/U,bo/mu/yes/yes/d/722/nc/A,0.9
bw/mu/yes/no/m/162/nc/U,bw/so/yes/yes/d/725/nc/A,0.48
bw/mu/yes/no/m/162/nc/U,bo/st/no/yes/d/528/nc/U,0.69
bw/mu/yes/no/m/162/nc/U,bo/mu/no/yes/d/746/nc/A,0.87
bw/mu/yes/no/m/162/nc/U,bw/st/yes/no/m/741/nc/A,0.52
bw/mu/yes/no/m/162/nc/U,bo/st/no/yes/d/748/nc/A,0.69
bw/mu/yes/no/m/162/nc/U,bo/mu/yes/no/m/186/nc/U,0.93
bw/mu/yes/no/m/162/nc/U,bo/st/no/no/d/516/nc/U,0.66
bw/mu/yes/no/m/162/nc/U,bo/st/yes/yes/d/724/nc/A,0.66
bw/mu/yes/no/m/162/nc/U,bw/st/yes/yes/d/723/nc/A,0.57
bw/mu/yes/no/m/162/nc/U,bo/mu/no/yes/m/192/nc/U,0.87
bw/mu/yes/no/m/162/nc/U,bo/st/yes/yes/m/730/nc/A,0.66
bw/mu/yes/no/m/162/nc/U,bw/so/yes/no/d/737/nc/A,0.48
bw/mu/yes/no/m/162/nc/U,bw/mu/no/yes/m/168/nc/U,0.95
bw/mu/yes/no/m/162/nc/U,bw/mu/yes/no/m/739/nc/A,1.0
bw/mu/yes/no/m/162/nc/U,bw/mu/yes/yes/m/150/nc/U,0.96
bw/mu/yes/no/m/162/nc/U,bw/so/yes/yes/d/534/nc/U,0.48
bw/mu/yes/no/m/162/nc/U,bo/mu/no/yes/m/752/nc/A,0.87
bw/mu/yes/no/m/162/nc/U,bw/so/no/yes/m/755/nc/A,0.5
bw/mu/yes/no/m/162/nc/U,bo/so/yes/yes/d/558/nc/U,0.52
bw/mu/yes/no/m/162/nc/U,bw/mu/no/no/m/763/nc/A,0.98
bw/mu/yes/no/m/162/nc/U,bo/mu/no/no/m/764/nc/A,0.88
bw/mu/yes/no/m/162/nc/U,bo/so/yes/no/d/738/nc/A,0.49
bw/mu/yes/no/m/162/nc/U,bw/mu/no/no/m/156/nc/U,0.98
bw/mu/yes/no/m/162/nc/U,bo/st/yes/no/d/736/nc/A,0.65
bw/mu/yes/no/m/162/nc/U,bw/st/no/yes/d/504/nc/U,0.59
bw/mu/yes/no/m/162/nc/U,bw/so/yes/yes/m/731/nc/A,0.48
bw/mu/yes/no/m/162/nc/U,bw/st/no/no/m/765/nc/A,0.54
bw/mu/yes/no/m/162/nc/U,bo/so/no/no/d/762/nc/A,0.33
bw/mu/yes/no/m/162/nc/U,bo/st/no/yes/m/754/nc/A,0.69
bw/mu/yes/no/m/162/nc/U,bw/st/no/yes/m/753/nc/A,0.59
bw/mu/yes/no/m/162/nc/U,bw/st/no/yes/m/216/nc/U,0.59
bw/mu/yes/no/m/162/nc/U,bo/so/no/yes/m/288/nc/U,0.34
bw/mu/yes/no/m/162/nc/U,bw/st/yes/no/m/210/nc/U,0.52
bw/mu/yes/no/m/162/nc/U,bo/st/no/no/m/228/nc/U,0.66
bo/mu/yes/no/d/734/nc/A,bw/mu/no/yes/d/456/nc/U,0.91
bo/mu/yes/no/d/734/nc/A,bw/so/no/no/m/252/nc/U,0.49
bo/mu/yes/no/d/734/nc/A,bw/so/no/yes/m/264/nc/U,0.5
bo/mu/yes/no/d/734/nc/A,bw/st/no/no/d/492/nc/U,0.51
bo/mu/yes/no/d/734/nc/A,bw/mu/yes/no/d/450/nc/U,0.93
bo/mu/yes/no/d/734/nc/A,bo/mu/no/no/d/468/nc/U,0.92
bo/mu/yes/no/d/734/nc/A,bo/mu/yes/yes/m/728/nc/A,0.97
bo/mu/yes/no/d/734/nc/A,bo/st/yes/no/d/522/nc/U,0.66
bo/mu/yes/no/d/734/nc/A,bo/so/yes/yes/d/726/nc/A,0.54
bo/mu/yes/no/d/734/nc/A,bw/mu/yes/yes/d/721/nc/A,0.91
bo/mu/yes/no/d/734/nc/A,bw/so/no/no/d/540/nc/U,0.49
bo/mu/yes/no/d/734/nc/A,bo/so/yes/no/m/744/nc/A,0.51
bo/mu/yes/no/d/734/nc/A,bo/so/no/yes/d/576/nc/U,0.36
bo/mu/yes/no/d/734/nc/A,bw/so/yes/no/m/743/nc/A,0.48
bo/mu/yes/no/d/734/nc/A,bw/mu/yes/yes/m/727/nc/A,0.91
bo/mu/yes/no/d/734/nc/A,bw/st/yes/yes/m/729/nc/A,0.55
bo/mu/yes/no/d/734/nc/A,bo/st/yes/no/m/742/nc/A,0.66
bo/mu/yes/no/d/734/nc/A,bo/so/yes/no/d/570/nc/U,0.51
bo/mu/yes/no/d/734/nc/A,bw/mu/no/yes/d/745/nc/A,0.91
bo/mu/yes/no/d/734/nc/A,bw/so/yes/no/d/546/nc/U,0.48
bo/mu/yes/no/d/734/nc/A,bo/so/no/no/d/564/nc/U,0.35
bo/mu/yes/no/d/734/nc/A,bo/so/no/yes/m/756/nc/A,0.36
bo/mu/yes/no/d/734/nc/A,bw/mu/no/yes/m/751/nc/A,0.91
bo/mu/yes/no/d/734/nc/A,bw/so/no/no/m/767/nc/A,0.49
bo/mu/yes/no/d/734/nc/A,bo/mu/no/no/d/758/nc/A,0.92
bo/mu/yes/no/d/734/nc/A,bw/so/no/yes/d/552/nc/U,0.5
bo/mu/yes/no/d/734/nc/A,bo/st/no/no/d/760/nc/A,0.67
bo/mu/yes/no/d/734/nc/A,bw/mu/yes/no/m/162/nc/U,0.93
bo/mu/yes/no/d/734/nc/A,bo/mu/yes/no/d/734/nc/A,1.0
bo/mu/yes/no/d/734/nc/A,bw/mu/yes/no/d/733/nc/A,0.93
bo/mu/yes/no/d/734/nc/A,bw/st/yes/yes/m/198/nc/U,0.55
bo/mu/yes/no/d/734/nc/A,bw/so/no/no/d/761/nc/A,0.49
bo/mu/yes/no/d/734/nc/A,bo/st/no/no/m/766/nc/A,0.67
bo/mu/yes/no/d/734/nc/A,bw/st/no/no/d/759/nc/A,0.51
bo/mu/yes/no/d/734/nc/A,bo/so/no/yes/d/750/nc/A,0.36
bo/mu/yes/no/d/734/nc/A,bw/mu/no/no/d/757/nc/A,0.91
bo/mu/yes/no/d/734/nc/A,bo/so/no/no/m/768/nc/A,0.35
bo/mu/yes/no/d/734/nc/A,bo/so/yes/yes/m/732/nc/A,0.54
bo/mu/yes/no/d/734/nc/A,bw/st/yes/no/d/735/nc/A,0.5
bo/mu/yes/no/d/734/nc/A,bw/st/yes/yes/d/486/nc/U,0.55
bo/mu/yes/no/d/734/nc/A,bw/mu/no/no/d/444/nc/U,0.91
bo/mu/yes/no/d/734/nc/A,bw/so/yes/yes/m/246/nc/U,0.48
bo/mu/yes/no/d/734/nc/A,bo/so/yes/yes/m/270/nc/U,0.54
bo/mu/yes/no/d/734/nc/A,bo/mu/no/yes/d/480/nc/U,0.91
bo/mu/yes/no/d/734/nc/A,bo/mu/yes/no/d/474/nc/U,1.0
bo/mu/yes/no/d/734/nc/A,bo/st/yes/yes/m/222/nc/U,0.67
bo/mu/yes/no/d/734/nc/A,bo/so/yes/no/m/282/nc/U,0.51
bo/mu/yes/no/d/734/nc/A,bo/so/no/no/m/276/nc/U,0.35
bo/mu/yes/no/d/734/nc/A,bo/st/no/yes/m/240/nc/U,0.7
bo/mu/yes/no/d/734/nc/A,bw/st/no/no/m/204/nc/U,0.51
bo/mu/yes/no/d/734/nc/A,bo/mu/yes/yes/d/462/nc/U,0.97
bo/mu/yes/no/d/734/nc/A,bo/st/yes/no/m/234/nc/U,0.66
bo/mu/yes/no/d/734/nc/A,bw/st/yes/no/d/498/nc/U,0.5
bo/mu/yes/no/d/734/nc/A,bw/mu/yes/yes/d/438/nc/U,0.91
bo/mu/yes/no/d/734/nc/A,bw/so/yes/no/m/258/nc/U,0.48
bo/mu/yes/no/d/734/nc/A,bw/so/no/yes/d/749/nc/A,0.5
bo/mu/yes/no/d/734/nc/A,bo/mu/yes/no/m/740/nc/A,1.0
bo/mu/yes/no/d/734/nc/A,bw/st/no/yes/d/747/nc/A,0.57
bo/mu/yes/no/d/734/nc/A,bo/mu/no/no/m/180/nc/U,0.92
bo/mu/yes/no/d/734/nc/A,bo/mu/yes/yes/m/174/nc/U,0.97
bo/mu/yes/no/d/734/nc/A,bo/st/yes/yes/d/510/nc/U,0.67
bo/mu/yes/no/d/734/nc/A,bo/mu/yes/yes/d/722/nc/A,0.97
bo/mu/yes/no/d/734/nc/A,bw/so/yes/yes/d/725/nc/A,0.48
bo/mu/yes/no/d/734/nc/A,bo/st/no/yes/d/528/nc/U,0.7
bo/mu/yes/no/d/734/nc/A,bo/mu/no/yes/d/746/nc/A,0.91
bo/mu/yes/no/d/734/nc/A,bw/st/yes/no/m/741/nc/A,0.5
bo/mu/yes/no/d/734/nc/A,bo/st/no/yes/d/748/nc/A,0.7
bo/mu/yes/no/d/734/nc/A,bo/mu/yes/no/m/186/nc/U,1.0
bo/mu/yes/no/d/734/nc/A,bo/st/no/no/d/516/nc/U,0.67
bo/mu/yes/no/d/734/nc/A,bo/st/yes/yes/d/724/nc/A,0.67
bo/mu/yes/no/d/734/nc/A,bw/st/yes/yes/d/723/nc/A,0.55
bo/mu/yes/no/d/734/nc/A,bo/mu/no/yes/m/192/nc/U,0.91
bo/mu/yes/no/d/734/nc/A,bo/st/yes/yes/m/730/nc/A,0.67
bo/mu/yes/no/d/734/nc/A,bw/so/yes/no/d/737/nc/A,0.48
bo/mu/yes/no/d/734/nc/A,bw/mu/no/yes/m/168/nc/U,0.91
bo/mu/yes/no/d/734/nc/A,bw/mu/yes/no/m/739/nc/A,0.93
bo/mu/yes/no/d/734/nc/A,bw/mu/yes/yes/m/150/nc/U,0.91
bo/mu/yes/no/d/734/nc/A,bw/so/yes/yes/d/534/nc/U,0.48
bo/mu/yes/no/d/734/nc/A,bo/mu/no/yes/m/752/nc/A,0.91
bo/mu/yes/no/d/734/nc/A,bw/so/no/yes/m/755/nc/A,0.5
bo/mu/yes/no/d/734/nc/A,bo/so/yes/yes/d/558/nc/U,0.54
bo/mu/yes/no/d/734/nc/A,bw/mu/no/no/m/763/nc/A,0.91
bo/mu/yes/no/d/734/nc/A,bo/mu/no/no/m/764/nc/A,0.92
bo/mu/yes/no/d/734/nc/A,bo/so/yes/no/d/738/nc/A,0.51
bo/mu/yes/no/d/734/nc/A,bw/mu/no/no/m/156/nc/U,0.91
bo/mu/yes/no/d/734/nc/A,bo/st/yes/no/d/736/nc/A,0.66
bo/mu/yes/no/d/734/nc/A,bw/st/no/yes/d/504/nc/U,0.57
bo/mu/yes/no/d/734/nc/A,bw/so/yes/yes/m/731/nc/A,0.48
bo/mu/yes/no/d/734/nc/A,bw/st/no/no/m/765/nc/A,0.51
bo/mu/yes/no/d/734/nc/A,bo/so/no/no/d/762/nc/A,0.35
bo/mu/yes/no/d/734/nc/A,bo/st/no/yes/m/754/nc/A,0.7
bo/mu/yes/no/d/734/nc/A,bw/st/no/yes/m/753/nc/A,0.57
bo/mu/yes/no/d/734/nc/A,bw/st/no/yes/m/216/nc/U,0.57
bo/mu/yes/no/d/734/nc/A,bo/so/no/yes/m/288/nc/U,0.36
bo/mu/yes/no/d/734/nc/A,bw/st/yes/no/m/210/nc/U,0.5
bo/mu/yes/no/d/734/nc/A,bo/st/no/no/m/228/nc/U,0.67
bw/mu/yes/no/d/733/nc/A,bw/mu/no/yes/d/456/nc/U,0.95
bw/mu/yes/no/d/733/nc/A,bw/so/no/no/m/252/nc/U,0.49
bw/mu/yes/no/d/733/nc/A,bw/so/no/yes/m/264/nc/U,0.5
bw/mu/yes/no/d/733/nc/A,bw/st/no/no/d/492/nc/U,0.54
bw/mu/yes/no/d/733/nc/A,bw/mu/yes/no/d/450/nc/U,1.0
bw/mu/yes/no/d/733/nc/A,bo/mu/no/no/d/468/nc/U,0.88
bw/mu/yes/no/d/733/nc/A,bo/mu/yes/yes/m/728/nc/A,0.9
bw/mu/yes/no/d/733/nc/A,bo/st/yes/no/d/522/nc/U,0.65
bw/mu/yes/no/d/733/nc/A,bo/so/yes/yes/d/726/nc/A,0.52
bw/mu/yes/no/d/733/nc/A,bw/mu/yes/yes/d/721/nc/A,0.96
bw/mu/yes/no/d/733/nc/A,bw/so/no/no/d/540/nc/U,0.49
bw/mu/yes/no/d/733/nc/A,bo/so/yes/no/m/744/nc/A,0.49
bw/mu/yes/no/d/733/nc/A,bo/so/no/yes/d/576/nc/U,0.34
bw/mu/yes/no/d/733/nc/A,bw/so/yes/no/m/743/nc/A,0.48
bw/mu/yes/no/d/733/nc/A,bw/mu/yes/yes/m/727/nc/A,0.96
bw/mu/yes/no/d/733/nc/A,bw/st/yes/yes/m/729/nc/A,0.57
bw/mu/yes/no/d/733/nc/A,bo/st/yes/no/m/742/nc/A,0.65
bw/mu/yes/no/d/733/nc/A,bo/so/yes/no/d/570/nc/U,0.49
bw/mu/yes/no/d/733/nc/A,bw/mu/no/yes/d/745/nc/A,0.95
bw/mu/yes/no/d/733/nc/A,bw/so/yes/no/d/546/nc/U,0.48
bw/mu/yes/no/d/733/nc/A,bo/so/no/no/d/564/nc/U,0.33
bw/mu/yes/no/d/733/nc/A,bo/so/no/yes/m/756/nc/A,0.34
bw/mu/yes/no/d/733/nc/A,bw/mu/no/yes/m/751/nc/A,0.95
bw/mu/yes/no/d/733/nc/A,bw/so/no/no/m/767/nc/A,0.49
bw/mu/yes/no/d/733/nc/A,bo/mu/no/no/d/758/nc/A,0.88
bw/mu/yes/no/d/733/nc/A,bw/so/no/yes/d/552/nc/U,0.5
bw/mu/yes/no/d/733/nc/A,bo/st/no/no/d/760/nc/A,0.66
bw/mu/yes/no/d/733/nc/A,bw/mu/yes/no/m/162/nc/U,1.0
bw/mu/yes/no/d/733/nc/A,bo/mu/yes/no/d/734/nc/A,0.93
bw/mu/yes/no/d/733/nc/A,bw/mu/yes/no/d/733/nc/A,1.0
bw/mu/yes/no/d/733/nc/A,bw/st/yes/yes/m/198/nc/U,0.57
bw/mu/yes/no/d/733/nc/A,bw/so/no/no/d/761/nc/A,0.49
bw/mu/yes/no/d/733/nc/A,bo/st/no/no/m/766/nc/A,0.66
bw/mu/yes/no/d/733/nc/A,bw/st/no/no/d/759/nc/A,0.54
bw/mu/yes/no/d/733/nc/A,bo/so/no/yes/d/750/nc/A,0.34
bw/mu/yes/no/d/733/nc/A,bw/mu/no/no/d/757/nc/A,0.98
bw/mu/yes/no/d/733/nc/A,bo/so/no/no/m/768/nc/A,0.33
bw/mu/yes/no/d/733/nc/A,bo/so/yes/yes/m/732/nc/A,0.52
bw/mu/yes/no/d/733/nc/A,bw/st/yes/no/d/735/nc/A,0.52
bw/mu/yes/no/d/733/nc/A,bw/st/yes/yes/d/486/nc/U,0.57
bw/mu/yes/no/d/733/nc/A,bw/mu/no/no/d/444/nc/U,0.98
bw/mu/yes/no/d/733/nc/A,bw/so/yes/yes/m/246/nc/U,0.48
bw/mu/yes/no/d/733/nc/A,bo/so/yes/yes/m/270/nc/U,0.52
bw/mu/yes/no/d/733/nc/A,bo/mu/no/yes/d/480/nc/U,0.87
bw/mu/yes/no/d/733/nc/A,bo/mu/yes/no/d/474/nc/U,0.93
bw/mu/yes/no/d/733/nc/A,bo/st/yes/yes/m/222/nc/U,0.66
bw/mu/yes/no/d/733/nc/A,bo/so/yes/no/m/282/nc/U,0.49
bw/mu/yes/no/d/733/nc/A,bo/so/no/no/m/276/nc/U,0.33
bw/mu/yes/no/d/733/nc/A,bo/st/no/yes/m/240/nc/U,0.69
bw/mu/yes/no/d/733/nc/A,bw/st/no/no/m/204/nc/U,0.54
bw/mu/yes/no/d/733/nc/A,bo/mu/yes/yes/d/462/nc/U,0.9
bw/mu/yes/no/d/733/nc/A,bo/st/yes/no/m/234/nc/U,0.65
bw/mu/yes/no/d/733/nc/A,bw/st/yes/no/d/498/nc/U,0.52
bw/mu/yes/no/d/733/nc/A,bw/mu/yes/yes/d/438/nc/U,0.96
bw/mu/yes/no/d/733/nc/A,bw/so/yes/no/m/258/nc/U,0.48
bw/mu/yes/no/d/733/nc/A,bw/so/no/yes/d/749/nc/A,0.5
bw/mu/yes/no/d/733/nc/A,bo/mu/yes/no/m/740/nc/A,0.93
bw/mu/yes/no/d/733/nc/A,bw/st/no/yes/d/747/nc/A,0.59
bw/mu/yes/no/d/733/nc/A,bo/mu/no/no/m/180/nc/U,0.88
bw/mu/yes/no/d/733/nc/A,bo/mu/yes/yes/m/174/nc/U,0.9
bw/mu/yes/no/d/733/nc/A,bo/st/yes/yes/d/510/nc/U,0.66
bw/mu/yes/no/d/733/nc/A,bo/mu/yes/yes/d/722/nc/A,0.9
bw/mu/yes/no/d/733/nc/A,bw/so/yes/yes/d/725/nc/A,0.48
bw/mu/yes/no/d/733/nc/A,bo/st/no/yes/d/528/nc/U,0.69
bw/mu/yes/no/d/733/nc/A,bo/mu/no/yes/d/746/nc/A,0.87
bw/mu/yes/no/d/733/nc/A,bw/st/yes/no/m/741/nc/A,0.52
bw/mu/yes/no/d/733/nc/A,bo/st/no/yes/d/748/nc/A,0.69
bw/mu/yes/no/d/733/nc/A,bo/mu/yes/no/m/186/nc/U,0.93
bw/mu/yes/no/d/733/nc/A,bo/st/no/no/d/516/nc/U,0.66
bw/mu/yes/no/d/733/nc/A,bo/st/yes/yes/d/724/nc/A,0.66
bw/mu/yes/no/d/733/nc/A,bw/st/yes/yes/d/723/nc/A,0.57
bw/mu/yes/no/d/733/nc/A,bo/mu/no/yes/m/192/nc/U,0.87
bw/mu/yes/no/d/733/nc/A,bo/st/yes/yes/m/730/nc/A,0.66
bw/mu/yes/no/d/733/nc/A,bw/so/yes/no/d/737/nc/A,0.48
bw/mu/yes/no/d/733/nc/A,bw/mu/no/yes/m/168/nc/U,0.95
bw/mu/yes/no/d/733/nc/A,bw/mu/yes/no/m/739/nc/A,1.0
bw/mu/yes/no/d/733/nc/A,bw/mu/yes/yes/m/150/nc/U,0.96
bw/mu/yes/no/d/733/nc/A,bw/so/yes/yes/d/534/nc/U,0.48
bw/mu/yes/no/d/733/nc/A,bo/mu/no/yes/m/752/nc/A,0.87
bw/mu/yes/no/d/733/nc/A,bw/so/no/yes/m/755/nc/A,0.5
bw/mu/yes/no/d/733/nc/A,bo/so/yes/yes/d/558/nc/U,0.52
bw/mu/yes/no/d/733/nc/A,bw/mu/no/no/m/763/nc/A,0.98
bw/mu/yes/no/d/733/nc/A,bo/mu/no/no/m/764/nc/A,0.88
bw/mu/yes/no/d/733/nc/A,bo/so/yes/no/d/738/nc/A,0.49
bw/mu/yes/no/d/733/nc/A,bw/mu/no/no/m/156/nc/U,0.98
bw/mu/yes/no/d/733/nc/A,bo/st/yes/no/d/736/nc/A,0.65
bw/mu/yes/no/d/733/nc/A,bw/st/no/yes/d/504/nc/U,0.59
bw/mu/yes/no/d/733/nc/A,bw/so/yes/yes/m/731/nc/A,0.48
bw/mu/yes/no/d/733/nc/A,bw/st/no/no/m/765/nc/A,0.54
bw/mu/yes/no/d/733/nc/A,bo/so/no/no/d/762/nc/A,0.33
bw/mu/yes/no/d/733/nc/A,bo/st/no/yes/m/754/nc/A,0.69
bw/mu/yes/no/d/733/nc/A,bw/st/no/yes/m/753/nc/A,0.59
bw/mu/yes/no/d/733/nc/A,bw/st/no/yes/m/216/nc/U,0.59
bw/mu/yes/no/d/733/nc/A,bo/so/no/yes/m/288/nc/U,0.34
bw/mu/yes/no/d/733/nc/A,bw/st/yes/no/m/210/nc/U,0.52
bw/mu/yes/no/d/733/nc/A,bo/st/no/no/m/228/nc/U,0.66
bw/st/yes/yes/m/198/nc/U,bw/mu/no/yes/d/456/nc/U,0.57
bw/st/yes/yes/m/198/nc/U,bw/so/no/no/m/252/nc/U,0.46
bw/st/yes/yes/m/198/nc/U,bw/so/no/yes/m/264/nc/U,0.46
bw/st/yes/yes/m/198/nc/U,bw/st/no/no/d/492/nc/U,0.81
bw/st/yes/yes/m/198/nc/U,bw/mu/yes/no/d/450/nc/U,0.57
bw/st/yes/yes/m/198/nc/U,bo/mu/no/no/d/468/nc/U,0.53
bw/st/yes/yes/m/198/nc/U,bo/mu/yes/yes/m/728/nc/A,0.54
bw/st/yes/yes/m/198/nc/U,bo/st/yes/no/d/522/nc/U,0.57
bw/st/yes/yes/m/198/nc/U,bo/so/yes/yes/d/726/nc/A,0.46
bw/st/yes/yes/m/198/nc/U,bw/mu/yes/yes/d/721/nc/A,0.57
bw/st/yes/yes/m/198/nc/U,bw/so/no/no/d/540/nc/U,0.46
bw/st/yes/yes/m/198/nc/U,bo/so/yes/no/m/744/nc/A,0.44
bw/st/yes/yes/m/198/nc/U,bo/so/no/yes/d/576/nc/U,0.27
bw/st/yes/yes/m/198/nc/U,bw/so/yes/no/m/743/nc/A,0.46
bw/st/yes/yes/m/198/nc/U,bw/mu/yes/yes/m/727/nc/A,0.57
bw/st/yes/yes/m/198/nc/U,bw/st/yes/yes/m/729/nc/A,1.0
bw/st/yes/yes/m/198/nc/U,bo/st/yes/no/m/742/nc/A,0.57
bw/st/yes/yes/m/198/nc/U,bo/so/yes/no/d/570/nc/U,0.44
bw/st/yes/yes/m/198/nc/U,bw/mu/no/yes/d/745/nc/A,0.57
bw/st/yes/yes/m/198/nc/U,bw/so/yes/no/d/546/nc/U,0.46
bw/st/yes/yes/m/198/nc/U,bo/so/no/no/d/564/nc/U,0.28
bw/st/yes/yes/m/198/nc/U,bo/so/no/yes/m/756/nc/A,0.27
bw/st/yes/yes/m/198/nc/U,bw/mu/no/yes/m/751/nc/A,0.57
bw/st/yes/yes/m/198/nc/U,bw/so/no/no/m/767/nc/A,0.46
bw/st/yes/yes/m/198/nc/U,bo/mu/no/no/d/758/nc/A,0.53
bw/st/yes/yes/m/198/nc/U,bw/so/no/yes/d/552/nc/U,0.46
bw/st/yes/yes/m/198/nc/U,bo/st/no/no/d/760/nc/A,0.53
bw/st/yes/yes/m/198/nc/U,bw/mu/yes/no/m/162/nc/U,0.57
bw/st/yes/yes/m/198/nc/U,bo/mu/yes/no/d/734/nc/A,0.55
bw/st/yes/yes/m/198/nc/U,bw/mu/yes/no/d/733/nc/A,0.57
bw/st/yes/yes/m/198/nc/U,bw/st/yes/yes/m/198/nc/U,1.0
bw/st/yes/yes/m/198/nc/U,bw/so/no/no/d/761/nc/A,0.46
bw/st/yes/yes/m/198/nc/U,bo/st/no/no/m/766/nc/A,0.53
bw/st/yes/yes/m/198/nc/U,bw/st/no/no/d/759/nc/A,0.81
bw/st/yes/yes/m/198/nc/U,bo/so/no/yes/d/750/nc/A,0.27
bw/st/yes/yes/m/198/nc/U,bw/mu/no/no/d/757/nc/A,0.57
bw/st/yes/yes/m/198/nc/U,bo/so/no/no/m/768/nc/A,0.28
bw/st/yes/yes/m/198/nc/U,bo/so/yes/yes/m/732/nc/A,0.46
bw/st/yes/yes/m/198/nc/U,bw/st/yes/no/d/735/nc/A,0.87
bw/st/yes/yes/m/198/nc/U,bw/st/yes/yes/d/486/nc/U,1.0
bw/st/yes/yes/m/198/nc/U,bw/mu/no/no/d/444/nc/U,0.57
bw/st/yes/yes/m/198/nc/U,bw/so/yes/yes/m/246/nc/U,0.47
bw/st/yes/yes/m/198/nc/U,bo/so/yes/yes/m/270/nc/U,0.46
bw/st/yes/yes/m/198/nc/U,bo/mu/no/yes/d/480/nc/U,0.53
bw/st/yes/yes/m/198/nc/U,bo/mu/yes/no/d/474/nc/U,0.55
bw/st/yes/yes/m/198/nc/U,bo/st/yes/yes/m/222/nc/U,0.56
bw/st/yes/yes/m/198/nc/U,bo/so/yes/no/m/282/nc/U,0.44
bw/st/yes/yes/m/198/nc/U,bo/so/no/no/m/276/nc/U,0.28
bw/st/yes/yes/m/198/nc/U,bo/st/no/yes/m/240/nc/U,0.53
bw/st/yes/yes/m/198/nc/U,bw/st/no/no/m/204/nc/U,0.81
bw/st/yes/yes/m/198/nc/U,bo/mu/yes/yes/d/462/nc/U,0.54
bw/st/yes/yes/m/198/nc/U,bo/st/yes/no/m/234/nc/U,0.57
bw/st/yes/yes/m/198/nc/U,bw/st/yes/no/d/498/nc/U,0.87
bw/st/yes/yes/m/198/nc/U,bw/mu/yes/yes/d/438/nc/U,0.57
bw/st/yes/yes/m/198/nc/U,bw/so/yes/no/m/258/nc/U,0.46
bw/st/yes/yes/m/198/nc/U,bw/so/no/yes/d/749/nc/A,0.46
bw/st/yes/yes/m/198/nc/U,bo/mu/yes/no/m/740/nc/A,0.55
bw/st/yes/yes/m/198/nc/U,bw/st/no/yes/d/747/nc/A,0.89
bw/st/yes/yes/m/198/nc/U,bo/mu/no/no/m/180/nc/U,0.53
bw/st/yes/yes/m/198/nc/U,bo/mu/yes/yes/m/174/nc/U,0.54
bw/st/yes/yes/m/198/nc/U,bo/st/yes/yes/d/510/nc/U,0.56
bw/st/yes/yes/m/198/nc/U,bo/mu/yes/yes/d/722/nc/A,0.54
bw/st/yes/yes/m/198/nc/U,bw/so/yes/yes/d/725/nc/A,0.47
bw/st/yes/yes/m/198/nc/U,bo/st/no/yes/d/528/nc/U,0.53
bw/st/yes/yes/m/198/nc/U,bo/mu/no/yes/d/746/nc/A,0.53
bw/st/yes/yes/m/198/nc/U,bw/st/yes/no/m/741/nc/A,0.87
bw/st/yes/yes/m/198/nc/U,bo/st/no/yes/d/748/nc/A,0.53
bw/st/yes/yes/m/198/nc/U,bo/mu/yes/no/m/186/nc/U,0.55
bw/st/yes/yes/m/198/nc/U,bo/st/no/no/d/516/nc/U,0.53
bw/st/yes/yes/m/198/nc/U,bo/st/yes/yes/d/724/nc/A,0.56
bw/st/yes/yes/m/198/nc/U,bw/st/yes/yes/d/723/nc/A,1.0
bw/st/yes/yes/m/198/nc/U,bo/mu/no/yes/m/192/nc/U,0.53
bw/st/yes/yes/m/198/nc/U,bo/st/yes/yes/m/730/nc/A,0.56
bw/st/yes/yes/m/198/nc/U,bw/so/yes/no/d/737/nc/A,0.46
bw/st/yes/yes/m/198/nc/U,bw/mu/no/yes/m/168/nc/U,0.57
bw/st/yes/yes/m/198/nc/U,bw/mu/yes/no/m/739/nc/A,0.57
bw/st/yes/yes/m/198/nc/U,bw/mu/yes/yes/m/150/nc/U,0.57
bw/st/yes/yes/m/198/nc/U,bw/so/yes/yes/d/534/nc/U,0.47
bw/st/yes/yes/m/198/nc/U,bo/mu/no/yes/m/752/nc/A,0.53
bw/st/yes/yes/m/198/nc/U,bw/so/no/yes/m/755/nc/A,0.46
bw/st/yes/yes/m/198/nc/U,bo/so/yes/yes/d/558/nc/U,0.46
bw/st/yes/yes/m/198/nc/U,bw/mu/no/no/m/763/nc/A,0.57
bw/st/yes/yes/m/198/nc/U,bo/mu/no/no/m/764/nc/A,0.53
bw/st/yes/yes/m/198/nc/U,bo/so/yes/no/d/738/nc/A,0.44
bw/st/yes/yes/m/198/nc/U,bw/mu/no/no/m/156/nc/U,0.57
bw/st/yes/yes/m/198/nc/U,bo/st/yes/no/d/736/nc/A,0.57
bw/st/yes/yes/m/198/nc/U,bw/st/no/yes/d/504/nc/U,0.89
bw/st/yes/yes/m/198/nc/U,bw/so/yes/yes/m/731/nc/A,0.47
bw/st/yes/yes/m/198/nc/U,bw/st/no/no/m/765/nc/A,0.81
bw/st/yes/yes/m/198/nc/U,bo/so/no/no/d/762/nc/A,0.28
bw/st/yes/yes/m/198/nc/U,bo/st/no/yes/m/754/nc/A,0.53
bw/st/yes/yes/m/198/nc/U,bw/st/no/yes/m/753/nc/A,0.89
bw/st/yes/yes/m/198/nc/U,bw/st/no/yes/m/216/nc/U,0.89
bw/st/yes/yes/m/198/nc/U,bo/so/no/yes/m/288/nc/U,0.27
bw/st/yes/yes/m/198/nc/U,bw/st/yes/no/m/210/nc/U,0.87
bw/st/yes/yes/m/198/nc/U,bo/st/no/no/m/228/nc/U,0.53
bw/so/no/no/d/761/nc/A,bw/mu/no/yes/d/456/nc/U,0.49
bw/so/no/no/d/761/nc/A,bw/so/no/no/m/252/nc/U,1.0
bw/so/no/no/d/761/nc/A,bw/so/no/yes/m/264/nc/U,0.89
bw/so/no/no/d/761/nc/A,bw/st/no/no/d/492/nc/U,0.43
bw/so/no/no/d/761/nc/A,bw/mu/yes/no/d/450/nc/U,0.49
bw/so/no/no/d/761/nc/A,bo/mu/no/no/d/468/nc/U,0.49
bw/so/no/no/d/761/nc/A,bo/mu/yes/yes/m/728/nc/A,0.49
bw/so/no/no/d/761/nc/A,bo/st/yes/no/d/522/nc/U,0.55
bw/so/no/no/d/761/nc/A,bo/so/yes/yes/d/726/nc/A,0.61
bw/so/no/no/d/761/nc/A,bw/mu/yes/yes/d/721/nc/A,0.49
bw/so/no/no/d/761/nc/A,bw/so/no/no/d/540/nc/U,1.0
bw/so/no/no/d/761/nc/A,bo/so/yes/no/m/744/nc/A,0.66
bw/so/no/no/d/761/nc/A,bo/so/no/yes/d/576/nc/U,0.38
bw/so/no/no/d/761/nc/A,bw/so/yes/no/m/743/nc/A,0.86
bw/so/no/no/d/761/nc/A,bw/mu/yes/yes/m/727/nc/A,0.49
bw/so/no/no/d/761/nc/A,bw/st/yes/yes/m/729/nc/A,0.46
bw/so/no/no/d/761/nc/A,bo/st/yes/no/m/742/nc/A,0.55
bw/so/no/no/d/761/nc/A,bo/so/yes/no/d/570/nc/U,0.66
bw/so/no/no/d/761/nc/A,bw/mu/no/yes/d/745/nc/A,0.49
bw/so/no/no/d/761/nc/A,bw/so/yes/no/d/546/nc/U,0.86
bw/so/no/no/d/761/nc/A,bo/so/no/no/d/564/nc/U,0.42
bw/so/no/no/d/761/nc/A,bo/so/no/yes/m/756/nc/A,0.38
bw/so/no/no/d/761/nc/A,bw/mu/no/yes/m/751/nc/A,0.49
bw/so/no/no/d/761/nc/A,bw/so/no/no/m/767/nc/A,1.0
bw/so/no/no/d/761/nc/A,bo/mu/no/no/d/758/nc/A,0.49
bw/so/no/no/d/761/nc/A,bw/so/no/yes/d/552/nc/U,0.89
bw/so/no/no/d/761/nc/A,bo/st/no/no/d/760/nc/A,0.56
bw/so/no/no/d/761/nc/A,bw/mu/yes/no/m/162/nc/U,0.49
bw/so/no/no/d/761/nc/A,bo/mu/yes/no/d/734/nc/A,0.49
bw/so/no/no/d/761/nc/A,bw/mu/yes/no/d/733/nc/A,0.49
bw/so/no/no/d/761/nc/A,bw/st/yes/yes/m/198/nc/U,0.46
bw/so/no/no/d/761/nc/A,bw/so/no/no/d/761/nc/A,1.0
bw/so/no/no/d/761/nc/A,bo/st/no/no/m/766/nc/A,0.56
bw/so/no/no/d/761/nc/A,bw/st/no/no/d/759/nc/A,0.43
bw/so/no/no/d/761/nc/A,bo/so/no/yes/d/750/nc/A,0.38
bw/so/no/no/d/761/nc/A,bw/mu/no/no/d/757/nc/A,0.49
bw/so/no/no/d/761/nc/A,bo/so/no/no/m/768/nc/A,0.42
bw/so/no/no/d/761/nc/A,bo/so/yes/yes/m/732/nc/A,0.61
bw/so/no/no/d/761/nc/A,bw/st/yes/no/d/735/nc/A,0.42
bw/so/no/no/d/761/nc/A,bw/st/yes/yes/d/486/nc/U,0.46
bw/so/no/no/d/761/nc/A,bw/mu/no/no/d/444/nc/U,0.49
bw/so/no/no/d/761/nc/A,bw/so/yes/yes/m/246/nc/U,0.8
bw/so/no/no/d/761/nc/A,bo/so/yes/yes/m/270/nc/U,0.61
bw/so/no/no/d/761/nc/A,bo/mu/no/yes/d/480/nc/U,0.49
bw/so/no/no/d/761/nc/A,bo/mu/yes/no/d/474/nc/U,0.49
bw/so/no/no/d/761/nc/A,bo/st/yes/yes/m/222/nc/U,0.55
bw/so/no/no/d/761/nc/A,bo/so/yes/no/m/282/nc/U,0.66
bw/so/no/no/d/761/nc/A,bo/so/no/no/m/276/nc/U,0.42
bw/so/no/no/d/761/nc/A,bo/st/no/yes/m/240/nc/U,0.55
bw/so/no/no/d/761/nc/A,bw/st/no/no/m/204/nc/U,0.43
bw/so/no/no/d/761/nc/A,bo/mu/yes/yes/d/462/nc/U,0.49
bw/so/no/no/d/761/nc/A,bo/st/yes/no/m/234/nc/U,0.55
bw/so/no/no/d/761/nc/A,bw/st/yes/no/d/498/nc/U,0.42
bw/so/no/no/d/761/nc/A,bw/mu/yes/yes/d/438/nc/U,0.49
bw/so/no/no/d/761/nc/A,bw/so/yes/no/m/258/nc/U,0.86
bw/so/no/no/d/761/nc/A,bw/so/no/yes/d/749/nc/A,0.89
bw/so/no/no/d/761/nc/A,bo/mu/yes/no/m/740/nc/A,0.49
bw/so/no/no/d/761/nc/A,bw/st/no/yes/d/747/nc/A,0.47
bw/so/no/no/d/761/nc/A,bo/mu/no/no/m/180/nc/U,0.49
bw/so/no/no/d/761/nc/A,bo/mu/yes/yes/m/174/nc/U,0.49
bw/so/no/no/d/761/nc/A,bo/st/yes/yes/d/510/nc/U,0.55
bw/so/no/no/d/761/nc/A,bo/mu/yes/yes/d/722/nc/A,0.49
bw/so/no/no/d/761/nc/A,bw/so/yes/yes/d/725/nc/A,0.8
bw/so/no/no/d/761/nc/A,bo/st/no/yes/d/528/nc/U,0.55
bw/so/no/no/d/761/nc/A,bo/mu/no/yes/d/746/nc/A,0.49
bw/so/no/no/d/761/nc/A,bw/st/yes/no/m/741/nc/A,0.42
bw/so/no/no/d/761/nc/A,bo/st/no/yes/d/748/nc/A,0.55
bw/so/no/no/d/761/nc/A,bo/mu/yes/no/m/186/nc/U,0.49
bw/so/no/no/d/761/nc/A,bo/st/no/no/d/516/nc/U,0.56
bw/so/no/no/d/761/nc/A,bo/st/yes/yes/d/724/nc/A,0.55
bw/so/no/no/d/761/nc/A,bw/st/yes/yes/d/723/nc/A,0.46
bw/so/no/no/d/761/nc/A,bo/mu/no/yes/m/192/nc/U,0.49
bw/so/no/no/d/761/nc/A,bo/st/yes/yes/m/730/nc/A,0.55
bw/so/no/no/d/761/nc/A,bw/so/yes/no/d/737/nc/A,0.86
bw/so/no/no/d/761/nc/A,bw/mu/no/yes/m/168/nc/U,0.49
bw/so/no/no/d/761/nc/A,bw/mu/yes/no/m/739/nc/A,0.49
bw/so/no/no/d/761/nc/A,bw/mu/yes/yes/m/150/nc/U,0.49
bw/so/no/no/d/761/nc/A,bw/so/yes/yes/d/534/nc/U,0.8
bw/so/no/no/d/761/nc/A,bo/mu/no/yes/m/752/nc/A,0.49
bw/so/no/no/d/761/nc/A,bw/so/no/yes/m/755/nc/A,0.89
bw/so/no/no/d/761/nc/A,bo/so/yes/yes/d/558/nc/U,0.61
bw/so/no/no/d/761/nc/A,bw/mu/no/no/m/763/nc/A,0.49
bw/so/no/no/d/761/nc/A,bo/mu/no/no/m/764/nc/A,0.49
bw/so/no/no/d/761/nc/A,bo/so/yes/no/d/738/nc/A,0.66
bw/so/no/no/d/761/nc/A,bw/mu/no/no/m/156/nc/U,0.49
bw/so/no/no/d/761/nc/A,bo/st/yes/no/d/736/nc/A,0.55
bw/so/no/no/d/761/nc/A,bw/st/no/yes/d/504/nc/U,0.47
bw/so/no/no/d/761/nc/A,bw/so/yes/yes/m/731/nc/A,0.8
bw/so/no/no/d/761/nc/A,bw/st/no/no/m/765/nc/A,0.43
bw/so/no/no/d/761/nc/A,bo/so/no/no/d/762/nc/A,0.42
bw/so/no/no/d/761/nc/A,bo/st/no/yes/m/754/nc/A,0.55
bw/so/no/no/d/761/nc/A,bw/st/no/yes/m/753/nc/A,0.47
bw/so/no/no/d/761/nc/A,bw/st/no/yes/m/216/nc/U,0.47
bw/so/no/no/d/761/nc/A,bo/so/no/yes/m/288/nc/U,0.38
bw/so/no/no/d/761/nc/A,bw/st/yes/no/m/210/nc/U,0.42
bw/so/no/no/d/761/nc/A,bo/st/no/no/m/228/nc/U,0.56
bo/st/no/no/m/766/nc/A,bw/mu/no/yes/d/456/nc/U,0.66
bo/st/no/no/m/766/nc/A,bw/so/no/no/m/252/nc/U,0.56
bo/st/no/no/m/766/nc/A,bw/so/no/yes/m/264/nc/U,0.57
bo/st/no/no/m/766/nc/A,bw/st/no/no/d/492/nc/U,0.49
bo/st/no/no/m/766/nc/A,bw/mu/yes/no/d/450/nc/U,0.66
bo/st/no/no/m/766/nc/A,bo/mu/no/no/d/468/nc/U,0.67
bo/st/no/no/m/766/nc/A,bo/mu/yes/yes/m/728/nc/A,0.67
bo/st/no/no/m/766/nc/A,bo/st/yes/no/d/522/nc/U,0.87
bo/st/no/no/m/766/nc/A,bo/so/yes/yes/d/726/nc/A,0.61
bo/st/no/no/m/766/nc/A,bw/mu/yes/yes/d/721/nc/A,0.66
bo/st/no/no/m/766/nc/A,bw/so/no/no/d/540/nc/U,0.56
bo/st/no/no/m/766/nc/A,bo/so/yes/no/m/744/nc/A,0.59
bo/st/no/no/m/766/nc/A,bo/so/no/yes/d/576/nc/U,0.4
bo/st/no/no/m/766/nc/A,bw/so/yes/no/m/743/nc/A,0.54
bo/st/no/no/m/766/nc/A,bw/mu/yes/yes/m/727/nc/A,0.66
bo/st/no/no/m/766/nc/A,bw/st/yes/yes/m/729/nc/A,0.53
bo/st/no/no/m/766/nc/A,bo/st/yes/no/m/742/nc/A,0.87
bo/st/no/no/m/766/nc/A,bo/so/yes/no/d/570/nc/U,0.59
bo/st/no/no/m/766/nc/A,bw/mu/no/yes/d/745/nc/A,0.66
bo/st/no/no/m/766/nc/A,bw/so/yes/no/d/546/nc/U,0.54
bo/st/no/no/m/766/nc/A,bo/so/no/no/d/564/nc/U,0.39
bo/st/no/no/m/766/nc/A,bo/so/no/yes/m/756/nc/A,0.4
bo/st/no/no/m/766/nc/A,bw/mu/no/yes/m/751/nc/A,0.66
bo/st/no/no/m/766/nc/A,bw/so/no/no/m/767/nc/A,0.56
bo/st/no/no/m/766/nc/A,bo/mu/no/no/d/758/nc/A,0.67
bo/st/no/no/m/766/nc/A,bw/so/no/yes/d/552/nc/U,0.57
bo/st/no/no/m/766/nc/A,bo/st/no/no/d/760/nc/A,1.0
bo/st/no/no/m/766/nc/A,bw/mu/yes/no/m/162/nc/U,0.66
bo/st/no/no/m/766/nc/A,bo/mu/yes/no/d/734/nc/A,0.67
bo/st/no/no/m/766/nc/A,bw/mu/yes/no/d/733/nc/A,0.66
bo/st/no/no/m/766/nc/A,bw/st/yes/yes/m/198/nc/U,0.53
bo/st/no/no/m/766/nc/A,bw/so/no/no/d/761/nc/A,0.56
bo/st/no/no/m/766/nc/A,bo/st/no/no/m/766/nc/A,1.0
bo/st/no/no/m/766/nc/A,bw/st/no/no/d/759/nc/A,0.49
bo/st/no/no/m/766/nc/A,bo/so/no/yes/d/750/nc/A,0.4
bo/st/no/no/m/766/nc/A,bw/mu/no/no/d/757/nc/A,0.66
bo/st/no/no/m/766/nc/A,bo/so/no/no/m/768/nc/A,0.39
bo/st/no/no/m/766/nc/A,bo/so/yes/yes/m/732/nc/A,0.61
bo/st/no/no/m/766/nc/A,bw/st/yes/no/d/735/nc/A,0.48
bo/st/no/no/m/766/nc/A,bw/st/yes/yes/d/486/nc/U,0.53
bo/st/no/no/m/766/nc/A,bw/mu/no/no/d/444/nc/U,0.66
bo/st/no/no/m/766/nc/A,bw/so/yes/yes/m/246/nc/U,0.55
bo/st/no/no/m/766/nc/A,bo/so/yes/yes/m/270/nc/U,0.61
bo/st/no/no/m/766/nc/A,bo/mu/no/yes/d/480/nc/U,0.66
bo/st/no/no/m/766/nc/A,bo/mu/yes/no/d/474/nc/U,0.67
bo/st/no/no/m/766/nc/A,bo/st/yes/yes/m/222/nc/U,0.87
bo/st/no/no/m/766/nc/A,bo/so/yes/no/m/282/nc/U,0.59
bo/st/no/no/m/766/nc/A,bo/so/no/no/m/276/nc/U,0.39
bo/st/no/no/m/766/nc/A,bo/st/no/yes/m/240/nc/U,0.93
bo/st/no/no/m/766/nc/A,bw/st/no/no/m/204/nc/U,0.49
bo/st/no/no/m/766/nc/A,bo/mu/yes/yes/d/462/nc/U,0.67
bo/st/no/no/m/766/nc/A,bo/st/yes/no/m/234/nc/U,0.87
bo/st/no/no/m/766/nc/A,bw/st/yes/no/d/498/nc/U,0.48
bo/st/no/no/m/766/nc/A,bw/mu/yes/yes/d/438/nc/U,0.66
bo/st/no/no/m/766/nc/A,bw/so/yes/no/m/258/nc/U,0.54
bo/st/no/no/m/766/nc/A,bw/so/no/yes/d/749/nc/A,0.57
bo/st/no/no/m/766/nc/A,bo/mu/yes/no/m/740/nc/A,0.67
bo/st/no/no/m/766/nc/A,bw/st/no/yes/d/747/nc/A,0.56
bo/st/no/no/m/766/nc/A,bo/mu/no/no/m/180/nc/U,0.67
bo/st/no/no/m/766/nc/A,bo/mu/yes/yes/m/174/nc/U,0.67
bo/st/no/no/m/766/nc/A,bo/st/yes/yes/d/510/nc/U,0.87
bo/st/no/no/m/766/nc/A,bo/mu/yes/yes/d/722/nc/A,0.67
bo/st/no/no/m/766/nc/A,bw/so/yes/yes/d/725/nc/A,0.55
bo/st/no/no/m/766/nc/A,bo/st/no/yes/d/528/nc/U,0.93
bo/st/no/no/m/766/nc/A,bo/mu/no/yes/d/746/nc/A,0.66
bo/st/no/no/m/766/nc/A,bw/st/yes/no/m/741/nc/A,0.48
bo/st/no/no/m/766/nc/A,bo/st/no/yes/d/748/nc/A,0.93
bo/st/no/no/m/766/nc/A,bo/mu/yes/no/m/186/nc/U,0.67
bo/st/no/no/m/766/nc/A,bo/st/no/no/d/516/nc/U,1.0
bo/st/no/no/m/766/nc/A,bo/st/yes/yes/d/724/nc/A,0.87
bo/st/no/no/m/766/nc/A,bw/st/yes/yes/d/723/nc/A,0.53
bo/st/no/no/m/766/nc/A,bo/mu/no/yes/m/192/nc/U,0.66
bo/st/no/no/m/766/nc/A,bo/st/yes/yes/m/730/nc/A,0.87
bo/st/no/no/m/766/nc/A,bw/so/yes/no/d/737/nc/A,0.54
bo/st/no/no/m/766/nc/A,bw/mu/no/yes/m/168/nc/U,0.66
bo/st/no/no/m/766/nc/A,bw/mu/yes/no/m/739/nc/A,0.66
bo/st/no/no/m/766/nc/A,bw/mu/yes/yes/m/150/nc/U,0.66
bo/st/no/no/m/766/nc/A,bw/so/yes/yes/d/534/nc/U,0.55
bo/st/no/no/m/766/nc/A,bo/mu/no/yes/m/752/nc/A,0.66
bo/st/no/no/m/766/nc/A,bw/so/no/yes/m/755/nc/A,0.57
bo/st/no/no/m/766/nc/A,bo/so/yes/yes/d/558/nc/U,0.61
bo/st/no/no/m/766/nc/A,bw/mu/no/no/m/763/nc/A,0.66
bo/st/no/no/m/766/nc/A,bo/mu/no/no/m/764/nc/A,0.67
bo/st/no/no/m/766/nc/A,bo/so/yes/no/d/738/nc/A,0.59
bo/st/no/no/m/766/nc/A,bw/mu/no/no/m/156/nc/U,0.66
bo/st/no/no/m/766/nc/A,bo/st/yes/no/d/736/nc/A,0.87
bo/st/no/no/m/766/nc/A,bw/st/no/yes/d/504/nc/U,0.56
bo/st/no/no/m/766/nc/A,bw/so/yes/yes/m/731/nc/A,0.55
bo/st/no/no/m/766/nc/A,bw/st/no/no/m/765/nc/A,0.49
bo/st/no/no/m/766/nc/A,bo/so/no/no/d/762/nc/A,0.39
bo/st/no/no/m/766/nc/A,bo/st/no/yes/m/754/nc/A,0.93
bo/st/no/no/m/766/nc/A,bw/st/no/yes/m/753/nc/A,0.56
bo/st/no/no/m/766/nc/A,bw/st/no/yes/m/216/nc/U,0.56
bo/st/no/no/m/766/nc/A,bo/so/no/yes/m/288/nc/U,0.4
bo/st/no/no/m/766/nc/A,bw/st/yes/no/m/210/nc/U,0.48
bo/st/no/no/m/766/nc/A,bo/st/no/no/m/228/nc/U,1.0
bw/st/no/no/d/759/nc/A,bw/mu/no/yes/d/456/nc/U,0.53
bw/st/no/no/d/759/nc/A,bw/so/no/no/m/252/nc/U,0.43
bw/st/no/no/d/759/nc/A,bw/so/no/yes/m/264/nc/U,0.43
bw/st/no/no/d/759/nc/A,bw/st/no/no/d/492/nc/U,1.0
bw/st/no/no/d/759/nc/A,bw/mu/yes/no/d/450/nc/U,0.54
bw/st/no/no/d/759/nc/A,bo/mu/no/no/d/468/nc/U,0.5
bw/st/no/no/d/759/nc/A,bo/mu/yes/yes/m/728/nc/A,0.51
bw/st/no/no/d/759/nc/A,bo/st/yes/no/d/522/nc/U,0.52
bw/st/no/no/d/759/nc/A,bo/so/yes/yes/d/726/nc/A,0.42
bw/st/no/no/d/759/nc/A,bw/mu/yes/yes/d/721/nc/A,0.53
bw/st/no/no/d/759/nc/A,bw/so/no/no/d/540/nc/U,0.43
bw/st/no/no/d/759/nc/A,bo/so/yes/no/m/744/nc/A,0.41
bw/st/no/no/d/759/nc/A,bo/so/no/yes/d/576/nc/U,0.25
bw/st/no/no/d/759/nc/A,bw/so/yes/no/m/743/nc/A,0.42
bw/st/no/no/d/759/nc/A,bw/mu/yes/yes/m/727/nc/A,0.53
bw/st/no/no/d/759/nc/A,bw/st/yes/yes/m/729/nc/A,0.81
bw/st/no/no/d/759/nc/A,bo/st/yes/no/m/742/nc/A,0.52
bw/st/no/no/d/759/nc/A,bo/so/yes/no/d/570/nc/U,0.41
bw/st/no/no/d/759/nc/A,bw/mu/no/yes/d/745/nc/A,0.53
bw/st/no/no/d/759/nc/A,bw/so/yes/no/d/546/nc/U,0.42
bw/st/no/no/d/759/nc/A,bo/so/no/no/d/564/nc/U,0.26
bw/st/no/no/d/759/nc/A,bo/so/no/yes/m/756/nc/A,0.25
bw/st/no/no/d/759/nc/A,bw/mu/no/yes/m/751/nc/A,0.53
bw/st/no/no/d/759/nc/A,bw/so/no/no/m/767/nc/A,0.43
bw/st/no/no/d/759/nc/A,bo/mu/no/no/d/758/nc/A,0.5
bw/st/no/no/d/759/nc/A,bw/so/no/yes/d/552/nc/U,0.43
bw/st/no/no/d/759/nc/A,bo/st/no/no/d/760/nc/A,0.49
bw/st/no/no/d/759/nc/A,bw/mu/yes/no/m/162/nc/U,0.54
bw/st/no/no/d/759/nc/A,bo/mu/yes/no/d/734/nc/A,0.51
bw/st/no/no/d/759/nc/A,bw/mu/yes/no/d/733/nc/A,0.54
bw/st/no/no/d/759/nc/A,bw/st/yes/yes/m/198/nc/U,0.81
bw/st/no/no/d/759/nc/A,bw/so/no/no/d/761/nc/A,0.43
bw/st/no/no/d/759/nc/A,bo/st/no/no/m/766/nc/A,0.49
bw/st/no/no/d/759/nc/A,bw/st/no/no/d/759/nc/A,1.0
bw/st/no/no/d/759/nc/A,bo/so/no/yes/d/750/nc/A,0.25
bw/st/no/no/d/759/nc/A,bw/mu/no/no/d/757/nc/A,0.53
bw/st/no/no/d/759/nc/A,bo/so/no/no/m/768/nc/A,0.26
bw/st/no/no/d/759/nc/A,bo/so/yes/yes/m/732/nc/A,0.42
bw/st/no/no/d/759/nc/A,bw/st/yes/no/d/735/nc/A,0.9
bw/st/no/no/d/759/nc/A,bw/st/yes/yes/d/486/nc/U,0.81
bw/st/no/no/d/759/nc/A,bw/mu/no/no/d/444/nc/U,0.53
bw/st/no/no/d/759/nc/A,bw/so/yes/yes/m/246/nc/U,0.43
bw/st/no/no/d/759/nc/A,bo/so/yes/yes/m/270/nc/U,0.42
bw/st/no/no/d/759/nc/A,bo/mu/no/yes/d/480/nc/U,0.49
bw/st/no/no/d/759/nc/A,bo/mu/yes/no/d/474/nc/U,0.51
bw/st/no/no/d/759/nc/A,bo/st/yes/yes/m/222/nc/U,0.51
bw/st/no/no/d/759/nc/A,bo/so/yes/no/m/282/nc/U,0.41
bw/st/no/no/d/759/nc/A,bo/so/no/no/m/276/nc/U,0.26
bw/st/no/no/d/759/nc/A,bo/st/no/yes/m/240/nc/U,0.49
bw/st/no/no/d/759/nc/A,bw/st/no/no/m/204/nc/U,1.0
bw/st/no/no/d/759/nc/A,bo/mu/yes/yes/d/462/nc/U,0.51
bw/st/no/no/d/759/nc/A,bo/st/yes/no/m/234/nc/U,0.52
bw/st/no/no/d/759/nc/A,bw/st/yes/no/d/498/nc/U,0.9
bw/st/no/no/d/759/nc/A,bw/mu/yes/yes/d/438/nc/U,0.53
bw/st/no/no/d/759/nc/A,bw/so/yes/no/m/258/nc/U,0.42
bw/st/no/no/d/759/nc/A,bw/so/no/yes/d/749/nc/A,0.43
bw/st/no/no/d/759/nc/A,bo/mu/yes/no/m/740/nc/A,0.51
bw/st/no/no/d/759/nc/A,bw/st/no/yes/d/747/nc/A,0.87
bw/st/no/no/d/759/nc/A,bo/mu/no/no/m/180/nc/U,0.5
bw/st/no/no/d/759/nc/A,bo/mu/yes/yes/m/174/nc/U,0.51
bw/st/no/no/d/759/nc/A,bo/st/yes/yes/d/510/nc/U,0.51
bw/st/no/no/d/759/nc/A,bo/mu/yes/yes/d/722/nc/A,0.51
bw/st/no/no/d/759/nc/A,bw/so/yes/yes/d/725/nc/A,0.43
bw/st/no/no/d/759/nc/A,bo/st/no/yes/d/528/nc/U,0.49
bw/st/no/no/d/759/nc/A,bo/mu/no/yes/d/746/nc/A,0.49
bw/st/no/no/d/759/nc/A,bw/st/yes/no/m/741/nc/A,0.9
bw/st/no/no/d/759/nc/A,bo/st/no/yes/d/748/nc/A,0.49
bw/st/no/no/d/759/nc/A,bo/mu/yes/no/m/186/nc/U,0.51
bw/st/no/no/d/759/nc/A,bo/st/no/no/d/516/nc/U,0.49
bw/st/no/no/d/759/nc/A,bo/st/yes/yes/d/724/nc/A,0.51
bw/st/no/no/d/759/nc/A,bw/st/yes/yes/d/723/nc/A,0.81
bw/st/no/no/d/759/nc/A,bo/mu/no/yes/m/192/nc/U,0.49
bw/st/no/no/d/759/nc/A,bo/st/yes/yes/m/730/nc/A,0.51
bw/st/no/no/d/759/nc/A,bw/so/yes/no/d/737/nc/A,0.42
bw/st/no/no/d/759/nc/A,bw/mu/no/yes/m/168/nc/U,0.53
bw/st/no/no/d/759/nc/A,bw/mu/yes/no/m/739/nc/A,0.54
bw/st/no/no/d/759/nc/A,bw/mu/yes/yes/m/150/nc/U,0.53
bw/st/no/no/d/759/nc/A,bw/so/yes/yes/d/534/nc/U,0.43
bw/st/no/no/d/759/nc/A,bo/mu/no/yes/m/752/nc/A,0.49
bw/st/no/no/d/759/nc/A,bw/so/no/yes/m/755/nc/A,0.43
bw/st/no/no/d/759/nc/A,bo/so/yes/yes/d/558/nc/U,0.42
bw/st/no/no/d/759/nc/A,bw/mu/no/no/m/763/nc/A,0.53
bw/st/no/no/d/759/nc/A,bo/mu/no/no/m/764/nc/A,0.5
bw/st/no/no/d/759/nc/A,bo/so/yes/no/d/738/nc/A,0.41
bw/st/no/no/d/759/nc/A,bw/mu/no/no/m/156/nc/U,0.53
bw/st/no/no/d/759/nc/A,bo/st/yes/no/d/736/nc/A,0.52
bw/st/no/no/d/759/nc/A,bw/st/no/yes/d/504/nc/U,0.87
bw/st/no/no/d/759/nc/A,bw/so/yes/yes/m/731/nc/A,0.43
bw/st/no/no/d/759/nc/A,bw/st/no/no/m/765/nc/A,1.0
bw/st/no/no/d/759/nc/A,bo/so/no/no/d/762/nc/A,0.26
bw/st/no/no/d/759/nc/A,bo/st/no/yes/m/754/nc/A,0.49
bw/st/no/no/d/759/nc/A,bw/st/no/yes/m/753/nc/A,0.87
bw/st/no/no/d/759/nc/A,bw/st/no/yes/m/216/nc/U,0.87
bw/st/no/no/d/759/nc/A,bo/so/no/yes/m/288/nc/U,0.25
bw/st/no/no/d/759/nc/A,bw/st/yes/no/m/210/nc/U,0.9
bw/st/no/no/d/759/nc/A,bo/st/no/no/m/228/nc/U,0.49
bo/so/no/yes/d/750/nc/A,bw/mu/no/yes/d/456/nc/U,0.34
bo/so/no/yes/d/750/nc/A,bw/so/no/no/m/252/nc/U,0.38
bo/so/no/yes/d/750/nc/A,bw/so/no/yes/m/264/nc/U,0.38
bo/so/no/yes/d/750/nc/A,bw/st/no/no/d/492/nc/U,0.25
bo/so/no/yes/d/750/nc/A,bw/mu/yes/no/d/450/nc/U,0.34
bo/so/no/yes/d/750/nc/A,bo/mu/no/no/d/468/nc/U,0.36
bo/so/no/yes/d/750/nc/A,bo/mu/yes/yes/m/728/nc/A,0.36
bo/so/no/yes/d/750/nc/A,bo/st/yes/no/d/522/nc/U,0.38
bo/so/no/yes/d/750/nc/A,bo/so/yes/yes/d/726/nc/A,0.48
bo/so/no/yes/d/750/nc/A,bw/mu/yes/yes/d/721/nc/A,0.34
bo/so/no/yes/d/750/nc/A,bw/so/no/no/d/540/nc/U,0.38
bo/so/no/yes/d/750/nc/A,bo/so/yes/no/m/744/nc/A,0.45
bo/so/no/yes/d/750/nc/A,bo/so/no/yes/d/576/nc/U,1.0
bo/so/no/yes/d/750/nc/A,bw/so/yes/no/m/743/nc/A,0.37
bo/so/no/yes/d/750/nc/A,bw/mu/yes/yes/m/727/nc/A,0.34
bo/so/no/yes/d/750/nc/A,bw/st/yes/yes/m/729/nc/A,0.27
bo/so/no/yes/d/750/nc/A,bo/st/yes/no/m/742/nc/A,0.38
bo/so/no/yes/d/750/nc/A,bo/so/yes/no/d/570/nc/U,0.45
bo/so/no/yes/d/750/nc/A,bw/mu/no/yes/d/745/nc/A,0.34
bo/so/no/yes/d/750/nc/A,bw/so/yes/no/d/546/nc/U,0.37
bo/so/no/yes/d/750/nc/A,bo/so/no/no/d/564/nc/U,0.79
bo/so/no/yes/d/750/nc/A,bo/so/no/yes/m/756/nc/A,1.0
bo/so/no/yes/d/750/nc/A,bw/mu/no/yes/m/751/nc/A,0.34
bo/so/no/yes/d/750/nc/A,bw/so/no/no/m/767/nc/A,0.38
bo/so/no/yes/d/750/nc/A,bo/mu/no/no/d/758/nc/A,0.36
bo/so/no/yes/d/750/nc/A,bw/so/no/yes/d/552/nc/U,0.38
bo/so/no/yes/d/750/nc/A,bo/st/no/no/d/760/nc/A,0.4
bo/so/no/yes/d/750/nc/A,bw/mu/yes/no/m/162/nc/U,0.34
bo/so/no/yes/d/750/nc/A,bo/mu/yes/no/d/734/nc/A,0.36
bo/so/no/yes/d/750/nc/A,bw/mu/yes/no/d/733/nc/A,0.34
bo/so/no/yes/d/750/nc/A,bw/st/yes/yes/m/198/nc/U,0.27
bo/so/no/yes/d/750/nc/A,bw/so/no/no/d/761/nc/A,0.38
bo/so/no/yes/d/750/nc/A,bo/st/no/no/m/766/nc/A,0.4
bo/so/no/yes/d/750/nc/A,bw/st/no/no/d/759/nc/A,0.25
bo/so/no/yes/d/750/nc/A,bo/so/no/yes/d/750/nc/A,1.0
bo/so/no/yes/d/750/nc/A,bw/mu/no/no/d/757/nc/A,0.34
bo/so/no/yes/d/750/nc/A,bo/so/no/no/m/768/nc/A,0.79
bo/so/no/yes/d/750/nc/A,bo/so/yes/yes/m/732/nc/A,0.48
bo/so/no/yes/d/750/nc/A,bw/st/yes/no/d/735/nc/A,0.25
bo/so/no/yes/d/750/nc/A,bw/st/yes/yes/d/486/nc/U,0.27
bo/so/no/yes/d/750/nc/A,bw/mu/no/no/d/444/nc/U,0.34
bo/so/no/yes/d/750/nc/A,bw/so/yes/yes/m/246/nc/U,0.38
bo/so/no/yes/d/750/nc/A,bo/so/yes/yes/m/270/nc/U,0.48
bo/so/no/yes/d/750/nc/A,bo/mu/no/yes/d/480/nc/U,0.36
bo/so/no/yes/d/750/nc/A,bo/mu/yes/no/d/474/nc/U,0.36
bo/so/no/yes/d/750/nc/A,bo/st/yes/yes/m/222/nc/U,0.38
bo/so/no/yes/d/750/nc/A,bo/so/yes/no/m/282/nc/U,0.45
bo/so/no/yes/d/750/nc/A,bo/so/no/no/m/276/nc/U,0.79
bo/so/no/yes/d/750/nc/A,bo/st/no/yes/m/240/nc/U,0.4
bo/so/no/yes/d/750/nc/A,bw/st/no/no/m/204/nc/U,0.25
bo/so/no/yes/d/750/nc/A,bo/mu/yes/yes/d/462/nc/U,0.36
bo/so/no/yes/d/750/nc/A,bo/st/yes/no/m/234/nc/U,0.38
bo/so/no/yes/d/750/nc/A,bw/st/yes/no/d/498/nc/U,0.25
bo/so/no/yes/d/750/nc/A,bw/mu/yes/yes/d/438/nc/U,0.34
bo/so/no/yes/d/750/nc/A,bw/so/yes/no/m/258/nc/U,0.37
bo/so/no/yes/d/750/nc/A,bw/so/no/yes/d/749/nc/A,0.38
bo/so/no/yes/d/750/nc/A,bo/mu/yes/no/m/740/nc/A,0.36
bo/so/no/yes/d/750/nc/A,bw/st/no/yes/d/747/nc/A,0.28
bo/so/no/yes/d/750/nc/A,bo/mu/no/no/m/180/nc/U,0.36
bo/so/no/yes/d/750/nc/A,bo/mu/yes/yes/m/174/nc/U,0.36
bo/so/no/yes/d/750/nc/A,bo/st/yes/yes/d/510/nc/U,0.38
bo/so/no/yes/d/750/nc/A,bo/mu/yes/yes/d/722/nc/A,0.36
bo/so/no/yes/d/750/nc/A,bw/so/yes/yes/d/725/nc/A,0.38
bo/so/no/yes/d/750/nc/A,bo/st/no/yes/d/528/nc/U,0.4
bo/so/no/yes/d/750/nc/A,bo/mu/no/yes/d/746/nc/A,0.36
bo/so/no/yes/d/750/nc/A,bw/st/yes/no/m/741/nc/A,0.25
bo/so/no/yes/d/750/nc/A,bo/st/no/yes/d/748/nc/A,0.4
bo/so/no/yes/d/750/nc/A,bo/mu/yes/no/m/186/nc/U,0.36
bo/so/no/yes/d/750/nc/A,bo/st/no/no/d/516/nc/U,0.4
bo/so/no/yes/d/750/nc/A,bo/st/yes/yes/d/724/nc/A,0.38
bo/so/no/yes/d/750/nc/A,bw/st/yes/yes/d/723/nc/A,0.27
bo/so/no/yes/d/750/nc/A,bo/mu/no/yes/m/192/nc/U,0.36
bo/so/no/yes/d/750/nc/A,bo/st/yes/yes/m/730/nc/A,0.38
bo/so/no/yes/d/750/nc/A,bw/so/yes/no/d/737/nc/A,0.37
bo/so/no/yes/d/750/nc/A,bw/mu/no/yes/m/168/nc/U,0.34
bo/so/no/yes/d/750/nc/A,bw/mu/yes/no/m/739/nc/A,0.34
bo/so/no/yes/d/750/nc/A,bw/mu/yes/yes/m/150/nc/U,0.34
bo/so/no/yes/d/750/nc/A,bw/so/yes/yes/d/534/nc/U,0.38
bo/so/no/yes/d/750/nc/A,bo/mu/no/yes/m/752/nc/A,0.36
bo/so/no/yes/d/750/nc/A,bw/so/no/yes/m/755/nc/A,0.38
bo/so/no/yes/d/750/nc/A,bo/so/yes/yes/d/558/nc/U,0.48
bo/so/no/yes/d/750/nc/A,bw/mu/no/no/m/763/nc/A,0.34
bo/so/no/yes/d/750/nc/A,bo/mu/no/no/m/764/nc/A,0.36
bo/so/no/yes/d/750/nc/A,bo/so/yes/no/d/738/nc/A,0.45
bo/so/no/yes/d/750/nc/A,bw/mu/no/no/m/156/nc/U,0.34
bo/so/no/yes/d/750/nc/A,bo/st/yes/no/d/736/nc/A,0.38
bo/so/no/yes/d/750/nc/A,bw/st/no/yes/d/504/nc/U,0.28
bo/so/no/yes/d/750/nc/A,bw/so/yes/yes/m/731/nc/A,0.38
bo/so/no/yes/d/750/nc/A,bw/st/no/no/m/765/nc/A,0.25
bo/so/no/yes/d/750/nc/A,bo/so/no/no/d/762/nc/A,0.79
bo/so/no/yes/d/750/nc/A,bo/st/no/yes/m/754/nc/A,0.4
bo/so/no/yes/d/750/nc/A,bw/st/no/yes/m/753/nc/A,0.28
bo/so/no/yes/d/750/nc/A,bw/st/no/yes/m/216/nc/U,0.28
bo/so/no/yes/d/750/nc/A,bo/so/no/yes/m/288/nc/U,1.0
bo/so/no/yes/d/750/nc/A,bw/st/yes/no/m/210/nc/U,0.25
bo/so/no/yes/d/750/nc/A,bo/st/no/no/m/228/nc/U,0.4
bw/mu/no/no/d/757/nc/A,bw/mu/no/yes/d/456/nc/U,0.96
bw/mu/no/no/d/757/nc/A,bw/so/no/no/m/252/nc/U,0.49
bw/mu/no/no/d/757/nc/A,bw/so/no/yes/m/264/nc/U,0.5
bw/mu/no/no/d/757/nc/A,bw/st/no/no/d/492/nc/U,0.53
bw/mu/no/no/d/757/nc/A,bw/mu/yes/no/d/450/nc/U,0.98
bw/mu/no/no/d/757/nc/A,bo/mu/no/no/d/468/nc/U,0.88
bw/mu/no/no/d/757/nc/A,bo/mu/yes/yes/m/728/nc/A,0.89
bw/mu/no/no/d/757/nc/A,bo/st/yes/no/d/522/nc/U,0.65
bw/mu/no/no/d/757/nc/A,bo/so/yes/yes/d/726/nc/A,0.52
bw/mu/no/no/d/757/nc/A,bw/mu/yes/yes/d/721/nc/A,0.94
bw/mu/no/no/d/757/nc/A,bw/so/no/no/d/540/nc/U,0.49
bw/mu/no/no/d/757/nc/A,bo/so/yes/no/m/744/nc/A,0.49
bw/mu/no/no/d/757/nc/A,bo/so/no/yes/d/576/nc/U,0.34
bw/mu/no/no/d/757/nc/A,bw/so/yes/no/m/743/nc/A,0.48
bw/mu/no/no/d/757/nc/A,bw/mu/yes/yes/m/727/nc/A,0.94
bw/mu/no/no/d/757/nc/A,bw/st/yes/yes/m/729/nc/A,0.57
bw/mu/no/no/d/757/nc/A,bo/st/yes/no/m/742/nc/A,0.65
bw/mu/no/no/d/757/nc/A,bo/so/yes/no/d/570/nc/U,0.49
bw/mu/no/no/d/757/nc/A,bw/mu/no/yes/d/745/nc/A,0.96
bw/mu/no/no/d/757/nc/A,bw/so/yes/no/d/546/nc/U,0.48
bw/mu/no/no/d/757/nc/A,bo/so/no/no/d/564/nc/U,0.33
bw/mu/no/no/d/757/nc/A,bo/so/no/yes/m/756/nc/A,0.34
bw/mu/no/no/d/757/nc/A,bw/mu/no/yes/m/751/nc/A,0.96
bw/mu/no/no/d/757/nc/A,bw/so/no/no/m/767/nc/A,0.49
bw/mu/no/no/d/757/nc/A,bo/mu/no/no/d/758/nc/A,0.88
bw/mu/no/no/d/757/nc/A,bw/so/no/yes/d/552/nc/U,0.5
bw/mu/no/no/d/757/nc/A,bo/st/no/no/d/760/nc/A,0.66
bw/mu/no/no/d/757/nc/A,bw/mu/yes/no/m/162/nc/U,0.98
bw/mu/no/no/d/757/nc/A,bo/mu/yes/no/d/734/nc/A,0.91
bw/mu/no/no/d/757/nc/A,bw/mu/yes/no/d/733/nc/A,0.98
bw/mu/no/no/d/757/nc/A,bw/st/yes/yes/m/198/nc/U,0.57
bw/mu/no/no/d/757/nc/A,bw/so/no/no/d/761/nc/A,0.49
bw/mu/no/no/d/757/nc/A,bo/st/no/no/m/766/nc/A,0.66
bw/mu/no/no/d/757/nc/A,bw/st/no/no/d/759/nc/A,0.53
bw/mu/no/no/d/757/nc/A,bo/so/no/yes/d/750/nc/A,0.34
bw/mu/no/no/d/757/nc/A,bw/mu/no/no/d/757/nc/A,1.0
bw/mu/no/no/d/757/nc/A,bo/so/no/no/m/768/nc/A,0.33
bw/mu/no/no/d/757/nc/A,bo/so/yes/yes/m/732/nc/A,0.52
bw/mu/no/no/d/757/nc/A,bw/st/yes/no/d/735/nc/A,0.52
bw/mu/no/no/d/757/nc/A,bw/st/yes/yes/d/486/nc/U,0.57
bw/mu/no/no/d/757/nc/A,bw/mu/no/no/d/444/nc/U,1.0
bw/mu/no/no/d/757/nc/A,bw/so/yes/yes/m/246/nc/U,0.48
bw/mu/no/no/d/757/nc/A,bo/so/yes/yes/m/270/nc/U,0.52
bw/mu/no/no/d/757/nc/A,bo/mu/no/yes/d/480/nc/U,0.86
bw/mu/no/no/d/757/nc/A,bo/mu/yes/no/d/474/nc/U,0.91
bw/mu/no/no/d/757/nc/A,bo/st/yes/yes/m/222/nc/U,0.66
bw/mu/no/no/d/757/nc/A,bo/so/yes/no/m/282/nc/U,0.49
bw/mu/no/no/d/757/nc/A,bo/so/no/no/m/276/nc/U,0.33
bw/mu/no/no/d/757/nc/A,bo/st/no/yes/m/240/nc/U,0.68
bw/mu/no/no/d/757/nc/A,bw/st/no/no/m/204/nc/U,0.53
bw/mu/no/no/d/757/nc/A,bo/mu/yes/yes/d/462/nc/U,0.89
bw/mu/no/no/d/757/nc/A,bo/st/yes/no/m/234/nc/U,0.65
bw/mu/no/no/d/757/nc/A,bw/st/yes/no/d/498/nc/U,0.52
bw/mu/no/no/d/757/nc/A,bw/mu/yes/yes/d/438/nc/U,0.94
bw/mu/no/no/d/757/nc/A,bw/so/yes/no/m/258/nc/U,0.48
bw/mu/no/no/d/757/nc/A,bw/so/no/yes/d/749/nc/A,0.5
bw/mu/no/no/d/757/nc/A,bo/mu/yes/no/m/740/nc/A,0.91
bw/mu/no/no/d/757/nc/A,bw/st/no/yes/d/747/nc/A,0.59
bw/mu/no/no/d/757/nc/A,bo/mu/no/no/m/180/nc/U,0.88
bw/mu/no/no/d/757/nc/A,bo/mu/yes/yes/m/174/nc/U,0.89
bw/mu/no/no/d/757/nc/A,bo/st/yes/yes/d/510/nc/U,0.66
bw/mu/no/no/d/757/nc/A,bo/mu/yes/yes/d/722/nc/A,0.89
bw/mu/no/no/d/757/nc/A,bw/so/yes/yes/d/725/nc/A,0.48
bw/mu/no/no/d/757/nc/A,bo/st/no/yes/d/528/nc/U,0.68
bw/mu/no/no/d/757/nc/A,bo/mu/no/yes/d/746/nc/A,0.86
bw/mu/no/no/d/757/nc/A,bw/st/yes/no/m/741/nc/A,0.52
bw/mu/no/no/d/757/nc/A,bo/st/no/yes/d/748/nc/A,0.68
bw/mu/no/no/d/757/nc/A,bo/mu/yes/no/m/186/nc/U,0.91
bw/mu/no/no/d/757/nc/A,bo/st/no/no/d/516/nc/U,0.66
bw/mu/no/no/d/757/nc/A,bo/st/yes/yes/d/724/nc/A,0.66
bw/mu/no/no/d/757/nc/A,bw/st/yes/yes/d/723/nc/A,0.57
bw/mu/no/no/d/757/nc/A,bo/mu/no/yes/m/192/nc/U,0.86
bw/mu/no/no/d/757/nc/A,bo/st/yes/yes/m/730/nc/A,0.66
bw/mu/no/no/d/757/nc/A,bw/so/yes/no/d/737/nc/A,0.48
bw/mu/no/no/d/757/nc/A,bw/mu/no/yes/m/168/nc/U,0.96
bw/mu/no/no/d/757/nc/A,bw/mu/yes/no/m/739/nc/A,0.98
bw/mu/no/no/d/757/nc/A,bw/mu/yes/yes/m/150/nc/U,0.94
bw/mu/no/no/d/757/nc/A,bw/so/yes/yes/d/534/nc/U,0.48
bw/mu/no/no/d/757/nc/A,bo/mu/no/yes/m/752/nc/A,0.86
bw/mu/no/no/d/757/nc/A,bw/so/no/yes/m/755/nc/A,0.5
bw/mu/no/no/d/757/nc/A,bo/so/yes/yes/d/558/nc/U,0.52
bw/mu/no/no/d/757/nc/A,bw/mu/no/no/m/763/nc/A,1.0
bw/mu/no/no/d/757/nc/A,bo/mu/no/no/m/764/nc/A,0.88
bw/mu/no/no/d/757/nc/A,bo/so/yes/no/d/738/nc/A,0.49
bw/mu/no/no/d/757/nc/A,bw/mu/no/no/m/156/nc/U,1.0
bw/mu/no/no/d/757/nc/A,bo/st/yes/no/d/736/nc/A,0.65
bw/mu/no/no/d/757/nc/A,bw/st/no/yes/d/504/nc/U,0.59
bw/mu/no/no/d/757/nc/A,bw/so/yes/yes/m/731/nc/A,0.48
bw/mu/no/no/d/757/nc/A,bw/st/no/no/m/765/nc/A,0.53
bw/mu/no/no/d/757/nc/A,bo/so/no/no/d/762/nc/A,0.33
bw/mu/no/no/d/757/nc/A,bo/st/no/yes/m/754/nc/A,0.68
bw/mu/no/no/d/757/nc/A,bw/st/no/yes/m/753/nc/A,0.59
bw/mu/no/no/d/757/nc/A,bw/st/no/yes/m/216/nc/U,0.59
bw/mu/no/no/d/757/nc/A,bo/so/no/yes/m/288/nc/U,0.34
bw/mu/no/no/d/757/nc/A,bw/st/yes/no/m/210/nc/U,0.52
bw/mu/no/no/d/757/nc/A,bo/st/no/no/m/228/nc/U,0.66
bo/so/no/no/m/768/nc/A,bw/mu/no/yes/d/456/nc/U,0.33
bo/so/no/no/m/768/nc/A,bw/so/no/no/m/252/nc/U,0.42
bo/so/no/no/m/768/nc/A,bw/so/no/yes/m/264/nc/U,0.39
bo/so/no/no/m/768/nc/A,bw/st/no/no/d/492/nc/U,0.26
bo/so/no/no/m/768/nc/A,bw/mu/yes/no/d/450/nc/U,0.33
bo/so/no/no/m/768/nc/A,bo/mu/no/no/d/468/nc/U,0.35
bo/so/no/no/m/768/nc/A,bo/mu/yes/yes/m/728/nc/A,0.35
bo/so/no/no/m/768/nc/A,bo/st/yes/no/d/522/nc/U,0.39
bo/so/no/no/m/768/nc/A,bo/so/yes/yes/d/726/nc/A,0.49
bo/so/no/no/m/768/nc/A,bw/mu/yes/yes/d/721/nc/A,0.33
bo/so/no/no/m/768/nc/A,bw/so/no/no/d/540/nc/U,0.42
bo/so/no/no/m/768/nc/A,bo/so/yes/no/m/744/nc/A,0.53
bo/so/no/no/m/768/nc/A,bo/so/no/yes/d/576/nc/U,0.79
bo/so/no/no/m/768/nc/A,bw/so/yes/no/m/743/nc/A,0.41
bo/so/no/no/m/768/nc/A,bw/mu/yes/yes/m/727/nc/A,0.33
bo/so/no/no/m/768/nc/A,bw/st/yes/yes/m/729/nc/A,0.28
bo/so/no/no/m/768/nc/A,bo/st/yes/no/m/742/nc/A,0.39
bo/so/no/no/m/768/nc/A,bo/so/yes/no/d/570/nc/U,0.53
bo/so/no/no/m/768/nc/A,bw/mu/no/yes/d/745/nc/A,0.33
bo/so/no/no/m/768/nc/A,bw/so/yes/no/d/546/nc/U,0.41
bo/so/no/no/m/768/nc/A,bo/so/no/no/d/564/nc/U,1.0
bo/so/no/no/m/768/nc/A,bo/so/no/yes/m/756/nc/A,0.79
bo/so/no/no/m/768/nc/A,bw/mu/no/yes/m/751/nc/A,0.33
bo/so/no/no/m/768/nc/A,bw/so/no/no/m/767/nc/A,0.42
bo/so/no/no/m/768/nc/A,bo/mu/no/no/d/758/nc/A,0.35
bo/so/no/no/m/768/nc/A,bw/so/no/yes/d/552/nc/U,0.39
bo/so/no/no/m/768/nc/A,bo/st/no/no/d/760/nc/A,0.39
bo/so/no/no/m/768/nc/A,bw/mu/yes/no/m/162/nc/U,0.33
bo/so/no/no/m/768/nc/A,bo/mu/yes/no/d/734/nc/A,0.35
bo/so/no/no/m/768/nc/A,bw/mu/yes/no/d/733/nc/A,0.33
bo/so/no/no/m/768/nc/A,bw/st/yes/yes/m/198/nc/U,0.28
bo/so/no/no/m/768/nc/A,bw/so/no/no/d/761/nc/A,0.42
bo/so/no/no/m/768/nc/A,bo/st/no/no/m/766/nc/A,0.39
bo/so/no/no/m/768/nc/A,bw/st/no/no/d/759/nc/A,0.26
bo/so/no/no/m/768/nc/A,bo/so/no/yes/d/750/nc/A,0.79
bo/so/no/no/m/768/nc/A,bw/mu/no/no/d/757/nc/A,0.33
bo/so/no/no/m/768/nc/A,bo/so/no/no/m/768/nc/A,1.0
bo/so/no/no/m/768/nc/A,bo/so/yes/yes/m/732/nc/A,0.49
bo/so/no/no/m/768/nc/A,bw/st/yes/no/d/735/nc/A,0.25
bo/so/no/no/m/768/nc/A,bw/st/yes/yes/d/486/nc/U,0.28
bo/so/no/no/m/768/nc/A,bw/mu/no/no/d/444/nc/U,0.33
bo/so/no/no/m/768/nc/A,bw/so/yes/yes/m/246/nc/U,0.38
bo/so/no/no/m/768/nc/A,bo/so/yes/yes/m/270/nc/U,0.49
bo/so/no/no/m/768/nc/A,bo/mu/no/yes/d/480/nc/U,0.35
bo/so/no/no/m/768/nc/A,bo/mu/yes/no/d/474/nc/U,0.35
bo/so/no/no/m/768/nc/A,bo/st/yes/yes/m/222/nc/U,0.38
bo/so/no/no/m/768/nc/A,bo/so/yes/no/m/282/nc/U,0.53
bo/so/no/no/m/768/nc/A,bo/so/no/no/m/276/nc/U,1.0
bo/so/no/no/m/768/nc/A,bo/st/no/yes/m/240/nc/U,0.39
bo/so/no/no/m/768/nc/A,bw/st/no/no/m/204/nc/U,0.26
bo/so/no/no/m/768/nc/A,bo/mu/yes/yes/d/462/nc/U,0.35
bo/so/no/no/m/768/nc/A,bo/st/yes/no/m/234/nc/U,0.39
bo/so/no/no/m/768/nc/A,bw/st/yes/no/d/498/nc/U,0.25
bo/so/no/no/m/768/nc/A,bw/mu/yes/yes/d/438/nc/U,0.33
bo/so/no/no/m/768/nc/A,bw/so/yes/no/m/258/nc/U,0.41
bo/so/no/no/m/768/nc/A,bw/so/no/yes/d/749/nc/A,0.39
bo/so/no/no/m/768/nc/A,bo/mu/yes/no/m/740/nc/A,0.35
bo/so/no/no/m/768/nc/A,bw/st/no/yes/d/747/nc/A,0.29
bo/so/no/no/m/768/nc/A,bo/mu/no/no/m/180/nc/U,0.35
bo/so/no/no/m/768/nc/A,bo/mu/yes/yes/m/174/nc/U,0.35
bo/so/no/no/m/768/nc/A,bo/st/yes/yes/d/510/nc/U,0.38
bo/so/no/no/m/768/nc/A,bo/mu/yes/yes/d/722/nc/A,0.35
bo/so/no/no/m/768/nc/A,bw/so/yes/yes/d/725/nc/A,0.38
bo/so/no/no/m/768/nc/A,bo/st/no/yes/d/528/nc/U,0.39
bo/so/no/no/m/768/nc/A,bo/mu/no/yes/d/746/nc/A,0.35
bo/so/no/no/m/768/nc/A,bw/st/yes/no/m/741/nc/A,0.25
bo/so/no/no/m/768/nc/A,bo/st/no/yes/d/748/nc/A,0.39
bo/so/no/no/m/768/nc/A,bo/mu/yes/no/m/186/nc/U,0.35
bo/so/no/no/m/768/nc/A,bo/st/no/no/d/516/nc/U,0.39
bo/so/no/no/m/768/nc/A,bo/st/yes/yes/d/724/nc/A,0.38
bo/so/no/no/m/768/nc/A,bw/st/yes/yes/d/723/nc/A,0.28
bo/so/no/no/m/768/nc/A,bo/mu/no/yes/m/192/nc/U,0.35
bo/so/no/no/m/768/nc/A,bo/st/yes/yes/m/730/nc/A,0.38
bo/so/no/no/m/768/nc/A,bw/so/yes/no/d/737/nc/A,0.41
bo/so/no/no/m/768/nc/A,bw/mu/no/yes/m/168/nc/U,0.33
bo/so/no/no/m/768/nc/A,bw/mu/yes/no/m/739/nc/A,0.33
bo/so/no/no/m/768/nc/A,bw/mu/yes/yes/m/150/nc/U,0.33
bo/so/no/no/m/768/nc/A,bw/so/yes/yes/d/534/nc/U,0.38
bo/so/no/no/m/768/nc/A,bo/mu/no/yes/m/752/nc/A,0.35
bo/so/no/no/m/768/nc/A,bw/so/no/yes/m/755/nc/A,0.39
bo/so/no/no/m/768/nc/A,bo/so/yes/yes/d/558/nc/U,0.49
bo/so/no/no/m/768/nc/A,bw/mu/no/no/m/763/nc/A,0.33
bo/so/no/no/m/768/nc/A,bo/mu/no/no/m/764/nc/A,0.35
bo/so/no/no/m/768/nc/A,bo/so/yes/no/d/738/nc/A,0.53
bo/so/no/no/m/768/nc/A,bw/mu/no/no/m/156/nc/U,0.33
bo/so/no/no/m/768/nc/A,bo/st/yes/no/d/736/nc/A,0.39
bo/so/no/no/m/768/nc/A,bw/st/no/yes/d/504/nc/U,0.29
bo/so/no/no/m/768/nc/A,bw/so/yes/yes/m/731/nc/A,0.38
bo/so/no/no/m/768/nc/A,bw/st/no/no/m/765/nc/A,0.26
bo/so/no/no/m/768/nc/A,bo/so/no/no/d/762/nc/A,1.0
bo/so/no/no/m/768/nc/A,bo/st/no/yes/m/754/nc/A,0.39
bo/so/no/no/m/768/nc/A,bw/st/no/yes/m/753/nc/A,0.29
bo/so/no/no/m/768/nc/A,bw/st/no/yes/m/216/nc/U,0.29
bo/so/no/no/m/768/nc/A,bo/so/no/yes/m/288/nc/U,0.79
bo/so/no/no/m/768/nc/A,bw/st/yes/no/m/210/nc/U,0.25
bo/so/no/no/m/768/nc/A,bo/st/no/no/m/228/nc/U,0.39
bo/so/yes/yes/m/732/nc/A,bw/mu/no/yes/d/456/nc/U,0.52
bo/so/yes/yes/m/732/nc/A,bw/so/no/no/m/252/nc/U,0.61
bo/so/yes/yes/m/732/nc/A,bw/so/no/yes/m/264/nc/U,0.64
bo/so/yes/yes/m/732/nc/A,bw/st/no/no/d/492/nc/U,0.42
bo/so/yes/yes/m/732/nc/A,bw/mu/yes/no/d/450/nc/U,0.52
bo/so/yes/yes/m/732/nc/A,bo/mu/no/no/d/468/nc/U,0.53
bo/so/yes/yes/m/732/nc/A,bo/mu/yes/yes/m/728/nc/A,0.54
bo/so/yes/yes/m/732/nc/A,bo/st/yes/no/d/522/nc/U,0.64
bo/so/yes/yes/m/732/nc/A,bo/so/yes/yes/d/726/nc/A,1.0
bo/so/yes/yes/m/732/nc/A,bw/mu/yes/yes/d/721/nc/A,0.52
bo/so/yes/yes/m/732/nc/A,bw/so/no/no/d/540/nc/U,0.61
bo/so/yes/yes/m/732/nc/A,bo/so/yes/no/m/744/nc/A,0.87
bo/so/yes/yes/m/732/nc/A,bo/so/no/yes/d/576/nc/U,0.48
bo/so/yes/yes/m/732/nc/A,bw/so/yes/no/m/743/nc/A,0.62
bo/so/yes/yes/m/732/nc/A,bw/mu/yes/yes/m/727/nc/A,0.52
bo/so/yes/yes/m/732/nc/A,bw/st/yes/yes/m/729/nc/A,0.46
bo/so/yes/yes/m/732/nc/A,bo/st/yes/no/m/742/nc/A,0.64
bo/so/yes/yes/m/732/nc/A,bo/so/yes/no/d/570/nc/U,0.87
bo/so/yes/yes/m/732/nc/A,bw/mu/no/yes/d/745/nc/A,0.52
bo/so/yes/yes/m/732/nc/A,bw/so/yes/no/d/546/nc/U,0.62
bo/so/yes/yes/m/732/nc/A,bo/so/no/no/d/564/nc/U,0.49
bo/so/yes/yes/m/732/nc/A,bo/so/no/yes/m/756/nc/A,0.48
bo/so/yes/yes/m/732/nc/A,bw/mu/no/yes/m/751/nc/A,0.52
bo/so/yes/yes/m/732/nc/A,bw/so/no/no/m/767/nc/A,0.61
bo/so/yes/yes/m/732/nc/A,bo/mu/no/no/d/758/nc/A,0.53
bo/so/yes/yes/m/732/nc/A,bw/so/no/yes/d/552/nc/U,0.64
bo/so/yes/yes/m/732/nc/A,bo/st/no/no/d/760/nc/A,0.61
bo/so/yes/yes/m/732/nc/A,bw/mu/yes/no/m/162/nc/U,0.52
bo/so/yes/yes/m/732/nc/A,bo/mu/yes/no/d/734/nc/A,0.54
bo/so/yes/yes/m/732/nc/A,bw/mu/yes/no/d/733/nc/A,0.52
bo/so/yes/yes/m/732/nc/A,bw/st/yes/yes/m/198/nc/U,0.46
bo/so/yes/yes/m/732/nc/A,bw/so/no/no/d/761/nc/A,0.61
bo/so/yes/yes/m/732/nc/A,bo/st/no/no/m/766/nc/A,0.61
bo/so/yes/yes/m/732/nc/A,bw/st/no/no/d/759/nc/A,0.42
bo/so/yes/yes/m/732/nc/A,bo/so/no/yes/d/750/nc/A,0.48
bo/so/yes/yes/m/732/nc/A,bw/mu/no/no/d/757/nc/A,0.52
bo/so/yes/yes/m/732/nc/A,bo/so/no/no/m/768/nc/A,0.49
bo/so/yes/yes/m/732/nc/A,bo/so/yes/yes/m/732/nc/A,1.0
bo/so/yes/yes/m/732/nc/A,bw/st/yes/no/d/735/nc/A,0.41
bo/so/yes/yes/m/732/nc/A,bw/st/yes/yes/d/486/nc/U,0.46
bo/so/yes/yes/m/732/nc/A,bw/mu/no/no/d/444/nc/U,0.52
bo/so/yes/yes/m/732/nc/A,bw/so/yes/yes/m/246/nc/U,0.66
bo/so/yes/yes/m/732/nc/A,bo/so/yes/yes/m/270/nc/U,1.0
bo/so/yes/yes/m/732/nc/A,bo/mu/no/yes/d/480/nc/U,0.54
bo/so/yes/yes/m/732/nc/A,bo/mu/yes/no/d/474/nc/U,0.54
bo/so/yes/yes/m/732/nc/A,bo/st/yes/yes/m/222/nc/U,0.63
bo/so/yes/yes/m/732/nc/A,bo/so/yes/no/m/282/nc/U,0.87
bo/so/yes/yes/m/732/nc/A,bo/so/no/no/m/276/nc/U,0.49
bo/so/yes/yes/m/732/nc/A,bo/st/no/yes/m/240/nc/U,0.61
bo/so/yes/yes/m/732/nc/A,bw/st/no/no/m/204/nc/U,0.42
bo/so/yes/yes/m/732/nc/A,bo/mu/yes/yes/d/462/nc/U,0.54
bo/so/yes/yes/m/732/nc/A,bo/st/yes/no/m/234/nc/U,0.64
bo/so/yes/yes/m/732/nc/A,bw/st/yes/no/d/498/nc/U,0.41
bo/so/yes/yes/m/732/nc/A,bw/mu/yes/yes/d/438/nc/U,0.52
bo/so/yes/yes/m/732/nc/A,bw/so/yes/no/m/258/nc/U,0.62
bo/so/yes/yes/m/732/nc/A,bw/so/no/yes/d/749/nc/A,0.64
bo/so/yes/yes/m/732/nc/A,bo/mu/yes/no/m/740/nc/A,0.54
bo/so/yes/yes/m/732/nc/A,bw/st/no/yes/d/747/nc/A,0.46
bo/so/yes/yes/m/732/nc/A,bo/mu/no/no/m/180/nc/U,0.53
bo/so/yes/yes/m/732/nc/A,bo/mu/yes/yes/m/174/nc/U,0.54
bo/so/yes/yes/m/732/nc/A,bo/st/yes/yes/d/510/nc/U,0.63
bo/so/yes/yes/m/732/nc/A,bo/mu/yes/yes/d/722/nc/A,0.54
bo/so/yes/yes/m/732/nc/A,bw/so/yes/yes/d/725/nc/A,0.66
bo/so/yes/yes/m/732/nc/A,bo/st/no/yes/d/528/nc/U,0.61
bo/so/yes/yes/m/732/nc/A,bo/mu/no/yes/d/746/nc/A,0.54
bo/so/yes/yes/m/732/nc/A,bw/st/yes/no/m/741/nc/A,0.41
bo/so/yes/yes/m/732/nc/A,bo/st/no/yes/d/748/nc/A,0.61
bo/so/yes/yes/m/732/nc/A,bo/mu/yes/no/m/186/nc/U,0.54
bo/so/yes/yes/m/732/nc/A,bo/st/no/no/d/516/nc/U,0.61
bo/so/yes/yes/m/732/nc/A,bo/st/yes/yes/d/724/nc/A,0.63
bo/so/yes/yes/m/732/nc/A,bw/st/yes/yes/d/723/nc/A,0.46
bo/so/yes/yes/m/732/nc/A,bo/mu/no/yes/m/192/nc/U,0.54
bo/so/yes/yes/m/732/nc/A,bo/st/yes/yes/m/730/nc/A,0.63
bo/so/yes/yes/m/732/nc/A,bw/so/yes/no/d/737/nc/A,0.62
bo/so/yes/yes/m/732/nc/A,bw/mu/no/yes/m/168/nc/U,0.52
bo/so/yes/yes/m/732/nc/A,bw/mu/yes/no/m/739/nc/A,0.52
bo/so/yes/yes/m/732/nc/A,bw/mu/yes/yes/m/150/nc/U,0.52
bo/so/yes/yes/m/732/nc/A,bw/so/yes/yes/d/534/nc/U,0.66
bo/so/yes/yes/m/732/nc/A,bo/mu/no/yes/m/752/nc/A,0.54
bo/so/yes/yes/m/732/nc/A,bw/so/no/yes/m/755/nc/A,0.64
bo/so/yes/yes/m/732/nc/A,bo/so/yes/yes/d/558/nc/U,1.0
bo/so/yes/yes/m/732/nc/A,bw/mu/no/no/m/763/nc/A,0.52
bo/so/yes/yes/m/732/nc/A,bo/mu/no/no/m/764/nc/A,0.53
bo/so/yes/yes/m/732/nc/A,bo/so/yes/no/d/738/nc/A,0.87
bo/so/yes/yes/m/732/nc/A,bw/mu/no/no/m/156/nc/U,0.52
bo/so/yes/yes/m/732/nc/A,bo/st/yes/no/d/736/nc/A,0.64
bo/so/yes/yes/m/732/nc/A,bw/st/no/yes/d/504/nc/U,0.46
bo/so/yes/yes/m/732/nc/A,bw/so/yes/yes/m/731/nc/A,0.66
bo/so/yes/yes/m/732/nc/A,bw/st/no/no/m/765/nc/A,0.42
bo/so/yes/yes/m/732/nc/A,bo/so/no/no/d/762/nc/A,0.49
bo/so/yes/yes/m/732/nc/A,bo/st/no/yes/m/754/nc/A,0.61
bo/so/yes/yes/m/732/nc/A,bw/st/no/yes/m/753/nc/A,0.46
bo/so/yes/yes/m/732/nc/A,bw/st/no/yes/m/216/nc/U,0.46
bo/so/yes/yes/m/732/nc/A,bo/so/no/yes/m/288/nc/U,0.48
bo/so/yes/yes/m/732/nc/A,bw/st/yes/no/m/210/nc/U,0.41
bo/so/yes/yes/m/732/nc/A,bo/st/no/no/m/228/nc/U,0.61
bw/st/yes/no/d/735/nc/A,bw/mu/no/yes/d/456/nc/U,0.51
bw/st/yes/no/d/735/nc/A,bw/so/no/no/m/252/nc/U,0.42
bw/st/yes/no/d/735/nc/A,bw/so/no/yes/m/264/nc/U,0.42
bw/st/yes/no/d/735/nc/A,bw/st/no/no/d/492/nc/U,0.9
bw/st/yes/no/d/735/nc/A,bw/mu/yes/no/d/450/nc/U,0.52
bw/st/yes/no/d/735/nc/A,bo/mu/no/no/d/468/nc/U,0.49
bw/st/yes/no/d/735/nc/A,bo/mu/yes/yes/m/728/nc/A,0.49
bw/st/yes/no/d/735/nc/A,bo/st/yes/no/d/522/nc/U,0.52
bw/st/yes/no/d/735/nc/A,bo/so/yes/yes/d/726/nc/A,0.41
bw/st/yes/no/d/735/nc/A,bw/mu/yes/yes/d/721/nc/A,0.52
bw/st/yes/no/d/735/nc/A,bw/so/no/no/d/540/nc/U,0.42
bw/st/yes/no/d/735/nc/A,bo/so/yes/no/m/744/nc/A,0.41
bw/st/yes/no/d/735/nc/A,bo/so/no/yes/d/576/nc/U,0.25
bw/st/yes/no/d/735/nc/A,bw/so/yes/no/m/743/nc/A,0.43
bw/st/yes/no/d/735/nc/A,bw/mu/yes/yes/m/727/nc/A,0.52
bw/st/yes/no/d/735/nc/A,bw/st/yes/yes/m/729/nc/A,0.87
bw/st/yes/no/d/735/nc/A,bo/st/yes/no/m/742/nc/A,0.52
bw/st/yes/no/d/735/nc/A,bo/so/yes/no/d/570/nc/U,0.41
bw/st/yes/no/d/735/nc/A,bw/mu/no/yes/d/745/nc/A,0.51
bw/st/yes/no/d/735/nc/A,bw/so/yes/no/d/546/nc/U,0.43
bw/st/yes/no/d/735/nc/A,bo/so/no/no/d/564/nc/U,0.25
bw/st/yes/no/d/735/nc/A,bo/so/no/yes/m/756/nc/A,0.25
bw/st/yes/no/d/735/nc/A,bw/mu/no/yes/m/751/nc/A,0.51
bw/st/yes/no/d/735/nc/A,bw/so/no/no/m/767/nc/A,0.42
bw/st/yes/no/d/735/nc/A,bo/mu/no/no/d/758/nc/A,0.49
bw/st/yes/no/d/735/nc/A,bw/so/no/yes/d/552/nc/U,0.42
bw/st/yes/no/d/735/nc/A,bo/st/no/no/d/760/nc/A,0.48
bw/st/yes/no/d/735/nc/A,bw/mu/yes/no/m/162/nc/U,0.52
bw/st/yes/no/d/735/nc/A,bo/mu/yes/no/d/734/nc/A,0.5
bw/st/yes/no/d/735/nc/A,bw/mu/yes/no/d/733/nc/A,0.52
bw/st/yes/no/d/735/nc/A,bw/st/yes/yes/m/198/nc/U,0.87
bw/st/yes/no/d/735/nc/A,bw/so/no/no/d/761/nc/A,0.42
bw/st/yes/no/d/735/nc/A,bo/st/no/no/m/766/nc/A,0.48
bw/st/yes/no/d/735/nc/A,bw/st/no/no/d/759/nc/A,0.9
bw/st/yes/no/d/735/nc/A,bo/so/no/yes/d/750/nc/A,0.25
bw/st/yes/no/d/735/nc/A,bw/mu/no/no/d/757/nc/A,0.52
bw/st/yes/no/d/735/nc/A,bo/so/no/no/m/768/nc/A,0.25
bw/st/yes/no/d/735/nc/A,bo/so/yes/yes/m/732/nc/A,0.41
bw/st/yes/no/d/735/nc/A,bw/st/yes/no/d/735/nc/A,1.0
bw/st/yes/no/d/735/nc/A,bw/st/yes/yes/d/486/nc/U,0.87
bw/st/yes/no/d/735/nc/A,bw/mu/no/no/d/444/nc/U,0.52
bw/st/yes/no/d/735/nc/A,bw/so/yes/yes/m/246/nc/U,0.43
bw/st/yes/no/d/735/nc/A,bo/so/yes/yes/m/270/nc/U,0.41
bw/st/yes/no/d/735/nc/A,bo/mu/no/yes/d/480/nc/U,0.48
bw/st/yes/no/d/735/nc/A,bo/mu/yes/no/d/474/nc/U,0.5
bw/st/yes/no/d/735/nc/A,bo/st/yes/yes/m/222/nc/U,0.51
bw/st/yes/no/d/735/nc/A,bo/so/yes/no/m/282/nc/U,0.41
bw/st/yes/no/d/735/nc/A,bo/so/no/no/m/276/nc/U,0.25
bw/st/yes/no/d/735/nc/A,bo/st/no/yes/m/240/nc/U,0.47
bw/st/yes/no/d/735/nc/A,bw/st/no/no/m/204/nc/U,0.9
bw/st/yes/no/d/735/nc/A,bo/mu/yes/yes/d/462/nc/U,0.49
bw/st/yes/no/d/735/nc/A,bo/st/yes/no/m/234/nc/U,0.52
bw/st/yes/no/d/735/nc/A,bw/st/yes/no/d/498/nc/U,1.0
bw/st/yes/no/d/735/nc/A,bw/mu/yes/yes/d/438/nc/U,0.52
bw/st/yes/no/d/735/nc/A,bw/so/yes/no/m/258/nc/U,0.43
bw/st/yes/no/d/735/nc/A,bw/so/no/yes/d/749/nc/A,0.42
bw/st/yes/no/d/735/nc/A,bo/mu/yes/no/m/740/nc/A,0.5
bw/st/yes/no/d/735/nc/A,bw/st/no/yes/d/747/nc/A,0.8
bw/st/yes/no/d/735/nc/A,bo/mu/no/no/m/180/nc/U,0.49
bw/st/yes/no/d/735/nc/A,bo/mu/yes/yes/m/174/nc/U,0.49
bw/st/yes/no/d/735/nc/A,bo/st/yes/yes/d/510/nc/U,0.51
bw/st/yes/no/d/735/nc/A,bo/mu/yes/yes/d/722/nc/A,0.49
bw/st/yes/no/d/735/nc/A,bw/so/yes/yes/d/725/nc/A,0.43
bw/st/yes/no/d/735/nc/A,bo/st/no/yes/d/528/nc/U,0.47
bw/st/yes/no/d/735/nc/A,bo/mu/no/yes/d/746/nc/A,0.48
bw/st/yes/no/d/735/nc/A,bw/st/yes/no/m/741/nc/A,1.0
bw/st/yes/no/d/735/nc/A,bo/st/no/yes/d/748/nc/A,0.47
bw/st/yes/no/d/735/nc/A,bo/mu/yes/no/m/186/nc/U,0.5
bw/st/yes/no/d/735/nc/A,bo/st/no/no/d/516/nc/U,0.48
bw/st/yes/no/d/735/nc/A,bo/st/yes/yes/d/724/nc/A,0.51
bw/st/yes/no/d/735/nc/A,bw/st/yes/yes/d/723/nc/A,0.87
bw/st/yes/no/d/735/nc/A,bo/mu/no/yes/m/192/nc/U,0.48
bw/st/yes/no/d/735/nc/A,bo/st/yes/yes/m/730/nc/A,0.51
bw/st/yes/no/d/735/nc/A,bw/so/yes/no/d/737/nc/A,0.43
bw/st/yes/no/d/735/nc/A,bw/mu/no/yes/m/168/nc/U,0.51
bw/st/yes/no/d/735/nc/A,bw/mu/yes/no/m/739/nc/A,0.52
bw/st/yes/no/d/735/nc/A,bw/mu/yes/yes/m/150/nc/U,0.52
bw/st/yes/no/d/735/nc/A,bw/so/yes/yes/d/534/nc/U,0.43
bw/st/yes/no/d/735/nc/A,bo/mu/no/yes/m/752/nc/A,0.48
bw/st/yes/no/d/735/nc/A,bw/so/no/yes/m/755/nc/A,0.42
bw/st/yes/no/d/735/nc/A,bo/so/yes/yes/d/558/nc/U,0.41
bw/st/yes/no/d/735/nc/A,bw/mu/no/no/m/763/nc/A,0.52
bw/st/yes/no/d/735/nc/A,bo/mu/no/no/m/764/nc/A,0.49
bw/st/yes/no/d/735/nc/A,bo/so/yes/no/d/738/nc/A,0.41
bw/st/yes/no/d/735/nc/A,bw/mu/no/no/m/156/nc/U,0.52
bw/st/yes/no/d/735/nc/A,bo/st/yes/no/d/736/nc/A,0.52
bw/st/yes/no/d/735/nc/A,bw/st/no/yes/d/504/nc/U,0.8
bw/st/yes/no/d/735/nc/A,bw/so/yes/yes/m/731/nc/A,0.43
bw/st/yes/no/d/735/nc/A,bw/st/no/no/m/765/nc/A,0.9
bw/st/yes/no/d/735/nc/A,bo/so/no/no/d/762/nc/A,0.25
bw/st/yes/no/d/735/nc/A,bo/st/no/yes/m/754/nc/A,0.47
bw/st/yes/no/d/735/nc/A,bw/st/no/yes/m/753/nc/A,0.8
bw/st/yes/no/d/735/nc/A,bw/st/no/yes/m/216/nc/U,0.8
bw/st/yes/no/d/735/nc/A,bo/so/no/yes/m/288/nc/U,0.25
bw/st/yes/no/d/735/nc/A,bw/st/yes/no/m/210/nc/U,1.0
bw/st/yes/no/d/735/nc/A,bo/st/no/no/m/228/nc/U,0.48
bw/st/yes/yes/d/486/nc/U,bw/mu/no/yes/d/456/nc/U,0.57
bw/st/yes/yes/d/486/nc/U,bw/so/no/no/m/252/nc/U,0.46
bw/st/yes/yes/d/486/nc/U,bw/so/no/yes/m/264/nc/U,0.46
bw/st/yes/yes/d/486/nc/U,bw/st/no/no/d/492/nc/U,0.81
bw/st/yes/yes/d/486/nc/U,bw/mu/yes/no/d/450/nc/U,0.57
bw/st/yes/yes/d/486/nc/U,bo/mu/no/no/d/468/nc/U,0.53
bw/st/yes/yes/d/486/nc/U,bo/mu/yes/yes/m/728/nc/A,0.54
bw/st/yes/yes/d/486/nc/U,bo/st/yes/no/d/522/nc/U,0.57
bw/st/yes/yes/d/486/nc/U,bo/so/yes/yes/d/726/nc/A,0.46
bw/st/yes/yes/d/486/nc/U,bw/mu/yes/yes/d/721/nc/A,0.57
bw/st/yes/yes/d/486/nc/U,bw/so/no/no/d/540/nc/U,0.46
bw/st/yes/yes/d/486/nc/U,bo/so/yes/no/m/744/nc/A,0.44
bw/st/yes/yes/d/486/nc/U,bo/so/no/yes/d/576/nc/U,0.27
bw/st/yes/yes/d/486/nc/U,bw/so/yes/no/m/743/nc/A,0.46
bw/st/yes/yes/d/486/nc/U,bw/mu/yes/yes/m/727/nc/A,0.57
bw/st/yes/yes/d/486/nc/U,bw/st/yes/yes/m/729/nc/A,1.0
bw/st/yes/yes/d/486/nc/U,bo/st/yes/no/m/742/nc/A,0.57
bw/st/yes/yes/d/486/nc/U,bo/so/yes/no/d/570/nc/U,0.44
bw/st/yes/yes/d/486/nc/U,bw/mu/no/yes/d/745/nc/A,0.57
bw/st/yes/yes/d/486/nc/U,bw/so/yes/no/d/546/nc/U,0.46
bw/st/yes/yes/d/486/nc/U,bo/so/no/no/d/564/nc/U,0.28
bw/st/yes/yes/d/486/nc/U,bo/so/no/yes/m/756/nc/A,0.27
bw/st/yes/yes/d/486/nc/U,bw/mu/no/yes/m/751/nc/A,0.57
bw/st/yes/yes/d/486/nc/U,bw/so/no/no/m/767/nc/A,0.46
bw/st/yes/yes/d/486/nc/U,bo/mu/no/no/d/758/nc/A,0.53
bw/st/yes/yes/d/486/nc/U,bw/so/no/yes/d/552/nc/U,0.46
bw/st/yes/yes/d/486/nc/U,bo/st/no/no/d/760/nc/A,0.53
bw/st/yes/yes/d/486/nc/U,bw/mu/yes/no/m/162/nc/U,0.57
bw/st/yes/yes/d/486/nc/U,bo/mu/yes/no/d/734/nc/A,0.55
bw/st/yes/yes/d/486/nc/U,bw/mu/yes/no/d/733/nc/A,0.57
bw/st/yes/yes/d/486/nc/U,bw/st/yes/yes/m/198/nc/U,1.0
bw/st/yes/yes/d/486/nc/U,bw/so/no/no/d/761/nc/A,0.46
bw/st/yes/yes/d/486/nc/U,bo/st/no/no/m/766/nc/A,0.53
bw/st/yes/yes/d/486/nc/U,bw/st/no/no/d/759/nc/A,0.81
bw/st/yes/yes/d/486/nc/U,bo/so/no/yes/d/750/nc/A,0.27
bw/st/yes/yes/d/486/nc/U,bw/mu/no/no/d/757/nc/A,0.57
bw/st/yes/yes/d/486/nc/U,bo/so/no/no/m/768/nc/A,0.28
bw/st/yes/yes/d/486/nc/U,bo/so/yes/yes/m/732/nc/A,0.46
bw/st/yes/yes/d/486/nc/U,bw/st/yes/no/d/735/nc/A,0.87
bw/st/yes/yes/d/486/nc/U,bw/st/yes/yes/d/486/nc/U,1.0
bw/st/yes/yes/d/486/nc/U,bw/mu/no/no/d/444/nc/U,0.57
bw/st/yes/yes/d/486/nc/U,bw/so/yes/yes/m/246/nc/U,0.47
bw/st/yes/yes/d/486/nc/U,bo/so/yes/yes/m/270/nc/U,0.46
bw/st/yes/yes/d/486/nc/U,bo/mu/no/yes/d/480/nc/U,0.53
bw/st/yes/yes/d/486/nc/U,bo/mu/yes/no/d/474/nc/U,0.55
bw/st/yes/yes/d/486/nc/U,bo/st/yes/yes/m/222/nc/U,0.56
bw/st/yes/yes/d/486/nc/U,bo/so/yes/no/m/282/nc/U,0.44
bw/st/yes/yes/d/486/nc/U,bo/so/no/no/m/276/nc/U,0.28
bw/st/yes/yes/d/486/nc/U,bo/st/no/yes/m/240/nc/U,0.53
bw/st/yes/yes/d/486/nc/U,bw/st/no/no/m/204/nc/U,0.81
bw/st/yes/yes/d/486/nc/U,bo/mu/yes/yes/d/462/nc/U,0.54
bw/st/yes/yes/d/486/nc/U,bo/st/yes/no/m/234/nc/U,0.57
bw/st/yes/yes/d/486/nc/U,bw/st/yes/no/d/498/nc/U,0.87
bw/st/yes/yes/d/486/nc/U,bw/mu/yes/yes/d/438/nc/U,0.57
bw/st/yes/yes/d/486/nc/U,bw/so/yes/no/m/258/nc/U,0.46
bw/st/yes/yes/d/486/nc/U,bw/so/no/yes/d/749/nc/A,0.46
bw/st/yes/yes/d/486/nc/U,bo/mu/yes/no/m/740/nc/A,0.55
bw/st/yes/yes/d/486/nc/U,bw/st/no/yes/d/747/nc/A,0.89
bw/st/yes/yes/d/486/nc/U,bo/mu/no/no/m/180/nc/U,0.53
bw/st/yes/yes/d/486/nc/U,bo/mu/yes/yes/m/174/nc/U,0.54
bw/st/yes/yes/d/486/nc/U,bo/st/yes/yes/d/510/nc/U,0.56
bw/st/yes/yes/d/486/nc/U,bo/mu/yes/yes/d/722/nc/A,0.54
bw/st/yes/yes/d/486/nc/U,bw/so/yes/yes/d/725/nc/A,0.47
bw/st/yes/yes/d/486/nc/U,bo/st/no/yes/d/528/nc/U,0.53
bw/st/yes/yes/d/486/nc/U,bo/mu/no/yes/d/746/nc/A,0.53
bw/st/yes/yes/d/486/nc/U,bw/st/yes/no/m/741/nc/A,0.87
bw/st/yes/yes/d/486/nc/U,bo/st/no/yes/d/748/nc/A,0.53
bw/st/yes/yes/d/486/nc/U,bo/mu/yes/no/m/186/nc/U,0.55
bw/st/yes/yes/d/486/nc/U,bo/st/no/no/d/516/nc/U,0.53
bw/st/yes/yes/d/486/nc/U,bo/st/yes/yes/d/724/nc/A,0.56
bw/st/yes/yes/d/486/nc/U,bw/st/yes/yes/d/723/nc/A,1.0
bw/st/yes/yes/d/486/nc/U,bo/mu/no/yes/m/192/nc/U,0.53
bw/st/yes/yes/d/486/nc/U,bo/st/yes/yes/m/730/nc/A,0.56
bw/st/yes/yes/d/486/nc/U,bw/so/yes/no/d/737/nc/A,0.46
bw/st/yes/yes/d/486/nc/U,bw/mu/no/yes/m/168/nc/U,0.57
bw/st/yes/yes/d/486/nc/U,bw/mu/yes/no/m/739/nc/A,0.57
bw/st/yes/yes/d/486/nc/U,bw/mu/yes/yes/m/150/nc/U,0.57
bw/st/yes/yes/d/486/nc/U,bw/so/yes/yes/d/534/nc/U,0.47
bw/st/yes/yes/d/486/nc/U,bo/mu/no/yes/m/752/nc/A,0.53
bw/st/yes/yes/d/486/nc/U,bw/so/no/yes/m/755/nc/A,0.46
bw/st/yes/yes/d/486/nc/U,bo/so/yes/yes/d/558/nc/U,0.46
bw/st/yes/yes/d/486/nc/U,bw/mu/no/no/m/763/nc/A,0.57
bw/st/yes/yes/d/486/nc/U,bo/mu/no/no/m/764/nc/A,0.53
bw/st/yes/yes/d/486/nc/U,bo/so/yes/no/d/738/nc/A,0.44
bw/st/yes/yes/d/486/nc/U,bw/mu/no/no/m/156/nc/U,0.57
bw/st/yes/yes/d/486/nc/U,bo/st/yes/no/d/736/nc/A,0.57
bw/st/yes/yes/d/486/nc/U,bw/st/no/yes/d/504/nc/U,0.89
bw/st/yes/yes/d/486/nc/U,bw/so/yes/yes/m/731/nc/A,0.47
bw/st/yes/yes/d/486/nc/U,bw/st/no/no/m/765/nc/A,0.81
bw/st/yes/yes/d/486/nc/U,bo/so/no/no/d/762/nc/A,0.28
bw/st/yes/yes/d/486/nc/U,bo/st/no/yes/m/754/nc/A,0.53
bw/st/yes/yes/d/486/nc/U,bw/st/no/yes/m/753/nc/A,0.89
bw/st/yes/yes/d/486/nc/U,bw/st/no/yes/m/216/nc/U,0.89
bw/st/yes/yes/d/486/nc/U,bo/so/no/yes/m/288/nc/U,0.27
bw/st/yes/yes/d/486/nc/U,bw/st/yes/no/m/210/nc/U,0.87
bw/st/yes/yes/d/486/nc/U,bo/st/no/no/m/228/nc/U,0.53
bw/mu/no/no/d/444/nc/U,bw/mu/no/yes/d/456/nc/U,0.96
bw/mu/no/no/d/444/nc/U,bw/so/no/no/m/252/nc/U,0.49
bw/mu/no/no/d/444/nc/U,bw/so/no/yes/m/264/nc/U,0.5
bw/mu/no/no/d/444/nc/U,bw/st/no/no/d/492/nc/U,0.53
bw/mu/no/no/d/444/nc/U,bw/mu/yes/no/d/450/nc/U,0.98
bw/mu/no/no/d/444/nc/U,bo/mu/no/no/d/468/nc/U,0.88
bw/mu/no/no/d/444/nc/U,bo/mu/yes/yes/m/728/nc/A,0.89
bw/mu/no/no/d/444/nc/U,bo/st/yes/no/d/522/nc/U,0.65
bw/mu/no/no/d/444/nc/U,bo/so/yes/yes/d/726/nc/A,0.52
bw/mu/no/no/d/444/nc/U,bw/mu/yes/yes/d/721/nc/A,0.94
bw/mu/no/no/d/444/nc/U,bw/so/no/no/d/540/nc/U,0.49
bw/mu/no/no/d/444/nc/U,bo/so/yes/no/m/744/nc/A,0.49
bw/mu/no/no/d/444/nc/U,bo/so/no/yes/d/576/nc/U,0.34
bw/mu/no/no/d/444/nc/U,bw/so/yes/no/m/743/nc/A,0.48
bw/mu/no/no/d/444/nc/U,bw/mu/yes/yes/m/727/nc/A,0.94
bw/mu/no/no/d/444/nc/U,bw/st/yes/yes/m/729/nc/A,0.57
bw/mu/no/no/d/444/nc/U,bo/st/yes/no/m/742/nc/A,0.65
bw/mu/no/no/d/444/nc/U,bo/so/yes/no/d/570/nc/U,0.49
bw/mu/no/no/d/444/nc/U,bw/mu/no/yes/d/745/nc/A,0.96
bw/mu/no/no/d/444/nc/U,bw/so/yes/no/d/546/nc/U,0.48
bw/mu/no/no/d/444/nc/U,bo/so/no/no/d/564/nc/U,0.33
bw/mu/no/no/d/444/nc/U,bo/so/no/yes/m/756/nc/A,0.34
bw/mu/no/no/d/444/nc/U,bw/mu/no/yes/m/751/nc/A,0.96
bw/mu/no/no/d/444/nc/U,bw/so/no/no/m/767/nc/A,0.49
bw/mu/no/no/d/444/nc/U,bo/mu/no/no/d/758/nc/A,0.88
bw/mu/no/no/d/444/nc/U,bw/so/no/yes/d/552/nc/U,0.5
bw/mu/no/no/d/444/nc/U,bo/st/no/no/d/760/nc/A,0.66
bw/mu/no/no/d/444/nc/U,bw/mu/yes/no/m/162/nc/U,0.98
bw/mu/no/no/d/444/nc/U,bo/mu/yes/no/d/734/nc/A,0.91
bw/mu/no/no/d/444/nc/U,bw/mu/yes/no/d/733/nc/A,0.98
bw/mu/no/no/d/444/nc/U,bw/st/yes/yes/m/198/nc/U,0.57
bw/mu/no/no/d/444/nc/U,bw/so/no/no/d/761/nc/A,0.49
bw/mu/no/no/d/444/nc/U,bo/st/no/no/m/766/nc/A,0.66
bw/mu/no/no/d/444/nc/U,bw/st/no/no/d/759/nc/A,0.53
bw/mu/no/no/d/444/nc/U,bo/so/no/yes/d/750/nc/A,0.34
bw/mu/no/no/d/444/nc/U,bw/mu/no/no/d/757/nc/A,1.0
bw/mu/no/no/d/444/nc/U,bo/so/no/no/m/768/nc/A,0.33
bw/mu/no/no/d/444/nc/U,bo/so/yes/yes/m/732/nc/A,0.52
bw/mu/no/no/d/444/nc/U,bw/st/yes/no/d/735/nc/A,0.52
bw/mu/no/no/d/444/nc/U,bw/st/yes/yes/d/486/nc/U,0.57
bw/mu/no/no/d/444/nc/U,bw/mu/no/no/d/444/nc/U,1.0
bw/mu/no/no/d/444/nc/U,bw/so/yes/yes/m/246/nc/U,0.48
bw/mu/no/no/d/444/nc/U,bo/so/yes/yes/m/270/nc/U,0.52
bw/mu/no/no/d/444/nc/U,bo/mu/no/yes/d/480/nc/U,0.86
bw/mu/no/no/d/444/nc/U,bo/mu/yes/no/d/474/nc/U,0.91
bw/mu/no/no/d/444/nc/U,bo/st/yes/yes/m/222/nc/U,0.66
bw/mu/no/no/d/444/nc/U,bo/so/yes/no/m/282/nc/U,0.49
bw/mu/no/no/d/444/nc/U,bo/so/no/no/m/276/nc/U,0.33
bw/mu/no/no/d/444/nc/U,bo/st/no/yes/m/240/nc/U,0.68
bw/mu/no/no/d/444/nc/U,bw/st/no/no/m/204/nc/U,0.53
bw/mu/no/no/d/444/nc/U,bo/mu/yes/yes/d/462/nc/U,0.89
bw/mu/no/no/d/444/nc/U,bo/st/yes/no/m/234/nc/U,0.65
bw/mu/no/no/d/444/nc/U,bw/st/yes/no/d/498/nc/U,0.52
bw/mu/no/no/d/444/nc/U,bw/mu/yes/yes/d/438/nc/U,0.94
bw/mu/no/no/d/444/nc/U,bw/so/yes/no/m/258/nc/U,0.48
bw/mu/no/no/d/444/nc/U,bw/so/no/yes/d/749/nc/A,0.5
bw/mu/no/no/d/444/nc/U,bo/mu/yes/no/m/740/nc/A,0.91
bw/mu/no/no/d/444/nc/U,bw/st/no/yes/d/747/nc/A,0.59
bw/mu/no/no/d/444/nc/U,bo/mu/no/no/m/180/nc/U,0.88
bw/mu/no/no/d/444/nc/U,bo/mu/yes/yes/m/174/nc/U,0.89
bw/mu/no/no/d/444/nc/U,bo/st/yes/yes/d/510/nc/U,0.66
bw/mu/no/no/d/444/nc/U,bo/mu/yes/yes/d/722/nc/A,0.89
bw/mu/no/no/d/444/nc/U,bw/so/yes/yes/d/725/nc/A,0.48
bw/mu/no/no/d/444/nc/U,bo/st/no/yes/d/528/nc/U,0.68
bw/mu/no/no/d/444/nc/U,bo/mu/no/yes/d/746/nc/A,0.86
bw/mu/no/no/d/444/nc/U,bw/st/yes/no/m/741/nc/A,0.52
bw/mu/no/no/d/444/nc/U,bo/st/no/yes/d/748/nc/A,0.68
bw/mu/no/no/d/444/nc/U,bo/mu/yes/no/m/186/nc/U,0.91
bw/mu/no/no/d/444/nc/U,bo/st/no/no/d/516/nc/U,0.66
bw/mu/no/no/d/444/nc/U,bo/st/yes/yes/d/724/nc/A,0.66
bw/mu/no/no/d/444/nc/U,bw/st/yes/yes/d/723/nc/A,0.57
bw/mu/no/no/d/444/nc/U,bo/mu/no/yes/m/192/nc/U,0.86
bw/mu/no/no/d/444/nc/U,bo/st/yes/yes/m/730/nc/A,0.66
bw/mu/no/no/d/444/nc/U,bw/so/yes/no/d/737/nc/A,0.48
bw/mu/no/no/d/444/nc/U,bw/mu/no/yes/m/168/nc/U,0.96
bw/mu/no/no/d/444/nc/U,bw/mu/yes/no/m/739/nc/A,0.98
bw/mu/no/no/d/444/nc/U,bw/mu/yes/yes/m/150/nc/U,0.94
bw/mu/no/no/d/444/nc/U,bw/so/yes/yes/d/534/nc/U,0.48
bw/mu/no/no/d/444/nc/U,bo/mu/no/yes/m/752/nc/A,0.86
bw/mu/no/no/d/444/nc/U,bw/so/no/yes/m/755/nc/A,0.5
bw/mu/no/no/d/444/nc/U,bo/so/yes/yes/d/558/nc/U,0.52
bw/mu/no/no/d/444/nc/U,bw/mu/no/no/m/763/nc/A,1.0
bw/mu/no/no/d/444/nc/U,bo/mu/no/no/m/764/nc/A,0.88
bw/mu/no/no/d/444/nc/U,bo/so/yes/no/d/738/nc/A,0.49
bw/mu/no/no/d/444/nc/U,bw/mu/no/no/m/156/nc/U,1.0
bw/mu/no/no/d/444/nc/U,bo/st/yes/no/d/736/nc/A,0.65
bw/mu/no/no/d/444/nc/U,bw/st/no/yes/d/504/nc/U,0.59
bw/mu/no/no/d/444/nc/U,bw/so/yes/yes/m/731/nc/A,0.48
bw/mu/no/no/d/444/nc/U,bw/st/no/no/m/765/nc/A,0.53
bw/mu/no/no/d/444/nc/U,bo/so/no/no/d/762/nc/A,0.33
bw/mu/no/no/d/444/nc/U,bo/st/no/yes/m/754/nc/A,0.68
bw/mu/no/no/d/444/nc/U,bw/st/no/yes/m/753/nc/A,0.59
bw/mu/no/no/d/444/nc/U,bw/st/no/yes/m/216/nc/U,0.59
bw/mu/no/no/d/444/nc/U,bo/so/no/yes/m/288/nc/U,0.34
bw/mu/no/no/d/444/nc/U,bw/st/yes/no/m/210/nc/U,0.52
bw/mu/no/no/d/444/nc/U,bo/st/no/no/m/228/nc/U,0.66
bw/so/yes/yes/m/246/nc/U,bw/mu/no/yes/d/456/nc/U,0.49
bw/so/yes/yes/m/246/nc/U,bw/so/no/no/m/252/nc/U,0.8
bw/so/yes/yes/m/246/nc/U,bw/so/no/yes/m/264/nc/U,0.86
bw/so/yes/yes/m/246/nc/U,bw/st/no/no/d/492/nc/U,0.43
bw/so/yes/yes/m/246/nc/U,bw/mu/yes/no/d/450/nc/U,0.48
bw/so/yes/yes/m/246/nc/U,bo/mu/no/no/d/468/nc/U,0.48
bw/so/yes/yes/m/246/nc/U,bo/mu/yes/yes/m/728/nc/A,0.49
bw/so/yes/yes/m/246/nc/U,bo/st/yes/no/d/522/nc/U,0.56
bw/so/yes/yes/m/246/nc/U,bo/so/yes/yes/d/726/nc/A,0.66
bw/so/yes/yes/m/246/nc/U,bw/mu/yes/yes/d/721/nc/A,0.49
bw/so/yes/yes/m/246/nc/U,bw/so/no/no/d/540/nc/U,0.8
bw/so/yes/yes/m/246/nc/U,bo/so/yes/no/m/744/nc/A,0.63
bw/so/yes/yes/m/246/nc/U,bo/so/no/yes/d/576/nc/U,0.38
bw/so/yes/yes/m/246/nc/U,bw/so/yes/no/m/743/nc/A,0.88
bw/so/yes/yes/m/246/nc/U,bw/mu/yes/yes/m/727/nc/A,0.49
bw/so/yes/yes/m/246/nc/U,bw/st/yes/yes/m/729/nc/A,0.47
bw/so/yes/yes/m/246/nc/U,bo/st/yes/no/m/742/nc/A,0.56
bw/so/yes/yes/m/246/nc/U,bo/so/yes/no/d/570/nc/U,0.63
bw/so/yes/yes/m/246/nc/U,bw/mu/no/yes/d/745/nc/A,0.49
bw/so/yes/yes/m/246/nc/U,bw/so/yes/no/d/546/nc/U,0.88
bw/so/yes/yes/m/246/nc/U,bo/so/no/no/d/564/nc/U,0.38
bw/so/yes/yes/m/246/nc/U,bo/so/no/yes/m/756/nc/A,0.38
bw/so/yes/yes/m/246/nc/U,bw/mu/no/yes/m/751/nc/A,0.49
bw/so/yes/yes/m/246/nc/U,bw/so/no/no/m/767/nc/A,0.8
bw/so/yes/yes/m/246/nc/U,bo/mu/no/no/d/758/nc/A,0.48
bw/so/yes/yes/m/246/nc/U,bw/so/no/yes/d/552/nc/U,0.86
bw/so/yes/yes/m/246/nc/U,bo/st/no/no/d/760/nc/A,0.55
bw/so/yes/yes/m/246/nc/U,bw/mu/yes/no/m/162/nc/U,0.48
bw/so/yes/yes/m/246/nc/U,bo/mu/yes/no/d/734/nc/A,0.48
bw/so/yes/yes/m/246/nc/U,bw/mu/yes/no/d/733/nc/A,0.48
bw/so/yes/yes/m/246/nc/U,bw/st/yes/yes/m/198/nc/U,0.47
bw/so/yes/yes/m/246/nc/U,bw/so/no/no/d/761/nc/A,0.8
bw/so/yes/yes/m/246/nc/U,bo/st/no/no/m/766/nc/A,0.55
bw/so/yes/yes/m/246/nc/U,bw/st/no/no/d/759/nc/A,0.43
bw/so/yes/yes/m/246/nc/U,bo/so/no/yes/d/750/nc/A,0.38
bw/so/yes/yes/m/246/nc/U,bw/mu/no/no/d/757/nc/A,0.48
bw/so/yes/yes/m/246/nc/U,bo/so/no/no/m/768/nc/A,0.38
bw/so/yes/yes/m/246/nc/U,bo/so/yes/yes/m/732/nc/A,0.66
bw/so/yes/yes/m/246/nc/U,bw/st/yes/no/d/735/nc/A,0.43
bw/so/yes/yes/m/246/nc/U,bw/st/yes/yes/d/486/nc/U,0.47
bw/so/yes/yes/m/246/nc/U,bw/mu/no/no/d/444/nc/U,0.48
bw/so/yes/yes/m/246/nc/U,bw/so/yes/yes/m/246/nc/U,1.0
bw/so/yes/yes/m/246/nc/U,bo/so/yes/yes/m/270/nc/U,0.66
bw/so/yes/yes/m/246/nc/U,bo/mu/no/yes/d/480/nc/U,0.48
bw/so/yes/yes/m/246/nc/U,bo/mu/yes/no/d/474/nc/U,0.48
bw/so/yes/yes/m/246/nc/U,bo/st/yes/yes/m/222/nc/U,0.56
bw/so/yes/yes/m/246/nc/U,bo/so/yes/no/m/282/nc/U,0.63
bw/so/yes/yes/m/246/nc/U,bo/so/no/no/m/276/nc/U,0.38
bw/so/yes/yes/m/246/nc/U,bo/st/no/yes/m/240/nc/U,0.55
bw/so/yes/yes/m/246/nc/U,bw/st/no/no/m/204/nc/U,0.43
bw/so/yes/yes/m/246/nc/U,bo/mu/yes/yes/d/462/nc/U,0.49
bw/so/yes/yes/m/246/nc/U,bo/st/yes/no/m/234/nc/U,0.56
bw/so/yes/yes/m/246/nc/U,bw/st/yes/no/d/498/nc/U,0.43
bw/so/yes/yes/m/246/nc/U,bw/mu/yes/yes/d/438/nc/U,0.49
bw/so/yes/yes/m/246/nc/U,bw/so/yes/no/m/258/nc/U,0.88
bw/so/yes/yes/m/246/nc/U,bw/so/no/yes/d/749/nc/A,0.86
bw/so/yes/yes/m/246/nc/U,bo/mu/yes/no/m/740/nc/A,0.48
bw/so/yes/yes/m/246/nc/U,bw/st/no/yes/d/747/nc/A,0.47
bw/so/yes/yes/m/246/nc/U,bo/mu/no/no/m/180/nc/U,0.48
bw/so/yes/yes/m/246/nc/U,bo/mu/yes/yes/m/174/nc/U,0.49
bw/so/yes/yes/m/246/nc/U,bo/st/yes/yes/d/510/nc/U,0.56
bw/so/yes/yes/m/246/nc/U,bo/mu/yes/yes/d/722/nc/A,0.49
bw/so/yes/yes/m/246/nc/U,bw/so/yes/yes/d/725/nc/A,1.0
bw/so/yes/yes/m/246/nc/U,bo/st/no/yes/d/528/nc/U,0.55
bw/so/yes/yes/m/246/nc/U,bo/mu/no/yes/d/746/nc/A,0.48
bw/so/yes/yes/m/246/nc/U,bw/st/yes/no/m/741/nc/A,0.43
bw/so/yes/yes/m/246/nc/U,bo/st/no/yes/d/748/nc/A,0.55
bw/so/yes/yes/m/246/nc/U,bo/mu/yes/no/m/186/nc/U,0.48
bw/so/yes/yes/m/246/nc/U,bo/st/no/no/d/516/nc/U,0.55
bw/so/yes/yes/m/246/nc/U,bo/st/yes/yes/d/724/nc/A,0.56
bw/so/yes/yes/m/246/nc/U,bw/st/yes/yes/d/723/nc/A,0.47
bw/so/yes/yes/m/246/nc/U,bo/mu/no/yes/m/192/nc/U,0.48
bw/so/yes/yes/m/246/nc/U,bo/st/yes/yes/m/730/nc/A,0.56
bw/so/yes/yes/m/246/nc/U,bw/so/yes/no/d/737/nc/A,0.88
bw/so/yes/yes/m/246/nc/U,bw/mu/no/yes/m/168/nc/U,0.49
bw/so/yes/yes/m/246/nc/U,bw/mu/yes/no/m/739/nc/A,0.48
bw/so/yes/yes/m/246/nc/U,bw/mu/yes/yes/m/150/nc/U,0.49
bw/so/yes/yes/m/246/nc/U,bw/so/yes/yes/d/534/nc/U,1.0
bw/so/yes/yes/m/246/nc/U,bo/mu/no/yes/m/752/nc/A,0.48
bw/so/yes/yes/m/246/nc/U,bw/so/no/yes/m/755/nc/A,0.86
bw/so/yes/yes/m/246/nc/U,bo/so/yes/yes/d/558/nc/U,0.66
bw/so/yes/yes/m/246/nc/U,bw/mu/no/no/m/763/nc/A,0.48
bw/so/yes/yes/m/246/nc/U,bo/mu/no/no/m/764/nc/A,0.48
bw/so/yes/yes/m/246/nc/U,bo/so/yes/no/d/738/nc/A,0.63
bw/so/yes/yes/m/246/nc/U,bw/mu/no/no/m/156/nc/U,0.48
bw/so/yes/yes/m/246/nc/U,bo/st/yes/no/d/736/nc/A,0.56
bw/so/yes/yes/m/246/nc/U,bw/st/no/yes/d/504/nc/U,0.47
bw/so/yes/yes/m/246/nc/U,bw/so/yes/yes/m/731/nc/A,1.0
bw/so/yes/yes/m/246/nc/U,bw/st/no/no/m/765/nc/A,0.43
bw/so/yes/yes/m/246/nc/U,bo/so/no/no/d/762/nc/A,0.38
bw/so/yes/yes/m/246/nc/U,bo/st/no/yes/m/754/nc/A,0.55
bw/so/yes/yes/m/246/nc/U,bw/st/no/yes/m/753/nc/A,0.47
bw/so/yes/yes/m/246/nc/U,bw/st/no/yes/m/216/nc/U,0.47
bw/so/yes/yes/m/246/nc/U,bo/so/no/yes/m/288/nc/U,0.38
bw/so/yes/yes/m/246/nc/U,bw/st/yes/no/m/210/nc/U,0.43
bw/so/yes/yes/m/246/nc/U,bo/st/no/no/m/228/nc/U,0.55
bo/so/yes/yes/m/270/nc/U,bw/mu/no/yes/d/456/nc/U,0.52
bo/so/yes/yes/m/270/nc/U,bw/so/no/no/m/252/nc/U,0.61
bo/so/yes/yes/m/270/nc/U,bw/so/no/yes/m/264/nc/U,0.64
bo/so/yes/yes/m/270/nc/U,bw/st/no/no/d/492/nc/U,0.42
bo/so/yes/yes/m/270/nc/U,bw/mu/yes/no/d/450/nc/U,0.52
bo/so/yes/yes/m/270/nc/U,bo/mu/no/no/d/468/nc/U,0.53
bo/so/yes/yes/m/270/nc/U,bo/mu/yes/yes/m/728/nc/A,0.54
bo/so/yes/yes/m/270/nc/U,bo/st/yes/no/d/522/nc/U,0.64
bo/so/yes/yes/m/270/nc/U,bo/so/yes/yes/d/726/nc/A,1.0
bo/so/yes/yes/m/270/nc/U,bw/mu/yes/yes/d/721/nc/A,0.52
bo/so/yes/yes/m/270/nc/U,bw/so/no/no/d/540/nc/U,0.61
bo/so/yes/yes/m/270/nc/U,bo/so/yes/no/m/744/nc/A,0.87
bo/so/yes/yes/m/270/nc/U,bo/so/no/yes/d/576/nc/U,0.48
bo/so/yes/yes/m/270/nc/U,bw/so/yes/no/m/743/nc/A,0.62
bo/so/yes/yes/m/270/nc/U,bw/mu/yes/yes/m/727/nc/A,0.52
bo/so/yes/yes/m/270/nc/U,bw/st/yes/yes/m/729/nc/A,0.46
bo/so/yes/yes/m/270/nc/U,bo/st/yes/no/m/742/nc/A,0.64
bo/so/yes/yes/m/270/nc/U,bo/so/yes/no/d/570/nc/U,0.87
bo/so/yes/yes/m/270/nc/U,bw/mu/no/yes/d/745/nc/A,0.52
bo/so/yes/yes/m/270/nc/U,bw/so/yes/no/d/546/nc/U,0.62
bo/so/yes/yes/m/270/nc/U,bo/so/no/no/d/564/nc/U,0.49
bo/so/yes/yes/m/270/nc/U,bo/so/no/yes/m/756/nc/A,0.48
bo/so/yes/yes/m/270/nc/U,bw/mu/no/yes/m/751/nc/A,0.52
bo/so/yes/yes/m/270/nc/U,bw/so/no/no/m/767/nc/A,0.61
bo/so/yes/yes/m/270/nc/U,bo/mu/no/no/d/758/nc/A,0.53
bo/so/yes/yes/m/270/nc/U,bw/so/no/yes/d/552/nc/U,0.64
bo/so/yes/yes/m/270/nc/U,bo/st/no/no/d/760/nc/A,0.61
bo/so/yes/yes/m/270/nc/U,bw/mu/yes/no/m/162/nc/U,0.52
bo/so/yes/yes/m/270/nc/U,bo/mu/yes/no/d/734/nc/A,0.54
bo/so/yes/yes/m/270/nc/U,bw/mu/yes/no/d/733/nc/A,0.52
bo/so/yes/yes/m/270/nc/U,bw/st/yes/yes/m/198/nc/U,0.46
bo/so/yes/yes/m/270/nc/U,bw/so/no/no/d/761/nc/A,0.61
bo/so/yes/yes/m/270/nc/U,bo/st/no/no/m/766/nc/A,0.61
bo/so/yes/yes/m/270/nc/U,bw/st/no/no/d/759/nc/A,0.42
bo/so/yes/yes/m/270/nc/U,bo/so/no/yes/d/750/nc/A,0.48
bo/so/yes/yes/m/270/nc/U,bw/mu/no/no/d/757/nc/A,0.52
bo/so/yes/yes/m/270/nc/U,bo/so/no/no/m/768/nc/A,0.49
bo/so/yes/yes/m/270/nc/U,bo/so/yes/yes/m/732/nc/A,1.0
bo/so/yes/yes/m/270/nc/U,bw/st/yes/no/d/735/nc/A,0.41
bo/so/yes/yes/m/270/nc/U,bw/st/yes/yes/d/486/nc/U,0.46
bo/so/yes/yes/m/270/nc/U,bw/mu/no/no/d/444/nc/U,0.52
bo/so/yes/yes/m/270/nc/U,bw/so/yes/yes/m/246/nc/U,0.66
bo/so/yes/yes/m/270/nc/U,bo/so/yes/yes/m/270/nc/U,1.0
bo/so/yes/yes/m/270/nc/U,bo/mu/no/yes/d/480/nc/U,0.54
bo/so/yes/yes/m/270/nc/U,bo/mu/yes/no/d/474/nc/U,0.54
bo/so/yes/yes/m/270/nc/U,bo/st/yes/yes/m/222/nc/U,0.63
bo/so/yes/yes/m/270/nc/U,bo/so/yes/no/m/282/nc/U,0.87
bo/so/yes/yes/m/270/nc/U,bo/so/no/no/m/276/nc/U,0.49
bo/so/yes/yes/m/270/nc/U,bo/st/no/yes/m/240/nc/U,0.61
bo/so/yes/yes/m/270/nc/U,bw/st/no/no/m/204/nc/U,0.42
bo/so/yes/yes/m/270/nc/U,bo/mu/yes/yes/d/462/nc/U,0.54
bo/so/yes/yes/m/270/nc/U,bo/st/yes/no/m/234/nc/U,0.64
bo/so/yes/yes/m/270/nc/U,bw/st/yes/no/d/498/nc/U,0.41
bo/so/yes/yes/m/270/nc/U,bw/mu/yes/yes/d/438/nc/U,0.52
bo/so/yes/yes/m/270/nc/U,bw/so/yes/no/m/258/nc/U,0.62
bo/so/yes/yes/m/270/nc/U,bw/so/no/yes/d/749/nc/A,0.64
bo/so/yes/yes/m/270/nc/U,bo/mu/yes/no/m/740/nc/A,0.54
bo/so/yes/yes/m/270/nc/U,bw/st/no/yes/d/747/nc/A,0.46
bo/so/yes/yes/m/270/nc/U,bo/mu/no/no/m/180/nc/U,0.53
bo/so/yes/yes/m/270/nc/U,bo/mu/yes/yes/m/174/nc/U,0.54
bo/so/yes/yes/m/270/nc/U,bo/st/yes/yes/d/510/nc/U,0.63
bo/so/yes/yes/m/270/nc/U,bo/mu/yes/yes/d/722/nc/A,0.54
bo/so/yes/yes/m/270/nc/U,bw/so/yes/yes/d/725/nc/A,0.66
bo/so/yes/yes/m/270/nc/U,bo/st/no/yes/d/528/nc/U,0.61
bo/so/yes/yes/m/270/nc/U,bo/mu/no/yes/d/746/nc/A,0.54
bo/so/yes/yes/m/270/nc/U,bw/st/yes/no/m/741/nc/A,0.41
bo/so/yes/yes/m/270/nc/U,bo/st/no/yes/d/748/nc/A,0.61
bo/so/yes/yes/m/270/nc/U,bo/mu/yes/no/m/186/nc/U,0.54
bo/so/yes/yes/m/270/nc/U,bo/st/no/no/d/516/nc/U,0.61
bo/so/yes/yes/m/270/nc/U,bo/st/yes/yes/d/724/nc/A,0.63
bo/so/yes/yes/m/270/nc/U,bw/st/yes/yes/d/723/nc/A,0.46
bo/so/yes/yes/m/270/nc/U,bo/mu/no/yes/m/192/nc/U,0.54
bo/so/yes/yes/m/270/nc/U,bo/st/yes/yes/m/730/nc/A,0.63
bo/so/yes/yes/m/270/nc/U,bw/so/yes/no/d/737/nc/A,0.62
bo/so/yes/yes/m/270/nc/U,bw/mu/no/yes/m/168/nc/U,0.52
bo/so/yes/yes/m/270/nc/U,bw/mu/yes/no/m/739/nc/A,0.52
bo/so/yes/yes/m/270/nc/U,bw/mu/yes/yes/m/150/nc/U,0.52
bo/so/yes/yes/m/270/nc/U,bw/so/yes/yes/d/534/nc/U,0.66
bo/so/yes/yes/m/270/nc/U,bo/mu/no/yes/m/752/nc/A,0.54
bo/so/yes/yes/m/270/nc/U,bw/so/no/yes/m/755/nc/A,0.64
bo/so/yes/yes/m/270/nc/U,bo/so/yes/yes/d/558/nc/U,1.0
bo/so/yes/yes/m/270/nc/U,bw/mu/no/no/m/763/nc/A,0.52
bo/so/yes/yes/m/270/nc/U,bo/mu/no/no/m/764/nc/A,0.53
bo/so/yes/yes/m/270/nc/U,bo/so/yes/no/d/738/nc/A,0.87
bo/so/yes/yes/m/270/nc/U,bw/mu/no/no/m/156/nc/U,0.52
bo/so/yes/yes/m/270/nc/U,bo/st/yes/no/d/736/nc/A,0.64
bo/so/yes/yes/m/270/nc/U,bw/st/no/yes/d/504/nc/U,0.46
bo/so/yes/yes/m/270/nc/U,bw/so/yes/yes/m/731/nc/A,0.66
bo/so/yes/yes/m/270/nc/U,bw/st/no/no/m/765/nc/A,0.42
bo/so/yes/yes/m/270/nc/U,bo/so/no/no/d/762/nc/A,0.49
bo/so/yes/yes/m/270/nc/U,bo/st/no/yes/m/754/nc/A,0.61
bo/so/yes/yes/m/270/nc/U,bw/st/no/yes/m/753/nc/A,0.46
bo/so/yes/yes/m/270/nc/U,bw/st/no/yes/m/216/nc/U,0.46
bo/so/yes/yes/m/270/nc/U,bo/so/no/yes/m/288/nc/U,0.48
bo/so/yes/yes/m/270/nc/U,bw/st/yes/no/m/210/nc/U,0.41
bo/so/yes/yes/m/270/nc/U,bo/st/no/no/m/228/nc/U,0.61
bo/mu/no/yes/d/480/nc/U,bw/mu/no/yes/d/456/nc/U,0.86
bo/mu/no/yes/d/480/nc/U,bw/so/no/no/m/252/nc/U,0.49
bo/mu/no/yes/d/480/nc/U,bw/so/no/yes/m/264/nc/U,0.5
bo/mu/no/yes/d/480/nc/U,bw/st/no/no/d/492/nc/U,0.49
bo/mu/no/yes/d/480/nc/U,bw/mu/yes/no/d/450/nc/U,0.87
bo/mu/no/yes/d/480/nc/U,bo/mu/no/no/d/468/nc/U,0.94
bo/mu/no/yes/d/480/nc/U,bo/mu/yes/yes/m/728/nc/A,0.91
bo/mu/no/yes/d/480/nc/U,bo/st/yes/no/d/522/nc/U,0.65
bo/mu/no/yes/d/480/nc/U,bo/so/yes/yes/d/726/nc/A,0.54
bo/mu/no/yes/d/480/nc/U,bw/mu/yes/yes/d/721/nc/A,0.87
bo/mu/no/yes/d/480/nc/U,bw/so/no/no/d/540/nc/U,0.49
bo/mu/no/yes/d/480/nc/U,bo/so/yes/no/m/744/nc/A,0.51
bo/mu/no/yes/d/480/nc/U,bo/so/no/yes/d/576/nc/U,0.36
bo/mu/no/yes/d/480/nc/U,bw/so/yes/no/m/743/nc/A,0.48
bo/mu/no/yes/d/480/nc/U,bw/mu/yes/yes/m/727/nc/A,0.87
bo/mu/no/yes/d/480/nc/U,bw/st/yes/yes/m/729/nc/A,0.53
bo/mu/no/yes/d/480/nc/U,bo/st/yes/no/m/742/nc/A,0.65
bo/mu/no/yes/d/480/nc/U,bo/so/yes/no/d/570/nc/U,0.51
bo/mu/no/yes/d/480/nc/U,bw/mu/no/yes/d/745/nc/A,0.86
bo/mu/no/yes/d/480/nc/U,bw/so/yes/no/d/546/nc/U,0.48
bo/mu/no/yes/d/480/nc/U,bo/so/no/no/d/564/nc/U,0.35
bo/mu/no/yes/d/480/nc/U,bo/so/no/yes/m/756/nc/A,0.36
bo/mu/no/yes/d/480/nc/U,bw/mu/no/yes/m/751/nc/A,0.86
bo/mu/no/yes/d/480/nc/U,bw/so/no/no/m/767/nc/A,0.49
bo/mu/no/yes/d/480/nc/U,bo/mu/no/no/d/758/nc/A,0.94
bo/mu/no/yes/d/480/nc/U,bw/so/no/yes/d/552/nc/U,0.5
bo/mu/no/yes/d/480/nc/U,bo/st/no/no/d/760/nc/A,0.66
bo/mu/no/yes/d/480/nc/U,bw/mu/yes/no/m/162/nc/U,0.87
bo/mu/no/yes/d/480/nc/U,bo/mu/yes/no/d/734/nc/A,0.91
bo/mu/no/yes/d/480/nc/U,bw/mu/yes/no/d/733/nc/A,0.87
bo/mu/no/yes/d/480/nc/U,bw/st/yes/yes/m/198/nc/U,0.53
bo/mu/no/yes/d/480/nc/U,bw/so/no/no/d/761/nc/A,0.49
bo/mu/no/yes/d/480/nc/U,bo/st/no/no/m/766/nc/A,0.66
bo/mu/no/yes/d/480/nc/U,bw/st/no/no/d/759/nc/A,0.49
bo/mu/no/yes/d/480/nc/U,bo/so/no/yes/d/750/nc/A,0.36
bo/mu/no/yes/d/480/nc/U,bw/mu/no/no/d/757/nc/A,0.86
bo/mu/no/yes/d/480/nc/U,bo/so/no/no/m/768/nc/A,0.35
bo/mu/no/yes/d/480/nc/U,bo/so/yes/yes/m/732/nc/A,0.54
bo/mu/no/yes/d/480/nc/U,bw/st/yes/no/d/735/nc/A,0.48
bo/mu/no/yes/d/480/nc/U,bw/st/yes/yes/d/486/nc/U,0.53
bo/mu/no/yes/d/480/nc/U,bw/mu/no/no/d/444/nc/U,0.86
bo/mu/no/yes/d/480/nc/U,bw/so/yes/yes/m/246/nc/U,0.48
bo/mu/no/yes/d/480/nc/U,bo/so/yes/yes/m/270/nc/U,0.54
bo/mu/no/yes/d/480/nc/U,bo/mu/no/yes/d/480/nc/U,1.0
bo/mu/no/yes/d/480/nc/U,bo/mu/yes/no/d/474/nc/U,0.91
bo/mu/no/yes/d/480/nc/U,bo/st/yes/yes/m/222/nc/U,0.66
bo/mu/no/yes/d/480/nc/U,bo/so/yes/no/m/282/nc/U,0.51
bo/mu/no/yes/d/480/nc/U,bo/so/no/no/m/276/nc/U,0.35
bo/mu/no/yes/d/480/nc/U,bo/st/no/yes/m/240/nc/U,0.69
bo/mu/no/yes/d/480/nc/U,bw/st/no/no/m/204/nc/U,0.49
bo/mu/no/yes/d/480/nc/U,bo/mu/yes/yes/d/462/nc/U,0.91
bo/mu/no/yes/d/480/nc/U,bo/st/yes/no/m/234/nc/U,0.65
bo/mu/no/yes/d/480/nc/U,bw/st/yes/no/d/498/nc/U,0.48
bo/mu/no/yes/d/480/nc/U,bw/mu/yes/yes/d/438/nc/U,0.87
bo/mu/no/yes/d/480/nc/U,bw/so/yes/no/m/258/nc/U,0.48
bo/mu/no/yes/d/480/nc/U,bw/so/no/yes/d/749/nc/A,0.5
bo/mu/no/yes/d/480/nc/U,bo/mu/yes/no/m/740/nc/A,0.91
bo/mu/no/yes/d/480/nc/U,bw/st/no/yes/d/747/nc/A,0.55
bo/mu/no/yes/d/480/nc/U,bo/mu/no/no/m/180/nc/U,0.94
bo/mu/no/yes/d/480/nc/U,bo/mu/yes/yes/m/174/nc/U,0.91
bo/mu/no/yes/d/480/nc/U,bo/st/yes/yes/d/510/nc/U,0.66
bo/mu/no/yes/d/480/nc/U,bo/mu/yes/yes/d/722/nc/A,0.91
bo/mu/no/yes/d/480/nc/U,bw/so/yes/yes/d/725/nc/A,0.48
bo/mu/no/yes/d/480/nc/U,bo/st/no/yes/d/528/nc/U,0.69
bo/mu/no/yes/d/480/nc/U,bo/mu/no/yes/d/746/nc/A,1.0
bo/mu/no/yes/d/480/nc/U,bw/st/yes/no/m/741/nc/A,0.48
bo/mu/no/yes/d/480/nc/U,bo/st/no/yes/d/748/nc/A,0.69
bo/mu/no/yes/d/480/nc/U,bo/mu/yes/no/m/186/nc/U,0.91
bo/mu/no/yes/d/480/nc/U,bo/st/no/no/d/516/nc/U,0.66
bo/mu/no/yes/d/480/nc/U,bo/st/yes/yes/d/724/nc/A,0.66
bo/mu/no/yes/d/480/nc/U,bw/st/yes/yes/d/723/nc/A,0.53
bo/mu/no/yes/d/480/nc/U,bo/mu/no/yes/m/192/nc/U,1.0
bo/mu/no/yes/d/480/nc/U,bo/st/yes/yes/m/730/nc/A,0.66
bo/mu/no/yes/d/480/nc/U,bw/so/yes/no/d/737/nc/A,0.48
bo/mu/no/yes/d/480/nc/U,bw/mu/no/yes/m/168/nc/U,0.86
bo/mu/no/yes/d/480/nc/U,bw/mu/yes/no/m/739/nc/A,0.87
bo/mu/no/yes/d/480/nc/U,bw/mu/yes/yes/m/150/nc/U,0.87
bo/mu/no/yes/d/480/nc/U,bw/so/yes/yes/d/534/nc/U,0.48
bo/mu/no/yes/d/480/nc/U,bo/mu/no/yes/m/752/nc/A,1.0
bo/mu/no/yes/d/480/nc/U,bw/so/no/yes/m/755/nc/A,0.5
bo/mu/no/yes/d/480/nc/U,bo/so/yes/yes/d/558/nc/U,0.54
bo/mu/no/yes/d/480/nc/U,bw/mu/no/no/m/763/nc/A,0.86
bo/mu/no/yes/d/480/nc/U,bo/mu/no/no/m/764/nc/A,0.94
bo/mu/no/yes/d/480/nc/U,bo/so/yes/no/d/738/nc/A,0.51
bo/mu/no/yes/d/480/nc/U,bw/mu/no/no/m/156/nc/U,0.86
bo/mu/no/yes/d/480/nc/U,bo/st/yes/no/d/736/nc/A,0.65
bo/mu/no/yes/d/480/nc/U,bw/st/no/yes/d/504/nc/U,0.55
bo/mu/no/yes/d/480/nc/U,bw/so/yes/yes/m/731/nc/A,0.48
bo/mu/no/yes/d/480/nc/U,bw/st/no/no/m/765/nc/A,0.49
bo/mu/no/yes/d/480/nc/U,bo/so/no/no/d/762/nc/A,0.35
bo/mu/no/yes/d/480/nc/U,bo/st/no/yes/m/754/nc/A,0.69
bo/mu/no/yes/d/480/nc/U,bw/st/no/yes/m/753/nc/A,0.55
bo/mu/no/yes/d/480/nc/U,bw/st/no/yes/m/216/nc/U,0.55
bo/mu/no/yes/d/480/nc/U,bo/so/no/yes/m/288/nc/U,0.36
bo/mu/no/yes/d/480/nc/U,bw/st/yes/no/m/210/nc/U,0.48
bo/mu/no/yes/d/480/nc/U,bo/st/no/no/m/228/nc/U,0.66
bo/mu/yes/no/d/474/nc/U,bw/mu/no/yes/d/456/nc/U,0.91
bo/mu/yes/no/d/474/nc/U,bw/so/no/no/m/252/nc/U,0.49
bo/mu/yes/no/d/474/nc/U,bw/so/no/yes/m/264/nc/U,0.5
bo/mu/yes/no/d/474/nc/U,bw/st/no/no/d/492/nc/U,0.51
bo/mu/yes/no/d/474/nc/U,bw/mu/yes/no/d/450/nc/U,0.93
bo/mu/yes/no/d/474/nc/U,bo/mu/no/no/d/468/nc/U,0.92
bo/mu/yes/no/d/474/nc/U,bo/mu/yes/yes/m/728/nc/A,0.97
bo/mu/yes/no/d/474/nc/U,bo/st/yes/no/d/522/nc/U,0.66
bo/mu/yes/no/d/474/nc/U,bo/so/yes/yes/d/726/nc/A,0.54
bo/mu/yes/no/d/474/nc/U,bw/mu/yes/yes/d/721/nc/A,0.91
bo/mu/yes/no/d/474/nc/U,bw/so/no/no/d/540/nc/U,0.49
bo/mu/yes/no/d/474/nc/U,bo/so/yes/no/m/744/nc/A,0.51
bo/mu/yes/no/d/474/nc/U,bo/so/no/yes/d/576/nc/U,0.36
bo/mu/yes/no/d/474/nc/U,bw/so/yes/no/m/743/nc/A,0.48
bo/mu/yes/no/d/474/nc/U,bw/mu/yes/yes/m/727/nc/A,0.91
bo/mu/yes/no/d/474/nc/U,bw/st/yes/yes/m/729/nc/A,0.55
bo/mu/yes/no/d/474/nc/U,bo/st/yes/no/m/742/nc/A,0.66
bo/mu/yes/no/d/474/nc/U,bo/so/yes/no/d/570/nc/U,0.51
bo/mu/yes/no/d/474/nc/U,bw/mu/no/yes/d/745/nc/A,0.91
bo/mu/yes/no/d/474/nc/U,bw/so/yes/no/d/546/nc/U,0.48
bo/mu/yes/no/d/474/nc/U,bo/so/no/no/d/564/nc/U,0.35
bo/mu/yes/no/d/474/nc/U,bo/so/no/yes/m/756/nc/A,0.36
bo/mu/yes/no/d/474/nc/U,bw/mu/no/yes/m/751/nc/A,0.91
bo/mu/yes/no/d/474/nc/U,bw/so/no/no/m/767/nc/A,0.49
bo/mu/yes/no/d/474/nc/U,bo/mu/no/no/d/758/nc/A,0.92
bo/mu/yes/no/d/474/nc/U,bw/so/no/yes/d/552/nc/U,0.5
bo/mu/yes/no/d/474/nc/U,bo/st/no/no/d/760/nc/A,0.67
bo/mu/yes/no/d/474/nc/U,bw/mu/yes/no/m/162/nc/U,0.93
bo/mu/yes/no/d/474/nc/U,bo/mu/yes/no/d/734/nc/A,1.0
bo/mu/yes/no/d/474/nc/U,bw/mu/yes/no/d/733/nc/A,0.93
bo/mu/yes/no/d/474/nc/U,bw/st/yes/yes/m/198/nc/U,0.55
bo/mu/yes/no/d/474/nc/U,bw/so/no/no/d/761/nc/A,0.49
bo/mu/yes/no/d/474/nc/U,bo/st/no/no/m/766/nc/A,0.67
bo/mu/yes/no/d/474/nc/U,bw/st/no/no/d/759/nc/A,0.51
bo/mu/yes/no/d/474/nc/U,bo/so/no/yes/d/750/nc/A,0.36
bo/mu/yes/no/d/474/nc/U,bw/mu/no/no/d/757/nc/A,0.91
bo/mu/yes/no/d/474/nc/U,bo/so/no/no/m/768/nc/A,0.35
bo/mu/yes/no/d/474/nc/U,bo/so/yes/yes/m/732/nc/A,0.54
bo/mu/yes/no/d/474/nc/U,bw/st/yes/no/d/735/nc/A,0.5
bo/mu/yes/no/d/474/nc/U,bw/st/yes/yes/d/486/nc/U,0.55
bo/mu/yes/no/d/474/nc/U,bw/mu/no/no/d/444/nc/U,0.91
bo/mu/yes/no/d/474/nc/U,bw/so/yes/yes/m/246/nc/U,0.48
bo/mu/yes/no/d/474/nc/U,bo/so/yes/yes/m/270/nc/U,0.54
bo/mu/yes/no/d/474/nc/U,bo/mu/no/yes/d/480/nc/U,0.91
bo/mu/yes/no/d/474/nc/U,bo/mu/yes/no/d/474/nc/U,1.0
bo/mu/yes/no/d/474/nc/U,bo/st/yes/yes/m/222/nc/U,0.67
bo/mu/yes/no/d/474/nc/U,bo/so/yes/no/m/282/nc/U,0.51
bo/mu/yes/no/d/474/nc/U,bo/so/no/no/m/276/nc/U,0.35
bo/mu/yes/no/d/474/nc/U,bo/st/no/yes/m/240/nc/U,0.7
bo/mu/yes/no/d/474/nc/U,bw/st/no/no/m/204/nc/U,0.51
bo/mu/yes/no/d/474/nc/U,bo/mu/yes/yes/d/462/nc/U,0.97
bo/mu/yes/no/d/474/nc/U,bo/st/yes/no/m/234/nc/U,0.66
bo/mu/yes/no/d/474/nc/U,bw/st/yes/no/d/498/nc/U,0.5
bo/mu/yes/no/d/474/nc/U,bw/mu/yes/yes/d/438/nc/U,0.91
bo/mu/yes/no/d/474/nc/U,bw/so/yes/no/m/258/nc/U,0.48
bo/mu/yes/no/d/474/nc/U,bw/so/no/yes/d/749/nc/A,0.5
bo/mu/yes/no/d/474/nc/U,bo/mu/yes/no/m/740/nc/A,1.0
bo/mu/yes/no/d/474/nc/U,bw/st/no/yes/d/747/nc/A,0.57
bo/mu/yes/no/d/474/nc/U,bo/mu/no/no/m/180/nc/U,0.92
bo/mu/yes/no/d/474/nc/U,bo/mu/yes/yes/m/174/nc/U,0.97
bo/mu/yes/no/d/474/nc/U,bo/st/yes/yes/d/510/nc/U,0.67
bo/mu/yes/no/d/474/nc/U,bo/mu/yes/yes/d/722/nc/A,0.97
bo/mu/yes/no/d/474/nc/U,bw/so/yes/yes/d/725/nc/A,0.48
bo/mu/yes/no/d/474/nc/U,bo/st/no/yes/d/528/nc/U,0.7
bo/mu/yes/no/d/474/nc/U,bo/mu/no/yes/d/746/nc/A,0.91
bo/mu/yes/no/d/474/nc/U,bw/st/yes/no/m/741/nc/A,0.5
bo/mu/yes/no/d/474/nc/U,bo/st/no/yes/d/748/nc/A,0.7
bo/mu/yes/no/d/474/nc/U,bo/mu/yes/no/m/186/nc/U,1.0
bo/mu/yes/no/d/474/nc/U,bo/st/no/no/d/516/nc/U,0.67
bo/mu/yes/no/d/474/nc/U,bo/st/yes/yes/d/724/nc/A,0.67
bo/mu/yes/no/d/474/nc/U,bw/st/yes/yes/d/723/nc/A,0.55
bo/mu/yes/no/d/474/nc/U,bo/mu/no/yes/m/192/nc/U,0.91
bo/mu/yes/no/d/474/nc/U,bo/st/yes/yes/m/730/nc/A,0.67
bo/mu/yes/no/d/474/nc/U,bw/so/yes/no/d/737/nc/A,0.48
bo/mu/yes/no/d/474/nc/U,bw/mu/no/yes/m/168/nc/U,0.91
bo/mu/yes/no/d/474/nc/U,bw/mu/yes/no/m/739/nc/A,0.93
bo/mu/yes/no/d/474/nc/U,bw/mu/yes/yes/m/150/nc/U,0.91
bo/mu/yes/no/d/474/nc/U,bw/so/yes/yes/d/534/nc/U,0.48
bo/mu/yes/no/d/474/nc/U,bo/mu/no/yes/m/752/nc/A,0.91
bo/mu/yes/no/d/474/nc/U,bw/so/no/yes/m/755/nc/A,0.5
bo/mu/yes/no/d/474/nc/U,bo/so/yes/yes/d/558/nc/U,0.54
bo/mu/yes/no/d/474/nc/U,bw/mu/no/no/m/763/nc/A,0.91
bo/mu/yes/no/d/474/nc/U,bo/mu/no/no/m/764/nc/A,0.92
bo/mu/yes/no/d/474/nc/U,bo/so/yes/no/d/738/nc/A,0.51
bo/mu/yes/no/d/474/nc/U,bw/mu/no/no/m/156/nc/U,0.91
bo/mu/yes/no/d/474/nc/U,bo/st/yes/no/d/736/nc/A,0.66
bo/mu/yes/no/d/474/nc/U,bw/st/no/yes/d/504/nc/U,0.57
bo/mu/yes/no/d/474/nc/U,bw/so/yes/yes/m/731/nc/A,0.48
bo/mu/yes/no/d/474/nc/U,bw/st/no/no/m/765/nc/A,0.51
bo/mu/yes/no/d/474/nc/U,bo/so/no/no/d/762/nc/A,0.35
bo/mu/yes/no/d/474/nc/U,bo/st/no/yes/m/754/nc/A,0.7
bo/mu/yes/no/d/474/nc/U,bw/st/no/yes/m/753/nc/A,0.57
bo/mu/yes/no/d/474/nc/U,bw/st/no/yes/m/216/nc/U,0.57
bo/mu/yes/no/d/474/nc/U,bo/so/no/yes/m/288/nc/U,0.36
bo/mu/yes/no/d/474/nc/U,bw/st/yes/no/m/210/nc/U,0.5
bo/mu/yes/no/d/474/nc/U,bo/st/no/no/m/228/nc/U,0.67
bo/st/yes/yes/m/222/nc/U,bw/mu/no/yes/d/456/nc/U,0.66
bo/st/yes/yes/m/222/nc/U,bw/so/no/no/m/252/nc/U,0.55
bo/st/yes/yes/m/222/nc/U,bw/so/no/yes/m/264/nc/U,0.56
bo/st/yes/yes/m/222/nc/U,bw/st/no/no/d/492/nc/U,0.51
bo/st/yes/yes/m/222/nc/U,bw/mu/yes/no/d/450/nc/U,0.66
bo/st/yes/yes/m/222/nc/U,bo/mu/no/no/d/468/nc/U,0.66
bo/st/yes/yes/m/222/nc/U,bo/mu/yes/yes/m/728/nc/A,0.67
bo/st/yes/yes/m/222/nc/U,bo/st/yes/no/d/522/nc/U,0.97
bo/st/yes/yes/m/222/nc/U,bo/so/yes/yes/d/726/nc/A,0.63
bo/st/yes/yes/m/222/nc/U,bw/mu/yes/yes/d/721/nc/A,0.66
bo/st/yes/yes/m/222/nc/U,bw/so/no/no/d/540/nc/U,0.55
bo/st/yes/yes/m/222/nc/U,bo/so/yes/no/m/744/nc/A,0.6
bo/st/yes/yes/m/222/nc/U,bo/so/no/yes/d/576/nc/U,0.38
bo/st/yes/yes/m/222/nc/U,bw/so/yes/no/m/743/nc/A,0.55
bo/st/yes/yes/m/222/nc/U,bw/mu/yes/yes/m/727/nc/A,0.66
bo/st/yes/yes/m/222/nc/U,bw/st/yes/yes/m/729/nc/A,0.56
bo/st/yes/yes/m/222/nc/U,bo/st/yes/no/m/742/nc/A,0.97
bo/st/yes/yes/m/222/nc/U,bo/so/yes/no/d/570/nc/U,0.6
bo/st/yes/yes/m/222/nc/U,bw/mu/no/yes/d/745/nc/A,0.66
bo/st/yes/yes/m/222/nc/U,bw/so/yes/no/d/546/nc/U,0.55
bo/st/yes/yes/m/222/nc/U,bo/so/no/no/d/564/nc/U,0.38
bo/st/yes/yes/m/222/nc/U,bo/so/no/yes/m/756/nc/A,0.38
bo/st/yes/yes/m/222/nc/U,bw/mu/no/yes/m/751/nc/A,0.66
bo/st/yes/yes/m/222/nc/U,bw/so/no/no/m/767/nc/A,0.55
bo/st/yes/yes/m/222/nc/U,bo/mu/no/no/d/758/nc/A,0.66
bo/st/yes/yes/m/222/nc/U,bw/so/no/yes/d/552/nc/U,0.56
bo/st/yes/yes/m/222/nc/U,bo/st/no/no/d/760/nc/A,0.87
bo/st/yes/yes/m/222/nc/U,bw/mu/yes/no/m/162/nc/U,0.66
bo/st/yes/yes/m/222/nc/U,bo/mu/yes/no/d/734/nc/A,0.67
bo/st/yes/yes/m/222/nc/U,bw/mu/yes/no/d/733/nc/A,0.66
bo/st/yes/yes/m/222/nc/U,bw/st/yes/yes/m/198/nc/U,0.56
bo/st/yes/yes/m/222/nc/U,bw/so/no/no/d/761/nc/A,0.55
bo/st/yes/yes/m/222/nc/U,bo/st/no/no/m/766/nc/A,0.87
bo/st/yes/yes/m/222/nc/U,bw/st/no/no/d/759/nc/A,0.51
bo/st/yes/yes/m/222/nc/U,bo/so/no/yes/d/750/nc/A,0.38
bo/st/yes/yes/m/222/nc/U,bw/mu/no/no/d/757/nc/A,0.66
bo/st/yes/yes/m/222/nc/U,bo/so/no/no/m/768/nc/A,0.38
bo/st/yes/yes/m/222/nc/U,bo/so/yes/yes/m/732/nc/A,0.63
bo/st/yes/yes/m/222/nc/U,bw/st/yes/no/d/735/nc/A,0.51
bo/st/yes/yes/m/222/nc/U,bw/st/yes/yes/d/486/nc/U,0.56
bo/st/yes/yes/m/222/nc/U,bw/mu/no/no/d/444/nc/U,0.66
bo/st/yes/yes/m/222/nc/U,bw/so/yes/yes/m/246/nc/U,0.56
bo/st/yes/yes/m/222/nc/U,bo/so/yes/yes/m/270/nc/U,0.63
bo/st/yes/yes/m/222/nc/U,bo/mu/no/yes/d/480/nc/U,0.66
bo/st/yes/yes/m/222/nc/U,bo/mu/yes/no/d/474/nc/U,0.67
bo/st/yes/yes/m/222/nc/U,bo/st/yes/yes/m/222/nc/U,1.0
bo/st/yes/yes/m/222/nc/U,bo/so/yes/no/m/282/nc/U,0.6
bo/st/yes/yes/m/222/nc/U,bo/so/no/no/m/276/nc/U,0.38
bo/st/yes/yes/m/222/nc/U,bo/st/no/yes/m/240/nc/U,0.86
bo/st/yes/yes/m/222/nc/U,bw/st/no/no/m/204/nc/U,0.51
bo/st/yes/yes/m/222/nc/U,bo/mu/yes/yes/d/462/nc/U,0.67
bo/st/yes/yes/m/222/nc/U,bo/st/yes/no/m/234/nc/U,0.97
bo/st/yes/yes/m/222/nc/U,bw/st/yes/no/d/498/nc/U,0.51
bo/st/yes/yes/m/222/nc/U,bw/mu/yes/yes/d/438/nc/U,0.66
bo/st/yes/yes/m/222/nc/U,bw/so/yes/no/m/258/nc/U,0.55
bo/st/yes/yes/m/222/nc/U,bw/so/no/yes/d/749/nc/A,0.56
bo/st/yes/yes/m/222/nc/U,bo/mu/yes/no/m/740/nc/A,0.67
bo/st/yes/yes/m/222/nc/U,bw/st/no/yes/d/747/nc/A,0.57
bo/st/yes/yes/m/222/nc/U,bo/mu/no/no/m/180/nc/U,0.66
bo/st/yes/yes/m/222/nc/U,bo/mu/yes/yes/m/174/nc/U,0.67
bo/st/yes/yes/m/222/nc/U,bo/st/yes/yes/d/510/nc/U,1.0
bo/st/yes/yes/m/222/nc/U,bo/mu/yes/yes/d/722/nc/A,0.67
bo/st/yes/yes/m/222/nc/U,bw/so/yes/yes/d/725/nc/A,0.56
bo/st/yes/yes/m/222/nc/U,bo/st/no/yes/d/528/nc/U,0.86
bo/st/yes/yes/m/222/nc/U,bo/mu/no/yes/d/746/nc/A,0.66
bo/st/yes/yes/m/222/nc/U,bw/st/yes/no/m/741/nc/A,0.51
bo/st/yes/yes/m/222/nc/U,bo/st/no/yes/d/748/nc/A,0.86
bo/st/yes/yes/m/222/nc/U,bo/mu/yes/no/m/186/nc/U,0.67
bo/st/yes/yes/m/222/nc/U,bo/st/no/no/d/516/nc/U,0.87
bo/st/yes/yes/m/222/nc/U,bo/st/yes/yes/d/724/nc/A,1.0
bo/st/yes/yes/m/222/nc/U,bw/st/yes/yes/d/723/nc/A,0.56
bo/st/yes/yes/m/222/nc/U,bo/mu/no/yes/m/192/nc/U,0.66
bo/st/yes/yes/m/222/nc/U,bo/st/yes/yes/m/730/nc/A,1.0
bo/st/yes/yes/m/222/nc/U,bw/so/yes/no/d/737/nc/A,0.55
bo/st/yes/yes/m/222/nc/U,bw/mu/no/yes/m/168/nc/U,0.66
bo/st/yes/yes/m/222/nc/U,bw/mu/yes/no/m/739/nc/A,0.66
bo/st/yes/yes/m/222/nc/U,bw/mu/yes/yes/m/150/nc/U,0.66
bo/st/yes/yes/m/222/nc/U,bw/so/yes/yes/d/534/nc/U,0.56
bo/st/yes/yes/m/222/nc/U,bo/mu/no/yes/m/752/nc/A,0.66
bo/st/yes/yes/m/222/nc/U,bw/so/no/yes/m/755/nc/A,0.56
bo/st/yes/yes/m/222/nc/U,bo/so/yes/yes/d/558/nc/U,0.63
bo/st/yes/yes/m/222/nc/U,bw/mu/no/no/m/763/nc/A,0.66
bo/st/yes/yes/m/222/nc/U,bo/mu/no/no/m/764/nc/A,0.66
bo/st/yes/yes/m/222/nc/U,bo/so/yes/no/d/738/nc/A,0.6
bo/st/yes/yes/m/222/nc/U,bw/mu/no/no/m/156/nc/U,0.66
bo/st/yes/yes/m/222/nc/U,bo/st/yes/no/d/736/nc/A,0.97
bo/st/yes/yes/m/222/nc/U,bw/st/no/yes/d/504/nc/U,0.57
bo/st/yes/yes/m/222/nc/U,bw/so/yes/yes/m/731/nc/A,0.56
bo/st/yes/yes/m/222/nc/U,bw/st/no/no/m/765/nc/A,0.51
bo/st/yes/yes/m/222/nc/U,bo/so/no/no/d/762/nc/A,0.38
bo/st/yes/yes/m/222/nc/U,bo/st/no/yes/m/754/nc/A,0.86
bo/st/yes/yes/m/222/nc/U,bw/st/no/yes/m/753/nc/A,0.57
bo/st/yes/yes/m/222/nc/U,bw/st/no/yes/m/216/nc/U,0.57
bo/st/yes/yes/m/222/nc/U,bo/so/no/yes/m/288/nc/U,0.38
bo/st/yes/yes/m/222/nc/U,bw/st/yes/no/m/210/nc/U,0.51
bo/st/yes/yes/m/222/nc/U,bo/st/no/no/m/228/nc/U,0.87
bo/so/yes/no/m/282/nc/U,bw/mu/no/yes/d/456/nc/U,0.5
bo/so/yes/no/m/282/nc/U,bw/so/no/no/m/252/nc/U,0.66
bo/so/yes/no/m/282/nc/U,bw/so/no/yes/m/264/nc/U,0.61
bo/so/yes/no/m/282/nc/U,bw/st/no/no/d/492/nc/U,0.41
bo/so/yes/no/m/282/nc/U,bw/mu/yes/no/d/450/nc/U,0.49
bo/so/yes/no/m/282/nc/U,bo/mu/no/no/d/468/nc/U,0.51
bo/so/yes/no/m/282/nc/U,bo/mu/yes/yes/m/728/nc/A,0.52
bo/so/yes/no/m/282/nc/U,bo/st/yes/no/d/522/nc/U,0.61
bo/so/yes/no/m/282/nc/U,bo/so/yes/yes/d/726/nc/A,0.87
bo/so/yes/no/m/282/nc/U,bw/mu/yes/yes/d/721/nc/A,0.5
bo/so/yes/no/m/282/nc/U,bw/so/no/no/d/540/nc/U,0.66
bo/so/yes/no/m/282/nc/U,bo/so/yes/no/m/744/nc/A,1.0
bo/so/yes/no/m/282/nc/U,bo/so/no/yes/d/576/nc/U,0.45
bo/so/yes/no/m/282/nc/U,bw/so/yes/no/m/743/nc/A,0.69
bo/so/yes/no/m/282/nc/U,bw/mu/yes/yes/m/727/nc/A,0.5
bo/so/yes/no/m/282/nc/U,bw/st/yes/yes/m/729/nc/A,0.44
bo/so/yes/no/m/282/nc/U,bo/st/yes/no/m/742/nc/A,0.61
bo/so/yes/no/m/282/nc/U,bo/so/yes/no/d/570/nc/U,1.0
bo/so/yes/no/m/282/nc/U,bw/mu/no/yes/d/745/nc/A,0.5
bo/so/yes/no/m/282/nc/U,bw/so/yes/no/d/546/nc/U,0.69
bo/so/yes/no/m/282/nc/U,bo/so/no/no/d/564/nc/U,0.53
bo/so/yes/no/m/282/nc/U,bo/so/no/yes/m/756/nc/A,0.45
bo/so/yes/no/m/282/nc/U,bw/mu/no/yes/m/751/nc/A,0.5
bo/so/yes/no/m/282/nc/U,bw/so/no/no/m/767/nc/A,0.66
bo/so/yes/no/m/282/nc/U,bo/mu/no/no/d/758/nc/A,0.51
bo/so/yes/no/m/282/nc/U,bw/so/no/yes/d/552/nc/U,0.61
bo/so/yes/no/m/282/nc/U,bo/st/no/no/d/760/nc/A,0.59
bo/so/yes/no/m/282/nc/U,bw/mu/yes/no/m/162/nc/U,0.49
bo/so/yes/no/m/282/nc/U,bo/mu/yes/no/d/734/nc/A,0.51
bo/so/yes/no/m/282/nc/U,bw/mu/yes/no/d/733/nc/A,0.49
bo/so/yes/no/m/282/nc/U,bw/st/yes/yes/m/198/nc/U,0.44
bo/so/yes/no/m/282/nc/U,bw/so/no/no/d/761/nc/A,0.66
bo/so/yes/no/m/282/nc/U,bo/st/no/no/m/766/nc/A,0.59
bo/so/yes/no/m/282/nc/U,bw/st/no/no/d/759/nc/A,0.41
bo/so/yes/no/m/282/nc/U,bo/so/no/yes/d/750/nc/A,0.45
bo/so/yes/no/m/282/nc/U,bw/mu/no/no/d/757/nc/A,0.49
bo/so/yes/no/m/282/nc/U,bo/so/no/no/m/768/nc/A,0.53
bo/so/yes/no/m/282/nc/U,bo/so/yes/yes/m/732/nc/A,0.87
bo/so/yes/no/m/282/nc/U,bw/st/yes/no/d/735/nc/A,0.41
bo/so/yes/no/m/282/nc/U,bw/st/yes/yes/d/486/nc/U,0.44
bo/so/yes/no/m/282/nc/U,bw/mu/no/no/d/444/nc/U,0.49
bo/so/yes/no/m/282/nc/U,bw/so/yes/yes/m/246/nc/U,0.63
bo/so/yes/no/m/282/nc/U,bo/so/yes/yes/m/270/nc/U,0.87
bo/so/yes/no/m/282/nc/U,bo/mu/no/yes/d/480/nc/U,0.51
bo/so/yes/no/m/282/nc/U,bo/mu/yes/no/d/474/nc/U,0.51
bo/so/yes/no/m/282/nc/U,bo/st/yes/yes/m/222/nc/U,0.6
bo/so/yes/no/m/282/nc/U,bo/so/yes/no/m/282/nc/U,1.0
bo/so/yes/no/m/282/nc/U,bo/so/no/no/m/276/nc/U,0.53
bo/so/yes/no/m/282/nc/U,bo/st/no/yes/m/240/nc/U,0.57
bo/so/yes/no/m/282/nc/U,bw/st/no/no/m/204/nc/U,0.41
bo/so/yes/no/m/282/nc/U,bo/mu/yes/yes/d/462/nc/U,0.52
bo/so/yes/no/m/282/nc/U,bo/st/yes/no/m/234/nc/U,0.61
bo/so/yes/no/m/282/nc/U,bw/st/yes/no/d/498/nc/U,0.41
bo/so/yes/no/m/282/nc/U,bw/mu/yes/yes/d/438/nc/U,0.5
bo/so/yes/no/m/282/nc/U,bw/so/yes/no/m/258/nc/U,0.69
bo/so/yes/no/m/282/nc/U,bw/so/no/yes/d/749/nc/A,0.61
bo/so/yes/no/m/282/nc/U,bo/mu/yes/no/m/740/nc/A,0.51
bo/so/yes/no/m/282/nc/U,bw/st/no/yes/d/747/nc/A,0.45
bo/so/yes/no/m/282/nc/U,bo/mu/no/no/m/180/nc/U,0.51
bo/so/yes/no/m/282/nc/U,bo/mu/yes/yes/m/174/nc/U,0.52
bo/so/yes/no/m/282/nc/U,bo/st/yes/yes/d/510/nc/U,0.6
bo/so/yes/no/m/282/nc/U,bo/mu/yes/yes/d/722/nc/A,0.52
bo/so/yes/no/m/282/nc/U,bw/so/yes/yes/d/725/nc/A,0.63
bo/so/yes/no/m/282/nc/U,bo/st/no/yes/d/528/nc/U,0.57
bo/so/yes/no/m/282/nc/U,bo/mu/no/yes/d/746/nc/A,0.51
bo/so/yes/no/m/282/nc/U,bw/st/yes/no/m/741/nc/A,0.41
bo/so/yes/no/m/282/nc/U,bo/st/no/yes/d/748/nc/A,0.57
bo/so/yes/no/m/282/nc/U,bo/mu/yes/no/m/186/nc/U,0.51
bo/so/yes/no/m/282/nc/U,bo/st/no/no/d/516/nc/U,0.59
bo/so/yes/no/m/282/nc/U,bo/st/yes/yes/d/724/nc/A,0.6
bo/so/yes/no/m/282/nc/U,bw/st/yes/yes/d/723/nc/A,0.44
bo/so/yes/no/m/282/nc/U,bo/mu/no/yes/m/192/nc/U,0.51
bo/so/yes/no/m/282/nc/U,bo/st/yes/yes/m/730/nc/A,0.6
bo/so/yes/no/m/282/nc/U,bw/so/yes/no/d/737/nc/A,0.69
bo/so/yes/no/m/282/nc/U,bw/mu/no/yes/m/168/nc/U,0.5
bo/so/yes/no/m/282/nc/U,bw/mu/yes/no/m/739/nc/A,0.49
bo/so/yes/no/m/282/nc/U,bw/mu/yes/yes/m/150/nc/U,0.5
bo/so/yes/no/m/282/nc/U,bw/so/yes/yes/d/534/nc/U,0.63
bo/so/yes/no/m/282/nc/U,bo/mu/no/yes/m/752/nc/A,0.51
bo/so/yes/no/m/282/nc/U,bw/so/no/yes/m/755/nc/A,0.61
bo/so/yes/no/m/282/nc/U,bo/so/yes/yes/d/558/nc/U,0.87
bo/so/yes/no/m/282/nc/U,bw/mu/no/no/m/763/nc/A,0.49
bo/so/yes/no/m/282/nc/U,bo/mu/no/no/m/764/nc/A,0.51
bo/so/yes/no/m/282/nc/U,bo/so/yes/no/d/738/nc/A,1.0
bo/so/yes/no/m/282/nc/U,bw/mu/no/no/m/156/nc/U,0.49
bo/so/yes/no/m/282/nc/U,bo/st/yes/no/d/736/nc/A,0.61
bo/so/yes/no/m/282/nc/U,bw/st/no/yes/d/504/nc/U,0.45
bo/so/yes/no/m/282/nc/U,bw/so/yes/yes/m/731/nc/A,0.63
bo/so/yes/no/m/282/nc/U,bw/st/no/no/m/765/nc/A,0.41
bo/so/yes/no/m/282/nc/U,bo/so/no/no/d/762/nc/A,0.53
bo/so/yes/no/m/282/nc/U,bo/st/no/yes/m/754/nc/A,0.57
bo/so/yes/no/m/282/nc/U,bw/st/no/yes/m/753/nc/A,0.45
bo/so/yes/no/m/282/nc/U,bw/st/no/yes/m/216/nc/U,0.45
bo/so/yes/no/m/282/nc/U,bo/so/no/yes/m/288/nc/U,0.45
bo/so/yes/no/m/282/nc/U,bw/st/yes/no/m/210/nc/U,0.41
bo/so/yes/no/m/282/nc/U,bo/st/no/no/m/228/nc/U,0.59
bo/so/no/no/m/276/nc/U,bw/mu/no/yes/d/456/nc/U,0.33
bo/so/no/no/m/276/nc/U,bw/so/no/no/m/252/nc/U,0.42
bo/so/no/no/m/276/nc/U,bw/so/no/yes/m/264/nc/U,0.39
bo/so/no/no/m/276/nc/U,bw/st/no/no/d/492/nc/U,0.26
bo/so/no/no/m/276/nc/U,bw/mu/yes/no/d/450/nc/U,0.33
bo/so/no/no/m/276/nc/U,bo/mu/no/no/d/468/nc/U,0.35
bo/so/no/no/m/276/nc/U,bo/mu/yes/yes/m/728/nc/A,0.35
bo/so/no/no/m/276/nc/U,bo/st/yes/no/d/522/nc/U,0.39
bo/so/no/no/m/276/nc/U,bo/so/yes/yes/d/726/nc/A,0.49
bo/so/no/no/m/276/nc/U,bw/mu/yes/yes/d/721/nc/A,0.33
bo/so/no/no/m/276/nc/U,bw/so/no/no/d/540/nc/U,0.42
bo/so/no/no/m/276/nc/U,bo/so/yes/no/m/744/nc/A,0.53
bo/so/no/no/m/276/nc/U,bo/so/no/yes/d/576/nc/U,0.79
bo/so/no/no/m/276/nc/U,bw/so/yes/no/m/743/nc/A,0.41
bo/so/no/no/m/276/nc/U,bw/mu/yes/yes/m/727/nc/A,0.33
bo/so/no/no/m/276/nc/U,bw/st/yes/yes/m/729/nc/A,0.28
bo/so/no/no/m/276/nc/U,bo/st/yes/no/m/742/nc/A,0.39
bo/so/no/no/m/276/nc/U,bo/so/yes/no/d/570/nc/U,0.53
bo/so/no/no/m/276/nc/U,bw/mu/no/yes/d/745/nc/A,0.33
bo/so/no/no/m/276/nc/U,bw/so/yes/no/d/546/nc/U,0.41
bo/so/no/no/m/276/nc/U,bo/so/no/no/d/564/nc/U,1.0
bo/so/no/no/m/276/nc/U,bo/so/no/yes/m/756/nc/A,0.79
bo/so/no/no/m/276/nc/U,bw/mu/no/yes/m/751/nc/A,0.33
bo/so/no/no/m/276/nc/U,bw/so/no/no/m/767/nc/A,0.42
bo/so/no/no/m/276/nc/U,bo/mu/no/no/d/758/nc/A,0.35
bo/so/no/no/m/276/nc/U,bw/so/no/yes/d/552/nc/U,0.39
bo/so/no/no/m/276/nc/U,bo/st/no/no/d/760/nc/A,0.39
bo/so/no/no/m/276/nc/U,bw/mu/yes/no/m/162/nc/U,0.33
bo/so/no/no/m/276/nc/U,bo/mu/yes/no/d/734/nc/A,0.35
bo/so/no/no/m/276/nc/U,bw/mu/yes/no/d/733/nc/A,0.33
bo/so/no/no/m/276/nc/U,bw/st/yes/yes/m/198/nc/U,0.28
bo/so/no/no/m/276/nc/U,bw/so/no/no/d/761/nc/A,0.42
bo/so/no/no/m/276/nc/U,bo/st/no/no/m/766/nc/A,0.39
bo/so/no/no/m/276/nc/U,bw/st/no/no/d/759/nc/A,0.26
bo/so/no/no/m/276/nc/U,bo/so/no/yes/d/750/nc/A,0.79
bo/so/no/no/m/276/nc/U,bw/mu/no/no/d/757/nc/A,0.33
bo/so/no/no/m/276/nc/U,bo/so/no/no/m/768/nc/A,1.0
bo/so/no/no/m/276/nc/U,bo/so/yes/yes/m/732/nc/A,0.49
bo/so/no/no/m/276/nc/U,bw/st/yes/no/d/735/nc/A,0.25
bo/so/no/no/m/276/nc/U,bw/st/yes/yes/d/486/nc/U,0.28
bo/so/no/no/m/276/nc/U,bw/mu/no/no/d/444/nc/U,0.33
bo/so/no/no/m/276/nc/U,bw/so/yes/yes/m/246/nc/U,0.38
bo/so/no/no/m/276/nc/U,bo/so/yes/yes/m/270/nc/U,0.49
bo/so/no/no/m/276/nc/U,bo/mu/no/yes/d/480/nc/U,0.35
bo/so/no/no/m/276/nc/U,bo/mu/yes/no/d/474/nc/U,0.35
bo/so/no/no/m/276/nc/U,bo/st/yes/yes/m/222/nc/U,0.38
bo/so/no/no/m/276/nc/U,bo/so/yes/no/m/282/nc/U,0.53
bo/so/no/no/m/276/nc/U,bo/so/no/no/m/276/nc/U,1.0
bo/so/no/no/m/276/nc/U,bo/st/no/yes/m/240/nc/U,0.39
bo/so/no/no/m/276/nc/U,bw/st/no/no/m/204/nc/U,0.26
bo/so/no/no/m/276/nc/U,bo/mu/yes/yes/d/462/nc/U,0.35
bo/so/no/no/m/276/nc/U,bo/st/yes/no/m/234/nc/U,0.39
bo/so/no/no/m/276/nc/U,bw/st/yes/no/d/498/nc/U,0.25
bo/so/no/no/m/276/nc/U,bw/mu/yes/yes/d/438/nc/U,0.33
bo/so/no/no/m/276/nc/U,bw/so/yes/no/m/258/nc/U,0.41
bo/so/no/no/m/276/nc/U,bw/so/no/yes/d/749/nc/A,0.39
bo/so/no/no/m/276/nc/U,bo/mu/yes/no/m/740/nc/A,0.35
bo/so/no/no/m/276/nc/U,bw/st/no/yes/d/747/nc/A,0.29
bo/so/no/no/m/276/nc/U,bo/mu/no/no/m/180/nc/U,0.35
bo/so/no/no/m/276/nc/U,bo/mu/yes/yes/m/174/nc/U,0.35
bo/so/no/no/m/276/nc/U,bo/st/yes/yes/d/510/nc/U,0.38
bo/so/no/no/m/276/nc/U,bo/mu/yes/yes/d/722/nc/A,0.35
bo/so/no/no/m/276/nc/U,bw/so/yes/yes/d/725/nc/A,0.38
bo/so/no/no/m/276/nc/U,bo/st/no/yes/d/528/nc/U,0.39
bo/so/no/no/m/276/nc/U,bo/mu/no/yes/d/746/nc/A,0.35
bo/so/no/no/m/276/nc/U,bw/st/yes/no/m/741/nc/A,0.25
bo/so/no/no/m/276/nc/U,bo/st/no/yes/d/748/nc/A,0.39
bo/so/no/no/m/276/nc/U,bo/mu/yes/no/m/186/nc/U,0.35
bo/so/no/no/m/276/nc/U,bo/st/no/no/d/516/nc/U,0.39
bo/so/no/no/m/276/nc/U,bo/st/yes/yes/d/724/nc/A,0.38
bo/so/no/no/m/276/nc/U,bw/st/yes/yes/d/723/nc/A,0.28
bo/so/no/no/m/276/nc/U,bo/mu/no/yes/m/192/nc/U,0.35
bo/so/no/no/m/276/nc/U,bo/st/yes/yes/m/730/nc/A,0.38
bo/so/no/no/m/276/nc/U,bw/so/yes/no/d/737/nc/A,0.41
bo/so/no/no/m/276/nc/U,bw/mu/no/yes/m/168/nc/U,0.33
bo/so/no/no/m/276/nc/U,bw/mu/yes/no/m/739/nc/A,0.33
bo/so/no/no/m/276/nc/U,bw/mu/yes/yes/m/150/nc/U,0.33
bo/so/no/no/m/276/nc/U,bw/so/yes/yes/d/534/nc/U,0.38
bo/so/no/no/m/276/nc/U,bo/mu/no/yes/m/752/nc/A,0.35
bo/so/no/no/m/276/nc/U,bw/so/no/yes/m/755/nc/A,0.39
bo/so/no/no/m/276/nc/U,bo/so/yes/yes/d/558/nc/U,0.49
bo/so/no/no/m/276/nc/U,bw/mu/no/no/m/763/nc/A,0.33
bo/so/no/no/m/276/nc/U,bo/mu/no/no/m/764/nc/A,0.35
bo/so/no/no/m/276/nc/U,bo/so/yes/no/d/738/nc/A,0.53
bo/so/no/no/m/276/nc/U,bw/mu/no/no/m/156/nc/U,0.33
bo/so/no/no/m/276/nc/U,bo/st/yes/no/d/736/nc/A,0.39
bo/so/no/no/m/276/nc/U,bw/st/no/yes/d/504/nc/U,0.29
bo/so/no/no/m/276/nc/U,bw/so/yes/yes/m/731/nc/A,0.38
bo/so/no/no/m/276/nc/U,bw/st/no/no/m/765/nc/A,0.26
bo/so/no/no/m/276/nc/U,bo/so/no/no/d/762/nc/A,1.0
bo/so/no/no/m/276/nc/U,bo/st/no/yes/m/754/nc/A,0.39
bo/so/no/no/m/276/nc/U,bw/st/no/yes/m/753/nc/A,0.29
bo/so/no/no/m/276/nc/U,bw/st/no/yes/m/216/nc/U,0.29
bo/so/no/no/m/276/nc/U,bo/so/no/yes/m/288/nc/U,0.79
bo/so/no/no/m/276/nc/U,bw/st/yes/no/m/210/nc/U,0.25
bo/so/no/no/m/276/nc/U,bo/st/no/no/m/228/nc/U,0.39
bo/st/no/yes/m/240/nc/U,bw/mu/no/yes/d/456/nc/U,0.69
bo/st/no/yes/m/240/nc/U,bw/so/no/no/m/252/nc/U,0.55
bo/st/no/yes/m/240/nc/U,bw/so/no/yes/m/264/nc/U,0.57
bo/st/no/yes/m/240/nc/U,bw/st/no/no/d/492/nc/U,0.49
bo/st/no/yes/m/240/nc/U,bw/mu/yes/no/d/450/nc/U,0.69
bo/st/no/yes/m/240/nc/U,bo/mu/no/no/d/468/nc/U,0.69
bo/st/no/yes/m/240/nc/U,bo/mu/yes/yes/m/728/nc/A,0.7
bo/st/no/yes/m/240/nc/U,bo/st/yes/no/d/522/nc/U,0.84
bo/st/no/yes/m/240/nc/U,bo/so/yes/yes/d/726/nc/A,0.61
bo/st/no/yes/m/240/nc/U,bw/mu/yes/yes/d/721/nc/A,0.69
bo/st/no/yes/m/240/nc/U,bw/so/no/no/d/540/nc/U,0.55
bo/st/no/yes/m/240/nc/U,bo/so/yes/no/m/744/nc/A,0.57
bo/st/no/yes/m/240/nc/U,bo/so/no/yes/d/576/nc/U,0.4
bo/st/no/yes/m/240/nc/U,bw/so/yes/no/m/743/nc/A,0.54
bo/st/no/yes/m/240/nc/U,bw/mu/yes/yes/m/727/nc/A,0.69
bo/st/no/yes/m/240/nc/U,bw/st/yes/yes/m/729/nc/A,0.53
bo/st/no/yes/m/240/nc/U,bo/st/yes/no/m/742/nc/A,0.84
bo/st/no/yes/m/240/nc/U,bo/so/yes/no/d/570/nc/U,0.57
bo/st/no/yes/m/240/nc/U,bw/mu/no/yes/d/745/nc/A,0.69
bo/st/no/yes/m/240/nc/U,bw/so/yes/no/d/546/nc/U,0.54
bo/st/no/yes/m/240/nc/U,bo/so/no/no/d/564/nc/U,0.39
bo/st/no/yes/m/240/nc/U,bo/so/no/yes/m/756/nc/A,0.4
bo/st/no/yes/m/240/nc/U,bw/mu/no/yes/m/751/nc/A,0.69
bo/st/no/yes/m/240/nc/U,bw/so/no/no/m/767/nc/A,0.55
bo/st/no/yes/m/240/nc/U,bo/mu/no/no/d/758/nc/A,0.69
bo/st/no/yes/m/240/nc/U,bw/so/no/yes/d/552/nc/U,0.57
bo/st/no/yes/m/240/nc/U,bo/st/no/no/d/760/nc/A,0.93
bo/st/no/yes/m/240/nc/U,bw/mu/yes/no/m/162/nc/U,0.69
bo/st/no/yes/m/240/nc/U,bo/mu/yes/no/d/734/nc/A,0.7
bo/st/no/yes/m/240/nc/U,bw/mu/yes/no/d/733/nc/A,0.69
bo/st/no/yes/m/240/nc/U,bw/st/yes/yes/m/198/nc/U,0.53
bo/st/no/yes/m/240/nc/U,bw/so/no/no/d/761/nc/A,0.55
bo/st/no/yes/m/240/nc/U,bo/st/no/no/m/766/nc/A,0.93
bo/st/no/yes/m/240/nc/U,bw/st/no/no/d/759/nc/A,0.49
bo/st/no/yes/m/240/nc/U,bo/so/no/yes/d/750/nc/A,0.4
bo/st/no/yes/m/240/nc/U,bw/mu/no/no/d/757/nc/A,0.68
bo/st/no/yes/m/240/nc/U,bo/so/no/no/m/768/nc/A,0.39
bo/st/no/yes/m/240/nc/U,bo/so/yes/yes/m/732/nc/A,0.61
bo/st/no/yes/m/240/nc/U,bw/st/yes/no/d/735/nc/A,0.47
bo/st/no/yes/m/240/nc/U,bw/st/yes/yes/d/486/nc/U,0.53
bo/st/no/yes/m/240/nc/U,bw/mu/no/no/d/444/nc/U,0.68
bo/st/no/yes/m/240/nc/U,bw/so/yes/yes/m/246/nc/U,0.55
bo/st/no/yes/m/240/nc/U,bo/so/yes/yes/m/270/nc/U,0.61
bo/st/no/yes/m/240/nc/U,bo/mu/no/yes/d/480/nc/U,0.69
bo/st/no/yes/m/240/nc/U,bo/mu/yes/no/d/474/nc/U,0.7
bo/st/no/yes/m/240/nc/U,bo/st/yes/yes/m/222/nc/U,0.86
bo/st/no/yes/m/240/nc/U,bo/so/yes/no/m/282/nc/U,0.57
bo/st/no/yes/m/240/nc/U,bo/so/no/no/m/276/nc/U,0.39
bo/st/no/yes/m/240/nc/U,bo/st/no/yes/m/240/nc/U,1.0
bo/st/no/yes/m/240/nc/U,bw/st/no/no/m/204/nc/U,0.49
bo/st/no/yes/m/240/nc/U,bo/mu/yes/yes/d/462/nc/U,0.7
bo/st/no/yes/m/240/nc/U,bo/st/yes/no/m/234/nc/U,0.84
bo/st/no/yes/m/240/nc/U,bw/st/yes/no/d/498/nc/U,0.47
bo/st/no/yes/m/240/nc/U,bw/mu/yes/yes/d/438/nc/U,0.69
bo/st/no/yes/m/240/nc/U,bw/so/yes/no/m/258/nc/U,0.54
bo/st/no/yes/m/240/nc/U,bw/so/no/yes/d/749/nc/A,0.57
bo/st/no/yes/m/240/nc/U,bo/mu/yes/no/m/740/nc/A,0.7
bo/st/no/yes/m/240/nc/U,bw/st/no/yes/d/747/nc/A,0.55
bo/st/no/yes/m/240/nc/U,bo/mu/no/no/m/180/nc/U,0.69
bo/st/no/yes/m/240/nc/U,bo/mu/yes/yes/m/174/nc/U,0.7
bo/st/no/yes/m/240/nc/U,bo/st/yes/yes/d/510/nc/U,0.86
bo/st/no/yes/m/240/nc/U,bo/mu/yes/yes/d/722/nc/A,0.7
bo/st/no/yes/m/240/nc/U,bw/so/yes/yes/d/725/nc/A,0.55
bo/st/no/yes/m/240/nc/U,bo/st/no/yes/d/528/nc/U,1.0
bo/st/no/yes/m/240/nc/U,bo/mu/no/yes/d/746/nc/A,0.69
bo/st/no/yes/m/240/nc/U,bw/st/yes/no/m/741/nc/A,0.47
bo/st/no/yes/m/240/nc/U,bo/st/no/yes/d/748/nc/A,1.0
bo/st/no/yes/m/240/nc/U,bo/mu/yes/no/m/186/nc/U,0.7
bo/st/no/yes/m/240/nc/U,bo/st/no/no/d/516/nc/U,0.93
bo/st/no/yes/m/240/nc/U,bo/st/yes/yes/d/724/nc/A,0.86
bo/st/no/yes/m/240/nc/U,bw/st/yes/yes/d/723/nc/A,0.53
bo/st/no/yes/m/240/nc/U,bo/mu/no/yes/m/192/nc/U,0.69
bo/st/no/yes/m/240/nc/U,bo/st/yes/yes/m/730/nc/A,0.86
bo/st/no/yes/m/240/nc/U,bw/so/yes/no/d/737/nc/A,0.54
bo/st/no/yes/m/240/nc/U,bw/mu/no/yes/m/168/nc/U,0.69
bo/st/no/yes/m/240/nc/U,bw/mu/yes/no/m/739/nc/A,0.69
bo/st/no/yes/m/240/nc/U,bw/mu/yes/yes/m/150/nc/U,0.69
bo/st/no/yes/m/240/nc/U,bw/so/yes/yes/d/534/nc/U,0.55
bo/st/no/yes/m/240/nc/U,bo/mu/no/yes/m/752/nc/A,0.69
bo/st/no/yes/m/240/nc/U,bw/so/no/yes/m/755/nc/A,0.57
bo/st/no/yes/m/240/nc/U,bo/so/yes/yes/d/558/nc/U,0.61
bo/st/no/yes/m/240/nc/U,bw/mu/no/no/m/763/nc/A,0.68
bo/st/no/yes/m/240/nc/U,bo/mu/no/no/m/764/nc/A,0.69
bo/st/no/yes/m/240/nc/U,bo/so/yes/no/d/738/nc/A,0.57
bo/st/no/yes/m/240/nc/U,bw/mu/no/no/m/156/nc/U,0.68
bo/st/no/yes/m/240/nc/U,bo/st/yes/no/d/736/nc/A,0.84
bo/st/no/yes/m/240/nc/U,bw/st/no/yes/d/504/nc/U,0.55
bo/st/no/yes/m/240/nc/U,bw/so/yes/yes/m/731/nc/A,0.55
bo/st/no/yes/m/240/nc/U,bw/st/no/no/m/765/nc/A,0.49
bo/st/no/yes/m/240/nc/U,bo/so/no/no/d/762/nc/A,0.39
bo/st/no/yes/m/240/nc/U,bo/st/no/yes/m/754/nc/A,1.0
bo/st/no/yes/m/240/nc/U,bw/st/no/yes/m/753/nc/A,0.55
bo/st/no/yes/m/240/nc/U,bw/st/no/yes/m/216/nc/U,0.55
bo/st/no/yes/m/240/nc/U,bo/so/no/yes/m/288/nc/U,0.4
bo/st/no/yes/m/240/nc/U,bw/st/yes/no/m/210/nc/U,0.47
bo/st/no/yes/m/240/nc/U,bo/st/no/no/m/228/nc/U,0.93
bw/st/no/no/m/204/nc/U,bw/mu/no/yes/d/456/nc/U,0.53
bw/st/no/no/m/204/nc/U,bw/so/no/no/m/252/nc/U,0.43
bw/st/no/no/m/204/nc/U,bw/so/no/yes/m/264/nc/U,0.43
bw/st/no/no/m/204/nc/U,bw/st/no/no/d/492/nc/U,1.0
bw/st/no/no/m/204/nc/U,bw/mu/yes/no/d/450/nc/U,0.54
bw/st/no/no/m/204/nc/U,bo/mu/no/no/d/468/nc/U,0.5
bw/st/no/no/m/204/nc/U,bo/mu/yes/yes/m/728/nc/A,0.51
bw/st/no/no/m/204/nc/U,bo/st/yes/no/d/522/nc/U,0.52
bw/st/no/no/m/204/nc/U,bo/so/yes/yes/d/726/nc/A,0.42
bw/st/no/no/m/204/nc/U,bw/mu/yes/yes/d/721/nc/A,0.53
bw/st/no/no/m/204/nc/U,bw/so/no/no/d/540/nc/U,0.43
bw/st/no/no/m/204/nc/U,bo/so/yes/no/m/744/nc/A,0.41
bw/st/no/no/m/204/nc/U,bo/so/no/yes/d/576/nc/U,0.25
bw/st/no/no/m/204/nc/U,bw/so/yes/no/m/743/nc/A,0.42
bw/st/no/no/m/204/nc/U,bw/mu/yes/yes/m/727/nc/A,0.53
bw/st/no/no/m/204/nc/U,bw/st/yes/yes/m/729/nc/A,0.81
bw/st/no/no/m/204/nc/U,bo/st/yes/no/m/742/nc/A,0.52
bw/st/no/no/m/204/nc/U,bo/so/yes/no/d/570/nc/U,0.41
bw/st/no/no/m/204/nc/U,bw/mu/no/yes/d/745/nc/A,0.53
bw/st/no/no/m/204/nc/U,bw/so/yes/no/d/546/nc/U,0.42
bw/st/no/no/m/204/nc/U,bo/so/no/no/d/564/nc/U,0.26
bw/st/no/no/m/204/nc/U,bo/so/no/yes/m/756/nc/A,0.25
bw/st/no/no/m/204/nc/U,bw/mu/no/yes/m/751/nc/A,0.53
bw/st/no/no/m/204/nc/U,bw/so/no/no/m/767/nc/A,0.43
bw/st/no/no/m/204/nc/U,bo/mu/no/no/d/758/nc/A,0.5
bw/st/no/no/m/204/nc/U,bw/so/no/yes/d/552/nc/U,0.43
bw/st/no/no/m/204/nc/U,bo/st/no/no/d/760/nc/A,0.49
bw/st/no/no/m/204/nc/U,bw/mu/yes/no/m/162/nc/U,0.54
bw/st/no/no/m/204/nc/U,bo/mu/yes/no/d/734/nc/A,0.51
bw/st/no/no/m/204/nc/U,bw/mu/yes/no/d/733/nc/A,0.54
bw/st/no/no/m/204/nc/U,bw/st/yes/yes/m/198/nc/U,0.81
bw/st/no/no/m/204/nc/U,bw/so/no/no/d/761/nc/A,0.43
bw/st/no/no/m/204/nc/U,bo/st/no/no/m/766/nc/A,0.49
bw/st/no/no/m/204/nc/U,bw/st/no/no/d/759/nc/A,1.0
bw/st/no/no/m/204/nc/U,bo/so/no/yes/d/750/nc/A,0.25
bw/st/no/no/m/204/nc/U,bw/mu/no/no/d/757/nc/A,0.53
bw/st/no/no/m/204/nc/U,bo/so/no/no/m/768/nc/A,0.26
bw/st/no/no/m/204/nc/U,bo/so/yes/yes/m/732/nc/A,0.42
bw/st/no/no/m/204/nc/U,bw/st/yes/no/d/735/nc/A,0.9
bw/st/no/no/m/204/nc/U,bw/st/yes/yes/d/486/nc/U,0.81
bw/st/no/no/m/204/nc/U,bw/mu/no/no/d/444/nc/U,0.53
bw/st/no/no/m/204/nc/U,bw/so/yes/yes/m/246/nc/U,0.43
bw/st/no/no/m/204/nc/U,bo/so/yes/yes/m/270/nc/U,0.42
bw/st/no/no/m/204/nc/U,bo/mu/no/yes/d/480/nc/U,0.49
bw/st/no/no/m/204/nc/U,bo/mu/yes/no/d/474/nc/U,0.51
bw/st/no/no/m/204/nc/U,bo/st/yes/yes/m/222/nc/U,0.51
bw/st/no/no/m/204/nc/U,bo/so/yes/no/m/282/nc/U,0.41
bw/st/no/no/m/204/nc/U,bo/so/no/no/m/276/nc/U,0.26
bw/st/no/no/m/204/nc/U,bo/st/no/yes/m/240/nc/U,0.49
bw/st/no/no/m/204/nc/U,bw/st/no/no/m/204/nc/U,1.0
bw/st/no/no/m/204/nc/U,bo/mu/yes/yes/d/462/nc/U,0.51
bw/st/no/no/m/204/nc/U,bo/st/yes/no/m/234/nc/U,0.52
bw/st/no/no/m/204/nc/U,bw/st/yes/no/d/498/nc/U,0.9
bw/st/no/no/m/204/nc/U,bw/mu/yes/yes/d/438/nc/U,0.53
bw/st/no/no/m/204/nc/U,bw/so/yes/no/m/258/nc/U,0.42
bw/st/no/no/m/204/nc/U,bw/so/no/yes/d/749/nc/A,0.43
bw/st/no/no/m/204/nc/U,bo/mu/yes/no/m/740/nc/A,0.51
bw/st/no/no/m/204/nc/U,bw/st/no/yes/d/747/nc/A,0.87
bw/st/no/no/m/204/nc/U,bo/mu/no/no/m/180/nc/U,0.5
bw/st/no/no/m/204/nc/U,bo/mu/yes/yes/m/174/nc/U,0.51
bw/st/no/no/m/204/nc/U,bo/st/yes/yes/d/510/nc/U,0.51
bw/st/no/no/m/204/nc/U,bo/mu/yes/yes/d/722/nc/A,0.51
bw/st/no/no/m/204/nc/U,bw/so/yes/yes/d/725/nc/A,0.43
bw/st/no/no/m/204/nc/U,bo/st/no/yes/d/528/nc/U,0.49
bw/st/no/no/m/204/nc/U,bo/mu/no/yes/d/746/nc/A,0.49
bw/st/no/no/m/204/nc/U,bw/st/yes/no/m/741/nc/A,0.9
bw/st/no/no/m/204/nc/U,bo/st/no/yes/d/748/nc/A,0.49
bw/st/no/no/m/204/nc/U,bo/mu/yes/no/m/186/nc/U,0.51
bw/st/no/no/m/204/nc/U,bo/st/no/no/d/516/nc/U,0.49
bw/st/no/no/m/204/nc/U,bo/st/yes/yes/d/724/nc/A,0.51
bw/st/no/no/m/204/nc/U,bw/st/yes/yes/d/723/nc/A,0.81
bw/st/no/no/m/204/nc/U,bo/mu/no/yes/m/192/nc/U,0.49
bw/st/no/no/m/204/nc/U,bo/st/yes/yes/m/730/nc/A,0.51
bw/st/no/no/m/204/nc/U,bw/so/yes/no/d/737/nc/A,0.42
bw/st/no/no/m/204/nc/U,bw/mu/no/yes/m/168/nc/U,0.53
bw/st/no/no/m/204/nc/U,bw/mu/yes/no/m/739/nc/A,0.54
bw/st/no/no/m/204/nc/U,bw/mu/yes/yes/m/150/nc/U,0.53
bw/st/no/no/m/204/nc/U,bw/so/yes/yes/d/534/nc/U,0.43
bw/st/no/no/m/204/nc/U,bo/mu/no/yes/m/752/nc/A,0.49
bw/st/no/no/m/204/nc/U,bw/so/no/yes/m/755/nc/A,0.43
bw/st/no/no/m/204/nc/U,bo/so/yes/yes/d/558/nc/U,0.42
bw/st/no/no/m/204/nc/U,bw/mu/no/no/m/763/nc/A,0.53
bw/st/no/no/m/204/nc/U,bo/mu/no/no/m/764/nc/A,0.5
bw/st/no/no/m/204/nc/U,bo/so/yes/no/d/738/nc/A,0.41
bw/st/no/no/m/204/nc/U,bw/mu/no/no/m/156/nc/U,0.53
bw/st/no/no/m/204/nc/U,bo/st/yes/no/d/736/nc/A,0.52
bw/st/no/no/m/204/nc/U,bw/st/no/yes/d/504/nc/U,0.87
bw/st/no/no/m/204/nc/U,bw/so/yes/yes/m/731/nc/A,0.43
bw/st/no/no/m/204/nc/U,bw/st/no/no/m/765/nc/A,1.0
bw/st/no/no/m/204/nc/U,bo/so/no/no/d/762/nc/A,0.26
bw/st/no/no/m/204/nc/U,bo/st/no/yes/m/754/nc/A,0.49
bw/st/no/no/m/204/nc/U,bw/st/no/yes/m/753/nc/A,0.87
bw/st/no/no/m/204/nc/U,bw/st/no/yes/m/216/nc/U,0.87
bw/st/no/no/m/204/nc/U,bo/so/no/yes/m/288/nc/U,0.25
bw/st/no/no/m/204/nc/U,bw/st/yes/no/m/210/nc/U,0.9
bw/st/no/no/m/204/nc/U,bo/st/no/no/m/228/nc/U,0.49
bo/mu/yes/yes/d/462/nc/U,bw/mu/no/yes/d/456/nc/U,0.91
bo/mu/yes/yes/d/462/nc/U,bw/so/no/no/m/252/nc/U,0.49
bo/mu/yes/yes/d/462/nc/U,bw/so/no/yes/m/264/nc/U,0.5
bo/mu/yes/yes/d/462/nc/U,bw/st/no/no/d/492/nc/U,0.51
bo/mu/yes/yes/d/462/nc/U,bw/mu/yes/no/d/450/nc/U,0.9
bo/mu/yes/yes/d/462/nc/U,bo/mu/no/no/d/468/nc/U,0.9
bo/mu/yes/yes/d/462/nc/U,bo/mu/yes/yes/m/728/nc/A,1.0
bo/mu/yes/yes/d/462/nc/U,bo/st/yes/no/d/522/nc/U,0.66
bo/mu/yes/yes/d/462/nc/U,bo/so/yes/yes/d/726/nc/A,0.54
bo/mu/yes/yes/d/462/nc/U,bw/mu/yes/yes/d/721/nc/A,0.92
bo/mu/yes/yes/d/462/nc/U,bw/so/no/no/d/540/nc/U,0.49
bo/mu/yes/yes/d/462/nc/U,bo/so/yes/no/m/744/nc/A,0.52
bo/mu/yes/yes/d/462/nc/U,bo/so/no/yes/d/576/nc/U,0.36
bo/mu/yes/yes/d/462/nc/U,bw/so/yes/no/m/743/nc/A,0.48
bo/mu/yes/yes/d/462/nc/U,bw/mu/yes/yes/m/727/nc/A,0.92
bo/mu/yes/yes/d/462/nc/U,bw/st/yes/yes/m/729/nc/A,0.54
bo/mu/yes/yes/d/462/nc/U,bo/st/yes/no/m/742/nc/A,0.66
bo/mu/yes/yes/d/462/nc/U,bo/so/yes/no/d/570/nc/U,0.52
bo/mu/yes/yes/d/462/nc/U,bw/mu/no/yes/d/745/nc/A,0.91
bo/mu/yes/yes/d/462/nc/U,bw/so/yes/no/d/546/nc/U,0.48
bo/mu/yes/yes/d/462/nc/U,bo/so/no/no/d/564/nc/U,0.35
bo/mu/yes/yes/d/462/nc/U,bo/so/no/yes/m/756/nc/A,0.36
bo/mu/yes/yes/d/462/nc/U,bw/mu/no/yes/m/751/nc/A,0.91
bo/mu/yes/yes/d/462/nc/U,bw/so/no/no/m/767/nc/A,0.49
bo/mu/yes/yes/d/462/nc/U,bo/mu/no/no/d/758/nc/A,0.9
bo/mu/yes/yes/d/462/nc/U,bw/so/no/yes/d/552/nc/U,0.5
bo/mu/yes/yes/d/462/nc/U,bo/st/no/no/d/760/nc/A,0.67
bo/mu/yes/yes/d/462/nc/U,bw/mu/yes/no/m/162/nc/U,0.9
bo/mu/yes/yes/d/462/nc/U,bo/mu/yes/no/d/734/nc/A,0.97
bo/mu/yes/yes/d/462/nc/U,bw/mu/yes/no/d/733/nc/A,0.9
bo/mu/yes/yes/d/462/nc/U,bw/st/yes/yes/m/198/nc/U,0.54
bo/mu/yes/yes/d/462/nc/U,bw/so/no/no/d/761/nc/A,0.49
bo/mu/yes/yes/d/462/nc/U,bo/st/no/no/m/766/nc/A,0.67
bo/mu/yes/yes/d/462/nc/U,bw/st/no/no/d/759/nc/A,0.51
bo/mu/yes/yes/d/462/nc/U,bo/so/no/yes/d/750/nc/A,0.36
bo/mu/yes/yes/d/462/nc/U,bw/mu/no/no/d/757/nc/A,0.89
bo/mu/yes/yes/d/462/nc/U,bo/so/no/no/m/768/nc/A,0.35
bo/mu/yes/yes/d/462/nc/U,bo/so/yes/yes/m/732/nc/A,0.54
bo/mu/yes/yes/d/462/nc/U,bw/st/yes/no/d/735/nc/A,0.49
bo/mu/yes/yes/d/462/nc/U,bw/st/yes/yes/d/486/nc/U,0.54
bo/mu/yes/yes/d/462/nc/U,bw/mu/no/no/d/444/nc/U,0.89
bo/mu/yes/yes/d/462/nc/U,bw/so/yes/yes/m/246/nc/U,0.49
bo/mu/yes/yes/d/462/nc/U,bo/so/yes/yes/m/270/nc/U,0.54
bo/mu/yes/yes/d/462/nc/U,bo/mu/no/yes/d/480/nc/U,0.91
bo/mu/yes/yes/d/462/nc/U,bo/mu/yes/no/d/474/nc/U,0.97
bo/mu/yes/yes/d/462/nc/U,bo/st/yes/yes/m/222/nc/U,0.67
bo/mu/yes/yes/d/462/nc/U,bo/so/yes/no/m/282/nc/U,0.52
bo/mu/yes/yes/d/462/nc/U,bo/so/no/no/m/276/nc/U,0.35
bo/mu/yes/yes/d/462/nc/U,bo/st/no/yes/m/240/nc/U,0.7
bo/mu/yes/yes/d/462/nc/U,bw/st/no/no/m/204/nc/U,0.51
bo/mu/yes/yes/d/462/nc/U,bo/mu/yes/yes/d/462/nc/U,1.0
bo/mu/yes/yes/d/462/nc/U,bo/st/yes/no/m/234/nc/U,0.66
bo/mu/yes/yes/d/462/nc/U,bw/st/yes/no/d/498/nc/U,0.49
bo/mu/yes/yes/d/462/nc/U,bw/mu/yes/yes/d/438/nc/U,0.92
bo/mu/yes/yes/d/462/nc/U,bw/so/yes/no/m/258/nc/U,0.48
bo/mu/yes/yes/d/462/nc/U,bw/so/no/yes/d/749/nc/A,0.5
bo/mu/yes/yes/d/462/nc/U,bo/mu/yes/no/m/740/nc/A,0.97
bo/mu/yes/yes/d/462/nc/U,bw/st/no/yes/d/747/nc/A,0.57
bo/mu/yes/yes/d/462/nc/U,bo/mu/no/no/m/180/nc/U,0.9
bo/mu/yes/yes/d/462/nc/U,bo/mu/yes/yes/m/174/nc/U,1.0
bo/mu/yes/yes/d/462/nc/U,bo/st/yes/yes/d/510/nc/U,0.67
bo/mu/yes/yes/d/462/nc/U,bo/mu/yes/yes/d/722/nc/A,1.0
bo/mu/yes/yes/d/462/nc/U,bw/so/yes/yes/d/725/nc/A,0.49
bo/mu/yes/yes/d/462/nc/U,bo/st/no/yes/d/528/nc/U,0.7
bo/mu/yes/yes/d/462/nc/U,bo/mu/no/yes/d/746/nc/A,0.91
bo/mu/yes/yes/d/462/nc/U,bw/st/yes/no/m/741/nc/A,0.49
bo/mu/yes/yes/d/462/nc/U,bo/st/no/yes/d/748/nc/A,0.7
bo/mu/yes/yes/d/462/nc/U,bo/mu/yes/no/m/186/nc/U,0.97
bo/mu/yes/yes/d/462/nc/U,bo/st/no/no/d/516/nc/U,0.67
bo/mu/yes/yes/d/462/nc/U,bo/st/yes/yes/d/724/nc/A,0.67
bo/mu/yes/yes/d/462/nc/U,bw/st/yes/yes/d/723/nc/A,0.54
bo/mu/yes/yes/d/462/nc/U,bo/mu/no/yes/m/192/nc/U,0.91
bo/mu/yes/yes/d/462/nc/U,bo/st/yes/yes/m/730/nc/A,0.67
bo/mu/yes/yes/d/462/nc/U,bw/so/yes/no/d/737/nc/A,0.48
bo/mu/yes/yes/d/462/nc/U,bw/mu/no/yes/m/168/nc/U,0.91
bo/mu/yes/yes/d/462/nc/U,bw/mu/yes/no/m/739/nc/A,0.9
bo/mu/yes/yes/d/462/nc/U,bw/mu/yes/yes/m/150/nc/U,0.92
bo/mu/yes/yes/d/462/nc/U,bw/so/yes/yes/d/534/nc/U,0.49
bo/mu/yes/yes/d/462/nc/U,bo/mu/no/yes/m/752/nc/A,0.91
bo/mu/yes/yes/d/462/nc/U,bw/so/no/yes/m/755/nc/A,0.5
bo/mu/yes/yes/d/462/nc/U,bo/so/yes/yes/d/558/nc/U,0.54
bo/mu/yes/yes/d/462/nc/U,bw/mu/no/no/m/763/nc/A,0.89
bo/mu/yes/yes/d/462/nc/U,bo/mu/no/no/m/764/nc/A,0.9
bo/mu/yes/yes/d/462/nc/U,bo/so/yes/no/d/738/nc/A,0.52
bo/mu/yes/yes/d/462/nc/U,bw/mu/no/no/m/156/nc/U,0.89
bo/mu/yes/yes/d/462/nc/U,bo/st/yes/no/d/736/nc/A,0.66
bo/mu/yes/yes/d/462/nc/U,bw/st/no/yes/d/504/nc/U,0.57
bo/mu/yes/yes/d/462/nc/U,bw/so/yes/yes/m/731/nc/A,0.49
bo/mu/yes/yes/d/462/nc/U,bw/st/no/no/m/765/nc/A,0.51
bo/mu/yes/yes/d/462/nc/U,bo/so/no/no/d/762/nc/A,0.35
bo/mu/yes/yes/d/462/nc/U,bo/st/no/yes/m/754/nc/A,0.7
bo/mu/yes/yes/d/462/nc/U,bw/st/no/yes/m/753/nc/A,0.57
bo/mu/yes/yes/d/462/nc/U,bw/st/no/yes/m/216/nc/U,0.57
bo/mu/yes/yes/d/462/nc/U,bo/so/no/yes/m/288/nc/U,0.36
bo/mu/yes/yes/d/462/nc/U,bw/st/yes/no/m/210/nc/U,0.49
bo/mu/yes/yes/d/462/nc/U,bo/st/no/no/m/228/nc/U,0.67
bo/st/yes/no/m/234/nc/U,bw/mu/no/yes/d/456/nc/U,0.65
bo/st/yes/no/m/234/nc/U,bw/so/no/no/m/252/nc/U,0.55
bo/st/yes/no/m/234/nc/U,bw/so/no/yes/m/264/nc/U,0.56
bo/st/yes/no/m/234/nc/U,bw/st/no/no/d/492/nc/U,0.52
bo/st/yes/no/m/234/nc/U,bw/mu/yes/no/d/450/nc/U,0.65
bo/st/yes/no/m/234/nc/U,bo/mu/no/no/d/468/nc/U,0.65
bo/st/yes/no/m/234/nc/U,bo/mu/yes/yes/m/728/nc/A,0.66
bo/st/yes/no/m/234/nc/U,bo/st/yes/no/d/522/nc/U,1.0
bo/st/yes/no/m/234/nc/U,bo/so/yes/yes/d/726/nc/A,0.64
bo/st/yes/no/m/234/nc/U,bw/mu/yes/yes/d/721/nc/A,0.65
bo/st/yes/no/m/234/nc/U,bw/so/no/no/d/540/nc/U,0.55
bo/st/yes/no/m/234/nc/U,bo/so/yes/no/m/744/nc/A,0.61
bo/st/yes/no/m/234/nc/U,bo/so/no/yes/d/576/nc/U,0.38
bo/st/yes/no/m/234/nc/U,bw/so/yes/no/m/743/nc/A,0.55
bo/st/yes/no/m/234/nc/U,bw/mu/yes/yes/m/727/nc/A,0.65
bo/st/yes/no/m/234/nc/U,bw/st/yes/yes/m/729/nc/A,0.57
bo/st/yes/no/m/234/nc/U,bo/st/yes/no/m/742/nc/A,1.0
bo/st/yes/no/m/234/nc/U,bo/so/yes/no/d/570/nc/U,0.61
bo/st/yes/no/m/234/nc/U,bw/mu/no/yes/d/745/nc/A,0.65
bo/st/yes/no/m/234/nc/U,bw/so/yes/no/d/546/nc/U,0.55
bo/st/yes/no/m/234/nc/U,bo/so/no/no/d/564/nc/U,0.39
bo/st/yes/no/m/234/nc/U,bo/so/no/yes/m/756/nc/A,0.38
bo/st/yes/no/m/234/nc/U,bw/mu/no/yes/m/751/nc/A,0.65
bo/st/yes/no/m/234/nc/U,bw/so/no/no/m/767/nc/A,0.55
bo/st/yes/no/m/234/nc/U,bo/mu/no/no/d/758/nc/A,0.65
bo/st/yes/no/m/234/nc/U,bw/so/no/yes/d/552/nc/U,0.56
bo/st/yes/no/m/234/nc/U,bo/st/no/no/d/760/nc/A,0.87
bo/st/yes/no/m/234/nc/U,bw/mu/yes/no/m/162/nc/U,0.65
bo/st/yes/no/m/234/nc/U,bo/mu/yes/no/d/734/nc/A,0.66
bo/st/yes/no/m/234/nc/U,bw/mu/yes/no/d/733/nc/A,0.65
bo/st/yes/no/m/234/nc/U,bw/st/yes/yes/m/198/nc/U,0.57
bo/st/yes/no/m/234/nc/U,bw/so/no/no/d/761/nc/A,0.55
bo/st/yes/no/m/234/nc/U,bo/st/no/no/m/766/nc/A,0.87
bo/st/yes/no/m/234/nc/U,bw/st/no/no/d/759/nc/A,0.52
bo/st/yes/no/m/234/nc/U,bo/so/no/yes/d/750/nc/A,0.38
bo/st/yes/no/m/234/nc/U,bw/mu/no/no/d/757/nc/A,0.65
bo/st/yes/no/m/234/nc/U,bo/so/no/no/m/768/nc/A,0.39
bo/st/yes/no/m/234/nc/U,bo/so/yes/yes/m/732/nc/A,0.64
bo/st/yes/no/m/234/nc/U,bw/st/yes/no/d/735/nc/A,0.52
bo/st/yes/no/m/234/nc/U,bw/st/yes/yes/d/486/nc/U,0.57
bo/st/yes/no/m/234/nc/U,bw/mu/no/no/d/444/nc/U,0.65
bo/st/yes/no/m/234/nc/U,bw/so/yes/yes/m/246/nc/U,0.56
bo/st/yes/no/m/234/nc/U,bo/so/yes/yes/m/270/nc/U,0.64
bo/st/yes/no/m/234/nc/U,bo/mu/no/yes/d/480/nc/U,0.65
bo/st/yes/no/m/234/nc/U,bo/mu/yes/no/d/474/nc/U,0.66
bo/st/yes/no/m/234/nc/U,bo/st/yes/yes/m/222/nc/U,0.97
bo/st/yes/no/m/234/nc/U,bo/so/yes/no/m/282/nc/U,0.61
bo/st/yes/no/m/234/nc/U,bo/so/no/no/m/276/nc/U,0.39
bo/st/yes/no/m/234/nc/U,bo/st/no/yes/m/240/nc/U,0.84
bo/st/yes/no/m/234/nc/U,bw/st/no/no/m/204/nc/U,0.52
bo/st/yes/no/m/234/nc/U,bo/mu/yes/yes/d/462/nc/U,0.66
bo/st/yes/no/m/234/nc/U,bo/st/yes/no/m/234/nc/U,1.0
bo/st/yes/no/m/234/nc/U,bw/st/yes/no/d/498/nc/U,0.52
bo/st/yes/no/m/234/nc/U,bw/mu/yes/yes/d/438/nc/U,0.65
bo/st/yes/no/m/234/nc/U,bw/so/yes/no/m/258/nc/U,0.55
bo/st/yes/no/m/234/nc/U,bw/so/no/yes/d/749/nc/A,0.56
bo/st/yes/no/m/234/nc/U,bo/mu/yes/no/m/740/nc/A,0.66
bo/st/yes/no/m/234/nc/U,bw/st/no/yes/d/747/nc/A,0.58
bo/st/yes/no/m/234/nc/U,bo/mu/no/no/m/180/nc/U,0.65
bo/st/yes/no/m/234/nc/U,bo/mu/yes/yes/m/174/nc/U,0.66
bo/st/yes/no/m/234/nc/U,bo/st/yes/yes/d/510/nc/U,0.97
bo/st/yes/no/m/234/nc/U,bo/mu/yes/yes/d/722/nc/A,0.66
bo/st/yes/no/m/234/nc/U,bw/so/yes/yes/d/725/nc/A,0.56
bo/st/yes/no/m/234/nc/U,bo/st/no/yes/d/528/nc/U,0.84
bo/st/yes/no/m/234/nc/U,bo/mu/no/yes/d/746/nc/A,0.65
bo/st/yes/no/m/234/nc/U,bw/st/yes/no/m/741/nc/A,0.52
bo/st/yes/no/m/234/nc/U,bo/st/no/yes/d/748/nc/A,0.84
bo/st/yes/no/m/234/nc/U,bo/mu/yes/no/m/186/nc/U,0.66
bo/st/yes/no/m/234/nc/U,bo/st/no/no/d/516/nc/U,0.87
bo/st/yes/no/m/234/nc/U,bo/st/yes/yes/d/724/nc/A,0.97
bo/st/yes/no/m/234/nc/U,bw/st/yes/yes/d/723/nc/A,0.57
bo/st/yes/no/m/234/nc/U,bo/mu/no/yes/m/192/nc/U,0.65
bo/st/yes/no/m/234/nc/U,bo/st/yes/yes/m/730/nc/A,0.97
bo/st/yes/no/m/234/nc/U,bw/so/yes/no/d/737/nc/A,0.55
bo/st/yes/no/m/234/nc/U,bw/mu/no/yes/m/168/nc/U,0.65
bo/st/yes/no/m/234/nc/U,bw/mu/yes/no/m/739/nc/A,0.65
bo/st/yes/no/m/234/nc/U,bw/mu/yes/yes/m/150/nc/U,0.65
bo/st/yes/no/m/234/nc/U,bw/so/yes/yes/d/534/nc/U,0.56
bo/st/yes/no/m/234/nc/U,bo/mu/no/yes/m/752/nc/A,0.65
bo/st/yes/no/m/234/nc/U,bw/so/no/yes/m/755/nc/A,0.56
bo/st/yes/no/m/234/nc/U,bo/so/yes/yes/d/558/nc/U,0.64
bo/st/yes/no/m/234/nc/U,bw/mu/no/no/m/763/nc/A,0.65
bo/st/yes/no/m/234/nc/U,bo/mu/no/no/m/764/nc/A,0.65
bo/st/yes/no/m/234/nc/U,bo/so/yes/no/d/738/nc/A,0.61
bo/st/yes/no/m/234/nc/U,bw/mu/no/no/m/156/nc/U,0.65
bo/st/yes/no/m/234/nc/U,bo/st/yes/no/d/736/nc/A,1.0
bo/st/yes/no/m/234/nc/U,bw/st/no/yes/d/504/nc/U,0.58
bo/st/yes/no/m/234/nc/U,bw/so/yes/yes/m/731/nc/A,0.56
bo/st/yes/no/m/234/nc/U,bw/st/no/no/m/765/nc/A,0.52
bo/st/yes/no/m/234/nc/U,bo/so/no/no/d/762/nc/A,0.39
bo/st/yes/no/m/234/nc/U,bo/st/no/yes/m/754/nc/A,0.84
bo/st/yes/no/m/234/nc/U,bw/st/no/yes/m/753/nc/A,0.58
bo/st/yes/no/m/234/nc/U,bw/st/no/yes/m/216/nc/U,0.58
bo/st/yes/no/m/234/nc/U,bo/so/no/yes/m/288/nc/U,0.38
bo/st/yes/no/m/234/nc/U,bw/st/yes/no/m/210/nc/U,0.52
bo/st/yes/no/m/234/nc/U,bo/st/no/no/m/228/nc/U,0.87
bw/st/yes/no/d/498/nc/U,bw/mu/no/yes/d/456/nc/U,0.51
bw/st/yes/no/d/498/nc/U,bw/so/no/no/m/252/nc/U,0.42
bw/st/yes/no/d/498/nc/U,bw/so/no/yes/m/264/nc/U,0.42
bw/st/yes/no/d/498/nc/U,bw/st/no/no/d/492/nc/U,0.9
bw/st/yes/no/d/498/nc/U,bw/mu/yes/no/d/450/nc/U,0.52
bw/st/yes/no/d/498/nc/U,bo/mu/no/no/d/468/nc/U,0.49
bw/st/yes/no/d/498/nc/U,bo/mu/yes/yes/m/728/nc/A,0.49
bw/st/yes/no/d/498/nc/U,bo/st/yes/no/d/522/nc/U,0.52
bw/st/yes/no/d/498/nc/U,bo/so/yes/yes/d/726/nc/A,0.41
bw/st/yes/no/d/498/nc/U,bw/mu/yes/yes/d/721/nc/A,0.52
bw/st/yes/no/d/498/nc/U,bw/so/no/no/d/540/nc/U,0.42
bw/st/yes/no/d/498/nc/U,bo/so/yes/no/m/744/nc/A,0.41
bw/st/yes/no/d/498/nc/U,bo/so/no/yes/d/576/nc/U,0.25
bw/st/yes/no/d/498/nc/U,bw/so/yes/no/m/743/nc/A,0.43
bw/st/yes/no/d/498/nc/U,bw/mu/yes/yes/m/727/nc/A,0.52
bw/st/yes/no/d/498/nc/U,bw/st/yes/yes/m/729/nc/A,0.87
bw/st/yes/no/d/498/nc/U,bo/st/yes/no/m/742/nc/A,0.52
bw/st/yes/no/d/498/nc/U,bo/so/yes/no/d/570/nc/U,0.41
bw/st/yes/no/d/498/nc/U,bw/mu/no/yes/d/745/nc/A,0.51
bw/st/yes/no/d/498/nc/U,bw/so/yes/no/d/546/nc/U,0.43
bw/st/yes/no/d/498/nc/U,bo/so/no/no/d/564/nc/U,0.25
bw/st/yes/no/d/498/nc/U,bo/so/no/yes/m/756/nc/A,0.25
bw/st/yes/no/d/498/nc/U,bw/mu/no/yes/m/751/nc/A,0.51
bw/st/yes/no/d/498/nc/U,bw/so/no/no/m/767/nc/A,0.42
bw/st/yes/no/d/498/nc/U,bo/mu/no/no/d/758/nc/A,0.49
bw/st/yes/no/d/498/nc/U,bw/so/no/yes/d/552/nc/U,0.42
bw/st/yes/no/d/498/nc/U,bo/st/no/no/d/760/nc/A,0.48
bw/st/yes/no/d/498/nc/U,bw/mu/yes/no/m/162/nc/U,0.52
bw/st/yes/no/d/498/nc/U,bo/mu/yes/no/d/734/nc/A,0.5
bw/st/yes/no/d/498/nc/U,bw/mu/yes/no/d/733/nc/A,0.52
bw/st/yes/no/d/498/nc/U,bw/st/yes/yes/m/198/nc/U,0.87
bw/st/yes/no/d/498/nc/U,bw/so/no/no/d/761/nc/A,0.42
bw/st/yes/no/d/498/nc/U,bo/st/no/no/m/766/nc/A,0.48
bw/st/yes/no/d/498/nc/U,bw/st/no/no/d/759/nc/A,0.9
bw/st/yes/no/d/498/nc/U,bo/so/no/yes/d/750/nc/A,0.25
bw/st/yes/no/d/498/nc/U,bw/mu/no/no/d/757/nc/A,0.52
bw/st/yes/no/d/498/nc/U,bo/so/no/no/m/768/nc/A,0.25
bw/st/yes/no/d/498/nc/U,bo/so/yes/yes/m/732/nc/A,0.41
bw/st/yes/no/d/498/nc/U,bw/st/yes/no/d/735/nc/A,1.0
bw/st/yes/no/d/498/nc/U,bw/st/yes/yes/d/486/nc/U,0.87
bw/st/yes/no/d/498/nc/U,bw/mu/no/no/d/444/nc/U,0.52
bw/st/yes/no/d/498/nc/U,bw/so/yes/yes/m/246/nc/U,0.43
bw/st/yes/no/d/498/nc/U,bo/so/yes/yes/m/270/nc/U,0.41
bw/st/yes/no/d/498/nc/U,bo/mu/no/yes/d/480/nc/U,0.48
bw/st/yes/no/d/498/nc/U,bo/mu/yes/no/d/474/nc/U,0.5
bw/st/yes/no/d/498/nc/U,bo/st/yes/yes/m/222/nc/U,0.51
bw/st/yes/no/d/498/nc/U,bo/so/yes/no/m/282/nc/U,0.41
bw/st/yes/no/d/498/nc/U,bo/so/no/no/m/276/nc/U,0.25
bw/st/yes/no/d/498/nc/U,bo/st/no/yes/m/240/nc/U,0.47
bw/st/yes/no/d/498/nc/U,bw/st/no/no/m/204/nc/U,0.9
bw/st/yes/no/d/498/nc/U,bo/mu/yes/yes/d/462/nc/U,0.49
bw/st/yes/no/d/498/nc/U,bo/st/yes/no/m/234/nc/U,0.52
bw/st/yes/no/d/498/nc/U,bw/st/yes/no/d/498/nc/U,1.0
bw/st/yes/no/d/498/nc/U,bw/mu/yes/yes/d/438/nc/U,0.52
bw/st/yes/no/d/498/nc/U,bw/so/yes/no/m/258/nc/U,0.43
bw/st/yes/no/d/498/nc/U,bw/so/no/yes/d/749/nc/A,0.42
bw/st/yes/no/d/498/nc/U,bo/mu/yes/no/m/740/nc/A,0.5
bw/st/yes/no/d/498/nc/U,bw/st/no/yes/d/747/nc/A,0.8
bw/st/yes/no/d/498/nc/U,bo/mu/no/no/m/180/nc/U,0.49
bw/st/yes/no/d/498/nc/U,bo/mu/yes/yes/m/174/nc/U,0.49
bw/st/yes/no/d/498/nc/U,bo/st/yes/yes/d/510/nc/U,0.51
bw/st/yes/no/d/498/nc/U,bo/mu/yes/yes/d/722/nc/A,0.49
bw/st/yes/no/d/498/nc/U,bw/so/yes/yes/d/725/nc/A,0.43
bw/st/yes/no/d/498/nc/U,bo/st/no/yes/d/528/nc/U,0.47
bw/st/yes/no/d/498/nc/U,bo/mu/no/yes/d/746/nc/A,0.48
bw/st/yes/no/d/498/nc/U,bw/st/yes/no/m/741/nc/A,1.0
bw/st/yes/no/d/498/nc/U,bo/st/no/yes/d/748/nc/A,0.47
bw/st/yes/no/d/498/nc/U,bo/mu/yes/no/m/186/nc/U,0.5
bw/st/yes/no/d/498/nc/U,bo/st/no/no/d/516/nc/U,0.48
bw/st/yes/no/d/498/nc/U,bo/st/yes/yes/d/724/nc/A,0.51
bw/st/yes/no/d/498/nc/U,bw/st/yes/yes/d/723/nc/A,0.87
bw/st/yes/no/d/498/nc/U,bo/mu/no/yes/m/192/nc/U,0.48
bw/st/yes/no/d/498/nc/U,bo/st/yes/yes/m/730/nc/A,0.51
bw/st/yes/no/d/498/nc/U,bw/so/yes/no/d/737/nc/A,0.43
bw/st/yes/no/d/498/nc/U,bw/mu/no/yes/m/168/nc/U,0.51
bw/st/yes/no/d/498/nc/U,bw/mu/yes/no/m/739/nc/A,0.52
bw/st/yes/no/d/498/nc/U,bw/mu/yes/yes/m/150/nc/U,0.52
bw/st/yes/no/d/498/nc/U,bw/so/yes/yes/d/534/nc/U,0.43
bw/st/yes/no/d/498/nc/U,bo/mu/no/yes/m/752/nc/A,0.48
bw/st/yes/no/d/498/nc/U,bw/so/no/yes/m/755/nc/A,0.42
bw/st/yes/no/d/498/nc/U,bo/so/yes/yes/d/558/nc/U,0.41
bw/st/yes/no/d/498/nc/U,bw/mu/no/no/m/763/nc/A,0.52
bw/st/yes/no/d/498/nc/U,bo/mu/no/no/m/764/nc/A,0.49
bw/st/yes/no/d/498/nc/U,bo/so/yes/no/d/738/nc/A,0.41
bw/st/yes/no/d/498/nc/U,bw/mu/no/no/m/156/nc/U,0.52
bw/st/yes/no/d/498/nc/U,bo/st/yes/no/d/736/nc/A,0.52
bw/st/yes/no/d/498/nc/U,bw/st/no/yes/d/504/nc/U,0.8
bw/st/yes/no/d/498/nc/U,bw/so/yes/yes/m/731/nc/A,0.43
bw/st/yes/no/d/498/nc/U,bw/st/no/no/m/765/nc/A,0.9
bw/st/yes/no/d/498/nc/U,bo/so/no/no/d/762/nc/A,0.25
bw/st/yes/no/d/498/nc/U,bo/st/no/yes/m/754/nc/A,0.47
bw/st/yes/no/d/498/nc/U,bw/st/no/yes/m/753/nc/A,0.8
bw/st/yes/no/d/498/nc/U,bw/st/no/yes/m/216/nc/U,0.8
bw/st/yes/no/d/498/nc/U,bo/so/no/yes/m/288/nc/U,0.25
bw/st/yes/no/d/498/nc/U,bw/st/yes/no/m/210/nc/U,1.0
bw/st/yes/no/d/498/nc/U,bo/st/no/no/m/228/nc/U,0.48
bw/mu/yes/yes/d/438/nc/U,bw/mu/no/yes/d/456/nc/U,0.97
bw/mu/yes/yes/d/438/nc/U,bw/so/no/no/m/252/nc/U,0.49
bw/mu/yes/yes/d/438/nc/U,bw/so/no/yes/m/264/nc/U,0.5
bw/mu/yes/yes/d/438/nc/U,bw/st/no/no/d/492/nc/U,0.53
bw/mu/yes/yes/d/438/nc/U,bw/mu/yes/no/d/450/nc/U,0.96
bw/mu/yes/yes/d/438/nc/U,bo/mu/no/no/d/468/nc/U,0.87
bw/mu/yes/yes/d/438/nc/U,bo/mu/yes/yes/m/728/nc/A,0.92
bw/mu/yes/yes/d/438/nc/U,bo/st/yes/no/d/522/nc/U,0.65
bw/mu/yes/yes/d/438/nc/U,bo/so/yes/yes/d/726/nc/A,0.52
bw/mu/yes/yes/d/438/nc/U,bw/mu/yes/yes/d/721/nc/A,1.0
bw/mu/yes/yes/d/438/nc/U,bw/so/no/no/d/540/nc/U,0.49
bw/mu/yes/yes/d/438/nc/U,bo/so/yes/no/m/744/nc/A,0.5
bw/mu/yes/yes/d/438/nc/U,bo/so/no/yes/d/576/nc/U,0.34
bw/mu/yes/yes/d/438/nc/U,bw/so/yes/no/m/743/nc/A,0.48
bw/mu/yes/yes/d/438/nc/U,bw/mu/yes/yes/m/727/nc/A,1.0
bw/mu/yes/yes/d/438/nc/U,bw/st/yes/yes/m/729/nc/A,0.57
bw/mu/yes/yes/d/438/nc/U,bo/st/yes/no/m/742/nc/A,0.65
bw/mu/yes/yes/d/438/nc/U,bo/so/yes/no/d/570/nc/U,0.5
bw/mu/yes/yes/d/438/nc/U,bw/mu/no/yes/d/745/nc/A,0.97
bw/mu/yes/yes/d/438/nc/U,bw/so/yes/no/d/546/nc/U,0.48
bw/mu/yes/yes/d/438/nc/U,bo/so/no/no/d/564/nc/U,0.33
bw/mu/yes/yes/d/438/nc/U,bo/so/no/yes/m/756/nc/A,0.34
bw/mu/yes/yes/d/438/nc/U,bw/mu/no/yes/m/751/nc/A,0.97
bw/mu/yes/yes/d/438/nc/U,bw/so/no/no/m/767/nc/A,0.49
bw/mu/yes/yes/d/438/nc/U,bo/mu/no/no/d/758/nc/A,0.87
bw/mu/yes/yes/d/438/nc/U,bw/so/no/yes/d/552/nc/U,0.5
bw/mu/yes/yes/d/438/nc/U,bo/st/no/no/d/760/nc/A,0.66
bw/mu/yes/yes/d/438/nc/U,bw/mu/yes/no/m/162/nc/U,0.96
bw/mu/yes/yes/d/438/nc/U,bo/mu/yes/no/d/734/nc/A,0.91
bw/mu/yes/yes/d/438/nc/U,bw/mu/yes/no/d/733/nc/A,0.96
bw/mu/yes/yes/d/438/nc/U,bw/st/yes/yes/m/198/nc/U,0.57
bw/mu/yes/yes/d/438/nc/U,bw/so/no/no/d/761/nc/A,0.49
bw/mu/yes/yes/d/438/nc/U,bo/st/no/no/m/766/nc/A,0.66
bw/mu/yes/yes/d/438/nc/U,bw/st/no/no/d/759/nc/A,0.53
bw/mu/yes/yes/d/438/nc/U,bo/so/no/yes/d/750/nc/A,0.34
bw/mu/yes/yes/d/438/nc/U,bw/mu/no/no/d/757/nc/A,0.94
bw/mu/yes/yes/d/438/nc/U,bo/so/no/no/m/768/nc/A,0.33
bw/mu/yes/yes/d/438/nc/U,bo/so/yes/yes/m/732/nc/A,0.52
bw/mu/yes/yes/d/438/nc/U,bw/st/yes/no/d/735/nc/A,0.52
bw/mu/yes/yes/d/438/nc/U,bw/st/yes/yes/d/486/nc/U,0.57
bw/mu/yes/yes/d/438/nc/U,bw/mu/no/no/d/444/nc/U,0.94
bw/mu/yes/yes/d/438/nc/U,bw/so/yes/yes/m/246/nc/U,0.49
bw/mu/yes/yes/d/438/nc/U,bo/so/yes/yes/m/270/nc/U,0.52
bw/mu/yes/yes/d/438/nc/U,bo/mu/no/yes/d/480/nc/U,0.87
bw/mu/yes/yes/d/438/nc/U,bo/mu/yes/no/d/474/nc/U,0.91
bw/mu/yes/yes/d/438/nc/U,bo/st/yes/yes/m/222/nc/U,0.66
bw/mu/yes/yes/d/438/nc/U,bo/so/yes/no/m/282/nc/U,0.5
bw/mu/yes/yes/d/438/nc/U,bo/so/no/no/m/276/nc/U,0.33
bw/mu/yes/yes/d/438/nc/U,bo/st/no/yes/m/240/nc/U,0.69
bw/mu/yes/yes/d/438/nc/U,bw/st/no/no/m/204/nc/U,0.53
bw/mu/yes/yes/d/438/nc/U,bo/mu/yes/yes/d/462/nc/U,0.92
bw/mu/yes/yes/d/438/nc/U,bo/st/yes/no/m/234/nc/U,0.65
bw/mu/yes/yes/d/438/nc/U,bw/st/yes/no/d/498/nc/U,0.52
bw/mu/yes/yes/d/438/nc/U,bw/mu/yes/yes/d/438/nc/U,1.0
bw/mu/yes/yes/d/438/nc/U,bw/so/yes/no/m/258/nc/U,0.48
bw/mu/yes/yes/d/438/nc/U,bw/so/no/yes/d/749/nc/A,0.5
bw/mu/yes/yes/d/438/nc/U,bo/mu/yes/no/m/740/nc/A,0.91
bw/mu/yes/yes/d/438/nc/U,bw/st/no/yes/d/747/nc/A,0.59
bw/mu/yes/yes/d/438/nc/U,bo/mu/no/no/m/180/nc/U,0.87
bw/mu/yes/yes/d/438/nc/U,bo/mu/yes/yes/m/174/nc/U,0.92
bw/mu/yes/yes/d/438/nc/U,bo/st/yes/yes/d/510/nc/U,0.66
bw/mu/yes/yes/d/438/nc/U,bo/mu/yes/yes/d/722/nc/A,0.92
bw/mu/yes/yes/d/438/nc/U,bw/so/yes/yes/d/725/nc/A,0.49
bw/mu/yes/yes/d/438/nc/U,bo/st/no/yes/d/528/nc/U,0.69
bw/mu/yes/yes/d/438/nc/U,bo/mu/no/yes/d/746/nc/A,0.87
bw/mu/yes/yes/d/438/nc/U,bw/st/yes/no/m/741/nc/A,0.52
bw/mu/yes/yes/d/438/nc/U,bo/st/no/yes/d/748/nc/A,0.69
bw/mu/yes/yes/d/438/nc/U,bo/mu/yes/no/m/186/nc/U,0.91
bw/mu/yes/yes/d/438/nc/U,bo/st/no/no/d/516/nc/U,0.66
bw/mu/yes/yes/d/438/nc/U,bo/st/yes/yes/d/724/nc/A,0.66
bw/mu/yes/yes/d/438/nc/U,bw/st/yes/yes/d/723/nc/A,0.57
bw/mu/yes/yes/d/438/nc/U,bo/mu/no/yes/m/192/nc/U,0.87
bw/mu/yes/yes/d/438/nc/U,bo/st/yes/yes/m/730/nc/A,0.66
bw/mu/yes/yes/d/438/nc/U,bw/so/yes/no/d/737/nc/A,0.48
bw/mu/yes/yes/d/438/nc/U,bw/mu/no/yes/m/168/nc/U,0.97
bw/mu/yes/yes/d/438/nc/U,bw/mu/yes/no/m/739/nc/A,0.96
bw/mu/yes/yes/d/438/nc/U,bw/mu/yes/yes/m/150/nc/U,1.0
bw/mu/yes/yes/d/438/nc/U,bw/so/yes/yes/d/534/nc/U,0.49
bw/mu/yes/yes/d/438/nc/U,bo/mu/no/yes/m/752/nc/A,0.87
bw/mu/yes/yes/d/438/nc/U,bw/so/no/yes/m/755/nc/A,0.5
bw/mu/yes/yes/d/438/nc/U,bo/so/yes/yes/d/558/nc/U,0.52
bw/mu/yes/yes/d/438/nc/U,bw/mu/no/no/m/763/nc/A,0.94
bw/mu/yes/yes/d/438/nc/U,bo/mu/no/no/m/764/nc/A,0.87
bw/mu/yes/yes/d/438/nc/U,bo/so/yes/no/d/738/nc/A,0.5
bw/mu/yes/yes/d/438/nc/U,bw/mu/no/no/m/156/nc/U,0.94
bw/mu/yes/yes/d/438/nc/U,bo/st/yes/no/d/736/nc/A,0.65
bw/mu/yes/yes/d/438/nc/U,bw/st/no/yes/d/504/nc/U,0.59
bw/mu/yes/yes/d/438/nc/U,bw/so/yes/yes/m/731/nc/A,0.49
bw/mu/yes/yes/d/438/nc/U,bw/st/no/no/m/765/nc/A,0.53
bw/mu/yes/yes/d/438/nc/U,bo/so/no/no/d/762/nc/A,0.33
bw/mu/yes/yes/d/438/nc/U,bo/st/no/yes/m/754/nc/A,0.69
bw/mu/yes/yes/d/438/nc/U,bw/st/no/yes/m/753/nc/A,0.59
bw/mu/yes/yes/d/438/nc/U,bw/st/no/yes/m/216/nc/U,0.59
bw/mu/yes/yes/d/438/nc/U,bo/so/no/yes/m/288/nc/U,0.34
bw/mu/yes/yes/d/438/nc/U,bw/st/yes/no/m/210/nc/U,0.52
bw/mu/yes/yes/d/438/nc/U,bo/st/no/no/m/228/nc/U,0.66
bw/so/yes/no/m/258/nc/U,bw/mu/no/yes/d/456/nc/U,0.48
bw/so/yes/no/m/258/nc/U,bw/so/no/no/m/252/nc/U,0.86
bw/so/yes/no/m/258/nc/U,bw/so/no/yes/m/264/nc/U,0.79
bw/so/yes/no/m/258/nc/U,bw/st/no/no/d/492/nc/U,0.42
bw/so/yes/no/m/258/nc/U,bw/mu/yes/no/d/450/nc/U,0.48
bw/so/yes/no/m/258/nc/U,bo/mu/no/no/d/468/nc/U,0.48
bw/so/yes/no/m/258/nc/U,bo/mu/yes/yes/m/728/nc/A,0.48
bw/so/yes/no/m/258/nc/U,bo/st/yes/no/d/522/nc/U,0.55
bw/so/yes/no/m/258/nc/U,bo/so/yes/yes/d/726/nc/A,0.62
bw/so/yes/no/m/258/nc/U,bw/mu/yes/yes/d/721/nc/A,0.48
bw/so/yes/no/m/258/nc/U,bw/so/no/no/d/540/nc/U,0.86
bw/so/yes/no/m/258/nc/U,bo/so/yes/no/m/744/nc/A,0.69
bw/so/yes/no/m/258/nc/U,bo/so/no/yes/d/576/nc/U,0.37
bw/so/yes/no/m/258/nc/U,bw/so/yes/no/m/743/nc/A,1.0
bw/so/yes/no/m/258/nc/U,bw/mu/yes/yes/m/727/nc/A,0.48
bw/so/yes/no/m/258/nc/U,bw/st/yes/yes/m/729/nc/A,0.46
bw/so/yes/no/m/258/nc/U,bo/st/yes/no/m/742/nc/A,0.55
bw/so/yes/no/m/258/nc/U,bo/so/yes/no/d/570/nc/U,0.69
bw/so/yes/no/m/258/nc/U,bw/mu/no/yes/d/745/nc/A,0.48
bw/so/yes/no/m/258/nc/U,bw/so/yes/no/d/546/nc/U,1.0
bw/so/yes/no/m/258/nc/U,bo/so/no/no/d/564/nc/U,0.41
bw/so/yes/no/m/258/nc/U,bo/so/no/yes/m/756/nc/A,0.37
bw/so/yes/no/m/258/nc/U,bw/mu/no/yes/m/751/nc/A,0.48
bw/so/yes/no/m/258/nc/U,bw/so/no/no/m/767/nc/A,0.86
bw/so/yes/no/m/258/nc/U,bo/mu/no/no/d/758/nc/A,0.48
bw/so/yes/no/m/258/nc/U,bw/so/no/yes/d/552/nc/U,0.79
bw/so/yes/no/m/258/nc/U,bo/st/no/no/d/760/nc/A,0.54
bw/so/yes/no/m/258/nc/U,bw/mu/yes/no/m/162/nc/U,0.48
bw/so/yes/no/m/258/nc/U,bo/mu/yes/no/d/734/nc/A,0.48
bw/so/yes/no/m/258/nc/U,bw/mu/yes/no/d/733/nc/A,0.48
bw/so/yes/no/m/258/nc/U,bw/st/yes/yes/m/198/nc/U,0.46
bw/so/yes/no/m/258/nc/U,bw/so/no/no/d/761/nc/A,0.86
bw/so/yes/no/m/258/nc/U,bo/st/no/no/m/766/nc/A,0.54
bw/so/yes/no/m/258/nc/U,bw/st/no/no/d/759/nc/A,0.42
bw/so/yes/no/m/258/nc/U,bo/so/no/yes/d/750/nc/A,0.37
bw/so/yes/no/m/258/nc/U,bw/mu/no/no/d/757/nc/A,0.48
bw/so/yes/no/m/258/nc/U,bo/so/no/no/m/768/nc/A,0.41
bw/so/yes/no/m/258/nc/U,bo/so/yes/yes/m/732/nc/A,0.62
bw/so/yes/no/m/258/nc/U,bw/st/yes/no/d/735/nc/A,0.43
bw/so/yes/no/m/258/nc/U,bw/st/yes/yes/d/486/nc/U,0.46
bw/so/yes/no/m/258/nc/U,bw/mu/no/no/d/444/nc/U,0.48
bw/so/yes/no/m/258/nc/U,bw/so/yes/yes/m/246/nc/U,0.88
bw/so/yes/no/m/258/nc/U,bo/so/yes/yes/m/270/nc/U,0.62
bw/so/yes/no/m/258/nc/U,bo/mu/no/yes/d/480/nc/U,0.48
bw/so/yes/no/m/258/nc/U,bo/mu/yes/no/d/474/nc/U,0.48
bw/so/yes/no/m/258/nc/U,bo/st/yes/yes/m/222/nc/U,0.55
bw/so/yes/no/m/258/nc/U,bo/so/yes/no/m/282/nc/U,0.69
bw/so/yes/no/m/258/nc/U,bo/so/no/no/m/276/nc/U,0.41
bw/so/yes/no/m/258/nc/U,bo/st/no/yes/m/240/nc/U,0.54
bw/so/yes/no/m/258/nc/U,bw/st/no/no/m/204/nc/U,0.42
bw/so/yes/no/m/258/nc/U,bo/mu/yes/yes/d/462/nc/U,0.48
bw/so/yes/no/m/258/nc/U,bo/st/yes/no/m/234/nc/U,0.55
bw/so/yes/no/m/258/nc/U,bw/st/yes/no/d/498/nc/U,0.43
bw/so/yes/no/m/258/nc/U,bw/mu/yes/yes/d/438/nc/U,0.48
bw/so/yes/no/m/258/nc/U,bw/so/yes/no/m/258/nc/U,1.0
bw/so/yes/no/m/258/nc/U,bw/so/no/yes/d/749/nc/A,0.79
bw/so/yes/no/m/258/nc/U,bo/mu/yes/no/m/740/nc/A,0.48
bw/so/yes/no/m/258/nc/U,bw/st/no/yes/d/747/nc/A,0.46
bw/so/yes/no/m/258/nc/U,bo/mu/no/no/m/180/nc/U,0.48
bw/so/yes/no/m/258/nc/U,bo/mu/yes/yes/m/174/nc/U,0.48
bw/so/yes/no/m/258/nc/U,bo/st/yes/yes/d/510/nc/U,0.55
bw/so/yes/no/m/258/nc/U,bo/mu/yes/yes/d/722/nc/A,0.48
bw/so/yes/no/m/258/nc/U,bw/so/yes/yes/d/725/nc/A,0.88
bw/so/yes/no/m/258/nc/U,bo/st/no/yes/d/528/nc/U,0.54
bw/so/yes/no/m/258/nc/U,bo/mu/no/yes/d/746/nc/A,0.48
bw/so/yes/no/m/258/nc/U,bw/st/yes/no/m/741/nc/A,0.43
bw/so/yes/no/m/258/nc/U,bo/st/no/yes/d/748/nc/A,0.54
bw/so/yes/no/m/258/nc/U,bo/mu/yes/no/m/186/nc/U,0.48
bw/so/yes/no/m/258/nc/U,bo/st/no/no/d/516/nc/U,0.54
bw/so/yes/no/m/258/nc/U,bo/st/yes/yes/d/724/nc/A,0.55
bw/so/yes/no/m/258/nc/U,bw/st/yes/yes/d/723/nc/A,0.46
bw/so/yes/no/m/258/nc/U,bo/mu/no/yes/m/192/nc/U,0.48
bw/so/yes/no/m/258/nc/U,bo/st/yes/yes/m/730/nc/A,0.55
bw/so/yes/no/m/258/nc/U,bw/so/yes/no/d/737/nc/A,1.0
bw/so/yes/no/m/258/nc/U,bw/mu/no/yes/m/168/nc/U,0.48
bw/so/yes/no/m/258/nc/U,bw/mu/yes/no/m/739/nc/A,0.48
bw/so/yes/no/m/258/nc/U,bw/mu/yes/yes/m/150/nc/U,0.48
bw/so/yes/no/m/258/nc/U,bw/so/yes/yes/d/534/nc/U,0.88
bw/so/yes/no/m/258/nc/U,bo/mu/no/yes/m/752/nc/A,0.48
bw/so/yes/no/m/258/nc/U,bw/so/no/yes/m/755/nc/A,0.79
bw/so/yes/no/m/258/nc/U,bo/so/yes/yes/d/558/nc/U,0.62
bw/so/yes/no/m/258/nc/U,bw/mu/no/no/m/763/nc/A,0.48
bw/so/yes/no/m/258/nc/U,bo/mu/no/no/m/764/nc/A,0.48
bw/so/yes/no/m/258/nc/U,bo/so/yes/no/d/738/nc/A,0.69
bw/so/yes/no/m/258/nc/U,bw/mu/no/no/m/156/nc/U,0.48
bw/so/yes/no/m/258/nc/U,bo/st/yes/no/d/736/nc/A,0.55
bw/so/yes/no/m/258/nc/U,bw/st/no/yes/d/504/nc/U,0.46
bw/so/yes/no/m/258/nc/U,bw/so/yes/yes/m/731/nc/A,0.88
bw/so/yes/no/m/258/nc/U,bw/st/no/no/m/765/nc/A,0.42
bw/so/yes/no/m/258/nc/U,bo/so/no/no/d/762/nc/A,0.41
bw/so/yes/no/m/258/nc/U,bo/st/no/yes/m/754/nc/A,0.54
bw/so/yes/no/m/258/nc/U,bw/st/no/yes/m/753/nc/A,0.46
bw/so/yes/no/m/258/nc/U,bw/st/no/yes/m/216/nc/U,0.46
bw/so/yes/no/m/258/nc/U,bo/so/no/yes/m/288/nc/U,0.37
bw/so/yes/no/m/258/nc/U,bw/st/yes/no/m/210/nc/U,0.43
bw/so/yes/no/m/258/nc/U,bo/st/no/no/m/228/nc/U,0.54
bw/so/no/yes/d/749/nc/A,bw/mu/no/yes/d/456/nc/U,0.5
bw/so/no/yes/d/749/nc/A,bw/so/no/no/m/252/nc/U,0.89
bw/so/no/yes/d/749/nc/A,bw/so/no/yes/m/264/nc/U,1.0
bw/so/no/yes/d/749/nc/A,bw/st/no/no/d/492/nc/U,0.43
bw/so/no/yes/d/749/nc/A,bw/mu/yes/no/d/450/nc/U,0.5
bw/so/no/yes/d/749/nc/A,bo/mu/no/no/d/468/nc/U,0.5
bw/so/no/yes/d/749/nc/A,bo/mu/yes/yes/m/728/nc/A,0.5
bw/so/no/yes/d/749/nc/A,bo/st/yes/no/d/522/nc/U,0.56
bw/so/no/yes/d/749/nc/A,bo/so/yes/yes/d/726/nc/A,0.64
bw/so/no/yes/d/749/nc/A,bw/mu/yes/yes/d/721/nc/A,0.5
bw/so/no/yes/d/749/nc/A,bw/so/no/no/d/540/nc/U,0.89
bw/so/no/yes/d/749/nc/A,bo/so/yes/no/m/744/nc/A,0.61
bw/so/no/yes/d/749/nc/A,bo/so/no/yes/d/576/nc/U,0.38
bw/so/no/yes/d/749/nc/A,bw/so/yes/no/m/743/nc/A,0.79
bw/so/no/yes/d/749/nc/A,bw/mu/yes/yes/m/727/nc/A,0.5
bw/so/no/yes/d/749/nc/A,bw/st/yes/yes/m/729/nc/A,0.46
bw/so/no/yes/d/749/nc/A,bo/st/yes/no/m/742/nc/A,0.56
bw/so/no/yes/d/749/nc/A,bo/so/yes/no/d/570/nc/U,0.61
bw/so/no/yes/d/749/nc/A,bw/mu/no/yes/d/745/nc/A,0.5
bw/so/no/yes/d/749/nc/A,bw/so/yes/no/d/546/nc/U,0.79
bw/so/no/yes/d/749/nc/A,bo/so/no/no/d/564/nc/U,0.39
bw/so/no/yes/d/749/nc/A,bo/so/no/yes/m/756/nc/A,0.38
bw/so/no/yes/d/749/nc/A,bw/mu/no/yes/m/751/nc/A,0.5
bw/so/no/yes/d/749/nc/A,bw/so/no/no/m/767/nc/A,0.89
bw/so/no/yes/d/749/nc/A,bo/mu/no/no/d/758/nc/A,0.5
bw/so/no/yes/d/749/nc/A,bw/so/no/yes/d/552/nc/U,1.0
bw/so/no/yes/d/749/nc/A,bo/st/no/no/d/760/nc/A,0.57
bw/so/no/yes/d/749/nc/A,bw/mu/yes/no/m/162/nc/U,0.5
bw/so/no/yes/d/749/nc/A,bo/mu/yes/no/d/734/nc/A,0.5
bw/so/no/yes/d/749/nc/A,bw/mu/yes/no/d/733/nc/A,0.5
bw/so/no/yes/d/749/nc/A,bw/st/yes/yes/m/198/nc/U,0.46
bw/so/no/yes/d/749/nc/A,bw/so/no/no/d/761/nc/A,0.89
bw/so/no/yes/d/749/nc/A,bo/st/no/no/m/766/nc/A,0.57
bw/so/no/yes/d/749/nc/A,bw/st/no/no/d/759/nc/A,0.43
bw/so/no/yes/d/749/nc/A,bo/so/no/yes/d/750/nc/A,0.38
bw/so/no/yes/d/749/nc/A,bw/mu/no/no/d/757/nc/A,0.5
bw/so/no/yes/d/749/nc/A,bo/so/no/no/m/768/nc/A,0.39
bw/so/no/yes/d/749/nc/A,bo/so/yes/yes/m/732/nc/A,0.64
bw/so/no/yes/d/749/nc/A,bw/st/yes/no/d/735/nc/A,0.42
bw/so/no/yes/d/749/nc/A,bw/st/yes/yes/d/486/nc/U,0.46
bw/so/no/yes/d/749/nc/A,bw/mu/no/no/d/444/nc/U,0.5
bw/so/no/yes/d/749/nc/A,bw/so/yes/yes/m/246/nc/U,0.86
bw/so/no/yes/d/749/nc/A,bo/so/yes/yes/m/270/nc/U,0.64
bw/so/no/yes/d/749/nc/A,bo/mu/no/yes/d/480/nc/U,0.5
bw/so/no/yes/d/749/nc/A,bo/mu/yes/no/d/474/nc/U,0.5
bw/so/no/yes/d/749/nc/A,bo/st/yes/yes/m/222/nc/U,0.56
bw/so/no/yes/d/749/nc/A,bo/so/yes/no/m/282/nc/U,0.61
bw/so/no/yes/d/749/nc/A,bo/so/no/no/m/276/nc/U,0.39
bw/so/no/yes/d/749/nc/A,bo/st/no/yes/m/240/nc/U,0.57
bw/so/no/yes/d/749/nc/A,bw/st/no/no/m/204/nc/U,0.43
bw/so/no/yes/d/749/nc/A,bo/mu/yes/yes/d/462/nc/U,0.5
bw/so/no/yes/d/749/nc/A,bo/st/yes/no/m/234/nc/U,0.56
bw/so/no/yes/d/749/nc/A,bw/st/yes/no/d/498/nc/U,0.42
bw/so/no/yes/d/749/nc/A,bw/mu/yes/yes/d/438/nc/U,0.5
bw/so/no/yes/d/749/nc/A,bw/so/yes/no/m/258/nc/U,0.79
bw/so/no/yes/d/749/nc/A,bw/so/no/yes/d/749/nc/A,1.0
bw/so/no/yes/d/749/nc/A,bo/mu/yes/no/m/740/nc/A,0.5
bw/so/no/yes/d/749/nc/A,bw/st/no/yes/d/747/nc/A,0.48
bw/so/no/yes/d/749/nc/A,bo/mu/no/no/m/180/nc/U,0.5
bw/so/no/yes/d/749/nc/A,bo/mu/yes/yes/m/174/nc/U,0.5
bw/so/no/yes/d/749/nc/A,bo/st/yes/yes/d/510/nc/U,0.56
bw/so/no/yes/d/749/nc/A,bo/mu/yes/yes/d/722/nc/A,0.5
bw/so/no/yes/d/749/nc/A,bw/so/yes/yes/d/725/nc/A,0.86
bw/so/no/yes/d/749/nc/A,bo/st/no/yes/d/528/nc/U,0.57
bw/so/no/yes/d/749/nc/A,bo/mu/no/yes/d/746/nc/A,0.5
bw/so/no/yes/d/749/nc/A,bw/st/yes/no/m/741/nc/A,0.42
bw/so/no/yes/d/749/nc/A,bo/st/no/yes/d/748/nc/A,0.57
bw/so/no/yes/d/749/nc/A,bo/mu/yes/no/m/186/nc/U,0.5
bw/so/no/yes/d/749/nc/A,bo/st/no/no/d/516/nc/U,0.57
bw/so/no/yes/d/749/nc/A,bo/st/yes/yes/d/724/nc/A,0.56
bw/so/no/yes/d/749/nc/A,bw/st/yes/yes/d/723/nc/A,0.46
bw/so/no/yes/d/749/nc/A,bo/mu/no/yes/m/192/nc/U,0.5
bw/so/no/yes/d/749/nc/A,bo/st/yes/yes/m/730/nc/A,0.56
bw/so/no/yes/d/749/nc/A,bw/so/yes/no/d/737/nc/A,0.79
bw/so/no/yes/d/749/nc/A,bw/mu/no/yes/m/168/nc/U,0.5
bw/so/no/yes/d/749/nc/A,bw/mu/yes/no/m/739/nc/A,0.5
bw/so/no/yes/d/749/nc/A,bw/mu/yes/yes/m/150/nc/U,0.5
bw/so/no/yes/d/749/nc/A,bw/so/yes/yes/d/534/nc/U,0.86
bw/so/no/yes/d/749/nc/A,bo/mu/no/yes/m/752/nc/A,0.5
bw/so/no/yes/d/749/nc/A,bw/so/no/yes/m/755/nc/A,1.0
bw/so/no/yes/d/749/nc/A,bo/so/yes/yes/d/558/nc/U,0.64
bw/so/no/yes/d/749/nc/A,bw/mu/no/no/m/763/nc/A,0.5
bw/so/no/yes/d/749/nc/A,bo/mu/no/no/m/764/nc/A,0.5
bw/so/no/yes/d/749/nc/A,bo/so/yes/no/d/738/nc/A,0.61
bw/so/no/yes/d/749/nc/A,bw/mu/no/no/m/156/nc/U,0.5
bw/so/no/yes/d/749/nc/A,bo/st/yes/no/d/736/nc/A,0.56
bw/so/no/yes/d/749/nc/A,bw/st/no/yes/d/504/nc/U,0.48
bw/so/no/yes/d/749/nc/A,bw/so/yes/yes/m/731/nc/A,0.86
bw/so/no/yes/d/749/nc/A,bw/st/no/no/m/765/nc/A,0.43
bw/so/no/yes/d/749/nc/A,bo/so/no/no/d/762/nc/A,0.39
bw/so/no/yes/d/749/nc/A,bo/st/no/yes/m/754/nc/A,0.57
bw/so/no/yes/d/749/nc/A,bw/st/no/yes/m/753/nc/A,0.48
bw/so/no/yes/d/749/nc/A,bw/st/no/yes/m/216/nc/U,0.48
bw/so/no/yes/d/749/nc/A,bo/so/no/yes/m/288/nc/U,0.38
bw/so/no/yes/d/749/nc/A,bw/st/yes/no/m/210/nc/U,0.42
bw/so/no/yes/d/749/nc/A,bo/st/no/no/m/228/nc/U,0.57
bo/mu/yes/no/m/740/nc/A,bw/mu/no/yes/d/456/nc/U,0.91
bo/mu/yes/no/m/740/nc/A,bw/so/no/no/m/252/nc/U,0.49
bo/mu/yes/no/m/740/nc/A,bw/so/no/yes/m/264/nc/U,0.5
bo/mu/yes/no/m/740/nc/A,bw/st/no/no/d/492/nc/U,0.51
bo/mu/yes/no/m/740/nc/A,bw/mu/yes/no/d/450/nc/U,0.93
bo/mu/yes/no/m/740/nc/A,bo/mu/no/no/d/468/nc/U,0.92
bo/mu/yes/no/m/740/nc/A,bo/mu/yes/yes/m/728/nc/A,0.97
bo/mu/yes/no/m/740/nc/A,bo/st/yes/no/d/522/nc/U,0.66
bo/mu/yes/no/m/740/nc/A,bo/so/yes/yes/d/726/nc/A,0.54
bo/mu/yes/no/m/740/nc/A,bw/mu/yes/yes/d/721/nc/A,0.91
bo/mu/yes/no/m/740/nc/A,bw/so/no/no/d/540/nc/U,0.49
bo/mu/yes/no/m/740/nc/A,bo/so/yes/no/m/744/nc/A,0.51
bo/mu/yes/no/m/740/nc/A,bo/so/no/yes/d/576/nc/U,0.36
bo/mu/yes/no/m/740/nc/A,bw/so/yes/no/m/743/nc/A,0.48
bo/mu/yes/no/m/740/nc/A,bw/mu/yes/yes/m/727/nc/A,0.91
bo/mu/yes/no/m/740/nc/A,bw/st/yes/yes/m/729/nc/A,0.55
bo/mu/yes/no/m/740/nc/A,bo/st/yes/no/m/742/nc/A,0.66
bo/mu/yes/no/m/740/nc/A,bo/so/yes/no/d/570/nc/U,0.51
bo/mu/yes/no/m/740/nc/A,bw/mu/no/yes/d/745/nc/A,0.91
bo/mu/yes/no/m/740/nc/A,bw/so/yes/no/d/546/nc/U,0.48
bo/mu/yes/no/m/740/nc/A,bo/so/no/no/d/564/nc/U,0.35
bo/mu/yes/no/m/740/nc/A,bo/so/no/yes/m/756/nc/A,0.36
bo/mu/yes/no/m/740/nc/A,bw/mu/no/yes/m/751/nc/A,0.91
bo/mu/yes/no/m/740/nc/A,bw/so/no/no/m/767/nc/A,0.49
bo/mu/yes/no/m/740/nc/A,bo/mu/no/no/d/758/nc/A,0.92
bo/mu/yes/no/m/740/nc/A,bw/so/no/yes/d/552/nc/U,0.5
bo/mu/yes/no/m/740/nc/A,bo/st/no/no/d/760/nc/A,0.67
bo/mu/yes/no/m/740/nc/A,bw/mu/yes/no/m/162/nc/U,0.93
bo/mu/yes/no/m/740/nc/A,bo/mu/yes/no/d/734/nc/A,1.0
bo/mu/yes/no/m/740/nc/A,bw/mu/yes/no/d/733/nc/A,0.93
bo/mu/yes/no/m/740/nc/A,bw/st/yes/yes/m/198/nc/U,0.55
bo/mu/yes/no/m/740/nc/A,bw/so/no/no/d/761/nc/A,0.49
bo/mu/yes/no/m/740/nc/A,bo/st/no/no/m/766/nc/A,0.67
bo/mu/yes/no/m/740/nc/A,bw/st/no/no/d/759/nc/A,0.51
bo/mu/yes/no/m/740/nc/A,bo/so/no/yes/d/750/nc/A,0.36
bo/mu/yes/no/m/740/nc/A,bw/mu/no/no/d/757/nc/A,0.91
bo/mu/yes/no/m/740/nc/A,bo/so/no/no/m/768/nc/A,0.35
bo/mu/yes/no/m/740/nc/A,bo/so/yes/yes/m/732/nc/A,0.54
bo/mu/yes/no/m/740/nc/A,bw/st/yes/no/d/735/nc/A,0.5
bo/mu/yes/no/m/740/nc/A,bw/st/yes/yes/d/486/nc/U,0.55
bo/mu/yes/no/m/740/nc/A,bw/mu/no/no/d/444/nc/U,0.91
bo/mu/yes/no/m/740/nc/A,bw/so/yes/yes/m/246/nc/U,0.48
bo/mu/yes/no/m/740/nc/A,bo/so/yes/yes/m/270/nc/U,0.54
bo/mu/yes/no/m/740/nc/A,bo/mu/no/yes/d/480/nc/U,0.91
bo/mu/yes/no/m/740/nc/A,bo/mu/yes/no/d/474/nc/U,1.0
bo/mu/yes/no/m/740/nc/A,bo/st/yes/yes/m/222/nc/U,0.67
bo/mu/yes/no/m/740/nc/A,bo/so/yes/no/m/282/nc/U,0.51
bo/mu/yes/no/m/740/nc/A,bo/so/no/no/m/276/nc/U,0.35
bo/mu/yes/no/m/740/nc/A,bo/st/no/yes/m/240/nc/U,0.7
bo/mu/yes/no/m/740/nc/A,bw/st/no/no/m/204/nc/U,0.51
bo/mu/yes/no/m/740/nc/A,bo/mu/yes/yes/d/462/nc/U,0.97
bo/mu/yes/no/m/740/nc/A,bo/st/yes/no/m/234/nc/U,0.66
bo/mu/yes/no/m/740/nc/A,bw/st/yes/no/d/498/nc/U,0.5
bo/mu/yes/no/m/740/nc/A,bw/mu/yes/yes/d/438/nc/U,0.91
bo/mu/yes/no/m/740/nc/A,bw/so/yes/no/m/258/nc/U,0.48
bo/mu/yes/no/m/740/nc/A,bw/so/no/yes/d/749/nc/A,0.5
bo/mu/yes/no/m/740/nc/A,bo/mu/yes/no/m/740/nc/A,1.0
bo/mu/yes/no/m/740/nc/A,bw/st/no/yes/d/747/nc/A,0.57
bo/mu/yes/no/m/740/nc/A,bo/mu/no/no/m/180/nc/U,0.92
bo/mu/yes/no/m/740/nc/A,bo/mu/yes/yes/m/174/nc/U,0.97
bo/mu/yes/no/m/740/nc/A,bo/st/yes/yes/d/510/nc/U,0.67
bo/mu/yes/no/m/740/nc/A,bo/mu/yes/yes/d/722/nc/A,0.97
bo/mu/yes/no/m/740/nc/A,bw/so/yes/yes/d/725/nc/A,0.48
bo/mu/yes/no/m/740/nc/A,bo/st/no/yes/d/528/nc/U,0.7
bo/mu/yes/no/m/740/nc/A,bo/mu/no/yes/d/746/nc/A,0.91
bo/mu/yes/no/m/740/nc/A,bw/st/yes/no/m/741/nc/A,0.5
bo/mu/yes/no/m/740/nc/A,bo/st/no/yes/d/748/nc/A,0.7
bo/mu/yes/no/m/740/nc/A,bo/mu/yes/no/m/186/nc/U,1.0
bo/mu/yes/no/m/740/nc/A,bo/st/no/no/d/516/nc/U,0.67
bo/mu/yes/no/m/740/nc/A,bo/st/yes/yes/d/724/nc/A,0.67
bo/mu/yes/no/m/740/nc/A,bw/st/yes/yes/d/723/nc/A,0.55
bo/mu/yes/no/m/740/nc/A,bo/mu/no/yes/m/192/nc/U,0.91
bo/mu/yes/no/m/740/nc/A,bo/st/yes/yes/m/730/nc/A,0.67
bo/mu/yes/no/m/740/nc/A,bw/so/yes/no/d/737/nc/A,0.48
bo/mu/yes/no/m/740/nc/A,bw/mu/no/yes/m/168/nc/U,0.91
bo/mu/yes/no/m/740/nc/A,bw/mu/yes/no/m/739/nc/A,0.93
bo/mu/yes/no/m/740/nc/A,bw/mu/yes/yes/m/150/nc/U,0.91
bo/mu/yes/no/m/740/nc/A,bw/so/yes/yes/d/534/nc/U,0.48
bo/mu/yes/no/m/740/nc/A,bo/mu/no/yes/m/752/nc/A,0.91
bo/mu/yes/no/m/740/nc/A,bw/so/no/yes/m/755/nc/A,0.5
bo/mu/yes/no/m/740/nc/A,bo/so/yes/yes/d/558/nc/U,0.54
bo/mu/yes/no/m/740/nc/A,bw/mu/no/no/m/763/nc/A,0.91
bo/mu/yes/no/m/740/nc/A,bo/mu/no/no/m/764/nc/A,0.92
bo/mu/yes/no/m/740/nc/A,bo/so/yes/no/d/738/nc/A,0.51
bo/mu/yes/no/m/740/nc/A,bw/mu/no/no/m/156/nc/U,0.91
bo/mu/yes/no/m/740/nc/A,bo/st/yes/no/d/736/nc/A,0.66
bo/mu/yes/no/m/740/nc/A,bw/st/no/yes/d/504/nc/U,0.57
bo/mu/yes/no/m/740/nc/A,bw/so/yes/yes/m/731/nc/A,0.48
bo/mu/yes/no/m/740/nc/A,bw/st/no/no/m/765/nc/A,0.51
bo/mu/yes/no/m/740/nc/A,bo/so/no/no/d/762/nc/A,0.35
bo/mu/yes/no/m/740/nc/A,bo/st/no/yes/m/754/nc/A,0.7
bo/mu/yes/no/m/740/nc/A,bw/st/no/yes/m/753/nc/A,0.57
bo/mu/yes/no/m/740/nc/A,bw/st/no/yes/m/216/nc/U,0.57
bo/mu/yes/no/m/740/nc/A,bo/so/no/yes/m/288/nc/U,0.36
bo/mu/yes/no/m/740/nc/A,bw/st/yes/no/m/210/nc/U,0.5
bo/mu/yes/no/m/740/nc/A,bo/st/no/no/m/228/nc/U,0.67
bw/st/no/yes/d/747/nc/A,bw/mu/no/yes/d/456/nc/U,0.59
bw/st/no/yes/d/747/nc/A,bw/so/no/no/m/252/nc/U,0.47
bw/st/no/yes/d/747/nc/A,bw/so/no/yes/m/264/nc/U,0.48
bw/st/no/yes/d/747/nc/A,bw/st/no/no/d/492/nc/U,0.87
bw/st/no/yes/d/747/nc/A,bw/mu/yes/no/d/450/nc/U,0.59
bw/st/no/yes/d/747/nc/A,bo/mu/no/no/d/468/nc/U,0.56
bw/st/no/yes/d/747/nc/A,bo/mu/yes/yes/m/728/nc/A,0.57
bw/st/no/yes/d/747/nc/A,bo/st/yes/no/d/522/nc/U,0.58
bw/st/no/yes/d/747/nc/A,bo/so/yes/yes/d/726/nc/A,0.46
bw/st/no/yes/d/747/nc/A,bw/mu/yes/yes/d/721/nc/A,0.59
bw/st/no/yes/d/747/nc/A,bw/so/no/no/d/540/nc/U,0.47
bw/st/no/yes/d/747/nc/A,bo/so/yes/no/m/744/nc/A,0.45
bw/st/no/yes/d/747/nc/A,bo/so/no/yes/d/576/nc/U,0.28
bw/st/no/yes/d/747/nc/A,bw/so/yes/no/m/743/nc/A,0.46
bw/st/no/yes/d/747/nc/A,bw/mu/yes/yes/m/727/nc/A,0.59
bw/st/no/yes/d/747/nc/A,bw/st/yes/yes/m/729/nc/A,0.89
bw/st/no/yes/d/747/nc/A,bo/st/yes/no/m/742/nc/A,0.58
bw/st/no/yes/d/747/nc/A,bo/so/yes/no/d/570/nc/U,0.45
bw/st/no/yes/d/747/nc/A,bw/mu/no/yes/d/745/nc/A,0.59
bw/st/no/yes/d/747/nc/A,bw/so/yes/no/d/546/nc/U,0.46
bw/st/no/yes/d/747/nc/A,bo/so/no/no/d/564/nc/U,0.29
bw/st/no/yes/d/747/nc/A,bo/so/no/yes/m/756/nc/A,0.28
bw/st/no/yes/d/747/nc/A,bw/mu/no/yes/m/751/nc/A,0.59
bw/st/no/yes/d/747/nc/A,bw/so/no/no/m/767/nc/A,0.47
bw/st/no/yes/d/747/nc/A,bo/mu/no/no/d/758/nc/A,0.56
bw/st/no/yes/d/747/nc/A,bw/so/no/yes/d/552/nc/U,0.48
bw/st/no/yes/d/747/nc/A,bo/st/no/no/d/760/nc/A,0.56
bw/st/no/yes/d/747/nc/A,bw/mu/yes/no/m/162/nc/U,0.59
bw/st/no/yes/d/747/nc/A,bo/mu/yes/no/d/734/nc/A,0.57
bw/st/no/yes/d/747/nc/A,bw/mu/yes/no/d/733/nc/A,0.59
bw/st/no/yes/d/747/nc/A,bw/st/yes/yes/m/198/nc/U,0.89
bw/st/no/yes/d/747/nc/A,bw/so/no/no/d/761/nc/A,0.47
bw/st/no/yes/d/747/nc/A,bo/st/no/no/m/766/nc/A,0.56
bw/st/no/yes/d/747/nc/A,bw/st/no/no/d/759/nc/A,0.87
bw/st/no/yes/d/747/nc/A,bo/so/no/yes/d/750/nc/A,0.28
bw/st/no/yes/d/747/nc/A,bw/mu/no/no/d/757/nc/A,0.59
bw/st/no/yes/d/747/nc/A,bo/so/no/no/m/768/nc/A,0.29
bw/st/no/yes/d/747/nc/A,bo/so/yes/yes/m/732/nc/A,0.46
bw/st/no/yes/d/747/nc/A,bw/st/yes/no/d/735/nc/A,0.8
bw/st/no/yes/d/747/nc/A,bw/st/yes/yes/d/486/nc/U,0.89
bw/st/no/yes/d/747/nc/A,bw/mu/no/no/d/444/nc/U,0.59
bw/st/no/yes/d/747/nc/A,bw/so/yes/yes/m/246/nc/U,0.47
bw/st/no/yes/d/747/nc/A,bo/so/yes/yes/m/270/nc/U,0.46
bw/st/no/yes/d/747/nc/A,bo/mu/no/yes/d/480/nc/U,0.55
bw/st/no/yes/d/747/nc/A,bo/mu/yes/no/d/474/nc/U,0.57
bw/st/no/yes/d/747/nc/A,bo/st/yes/yes/m/222/nc/U,0.57
bw/st/no/yes/d/747/nc/A,bo/so/yes/no/m/282/nc/U,0.45
bw/st/no/yes/d/747/nc/A,bo/so/no/no/m/276/nc/U,0.29
bw/st/no/yes/d/747/nc/A,bo/st/no/yes/m/240/nc/U,0.55
bw/st/no/yes/d/747/nc/A,bw/st/no/no/m/204/nc/U,0.87
bw/st/no/yes/d/747/nc/A,bo/mu/yes/yes/d/462/nc/U,0.57
bw/st/no/yes/d/747/nc/A,bo/st/yes/no/m/234/nc/U,0.58
bw/st/no/yes/d/747/nc/A,bw/st/yes/no/d/498/nc/U,0.8
bw/st/no/yes/d/747/nc/A,bw/mu/yes/yes/d/438/nc/U,0.59
bw/st/no/yes/d/747/nc/A,bw/so/yes/no/m/258/nc/U,0.46
bw/st/no/yes/d/747/nc/A,bw/so/no/yes/d/749/nc/A,0.48
bw/st/no/yes/d/747/nc/A,bo/mu/yes/no/m/740/nc/A,0.57
bw/st/no/yes/d/747/nc/A,bw/st/no/yes/d/747/nc/A,1.0
bw/st/no/yes/d/747/nc/A,bo/mu/no/no/m/180/nc/U,0.56
bw/st/no/yes/d/747/nc/A,bo/mu/yes/yes/m/174/nc/U,0.57
bw/st/no/yes/d/747/nc/A,bo/st/yes/yes/d/510/nc/U,0.57
bw/st/no/yes/d/747/nc/A,bo/mu/yes/yes/d/722/nc/A,0.57
bw/st/no/yes/d/747/nc/A,bw/so/yes/yes/d/725/nc/A,0.47
bw/st/no/yes/d/747/nc/A,bo/st/no/yes/d/528/nc/U,0.55
bw/st/no/yes/d/747/nc/A,bo/mu/no/yes/d/746/nc/A,0.55
bw/st/no/yes/d/747/nc/A,bw/st/yes/no/m/741/nc/A,0.8
bw/st/no/yes/d/747/nc/A,bo/st/no/yes/d/748/nc/A,0.55
bw/st/no/yes/d/747/nc/A,bo/mu/yes/no/m/186/nc/U,0.57
bw/st/no/yes/d/747/nc/A,bo/st/no/no/d/516/nc/U,0.56
bw/st/no/yes/d/747/nc/A,bo/st/yes/yes/d/724/nc/A,0.57
bw/st/no/yes/d/747/nc/A,bw/st/yes/yes/d/723/nc/A,0.89
bw/st/no/yes/d/747/nc/A,bo/mu/no/yes/m/192/nc/U,0.55
bw/st/no/yes/d/747/nc/A,bo/st/yes/yes/m/730/nc/A,0.57
bw/st/no/yes/d/747/nc/A,bw/so/yes/no/d/737/nc/A,0.46
bw/st/no/yes/d/747/nc/A,bw/mu/no/yes/m/168/nc/U,0.59
bw/st/no/yes/d/747/nc/A,bw/mu/yes/no/m/739/nc/A,0.59
bw/st/no/yes/d/747/nc/A,bw/mu/yes/yes/m/150/nc/U,0.59
bw/st/no/yes/d/747/nc/A,bw/so/yes/yes/d/534/nc/U,0.47
bw/st/no/yes/d/747/nc/A,bo/mu/no/yes/m/752/nc/A,0.55
bw/st/no/yes/d/747/nc/A,bw/so/no/yes/m/755/nc/A,0.48
bw/st/no/yes/d/747/nc/A,bo/so/yes/yes/d/558/nc/U,0.46
bw/st/no/yes/d/747/nc/A,bw/mu/no/no/m/763/nc/A,0.59
bw/st/no/yes/d/747/nc/A,bo/mu/no/no/m/764/nc/A,0.56
bw/st/no/yes/d/747/nc/A,bo/so/yes/no/d/738/nc/A,0.45
bw/st/no/yes/d/747/nc/A,bw/mu/no/no/m/156/nc/U,0.59
bw/st/no/yes/d/747/nc/A,bo/st/yes/no/d/736/nc/A,0.58
bw/st/no/yes/d/747/nc/A,bw/st/no/yes/d/504/nc/U,1.0
bw/st/no/yes/d/747/nc/A,bw/so/yes/yes/m/731/nc/A,0.47
bw/st/no/yes/d/747/nc/A,bw/st/no/no/m/765/nc/A,0.87
bw/st/no/yes/d/747/nc/A,bo/so/no/no/d/762/nc/A,0.29
bw/st/no/yes/d/747/nc/A,bo/st/no/yes/m/754/nc/A,0.55
bw/st/no/yes/d/747/nc/A,bw/st/no/yes/m/753/nc/A,1.0
bw/st/no/yes/d/747/nc/A,bw/st/no/yes/m/216/nc/U,1.0
bw/st/no/yes/d/747/nc/A,bo/so/no/yes/m/288/nc/U,0.28
bw/st/no/yes/d/747/nc/A,bw/st/yes/no/m/210/nc/U,0.8
bw/st/no/yes/d/747/nc/A,bo/st/no/no/m/228/nc/U,0.56
bo/mu/no/no/m/180/nc/U,bw/mu/no/yes/d/456/nc/U,0.87
bo/mu/no/no/m/180/nc/U,bw/so/no/no/m/252/nc/U,0.49
bo/mu/no/no/m/180/nc/U,bw/so/no/yes/m/264/nc/U,0.5
bo/mu/no/no/m/180/nc/U,bw/st/no/no/d/492/nc/U,0.5
bo/mu/no/no/m/180/nc/U,bw/mu/yes/no/d/450/nc/U,0.88
bo/mu/no/no/m/180/nc/U,bo/mu/no/no/d/468/nc/U,1.0
bo/mu/no/no/m/180/nc/U,bo/mu/yes/yes/m/728/nc/A,0.9
bo/mu/no/no/m/180/nc/U,bo/st/yes/no/d/522/nc/U,0.65
bo/mu/no/no/m/180/nc/U,bo/so/yes/yes/d/726/nc/A,0.53
bo/mu/no/no/m/180/nc/U,bw/mu/yes/yes/d/721/nc/A,0.87
bo/mu/no/no/m/180/nc/U,bw/so/no/no/d/540/nc/U,0.49
bo/mu/no/no/m/180/nc/U,bo/so/yes/no/m/744/nc/A,0.51
bo/mu/no/no/m/180/nc/U,bo/so/no/yes/d/576/nc/U,0.36
bo/mu/no/no/m/180/nc/U,bw/so/yes/no/m/743/nc/A,0.48
bo/mu/no/no/m/180/nc/U,bw/mu/yes/yes/m/727/nc/A,0.87
bo/mu/no/no/m/180/nc/U,bw/st/yes/yes/m/729/nc/A,0.53
bo/mu/no/no/m/180/nc/U,bo/st/yes/no/m/742/nc/A,0.65
bo/mu/no/no/m/180/nc/U,bo/so/yes/no/d/570/nc/U,0.51
bo/mu/no/no/m/180/nc/U,bw/mu/no/yes/d/745/nc/A,0.87
bo/mu/no/no/m/180/nc/U,bw/so/yes/no/d/546/nc/U,0.48
bo/mu/no/no/m/180/nc/U,bo/so/no/no/d/564/nc/U,0.35
bo/mu/no/no/m/180/nc/U,bo/so/no/yes/m/756/nc/A,0.36
bo/mu/no/no/m/180/nc/U,bw/mu/no/yes/m/751/nc/A,0.87
bo/mu/no/no/m/180/nc/U,bw/so/no/no/m/767/nc/A,0.49
bo/mu/no/no/m/180/nc/U,bo/mu/no/no/d/758/nc/A,1.0
bo/mu/no/no/m/180/nc/U,bw/so/no/yes/d/552/nc/U,0.5
bo/mu/no/no/m/180/nc/U,bo/st/no/no/d/760/nc/A,0.67
bo/mu/no/no/m/180/nc/U,bw/mu/yes/no/m/162/nc/U,0.88
bo/mu/no/no/m/180/nc/U,bo/mu/yes/no/d/734/nc/A,0.92
bo/mu/no/no/m/180/nc/U,bw/mu/yes/no/d/733/nc/A,0.88
bo/mu/no/no/m/180/nc/U,bw/st/yes/yes/m/198/nc/U,0.53
bo/mu/no/no/m/180/nc/U,bw/so/no/no/d/761/nc/A,0.49
bo/mu/no/no/m/180/nc/U,bo/st/no/no/m/766/nc/A,0.67
bo/mu/no/no/m/180/nc/U,bw/st/no/no/d/759/nc/A,0.5
bo/mu/no/no/m/180/nc/U,bo/so/no/yes/d/750/nc/A,0.36
bo/mu/no/no/m/180/nc/U,bw/mu/no/no/d/757/nc/A,0.88
bo/mu/no/no/m/180/nc/U,bo/so/no/no/m/768/nc/A,0.35
bo/mu/no/no/m/180/nc/U,bo/so/yes/yes/m/732/nc/A,0.53
bo/mu/no/no/m/180/nc/U,bw/st/yes/no/d/735/nc/A,0.49
bo/mu/no/no/m/180/nc/U,bw/st/yes/yes/d/486/nc/U,0.53
bo/mu/no/no/m/180/nc/U,bw/mu/no/no/d/444/nc/U,0.88
bo/mu/no/no/m/180/nc/U,bw/so/yes/yes/m/246/nc/U,0.48
bo/mu/no/no/m/180/nc/U,bo/so/yes/yes/m/270/nc/U,0.53
bo/mu/no/no/m/180/nc/U,bo/mu/no/yes/d/480/nc/U,0.94
bo/mu/no/no/m/180/nc/U,bo/mu/yes/no/d/474/nc/U,0.92
bo/mu/no/no/m/180/nc/U,bo/st/yes/yes/m/222/nc/U,0.66
bo/mu/no/no/m/180/nc/U,bo/so/yes/no/m/282/nc/U,0.51
bo/mu/no/no/m/180/nc/U,bo/so/no/no/m/276/nc/U,0.35
bo/mu/no/no/m/180/nc/U,bo/st/no/yes/m/240/nc/U,0.69
bo/mu/no/no/m/180/nc/U,bw/st/no/no/m/204/nc/U,0.5
bo/mu/no/no/m/180/nc/U,bo/mu/yes/yes/d/462/nc/U,0.9
bo/mu/no/no/m/180/nc/U,bo/st/yes/no/m/234/nc/U,0.65
bo/mu/no/no/m/180/nc/U,bw/st/yes/no/d/498/nc/U,0.49
bo/mu/no/no/m/180/nc/U,bw/mu/yes/yes/d/438/nc/U,0.87
bo/mu/no/no/m/180/nc/U,bw/so/yes/no/m/258/nc/U,0.48
bo/mu/no/no/m/180/nc/U,bw/so/no/yes/d/749/nc/A,0.5
bo/mu/no/no/m/180/nc/U,bo/mu/yes/no/m/740/nc/A,0.92
bo/mu/no/no/m/180/nc/U,bw/st/no/yes/d/747/nc/A,0.56
bo/mu/no/no/m/180/nc/U,bo/mu/no/no/m/180/nc/U,1.0
bo/mu/no/no/m/180/nc/U,bo/mu/yes/yes/m/174/nc/U,0.9
bo/mu/no/no/m/180/nc/U,bo/st/yes/yes/d/510/nc/U,0.66
bo/mu/no/no/m/180/nc/U,bo/mu/yes/yes/d/722/nc/A,0.9
bo/mu/no/no/m/180/nc/U,bw/so/yes/yes/d/725/nc/A,0.48
bo/mu/no/no/m/180/nc/U,bo/st/no/yes/d/528/nc/U,0.69
bo/mu/no/no/m/180/nc/U,bo/mu/no/yes/d/746/nc/A,0.94
bo/mu/no/no/m/180/nc/U,bw/st/yes/no/m/741/nc/A,0.49
bo/mu/no/no/m/180/nc/U,bo/st/no/yes/d/748/nc/A,0.69
bo/mu/no/no/m/180/nc/U,bo/mu/yes/no/m/186/nc/U,0.92
bo/mu/no/no/m/180/nc/U,bo/st/no/no/d/516/nc/U,0.67
bo/mu/no/no/m/180/nc/U,bo/st/yes/yes/d/724/nc/A,0.66
bo/mu/no/no/m/180/nc/U,bw/st/yes/yes/d/723/nc/A,0.53
bo/mu/no/no/m/180/nc/U,bo/mu/no/yes/m/192/nc/U,0.94
bo/mu/no/no/m/180/nc/U,bo/st/yes/yes/m/730/nc/A,0.66
bo/mu/no/no/m/180/nc/U,bw/so/yes/no/d/737/nc/A,0.48
bo/mu/no/no/m/180/nc/U,bw/mu/no/yes/m/168/nc/U,0.87
bo/mu/no/no/m/180/nc/U,bw/mu/yes/no/m/739/nc/A,0.88
bo/mu/no/no/m/180/nc/U,bw/mu/yes/yes/m/150/nc/U,0.87
bo/mu/no/no/m/180/nc/U,bw/so/yes/yes/d/534/nc/U,0.48
bo/mu/no/no/m/180/nc/U,bo/mu/no/yes/m/752/nc/A,0.94
bo/mu/no/no/m/180/nc/U,bw/so/no/yes/m/755/nc/A,0.5
bo/mu/no/no/m/180/nc/U,bo/so/yes/yes/d/558/nc/U,0.53
bo/mu/no/no/m/180/nc/U,bw/mu/no/no/m/763/nc/A,0.88
bo/mu/no/no/m/180/nc/U,bo/mu/no/no/m/764/nc/A,1.0
bo/mu/no/no/m/180/nc/U,bo/so/yes/no/d/738/nc/A,0.51
bo/mu/no/no/m/180/nc/U,bw/mu/no/no/m/156/nc/U,0.88
bo/mu/no/no/m/180/nc/U,bo/st/yes/no/d/736/nc/A,0.65
bo/mu/no/no/m/180/nc/U,bw/st/no/yes/d/504/nc/U,0.56
bo/mu/no/no/m/180/nc/U,bw/so/yes/yes/m/731/nc/A,0.48
bo/mu/no/no/m/180/nc/U,bw/st/no/no/m/765/nc/A,0.5
bo/mu/no/no/m/180/nc/U,bo/so/no/no/d/762/nc/A,0.35
bo/mu/no/no/m/180/nc/U,bo/st/no/yes/m/754/nc/A,0.69
bo/mu/no/no/m/180/nc/U,bw/st/no/yes/m/753/nc/A,0.56
bo/mu/no/no/m/180/nc/U,bw/st/no/yes/m/216/nc/U,0.56
bo/mu/no/no/m/180/nc/U,bo/so/no/yes/m/288/nc/U,0.36
bo/mu/no/no/m/180/nc/U,bw/st/yes/no/m/210/nc/U,0.49
bo/mu/no/no/m/180/nc/U,bo/st/no/no/m/228/nc/U,0.67
bo/mu/yes/yes/m/174/nc/U,bw/mu/no/yes/d/456/nc/U,0.91
bo/mu/yes/yes/m/174/nc/U,bw/so/no/no/m/252/nc/U,0.49
bo/mu/yes/yes/m/174/nc/U,bw/so/no/yes/m/264/nc/U,0.5
bo/mu/yes/yes/m/174/nc/U,bw/st/no/no/d/492/nc/U,0.51
bo/mu/yes/yes/m/174/nc/U,bw/mu/yes/no/d/450/nc/U,0.9
bo/mu/yes/yes/m/174/nc/U,bo/mu/no/no/d/468/nc/U,0.9
bo/mu/yes/yes/m/174/nc/U,bo/mu/yes/yes/m/728/nc/A,1.0
bo/mu/yes/yes/m/174/nc/U,bo/st/yes/no/d/522/nc/U,0.66
bo/mu/yes/yes/m/174/nc/U,bo/so/yes/yes/d/726/nc/A,0.54
bo/mu/yes/yes/m/174/nc/U,bw/mu/yes/yes/d/721/nc/A,0.92
bo/mu/yes/yes/m/174/nc/U,bw/so/no/no/d/540/nc/U,0.49
bo/mu/yes/yes/m/174/nc/U,bo/so/yes/no/m/744/nc/A,0.52
bo/mu/yes/yes/m/174/nc/U,bo/so/no/yes/d/576/nc/U,0.36
bo/mu/yes/yes/m/174/nc/U,bw/so/yes/no/m/743/nc/A,0.48
bo/mu/yes/yes/m/174/nc/U,bw/mu/yes/yes/m/727/nc/A,0.92
bo/mu/yes/yes/m/174/nc/U,bw/st/yes/yes/m/729/nc/A,0.54
bo/mu/yes/yes/m/174/nc/U,bo/st/yes/no/m/742/nc/A,0.66
bo/mu/yes/yes/m/174/nc/U,bo/so/yes/no/d/570/nc/U,0.52
bo/mu/yes/yes/m/174/nc/U,bw/mu/no/yes/d/745/nc/A,0.91
bo/mu/yes/yes/m/174/nc/U,bw/so/yes/no/d/546/nc/U,0.48
bo/mu/yes/yes/m/174/nc/U,bo/so/no/no/d/564/nc/U,0.35
bo/mu/yes/yes/m/174/nc/U,bo/so/no/yes/m/756/nc/A,0.36
bo/mu/yes/yes/m/174/nc/U,bw/mu/no/yes/m/751/nc/A,0.91
bo/mu/yes/yes/m/174/nc/U,bw/so/no/no/m/767/nc/A,0.49
bo/mu/yes/yes/m/174/nc/U,bo/mu/no/no/d/758/nc/A,0.9
bo/mu/yes/yes/m/174/nc/U,bw/so/no/yes/d/552/nc/U,0.5
bo/mu/yes/yes/m/174/nc/U,bo/st/no/no/d/760/nc/A,0.67
bo/mu/yes/yes/m/174/nc/U,bw/mu/yes/no/m/162/nc/U,0.9
bo/mu/yes/yes/m/174/nc/U,bo/mu/yes/no/d/734/nc/A,0.97
bo/mu/yes/yes/m/174/nc/U,bw/mu/yes/no/d/733/nc/A,0.9
bo/mu/yes/yes/m/174/nc/U,bw/st/yes/yes/m/198/nc/U,0.54
bo/mu/yes/yes/m/174/nc/U,bw/so/no/no/d/761/nc/A,0.49
bo/mu/yes/yes/m/174/nc/U,bo/st/no/no/m/766/nc/A,0.67
bo/mu/yes/yes/m/174/nc/U,bw/st/no/no/d/759/nc/A,0.51
bo/mu/yes/yes/m/174/nc/U,bo/so/no/yes/d/750/nc/A,0.36
bo/mu/yes/yes/m/174/nc/U,bw/mu/no/no/d/757/nc/A,0.89
bo/mu/yes/yes/m/174/nc/U,bo/so/no/no/m/768/nc/A,0.35
bo/mu/yes/yes/m/174/nc/U,bo/so/yes/yes/m/732/nc/A,0.54
bo/mu/yes/yes/m/174/nc/U,bw/st/yes/no/d/735/nc/A,0.49
bo/mu/yes/yes/m/174/nc/U,bw/st/yes/yes/d/486/nc/U,0.54
bo/mu/yes/yes/m/174/nc/U,bw/mu/no/no/d/444/nc/U,0.89
bo/mu/yes/yes/m/174/nc/U,bw/so/yes/yes/m/246/nc/U,0.49
bo/mu/yes/yes/m/174/nc/U,bo/so/yes/yes/m/270/nc/U,0.54
bo/mu/yes/yes/m/174/nc/U,bo/mu/no/yes/d/480/nc/U,0.91
bo/mu/yes/yes/m/174/nc/U,bo/mu/yes/no/d/474/nc/U,0.97
bo/mu/yes/yes/m/174/nc/U,bo/st/yes/yes/m/222/nc/U,0.67
bo/mu/yes/yes/m/174/nc/U,bo/so/yes/no/m/282/nc/U,0.52
bo/mu/yes/yes/m/174/nc/U,bo/so/no/no/m/276/nc/U,0.35
bo/mu/yes/yes/m/174/nc/U,bo/st/no/yes/m/240/nc/U,0.7
bo/mu/yes/yes/m/174/nc/U,bw/st/no/no/m/204/nc/U,0.51
bo/mu/yes/yes/m/174/nc/U,bo/mu/yes/yes/d/462/nc/U,1.0
bo/mu/yes/yes/m/174/nc/U,bo/st/yes/no/m/234/nc/U,0.66
bo/mu/yes/yes/m/174/nc/U,bw/st/yes/no/d/498/nc/U,0.49
bo/mu/yes/yes/m/174/nc/U,bw/mu/yes/yes/d/438/nc/U,0.92
bo/mu/yes/yes/m/174/nc/U,bw/so/yes/no/m/258/nc/U,0.48
bo/mu/yes/yes/m/174/nc/U,bw/so/no/yes/d/749/nc/A,0.5
bo/mu/yes/yes/m/174/nc/U,bo/mu/yes/no/m/740/nc/A,0.97
bo/mu/yes/yes/m/174/nc/U,bw/st/no/yes/d/747/nc/A,0.57
bo/mu/yes/yes/m/174/nc/U,bo/mu/no/no/m/180/nc/U,0.9
bo/mu/yes/yes/m/174/nc/U,bo/mu/yes/yes/m/174/nc/U,1.0
bo/mu/yes/yes/m/174/nc/U,bo/st/yes/yes/d/510/nc/U,0.67
bo/mu/yes/yes/m/174/nc/U,bo/mu/yes/yes/d/722/nc/A,1.0
bo/mu/yes/yes/m/174/nc/U,bw/so/yes/yes/d/725/nc/A,0.49
bo/mu/yes/yes/m/174/nc/U,bo/st/no/yes/d/528/nc/U,0.7
bo/mu/yes/yes/m/174/nc/U,bo/mu/no/yes/d/746/nc/A,0.91
bo/mu/yes/yes/m/174/nc/U,bw/st/yes/no/m/741/nc/A,0.49
bo/mu/yes/yes/m/174/nc/U,bo/st/no/yes/d/748/nc/A,0.7
bo/mu/yes/yes/m/174/nc/U,bo/mu/yes/no/m/186/nc/U,0.97
bo/mu/yes/yes/m/174/nc/U,bo/st/no/no/d/516/nc/U,0.67
bo/mu/yes/yes/m/174/nc/U,bo/st/yes/yes/d/724/nc/A,0.67
bo/mu/yes/yes/m/174/nc/U,bw/st/yes/yes/d/723/nc/A,0.54
bo/mu/yes/yes/m/174/nc/U,bo/mu/no/yes/m/192/nc/U,0.91
bo/mu/yes/yes/m/174/nc/U,bo/st/yes/yes/m/730/nc/A,0.67
bo/mu/yes/yes/m/174/nc/U,bw/so/yes/no/d/737/nc/A,0.48
bo/mu/yes/yes/m/174/nc/U,bw/mu/no/yes/m/168/nc/U,0.91
bo/mu/yes/yes/m/174/nc/U,bw/mu/yes/no/m/739/nc/A,0.9
bo/mu/yes/yes/m/174/nc/U,bw/mu/yes/yes/m/150/nc/U,0.92
bo/mu/yes/yes/m/174/nc/U,bw/so/yes/yes/d/534/nc/U,0.49
bo/mu/yes/yes/m/174/nc/U,bo/mu/no/yes/m/752/nc/A,0.91
bo/mu/yes/yes/m/174/nc/U,bw/so/no/yes/m/755/nc/A,0.5
bo/mu/yes/yes/m/174/nc/U,bo/so/yes/yes/d/558/nc/U,0.54
bo/mu/yes/yes/m/174/nc/U,bw/mu/no/no/m/763/nc/A,0.89
bo/mu/yes/yes/m/174/nc/U,bo/mu/no/no/m/764/nc/A,0.9
bo/mu/yes/yes/m/174/nc/U,bo/so/yes/no/d/738/nc/A,0.52
bo/mu/yes/yes/m/174/nc/U,bw/mu/no/no/m/156/nc/U,0.89
bo/mu/yes/yes/m/174/nc/U,bo/st/yes/no/d/736/nc/A,0.66
bo/mu/yes/yes/m/174/nc/U,bw/st/no/yes/d/504/nc/U,0.57
bo/mu/yes/yes/m/174/nc/U,bw/so/yes/yes/m/731/nc/A,0.49
bo/mu/yes/yes/m/174/nc/U,bw/st/no/no/m/765/nc/A,0.51
bo/mu/yes/yes/m/174/nc/U,bo/so/no/no/d/762/nc/A,0.35
bo/mu/yes/yes/m/174/nc/U,bo/st/no/yes/m/754/nc/A,0.7
bo/mu/yes/yes/m/174/nc/U,bw/st/no/yes/m/753/nc/A,0.57
bo/mu/yes/yes/m/174/nc/U,bw/st/no/yes/m/216/nc/U,0.57
bo/mu/yes/yes/m/174/nc/U,bo/so/no/yes/m/288/nc/U,0.36
bo/mu/yes/yes/m/174/nc/U,bw/st/yes/no/m/210/nc/U,0.49
bo/mu/yes/yes/m/174/nc/U,bo/st/no/no/m/228/nc/U,0.67
bo/st/yes/yes/d/510/nc/U,bw/mu/no/yes/d/456/nc/U,0.66
bo/st/yes/yes/d/510/nc/U,bw/so/no/no/m/252/nc/U,0.55
bo/st/yes/yes/d/510/nc/U,bw/so/no/yes/m/264/nc/U,0.56
bo/st/yes/yes/d/510/nc/U,bw/st/no/no/d/492/nc/U,0.51
bo/st/yes/yes/d/510/nc/U,bw/mu/yes/no/d/450/nc/U,0.66
bo/st/yes/yes/d/510/nc/U,bo/mu/no/no/d/468/nc/U,0.66
bo/st/yes/yes/d/510/nc/U,bo/mu/yes/yes/m/728/nc/A,0.67
bo/st/yes/yes/d/510/nc/U,bo/st/yes/no/d/522/nc/U,0.97
bo/st/yes/yes/d/510/nc/U,bo/so/yes/yes/d/726/nc/A,0.63
bo/st/yes/yes/d/510/nc/U,bw/mu/yes/yes/d/721/nc/A,0.66
bo/st/yes/yes/d/510/nc/U,bw/so/no/no/d/540/nc/U,0.55
bo/st/yes/yes/d/510/nc/U,bo/so/yes/no/m/744/nc/A,0.6
bo/st/yes/yes/d/510/nc/U,bo/so/no/yes/d/576/nc/U,0.38
bo/st/yes/yes/d/510/nc/U,bw/so/yes/no/m/743/nc/A,0.55
bo/st/yes/yes/d/510/nc/U,bw/mu/yes/yes/m/727/nc/A,0.66
bo/st/yes/yes/d/510/nc/U,bw/st/yes/yes/m/729/nc/A,0.56
bo/st/yes/yes/d/510/nc/U,bo/st/yes/no/m/742/nc/A,0.97
bo/st/yes/yes/d/510/nc/U,bo/so/yes/no/d/570/nc/U,0.6
bo/st/yes/yes/d/510/nc/U,bw/mu/no/yes/d/745/nc/A,0.66
bo/st/yes/yes/d/510/nc/U,bw/so/yes/no/d/546/nc/U,0.55
bo/st/yes/yes/d/510/nc/U,bo/so/no/no/d/564/nc/U,0.38
bo/st/yes/yes/d/510/nc/U,bo/so/no/yes/m/756/nc/A,0.38
bo/st/yes/yes/d/510/nc/U,bw/mu/no/yes/m/751/nc/A,0.66
bo/st/yes/yes/d/510/nc/U,bw/so/no/no/m/767/nc/A,0.55
bo/st/yes/yes/d/510/nc/U,bo/mu/no/no/d/758/nc/A,0.66
bo/st/yes/yes/d/510/nc/U,bw/so/no/yes/d/552/nc/U,0.56
bo/st/yes/yes/d/510/nc/U,bo/st/no/no/d/760/nc/A,0.87
bo/st/yes/yes/d/510/nc/U,bw/mu/yes/no/m/162/nc/U,0.66
bo/st/yes/yes/d/510/nc/U,bo/mu/yes/no/d/734/nc/A,0.67
bo/st/yes/yes/d/510/nc/U,bw/mu/yes/no/d/733/nc/A,0.66
bo/st/yes/yes/d/510/nc/U,bw/st/yes/yes/m/198/nc/U,0.56
bo/st/yes/yes/d/510/nc/U,bw/so/no/no/d/761/nc/A,0.55
bo/st/yes/yes/d/510/nc/U,bo/st/no/no/m/766/nc/A,0.87
bo/st/yes/yes/d/510/nc/U,bw/st/no/no/d/759/nc/A,0.51
bo/st/yes/yes/d/510/nc/U,bo/so/no/yes/d/750/nc/A,0.38
bo/st/yes/yes/d/510/nc/U,bw/mu/no/no/d/757/nc/A,0.66
bo/st/yes/yes/d/510/nc/U,bo/so/no/no/m/768/nc/A,0.38
bo/st/yes/yes/d/510/nc/U,bo/so/yes/yes/m/732/nc/A,0.63
bo/st/yes/yes/d/510/nc/U,bw/st/yes/no/d/735/nc/A,0.51
bo/st/yes/yes/d/510/nc/U,bw/st/yes/yes/d/486/nc/U,0.56
bo/st/yes/yes/d/510/nc/U,bw/mu/no/no/d/444/nc/U,0.66
bo/st/yes/yes/d/510/nc/U,bw/so/yes/yes/m/246/nc/U,0.56
bo/st/yes/yes/d/510/nc/U,bo/so/yes/yes/m/270/nc/U,0.63
bo/st/yes/yes/d/510/nc/U,bo/mu/no/yes/d/480/nc/U,0.66
bo/st/yes/yes/d/510/nc/U,bo/mu/yes/no/d/474/nc/U,0.67
bo/st/yes/yes/d/510/nc/U,bo/st/yes/yes/m/222/nc/U,1.0
bo/st/yes/yes/d/510/nc/U,bo/so/yes/no/m/282/nc/U,0.6
bo/st/yes/yes/d/510/nc/U,bo/so/no/no/m/276/nc/U,0.38
bo/st/yes/yes/d/510/nc/U,bo/st/no/yes/m/240/nc/U,0.86
bo/st/yes/yes/d/510/nc/U,bw/st/no/no/m/204/nc/U,0.51
bo/st/yes/yes/d/510/nc/U,bo/mu/yes/yes/d/462/nc/U,0.67
bo/st/yes/yes/d/510/nc/U,bo/st/yes/no/m/234/nc/U,0.97
bo/st/yes/yes/d/510/nc/U,bw/st/yes/no/d/498/nc/U,0.51
bo/st/yes/yes/d/510/nc/U,bw/mu/yes/yes/d/438/nc/U,0.66
bo/st/yes/yes/d/510/nc/U,bw/so/yes/no/m/258/nc/U,0.55
bo/st/yes/yes/d/510/nc/U,bw/so/no/yes/d/749/nc/A,0.56
bo/st/yes/yes/d/510/nc/U,bo/mu/yes/no/m/740/nc/A,0.67
bo/st/yes/yes/d/510/nc/U,bw/st/no/yes/d/747/nc/A,0.57
bo/st/yes/yes/d/510/nc/U,bo/mu/no/no/m/180/nc/U,0.66
bo/st/yes/yes/d/510/nc/U,bo/mu/yes/yes/m/174/nc/U,0.67
bo/st/yes/yes/d/510/nc/U,bo/st/yes/yes/d/510/nc/U,1.0
bo/st/yes/yes/d/510/nc/U,bo/mu/yes/yes/d/722/nc/A,0.67
bo/st/yes/yes/d/510/nc/U,bw/so/yes/yes/d/725/nc/A,0.56
bo/st/yes/yes/d/510/nc/U,bo/st/no/yes/d/528/nc/U,0.86
bo/st/yes/yes/d/510/nc/U,bo/mu/no/yes/d/746/nc/A,0.66
bo/st/yes/yes/d/510/nc/U,bw/st/yes/no/m/741/nc/A,0.51
bo/st/yes/yes/d/510/nc/U,bo/st/no/yes/d/748/nc/A,0.86
bo/st/yes/yes/d/510/nc/U,bo/mu/yes/no/m/186/nc/U,0.67
bo/st/yes/yes/d/510/nc/U,bo/st/no/no/d/516/nc/U,0.87
bo/st/yes/yes/d/510/nc/U,bo/st/yes/yes/d/724/nc/A,1.0
bo/st/yes/yes/d/510/nc/U,bw/st/yes/yes/d/723/nc/A,0.56
bo/st/yes/yes/d/510/nc/U,bo/mu/no/yes/m/192/nc/U,0.66
bo/st/yes/yes/d/510/nc/U,bo/st/yes/yes/m/730/nc/A,1.0
bo/st/yes/yes/d/510/nc/U,bw/so/yes/no/d/737/nc/A,0.55
bo/st/yes/yes/d/510/nc/U,bw/mu/no/yes/m/168/nc/U,0.66
bo/st/yes/yes/d/510/nc/U,bw/mu/yes/no/m/739/nc/A,0.66
bo/st/yes/yes/d/510/nc/U,bw/mu/yes/yes/m/150/nc/U,0.66
bo/st/yes/yes/d/510/nc/U,bw/so/yes/yes/d/534/nc/U,0.56
bo/st/yes/yes/d/510/nc/U,bo/mu/no/yes/m/752/nc/A,0.66
bo/st/yes/yes/d/510/nc/U,bw/so/no/yes/m/755/nc/A,0.56
bo/st/yes/yes/d/510/nc/U,bo/so/yes/yes/d/558/nc/U,0.63
bo/st/yes/yes/d/510/nc/U,bw/mu/no/no/m/763/nc/A,0.66
bo/st/yes/yes/d/510/nc/U,bo/mu/no/no/m/764/nc/A,0.66
bo/st/yes/yes/d/510/nc/U,bo/so/yes/no/d/738/nc/A,0.6
bo/st/yes/yes/d/510/nc/U,bw/mu/no/no/m/156/nc/U,0.66
bo/st/yes/yes/d/510/nc/U,bo/st/yes/no/d/736/nc/A,0.97
bo/st/yes/yes/d/510/nc/U,bw/st/no/yes/d/504/nc/U,0.57
bo/st/yes/yes/d/510/nc/U,bw/so/yes/yes/m/731/nc/A,0.56
bo/st/yes/yes/d/510/nc/U,bw/st/no/no/m/765/nc/A,0.51
bo/st/yes/yes/d/510/nc/U,bo/so/no/no/d/762/nc/A,0.38
bo/st/yes/yes/d/510/nc/U,bo/st/no/yes/m/754/nc/A,0.86
bo/st/yes/yes/d/510/nc/U,bw/st/no/yes/m/753/nc/A,0.57
bo/st/yes/yes/d/510/nc/U,bw/st/no/yes/m/216/nc/U,0.57
bo/st/yes/yes/d/510/nc/U,bo/so/no/yes/m/288/nc/U,0.38
bo/st/yes/yes/d/510/nc/U,bw/st/yes/no/m/210/nc/U,0.51
bo/st/yes/yes/d/510/nc/U,bo/st/no/no/m/228/nc/U,0.87
bo/mu/yes/yes/d/722/nc/A,bw/mu/no/yes/d/456/nc/U,0.91
bo/mu/yes/yes/d/722/nc/A,bw/so/no/no/m/252/nc/U,0.49
bo/mu/yes/yes/d/722/nc/A,bw/so/no/yes/m/264/nc/U,0.5
bo/mu/yes/yes/d/722/nc/A,bw/st/no/no/d/492/nc/U,0.51
bo/mu/yes/yes/d/722/nc/A,bw/mu/yes/no/d/450/nc/U,0.9
bo/mu/yes/yes/d/722/nc/A,bo/mu/no/no/d/468/nc/U,0.9
bo/mu/yes/yes/d/722/nc/A,bo/mu/yes/yes/m/728/nc/A,1.0
bo/mu/yes/yes/d/722/nc/A,bo/st/yes/no/d/522/nc/U,0.66
bo/mu/yes/yes/d/722/nc/A,bo/so/yes/yes/d/726/nc/A,0.54
bo/mu/yes/yes/d/722/nc/A,bw/mu/yes/yes/d/721/nc/A,0.92
bo/mu/yes/yes/d/722/nc/A,bw/so/no/no/d/540/nc/U,0.49
bo/mu/yes/yes/d/722/nc/A,bo/so/yes/no/m/744/nc/A,0.52
bo/mu/yes/yes/d/722/nc/A,bo/so/no/yes/d/576/nc/U,0.36
bo/mu/yes/yes/d/722/nc/A,bw/so/yes/no/m/743/nc/A,0.48
bo/mu/yes/yes/d/722/nc/A,bw/mu/yes/yes/m/727/nc/A,0.92
bo/mu/yes/yes/d/722/nc/A,bw/st/yes/yes/m/729/nc/A,0.54
bo/mu/yes/yes/d/722/nc/A,bo/st/yes/no/m/742/nc/A,0.66
bo/mu/yes/yes/d/722/nc/A,bo/so/yes/no/d/570/nc/U,0.52
bo/mu/yes/yes/d/722/nc/A,bw/mu/no/yes/d/745/nc/A,0.91
bo/mu/yes/yes/d/722/nc/A,bw/so/yes/no/d/546/nc/U,0.48
bo/mu/yes/yes/d/722/nc/A,bo/so/no/no/d/564/nc/U,0.35
bo/mu/yes/yes/d/722/nc/A,bo/so/no/yes/m/756/nc/A,0.36
bo/mu/yes/yes/d/722/nc/A,bw/mu/no/yes/m/751/nc/A,0.91
bo/mu/yes/yes/d/722/nc/A,bw/so/no/no/m/767/nc/A,0.49
bo/mu/yes/yes/d/722/nc/A,bo/mu/no/no/d/758/nc/A,0.9
bo/mu/yes/yes/d/722/nc/A,bw/so/no/yes/d/552/nc/U,0.5
bo/mu/yes/yes/d/722/nc/A,bo/st/no/no/d/760/nc/A,0.67
bo/mu/yes/yes/d/722/nc/A,bw/mu/yes/no/m/162/nc/U,0.9
bo/mu/yes/yes/d/722/nc/A,bo/mu/yes/no/d/734/nc/A,0.97
bo/mu/yes/yes/d/722/nc/A,bw/mu/yes/no/d/733/nc/A,0.9
bo/mu/yes/yes/d/722/nc/A,bw/st/yes/yes/m/198/nc/U,0.54
bo/mu/yes/yes/d/722/nc/A,bw/so/no/no/d/761/nc/A,0.49
bo/mu/yes/yes/d/722/nc/A,bo/st/no/no/m/766/nc/A,0.67
bo/mu/yes/yes/d/722/nc/A,bw/st/no/no/d/759/nc/A,0.51
bo/mu/yes/yes/d/722/nc/A,bo/so/no/yes/d/750/nc/A,0.36
bo/mu/yes/yes/d/722/nc/A,bw/mu/no/no/d/757/nc/A,0.89
bo/mu/yes/yes/d/722/nc/A,bo/so/no/no/m/768/nc/A,0.35
bo/mu/yes/yes/d/722/nc/A,bo/so/yes/yes/m/732/nc/A,0.54
bo/mu/yes/yes/d/722/nc/A,bw/st/yes/no/d/735/nc/A,0.49
bo/mu/yes/yes/d/722/nc/A,bw/st/yes/yes/d/486/nc/U,0.54
bo/mu/yes/yes/d/722/nc/A,bw/mu/no/no/d/444/nc/U,0.89
bo/mu/yes/yes/d/722/nc/A,bw/so/yes/yes/m/246/nc/U,0.49
bo/mu/yes/yes/d/722/nc/A,bo/so/yes/yes/m/270/nc/U,0.54
bo/mu/yes/yes/d/722/nc/A,bo/mu/no/yes/d/480/nc/U,0.91
bo/mu/yes/yes/d/722/nc/A,bo/mu/yes/no/d/474/nc/U,0.97
bo/mu/yes/yes/d/722/nc/A,bo/st/yes/yes/m/222/nc/U,0.67
bo/mu/yes/yes/d/722/nc/A,bo/so/yes/no/m/282/nc/U,0.52
bo/mu/yes/yes/d/722/nc/A,bo/so/no/no/m/276/nc/U,0.35
bo/mu/yes/yes/d/722/nc/A,bo/st/no/yes/m/240/nc/U,0.7
bo/mu/yes/yes/d/722/nc/A,bw/st/no/no/m/204/nc/U,0.51
bo/mu/yes/yes/d/722/nc/A,bo/mu/yes/yes/d/462/nc/U,1.0
bo/mu/yes/yes/d/722/nc/A,bo/st/yes/no/m/234/nc/U,0.66
bo/mu/yes/yes/d/722/nc/A,bw/st/yes/no/d/498/nc/U,0.49
bo/mu/yes/yes/d/722/nc/A,bw/mu/yes/yes/d/438/nc/U,0.92
bo/mu/yes/yes/d/722/nc/A,bw/so/yes/no/m/258/nc/U,0.48
bo/mu/yes/yes/d/722/nc/A,bw/so/no/yes/d/749/nc/A,0.5
bo/mu/yes/yes/d/722/nc/A,bo/mu/yes/no/m/740/nc/A,0.97
bo/mu/yes/yes/d/722/nc/A,bw/st/no/yes/d/747/nc/A,0.57
bo/mu/yes/yes/d/722/nc/A,bo/mu/no/no/m/180/nc/U,0.9
bo/mu/yes/yes/d/722/nc/A,bo/mu/yes/yes/m/174/nc/U,1.0
bo/mu/yes/yes/d/722/nc/A,bo/st/yes/yes/d/510/nc/U,0.67
bo/mu/yes/yes/d/722/nc/A,bo/mu/yes/yes/d/722/nc/A,1.0
bo/mu/yes/yes/d/722/nc/A,bw/so/yes/yes/d/725/nc/A,0.49
bo/mu/yes/yes/d/722/nc/A,bo/st/no/yes/d/528/nc/U,0.7
bo/mu/yes/yes/d/722/nc/A,bo/mu/no/yes/d/746/nc/A,0.91
bo/mu/yes/yes/d/722/nc/A,bw/st/yes/no/m/741/nc/A,0.49
bo/mu/yes/yes/d/722/nc/A,bo/st/no/yes/d/748/nc/A,0.7
bo/mu/yes/yes/d/722/nc/A,bo/mu/yes/no/m/186/nc/U,0.97
bo/mu/yes/yes/d/722/nc/A,bo/st/no/no/d/516/nc/U,0.67
bo/mu/yes/yes/d/722/nc/A,bo/st/yes/yes/d/724/nc/A,0.67
bo/mu/yes/yes/d/722/nc/A,bw/st/yes/yes/d/723/nc/A,0.54
bo/mu/yes/yes/d/722/nc/A,bo/mu/no/yes/m/192/nc/U,0.91
bo/mu/yes/yes/d/722/nc/A,bo/st/yes/yes/m/730/nc/A,0.67
bo/mu/yes/yes/d/722/nc/A,bw/so/yes/no/d/737/nc/A,0.48
bo/mu/yes/yes/d/722/nc/A,bw/mu/no/yes/m/168/nc/U,0.91
bo/mu/yes/yes/d/722/nc/A,bw/mu/yes/no/m/739/nc/A,0.9
bo/mu/yes/yes/d/722/nc/A,bw/mu/yes/yes/m/150/nc/U,0.92
bo/mu/yes/yes/d/722/nc/A,bw/so/yes/yes/d/534/nc/U,0.49
bo/mu/yes/yes/d/722/nc/A,bo/mu/no/yes/m/752/nc/A,0.91
bo/mu/yes/yes/d/722/nc/A,bw/so/no/yes/m/755/nc/A,0.5
bo/mu/yes/yes/d/722/nc/A,bo/so/yes/yes/d/558/nc/U,0.54
bo/mu/yes/yes/d/722/nc/A,bw/mu/no/no/m/763/nc/A,0.89
bo/mu/yes/yes/d/722/nc/A,bo/mu/no/no/m/764/nc/A,0.9
bo/mu/yes/yes/d/722/nc/A,bo/so/yes/no/d/738/nc/A,0.52
bo/mu/yes/yes/d/722/nc/A,bw/mu/no/no/m/156/nc/U,0.89
bo/mu/yes/yes/d/722/nc/A,bo/st/yes/no/d/736/nc/A,0.66
bo/mu/yes/yes/d/722/nc/A,bw/st/no/yes/d/504/nc/U,0.57
bo/mu/yes/yes/d/722/nc/A,bw/so/yes/yes/m/731/nc/A,0.49
bo/mu/yes/yes/d/722/nc/A,bw/st/no/no/m/765/nc/A,0.51
bo/mu/yes/yes/d/722/nc/A,bo/so/no/no/d/762/nc/A,0.35
bo/mu/yes/yes/d/722/nc/A,bo/st/no/yes/m/754/nc/A,0.7
bo/mu/yes/yes/d/722/nc/A,bw/st/no/yes/m/753/nc/A,0.57
bo/mu/yes/yes/d/722/nc/A,bw/st/no/yes/m/216/nc/U,0.57
bo/mu/yes/yes/d/722/nc/A,bo/so/no/yes/m/288/nc/U,0.36
bo/mu/yes/yes/d/722/nc/A,bw/st/yes/no/m/210/nc/U,0.49
bo/mu/yes/yes/d/722/nc/A,bo/st/no/no/m/228/nc/U,0.67
bw/so/yes/yes/d/725/nc/A,bw/mu/no/yes/d/456/nc/U,0.49
bw/so/yes/yes/d/725/nc/A,bw/so/no/no/m/252/nc/U,0.8
bw/so/yes/yes/d/725/nc/A,bw/so/no/yes/m/264/nc/U,0.86
bw/so/yes/yes/d/725/nc/A,bw/st/no/no/d/492/nc/U,0.43
bw/so/yes/yes/d/725/nc/A,bw/mu/yes/no/d/450/nc/U,0.48
bw/so/yes/yes/d/725/nc/A,bo/mu/no/no/d/468/nc/U,0.48
bw/so/yes/yes/d/725/nc/A,bo/mu/yes/yes/m/728/nc/A,0.49
bw/so/yes/yes/d/725/nc/A,bo/st/yes/no/d/522/nc/U,0.56
bw/so/yes/yes/d/725/nc/A,bo/so/yes/yes/d/726/nc/A,0.66
bw/so/yes/yes/d/725/nc/A,bw/mu/yes/yes/d/721/nc/A,0.49
bw/so/yes/yes/d/725/nc/A,bw/so/no/no/d/540/nc/U,0.8
bw/so/yes/yes/d/725/nc/A,bo/so/yes/no/m/744/nc/A,0.63
bw/so/yes/yes/d/725/nc/A,bo/so/no/yes/d/576/nc/U,0.38
bw/so/yes/yes/d/725/nc/A,bw/so/yes/no/m/743/nc/A,0.88
bw/so/yes/yes/d/725/nc/A,bw/mu/yes/yes/m/727/nc/A,0.49
bw/so/yes/yes/d/725/nc/A,bw/st/yes/yes/m/729/nc/A,0.47
bw/so/yes/yes/d/725/nc/A,bo/st/yes/no/m/742/nc/A,0.56
bw/so/yes/yes/d/725/nc/A,bo/so/yes/no/d/570/nc/U,0.63
bw/so/yes/yes/d/725/nc/A,bw/mu/no/yes/d/745/nc/A,0.49
bw/so/yes/yes/d/725/nc/A,bw/so/yes/no/d/546/nc/U,0.88
bw/so/yes/yes/d/725/nc/A,bo/so/no/no/d/564/nc/U,0.38
bw/so/yes/yes/d/725/nc/A,bo/so/no/yes/m/756/nc/A,0.38
bw/so/yes/yes/d/725/nc/A,bw/mu/no/yes/m/751/nc/A,0.49
bw/so/yes/yes/d/725/nc/A,bw/so/no/no/m/767/nc/A,0.8
bw/so/yes/yes/d/725/nc/A,bo/mu/no/no/d/758/nc/A,0.48
bw/so/yes/yes/d/725/nc/A,bw/so/no/yes/d/552/nc/U,0.86
bw/so/yes/yes/d/725/nc/A,bo/st/no/no/d/760/nc/A,0.55
bw/so/yes/yes/d/725/nc/A,bw/mu/yes/no/m/162/nc/U,0.48
bw/so/yes/yes/d/725/nc/A,bo/mu/yes/no/d/734/nc/A,0.48
bw/so/yes/yes/d/725/nc/A,bw/mu/yes/no/d/733/nc/A,0.48
bw/so/yes/yes/d/725/nc/A,bw/st/yes/yes/m/198/nc/U,0.47
bw/so/yes/yes/d/725/nc/A,bw/so/no/no/d/761/nc/A,0.8
bw/so/yes/yes/d/725/nc/A,bo/st/no/no/m/766/nc/A,0.55
bw/so/yes/yes/d/725/nc/A,bw/st/no/no/d/759/nc/A,0.43
bw/so/yes/yes/d/725/nc/A,bo/so/no/yes/d/750/nc/A,0.38
bw/so/yes/yes/d/725/nc/A,bw/mu/no/no/d/757/nc/A,0.48
bw/so/yes/yes/d/725/nc/A,bo/so/no/no/m/768/nc/A,0.38
bw/so/yes/yes/d/725/nc/A,bo/so/yes/yes/m/732/nc/A,0.66
bw/so/yes/yes/d/725/nc/A,bw/st/yes/no/d/735/nc/A,0.43
bw/so/yes/yes/d/725/nc/A,bw/st/yes/yes/d/486/nc/U,0.47
bw/so/yes/yes/d/725/nc/A,bw/mu/no/no/d/444/nc/U,0.48
bw/so/yes/yes/d/725/nc/A,bw/so/yes/yes/m/246/nc/U,1.0
bw/so/yes/yes/d/725/nc/A,bo/so/yes/yes/m/270/nc/U,0.66
bw/so/yes/yes/d/725/nc/A,bo/mu/no/yes/d/480/nc/U,0.48
bw/so/yes/yes/d/725/nc/A,bo/mu/yes/no/d/474/nc/U,0.48
bw/so/yes/yes/d/725/nc/A,bo/st/yes/yes/m/222/nc/U,0.56
bw/so/yes/yes/d/725/nc/A,bo/so/yes/no/m/282/nc/U,0.63
bw/so/yes/yes/d/725/nc/A,bo/so/no/no/m/276/nc/U,0.38
bw/so/yes/yes/d/725/nc/A,bo/st/no/yes/m/240/nc/U,0.55
bw/so/yes/yes/d/725/nc/A,bw/st/no/no/m/204/nc/U,0.43
bw/so/yes/yes/d/725/nc/A,bo/mu/yes/yes/d/462/nc/U,0.49
bw/so/yes/yes/d/725/nc/A,bo/st/yes/no/m/234/nc/U,0.56
bw/so/yes/yes/d/725/nc/A,bw/st/yes/no/d/498/nc/U,0.43
bw/so/yes/yes/d/725/nc/A,bw/mu/yes/yes/d/438/nc/U,0.49
bw/so/yes/yes/d/725/nc/A,bw/so/yes/no/m/258/nc/U,0.88
bw/so/yes/yes/d/725/nc/A,bw/so/no/yes/d/749/nc/A,0.86
bw/so/yes/yes/d/725/nc/A,bo/mu/yes/no/m/740/nc/A,0.48
bw/so/yes/yes/d/725/nc/A,bw/st/no/yes/d/747/nc/A,0.47
bw/so/yes/yes/d/725/nc/A,bo/mu/no/no/m/180/nc/U,0.48
bw/so/yes/yes/d/725/nc/A,bo/mu/yes/yes/m/174/nc/U,0.49
bw/so/yes/yes/d/725/nc/A,bo/st/yes/yes/d/510/nc/U,0.56
bw/so/yes/yes/d/725/nc/A,bo/mu/yes/yes/d/722/nc/A,0.49
bw/so/yes/yes/d/725/nc/A,bw/so/yes/yes/d/725/nc/A,1.0
bw/so/yes/yes/d/725/nc/A,bo/st/no/yes/d/528/nc/U,0.55
bw/so/yes/yes/d/725/nc/A,bo/mu/no/yes/d/746/nc/A,0.48
bw/so/yes/yes/d/725/nc/A,bw/st/yes/no/m/741/nc/A,0.43
bw/so/yes/yes/d/725/nc/A,bo/st/no/yes/d/748/nc/A,0.55
bw/so/yes/yes/d/725/nc/A,bo/mu/yes/no/m/186/nc/U,0.48
bw/so/yes/yes/d/725/nc/A,bo/st/no/no/d/516/nc/U,0.55
bw/so/yes/yes/d/725/nc/A,bo/st/yes/yes/d/724/nc/A,0.56
bw/so/yes/yes/d/725/nc/A,bw/st/yes/yes/d/723/nc/A,0.47
bw/so/yes/yes/d/725/nc/A,bo/mu/no/yes/m/192/nc/U,0.48
bw/so/yes/yes/d/725/nc/A,bo/st/yes/yes/m/730/nc/A,0.56
bw/so/yes/yes/d/725/nc/A,bw/so/yes/no/d/737/nc/A,0.88
bw/so/yes/yes/d/725/nc/A,bw/mu/no/yes/m/168/nc/U,0.49
bw/so/yes/yes/d/725/nc/A,bw/mu/yes/no/m/739/nc/A,0.48
bw/so/yes/yes/d/725/nc/A,bw/mu/yes/yes/m/150/nc/U,0.49
bw/so/yes/yes/d/725/nc/A,bw/so/yes/yes/d/534/nc/U,1.0
bw/so/yes/yes/d/725/nc/A,bo/mu/no/yes/m/752/nc/A,0.48
bw/so/yes/yes/d/725/nc/A,bw/so/no/yes/m/755/nc/A,0.86
bw/so/yes/yes/d/725/nc/A,bo/so/yes/yes/d/558/nc/U,0.66
bw/so/yes/yes/d/725/nc/A,bw/mu/no/no/m/763/nc/A,0.48
bw/so/yes/yes/d/725/nc/A,bo/mu/no/no/m/764/nc/A,0.48
bw/so/yes/yes/d/725/nc/A,bo/so/yes/no/d/738/nc/A,0.63
bw/so/yes/yes/d/725/nc/A,bw/mu/no/no/m/156/nc/U,0.48
bw/so/yes/yes/d/725/nc/A,bo/st/yes/no/d/736/nc/A,0.56
bw/so/yes/yes/d/725/nc/A,bw/st/no/yes/d/504/nc/U,0.47
bw/so/yes/yes/d/725/nc/A,bw/so/yes/yes/m/731/nc/A,1.0
bw/so/yes/yes/d/725/nc/A,bw/st/no/no/m/765/nc/A,0.43
bw/so/yes/yes/d/725/nc/A,bo/so/no/no/d/762/nc/A,0.38
bw/so/yes/yes/d/725/nc/A,bo/st/no/yes/m/754/nc/A,0.55
bw/so/yes/yes/d/725/nc/A,bw/st/no/yes/m/753/nc/A,0.47
bw/so/yes/yes/d/725/nc/A,bw/st/no/yes/m/216/nc/U,0.47
bw/so/yes/yes/d/725/nc/A,bo/so/no/yes/m/288/nc/U,0.38
bw/so/yes/yes/d/725/nc/A,bw/st/yes/no/m/210/nc/U,0.43
bw/so/yes/yes/d/725/nc/A,bo/st/no/no/m/228/nc/U,0.55
bo/st/no/yes/d/528/nc/U,bw/mu/no/yes/d/456/nc/U,0.69
bo/st/no/yes/d/528/nc/U,bw/so/no/no/m/252/nc/U,0.55
bo/st/no/yes/d/528/nc/U,bw/so/no/yes/m/264/nc/U,0.57
bo/st/no/yes/d/528/nc/U,bw/st/no/no/d/492/nc/U,0.49
bo/st/no/yes/d/528/nc/U,bw/mu/yes/no/d/450/nc/U,0.69
bo/st/no/yes/d/528/nc/U,bo/mu/no/no/d/468/nc/U,0.69
bo/st/no/yes/d/528/nc/U,bo/mu/yes/yes/m/728/nc/A,0.7
bo/st/no/yes/d/528/nc/U,bo/st/yes/no/d/522/nc/U,0.84
bo/st/no/yes/d/528/nc/U,bo/so/yes/yes/d/726/nc/A,0.61
bo/st/no/yes/d/528/nc/U,bw/mu/yes/yes/d/721/nc/A,0.69
bo/st/no/yes/d/528/nc/U,bw/so/no/no/d/540/nc/U,0.55
bo/st/no/yes/d/528/nc/U,bo/so/yes/no/m/744/nc/A,0.57
bo/st/no/yes/d/528/nc/U,bo/so/no/yes/d/576/nc/U,0.4
bo/st/no/yes/d/528/nc/U,bw/so/yes/no/m/743/nc/A,0.54
bo/st/no/yes/d/528/nc/U,bw/mu/yes/yes/m/727/nc/A,0.69
bo/st/no/yes/d/528/nc/U,bw/st/yes/yes/m/729/nc/A,0.53
bo/st/no/yes/d/528/nc/U,bo/st/yes/no/m/742/nc/A,0.84
bo/st/no/yes/d/528/nc/U,bo/so/yes/no/d/570/nc/U,0.57
bo/st/no/yes/d/528/nc/U,bw/mu/no/yes/d/745/nc/A,0.69
bo/st/no/yes/d/528/nc/U,bw/so/yes/no/d/546/nc/U,0.54
bo/st/no/yes/d/528/nc/U,bo/so/no/no/d/564/nc/U,0.39
bo/st/no/yes/d/528/nc/U,bo/so/no/yes/m/756/nc/A,0.4
bo/st/no/yes/d/528/nc/U,bw/mu/no/yes/m/751/nc/A,0.69
bo/st/no/yes/d/528/nc/U,bw/so/no/no/m/767/nc/A,0.55
bo/st/no/yes/d/528/nc/U,bo/mu/no/no/d/758/nc/A,0.69
bo/st/no/yes/d/528/nc/U,bw/so/no/yes/d/552/nc/U,0.57
bo/st/no/yes/d/528/nc/U,bo/st/no/no/d/760/nc/A,0.93
bo/st/no/yes/d/528/nc/U,bw/mu/yes/no/m/162/nc/U,0.69
bo/st/no/yes/d/528/nc/U,bo/mu/yes/no/d/734/nc/A,0.7
bo/st/no/yes/d/528/nc/U,bw/mu/yes/no/d/733/nc/A,0.69
bo/st/no/yes/d/528/nc/U,bw/st/yes/yes/m/198/nc/U,0.53
bo/st/no/yes/d/528/nc/U,bw/so/no/no/d/761/nc/A,0.55
bo/st/no/yes/d/528/nc/U,bo/st/no/no/m/766/nc/A,0.93
bo/st/no/yes/d/528/nc/U,bw/st/no/no/d/759/nc/A,0.49
bo/st/no/yes/d/528/nc/U,bo/so/no/yes/d/750/nc/A,0.4
bo/st/no/yes/d/528/nc/U,bw/mu/no/no/d/757/nc/A,0.68
bo/st/no/yes/d/528/nc/U,bo/so/no/no/m/768/nc/A,0.39
bo/st/no/yes/d/528/nc/U,bo/so/yes/yes/m/732/nc/A,0.61
bo/st/no/yes/d/528/nc/U,bw/st/yes/no/d/735/nc/A,0.47
bo/st/no/yes/d/528/nc/U,bw/st/yes/yes/d/486/nc/U,0.53
bo/st/no/yes/d/528/nc/U,bw/mu/no/no/d/444/nc/U,0.68
bo/st/no/yes/d/528/nc/U,bw/so/yes/yes/m/246/nc/U,0.55
bo/st/no/yes/d/528/nc/U,bo/so/yes/yes/m/270/nc/U,0.61
bo/st/no/yes/d/528/nc/U,bo/mu/no/yes/d/480/nc/U,0.69
bo/st/no/yes/d/528/nc/U,bo/mu/yes/no/d/474/nc/U,0.7
bo/st/no/yes/d/528/nc/U,bo/st/yes/yes/m/222/nc/U,0.86
bo/st/no/yes/d/528/nc/U,bo/so/yes/no/m/282/nc/U,0.57
bo/st/no/yes/d/528/nc/U,bo/so/no/no/m/276/nc/U,0.39
bo/st/no/yes/d/528/nc/U,bo/st/no/yes/m/240/nc/U,1.0
bo/st/no/yes/d/528/nc/U,bw/st/no/no/m/204/nc/U,0.49
bo/st/no/yes/d/528/nc/U,bo/mu/yes/yes/d/462/nc/U,0.7
bo/st/no/yes/d/528/nc/U,bo/st/yes/no/m/234/nc/U,0.84
bo/st/no/yes/d/528/nc/U,bw/st/yes/no/d/498/nc/U,0.47
bo/st/no/yes/d/528/nc/U,bw/mu/yes/yes/d/438/nc/U,0.69
bo/st/no/yes/d/528/nc/U,bw/so/yes/no/m/258/nc/U,0.54
bo/st/no/yes/d/528/nc/U,bw/so/no/yes/d/749/nc/A,0.57
bo/st/no/yes/d/528/nc/U,bo/mu/yes/no/m/740/nc/A,0.7
bo/st/no/yes/d/528/nc/U,bw/st/no/yes/d/747/nc/A,0.55
bo/st/no/yes/d/528/nc/U,bo/mu/no/no/m/180/nc/U,0.69
bo/st/no/yes/d/528/nc/U,bo/mu/yes/yes/m/174/nc/U,0.7
bo/st/no/yes/d/528/nc/U,bo/st/yes/yes/d/510/nc/U,0.86
bo/st/no/yes/d/528/nc/U,bo/mu/yes/yes/d/722/nc/A,0.7
bo/st/no/yes/d/528/nc/U,bw/so/yes/yes/d/725/nc/A,0.55
bo/st/no/yes/d/528/nc/U,bo/st/no/yes/d/528/nc/U,1.0
bo/st/no/yes/d/528/nc/U,bo/mu/no/yes/d/746/nc/A,0.69
bo/st/no/yes/d/528/nc/U,bw/st/yes/no/m/741/nc/A,0.47
bo/st/no/yes/d/528/nc/U,bo/st/no/yes/d/748/nc/A,1.0
bo/st/no/yes/d/528/nc/U,bo/mu/yes/no/m/186/nc/U,0.7
bo/st/no/yes/d/528/nc/U,bo/st/no/no/d/516/nc/U,0.93
bo/st/no/yes/d/528/nc/U,bo/st/yes/yes/d/724/nc/A,0.86
bo/st/no/yes/d/528/nc/U,bw/st/yes/yes/d/723/nc/A,0.53
bo/st/no/yes/d/528/nc/U,bo/mu/no/yes/m/192/nc/U,0.69
bo/st/no/yes/d/528/nc/U,bo/st/yes/yes/m/730/nc/A,0.86
bo/st/no/yes/d/528/nc/U,bw/so/yes/no/d/737/nc/A,0.54
bo/st/no/yes/d/528/nc/U,bw/mu/no/yes/m/168/nc/U,0.69
bo/st/no/yes/d/528/nc/U,bw/mu/yes/no/m/739/nc/A,0.69
bo/st/no/yes/d/528/nc/U,bw/mu/yes/yes/m/150/nc/U,0.69
bo/st/no/yes/d/528/nc/U,bw/so/yes/yes/d/534/nc/U,0.55
bo/st/no/yes/d/528/nc/U,bo/mu/no/yes/m/752/nc/A,0.69
bo/st/no/yes/d/528/nc/U,bw/so/no/yes/m/755/nc/A,0.57
bo/st/no/yes/d/528/nc/U,bo/so/yes/yes/d/558/nc/U,0.61
bo/st/no/yes/d/528/nc/U,bw/mu/no/no/m/763/nc/A,0.68
bo/st/no/yes/d/528/nc/U,bo/mu/no/no/m/764/nc/A,0.69
bo/st/no/yes/d/528/nc/U,bo/so/yes/no/d/738/nc/A,0.57
bo/st/no/yes/d/528/nc/U,bw/mu/no/no/m/156/nc/U,0.68
bo/st/no/yes/d/528/nc/U,bo/st/yes/no/d/736/nc/A,0.84
bo/st/no/yes/d/528/nc/U,bw/st/no/yes/d/504/nc/U,0.55
bo/st/no/yes/d/528/nc/U,bw/so/yes/yes/m/731/nc/A,0.55
bo/st/no/yes/d/528/nc/U,bw/st/no/no/m/765/nc/A,0.49
bo/st/no/yes/d/528/nc/U,bo/so/no/no/d/762/nc/A,0.39
bo/st/no/yes/d/528/nc/U,bo/st/no/yes/m/754/nc/A,1.0
bo/st/no/yes/d/528/nc/U,bw/st/no/yes/m/753/nc/A,0.55
bo/st/no/yes/d/528/nc/U,bw/st/no/yes/m/216/nc/U,0.55
bo/st/no/yes/d/528/nc/U,bo/so/no/yes/m/288/nc/U,0.4
bo/st/no/yes/d/528/nc/U,bw/st/yes/no/m/210/nc/U,0.47
bo/st/no/yes/d/528/nc/U,bo/st/no/no/m/228/nc/U,0.93
bo/mu/no/yes/d/746/nc/A,bw/mu/no/yes/d/456/nc/U,0.86
bo/mu/no/yes/d/746/nc/A,bw/so/no/no/m/252/nc/U,0.49
bo/mu/no/yes/d/746/nc/A,bw/so/no/yes/m/264/nc/U,0.5
bo/mu/no/yes/d/746/nc/A,bw/st/no/no/d/492/nc/U,0.49
bo/mu/no/yes/d/746/nc/A,bw/mu/yes/no/d/450/nc/U,0.87
bo/mu/no/yes/d/746/nc/A,bo/mu/no/no/d/468/nc/U,0.94
bo/mu/no/yes/d/746/nc/A,bo/mu/yes/yes/m/728/nc/A,0.91
bo/mu/no/yes/d/746/nc/A,bo/st/yes/no/d/522/nc/U,0.65
bo/mu/no/yes/d/746/nc/A,bo/so/yes/yes/d/726/nc/A,0.54
bo/mu/no/yes/d/746/nc/A,bw/mu/yes/yes/d/721/nc/A,0.87
bo/mu/no/yes/d/746/nc/A,bw/so/no/no/d/540/nc/U,0.49
bo/mu/no/yes/d/746/nc/A,bo/so/yes/no/m/744/nc/A,0.51
bo/mu/no/yes/d/746/nc/A,bo/so/no/yes/d/576/nc/U,0.36
bo/mu/no/yes/d/746/nc/A,bw/so/yes/no/m/743/nc/A,0.48
bo/mu/no/yes/d/746/nc/A,bw/mu/yes/yes/m/727/nc/A,0.87
bo/mu/no/yes/d/746/nc/A,bw/st/yes/yes/m/729/nc/A,0.53
bo/mu/no/yes/d/746/nc/A,bo/st/yes/no/m/742/nc/A,0.65
bo/mu/no/yes/d/746/nc/A,bo/so/yes/no/d/570/nc/U,0.51
bo/mu/no/yes/d/746/nc/A,bw/mu/no/yes/d/745/nc/A,0.86
bo/mu/no/yes/d/746/nc/A,bw/so/yes/no/d/546/nc/U,0.48
bo/mu/no/yes/d/746/nc/A,bo/so/no/no/d/564/nc/U,0.35
bo/mu/no/yes/d/746/nc/A,bo/so/no/yes/m/756/nc/A,0.36
bo/mu/no/yes/d/746/nc/A,bw/mu/no/yes/m/751/nc/A,0.86
bo/mu/no/yes/d/746/nc/A,bw/so/no/no/m/767/nc/A,0.49
bo/mu/no/yes/d/746/nc/A,bo/mu/no/no/d/758/nc/A,0.94
bo/mu/no/yes/d/746/nc/A,bw/so/no/yes/d/552/nc/U,0.5
bo/mu/no/yes/d/746/nc/A,bo/st/no/no/d/760/nc/A,0.66
bo/mu/no/yes/d/746/nc/A,bw/mu/yes/no/m/162/nc/U,0.87
bo/mu/no/yes/d/746/nc/A,bo/mu/yes/no/d/734/nc/A,0.91
bo/mu/no/yes/d/746/nc/A,bw/mu/yes/no/d/733/nc/A,0.87
bo/mu/no/yes/d/746/nc/A,bw/st/yes/yes/m/198/nc/U,0.53
bo/mu/no/yes/d/746/nc/A,bw/so/no/no/d/761/nc/A,0.49
bo/mu/no/yes/d/746/nc/A,bo/st/no/no/m/766/nc/A,0.66
bo/mu/no/yes/d/746/nc/A,bw/st/no/no/d/759/nc/A,0.49
bo/mu/no/yes/d/746/nc/A,bo/so/no/yes/d/750/nc/A,0.36
bo/mu/no/yes/d/746/nc/A,bw/mu/no/no/d/757/nc/A,0.86
bo/mu/no/yes/d/746/nc/A,bo/so/no/no/m/768/nc/A,0.35
bo/mu/no/yes/d/746/nc/A,bo/so/yes/yes/m/732/nc/A,0.54
bo/mu/no/yes/d/746/nc/A,bw/st/yes/no/d/735/nc/A,0.48
bo/mu/no/yes/d/746/nc/A,bw/st/yes/yes/d/486/nc/U,0.53
bo/mu/no/yes/d/746/nc/A,bw/mu/no/no/d/444/nc/U,0.86
bo/mu/no/yes/d/746/nc/A,bw/so/yes/yes/m/246/nc/U,0.48
bo/mu/no/yes/d/746/nc/A,bo/so/yes/yes/m/270/nc/U,0.54
bo/mu/no/yes/d/746/nc/A,bo/mu/no/yes/d/480/nc/U,1.0
bo/mu/no/yes/d/746/nc/A,bo/mu/yes/no/d/474/nc/U,0.91
bo/mu/no/yes/d/746/nc/A,bo/st/yes/yes/m/222/nc/U,0.66
bo/mu/no/yes/d/746/nc/A,bo/so/yes/no/m/282/nc/U,0.51
bo/mu/no/yes/d/746/nc/A,bo/so/no/no/m/276/nc/U,0.35
bo/mu/no/yes/d/746/nc/A,bo/st/no/yes/m/240/nc/U,0.69
bo/mu/no/yes/d/746/nc/A,bw/st/no/no/m/204/nc/U,0.49
bo/mu/no/yes/d/746/nc/A,bo/mu/yes/yes/d/462/nc/U,0.91
bo/mu/no/yes/d/746/nc/A,bo/st/yes/no/m/234/nc/U,0.65
bo/mu/no/yes/d/746/nc/A,bw/st/yes/no/d/498/nc/U,0.48
bo/mu/no/yes/d/746/nc/A,bw/mu/yes/yes/d/438/nc/U,0.87
bo/mu/no/yes/d/746/nc/A,bw/so/yes/no/m/258/nc/U,0.48
bo/mu/no/yes/d/746/nc/A,bw/so/no/yes/d/749/nc/A,0.5
bo/mu/no/yes/d/746/nc/A,bo/mu/yes/no/m/740/nc/A,0.91
bo/mu/no/yes/d/746/nc/A,bw/st/no/yes/d/747/nc/A,0.55
bo/mu/no/yes/d/746/nc/A,bo/mu/no/no/m/180/nc/U,0.94
bo/mu/no/yes/d/746/nc/A,bo/mu/yes/yes/m/174/nc/U,0.91
bo/mu/no/yes/d/746/nc/A,bo/st/yes/yes/d/510/nc/U,0.66
bo/mu/no/yes/d/746/nc/A,bo/mu/yes/yes/d/722/nc/A,0.91
bo/mu/no/yes/d/746/nc/A,bw/so/yes/yes/d/725/nc/A,0.48
bo/mu/no/yes/d/746/nc/A,bo/st/no/yes/d/528/nc/U,0.69
bo/mu/no/yes/d/746/nc/A,bo/mu/no/yes/d/746/nc/A,1.0
bo/mu/no/yes/d/746/nc/A,bw/st/yes/no/m/741/nc/A,0.48
bo/mu/no/yes/d/746/nc/A,bo/st/no/yes/d/748/nc/A,0.69
bo/mu/no/yes/d/746/nc/A,bo/mu/yes/no/m/186/nc/U,0.91
bo/mu/no/yes/d/746/nc/A,bo/st/no/no/d/516/nc/U,0.66
bo/mu/no/yes/d/746/nc/A,bo/st/yes/yes/d/724/nc/A,0.66
bo/mu/no/yes/d/746/nc/A,bw/st/yes/yes/d/723/nc/A,0.53
bo/mu/no/yes/d/746/nc/A,bo/mu/no/yes/m/192/nc/U,1.0
bo/mu/no/yes/d/746/nc/A,bo/st/yes/yes/m/730/nc/A,0.66
bo/mu/no/yes/d/746/nc/A,bw/so/yes/no/d/737/nc/A,0.48
bo/mu/no/yes/d/746/nc/A,bw/mu/no/yes/m/168/nc/U,0.86
bo/mu/no/yes/d/746/nc/A,bw/mu/yes/no/m/739/nc/A,0.87
bo/mu/no/yes/d/746/nc/A,bw/mu/yes/yes/m/150/nc/U,0.87
bo/mu/no/yes/d/746/nc/A,bw/so/yes/yes/d/534/nc/U,0.48
bo/mu/no/yes/d/746/nc/A,bo/mu/no/yes/m/752/nc/A,1.0
bo/mu/no/yes/d/746/nc/A,bw/so/no/yes/m/755/nc/A,0.5
bo/mu/no/yes/d/746/nc/A,bo/so/yes/yes/d/558/nc/U,0.54
bo/mu/no/yes/d/746/nc/A,bw/mu/no/no/m/763/nc/A,0.86
bo/mu/no/yes/d/746/nc/A,bo/mu/no/no/m/764/nc/A,0.94
bo/mu/no/yes/d/746/nc/A,bo/so/yes/no/d/738/nc/A,0.51
bo/mu/no/yes/d/746/nc/A,bw/mu/no/no/m/156/nc/U,0.86
bo/mu/no/yes/d/746/nc/A,bo/st/yes/no/d/736/nc/A,0.65
bo/mu/no/yes/d/746/nc/A,bw/st/no/yes/d/504/nc/U,0.55
bo/mu/no/yes/d/746/nc/A,bw/so/yes/yes/m/731/nc/A,0.48
bo/mu/no/yes/d/746/nc/A,bw/st/no/no/m/765/nc/A,0.49
bo/mu/no/yes/d/746/nc/A,bo/so/no/no/d/762/nc/A,0.35
bo/mu/no/yes/d/746/nc/A,bo/st/no/yes/m/754/nc/A,0.69
bo/mu/no/yes/d/746/nc/A,bw/st/no/yes/m/753/nc/A,0.55
bo/mu/no/yes/d/746/nc/A,bw/st/no/yes/m/216/nc/U,0.55
bo/mu/no/yes/d/746/nc/A,bo/so/no/yes/m/288/nc/U,0.36
bo/mu/no/yes/d/746/nc/A,bw/st/yes/no/m/210/nc/U,0.48
bo/mu/no/yes/d/746/nc/A,bo/st/no/no/m/228/nc/U,0.66
bw/st/yes/no/m/741/nc/A,bw/mu/no/yes/d/456/nc/U,0.51
bw/st/yes/no/m/741/nc/A,bw/so/no/no/m/252/nc/U,0.42
bw/st/yes/no/m/741/nc/A,bw/so/no/yes/m/264/nc/U,0.42
bw/st/yes/no/m/741/nc/A,bw/st/no/no/d/492/nc/U,0.9
bw/st/yes/no/m/741/nc/A,bw/mu/yes/no/d/450/nc/U,0.52
bw/st/yes/no/m/741/nc/A,bo/mu/no/no/d/468/nc/U,0.49
bw/st/yes/no/m/741/nc/A,bo/mu/yes/yes/m/728/nc/A,0.49
bw/st/yes/no/m/741/nc/A,bo/st/yes/no/d/522/nc/U,0.52
bw/st/yes/no/m/741/nc/A,bo/so/yes/yes/d/726/nc/A,0.41
bw/st/yes/no/m/741/nc/A,bw/mu/yes/yes/d/721/nc/A,0.52
bw/st/yes/no/m/741/nc/A,bw/so/no/no/d/540/nc/U,0.42
bw/st/yes/no/m/741/nc/A,bo/so/yes/no/m/744/nc/A,0.41
bw/st/yes/no/m/741/nc/A,bo/so/no/yes/d/576/nc/U,0.25
bw/st/yes/no/m/741/nc/A,bw/so/yes/no/m/743/nc/A,0.43
bw/st/yes/no/m/741/nc/A,bw/mu/yes/yes/m/727/nc/A,0.52
bw/st/yes/no/m/741/nc/A,bw/st/yes/yes/m/729/nc/A,0.87
bw/st/yes/no/m/741/nc/A,bo/st/yes/no/m/742/nc/A,0.52
bw/st/yes/no/m/741/nc/A,bo/so/yes/no/d/570/nc/U,0.41
bw/st/yes/no/m/741/nc/A,bw/mu/no/yes/d/745/nc/A,0.51
bw/st/yes/no/m/741/nc/A,bw/so/yes/no/d/546/nc/U,0.43
bw/st/yes/no/m/741/nc/A,bo/so/no/no/d/564/nc/U,0.25
bw/st/yes/no/m/741/nc/A,bo/so/no/yes/m/756/nc/A,0.25
bw/st/yes/no/m/741/nc/A,bw/mu/no/yes/m/751/nc/A,0.51
bw/st/yes/no/m/741/nc/A,bw/so/no/no/m/767/nc/A,0.42
bw/st/yes/no/m/741/nc/A,bo/mu/no/no/d/758/nc/A,0.49
bw/st/yes/no/m/741/nc/A,bw/so/no/yes/d/552/nc/U,0.42
bw/st/yes/no/m/741/nc/A,bo/st/no/no/d/760/nc/A,0.48
bw/st/yes/no/m/741/nc/A,bw/mu/yes/no/m/162/nc/U,0.52
bw/st/yes/no/m/741/nc/A,bo/mu/yes/no/d/734/nc/A,0.5
bw/st/yes/no/m/741/nc/A,bw/mu/yes/no/d/733/nc/A,0.52
bw/st/yes/no/m/741/nc/A,bw/st/yes/yes/m/198/nc/U,0.87
bw/st/yes/no/m/741/nc/A,bw/so/no/no/d/761/nc/A,0.42
bw/st/yes/no/m/741/nc/A,bo/st/no/no/m/766/nc/A,0.48
bw/st/yes/no/m/741/nc/A,bw/st/no/no/d/759/nc/A,0.9
bw/st/yes/no/m/741/nc/A,bo/so/no/yes/d/750/nc/A,0.25
bw/st/yes/no/m/741/nc/A,bw/mu/no/no/d/757/nc/A,0.52
bw/st/yes/no/m/741/nc/A,bo/so/no/no/m/768/nc/A,0.25
bw/st/yes/no/m/741/nc/A,bo/so/yes/yes/m/732/nc/A,0.41
bw/st/yes/no/m/741/nc/A,bw/st/yes/no/d/735/nc/A,1.0
bw/st/yes/no/m/741/nc/A,bw/st/yes/yes/d/486/nc/U,0.87
bw/st/yes/no/m/741/nc/A,bw/mu/no/no/d/444/nc/U,0.52
bw/st/yes/no/m/741/nc/A,bw/so/yes/yes/m/246/nc/U,0.43
bw/st/yes/no/m/741/nc/A,bo/so/yes/yes/m/270/nc/U,0.41
bw/st/yes/no/m/741/nc/A,bo/mu/no/yes/d/480/nc/U,0.48
bw/st/yes/no/m/741/nc/A,bo/mu/yes/no/d/474/nc/U,0.5
bw/st/yes/no/m/741/nc/A,bo/st/yes/yes/m/222/nc/U,0.51
bw/st/yes/no/m/741/nc/A,bo/so/yes/no/m/282/nc/U,0.41
bw/st/yes/no/m/741/nc/A,bo/so/no/no/m/276/nc/U,0.25
bw/st/yes/no/m/741/nc/A,bo/st/no/yes/m/240/nc/U,0.47
bw/st/yes/no/m/741/nc/A,bw/st/no/no/m/204/nc/U,0.9
bw/st/yes/no/m/741/nc/A,bo/mu/yes/yes/d/462/nc/U,0.49
bw/st/yes/no/m/741/nc/A,bo/st/yes/no/m/234/nc/U,0.52
bw/st/yes/no/m/741/nc/A,bw/st/yes/no/d/498/nc/U,1.0
bw/st/yes/no/m/741/nc/A,bw/mu/yes/yes/d/438/nc/U,0.52
bw/st/yes/no/m/741/nc/A,bw/so/yes/no/m/258/nc/U,0.43
bw/st/yes/no/m/741/nc/A,bw/so/no/yes/d/749/nc/A,0.42
bw/st/yes/no/m/741/nc/A,bo/mu/yes/no/m/740/nc/A,0.5
bw/st/yes/no/m/741/nc/A,bw/st/no/yes/d/747/nc/A,0.8
bw/st/yes/no/m/741/nc/A,bo/mu/no/no/m/180/nc/U,0.49
bw/st/yes/no/m/741/nc/A,bo/mu/yes/yes/m/174/nc/U,0.49
bw/st/yes/no/m/741/nc/A,bo/st/yes/yes/d/510/nc/U,0.51
bw/st/yes/no/m/741/nc/A,bo/mu/yes/yes/d/722/nc/A,0.49
bw/st/yes/no/m/741/nc/A,bw/so/yes/yes/d/725/nc/A,0.43
bw/st/yes/no/m/741/nc/A,bo/st/no/yes/d/528/nc/U,0.47
bw/st/yes/no/m/741/nc/A,bo/mu/no/yes/d/746/nc/A,0.48
bw/st/yes/no/m/741/nc/A,bw/st/yes/no/m/741/nc/A,1.0
bw/st/yes/no/m/741/nc/A,bo/st/no/yes/d/748/nc/A,0.47
bw/st/yes/no/m/741/nc/A,bo/mu/yes/no/m/186/nc/U,0.5
bw/st/yes/no/m/741/nc/A,bo/st/no/no/d/516/nc/U,0.48
bw/st/yes/no/m/741/nc/A,bo/st/yes/yes/d/724/nc/A,0.51
bw/st/yes/no/m/741/nc/A,bw/st/yes/yes/d/723/nc/A,0.87
bw/st/yes/no/m/741/nc/A,bo/mu/no/yes/m/192/nc/U,0.48
bw/st/yes/no/m/741/nc/A,bo/st/yes/yes/m/730/nc/A,0.51
bw/st/yes/no/m/741/nc/A,bw/so/yes/no/d/737/nc/A,0.43
bw/st/yes/no/m/741/nc/A,bw/mu/no/yes/m/168/nc/U,0.51
bw/st/yes/no/m/741/nc/A,bw/mu/yes/no/m/739/nc/A,0.52
bw/st/yes/no/m/741/nc/A,bw/mu/yes/yes/m/150/nc/U,0.52
bw/st/yes/no/m/741/nc/A,bw/so/yes/yes/d/534/nc/U,0.43
bw/st/yes/no/m/741/nc/A,bo/mu/no/yes/m/752/nc/A,0.48
bw/st/yes/no/m/741/nc/A,bw/so/no/yes/m/755/nc/A,0.42
bw/st/yes/no/m/741/nc/A,bo/so/yes/yes/d/558/nc/U,0.41
bw/st/yes/no/m/741/nc/A,bw/mu/no/no/m/763/nc/A,0.52
bw/st/yes/no/m/741/nc/A,bo/mu/no/no/m/764/nc/A,0.49
bw/st/yes/no/m/741/nc/A,bo/so/yes/no/d/738/nc/A,0.41
bw/st/yes/no/m/741/nc/A,bw/mu/no/no/m/156/nc/U,0.52
bw/st/yes/no/m/741/nc/A,bo/st/yes/no/d/736/nc/A,0.52
bw/st/yes/no/m/741/nc/A,bw/st/no/yes/d/504/nc/U,0.8
bw/st/yes/no/m/741/nc/A,bw/so/yes/yes/m/731/nc/A,0.43
bw/st/yes/no/m/741/nc/A,bw/st/no/no/m/765/nc/A,0.9
bw/st/yes/no/m/741/nc/A,bo/so/no/no/d/762/nc/A,0.25
bw/st/yes/no/m/741/nc/A,bo/st/no/yes/m/754/nc/A,0.47
bw/st/yes/no/m/741/nc/A,bw/st/no/yes/m/753/nc/A,0.8
bw/st/yes/no/m/741/nc/A,bw/st/no/yes/m/216/nc/U,0.8
bw/st/yes/no/m/741/nc/A,bo/so/no/yes/m/288/nc/U,0.25
bw/st/yes/no/m/741/nc/A,bw/st/yes/no/m/210/nc/U,1.0
bw/st/yes/no/m/741/nc/A,bo/st/no/no/m/228/nc/U,0.48
bo/st/no/yes/d/748/nc/A,bw/mu/no/yes/d/456/nc/U,0.69
bo/st/no/yes/d/748/nc/A,bw/so/no/no/m/252/nc/U,0.55
bo/st/no/yes/d/748/nc/A,bw/so/no/yes/m/264/nc/U,0.57
bo/st/no/yes/d/748/nc/A,bw/st/no/no/d/492/nc/U,0.49
bo/st/no/yes/d/748/nc/A,bw/mu/yes/no/d/450/nc/U,0.69
bo/st/no/yes/d/748/nc/A,bo/mu/no/no/d/468/nc/U,0.69
bo/st/no/yes/d/748/nc/A,bo/mu/yes/yes/m/728/nc/A,0.7
bo/st/no/yes/d/748/nc/A,bo/st/yes/no/d/522/nc/U,0.84
bo/st/no/yes/d/748/nc/A,bo/so/yes/yes/d/726/nc/A,0.61
bo/st/no/yes/d/748/nc/A,bw/mu/yes/yes/d/721/nc/A,0.69
bo/st/no/yes/d/748/nc/A,bw/so/no/no/d/540/nc/U,0.55
bo/st/no/yes/d/748/nc/A,bo/so/yes/no/m/744/nc/A,0.57
bo/st/no/yes/d/748/nc/A,bo/so/no/yes/d/576/nc/U,0.4
bo/st/no/yes/d/748/nc/A,bw/so/yes/no/m/743/nc/A,0.54
bo/st/no/yes/d/748/nc/A,bw/mu/yes/yes/m/727/nc/A,0.69
bo/st/no/yes/d/748/nc/A,bw/st/yes/yes/m/729/nc/A,0.53
bo/st/no/yes/d/748/nc/A,bo/st/yes/no/m/742/nc/A,0.84
bo/st/no/yes/d/748/nc/A,bo/so/yes/no/d/570/nc/U,0.57
bo/st/no/yes/d/748/nc/A,bw/mu/no/yes/d/745/nc/A,0.69
bo/st/no/yes/d/748/nc/A,bw/so/yes/no/d/546/nc/U,0.54
bo/st/no/yes/d/748/nc/A,bo/so/no/no/d/564/nc/U,0.39
bo/st/no/yes/d/748/nc/A,bo/so/no/yes/m/756/nc/A,0.4
bo/st/no/yes/d/748/nc/A,bw/mu/no/yes/m/751/nc/A,0.69
bo/st/no/yes/d/748/nc/A,bw/so/no/no/m/767/nc/A,0.55
bo/st/no/yes/d/748/nc/A,bo/mu/no/no/d/758/nc/A,0.69
bo/st/no/yes/d/748/nc/A,bw/so/no/yes/d/552/nc/U,0.57
bo/st/no/yes/d/748/nc/A,bo/st/no/no/d/760/nc/A,0.93
bo/st/no/yes/d/748/nc/A,bw/mu/yes/no/m/162/nc/U,0.69
bo/st/no/yes/d/748/nc/A,bo/mu/yes/no/d/734/nc/A,0.7
bo/st/no/yes/d/748/nc/A,bw/mu/yes/no/d/733/nc/A,0.69
bo/st/no/yes/d/748/nc/A,bw/st/yes/yes/m/198/nc/U,0.53
bo/st/no/yes/d/748/nc/A,bw/so/no/no/d/761/nc/A,0.55
bo/st/no/yes/d/748/nc/A,bo/st/no/no/m/766/nc/A,0.93
bo/st/no/yes/d/748/nc/A,bw/st/no/no/d/759/nc/A,0.49
bo/st/no/yes/d/748/nc/A,bo/so/no/yes/d/750/nc/A,0.4
bo/st/no/yes/d/748/nc/A,bw/mu/no/no/d/757/nc/A,0.68
bo/st/no/yes/d/748/nc/A,bo/so/no/no/m/768/nc/A,0.39
bo/st/no/yes/d/748/nc/A,bo/so/yes/yes/m/732/nc/A,0.61
bo/st/no/yes/d/748/nc/A,bw/st/yes/no/d/735/nc/A,0.47
bo/st/no/yes/d/748/nc/A,bw/st/yes/yes/d/486/nc/U,0.53
bo/st/no/yes/d/748/nc/A,bw/mu/no/no/d/444/nc/U,0.68
bo/st/no/yes/d/748/nc/A,bw/so/yes/yes/m/246/nc/U,0.55
bo/st/no/yes/d/748/nc/A,bo/so/yes/yes/m/270/nc/U,0.61
bo/st/no/yes/d/748/nc/A,bo/mu/no/yes/d/480/nc/U,0.69
bo/st/no/yes/d/748/nc/A,bo/mu/yes/no/d/474/nc/U,0.7
bo/st/no/yes/d/748/nc/A,bo/st/yes/yes/m/222/nc/U,0.86
bo/st/no/yes/d/748/nc/A,bo/so/yes/no/m/282/nc/U,0.57
bo/st/no/yes/d/748/nc/A,bo/so/no/no/m/276/nc/U,0.39
bo/st/no/yes/d/748/nc/A,bo/st/no/yes/m/240/nc/U,1.0
bo/st/no/yes/d/748/nc/A,bw/st/no/no/m/204/nc/U,0.49
bo/st/no/yes/d/748/nc/A,bo/mu/yes/yes/d/462/nc/U,0.7
bo/st/no/yes/d/748/nc/A,bo/st/yes/no/m/234/nc/U,0.84
bo/st/no/yes/d/748/nc/A,bw/st/yes/no/d/498/nc/U,0.47
bo/st/no/yes/d/748/nc/A,bw/mu/yes/yes/d/438/nc/U,0.69
bo/st/no/yes/d/748/nc/A,bw/so/yes/no/m/258/nc/U,0.54
bo/st/no/yes/d/748/nc/A,bw/so/no/yes/d/749/nc/A,0.57
bo/st/no/yes/d/748/nc/A,bo/mu/yes/no/m/740/nc/A,0.7
bo/st/no/yes/d/748/nc/A,bw/st/no/yes/d/747/nc/A,0.55
bo/st/no/yes/d/748/nc/A,bo/mu/no/no/m/180/nc/U,0.69
bo/st/no/yes/d/748/nc/A,bo/mu/yes/yes/m/174/nc/U,0.7
bo/st/no/yes/d/748/nc/A,bo/st/yes/yes/d/510/nc/U,0.86
bo/st/no/yes/d/748/nc/A,bo/mu/yes/yes/d/722/nc/A,0.7
bo/st/no/yes/d/748/nc/A,bw/so/yes/yes/d/725/nc/A,0.55
bo/st/no/yes/d/748/nc/A,bo/st/no/yes/d/528/nc/U,1.0
bo/st/no/yes/d/748/nc/A,bo/mu/no/yes/d/746/nc/A,0.69
bo/st/no/yes/d/748/nc/A,bw/st/yes/no/m/741/nc/A,0.47
bo/st/no/yes/d/748/nc/A,bo/st/no/yes/d/748/nc/A,1.0
bo/st/no/yes/d/748/nc/A,bo/mu/yes/no/m/186/nc/U,0.7
bo/st/no/yes/d/748/nc/A,bo/st/no/no/d/516/nc/U,0.93
bo/st/no/yes/d/748/nc/A,bo/st/yes/yes/d/724/nc/A,0.86
bo/st/no/yes/d/748/nc/A,bw/st/yes/yes/d/723/nc/A,0.53
bo/st/no/yes/d/748/nc/A,bo/mu/no/yes/m/192/nc/U,0.69
bo/st/no/yes/d/748/nc/A,bo/st/yes/yes/m/730/nc/A,0.86
bo/st/no/yes/d/748/nc/A,bw/so/yes/no/d/737/nc/A,0.54
bo/st/no/yes/d/748/nc/A,bw/mu/no/yes/m/168/nc/U,0.69
bo/st/no/yes/d/748/nc/A,bw/mu/yes/no/m/739/nc/A,0.69
bo/st/no/yes/d/748/nc/A,bw/mu/yes/yes/m/150/nc/U,0.69
bo/st/no/yes/d/748/nc/A,bw/so/yes/yes/d/534/nc/U,0.55
bo/st/no/yes/d/748/nc/A,bo/mu/no/yes/m/752/nc/A,0.69
bo/st/no/yes/d/748/nc/A,bw/so/no/yes/m/755/nc/A,0.57
bo/st/no/yes/d/748/nc/A,bo/so/yes/yes/d/558/nc/U,0.61
bo/st/no/yes/d/748/nc/A,bw/mu/no/no/m/763/nc/A,0.68
bo/st/no/yes/d/748/nc/A,bo/mu/no/no/m/764/nc/A,0.69
bo/st/no/yes/d/748/nc/A,bo/so/yes/no/d/738/nc/A,0.57
bo/st/no/yes/d/748/nc/A,bw/mu/no/no/m/156/nc/U,0.68
bo/st/no/yes/d/748/nc/A,bo/st/yes/no/d/736/nc/A,0.84
bo/st/no/yes/d/748/nc/A,bw/st/no/yes/d/504/nc/U,0.55
bo/st/no/yes/d/748/nc/A,bw/so/yes/yes/m/731/nc/A,0.55
bo/st/no/yes/d/748/nc/A,bw/st/no/no/m/765/nc/A,0.49
bo/st/no/yes/d/748/nc/A,bo/so/no/no/d/762/nc/A,0.39
bo/st/no/yes/d/748/nc/A,bo/st/no/yes/m/754/nc/A,1.0
bo/st/no/yes/d/748/nc/A,bw/st/no/yes/m/753/nc/A,0.55
bo/st/no/yes/d/748/nc/A,bw/st/no/yes/m/216/nc/U,0.55
bo/st/no/yes/d/748/nc/A,bo/so/no/yes/m/288/nc/U,0.4
bo/st/no/yes/d/748/nc/A,bw/st/yes/no/m/210/nc/U,0.47
bo/st/no/yes/d/748/nc/A,bo/st/no/no/m/228/nc/U,0.93
bo/mu/yes/no/m/186/nc/U,bw/mu/no/yes/d/456/nc/U,0.91
bo/mu/yes/no/m/186/nc/U,bw/so/no/no/m/252/nc/U,0.49
bo/mu/yes/no/m/186/nc/U,bw/so/no/yes/m/264/nc/U,0.5
bo/mu/yes/no/m/186/nc/U,bw/st/no/no/d/492/nc/U,0.51
bo/mu/yes/no/m/186/nc/U,bw/mu/yes/no/d/450/nc/U,0.93
bo/mu/yes/no/m/186/nc/U,bo/mu/no/no/d/468/nc/U,0.92
bo/mu/yes/no/m/186/nc/U,bo/mu/yes/yes/m/728/nc/A,0.97
bo/mu/yes/no/m/186/nc/U,bo/st/yes/no/d/522/nc/U,0.66
bo/mu/yes/no/m/186/nc/U,bo/so/yes/yes/d/726/nc/A,0.54
bo/mu/yes/no/m/186/nc/U,bw/mu/yes/yes/d/721/nc/A,0.91
bo/mu/yes/no/m/186/nc/U,bw/so/no/no/d/540/nc/U,0.49
bo/mu/yes/no/m/186/nc/U,bo/so/yes/no/m/744/nc/A,0.51
bo/mu/yes/no/m/186/nc/U,bo/so/no/yes/d/576/nc/U,0.36
bo/mu/yes/no/m/186/nc/U,bw/so/yes/no/m/743/nc/A,0.48
bo/mu/yes/no/m/186/nc/U,bw/mu/yes/yes/m/727/nc/A,0.91
bo/mu/yes/no/m/186/nc/U,bw/st/yes/yes/m/729/nc/A,0.55
bo/mu/yes/no/m/186/nc/U,bo/st/yes/no/m/742/nc/A,0.66
bo/mu/yes/no/m/186/nc/U,bo/so/yes/no/d/570/nc/U,0.51
bo/mu/yes/no/m/186/nc/U,bw/mu/no/yes/d/745/nc/A,0.91
bo/mu/yes/no/m/186/nc/U,bw/so/yes/no/d/546/nc/U,0.48
bo/mu/yes/no/m/186/nc/U,bo/so/no/no/d/564/nc/U,0.35
bo/mu/yes/no/m/186/nc/U,bo/so/no/yes/m/756/nc/A,0.36
bo/mu/yes/no/m/186/nc/U,bw/mu/no/yes/m/751/nc/A,0.91
bo/mu/yes/no/m/186/nc/U,bw/so/no/no/m/767/nc/A,0.49
bo/mu/yes/no/m/186/nc/U,bo/mu/no/no/d/758/nc/A,0.92
bo/mu/yes/no/m/186/nc/U,bw/so/no/yes/d/552/nc/U,0.5
bo/mu/yes/no/m/186/nc/U,bo/st/no/no/d/760/nc/A,0.67
bo/mu/yes/no/m/186/nc/U,bw/mu/yes/no/m/162/nc/U,0.93
bo/mu/yes/no/m/186/nc/U,bo/mu/yes/no/d/734/nc/A,1.0
bo/mu/yes/no/m/186/nc/U,bw/mu/yes/no/d/733/nc/A,0.93
bo/mu/yes/no/m/186/nc/U,bw/st/yes/yes/m/198/nc/U,0.55
bo/mu/yes/no/m/186/nc/U,bw/so/no/no/d/761/nc/A,0.49
bo/mu/yes/no/m/186/nc/U,bo/st/no/no/m/766/nc/A,0.67
bo/mu/yes/no/m/186/nc/U,bw/st/no/no/d/759/nc/A,0.51
bo/mu/yes/no/m/186/nc/U,bo/so/no/yes/d/750/nc/A,0.36
bo/mu/yes/no/m/186/nc/U,bw/mu/no/no/d/757/nc/A,0.91
bo/mu/yes/no/m/186/nc/U,bo/so/no/no/m/768/nc/A,0.35
bo/mu/yes/no/m/186/nc/U,bo/so/yes/yes/m/732/nc/A,0.54
bo/mu/yes/no/m/186/nc/U,bw/st/yes/no/d/735/nc/A,0.5
bo/mu/yes/no/m/186/nc/U,bw/st/yes/yes/d/486/nc/U,0.55
bo/mu/yes/no/m/186/nc/U,bw/mu/no/no/d/444/nc/U,0.91
bo/mu/yes/no/m/186/nc/U,bw/so/yes/yes/m/246/nc/U,0.48
bo/mu/yes/no/m/186/nc/U,bo/so/yes/yes/m/270/nc/U,0.54
bo/mu/yes/no/m/186/nc/U,bo/mu/no/yes/d/480/nc/U,0.91
bo/mu/yes/no/m/186/nc/U,bo/mu/yes/no/d/474/nc/U,1.0
bo/mu/yes/no/m/186/nc/U,bo/st/yes/yes/m/222/nc/U,0.67
bo/mu/yes/no/m/186/nc/U,bo/so/yes/no/m/282/nc/U,0.51
bo/mu/yes/no/m/186/nc/U,bo/so/no/no/m/276/nc/U,0.35
bo/mu/yes/no/m/186/nc/U,bo/st/no/yes/m/240/nc/U,0.7
bo/mu/yes/no/m/186/nc/U,bw/st/no/no/m/204/nc/U,0.51
bo/mu/yes/no/m/186/nc/U,bo/mu/yes/yes/d/462/nc/U,0.97
bo/mu/yes/no/m/186/nc/U,bo/st/yes/no/m/234/nc/U,0.66
bo/mu/yes/no/m/186/nc/U,bw/st/yes/no/d/498/nc/U,0.5
bo/mu/yes/no/m/186/nc/U,bw/mu/yes/yes/d/438/nc/U,0.91
bo/mu/yes/no/m/186/nc/U,bw/so/yes/no/m/258/nc/U,0.48
bo/mu/yes/no/m/186/nc/U,bw/so/no/yes/d/749/nc/A,0.5
bo/mu/yes/no/m/186/nc/U,bo/mu/yes/no/m/740/nc/A,1.0
bo/mu/yes/no/m/186/nc/U,bw/st/no/yes/d/747/nc/A,0.57
bo/mu/yes/no/m/186/nc/U,bo/mu/no/no/m/180/nc/U,0.92
bo/mu/yes/no/m/186/nc/U,bo/mu/yes/yes/m/174/nc/U,0.97
bo/mu/yes/no/m/186/nc/U,bo/st/yes/yes/d/510/nc/U,0.67
bo/mu/yes/no/m/186/nc/U,bo/mu/yes/yes/d/722/nc/A,0.97
bo/mu/yes/no/m/186/nc/U,bw/so/yes/yes/d/725/nc/A,0.48
bo/mu/yes/no/m/186/nc/U,bo/st/no/yes/d/528/nc/U,0.7
bo/mu/yes/no/m/186/nc/U,bo/mu/no/yes/d/746/nc/A,0.91
bo/mu/yes/no/m/186/nc/U,bw/st/yes/no/m/741/nc/A,0.5
bo/mu/yes/no/m/186/nc/U,bo/st/no/yes/d/748/nc/A,0.7
bo/mu/yes/no/m/186/nc/U,bo/mu/yes/no/m/186/nc/U,1.0
bo/mu/yes/no/m/186/nc/U,bo/st/no/no/d/516/nc/U,0.67
bo/mu/yes/no/m/186/nc/U,bo/st/yes/yes/d/724/nc/A,0.67
bo/mu/yes/no/m/186/nc/U,bw/st/yes/yes/d/723/nc/A,0.55
bo/mu/yes/no/m/186/nc/U,bo/mu/no/yes/m/192/nc/U,0.91
bo/mu/yes/no/m/186/nc/U,bo/st/yes/yes/m/730/nc/A,0.67
bo/mu/yes/no/m/186/nc/U,bw/so/yes/no/d/737/nc/A,0.48
bo/mu/yes/no/m/186/nc/U,bw/mu/no/yes/m/168/nc/U,0.91
bo/mu/yes/no/m/186/nc/U,bw/mu/yes/no/m/739/nc/A,0.93
bo/mu/yes/no/m/186/nc/U,bw/mu/yes/yes/m/150/nc/U,0.91
bo/mu/yes/no/m/186/nc/U,bw/so/yes/yes/d/534/nc/U,0.48
bo/mu/yes/no/m/186/nc/U,bo/mu/no/yes/m/752/nc/A,0.91
bo/mu/yes/no/m/186/nc/U,bw/so/no/yes/m/755/nc/A,0.5
bo/mu/yes/no/m/186/nc/U,bo/so/yes/yes/d/558/nc/U,0.54
bo/mu/yes/no/m/186/nc/U,bw/mu/no/no/m/763/nc/A,0.91
bo/mu/yes/no/m/186/nc/U,bo/mu/no/no/m/764/nc/A,0.92
bo/mu/yes/no/m/186/nc/U,bo/so/yes/no/d/738/nc/A,0.51
bo/mu/yes/no/m/186/nc/U,bw/mu/no/no/m/156/nc/U,0.91
bo/mu/yes/no/m/186/nc/U,bo/st/yes/no/d/736/nc/A,0.66
bo/mu/yes/no/m/186/nc/U,bw/st/no/yes/d/504/nc/U,0.57
bo/mu/yes/no/m/186/nc/U,bw/so/yes/yes/m/731/nc/A,0.48
bo/mu/yes/no/m/186/nc/U,bw/st/no/no/m/765/nc/A,0.51
bo/mu/yes/no/m/186/nc/U,bo/so/no/no/d/762/nc/A,0.35
bo/mu/yes/no/m/186/nc/U,bo/st/no/yes/m/754/nc/A,0.7
bo/mu/yes/no/m/186/nc/U,bw/st/no/yes/m/753/nc/A,0.57
bo/mu/yes/no/m/186/nc/U,bw/st/no/yes/m/216/nc/U,0.57
bo/mu/yes/no/m/186/nc/U,bo/so/no/yes/m/288/nc/U,0.36
bo/mu/yes/no/m/186/nc/U,bw/st/yes/no/m/210/nc/U,0.5
bo/mu/yes/no/m/186/nc/U,bo/st/no/no/m/228/nc/U,0.67
bo/st/no/no/d/516/nc/U,bw/mu/no/yes/d/456/nc/U,0.66
bo/st/no/no/d/516/nc/U,bw/so/no/no/m/252/nc/U,0.56
bo/st/no/no/d/516/nc/U,bw/so/no/yes/m/264/nc/U,0.57
bo/st/no/no/d/516/nc/U,bw/st/no/no/d/492/nc/U,0.49
bo/st/no/no/d/516/nc/U,bw/mu/yes/no/d/450/nc/U,0.66
bo/st/no/no/d/516/nc/U,bo/mu/no/no/d/468/nc/U,0.67
bo/st/no/no/d/516/nc/U,bo/mu/yes/yes/m/728/nc/A,0.67
bo/st/no/no/d/516/nc/U,bo/st/yes/no/d/522/nc/U,0.87
bo/st/no/no/d/516/nc/U,bo/so/yes/yes/d/726/nc/A,0.61
bo/st/no/no/d/516/nc/U,bw/mu/yes/yes/d/721/nc/A,0.66
bo/st/no/no/d/516/nc/U,bw/so/no/no/d/540/nc/U,0.56
bo/st/no/no/d/516/nc/U,bo/so/yes/no/m/744/nc/A,0.59
bo/st/no/no/d/516/nc/U,bo/so/no/yes/d/576/nc/U,0.4
bo/st/no/no/d/516/nc/U,bw/so/yes/no/m/743/nc/A,0.54
bo/st/no/no/d/516/nc/U,bw/mu/yes/yes/m/727/nc/A,0.66
bo/st/no/no/d/516/nc/U,bw/st/yes/yes/m/729/nc/A,0.53
bo/st/no/no/d/516/nc/U,bo/st/yes/no/m/742/nc/A,0.87
bo/st/no/no/d/516/nc/U,bo/so/yes/no/d/570/nc/U,0.59
bo/st/no/no/d/516/nc/U,bw/mu/no/yes/d/745/nc/A,0.66
bo/st/no/no/d/516/nc/U,bw/so/yes/no/d/546/nc/U,0.54
bo/st/no/no/d/516/nc/U,bo/so/no/no/d/564/nc/U,0.39
bo/st/no/no/d/516/nc/U,bo/so/no/yes/m/756/nc/A,0.4
bo/st/no/no/d/516/nc/U,bw/mu/no/yes/m/751/nc/A,0.66
bo/st/no/no/d/516/nc/U,bw/so/no/no/m/767/nc/A,0.56
bo/st/no/no/d/516/nc/U,bo/mu/no/no/d/758/nc/A,0.67
bo/st/no/no/d/516/nc/U,bw/so/no/yes/d/552/nc/U,0.57
bo/st/no/no/d/516/nc/U,bo/st/no/no/d/760/nc/A,1.0
bo/st/no/no/d/516/nc/U,bw/mu/yes/no/m/162/nc/U,0.66
bo/st/no/no/d/516/nc/U,bo/mu/yes/no/d/734/nc/A,0.67
bo/st/no/no/d/516/nc/U,bw/mu/yes/no/d/733/nc/A,0.66
bo/st/no/no/d/516/nc/U,bw/st/yes/yes/m/198/nc/U,0.53
bo/st/no/no/d/516/nc/U,bw/so/no/no/d/761/nc/A,0.56
bo/st/no/no/d/516/nc/U,bo/st/no/no/m/766/nc/A,1.0
bo/st/no/no/d/516/nc/U,bw/st/no/no/d/759/nc/A,0.49
bo/st/no/no/d/516/nc/U,bo/so/no/yes/d/750/nc/A,0.4
bo/st/no/no/d/516/nc/U,bw/mu/no/no/d/757/nc/A,0.66
bo/st/no/no/d/516/nc/U,bo/so/no/no/m/768/nc/A,0.39
bo/st/no/no/d/516/nc/U,bo/so/yes/yes/m/732/nc/A,0.61
bo/st/no/no/d/516/nc/U,bw/st/yes/no/d/735/nc/A,0.48
bo/st/no/no/d/516/nc/U,bw/st/yes/yes/d/486/nc/U,0.53
bo/st/no/no/d/516/nc/U,bw/mu/no/no/d/444/nc/U,0.66
bo/st/no/no/d/516/nc/U,bw/so/yes/yes/m/246/nc/U,0.55
bo/st/no/no/d/516/nc/U,bo/so/yes/yes/m/270/nc/U,0.61
bo/st/no/no/d/516/nc/U,bo/mu/no/yes/d/480/nc/U,0.66
bo/st/no/no/d/516/nc/U,bo/mu/yes/no/d/474/nc/U,0.67
bo/st/no/no/d/516/nc/U,bo/st/yes/yes/m/222/nc/U,0.87
bo/st/no/no/d/516/nc/U,bo/so/yes/no/m/282/nc/U,0.59
bo/st/no/no/d/516/nc/U,bo/so/no/no/m/276/nc/U,0.39
bo/st/no/no/d/516/nc/U,bo/st/no/yes/m/240/nc/U,0.93
bo/st/no/no/d/516/nc/U,bw/st/no/no/m/204/nc/U,0.49
bo/st/no/no/d/516/nc/U,bo/mu/yes/yes/d/462/nc/U,0.67
bo/st/no/no/d/516/nc/U,bo/st/yes/no/m/234/nc/U,0.87
bo/st/no/no/d/516/nc/U,bw/st/yes/no/d/498/nc/U,0.48
bo/st/no/no/d/516/nc/U,bw/mu/yes/yes/d/438/nc/U,0.66
bo/st/no/no/d/516/nc/U,bw/so/yes/no/m/258/nc/U,0.54
bo/st/no/no/d/516/nc/U,bw/so/no/yes/d/749/nc/A,0.57
bo/st/no/no/d/516/nc/U,bo/mu/yes/no/m/740/nc/A,0.67
bo/st/no/no/d/516/nc/U,bw/st/no/yes/d/747/nc/A,0.56
bo/st/no/no/d/516/nc/U,bo/mu/no/no/m/180/nc/U,0.67
bo/st/no/no/d/516/nc/U,bo/mu/yes/yes/m/174/nc/U,0.67
bo/st/no/no/d/516/nc/U,bo/st/yes/yes/d/510/nc/U,0.87
bo/st/no/no/d/516/nc/U,bo/mu/yes/yes/d/722/nc/A,0.67
bo/st/no/no/d/516/nc/U,bw/so/yes/yes/d/725/nc/A,0.55
bo/st/no/no/d/516/nc/U,bo/st/no/yes/d/528/nc/U,0.93
bo/st/no/no/d/516/nc/U,bo/mu/no/yes/d/746/nc/A,0.66
bo/st/no/no/d/516/nc/U,bw/st/yes/no/m/741/nc/A,0.48
bo/st/no/no/d/516/nc/U,bo/st/no/yes/d/748/nc/A,0.93
bo/st/no/no/d/516/nc/U,bo/mu/yes/no/m/186/nc/U,0.67
bo/st/no/no/d/516/nc/U,bo/st/no/no/d/516/nc/U,1.0
bo/st/no/no/d/516/nc/U,bo/st/yes/yes/d/724/nc/A,0.87
bo/st/no/no/d/516/nc/U,bw/st/yes/yes/d/723/nc/A,0.53
bo/st/no/no/d/516/nc/U,bo/mu/no/yes/m/192/nc/U,0.66
bo/st/no/no/d/516/nc/U,bo/st/yes/yes/m/730/nc/A,0.87
bo/st/no/no/d/516/nc/U,bw/so/yes/no/d/737/nc/A,0.54
bo/st/no/no/d/516/nc/U,bw/mu/no/yes/m/168/nc/U,0.66
bo/st/no/no/d/516/nc/U,bw/mu/yes/no/m/739/nc/A,0.66
bo/st/no/no/d/516/nc/U,bw/mu/yes/yes/m/150/nc/U,0.66
bo/st/no/no/d/516/nc/U,bw/so/yes/yes/d/534/nc/U,0.55
bo/st/no/no/d/516/nc/U,bo/mu/no/yes/m/752/nc/A,0.66
bo/st/no/no/d/516/nc/U,bw/so/no/yes/m/755/nc/A,0.57
bo/st/no/no/d/516/nc/U,bo/so/yes/yes/d/558/nc/U,0.61
bo/st/no/no/d/516/nc/U,bw/mu/no/no/m/763/nc/A,0.66
bo/st/no/no/d/516/nc/U,bo/mu/no/no/m/764/nc/A,0.67
bo/st/no/no/d/516/nc/U,bo/so/yes/no/d/738/nc/A,0.59
bo/st/no/no/d/516/nc/U,bw/mu/no/no/m/156/nc/U,0.66
bo/st/no/no/d/516/nc/U,bo/st/yes/no/d/736/nc/A,0.87
bo/st/no/no/d/516/nc/U,bw/st/no/yes/d/504/nc/U,0.56
bo/st/no/no/d/516/nc/U,bw/so/yes/yes/m/731/nc/A,0.55
bo/st/no/no/d/516/nc/U,bw/st/no/no/m/765/nc/A,0.49
bo/st/no/no/d/516/nc/U,bo/so/no/no/d/762/nc/A,0.39
bo/st/no/no/d/516/nc/U,bo/st/no/yes/m/754/nc/A,0.93
bo/st/no/no/d/516/nc/U,bw/st/no/yes/m/753/nc/A,0.56
bo/st/no/no/d/516/nc/U,bw/st/no/yes/m/216/nc/U,0.56
bo/st/no/no/d/516/nc/U,bo/so/no/yes/m/288/nc/U,0.4
bo/st/no/no/d/516/nc/U,bw/st/yes/no/m/210/nc/U,0.48
bo/st/no/no/d/516/nc/U,bo/st/no/no/m/228/nc/U,1.0
bo/st/yes/yes/d/724/nc/A,bw/mu/no/yes/d/456/nc/U,0.66
bo/st/yes/yes/d/724/nc/A,bw/so/no/no/m/252/nc/U,0.55
bo/st/yes/yes/d/724/nc/A,bw/so/no/yes/m/264/nc/U,0.56
bo/st/yes/yes/d/724/nc/A,bw/st/no/no/d/492/nc/U,0.51
bo/st/yes/yes/d/724/nc/A,bw/mu/yes/no/d/450/nc/U,0.66
bo/st/yes/yes/d/724/nc/A,bo/mu/no/no/d/468/nc/U,0.66
bo/st/yes/yes/d/724/nc/A,bo/mu/yes/yes/m/728/nc/A,0.67
bo/st/yes/yes/d/724/nc/A,bo/st/yes/no/d/522/nc/U,0.97
bo/st/yes/yes/d/724/nc/A,bo/so/yes/yes/d/726/nc/A,0.63
bo/st/yes/yes/d/724/nc/A,bw/mu/yes/yes/d/721/nc/A,0.66
bo/st/yes/yes/d/724/nc/A,bw/so/no/no/d/540/nc/U,0.55
bo/st/yes/yes/d/724/nc/A,bo/so/yes/no/m/744/nc/A,0.6
bo/st/yes/yes/d/724/nc/A,bo/so/no/yes/d/576/nc/U,0.38
bo/st/yes/yes/d/724/nc/A,bw/so/yes/no/m/743/nc/A,0.55
bo/st/yes/yes/d/724/nc/A,bw/mu/yes/yes/m/727/nc/A,0.66
bo/st/yes/yes/d/724/nc/A,bw/st/yes/yes/m/729/nc/A,0.56
bo/st/yes/yes/d/724/nc/A,bo/st/yes/no/m/742/nc/A,0.97
bo/st/yes/yes/d/724/nc/A,bo/so/yes/no/d/570/nc/U,0.6
bo/st/yes/yes/d/724/nc/A,bw/mu/no/yes/d/745/nc/A,0.66
bo/st/yes/yes/d/724/nc/A,bw/so/yes/no/d/546/nc/U,0.55
bo/st/yes/yes/d/724/nc/A,bo/so/no/no/d/564/nc/U,0.38
bo/st/yes/yes/d/724/nc/A,bo/so/no/yes/m/756/nc/A,0.38
bo/st/yes/yes/d/724/nc/A,bw/mu/no/yes/m/751/nc/A,0.66
bo/st/yes/yes/d/724/nc/A,bw/so/no/no/m/767/nc/A,0.55
bo/st/yes/yes/d/724/nc/A,bo/mu/no/no/d/758/nc/A,0.66
bo/st/yes/yes/d/724/nc/A,bw/so/no/yes/d/552/nc/U,0.56
bo/st/yes/yes/d/724/nc/A,bo/st/no/no/d/760/nc/A,0.87
bo/st/yes/yes/d/724/nc/A,bw/mu/yes/no/m/162/nc/U,0.66
bo/st/yes/yes/d/724/nc/A,bo/mu/yes/no/d/734/nc/A,0.67
bo/st/yes/yes/d/724/nc/A,bw/mu/yes/no/d/733/nc/A,0.66
bo/st/yes/yes/d/724/nc/A,bw/st/yes/yes/m/198/nc/U,0.56
bo/st/yes/yes/d/724/nc/A,bw/so/no/no/d/761/nc/A,0.55
bo/st/yes/yes/d/724/nc/A,bo/st/no/no/m/766/nc/A,0.87
bo/st/yes/yes/d/724/nc/A,bw/st/no/no/d/759/nc/A,0.51
bo/st/yes/yes/d/724/nc/A,bo/so/no/yes/d/750/nc/A,0.38
bo/st/yes/yes/d/724/nc/A,bw/mu/no/no/d/757/nc/A,0.66
bo/st/yes/yes/d/724/nc/A,bo/so/no/no/m/768/nc/A,0.38
bo/st/yes/yes/d/724/nc/A,bo/so/yes/yes/m/732/nc/A,0.63
bo/st/yes/yes/d/724/nc/A,bw/st/yes/no/d/735/nc/A,0.51
bo/st/yes/yes/d/724/nc/A,bw/st/yes/yes/d/486/nc/U,0.56
bo/st/yes/yes/d/724/nc/A,bw/mu/no/no/d/444/nc/U,0.66
bo/st/yes/yes/d/724/nc/A,bw/so/yes/yes/m/246/nc/U,0.56
bo/st/yes/yes/d/724/nc/A,bo/so/yes/yes/m/270/nc/U,0.63
bo/st/yes/yes/d/724/nc/A,bo/mu/no/yes/d/480/nc/U,0.66
bo/st/yes/yes/d/724/nc/A,bo/mu/yes/no/d/474/nc/U,0.67
bo/st/yes/yes/d/724/nc/A,bo/st/yes/yes/m/222/nc/U,1.0
bo/st/yes/yes/d/724/nc/A,bo/so/yes/no/m/282/nc/U,0.6
bo/st/yes/yes/d/724/nc/A,bo/so/no/no/m/276/nc/U,0.38
bo/st/yes/yes/d/724/nc/A,bo/st/no/yes/m/240/nc/U,0.86
bo/st/yes/yes/d/724/nc/A,bw/st/no/no/m/204/nc/U,0.51
bo/st/yes/yes/d/724/nc/A,bo/mu/yes/yes/d/462/nc/U,0.67
bo/st/yes/yes/d/724/nc/A,bo/st/yes/no/m/234/nc/U,0.97
bo/st/yes/yes/d/724/nc/A,bw/st/yes/no/d/498/nc/U,0.51
bo/st/yes/yes/d/724/nc/A,bw/mu/yes/yes/d/438/nc/U,0.66
bo/st/yes/yes/d/724/nc/A,bw/so/yes/no/m/258/nc/U,0.55
bo/st/yes/yes/d/724/nc/A,bw/so/no/yes/d/749/nc/A,0.56
bo/st/yes/yes/d/724/nc/A,bo/mu/yes/no/m/740/nc/A,0.67
bo/st/yes/yes/d/724/nc/A,bw/st/no/yes/d/747/nc/A,0.57
bo/st/yes/yes/d/724/nc/A,bo/mu/no/no/m/180/nc/U,0.66
bo/st/yes/yes/d/724/nc/A,bo/mu/yes/yes/m/174/nc/U,0.67
bo/st/yes/yes/d/724/nc/A,bo/st/yes/yes/d/510/nc/U,1.0
bo/st/yes/yes/d/724/nc/A,bo/mu/yes/yes/d/722/nc/A,0.67
bo/st/yes/yes/d/724/nc/A,bw/so/yes/yes/d/725/nc/A,0.56
bo/st/yes/yes/d/724/nc/A,bo/st/no/yes/d/528/nc/U,0.86
bo/st/yes/yes/d/724/nc/A,bo/mu/no/yes/d/746/nc/A,0.66
bo/st/yes/yes/d/724/nc/A,bw/st/yes/no/m/741/nc/A,0.51
bo/st/yes/yes/d/724/nc/A,bo/st/no/yes/d/748/nc/A,0.86
bo/st/yes/yes/d/724/nc/A,bo/mu/yes/no/m/186/nc/U,0.67
bo/st/yes/yes/d/724/nc/A,bo/st/no/no/d/516/nc/U,0.87
bo/st/yes/yes/d/724/nc/A,bo/st/yes/yes/d/724/nc/A,1.0
bo/st/yes/yes/d/724/nc/A,bw/st/yes/yes/d/723/nc/A,0.56
bo/st/yes/yes/d/724/nc/A,bo/mu/no/yes/m/192/nc/U,0.66
bo/st/yes/yes/d/724/nc/A,bo/st/yes/yes/m/730/nc/A,1.0
bo/st/yes/yes/d/724/nc/A,bw/so/yes/no/d/737/nc/A,0.55
bo/st/yes/yes/d/724/nc/A,bw/mu/no/yes/m/168/nc/U,0.66
bo/st/yes/yes/d/724/nc/A,bw/mu/yes/no/m/739/nc/A,0.66
bo/st/yes/yes/d/724/nc/A,bw/mu/yes/yes/m/150/nc/U,0.66
bo/st/yes/yes/d/724/nc/A,bw/so/yes/yes/d/534/nc/U,0.56
bo/st/yes/yes/d/724/nc/A,bo/mu/no/yes/m/752/nc/A,0.66
bo/st/yes/yes/d/724/nc/A,bw/so/no/yes/m/755/nc/A,0.56
bo/st/yes/yes/d/724/nc/A,bo/so/yes/yes/d/558/nc/U,0.63
bo/st/yes/yes/d/724/nc/A,bw/mu/no/no/m/763/nc/A,0.66
bo/st/yes/yes/d/724/nc/A,bo/mu/no/no/m/764/nc/A,0.66
bo/st/yes/yes/d/724/nc/A,bo/so/yes/no/d/738/nc/A,0.6
bo/st/yes/yes/d/724/nc/A,bw/mu/no/no/m/156/nc/U,0.66
bo/st/yes/yes/d/724/nc/A,bo/st/yes/no/d/736/nc/A,0.97
bo/st/yes/yes/d/724/nc/A,bw/st/no/yes/d/504/nc/U,0.57
bo/st/yes/yes/d/724/nc/A,bw/so/yes/yes/m/731/nc/A,0.56
bo/st/yes/yes/d/724/nc/A,bw/st/no/no/m/765/nc/A,0.51
bo/st/yes/yes/d/724/nc/A,bo/so/no/no/d/762/nc/A,0.38
bo/st/yes/yes/d/724/nc/A,bo/st/no/yes/m/754/nc/A,0.86
bo/st/yes/yes/d/724/nc/A,bw/st/no/yes/m/753/nc/A,0.57
bo/st/yes/yes/d/724/nc/A,bw/st/no/yes/m/216/nc/U,0.57
bo/st/yes/yes/d/724/nc/A,bo/so/no/yes/m/288/nc/U,0.38
bo/st/yes/yes/d/724/nc/A,bw/st/yes/no/m/210/nc/U,0.51
bo/st/yes/yes/d/724/nc/A,bo/st/no/no/m/228/nc/U,0.87
bw/st/yes/yes/d/723/nc/A,bw/mu/no/yes/d/456/nc/U,0.57
bw/st/yes/yes/d/723/nc/A,bw/so/no/no/m/252/nc/U,0.46
bw/st/yes/yes/d/723/nc/A,bw/so/no/yes/m/264/nc/U,0.46
bw/st/yes/yes/d/723/nc/A,bw/st/no/no/d/492/nc/U,0.81
bw/st/yes/yes/d/723/nc/A,bw/mu/yes/no/d/450/nc/U,0.57
bw/st/yes/yes/d/723/nc/A,bo/mu/no/no/d/468/nc/U,0.53
bw/st/yes/yes/d/723/nc/A,bo/mu/yes/yes/m/728/nc/A,0.54
bw/st/yes/yes/d/723/nc/A,bo/st/yes/no/d/522/nc/U,0.57
bw/st/yes/yes/d/723/nc/A,bo/so/yes/yes/d/726/nc/A,0.46
bw/st/yes/yes/d/723/nc/A,bw/mu/yes/yes/d/721/nc/A,0.57
bw/st/yes/yes/d/723/nc/A,bw/so/no/no/d/540/nc/U,0.46
bw/st/yes/yes/d/723/nc/A,bo/so/yes/no/m/744/nc/A,0.44
bw/st/yes/yes/d/723/nc/A,bo/so/no/yes/d/576/nc/U,0.27
bw/st/yes/yes/d/723/nc/A,bw/so/yes/no/m/743/nc/A,0.46
bw/st/yes/yes/d/723/nc/A,bw/mu/yes/yes/m/727/nc/A,0.57
bw/st/yes/yes/d/723/nc/A,bw/st/yes/yes/m/729/nc/A,1.0
bw/st/yes/yes/d/723/nc/A,bo/st/yes/no/m/742/nc/A,0.57
bw/st/yes/yes/d/723/nc/A,bo/so/yes/no/d/570/nc/U,0.44
bw/st/yes/yes/d/723/nc/A,bw/mu/no/yes/d/745/nc/A,0.57
bw/st/yes/yes/d/723/nc/A,bw/so/yes/no/d/546/nc/U,0.46
bw/st/yes/yes/d/723/nc/A,bo/so/no/no/d/564/nc/U,0.28
bw/st/yes/yes/d/723/nc/A,bo/so/no/yes/m/756/nc/A,0.27
bw/st/yes/yes/d/723/nc/A,bw/mu/no/yes/m/751/nc/A,0.57
bw/st/yes/yes/d/723/nc/A,bw/so/no/no/m/767/nc/A,0.46
bw/st/yes/yes/d/723/nc/A,bo/mu/no/no/d/758/nc/A,0.53
bw/st/yes/yes/d/723/nc/A,bw/so/no/yes/d/552/nc/U,0.46
bw/st/yes/yes/d/723/nc/A,bo/st/no/no/d/760/nc/A,0.53
bw/st/yes/yes/d/723/nc/A,bw/mu/yes/no/m/162/nc/U,0.57
bw/st/yes/yes/d/723/nc/A,bo/mu/yes/no/d/734/nc/A,0.55
bw/st/yes/yes/d/723/nc/A,bw/mu/yes/no/d/733/nc/A,0.57
bw/st/yes/yes/d/723/nc/A,bw/st/yes/yes/m/198/nc/U,1.0
bw/st/yes/yes/d/723/nc/A,bw/so/no/no/d/761/nc/A,0.46
bw/st/yes/yes/d/723/nc/A,bo/st/no/no/m/766/nc/A,0.53
bw/st/yes/yes/d/723/nc/A,bw/st/no/no/d/759/nc/A,0.81
bw/st/yes/yes/d/723/nc/A,bo/so/no/yes/d/750/nc/A,0.27
bw/st/yes/yes/d/723/nc/A,bw/mu/no/no/d/757/nc/A,0.57
bw/st/yes/yes/d/723/nc/A,bo/so/no/no/m/768/nc/A,0.28
bw/st/yes/yes/d/723/nc/A,bo/so/yes/yes/m/732/nc/A,0.46
bw/st/yes/yes/d/723/nc/A,bw/st/yes/no/d/735/nc/A,0.87
bw/st/yes/yes/d/723/nc/A,bw/st/yes/yes/d/486/nc/U,1.0
bw/st/yes/yes/d/723/nc/A,bw/mu/no/no/d/444/nc/U,0.57
bw/st/yes/yes/d/723/nc/A,bw/so/yes/yes/m/246/nc/U,0.47
bw/st/yes/yes/d/723/nc/A,bo/so/yes/yes/m/270/nc/U,0.46
bw/st/yes/yes/d/723/nc/A,bo/mu/no/yes/d/480/nc/U,0.53
bw/st/yes/yes/d/723/nc/A,bo/mu/yes/no/d/474/nc/U,0.55
bw/st/yes/yes/d/723/nc/A,bo/st/yes/yes/m/222/nc/U,0.56
bw/st/yes/yes/d/723/nc/A,bo/so/yes/no/m/282/nc/U,0.44
bw/st/yes/yes/d/723/nc/A,bo/so/no/no/m/276/nc/U,0.28
bw/st/yes/yes/d/723/nc/A,bo/st/no/yes/m/240/nc/U,0.53
bw/st/yes/yes/d/723/nc/A,bw/st/no/no/m/204/nc/U,0.81
bw/st/yes/yes/d/723/nc/A,bo/mu/yes/yes/d/462/nc/U,0.54
bw/st/yes/yes/d/723/nc/A,bo/st/yes/no/m/234/nc/U,0.57
bw/st/yes/yes/d/723/nc/A,bw/st/yes/no/d/498/nc/U,0.87
bw/st/yes/yes/d/723/nc/A,bw/mu/yes/yes/d/438/nc/U,0.57
bw/st/yes/yes/d/723/nc/A,bw/so/yes/no/m/258/nc/U,0.46
bw/st/yes/yes/d/723/nc/A,bw/so/no/yes/d/749/nc/A,0.46
bw/st/yes/yes/d/723/nc/A,bo/mu/yes/no/m/740/nc/A,0.55
bw/st/yes/yes/d/723/nc/A,bw/st/no/yes/d/747/nc/A,0.89
bw/st/yes/yes/d/723/nc/A,bo/mu/no/no/m/180/nc/U,0.53
bw/st/yes/yes/d/723/nc/A,bo/mu/yes/yes/m/174/nc/U,0.54
bw/st/yes/yes/d/723/nc/A,bo/st/yes/yes/d/510/nc/U,0.56
bw/st/yes/yes/d/723/nc/A,bo/mu/yes/yes/d/722/nc/A,0.54
bw/st/yes/yes/d/723/nc/A,bw/so/yes/yes/d/725/nc/A,0.47
bw/st/yes/yes/d/723/nc/A,bo/st/no/yes/d/528/nc/U,0.53
bw/st/yes/yes/d/723/nc/A,bo/mu/no/yes/d/746/nc/A,0.53
bw/st/yes/yes/d/723/nc/A,bw/st/yes/no/m/741/nc/A,0.87
bw/st/yes/yes/d/723/nc/A,bo/st/no/yes/d/748/nc/A,0.53
bw/st/yes/yes/d/723/nc/A,bo/mu/yes/no/m/186/nc/U,0.55
bw/st/yes/yes/d/723/nc/A,bo/st/no/no/d/516/nc/U,0.53
bw/st/yes/yes/d/723/nc/A,bo/st/yes/yes/d/724/nc/A,0.56
bw/st/yes/yes/d/723/nc/A,bw/st/yes/yes/d/723/nc/A,1.0
bw/st/yes/yes/d/723/nc/A,bo/mu/no/yes/m/192/nc/U,0.53
bw/st/yes/yes/d/723/nc/A,bo/st/yes/yes/m/730/nc/A,0.56
bw/st/yes/yes/d/723/nc/A,bw/so/yes/no/d/737/nc/A,0.46
bw/st/yes/yes/d/723/nc/A,bw/mu/no/yes/m/168/nc/U,0.57
bw/st/yes/yes/d/723/nc/A,bw/mu/yes/no/m/739/nc/A,0.57
bw/st/yes/yes/d/723/nc/A,bw/mu/yes/yes/m/150/nc/U,0.57
bw/st/yes/yes/d/723/nc/A,bw/so/yes/yes/d/534/nc/U,0.47
bw/st/yes/yes/d/723/nc/A,bo/mu/no/yes/m/752/nc/A,0.53
bw/st/yes/yes/d/723/nc/A,bw/so/no/yes/m/755/nc/A,0.46
bw/st/yes/yes/d/723/nc/A,bo/so/yes/yes/d/558/nc/U,0.46
bw/st/yes/yes/d/723/nc/A,bw/mu/no/no/m/763/nc/A,0.57
bw/st/yes/yes/d/723/nc/A,bo/mu/no/no/m/764/nc/A,0.53
bw/st/yes/yes/d/723/nc/A,bo/so/yes/no/d/738/nc/A,0.44
bw/st/yes/yes/d/723/nc/A,bw/mu/no/no/m/156/nc/U,0.57
bw/st/yes/yes/d/723/nc/A,bo/st/yes/no/d/736/nc/A,0.57
bw/st/yes/yes/d/723/nc/A,bw/st/no/yes/d/504/nc/U,0.89
bw/st/yes/yes/d/723/nc/A,bw/so/yes/yes/m/731/nc/A,0.47
bw/st/yes/yes/d/723/nc/A,bw/st/no/no/m/765/nc/A,0.81
bw/st/yes/yes/d/723/nc/A,bo/so/no/no/d/762/nc/A,0.28
bw/st/yes/yes/d/723/nc/A,bo/st/no/yes/m/754/nc/A,0.53
bw/st/yes/yes/d/723/nc/A,bw/st/no/yes/m/753/nc/A,0.89
bw/st/yes/yes/d/723/nc/A,bw/st/no/yes/m/216/nc/U,0.89
bw/st/yes/yes/d/723/nc/A,bo/so/no/yes/m/288/nc/U,0.27
bw/st/yes/yes/d/723/nc/A,bw/st/yes/no/m/210/nc/U,0.87
bw/st/yes/yes/d/723/nc/A,bo/st/no/no/m/228/nc/U,0.53
bo/mu/no/yes/m/192/nc/U,bw/mu/no/yes/d/456/nc/U,0.86
bo/mu/no/yes/m/192/nc/U,bw/so/no/no/m/252/nc/U,0.49
bo/mu/no/yes/m/192/nc/U,bw/so/no/yes/m/264/nc/U,0.5
bo/mu/no/yes/m/192/nc/U,bw/st/no/no/d/492/nc/U,0.49
bo/mu/no/yes/m/192/nc/U,bw/mu/yes/no/d/450/nc/U,0.87
bo/mu/no/yes/m/192/nc/U,bo/mu/no/no/d/468/nc/U,0.94
bo/mu/no/yes/m/192/nc/U,bo/mu/yes/yes/m/728/nc/A,0.91
bo/mu/no/yes/m/192/nc/U,bo/st/yes/no/d/522/nc/U,0.65
bo/mu/no/yes/m/192/nc/U,bo/so/yes/yes/d/726/nc/A,0.54
bo/mu/no/yes/m/192/nc/U,bw/mu/yes/yes/d/721/nc/A,0.87
bo/mu/no/yes/m/192/nc/U,bw/so/no/no/d/540/nc/U,0.49
bo/mu/no/yes/m/192/nc/U,bo/so/yes/no/m/744/nc/A,0.51
bo/mu/no/yes/m/192/nc/U,bo/so/no/yes/d/576/nc/U,0.36
bo/mu/no/yes/m/192/nc/U,bw/so/yes/no/m/743/nc/A,0.48
bo/mu/no/yes/m/192/nc/U,bw/mu/yes/yes/m/727/nc/A,0.87
bo/mu/no/yes/m/192/nc/U,bw/st/yes/yes/m/729/nc/A,0.53
bo/mu/no/yes/m/192/nc/U,bo/st/yes/no/m/742/nc/A,0.65
bo/mu/no/yes/m/192/nc/U,bo/so/yes/no/d/570/nc/U,0.51
bo/mu/no/yes/m/192/nc/U,bw/mu/no/yes/d/745/nc/A,0.86
bo/mu/no/yes/m/192/nc/U,bw/so/yes/no/d/546/nc/U,0.48
bo/mu/no/yes/m/192/nc/U,bo/so/no/no/d/564/nc/U,0.35
bo/mu/no/yes/m/192/nc/U,bo/so/no/yes/m/756/nc/A,0.36
bo/mu/no/yes/m/192/nc/U,bw/mu/no/yes/m/751/nc/A,0.86
bo/mu/no/yes/m/192/nc/U,bw/so/no/no/m/767/nc/A,0.49
bo/mu/no/yes/m/192/nc/U,bo/mu/no/no/d/758/nc/A,0.94
bo/mu/no/yes/m/192/nc/U,bw/so/no/yes/d/552/nc/U,0.5
bo/mu/no/yes/m/192/nc/U,bo/st/no/no/d/760/nc/A,0.66
bo/mu/no/yes/m/192/nc/U,bw/mu/yes/no/m/162/nc/U,0.87
bo/mu/no/yes/m/192/nc/U,bo/mu/yes/no/d/734/nc/A,0.91
bo/mu/no/yes/m/192/nc/U,bw/mu/yes/no/d/733/nc/A,0.87
bo/mu/no/yes/m/192/nc/U,bw/st/yes/yes/m/198/nc/U,0.53
bo/mu/no/yes/m/192/nc/U,bw/so/no/no/d/761/nc/A,0.49
bo/mu/no/yes/m/192/nc/U,bo/st/no/no/m/766/nc/A,0.66
bo/mu/no/yes/m/192/nc/U,bw/st/no/no/d/759/nc/A,0.49
bo/mu/no/yes/m/192/nc/U,bo/so/no/yes/d/750/nc/A,0.36
bo/mu/no/yes/m/192/nc/U,bw/mu/no/no/d/757/nc/A,0.86
bo/mu/no/yes/m/192/nc/U,bo/so/no/no/m/768/nc/A,0.35
bo/mu/no/yes/m/192/nc/U,bo/so/yes/yes/m/732/nc/A,0.54
bo/mu/no/yes/m/192/nc/U,bw/st/yes/no/d/735/nc/A,0.48
bo/mu/no/yes/m/192/nc/U,bw/st/yes/yes/d/486/nc/U,0.53
bo/mu/no/yes/m/192/nc/U,bw/mu/no/no/d/444/nc/U,0.86
bo/mu/no/yes/m/192/nc/U,bw/so/yes/yes/m/246/nc/U,0.48
bo/mu/no/yes/m/192/nc/U,bo/so/yes/yes/m/270/nc/U,0.54
bo/mu/no/yes/m/192/nc/U,bo/mu/no/yes/d/480/nc/U,1.0
bo/mu/no/yes/m/192/nc/U,bo/mu/yes/no/d/474/nc/U,0.91
bo/mu/no/yes/m/192/nc/U,bo/st/yes/yes/m/222/nc/U,0.66
bo/mu/no/yes/m/192/nc/U,bo/so/yes/no/m/282/nc/U,0.51
bo/mu/no/yes/m/192/nc/U,bo/so/no/no/m/276/nc/U,0.35
bo/mu/no/yes/m/192/nc/U,bo/st/no/yes/m/240/nc/U,0.69
bo/mu/no/yes/m/192/nc/U,bw/st/no/no/m/204/nc/U,0.49
bo/mu/no/yes/m/192/nc/U,bo/mu/yes/yes/d/462/nc/U,0.91
bo/mu/no/yes/m/192/nc/U,bo/st/yes/no/m/234/nc/U,0.65
bo/mu/no/yes/m/192/nc/U,bw/st/yes/no/d/498/nc/U,0.48
bo/mu/no/yes/m/192/nc/U,bw/mu/yes/yes/d/438/nc/U,0.87
bo/mu/no/yes/m/192/nc/U,bw/so/yes/no/m/258/nc/U,0.48
bo/mu/no/yes/m/192/nc/U,bw/so/no/yes/d/749/nc/A,0.5
bo/mu/no/yes/m/192/nc/U,bo/mu/yes/no/m/740/nc/A,0.91
bo/mu/no/yes/m/192/nc/U,bw/st/no/yes/d/747/nc/A,0.55
bo/mu/no/yes/m/192/nc/U,bo/mu/no/no/m/180/nc/U,0.94
bo/mu/no/yes/m/192/nc/U,bo/mu/yes/yes/m/174/nc/U,0.91
bo/mu/no/yes/m/192/nc/U,bo/st/yes/yes/d/510/nc/U,0.66
bo/mu/no/yes/m/192/nc/U,bo/mu/yes/yes/d/722/nc/A,0.91
bo/mu/no/yes/m/192/nc/U,bw/so/yes/yes/d/725/nc/A,0.48
bo/mu/no/yes/m/192/nc/U,bo/st/no/yes/d/528/nc/U,0.69
bo/mu/no/yes/m/192/nc/U,bo/mu/no/yes/d/746/nc/A,1.0
bo/mu/no/yes/m/192/nc/U,bw/st/yes/no/m/741/nc/A,0.48
bo/mu/no/yes/m/192/nc/U,bo/st/no/yes/d/748/nc/A,0.69
bo/mu/no/yes/m/192/nc/U,bo/mu/yes/no/m/186/nc/U,0.91
bo/mu/no/yes/m/192/nc/U,bo/st/no/no/d/516/nc/U,0.66
bo/mu/no/yes/m/192/nc/U,bo/st/yes/yes/d/724/nc/A,0.66
bo/mu/no/yes/m/192/nc/U,bw/st/yes/yes/d/723/nc/A,0.53
bo/mu/no/yes/m/192/nc/U,bo/mu/no/yes/m/192/nc/U,1.0
bo/mu/no/yes/m/192/nc/U,bo/st/yes/yes/m/730/nc/A,0.66
bo/mu/no/yes/m/192/nc/U,bw/so/yes/no/d/737/nc/A,0.48
bo/mu/no/yes/m/192/nc/U,bw/mu/no/yes/m/168/nc/U,0.86
bo/mu/no/yes/m/192/nc/U,bw/mu/yes/no/m/739/nc/A,0.87
bo/mu/no/yes/m/192/nc/U,bw/mu/yes/yes/m/150/nc/U,0.87
bo/mu/no/yes/m/192/nc/U,bw/so/yes/yes/d/534/nc/U,0.48
bo/mu/no/yes/m/192/nc/U,bo/mu/no/yes/m/752/nc/A,1.0
bo/mu/no/yes/m/192/nc/U,bw/so/no/yes/m/755/nc/A,0.5
bo/mu/no/yes/m/192/nc/U,bo/so/yes/yes/d/558/nc/U,0.54
bo/mu/no/yes/m/192/nc/U,bw/mu/no/no/m/763/nc/A,0.86
bo/mu/no/yes/m/192/nc/U,bo/mu/no/no/m/764/nc/A,0.94
bo/mu/no/yes/m/192/nc/U,bo/so/yes/no/d/738/nc/A,0.51
bo/mu/no/yes/m/192/nc/U,bw/mu/no/no/m/156/nc/U,0.86
bo/mu/no/yes/m/192/nc/U,bo/st/yes/no/d/736/nc/A,0.65
bo/mu/no/yes/m/192/nc/U,bw/st/no/yes/d/504/nc/U,0.55
bo/mu/no/yes/m/192/nc/U,bw/so/yes/yes/m/731/nc/A,0.48
bo/mu/no/yes/m/192/nc/U,bw/st/no/no/m/765/nc/A,0.49
bo/mu/no/yes/m/192/nc/U,bo/so/no/no/d/762/nc/A,0.35
bo/mu/no/yes/m/192/nc/U,bo/st/no/yes/m/754/nc/A,0.69
bo/mu/no/yes/m/192/nc/U,bw/st/no/yes/m/753/nc/A,0.55
bo/mu/no/yes/m/192/nc/U,bw/st/no/yes/m/216/nc/U,0.55
bo/mu/no/yes/m/192/nc/U,bo/so/no/yes/m/288/nc/U,0.36
bo/mu/no/yes/m/192/nc/U,bw/st/yes/no/m/210/nc/U,0.48
bo/mu/no/yes/m/192/nc/U,bo/st/no/no/m/228/nc/U,0.66
bo/st/yes/yes/m/730/nc/A,bw/mu/no/yes/d/456/nc/U,0.66
bo/st/yes/yes/m/730/nc/A,bw/so/no/no/m/252/nc/U,0.55
bo/st/yes/yes/m/730/nc/A,bw/so/no/yes/m/264/nc/U,0.56
bo/st/yes/yes/m/730/nc/A,bw/st/no/no/d/492/nc/U,0.51
bo/st/yes/yes/m/730/nc/A,bw/mu/yes/no/d/450/nc/U,0.66
bo/st/yes/yes/m/730/nc/A,bo/mu/no/no/d/468/nc/U,0.66
bo/st/yes/yes/m/730/nc/A,bo/mu/yes/yes/m/728/nc/A,0.67
bo/st/yes/yes/m/730/nc/A,bo/st/yes/no/d/522/nc/U,0.97
bo/st/yes/yes/m/730/nc/A,bo/so/yes/yes/d/726/nc/A,0.63
bo/st/yes/yes/m/730/nc/A,bw/mu/yes/yes/d/721/nc/A,0.66
bo/st/yes/yes/m/730/nc/A,bw/so/no/no/d/540/nc/U,0.55
bo/st/yes/yes/m/730/nc/A,bo/so/yes/no/m/744/nc/A,0.6
bo/st/yes/yes/m/730/nc/A,bo/so/no/yes/d/576/nc/U,0.38
bo/st/yes/yes/m/730/nc/A,bw/so/yes/no/m/743/nc/A,0.55
bo/st/yes/yes/m/730/nc/A,bw/mu/yes/yes/m/727/nc/A,0.66
bo/st/yes/yes/m/730/nc/A,bw/st/yes/yes/m/729/nc/A,0.56
bo/st/yes/yes/m/730/nc/A,bo/st/yes/no/m/742/nc/A,0.97
bo/st/yes/yes/m/730/nc/A,bo/so/yes/no/d/570/nc/U,0.6
bo/st/yes/yes/m/730/nc/A,bw/mu/no/yes/d/745/nc/A,0.66
bo/st/yes/yes/m/730/nc/A,bw/so/yes/no/d/546/nc/U,0.55
bo/st/yes/yes/m/730/nc/A,bo/so/no/no/d/564/nc/U,0.38
bo/st/yes/yes/m/730/nc/A,bo/so/no/yes/m/756/nc/A,0.38
bo/st/yes/yes/m/730/nc/A,bw/mu/no/yes/m/751/nc/A,0.66
bo/st/yes/yes/m/730/nc/A,bw/so/no/no/m/767/nc/A,0.55
bo/st/yes/yes/m/730/nc/A,bo/mu/no/no/d/758/nc/A,0.66
bo/st/yes/yes/m/730/nc/A,bw/so/no/yes/d/552/nc/U,0.56
bo/st/yes/yes/m/730/nc/A,bo/st/no/no/d/760/nc/A,0.87
bo/st/yes/yes/m/730/nc/A,bw/mu/yes/no/m/162/nc/U,0.66
bo/st/yes/yes/m/730/nc/A,bo/mu/yes/no/d/734/nc/A,0.67
bo/st/yes/yes/m/730/nc/A,bw/mu/yes/no/d/733/nc/A,0.66
bo/st/yes/yes/m/730/nc/A,bw/st/yes/yes/m/198/nc/U,0.56
bo/st/yes/yes/m/730/nc/A,bw/so/no/no/d/761/nc/A,0.55
bo/st/yes/yes/m/730/nc/A,bo/st/no/no/m/766/nc/A,0.87
bo/st/yes/yes/m/730/nc/A,bw/st/no/no/d/759/nc/A,0.51
bo/st/yes/yes/m/730/nc/A,bo/so/no/yes/d/750/nc/A,0.38
bo/st/yes/yes/m/730/nc/A,bw/mu/no/no/d/757/nc/A,0.66
bo/st/yes/yes/m/730/nc/A,bo/so/no/no/m/768/nc/A,0.38
bo/st/yes/yes/m/730/nc/A,bo/so/yes/yes/m/732/nc/A,0.63
bo/st/yes/yes/m/730/nc/A,bw/st/yes/no/d/735/nc/A,0.51
bo/st/yes/yes/m/730/nc/A,bw/st/yes/yes/d/486/nc/U,0.56
bo/st/yes/yes/m/730/nc/A,bw/mu/no/no/d/444/nc/U,0.66
bo/st/yes/yes/m/730/nc/A,bw/so/yes/yes/m/246/nc/U,0.56
bo/st/yes/yes/m/730/nc/A,bo/so/yes/yes/m/270/nc/U,0.63
bo/st/yes/yes/m/730/nc/A,bo/mu/no/yes/d/480/nc/U,0.66
bo/st/yes/yes/m/730/nc/A,bo/mu/yes/no/d/474/nc/U,0.67
bo/st/yes/yes/m/730/nc/A,bo/st/yes/yes/m/222/nc/U,1.0
bo/st/yes/yes/m/730/nc/A,bo/so/yes/no/m/282/nc/U,0.6
bo/st/yes/yes/m/730/nc/A,bo/so/no/no/m/276/nc/U,0.38
bo/st/yes/yes/m/730/nc/A,bo/st/no/yes/m/240/nc/U,0.86
bo/st/yes/yes/m/730/nc/A,bw/st/no/no/m/204/nc/U,0.51
bo/st/yes/yes/m/730/nc/A,bo/mu/yes/yes/d/462/nc/U,0.67
bo/st/yes/yes/m/730/nc/A,bo/st/yes/no/m/234/nc/U,0.97
bo/st/yes/yes/m/730/nc/A,bw/st/yes/no/d/498/nc/U,0.51
bo/st/yes/yes/m/730/nc/A,bw/mu/yes/yes/d/438/nc/U,0.66
bo/st/yes/yes/m/730/nc/A,bw/so/yes/no/m/258/nc/U,0.55
bo/st/yes/yes/m/730/nc/A,bw/so/no/yes/d/749/nc/A,0.56
bo/st/yes/yes/m/730/nc/A,bo/mu/yes/no/m/740/nc/A,0.67
bo/st/yes/yes/m/730/nc/A,bw/st/no/yes/d/747/nc/A,0.57
bo/st/yes/yes/m/730/nc/A,bo/mu/no/no/m/180/nc/U,0.66
bo/st/yes/yes/m/730/nc/A,bo/mu/yes/yes/m/174/nc/U,0.67
bo/st/yes/yes/m/730/nc/A,bo/st/yes/yes/d/510/nc/U,1.0
bo/st/yes/yes/m/730/nc/A,bo/mu/yes/yes/d/722/nc/A,0.67
bo/st/yes/yes/m/730/nc/A,bw/so/yes/yes/d/725/nc/A,0.56
bo/st/yes/yes/m/730/nc/A,bo/st/no/yes/d/528/nc/U,0.86
bo/st/yes/yes/m/730/nc/A,bo/mu/no/yes/d/746/nc/A,0.66
bo/st/yes/yes/m/730/nc/A,bw/st/yes/no/m/741/nc/A,0.51
bo/st/yes/yes/m/730/nc/A,bo/st/no/yes/d/748/nc/A,0.86
bo/st/yes/yes/m/730/nc/A,bo/mu/yes/no/m/186/nc/U,0.67
bo/st/yes/yes/m/730/nc/A,bo/st/no/no/d/516/nc/U,0.87
bo/st/yes/yes/m/730/nc/A,bo/st/yes/yes/d/724/nc/A,1.0
bo/st/yes/yes/m/730/nc/A,bw/st/yes/yes/d/723/nc/A,0.56
bo/st/yes/yes/m/730/nc/A,bo/mu/no/yes/m/192/nc/U,0.66
bo/st/yes/yes/m/730/nc/A,bo/st/yes/yes/m/730/nc/A,1.0
bo/st/yes/yes/m/730/nc/A,bw/so/yes/no/d/737/nc/A,0.55
bo/st/yes/yes/m/730/nc/A,bw/mu/no/yes/m/168/nc/U,0.66
bo/st/yes/yes/m/730/nc/A,bw/mu/yes/no/m/739/nc/A,0.66
bo/st/yes/yes/m/730/nc/A,bw/mu/yes/yes/m/150/nc/U,0.66
bo/st/yes/yes/m/730/nc/A,bw/so/yes/yes/d/534/nc/U,0.56
bo/st/yes/yes/m/730/nc/A,bo/mu/no/yes/m/752/nc/A,0.66
bo/st/yes/yes/m/730/nc/A,bw/so/no/yes/m/755/nc/A,0.56
bo/st/yes/yes/m/730/nc/A,bo/so/yes/yes/d/558/nc/U,0.63
bo/st/yes/yes/m/730/nc/A,bw/mu/no/no/m/763/nc/A,0.66
bo/st/yes/yes/m/730/nc/A,bo/mu/no/no/m/764/nc/A,0.66
bo/st/yes/yes/m/730/nc/A,bo/so/yes/no/d/738/nc/A,0.6
bo/st/yes/yes/m/730/nc/A,bw/mu/no/no/m/156/nc/U,0.66
bo/st/yes/yes/m/730/nc/A,bo/st/yes/no/d/736/nc/A,0.97
bo/st/yes/yes/m/730/nc/A,bw/st/no/yes/d/504/nc/U,0.57
bo/st/yes/yes/m/730/nc/A,bw/so/yes/yes/m/731/nc/A,0.56
bo/st/yes/yes/m/730/nc/A,bw/st/no/no/m/765/nc/A,0.51
bo/st/yes/yes/m/730/nc/A,bo/so/no/no/d/762/nc/A,0.38
bo/st/yes/yes/m/730/nc/A,bo/st/no/yes/m/754/nc/A,0.86
bo/st/yes/yes/m/730/nc/A,bw/st/no/yes/m/753/nc/A,0.57
bo/st/yes/yes/m/730/nc/A,bw/st/no/yes/m/216/nc/U,0.57
bo/st/yes/yes/m/730/nc/A,bo/so/no/yes/m/288/nc/U,0.38
bo/st/yes/yes/m/730/nc/A,bw/st/yes/no/m/210/nc/U,0.51
bo/st/yes/yes/m/730/nc/A,bo/st/no/no/m/228/nc/U,0.87
bw/so/yes/no/d/737/nc/A,bw/mu/no/yes/d/456/nc/U,0.48
bw/so/yes/no/d/737/nc/A,bw/so/no/no/m/252/nc/U,0.86
bw/so/yes/no/d/737/nc/A,bw/so/no/yes/m/264/nc/U,0.79
bw/so/yes/no/d/737/nc/A,bw/st/no/no/d/492/nc/U,0.42
bw/so/yes/no/d/737/nc/A,bw/mu/yes/no/d/450/nc/U,0.48
bw/so/yes/no/d/737/nc/A,bo/mu/no/no/d/468/nc/U,0.48
bw/so/yes/no/d/737/nc/A,bo/mu/yes/yes/m/728/nc/A,0.48
bw/so/yes/no/d/737/nc/A,bo/st/yes/no/d/522/nc/U,0.55
bw/so/yes/no/d/737/nc/A,bo/so/yes/yes/d/726/nc/A,0.62
bw/so/yes/no/d/737/nc/A,bw/mu/yes/yes/d/721/nc/A,0.48
bw/so/yes/no/d/737/nc/A,bw/so/no/no/d/540/nc/U,0.86
bw/so/yes/no/d/737/nc/A,bo/so/yes/no/m/744/nc/A,0.69
bw/so/yes/no/d/737/nc/A,bo/so/no/yes/d/576/nc/U,0.37
bw/so/yes/no/d/737/nc/A,bw/so/yes/no/m/743/nc/A,1.0
bw/so/yes/no/d/737/nc/A,bw/mu/yes/yes/m/727/nc/A,0.48
bw/so/yes/no/d/737/nc/A,bw/st/yes/yes/m/729/nc/A,0.46
bw/so/yes/no/d/737/nc/A,bo/st/yes/no/m/742/nc/A,0.55
bw/so/yes/no/d/737/nc/A,bo/so/yes/no/d/570/nc/U,0.69
bw/so/yes/no/d/737/nc/A,bw/mu/no/yes/d/745/nc/A,0.48
bw/so/yes/no/d/737/nc/A,bw/so/yes/no/d/546/nc/U,1.0
bw/so/yes/no/d/737/nc/A,bo/so/no/no/d/564/nc/U,0.41
bw/so/yes/no/d/737/nc/A,bo/so/no/yes/m/756/nc/A,0.37
bw/so/yes/no/d/737/nc/A,bw/mu/no/yes/m/751/nc/A,0.48
bw/so/yes/no/d/737/nc/A,bw/so/no/no/m/767/nc/A,0.86
bw/so/yes/no/d/737/nc/A,bo/mu/no/no/d/758/nc/A,0.48
bw/so/yes/no/d/737/nc/A,bw/so/no/yes/d/552/nc/U,0.79
bw/so/yes/no/d/737/nc/A,bo/st/no/no/d/760/nc/A,0.54
bw/so/yes/no/d/737/nc/A,bw/mu/yes/no/m/162/nc/U,0.48
bw/so/yes/no/d/737/nc/A,bo/mu/yes/no/d/734/nc/A,0.48
bw/so/yes/no/d/737/nc/A,bw/mu/yes/no/d/733/nc/A,0.48
bw/so/yes/no/d/737/nc/A,bw/st/yes/yes/m/198/nc/U,0.46
bw/so/yes/no/d/737/nc/A,bw/so/no/no/d/761/nc/A,0.86
bw/so/yes/no/d/737/nc/A,bo/st/no/no/m/766/nc/A,0.54
bw/so/yes/no/d/737/nc/A,bw/st/no/no/d/759/nc/A,0.42
bw/so/yes/no/d/737/nc/A,bo/so/no/yes/d/750/nc/A,0.37
bw/so/yes/no/d/737/nc/A,bw/mu/no/no/d/757/nc/A,0.48
bw/so/yes/no/d/737/nc/A,bo/so/no/no/m/768/nc/A,0.41
bw/so/yes/no/d/737/nc/A,bo/so/yes/yes/m/732/nc/A,0.62
bw/so/yes/no/d/737/nc/A,bw/st/yes/no/d/735/nc/A,0.43
bw/so/yes/no/d/737/nc/A,bw/st/yes/yes/d/486/nc/U,0.46
bw/so/yes/no/d/737/nc/A,bw/mu/no/no/d/444/nc/U,0.48
bw/so/yes/no/d/737/nc/A,bw/so/yes/yes/m/246/nc/U,0.88
bw/so/yes/no/d/737/nc/A,bo/so/yes/yes/m/270/nc/U,0.62
bw/so/yes/no/d/737/nc/A,bo/mu/no/yes/d/480/nc/U,0.48
bw/so/yes/no/d/737/nc/A,bo/mu/yes/no/d/474/nc/U,0.48
bw/so/yes/no/d/737/nc/A,bo/st/yes/yes/m/222/nc/U,0.55
bw/so/yes/no/d/737/nc/A,bo/so/yes/no/m/282/nc/U,0.69
bw/so/yes/no/d/737/nc/A,bo/so/no/no/m/276/nc/U,0.41
bw/so/yes/no/d/737/nc/A,bo/st/no/yes/m/240/nc/U,0.54
bw/so/yes/no/d/737/nc/A,bw/st/no/no/m/204/nc/U,0.42
bw/so/yes/no/d/737/nc/A,bo/mu/yes/yes/d/462/nc/U,0.48
bw/so/yes/no/d/737/nc/A,bo/st/yes/no/m/234/nc/U,0.55
bw/so/yes/no/d/737/nc/A,bw/st/yes/no/d/498/nc/U,0.43
bw/so/yes/no/d/737/nc/A,bw/mu/yes/yes/d/438/nc/U,0.48
bw/so/yes/no/d/737/nc/A,bw/so/yes/no/m/258/nc/U,1.0
bw/so/yes/no/d/737/nc/A,bw/so/no/yes/d/749/nc/A,0.79
bw/so/yes/no/d/737/nc/A,bo/mu/yes/no/m/740/nc/A,0.48
bw/so/yes/no/d/737/nc/A,bw/st/no/yes/d/747/nc/A,0.46
bw/so/yes/no/d/737/nc/A,bo/mu/no/no/m/180/nc/U,0.48
bw/so/yes/no/d/737/nc/A,bo/mu/yes/yes/m/174/nc/U,0.48
bw/so/yes/no/d/737/nc/A,bo/st/yes/yes/d/510/nc/U,0.55
bw/so/yes/no/d/737/nc/A,bo/mu/yes/yes/d/722/nc/A,0.48
bw/so/yes/no/d/737/nc/A,bw/so/yes/yes/d/725/nc/A,0.88
bw/so/yes/no/d/737/nc/A,bo/st/no/yes/d/528/nc/U,0.54
bw/so/yes/no/d/737/nc/A,bo/mu/no/yes/d/746/nc/A,0.48
bw/so/yes/no/d/737/nc/A,bw/st/yes/no/m/741/nc/A,0.43
bw/so/yes/no/d/737/nc/A,bo/st/no/yes/d/748/nc/A,0.54
bw/so/yes/no/d/737/nc/A,bo/mu/yes/no/m/186/nc/U,0.48
bw/so/yes/no/d/737/nc/A,bo/st/no/no/d/516/nc/U,0.54
bw/so/yes/no/d/737/nc/A,bo/st/yes/yes/d/724/nc/A,0.55
bw/so/yes/no/d/737/nc/A,bw/st/yes/yes/d/723/nc/A,0.46
bw/so/yes/no/d/737/nc/A,bo/mu/no/yes/m/192/nc/U,0.48
bw/so/yes/no/d/737/nc/A,bo/st/yes/yes/m/730/nc/A,0.55
bw/so/yes/no/d/737/nc/A,bw/so/yes/no/d/737/nc/A,1.0
bw/so/yes/no/d/737/nc/A,bw/mu/no/yes/m/168/nc/U,0.48
bw/so/yes/no/d/737/nc/A,bw/mu/yes/no/m/739/nc/A,0.48
bw/so/yes/no/d/737/nc/A,bw/mu/yes/yes/m/150/nc/U,0.48
bw/so/yes/no/d/737/nc/A,bw/so/yes/yes/d/534/nc/U,0.88
bw/so/yes/no/d/737/nc/A,bo/mu/no/yes/m/752/nc/A,0.48
bw/so/yes/no/d/737/nc/A,bw/so/no/yes/m/755/nc/A,0.79
bw/so/yes/no/d/737/nc/A,bo/so/yes/yes/d/558/nc/U,0.62
bw/so/yes/no/d/737/nc/A,bw/mu/no/no/m/763/nc/A,0.48
bw/so/yes/no/d/737/nc/A,bo/mu/no/no/m/764/nc/A,0.48
bw/so/yes/no/d/737/nc/A,bo/so/yes/no/d/738/nc/A,0.69
bw/so/yes/no/d/737/nc/A,bw/mu/no/no/m/156/nc/U,0.48
bw/so/yes/no/d/737/nc/A,bo/st/yes/no/d/736/nc/A,0.55
bw/so/yes/no/d/737/nc/A,bw/st/no/yes/d/504/nc/U,0.46
bw/so/yes/no/d/737/nc/A,bw/so/yes/yes/m/731/nc/A,0.88
bw/so/yes/no/d/737/nc/A,bw/st/no/no/m/765/nc/A,0.42
bw/so/yes/no/d/737/nc/A,bo/so/no/no/d/762/nc/A,0.41
bw/so/yes/no/d/737/nc/A,bo/st/no/yes/m/754/nc/A,0.54
bw/so/yes/no/d/737/nc/A,bw/st/no/yes/m/753/nc/A,0.46
bw/so/yes/no/d/737/nc/A,bw/st/no/yes/m/216/nc/U,0.46
bw/so/yes/no/d/737/nc/A,bo/so/no/yes/m/288/nc/U,0.37
bw/so/yes/no/d/737/nc/A,bw/st/yes/no/m/210/nc/U,0.43
bw/so/yes/no/d/737/nc/A,bo/st/no/no/m/228/nc/U,0.54
bw/mu/no/yes/m/168/nc/U,bw/mu/no/yes/d/456/nc/U,1.0
bw/mu/no/yes/m/168/nc/U,bw/so/no/no/m/252/nc/U,0.49
bw/mu/no/yes/m/168/nc/U,bw/so/no/yes/m/264/nc/U,0.5
bw/mu/no/yes/m/168/nc/U,bw/st/no/no/d/492/nc/U,0.53
bw/mu/no/yes/m/168/nc/U,bw/mu/yes/no/d/450/nc/U,0.95
bw/mu/no/yes/m/168/nc/U,bo/mu/no/no/d/468/nc/U,0.87
bw/mu/no/yes/m/168/nc/U,bo/mu/yes/yes/m/728/nc/A,0.91
bw/mu/no/yes/m/168/nc/U,bo/st/yes/no/d/522/nc/U,0.65
bw/mu/no/yes/m/168/nc/U,bo/so/yes/yes/d/726/nc/A,0.52
bw/mu/no/yes/m/168/nc/U,bw/mu/yes/yes/d/721/nc/A,0.97
bw/mu/no/yes/m/168/nc/U,bw/so/no/no/d/540/nc/U,0.49
bw/mu/no/yes/m/168/nc/U,bo/so/yes/no/m/744/nc/A,0.5
bw/mu/no/yes/m/168/nc/U,bo/so/no/yes/d/576/nc/U,0.34
bw/mu/no/yes/m/168/nc/U,bw/so/yes/no/m/743/nc/A,0.48
bw/mu/no/yes/m/168/nc/U,bw/mu/yes/yes/m/727/nc/A,0.97
bw/mu/no/yes/m/168/nc/U,bw/st/yes/yes/m/729/nc/A,0.57
bw/mu/no/yes/m/168/nc/U,bo/st/yes/no/m/742/nc/A,0.65
bw/mu/no/yes/m/168/nc/U,bo/so/yes/no/d/570/nc/U,0.5
bw/mu/no/yes/m/168/nc/U,bw/mu/no/yes/d/745/nc/A,1.0
bw/mu/no/yes/m/168/nc/U,bw/so/yes/no/d/546/nc/U,0.48
bw/mu/no/yes/m/168/nc/U,bo/so/no/no/d/564/nc/U,0.33
bw/mu/no/yes/m/168/nc/U,bo/so/no/yes/m/756/nc/A,0.34
bw/mu/no/yes/m/168/nc/U,bw/mu/no/yes/m/751/nc/A,1.0
bw/mu/no/yes/m/168/nc/U,bw/so/no/no/m/767/nc/A,0.49
bw/mu/no/yes/m/168/nc/U,bo/mu/no/no/d/758/nc/A,0.87
bw/mu/no/yes/m/168/nc/U,bw/so/no/yes/d/552/nc/U,0.5
bw/mu/no/yes/m/168/nc/U,bo/st/no/no/d/760/nc/A,0.66
bw/mu/no/yes/m/168/nc/U,bw/mu/yes/no/m/162/nc/U,0.95
bw/mu/no/yes/m/168/nc/U,bo/mu/yes/no/d/734/nc/A,0.91
bw/mu/no/yes/m/168/nc/U,bw/mu/yes/no/d/733/nc/A,0.95
bw/mu/no/yes/m/168/nc/U,bw/st/yes/yes/m/198/nc/U,0.57
bw/mu/no/yes/m/168/nc/U,bw/so/no/no/d/761/nc/A,0.49
bw/mu/no/yes/m/168/nc/U,bo/st/no/no/m/766/nc/A,0.66
bw/mu/no/yes/m/168/nc/U,bw/st/no/no/d/759/nc/A,0.53
bw/mu/no/yes/m/168/nc/U,bo/so/no/yes/d/750/nc/A,0.34
bw/mu/no/yes/m/168/nc/U,bw/mu/no/no/d/757/nc/A,0.96
bw/mu/no/yes/m/168/nc/U,bo/so/no/no/m/768/nc/A,0.33
bw/mu/no/yes/m/168/nc/U,bo/so/yes/yes/m/732/nc/A,0.52
bw/mu/no/yes/m/168/nc/U,bw/st/yes/no/d/735/nc/A,0.51
bw/mu/no/yes/m/168/nc/U,bw/st/yes/yes/d/486/nc/U,0.57
bw/mu/no/yes/m/168/nc/U,bw/mu/no/no/d/444/nc/U,0.96
bw/mu/no/yes/m/168/nc/U,bw/so/yes/yes/m/246/nc/U,0.49
bw/mu/no/yes/m/168/nc/U,bo/so/yes/yes/m/270/nc/U,0.52
bw/mu/no/yes/m/168/nc/U,bo/mu/no/yes/d/480/nc/U,0.86
bw/mu/no/yes/m/168/nc/U,bo/mu/yes/no/d/474/nc/U,0.91
bw/mu/no/yes/m/168/nc/U,bo/st/yes/yes/m/222/nc/U,0.66
bw/mu/no/yes/m/168/nc/U,bo/so/yes/no/m/282/nc/U,0.5
bw/mu/no/yes/m/168/nc/U,bo/so/no/no/m/276/nc/U,0.33
bw/mu/no/yes/m/168/nc/U,bo/st/no/yes/m/240/nc/U,0.69
bw/mu/no/yes/m/168/nc/U,bw/st/no/no/m/204/nc/U,0.53
bw/mu/no/yes/m/168/nc/U,bo/mu/yes/yes/d/462/nc/U,0.91
bw/mu/no/yes/m/168/nc/U,bo/st/yes/no/m/234/nc/U,0.65
bw/mu/no/yes/m/168/nc/U,bw/st/yes/no/d/498/nc/U,0.51
bw/mu/no/yes/m/168/nc/U,bw/mu/yes/yes/d/438/nc/U,0.97
bw/mu/no/yes/m/168/nc/U,bw/so/yes/no/m/258/nc/U,0.48
bw/mu/no/yes/m/168/nc/U,bw/so/no/yes/d/749/nc/A,0.5
bw/mu/no/yes/m/168/nc/U,bo/mu/yes/no/m/740/nc/A,0.91
bw/mu/no/yes/m/168/nc/U,bw/st/no/yes/d/747/nc/A,0.59
bw/mu/no/yes/m/168/nc/U,bo/mu/no/no/m/180/nc/U,0.87
bw/mu/no/yes/m/168/nc/U,bo/mu/yes/yes/m/174/nc/U,0.91
bw/mu/no/yes/m/168/nc/U,bo/st/yes/yes/d/510/nc/U,0.66
bw/mu/no/yes/m/168/nc/U,bo/mu/yes/yes/d/722/nc/A,0.91
bw/mu/no/yes/m/168/nc/U,bw/so/yes/yes/d/725/nc/A,0.49
bw/mu/no/yes/m/168/nc/U,bo/st/no/yes/d/528/nc/U,0.69
bw/mu/no/yes/m/168/nc/U,bo/mu/no/yes/d/746/nc/A,0.86
bw/mu/no/yes/m/168/nc/U,bw/st/yes/no/m/741/nc/A,0.51
bw/mu/no/yes/m/168/nc/U,bo/st/no/yes/d/748/nc/A,0.69
bw/mu/no/yes/m/168/nc/U,bo/mu/yes/no/m/186/nc/U,0.91
bw/mu/no/yes/m/168/nc/U,bo/st/no/no/d/516/nc/U,0.66
bw/mu/no/yes/m/168/nc/U,bo/st/yes/yes/d/724/nc/A,0.66
bw/mu/no/yes/m/168/nc/U,bw/st/yes/yes/d/723/nc/A,0.57
bw/mu/no/yes/m/168/nc/U,bo/mu/no/yes/m/192/nc/U,0.86
bw/mu/no/yes/m/168/nc/U,bo/st/yes/yes/m/730/nc/A,0.66
bw/mu/no/yes/m/168/nc/U,bw/so/yes/no/d/737/nc/A,0.48
bw/mu/no/yes/m/168/nc/U,bw/mu/no/yes/m/168/nc/U,1.0
bw/mu/no/yes/m/168/nc/U,bw/mu/yes/no/m/739/nc/A,0.95
bw/mu/no/yes/m/168/nc/U,bw/mu/yes/yes/m/150/nc/U,0.97
bw/mu/no/yes/m/168/nc/U,bw/so/yes/yes/d/534/nc/U,0.49
bw/mu/no/yes/m/168/nc/U,bo/mu/no/yes/m/752/nc/A,0.86
bw/mu/no/yes/m/168/nc/U,bw/so/no/yes/m/755/nc/A,0.5
bw/mu/no/yes/m/168/nc/U,bo/so/yes/yes/d/558/nc/U,0.52
bw/mu/no/yes/m/168/nc/U,bw/mu/no/no/m/763/nc/A,0.96
bw/mu/no/yes/m/168/nc/U,bo/mu/no/no/m/764/nc/A,0.87
bw/mu/no/yes/m/168/nc/U,bo/so/yes/no/d/738/nc/A,0.5
bw/mu/no/yes/m/168/nc/U,bw/mu/no/no/m/156/nc/U,0.96
bw/mu/no/yes/m/168/nc/U,bo/st/yes/no/d/736/nc/A,0.65
bw/mu/no/yes/m/168/nc/U,bw/st/no/yes/d/504/nc/U,0.59
bw/mu/no/yes/m/168/nc/U,bw/so/yes/yes/m/731/nc/A,0.49
bw/mu/no/yes/m/168/nc/U,bw/st/no/no/m/765/nc/A,0.53
bw/mu/no/yes/m/168/nc/U,bo/so/no/no/d/762/nc/A,0.33
bw/mu/no/yes/m/168/nc/U,bo/st/no/yes/m/754/nc/A,0.69
bw/mu/no/yes/m/168/nc/U,bw/st/no/yes/m/753/nc/A,0.59
bw/mu/no/yes/m/168/nc/U,bw/st/no/yes/m/216/nc/U,0.59
bw/mu/no/yes/m/168/nc/U,bo/so/no/yes/m/288/nc/U,0.34
bw/mu/no/yes/m/168/nc/U,bw/st/yes/no/m/210/nc/U,0.51
bw/mu/no/yes/m/168/nc/U,bo/st/no/no/m/228/nc/U,0.66
bw/mu/yes/no/m/739/nc/A,bw/mu/no/yes/d/456/nc/U,0.95
bw/mu/yes/no/m/739/nc/A,bw/so/no/no/m/252/nc/U,0.49
bw/mu/yes/no/m/739/nc/A,bw/so/no/yes/m/264/nc/U,0.5
bw/mu/yes/no/m/739/nc/A,bw/st/no/no/d/492/nc/U,0.54
bw/mu/yes/no/m/739/nc/A,bw/mu/yes/no/d/450/nc/U,1.0
bw/mu/yes/no/m/739/nc/A,bo/mu/no/no/d/468/nc/U,0.88
bw/mu/yes/no/m/739/nc/A,bo/mu/yes/yes/m/728/nc/A,0.9
bw/mu/yes/no/m/739/nc/A,bo/st/yes/no/d/522/nc/U,0.65
bw/mu/yes/no/m/739/nc/A,bo/so/yes/yes/d/726/nc/A,0.52
bw/mu/yes/no/m/739/nc/A,bw/mu/yes/yes/d/721/nc/A,0.96
bw/mu/yes/no/m/739/nc/A,bw/so/no/no/d/540/nc/U,0.49
bw/mu/yes/no/m/739/nc/A,bo/so/yes/no/m/744/nc/A,0.49
bw/mu/yes/no/m/739/nc/A,bo/so/no/yes/d/576/nc/U,0.34
bw/mu/yes/no/m/739/nc/A,bw/so/yes/no/m/743/nc/A,0.48
bw/mu/yes/no/m/739/nc/A,bw/mu/yes/yes/m/727/nc/A,0.96
bw/mu/yes/no/m/739/nc/A,bw/st/yes/yes/m/729/nc/A,0.57
bw/mu/yes/no/m/739/nc/A,bo/st/yes/no/m/742/nc/A,0.65
bw/mu/yes/no/m/739/nc/A,bo/so/yes/no/d/570/nc/U,0.49
bw/mu/yes/no/m/739/nc/A,bw/mu/no/yes/d/745/nc/A,0.95
bw/mu/yes/no/m/739/nc/A,bw/so/yes/no/d/546/nc/U,0.48
bw/mu/yes/no/m/739/nc/A,bo/so/no/no/d/564/nc/U,0.33
bw/mu/yes/no/m/739/nc/A,bo/so/no/yes/m/756/nc/A,0.34
bw/mu/yes/no/m/739/nc/A,bw/mu/no/yes/m/751/nc/A,0.95
bw/mu/yes/no/m/739/nc/A,bw/so/no/no/m/767/nc/A,0.49
bw/mu/yes/no/m/739/nc/A,bo/mu/no/no/d/758/nc/A,0.88
bw/mu/yes/no/m/739/nc/A,bw/so/no/yes/d/552/nc/U,0.5
bw/mu/yes/no/m/739/nc/A,bo/st/no/no/d/760/nc/A,0.66
bw/mu/yes/no/m/739/nc/A,bw/mu/yes/no/m/162/nc/U,1.0
bw/mu/yes/no/m/739/nc/A,bo/mu/yes/no/d/734/nc/A,0.93
bw/mu/yes/no/m/739/nc/A,bw/mu/yes/no/d/733/nc/A,1.0
bw/mu/yes/no/m/739/nc/A,bw/st/yes/yes/m/198/nc/U,0.57
bw/mu/yes/no/m/739/nc/A,bw/so/no/no/d/761/nc/A,0.49
bw/mu/yes/no/m/739/nc/A,bo/st/no/no/m/766/nc/A,0.66
bw/mu/yes/no/m/739/nc/A,bw/st/no/no/d/759/nc/A,0.54
bw/mu/yes/no/m/739/nc/A,bo/so/no/yes/d/750/nc/A,0.34
bw/mu/yes/no/m/739/nc/A,bw/mu/no/no/d/757/nc/A,0.98
bw/mu/yes/no/m/739/nc/A,bo/so/no/no/m/768/nc/A,0.33
bw/mu/yes/no/m/739/nc/A,bo/so/yes/yes/m/732/nc/A,0.52
bw/mu/yes/no/m/739/nc/A,bw/st/yes/no/d/735/nc/A,0.52
bw/mu/yes/no/m/739/nc/A,bw/st/yes/yes/d/486/nc/U,0.57
bw/mu/yes/no/m/739/nc/A,bw/mu/no/no/d/444/nc/U,0.98
bw/mu/yes/no/m/739/nc/A,bw/so/yes/yes/m/246/nc/U,0.48
bw/mu/yes/no/m/739/nc/A,bo/so/yes/yes/m/270/nc/U,0.52
bw/mu/yes/no/m/739/nc/A,bo/mu/no/yes/d/480/nc/U,0.87
bw/mu/yes/no/m/739/nc/A,bo/mu/yes/no/d/474/nc/U,0.93
bw/mu/yes/no/m/739/nc/A,bo/st/yes/yes/m/222/nc/U,0.66
bw/mu/yes/no/m/739/nc/A,bo/so/yes/no/m/282/nc/U,0.49
bw/mu/yes/no/m/739/nc/A,bo/so/no/no/m/276/nc/U,0.33
bw/mu/yes/no/m/739/nc/A,bo/st/no/yes/m/240/nc/U,0.69
bw/mu/yes/no/m/739/nc/A,bw/st/no/no/m/204/nc/U,0.54
bw/mu/yes/no/m/739/nc/A,bo/mu/yes/yes/d/462/nc/U,0.9
bw/mu/yes/no/m/739/nc/A,bo/st/yes/no/m/234/nc/U,0.65
bw/mu/yes/no/m/739/nc/A,bw/st/yes/no/d/498/nc/U,0.52
bw/mu/yes/no/m/739/nc/A,bw/mu/yes/yes/d/438/nc/U,0.96
bw/mu/yes/no/m/739/nc/A,bw/so/yes/no/m/258/nc/U,0.48
bw/mu/yes/no/m/739/nc/A,bw/so/no/yes/d/749/nc/A,0.5
bw/mu/yes/no/m/739/nc/A,bo/mu/yes/no/m/740/nc/A,0.93
bw/mu/yes/no/m/739/nc/A,bw/st/no/yes/d/747/nc/A,0.59
bw/mu/yes/no/m/739/nc/A,bo/mu/no/no/m/180/nc/U,0.88
bw/mu/yes/no/m/739/nc/A,bo/mu/yes/yes/m/174/nc/U,0.9
bw/mu/yes/no/m/739/nc/A,bo/st/yes/yes/d/510/nc/U,0.66
bw/mu/yes/no/m/739/nc/A,bo/mu/yes/yes/d/722/nc/A,0.9
bw/mu/yes/no/m/739/nc/A,bw/so/yes/yes/d/725/nc/A,0.48
bw/mu/yes/no/m/739/nc/A,bo/st/no/yes/d/528/nc/U,0.69
bw/mu/yes/no/m/739/nc/A,bo/mu/no/yes/d/746/nc/A,0.87
bw/mu/yes/no/m/739/nc/A,bw/st/yes/no/m/741/nc/A,0.52
bw/mu/yes/no/m/739/nc/A,bo/st/no/yes/d/748/nc/A,0.69
bw/mu/yes/no/m/739/nc/A,bo/mu/yes/no/m/186/nc/U,0.93
bw/mu/yes/no/m/739/nc/A,bo/st/no/no/d/516/nc/U,0.66
bw/mu/yes/no/m/739/nc/A,bo/st/yes/yes/d/724/nc/A,0.66
bw/mu/yes/no/m/739/nc/A,bw/st/yes/yes/d/723/nc/A,0.57
bw/mu/yes/no/m/739/nc/A,bo/mu/no/yes/m/192/nc/U,0.87
bw/mu/yes/no/m/739/nc/A,bo/st/yes/yes/m/730/nc/A,0.66
bw/mu/yes/no/m/739/nc/A,bw/so/yes/no/d/737/nc/A,0.48
bw/mu/yes/no/m/739/nc/A,bw/mu/no/yes/m/168/nc/U,0.95
bw/mu/yes/no/m/739/nc/A,bw/mu/yes/no/m/739/nc/A,1.0
bw/mu/yes/no/m/739/nc/A,bw/mu/yes/yes/m/150/nc/U,0.96
bw/mu/yes/no/m/739/nc/A,bw/so/yes/yes/d/534/nc/U,0.48
bw/mu/yes/no/m/739/nc/A,bo/mu/no/yes/m/752/nc/A,0.87
bw/mu/yes/no/m/739/nc/A,bw/so/no/yes/m/755/nc/A,0.5
bw/mu/yes/no/m/739/nc/A,bo/so/yes/yes/d/558/nc/U,0.52
bw/mu/yes/no/m/739/nc/A,bw/mu/no/no/m/763/nc/A,0.98
bw/mu/yes/no/m/739/nc/A,bo/mu/no/no/m/764/nc/A,0.88
bw/mu/yes/no/m/739/nc/A,bo/so/yes/no/d/738/nc/A,0.49
bw/mu/yes/no/m/739/nc/A,bw/mu/no/no/m/156/nc/U,0.98
bw/mu/yes/no/m/739/nc/A,bo/st/yes/no/d/736/nc/A,0.65
bw/mu/yes/no/m/739/nc/A,bw/st/no/yes/d/504/nc/U,0.59
bw/mu/yes/no/m/739/nc/A,bw/so/yes/yes/m/731/nc/A,0.48
bw/mu/yes/no/m/739/nc/A,bw/st/no/no/m/765/nc/A,0.54
bw/mu/yes/no/m/739/nc/A,bo/so/no/no/d/762/nc/A,0.33
bw/mu/yes/no/m/739/nc/A,bo/st/no/yes/m/754/nc/A,0.69
bw/mu/yes/no/m/739/nc/A,bw/st/no/yes/m/753/nc/A,0.59
bw/mu/yes/no/m/739/nc/A,bw/st/no/yes/m/216/nc/U,0.59
bw/mu/yes/no/m/739/nc/A,bo/so/no/yes/m/288/nc/U,0.34
bw/mu/yes/no/m/739/nc/A,bw/st/yes/no/m/210/nc/U,0.52
bw/mu/yes/no/m/739/nc/A,bo/st/no/no/m/228/nc/U,0.66
bw/mu/yes/yes/m/150/nc/U,bw/mu/no/yes/d/456/nc/U,0.97
bw/mu/yes/yes/m/150/nc/U,bw/so/no/no/m/252/nc/U,0.49
bw/mu/yes/yes/m/150/nc/U,bw/so/no/yes/m/264/nc/U,0.5
bw/mu/yes/yes/m/150/nc/U,bw/st/no/no/d/492/nc/U,0.53
bw/mu/yes/yes/m/150/nc/U,bw/mu/yes/no/d/450/nc/U,0.96
bw/mu/yes/yes/m/150/nc/U,bo/mu/no/no/d/468/nc/U,0.87
bw/mu/yes/yes/m/150/nc/U,bo/mu/yes/yes/m/728/nc/A,0.92
bw/mu/yes/yes/m/150/nc/U,bo/st/yes/no/d/522/nc/U,0.65
bw/mu/yes/yes/m/150/nc/U,bo/so/yes/yes/d/726/nc/A,0.52
bw/mu/yes/yes/m/150/nc/U,bw/mu/yes/yes/d/721/nc/A,1.0
bw/mu/yes/yes/m/150/nc/U,bw/so/no/no/d/540/nc/U,0.49
bw/mu/yes/yes/m/150/nc/U,bo/so/yes/no/m/744/nc/A,0.5
bw/mu/yes/yes/m/150/nc/U,bo/so/no/yes/d/576/nc/U,0.34
bw/mu/yes/yes/m/150/nc/U,bw/so/yes/no/m/743/nc/A,0.48
bw/mu/yes/yes/m/150/nc/U,bw/mu/yes/yes/m/727/nc/A,1.0
bw/mu/yes/yes/m/150/nc/U,bw/st/yes/yes/m/729/nc/A,0.57
bw/mu/yes/yes/m/150/nc/U,bo/st/yes/no/m/742/nc/A,0.65
bw/mu/yes/yes/m/150/nc/U,bo/so/yes/no/d/570/nc/U,0.5
bw/mu/yes/yes/m/150/nc/U,bw/mu/no/yes/d/745/nc/A,0.97
bw/mu/yes/yes/m/150/nc/U,bw/so/yes/no/d/546/nc/U,0.48
bw/mu/yes/yes/m/150/nc/U,bo/so/no/no/d/564/nc/U,0.33
bw/mu/yes/yes/m/150/nc/U,bo/so/no/yes/m/756/nc/A,0.34
bw/mu/yes/yes/m/150/nc/U,bw/mu/no/yes/m/751/nc/A,0.97
bw/mu/yes/yes/m/150/nc/U,bw/so/no/no/m/767/nc/A,0.49
bw/mu/yes/yes/m/150/nc/U,bo/mu/no/no/d/758/nc/A,0.87
bw/mu/yes/yes/m/150/nc/U,bw/so/no/yes/d/552/nc/U,0.5
bw/mu/yes/yes/m/150/nc/U,bo/st/no/no/d/760/nc/A,0.66
bw/mu/yes/yes/m/150/nc/U,bw/mu/yes/no/m/162/nc/U,0.96
bw/mu/yes/yes/m/150/nc/U,bo/mu/yes/no/d/734/nc/A,0.91
bw/mu/yes/yes/m/150/nc/U,bw/mu/yes/no/d/733/nc/A,0.96
bw/mu/yes/yes/m/150/nc/U,bw/st/yes/yes/m/198/nc/U,0.57
bw/mu/yes/yes/m/150/nc/U,bw/so/no/no/d/761/nc/A,0.49
bw/mu/yes/yes/m/150/nc/U,bo/st/no/no/m/766/nc/A,0.66
bw/mu/yes/yes/m/150/nc/U,bw/st/no/no/d/759/nc/A,0.53
bw/mu/yes/yes/m/150/nc/U,bo/so/no/yes/d/750/nc/A,0.34
bw/mu/yes/yes/m/150/nc/U,bw/mu/no/no/d/757/nc/A,0.94
bw/mu/yes/yes/m/150/nc/U,bo/so/no/no/m/768/nc/A,0.33
bw/mu/yes/yes/m/150/nc/U,bo/so/yes/yes/m/732/nc/A,0.52
bw/mu/yes/yes/m/150/nc/U,bw/st/yes/no/d/735/nc/A,0.52
bw/mu/yes/yes/m/150/nc/U,bw/st/yes/yes/d/486/nc/U,0.57
bw/mu/yes/yes/m/150/nc/U,bw/mu/no/no/d/444/nc/U,0.94
bw/mu/yes/yes/m/150/nc/U,bw/so/yes/yes/m/246/nc/U,0.49
bw/mu/yes/yes/m/150/nc/U,bo/so/yes/yes/m/270/nc/U,0.52
bw/mu/yes/yes/m/150/nc/U,bo/mu/no/yes/d/480/nc/U,0.87
bw/mu/yes/yes/m/150/nc/U,bo/mu/yes/no/d/474/nc/U,0.91
bw/mu/yes/yes/m/150/nc/U,bo/st/yes/yes/m/222/nc/U,0.66
bw/mu/yes/yes/m/150/nc/U,bo/so/yes/no/m/282/nc/U,0.5
bw/mu/yes/yes/m/150/nc/U,bo/so/no/no/m/276/nc/U,0.33
bw/mu/yes/yes/m/150/nc/U,bo/st/no/yes/m/240/nc/U,0.69
bw/mu/yes/yes/m/150/nc/U,bw/st/no/no/m/204/nc/U,0.53
bw/mu/yes/yes/m/150/nc/U,bo/mu/yes/yes/d/462/nc/U,0.92
bw/mu/yes/yes/m/150/nc/U,bo/st/yes/no/m/234/nc/U,0.65
bw/mu/yes/yes/m/150/nc/U,bw/st/yes/no/d/498/nc/U,0.52
bw/mu/yes/yes/m/150/nc/U,bw/mu/yes/yes/d/438/nc/U,1.0
bw/mu/yes/yes/m/150/nc/U,bw/so/yes/no/m/258/nc/U,0.48
bw/mu/yes/yes/m/150/nc/U,bw/so/no/yes/d/749/nc/A,0.5
bw/mu/yes/yes/m/150/nc/U,bo/mu/yes/no/m/740/nc/A,0.91
bw/mu/yes/yes/m/150/nc/U,bw/st/no/yes/d/747/nc/A,0.59
bw/mu/yes/yes/m/150/nc/U,bo/mu/no/no/m/180/nc/U,0.87
bw/mu/yes/yes/m/150/nc/U,bo/mu/yes/yes/m/174/nc/U,0.92
bw/mu/yes/yes/m/150/nc/U,bo/st/yes/yes/d/510/nc/U,0.66
bw/mu/yes/yes/m/150/nc/U,bo/mu/yes/yes/d/722/nc/A,0.92
bw/mu/yes/yes/m/150/nc/U,bw/so/yes/yes/d/725/nc/A,0.49
bw/mu/yes/yes/m/150/nc/U,bo/st/no/yes/d/528/nc/U,0.69
bw/mu/yes/yes/m/150/nc/U,bo/mu/no/yes/d/746/nc/A,0.87
bw/mu/yes/yes/m/150/nc/U,bw/st/yes/no/m/741/nc/A,0.52
bw/mu/yes/yes/m/150/nc/U,bo/st/no/yes/d/748/nc/A,0.69
bw/mu/yes/yes/m/150/nc/U,bo/mu/yes/no/m/186/nc/U,0.91
bw/mu/yes/yes/m/150/nc/U,bo/st/no/no/d/516/nc/U,0.66
bw/mu/yes/yes/m/150/nc/U,bo/st/yes/yes/d/724/nc/A,0.66
bw/mu/yes/yes/m/150/nc/U,bw/st/yes/yes/d/723/nc/A,0.57
bw/mu/yes/yes/m/150/nc/U,bo/mu/no/yes/m/192/nc/U,0.87
bw/mu/yes/yes/m/150/nc/U,bo/st/yes/yes/m/730/nc/A,0.66
bw/mu/yes/yes/m/150/nc/U,bw/so/yes/no/d/737/nc/A,0.48
bw/mu/yes/yes/m/150/nc/U,bw/mu/no/yes/m/168/nc/U,0.97
bw/mu/yes/yes/m/150/nc/U,bw/mu/yes/no/m/739/nc/A,0.96
bw/mu/yes/yes/m/150/nc/U,bw/mu/yes/yes/m/150/nc/U,1.0
bw/mu/yes/yes/m/150/nc/U,bw/so/yes/yes/d/534/nc/U,0.49
bw/mu/yes/yes/m/150/nc/U,bo/mu/no/yes/m/752/nc/A,0.87
bw/mu/yes/yes/m/150/nc/U,bw/so/no/yes/m/755/nc/A,0.5
bw/mu/yes/yes/m/150/nc/U,bo/so/yes/yes/d/558/nc/U,0.52
bw/mu/yes/yes/m/150/nc/U,bw/mu/no/no/m/763/nc/A,0.94
bw/mu/yes/yes/m/150/nc/U,bo/mu/no/no/m/764/nc/A,0.87
bw/mu/yes/yes/m/150/nc/U,bo/so/yes/no/d/738/nc/A,0.5
bw/mu/yes/yes/m/150/nc/U,bw/mu/no/no/m/156/nc/U,0.94
bw/mu/yes/yes/m/150/nc/U,bo/st/yes/no/d/736/nc/A,0.65
bw/mu/yes/yes/m/150/nc/U,bw/st/no/yes/d/504/nc/U,0.59
bw/mu/yes/yes/m/150/nc/U,bw/so/yes/yes/m/731/nc/A,0.49
bw/mu/yes/yes/m/150/nc/U,bw/st/no/no/m/765/nc/A,0.53
bw/mu/yes/yes/m/150/nc/U,bo/so/no/no/d/762/nc/A,0.33
bw/mu/yes/yes/m/150/nc/U,bo/st/no/yes/m/754/nc/A,0.69
bw/mu/yes/yes/m/150/nc/U,bw/st/no/yes/m/753/nc/A,0.59
bw/mu/yes/yes/m/150/nc/U,bw/st/no/yes/m/216/nc/U,0.59
bw/mu/yes/yes/m/150/nc/U,bo/so/no/yes/m/288/nc/U,0.34
bw/mu/yes/yes/m/150/nc/U,bw/st/yes/no/m/210/nc/U,0.52
bw/mu/yes/yes/m/150/nc/U,bo/st/no/no/m/228/nc/U,0.66
bw/so/yes/yes/d/534/nc/U,bw/mu/no/yes/d/456/nc/U,0.49
bw/so/yes/yes/d/534/nc/U,bw/so/no/no/m/252/nc/U,0.8
bw/so/yes/yes/d/534/nc/U,bw/so/no/yes/m/264/nc/U,0.86
bw/so/yes/yes/d/534/nc/U,bw/st/no/no/d/492/nc/U,0.43
bw/so/yes/yes/d/534/nc/U,bw/mu/yes/no/d/450/nc/U,0.48
bw/so/yes/yes/d/534/nc/U,bo/mu/no/no/d/468/nc/U,0.48
bw/so/yes/yes/d/534/nc/U,bo/mu/yes/yes/m/728/nc/A,0.49
bw/so/yes/yes/d/534/nc/U,bo/st/yes/no/d/522/nc/U,0.56
bw/so/yes/yes/d/534/nc/U,bo/so/yes/yes/d/726/nc/A,0.66
bw/so/yes/yes/d/534/nc/U,bw/mu/yes/yes/d/721/nc/A,0.49
bw/so/yes/yes/d/534/nc/U,bw/so/no/no/d/540/nc/U,0.8
bw/so/yes/yes/d/534/nc/U,bo/so/yes/no/m/744/nc/A,0.63
bw/so/yes/yes/d/534/nc/U,bo/so/no/yes/d/576/nc/U,0.38
bw/so/yes/yes/d/534/nc/U,bw/so/yes/no/m/743/nc/A,0.88
bw/so/yes/yes/d/534/nc/U,bw/mu/yes/yes/m/727/nc/A,0.49
bw/so/yes/yes/d/534/nc/U,bw/st/yes/yes/m/729/nc/A,0.47
bw/so/yes/yes/d/534/nc/U,bo/st/yes/no/m/742/nc/A,0.56
bw/so/yes/yes/d/534/nc/U,bo/so/yes/no/d/570/nc/U,0.63
bw/so/yes/yes/d/534/nc/U,bw/mu/no/yes/d/745/nc/A,0.49
bw/so/yes/yes/d/534/nc/U,bw/so/yes/no/d/546/nc/U,0.88
bw/so/yes/yes/d/534/nc/U,bo/so/no/no/d/564/nc/U,0.38
bw/so/yes/yes/d/534/nc/U,bo/so/no/yes/m/756/nc/A,0.38
bw/so/yes/yes/d/534/nc/U,bw/mu/no/yes/m/751/nc/A,0.49
bw/so/yes/yes/d/534/nc/U,bw/so/no/no/m/767/nc/A,0.8
bw/so/yes/yes/d/534/nc/U,bo/mu/no/no/d/758/nc/A,0.48
bw/so/yes/yes/d/534/nc/U,bw/so/no/yes/d/552/nc/U,0.86
bw/so/yes/yes/d/534/nc/U,bo/st/no/no/d/760/nc/A,0.55
bw/so/yes/yes/d/534/nc/U,bw/mu/yes/no/m/162/nc/U,0.48
bw/so/yes/yes/d/534/nc/U,bo/mu/yes/no/d/734/nc/A,0.48
bw/so/yes/yes/d/534/nc/U,bw/mu/yes/no/d/733/nc/A,0.48
bw/so/yes/yes/d/534/nc/U,bw/st/yes/yes/m/198/nc/U,0.47
bw/so/yes/yes/d/534/nc/U,bw/so/no/no/d/761/nc/A,0.8
bw/so/yes/yes/d/534/nc/U,bo/st/no/no/m/766/nc/A,0.55
bw/so/yes/yes/d/534/nc/U,bw/st/no/no/d/759/nc/A,0.43
bw/so/yes/yes/d/534/nc/U,bo/so/no/yes/d/750/nc/A,0.38
bw/so/yes/yes/d/534/nc/U,bw/mu/no/no/d/757/nc/A,0.48
bw/so/yes/yes/d/534/nc/U,bo/so/no/no/m/768/nc/A,0.38
bw/so/yes/yes/d/534/nc/U,bo/so/yes/yes/m/732/nc/A,0.66
bw/so/yes/yes/d/534/nc/U,bw/st/yes/no/d/735/nc/A,0.43
bw/so/yes/yes/d/534/nc/U,bw/st/yes/yes/d/486/nc/U,0.47
bw/so/yes/yes/d/534/nc/U,bw/mu/no/no/d/444/nc/U,0.48
bw/so/yes/yes/d/534/nc/U,bw/so/yes/yes/m/246/nc/U,1.0
bw/so/yes/yes/d/534/nc/U,bo/so/yes/yes/m/270/nc/U,0.66
bw/so/yes/yes/d/534/nc/U,bo/mu/no/yes/d/480/nc/U,0.48
bw/so/yes/yes/d/534/nc/U,bo/mu/yes/no/d/474/nc/U,0.48
bw/so/yes/yes/d/534/nc/U,bo/st/yes/yes/m/222/nc/U,0.56
bw/so/yes/yes/d/534/nc/U,bo/so/yes/no/m/282/nc/U,0.63
bw/so/yes/yes/d/534/nc/U,bo/so/no/no/m/276/nc/U,0.38
bw/so/yes/yes/d/534/nc/U,bo/st/no/yes/m/240/nc/U,0.55
bw/so/yes/yes/d/534/nc/U,bw/st/no/no/m/204/nc/U,0.43
bw/so/yes/yes/d/534/nc/U,bo/mu/yes/yes/d/462/nc/U,0.49
bw/so/yes/yes/d/534/nc/U,bo/st/yes/no/m/234/nc/U,0.56
bw/so/yes/yes/d/534/nc/U,bw/st/yes/no/d/498/nc/U,0.43
bw/so/yes/yes/d/534/nc/U,bw/mu/yes/yes/d/438/nc/U,0.49
bw/so/yes/yes/d/534/nc/U,bw/so/yes/no/m/258/nc/U,0.88
bw/so/yes/yes/d/534/nc/U,bw/so/no/yes/d/749/nc/A,0.86
bw/so/yes/yes/d/534/nc/U,bo/mu/yes/no/m/740/nc/A,0.48
bw/so/yes/yes/d/534/nc/U,bw/st/no/yes/d/747/nc/A,0.47
bw/so/yes/yes/d/534/nc/U,bo/mu/no/no/m/180/nc/U,0.48
bw/so/yes/yes/d/534/nc/U,bo/mu/yes/yes/m/174/nc/U,0.49
bw/so/yes/yes/d/534/nc/U,bo/st/yes/yes/d/510/nc/U,0.56
bw/so/yes/yes/d/534/nc/U,bo/mu/yes/yes/d/722/nc/A,0.49
bw/so/yes/yes/d/534/nc/U,bw/so/yes/yes/d/725/nc/A,1.0
bw/so/yes/yes/d/534/nc/U,bo/st/no/yes/d/528/nc/U,0.55
bw/so/yes/yes/d/534/nc/U,bo/mu/no/yes/d/746/nc/A,0.48
bw/so/yes/yes/d/534/nc/U,bw/st/yes/no/m/741/nc/A,0.43
bw/so/yes/yes/d/534/nc/U,bo/st/no/yes/d/748/nc/A,0.55
bw/so/yes/yes/d/534/nc/U,bo/mu/yes/no/m/186/nc/U,0.48
bw/so/yes/yes/d/534/nc/U,bo/st/no/no/d/516/nc/U,0.55
bw/so/yes/yes/d/534/nc/U,bo/st/yes/yes/d/724/nc/A,0.56
bw/so/yes/yes/d/534/nc/U,bw/st/yes/yes/d/723/nc/A,0.47
bw/so/yes/yes/d/534/nc/U,bo/mu/no/yes/m/192/nc/U,0.48
bw/so/yes/yes/d/534/nc/U,bo/st/yes/yes/m/730/nc/A,0.56
bw/so/yes/yes/d/534/nc/U,bw/so/yes/no/d/737/nc/A,0.88
bw/so/yes/yes/d/534/nc/U,bw/mu/no/yes/m/168/nc/U,0.49
bw/so/yes/yes/d/534/nc/U,bw/mu/yes/no/m/739/nc/A,0.48
bw/so/yes/yes/d/534/nc/U,bw/mu/yes/yes/m/150/nc/U,0.49
bw/so/yes/yes/d/534/nc/U,bw/so/yes/yes/d/534/nc/U,1.0
bw/so/yes/yes/d/534/nc/U,bo/mu/no/yes/m/752/nc/A,0.48
bw/so/yes/yes/d/534/nc/U,bw/so/no/yes/m/755/nc/A,0.86
bw/so/yes/yes/d/534/nc/U,bo/so/yes/yes/d/558/nc/U,0.66
bw/so/yes/yes/d/534/nc/U,bw/mu/no/no/m/763/nc/A,0.48
bw/so/yes/yes/d/534/nc/U,bo/mu/no/no/m/764/nc/A,0.48
bw/so/yes/yes/d/534/nc/U,bo/so/yes/no/d/738/nc/A,0.63
bw/so/yes/yes/d/534/nc/U,bw/mu/no/no/m/156/nc/U,0.48
bw/so/yes/yes/d/534/nc/U,bo/st/yes/no/d/736/nc/A,0.56
bw/so/yes/yes/d/534/nc/U,bw/st/no/yes/d/504/nc/U,0.47
bw/so/yes/yes/d/534/nc/U,bw/so/yes/yes/m/731/nc/A,1.0
bw/so/yes/yes/d/534/nc/U,bw/st/no/no/m/765/nc/A,0.43
bw/so/yes/yes/d/534/nc/U,bo/so/no/no/d/762/nc/A,0.38
bw/so/yes/yes/d/534/nc/U,bo/st/no/yes/m/754/nc/A,0.55
bw/so/yes/yes/d/534/nc/U,bw/st/no/yes/m/753/nc/A,0.47
bw/so/yes/yes/d/534/nc/U,bw/st/no/yes/m/216/nc/U,0.47
bw/so/yes/yes/d/534/nc/U,bo/so/no/yes/m/288/nc/U,0.38
bw/so/yes/yes/d/534/nc/U,bw/st/yes/no/m/210/nc/U,0.43
bw/so/yes/yes/d/534/nc/U,bo/st/no/no/m/228/nc/U,0.55
bo/mu/no/yes/m/752/nc/A,bw/mu/no/yes/d/456/nc/U,0.86
bo/mu/no/yes/m/752/nc/A,bw/so/no/no/m/252/nc/U,0.49
bo/mu/no/yes/m/752/nc/A,bw/so/no/yes/m/264/nc/U,0.5
bo/mu/no/yes/m/752/nc/A,bw/st/no/no/d/492/nc/U,0.49
bo/mu/no/yes/m/752/nc/A,bw/mu/yes/no/d/450/nc/U,0.87
bo/mu/no/yes/m/752/nc/A,bo/mu/no/no/d/468/nc/U,0.94
bo/mu/no/yes/m/752/nc/A,bo/mu/yes/yes/m/728/nc/A,0.91
bo/mu/no/yes/m/752/nc/A,bo/st/yes/no/d/522/nc/U,0.65
bo/mu/no/yes/m/752/nc/A,bo/so/yes/yes/d/726/nc/A,0.54
bo/mu/no/yes/m/752/nc/A,bw/mu/yes/yes/d/721/nc/A,0.87
bo/mu/no/yes/m/752/nc/A,bw/so/no/no/d/540/nc/U,0.49
bo/mu/no/yes/m/752/nc/A,bo/so/yes/no/m/744/nc/A,0.51
bo/mu/no/yes/m/752/nc/A,bo/so/no/yes/d/576/nc/U,0.36
bo/mu/no/yes/m/752/nc/A,bw/so/yes/no/m/743/nc/A,0.48
bo/mu/no/yes/m/752/nc/A,bw/mu/yes/yes/m/727/nc/A,0.87
bo/mu/no/yes/m/752/nc/A,bw/st/yes/yes/m/729/nc/A,0.53
bo/mu/no/yes/m/752/nc/A,bo/st/yes/no/m/742/nc/A,0.65
bo/mu/no/yes/m/752/nc/A,bo/so/yes/no/d/570/nc/U,0.51
bo/mu/no/yes/m/752/nc/A,bw/mu/no/yes/d/745/nc/A,0.86
bo/mu/no/yes/m/752/nc/A,bw/so/yes/no/d/546/nc/U,0.48
bo/mu/no/yes/m/752/nc/A,bo/so/no/no/d/564/nc/U,0.35
bo/mu/no/yes/m/752/nc/A,bo/so/no/yes/m/756/nc/A,0.36
bo/mu/no/yes/m/752/nc/A,bw/mu/no/yes/m/751/nc/A,0.86
bo/mu/no/yes/m/752/nc/A,bw/so/no/no/m/767/nc/A,0.49
bo/mu/no/yes/m/752/nc/A,bo/mu/no/no/d/758/nc/A,0.94
bo/mu/no/yes/m/752/nc/A,bw/so/no/yes/d/552/nc/U,0.5
bo/mu/no/yes/m/752/nc/A,bo/st/no/no/d/760/nc/A,0.66
bo/mu/no/yes/m/752/nc/A,bw/mu/yes/no/m/162/nc/U,0.87
bo/mu/no/yes/m/752/nc/A,bo/mu/yes/no/d/734/nc/A,0.91
bo/mu/no/yes/m/752/nc/A,bw/mu/yes/no/d/733/nc/A,0.87
bo/mu/no/yes/m/752/nc/A,bw/st/yes/yes/m/198/nc/U,0.53
bo/mu/no/yes/m/752/nc/A,bw/so/no/no/d/761/nc/A,0.49
bo/mu/no/yes/m/752/nc/A,bo/st/no/no/m/766/nc/A,0.66
bo/mu/no/yes/m/752/nc/A,bw/st/no/no/d/759/nc/A,0.49
bo/mu/no/yes/m/752/nc/A,bo/so/no/yes/d/750/nc/A,0.36
bo/mu/no/yes/m/752/nc/A,bw/mu/no/no/d/757/nc/A,0.86
bo/mu/no/yes/m/752/nc/A,bo/so/no/no/m/768/nc/A,0.35
bo/mu/no/yes/m/752/nc/A,bo/so/yes/yes/m/732/nc/A,0.54
bo/mu/no/yes/m/752/nc/A,bw/st/yes/no/d/735/nc/A,0.48
bo/mu/no/yes/m/752/nc/A,bw/st/yes/yes/d/486/nc/U,0.53
bo/mu/no/yes/m/752/nc/A,bw/mu/no/no/d/444/nc/U,0.86
bo/mu/no/yes/m/752/nc/A,bw/so/yes/yes/m/246/nc/U,0.48
bo/mu/no/yes/m/752/nc/A,bo/so/yes/yes/m/270/nc/U,0.54
bo/mu/no/yes/m/752/nc/A,bo/mu/no/yes/d/480/nc/U,1.0
bo/mu/no/yes/m/752/nc/A,bo/mu/yes/no/d/474/nc/U,0.91
bo/mu/no/yes/m/752/nc/A,bo/st/yes/yes/m/222/nc/U,0.66
bo/mu/no/yes/m/752/nc/A,bo/so/yes/no/m/282/nc/U,0.51
bo/mu/no/yes/m/752/nc/A,bo/so/no/no/m/276/nc/U,0.35
bo/mu/no/yes/m/752/nc/A,bo/st/no/yes/m/240/nc/U,0.69
bo/mu/no/yes/m/752/nc/A,bw/st/no/no/m/204/nc/U,0.49
bo/mu/no/yes/m/752/nc/A,bo/mu/yes/yes/d/462/nc/U,0.91
bo/mu/no/yes/m/752/nc/A,bo/st/yes/no/m/234/nc/U,0.65
bo/mu/no/yes/m/752/nc/A,bw/st/yes/no/d/498/nc/U,0.48
bo/mu/no/yes/m/752/nc/A,bw/mu/yes/yes/d/438/nc/U,0.87
bo/mu/no/yes/m/752/nc/A,bw/so/yes/no/m/258/nc/U,0.48
bo/mu/no/yes/m/752/nc/A,bw/so/no/yes/d/749/nc/A,0.5
bo/mu/no/yes/m/752/nc/A,bo/mu/yes/no/m/740/nc/A,0.91
bo/mu/no/yes/m/752/nc/A,bw/st/no/yes/d/747/nc/A,0.55
bo/mu/no/yes/m/752/nc/A,bo/mu/no/no/m/180/nc/U,0.94
bo/mu/no/yes/m/752/nc/A,bo/mu/yes/yes/m/174/nc/U,0.91
bo/mu/no/yes/m/752/nc/A,bo/st/yes/yes/d/510/nc/U,0.66
bo/mu/no/yes/m/752/nc/A,bo/mu/yes/yes/d/722/nc/A,0.91
bo/mu/no/yes/m/752/nc/A,bw/so/yes/yes/d/725/nc/A,0.48
bo/mu/no/yes/m/752/nc/A,bo/st/no/yes/d/528/nc/U,0.69
bo/mu/no/yes/m/752/nc/A,bo/mu/no/yes/d/746/nc/A,1.0
bo/mu/no/yes/m/752/nc/A,bw/st/yes/no/m/741/nc/A,0.48
bo/mu/no/yes/m/752/nc/A,bo/st/no/yes/d/748/nc/A,0.69
bo/mu/no/yes/m/752/nc/A,bo/mu/yes/no/m/186/nc/U,0.91
bo/mu/no/yes/m/752/nc/A,bo/st/no/no/d/516/nc/U,0.66
bo/mu/no/yes/m/752/nc/A,bo/st/yes/yes/d/724/nc/A,0.66
bo/mu/no/yes/m/752/nc/A,bw/st/yes/yes/d/723/nc/A,0.53
bo/mu/no/yes/m/752/nc/A,bo/mu/no/yes/m/192/nc/U,1.0
bo/mu/no/yes/m/752/nc/A,bo/st/yes/yes/m/730/nc/A,0.66
bo/mu/no/yes/m/752/nc/A,bw/so/yes/no/d/737/nc/A,0.48
bo/mu/no/yes/m/752/nc/A,bw/mu/no/yes/m/168/nc/U,0.86
bo/mu/no/yes/m/752/nc/A,bw/mu/yes/no/m/739/nc/A,0.87
bo/mu/no/yes/m/752/nc/A,bw/mu/yes/yes/m/150/nc/U,0.87
bo/mu/no/yes/m/752/nc/A,bw/so/yes/yes/d/534/nc/U,0.48
bo/mu/no/yes/m/752/nc/A,bo/mu/no/yes/m/752/nc/A,1.0
bo/mu/no/yes/m/752/nc/A,bw/so/no/yes/m/755/nc/A,0.5
bo/mu/no/yes/m/752/nc/A,bo/so/yes/yes/d/558/nc/U,0.54
bo/mu/no/yes/m/752/nc/A,bw/mu/no/no/m/763/nc/A,0.86
bo/mu/no/yes/m/752/nc/A,bo/mu/no/no/m/764/nc/A,0.94
bo/mu/no/yes/m/752/nc/A,bo/so/yes/no/d/738/nc/A,0.51
bo/mu/no/yes/m/752/nc/A,bw/mu/no/no/m/156/nc/U,0.86
bo/mu/no/yes/m/752/nc/A,bo/st/yes/no/d/736/nc/A,0.65
bo/mu/no/yes/m/752/nc/A,bw/st/no/yes/d/504/nc/U,0.55
bo/mu/no/yes/m/752/nc/A,bw/so/yes/yes/m/731/nc/A,0.48
bo/mu/no/yes/m/752/nc/A,bw/st/no/no/m/765/nc/A,0.49
bo/mu/no/yes/m/752/nc/A,bo/so/no/no/d/762/nc/A,0.35
bo/mu/no/yes/m/752/nc/A,bo/st/no/yes/m/754/nc/A,0.69
bo/mu/no/yes/m/752/nc/A,bw/st/no/yes/m/753/nc/A,0.55
bo/mu/no/yes/m/752/nc/A,bw/st/no/yes/m/216/nc/U,0.55
bo/mu/no/yes/m/752/nc/A,bo/so/no/yes/m/288/nc/U,0.36
bo/mu/no/yes/m/752/nc/A,bw/st/yes/no/m/210/nc/U,0.48
bo/mu/no/yes/m/752/nc/A,bo/st/no/no/m/228/nc/U,0.66
bw/so/no/yes/m/755/nc/A,bw/mu/no/yes/d/456/nc/U,0.5
bw/so/no/yes/m/755/nc/A,bw/so/no/no/m/252/nc/U,0.89
bw/so/no/yes/m/755/nc/A,bw/so/no/yes/m/264/nc/U,1.0
bw/so/no/yes/m/755/nc/A,bw/st/no/no/d/492/nc/U,0.43
bw/so/no/yes/m/755/nc/A,bw/mu/yes/no/d/450/nc/U,0.5
bw/so/no/yes/m/755/nc/A,bo/mu/no/no/d/468/nc/U,0.5
bw/so/no/yes/m/755/nc/A,bo/mu/yes/yes/m/728/nc/A,0.5
bw/so/no/yes/m/755/nc/A,bo/st/yes/no/d/522/nc/U,0.56
bw/so/no/yes/m/755/nc/A,bo/so/yes/yes/d/726/nc/A,0.64
bw/so/no/yes/m/755/nc/A,bw/mu/yes/yes/d/721/nc/A,0.5
bw/so/no/yes/m/755/nc/A,bw/so/no/no/d/540/nc/U,0.89
bw/so/no/yes/m/755/nc/A,bo/so/yes/no/m/744/nc/A,0.61
bw/so/no/yes/m/755/nc/A,bo/so/no/yes/d/576/nc/U,0.38
bw/so/no/yes/m/755/nc/A,bw/so/yes/no/m/743/nc/A,0.79
bw/so/no/yes/m/755/nc/A,bw/mu/yes/yes/m/727/nc/A,0.5
bw/so/no/yes/m/755/nc/A,bw/st/yes/yes/m/729/nc/A,0.46
bw/so/no/yes/m/755/nc/A,bo/st/yes/no/m/742/nc/A,0.56
bw/so/no/yes/m/755/nc/A,bo/so/yes/no/d/570/nc/U,0.61
bw/so/no/yes/m/755/nc/A,bw/mu/no/yes/d/745/nc/A,0.5
bw/so/no/yes/m/755/nc/A,bw/so/yes/no/d/546/nc/U,0.79
bw/so/no/yes/m/755/nc/A,bo/so/no/no/d/564/nc/U,0.39
bw/so/no/yes/m/755/nc/A,bo/so/no/yes/m/756/nc/A,0.38
bw/so/no/yes/m/755/nc/A,bw/mu/no/yes/m/751/nc/A,0.5
bw/so/no/yes/m/755/nc/A,bw/so/no/no/m/767/nc/A,0.89
bw/so/no/yes/m/755/nc/A,bo/mu/no/no/d/758/nc/A,0.5
bw/so/no/yes/m/755/nc/A,bw/so/no/yes/d/552/nc/U,1.0
bw/so/no/yes/m/755/nc/A,bo/st/no/no/d/760/nc/A,0.57
bw/so/no/yes/m/755/nc/A,bw/mu/yes/no/m/162/nc/U,0.5
bw/so/no/yes/m/755/nc/A,bo/mu/yes/no/d/734/nc/A,0.5
bw/so/no/yes/m/755/nc/A,bw/mu/yes/no/d/733/nc/A,0.5
bw/so/no/yes/m/755/nc/A,bw/st/yes/yes/m/198/nc/U,0.46
bw/so/no/yes/m/755/nc/A,bw/so/no/no/d/761/nc/A,0.89
bw/so/no/yes/m/755/nc/A,bo/st/no/no/m/766/nc/A,0.57
bw/so/no/yes/m/755/nc/A,bw/st/no/no/d/759/nc/A,0.43
bw/so/no/yes/m/755/nc/A,bo/so/no/yes/d/750/nc/A,0.38
bw/so/no/yes/m/755/nc/A,bw/mu/no/no/d/757/nc/A,0.5
bw/so/no/yes/m/755/nc/A,bo/so/no/no/m/768/nc/A,0.39
bw/so/no/yes/m/755/nc/A,bo/so/yes/yes/m/732/nc/A,0.64
bw/so/no/yes/m/755/nc/A,bw/st/yes/no/d/735/nc/A,0.42
bw/so/no/yes/m/755/nc/A,bw/st/yes/yes/d/486/nc/U,0.46
bw/so/no/yes/m/755/nc/A,bw/mu/no/no/d/444/nc/U,0.5
bw/so/no/yes/m/755/nc/A,bw/so/yes/yes/m/246/nc/U,0.86
bw/so/no/yes/m/755/nc/A,bo/so/yes/yes/m/270/nc/U,0.64
bw/so/no/yes/m/755/nc/A,bo/mu/no/yes/d/480/nc/U,0.5
bw/so/no/yes/m/755/nc/A,bo/mu/yes/no/d/474/nc/U,0.5
bw/so/no/yes/m/755/nc/A,bo/st/yes/yes/m/222/nc/U,0.56
bw/so/no/yes/m/755/nc/A,bo/so/yes/no/m/282/nc/U,0.61
bw/so/no/yes/m/755/nc/A,bo/so/no/no/m/276/nc/U,0.39
bw/so/no/yes/m/755/nc/A,bo/st/no/yes/m/240/nc/U,0.57
bw/so/no/yes/m/755/nc/A,bw/st/no/no/m/204/nc/U,0.43
bw/so/no/yes/m/755/nc/A,bo/mu/yes/yes/d/462/nc/U,0.5
bw/so/no/yes/m/755/nc/A,bo/st/yes/no/m/234/nc/U,0.56
bw/so/no/yes/m/755/nc/A,bw/st/yes/no/d/498/nc/U,0.42
bw/so/no/yes/m/755/nc/A,bw/mu/yes/yes/d/438/nc/U,0.5
bw/so/no/yes/m/755/nc/A,bw/so/yes/no/m/258/nc/U,0.79
bw/so/no/yes/m/755/nc/A,bw/so/no/yes/d/749/nc/A,1.0
bw/so/no/yes/m/755/nc/A,bo/mu/yes/no/m/740/nc/A,0.5
bw/so/no/yes/m/755/nc/A,bw/st/no/yes/d/747/nc/A,0.48
bw/so/no/yes/m/755/nc/A,bo/mu/no/no/m/180/nc/U,0.5
bw/so/no/yes/m/755/nc/A,bo/mu/yes/yes/m/174/nc/U,0.5
bw/so/no/yes/m/755/nc/A,bo/st/yes/yes/d/510/nc/U,0.56
bw/so/no/yes/m/755/nc/A,bo/mu/yes/yes/d/722/nc/A,0.5
bw/so/no/yes/m/755/nc/A,bw/so/yes/yes/d/725/nc/A,0.86
bw/so/no/yes/m/755/nc/A,bo/st/no/yes/d/528/nc/U,0.57
bw/so/no/yes/m/755/nc/A,bo/mu/no/yes/d/746/nc/A,0.5
bw/so/no/yes/m/755/nc/A,bw/st/yes/no/m/741/nc/A,0.42
bw/so/no/yes/m/755/nc/A,bo/st/no/yes/d/748/nc/A,0.57
bw/so/no/yes/m/755/nc/A,bo/mu/yes/no/m/186/nc/U,0.5
bw/so/no/yes/m/755/nc/A,bo/st/no/no/d/516/nc/U,0.57
bw/so/no/yes/m/755/nc/A,bo/st/yes/yes/d/724/nc/A,0.56
bw/so/no/yes/m/755/nc/A,bw/st/yes/yes/d/723/nc/A,0.46
bw/so/no/yes/m/755/nc/A,bo/mu/no/yes/m/192/nc/U,0.5
bw/so/no/yes/m/755/nc/A,bo/st/yes/yes/m/730/nc/A,0.56
bw/so/no/yes/m/755/nc/A,bw/so/yes/no/d/737/nc/A,0.79
bw/so/no/yes/m/755/nc/A,bw/mu/no/yes/m/168/nc/U,0.5
bw/so/no/yes/m/755/nc/A,bw/mu/yes/no/m/739/nc/A,0.5
bw/so/no/yes/m/755/nc/A,bw/mu/yes/yes/m/150/nc/U,0.5
bw/so/no/yes/m/755/nc/A,bw/so/yes/yes/d/534/nc/U,0.86
bw/so/no/yes/m/755/nc/A,bo/mu/no/yes/m/752/nc/A,0.5
bw/so/no/yes/m/755/nc/A,bw/so/no/yes/m/755/nc/A,1.0
bw/so/no/yes/m/755/nc/A,bo/so/yes/yes/d/558/nc/U,0.64
bw/so/no/yes/m/755/nc/A,bw/mu/no/no/m/763/nc/A,0.5
bw/so/no/yes/m/755/nc/A,bo/mu/no/no/m/764/nc/A,0.5
bw/so/no/yes/m/755/nc/A,bo/so/yes/no/d/738/nc/A,0.61
bw/so/no/yes/m/755/nc/A,bw/mu/no/no/m/156/nc/U,0.5
bw/so/no/yes/m/755/nc/A,bo/st/yes/no/d/736/nc/A,0.56
bw/so/no/yes/m/755/nc/A,bw/st/no/yes/d/504/nc/U,0.48
bw/so/no/yes/m/755/nc/A,bw/so/yes/yes/m/731/nc/A,0.86
bw/so/no/yes/m/755/nc/A,bw/st/no/no/m/765/nc/A,0.43
bw/so/no/yes/m/755/nc/A,bo/so/no/no/d/762/nc/A,0.39
bw/so/no/yes/m/755/nc/A,bo/st/no/yes/m/754/nc/A,0.57
bw/so/no/yes/m/755/nc/A,bw/st/no/yes/m/753/nc/A,0.48
bw/so/no/yes/m/755/nc/A,bw/st/no/yes/m/216/nc/U,0.48
bw/so/no/yes/m/755/nc/A,bo/so/no/yes/m/288/nc/U,0.38
bw/so/no/yes/m/755/nc/A,bw/st/yes/no/m/210/nc/U,0.42
bw/so/no/yes/m/755/nc/A,bo/st/no/no/m/228/nc/U,0.57
bo/so/yes/yes/d/558/nc/U,bw/mu/no/yes/d/456/nc/U,0.52
bo/so/yes/yes/d/558/nc/U,bw/so/no/no/m/252/nc/U,0.61
bo/so/yes/yes/d/558/nc/U,bw/so/no/yes/m/264/nc/U,0.64
bo/so/yes/yes/d/558/nc/U,bw/st/no/no/d/492/nc/U,0.42
bo/so/yes/yes/d/558/nc/U,bw/mu/yes/no/d/450/nc/U,0.52
bo/so/yes/yes/d/558/nc/U,bo/mu/no/no/d/468/nc/U,0.53
bo/so/yes/yes/d/558/nc/U,bo/mu/yes/yes/m/728/nc/A,0.54
bo/so/yes/yes/d/558/nc/U,bo/st/yes/no/d/522/nc/U,0.64
bo/so/yes/yes/d/558/nc/U,bo/so/yes/yes/d/726/nc/A,1.0
bo/so/yes/yes/d/558/nc/U,bw/mu/yes/yes/d/721/nc/A,0.52
bo/so/yes/yes/d/558/nc/U,bw/so/no/no/d/540/nc/U,0.61
bo/so/yes/yes/d/558/nc/U,bo/so/yes/no/m/744/nc/A,0.87
bo/so/yes/yes/d/558/nc/U,bo/so/no/yes/d/576/nc/U,0.48
bo/so/yes/yes/d/558/nc/U,bw/so/yes/no/m/743/nc/A,0.62
bo/so/yes/yes/d/558/nc/U,bw/mu/yes/yes/m/727/nc/A,0.52
bo/so/yes/yes/d/558/nc/U,bw/st/yes/yes/m/729/nc/A,0.46
bo/so/yes/yes/d/558/nc/U,bo/st/yes/no/m/742/nc/A,0.64
bo/so/yes/yes/d/558/nc/U,bo/so/yes/no/d/570/nc/U,0.87
bo/so/yes/yes/d/558/nc/U,bw/mu/no/yes/d/745/nc/A,0.52
bo/so/yes/yes/d/558/nc/U,bw/so/yes/no/d/546/nc/U,0.62
bo/so/yes/yes/d/558/nc/U,bo/so/no/no/d/564/nc/U,0.49
bo/so/yes/yes/d/558/nc/U,bo/so/no/yes/m/756/nc/A,0.48
bo/so/yes/yes/d/558/nc/U,bw/mu/no/yes/m/751/nc/A,0.52
bo/so/yes/yes/d/558/nc/U,bw/so/no/no/m/767/nc/A,0.61
bo/so/yes/yes/d/558/nc/U,bo/mu/no/no/d/758/nc/A,0.53
bo/so/yes/yes/d/558/nc/U,bw/so/no/yes/d/552/nc/U,0.64
bo/so/yes/yes/d/558/nc/U,bo/st/no/no/d/760/nc/A,0.61
bo/so/yes/yes/d/558/nc/U,bw/mu/yes/no/m/162/nc/U,0.52
bo/so/yes/yes/d/558/nc/U,bo/mu/yes/no/d/734/nc/A,0.54
bo/so/yes/yes/d/558/nc/U,bw/mu/yes/no/d/733/nc/A,0.52
bo/so/yes/yes/d/558/nc/U,bw/st/yes/yes/m/198/nc/U,0.46
bo/so/yes/yes/d/558/nc/U,bw/so/no/no/d/761/nc/A,0.61
bo/so/yes/yes/d/558/nc/U,bo/st/no/no/m/766/nc/A,0.61
bo/so/yes/yes/d/558/nc/U,bw/st/no/no/d/759/nc/A,0.42
bo/so/yes/yes/d/558/nc/U,bo/so/no/yes/d/750/nc/A,0.48
bo/so/yes/yes/d/558/nc/U,bw/mu/no/no/d/757/nc/A,0.52
bo/so/yes/yes/d/558/nc/U,bo/so/no/no/m/768/nc/A,0.49
bo/so/yes/yes/d/558/nc/U,bo/so/yes/yes/m/732/nc/A,1.0
bo/so/yes/yes/d/558/nc/U,bw/st/yes/no/d/735/nc/A,0.41
bo/so/yes/yes/d/558/nc/U,bw/st/yes/yes/d/486/nc/U,0.46
bo/so/yes/yes/d/558/nc/U,bw/mu/no/no/d/444/nc/U,0.52
bo/so/yes/yes/d/558/nc/U,bw/so/yes/yes/m/246/nc/U,0.66
bo/so/yes/yes/d/558/nc/U,bo/so/yes/yes/m/270/nc/U,1.0
bo/so/yes/yes/d/558/nc/U,bo/mu/no/yes/d/480/nc/U,0.54
bo/so/yes/yes/d/558/nc/U,bo/mu/yes/no/d/474/nc/U,0.54
bo/so/yes/yes/d/558/nc/U,bo/st/yes/yes/m/222/nc/U,0.63
bo/so/yes/yes/d/558/nc/U,bo/so/yes/no/m/282/nc/U,0.87
bo/so/yes/yes/d/558/nc/U,bo/so/no/no/m/276/nc/U,0.49
bo/so/yes/yes/d/558/nc/U,bo/st/no/yes/m/240/nc/U,0.61
bo/so/yes/yes/d/558/nc/U,bw/st/no/no/m/204/nc/U,0.42
bo/so/yes/yes/d/558/nc/U,bo/mu/yes/yes/d/462/nc/U,0.54
bo/so/yes/yes/d/558/nc/U,bo/st/yes/no/m/234/nc/U,0.64
bo/so/yes/yes/d/558/nc/U,bw/st/yes/no/d/498/nc/U,0.41
bo/so/yes/yes/d/558/nc/U,bw/mu/yes/yes/d/438/nc/U,0.52
bo/so/yes/yes/d/558/nc/U,bw/so/yes/no/m/258/nc/U,0.62
bo/so/yes/yes/d/558/nc/U,bw/so/no/yes/d/749/nc/A,0.64
bo/so/yes/yes/d/558/nc/U,bo/mu/yes/no/m/740/nc/A,0.54
bo/so/yes/yes/d/558/nc/U,bw/st/no/yes/d/747/nc/A,0.46
bo/so/yes/yes/d/558/nc/U,bo/mu/no/no/m/180/nc/U,0.53
bo/so/yes/yes/d/558/nc/U,bo/mu/yes/yes/m/174/nc/U,0.54
bo/so/yes/yes/d/558/nc/U,bo/st/yes/yes/d/510/nc/U,0.63
bo/so/yes/yes/d/558/nc/U,bo/mu/yes/yes/d/722/nc/A,0.54
bo/so/yes/yes/d/558/nc/U,bw/so/yes/yes/d/725/nc/A,0.66
bo/so/yes/yes/d/558/nc/U,bo/st/no/yes/d/528/nc/U,0.61
bo/so/yes/yes/d/558/nc/U,bo/mu/no/yes/d/746/nc/A,0.54
bo/so/yes/yes/d/558/nc/U,bw/st/yes/no/m/741/nc/A,0.41
bo/so/yes/yes/d/558/nc/U,bo/st/no/yes/d/748/nc/A,0.61
bo/so/yes/yes/d/558/nc/U,bo/mu/yes/no/m/186/nc/U,0.54
bo/so/yes/yes/d/558/nc/U,bo/st/no/no/d/516/nc/U,0.61
bo/so/yes/yes/d/558/nc/U,bo/st/yes/yes/d/724/nc/A,0.63
bo/so/yes/yes/d/558/nc/U,bw/st/yes/yes/d/723/nc/A,0.46
bo/so/yes/yes/d/558/nc/U,bo/mu/no/yes/m/192/nc/U,0.54
bo/so/yes/yes/d/558/nc/U,bo/st/yes/yes/m/730/nc/A,0.63
bo/so/yes/yes/d/558/nc/U,bw/so/yes/no/d/737/nc/A,0.62
bo/so/yes/yes/d/558/nc/U,bw/mu/no/yes/m/168/nc/U,0.52
bo/so/yes/yes/d/558/nc/U,bw/mu/yes/no/m/739/nc/A,0.52
bo/so/yes/yes/d/558/nc/U,bw/mu/yes/yes/m/150/nc/U,0.52
bo/so/yes/yes/d/558/nc/U,bw/so/yes/yes/d/534/nc/U,0.66
bo/so/yes/yes/d/558/nc/U,bo/mu/no/yes/m/752/nc/A,0.54
bo/so/yes/yes/d/558/nc/U,bw/so/no/yes/m/755/nc/A,0.64
bo/so/yes/yes/d/558/nc/U,bo/so/yes/yes/d/558/nc/U,1.0
bo/so/yes/yes/d/558/nc/U,bw/mu/no/no/m/763/nc/A,0.52
bo/so/yes/yes/d/558/nc/U,bo/mu/no/no/m/764/nc/A,0.53
bo/so/yes/yes/d/558/nc/U,bo/so/yes/no/d/738/nc/A,0.87
bo/so/yes/yes/d/558/nc/U,bw/mu/no/no/m/156/nc/U,0.52
bo/so/yes/yes/d/558/nc/U,bo/st/yes/no/d/736/nc/A,0.64
bo/so/yes/yes/d/558/nc/U,bw/st/no/yes/d/504/nc/U,0.46
bo/so/yes/yes/d/558/nc/U,bw/so/yes/yes/m/731/nc/A,0.66
bo/so/yes/yes/d/558/nc/U,bw/st/no/no/m/765/nc/A,0.42
bo/so/yes/yes/d/558/nc/U,bo/so/no/no/d/762/nc/A,0.49
bo/so/yes/yes/d/558/nc/U,bo/st/no/yes/m/754/nc/A,0.61
bo/so/yes/yes/d/558/nc/U,bw/st/no/yes/m/753/nc/A,0.46
bo/so/yes/yes/d/558/nc/U,bw/st/no/yes/m/216/nc/U,0.46
bo/so/yes/yes/d/558/nc/U,bo/so/no/yes/m/288/nc/U,0.48
bo/so/yes/yes/d/558/nc/U,bw/st/yes/no/m/210/nc/U,0.41
bo/so/yes/yes/d/558/nc/U,bo/st/no/no/m/228/nc/U,0.61
bw/mu/no/no/m/763/nc/A,bw/mu/no/yes/d/456/nc/U,0.96
bw/mu/no/no/m/763/nc/A,bw/so/no/no/m/252/nc/U,0.49
bw/mu/no/no/m/763/nc/A,bw/so/no/yes/m/264/nc/U,0.5
bw/mu/no/no/m/763/nc/A,bw/st/no/no/d/492/nc/U,0.53
bw/mu/no/no/m/763/nc/A,bw/mu/yes/no/d/450/nc/U,0.98
bw/mu/no/no/m/763/nc/A,bo/mu/no/no/d/468/nc/U,0.88
bw/mu/no/no/m/763/nc/A,bo/mu/yes/yes/m/728/nc/A,0.89
bw/mu/no/no/m/763/nc/A,bo/st/yes/no/d/522/nc/U,0.65
bw/mu/no/no/m/763/nc/A,bo/so/yes/yes/d/726/nc/A,0.52
bw/mu/no/no/m/763/nc/A,bw/mu/yes/yes/d/721/nc/A,0.94
bw/mu/no/no/m/763/nc/A,bw/so/no/no/d/540/nc/U,0.49
bw/mu/no/no/m/763/nc/A,bo/so/yes/no/m/744/nc/A,0.49
bw/mu/no/no/m/763/nc/A,bo/so/no/yes/d/576/nc/U,0.34
bw/mu/no/no/m/763/nc/A,bw/so/yes/no/m/743/nc/A,0.48
bw/mu/no/no/m/763/nc/A,bw/mu/yes/yes/m/727/nc/A,0.94
bw/mu/no/no/m/763/nc/A,bw/st/yes/yes/m/729/nc/A,0.57
bw/mu/no/no/m/763/nc/A,bo/st/yes/no/m/742/nc/A,0.65
bw/mu/no/no/m/763/nc/A,bo/so/yes/no/d/570/nc/U,0.49
bw/mu/no/no/m/763/nc/A,bw/mu/no/yes/d/745/nc/A,0.96
bw/mu/no/no/m/763/nc/A,bw/so/yes/no/d/546/nc/U,0.48
bw/mu/no/no/m/763/nc/A,bo/so/no/no/d/564/nc/U,0.33
bw/mu/no/no/m/763/nc/A,bo/so/no/yes/m/756/nc/A,0.34
bw/mu/no/no/m/763/nc/A,bw/mu/no/yes/m/751/nc/A,0.96
bw/mu/no/no/m/763/nc/A,bw/so/no/no/m/767/nc/A,0.49
bw/mu/no/no/m/763/nc/A,bo/mu/no/no/d/758/nc/A,0.88
bw/mu/no/no/m/763/nc/A,bw/so/no/yes/d/552/nc/U,0.5
bw/mu/no/no/m/763/nc/A,bo/st/no/no/d/760/nc/A,0.66
bw/mu/no/no/m/763/nc/A,bw/mu/yes/no/m/162/nc/U,0.98
bw/mu/no/no/m/763/nc/A,bo/mu/yes/no/d/734/nc/A,0.91
bw/mu/no/no/m/763/nc/A,bw/mu/yes/no/d/733/nc/A,0.98
bw/mu/no/no/m/763/nc/A,bw/st/yes/yes/m/198/nc/U,0.57
bw/mu/no/no/m/763/nc/A,bw/so/no/no/d/761/nc/A,0.49
bw/mu/no/no/m/763/nc/A,bo/st/no/no/m/766/nc/A,0.66
bw/mu/no/no/m/763/nc/A,bw/st/no/no/d/759/nc/A,0.53
bw/mu/no/no/m/763/nc/A,bo/so/no/yes/d/750/nc/A,0.34
bw/mu/no/no/m/763/nc/A,bw/mu/no/no/d/757/nc/A,1.0
bw/mu/no/no/m/763/nc/A,bo/so/no/no/m/768/nc/A,0.33
bw/mu/no/no/m/763/nc/A,bo/so/yes/yes/m/732/nc/A,0.52
bw/mu/no/no/m/763/nc/A,bw/st/yes/no/d/735/nc/A,0.52
bw/mu/no/no/m/763/nc/A,bw/st/yes/yes/d/486/nc/U,0.57
bw/mu/no/no/m/763/nc/A,bw/mu/no/no/d/444/nc/U,1.0
bw/mu/no/no/m/763/nc/A,bw/so/yes/yes/m/246/nc/U,0.48
bw/mu/no/no/m/763/nc/A,bo/so/yes/yes/m/270/nc/U,0.52
bw/mu/no/no/m/763/nc/A,bo/mu/no/yes/d/480/nc/U,0.86
bw/mu/no/no/m/763/nc/A,bo/mu/yes/no/d/474/nc/U,0.91
bw/mu/no/no/m/763/nc/A,bo/st/yes/yes/m/222/nc/U,0.66
bw/mu/no/no/m/763/nc/A,bo/so/yes/no/m/282/nc/U,0.49
bw/mu/no/no/m/763/nc/A,bo/so/no/no/m/276/nc/U,0.33
bw/mu/no/no/m/763/nc/A,bo/st/no/yes/m/240/nc/U,0.68
bw/mu/no/no/m/763/nc/A,bw/st/no/no/m/204/nc/U,0.53
bw/mu/no/no/m/763/nc/A,bo/mu/yes/yes/d/462/nc/U,0.89
bw/mu/no/no/m/763/nc/A,bo/st/yes/no/m/234/nc/U,0.65
bw/mu/no/no/m/763/nc/A,bw/st/yes/no/d/498/nc/U,0.52
bw/mu/no/no/m/763/nc/A,bw/mu/yes/yes/d/438/nc/U,0.94
bw/mu/no/no/m/763/nc/A,bw/so/yes/no/m/258/nc/U,0.48
bw/mu/no/no/m/763/nc/A,bw/so/no/yes/d/749/nc/A,0.5
bw/mu/no/no/m/763/nc/A,bo/mu/yes/no/m/740/nc/A,0.91
bw/mu/no/no/m/763/nc/A,bw/st/no/yes/d/747/nc/A,0.59
bw/mu/no/no/m/763/nc/A,bo/mu/no/no/m/180/nc/U,0.88
bw/mu/no/no/m/763/nc/A,bo/mu/yes/yes/m/174/nc/U,0.89
bw/mu/no/no/m/763/nc/A,bo/st/yes/yes/d/510/nc/U,0.66
bw/mu/no/no/m/763/nc/A,bo/mu/yes/yes/d/722/nc/A,0.89
bw/mu/no/no/m/763/nc/A,bw/so/yes/yes/d/725/nc/A,0.48
bw/mu/no/no/m/763/nc/A,bo/st/no/yes/d/528/nc/U,0.68
bw/mu/no/no/m/763/nc/A,bo/mu/no/yes/d/746/nc/A,0.86
bw/mu/no/no/m/763/nc/A,bw/st/yes/no/m/741/nc/A,0.52
bw/mu/no/no/m/763/nc/A,bo/st/no/yes/d/748/nc/A,0.68
bw/mu/no/no/m/763/nc/A,bo/mu/yes/no/m/186/nc/U,0.91
bw/mu/no/no/m/763/nc/A,bo/st/no/no/d/516/nc/U,0.66
bw/mu/no/no/m/763/nc/A,bo/st/yes/yes/d/724/nc/A,0.66
bw/mu/no/no/m/763/nc/A,bw/st/yes/yes/d/723/nc/A,0.57
bw/mu/no/no/m/763/nc/A,bo/mu/no/yes/m/192/nc/U,0.86
bw/mu/no/no/m/763/nc/A,bo/st/yes/yes/m/730/nc/A,0.66
bw/mu/no/no/m/763/nc/A,bw/so/yes/no/d/737/nc/A,0.48
bw/mu/no/no/m/763/nc/A,bw/mu/no/yes/m/168/nc/U,0.96
bw/mu/no/no/m/763/nc/A,bw/mu/yes/no/m/739/nc/A,0.98
bw/mu/no/no/m/763/nc/A,bw/mu/yes/yes/m/150/nc/U,0.94
bw/mu/no/no/m/763/nc/A,bw/so/yes/yes/d/534/nc/U,0.48
bw/mu/no/no/m/763/nc/A,bo/mu/no/yes/m/752/nc/A,0.86
bw/mu/no/no/m/763/nc/A,bw/so/no/yes/m/755/nc/A,0.5
bw/mu/no/no/m/763/nc/A,bo/so/yes/yes/d/558/nc/U,0.52
bw/mu/no/no/m/763/nc/A,bw/mu/no/no/m/763/nc/A,1.0
bw/mu/no/no/m/763/nc/A,bo/mu/no/no/m/764/nc/A,0.88
bw/mu/no/no/m/763/nc/A,bo/so/yes/no/d/738/nc/A,0.49
bw/mu/no/no/m/763/nc/A,bw/mu/no/no/m/156/nc/U,1.0
bw/mu/no/no/m/763/nc/A,bo/st/yes/no/d/736/nc/A,0.65
bw/mu/no/no/m/763/nc/A,bw/st/no/yes/d/504/nc/U,0.59
bw/mu/no/no/m/763/nc/A,bw/so/yes/yes/m/731/nc/A,0.48
bw/mu/no/no/m/763/nc/A,bw/st/no/no/m/765/nc/A,0.53
bw/mu/no/no/m/763/nc/A,bo/so/no/no/d/762/nc/A,0.33
bw/mu/no/no/m/763/nc/A,bo/st/no/yes/m/754/nc/A,0.68
bw/mu/no/no/m/763/nc/A,bw/st/no/yes/m/753/nc/A,0.59
bw/mu/no/no/m/763/nc/A,bw/st/no/yes/m/216/nc/U,0.59
bw/mu/no/no/m/763/nc/A,bo/so/no/yes/m/288/nc/U,0.34
bw/mu/no/no/m/763/nc/A,bw/st/yes/no/m/210/nc/U,0.52
bw/mu/no/no/m/763/nc/A,bo/st/no/no/m/228/nc/U,0.66
bo/mu/no/no/m/764/nc/A,bw/mu/no/yes/d/456/nc/U,0.87
bo/mu/no/no/m/764/nc/A,bw/so/no/no/m/252/nc/U,0.49
bo/mu/no/no/m/764/nc/A,bw/so/no/yes/m/264/nc/U,0.5
bo/mu/no/no/m/764/nc/A,bw/st/no/no/d/492/nc/U,0.5
bo/mu/no/no/m/764/nc/A,bw/mu/yes/no/d/450/nc/U,0.88
bo/mu/no/no/m/764/nc/A,bo/mu/no/no/d/468/nc/U,1.0
bo/mu/no/no/m/764/nc/A,bo/mu/yes/yes/m/728/nc/A,0.9
bo/mu/no/no/m/764/nc/A,bo/st/yes/no/d/522/nc/U,0.65
bo/mu/no/no/m/764/nc/A,bo/so/yes/yes/d/726/nc/A,0.53
bo/mu/no/no/m/764/nc/A,bw/mu/yes/yes/d/721/nc/A,0.87
bo/mu/no/no/m/764/nc/A,bw/so/no/no/d/540/nc/U,0.49
bo/mu/no/no/m/764/nc/A,bo/so/yes/no/m/744/nc/A,0.51
bo/mu/no/no/m/764/nc/A,bo/so/no/yes/d/576/nc/U,0.36
bo/mu/no/no/m/764/nc/A,bw/so/yes/no/m/743/nc/A,0.48
bo/mu/no/no/m/764/nc/A,bw/mu/yes/yes/m/727/nc/A,0.87
bo/mu/no/no/m/764/nc/A,bw/st/yes/yes/m/729/nc/A,0.53
bo/mu/no/no/m/764/nc/A,bo/st/yes/no/m/742/nc/A,0.65
bo/mu/no/no/m/764/nc/A,bo/so/yes/no/d/570/nc/U,0.51
bo/mu/no/no/m/764/nc/A,bw/mu/no/yes/d/745/nc/A,0.87
bo/mu/no/no/m/764/nc/A,bw/so/yes/no/d/546/nc/U,0.48
bo/mu/no/no/m/764/nc/A,bo/so/no/no/d/564/nc/U,0.35
bo/mu/no/no/m/764/nc/A,bo/so/no/yes/m/756/nc/A,0.36
bo/mu/no/no/m/764/nc/A,bw/mu/no/yes/m/751/nc/A,0.87
bo/mu/no/no/m/764/nc/A,bw/so/no/no/m/767/nc/A,0.49
bo/mu/no/no/m/764/nc/A,bo/mu/no/no/d/758/nc/A,1.0
bo/mu/no/no/m/764/nc/A,bw/so/no/yes/d/552/nc/U,0.5
bo/mu/no/no/m/764/nc/A,bo/st/no/no/d/760/nc/A,0.67
bo/mu/no/no/m/764/nc/A,bw/mu/yes/no/m/162/nc/U,0.88
bo/mu/no/no/m/764/nc/A,bo/mu/yes/no/d/734/nc/A,0.92
bo/mu/no/no/m/764/nc/A,bw/mu/yes/no/d/733/nc/A,0.88
bo/mu/no/no/m/764/nc/A,bw/st/yes/yes/m/198/nc/U,0.53
bo/mu/no/no/m/764/nc/A,bw/so/no/no/d/761/nc/A,0.49
bo/mu/no/no/m/764/nc/A,bo/st/no/no/m/766/nc/A,0.67
bo/mu/no/no/m/764/nc/A,bw/st/no/no/d/759/nc/A,0.5
bo/mu/no/no/m/764/nc/A,bo/so/no/yes/d/750/nc/A,0.36
bo/mu/no/no/m/764/nc/A,bw/mu/no/no/d/757/nc/A,0.88
bo/mu/no/no/m/764/nc/A,bo/so/no/no/m/768/nc/A,0.35
bo/mu/no/no/m/764/nc/A,bo/so/yes/yes/m/732/nc/A,0.53
bo/mu/no/no/m/764/nc/A,bw/st/yes/no/d/735/nc/A,0.49
bo/mu/no/no/m/764/nc/A,bw/st/yes/yes/d/486/nc/U,0.53
bo/mu/no/no/m/764/nc/A,bw/mu/no/no/d/444/nc/U,0.88
bo/mu/no/no/m/764/nc/A,bw/so/yes/yes/m/246/nc/U,0.48
bo/mu/no/no/m/764/nc/A,bo/so/yes/yes/m/270/nc/U,0.53
bo/mu/no/no/m/764/nc/A,bo/mu/no/yes/d/480/nc/U,0.94
bo/mu/no/no/m/764/nc/A,bo/mu/yes/no/d/474/nc/U,0.92
bo/mu/no/no/m/764/nc/A,bo/st/yes/yes/m/222/nc/U,0.66
bo/mu/no/no/m/764/nc/A,bo/so/yes/no/m/282/nc/U,0.51
bo/mu/no/no/m/764/nc/A,bo/so/no/no/m/276/nc/U,0.35
bo/mu/no/no/m/764/nc/A,bo/st/no/yes/m/240/nc/U,0.69
bo/mu/no/no/m/764/nc/A,bw/st/no/no/m/204/nc/U,0.5
bo/mu/no/no/m/764/nc/A,bo/mu/yes/yes/d/462/nc/U,0.9
bo/mu/no/no/m/764/nc/A,bo/st/yes/no/m/234/nc/U,0.65
bo/mu/no/no/m/764/nc/A,bw/st/yes/no/d/498/nc/U,0.49
bo/mu/no/no/m/764/nc/A,bw/mu/yes/yes/d/438/nc/U,0.87
bo/mu/no/no/m/764/nc/A,bw/so/yes/no/m/258/nc/U,0.48
bo/mu/no/no/m/764/nc/A,bw/so/no/yes/d/749/nc/A,0.5
bo/mu/no/no/m/764/nc/A,bo/mu/yes/no/m/740/nc/A,0.92
bo/mu/no/no/m/764/nc/A,bw/st/no/yes/d/747/nc/A,0.56
bo/mu/no/no/m/764/nc/A,bo/mu/no/no/m/180/nc/U,1.0
bo/mu/no/no/m/764/nc/A,bo/mu/yes/yes/m/174/nc/U,0.9
bo/mu/no/no/m/764/nc/A,bo/st/yes/yes/d/510/nc/U,0.66
bo/mu/no/no/m/764/nc/A,bo/mu/yes/yes/d/722/nc/A,0.9
bo/mu/no/no/m/764/nc/A,bw/so/yes/yes/d/725/nc/A,0.48
bo/mu/no/no/m/764/nc/A,bo/st/no/yes/d/528/nc/U,0.69
bo/mu/no/no/m/764/nc/A,bo/mu/no/yes/d/746/nc/A,0.94
bo/mu/no/no/m/764/nc/A,bw/st/yes/no/m/741/nc/A,0.49
bo/mu/no/no/m/764/nc/A,bo/st/no/yes/d/748/nc/A,0.69
bo/mu/no/no/m/764/nc/A,bo/mu/yes/no/m/186/nc/U,0.92
bo/mu/no/no/m/764/nc/A,bo/st/no/no/d/516/nc/U,0.67
bo/mu/no/no/m/764/nc/A,bo/st/yes/yes/d/724/nc/A,0.66
bo/mu/no/no/m/764/nc/A,bw/st/yes/yes/d/723/nc/A,0.53
bo/mu/no/no/m/764/nc/A,bo/mu/no/yes/m/192/nc/U,0.94
bo/mu/no/no/m/764/nc/A,bo/st/yes/yes/m/730/nc/A,0.66
bo/mu/no/no/m/764/nc/A,bw/so/yes/no/d/737/nc/A,0.48
bo/mu/no/no/m/764/nc/A,bw/mu/no/yes/m/168/nc/U,0.87
bo/mu/no/no/m/764/nc/A,bw/mu/yes/no/m/739/nc/A,0.88
bo/mu/no/no/m/764/nc/A,bw/mu/yes/yes/m/150/nc/U,0.87
bo/mu/no/no/m/764/nc/A,bw/so/yes/yes/d/534/nc/U,0.48
bo/mu/no/no/m/764/nc/A,bo/mu/no/yes/m/752/nc/A,0.94
bo/mu/no/no/m/764/nc/A,bw/so/no/yes/m/755/nc/A,0.5
bo/mu/no/no/m/764/nc/A,bo/so/yes/yes/d/558/nc/U,0.53
bo/mu/no/no/m/764/nc/A,bw/mu/no/no/m/763/nc/A,0.88
bo/mu/no/no/m/764/nc/A,bo/mu/no/no/m/764/nc/A,1.0
bo/mu/no/no/m/764/nc/A,bo/so/yes/no/d/738/nc/A,0.51
bo/mu/no/no/m/764/nc/A,bw/mu/no/no/m/156/nc/U,0.88
bo/mu/no/no/m/764/nc/A,bo/st/yes/no/d/736/nc/A,0.65
bo/mu/no/no/m/764/nc/A,bw/st/no/yes/d/504/nc/U,0.56
bo/mu/no/no/m/764/nc/A,bw/so/yes/yes/m/731/nc/A,0.48
bo/mu/no/no/m/764/nc/A,bw/st/no/no/m/765/nc/A,0.5
bo/mu/no/no/m/764/nc/A,bo/so/no/no/d/762/nc/A,0.35
bo/mu/no/no/m/764/nc/A,bo/st/no/yes/m/754/nc/A,0.69
bo/mu/no/no/m/764/nc/A,bw/st/no/yes/m/753/nc/A,0.56
bo/mu/no/no/m/764/nc/A,bw/st/no/yes/m/216/nc/U,0.56
bo/mu/no/no/m/764/nc/A,bo/so/no/yes/m/288/nc/U,0.36
bo/mu/no/no/m/764/nc/A,bw/st/yes/no/m/210/nc/U,0.49
bo/mu/no/no/m/764/nc/A,bo/st/no/no/m/228/nc/U,0.67
bo/so/yes/no/d/738/nc/A,bw/mu/no/yes/d/456/nc/U,0.5
bo/so/yes/no/d/738/nc/A,bw/so/no/no/m/252/nc/U,0.66
bo/so/yes/no/d/738/nc/A,bw/so/no/yes/m/264/nc/U,0.61
bo/so/yes/no/d/738/nc/A,bw/st/no/no/d/492/nc/U,0.41
bo/so/yes/no/d/738/nc/A,bw/mu/yes/no/d/450/nc/U,0.49
bo/so/yes/no/d/738/nc/A,bo/mu/no/no/d/468/nc/U,0.51
bo/so/yes/no/d/738/nc/A,bo/mu/yes/yes/m/728/nc/A,0.52
bo/so/yes/no/d/738/nc/A,bo/st/yes/no/d/522/nc/U,0.61
bo/so/yes/no/d/738/nc/A,bo/so/yes/yes/d/726/nc/A,0.87
bo/so/yes/no/d/738/nc/A,bw/mu/yes/yes/d/721/nc/A,0.5
bo/so/yes/no/d/738/nc/A,bw/so/no/no/d/540/nc/U,0.66
bo/so/yes/no/d/738/nc/A,bo/so/yes/no/m/744/nc/A,1.0
bo/so/yes/no/d/738/nc/A,bo/so/no/yes/d/576/nc/U,0.45
bo/so/yes/no/d/738/nc/A,bw/so/yes/no/m/743/nc/A,0.69
bo/so/yes/no/d/738/nc/A,bw/mu/yes/yes/m/727/nc/A,0.5
bo/so/yes/no/d/738/nc/A,bw/st/yes/yes/m/729/nc/A,0.44
bo/so/yes/no/d/738/nc/A,bo/st/yes/no/m/742/nc/A,0.61
bo/so/yes/no/d/738/nc/A,bo/so/yes/no/d/570/nc/U,1.0
bo/so/yes/no/d/738/nc/A,bw/mu/no/yes/d/745/nc/A,0.5
bo/so/yes/no/d/738/nc/A,bw/so/yes/no/d/546/nc/U,0.69
bo/so/yes/no/d/738/nc/A,bo/so/no/no/d/564/nc/U,0.53
bo/so/yes/no/d/738/nc/A,bo/so/no/yes/m/756/nc/A,0.45
bo/so/yes/no/d/738/nc/A,bw/mu/no/yes/m/751/nc/A,0.5
bo/so/yes/no/d/738/nc/A,bw/so/no/no/m/767/nc/A,0.66
bo/so/yes/no/d/738/nc/A,bo/mu/no/no/d/758/nc/A,0.51
bo/so/yes/no/d/738/nc/A,bw/so/no/yes/d/552/nc/U,0.61
bo/so/yes/no/d/738/nc/A,bo/st/no/no/d/760/nc/A,0.59
bo/so/yes/no/d/738/nc/A,bw/mu/yes/no/m/162/nc/U,0.49
bo/so/yes/no/d/738/nc/A,bo/mu/yes/no/d/734/nc/A,0.51
bo/so/yes/no/d/738/nc/A,bw/mu/yes/no/d/733/nc/A,0.49
bo/so/yes/no/d/738/nc/A,bw/st/yes/yes/m/198/nc/U,0.44
bo/so/yes/no/d/738/nc/A,bw/so/no/no/d/761/nc/A,0.66
bo/so/yes/no/d/738/nc/A,bo/st/no/no/m/766/nc/A,0.59
bo/so/yes/no/d/738/nc/A,bw/st/no/no/d/759/nc/A,0.41
bo/so/yes/no/d/738/nc/A,bo/so/no/yes/d/750/nc/A,0.45
bo/so/yes/no/d/738/nc/A,bw/mu/no/no/d/757/nc/A,0.49
bo/so/yes/no/d/738/nc/A,bo/so/no/no/m/768/nc/A,0.53
bo/so/yes/no/d/738/nc/A,bo/so/yes/yes/m/732/nc/A,0.87
bo/so/yes/no/d/738/nc/A,bw/st/yes/no/d/735/nc/A,0.41
bo/so/yes/no/d/738/nc/A,bw/st/yes/yes/d/486/nc/U,0.44
bo/so/yes/no/d/738/nc/A,bw/mu/no/no/d/444/nc/U,0.49
bo/so/yes/no/d/738/nc/A,bw/so/yes/yes/m/246/nc/U,0.63
bo/so/yes/no/d/738/nc/A,bo/so/yes/yes/m/270/nc/U,0.87
bo/so/yes/no/d/738/nc/A,bo/mu/no/yes/d/480/nc/U,0.51
bo/so/yes/no/d/738/nc/A,bo/mu/yes/no/d/474/nc/U,0.51
bo/so/yes/no/d/738/nc/A,bo/st/yes/yes/m/222/nc/U,0.6
bo/so/yes/no/d/738/nc/A,bo/so/yes/no/m/282/nc/U,1.0
bo/so/yes/no/d/738/nc/A,bo/so/no/no/m/276/nc/U,0.53
bo/so/yes/no/d/738/nc/A,bo/st/no/yes/m/240/nc/U,0.57
bo/so/yes/no/d/738/nc/A,bw/st/no/no/m/204/nc/U,0.41
bo/so/yes/no/d/738/nc/A,bo/mu/yes/yes/d/462/nc/U,0.52
bo/so/yes/no/d/738/nc/A,bo/st/yes/no/m/234/nc/U,0.61
bo/so/yes/no/d/738/nc/A,bw/st/yes/no/d/498/nc/U,0.41
bo/so/yes/no/d/738/nc/A,bw/mu/yes/yes/d/438/nc/U,0.5
bo/so/yes/no/d/738/nc/A,bw/so/yes/no/m/258/nc/U,0.69
bo/so/yes/no/d/738/nc/A,bw/so/no/yes/d/749/nc/A,0.61
bo/so/yes/no/d/738/nc/A,bo/mu/yes/no/m/740/nc/A,0.51
bo/so/yes/no/d/738/nc/A,bw/st/no/yes/d/747/nc/A,0.45
bo/so/yes/no/d/738/nc/A,bo/mu/no/no/m/180/nc/U,0.51
bo/so/yes/no/d/738/nc/A,bo/mu/yes/yes/m/174/nc/U,0.52
bo/so/yes/no/d/738/nc/A,bo/st/yes/yes/d/510/nc/U,0.6
bo/so/yes/no/d/738/nc/A,bo/mu/yes/yes/d/722/nc/A,0.52
bo/so/yes/no/d/738/nc/A,bw/so/yes/yes/d/725/nc/A,0.63
bo/so/yes/no/d/738/nc/A,bo/st/no/yes/d/528/nc/U,0.57
bo/so/yes/no/d/738/nc/A,bo/mu/no/yes/d/746/nc/A,0.51
bo/so/yes/no/d/738/nc/A,bw/st/yes/no/m/741/nc/A,0.41
bo/so/yes/no/d/738/nc/A,bo/st/no/yes/d/748/nc/A,0.57
bo/so/yes/no/d/738/nc/A,bo/mu/yes/no/m/186/nc/U,0.51
bo/so/yes/no/d/738/nc/A,bo/st/no/no/d/516/nc/U,0.59
bo/so/yes/no/d/738/nc/A,bo/st/yes/yes/d/724/nc/A,0.6
bo/so/yes/no/d/738/nc/A,bw/st/yes/yes/d/723/nc/A,0.44
bo/so/yes/no/d/738/nc/A,bo/mu/no/yes/m/192/nc/U,0.51
bo/so/yes/no/d/738/nc/A,bo/st/yes/yes/m/730/nc/A,0.6
bo/so/yes/no/d/738/nc/A,bw/so/yes/no/d/737/nc/A,0.69
bo/so/yes/no/d/738/nc/A,bw/mu/no/yes/m/168/nc/U,0.5
bo/so/yes/no/d/738/nc/A,bw/mu/yes/no/m/739/nc/A,0.49
bo/so/yes/no/d/738/nc/A,bw/mu/yes/yes/m/150/nc/U,0.5
bo/so/yes/no/d/738/nc/A,bw/so/yes/yes/d/534/nc/U,0.63
bo/so/yes/no/d/738/nc/A,bo/mu/no/yes/m/752/nc/A,0.51
bo/so/yes/no/d/738/nc/A,bw/so/no/yes/m/755/nc/A,0.61
bo/so/yes/no/d/738/nc/A,bo/so/yes/yes/d/558/nc/U,0.87
bo/so/yes/no/d/738/nc/A,bw/mu/no/no/m/763/nc/A,0.49
bo/so/yes/no/d/738/nc/A,bo/mu/no/no/m/764/nc/A,0.51
bo/so/yes/no/d/738/nc/A,bo/so/yes/no/d/738/nc/A,1.0
bo/so/yes/no/d/738/nc/A,bw/mu/no/no/m/156/nc/U,0.49
bo/so/yes/no/d/738/nc/A,bo/st/yes/no/d/736/nc/A,0.61
bo/so/yes/no/d/738/nc/A,bw/st/no/yes/d/504/nc/U,0.45
bo/so/yes/no/d/738/nc/A,bw/so/yes/yes/m/731/nc/A,0.63
bo/so/yes/no/d/738/nc/A,bw/st/no/no/m/765/nc/A,0.41
bo/so/yes/no/d/738/nc/A,bo/so/no/no/d/762/nc/A,0.53
bo/so/yes/no/d/738/nc/A,bo/st/no/yes/m/754/nc/A,0.57
bo/so/yes/no/d/738/nc/A,bw/st/no/yes/m/753/nc/A,0.45
bo/so/yes/no/d/738/nc/A,bw/st/no/yes/m/216/nc/U,0.45
bo/so/yes/no/d/738/nc/A,bo/so/no/yes/m/288/nc/U,0.45
bo/so/yes/no/d/738/nc/A,bw/st/yes/no/m/210/nc/U,0.41
bo/so/yes/no/d/738/nc/A,bo/st/no/no/m/228/nc/U,0.59
bw/mu/no/no/m/156/nc/U,bw/mu/no/yes/d/456/nc/U,0.96
bw/mu/no/no/m/156/nc/U,bw/so/no/no/m/252/nc/U,0.49
bw/mu/no/no/m/156/nc/U,bw/so/no/yes/m/264/nc/U,0.5
bw/mu/no/no/m/156/nc/U,bw/st/no/no/d/492/nc/U,0.53
bw/mu/no/no/m/156/nc/U,bw/mu/yes/no/d/450/nc/U,0.98
bw/mu/no/no/m/156/nc/U,bo/mu/no/no/d/468/nc/U,0.88
bw/mu/no/no/m/156/nc/U,bo/mu/yes/yes/m/728/nc/A,0.89
bw/mu/no/no/m/156/nc/U,bo/st/yes/no/d/522/nc/U,0.65
bw/mu/no/no/m/156/nc/U,bo/so/yes/yes/d/726/nc/A,0.52
bw/mu/no/no/m/156/nc/U,bw/mu/yes/yes/d/721/nc/A,0.94
bw/mu/no/no/m/156/nc/U,bw/so/no/no/d/540/nc/U,0.49
bw/mu/no/no/m/156/nc/U,bo/so/yes/no/m/744/nc/A,0.49
bw/mu/no/no/m/156/nc/U,bo/so/no/yes/d/576/nc/U,0.34
bw/mu/no/no/m/156/nc/U,bw/so/yes/no/m/743/nc/A,0.48
bw/mu/no/no/m/156/nc/U,bw/mu/yes/yes/m/727/nc/A,0.94
bw/mu/no/no/m/156/nc/U,bw/st/yes/yes/m/729/nc/A,0.57
bw/mu/no/no/m/156/nc/U,bo/st/yes/no/m/742/nc/A,0.65
bw/mu/no/no/m/156/nc/U,bo/so/yes/no/d/570/nc/U,0.49
bw/mu/no/no/m/156/nc/U,bw/mu/no/yes/d/745/nc/A,0.96
bw/mu/no/no/m/156/nc/U,bw/so/yes/no/d/546/nc/U,0.48
bw/mu/no/no/m/156/nc/U,bo/so/no/no/d/564/nc/U,0.33
bw/mu/no/no/m/156/nc/U,bo/so/no/yes/m/756/nc/A,0.34
bw/mu/no/no/m/156/nc/U,bw/mu/no/yes/m/751/nc/A,0.96
bw/mu/no/no/m/156/nc/U,bw/so/no/no/m/767/nc/A,0.49
bw/mu/no/no/m/156/nc/U,bo/mu/no/no/d/758/nc/A,0.88
bw/mu/no/no/m/156/nc/U,bw/so/no/yes/d/552/nc/U,0.5
bw/mu/no/no/m/156/nc/U,bo/st/no/no/d/760/nc/A,0.66
bw/mu/no/no/m/156/nc/U,bw/mu/yes/no/m/162/nc/U,0.98
bw/mu/no/no/m/156/nc/U,bo/mu/yes/no/d/734/nc/A,0.91
bw/mu/no/no/m/156/nc/U,bw/mu/yes/no/d/733/nc/A,0.98
bw/mu/no/no/m/156/nc/U,bw/st/yes/yes/m/198/nc/U,0.57
bw/mu/no/no/m/156/nc/U,bw/so/no/no/d/761/nc/A,0.49
bw/mu/no/no/m/156/nc/U,bo/st/no/no/m/766/nc/A,0.66
bw/mu/no/no/m/156/nc/U,bw/st/no/no/d/759/nc/A,0.53
bw/mu/no/no/m/156/nc/U,bo/so/no/yes/d/750/nc/A,0.34
bw/mu/no/no/m/156/nc/U,bw/mu/no/no/d/757/nc/A,1.0
bw/mu/no/no/m/156/nc/U,bo/so/no/no/m/768/nc/A,0.33
bw/mu/no/no/m/156/nc/U,bo/so/yes/yes/m/732/nc/A,0.52
bw/mu/no/no/m/156/nc/U,bw/st/yes/no/d/735/nc/A,0.52
bw/mu/no/no/m/156/nc/U,bw/st/yes/yes/d/486/nc/U,0.57
bw/mu/no/no/m/156/nc/U,bw/mu/no/no/d/444/nc/U,1.0
bw/mu/no/no/m/156/nc/U,bw/so/yes/yes/m/246/nc/U,0.48
bw/mu/no/no/m/156/nc/U,bo/so/yes/yes/m/270/nc/U,0.52
bw/mu/no/no/m/156/nc/U,bo/mu/no/yes/d/480/nc/U,0.86
bw/mu/no/no/m/156/nc/U,bo/mu/yes/no/d/474/nc/U,0.91
bw/mu/no/no/m/156/nc/U,bo/st/yes/yes/m/222/nc/U,0.66
bw/mu/no/no/m/156/nc/U,bo/so/yes/no/m/282/nc/U,0.49
bw/mu/no/no/m/156/nc/U,bo/so/no/no/m/276/nc/U,0.33
bw/mu/no/no/m/156/nc/U,bo/st/no/yes/m/240/nc/U,0.68
bw/mu/no/no/m/156/nc/U,bw/st/no/no/m/204/nc/U,0.53
bw/mu/no/no/m/156/nc/U,bo/mu/yes/yes/d/462/nc/U,0.89
bw/mu/no/no/m/156/nc/U,bo/st/yes/no/m/234/nc/U,0.65
bw/mu/no/no/m/156/nc/U,bw/st/yes/no/d/498/nc/U,0.52
bw/mu/no/no/m/156/nc/U,bw/mu/yes/yes/d/438/nc/U,0.94
bw/mu/no/no/m/156/nc/U,bw/so/yes/no/m/258/nc/U,0.48
bw/mu/no/no/m/156/nc/U,bw/so/no/yes/d/749/nc/A,0.5
bw/mu/no/no/m/156/nc/U,bo/mu/yes/no/m/740/nc/A,0.91
bw/mu/no/no/m/156/nc/U,bw/st/no/yes/d/747/nc/A,0.59
bw/mu/no/no/m/156/nc/U,bo/mu/no/no/m/180/nc/U,0.88
bw/mu/no/no/m/156/nc/U,bo/mu/yes/yes/m/174/nc/U,0.89
bw/mu/no/no/m/156/nc/U,bo/st/yes/yes/d/510/nc/U,0.66
bw/mu/no/no/m/156/nc/U,bo/mu/yes/yes/d/722/nc/A,0.89
bw/mu/no/no/m/156/nc/U,bw/so/yes/yes/d/725/nc/A,0.48
bw/mu/no/no/m/156/nc/U,bo/st/no/yes/d/528/nc/U,0.68
bw/mu/no/no/m/156/nc/U,bo/mu/no/yes/d/746/nc/A,0.86
bw/mu/no/no/m/156/nc/U,bw/st/yes/no/m/741/nc/A,0.52
bw/mu/no/no/m/156/nc/U,bo/st/no/yes/d/748/nc/A,0.68
bw/mu/no/no/m/156/nc/U,bo/mu/yes/no/m/186/nc/U,0.91
bw/mu/no/no/m/156/nc/U,bo/st/no/no/d/516/nc/U,0.66
bw/mu/no/no/m/156/nc/U,bo/st/yes/yes/d/724/nc/A,0.66
bw/mu/no/no/m/156/nc/U,bw/st/yes/yes/d/723/nc/A,0.57
bw/mu/no/no/m/156/nc/U,bo/mu/no/yes/m/192/nc/U,0.86
bw/mu/no/no/m/156/nc/U,bo/st/yes/yes/m/730/nc/A,0.66
bw/mu/no/no/m/156/nc/U,bw/so/yes/no/d/737/nc/A,0.48
bw/mu/no/no/m/156/nc/U,bw/mu/no/yes/m/168/nc/U,0.96
bw/mu/no/no/m/156/nc/U,bw/mu/yes/no/m/739/nc/A,0.98
bw/mu/no/no/m/156/nc/U,bw/mu/yes/yes/m/150/nc/U,0.94
bw/mu/no/no/m/156/nc/U,bw/so/yes/yes/d/534/nc/U,0.48
bw/mu/no/no/m/156/nc/U,bo/mu/no/yes/m/752/nc/A,0.86
bw/mu/no/no/m/156/nc/U,bw/so/no/yes/m/755/nc/A,0.5
bw/mu/no/no/m/156/nc/U,bo/so/yes/yes/d/558/nc/U,0.52
bw/mu/no/no/m/156/nc/U,bw/mu/no/no/m/763/nc/A,1.0
bw/mu/no/no/m/156/nc/U,bo/mu/no/no/m/764/nc/A,0.88
bw/mu/no/no/m/156/nc/U,bo/so/yes/no/d/738/nc/A,0.49
bw/mu/no/no/m/156/nc/U,bw/mu/no/no/m/156/nc/U,1.0
bw/mu/no/no/m/156/nc/U,bo/st/yes/no/d/736/nc/A,0.65
bw/mu/no/no/m/156/nc/U,bw/st/no/yes/d/504/nc/U,0.59
bw/mu/no/no/m/156/nc/U,bw/so/yes/yes/m/731/nc/A,0.48
bw/mu/no/no/m/156/nc/U,bw/st/no/no/m/765/nc/A,0.53
bw/mu/no/no/m/156/nc/U,bo/so/no/no/d/762/nc/A,0.33
bw/mu/no/no/m/156/nc/U,bo/st/no/yes/m/754/nc/A,0.68
bw/mu/no/no/m/156/nc/U,bw/st/no/yes/m/753/nc/A,0.59
bw/mu/no/no/m/156/nc/U,bw/st/no/yes/m/216/nc/U,0.59
bw/mu/no/no/m/156/nc/U,bo/so/no/yes/m/288/nc/U,0.34
bw/mu/no/no/m/156/nc/U,bw/st/yes/no/m/210/nc/U,0.52
bw/mu/no/no/m/156/nc/U,bo/st/no/no/m/228/nc/U,0.66
bo/st/yes/no/d/736/nc/A,bw/mu/no/yes/d/456/nc/U,0.65
bo/st/yes/no/d/736/nc/A,bw/so/no/no/m/252/nc/U,0.55
bo/st/yes/no/d/736/nc/A,bw/so/no/yes/m/264/nc/U,0.56
bo/st/yes/no/d/736/nc/A,bw/st/no/no/d/492/nc/U,0.52
bo/st/yes/no/d/736/nc/A,bw/mu/yes/no/d/450/nc/U,0.65
bo/st/yes/no/d/736/nc/A,bo/mu/no/no/d/468/nc/U,0.65
bo/st/yes/no/d/736/nc/A,bo/mu/yes/yes/m/728/nc/A,0.66
bo/st/yes/no/d/736/nc/A,bo/st/yes/no/d/522/nc/U,1.0
bo/st/yes/no/d/736/nc/A,bo/so/yes/yes/d/726/nc/A,0.64
bo/st/yes/no/d/736/nc/A,bw/mu/yes/yes/d/721/nc/A,0.65
bo/st/yes/no/d/736/nc/A,bw/so/no/no/d/540/nc/U,0.55
bo/st/yes/no/d/736/nc/A,bo/so/yes/no/m/744/nc/A,0.61
bo/st/yes/no/d/736/nc/A,bo/so/no/yes/d/576/nc/U,0.38
bo/st/yes/no/d/736/nc/A,bw/so/yes/no/m/743/nc/A,0.55
bo/st/yes/no/d/736/nc/A,bw/mu/yes/yes/m/727/nc/A,0.65
bo/st/yes/no/d/736/nc/A,bw/st/yes/yes/m/729/nc/A,0.57
bo/st/yes/no/d/736/nc/A,bo/st/yes/no/m/742/nc/A,1.0
bo/st/yes/no/d/736/nc/A,bo/so/yes/no/d/570/nc/U,0.61
bo/st/yes/no/d/736/nc/A,bw/mu/no/yes/d/745/nc/A,0.65
bo/st/yes/no/d/736/nc/A,bw/so/yes/no/d/546/nc/U,0.55
bo/st/yes/no/d/736/nc/A,bo/so/no/no/d/564/nc/U,0.39
bo/st/yes/no/d/736/nc/A,bo/so/no/yes/m/756/nc/A,0.38
bo/st/yes/no/d/736/nc/A,bw/mu/no/yes/m/751/nc/A,0.65
bo/st/yes/no/d/736/nc/A,bw/so/no/no/m/767/nc/A,0.55
bo/st/yes/no/d/736/nc/A,bo/mu/no/no/d/758/nc/A,0.65
bo/st/yes/no/d/736/nc/A,bw/so/no/yes/d/552/nc/U,0.56
bo/st/yes/no/d/736/nc/A,bo/st/no/no/d/760/nc/A,0.87
bo/st/yes/no/d/736/nc/A,bw/mu/yes/no/m/162/nc/U,0.65
bo/st/yes/no/d/736/nc/A,bo/mu/yes/no/d/734/nc/A,0.66
bo/st/yes/no/d/736/nc/A,bw/mu/yes/no/d/733/nc/A,0.65
bo/st/yes/no/d/736/nc/A,bw/st/yes/yes/m/198/nc/U,0.57
bo/st/yes/no/d/736/nc/A,bw/so/no/no/d/761/nc/A,0.55
bo/st/yes/no/d/736/nc/A,bo/st/no/no/m/766/nc/A,0.87
bo/st/yes/no/d/736/nc/A,bw/st/no/no/d/759/nc/A,0.52
bo/st/yes/no/d/736/nc/A,bo/so/no/yes/d/750/nc/A,0.38
bo/st/yes/no/d/736/nc/A,bw/mu/no/no/d/757/nc/A,0.65
bo/st/yes/no/d/736/nc/A,bo/so/no/no/m/768/nc/A,0.39
bo/st/yes/no/d/736/nc/A,bo/so/yes/yes/m/732/nc/A,0.64
bo/st/yes/no/d/736/nc/A,bw/st/yes/no/d/735/nc/A,0.52
bo/st/yes/no/d/736/nc/A,bw/st/yes/yes/d/486/nc/U,0.57
bo/st/yes/no/d/736/nc/A,bw/mu/no/no/d/444/nc/U,0.65
bo/st/yes/no/d/736/nc/A,bw/so/yes/yes/m/246/nc/U,0.56
bo/st/yes/no/d/736/nc/A,bo/so/yes/yes/m/270/nc/U,0.64
bo/st/yes/no/d/736/nc/A,bo/mu/no/yes/d/480/nc/U,0.65
bo/st/yes/no/d/736/nc/A,bo/mu/yes/no/d/474/nc/U,0.66
bo/st/yes/no/d/736/nc/A,bo/st/yes/yes/m/222/nc/U,0.97
bo/st/yes/no/d/736/nc/A,bo/so/yes/no/m/282/nc/U,0.61
bo/st/yes/no/d/736/nc/A,bo/so/no/no/m/276/nc/U,0.39
bo/st/yes/no/d/736/nc/A,bo/st/no/yes/m/240/nc/U,0.84
bo/st/yes/no/d/736/nc/A,bw/st/no/no/m/204/nc/U,0.52
bo/st/yes/no/d/736/nc/A,bo/mu/yes/yes/d/462/nc/U,0.66
bo/st/yes/no/d/736/nc/A,bo/st/yes/no/m/234/nc/U,1.0
bo/st/yes/no/d/736/nc/A,bw/st/yes/no/d/498/nc/U,0.52
bo/st/yes/no/d/736/nc/A,bw/mu/yes/yes/d/438/nc/U,0.65
bo/st/yes/no/d/736/nc/A,bw/so/yes/no/m/258/nc/U,0.55
bo/st/yes/no/d/736/nc/A,bw/so/no/yes/d/749/nc/A,0.56
bo/st/yes/no/d/736/nc/A,bo/mu/yes/no/m/740/nc/A,0.66
bo/st/yes/no/d/736/nc/A,bw/st/no/yes/d/747/nc/A,0.58
bo/st/yes/no/d/736/nc/A,bo/mu/no/no/m/180/nc/U,0.65
bo/st/yes/no/d/736/nc/A,bo/mu/yes/yes/m/174/nc/U,0.66
bo/st/yes/no/d/736/nc/A,bo/st/yes/yes/d/510/nc/U,0.97
bo/st/yes/no/d/736/nc/A,bo/mu/yes/yes/d/722/nc/A,0.66
bo/st/yes/no/d/736/nc/A,bw/so/yes/yes/d/725/nc/A,0.56
bo/st/yes/no/d/736/nc/A,bo/st/no/yes/d/528/nc/U,0.84
bo/st/yes/no/d/736/nc/A,bo/mu/no/yes/d/746/nc/A,0.65
bo/st/yes/no/d/736/nc/A,bw/st/yes/no/m/741/nc/A,0.52
bo/st/yes/no/d/736/nc/A,bo/st/no/yes/d/748/nc/A,0.84
bo/st/yes/no/d/736/nc/A,bo/mu/yes/no/m/186/nc/U,0.66
bo/st/yes/no/d/736/nc/A,bo/st/no/no/d/516/nc/U,0.87
bo/st/yes/no/d/736/nc/A,bo/st/yes/yes/d/724/nc/A,0.97
bo/st/yes/no/d/736/nc/A,bw/st/yes/yes/d/723/nc/A,0.57
bo/st/yes/no/d/736/nc/A,bo/mu/no/yes/m/192/nc/U,0.65
bo/st/yes/no/d/736/nc/A,bo/st/yes/yes/m/730/nc/A,0.97
bo/st/yes/no/d/736/nc/A,bw/so/yes/no/d/737/nc/A,0.55
bo/st/yes/no/d/736/nc/A,bw/mu/no/yes/m/168/nc/U,0.65
bo/st/yes/no/d/736/nc/A,bw/mu/yes/no/m/739/nc/A,0.65
bo/st/yes/no/d/736/nc/A,bw/mu/yes/yes/m/150/nc/U,0.65
bo/st/yes/no/d/736/nc/A,bw/so/yes/yes/d/534/nc/U,0.56
bo/st/yes/no/d/736/nc/A,bo/mu/no/yes/m/752/nc/A,0.65
bo/st/yes/no/d/736/nc/A,bw/so/no/yes/m/755/nc/A,0.56
bo/st/yes/no/d/736/nc/A,bo/so/yes/yes/d/558/nc/U,0.64
bo/st/yes/no/d/736/nc/A,bw/mu/no/no/m/763/nc/A,0.65
bo/st/yes/no/d/736/nc/A,bo/mu/no/no/m/764/nc/A,0.65
bo/st/yes/no/d/736/nc/A,bo/so/yes/no/d/738/nc/A,0.61
bo/st/yes/no/d/736/nc/A,bw/mu/no/no/m/156/nc/U,0.65
bo/st/yes/no/d/736/nc/A,bo/st/yes/no/d/736/nc/A,1.0
bo/st/yes/no/d/736/nc/A,bw/st/no/yes/d/504/nc/U,0.58
bo/st/yes/no/d/736/nc/A,bw/so/yes/yes/m/731/nc/A,0.56
bo/st/yes/no/d/736/nc/A,bw/st/no/no/m/765/nc/A,0.52
bo/st/yes/no/d/736/nc/A,bo/so/no/no/d/762/nc/A,0.39
bo/st/yes/no/d/736/nc/A,bo/st/no/yes/m/754/nc/A,0.84
bo/st/yes/no/d/736/nc/A,bw/st/no/yes/m/753/nc/A,0.58
bo/st/yes/no/d/736/nc/A,bw/st/no/yes/m/216/nc/U,0.58
bo/st/yes/no/d/736/nc/A,bo/so/no/yes/m/288/nc/U,0.38
bo/st/yes/no/d/736/nc/A,bw/st/yes/no/m/210/nc/U,0.52
bo/st/yes/no/d/736/nc/A,bo/st/no/no/m/228/nc/U,0.87
bw/st/no/yes/d/504/nc/U,bw/mu/no/yes/d/456/nc/U,0.59
bw/st/no/yes/d/504/nc/U,bw/so/no/no/m/252/nc/U,0.47
bw/st/no/yes/d/504/nc/U,bw/so/no/yes/m/264/nc/U,0.48
bw/st/no/yes/d/504/nc/U,bw/st/no/no/d/492/nc/U,0.87
bw/st/no/yes/d/504/nc/U,bw/mu/yes/no/d/450/nc/U,0.59
bw/st/no/yes/d/504/nc/U,bo/mu/no/no/d/468/nc/U,0.56
bw/st/no/yes/d/504/nc/U,bo/mu/yes/yes/m/728/nc/A,0.57
bw/st/no/yes/d/504/nc/U,bo/st/yes/no/d/522/nc/U,0.58
bw/st/no/yes/d/504/nc/U,bo/so/yes/yes/d/726/nc/A,0.46
bw/st/no/yes/d/504/nc/U,bw/mu/yes/yes/d/721/nc/A,0.59
bw/st/no/yes/d/504/nc/U,bw/so/no/no/d/540/nc/U,0.47
bw/st/no/yes/d/504/nc/U,bo/so/yes/no/m/744/nc/A,0.45
bw/st/no/yes/d/504/nc/U,bo/so/no/yes/d/576/nc/U,0.28
bw/st/no/yes/d/504/nc/U,bw/so/yes/no/m/743/nc/A,0.46
bw/st/no/yes/d/504/nc/U,bw/mu/yes/yes/m/727/nc/A,0.59
bw/st/no/yes/d/504/nc/U,bw/st/yes/yes/m/729/nc/A,0.89
bw/st/no/yes/d/504/nc/U,bo/st/yes/no/m/742/nc/A,0.58
bw/st/no/yes/d/504/nc/U,bo/so/yes/no/d/570/nc/U,0.45
bw/st/no/yes/d/504/nc/U,bw/mu/no/yes/d/745/nc/A,0.59
bw/st/no/yes/d/504/nc/U,bw/so/yes/no/d/546/nc/U,0.46
bw/st/no/yes/d/504/nc/U,bo/so/no/no/d/564/nc/U,0.29
bw/st/no/yes/d/504/nc/U,bo/so/no/yes/m/756/nc/A,0.28
bw/st/no/yes/d/504/nc/U,bw/mu/no/yes/m/751/nc/A,0.59
bw/st/no/yes/d/504/nc/U,bw/so/no/no/m/767/nc/A,0.47
bw/st/no/yes/d/504/nc/U,bo/mu/no/no/d/758/nc/A,0.56
bw/st/no/yes/d/504/nc/U,bw/so/no/yes/d/552/nc/U,0.48
bw/st/no/yes/d/504/nc/U,bo/st/no/no/d/760/nc/A,0.56
bw/st/no/yes/d/504/nc/U,bw/mu/yes/no/m/162/nc/U,0.59
bw/st/no/yes/d/504/nc/U,bo/mu/yes/no/d/734/nc/A,0.57
bw/st/no/yes/d/504/nc/U,bw/mu/yes/no/d/733/nc/A,0.59
bw/st/no/yes/d/504/nc/U,bw/st/yes/yes/m/198/nc/U,0.89
bw/st/no/yes/d/504/nc/U,bw/so/no/no/d/761/nc/A,0.47
bw/st/no/yes/d/504/nc/U,bo/st/no/no/m/766/nc/A,0.56
bw/st/no/yes/d/504/nc/U,bw/st/no/no/d/759/nc/A,0.87
bw/st/no/yes/d/504/nc/U,bo/so/no/yes/d/750/nc/A,0.28
bw/st/no/yes/d/504/nc/U,bw/mu/no/no/d/757/nc/A,0.59
bw/st/no/yes/d/504/nc/U,bo/so/no/no/m/768/nc/A,0.29
bw/st/no/yes/d/504/nc/U,bo/so/yes/yes/m/732/nc/A,0.46
bw/st/no/yes/d/504/nc/U,bw/st/yes/no/d/735/nc/A,0.8
bw/st/no/yes/d/504/nc/U,bw/st/yes/yes/d/486/nc/U,0.89
bw/st/no/yes/d/504/nc/U,bw/mu/no/no/d/444/nc/U,0.59
bw/st/no/yes/d/504/nc/U,bw/so/yes/yes/m/246/nc/U,0.47
bw/st/no/yes/d/504/nc/U,bo/so/yes/yes/m/270/nc/U,0.46
bw/st/no/yes/d/504/nc/U,bo/mu/no/yes/d/480/nc/U,0.55
bw/st/no/yes/d/504/nc/U,bo/mu/yes/no/d/474/nc/U,0.57
bw/st/no/yes/d/504/nc/U,bo/st/yes/yes/m/222/nc/U,0.57
bw/st/no/yes/d/504/nc/U,bo/so/yes/no/m/282/nc/U,0.45
bw/st/no/yes/d/504/nc/U,bo/so/no/no/m/276/nc/U,0.29
bw/st/no/yes/d/504/nc/U,bo/st/no/yes/m/240/nc/U,0.55
bw/st/no/yes/d/504/nc/U,bw/st/no/no/m/204/nc/U,0.87
bw/st/no/yes/d/504/nc/U,bo/mu/yes/yes/d/462/nc/U,0.57
bw/st/no/yes/d/504/nc/U,bo/st/yes/no/m/234/nc/U,0.58
bw/st/no/yes/d/504/nc/U,bw/st/yes/no/d/498/nc/U,0.8
bw/st/no/yes/d/504/nc/U,bw/mu/yes/yes/d/438/nc/U,0.59
bw/st/no/yes/d/504/nc/U,bw/so/yes/no/m/258/nc/U,0.46
bw/st/no/yes/d/504/nc/U,bw/so/no/yes/d/749/nc/A,0.48
bw/st/no/yes/d/504/nc/U,bo/mu/yes/no/m/740/nc/A,0.57
bw/st/no/yes/d/504/nc/U,bw/st/no/yes/d/747/nc/A,1.0
bw/st/no/yes/d/504/nc/U,bo/mu/no/no/m/180/nc/U,0.56
bw/st/no/yes/d/504/nc/U,bo/mu/yes/yes/m/174/nc/U,0.57
bw/st/no/yes/d/504/nc/U,bo/st/yes/yes/d/510/nc/U,0.57
bw/st/no/yes/d/504/nc/U,bo/mu/yes/yes/d/722/nc/A,0.57
bw/st/no/yes/d/504/nc/U,bw/so/yes/yes/d/725/nc/A,0.47
bw/st/no/yes/d/504/nc/U,bo/st/no/yes/d/528/nc/U,0.55
bw/st/no/yes/d/504/nc/U,bo/mu/no/yes/d/746/nc/A,0.55
bw/st/no/yes/d/504/nc/U,bw/st/yes/no/m/741/nc/A,0.8
bw/st/no/yes/d/504/nc/U,bo/st/no/yes/d/748/nc/A,0.55
bw/st/no/yes/d/504/nc/U,bo/mu/yes/no/m/186/nc/U,0.57
bw/st/no/yes/d/504/nc/U,bo/st/no/no/d/516/nc/U,0.56
bw/st/no/yes/d/504/nc/U,bo/st/yes/yes/d/724/nc/A,0.57
bw/st/no/yes/d/504/nc/U,bw/st/yes/yes/d/723/nc/A,0.89
bw/st/no/yes/d/504/nc/U,bo/mu/no/yes/m/192/nc/U,0.55
bw/st/no/yes/d/504/nc/U,bo/st/yes/yes/m/730/nc/A,0.57
bw/st/no/yes/d/504/nc/U,bw/so/yes/no/d/737/nc/A,0.46
bw/st/no/yes/d/504/nc/U,bw/mu/no/yes/m/168/nc/U,0.59
bw/st/no/yes/d/504/nc/U,bw/mu/yes/no/m/739/nc/A,0.59
bw/st/no/yes/d/504/nc/U,bw/mu/yes/yes/m/150/nc/U,0.59
bw/st/no/yes/d/504/nc/U,bw/so/yes/yes/d/534/nc/U,0.47
bw/st/no/yes/d/504/nc/U,bo/mu/no/yes/m/752/nc/A,0.55
bw/st/no/yes/d/504/nc/U,bw/so/no/yes/m/755/nc/A,0.48
bw/st/no/yes/d/504/nc/U,bo/so/yes/yes/d/558/nc/U,0.46
bw/st/no/yes/d/504/nc/U,bw/mu/no/no/m/763/nc/A,0.59
bw/st/no/yes/d/504/nc/U,bo/mu/no/no/m/764/nc/A,0.56
bw/st/no/yes/d/504/nc/U,bo/so/yes/no/d/738/nc/A,0.45
bw/st/no/yes/d/504/nc/U,bw/mu/no/no/m/156/nc/U,0.59
bw/st/no/yes/d/504/nc/U,bo/st/yes/no/d/736/nc/A,0.58
bw/st/no/yes/d/504/nc/U,bw/st/no/yes/d/504/nc/U,1.0
bw/st/no/yes/d/504/nc/U,bw/so/yes/yes/m/731/nc/A,0.47
bw/st/no/yes/d/504/nc/U,bw/st/no/no/m/765/nc/A,0.87
bw/st/no/yes/d/504/nc/U,bo/so/no/no/d/762/nc/A,0.29
bw/st/no/yes/d/504/nc/U,bo/st/no/yes/m/754/nc/A,0.55
bw/st/no/yes/d/504/nc/U,bw/st/no/yes/m/753/nc/A,1.0
bw/st/no/yes/d/504/nc/U,bw/st/no/yes/m/216/nc/U,1.0
bw/st/no/yes/d/504/nc/U,bo/so/no/yes/m/288/nc/U,0.28
bw/st/no/yes/d/504/nc/U,bw/st/yes/no/m/210/nc/U,0.8
bw/st/no/yes/d/504/nc/U,bo/st/no/no/m/228/nc/U,0.56
bw/so/yes/yes/m/731/nc/A,bw/mu/no/yes/d/456/nc/U,0.49
bw/so/yes/yes/m/731/nc/A,bw/so/no/no/m/252/nc/U,0.8
bw/so/yes/yes/m/731/nc/A,bw/so/no/yes/m/264/nc/U,0.86
bw/so/yes/yes/m/731/nc/A,bw/st/no/no/d/492/nc/U,0.43
bw/so/yes/yes/m/731/nc/A,bw/mu/yes/no/d/450/nc/U,0.48
bw/so/yes/yes/m/731/nc/A,bo/mu/no/no/d/468/nc/U,0.48
bw/so/yes/yes/m/731/nc/A,bo/mu/yes/yes/m/728/nc/A,0.49
bw/so/yes/yes/m/731/nc/A,bo/st/yes/no/d/522/nc/U,0.56
bw/so/yes/yes/m/731/nc/A,bo/so/yes/yes/d/726/nc/A,0.66
bw/so/yes/yes/m/731/nc/A,bw/mu/yes/yes/d/721/nc/A,0.49
bw/so/yes/yes/m/731/nc/A,bw/so/no/no/d/540/nc/U,0.8
bw/so/yes/yes/m/731/nc/A,bo/so/yes/no/m/744/nc/A,0.63
bw/so/yes/yes/m/731/nc/A,bo/so/no/yes/d/576/nc/U,0.38
bw/so/yes/yes/m/731/nc/A,bw/so/yes/no/m/743/nc/A,0.88
bw/so/yes/yes/m/731/nc/A,bw/mu/yes/yes/m/727/nc/A,0.49
bw/so/yes/yes/m/731/nc/A,bw/st/yes/yes/m/729/nc/A,0.47
bw/so/yes/yes/m/731/nc/A,bo/st/yes/no/m/742/nc/A,0.56
bw/so/yes/yes/m/731/nc/A,bo/so/yes/no/d/570/nc/U,0.63
bw/so/yes/yes/m/731/nc/A,bw/mu/no/yes/d/745/nc/A,0.49
bw/so/yes/yes/m/731/nc/A,bw/so/yes/no/d/546/nc/U,0.88
bw/so/yes/yes/m/731/nc/A,bo/so/no/no/d/564/nc/U,0.38
bw/so/yes/yes/m/731/nc/A,bo/so/no/yes/m/756/nc/A,0.38
bw/so/yes/yes/m/731/nc/A,bw/mu/no/yes/m/751/nc/A,0.49
bw/so/yes/yes/m/731/nc/A,bw/so/no/no/m/767/nc/A,0.8
bw/so/yes/yes/m/731/nc/A,bo/mu/no/no/d/758/nc/A,0.48
bw/so/yes/yes/m/731/nc/A,bw/so/no/yes/d/552/nc/U,0.86
bw/so/yes/yes/m/731/nc/A,bo/st/no/no/d/760/nc/A,0.55
bw/so/yes/yes/m/731/nc/A,bw/mu/yes/no/m/162/nc/U,0.48
bw/so/yes/yes/m/731/nc/A,bo/mu/yes/no/d/734/nc/A,0.48
bw/so/yes/yes/m/731/nc/A,bw/mu/yes/no/d/733/nc/A,0.48
bw/so/yes/yes/m/731/nc/A,bw/st/yes/yes/m/198/nc/U,0.47
bw/so/yes/yes/m/731/nc/A,bw/so/no/no/d/761/nc/A,0.8
bw/so/yes/yes/m/731/nc/A,bo/st/no/no/m/766/nc/A,0.55
bw/so/yes/yes/m/731/nc/A,bw/st/no/no/d/759/nc/A,0.43
bw/so/yes/yes/m/731/nc/A,bo/so/no/yes/d/750/nc/A,0.38
bw/so/yes/yes/m/731/nc/A,bw/mu/no/no/d/757/nc/A,0.48
bw/so/yes/yes/m/731/nc/A,bo/so/no/no/m/768/nc/A,0.38
bw/so/yes/yes/m/731/nc/A,bo/so/yes/yes/m/732/nc/A,0.66
bw/so/yes/yes/m/731/nc/A,bw/st/yes/no/d/735/nc/A,0.43
bw/so/yes/yes/m/731/nc/A,bw/st/yes/yes/d/486/nc/U,0.47
bw/so/yes/yes/m/731/nc/A,bw/mu/no/no/d/444/nc/U,0.48
bw/so/yes/yes/m/731/nc/A,bw/so/yes/yes/m/246/nc/U,1.0
bw/so/yes/yes/m/731/nc/A,bo/so/yes/yes/m/270/nc/U,0.66
bw/so/yes/yes/m/731/nc/A,bo/mu/no/yes/d/480/nc/U,0.48
bw/so/yes/yes/m/731/nc/A,bo/mu/yes/no/d/474/nc/U,0.48
bw/so/yes/yes/m/731/nc/A,bo/st/yes/yes/m/222/nc/U,0.56
bw/so/yes/yes/m/731/nc/A,bo/so/yes/no/m/282/nc/U,0.63
bw/so/yes/yes/m/731/nc/A,bo/so/no/no/m/276/nc/U,0.38
bw/so/yes/yes/m/731/nc/A,bo/st/no/yes/m/240/nc/U,0.55
bw/so/yes/yes/m/731/nc/A,bw/st/no/no/m/204/nc/U,0.43
bw/so/yes/yes/m/731/nc/A,bo/mu/yes/yes/d/462/nc/U,0.49
bw/so/yes/yes/m/731/nc/A,bo/st/yes/no/m/234/nc/U,0.56
bw/so/yes/yes/m/731/nc/A,bw/st/yes/no/d/498/nc/U,0.43
bw/so/yes/yes/m/731/nc/A,bw/mu/yes/yes/d/438/nc/U,0.49
bw/so/yes/yes/m/731/nc/A,bw/so/yes/no/m/258/nc/U,0.88
bw/so/yes/yes/m/731/nc/A,bw/so/no/yes/d/749/nc/A,0.86
bw/so/yes/yes/m/731/nc/A,bo/mu/yes/no/m/740/nc/A,0.48
bw/so/yes/yes/m/731/nc/A,bw/st/no/yes/d/747/nc/A,0.47
bw/so/yes/yes/m/731/nc/A,bo/mu/no/no/m/180/nc/U,0.48
bw/so/yes/yes/m/731/nc/A,bo/mu/yes/yes/m/174/nc/U,0.49
bw/so/yes/yes/m/731/nc/A,bo/st/yes/yes/d/510/nc/U,0.56
bw/so/yes/yes/m/731/nc/A,bo/mu/yes/yes/d/722/nc/A,0.49
bw/so/yes/yes/m/731/nc/A,bw/so/yes/yes/d/725/nc/A,1.0
bw/so/yes/yes/m/731/nc/A,bo/st/no/yes/d/528/nc/U,0.55
bw/so/yes/yes/m/731/nc/A,bo/mu/no/yes/d/746/nc/A,0.48
bw/so/yes/yes/m/731/nc/A,bw/st/yes/no/m/741/nc/A,0.43
bw/so/yes/yes/m/731/nc/A,bo/st/no/yes/d/748/nc/A,0.55
bw/so/yes/yes/m/731/nc/A,bo/mu/yes/no/m/186/nc/U,0.48
bw/so/yes/yes/m/731/nc/A,bo/st/no/no/d/516/nc/U,0.55
bw/so/yes/yes/m/731/nc/A,bo/st/yes/yes/d/724/nc/A,0.56
bw/so/yes/yes/m/731/nc/A,bw/st/yes/yes/d/723/nc/A,0.47
bw/so/yes/yes/m/731/nc/A,bo/mu/no/yes/m/192/nc/U,0.48
bw/so/yes/yes/m/731/nc/A,bo/st/yes/yes/m/730/nc/A,0.56
bw/so/yes/yes/m/731/nc/A,bw/so/yes/no/d/737/nc/A,0.88
bw/so/yes/yes/m/731/nc/A,bw/mu/no/yes/m/168/nc/U,0.49
bw/so/yes/yes/m/731/nc/A,bw/mu/yes/no/m/739/nc/A,0.48
bw/so/yes/yes/m/731/nc/A,bw/mu/yes/yes/m/150/nc/U,0.49
bw/so/yes/yes/m/731/nc/A,bw/so/yes/yes/d/534/nc/U,1.0
bw/so/yes/yes/m/731/nc/A,bo/mu/no/yes/m/752/nc/A,0.48
bw/so/yes/yes/m/731/nc/A,bw/so/no/yes/m/755/nc/A,0.86
bw/so/yes/yes/m/731/nc/A,bo/so/yes/yes/d/558/nc/U,0.66
bw/so/yes/yes/m/731/nc/A,bw/mu/no/no/m/763/nc/A,0.48
bw/so/yes/yes/m/731/nc/A,bo/mu/no/no/m/764/nc/A,0.48
bw/so/yes/yes/m/731/nc/A,bo/so/yes/no/d/738/nc/A,0.63
bw/so/yes/yes/m/731/nc/A,bw/mu/no/no/m/156/nc/U,0.48
bw/so/yes/yes/m/731/nc/A,bo/st/yes/no/d/736/nc/A,0.56
bw/so/yes/yes/m/731/nc/A,bw/st/no/yes/d/504/nc/U,0.47
bw/so/yes/yes/m/731/nc/A,bw/so/yes/yes/m/731/nc/A,1.0
bw/so/yes/yes/m/731/nc/A,bw/st/no/no/m/765/nc/A,0.43
bw/so/yes/yes/m/731/nc/A,bo/so/no/no/d/762/nc/A,0.38
bw/so/yes/yes/m/731/nc/A,bo/st/no/yes/m/754/nc/A,0.55
bw/so/yes/yes/m/731/nc/A,bw/st/no/yes/m/753/nc/A,0.47
bw/so/yes/yes/m/731/nc/A,bw/st/no/yes/m/216/nc/U,0.47
bw/so/yes/yes/m/731/nc/A,bo/so/no/yes/m/288/nc/U,0.38
bw/so/yes/yes/m/731/nc/A,bw/st/yes/no/m/210/nc/U,0.43
bw/so/yes/yes/m/731/nc/A,bo/st/no/no/m/228/nc/U,0.55
bw/st/no/no/m/765/nc/A,bw/mu/no/yes/d/456/nc/U,0.53
bw/st/no/no/m/765/nc/A,bw/so/no/no/m/252/nc/U,0.43
bw/st/no/no/m/765/nc/A,bw/so/no/yes/m/264/nc/U,0.43
bw/st/no/no/m/765/nc/A,bw/st/no/no/d/492/nc/U,1.0
bw/st/no/no/m/765/nc/A,bw/mu/yes/no/d/450/nc/U,0.54
bw/st/no/no/m/765/nc/A,bo/mu/no/no/d/468/nc/U,0.5
bw/st/no/no/m/765/nc/A,bo/mu/yes/yes/m/728/nc/A,0.51
bw/st/no/no/m/765/nc/A,bo/st/yes/no/d/522/nc/U,0.52
bw/st/no/no/m/765/nc/A,bo/so/yes/yes/d/726/nc/A,0.42
bw/st/no/no/m/765/nc/A,bw/mu/yes/yes/d/721/nc/A,0.53
bw/st/no/no/m/765/nc/A,bw/so/no/no/d/540/nc/U,0.43
bw/st/no/no/m/765/nc/A,bo/so/yes/no/m/744/nc/A,0.41
bw/st/no/no/m/765/nc/A,bo/so/no/yes/d/576/nc/U,0.25
bw/st/no/no/m/765/nc/A,bw/so/yes/no/m/743/nc/A,0.42
bw/st/no/no/m/765/nc/A,bw/mu/yes/yes/m/727/nc/A,0.53
bw/st/no/no/m/765/nc/A,bw/st/yes/yes/m/729/nc/A,0.81
bw/st/no/no/m/765/nc/A,bo/st/yes/no/m/742/nc/A,0.52
bw/st/no/no/m/765/nc/A,bo/so/yes/no/d/570/nc/U,0.41
bw/st/no/no/m/765/nc/A,bw/mu/no/yes/d/745/nc/A,0.53
bw/st/no/no/m/765/nc/A,bw/so/yes/no/d/546/nc/U,0.42
bw/st/no/no/m/765/nc/A,bo/so/no/no/d/564/nc/U,0.26
bw/st/no/no/m/765/nc/A,bo/so/no/yes/m/756/nc/A,0.25
bw/st/no/no/m/765/nc/A,bw/mu/no/yes/m/751/nc/A,0.53
bw/st/no/no/m/765/nc/A,bw/so/no/no/m/767/nc/A,0.43
bw/st/no/no/m/765/nc/A,bo/mu/no/no/d/758/nc/A,0.5
bw/st/no/no/m/765/nc/A,bw/so/no/yes/d/552/nc/U,0.43
bw/st/no/no/m/765/nc/A,bo/st/no/no/d/760/nc/A,0.49
bw/st/no/no/m/765/nc/A,bw/mu/yes/no/m/162/nc/U,0.54
bw/st/no/no/m/765/nc/A,bo/mu/yes/no/d/734/nc/A,0.51
bw/st/no/no/m/765/nc/A,bw/mu/yes/no/d/733/nc/A,0.54
bw/st/no/no/m/765/nc/A,bw/st/yes/yes/m/198/nc/U,0.81
bw/st/no/no/m/765/nc/A,bw/so/no/no/d/761/nc/A,0.43
bw/st/no/no/m/765/nc/A,bo/st/no/no/m/766/nc/A,0.49
bw/st/no/no/m/765/nc/A,bw/st/no/no/d/759/nc/A,1.0
bw/st/no/no/m/765/nc/A,bo/so/no/yes/d/750/nc/A,0.25
bw/st/no/no/m/765/nc/A,bw/mu/no/no/d/757/nc/A,0.53
bw/st/no/no/m/765/nc/A,bo/so/no/no/m/768/nc/A,0.26
bw/st/no/no/m/765/nc/A,bo/so/yes/yes/m/732/nc/A,0.42
bw/st/no/no/m/765/nc/A,bw/st/yes/no/d/735/nc/A,0.9
bw/st/no/no/m/765/nc/A,bw/st/yes/yes/d/486/nc/U,0.81
bw/st/no/no/m/765/nc/A,bw/mu/no/no/d/444/nc/U,0.53
bw/st/no/no/m/765/nc/A,bw/so/yes/yes/m/246/nc/U,0.43
bw/st/no/no/m/765/nc/A,bo/so/yes/yes/m/270/nc/U,0.42
bw/st/no/no/m/765/nc/A,bo/mu/no/yes/d/480/nc/U,0.49
bw/st/no/no/m/765/nc/A,bo/mu/yes/no/d/474/nc/U,0.51
bw/st/no/no/m/765/nc/A,bo/st/yes/yes/m/222/nc/U,0.51
bw/st/no/no/m/765/nc/A,bo/so/yes/no/m/282/nc/U,0.41
bw/st/no/no/m/765/nc/A,bo/so/no/no/m/276/nc/U,0.26
bw/st/no/no/m/765/nc/A,bo/st/no/yes/m/240/nc/U,0.49
bw/st/no/no/m/765/nc/A,bw/st/no/no/m/204/nc/U,1.0
bw/st/no/no/m/765/nc/A,bo/mu/yes/yes/d/462/nc/U,0.51
bw/st/no/no/m/765/nc/A,bo/st/yes/no/m/234/nc/U,0.52
bw/st/no/no/m/765/nc/A,bw/st/yes/no/d/498/nc/U,0.9
bw/st/no/no/m/765/nc/A,bw/mu/yes/yes/d/438/nc/U,0.53
bw/st/no/no/m/765/nc/A,bw/so/yes/no/m/258/nc/U,0.42
bw/st/no/no/m/765/nc/A,bw/so/no/yes/d/749/nc/A,0.43
bw/st/no/no/m/765/nc/A,bo/mu/yes/no/m/740/nc/A,0.51
bw/st/no/no/m/765/nc/A,bw/st/no/yes/d/747/nc/A,0.87
bw/st/no/no/m/765/nc/A,bo/mu/no/no/m/180/nc/U,0.5
bw/st/no/no/m/765/nc/A,bo/mu/yes/yes/m/174/nc/U,0.51
bw/st/no/no/m/765/nc/A,bo/st/yes/yes/d/510/nc/U,0.51
bw/st/no/no/m/765/nc/A,bo/mu/yes/yes/d/722/nc/A,0.51
bw/st/no/no/m/765/nc/A,bw/so/yes/yes/d/725/nc/A,0.43
bw/st/no/no/m/765/nc/A,bo/st/no/yes/d/528/nc/U,0.49
bw/st/no/no/m/765/nc/A,bo/mu/no/yes/d/746/nc/A,0.49
bw/st/no/no/m/765/nc/A,bw/st/yes/no/m/741/nc/A,0.9
bw/st/no/no/m/765/nc/A,bo/st/no/yes/d/748/nc/A,0.49
bw/st/no/no/m/765/nc/A,bo/mu/yes/no/m/186/nc/U,0.51
bw/st/no/no/m/765/nc/A,bo/st/no/no/d/516/nc/U,0.49
bw/st/no/no/m/765/nc/A,bo/st/yes/yes/d/724/nc/A,0.51
bw/st/no/no/m/765/nc/A,bw/st/yes/yes/d/723/nc/A,0.81
bw/st/no/no/m/765/nc/A,bo/mu/no/yes/m/192/nc/U,0.49
bw/st/no/no/m/765/nc/A,bo/st/yes/yes/m/730/nc/A,0.51
bw/st/no/no/m/765/nc/A,bw/so/yes/no/d/737/nc/A,0.42
bw/st/no/no/m/765/nc/A,bw/mu/no/yes/m/168/nc/U,0.53
bw/st/no/no/m/765/nc/A,bw/mu/yes/no/m/739/nc/A,0.54
bw/st/no/no/m/765/nc/A,bw/mu/yes/yes/m/150/nc/U,0.53
bw/st/no/no/m/765/nc/A,bw/so/yes/yes/d/534/nc/U,0.43
bw/st/no/no/m/765/nc/A,bo/mu/no/yes/m/752/nc/A,0.49
bw/st/no/no/m/765/nc/A,bw/so/no/yes/m/755/nc/A,0.43
bw/st/no/no/m/765/nc/A,bo/so/yes/yes/d/558/nc/U,0.42
bw/st/no/no/m/765/nc/A,bw/mu/no/no/m/763/nc/A,0.53
bw/st/no/no/m/765/nc/A,bo/mu/no/no/m/764/nc/A,0.5
bw/st/no/no/m/765/nc/A,bo/so/yes/no/d/738/nc/A,0.41
bw/st/no/no/m/765/nc/A,bw/mu/no/no/m/156/nc/U,0.53
bw/st/no/no/m/765/nc/A,bo/st/yes/no/d/736/nc/A,0.52
bw/st/no/no/m/765/nc/A,bw/st/no/yes/d/504/nc/U,0.87
bw/st/no/no/m/765/nc/A,bw/so/yes/yes/m/731/nc/A,0.43
bw/st/no/no/m/765/nc/A,bw/st/no/no/m/765/nc/A,1.0
bw/st/no/no/m/765/nc/A,bo/so/no/no/d/762/nc/A,0.26
bw/st/no/no/m/765/nc/A,bo/st/no/yes/m/754/nc/A,0.49
bw/st/no/no/m/765/nc/A,bw/st/no/yes/m/753/nc/A,0.87
bw/st/no/no/m/765/nc/A,bw/st/no/yes/m/216/nc/U,0.87
bw/st/no/no/m/765/nc/A,bo/so/no/yes/m/288/nc/U,0.25
bw/st/no/no/m/765/nc/A,bw/st/yes/no/m/210/nc/U,0.9
bw/st/no/no/m/765/nc/A,bo/st/no/no/m/228/nc/U,0.49
bo/so/no/no/d/762/nc/A,bw/mu/no/yes/d/456/nc/U,0.33
bo/so/no/no/d/762/nc/A,bw/so/no/no/m/252/nc/U,0.42
bo/so/no/no/d/762/nc/A,bw/so/no/yes/m/264/nc/U,0.39
bo/so/no/no/d/762/nc/A,bw/st/no/no/d/492/nc/U,0.26
bo/so/no/no/d/762/nc/A,bw/mu/yes/no/d/450/nc/U,0.33
bo/so/no/no/d/762/nc/A,bo/mu/no/no/d/468/nc/U,0.35
bo/so/no/no/d/762/nc/A,bo/mu/yes/yes/m/728/nc/A,0.35
bo/so/no/no/d/762/nc/A,bo/st/yes/no/d/522/nc/U,0.39
bo/so/no/no/d/762/nc/A,bo/so/yes/yes/d/726/nc/A,0.49
bo/so/no/no/d/762/nc/A,bw/mu/yes/yes/d/721/nc/A,0.33
bo/so/no/no/d/762/nc/A,bw/so/no/no/d/540/nc/U,0.42
bo/so/no/no/d/762/nc/A,bo/so/yes/no/m/744/nc/A,0.53
bo/so/no/no/d/762/nc/A,bo/so/no/yes/d/576/nc/U,0.79
bo/so/no/no/d/762/nc/A,bw/so/yes/no/m/743/nc/A,0.41
bo/so/no/no/d/762/nc/A,bw/mu/yes/yes/m/727/nc/A,0.33
bo/so/no/no/d/762/nc/A,bw/st/yes/yes/m/729/nc/A,0.28
bo/so/no/no/d/762/nc/A,bo/st/yes/no/m/742/nc/A,0.39
bo/so/no/no/d/762/nc/A,bo/so/yes/no/d/570/nc/U,0.53
bo/so/no/no/d/762/nc/A,bw/mu/no/yes/d/745/nc/A,0.33
bo/so/no/no/d/762/nc/A,bw/so/yes/no/d/546/nc/U,0.41
bo/so/no/no/d/762/nc/A,bo/so/no/no/d/564/nc/U,1.0
bo/so/no/no/d/762/nc/A,bo/so/no/yes/m/756/nc/A,0.79
bo/so/no/no/d/762/nc/A,bw/mu/no/yes/m/751/nc/A,0.33
bo/so/no/no/d/762/nc/A,bw/so/no/no/m/767/nc/A,0.42
bo/so/no/no/d/762/nc/A,bo/mu/no/no/d/758/nc/A,0.35
bo/so/no/no/d/762/nc/A,bw/so/no/yes/d/552/nc/U,0.39
bo/so/no/no/d/762/nc/A,bo/st/no/no/d/760/nc/A,0.39
bo/so/no/no/d/762/nc/A,bw/mu/yes/no/m/162/nc/U,0.33
bo/so/no/no/d/762/nc/A,bo/mu/yes/no/d/734/nc/A,0.35
bo/so/no/no/d/762/nc/A,bw/mu/yes/no/d/733/nc/A,0.33
bo/so/no/no/d/762/nc/A,bw/st/yes/yes/m/198/nc/U,0.28
bo/so/no/no/d/762/nc/A,bw/so/no/no/d/761/nc/A,0.42
bo/so/no/no/d/762/nc/A,bo/st/no/no/m/766/nc/A,0.39
bo/so/no/no/d/762/nc/A,bw/st/no/no/d/759/nc/A,0.26
bo/so/no/no/d/762/nc/A,bo/so/no/yes/d/750/nc/A,0.79
bo/so/no/no/d/762/nc/A,bw/mu/no/no/d/757/nc/A,0.33
bo/so/no/no/d/762/nc/A,bo/so/no/no/m/768/nc/A,1.0
bo/so/no/no/d/762/nc/A,bo/so/yes/yes/m/732/nc/A,0.49
bo/so/no/no/d/762/nc/A,bw/st/yes/no/d/735/nc/A,0.25
bo/so/no/no/d/762/nc/A,bw/st/yes/yes/d/486/nc/U,0.28
bo/so/no/no/d/762/nc/A,bw/mu/no/no/d/444/nc/U,0.33
bo/so/no/no/d/762/nc/A,bw/so/yes/yes/m/246/nc/U,0.38
bo/so/no/no/d/762/nc/A,bo/so/yes/yes/m/270/nc/U,0.49
bo/so/no/no/d/762/nc/A,bo/mu/no/yes/d/480/nc/U,0.35
bo/so/no/no/d/762/nc/A,bo/mu/yes/no/d/474/nc/U,0.35
bo/so/no/no/d/762/nc/A,bo/st/yes/yes/m/222/nc/U,0.38
bo/so/no/no/d/762/nc/A,bo/so/yes/no/m/282/nc/U,0.53
bo/so/no/no/d/762/nc/A,bo/so/no/no/m/276/nc/U,1.0
bo/so/no/no/d/762/nc/A,bo/st/no/yes/m/240/nc/U,0.39
bo/so/no/no/d/762/nc/A,bw/st/no/no/m/204/nc/U,0.26
bo/so/no/no/d/762/nc/A,bo/mu/yes/yes/d/462/nc/U,0.35
bo/so/no/no/d/762/nc/A,bo/st/yes/no/m/234/nc/U,0.39
bo/so/no/no/d/762/nc/A,bw/st/yes/no/d/498/nc/U,0.25
bo/so/no/no/d/762/nc/A,bw/mu/yes/yes/d/438/nc/U,0.33
bo/so/no/no/d/762/nc/A,bw/so/yes/no/m/258/nc/U,0.41
bo/so/no/no/d/762/nc/A,bw/so/no/yes/d/749/nc/A,0.39
bo/so/no/no/d/762/nc/A,bo/mu/yes/no/m/740/nc/A,0.35
bo/so/no/no/d/762/nc/A,bw/st/no/yes/d/747/nc/A,0.29
bo/so/no/no/d/762/nc/A,bo/mu/no/no/m/180/nc/U,0.35
bo/so/no/no/d/762/nc/A,bo/mu/yes/yes/m/174/nc/U,0.35
bo/so/no/no/d/762/nc/A,bo/st/yes/yes/d/510/nc/U,0.38
bo/so/no/no/d/762/nc/A,bo/mu/yes/yes/d/722/nc/A,0.35
bo/so/no/no/d/762/nc/A,bw/so/yes/yes/d/725/nc/A,0.38
bo/so/no/no/d/762/nc/A,bo/st/no/yes/d/528/nc/U,0.39
bo/so/no/no/d/762/nc/A,bo/mu/no/yes/d/746/nc/A,0.35
bo/so/no/no/d/762/nc/A,bw/st/yes/no/m/741/nc/A,0.25
bo/so/no/no/d/762/nc/A,bo/st/no/yes/d/748/nc/A,0.39
bo/so/no/no/d/762/nc/A,bo/mu/yes/no/m/186/nc/U,0.35
bo/so/no/no/d/762/nc/A,bo/st/no/no/d/516/nc/U,0.39
bo/so/no/no/d/762/nc/A,bo/st/yes/yes/d/724/nc/A,0.38
bo/so/no/no/d/762/nc/A,bw/st/yes/yes/d/723/nc/A,0.28
bo/so/no/no/d/762/nc/A,bo/mu/no/yes/m/192/nc/U,0.35
bo/so/no/no/d/762/nc/A,bo/st/yes/yes/m/730/nc/A,0.38
bo/so/no/no/d/762/nc/A,bw/so/yes/no/d/737/nc/A,0.41
bo/so/no/no/d/762/nc/A,bw/mu/no/yes/m/168/nc/U,0.33
bo/so/no/no/d/762/nc/A,bw/mu/yes/no/m/739/nc/A,0.33
bo/so/no/no/d/762/nc/A,bw/mu/yes/yes/m/150/nc/U,0.33
bo/so/no/no/d/762/nc/A,bw/so/yes/yes/d/534/nc/U,0.38
bo/so/no/no/d/762/nc/A,bo/mu/no/yes/m/752/nc/A,0.35
bo/so/no/no/d/762/nc/A,bw/so/no/yes/m/755/nc/A,0.39
bo/so/no/no/d/762/nc/A,bo/so/yes/yes/d/558/nc/U,0.49
bo/so/no/no/d/762/nc/A,bw/mu/no/no/m/763/nc/A,0.33
bo/so/no/no/d/762/nc/A,bo/mu/no/no/m/764/nc/A,0.35
bo/so/no/no/d/762/nc/A,bo/so/yes/no/d/738/nc/A,0.53
bo/so/no/no/d/762/nc/A,bw/mu/no/no/m/156/nc/U,0.33
bo/so/no/no/d/762/nc/A,bo/st/yes/no/d/736/nc/A,0.39
bo/so/no/no/d/762/nc/A,bw/st/no/yes/d/504/nc/U,0.29
bo/so/no/no/d/762/nc/A,bw/so/yes/yes/m/731/nc/A,0.38
bo/so/no/no/d/762/nc/A,bw/st/no/no/m/765/nc/A,0.26
bo/so/no/no/d/762/nc/A,bo/so/no/no/d/762/nc/A,1.0
bo/so/no/no/d/762/nc/A,bo/st/no/yes/m/754/nc/A,0.39
bo/so/no/no/d/762/nc/A,bw/st/no/yes/m/753/nc/A,0.29
bo/so/no/no/d/762/nc/A,bw/st/no/yes/m/216/nc/U,0.29
bo/so/no/no/d/762/nc/A,bo/so/no/yes/m/288/nc/U,0.79
bo/so/no/no/d/762/nc/A,bw/st/yes/no/m/210/nc/U,0.25
bo/so/no/no/d/762/nc/A,bo/st/no/no/m/228/nc/U,0.39
bo/st/no/yes/m/754/nc/A,bw/mu/no/yes/d/456/nc/U,0.69
bo/st/no/yes/m/754/nc/A,bw/so/no/no/m/252/nc/U,0.55
bo/st/no/yes/m/754/nc/A,bw/so/no/yes/m/264/nc/U,0.57
bo/st/no/yes/m/754/nc/A,bw/st/no/no/d/492/nc/U,0.49
bo/st/no/yes/m/754/nc/A,bw/mu/yes/no/d/450/nc/U,0.69
bo/st/no/yes/m/754/nc/A,bo/mu/no/no/d/468/nc/U,0.69
bo/st/no/yes/m/754/nc/A,bo/mu/yes/yes/m/728/nc/A,0.7
bo/st/no/yes/m/754/nc/A,bo/st/yes/no/d/522/nc/U,0.84
bo/st/no/yes/m/754/nc/A,bo/so/yes/yes/d/726/nc/A,0.61
bo/st/no/yes/m/754/nc/A,bw/mu/yes/yes/d/721/nc/A,0.69
bo/st/no/yes/m/754/nc/A,bw/so/no/no/d/540/nc/U,0.55
bo/st/no/yes/m/754/nc/A,bo/so/yes/no/m/744/nc/A,0.57
bo/st/no/yes/m/754/nc/A,bo/so/no/yes/d/576/nc/U,0.4
bo/st/no/yes/m/754/nc/A,bw/so/yes/no/m/743/nc/A,0.54
bo/st/no/yes/m/754/nc/A,bw/mu/yes/yes/m/727/nc/A,0.69
bo/st/no/yes/m/754/nc/A,bw/st/yes/yes/m/729/nc/A,0.53
bo/st/no/yes/m/754/nc/A,bo/st/yes/no/m/742/nc/A,0.84
bo/st/no/yes/m/754/nc/A,bo/so/yes/no/d/570/nc/U,0.57
bo/st/no/yes/m/754/nc/A,bw/mu/no/yes/d/745/nc/A,0.69
bo/st/no/yes/m/754/nc/A,bw/so/yes/no/d/546/nc/U,0.54
bo/st/no/yes/m/754/nc/A,bo/so/no/no/d/564/nc/U,0.39
bo/st/no/yes/m/754/nc/A,bo/so/no/yes/m/756/nc/A,0.4
bo/st/no/yes/m/754/nc/A,bw/mu/no/yes/m/751/nc/A,0.69
bo/st/no/yes/m/754/nc/A,bw/so/no/no/m/767/nc/A,0.55
bo/st/no/yes/m/754/nc/A,bo/mu/no/no/d/758/nc/A,0.69
bo/st/no/yes/m/754/nc/A,bw/so/no/yes/d/552/nc/U,0.57
bo/st/no/yes/m/754/nc/A,bo/st/no/no/d/760/nc/A,0.93
bo/st/no/yes/m/754/nc/A,bw/mu/yes/no/m/162/nc/U,0.69
bo/st/no/yes/m/754/nc/A,bo/mu/yes/no/d/734/nc/A,0.7
bo/st/no/yes/m/754/nc/A,bw/mu/yes/no/d/733/nc/A,0.69
bo/st/no/yes/m/754/nc/A,bw/st/yes/yes/m/198/nc/U,0.53
bo/st/no/yes/m/754/nc/A,bw/so/no/no/d/761/nc/A,0.55
bo/st/no/yes/m/754/nc/A,bo/st/no/no/m/766/nc/A,0.93
bo/st/no/yes/m/754/nc/A,bw/st/no/no/d/759/nc/A,0.49
bo/st/no/yes/m/754/nc/A,bo/so/no/yes/d/750/nc/A,0.4
bo/st/no/yes/m/754/nc/A,bw/mu/no/no/d/757/nc/A,0.68
bo/st/no/yes/m/754/nc/A,bo/so/no/no/m/768/nc/A,0.39
bo/st/no/yes/m/754/nc/A,bo/so/yes/yes/m/732/nc/A,0.61
bo/st/no/yes/m/754/nc/A,bw/st/yes/no/d/735/nc/A,0.47
bo/st/no/yes/m/754/nc/A,bw/st/yes/yes/d/486/nc/U,0.53
bo/st/no/yes/m/754/nc/A,bw/mu/no/no/d/444/nc/U,0.68
bo/st/no/yes/m/754/nc/A,bw/so/yes/yes/m/246/nc/U,0.55
bo/st/no/yes/m/754/nc/A,bo/so/yes/yes/m/270/nc/U,0.61
bo/st/no/yes/m/754/nc/A,bo/mu/no/yes/d/480/nc/U,0.69
bo/st/no/yes/m/754/nc/A,bo/mu/yes/no/d/474/nc/U,0.7
bo/st/no/yes/m/754/nc/A,bo/st/yes/yes/m/222/nc/U,0.86
bo/st/no/yes/m/754/nc/A,bo/so/yes/no/m/282/nc/U,0.57
bo/st/no/yes/m/754/nc/A,bo/so/no/no/m/276/nc/U,0.39
bo/st/no/yes/m/754/nc/A,bo/st/no/yes/m/240/nc/U,1.0
bo/st/no/yes/m/754/nc/A,bw/st/no/no/m/204/nc/U,0.49
bo/st/no/yes/m/754/nc/A,bo/mu/yes/yes/d/462/nc/U,0.7
bo/st/no/yes/m/754/nc/A,bo/st/yes/no/m/234/nc/U,0.84
bo/st/no/yes/m/754/nc/A,bw/st/yes/no/d/498/nc/U,0.47
bo/st/no/yes/m/754/nc/A,bw/mu/yes/yes/d/438/nc/U,0.69
bo/st/no/yes/m/754/nc/A,bw/so/yes/no/m/258/nc/U,0.54
bo/st/no/yes/m/754/nc/A,bw/so/no/yes/d/749/nc/A,0.57
bo/st/no/yes/m/754/nc/A,bo/mu/yes/no/m/740/nc/A,0.7
bo/st/no/yes/m/754/nc/A,bw/st/no/yes/d/747/nc/A,0.55
bo/st/no/yes/m/754/nc/A,bo/mu/no/no/m/180/nc/U,0.69
bo/st/no/yes/m/754/nc/A,bo/mu/yes/yes/m/174/nc/U,0.7
bo/st/no/yes/m/754/nc/A,bo/st/yes/yes/d/510/nc/U,0.86
bo/st/no/yes/m/754/nc/A,bo/mu/yes/yes/d/722/nc/A,0.7
bo/st/no/yes/m/754/nc/A,bw/so/yes/yes/d/725/nc/A,0.55
bo/st/no/yes/m/754/nc/A,bo/st/no/yes/d/528/nc/U,1.0
bo/st/no/yes/m/754/nc/A,bo/mu/no/yes/d/746/nc/A,0.69
bo/st/no/yes/m/754/nc/A,bw/st/yes/no/m/741/nc/A,0.47
bo/st/no/yes/m/754/nc/A,bo/st/no/yes/d/748/nc/A,1.0
bo/st/no/yes/m/754/nc/A,bo/mu/yes/no/m/186/nc/U,0.7
bo/st/no/yes/m/754/nc/A,bo/st/no/no/d/516/nc/U,0.93
bo/st/no/yes/m/754/nc/A,bo/st/yes/yes/d/724/nc/A,0.86
bo/st/no/yes/m/754/nc/A,bw/st/yes/yes/d/723/nc/A,0.53
bo/st/no/yes/m/754/nc/A,bo/mu/no/yes/m/192/nc/U,0.69
bo/st/no/yes/m/754/nc/A,bo/st/yes/yes/m/730/nc/A,0.86
bo/st/no/yes/m/754/nc/A,bw/so/yes/no/d/737/nc/A,0.54
bo/st/no/yes/m/754/nc/A,bw/mu/no/yes/m/168/nc/U,0.69
bo/st/no/yes/m/754/nc/A,bw/mu/yes/no/m/739/nc/A,0.69
bo/st/no/yes/m/754/nc/A,bw/mu/yes/yes/m/150/nc/U,0.69
bo/st/no/yes/m/754/nc/A,bw/so/yes/yes/d/534/nc/U,0.55
bo/st/no/yes/m/754/nc/A,bo/mu/no/yes/m/752/nc/A,0.69
bo/st/no/yes/m/754/nc/A,bw/so/no/yes/m/755/nc/A,0.57
bo/st/no/yes/m/754/nc/A,bo/so/yes/yes/d/558/nc/U,0.61
bo/st/no/yes/m/754/nc/A,bw/mu/no/no/m/763/nc/A,0.68
bo/st/no/yes/m/754/nc/A,bo/mu/no/no/m/764/nc/A,0.69
bo/st/no/yes/m/754/nc/A,bo/so/yes/no/d/738/nc/A,0.57
bo/st/no/yes/m/754/nc/A,bw/mu/no/no/m/156/nc/U,0.68
bo/st/no/yes/m/754/nc/A,bo/st/yes/no/d/736/nc/A,0.84
bo/st/no/yes/m/754/nc/A,bw/st/no/yes/d/504/nc/U,0.55
bo/st/no/yes/m/754/nc/A,bw/so/yes/yes/m/731/nc/A,0.55
bo/st/no/yes/m/754/nc/A,bw/st/no/no/m/765/nc/A,0.49
bo/st/no/yes/m/754/nc/A,bo/so/no/no/d/762/nc/A,0.39
bo/st/no/yes/m/754/nc/A,bo/st/no/yes/m/754/nc/A,1.0
bo/st/no/yes/m/754/nc/A,bw/st/no/yes/m/753/nc/A,0.55
bo/st/no/yes/m/754/nc/A,bw/st/no/yes/m/216/nc/U,0.55
bo/st/no/yes/m/754/nc/A,bo/so/no/yes/m/288/nc/U,0.4
bo/st/no/yes/m/754/nc/A,bw/st/yes/no/m/210/nc/U,0.47
bo/st/no/yes/m/754/nc/A,bo/st/no/no/m/228/nc/U,0.93
bw/st/no/yes/m/753/nc/A,bw/mu/no/yes/d/456/nc/U,0.59
bw/st/no/yes/m/753/nc/A,bw/so/no/no/m/252/nc/U,0.47
bw/st/no/yes/m/753/nc/A,bw/so/no/yes/m/264/nc/U,0.48
bw/st/no/yes/m/753/nc/A,bw/st/no/no/d/492/nc/U,0.87
bw/st/no/yes/m/753/nc/A,bw/mu/yes/no/d/450/nc/U,0.59
bw/st/no/yes/m/753/nc/A,bo/mu/no/no/d/468/nc/U,0.56
bw/st/no/yes/m/753/nc/A,bo/mu/yes/yes/m/728/nc/A,0.57
bw/st/no/yes/m/753/nc/A,bo/st/yes/no/d/522/nc/U,0.58
bw/st/no/yes/m/753/nc/A,bo/so/yes/yes/d/726/nc/A,0.46
bw/st/no/yes/m/753/nc/A,bw/mu/yes/yes/d/721/nc/A,0.59
bw/st/no/yes/m/753/nc/A,bw/so/no/no/d/540/nc/U,0.47
bw/st/no/yes/m/753/nc/A,bo/so/yes/no/m/744/nc/A,0.45
bw/st/no/yes/m/753/nc/A,bo/so/no/yes/d/576/nc/U,0.28
bw/st/no/yes/m/753/nc/A,bw/so/yes/no/m/743/nc/A,0.46
bw/st/no/yes/m/753/nc/A,bw/mu/yes/yes/m/727/nc/A,0.59
bw/st/no/yes/m/753/nc/A,bw/st/yes/yes/m/729/nc/A,0.89
bw/st/no/yes/m/753/nc/A,bo/st/yes/no/m/742/nc/A,0.58
bw/st/no/yes/m/753/nc/A,bo/so/yes/no/d/570/nc/U,0.45
bw/st/no/yes/m/753/nc/A,bw/mu/no/yes/d/745/nc/A,0.59
bw/st/no/yes/m/753/nc/A,bw/so/yes/no/d/546/nc/U,0.46
bw/st/no/yes/m/753/nc/A,bo/so/no/no/d/564/nc/U,0.29
bw/st/no/yes/m/753/nc/A,bo/so/no/yes/m/756/nc/A,0.28
bw/st/no/yes/m/753/nc/A,bw/mu/no/yes/m/751/nc/A,0.59
bw/st/no/yes/m/753/nc/A,bw/so/no/no/m/767/nc/A,0.47
bw/st/no/yes/m/753/nc/A,bo/mu/no/no/d/758/nc/A,0.56
bw/st/no/yes/m/753/nc/A,bw/so/no/yes/d/552/nc/U,0.48
bw/st/no/yes/m/753/nc/A,bo/st/no/no/d/760/nc/A,0.56
bw/st/no/yes/m/753/nc/A,bw/mu/yes/no/m/162/nc/U,0.59
bw/st/no/yes/m/753/nc/A,bo/mu/yes/no/d/734/nc/A,0.57
bw/st/no/yes/m/753/nc/A,bw/mu/yes/no/d/733/nc/A,0.59
bw/st/no/yes/m/753/nc/A,bw/st/yes/yes/m/198/nc/U,0.89
bw/st/no/yes/m/753/nc/A,bw/so/no/no/d/761/nc/A,0.47
bw/st/no/yes/m/753/nc/A,bo/st/no/no/m/766/nc/A,0.56
bw/st/no/yes/m/753/nc/A,bw/st/no/no/d/759/nc/A,0.87
bw/st/no/yes/m/753/nc/A,bo/so/no/yes/d/750/nc/A,0.28
bw/st/no/yes/m/753/nc/A,bw/mu/no/no/d/757/nc/A,0.59
bw/st/no/yes/m/753/nc/A,bo/so/no/no/m/768/nc/A,0.29
bw/st/no/yes/m/753/nc/A,bo/so/yes/yes/m/732/nc/A,0.46
bw/st/no/yes/m/753/nc/A,bw/st/yes/no/d/735/nc/A,0.8
bw/st/no/yes/m/753/nc/A,bw/st/yes/yes/d/486/nc/U,0.89
bw/st/no/yes/m/753/nc/A,bw/mu/no/no/d/444/nc/U,0.59
bw/st/no/yes/m/753/nc/A,bw/so/yes/yes/m/246/nc/U,0.47
bw/st/no/yes/m/753/nc/A,bo/so/yes/yes/m/270/nc/U,0.46
bw/st/no/yes/m/753/nc/A,bo/mu/no/yes/d/480/nc/U,0.55
bw/st/no/yes/m/753/nc/A,bo/mu/yes/no/d/474/nc/U,0.57
bw/st/no/yes/m/753/nc/A,bo/st/yes/yes/m/222/nc/U,0.57
bw/st/no/yes/m/753/nc/A,bo/so/yes/no/m/282/nc/U,0.45
bw/st/no/yes/m/753/nc/A,bo/so/no/no/m/276/nc/U,0.29
bw/st/no/yes/m/753/nc/A,bo/st/no/yes/m/240/nc/U,0.55
bw/st/no/yes/m/753/nc/A,bw/st/no/no/m/204/nc/U,0.87
bw/st/no/yes/m/753/nc/A,bo/mu/yes/yes/d/462/nc/U,0.57
bw/st/no/yes/m/753/nc/A,bo/st/yes/no/m/234/nc/U,0.58
bw/st/no/yes/m/753/nc/A,bw/st/yes/no/d/498/nc/U,0.8
bw/st/no/yes/m/753/nc/A,bw/mu/yes/yes/d/438/nc/U,0.59
bw/st/no/yes/m/753/nc/A,bw/so/yes/no/m/258/nc/U,0.46
bw/st/no/yes/m/753/nc/A,bw/so/no/yes/d/749/nc/A,0.48
bw/st/no/yes/m/753/nc/A,bo/mu/yes/no/m/740/nc/A,0.57
bw/st/no/yes/m/753/nc/A,bw/st/no/yes/d/747/nc/A,1.0
bw/st/no/yes/m/753/nc/A,bo/mu/no/no/m/180/nc/U,0.56
bw/st/no/yes/m/753/nc/A,bo/mu/yes/yes/m/174/nc/U,0.57
bw/st/no/yes/m/753/nc/A,bo/st/yes/yes/d/510/nc/U,0.57
bw/st/no/yes/m/753/nc/A,bo/mu/yes/yes/d/722/nc/A,0.57
bw/st/no/yes/m/753/nc/A,bw/so/yes/yes/d/725/nc/A,0.47
bw/st/no/yes/m/753/nc/A,bo/st/no/yes/d/528/nc/U,0.55
bw/st/no/yes/m/753/nc/A,bo/mu/no/yes/d/746/nc/A,0.55
bw/st/no/yes/m/753/nc/A,bw/st/yes/no/m/741/nc/A,0.8
bw/st/no/yes/m/753/nc/A,bo/st/no/yes/d/748/nc/A,0.55
bw/st/no/yes/m/753/nc/A,bo/mu/yes/no/m/186/nc/U,0.57
bw/st/no/yes/m/753/nc/A,bo/st/no/no/d/516/nc/U,0.56
bw/st/no/yes/m/753/nc/A,bo/st/yes/yes/d/724/nc/A,0.57
bw/st/no/yes/m/753/nc/A,bw/st/yes/yes/d/723/nc/A,0.89
bw/st/no/yes/m/753/nc/A,bo/mu/no/yes/m/192/nc/U,0.55
bw/st/no/yes/m/753/nc/A,bo/st/yes/yes/m/730/nc/A,0.57
bw/st/no/yes/m/753/nc/A,bw/so/yes/no/d/737/nc/A,0.46
bw/st/no/yes/m/753/nc/A,bw/mu/no/yes/m/168/nc/U,0.59
bw/st/no/yes/m/753/nc/A,bw/mu/yes/no/m/739/nc/A,0.59
bw/st/no/yes/m/753/nc/A,bw/mu/yes/yes/m/150/nc/U,0.59
bw/st/no/yes/m/753/nc/A,bw/so/yes/yes/d/534/nc/U,0.47
bw/st/no/yes/m/753/nc/A,bo/mu/no/yes/m/752/nc/A,0.55
bw/st/no/yes/m/753/nc/A,bw/so/no/yes/m/755/nc/A,0.48
bw/st/no/yes/m/753/nc/A,bo/so/yes/yes/d/558/nc/U,0.46
bw/st/no/yes/m/753/nc/A,bw/mu/no/no/m/763/nc/A,0.59
bw/st/no/yes/m/753/nc/A,bo/mu/no/no/m/764/nc/A,0.56
bw/st/no/yes/m/753/nc/A,bo/so/yes/no/d/738/nc/A,0.45
bw/st/no/yes/m/753/nc/A,bw/mu/no/no/m/156/nc/U,0.59
bw/st/no/yes/m/753/nc/A,bo/st/yes/no/d/736/nc/A,0.58
bw/st/no/yes/m/753/nc/A,bw/st/no/yes/d/504/nc/U,1.0
bw/st/no/yes/m/753/nc/A,bw/so/yes/yes/m/731/nc/A,0.47
bw/st/no/yes/m/753/nc/A,bw/st/no/no/m/765/nc/A,0.87
bw/st/no/yes/m/753/nc/A,bo/so/no/no/d/762/nc/A,0.29
bw/st/no/yes/m/753/nc/A,bo/st/no/yes/m/754/nc/A,0.55
bw/st/no/yes/m/753/nc/A,bw/st/no/yes/m/753/nc/A,1.0
bw/st/no/yes/m/753/nc/A,bw/st/no/yes/m/216/nc/U,1.0
bw/st/no/yes/m/753/nc/A,bo/so/no/yes/m/288/nc/U,0.28
bw/st/no/yes/m/753/nc/A,bw/st/yes/no/m/210/nc/U,0.8
bw/st/no/yes/m/753/nc/A,bo/st/no/no/m/228/nc/U,0.56
bw/st/no/yes/m/216/nc/U,bw/mu/no/yes/d/456/nc/U,0.59
bw/st/no/yes/m/216/nc/U,bw/so/no/no/m/252/nc/U,0.47
bw/st/no/yes/m/216/nc/U,bw/so/no/yes/m/264/nc/U,0.48
bw/st/no/yes/m/216/nc/U,bw/st/no/no/d/492/nc/U,0.87
bw/st/no/yes/m/216/nc/U,bw/mu/yes/no/d/450/nc/U,0.59
bw/st/no/yes/m/216/nc/U,bo/mu/no/no/d/468/nc/U,0.56
bw/st/no/yes/m/216/nc/U,bo/mu/yes/yes/m/728/nc/A,0.57
bw/st/no/yes/m/216/nc/U,bo/st/yes/no/d/522/nc/U,0.58
bw/st/no/yes/m/216/nc/U,bo/so/yes/yes/d/726/nc/A,0.46
bw/st/no/yes/m/216/nc/U,bw/mu/yes/yes/d/721/nc/A,0.59
bw/st/no/yes/m/216/nc/U,bw/so/no/no/d/540/nc/U,0.47
bw/st/no/yes/m/216/nc/U,bo/so/yes/no/m/744/nc/A,0.45
bw/st/no/yes/m/216/nc/U,bo/so/no/yes/d/576/nc/U,0.28
bw/st/no/yes/m/216/nc/U,bw/so/yes/no/m/743/nc/A,0.46
bw/st/no/yes/m/216/nc/U,bw/mu/yes/yes/m/727/nc/A,0.59
bw/st/no/yes/m/216/nc/U,bw/st/yes/yes/m/729/nc/A,0.89
bw/st/no/yes/m/216/nc/U,bo/st/yes/no/m/742/nc/A,0.58
bw/st/no/yes/m/216/nc/U,bo/so/yes/no/d/570/nc/U,0.45
bw/st/no/yes/m/216/nc/U,bw/mu/no/yes/d/745/nc/A,0.59
bw/st/no/yes/m/216/nc/U,bw/so/yes/no/d/546/nc/U,0.46
bw/st/no/yes/m/216/nc/U,bo/so/no/no/d/564/nc/U,0.29
bw/st/no/yes/m/216/nc/U,bo/so/no/yes/m/756/nc/A,0.28
bw/st/no/yes/m/216/nc/U,bw/mu/no/yes/m/751/nc/A,0.59
bw/st/no/yes/m/216/nc/U,bw/so/no/no/m/767/nc/A,0.47
bw/st/no/yes/m/216/nc/U,bo/mu/no/no/d/758/nc/A,0.56
bw/st/no/yes/m/216/nc/U,bw/so/no/yes/d/552/nc/U,0.48
bw/st/no/yes/m/216/nc/U,bo/st/no/no/d/760/nc/A,0.56
bw/st/no/yes/m/216/nc/U,bw/mu/yes/no/m/162/nc/U,0.59
bw/st/no/yes/m/216/nc/U,bo/mu/yes/no/d/734/nc/A,0.57
bw/st/no/yes/m/216/nc/U,bw/mu/yes/no/d/733/nc/A,0.59
bw/st/no/yes/m/216/nc/U,bw/st/yes/yes/m/198/nc/U,0.89
bw/st/no/yes/m/216/nc/U,bw/so/no/no/d/761/nc/A,0.47
bw/st/no/yes/m/216/nc/U,bo/st/no/no/m/766/nc/A,0.56
bw/st/no/yes/m/216/nc/U,bw/st/no/no/d/759/nc/A,0.87
bw/st/no/yes/m/216/nc/U,bo/so/no/yes/d/750/nc/A,0.28
bw/st/no/yes/m/216/nc/U,bw/mu/no/no/d/757/nc/A,0.59
bw/st/no/yes/m/216/nc/U,bo/so/no/no/m/768/nc/A,0.29
bw/st/no/yes/m/216/nc/U,bo/so/yes/yes/m/732/nc/A,0.46
bw/st/no/yes/m/216/nc/U,bw/st/yes/no/d/735/nc/A,0.8
bw/st/no/yes/m/216/nc/U,bw/st/yes/yes/d/486/nc/U,0.89
bw/st/no/yes/m/216/nc/U,bw/mu/no/no/d/444/nc/U,0.59
bw/st/no/yes/m/216/nc/U,bw/so/yes/yes/m/246/nc/U,0.47
bw/st/no/yes/m/216/nc/U,bo/so/yes/yes/m/270/nc/U,0.46
bw/st/no/yes/m/216/nc/U,bo/mu/no/yes/d/480/nc/U,0.55
bw/st/no/yes/m/216/nc/U,bo/mu/yes/no/d/474/nc/U,0.57
bw/st/no/yes/m/216/nc/U,bo/st/yes/yes/m/222/nc/U,0.57
bw/st/no/yes/m/216/nc/U,bo/so/yes/no/m/282/nc/U,0.45
bw/st/no/yes/m/216/nc/U,bo/so/no/no/m/276/nc/U,0.29
bw/st/no/yes/m/216/nc/U,bo/st/no/yes/m/240/nc/U,0.55
bw/st/no/yes/m/216/nc/U,bw/st/no/no/m/204/nc/U,0.87
bw/st/no/yes/m/216/nc/U,bo/mu/yes/yes/d/462/nc/U,0.57
bw/st/no/yes/m/216/nc/U,bo/st/yes/no/m/234/nc/U,0.58
bw/st/no/yes/m/216/nc/U,bw/st/yes/no/d/498/nc/U,0.8
bw/st/no/yes/m/216/nc/U,bw/mu/yes/yes/d/438/nc/U,0.59
bw/st/no/yes/m/216/nc/U,bw/so/yes/no/m/258/nc/U,0.46
bw/st/no/yes/m/216/nc/U,bw/so/no/yes/d/749/nc/A,0.48
bw/st/no/yes/m/216/nc/U,bo/mu/yes/no/m/740/nc/A,0.57
bw/st/no/yes/m/216/nc/U,bw/st/no/yes/d/747/nc/A,1.0
bw/st/no/yes/m/216/nc/U,bo/mu/no/no/m/180/nc/U,0.56
bw/st/no/yes/m/216/nc/U,bo/mu/yes/yes/m/174/nc/U,0.57
bw/st/no/yes/m/216/nc/U,bo/st/yes/yes/d/510/nc/U,0.57
bw/st/no/yes/m/216/nc/U,bo/mu/yes/yes/d/722/nc/A,0.57
bw/st/no/yes/m/216/nc/U,bw/so/yes/yes/d/725/nc/A,0.47
bw/st/no/yes/m/216/nc/U,bo/st/no/yes/d/528/nc/U,0.55
bw/st/no/yes/m/216/nc/U,bo/mu/no/yes/d/746/nc/A,0.55
bw/st/no/yes/m/216/nc/U,bw/st/yes/no/m/741/nc/A,0.8
bw/st/no/yes/m/216/nc/U,bo/st/no/yes/d/748/nc/A,0.55
bw/st/no/yes/m/216/nc/U,bo/mu/yes/no/m/186/nc/U,0.57
bw/st/no/yes/m/216/nc/U,bo/st/no/no/d/516/nc/U,0.56
bw/st/no/yes/m/216/nc/U,bo/st/yes/yes/d/724/nc/A,0.57
bw/st/no/yes/m/216/nc/U,bw/st/yes/yes/d/723/nc/A,0.89
bw/st/no/yes/m/216/nc/U,bo/mu/no/yes/m/192/nc/U,0.55
bw/st/no/yes/m/216/nc/U,bo/st/yes/yes/m/730/nc/A,0.57
bw/st/no/yes/m/216/nc/U,bw/so/yes/no/d/737/nc/A,0.46
bw/st/no/yes/m/216/nc/U,bw/mu/no/yes/m/168/nc/U,0.59
bw/st/no/yes/m/216/nc/U,bw/mu/yes/no/m/739/nc/A,0.59
bw/st/no/yes/m/216/nc/U,bw/mu/yes/yes/m/150/nc/U,0.59
bw/st/no/yes/m/216/nc/U,bw/so/yes/yes/d/534/nc/U,0.47
bw/st/no/yes/m/216/nc/U,bo/mu/no/yes/m/752/nc/A,0.55
bw/st/no/yes/m/216/nc/U,bw/so/no/yes/m/755/nc/A,0.48
bw/st/no/yes/m/216/nc/U,bo/so/yes/yes/d/558/nc/U,0.46
bw/st/no/yes/m/216/nc/U,bw/mu/no/no/m/763/nc/A,0.59
bw/st/no/yes/m/216/nc/U,bo/mu/no/no/m/764/nc/A,0.56
bw/st/no/yes/m/216/nc/U,bo/so/yes/no/d/738/nc/A,0.45
bw/st/no/yes/m/216/nc/U,bw/mu/no/no/m/156/nc/U,0.59
bw/st/no/yes/m/216/nc/U,bo/st/yes/no/d/736/nc/A,0.58
bw/st/no/yes/m/216/nc/U,bw/st/no/yes/d/504/nc/U,1.0
bw/st/no/yes/m/216/nc/U,bw/so/yes/yes/m/731/nc/A,0.47
bw/st/no/yes/m/216/nc/U,bw/st/no/no/m/765/nc/A,0.87
bw/st/no/yes/m/216/nc/U,bo/so/no/no/d/762/nc/A,0.29
bw/st/no/yes/m/216/nc/U,bo/st/no/yes/m/754/nc/A,0.55
bw/st/no/yes/m/216/nc/U,bw/st/no/yes/m/753/nc/A,1.0
bw/st/no/yes/m/216/nc/U,bw/st/no/yes/m/216/nc/U,1.0
bw/st/no/yes/m/216/nc/U,bo/so/no/yes/m/288/nc/U,0.28
bw/st/no/yes/m/216/nc/U,bw/st/yes/no/m/210/nc/U,0.8
bw/st/no/yes/m/216/nc/U,bo/st/no/no/m/228/nc/U,0.56
bo/so/no/yes/m/288/nc/U,bw/mu/no/yes/d/456/nc/U,0.34
bo/so/no/yes/m/288/nc/U,bw/so/no/no/m/252/nc/U,0.38
bo/so/no/yes/m/288/nc/U,bw/so/no/yes/m/264/nc/U,0.38
bo/so/no/yes/m/288/nc/U,bw/st/no/no/d/492/nc/U,0.25
bo/so/no/yes/m/288/nc/U,bw/mu/yes/no/d/450/nc/U,0.34
bo/so/no/yes/m/288/nc/U,bo/mu/no/no/d/468/nc/U,0.36
bo/so/no/yes/m/288/nc/U,bo/mu/yes/yes/m/728/nc/A,0.36
bo/so/no/yes/m/288/nc/U,bo/st/yes/no/d/522/nc/U,0.38
bo/so/no/yes/m/288/nc/U,bo/so/yes/yes/d/726/nc/A,0.48
bo/so/no/yes/m/288/nc/U,bw/mu/yes/yes/d/721/nc/A,0.34
bo/so/no/yes/m/288/nc/U,bw/so/no/no/d/540/nc/U,0.38
bo/so/no/yes/m/288/nc/U,bo/so/yes/no/m/744/nc/A,0.45
bo/so/no/yes/m/288/nc/U,bo/so/no/yes/d/576/nc/U,1.0
bo/so/no/yes/m/288/nc/U,bw/so/yes/no/m/743/nc/A,0.37
bo/so/no/yes/m/288/nc/U,bw/mu/yes/yes/m/727/nc/A,0.34
bo/so/no/yes/m/288/nc/U,bw/st/yes/yes/m/729/nc/A,0.27
bo/so/no/yes/m/288/nc/U,bo/st/yes/no/m/742/nc/A,0.38
bo/so/no/yes/m/288/nc/U,bo/so/yes/no/d/570/nc/U,0.45
bo/so/no/yes/m/288/nc/U,bw/mu/no/yes/d/745/nc/A,0.34
bo/so/no/yes/m/288/nc/U,bw/so/yes/no/d/546/nc/U,0.37
bo/so/no/yes/m/288/nc/U,bo/so/no/no/d/564/nc/U,0.79
bo/so/no/yes/m/288/nc/U,bo/so/no/yes/m/756/nc/A,1.0
bo/so/no/yes/m/288/nc/U,bw/mu/no/yes/m/751/nc/A,0.34
bo/so/no/yes/m/288/nc/U,bw/so/no/no/m/767/nc/A,0.38
bo/so/no/yes/m/288/nc/U,bo/mu/no/no/d/758/nc/A,0.36
bo/so/no/yes/m/288/nc/U,bw/so/no/yes/d/552/nc/U,0.38
bo/so/no/yes/m/288/nc/U,bo/st/no/no/d/760/nc/A,0.4
bo/so/no/yes/m/288/nc/U,bw/mu/yes/no/m/162/nc/U,0.34
bo/so/no/yes/m/288/nc/U,bo/mu/yes/no/d/734/nc/A,0.36
bo/so/no/yes/m/288/nc/U,bw/mu/yes/no/d/733/nc/A,0.34
bo/so/no/yes/m/288/nc/U,bw/st/yes/yes/m/198/nc/U,0.27
bo/so/no/yes/m/288/nc/U,bw/so/no/no/d/761/nc/A,0.38
bo/so/no/yes/m/288/nc/U,bo/st/no/no/m/766/nc/A,0.4
bo/so/no/yes/m/288/nc/U,bw/st/no/no/d/759/nc/A,0.25
bo/so/no/yes/m/288/nc/U,bo/so/no/yes/d/750/nc/A,1.0
bo/so/no/yes/m/288/nc/U,bw/mu/no/no/d/757/nc/A,0.34
bo/so/no/yes/m/288/nc/U,bo/so/no/no/m/768/nc/A,0.79
bo/so/no/yes/m/288/nc/U,bo/so/yes/yes/m/732/nc/A,0.48
bo/so/no/yes/m/288/nc/U,bw/st/yes/no/d/735/nc/A,0.25
bo/so/no/yes/m/288/nc/U,bw/st/yes/yes/d/486/nc/U,0.27
bo/so/no/yes/m/288/nc/U,bw/mu/no/no/d/444/nc/U,0.34
bo/so/no/yes/m/288/nc/U,bw/so/yes/yes/m/246/nc/U,0.38
bo/so/no/yes/m/288/nc/U,bo/so/yes/yes/m/270/nc/U,0.48
bo/so/no/yes/m/288/nc/U,bo/mu/no/yes/d/480/nc/U,0.36
bo/so/no/yes/m/288/nc/U,bo/mu/yes/no/d/474/nc/U,0.36
bo/so/no/yes/m/288/nc/U,bo/st/yes/yes/m/222/nc/U,0.38
bo/so/no/yes/m/288/nc/U,bo/so/yes/no/m/282/nc/U,0.45
bo/so/no/yes/m/288/nc/U,bo/so/no/no/m/276/nc/U,0.79
bo/so/no/yes/m/288/nc/U,bo/st/no/yes/m/240/nc/U,0.4
bo/so/no/yes/m/288/nc/U,bw/st/no/no/m/204/nc/U,0.25
bo/so/no/yes/m/288/nc/U,bo/mu/yes/yes/d/462/nc/U,0.36
bo/so/no/yes/m/288/nc/U,bo/st/yes/no/m/234/nc/U,0.38
bo/so/no/yes/m/288/nc/U,bw/st/yes/no/d/498/nc/U,0.25
bo/so/no/yes/m/288/nc/U,bw/mu/yes/yes/d/438/nc/U,0.34
bo/so/no/yes/m/288/nc/U,bw/so/yes/no/m/258/nc/U,0.37
bo/so/no/yes/m/288/nc/U,bw/so/no/yes/d/749/nc/A,0.38
bo/so/no/yes/m/288/nc/U,bo/mu/yes/no/m/740/nc/A,0.36
bo/so/no/yes/m/288/nc/U,bw/st/no/yes/d/747/nc/A,0.28
bo/so/no/yes/m/288/nc/U,bo/mu/no/no/m/180/nc/U,0.36
bo/so/no/yes/m/288/nc/U,bo/mu/yes/yes/m/174/nc/U,0.36
bo/so/no/yes/m/288/nc/U,bo/st/yes/yes/d/510/nc/U,0.38
bo/so/no/yes/m/288/nc/U,bo/mu/yes/yes/d/722/nc/A,0.36
bo/so/no/yes/m/288/nc/U,bw/so/yes/yes/d/725/nc/A,0.38
bo/so/no/yes/m/288/nc/U,bo/st/no/yes/d/528/nc/U,0.4
bo/so/no/yes/m/288/nc/U,bo/mu/no/yes/d/746/nc/A,0.36
bo/so/no/yes/m/288/nc/U,bw/st/yes/no/m/741/nc/A,0.25
bo/so/no/yes/m/288/nc/U,bo/st/no/yes/d/748/nc/A,0.4
bo/so/no/yes/m/288/nc/U,bo/mu/yes/no/m/186/nc/U,0.36
bo/so/no/yes/m/288/nc/U,bo/st/no/no/d/516/nc/U,0.4
bo/so/no/yes/m/288/nc/U,bo/st/yes/yes/d/724/nc/A,0.38
bo/so/no/yes/m/288/nc/U,bw/st/yes/yes/d/723/nc/A,0.27
bo/so/no/yes/m/288/nc/U,bo/mu/no/yes/m/192/nc/U,0.36
bo/so/no/yes/m/288/nc/U,bo/st/yes/yes/m/730/nc/A,0.38
bo/so/no/yes/m/288/nc/U,bw/so/yes/no/d/737/nc/A,0.37
bo/so/no/yes/m/288/nc/U,bw/mu/no/yes/m/168/nc/U,0.34
bo/so/no/yes/m/288/nc/U,bw/mu/yes/no/m/739/nc/A,0.34
bo/so/no/yes/m/288/nc/U,bw/mu/yes/yes/m/150/nc/U,0.34
bo/so/no/yes/m/288/nc/U,bw/so/yes/yes/d/534/nc/U,0.38
bo/so/no/yes/m/288/nc/U,bo/mu/no/yes/m/752/nc/A,0.36
bo/so/no/yes/m/288/nc/U,bw/so/no/yes/m/755/nc/A,0.38
bo/so/no/yes/m/288/nc/U,bo/so/yes/yes/d/558/nc/U,0.48
bo/so/no/yes/m/288/nc/U,bw/mu/no/no/m/763/nc/A,0.34
bo/so/no/yes/m/288/nc/U,bo/mu/no/no/m/764/nc/A,0.36
bo/so/no/yes/m/288/nc/U,bo/so/yes/no/d/738/nc/A,0.45
bo/so/no/yes/m/288/nc/U,bw/mu/no/no/m/156/nc/U,0.34
bo/so/no/yes/m/288/nc/U,bo/st/yes/no/d/736/nc/A,0.38
bo/so/no/yes/m/288/nc/U,bw/st/no/yes/d/504/nc/U,0.28
bo/so/no/yes/m/288/nc/U,bw/so/yes/yes/m/731/nc/A,0.38
bo/so/no/yes/m/288/nc/U,bw/st/no/no/m/765/nc/A,0.25
bo/so/no/yes/m/288/nc/U,bo/so/no/no/d/762/nc/A,0.79
bo/so/no/yes/m/288/nc/U,bo/st/no/yes/m/754/nc/A,0.4
bo/so/no/yes/m/288/nc/U,bw/st/no/yes/m/753/nc/A,0.28
bo/so/no/yes/m/288/nc/U,bw/st/no/yes/m/216/nc/U,0.28
bo/so/no/yes/m/288/nc/U,bo/so/no/yes/m/288/nc/U,1.0
bo/so/no/yes/m/288/nc/U,bw/st/yes/no/m/210/nc/U,0.25
bo/so/no/yes/m/288/nc/U,bo/st/no/no/m/228/nc/U,0.4
bw/st/yes/no/m/210/nc/U,bw/mu/no/yes/d/456/nc/U,0.51
bw/st/yes/no/m/210/nc/U,bw/so/no/no/m/252/nc/U,0.42
bw/st/yes/no/m/210/nc/U,bw/so/no/yes/m/264/nc/U,0.42
bw/st/yes/no/m/210/nc/U,bw/st/no/no/d/492/nc/U,0.9
bw/st/yes/no/m/210/nc/U,bw/mu/yes/no/d/450/nc/U,0.52
bw/st/yes/no/m/210/nc/U,bo/mu/no/no/d/468/nc/U,0.49
bw/st/yes/no/m/210/nc/U,bo/mu/yes/yes/m/728/nc/A,0.49
bw/st/yes/no/m/210/nc/U,bo/st/yes/no/d/522/nc/U,0.52
bw/st/yes/no/m/210/nc/U,bo/so/yes/yes/d/726/nc/A,0.41
bw/st/yes/no/m/210/nc/U,bw/mu/yes/yes/d/721/nc/A,0.52
bw/st/yes/no/m/210/nc/U,bw/so/no/no/d/540/nc/U,0.42
bw/st/yes/no/m/210/nc/U,bo/so/yes/no/m/744/nc/A,0.41
bw/st/yes/no/m/210/nc/U,bo/so/no/yes/d/576/nc/U,0.25
bw/st/yes/no/m/210/nc/U,bw/so/yes/no/m/743/nc/A,0.43
bw/st/yes/no/m/210/nc/U,bw/mu/yes/yes/m/727/nc/A,0.52
bw/st/yes/no/m/210/nc/U,bw/st/yes/yes/m/729/nc/A,0.87
bw/st/yes/no/m/210/nc/U,bo/st/yes/no/m/742/nc/A,0.52
bw/st/yes/no/m/210/nc/U,bo/so/yes/no/d/570/nc/U,0.41
bw/st/yes/no/m/210/nc/U,bw/mu/no/yes/d/745/nc/A,0.51
bw/st/yes/no/m/210/nc/U,bw/so/yes/no/d/546/nc/U,0.43
bw/st/yes/no/m/210/nc/U,bo/so/no/no/d/564/nc/U,0.25
bw/st/yes/no/m/210/nc/U,bo/so/no/yes/m/756/nc/A,0.25
bw/st/yes/no/m/210/nc/U,bw/mu/no/yes/m/751/nc/A,0.51
bw/st/yes/no/m/210/nc/U,bw/so/no/no/m/767/nc/A,0.42
bw/st/yes/no/m/210/nc/U,bo/mu/no/no/d/758/nc/A,0.49
bw/st/yes/no/m/210/nc/U,bw/so/no/yes/d/552/nc/U,0.42
bw/st/yes/no/m/210/nc/U,bo/st/no/no/d/760/nc/A,0.48
bw/st/yes/no/m/210/nc/U,bw/mu/yes/no/m/162/nc/U,0.52
bw/st/yes/no/m/210/nc/U,bo/mu/yes/no/d/734/nc/A,0.5
bw/st/yes/no/m/210/nc/U,bw/mu/yes/no/d/733/nc/A,0.52
bw/st/yes/no/m/210/nc/U,bw/st/yes/yes/m/198/nc/U,0.87
bw/st/yes/no/m/210/nc/U,bw/so/no/no/d/761/nc/A,0.42
bw/st/yes/no/m/210/nc/U,bo/st/no/no/m/766/nc/A,0.48
bw/st/yes/no/m/210/nc/U,bw/st/no/no/d/759/nc/A,0.9
bw/st/yes/no/m/210/nc/U,bo/so/no/yes/d/750/nc/A,0.25
bw/st/yes/no/m/210/nc/U,bw/mu/no/no/d/757/nc/A,0.52
bw/st/yes/no/m/210/nc/U,bo/so/no/no/m/768/nc/A,0.25
bw/st/yes/no/m/210/nc/U,bo/so/yes/yes/m/732/nc/A,0.41
bw/st/yes/no/m/210/nc/U,bw/st/yes/no/d/735/nc/A,1.0
bw/st/yes/no/m/210/nc/U,bw/st/yes/yes/d/486/nc/U,0.87
bw/st/yes/no/m/210/nc/U,bw/mu/no/no/d/444/nc/U,0.52
bw/st/yes/no/m/210/nc/U,bw/so/yes/yes/m/246/nc/U,0.43
bw/st/yes/no/m/210/nc/U,bo/so/yes/yes/m/270/nc/U,0.41
bw/st/yes/no/m/210/nc/U,bo/mu/no/yes/d/480/nc/U,0.48
bw/st/yes/no/m/210/nc/U,bo/mu/yes/no/d/474/nc/U,0.5
bw/st/yes/no/m/210/nc/U,bo/st/yes/yes/m/222/nc/U,0.51
bw/st/yes/no/m/210/nc/U,bo/so/yes/no/m/282/nc/U,0.41
bw/st/yes/no/m/210/nc/U,bo/so/no/no/m/276/nc/U,0.25
bw/st/yes/no/m/210/nc/U,bo/st/no/yes/m/240/nc/U,0.47
bw/st/yes/no/m/210/nc/U,bw/st/no/no/m/204/nc/U,0.9
bw/st/yes/no/m/210/nc/U,bo/mu/yes/yes/d/462/nc/U,0.49
bw/st/yes/no/m/210/nc/U,bo/st/yes/no/m/234/nc/U,0.52
bw/st/yes/no/m/210/nc/U,bw/st/yes/no/d/498/nc/U,1.0
bw/st/yes/no/m/210/nc/U,bw/mu/yes/yes/d/438/nc/U,0.52
bw/st/yes/no/m/210/nc/U,bw/so/yes/no/m/258/nc/U,0.43
bw/st/yes/no/m/210/nc/U,bw/so/no/yes/d/749/nc/A,0.42
bw/st/yes/no/m/210/nc/U,bo/mu/yes/no/m/740/nc/A,0.5
bw/st/yes/no/m/210/nc/U,bw/st/no/yes/d/747/nc/A,0.8
bw/st/yes/no/m/210/nc/U,bo/mu/no/no/m/180/nc/U,0.49
bw/st/yes/no/m/210/nc/U,bo/mu/yes/yes/m/174/nc/U,0.49
bw/st/yes/no/m/210/nc/U,bo/st/yes/yes/d/510/nc/U,0.51
bw/st/yes/no/m/210/nc/U,bo/mu/yes/yes/d/722/nc/A,0.49
bw/st/yes/no/m/210/nc/U,bw/so/yes/yes/d/725/nc/A,0.43
bw/st/yes/no/m/210/nc/U,bo/st/no/yes/d/528/nc/U,0.47
bw/st/yes/no/m/210/nc/U,bo/mu/no/yes/d/746/nc/A,0.48
bw/st/yes/no/m/210/nc/U,bw/st/yes/no/m/741/nc/A,1.0
bw/st/yes/no/m/210/nc/U,bo/st/no/yes/d/748/nc/A,0.47
bw/st/yes/no/m/210/nc/U,bo/mu/yes/no/m/186/nc/U,0.5
bw/st/yes/no/m/210/nc/U,bo/st/no/no/d/516/nc/U,0.48
bw/st/yes/no/m/210/nc/U,bo/st/yes/yes/d/724/nc/A,0.51
bw/st/yes/no/m/210/nc/U,bw/st/yes/yes/d/723/nc/A,0.87
bw/st/yes/no/m/210/nc/U,bo/mu/no/yes/m/192/nc/U,0.48
bw/st/yes/no/m/210/nc/U,bo/st/yes/yes/m/730/nc/A,0.51
bw/st/yes/no/m/210/nc/U,bw/so/yes/no/d/737/nc/A,0.43
bw/st/yes/no/m/210/nc/U,bw/mu/no/yes/m/168/nc/U,0.51
bw/st/yes/no/m/210/nc/U,bw/mu/yes/no/m/739/nc/A,0.52
bw/st/yes/no/m/210/nc/U,bw/mu/yes/yes/m/150/nc/U,0.52
bw/st/yes/no/m/210/nc/U,bw/so/yes/yes/d/534/nc/U,0.43
bw/st/yes/no/m/210/nc/U,bo/mu/no/yes/m/752/nc/A,0.48
bw/st/yes/no/m/210/nc/U,bw/so/no/yes/m/755/nc/A,0.42
bw/st/yes/no/m/210/nc/U,bo/so/yes/yes/d/558/nc/U,0.41
bw/st/yes/no/m/210/nc/U,bw/mu/no/no/m/763/nc/A,0.52
bw/st/yes/no/m/210/nc/U,bo/mu/no/no/m/764/nc/A,0.49
bw/st/yes/no/m/210/nc/U,bo/so/yes/no/d/738/nc/A,0.41
bw/st/yes/no/m/210/nc/U,bw/mu/no/no/m/156/nc/U,0.52
bw/st/yes/no/m/210/nc/U,bo/st/yes/no/d/736/nc/A,0.52
bw/st/yes/no/m/210/nc/U,bw/st/no/yes/d/504/nc/U,0.8
bw/st/yes/no/m/210/nc/U,bw/so/yes/yes/m/731/nc/A,0.43
bw/st/yes/no/m/210/nc/U,bw/st/no/no/m/765/nc/A,0.9
bw/st/yes/no/m/210/nc/U,bo/so/no/no/d/762/nc/A,0.25
bw/st/yes/no/m/210/nc/U,bo/st/no/yes/m/754/nc/A,0.47
bw/st/yes/no/m/210/nc/U,bw/st/no/yes/m/753/nc/A,0.8
bw/st/yes/no/m/210/nc/U,bw/st/no/yes/m/216/nc/U,0.8
bw/st/yes/no/m/210/nc/U,bo/so/no/yes/m/288/nc/U,0.25
bw/st/yes/no/m/210/nc/U,bw/st/yes/no/m/210/nc/U,1.0
bw/st/yes/no/m/210/nc/U,bo/st/no/no/m/228/nc/U,0.48
bo/st/no/no/m/228/nc/U,bw/mu/no/yes/d/456/nc/U,0.66
bo/st/no/no/m/228/nc/U,bw/so/no/no/m/252/nc/U,0.56
bo/st/no/no/m/228/nc/U,bw/so/no/yes/m/264/nc/U,0.57
bo/st/no/no/m/228/nc/U,bw/st/no/no/d/492/nc/U,0.49
bo/st/no/no/m/228/nc/U,bw/mu/yes/no/d/450/nc/U,0.66
bo/st/no/no/m/228/nc/U,bo/mu/no/no/d/468/nc/U,0.67
bo/st/no/no/m/228/nc/U,bo/mu/yes/yes/m/728/nc/A,0.67
bo/st/no/no/m/228/nc/U,bo/st/yes/no/d/522/nc/U,0.87
bo/st/no/no/m/228/nc/U,bo/so/yes/yes/d/726/nc/A,0.61
bo/st/no/no/m/228/nc/U,bw/mu/yes/yes/d/721/nc/A,0.66
bo/st/no/no/m/228/nc/U,bw/so/no/no/d/540/nc/U,0.56
bo/st/no/no/m/228/nc/U,bo/so/yes/no/m/744/nc/A,0.59
bo/st/no/no/m/228/nc/U,bo/so/no/yes/d/576/nc/U,0.4
bo/st/no/no/m/228/nc/U,bw/so/yes/no/m/743/nc/A,0.54
bo/st/no/no/m/228/nc/U,bw/mu/yes/yes/m/727/nc/A,0.66
bo/st/no/no/m/228/nc/U,bw/st/yes/yes/m/729/nc/A,0.53
bo/st/no/no/m/228/nc/U,bo/st/yes/no/m/742/nc/A,0.87
bo/st/no/no/m/228/nc/U,bo/so/yes/no/d/570/nc/U,0.59
bo/st/no/no/m/228/nc/U,bw/mu/no/yes/d/745/nc/A,0.66
bo/st/no/no/m/228/nc/U,bw/so/yes/no/d/546/nc/U,0.54
bo/st/no/no/m/228/nc/U,bo/so/no/no/d/564/nc/U,0.39
bo/st/no/no/m/228/nc/U,bo/so/no/yes/m/756/nc/A,0.4
bo/st/no/no/m/228/nc/U,bw/mu/no/yes/m/751/nc/A,0.66
bo/st/no/no/m/228/nc/U,bw/so/no/no/m/767/nc/A,0.56
bo/st/no/no/m/228/nc/U,bo/mu/no/no/d/758/nc/A,0.67
bo/st/no/no/m/228/nc/U,bw/so/no/yes/d/552/nc/U,0.57
bo/st/no/no/m/228/nc/U,bo/st/no/no/d/760/nc/A,1.0
bo/st/no/no/m/228/nc/U,bw/mu/yes/no/m/162/nc/U,0.66
bo/st/no/no/m/228/nc/U,bo/mu/yes/no/d/734/nc/A,0.67
bo/st/no/no/m/228/nc/U,bw/mu/yes/no/d/733/nc/A,0.66
bo/st/no/no/m/228/nc/U,bw/st/yes/yes/m/198/nc/U,0.53
bo/st/no/no/m/228/nc/U,bw/so/no/no/d/761/nc/A,0.56
bo/st/no/no/m/228/nc/U,bo/st/no/no/m/766/nc/A,1.0
bo/st/no/no/m/228/nc/U,bw/st/no/no/d/759/nc/A,0.49
bo/st/no/no/m/228/nc/U,bo/so/no/yes/d/750/nc/A,0.4
bo/st/no/no/m/228/nc/U,bw/mu/no/no/d/757/nc/A,0.66
bo/st/no/no/m/228/nc/U,bo/so/no/no/m/768/nc/A,0.39
bo/st/no/no/m/228/nc/U,bo/so/yes/yes/m/732/nc/A,0.61
bo/st/no/no/m/228/nc/U,bw/st/yes/no/d/735/nc/A,0.48
bo/st/no/no/m/228/nc/U,bw/st/yes/yes/d/486/nc/U,0.53
bo/st/no/no/m/228/nc/U,bw/mu/no/no/d/444/nc/U,0.66
bo/st/no/no/m/228/nc/U,bw/so/yes/yes/m/246/nc/U,0.55
bo/st/no/no/m/228/nc/U,bo/so/yes/yes/m/270/nc/U,0.61
bo/st/no/no/m/228/nc/U,bo/mu/no/yes/d/480/nc/U,0.66
bo/st/no/no/m/228/nc/U,bo/mu/yes/no/d/474/nc/U,0.67
bo/st/no/no/m/228/nc/U,bo/st/yes/yes/m/222/nc/U,0.87
bo/st/no/no/m/228/nc/U,bo/so/yes/no/m/282/nc/U,0.59
bo/st/no/no/m/228/nc/U,bo/so/no/no/m/276/nc/U,0.39
bo/st/no/no/m/228/nc/U,bo/st/no/yes/m/240/nc/U,0.93
bo/st/no/no/m/228/nc/U,bw/st/no/no/m/204/nc/U,0.49
bo/st/no/no/m/228/nc/U,bo/mu/yes/yes/d/462/nc/U,0.67
bo/st/no/no/m/228/nc/U,bo/st/yes/no/m/234/nc/U,0.87
bo/st/no/no/m/228/nc/U,bw/st/yes/no/d/498/nc/U,0.48
bo/st/no/no/m/228/nc/U,bw/mu/yes/yes/d/438/nc/U,0.66
bo/st/no/no/m/228/nc/U,bw/so/yes/no/m/258/nc/U,0.54
bo/st/no/no/m/228/nc/U,bw/so/no/yes/d/749/nc/A,0.57
bo/st/no/no/m/228/nc/U,bo/mu/yes/no/m/740/nc/A,0.67
bo/st/no/no/m/228/nc/U,bw/st/no/yes/d/747/nc/A,0.56
bo/st/no/no/m/228/nc/U,bo/mu/no/no/m/180/nc/U,0.67
bo/st/no/no/m/228/nc/U,bo/mu/yes/yes/m/174/nc/U,0.67
bo/st/no/no/m/228/nc/U,bo/st/yes/yes/d/510/nc/U,0.87
bo/st/no/no/m/228/nc/U,bo/mu/yes/yes/d/722/nc/A,0.67
bo/st/no/no/m/228/nc/U,bw/so/yes/yes/d/725/nc/A,0.55
bo/st/no/no/m/228/nc/U,bo/st/no/yes/d/528/nc/U,0.93
bo/st/no/no/m/228/nc/U,bo/mu/no/yes/d/746/nc/A,0.66
bo/st/no/no/m/228/nc/U,bw/st/yes/no/m/741/nc/A,0.48
bo/st/no/no/m/228/nc/U,bo/st/no/yes/d/748/nc/A,0.93
bo/st/no/no/m/228/nc/U,bo/mu/yes/no/m/186/nc/U,0.67
bo/st/no/no/m/228/nc/U,bo/st/no/no/d/516/nc/U,1.0
bo/st/no/no/m/228/nc/U,bo/st/yes/yes/d/724/nc/A,0.87
bo/st/no/no/m/228/nc/U,bw/st/yes/yes/d/723/nc/A,0.53
bo/st/no/no/m/228/nc/U,bo/mu/no/yes/m/192/nc/U,0.66
bo/st/no/no/m/228/nc/U,bo/st/yes/yes/m/730/nc/A,0.87
bo/st/no/no/m/228/nc/U,bw/so/yes/no/d/737/nc/A,0.54
bo/st/no/no/m/228/nc/U,bw/mu/no/yes/m/168/nc/U,0.66
bo/st/no/no/m/228/nc/U,bw/mu/yes/no/m/739/nc/A,0.66
bo/st/no/no/m/228/nc/U,bw/mu/yes/yes/m/150/nc/U,0.66
bo/st/no/no/m/228/nc/U,bw/so/yes/yes/d/534/nc/U,0.55
bo/st/no/no/m/228/nc/U,bo/mu/no/yes/m/752/nc/A,0.66
bo/st/no/no/m/228/nc/U,bw/so/no/yes/m/755/nc/A,0.57
bo/st/no/no/m/228/nc/U,bo/so/yes/yes/d/558/nc/U,0.61
bo/st/no/no/m/228/nc/U,bw/mu/no/no/m/763/nc/A,0.66
bo/st/no/no/m/228/nc/U,bo/mu/no/no/m/764/nc/A,0.67
bo/st/no/no/m/228/nc/U,bo/so/yes/no/d/738/nc/A,0.59
bo/st/no/no/m/228/nc/U,bw/mu/no/no/m/156/nc/U,0.66
bo/st/no/no/m/228/nc/U,bo/st/yes/no/d/736/nc/A,0.87
bo/st/no/no/m/228/nc/U,bw/st/no/yes/d/504/nc/U,0.56
bo/st/no/no/m/228/nc/U,bw/so/yes/yes/m/731/nc/A,0.55
bo/st/no/no/m/228/nc/U,bw/st/no/no/m/765/nc/A,0.49
bo/st/no/no/m/228/nc/U,bo/so/no/no/d/762/nc/A,0.39
bo/st/no/no/m/228/nc/U,bo/st/no/yes/m/754/nc/A,0.93
bo/st/no/no/m/228/nc/U,bw/st/no/yes/m/753/nc/A,0.56
bo/st/no/no/m/228/nc/U,bw/st/no/yes/m/216/nc/U,0.56
bo/st/no/no/m/228/nc/U,bo/so/no/yes/m/288/nc/U,0.4
bo/st/no/no/m/228/nc/U,bw/st/yes/no/m/210/nc/U,0.48
bo/st/no/no/m/228/nc/U,bo/st/no/no/m/228/nc/U,1.0
