TestCase,Region,Inter/Union,Precision,Recall,f1_score
2,GRCh38_alllowmapandsegdupregions.bed,0.5796992481203007,0.8202127659574469,0.6640826873385013,0.7339362208472157
8,GRCh38_alllowmapandsegdupregions.bed,0.5762081784386617,0.808133472367049,0.6675279931093885,0.7311320754716981
14,GRCh38_alllowmapandsegdupregions.bed,0.5700589970501475,0.7985537190082644,0.6658053402239449,0.7261625176139033
20,GRCh38_alllowmapandsegdupregions.bed,0.5902140672782875,0.8400435255712732,0.664944013781223,0.7423076923076923
26,GRCh38_alllowmapandsegdupregions.bed,0.6118421052631579,0.9311639549436797,0.6408268733850129,0.7591836734693878
32,GRCh38_alllowmapandsegdupregions.bed,0.5952960259529603,0.9106699751861043,0.632213608957795,0.7463141840366039
38,GRCh38_alllowmapandsegdupregions.bed,0.6019339242546333,0.9032648125755743,0.6434108527131783,0.7515090543259557
44,GRCh38_alllowmapandsegdupregions.bed,0.6,0.9254108723135271,0.6304909560723514,0.75
50,GRCh38_alllowmapandsegdupregions.bed,0.4348543155579989,0.5458937198067633,0.6813092161929372,0.6061302681992337
56,GRCh38_alllowmapandsegdupregions.bed,0.38205499276411,0.4647887323943662,0.6821705426356589,0.5528795811518324
62,GRCh38_alllowmapandsegdupregions.bed,0.36957536164255717,0.4464487034949267,0.6821705426356589,0.5396933560477001
68,GRCh38_alllowmapandsegdupregions.bed,0.4549109707064905,0.577259475218659,0.6821705426356589,0.6253454401894987
74,GRCh38_alllowmapandsegdupregions.bed,0.5058309037900874,0.7668508287292818,0.5977605512489234,0.6718296224588578
80,GRCh38_alllowmapandsegdupregions.bed,0.5003700962250185,0.7806004618937644,0.5822566752799311,0.6669955599407992
86,GRCh38_alllowmapandsegdupregions.bed,0.495014245014245,0.7409381663113006,0.5986218776916451,0.662220104811815
92,GRCh38_alllowmapandsegdupregions.bed,0.516793893129771,0.8196125907990315,0.5831180017226529,0.6814292903875189
98,GRCh38_alllowmapandsegdupregions.bed,0.3851113716295428,0.5465890183028286,0.5658914728682171,0.5560727888277613
104,GRCh38_alllowmapandsegdupregions.bed,0.3940652818991098,0.5589225589225589,0.5719207579672696,0.5653469561515538
110,GRCh38_alllowmapandsegdupregions.bed,0.38689095127610207,0.5422764227642276,0.5745047372954349,0.5579255541614387
116,GRCh38_alllowmapandsegdupregions.bed,0.39177750906892383,0.567922874671341,0.5581395348837209,0.5629887054735012
122,GRCh38_alllowmapandsegdupregions.bed,0.4102911306702776,0.6572668112798264,0.5219638242894057,0.5818530964954393
128,GRCh38_alllowmapandsegdupregions.bed,0.2521865889212828,0.6211849192100538,0.2980189491817399,0.40279394644935973
134,GRCh38_alllowmapandsegdupregions.bed,0.3928346951602766,0.5924170616113744,0.5383290267011197,0.5640794223826716
140,GRCh38_alllowmapandsegdupregions.bed,0.26434108527131783,0.725531914893617,0.29371231696813094,0.41814837522992027
147,GRCh38_alllowmapandsegdupregions.bed,0.5438884331419196,0.9195561719833565,0.5710594315245479,0.7045696068012753
148,GRCh38_alllowmapandsegdupregions.bed,0.5796992481203007,0.8202127659574469,0.6640826873385013,0.7339362208472157
149,GRCh38_alllowmapandsegdupregions.bed,0.5438884331419196,0.9195561719833565,0.5710594315245479,0.7045696068012753
150,GRCh38_alllowmapandsegdupregions.bed,0.594272076372315,0.8861209964412812,0.6434108527131783,0.7455089820359282
153,GRCh38_alllowmapandsegdupregions.bed,0.5018867924528302,0.8021712907117008,0.5727820844099913,0.6683417085427136
154,GRCh38_alllowmapandsegdupregions.bed,0.5762081784386617,0.808133472367049,0.6675279931093885,0.7311320754716981
155,GRCh38_alllowmapandsegdupregions.bed,0.5018867924528302,0.8021712907117008,0.5727820844099913,0.6683417085427136
156,GRCh38_alllowmapandsegdupregions.bed,0.5927099841521395,0.8810365135453475,0.6442721791559001,0.7442786069651741
159,GRCh38_alllowmapandsegdupregions.bed,0.5391517128874388,0.9104683195592287,0.5693367786391043,0.7005829358770536
160,GRCh38_alllowmapandsegdupregions.bed,0.5700589970501475,0.7985537190082644,0.6658053402239449,0.7261625176139033
161,GRCh38_alllowmapandsegdupregions.bed,0.5391517128874388,0.9104683195592287,0.5693367786391043,0.7005829358770536
162,GRCh38_alllowmapandsegdupregions.bed,0.5949166004765687,0.8842975206611571,0.6451335055986219,0.7460159362549802
165,GRCh38_alllowmapandsegdupregions.bed,0.5204724409448819,0.8584415584415584,0.5693367786391043,0.6846193682030036
166,GRCh38_alllowmapandsegdupregions.bed,0.5902140672782875,0.8400435255712732,0.664944013781223,0.7423076923076923
167,GRCh38_alllowmapandsegdupregions.bed,0.5204724409448819,0.8584415584415584,0.5693367786391043,0.6846193682030036
168,GRCh38_alllowmapandsegdupregions.bed,0.5930047694753577,0.8849347568208779,0.6425495262704565,0.7445109780439122
171,GRCh38_alllowmapandsegdupregions.bed,0.5296989422294548,0.9054242002781642,0.5607235142118863,0.6925531914893616
172,GRCh38_alllowmapandsegdupregions.bed,0.6118421052631579,0.9311639549436797,0.6408268733850129,0.7591836734693878
173,GRCh38_alllowmapandsegdupregions.bed,0.5296989422294548,0.9054242002781642,0.5607235142118863,0.6925531914893616
174,GRCh38_alllowmapandsegdupregions.bed,0.5897226753670473,0.9175126903553299,0.6227390180878553,0.7419189327860441
177,GRCh38_alllowmapandsegdupregions.bed,0.4748427672955975,0.8447552447552448,0.5202411714039621,0.6439232409381663
178,GRCh38_alllowmapandsegdupregions.bed,0.5952960259529603,0.9106699751861043,0.632213608957795,0.7463141840366039
179,GRCh38_alllowmapandsegdupregions.bed,0.4748427672955975,0.8447552447552448,0.5202411714039621,0.6439232409381663
180,GRCh38_alllowmapandsegdupregions.bed,0.5732586068855084,0.8905472636815921,0.6167097329888027,0.7287531806615776
183,GRCh38_alllowmapandsegdupregions.bed,0.5290697674418605,0.9367647058823529,0.5486649440137812,0.6920152091254752
184,GRCh38_alllowmapandsegdupregions.bed,0.6019339242546333,0.9032648125755743,0.6434108527131783,0.7515090543259557
185,GRCh38_alllowmapandsegdupregions.bed,0.5290697674418605,0.9367647058823529,0.5486649440137812,0.6920152091254752
186,GRCh38_alllowmapandsegdupregions.bed,0.5834683954619124,0.9079445145018915,0.6201550387596899,0.7369498464687819
189,GRCh38_alllowmapandsegdupregions.bed,0.4918032786885246,0.9104704097116844,0.5167958656330749,0.6593406593406592
190,GRCh38_alllowmapandsegdupregions.bed,0.6,0.9254108723135271,0.6304909560723514,0.75
191,GRCh38_alllowmapandsegdupregions.bed,0.4918032786885246,0.9104704097116844,0.5167958656330749,0.6593406593406592
192,GRCh38_alllowmapandsegdupregions.bed,0.5760257441673371,0.8972431077694235,0.6167097329888027,0.7309851965288411
195,GRCh38_alllowmapandsegdupregions.bed,0.36116910229645094,0.4782308223911541,0.5960378983634798,0.5306748466257669
196,GRCh38_alllowmapandsegdupregions.bed,0.4348543155579989,0.5458937198067633,0.6813092161929372,0.6061302681992337
197,GRCh38_alllowmapandsegdupregions.bed,0.36116910229645094,0.4782308223911541,0.5960378983634798,0.5306748466257669
198,GRCh38_alllowmapandsegdupregions.bed,0.43057897695334457,0.5534682080924855,0.6597760551248923,0.6019646365422396
201,GRCh38_alllowmapandsegdupregions.bed,0.3391984359726295,0.4395186827105763,0.5977605512489234,0.5065693430656935
202,GRCh38_alllowmapandsegdupregions.bed,0.38205499276411,0.4647887323943662,0.6821705426356589,0.5528795811518324
203,GRCh38_alllowmapandsegdupregions.bed,0.3391984359726295,0.4395186827105763,0.5977605512489234,0.5065693430656935
204,GRCh38_alllowmapandsegdupregions.bed,0.40721102863202546,0.5144005358338914,0.661498708010336,0.5787490580256218
207,GRCh38_alllowmapandsegdupregions.bed,0.32984790874524716,0.4239462431276726,0.5977605512489234,0.4960686204431737
208,GRCh38_alllowmapandsegdupregions.bed,0.36957536164255717,0.4464487034949267,0.6821705426356589,0.5396933560477001
209,GRCh38_alllowmapandsegdupregions.bed,0.32984790874524716,0.4239462431276726,0.5977605512489234,0.4960686204431737
210,GRCh38_alllowmapandsegdupregions.bed,0.39896373056994816,0.5003248862897985,0.6632213608957795,0.5703703703703704
213,GRCh38_alllowmapandsegdupregions.bed,0.3723804406233208,0.49748743718592964,0.5968992248062015,0.5426781519185592
214,GRCh38_alllowmapandsegdupregions.bed,0.4549109707064905,0.577259475218659,0.6821705426356589,0.6253454401894987
215,GRCh38_alllowmapandsegdupregions.bed,0.3723804406233208,0.49748743718592964,0.5968992248062015,0.5426781519185592
216,GRCh38_alllowmapandsegdupregions.bed,0.44522144522144524,0.579226686884003,0.6580534022394487,0.6161290322580645
219,GRCh38_alllowmapandsegdupregions.bed,0.4379407616361072,0.7072892938496583,0.5348837209302325,0.6091221186856303
220,GRCh38_alllowmapandsegdupregions.bed,0.5058309037900874,0.7668508287292818,0.5977605512489234,0.6718296224588578
221,GRCh38_alllowmapandsegdupregions.bed,0.4379407616361072,0.7072892938496583,0.5348837209302325,0.6091221186856303
222,GRCh38_alllowmapandsegdupregions.bed,0.5087847730600292,0.7722222222222223,0.5986218776916451,0.6744298884036876
225,GRCh38_alllowmapandsegdupregions.bed,0.40224719101123596,0.7552742616033755,0.4625322997416021,0.5737179487179488
226,GRCh38_alllowmapandsegdupregions.bed,0.5003700962250185,0.7806004618937644,0.5822566752799311,0.6669955599407992
227,GRCh38_alllowmapandsegdupregions.bed,0.40224719101123596,0.7552742616033755,0.4625322997416021,0.5737179487179488
228,GRCh38_alllowmapandsegdupregions.bed,0.5143721633888049,0.8085612366230678,0.5857019810508183,0.6793206793206793
231,GRCh38_alllowmapandsegdupregions.bed,0.40808344198174706,0.6266266266266266,0.5391903531438416,0.5796296296296296
232,GRCh38_alllowmapandsegdupregions.bed,0.495014245014245,0.7409381663113006,0.5986218776916451,0.662220104811815
233,GRCh38_alllowmapandsegdupregions.bed,0.40808344198174706,0.6266266266266266,0.5391903531438416,0.5796296296296296
234,GRCh38_alllowmapandsegdupregions.bed,0.5025234318673396,0.7551462621885157,0.6003445305770887,0.6689059500959693
237,GRCh38_alllowmapandsegdupregions.bed,0.4272,0.8571428571428571,0.4599483204134367,0.5986547085201793
238,GRCh38_alllowmapandsegdupregions.bed,0.516793893129771,0.8196125907990315,0.5831180017226529,0.6814292903875189
239,GRCh38_alllowmapandsegdupregions.bed,0.4272,0.8571428571428571,0.4599483204134367,0.5986547085201793
240,GRCh38_alllowmapandsegdupregions.bed,0.5333333333333333,0.8564231738035264,0.5857019810508183,0.6956521739130435
243,GRCh38_alllowmapandsegdupregions.bed,0.2836752899197145,0.37041351193942923,0.5478036175710594,0.4419735927727589
244,GRCh38_alllowmapandsegdupregions.bed,0.3851113716295428,0.5465890183028286,0.5658914728682171,0.5560727888277613
245,GRCh38_alllowmapandsegdupregions.bed,0.2836752899197145,0.37041351193942923,0.5478036175710594,0.4419735927727589
246,GRCh38_alllowmapandsegdupregions.bed,0.3984375,0.5686106346483705,0.5710594315245479,0.5698324022346368
249,GRCh38_alllowmapandsegdupregions.bed,0.2524500196001568,0.3166175024582104,0.5546942291128337,0.40312989045383407
250,GRCh38_alllowmapandsegdupregions.bed,0.3940652818991098,0.5589225589225589,0.5719207579672696,0.5653469561515538
251,GRCh38_alllowmapandsegdupregions.bed,0.2524500196001568,0.3166175024582104,0.5546942291128337,0.40312989045383407
252,GRCh38_alllowmapandsegdupregions.bed,0.4032451923076923,0.5715502555366269,0.5779500430663221,0.5747323340471092
255,GRCh38_alllowmapandsegdupregions.bed,0.24563401670463175,0.30518867924528303,0.5572782084409992,0.39439195367266083
256,GRCh38_alllowmapandsegdupregions.bed,0.38689095127610207,0.5422764227642276,0.5745047372954349,0.5579255541614387
257,GRCh38_alllowmapandsegdupregions.bed,0.24563401670463175,0.30518867924528303,0.5572782084409992,0.39439195367266083
258,GRCh38_alllowmapandsegdupregions.bed,0.39424206815511165,0.5536303630363036,0.5779500430663221,0.5655288664138222
261,GRCh38_alllowmapandsegdupregions.bed,0.2873980054397099,0.3776057176891007,0.5460809646856158,0.44647887323943664
262,GRCh38_alllowmapandsegdupregions.bed,0.39177750906892383,0.567922874671341,0.5581395348837209,0.5629887054735012
263,GRCh38_alllowmapandsegdupregions.bed,0.2873980054397099,0.3776057176891007,0.5460809646856158,0.44647887323943664
264,GRCh38_alllowmapandsegdupregions.bed,0.4091189155884165,0.5896980461811723,0.5719207579672696,0.5806733712286839
267,GRCh38_alllowmapandsegdupregions.bed,0.3077330508474576,0.4441896024464832,0.5004306632213609,0.4706358849736736
268,GRCh38_alllowmapandsegdupregions.bed,0.4102911306702776,0.6572668112798264,0.5219638242894057,0.5818530964954393
269,GRCh38_alllowmapandsegdupregions.bed,0.3077330508474576,0.4441896024464832,0.5004306632213609,0.4706358849736736
270,GRCh38_alllowmapandsegdupregions.bed,0.4176271186440678,0.6623655913978495,0.5305770887166236,0.5891917742706838
273,GRCh38_alllowmapandsegdupregions.bed,0.06165590135055784,0.16228748068006182,0.09043927648578812,0.11615044247787612
274,GRCh38_alllowmapandsegdupregions.bed,0.2521865889212828,0.6211849192100538,0.2980189491817399,0.40279394644935973
275,GRCh38_alllowmapandsegdupregions.bed,0.06165590135055784,0.16228748068006182,0.09043927648578812,0.11615044247787612
276,GRCh38_alllowmapandsegdupregions.bed,0.2588320115356885,0.6136752136752137,0.30921619293712316,0.41122565864833904
279,GRCh38_alllowmapandsegdupregions.bed,0.2497907949790795,0.32694414019715223,0.5142118863049095,0.39973217274857714
280,GRCh38_alllowmapandsegdupregions.bed,0.3928346951602766,0.5924170616113744,0.5383290267011197,0.5640794223826716
281,GRCh38_alllowmapandsegdupregions.bed,0.2497907949790795,0.32694414019715223,0.5142118863049095,0.39973217274857714
282,GRCh38_alllowmapandsegdupregions.bed,0.40089801154586274,0.6109481915933529,0.5383290267011197,0.5723443223443223
285,GRCh38_alllowmapandsegdupregions.bed,0.06856754921928038,0.24455205811138014,0.08699397071490095,0.12833545108005084
286,GRCh38_alllowmapandsegdupregions.bed,0.26434108527131783,0.725531914893617,0.29371231696813094,0.41814837522992027
287,GRCh38_alllowmapandsegdupregions.bed,0.06856754921928038,0.24455205811138014,0.08699397071490095,0.12833545108005084
288,GRCh38_alllowmapandsegdupregions.bed,0.2668178382464097,0.6854368932038835,0.3040482342807924,0.4212410501193317
290,GRCh38_alllowmapandsegdupregions.bed,0.5796992481203007,0.8202127659574469,0.6640826873385013,0.7339362208472157
296,GRCh38_alllowmapandsegdupregions.bed,0.5762081784386617,0.808133472367049,0.6675279931093885,0.7311320754716981
302,GRCh38_alllowmapandsegdupregions.bed,0.5700589970501475,0.7985537190082644,0.6658053402239449,0.7261625176139033
308,GRCh38_alllowmapandsegdupregions.bed,0.5902140672782875,0.8400435255712732,0.664944013781223,0.7423076923076923
314,GRCh38_alllowmapandsegdupregions.bed,0.6118421052631579,0.9311639549436797,0.6408268733850129,0.7591836734693878
320,GRCh38_alllowmapandsegdupregions.bed,0.5952960259529603,0.9106699751861043,0.632213608957795,0.7463141840366039
326,GRCh38_alllowmapandsegdupregions.bed,0.6019339242546333,0.9032648125755743,0.6434108527131783,0.7515090543259557
332,GRCh38_alllowmapandsegdupregions.bed,0.6,0.9254108723135271,0.6304909560723514,0.75
338,GRCh38_alllowmapandsegdupregions.bed,0.4348543155579989,0.5458937198067633,0.6813092161929372,0.6061302681992337
344,GRCh38_alllowmapandsegdupregions.bed,0.38205499276411,0.4647887323943662,0.6821705426356589,0.5528795811518324
350,GRCh38_alllowmapandsegdupregions.bed,0.36957536164255717,0.4464487034949267,0.6821705426356589,0.5396933560477001
356,GRCh38_alllowmapandsegdupregions.bed,0.4549109707064905,0.577259475218659,0.6821705426356589,0.6253454401894987
362,GRCh38_alllowmapandsegdupregions.bed,0.5058309037900874,0.7668508287292818,0.5977605512489234,0.6718296224588578
368,GRCh38_alllowmapandsegdupregions.bed,0.5003700962250185,0.7806004618937644,0.5822566752799311,0.6669955599407992
374,GRCh38_alllowmapandsegdupregions.bed,0.495014245014245,0.7409381663113006,0.5986218776916451,0.662220104811815
380,GRCh38_alllowmapandsegdupregions.bed,0.516793893129771,0.8196125907990315,0.5831180017226529,0.6814292903875189
386,GRCh38_alllowmapandsegdupregions.bed,0.3851113716295428,0.5465890183028286,0.5658914728682171,0.5560727888277613
392,GRCh38_alllowmapandsegdupregions.bed,0.3940652818991098,0.5589225589225589,0.5719207579672696,0.5653469561515538
398,GRCh38_alllowmapandsegdupregions.bed,0.38689095127610207,0.5422764227642276,0.5745047372954349,0.5579255541614387
404,GRCh38_alllowmapandsegdupregions.bed,0.39177750906892383,0.567922874671341,0.5581395348837209,0.5629887054735012
410,GRCh38_alllowmapandsegdupregions.bed,0.4102911306702776,0.6572668112798264,0.5219638242894057,0.5818530964954393
416,GRCh38_alllowmapandsegdupregions.bed,0.2521865889212828,0.6211849192100538,0.2980189491817399,0.40279394644935973
422,GRCh38_alllowmapandsegdupregions.bed,0.3928346951602766,0.5924170616113744,0.5383290267011197,0.5640794223826716
428,GRCh38_alllowmapandsegdupregions.bed,0.26434108527131783,0.725531914893617,0.29371231696813094,0.41814837522992027
435,GRCh38_alllowmapandsegdupregions.bed,0.5438884331419196,0.9195561719833565,0.5710594315245479,0.7045696068012753
436,GRCh38_alllowmapandsegdupregions.bed,0.5796992481203007,0.8202127659574469,0.6640826873385013,0.7339362208472157
437,GRCh38_alllowmapandsegdupregions.bed,0.5438884331419196,0.9195561719833565,0.5710594315245479,0.7045696068012753
438,GRCh38_alllowmapandsegdupregions.bed,0.594272076372315,0.8861209964412812,0.6434108527131783,0.7455089820359282
441,GRCh38_alllowmapandsegdupregions.bed,0.5018867924528302,0.8021712907117008,0.5727820844099913,0.6683417085427136
442,GRCh38_alllowmapandsegdupregions.bed,0.5762081784386617,0.808133472367049,0.6675279931093885,0.7311320754716981
443,GRCh38_alllowmapandsegdupregions.bed,0.5018867924528302,0.8021712907117008,0.5727820844099913,0.6683417085427136
444,GRCh38_alllowmapandsegdupregions.bed,0.5927099841521395,0.8810365135453475,0.6442721791559001,0.7442786069651741
447,GRCh38_alllowmapandsegdupregions.bed,0.5391517128874388,0.9104683195592287,0.5693367786391043,0.7005829358770536
448,GRCh38_alllowmapandsegdupregions.bed,0.5700589970501475,0.7985537190082644,0.6658053402239449,0.7261625176139033
449,GRCh38_alllowmapandsegdupregions.bed,0.5391517128874388,0.9104683195592287,0.5693367786391043,0.7005829358770536
450,GRCh38_alllowmapandsegdupregions.bed,0.5949166004765687,0.8842975206611571,0.6451335055986219,0.7460159362549802
453,GRCh38_alllowmapandsegdupregions.bed,0.5204724409448819,0.8584415584415584,0.5693367786391043,0.6846193682030036
454,GRCh38_alllowmapandsegdupregions.bed,0.5902140672782875,0.8400435255712732,0.664944013781223,0.7423076923076923
455,GRCh38_alllowmapandsegdupregions.bed,0.5204724409448819,0.8584415584415584,0.5693367786391043,0.6846193682030036
456,GRCh38_alllowmapandsegdupregions.bed,0.5930047694753577,0.8849347568208779,0.6425495262704565,0.7445109780439122
459,GRCh38_alllowmapandsegdupregions.bed,0.5296989422294548,0.9054242002781642,0.5607235142118863,0.6925531914893616
460,GRCh38_alllowmapandsegdupregions.bed,0.6118421052631579,0.9311639549436797,0.6408268733850129,0.7591836734693878
461,GRCh38_alllowmapandsegdupregions.bed,0.5296989422294548,0.9054242002781642,0.5607235142118863,0.6925531914893616
462,GRCh38_alllowmapandsegdupregions.bed,0.5897226753670473,0.9175126903553299,0.6227390180878553,0.7419189327860441
465,GRCh38_alllowmapandsegdupregions.bed,0.4748427672955975,0.8447552447552448,0.5202411714039621,0.6439232409381663
466,GRCh38_alllowmapandsegdupregions.bed,0.5952960259529603,0.9106699751861043,0.632213608957795,0.7463141840366039
467,GRCh38_alllowmapandsegdupregions.bed,0.4748427672955975,0.8447552447552448,0.5202411714039621,0.6439232409381663
468,GRCh38_alllowmapandsegdupregions.bed,0.5732586068855084,0.8905472636815921,0.6167097329888027,0.7287531806615776
471,GRCh38_alllowmapandsegdupregions.bed,0.5290697674418605,0.9367647058823529,0.5486649440137812,0.6920152091254752
472,GRCh38_alllowmapandsegdupregions.bed,0.6019339242546333,0.9032648125755743,0.6434108527131783,0.7515090543259557
473,GRCh38_alllowmapandsegdupregions.bed,0.5290697674418605,0.9367647058823529,0.5486649440137812,0.6920152091254752
474,GRCh38_alllowmapandsegdupregions.bed,0.5834683954619124,0.9079445145018915,0.6201550387596899,0.7369498464687819
477,GRCh38_alllowmapandsegdupregions.bed,0.4918032786885246,0.9104704097116844,0.5167958656330749,0.6593406593406592
478,GRCh38_alllowmapandsegdupregions.bed,0.6,0.9254108723135271,0.6304909560723514,0.75
479,GRCh38_alllowmapandsegdupregions.bed,0.4918032786885246,0.9104704097116844,0.5167958656330749,0.6593406593406592
480,GRCh38_alllowmapandsegdupregions.bed,0.5760257441673371,0.8972431077694235,0.6167097329888027,0.7309851965288411
483,GRCh38_alllowmapandsegdupregions.bed,0.36116910229645094,0.4782308223911541,0.5960378983634798,0.5306748466257669
484,GRCh38_alllowmapandsegdupregions.bed,0.4348543155579989,0.5458937198067633,0.6813092161929372,0.6061302681992337
485,GRCh38_alllowmapandsegdupregions.bed,0.36116910229645094,0.4782308223911541,0.5960378983634798,0.5306748466257669
486,GRCh38_alllowmapandsegdupregions.bed,0.43057897695334457,0.5534682080924855,0.6597760551248923,0.6019646365422396
489,GRCh38_alllowmapandsegdupregions.bed,0.3391984359726295,0.4395186827105763,0.5977605512489234,0.5065693430656935
490,GRCh38_alllowmapandsegdupregions.bed,0.38205499276411,0.4647887323943662,0.6821705426356589,0.5528795811518324
491,GRCh38_alllowmapandsegdupregions.bed,0.3391984359726295,0.4395186827105763,0.5977605512489234,0.5065693430656935
492,GRCh38_alllowmapandsegdupregions.bed,0.40721102863202546,0.5144005358338914,0.661498708010336,0.5787490580256218
495,GRCh38_alllowmapandsegdupregions.bed,0.32984790874524716,0.4239462431276726,0.5977605512489234,0.4960686204431737
496,GRCh38_alllowmapandsegdupregions.bed,0.36957536164255717,0.4464487034949267,0.6821705426356589,0.5396933560477001
497,GRCh38_alllowmapandsegdupregions.bed,0.32984790874524716,0.4239462431276726,0.5977605512489234,0.4960686204431737
498,GRCh38_alllowmapandsegdupregions.bed,0.39896373056994816,0.5003248862897985,0.6632213608957795,0.5703703703703704
501,GRCh38_alllowmapandsegdupregions.bed,0.3723804406233208,0.49748743718592964,0.5968992248062015,0.5426781519185592
502,GRCh38_alllowmapandsegdupregions.bed,0.4549109707064905,0.577259475218659,0.6821705426356589,0.6253454401894987
503,GRCh38_alllowmapandsegdupregions.bed,0.3723804406233208,0.49748743718592964,0.5968992248062015,0.5426781519185592
504,GRCh38_alllowmapandsegdupregions.bed,0.44522144522144524,0.579226686884003,0.6580534022394487,0.6161290322580645
507,GRCh38_alllowmapandsegdupregions.bed,0.4379407616361072,0.7072892938496583,0.5348837209302325,0.6091221186856303
508,GRCh38_alllowmapandsegdupregions.bed,0.5058309037900874,0.7668508287292818,0.5977605512489234,0.6718296224588578
509,GRCh38_alllowmapandsegdupregions.bed,0.4379407616361072,0.7072892938496583,0.5348837209302325,0.6091221186856303
510,GRCh38_alllowmapandsegdupregions.bed,0.5087847730600292,0.7722222222222223,0.5986218776916451,0.6744298884036876
513,GRCh38_alllowmapandsegdupregions.bed,0.40224719101123596,0.7552742616033755,0.4625322997416021,0.5737179487179488
514,GRCh38_alllowmapandsegdupregions.bed,0.5003700962250185,0.7806004618937644,0.5822566752799311,0.6669955599407992
515,GRCh38_alllowmapandsegdupregions.bed,0.40224719101123596,0.7552742616033755,0.4625322997416021,0.5737179487179488
516,GRCh38_alllowmapandsegdupregions.bed,0.5143721633888049,0.8085612366230678,0.5857019810508183,0.6793206793206793
519,GRCh38_alllowmapandsegdupregions.bed,0.40808344198174706,0.6266266266266266,0.5391903531438416,0.5796296296296296
520,GRCh38_alllowmapandsegdupregions.bed,0.495014245014245,0.7409381663113006,0.5986218776916451,0.662220104811815
521,GRCh38_alllowmapandsegdupregions.bed,0.40808344198174706,0.6266266266266266,0.5391903531438416,0.5796296296296296
522,GRCh38_alllowmapandsegdupregions.bed,0.5025234318673396,0.7551462621885157,0.6003445305770887,0.6689059500959693
525,GRCh38_alllowmapandsegdupregions.bed,0.4272,0.8571428571428571,0.4599483204134367,0.5986547085201793
526,GRCh38_alllowmapandsegdupregions.bed,0.516793893129771,0.8196125907990315,0.5831180017226529,0.6814292903875189
527,GRCh38_alllowmapandsegdupregions.bed,0.4272,0.8571428571428571,0.4599483204134367,0.5986547085201793
528,GRCh38_alllowmapandsegdupregions.bed,0.5333333333333333,0.8564231738035264,0.5857019810508183,0.6956521739130435
531,GRCh38_alllowmapandsegdupregions.bed,0.2836752899197145,0.37041351193942923,0.5478036175710594,0.4419735927727589
532,GRCh38_alllowmapandsegdupregions.bed,0.3851113716295428,0.5465890183028286,0.5658914728682171,0.5560727888277613
533,GRCh38_alllowmapandsegdupregions.bed,0.2836752899197145,0.37041351193942923,0.5478036175710594,0.4419735927727589
534,GRCh38_alllowmapandsegdupregions.bed,0.3984375,0.5686106346483705,0.5710594315245479,0.5698324022346368
537,GRCh38_alllowmapandsegdupregions.bed,0.2524500196001568,0.3166175024582104,0.5546942291128337,0.40312989045383407
538,GRCh38_alllowmapandsegdupregions.bed,0.3940652818991098,0.5589225589225589,0.5719207579672696,0.5653469561515538
539,GRCh38_alllowmapandsegdupregions.bed,0.2524500196001568,0.3166175024582104,0.5546942291128337,0.40312989045383407
540,GRCh38_alllowmapandsegdupregions.bed,0.4032451923076923,0.5715502555366269,0.5779500430663221,0.5747323340471092
543,GRCh38_alllowmapandsegdupregions.bed,0.24563401670463175,0.30518867924528303,0.5572782084409992,0.39439195367266083
544,GRCh38_alllowmapandsegdupregions.bed,0.38689095127610207,0.5422764227642276,0.5745047372954349,0.5579255541614387
545,GRCh38_alllowmapandsegdupregions.bed,0.24563401670463175,0.30518867924528303,0.5572782084409992,0.39439195367266083
546,GRCh38_alllowmapandsegdupregions.bed,0.39424206815511165,0.5536303630363036,0.5779500430663221,0.5655288664138222
549,GRCh38_alllowmapandsegdupregions.bed,0.2873980054397099,0.3776057176891007,0.5460809646856158,0.44647887323943664
550,GRCh38_alllowmapandsegdupregions.bed,0.39177750906892383,0.567922874671341,0.5581395348837209,0.5629887054735012
551,GRCh38_alllowmapandsegdupregions.bed,0.2873980054397099,0.3776057176891007,0.5460809646856158,0.44647887323943664
552,GRCh38_alllowmapandsegdupregions.bed,0.4091189155884165,0.5896980461811723,0.5719207579672696,0.5806733712286839
555,GRCh38_alllowmapandsegdupregions.bed,0.3077330508474576,0.4441896024464832,0.5004306632213609,0.4706358849736736
556,GRCh38_alllowmapandsegdupregions.bed,0.4102911306702776,0.6572668112798264,0.5219638242894057,0.5818530964954393
557,GRCh38_alllowmapandsegdupregions.bed,0.3077330508474576,0.4441896024464832,0.5004306632213609,0.4706358849736736
558,GRCh38_alllowmapandsegdupregions.bed,0.4176271186440678,0.6623655913978495,0.5305770887166236,0.5891917742706838
561,GRCh38_alllowmapandsegdupregions.bed,0.06165590135055784,0.16228748068006182,0.09043927648578812,0.11615044247787612
562,GRCh38_alllowmapandsegdupregions.bed,0.2521865889212828,0.6211849192100538,0.2980189491817399,0.40279394644935973
563,GRCh38_alllowmapandsegdupregions.bed,0.06165590135055784,0.16228748068006182,0.09043927648578812,0.11615044247787612
564,GRCh38_alllowmapandsegdupregions.bed,0.2588320115356885,0.6136752136752137,0.30921619293712316,0.41122565864833904
567,GRCh38_alllowmapandsegdupregions.bed,0.2497907949790795,0.32694414019715223,0.5142118863049095,0.39973217274857714
568,GRCh38_alllowmapandsegdupregions.bed,0.3928346951602766,0.5924170616113744,0.5383290267011197,0.5640794223826716
569,GRCh38_alllowmapandsegdupregions.bed,0.2497907949790795,0.32694414019715223,0.5142118863049095,0.39973217274857714
570,GRCh38_alllowmapandsegdupregions.bed,0.40089801154586274,0.6109481915933529,0.5383290267011197,0.5723443223443223
573,GRCh38_alllowmapandsegdupregions.bed,0.06856754921928038,0.24455205811138014,0.08699397071490095,0.12833545108005084
574,GRCh38_alllowmapandsegdupregions.bed,0.26434108527131783,0.725531914893617,0.29371231696813094,0.41814837522992027
575,GRCh38_alllowmapandsegdupregions.bed,0.06856754921928038,0.24455205811138014,0.08699397071490095,0.12833545108005084
576,GRCh38_alllowmapandsegdupregions.bed,0.2668178382464097,0.6854368932038835,0.3040482342807924,0.4212410501193317
577,GRCh38_alllowmapandsegdupregions.bed,0.486731843575419,0.7200413223140496,0.6003445305770887,0.6547674964772193
578,GRCh38_alllowmapandsegdupregions.bed,0.5359741309620049,0.8971583220568335,0.5710594315245479,0.6978947368421052
579,GRCh38_alllowmapandsegdupregions.bed,0.34073724007561434,0.4301909307875895,0.6210163652024118,0.508283397955587
580,GRCh38_alllowmapandsegdupregions.bed,0.4588235294117647,0.7001055966209081,0.5710594315245479,0.6290322580645161
581,GRCh38_alllowmapandsegdupregions.bed,0.2935862691960253,0.3816793893129771,0.5598621877691645,0.4539106145251397
582,GRCh38_alllowmapandsegdupregions.bed,0.3174350821409645,0.4520754716981132,0.5159345391903531,0.4818986323411102
583,GRCh38_alllowmapandsegdupregions.bed,0.486731843575419,0.7200413223140496,0.6003445305770887,0.6547674964772193
584,GRCh38_alllowmapandsegdupregions.bed,0.5359741309620049,0.8971583220568335,0.5710594315245479,0.6978947368421052
585,GRCh38_alllowmapandsegdupregions.bed,0.34073724007561434,0.4301909307875895,0.6210163652024118,0.508283397955587
586,GRCh38_alllowmapandsegdupregions.bed,0.4588235294117647,0.7001055966209081,0.5710594315245479,0.6290322580645161
587,GRCh38_alllowmapandsegdupregions.bed,0.2935862691960253,0.3816793893129771,0.5598621877691645,0.4539106145251397
588,GRCh38_alllowmapandsegdupregions.bed,0.3174350821409645,0.4520754716981132,0.5159345391903531,0.4818986323411102
589,GRCh38_alllowmapandsegdupregions.bed,0.46805648957632817,0.6810176125244618,0.599483204134367,0.6376546037562987
590,GRCh38_alllowmapandsegdupregions.bed,0.5210608424336973,0.8466413181242078,0.5753660637381568,0.6851282051282052
591,GRCh38_alllowmapandsegdupregions.bed,0.25069252077562326,0.2953896368829049,0.6236003445305771,0.40088593576965664
592,GRCh38_alllowmapandsegdupregions.bed,0.42141951837769326,0.6146025878003697,0.5727820844099913,0.5929558626839055
593,GRCh38_alllowmapandsegdupregions.bed,0.22451698867421718,0.2679920477137177,0.5805340223944875,0.36670293797606096
594,GRCh38_alllowmapandsegdupregions.bed,0.23105360443622922,0.28815122176118024,0.5383290267011197,0.3753753753753753
595,GRCh38_alllowmapandsegdupregions.bed,0.46805648957632817,0.6810176125244618,0.599483204134367,0.6376546037562987
596,GRCh38_alllowmapandsegdupregions.bed,0.5210608424336973,0.8466413181242078,0.5753660637381568,0.6851282051282052
597,GRCh38_alllowmapandsegdupregions.bed,0.25069252077562326,0.2953896368829049,0.6236003445305771,0.40088593576965664
598,GRCh38_alllowmapandsegdupregions.bed,0.42141951837769326,0.6146025878003697,0.5727820844099913,0.5929558626839055
599,GRCh38_alllowmapandsegdupregions.bed,0.22451698867421718,0.2679920477137177,0.5805340223944875,0.36670293797606096
600,GRCh38_alllowmapandsegdupregions.bed,0.23105360443622922,0.28815122176118024,0.5383290267011197,0.3753753753753753
601,GRCh38_alllowmapandsegdupregions.bed,0.45976253298153036,0.6625475285171103,0.6003445305770887,0.6299141436963398
602,GRCh38_alllowmapandsegdupregions.bed,0.46691729323308273,0.7860759493670886,0.5348837209302325,0.636596617119426
603,GRCh38_alllowmapandsegdupregions.bed,0.34497607655502394,0.43696969696969695,0.6210163652024118,0.5129847029526858
604,GRCh38_alllowmapandsegdupregions.bed,0.4451460142067877,0.8417910447761194,0.48578811369509045,0.6160567995630802
605,GRCh38_alllowmapandsegdupregions.bed,0.2973096215230278,0.38717339667458434,0.5615848406546081,0.45834797891036905
606,GRCh38_alllowmapandsegdupregions.bed,0.041428571428571426,0.19528619528619529,0.04995693367786391,0.07956104252400549
607,GRCh38_alllowmapandsegdupregions.bed,0.45976253298153036,0.6625475285171103,0.6003445305770887,0.6299141436963398
608,GRCh38_alllowmapandsegdupregions.bed,0.46691729323308273,0.7860759493670886,0.5348837209302325,0.636596617119426
609,GRCh38_alllowmapandsegdupregions.bed,0.34497607655502394,0.43696969696969695,0.6210163652024118,0.5129847029526858
610,GRCh38_alllowmapandsegdupregions.bed,0.4451460142067877,0.8417910447761194,0.48578811369509045,0.6160567995630802
611,GRCh38_alllowmapandsegdupregions.bed,0.2973096215230278,0.38717339667458434,0.5615848406546081,0.45834797891036905
612,GRCh38_alllowmapandsegdupregions.bed,0.041428571428571426,0.19528619528619529,0.04995693367786391,0.07956104252400549
613,GRCh38_alllowmapandsegdupregions.bed,0.44086021505376344,0.6239928379588182,0.6003445305770887,0.6119402985074627
614,GRCh38_alllowmapandsegdupregions.bed,0.4129581151832461,0.6322645290581163,0.5434969853574505,0.584529874942103
615,GRCh38_alllowmapandsegdupregions.bed,0.24811772758384668,0.2916331456154465,0.6244616709732989,0.3975870578557719
616,GRCh38_alllowmapandsegdupregions.bed,0.40879596250901223,0.7150063051702396,0.4883720930232558,0.5803480040941658
617,GRCh38_alllowmapandsegdupregions.bed,0.23304347826086957,0.28104026845637586,0.5770887166236004,0.37799717912552894
618,GRCh38_alllowmapandsegdupregions.bed,0.03603071470761961,0.10286677908937605,0.05254091300602928,0.06955530216647662
619,GRCh38_alllowmapandsegdupregions.bed,0.44086021505376344,0.6239928379588182,0.6003445305770887,0.6119402985074627
620,GRCh38_alllowmapandsegdupregions.bed,0.4129581151832461,0.6322645290581163,0.5434969853574505,0.584529874942103
621,GRCh38_alllowmapandsegdupregions.bed,0.24811772758384668,0.2916331456154465,0.6244616709732989,0.3975870578557719
622,GRCh38_alllowmapandsegdupregions.bed,0.40879596250901223,0.7150063051702396,0.4883720930232558,0.5803480040941658
623,GRCh38_alllowmapandsegdupregions.bed,0.23304347826086957,0.28104026845637586,0.5770887166236004,0.37799717912552894
624,GRCh38_alllowmapandsegdupregions.bed,0.03603071470761961,0.10286677908937605,0.05254091300602928,0.06955530216647662
625,GRCh38_alllowmapandsegdupregions.bed,0.486731843575419,0.7200413223140496,0.6003445305770887,0.6547674964772193
626,GRCh38_alllowmapandsegdupregions.bed,0.5359741309620049,0.8971583220568335,0.5710594315245479,0.6978947368421052
627,GRCh38_alllowmapandsegdupregions.bed,0.34073724007561434,0.4301909307875895,0.6210163652024118,0.508283397955587
628,GRCh38_alllowmapandsegdupregions.bed,0.4588235294117647,0.7001055966209081,0.5710594315245479,0.6290322580645161
629,GRCh38_alllowmapandsegdupregions.bed,0.2935862691960253,0.3816793893129771,0.5598621877691645,0.4539106145251397
630,GRCh38_alllowmapandsegdupregions.bed,0.3174350821409645,0.4520754716981132,0.5159345391903531,0.4818986323411102
631,GRCh38_alllowmapandsegdupregions.bed,0.486731843575419,0.7200413223140496,0.6003445305770887,0.6547674964772193
632,GRCh38_alllowmapandsegdupregions.bed,0.5359741309620049,0.8971583220568335,0.5710594315245479,0.6978947368421052
633,GRCh38_alllowmapandsegdupregions.bed,0.34073724007561434,0.4301909307875895,0.6210163652024118,0.508283397955587
634,GRCh38_alllowmapandsegdupregions.bed,0.4588235294117647,0.7001055966209081,0.5710594315245479,0.6290322580645161
635,GRCh38_alllowmapandsegdupregions.bed,0.2935862691960253,0.3816793893129771,0.5598621877691645,0.4539106145251397
636,GRCh38_alllowmapandsegdupregions.bed,0.3174350821409645,0.4520754716981132,0.5159345391903531,0.4818986323411102
637,GRCh38_alllowmapandsegdupregions.bed,0.46805648957632817,0.6810176125244618,0.599483204134367,0.6376546037562987
638,GRCh38_alllowmapandsegdupregions.bed,0.5210608424336973,0.8466413181242078,0.5753660637381568,0.6851282051282052
639,GRCh38_alllowmapandsegdupregions.bed,0.25069252077562326,0.2953896368829049,0.6236003445305771,0.40088593576965664
640,GRCh38_alllowmapandsegdupregions.bed,0.42141951837769326,0.6146025878003697,0.5727820844099913,0.5929558626839055
641,GRCh38_alllowmapandsegdupregions.bed,0.22451698867421718,0.2679920477137177,0.5805340223944875,0.36670293797606096
642,GRCh38_alllowmapandsegdupregions.bed,0.23105360443622922,0.28815122176118024,0.5383290267011197,0.3753753753753753
643,GRCh38_alllowmapandsegdupregions.bed,0.46805648957632817,0.6810176125244618,0.599483204134367,0.6376546037562987
644,GRCh38_alllowmapandsegdupregions.bed,0.5210608424336973,0.8466413181242078,0.5753660637381568,0.6851282051282052
645,GRCh38_alllowmapandsegdupregions.bed,0.25069252077562326,0.2953896368829049,0.6236003445305771,0.40088593576965664
646,GRCh38_alllowmapandsegdupregions.bed,0.42141951837769326,0.6146025878003697,0.5727820844099913,0.5929558626839055
647,GRCh38_alllowmapandsegdupregions.bed,0.22451698867421718,0.2679920477137177,0.5805340223944875,0.36670293797606096
648,GRCh38_alllowmapandsegdupregions.bed,0.23105360443622922,0.28815122176118024,0.5383290267011197,0.3753753753753753
649,GRCh38_alllowmapandsegdupregions.bed,0.45976253298153036,0.6625475285171103,0.6003445305770887,0.6299141436963398
650,GRCh38_alllowmapandsegdupregions.bed,0.46691729323308273,0.7860759493670886,0.5348837209302325,0.636596617119426
651,GRCh38_alllowmapandsegdupregions.bed,0.34497607655502394,0.43696969696969695,0.6210163652024118,0.5129847029526858
652,GRCh38_alllowmapandsegdupregions.bed,0.4451460142067877,0.8417910447761194,0.48578811369509045,0.6160567995630802
653,GRCh38_alllowmapandsegdupregions.bed,0.2973096215230278,0.38717339667458434,0.5615848406546081,0.45834797891036905
654,GRCh38_alllowmapandsegdupregions.bed,0.041428571428571426,0.19528619528619529,0.04995693367786391,0.07956104252400549
655,GRCh38_alllowmapandsegdupregions.bed,0.45976253298153036,0.6625475285171103,0.6003445305770887,0.6299141436963398
656,GRCh38_alllowmapandsegdupregions.bed,0.46691729323308273,0.7860759493670886,0.5348837209302325,0.636596617119426
657,GRCh38_alllowmapandsegdupregions.bed,0.34497607655502394,0.43696969696969695,0.6210163652024118,0.5129847029526858
658,GRCh38_alllowmapandsegdupregions.bed,0.4451460142067877,0.8417910447761194,0.48578811369509045,0.6160567995630802
659,GRCh38_alllowmapandsegdupregions.bed,0.2973096215230278,0.38717339667458434,0.5615848406546081,0.45834797891036905
660,GRCh38_alllowmapandsegdupregions.bed,0.041428571428571426,0.19528619528619529,0.04995693367786391,0.07956104252400549
661,GRCh38_alllowmapandsegdupregions.bed,0.44086021505376344,0.6239928379588182,0.6003445305770887,0.6119402985074627
662,GRCh38_alllowmapandsegdupregions.bed,0.4129581151832461,0.6322645290581163,0.5434969853574505,0.584529874942103
663,GRCh38_alllowmapandsegdupregions.bed,0.24811772758384668,0.2916331456154465,0.6244616709732989,0.3975870578557719
664,GRCh38_alllowmapandsegdupregions.bed,0.40879596250901223,0.7150063051702396,0.4883720930232558,0.5803480040941658
665,GRCh38_alllowmapandsegdupregions.bed,0.23304347826086957,0.28104026845637586,0.5770887166236004,0.37799717912552894
666,GRCh38_alllowmapandsegdupregions.bed,0.03603071470761961,0.10286677908937605,0.05254091300602928,0.06955530216647662
667,GRCh38_alllowmapandsegdupregions.bed,0.44086021505376344,0.6239928379588182,0.6003445305770887,0.6119402985074627
668,GRCh38_alllowmapandsegdupregions.bed,0.4129581151832461,0.6322645290581163,0.5434969853574505,0.584529874942103
669,GRCh38_alllowmapandsegdupregions.bed,0.24811772758384668,0.2916331456154465,0.6244616709732989,0.3975870578557719
670,GRCh38_alllowmapandsegdupregions.bed,0.40879596250901223,0.7150063051702396,0.4883720930232558,0.5803480040941658
671,GRCh38_alllowmapandsegdupregions.bed,0.23304347826086957,0.28104026845637586,0.5770887166236004,0.37799717912552894
672,GRCh38_alllowmapandsegdupregions.bed,0.03603071470761961,0.10286677908937605,0.05254091300602928,0.06955530216647662
721,GRCh38_alllowmapandsegdupregions.bed,0.594272076372315,0.8861209964412812,0.6434108527131783,0.7455089820359282
722,GRCh38_alllowmapandsegdupregions.bed,0.5897226753670473,0.9175126903553299,0.6227390180878553,0.7419189327860441
723,GRCh38_alllowmapandsegdupregions.bed,0.43057897695334457,0.5534682080924855,0.6597760551248923,0.6019646365422396
724,GRCh38_alllowmapandsegdupregions.bed,0.5087847730600292,0.7722222222222223,0.5986218776916451,0.6744298884036876
725,GRCh38_alllowmapandsegdupregions.bed,0.3984375,0.5686106346483705,0.5710594315245479,0.5698324022346368
726,GRCh38_alllowmapandsegdupregions.bed,0.4176271186440678,0.6623655913978495,0.5305770887166236,0.5891917742706838
727,GRCh38_alllowmapandsegdupregions.bed,0.594272076372315,0.8861209964412812,0.6434108527131783,0.7455089820359282
728,GRCh38_alllowmapandsegdupregions.bed,0.5897226753670473,0.9175126903553299,0.6227390180878553,0.7419189327860441
729,GRCh38_alllowmapandsegdupregions.bed,0.43057897695334457,0.5534682080924855,0.6597760551248923,0.6019646365422396
730,GRCh38_alllowmapandsegdupregions.bed,0.5087847730600292,0.7722222222222223,0.5986218776916451,0.6744298884036876
731,GRCh38_alllowmapandsegdupregions.bed,0.3984375,0.5686106346483705,0.5710594315245479,0.5698324022346368
732,GRCh38_alllowmapandsegdupregions.bed,0.4176271186440678,0.6623655913978495,0.5305770887166236,0.5891917742706838
733,GRCh38_alllowmapandsegdupregions.bed,0.5949166004765687,0.8842975206611571,0.6451335055986219,0.7460159362549802
734,GRCh38_alllowmapandsegdupregions.bed,0.5834683954619124,0.9079445145018915,0.6201550387596899,0.7369498464687819
735,GRCh38_alllowmapandsegdupregions.bed,0.39896373056994816,0.5003248862897985,0.6632213608957795,0.5703703703703704
736,GRCh38_alllowmapandsegdupregions.bed,0.5025234318673396,0.7551462621885157,0.6003445305770887,0.6689059500959693
737,GRCh38_alllowmapandsegdupregions.bed,0.39424206815511165,0.5536303630363036,0.5779500430663221,0.5655288664138222
738,GRCh38_alllowmapandsegdupregions.bed,0.40089801154586274,0.6109481915933529,0.5383290267011197,0.5723443223443223
739,GRCh38_alllowmapandsegdupregions.bed,0.5949166004765687,0.8842975206611571,0.6451335055986219,0.7460159362549802
740,GRCh38_alllowmapandsegdupregions.bed,0.5834683954619124,0.9079445145018915,0.6201550387596899,0.7369498464687819
741,GRCh38_alllowmapandsegdupregions.bed,0.39896373056994816,0.5003248862897985,0.6632213608957795,0.5703703703703704
742,GRCh38_alllowmapandsegdupregions.bed,0.5025234318673396,0.7551462621885157,0.6003445305770887,0.6689059500959693
743,GRCh38_alllowmapandsegdupregions.bed,0.39424206815511165,0.5536303630363036,0.5779500430663221,0.5655288664138222
744,GRCh38_alllowmapandsegdupregions.bed,0.40089801154586274,0.6109481915933529,0.5383290267011197,0.5723443223443223
745,GRCh38_alllowmapandsegdupregions.bed,0.5930047694753577,0.8849347568208779,0.6425495262704565,0.7445109780439122
746,GRCh38_alllowmapandsegdupregions.bed,0.5760257441673371,0.8972431077694235,0.6167097329888027,0.7309851965288411
747,GRCh38_alllowmapandsegdupregions.bed,0.44522144522144524,0.579226686884003,0.6580534022394487,0.6161290322580645
748,GRCh38_alllowmapandsegdupregions.bed,0.5333333333333333,0.8564231738035264,0.5857019810508183,0.6956521739130435
749,GRCh38_alllowmapandsegdupregions.bed,0.4091189155884165,0.5896980461811723,0.5719207579672696,0.5806733712286839
750,GRCh38_alllowmapandsegdupregions.bed,0.2668178382464097,0.6854368932038835,0.3040482342807924,0.4212410501193317
751,GRCh38_alllowmapandsegdupregions.bed,0.5930047694753577,0.8849347568208779,0.6425495262704565,0.7445109780439122
752,GRCh38_alllowmapandsegdupregions.bed,0.5760257441673371,0.8972431077694235,0.6167097329888027,0.7309851965288411
753,GRCh38_alllowmapandsegdupregions.bed,0.44522144522144524,0.579226686884003,0.6580534022394487,0.6161290322580645
754,GRCh38_alllowmapandsegdupregions.bed,0.5333333333333333,0.8564231738035264,0.5857019810508183,0.6956521739130435
755,GRCh38_alllowmapandsegdupregions.bed,0.4091189155884165,0.5896980461811723,0.5719207579672696,0.5806733712286839
756,GRCh38_alllowmapandsegdupregions.bed,0.2668178382464097,0.6854368932038835,0.3040482342807924,0.4212410501193317
757,GRCh38_alllowmapandsegdupregions.bed,0.5927099841521395,0.8810365135453475,0.6442721791559001,0.7442786069651741
758,GRCh38_alllowmapandsegdupregions.bed,0.5732586068855084,0.8905472636815921,0.6167097329888027,0.7287531806615776
759,GRCh38_alllowmapandsegdupregions.bed,0.40721102863202546,0.5144005358338914,0.661498708010336,0.5787490580256218
760,GRCh38_alllowmapandsegdupregions.bed,0.5143721633888049,0.8085612366230678,0.5857019810508183,0.6793206793206793
761,GRCh38_alllowmapandsegdupregions.bed,0.4032451923076923,0.5715502555366269,0.5779500430663221,0.5747323340471092
762,GRCh38_alllowmapandsegdupregions.bed,0.2588320115356885,0.6136752136752137,0.30921619293712316,0.41122565864833904
763,GRCh38_alllowmapandsegdupregions.bed,0.5927099841521395,0.8810365135453475,0.6442721791559001,0.7442786069651741
764,GRCh38_alllowmapandsegdupregions.bed,0.5732586068855084,0.8905472636815921,0.6167097329888027,0.7287531806615776
765,GRCh38_alllowmapandsegdupregions.bed,0.40721102863202546,0.5144005358338914,0.661498708010336,0.5787490580256218
766,GRCh38_alllowmapandsegdupregions.bed,0.5143721633888049,0.8085612366230678,0.5857019810508183,0.6793206793206793
767,GRCh38_alllowmapandsegdupregions.bed,0.4032451923076923,0.5715502555366269,0.5779500430663221,0.5747323340471092
768,GRCh38_alllowmapandsegdupregions.bed,0.2588320115356885,0.6136752136752137,0.30921619293712316,0.41122565864833904
769,GRCh38_alllowmapandsegdupregions.bed,0.6341263330598852,0.9302045728038508,0.6658053402239449,0.7761044176706827
770,GRCh38_alllowmapandsegdupregions.bed,0.6199021207177814,0.9212121212121213,0.6546080964685616,0.7653575025176234
771,GRCh38_alllowmapandsegdupregions.bed,0.6212244897959184,0.9224242424242424,0.6554694229112834,0.7663645518630412
772,GRCh38_alllowmapandsegdupregions.bed,0.6320523303352412,0.925748502994012,0.6658053402239449,0.7745490981963928
773,GRCh38_alllowmapandsegdupregions.bed,0.627104377104377,0.9650259067357513,0.6416881998277347,0.7708225556130367
774,GRCh38_alllowmapandsegdupregions.bed,0.6135792120704108,0.9581151832460733,0.6304909560723514,0.7605194805194804
775,GRCh38_alllowmapandsegdupregions.bed,0.6204869857262805,0.9609882964889467,0.6365202411714039,0.7658031088082901
776,GRCh38_alllowmapandsegdupregions.bed,0.6293469041560644,0.9763157894736842,0.6391042204995694,0.7725143154606975
777,GRCh38_alllowmapandsegdupregions.bed,0.48055893074119077,0.6199059561128527,0.6813092161929372,0.6491588018054987
778,GRCh38_alllowmapandsegdupregions.bed,0.34744652989960717,0.4132917964693666,0.6856158484065461,0.5157110463232912
779,GRCh38_alllowmapandsegdupregions.bed,0.3426603529918209,0.4065372829417773,0.6856158484065461,0.5104200064123117
780,GRCh38_alllowmapandsegdupregions.bed,0.4984247006931317,0.6499589153656532,0.6813092161929372,0.6652649285113541
781,GRCh38_alllowmapandsegdupregions.bed,0.53353428786737,0.8100686498855835,0.6098191214470284,0.6958230958230958
782,GRCh38_alllowmapandsegdupregions.bed,0.5127627627627628,0.7997658079625293,0.5882859603789836,0.6779156327543424
783,GRCh38_alllowmapandsegdupregions.bed,0.5235640648011782,0.7830396475770925,0.6124031007751938,0.6872885451909134
784,GRCh38_alllowmapandsegdupregions.bed,0.5263565891472868,0.8403465346534653,0.5848406546080964,0.6896901980700862
785,GRCh38_alllowmapandsegdupregions.bed,0.39963503649635035,0.5763157894736842,0.5658914728682171,0.5710560625814863
786,GRCh38_alllowmapandsegdupregions.bed,0.3837471783295711,0.5267234701781565,0.5857019810508183,0.5546492659053834
787,GRCh38_alllowmapandsegdupregions.bed,0.38696883852691216,0.5306915306915307,0.5882859603789836,0.5580065359477124
788,GRCh38_alllowmapandsegdupregions.bed,0.4044526901669759,0.5891891891891892,0.5633074935400517,0.5759577278731837
789,GRCh38_alllowmapandsegdupregions.bed,0.4390065741417093,0.7428924598269468,0.5176571920757967,0.6101522842639594
790,GRCh38_alllowmapandsegdupregions.bed,0.30724213606437456,0.670926517571885,0.36175710594315247,0.47006155567991054
791,GRCh38_alllowmapandsegdupregions.bed,0.4153645833333333,0.629812438302073,0.549526270456503,0.5869365225390984
792,GRCh38_alllowmapandsegdupregions.bed,0.3115141955835962,0.7868525896414342,0.34022394487510765,0.47504509921828014
793,GRCh38_alllowmapandsegdupregions.bed,0.6341263330598852,0.9302045728038508,0.6658053402239449,0.7761044176706827
794,GRCh38_alllowmapandsegdupregions.bed,0.6199021207177814,0.9212121212121213,0.6546080964685616,0.7653575025176234
795,GRCh38_alllowmapandsegdupregions.bed,0.6212244897959184,0.9224242424242424,0.6554694229112834,0.7663645518630412
796,GRCh38_alllowmapandsegdupregions.bed,0.6320523303352412,0.925748502994012,0.6658053402239449,0.7745490981963928
797,GRCh38_alllowmapandsegdupregions.bed,0.627104377104377,0.9650259067357513,0.6416881998277347,0.7708225556130367
798,GRCh38_alllowmapandsegdupregions.bed,0.6135792120704108,0.9581151832460733,0.6304909560723514,0.7605194805194804
799,GRCh38_alllowmapandsegdupregions.bed,0.6204869857262805,0.9609882964889467,0.6365202411714039,0.7658031088082901
800,GRCh38_alllowmapandsegdupregions.bed,0.6293469041560644,0.9763157894736842,0.6391042204995694,0.7725143154606975
801,GRCh38_alllowmapandsegdupregions.bed,0.48055893074119077,0.6199059561128527,0.6813092161929372,0.6491588018054987
802,GRCh38_alllowmapandsegdupregions.bed,0.34744652989960717,0.4132917964693666,0.6856158484065461,0.5157110463232912
803,GRCh38_alllowmapandsegdupregions.bed,0.3426603529918209,0.4065372829417773,0.6856158484065461,0.5104200064123117
804,GRCh38_alllowmapandsegdupregions.bed,0.4984247006931317,0.6499589153656532,0.6813092161929372,0.6652649285113541
805,GRCh38_alllowmapandsegdupregions.bed,0.53353428786737,0.8100686498855835,0.6098191214470284,0.6958230958230958
806,GRCh38_alllowmapandsegdupregions.bed,0.5127627627627628,0.7997658079625293,0.5882859603789836,0.6779156327543424
807,GRCh38_alllowmapandsegdupregions.bed,0.5235640648011782,0.7830396475770925,0.6124031007751938,0.6872885451909134
808,GRCh38_alllowmapandsegdupregions.bed,0.5263565891472868,0.8403465346534653,0.5848406546080964,0.6896901980700862
809,GRCh38_alllowmapandsegdupregions.bed,0.39963503649635035,0.5763157894736842,0.5658914728682171,0.5710560625814863
810,GRCh38_alllowmapandsegdupregions.bed,0.3837471783295711,0.5267234701781565,0.5857019810508183,0.5546492659053834
811,GRCh38_alllowmapandsegdupregions.bed,0.38696883852691216,0.5306915306915307,0.5882859603789836,0.5580065359477124
812,GRCh38_alllowmapandsegdupregions.bed,0.4044526901669759,0.5891891891891892,0.5633074935400517,0.5759577278731837
813,GRCh38_alllowmapandsegdupregions.bed,0.4390065741417093,0.7428924598269468,0.5176571920757967,0.6101522842639594
814,GRCh38_alllowmapandsegdupregions.bed,0.30724213606437456,0.670926517571885,0.36175710594315247,0.47006155567991054
815,GRCh38_alllowmapandsegdupregions.bed,0.4153645833333333,0.629812438302073,0.549526270456503,0.5869365225390984
816,GRCh38_alllowmapandsegdupregions.bed,0.3115141955835962,0.7868525896414342,0.34022394487510765,0.47504509921828014
817,GRCh38_alllowmapandsegdupregions.bed,0.6341263330598852,0.9302045728038508,0.6658053402239449,0.7761044176706827
818,GRCh38_alllowmapandsegdupregions.bed,0.6199021207177814,0.9212121212121213,0.6546080964685616,0.7653575025176234
819,GRCh38_alllowmapandsegdupregions.bed,0.6212244897959184,0.9224242424242424,0.6554694229112834,0.7663645518630412
820,GRCh38_alllowmapandsegdupregions.bed,0.6320523303352412,0.925748502994012,0.6658053402239449,0.7745490981963928
821,GRCh38_alllowmapandsegdupregions.bed,0.627104377104377,0.9650259067357513,0.6416881998277347,0.7708225556130367
822,GRCh38_alllowmapandsegdupregions.bed,0.6135792120704108,0.9581151832460733,0.6304909560723514,0.7605194805194804
823,GRCh38_alllowmapandsegdupregions.bed,0.6204869857262805,0.9609882964889467,0.6365202411714039,0.7658031088082901
824,GRCh38_alllowmapandsegdupregions.bed,0.6293469041560644,0.9763157894736842,0.6391042204995694,0.7725143154606975
825,GRCh38_alllowmapandsegdupregions.bed,0.48055893074119077,0.6199059561128527,0.6813092161929372,0.6491588018054987
826,GRCh38_alllowmapandsegdupregions.bed,0.34744652989960717,0.4132917964693666,0.6856158484065461,0.5157110463232912
827,GRCh38_alllowmapandsegdupregions.bed,0.3426603529918209,0.4065372829417773,0.6856158484065461,0.5104200064123117
828,GRCh38_alllowmapandsegdupregions.bed,0.4984247006931317,0.6499589153656532,0.6813092161929372,0.6652649285113541
829,GRCh38_alllowmapandsegdupregions.bed,0.53353428786737,0.8100686498855835,0.6098191214470284,0.6958230958230958
830,GRCh38_alllowmapandsegdupregions.bed,0.5127627627627628,0.7997658079625293,0.5882859603789836,0.6779156327543424
831,GRCh38_alllowmapandsegdupregions.bed,0.5235640648011782,0.7830396475770925,0.6124031007751938,0.6872885451909134
832,GRCh38_alllowmapandsegdupregions.bed,0.5263565891472868,0.8403465346534653,0.5848406546080964,0.6896901980700862
833,GRCh38_alllowmapandsegdupregions.bed,0.3998782714546561,0.5768217734855136,0.5658914728682171,0.5713043478260869
834,GRCh38_alllowmapandsegdupregions.bed,0.3837471783295711,0.5267234701781565,0.5857019810508183,0.5546492659053834
835,GRCh38_alllowmapandsegdupregions.bed,0.38696883852691216,0.5306915306915307,0.5882859603789836,0.5580065359477124
836,GRCh38_alllowmapandsegdupregions.bed,0.4044526901669759,0.5891891891891892,0.5633074935400517,0.5759577278731837
837,GRCh38_alllowmapandsegdupregions.bed,0.4390065741417093,0.7428924598269468,0.5176571920757967,0.6101522842639594
838,GRCh38_alllowmapandsegdupregions.bed,0.30724213606437456,0.670926517571885,0.36175710594315247,0.47006155567991054
839,GRCh38_alllowmapandsegdupregions.bed,0.4153645833333333,0.629812438302073,0.549526270456503,0.5869365225390984
840,GRCh38_alllowmapandsegdupregions.bed,0.3115141955835962,0.7868525896414342,0.34022394487510765,0.47504509921828014
841,GRCh38_alllowmapandsegdupregions.bed,0.6341263330598852,0.9302045728038508,0.6658053402239449,0.7761044176706827
842,GRCh38_alllowmapandsegdupregions.bed,0.6199021207177814,0.9212121212121213,0.6546080964685616,0.7653575025176234
843,GRCh38_alllowmapandsegdupregions.bed,0.6212244897959184,0.9224242424242424,0.6554694229112834,0.7663645518630412
844,GRCh38_alllowmapandsegdupregions.bed,0.6320523303352412,0.925748502994012,0.6658053402239449,0.7745490981963928
845,GRCh38_alllowmapandsegdupregions.bed,0.627104377104377,0.9650259067357513,0.6416881998277347,0.7708225556130367
846,GRCh38_alllowmapandsegdupregions.bed,0.6135792120704108,0.9581151832460733,0.6304909560723514,0.7605194805194804
847,GRCh38_alllowmapandsegdupregions.bed,0.6204869857262805,0.9609882964889467,0.6365202411714039,0.7658031088082901
848,GRCh38_alllowmapandsegdupregions.bed,0.6293469041560644,0.9763157894736842,0.6391042204995694,0.7725143154606975
849,GRCh38_alllowmapandsegdupregions.bed,0.48055893074119077,0.6199059561128527,0.6813092161929372,0.6491588018054987
850,GRCh38_alllowmapandsegdupregions.bed,0.34744652989960717,0.4132917964693666,0.6856158484065461,0.5157110463232912
851,GRCh38_alllowmapandsegdupregions.bed,0.3426603529918209,0.4065372829417773,0.6856158484065461,0.5104200064123117
852,GRCh38_alllowmapandsegdupregions.bed,0.4984247006931317,0.6499589153656532,0.6813092161929372,0.6652649285113541
853,GRCh38_alllowmapandsegdupregions.bed,0.53353428786737,0.8100686498855835,0.6098191214470284,0.6958230958230958
854,GRCh38_alllowmapandsegdupregions.bed,0.5127627627627628,0.7997658079625293,0.5882859603789836,0.6779156327543424
855,GRCh38_alllowmapandsegdupregions.bed,0.5235640648011782,0.7830396475770925,0.6124031007751938,0.6872885451909134
856,GRCh38_alllowmapandsegdupregions.bed,0.5263565891472868,0.8403465346534653,0.5848406546080964,0.6896901980700862
857,GRCh38_alllowmapandsegdupregions.bed,0.39963503649635035,0.5763157894736842,0.5658914728682171,0.5710560625814863
858,GRCh38_alllowmapandsegdupregions.bed,0.3837471783295711,0.5267234701781565,0.5857019810508183,0.5546492659053834
859,GRCh38_alllowmapandsegdupregions.bed,0.38696883852691216,0.5306915306915307,0.5882859603789836,0.5580065359477124
860,GRCh38_alllowmapandsegdupregions.bed,0.4044526901669759,0.5891891891891892,0.5633074935400517,0.5759577278731837
861,GRCh38_alllowmapandsegdupregions.bed,0.4390065741417093,0.7428924598269468,0.5176571920757967,0.6101522842639594
862,GRCh38_alllowmapandsegdupregions.bed,0.30724213606437456,0.670926517571885,0.36175710594315247,0.47006155567991054
863,GRCh38_alllowmapandsegdupregions.bed,0.4153645833333333,0.629812438302073,0.549526270456503,0.5869365225390984
864,GRCh38_alllowmapandsegdupregions.bed,0.3115141955835962,0.7868525896414342,0.34022394487510765,0.47504509921828014
2,GRCh38_notinalllowmapandsegdupregions.bed,0.7474747474747475,0.8215701823949246,0.892334194659776,0.8554913294797688
8,GRCh38_notinalllowmapandsegdupregions.bed,0.745702005730659,0.8158307210031348,0.896640826873385,0.8543290931473123
14,GRCh38_notinalllowmapandsegdupregions.bed,0.7330508474576272,0.802784222737819,0.8940568475452196,0.8459657701711492
20,GRCh38_notinalllowmapandsegdupregions.bed,0.763235294117647,0.8391269199676638,0.8940568475452196,0.865721434528774
26,GRCh38_notinalllowmapandsegdupregions.bed,0.8147249190938511,0.9306839186691312,0.8673557278208441,0.8979045920641997
32,GRCh38_notinalllowmapandsegdupregions.bed,0.7939538583929993,0.9122486288848263,0.859603789836348,0.8851441241685145
38,GRCh38_notinalllowmapandsegdupregions.bed,0.7965299684542587,0.9042076991942704,0.8699397071490095,0.8867427568042142
44,GRCh38_notinalllowmapandsegdupregions.bed,0.8032258064516129,0.9265116279069767,0.8578811369509044,0.89087656529517
50,GRCh38_notinalllowmapandsegdupregions.bed,0.5303482587064676,0.5566579634464752,0.9181739879414298,0.693107932379714
56,GRCh38_notinalllowmapandsegdupregions.bed,0.4561778537836682,0.4752783964365256,0.9190353143841516,0.6265413975337639
62,GRCh38_notinalllowmapandsegdupregions.bed,0.43783340172343044,0.45539906103286387,0.9190353143841516,0.6090182648401826
68,GRCh38_notinalllowmapandsegdupregions.bed,0.5590551181102362,0.5887230514096186,0.917312661498708,0.7171717171717172
74,GRCh38_notinalllowmapandsegdupregions.bed,0.6565798733286418,0.7820620284995808,0.8036175710594315,0.7926932880203906
80,GRCh38_notinalllowmapandsegdupregions.bed,0.6489208633093525,0.7975243147656941,0.7769164513350559,0.787085514834206
86,GRCh38_notinalllowmapandsegdupregions.bed,0.6410432395332876,0.759349593495935,0.8044788975021533,0.781263069845253
92,GRCh38_notinalllowmapandsegdupregions.bed,0.6736370425690814,0.8351851851851851,0.7769164513350559,0.8049977688531905
98,GRCh38_notinalllowmapandsegdupregions.bed,0.4722826086956522,0.5613695090439277,0.7484926787252368,0.6415651531930602
104,GRCh38_notinalllowmapandsegdupregions.bed,0.48083242059145676,0.5690213869086196,0.756244616709733,0.6494082840236687
110,GRCh38_notinalllowmapandsegdupregions.bed,0.470682302771855,0.5525657071339174,0.7605512489233419,0.6400869880391447
116,GRCh38_notinalllowmapandsegdupregions.bed,0.48227349465391106,0.581805838424983,0.7381567614125754,0.6507213363705391
122,GRCh38_notinalllowmapandsegdupregions.bed,0.5214881334188582,0.671345995045417,0.7002583979328165,0.6854974704890389
128,GRCh38_notinalllowmapandsegdupregions.bed,0.33171408743927827,0.6306068601583114,0.4117140396210164,0.4981761334028141
134,GRCh38_notinalllowmapandsegdupregions.bed,0.4886693782684486,0.6002855103497502,0.7243755383290267,0.6565183450429353
140,GRCh38_notinalllowmapandsegdupregions.bed,0.35236664162284,0.7339593114241002,0.40396210163652024,0.5211111111111112
147,GRCh38_notinalllowmapandsegdupregions.bed,0.7183441558441559,0.9257322175732218,0.7622739018087855,0.8360888049126122
148,GRCh38_notinalllowmapandsegdupregions.bed,0.7474747474747475,0.8215701823949246,0.892334194659776,0.8554913294797688
149,GRCh38_notinalllowmapandsegdupregions.bed,0.7183441558441559,0.9257322175732218,0.7622739018087855,0.8360888049126122
150,GRCh38_notinalllowmapandsegdupregions.bed,0.7813953488372093,0.8865435356200527,0.8682170542635659,0.8772845953002611
153,GRCh38_notinalllowmapandsegdupregions.bed,0.6496722505462491,0.8079710144927537,0.768303186907838,0.7876379690949227
154,GRCh38_notinalllowmapandsegdupregions.bed,0.745702005730659,0.8158307210031348,0.896640826873385,0.8543290931473123
155,GRCh38_notinalllowmapandsegdupregions.bed,0.6496722505462491,0.8079710144927537,0.768303186907838,0.7876379690949227
156,GRCh38_notinalllowmapandsegdupregions.bed,0.7835531419705197,0.8875219683655536,0.8699397071490095,0.8786428882122662
159,GRCh38_notinalllowmapandsegdupregions.bed,0.7120967741935483,0.9178794178794178,0.7605512489233419,0.8318417333961375
160,GRCh38_notinalllowmapandsegdupregions.bed,0.7330508474576272,0.802784222737819,0.8940568475452196,0.8459657701711492
161,GRCh38_notinalllowmapandsegdupregions.bed,0.7120967741935483,0.9178794178794178,0.7605512489233419,0.8318417333961375
162,GRCh38_notinalllowmapandsegdupregions.bed,0.7857142857142857,0.8884986830553117,0.8716623600344531,0.88
165,GRCh38_notinalllowmapandsegdupregions.bed,0.6812933025404158,0.8651026392961877,0.7622739018087855,0.8104395604395604
166,GRCh38_notinalllowmapandsegdupregions.bed,0.763235294117647,0.8391269199676638,0.8940568475452196,0.865721434528774
167,GRCh38_notinalllowmapandsegdupregions.bed,0.6812933025404158,0.8651026392961877,0.7622739018087855,0.8104395604395604
168,GRCh38_notinalllowmapandsegdupregions.bed,0.7822706065318819,0.8894783377541998,0.8664944013781223,0.8778359511343804
171,GRCh38_notinalllowmapandsegdupregions.bed,0.6996805111821086,0.905894519131334,0.7545219638242894,0.8233082706766917
172,GRCh38_notinalllowmapandsegdupregions.bed,0.8147249190938511,0.9306839186691312,0.8673557278208441,0.8979045920641997
173,GRCh38_notinalllowmapandsegdupregions.bed,0.6996805111821086,0.905894519131334,0.7545219638242894,0.8233082706766917
174,GRCh38_notinalllowmapandsegdupregions.bed,0.7870296236989591,0.9178338001867413,0.8466838931955211,0.8808243727598567
177,GRCh38_notinalllowmapandsegdupregions.bed,0.623951182303585,0.8450413223140496,0.7045650301464255,0.7684358853922029
178,GRCh38_notinalllowmapandsegdupregions.bed,0.7939538583929993,0.9122486288848263,0.859603789836348,0.8851441241685145
179,GRCh38_notinalllowmapandsegdupregions.bed,0.623951182303585,0.8450413223140496,0.7045650301464255,0.7684358853922029
180,GRCh38_notinalllowmapandsegdupregions.bed,0.764937106918239,0.8976014760147601,0.8380706287683032,0.8668151447661471
183,GRCh38_notinalllowmapandsegdupregions.bed,0.7052545155993432,0.9377729257641921,0.739879414298019,0.8271545498314878
184,GRCh38_notinalllowmapandsegdupregions.bed,0.7965299684542587,0.9042076991942704,0.8699397071490095,0.8867427568042142
185,GRCh38_notinalllowmapandsegdupregions.bed,0.7052545155993432,0.9377729257641921,0.739879414298019,0.8271545498314878
186,GRCh38_notinalllowmapandsegdupregions.bed,0.781225139220366,0.9109461966604824,0.8458225667527993,0.8771773112996875
189,GRCh38_notinalllowmapandsegdupregions.bed,0.6540627514078842,0.9083798882681564,0.7002583979328165,0.7908560311284046
190,GRCh38_notinalllowmapandsegdupregions.bed,0.8032258064516129,0.9265116279069767,0.8578811369509044,0.89087656529517
191,GRCh38_notinalllowmapandsegdupregions.bed,0.6540627514078842,0.9083798882681564,0.7002583979328165,0.7908560311284046
192,GRCh38_notinalllowmapandsegdupregions.bed,0.7637362637362637,0.8959484346224678,0.8380706287683032,0.8660436137071651
195,GRCh38_notinalllowmapandsegdupregions.bed,0.43675982946470865,0.49252136752136755,0.7941429801894918,0.6079788987800858
196,GRCh38_notinalllowmapandsegdupregions.bed,0.5303482587064676,0.5566579634464752,0.9181739879414298,0.693107932379714
197,GRCh38_notinalllowmapandsegdupregions.bed,0.43675982946470865,0.49252136752136755,0.7941429801894918,0.6079788987800858
198,GRCh38_notinalllowmapandsegdupregions.bed,0.5301327885597549,0.5656675749318801,0.8940568475452196,0.6929238985313753
201,GRCh38_notinalllowmapandsegdupregions.bed,0.40375381929288523,0.45012165450121655,0.7967269595176572,0.5752487562189055
202,GRCh38_notinalllowmapandsegdupregions.bed,0.4561778537836682,0.4752783964365256,0.9190353143841516,0.6265413975337639
203,GRCh38_notinalllowmapandsegdupregions.bed,0.40375381929288523,0.45012165450121655,0.7967269595176572,0.5752487562189055
204,GRCh38_notinalllowmapandsegdupregions.bed,0.49430740037950666,0.5238813474107592,0.8975021533161068,0.6615873015873016
207,GRCh38_notinalllowmapandsegdupregions.bed,0.3928722952906237,0.4363807728557964,0.797588285960379,0.5641181845872678
208,GRCh38_notinalllowmapandsegdupregions.bed,0.43783340172343044,0.45539906103286387,0.9190353143841516,0.6090182648401826
209,GRCh38_notinalllowmapandsegdupregions.bed,0.3928722952906237,0.4363807728557964,0.797588285960379,0.5641181845872678
210,GRCh38_notinalllowmapandsegdupregions.bed,0.48177203507152744,0.5092682926829268,0.8992248062015504,0.650264715042043
213,GRCh38_notinalllowmapandsegdupregions.bed,0.4491484184914842,0.5079801871216291,0.7950043066322137,0.6198791134989927
214,GRCh38_notinalllowmapandsegdupregions.bed,0.5590551181102362,0.5887230514096186,0.917312661498708,0.7171717171717172
215,GRCh38_notinalllowmapandsegdupregions.bed,0.4491484184914842,0.5079801871216291,0.7950043066322137,0.6198791134989927
216,GRCh38_notinalllowmapandsegdupregions.bed,0.5504782146652497,0.5896414342629482,0.892334194659776,0.7100753941055518
219,GRCh38_notinalllowmapandsegdupregions.bed,0.5477453580901857,0.7041773231031543,0.7114556416881999,0.7077977720651243
220,GRCh38_notinalllowmapandsegdupregions.bed,0.6565798733286418,0.7820620284995808,0.8036175710594315,0.7926932880203906
221,GRCh38_notinalllowmapandsegdupregions.bed,0.5477453580901857,0.7041773231031543,0.7114556416881999,0.7077977720651243
222,GRCh38_notinalllowmapandsegdupregions.bed,0.6690442225392297,0.7955894826123834,0.8079242032730405,0.8017094017094016
225,GRCh38_notinalllowmapandsegdupregions.bed,0.5147164393395549,0.7555321390937829,0.6175710594315246,0.6796208530805687
226,GRCh38_notinalllowmapandsegdupregions.bed,0.6489208633093525,0.7975243147656941,0.7769164513350559,0.787085514834206
227,GRCh38_notinalllowmapandsegdupregions.bed,0.5147164393395549,0.7555321390937829,0.6175710594315246,0.6796208530805687
228,GRCh38_notinalllowmapandsegdupregions.bed,0.672082717872969,0.8250226654578422,0.7838070628768303,0.8038869257950529
231,GRCh38_notinalllowmapandsegdupregions.bed,0.5057821059038344,0.6329017517136329,0.7157622739018088,0.67178658043654
232,GRCh38_notinalllowmapandsegdupregions.bed,0.6410432395332876,0.759349593495935,0.8044788975021533,0.781263069845253
233,GRCh38_notinalllowmapandsegdupregions.bed,0.5057821059038344,0.6329017517136329,0.7157622739018088,0.67178658043654
234,GRCh38_notinalllowmapandsegdupregions.bed,0.6573426573426573,0.7775020678246485,0.8096468561584841,0.7932489451476793
237,GRCh38_notinalllowmapandsegdupregions.bed,0.5532245532245532,0.8496420047732697,0.6132644272179156,0.7123561780890446
238,GRCh38_notinalllowmapandsegdupregions.bed,0.6736370425690814,0.8351851851851851,0.7769164513350559,0.8049977688531905
239,GRCh38_notinalllowmapandsegdupregions.bed,0.5532245532245532,0.8496420047732697,0.6132644272179156,0.7123561780890446
240,GRCh38_notinalllowmapandsegdupregions.bed,0.7021604938271605,0.8708133971291866,0.7838070628768303,0.8250226654578423
243,GRCh38_notinalllowmapandsegdupregions.bed,0.3345209817893903,0.38235294117647056,0.7278208440999139,0.5013349154553545
244,GRCh38_notinalllowmapandsegdupregions.bed,0.4722826086956522,0.5613695090439277,0.7484926787252368,0.6415651531930602
245,GRCh38_notinalllowmapandsegdupregions.bed,0.3345209817893903,0.38235294117647056,0.7278208440999139,0.5013349154553545
246,GRCh38_notinalllowmapandsegdupregions.bed,0.5002820078962211,0.5917278185456971,0.7639965546942291,0.6669172932330827
249,GRCh38_notinalllowmapandsegdupregions.bed,0.29200819672131145,0.32608695652173914,0.7364341085271318,0.45202220459952414
250,GRCh38_notinalllowmapandsegdupregions.bed,0.48083242059145676,0.5690213869086196,0.756244616709733,0.6494082840236687
251,GRCh38_notinalllowmapandsegdupregions.bed,0.29200819672131145,0.32608695652173914,0.7364341085271318,0.45202220459952414
252,GRCh38_notinalllowmapandsegdupregions.bed,0.5030881527231892,0.5910290237467019,0.7717484926787253,0.6694060515502428
255,GRCh38_notinalllowmapandsegdupregions.bed,0.28344895936570863,0.31497797356828194,0.7390180878552972,0.44169884169884166
256,GRCh38_notinalllowmapandsegdupregions.bed,0.470682302771855,0.5525657071339174,0.7605512489233419,0.6400869880391447
257,GRCh38_notinalllowmapandsegdupregions.bed,0.28344895936570863,0.31497797356828194,0.7390180878552972,0.44169884169884166
258,GRCh38_notinalllowmapandsegdupregions.bed,0.49123767798466594,0.5742637644046095,0.772609819121447,0.6588321704002938
261,GRCh38_notinalllowmapandsegdupregions.bed,0.3391059202577527,0.38909426987060997,0.7252368647717485,0.5064661654135337
262,GRCh38_notinalllowmapandsegdupregions.bed,0.48227349465391106,0.581805838424983,0.7381567614125754,0.6507213363705391
263,GRCh38_notinalllowmapandsegdupregions.bed,0.3391059202577527,0.38909426987060997,0.7252368647717485,0.5064661654135337
264,GRCh38_notinalllowmapandsegdupregions.bed,0.5135916714864083,0.6098901098901099,0.7648578811369509,0.6786396637371036
267,GRCh38_notinalllowmapandsegdupregions.bed,0.3669638667292351,0.4463470319634703,0.673557278208441,0.5369035358736698
268,GRCh38_notinalllowmapandsegdupregions.bed,0.5214881334188582,0.671345995045417,0.7002583979328165,0.6854974704890389
269,GRCh38_notinalllowmapandsegdupregions.bed,0.3669638667292351,0.4463470319634703,0.673557278208441,0.5369035358736698
270,GRCh38_notinalllowmapandsegdupregions.bed,0.5311704834605598,0.6701444622792937,0.719207579672696,0.6938097216452015
273,GRCh38_notinalllowmapandsegdupregions.bed,0.07556270096463022,0.16666666666666666,0.12144702842377261,0.14050822122571002
274,GRCh38_notinalllowmapandsegdupregions.bed,0.33171408743927827,0.6306068601583114,0.4117140396210164,0.4981761334028141
275,GRCh38_notinalllowmapandsegdupregions.bed,0.07556270096463022,0.16666666666666666,0.12144702842377261,0.14050822122571002
276,GRCh38_notinalllowmapandsegdupregions.bed,0.33516106922549693,0.6213468869123253,0.42118863049095606,0.5020533880903492
279,GRCh38_notinalllowmapandsegdupregions.bed,0.29145546705286024,0.3345802161263508,0.6933677863910422,0.45135968601065324
280,GRCh38_notinalllowmapandsegdupregions.bed,0.4886693782684486,0.6002855103497502,0.7243755383290267,0.6565183450429353
281,GRCh38_notinalllowmapandsegdupregions.bed,0.29145546705286024,0.3345802161263508,0.6933677863910422,0.45135968601065324
282,GRCh38_notinalllowmapandsegdupregions.bed,0.5041617122473246,0.6194302410518627,0.7304048234280792,0.6703557312252965
285,GRCh38_notinalllowmapandsegdupregions.bed,0.08634920634920636,0.24727272727272728,0.11714039621016366,0.15897136177673876
286,GRCh38_notinalllowmapandsegdupregions.bed,0.35236664162284,0.7339593114241002,0.40396210163652024,0.5211111111111112
287,GRCh38_notinalllowmapandsegdupregions.bed,0.08634920634920636,0.24727272727272728,0.11714039621016366,0.15897136177673876
288,GRCh38_notinalllowmapandsegdupregions.bed,0.3493100944081336,0.6901004304160688,0.4142980189491817,0.5177610333692142
290,GRCh38_notinalllowmapandsegdupregions.bed,0.7474747474747475,0.8215701823949246,0.892334194659776,0.8554913294797688
296,GRCh38_notinalllowmapandsegdupregions.bed,0.745702005730659,0.8158307210031348,0.896640826873385,0.8543290931473123
302,GRCh38_notinalllowmapandsegdupregions.bed,0.7330508474576272,0.802784222737819,0.8940568475452196,0.8459657701711492
308,GRCh38_notinalllowmapandsegdupregions.bed,0.763235294117647,0.8391269199676638,0.8940568475452196,0.865721434528774
314,GRCh38_notinalllowmapandsegdupregions.bed,0.8147249190938511,0.9306839186691312,0.8673557278208441,0.8979045920641997
320,GRCh38_notinalllowmapandsegdupregions.bed,0.7939538583929993,0.9122486288848263,0.859603789836348,0.8851441241685145
326,GRCh38_notinalllowmapandsegdupregions.bed,0.7965299684542587,0.9042076991942704,0.8699397071490095,0.8867427568042142
332,GRCh38_notinalllowmapandsegdupregions.bed,0.8032258064516129,0.9265116279069767,0.8578811369509044,0.89087656529517
338,GRCh38_notinalllowmapandsegdupregions.bed,0.5303482587064676,0.5566579634464752,0.9181739879414298,0.693107932379714
344,GRCh38_notinalllowmapandsegdupregions.bed,0.4561778537836682,0.4752783964365256,0.9190353143841516,0.6265413975337639
350,GRCh38_notinalllowmapandsegdupregions.bed,0.43783340172343044,0.45539906103286387,0.9190353143841516,0.6090182648401826
356,GRCh38_notinalllowmapandsegdupregions.bed,0.5590551181102362,0.5887230514096186,0.917312661498708,0.7171717171717172
362,GRCh38_notinalllowmapandsegdupregions.bed,0.6565798733286418,0.7820620284995808,0.8036175710594315,0.7926932880203906
368,GRCh38_notinalllowmapandsegdupregions.bed,0.6489208633093525,0.7975243147656941,0.7769164513350559,0.787085514834206
374,GRCh38_notinalllowmapandsegdupregions.bed,0.6410432395332876,0.759349593495935,0.8044788975021533,0.781263069845253
380,GRCh38_notinalllowmapandsegdupregions.bed,0.6736370425690814,0.8351851851851851,0.7769164513350559,0.8049977688531905
386,GRCh38_notinalllowmapandsegdupregions.bed,0.4722826086956522,0.5613695090439277,0.7484926787252368,0.6415651531930602
392,GRCh38_notinalllowmapandsegdupregions.bed,0.48083242059145676,0.5690213869086196,0.756244616709733,0.6494082840236687
398,GRCh38_notinalllowmapandsegdupregions.bed,0.470682302771855,0.5525657071339174,0.7605512489233419,0.6400869880391447
404,GRCh38_notinalllowmapandsegdupregions.bed,0.48227349465391106,0.581805838424983,0.7381567614125754,0.6507213363705391
410,GRCh38_notinalllowmapandsegdupregions.bed,0.5214881334188582,0.671345995045417,0.7002583979328165,0.6854974704890389
416,GRCh38_notinalllowmapandsegdupregions.bed,0.33171408743927827,0.6306068601583114,0.4117140396210164,0.4981761334028141
422,GRCh38_notinalllowmapandsegdupregions.bed,0.4886693782684486,0.6002855103497502,0.7243755383290267,0.6565183450429353
428,GRCh38_notinalllowmapandsegdupregions.bed,0.35236664162284,0.7339593114241002,0.40396210163652024,0.5211111111111112
435,GRCh38_notinalllowmapandsegdupregions.bed,0.7183441558441559,0.9257322175732218,0.7622739018087855,0.8360888049126122
436,GRCh38_notinalllowmapandsegdupregions.bed,0.7474747474747475,0.8215701823949246,0.892334194659776,0.8554913294797688
437,GRCh38_notinalllowmapandsegdupregions.bed,0.7183441558441559,0.9257322175732218,0.7622739018087855,0.8360888049126122
438,GRCh38_notinalllowmapandsegdupregions.bed,0.7813953488372093,0.8865435356200527,0.8682170542635659,0.8772845953002611
441,GRCh38_notinalllowmapandsegdupregions.bed,0.6496722505462491,0.8079710144927537,0.768303186907838,0.7876379690949227
442,GRCh38_notinalllowmapandsegdupregions.bed,0.745702005730659,0.8158307210031348,0.896640826873385,0.8543290931473123
443,GRCh38_notinalllowmapandsegdupregions.bed,0.6496722505462491,0.8079710144927537,0.768303186907838,0.7876379690949227
444,GRCh38_notinalllowmapandsegdupregions.bed,0.7835531419705197,0.8875219683655536,0.8699397071490095,0.8786428882122662
447,GRCh38_notinalllowmapandsegdupregions.bed,0.7120967741935483,0.9178794178794178,0.7605512489233419,0.8318417333961375
448,GRCh38_notinalllowmapandsegdupregions.bed,0.7330508474576272,0.802784222737819,0.8940568475452196,0.8459657701711492
449,GRCh38_notinalllowmapandsegdupregions.bed,0.7120967741935483,0.9178794178794178,0.7605512489233419,0.8318417333961375
450,GRCh38_notinalllowmapandsegdupregions.bed,0.7857142857142857,0.8884986830553117,0.8716623600344531,0.88
453,GRCh38_notinalllowmapandsegdupregions.bed,0.6812933025404158,0.8651026392961877,0.7622739018087855,0.8104395604395604
454,GRCh38_notinalllowmapandsegdupregions.bed,0.763235294117647,0.8391269199676638,0.8940568475452196,0.865721434528774
455,GRCh38_notinalllowmapandsegdupregions.bed,0.6812933025404158,0.8651026392961877,0.7622739018087855,0.8104395604395604
456,GRCh38_notinalllowmapandsegdupregions.bed,0.7822706065318819,0.8894783377541998,0.8664944013781223,0.8778359511343804
459,GRCh38_notinalllowmapandsegdupregions.bed,0.6996805111821086,0.905894519131334,0.7545219638242894,0.8233082706766917
460,GRCh38_notinalllowmapandsegdupregions.bed,0.8147249190938511,0.9306839186691312,0.8673557278208441,0.8979045920641997
461,GRCh38_notinalllowmapandsegdupregions.bed,0.6996805111821086,0.905894519131334,0.7545219638242894,0.8233082706766917
462,GRCh38_notinalllowmapandsegdupregions.bed,0.7870296236989591,0.9178338001867413,0.8466838931955211,0.8808243727598567
465,GRCh38_notinalllowmapandsegdupregions.bed,0.623951182303585,0.8450413223140496,0.7045650301464255,0.7684358853922029
466,GRCh38_notinalllowmapandsegdupregions.bed,0.7939538583929993,0.9122486288848263,0.859603789836348,0.8851441241685145
467,GRCh38_notinalllowmapandsegdupregions.bed,0.623951182303585,0.8450413223140496,0.7045650301464255,0.7684358853922029
468,GRCh38_notinalllowmapandsegdupregions.bed,0.764937106918239,0.8976014760147601,0.8380706287683032,0.8668151447661471
471,GRCh38_notinalllowmapandsegdupregions.bed,0.7052545155993432,0.9377729257641921,0.739879414298019,0.8271545498314878
472,GRCh38_notinalllowmapandsegdupregions.bed,0.7965299684542587,0.9042076991942704,0.8699397071490095,0.8867427568042142
473,GRCh38_notinalllowmapandsegdupregions.bed,0.7052545155993432,0.9377729257641921,0.739879414298019,0.8271545498314878
474,GRCh38_notinalllowmapandsegdupregions.bed,0.781225139220366,0.9109461966604824,0.8458225667527993,0.8771773112996875
477,GRCh38_notinalllowmapandsegdupregions.bed,0.6540627514078842,0.9083798882681564,0.7002583979328165,0.7908560311284046
478,GRCh38_notinalllowmapandsegdupregions.bed,0.8032258064516129,0.9265116279069767,0.8578811369509044,0.89087656529517
479,GRCh38_notinalllowmapandsegdupregions.bed,0.6540627514078842,0.9083798882681564,0.7002583979328165,0.7908560311284046
480,GRCh38_notinalllowmapandsegdupregions.bed,0.7637362637362637,0.8959484346224678,0.8380706287683032,0.8660436137071651
483,GRCh38_notinalllowmapandsegdupregions.bed,0.43675982946470865,0.49252136752136755,0.7941429801894918,0.6079788987800858
484,GRCh38_notinalllowmapandsegdupregions.bed,0.5303482587064676,0.5566579634464752,0.9181739879414298,0.693107932379714
485,GRCh38_notinalllowmapandsegdupregions.bed,0.43675982946470865,0.49252136752136755,0.7941429801894918,0.6079788987800858
486,GRCh38_notinalllowmapandsegdupregions.bed,0.5301327885597549,0.5656675749318801,0.8940568475452196,0.6929238985313753
489,GRCh38_notinalllowmapandsegdupregions.bed,0.40375381929288523,0.45012165450121655,0.7967269595176572,0.5752487562189055
490,GRCh38_notinalllowmapandsegdupregions.bed,0.4561778537836682,0.4752783964365256,0.9190353143841516,0.6265413975337639
491,GRCh38_notinalllowmapandsegdupregions.bed,0.40375381929288523,0.45012165450121655,0.7967269595176572,0.5752487562189055
492,GRCh38_notinalllowmapandsegdupregions.bed,0.49430740037950666,0.5238813474107592,0.8975021533161068,0.6615873015873016
495,GRCh38_notinalllowmapandsegdupregions.bed,0.3928722952906237,0.4363807728557964,0.797588285960379,0.5641181845872678
496,GRCh38_notinalllowmapandsegdupregions.bed,0.43783340172343044,0.45539906103286387,0.9190353143841516,0.6090182648401826
497,GRCh38_notinalllowmapandsegdupregions.bed,0.3928722952906237,0.4363807728557964,0.797588285960379,0.5641181845872678
498,GRCh38_notinalllowmapandsegdupregions.bed,0.48177203507152744,0.5092682926829268,0.8992248062015504,0.650264715042043
501,GRCh38_notinalllowmapandsegdupregions.bed,0.4491484184914842,0.5079801871216291,0.7950043066322137,0.6198791134989927
502,GRCh38_notinalllowmapandsegdupregions.bed,0.5590551181102362,0.5887230514096186,0.917312661498708,0.7171717171717172
503,GRCh38_notinalllowmapandsegdupregions.bed,0.4491484184914842,0.5079801871216291,0.7950043066322137,0.6198791134989927
504,GRCh38_notinalllowmapandsegdupregions.bed,0.5504782146652497,0.5896414342629482,0.892334194659776,0.7100753941055518
507,GRCh38_notinalllowmapandsegdupregions.bed,0.5477453580901857,0.7041773231031543,0.7114556416881999,0.7077977720651243
508,GRCh38_notinalllowmapandsegdupregions.bed,0.6565798733286418,0.7820620284995808,0.8036175710594315,0.7926932880203906
509,GRCh38_notinalllowmapandsegdupregions.bed,0.5477453580901857,0.7041773231031543,0.7114556416881999,0.7077977720651243
510,GRCh38_notinalllowmapandsegdupregions.bed,0.6690442225392297,0.7955894826123834,0.8079242032730405,0.8017094017094016
513,GRCh38_notinalllowmapandsegdupregions.bed,0.5147164393395549,0.7555321390937829,0.6175710594315246,0.6796208530805687
514,GRCh38_notinalllowmapandsegdupregions.bed,0.6489208633093525,0.7975243147656941,0.7769164513350559,0.787085514834206
515,GRCh38_notinalllowmapandsegdupregions.bed,0.5147164393395549,0.7555321390937829,0.6175710594315246,0.6796208530805687
516,GRCh38_notinalllowmapandsegdupregions.bed,0.672082717872969,0.8250226654578422,0.7838070628768303,0.8038869257950529
519,GRCh38_notinalllowmapandsegdupregions.bed,0.5057821059038344,0.6329017517136329,0.7157622739018088,0.67178658043654
520,GRCh38_notinalllowmapandsegdupregions.bed,0.6410432395332876,0.759349593495935,0.8044788975021533,0.781263069845253
521,GRCh38_notinalllowmapandsegdupregions.bed,0.5057821059038344,0.6329017517136329,0.7157622739018088,0.67178658043654
522,GRCh38_notinalllowmapandsegdupregions.bed,0.6573426573426573,0.7775020678246485,0.8096468561584841,0.7932489451476793
525,GRCh38_notinalllowmapandsegdupregions.bed,0.5532245532245532,0.8496420047732697,0.6132644272179156,0.7123561780890446
526,GRCh38_notinalllowmapandsegdupregions.bed,0.6736370425690814,0.8351851851851851,0.7769164513350559,0.8049977688531905
527,GRCh38_notinalllowmapandsegdupregions.bed,0.5532245532245532,0.8496420047732697,0.6132644272179156,0.7123561780890446
528,GRCh38_notinalllowmapandsegdupregions.bed,0.7021604938271605,0.8708133971291866,0.7838070628768303,0.8250226654578423
531,GRCh38_notinalllowmapandsegdupregions.bed,0.3345209817893903,0.38235294117647056,0.7278208440999139,0.5013349154553545
532,GRCh38_notinalllowmapandsegdupregions.bed,0.4722826086956522,0.5613695090439277,0.7484926787252368,0.6415651531930602
533,GRCh38_notinalllowmapandsegdupregions.bed,0.3345209817893903,0.38235294117647056,0.7278208440999139,0.5013349154553545
534,GRCh38_notinalllowmapandsegdupregions.bed,0.5002820078962211,0.5917278185456971,0.7639965546942291,0.6669172932330827
537,GRCh38_notinalllowmapandsegdupregions.bed,0.29200819672131145,0.32608695652173914,0.7364341085271318,0.45202220459952414
538,GRCh38_notinalllowmapandsegdupregions.bed,0.48083242059145676,0.5690213869086196,0.756244616709733,0.6494082840236687
539,GRCh38_notinalllowmapandsegdupregions.bed,0.29200819672131145,0.32608695652173914,0.7364341085271318,0.45202220459952414
540,GRCh38_notinalllowmapandsegdupregions.bed,0.5030881527231892,0.5910290237467019,0.7717484926787253,0.6694060515502428
543,GRCh38_notinalllowmapandsegdupregions.bed,0.28344895936570863,0.31497797356828194,0.7390180878552972,0.44169884169884166
544,GRCh38_notinalllowmapandsegdupregions.bed,0.470682302771855,0.5525657071339174,0.7605512489233419,0.6400869880391447
545,GRCh38_notinalllowmapandsegdupregions.bed,0.28344895936570863,0.31497797356828194,0.7390180878552972,0.44169884169884166
546,GRCh38_notinalllowmapandsegdupregions.bed,0.49123767798466594,0.5742637644046095,0.772609819121447,0.6588321704002938
549,GRCh38_notinalllowmapandsegdupregions.bed,0.3391059202577527,0.38909426987060997,0.7252368647717485,0.5064661654135337
550,GRCh38_notinalllowmapandsegdupregions.bed,0.48227349465391106,0.581805838424983,0.7381567614125754,0.6507213363705391
551,GRCh38_notinalllowmapandsegdupregions.bed,0.3391059202577527,0.38909426987060997,0.7252368647717485,0.5064661654135337
552,GRCh38_notinalllowmapandsegdupregions.bed,0.5135916714864083,0.6098901098901099,0.7648578811369509,0.6786396637371036
555,GRCh38_notinalllowmapandsegdupregions.bed,0.3669638667292351,0.4463470319634703,0.673557278208441,0.5369035358736698
556,GRCh38_notinalllowmapandsegdupregions.bed,0.5214881334188582,0.671345995045417,0.7002583979328165,0.6854974704890389
557,GRCh38_notinalllowmapandsegdupregions.bed,0.3669638667292351,0.4463470319634703,0.673557278208441,0.5369035358736698
558,GRCh38_notinalllowmapandsegdupregions.bed,0.5311704834605598,0.6701444622792937,0.719207579672696,0.6938097216452015
561,GRCh38_notinalllowmapandsegdupregions.bed,0.07556270096463022,0.16666666666666666,0.12144702842377261,0.14050822122571002
562,GRCh38_notinalllowmapandsegdupregions.bed,0.33171408743927827,0.6306068601583114,0.4117140396210164,0.4981761334028141
563,GRCh38_notinalllowmapandsegdupregions.bed,0.07556270096463022,0.16666666666666666,0.12144702842377261,0.14050822122571002
564,GRCh38_notinalllowmapandsegdupregions.bed,0.33516106922549693,0.6213468869123253,0.42118863049095606,0.5020533880903492
567,GRCh38_notinalllowmapandsegdupregions.bed,0.29145546705286024,0.3345802161263508,0.6933677863910422,0.45135968601065324
568,GRCh38_notinalllowmapandsegdupregions.bed,0.4886693782684486,0.6002855103497502,0.7243755383290267,0.6565183450429353
569,GRCh38_notinalllowmapandsegdupregions.bed,0.29145546705286024,0.3345802161263508,0.6933677863910422,0.45135968601065324
570,GRCh38_notinalllowmapandsegdupregions.bed,0.5041617122473246,0.6194302410518627,0.7304048234280792,0.6703557312252965
573,GRCh38_notinalllowmapandsegdupregions.bed,0.08634920634920636,0.24727272727272728,0.11714039621016366,0.15897136177673876
574,GRCh38_notinalllowmapandsegdupregions.bed,0.35236664162284,0.7339593114241002,0.40396210163652024,0.5211111111111112
575,GRCh38_notinalllowmapandsegdupregions.bed,0.08634920634920636,0.24727272727272728,0.11714039621016366,0.15897136177673876
576,GRCh38_notinalllowmapandsegdupregions.bed,0.3493100944081336,0.6901004304160688,0.4142980189491817,0.5177610333692142
577,GRCh38_notinalllowmapandsegdupregions.bed,0.6231788079470199,0.7294573643410853,0.8105081826012058,0.7678498572011424
578,GRCh38_notinalllowmapandsegdupregions.bed,0.7116903633491312,0.8956262425447317,0.7760551248923342,0.8315643747115828
579,GRCh38_notinalllowmapandsegdupregions.bed,0.4082741328875888,0.4422815753734722,0.8415159345391904,0.5798219584569733
580,GRCh38_notinalllowmapandsegdupregions.bed,0.5924453280318092,0.7198067632850241,0.7700258397932817,0.7440699126092384
581,GRCh38_notinalllowmapandsegdupregions.bed,0.347117296222664,0.3920071845532106,0.751937984496124,0.5153482880755609
582,GRCh38_notinalllowmapandsegdupregions.bed,0.38570752484619025,0.46123372948500285,0.7019810508182601,0.5566939890710384
583,GRCh38_notinalllowmapandsegdupregions.bed,0.6231788079470199,0.7294573643410853,0.8105081826012058,0.7678498572011424
584,GRCh38_notinalllowmapandsegdupregions.bed,0.7116903633491312,0.8956262425447317,0.7760551248923342,0.8315643747115828
585,GRCh38_notinalllowmapandsegdupregions.bed,0.4082741328875888,0.4422815753734722,0.8415159345391904,0.5798219584569733
586,GRCh38_notinalllowmapandsegdupregions.bed,0.5924453280318092,0.7198067632850241,0.7700258397932817,0.7440699126092384
587,GRCh38_notinalllowmapandsegdupregions.bed,0.347117296222664,0.3920071845532106,0.751937984496124,0.5153482880755609
588,GRCh38_notinalllowmapandsegdupregions.bed,0.38570752484619025,0.46123372948500285,0.7019810508182601,0.5566939890710384
589,GRCh38_notinalllowmapandsegdupregions.bed,0.5908521303258145,0.6843251088534107,0.8122308354866494,0.7428121307601416
590,GRCh38_notinalllowmapandsegdupregions.bed,0.6847662141779789,0.8462255358807083,0.7820844099913867,0.8128916741271262
591,GRCh38_notinalllowmapandsegdupregions.bed,0.2879765395894428,0.3039306716186939,0.8458225667527993,0.44717668488160295
592,GRCh38_notinalllowmapandsegdupregions.bed,0.5329376854599407,0.6315049226441631,0.7734711455641688,0.6953155245838173
593,GRCh38_notinalllowmapandsegdupregions.bed,0.2549240292628025,0.27462867535616853,0.7803617571059431,0.40627802690582965
594,GRCh38_notinalllowmapandsegdupregions.bed,0.2661668228678538,0.2946058091286307,0.7338501291989664,0.4204293116210215
595,GRCh38_notinalllowmapandsegdupregions.bed,0.5908521303258145,0.6843251088534107,0.8122308354866494,0.7428121307601416
596,GRCh38_notinalllowmapandsegdupregions.bed,0.6847662141779789,0.8462255358807083,0.7820844099913867,0.8128916741271262
597,GRCh38_notinalllowmapandsegdupregions.bed,0.2879765395894428,0.3039306716186939,0.8458225667527993,0.44717668488160295
598,GRCh38_notinalllowmapandsegdupregions.bed,0.5329376854599407,0.6315049226441631,0.7734711455641688,0.6953155245838173
599,GRCh38_notinalllowmapandsegdupregions.bed,0.2549240292628025,0.27462867535616853,0.7803617571059431,0.40627802690582965
600,GRCh38_notinalllowmapandsegdupregions.bed,0.2661668228678538,0.2946058091286307,0.7338501291989664,0.4204293116210215
601,GRCh38_notinalllowmapandsegdupregions.bed,0.5822002472187886,0.6733380986418871,0.8113695090439277,0.7359375
602,GRCh38_notinalllowmapandsegdupregions.bed,0.6130653266331658,0.7863720073664825,0.73557278208441,0.7601246105919003
603,GRCh38_notinalllowmapandsegdupregions.bed,0.41293322062552834,0.4477543538038497,0.8415159345391904,0.5845049356865092
604,GRCh38_notinalllowmapandsegdupregions.bed,0.5916149068322981,0.8571428571428571,0.6563307493540051,0.7434146341463415
605,GRCh38_notinalllowmapandsegdupregions.bed,0.35384615384615387,0.40036646816307836,0.7527993109388458,0.5227272727272727
606,GRCh38_notinalllowmapandsegdupregions.bed,0.04697072838665759,0.1830238726790451,0.059431524547803614,0.08972691807542262
607,GRCh38_notinalllowmapandsegdupregions.bed,0.5822002472187886,0.6733380986418871,0.8113695090439277,0.7359375
608,GRCh38_notinalllowmapandsegdupregions.bed,0.6130653266331658,0.7863720073664825,0.73557278208441,0.7601246105919003
609,GRCh38_notinalllowmapandsegdupregions.bed,0.41293322062552834,0.4477543538038497,0.8415159345391904,0.5845049356865092
610,GRCh38_notinalllowmapandsegdupregions.bed,0.5916149068322981,0.8571428571428571,0.6563307493540051,0.7434146341463415
611,GRCh38_notinalllowmapandsegdupregions.bed,0.35384615384615387,0.40036646816307836,0.7527993109388458,0.5227272727272727
612,GRCh38_notinalllowmapandsegdupregions.bed,0.04697072838665759,0.1830238726790451,0.059431524547803614,0.08972691807542262
613,GRCh38_notinalllowmapandsegdupregions.bed,0.5488372093023256,0.6280771789753826,0.8130921619293713,0.7087087087087087
614,GRCh38_notinalllowmapandsegdupregions.bed,0.5204326923076923,0.6325785244704164,0.7459086993970715,0.6845849802371542
615,GRCh38_notinalllowmapandsegdupregions.bed,0.28513474355259344,0.30054978619425776,0.8475452196382429,0.44374295377677553
616,GRCh38_notinalllowmapandsegdupregions.bed,0.5340277777777778,0.7337786259541985,0.6623600344530577,0.6962426437301947
617,GRCh38_notinalllowmapandsegdupregions.bed,0.2673590504451039,0.2897106109324759,0.7760551248923342,0.4219152423320066
618,GRCh38_notinalllowmapandsegdupregions.bed,0.04055496264674493,0.09632446134347275,0.06546080964685616,0.07794871794871795
619,GRCh38_notinalllowmapandsegdupregions.bed,0.5488372093023256,0.6280771789753826,0.8130921619293713,0.7087087087087087
620,GRCh38_notinalllowmapandsegdupregions.bed,0.5204326923076923,0.6325785244704164,0.7459086993970715,0.6845849802371542
621,GRCh38_notinalllowmapandsegdupregions.bed,0.28513474355259344,0.30054978619425776,0.8475452196382429,0.44374295377677553
622,GRCh38_notinalllowmapandsegdupregions.bed,0.5340277777777778,0.7337786259541985,0.6623600344530577,0.6962426437301947
623,GRCh38_notinalllowmapandsegdupregions.bed,0.2673590504451039,0.2897106109324759,0.7760551248923342,0.4219152423320066
624,GRCh38_notinalllowmapandsegdupregions.bed,0.04055496264674493,0.09632446134347275,0.06546080964685616,0.07794871794871795
625,GRCh38_notinalllowmapandsegdupregions.bed,0.6231788079470199,0.7294573643410853,0.8105081826012058,0.7678498572011424
626,GRCh38_notinalllowmapandsegdupregions.bed,0.7116903633491312,0.8956262425447317,0.7760551248923342,0.8315643747115828
627,GRCh38_notinalllowmapandsegdupregions.bed,0.4082741328875888,0.4422815753734722,0.8415159345391904,0.5798219584569733
628,GRCh38_notinalllowmapandsegdupregions.bed,0.5924453280318092,0.7198067632850241,0.7700258397932817,0.7440699126092384
629,GRCh38_notinalllowmapandsegdupregions.bed,0.347117296222664,0.3920071845532106,0.751937984496124,0.5153482880755609
630,GRCh38_notinalllowmapandsegdupregions.bed,0.38570752484619025,0.46123372948500285,0.7019810508182601,0.5566939890710384
631,GRCh38_notinalllowmapandsegdupregions.bed,0.6231788079470199,0.7294573643410853,0.8105081826012058,0.7678498572011424
632,GRCh38_notinalllowmapandsegdupregions.bed,0.7116903633491312,0.8956262425447317,0.7760551248923342,0.8315643747115828
633,GRCh38_notinalllowmapandsegdupregions.bed,0.4082741328875888,0.4422815753734722,0.8415159345391904,0.5798219584569733
634,GRCh38_notinalllowmapandsegdupregions.bed,0.5924453280318092,0.7198067632850241,0.7700258397932817,0.7440699126092384
635,GRCh38_notinalllowmapandsegdupregions.bed,0.347117296222664,0.3920071845532106,0.751937984496124,0.5153482880755609
636,GRCh38_notinalllowmapandsegdupregions.bed,0.38570752484619025,0.46123372948500285,0.7019810508182601,0.5566939890710384
637,GRCh38_notinalllowmapandsegdupregions.bed,0.5908521303258145,0.6843251088534107,0.8122308354866494,0.7428121307601416
638,GRCh38_notinalllowmapandsegdupregions.bed,0.6847662141779789,0.8462255358807083,0.7820844099913867,0.8128916741271262
639,GRCh38_notinalllowmapandsegdupregions.bed,0.2879765395894428,0.3039306716186939,0.8458225667527993,0.44717668488160295
640,GRCh38_notinalllowmapandsegdupregions.bed,0.5329376854599407,0.6315049226441631,0.7734711455641688,0.6953155245838173
641,GRCh38_notinalllowmapandsegdupregions.bed,0.2549240292628025,0.27462867535616853,0.7803617571059431,0.40627802690582965
642,GRCh38_notinalllowmapandsegdupregions.bed,0.2661668228678538,0.2946058091286307,0.7338501291989664,0.4204293116210215
643,GRCh38_notinalllowmapandsegdupregions.bed,0.5908521303258145,0.6843251088534107,0.8122308354866494,0.7428121307601416
644,GRCh38_notinalllowmapandsegdupregions.bed,0.6847662141779789,0.8462255358807083,0.7820844099913867,0.8128916741271262
645,GRCh38_notinalllowmapandsegdupregions.bed,0.2879765395894428,0.3039306716186939,0.8458225667527993,0.44717668488160295
646,GRCh38_notinalllowmapandsegdupregions.bed,0.5329376854599407,0.6315049226441631,0.7734711455641688,0.6953155245838173
647,GRCh38_notinalllowmapandsegdupregions.bed,0.2549240292628025,0.27462867535616853,0.7803617571059431,0.40627802690582965
648,GRCh38_notinalllowmapandsegdupregions.bed,0.2661668228678538,0.2946058091286307,0.7338501291989664,0.4204293116210215
649,GRCh38_notinalllowmapandsegdupregions.bed,0.5822002472187886,0.6733380986418871,0.8113695090439277,0.7359375
650,GRCh38_notinalllowmapandsegdupregions.bed,0.6130653266331658,0.7863720073664825,0.73557278208441,0.7601246105919003
651,GRCh38_notinalllowmapandsegdupregions.bed,0.41293322062552834,0.4477543538038497,0.8415159345391904,0.5845049356865092
652,GRCh38_notinalllowmapandsegdupregions.bed,0.5916149068322981,0.8571428571428571,0.6563307493540051,0.7434146341463415
653,GRCh38_notinalllowmapandsegdupregions.bed,0.35384615384615387,0.40036646816307836,0.7527993109388458,0.5227272727272727
654,GRCh38_notinalllowmapandsegdupregions.bed,0.04697072838665759,0.1830238726790451,0.059431524547803614,0.08972691807542262
655,GRCh38_notinalllowmapandsegdupregions.bed,0.5822002472187886,0.6733380986418871,0.8113695090439277,0.7359375
656,GRCh38_notinalllowmapandsegdupregions.bed,0.6130653266331658,0.7863720073664825,0.73557278208441,0.7601246105919003
657,GRCh38_notinalllowmapandsegdupregions.bed,0.41293322062552834,0.4477543538038497,0.8415159345391904,0.5845049356865092
658,GRCh38_notinalllowmapandsegdupregions.bed,0.5916149068322981,0.8571428571428571,0.6563307493540051,0.7434146341463415
659,GRCh38_notinalllowmapandsegdupregions.bed,0.35384615384615387,0.40036646816307836,0.7527993109388458,0.5227272727272727
660,GRCh38_notinalllowmapandsegdupregions.bed,0.04697072838665759,0.1830238726790451,0.059431524547803614,0.08972691807542262
661,GRCh38_notinalllowmapandsegdupregions.bed,0.5488372093023256,0.6280771789753826,0.8130921619293713,0.7087087087087087
662,GRCh38_notinalllowmapandsegdupregions.bed,0.5204326923076923,0.6325785244704164,0.7459086993970715,0.6845849802371542
663,GRCh38_notinalllowmapandsegdupregions.bed,0.28513474355259344,0.30054978619425776,0.8475452196382429,0.44374295377677553
664,GRCh38_notinalllowmapandsegdupregions.bed,0.5340277777777778,0.7337786259541985,0.6623600344530577,0.6962426437301947
665,GRCh38_notinalllowmapandsegdupregions.bed,0.2673590504451039,0.2897106109324759,0.7760551248923342,0.4219152423320066
666,GRCh38_notinalllowmapandsegdupregions.bed,0.04055496264674493,0.09632446134347275,0.06546080964685616,0.07794871794871795
667,GRCh38_notinalllowmapandsegdupregions.bed,0.5488372093023256,0.6280771789753826,0.8130921619293713,0.7087087087087087
668,GRCh38_notinalllowmapandsegdupregions.bed,0.5204326923076923,0.6325785244704164,0.7459086993970715,0.6845849802371542
669,GRCh38_notinalllowmapandsegdupregions.bed,0.28513474355259344,0.30054978619425776,0.8475452196382429,0.44374295377677553
670,GRCh38_notinalllowmapandsegdupregions.bed,0.5340277777777778,0.7337786259541985,0.6623600344530577,0.6962426437301947
671,GRCh38_notinalllowmapandsegdupregions.bed,0.2673590504451039,0.2897106109324759,0.7760551248923342,0.4219152423320066
672,GRCh38_notinalllowmapandsegdupregions.bed,0.04055496264674493,0.09632446134347275,0.06546080964685616,0.07794871794871795
721,GRCh38_notinalllowmapandsegdupregions.bed,0.7813953488372093,0.8865435356200527,0.8682170542635659,0.8772845953002611
722,GRCh38_notinalllowmapandsegdupregions.bed,0.7870296236989591,0.9178338001867413,0.8466838931955211,0.8808243727598567
723,GRCh38_notinalllowmapandsegdupregions.bed,0.5301327885597549,0.5656675749318801,0.8940568475452196,0.6929238985313753
724,GRCh38_notinalllowmapandsegdupregions.bed,0.6690442225392297,0.7955894826123834,0.8079242032730405,0.8017094017094016
725,GRCh38_notinalllowmapandsegdupregions.bed,0.5002820078962211,0.5917278185456971,0.7639965546942291,0.6669172932330827
726,GRCh38_notinalllowmapandsegdupregions.bed,0.5311704834605598,0.6701444622792937,0.719207579672696,0.6938097216452015
727,GRCh38_notinalllowmapandsegdupregions.bed,0.7813953488372093,0.8865435356200527,0.8682170542635659,0.8772845953002611
728,GRCh38_notinalllowmapandsegdupregions.bed,0.7870296236989591,0.9178338001867413,0.8466838931955211,0.8808243727598567
729,GRCh38_notinalllowmapandsegdupregions.bed,0.5301327885597549,0.5656675749318801,0.8940568475452196,0.6929238985313753
730,GRCh38_notinalllowmapandsegdupregions.bed,0.6690442225392297,0.7955894826123834,0.8079242032730405,0.8017094017094016
731,GRCh38_notinalllowmapandsegdupregions.bed,0.5002820078962211,0.5917278185456971,0.7639965546942291,0.6669172932330827
732,GRCh38_notinalllowmapandsegdupregions.bed,0.5311704834605598,0.6701444622792937,0.719207579672696,0.6938097216452015
733,GRCh38_notinalllowmapandsegdupregions.bed,0.7857142857142857,0.8884986830553117,0.8716623600344531,0.88
734,GRCh38_notinalllowmapandsegdupregions.bed,0.781225139220366,0.9109461966604824,0.8458225667527993,0.8771773112996875
735,GRCh38_notinalllowmapandsegdupregions.bed,0.48177203507152744,0.5092682926829268,0.8992248062015504,0.650264715042043
736,GRCh38_notinalllowmapandsegdupregions.bed,0.6573426573426573,0.7775020678246485,0.8096468561584841,0.7932489451476793
737,GRCh38_notinalllowmapandsegdupregions.bed,0.49123767798466594,0.5742637644046095,0.772609819121447,0.6588321704002938
738,GRCh38_notinalllowmapandsegdupregions.bed,0.5041617122473246,0.6194302410518627,0.7304048234280792,0.6703557312252965
739,GRCh38_notinalllowmapandsegdupregions.bed,0.7857142857142857,0.8884986830553117,0.8716623600344531,0.88
740,GRCh38_notinalllowmapandsegdupregions.bed,0.781225139220366,0.9109461966604824,0.8458225667527993,0.8771773112996875
741,GRCh38_notinalllowmapandsegdupregions.bed,0.48177203507152744,0.5092682926829268,0.8992248062015504,0.650264715042043
742,GRCh38_notinalllowmapandsegdupregions.bed,0.6573426573426573,0.7775020678246485,0.8096468561584841,0.7932489451476793
743,GRCh38_notinalllowmapandsegdupregions.bed,0.49123767798466594,0.5742637644046095,0.772609819121447,0.6588321704002938
744,GRCh38_notinalllowmapandsegdupregions.bed,0.5041617122473246,0.6194302410518627,0.7304048234280792,0.6703557312252965
745,GRCh38_notinalllowmapandsegdupregions.bed,0.7822706065318819,0.8894783377541998,0.8664944013781223,0.8778359511343804
746,GRCh38_notinalllowmapandsegdupregions.bed,0.7637362637362637,0.8959484346224678,0.8380706287683032,0.8660436137071651
747,GRCh38_notinalllowmapandsegdupregions.bed,0.5504782146652497,0.5896414342629482,0.892334194659776,0.7100753941055518
748,GRCh38_notinalllowmapandsegdupregions.bed,0.7021604938271605,0.8708133971291866,0.7838070628768303,0.8250226654578423
749,GRCh38_notinalllowmapandsegdupregions.bed,0.5135916714864083,0.6098901098901099,0.7648578811369509,0.6786396637371036
750,GRCh38_notinalllowmapandsegdupregions.bed,0.3493100944081336,0.6901004304160688,0.4142980189491817,0.5177610333692142
751,GRCh38_notinalllowmapandsegdupregions.bed,0.7822706065318819,0.8894783377541998,0.8664944013781223,0.8778359511343804
752,GRCh38_notinalllowmapandsegdupregions.bed,0.7637362637362637,0.8959484346224678,0.8380706287683032,0.8660436137071651
753,GRCh38_notinalllowmapandsegdupregions.bed,0.5504782146652497,0.5896414342629482,0.892334194659776,0.7100753941055518
754,GRCh38_notinalllowmapandsegdupregions.bed,0.7021604938271605,0.8708133971291866,0.7838070628768303,0.8250226654578423
755,GRCh38_notinalllowmapandsegdupregions.bed,0.5135916714864083,0.6098901098901099,0.7648578811369509,0.6786396637371036
756,GRCh38_notinalllowmapandsegdupregions.bed,0.3493100944081336,0.6901004304160688,0.4142980189491817,0.5177610333692142
757,GRCh38_notinalllowmapandsegdupregions.bed,0.7835531419705197,0.8875219683655536,0.8699397071490095,0.8786428882122662
758,GRCh38_notinalllowmapandsegdupregions.bed,0.764937106918239,0.8976014760147601,0.8380706287683032,0.8668151447661471
759,GRCh38_notinalllowmapandsegdupregions.bed,0.49430740037950666,0.5238813474107592,0.8975021533161068,0.6615873015873016
760,GRCh38_notinalllowmapandsegdupregions.bed,0.672082717872969,0.8250226654578422,0.7838070628768303,0.8038869257950529
761,GRCh38_notinalllowmapandsegdupregions.bed,0.5030881527231892,0.5910290237467019,0.7717484926787253,0.6694060515502428
762,GRCh38_notinalllowmapandsegdupregions.bed,0.33516106922549693,0.6213468869123253,0.42118863049095606,0.5020533880903492
763,GRCh38_notinalllowmapandsegdupregions.bed,0.7835531419705197,0.8875219683655536,0.8699397071490095,0.8786428882122662
764,GRCh38_notinalllowmapandsegdupregions.bed,0.764937106918239,0.8976014760147601,0.8380706287683032,0.8668151447661471
765,GRCh38_notinalllowmapandsegdupregions.bed,0.49430740037950666,0.5238813474107592,0.8975021533161068,0.6615873015873016
766,GRCh38_notinalllowmapandsegdupregions.bed,0.672082717872969,0.8250226654578422,0.7838070628768303,0.8038869257950529
767,GRCh38_notinalllowmapandsegdupregions.bed,0.5030881527231892,0.5910290237467019,0.7717484926787253,0.6694060515502428
768,GRCh38_notinalllowmapandsegdupregions.bed,0.33516106922549693,0.6213468869123253,0.42118863049095606,0.5020533880903492
769,GRCh38_notinalllowmapandsegdupregions.bed,0.8415124698310539,0.9273049645390071,0.9009474590869939,0.9139362166885103
770,GRCh38_notinalllowmapandsegdupregions.bed,0.8215139442231075,0.9164444444444444,0.8880275624461671,0.9020122484689413
771,GRCh38_notinalllowmapandsegdupregions.bed,0.8215139442231075,0.9164444444444444,0.8880275624461671,0.9020122484689413
772,GRCh38_notinalllowmapandsegdupregions.bed,0.8417670682730923,0.9257950530035336,0.9026701119724375,0.9140863497601396
773,GRCh38_notinalllowmapandsegdupregions.bed,0.8520066889632107,0.9667931688804554,0.8776916451335056,0.9200902934537246
774,GRCh38_notinalllowmapandsegdupregions.bed,0.8320864505403158,0.959731543624161,0.8621877691645133,0.9083484573502723
775,GRCh38_notinalllowmapandsegdupregions.bed,0.8341625207296849,0.9571836346336822,0.8664944013781223,0.9095840867992767
776,GRCh38_notinalllowmapandsegdupregions.bed,0.8549747048903878,0.9759384023099134,0.8733850129198967,0.9218181818181818
777,GRCh38_notinalllowmapandsegdupregions.bed,0.5982192543127435,0.6282875511396844,0.9259259259259259,0.7486072423398329
778,GRCh38_notinalllowmapandsegdupregions.bed,0.41038272072754833,0.4228816868410777,0.9328165374677002,0.5819451907576572
779,GRCh38_notinalllowmapandsegdupregions.bed,0.40477968633308437,0.41676278354479046,0.9336778639104221,0.5762892078681553
780,GRCh38_notinalllowmapandsegdupregions.bed,0.6292397660818714,0.6621538461538462,0.9267872523686477,0.7724335965541996
781,GRCh38_notinalllowmapandsegdupregions.bed,0.705232129697863,0.8300086730268864,0.8242894056847545,0.8271391529818496
782,GRCh38_notinalllowmapandsegdupregions.bed,0.6803218727139722,0.8186619718309859,0.8010335917312662,0.8097518502394427
783,GRCh38_notinalllowmapandsegdupregions.bed,0.6869192280200143,0.8015012510425354,0.8277347114556417,0.8144067796610169
784,GRCh38_notinalllowmapandsegdupregions.bed,0.7063310450038138,0.8605947955390335,0.797588285960379,0.8278945015645954
785,GRCh38_notinalllowmapandsegdupregions.bed,0.4985754985754986,0.595643294758339,0.7536606373815676,0.6653992395437263
786,GRCh38_notinalllowmapandsegdupregions.bed,0.47007223942208465,0.5396919431279621,0.7846683893195521,0.6395226395226395
787,GRCh38_notinalllowmapandsegdupregions.bed,0.47730829420970267,0.547576301615799,0.7881136950904393,0.646186440677966
788,GRCh38_notinalllowmapandsegdupregions.bed,0.5025996533795494,0.6041666666666666,0.7493540051679587,0.6689734717416379
789,GRCh38_notinalllowmapandsegdupregions.bed,0.5678321678321678,0.7511563367252544,0.6993970714900948,0.7243532560214094
790,GRCh38_notinalllowmapandsegdupregions.bed,0.39663629992992294,0.6802884615384616,0.48751076658053405,0.5679879578524837
791,GRCh38_notinalllowmapandsegdupregions.bed,0.5242130750605327,0.6381724392041267,0.7459086993970715,0.687847498014297
792,GRCh38_notinalllowmapandsegdupregions.bed,0.40641711229946526,0.7823529411764706,0.4582256675279931,0.5779467680608366
793,GRCh38_notinalllowmapandsegdupregions.bed,0.8415124698310539,0.9273049645390071,0.9009474590869939,0.9139362166885103
794,GRCh38_notinalllowmapandsegdupregions.bed,0.8215139442231075,0.9164444444444444,0.8880275624461671,0.9020122484689413
795,GRCh38_notinalllowmapandsegdupregions.bed,0.8215139442231075,0.9164444444444444,0.8880275624461671,0.9020122484689413
796,GRCh38_notinalllowmapandsegdupregions.bed,0.8417670682730923,0.9257950530035336,0.9026701119724375,0.9140863497601396
797,GRCh38_notinalllowmapandsegdupregions.bed,0.8520066889632107,0.9667931688804554,0.8776916451335056,0.9200902934537246
798,GRCh38_notinalllowmapandsegdupregions.bed,0.8320864505403158,0.959731543624161,0.8621877691645133,0.9083484573502723
799,GRCh38_notinalllowmapandsegdupregions.bed,0.8341625207296849,0.9571836346336822,0.8664944013781223,0.9095840867992767
800,GRCh38_notinalllowmapandsegdupregions.bed,0.8549747048903878,0.9759384023099134,0.8733850129198967,0.9218181818181818
801,GRCh38_notinalllowmapandsegdupregions.bed,0.5982192543127435,0.6282875511396844,0.9259259259259259,0.7486072423398329
802,GRCh38_notinalllowmapandsegdupregions.bed,0.41038272072754833,0.4228816868410777,0.9328165374677002,0.5819451907576572
803,GRCh38_notinalllowmapandsegdupregions.bed,0.40477968633308437,0.41676278354479046,0.9336778639104221,0.5762892078681553
804,GRCh38_notinalllowmapandsegdupregions.bed,0.6292397660818714,0.6621538461538462,0.9267872523686477,0.7724335965541996
805,GRCh38_notinalllowmapandsegdupregions.bed,0.705232129697863,0.8300086730268864,0.8242894056847545,0.8271391529818496
806,GRCh38_notinalllowmapandsegdupregions.bed,0.6803218727139722,0.8186619718309859,0.8010335917312662,0.8097518502394427
807,GRCh38_notinalllowmapandsegdupregions.bed,0.6869192280200143,0.8015012510425354,0.8277347114556417,0.8144067796610169
808,GRCh38_notinalllowmapandsegdupregions.bed,0.7063310450038138,0.8605947955390335,0.797588285960379,0.8278945015645954
809,GRCh38_notinalllowmapandsegdupregions.bed,0.4985754985754986,0.595643294758339,0.7536606373815676,0.6653992395437263
810,GRCh38_notinalllowmapandsegdupregions.bed,0.47007223942208465,0.5396919431279621,0.7846683893195521,0.6395226395226395
811,GRCh38_notinalllowmapandsegdupregions.bed,0.47730829420970267,0.547576301615799,0.7881136950904393,0.646186440677966
812,GRCh38_notinalllowmapandsegdupregions.bed,0.5025996533795494,0.6041666666666666,0.7493540051679587,0.6689734717416379
813,GRCh38_notinalllowmapandsegdupregions.bed,0.5678321678321678,0.7511563367252544,0.6993970714900948,0.7243532560214094
814,GRCh38_notinalllowmapandsegdupregions.bed,0.39663629992992294,0.6802884615384616,0.48751076658053405,0.5679879578524837
815,GRCh38_notinalllowmapandsegdupregions.bed,0.5242130750605327,0.6381724392041267,0.7459086993970715,0.687847498014297
816,GRCh38_notinalllowmapandsegdupregions.bed,0.40641711229946526,0.7823529411764706,0.4582256675279931,0.5779467680608366
817,GRCh38_notinalllowmapandsegdupregions.bed,0.8415124698310539,0.9273049645390071,0.9009474590869939,0.9139362166885103
818,GRCh38_notinalllowmapandsegdupregions.bed,0.8215139442231075,0.9164444444444444,0.8880275624461671,0.9020122484689413
819,GRCh38_notinalllowmapandsegdupregions.bed,0.8215139442231075,0.9164444444444444,0.8880275624461671,0.9020122484689413
820,GRCh38_notinalllowmapandsegdupregions.bed,0.8417670682730923,0.9257950530035336,0.9026701119724375,0.9140863497601396
821,GRCh38_notinalllowmapandsegdupregions.bed,0.8520066889632107,0.9667931688804554,0.8776916451335056,0.9200902934537246
822,GRCh38_notinalllowmapandsegdupregions.bed,0.8320864505403158,0.959731543624161,0.8621877691645133,0.9083484573502723
823,GRCh38_notinalllowmapandsegdupregions.bed,0.8341625207296849,0.9571836346336822,0.8664944013781223,0.9095840867992767
824,GRCh38_notinalllowmapandsegdupregions.bed,0.8549747048903878,0.9759384023099134,0.8733850129198967,0.9218181818181818
825,GRCh38_notinalllowmapandsegdupregions.bed,0.5982192543127435,0.6282875511396844,0.9259259259259259,0.7486072423398329
826,GRCh38_notinalllowmapandsegdupregions.bed,0.41038272072754833,0.4228816868410777,0.9328165374677002,0.5819451907576572
827,GRCh38_notinalllowmapandsegdupregions.bed,0.40477968633308437,0.41676278354479046,0.9336778639104221,0.5762892078681553
828,GRCh38_notinalllowmapandsegdupregions.bed,0.6292397660818714,0.6621538461538462,0.9267872523686477,0.7724335965541996
829,GRCh38_notinalllowmapandsegdupregions.bed,0.705232129697863,0.8300086730268864,0.8242894056847545,0.8271391529818496
830,GRCh38_notinalllowmapandsegdupregions.bed,0.6803218727139722,0.8186619718309859,0.8010335917312662,0.8097518502394427
831,GRCh38_notinalllowmapandsegdupregions.bed,0.6869192280200143,0.8015012510425354,0.8277347114556417,0.8144067796610169
832,GRCh38_notinalllowmapandsegdupregions.bed,0.7063310450038138,0.8605947955390335,0.797588285960379,0.8278945015645954
833,GRCh38_notinalllowmapandsegdupregions.bed,0.49885974914481185,0.5960490463215259,0.7536606373815676,0.6656523392925067
834,GRCh38_notinalllowmapandsegdupregions.bed,0.47007223942208465,0.5396919431279621,0.7846683893195521,0.6395226395226395
835,GRCh38_notinalllowmapandsegdupregions.bed,0.47730829420970267,0.547576301615799,0.7881136950904393,0.646186440677966
836,GRCh38_notinalllowmapandsegdupregions.bed,0.5025996533795494,0.6041666666666666,0.7493540051679587,0.6689734717416379
837,GRCh38_notinalllowmapandsegdupregions.bed,0.5678321678321678,0.7511563367252544,0.6993970714900948,0.7243532560214094
838,GRCh38_notinalllowmapandsegdupregions.bed,0.39663629992992294,0.6802884615384616,0.48751076658053405,0.5679879578524837
839,GRCh38_notinalllowmapandsegdupregions.bed,0.5242130750605327,0.6381724392041267,0.7459086993970715,0.687847498014297
840,GRCh38_notinalllowmapandsegdupregions.bed,0.40641711229946526,0.7823529411764706,0.4582256675279931,0.5779467680608366
841,GRCh38_notinalllowmapandsegdupregions.bed,0.8415124698310539,0.9273049645390071,0.9009474590869939,0.9139362166885103
842,GRCh38_notinalllowmapandsegdupregions.bed,0.8215139442231075,0.9164444444444444,0.8880275624461671,0.9020122484689413
843,GRCh38_notinalllowmapandsegdupregions.bed,0.8215139442231075,0.9164444444444444,0.8880275624461671,0.9020122484689413
844,GRCh38_notinalllowmapandsegdupregions.bed,0.8417670682730923,0.9257950530035336,0.9026701119724375,0.9140863497601396
845,GRCh38_notinalllowmapandsegdupregions.bed,0.8520066889632107,0.9667931688804554,0.8776916451335056,0.9200902934537246
846,GRCh38_notinalllowmapandsegdupregions.bed,0.8320864505403158,0.959731543624161,0.8621877691645133,0.9083484573502723
847,GRCh38_notinalllowmapandsegdupregions.bed,0.8341625207296849,0.9571836346336822,0.8664944013781223,0.9095840867992767
848,GRCh38_notinalllowmapandsegdupregions.bed,0.8549747048903878,0.9759384023099134,0.8733850129198967,0.9218181818181818
849,GRCh38_notinalllowmapandsegdupregions.bed,0.5982192543127435,0.6282875511396844,0.9259259259259259,0.7486072423398329
850,GRCh38_notinalllowmapandsegdupregions.bed,0.41038272072754833,0.4228816868410777,0.9328165374677002,0.5819451907576572
851,GRCh38_notinalllowmapandsegdupregions.bed,0.40477968633308437,0.41676278354479046,0.9336778639104221,0.5762892078681553
852,GRCh38_notinalllowmapandsegdupregions.bed,0.6292397660818714,0.6621538461538462,0.9267872523686477,0.7724335965541996
853,GRCh38_notinalllowmapandsegdupregions.bed,0.705232129697863,0.8300086730268864,0.8242894056847545,0.8271391529818496
854,GRCh38_notinalllowmapandsegdupregions.bed,0.6803218727139722,0.8186619718309859,0.8010335917312662,0.8097518502394427
855,GRCh38_notinalllowmapandsegdupregions.bed,0.6869192280200143,0.8015012510425354,0.8277347114556417,0.8144067796610169
856,GRCh38_notinalllowmapandsegdupregions.bed,0.7063310450038138,0.8605947955390335,0.797588285960379,0.8278945015645954
857,GRCh38_notinalllowmapandsegdupregions.bed,0.4985754985754986,0.595643294758339,0.7536606373815676,0.6653992395437263
858,GRCh38_notinalllowmapandsegdupregions.bed,0.47007223942208465,0.5396919431279621,0.7846683893195521,0.6395226395226395
859,GRCh38_notinalllowmapandsegdupregions.bed,0.47730829420970267,0.547576301615799,0.7881136950904393,0.646186440677966
860,GRCh38_notinalllowmapandsegdupregions.bed,0.5025996533795494,0.6041666666666666,0.7493540051679587,0.6689734717416379
861,GRCh38_notinalllowmapandsegdupregions.bed,0.5678321678321678,0.7511563367252544,0.6993970714900948,0.7243532560214094
862,GRCh38_notinalllowmapandsegdupregions.bed,0.39663629992992294,0.6802884615384616,0.48751076658053405,0.5679879578524837
863,GRCh38_notinalllowmapandsegdupregions.bed,0.5242130750605327,0.6381724392041267,0.7459086993970715,0.687847498014297
864,GRCh38_notinalllowmapandsegdupregions.bed,0.40641711229946526,0.7823529411764706,0.4582256675279931,0.5779467680608366
2,GRCh38_alldifficultregions.bed,0.6900584795321637,0.8201563857515204,0.8130921619293713,0.8166089965397924
8,GRCh38_alldifficultregions.bed,0.6866859623733719,0.8111111111111111,0.8173987941429802,0.8142428142428142
14,GRCh38_alldifficultregions.bed,0.6761972837741244,0.7989864864864865,0.8148148148148148,0.8068230277185501
20,GRCh38_alldifficultregions.bed,0.7043931496649293,0.8386524822695035,0.8148148148148148,0.8265618173875054
26,GRCh38_alldifficultregions.bed,0.7455284552845528,0.9300202839756593,0.7898363479758829,0.8542151839776432
32,GRCh38_alldifficultregions.bed,0.7256,0.9106425702811245,0.781223083548665,0.840982846546129
38,GRCh38_alldifficultregions.bed,0.7307386814932486,0.9037328094302554,0.7924203273040482,0.8444240477283156
44,GRCh38_alldifficultregions.bed,0.733387358184765,0.9253578732106339,0.7795004306632214,0.8461898083216457
50,GRCh38_alldifficultregions.bed,0.49871860584315736,0.5519001701644923,0.8380706287683032,0.6655266757865937
56,GRCh38_alldifficultregions.bed,0.43346684468179797,0.4728155339805825,0.8389319552110249,0.6047811238745731
62,GRCh38_alldifficultregions.bed,0.41659538066723695,0.4528126452812645,0.8389319552110249,0.5881642512077295
68,GRCh38_alldifficultregions.bed,0.5245547760388559,0.5841346153846154,0.8372093023255814,0.6881415929203539
74,GRCh38_alldifficultregions.bed,0.6031183557760453,0.7729336966394187,0.7329888027562446,0.7524314765694076
80,GRCh38_alldifficultregions.bed,0.5971119133574008,0.7868696479543292,0.7123169681309216,0.747739602169982
86,GRCh38_alldifficultregions.bed,0.5888044229440221,0.7486818980667839,0.7338501291989664,0.7411918225315355
92,GRCh38_alldifficultregions.bed,0.6199400299850075,0.827,0.7123169681309216,0.7653863951874131
98,GRCh38_alldifficultregions.bed,0.4380165289256198,0.5486542443064182,0.6847545219638242,0.6091954022988505
104,GRCh38_alldifficultregions.bed,0.44741235392320533,0.5583333333333333,0.6925064599483204,0.6182237600922722
110,GRCh38_alldifficultregions.bed,0.43729729729729727,0.5400534045393859,0.6968130921619293,0.6084994358781497
116,GRCh38_alldifficultregions.bed,0.4471730439748715,0.5702840495265841,0.6744186046511628,0.6179952644041041
122,GRCh38_alldifficultregions.bed,0.4808565866320571,0.6610169491525424,0.6382428940568475,0.64943032427695
128,GRCh38_alldifficultregions.bed,0.2969187675070028,0.613603473227207,0.3652024117140396,0.45788336933045354
134,GRCh38_alldifficultregions.bed,0.45229681978798586,0.5885057471264368,0.661498708010336,0.6228710462287104
140,GRCh38_alldifficultregions.bed,0.31491294473883424,0.7222222222222222,0.35831180017226527,0.47898675877950486
147,GRCh38_alldifficultregions.bed,0.6588139723801787,0.9205448354143019,0.6985357450473729,0.7943192948090108
148,GRCh38_alldifficultregions.bed,0.6900584795321637,0.8201563857515204,0.8130921619293713,0.8166089965397924
149,GRCh38_alldifficultregions.bed,0.6588139723801787,0.9205448354143019,0.6985357450473729,0.7943192948090108
150,GRCh38_alldifficultregions.bed,0.7185301016419078,0.8862102217936355,0.7915590008613265,0.8362147406733395
153,GRCh38_alldifficultregions.bed,0.6023651145602366,0.8093346573982125,0.7019810508182601,0.7518450184501845
154,GRCh38_alldifficultregions.bed,0.6866859623733719,0.8111111111111111,0.8173987941429802,0.8142428142428142
155,GRCh38_alldifficultregions.bed,0.6023651145602366,0.8093346573982125,0.7019810508182601,0.7518450184501845
156,GRCh38_alldifficultregions.bed,0.7193119624706802,0.8863198458574181,0.7924203273040482,0.8367439745338789
159,GRCh38_alldifficultregions.bed,0.6534733441033925,0.9130925507900677,0.6968130921619293,0.7904250122129947
160,GRCh38_alldifficultregions.bed,0.6761972837741244,0.7989864864864865,0.8148148148148148,0.8068230277185501
161,GRCh38_alldifficultregions.bed,0.6534733441033925,0.9130925507900677,0.6968130921619293,0.7904250122129947
162,GRCh38_alldifficultregions.bed,0.7200938232994527,0.8864292589027911,0.7932816537467701,0.8372727272727272
165,GRCh38_alldifficultregions.bed,0.6272235112142305,0.8600212089077413,0.6985357450473729,0.770912547528517
166,GRCh38_alldifficultregions.bed,0.7043931496649293,0.8386524822695035,0.8148148148148148,0.8265618173875054
167,GRCh38_alldifficultregions.bed,0.6272235112142305,0.8600212089077413,0.6985357450473729,0.770912547528517
168,GRCh38_alldifficultregions.bed,0.72,0.8895348837209303,0.7906976744186046,0.8372093023255814
171,GRCh38_alldifficultregions.bed,0.6436041834271923,0.9070294784580499,0.6890611541774333,0.7831620166421929
172,GRCh38_alldifficultregions.bed,0.7455284552845528,0.9300202839756593,0.7898363479758829,0.8542151839776432
173,GRCh38_alldifficultregions.bed,0.6436041834271923,0.9070294784580499,0.6890611541774333,0.7831620166421929
174,GRCh38_alldifficultregions.bed,0.7198067632850241,0.916923076923077,0.7700258397932817,0.8370786516853933
177,GRCh38_alldifficultregions.bed,0.573518090839107,0.8437146092865232,0.6416881998277347,0.7289628180039139
178,GRCh38_alldifficultregions.bed,0.7256,0.9106425702811245,0.781223083548665,0.840982846546129
179,GRCh38_alldifficultregions.bed,0.573518090839107,0.8437146092865232,0.6416881998277347,0.7289628180039139
180,GRCh38_alldifficultregions.bed,0.7017405063291139,0.895959595959596,0.7639965546942291,0.8247326824732681
183,GRCh38_alldifficultregions.bed,0.6460905349794238,0.9356376638855781,0.6761412575366064,0.785
184,GRCh38_alldifficultregions.bed,0.7307386814932486,0.9037328094302554,0.7924203273040482,0.8444240477283156
185,GRCh38_alldifficultregions.bed,0.6460905349794238,0.9356376638855781,0.6761412575366064,0.785
186,GRCh38_alldifficultregions.bed,0.7155448717948718,0.9112244897959184,0.7691645133505599,0.8341896310135452
189,GRCh38_alldifficultregions.bed,0.598705501618123,0.9079754601226994,0.6373815676141258,0.7489878542510122
190,GRCh38_alldifficultregions.bed,0.733387358184765,0.9253578732106339,0.7795004306632214,0.8461898083216457
191,GRCh38_alldifficultregions.bed,0.598705501618123,0.9079754601226994,0.6373815676141258,0.7489878542510122
192,GRCh38_alldifficultregions.bed,0.7006319115323855,0.8941532258064516,0.7639965546942291,0.823966558290757
195,GRCh38_alldifficultregions.bed,0.41050583657587547,0.48533640023001723,0.726959517657192,0.5820689655172413
196,GRCh38_alldifficultregions.bed,0.49871860584315736,0.5519001701644923,0.8380706287683032,0.6655266757865937
197,GRCh38_alldifficultregions.bed,0.41050583657587547,0.48533640023001723,0.726959517657192,0.5820689655172413
198,GRCh38_alldifficultregions.bed,0.49921011058451814,0.5622775800711743,0.8165374677002584,0.6659641728134879
201,GRCh38_alldifficultregions.bed,0.3811881188118812,0.4439203354297694,0.7295434969853575,0.5519713261648745
202,GRCh38_alldifficultregions.bed,0.43346684468179797,0.4728155339805825,0.8389319552110249,0.6047811238745731
203,GRCh38_alldifficultregions.bed,0.3811881188118812,0.4439203354297694,0.7295434969853575,0.5519713261648745
204,GRCh38_alldifficultregions.bed,0.46637211585665195,0.52026286966046,0.818260120585702,0.6360897221292267
207,GRCh38_alldifficultregions.bed,0.37160385626643294,0.43067546978161503,0.7304048234280792,0.54185303514377
208,GRCh38_alldifficultregions.bed,0.41659538066723695,0.4528126452812645,0.8389319552110249,0.5881642512077295
209,GRCh38_alldifficultregions.bed,0.37160385626643294,0.43067546978161503,0.7304048234280792,0.54185303514377
210,GRCh38_alldifficultregions.bed,0.45506692160611856,0.5055762081784386,0.8199827734711456,0.6254927726675427
213,GRCh38_alldifficultregions.bed,0.42123629112662014,0.5,0.7278208440999139,0.5927744650999649
214,GRCh38_alldifficultregions.bed,0.5245547760388559,0.5841346153846154,0.8372093023255814,0.6881415929203539
215,GRCh38_alldifficultregions.bed,0.42123629112662014,0.5,0.7278208440999139,0.5927744650999649
216,GRCh38_alldifficultregions.bed,0.5177887246852764,0.586848635235732,0.8148148148148148,0.6822935448972233
219,GRCh38_alldifficultregions.bed,0.5100671140939598,0.6978879706152433,0.6546080964685616,0.6755555555555556
220,GRCh38_alldifficultregions.bed,0.6031183557760453,0.7729336966394187,0.7329888027562446,0.7524314765694076
221,GRCh38_alldifficultregions.bed,0.5100671140939598,0.6978879706152433,0.6546080964685616,0.6755555555555556
222,GRCh38_alldifficultregions.bed,0.6160458452722063,0.7853881278538812,0.7407407407407407,0.7624113475177305
225,GRCh38_alldifficultregions.bed,0.4732272069464544,0.7474285714285714,0.5633074935400517,0.6424361493123771
226,GRCh38_alldifficultregions.bed,0.5971119133574008,0.7868696479543292,0.7123169681309216,0.747739602169982
227,GRCh38_alldifficultregions.bed,0.4732272069464544,0.7474285714285714,0.5633074935400517,0.6424361493123771
228,GRCh38_alldifficultregions.bed,0.6203566121842496,0.8186274509803921,0.719207579672696,0.7657038055937643
231,GRCh38_alldifficultregions.bed,0.47280593325092707,0.6260229132569558,0.6589147286821705,0.6420478388585816
232,GRCh38_alldifficultregions.bed,0.5888044229440221,0.7486818980667839,0.7338501291989664,0.7411918225315355
233,GRCh38_alldifficultregions.bed,0.47280593325092707,0.6260229132569558,0.6589147286821705,0.6420478388585816
234,GRCh38_alldifficultregions.bed,0.6061884669479606,0.767586821015138,0.7424633936261843,0.754816112084063
237,GRCh38_alldifficultregions.bed,0.5058456742010912,0.8417639429312581,0.5590008613264428,0.6718426501035196
238,GRCh38_alldifficultregions.bed,0.6199400299850075,0.827,0.7123169681309216,0.7653863951874131
239,GRCh38_alldifficultregions.bed,0.5058456742010912,0.8417639429312581,0.5590008613264428,0.6718426501035196
240,GRCh38_alldifficultregions.bed,0.6447876447876448,0.8617131062951496,0.719207579672696,0.7840375586854461
243,GRCh38_alldifficultregions.bed,0.31701346389228885,0.37590711175616837,0.6692506459948321,0.48141263940520446
244,GRCh38_alldifficultregions.bed,0.4380165289256198,0.5486542443064182,0.6847545219638242,0.6091954022988505
245,GRCh38_alldifficultregions.bed,0.31701346389228885,0.37590711175616837,0.6692506459948321,0.48141263940520446
246,GRCh38_alldifficultregions.bed,0.46267806267806266,0.577524893314367,0.6993970714900948,0.6326451110245421
249,GRCh38_alldifficultregions.bed,0.2776603241719521,0.31967545638945233,0.6787252368647717,0.4346387203530061
250,GRCh38_alldifficultregions.bed,0.44741235392320533,0.5583333333333333,0.6925064599483204,0.6182237600922722
251,GRCh38_alldifficultregions.bed,0.2776603241719521,0.31967545638945233,0.6787252368647717,0.4346387203530061
252,GRCh38_alldifficultregions.bed,0.46538024971623154,0.5770584095707249,0.7062876830318691,0.635166537567777
255,GRCh38_alldifficultregions.bed,0.2705198358413133,0.30971025841816757,0.6813092161929372,0.42584118438761775
256,GRCh38_alldifficultregions.bed,0.43729729729729727,0.5400534045393859,0.6968130921619293,0.6084994358781497
257,GRCh38_alldifficultregions.bed,0.2705198358413133,0.30971025841816757,0.6813092161929372,0.42584118438761775
258,GRCh38_alldifficultregions.bed,0.45509977827050996,0.5607923497267759,0.7071490094745909,0.6255238095238095
261,GRCh38_alldifficultregions.bed,0.32051282051282054,0.3813976377952756,0.6675279931093885,0.48543689320388345
262,GRCh38_alldifficultregions.bed,0.4471730439748715,0.5702840495265841,0.6744186046511628,0.6179952644041041
263,GRCh38_alldifficultregions.bed,0.32051282051282054,0.3813976377952756,0.6675279931093885,0.48543689320388345
264,GRCh38_alldifficultregions.bed,0.475189725627554,0.595900439238653,0.7011197243755384,0.6442421844083894
267,GRCh38_alldifficultregions.bed,0.34654422426292897,0.4412307692307692,0.6175710594315246,0.5147164393395549
268,GRCh38_alldifficultregions.bed,0.4808565866320571,0.6610169491525424,0.6382428940568475,0.64943032427695
269,GRCh38_alldifficultregions.bed,0.34654422426292897,0.4412307692307692,0.6175710594315246,0.5147164393395549
270,GRCh38_alldifficultregions.bed,0.4890745501285347,0.6583044982698962,0.6554694229112834,0.6568839015968926
273,GRCh38_alldifficultregions.bed,0.0743801652892562,0.17110266159695817,0.11627906976744186,0.13846153846153844
274,GRCh38_alldifficultregions.bed,0.2969187675070028,0.613603473227207,0.3652024117140396,0.45788336933045354
275,GRCh38_alldifficultregions.bed,0.0743801652892562,0.17110266159695817,0.11627906976744186,0.13846153846153844
276,GRCh38_alldifficultregions.bed,0.30886426592797783,0.6117969821673526,0.384151593453919,0.47195767195767196
279,GRCh38_alldifficultregions.bed,0.2772351615326822,0.3296114336757481,0.6356589147286822,0.4341176470588235
280,GRCh38_alldifficultregions.bed,0.45229681978798586,0.5885057471264368,0.661498708010336,0.6228710462287104
281,GRCh38_alldifficultregions.bed,0.2772351615326822,0.3296114336757481,0.6356589147286822,0.4341176470588235
282,GRCh38_alldifficultregions.bed,0.4667472793228537,0.6102766798418973,0.664944013781223,0.6364385820280297
285,GRCh38_alldifficultregions.bed,0.08397932816537468,0.2514506769825919,0.1119724375538329,0.15494636471990467
286,GRCh38_alldifficultregions.bed,0.31491294473883424,0.7222222222222222,0.35831180017226527,0.47898675877950486
287,GRCh38_alldifficultregions.bed,0.08397932816537468,0.2514506769825919,0.1119724375538329,0.15494636471990467
288,GRCh38_alldifficultregions.bed,0.3216374269005848,0.6800618238021638,0.3789836347975883,0.48672566371681414
290,GRCh38_alldifficultregions.bed,0.6900584795321637,0.8201563857515204,0.8130921619293713,0.8166089965397924
296,GRCh38_alldifficultregions.bed,0.6866859623733719,0.8111111111111111,0.8173987941429802,0.8142428142428142
302,GRCh38_alldifficultregions.bed,0.6761972837741244,0.7989864864864865,0.8148148148148148,0.8068230277185501
308,GRCh38_alldifficultregions.bed,0.7043931496649293,0.8386524822695035,0.8148148148148148,0.8265618173875054
314,GRCh38_alldifficultregions.bed,0.7455284552845528,0.9300202839756593,0.7898363479758829,0.8542151839776432
320,GRCh38_alldifficultregions.bed,0.7256,0.9106425702811245,0.781223083548665,0.840982846546129
326,GRCh38_alldifficultregions.bed,0.7307386814932486,0.9037328094302554,0.7924203273040482,0.8444240477283156
332,GRCh38_alldifficultregions.bed,0.733387358184765,0.9253578732106339,0.7795004306632214,0.8461898083216457
338,GRCh38_alldifficultregions.bed,0.49871860584315736,0.5519001701644923,0.8380706287683032,0.6655266757865937
344,GRCh38_alldifficultregions.bed,0.43346684468179797,0.4728155339805825,0.8389319552110249,0.6047811238745731
350,GRCh38_alldifficultregions.bed,0.41659538066723695,0.4528126452812645,0.8389319552110249,0.5881642512077295
356,GRCh38_alldifficultregions.bed,0.5245547760388559,0.5841346153846154,0.8372093023255814,0.6881415929203539
362,GRCh38_alldifficultregions.bed,0.6031183557760453,0.7729336966394187,0.7329888027562446,0.7524314765694076
368,GRCh38_alldifficultregions.bed,0.5971119133574008,0.7868696479543292,0.7123169681309216,0.747739602169982
374,GRCh38_alldifficultregions.bed,0.5888044229440221,0.7486818980667839,0.7338501291989664,0.7411918225315355
380,GRCh38_alldifficultregions.bed,0.6199400299850075,0.827,0.7123169681309216,0.7653863951874131
386,GRCh38_alldifficultregions.bed,0.4380165289256198,0.5486542443064182,0.6847545219638242,0.6091954022988505
392,GRCh38_alldifficultregions.bed,0.44741235392320533,0.5583333333333333,0.6925064599483204,0.6182237600922722
398,GRCh38_alldifficultregions.bed,0.43729729729729727,0.5400534045393859,0.6968130921619293,0.6084994358781497
404,GRCh38_alldifficultregions.bed,0.4471730439748715,0.5702840495265841,0.6744186046511628,0.6179952644041041
410,GRCh38_alldifficultregions.bed,0.4808565866320571,0.6610169491525424,0.6382428940568475,0.64943032427695
416,GRCh38_alldifficultregions.bed,0.2969187675070028,0.613603473227207,0.3652024117140396,0.45788336933045354
422,GRCh38_alldifficultregions.bed,0.45229681978798586,0.5885057471264368,0.661498708010336,0.6228710462287104
428,GRCh38_alldifficultregions.bed,0.31491294473883424,0.7222222222222222,0.35831180017226527,0.47898675877950486
435,GRCh38_alldifficultregions.bed,0.6588139723801787,0.9205448354143019,0.6985357450473729,0.7943192948090108
436,GRCh38_alldifficultregions.bed,0.6900584795321637,0.8201563857515204,0.8130921619293713,0.8166089965397924
437,GRCh38_alldifficultregions.bed,0.6588139723801787,0.9205448354143019,0.6985357450473729,0.7943192948090108
438,GRCh38_alldifficultregions.bed,0.7185301016419078,0.8862102217936355,0.7915590008613265,0.8362147406733395
441,GRCh38_alldifficultregions.bed,0.6023651145602366,0.8093346573982125,0.7019810508182601,0.7518450184501845
442,GRCh38_alldifficultregions.bed,0.6866859623733719,0.8111111111111111,0.8173987941429802,0.8142428142428142
443,GRCh38_alldifficultregions.bed,0.6023651145602366,0.8093346573982125,0.7019810508182601,0.7518450184501845
444,GRCh38_alldifficultregions.bed,0.7193119624706802,0.8863198458574181,0.7924203273040482,0.8367439745338789
447,GRCh38_alldifficultregions.bed,0.6534733441033925,0.9130925507900677,0.6968130921619293,0.7904250122129947
448,GRCh38_alldifficultregions.bed,0.6761972837741244,0.7989864864864865,0.8148148148148148,0.8068230277185501
449,GRCh38_alldifficultregions.bed,0.6534733441033925,0.9130925507900677,0.6968130921619293,0.7904250122129947
450,GRCh38_alldifficultregions.bed,0.7200938232994527,0.8864292589027911,0.7932816537467701,0.8372727272727272
453,GRCh38_alldifficultregions.bed,0.6272235112142305,0.8600212089077413,0.6985357450473729,0.770912547528517
454,GRCh38_alldifficultregions.bed,0.7043931496649293,0.8386524822695035,0.8148148148148148,0.8265618173875054
455,GRCh38_alldifficultregions.bed,0.6272235112142305,0.8600212089077413,0.6985357450473729,0.770912547528517
456,GRCh38_alldifficultregions.bed,0.72,0.8895348837209303,0.7906976744186046,0.8372093023255814
459,GRCh38_alldifficultregions.bed,0.6436041834271923,0.9070294784580499,0.6890611541774333,0.7831620166421929
460,GRCh38_alldifficultregions.bed,0.7455284552845528,0.9300202839756593,0.7898363479758829,0.8542151839776432
461,GRCh38_alldifficultregions.bed,0.6436041834271923,0.9070294784580499,0.6890611541774333,0.7831620166421929
462,GRCh38_alldifficultregions.bed,0.7198067632850241,0.916923076923077,0.7700258397932817,0.8370786516853933
465,GRCh38_alldifficultregions.bed,0.573518090839107,0.8437146092865232,0.6416881998277347,0.7289628180039139
466,GRCh38_alldifficultregions.bed,0.7256,0.9106425702811245,0.781223083548665,0.840982846546129
467,GRCh38_alldifficultregions.bed,0.573518090839107,0.8437146092865232,0.6416881998277347,0.7289628180039139
468,GRCh38_alldifficultregions.bed,0.7017405063291139,0.895959595959596,0.7639965546942291,0.8247326824732681
471,GRCh38_alldifficultregions.bed,0.6460905349794238,0.9356376638855781,0.6761412575366064,0.785
472,GRCh38_alldifficultregions.bed,0.7307386814932486,0.9037328094302554,0.7924203273040482,0.8444240477283156
473,GRCh38_alldifficultregions.bed,0.6460905349794238,0.9356376638855781,0.6761412575366064,0.785
474,GRCh38_alldifficultregions.bed,0.7155448717948718,0.9112244897959184,0.7691645133505599,0.8341896310135452
477,GRCh38_alldifficultregions.bed,0.598705501618123,0.9079754601226994,0.6373815676141258,0.7489878542510122
478,GRCh38_alldifficultregions.bed,0.733387358184765,0.9253578732106339,0.7795004306632214,0.8461898083216457
479,GRCh38_alldifficultregions.bed,0.598705501618123,0.9079754601226994,0.6373815676141258,0.7489878542510122
480,GRCh38_alldifficultregions.bed,0.7006319115323855,0.8941532258064516,0.7639965546942291,0.823966558290757
483,GRCh38_alldifficultregions.bed,0.41050583657587547,0.48533640023001723,0.726959517657192,0.5820689655172413
484,GRCh38_alldifficultregions.bed,0.49871860584315736,0.5519001701644923,0.8380706287683032,0.6655266757865937
485,GRCh38_alldifficultregions.bed,0.41050583657587547,0.48533640023001723,0.726959517657192,0.5820689655172413
486,GRCh38_alldifficultregions.bed,0.49921011058451814,0.5622775800711743,0.8165374677002584,0.6659641728134879
489,GRCh38_alldifficultregions.bed,0.3811881188118812,0.4439203354297694,0.7295434969853575,0.5519713261648745
490,GRCh38_alldifficultregions.bed,0.43346684468179797,0.4728155339805825,0.8389319552110249,0.6047811238745731
491,GRCh38_alldifficultregions.bed,0.3811881188118812,0.4439203354297694,0.7295434969853575,0.5519713261648745
492,GRCh38_alldifficultregions.bed,0.46637211585665195,0.52026286966046,0.818260120585702,0.6360897221292267
495,GRCh38_alldifficultregions.bed,0.37160385626643294,0.43067546978161503,0.7304048234280792,0.54185303514377
496,GRCh38_alldifficultregions.bed,0.41659538066723695,0.4528126452812645,0.8389319552110249,0.5881642512077295
497,GRCh38_alldifficultregions.bed,0.37160385626643294,0.43067546978161503,0.7304048234280792,0.54185303514377
498,GRCh38_alldifficultregions.bed,0.45506692160611856,0.5055762081784386,0.8199827734711456,0.6254927726675427
501,GRCh38_alldifficultregions.bed,0.42123629112662014,0.5,0.7278208440999139,0.5927744650999649
502,GRCh38_alldifficultregions.bed,0.5245547760388559,0.5841346153846154,0.8372093023255814,0.6881415929203539
503,GRCh38_alldifficultregions.bed,0.42123629112662014,0.5,0.7278208440999139,0.5927744650999649
504,GRCh38_alldifficultregions.bed,0.5177887246852764,0.586848635235732,0.8148148148148148,0.6822935448972233
507,GRCh38_alldifficultregions.bed,0.5100671140939598,0.6978879706152433,0.6546080964685616,0.6755555555555556
508,GRCh38_alldifficultregions.bed,0.6031183557760453,0.7729336966394187,0.7329888027562446,0.7524314765694076
509,GRCh38_alldifficultregions.bed,0.5100671140939598,0.6978879706152433,0.6546080964685616,0.6755555555555556
510,GRCh38_alldifficultregions.bed,0.6160458452722063,0.7853881278538812,0.7407407407407407,0.7624113475177305
513,GRCh38_alldifficultregions.bed,0.4732272069464544,0.7474285714285714,0.5633074935400517,0.6424361493123771
514,GRCh38_alldifficultregions.bed,0.5971119133574008,0.7868696479543292,0.7123169681309216,0.747739602169982
515,GRCh38_alldifficultregions.bed,0.4732272069464544,0.7474285714285714,0.5633074935400517,0.6424361493123771
516,GRCh38_alldifficultregions.bed,0.6203566121842496,0.8186274509803921,0.719207579672696,0.7657038055937643
519,GRCh38_alldifficultregions.bed,0.47280593325092707,0.6260229132569558,0.6589147286821705,0.6420478388585816
520,GRCh38_alldifficultregions.bed,0.5888044229440221,0.7486818980667839,0.7338501291989664,0.7411918225315355
521,GRCh38_alldifficultregions.bed,0.47280593325092707,0.6260229132569558,0.6589147286821705,0.6420478388585816
522,GRCh38_alldifficultregions.bed,0.6061884669479606,0.767586821015138,0.7424633936261843,0.754816112084063
525,GRCh38_alldifficultregions.bed,0.5058456742010912,0.8417639429312581,0.5590008613264428,0.6718426501035196
526,GRCh38_alldifficultregions.bed,0.6199400299850075,0.827,0.7123169681309216,0.7653863951874131
527,GRCh38_alldifficultregions.bed,0.5058456742010912,0.8417639429312581,0.5590008613264428,0.6718426501035196
528,GRCh38_alldifficultregions.bed,0.6447876447876448,0.8617131062951496,0.719207579672696,0.7840375586854461
531,GRCh38_alldifficultregions.bed,0.31701346389228885,0.37590711175616837,0.6692506459948321,0.48141263940520446
532,GRCh38_alldifficultregions.bed,0.4380165289256198,0.5486542443064182,0.6847545219638242,0.6091954022988505
533,GRCh38_alldifficultregions.bed,0.31701346389228885,0.37590711175616837,0.6692506459948321,0.48141263940520446
534,GRCh38_alldifficultregions.bed,0.46267806267806266,0.577524893314367,0.6993970714900948,0.6326451110245421
537,GRCh38_alldifficultregions.bed,0.2776603241719521,0.31967545638945233,0.6787252368647717,0.4346387203530061
538,GRCh38_alldifficultregions.bed,0.44741235392320533,0.5583333333333333,0.6925064599483204,0.6182237600922722
539,GRCh38_alldifficultregions.bed,0.2776603241719521,0.31967545638945233,0.6787252368647717,0.4346387203530061
540,GRCh38_alldifficultregions.bed,0.46538024971623154,0.5770584095707249,0.7062876830318691,0.635166537567777
543,GRCh38_alldifficultregions.bed,0.2705198358413133,0.30971025841816757,0.6813092161929372,0.42584118438761775
544,GRCh38_alldifficultregions.bed,0.43729729729729727,0.5400534045393859,0.6968130921619293,0.6084994358781497
545,GRCh38_alldifficultregions.bed,0.2705198358413133,0.30971025841816757,0.6813092161929372,0.42584118438761775
546,GRCh38_alldifficultregions.bed,0.45509977827050996,0.5607923497267759,0.7071490094745909,0.6255238095238095
549,GRCh38_alldifficultregions.bed,0.32051282051282054,0.3813976377952756,0.6675279931093885,0.48543689320388345
550,GRCh38_alldifficultregions.bed,0.4471730439748715,0.5702840495265841,0.6744186046511628,0.6179952644041041
551,GRCh38_alldifficultregions.bed,0.32051282051282054,0.3813976377952756,0.6675279931093885,0.48543689320388345
552,GRCh38_alldifficultregions.bed,0.475189725627554,0.595900439238653,0.7011197243755384,0.6442421844083894
555,GRCh38_alldifficultregions.bed,0.34654422426292897,0.4412307692307692,0.6175710594315246,0.5147164393395549
556,GRCh38_alldifficultregions.bed,0.4808565866320571,0.6610169491525424,0.6382428940568475,0.64943032427695
557,GRCh38_alldifficultregions.bed,0.34654422426292897,0.4412307692307692,0.6175710594315246,0.5147164393395549
558,GRCh38_alldifficultregions.bed,0.4890745501285347,0.6583044982698962,0.6554694229112834,0.6568839015968926
561,GRCh38_alldifficultregions.bed,0.0743801652892562,0.17110266159695817,0.11627906976744186,0.13846153846153844
562,GRCh38_alldifficultregions.bed,0.2969187675070028,0.613603473227207,0.3652024117140396,0.45788336933045354
563,GRCh38_alldifficultregions.bed,0.0743801652892562,0.17110266159695817,0.11627906976744186,0.13846153846153844
564,GRCh38_alldifficultregions.bed,0.30886426592797783,0.6117969821673526,0.384151593453919,0.47195767195767196
567,GRCh38_alldifficultregions.bed,0.2772351615326822,0.3296114336757481,0.6356589147286822,0.4341176470588235
568,GRCh38_alldifficultregions.bed,0.45229681978798586,0.5885057471264368,0.661498708010336,0.6228710462287104
569,GRCh38_alldifficultregions.bed,0.2772351615326822,0.3296114336757481,0.6356589147286822,0.4341176470588235
570,GRCh38_alldifficultregions.bed,0.4667472793228537,0.6102766798418973,0.664944013781223,0.6364385820280297
573,GRCh38_alldifficultregions.bed,0.08397932816537468,0.2514506769825919,0.1119724375538329,0.15494636471990467
574,GRCh38_alldifficultregions.bed,0.31491294473883424,0.7222222222222222,0.35831180017226527,0.47898675877950486
575,GRCh38_alldifficultregions.bed,0.08397932816537468,0.2514506769825919,0.1119724375538329,0.15494636471990467
576,GRCh38_alldifficultregions.bed,0.3216374269005848,0.6800618238021638,0.3789836347975883,0.48672566371681414
577,GRCh38_alldifficultregions.bed,0.5813639432815665,0.729043183742591,0.7416020671834626,0.7352690008539711
578,GRCh38_alldifficultregions.bed,0.6573705179282868,0.8977149075081611,0.710594315245478,0.7932692307692307
579,GRCh38_alldifficultregions.bed,0.3857451403887689,0.4362481680508061,0.7691645133505599,0.5567331670822943
580,GRCh38_alldifficultregions.bed,0.5478260869565217,0.7103209019947961,0.7054263565891473,0.7078651685393259
581,GRCh38_alldifficultregions.bed,0.3266393442622951,0.38391136801541426,0.6864771748492678,0.4924312635156009
582,GRCh38_alldifficultregions.bed,0.3604481246955675,0.4534313725490196,0.6373815676141258,0.5298961689939133
583,GRCh38_alldifficultregions.bed,0.5813639432815665,0.729043183742591,0.7416020671834626,0.7352690008539711
584,GRCh38_alldifficultregions.bed,0.6573705179282868,0.8977149075081611,0.710594315245478,0.7932692307692307
585,GRCh38_alldifficultregions.bed,0.3857451403887689,0.4362481680508061,0.7691645133505599,0.5567331670822943
586,GRCh38_alldifficultregions.bed,0.5478260869565217,0.7103209019947961,0.7054263565891473,0.7078651685393259
587,GRCh38_alldifficultregions.bed,0.3266393442622951,0.38391136801541426,0.6864771748492678,0.4924312635156009
588,GRCh38_alldifficultregions.bed,0.3604481246955675,0.4534313725490196,0.6373815676141258,0.5298961689939133
589,GRCh38_alldifficultregions.bed,0.5546272493573264,0.6860095389507154,0.7433247200689062,0.7135179826374534
590,GRCh38_alldifficultregions.bed,0.6341463414634146,0.8463886063072228,0.7166236003445305,0.7761194029850746
591,GRCh38_alldifficultregions.bed,0.27613776137761376,0.3004349280695885,0.7734711455641688,0.4327710843373494
592,GRCh38_alldifficultregions.bed,0.4963768115942029,0.6241457858769932,0.7080103359173127,0.6634382566585956
593,GRCh38_alldifficultregions.bed,0.24252199413489736,0.2688556566970091,0.7123169681309216,0.3903705451970734
594,GRCh38_alldifficultregions.bed,0.2527759634225996,0.2893457943925234,0.6666666666666666,0.4035453597497393
595,GRCh38_alldifficultregions.bed,0.5546272493573264,0.6860095389507154,0.7433247200689062,0.7135179826374534
596,GRCh38_alldifficultregions.bed,0.6341463414634146,0.8463886063072228,0.7166236003445305,0.7761194029850746
597,GRCh38_alldifficultregions.bed,0.27613776137761376,0.3004349280695885,0.7734711455641688,0.4327710843373494
598,GRCh38_alldifficultregions.bed,0.4963768115942029,0.6241457858769932,0.7080103359173127,0.6634382566585956
599,GRCh38_alldifficultregions.bed,0.24252199413489736,0.2688556566970091,0.7123169681309216,0.3903705451970734
600,GRCh38_alldifficultregions.bed,0.2527759634225996,0.2893457943925234,0.6666666666666666,0.4035453597497393
601,GRCh38_alldifficultregions.bed,0.545224541429475,0.672386895475819,0.7424633936261843,0.7056897257470324
602,GRCh38_alldifficultregions.bed,0.5684133915574964,0.7857142857142857,0.6726959517657192,0.7248259860788864
603,GRCh38_alldifficultregions.bed,0.39080962800875274,0.44273673772930094,0.7691645133505599,0.5619886721208307
604,GRCh38_alldifficultregions.bed,0.5424124513618677,0.8489646772228989,0.6003445305770887,0.7033299697275479
605,GRCh38_alldifficultregions.bed,0.3316708229426434,0.39060205580029367,0.6873385012919897,0.4981273408239701
606,GRCh38_alldifficultregions.bed,0.04426002766251729,0.1833810888252149,0.05512489233419466,0.08476821192052982
607,GRCh38_alldifficultregions.bed,0.545224541429475,0.672386895475819,0.7424633936261843,0.7056897257470324
608,GRCh38_alldifficultregions.bed,0.5684133915574964,0.7857142857142857,0.6726959517657192,0.7248259860788864
609,GRCh38_alldifficultregions.bed,0.39080962800875274,0.44273673772930094,0.7691645133505599,0.5619886721208307
610,GRCh38_alldifficultregions.bed,0.5424124513618677,0.8489646772228989,0.6003445305770887,0.7033299697275479
611,GRCh38_alldifficultregions.bed,0.3316708229426434,0.39060205580029367,0.6873385012919897,0.4981273408239701
612,GRCh38_alldifficultregions.bed,0.04426002766251729,0.1833810888252149,0.05512489233419466,0.08476821192052982
613,GRCh38_alldifficultregions.bed,0.5161290322580645,0.6274509803921569,0.7441860465116279,0.6808510638297872
614,GRCh38_alldifficultregions.bed,0.4901234567901235,0.6336791699920191,0.6838931955211025,0.6578293289146644
615,GRCh38_alldifficultregions.bed,0.2735016732582902,0.2971900826446281,0.7743324720068906,0.429526994744386
616,GRCh38_alldifficultregions.bed,0.4912648497554158,0.7225077081192189,0.6055124892334195,0.6588566073102156
617,GRCh38_alldifficultregions.bed,0.2533908754623921,0.28296041308089503,0.7080103359173127,0.40432857845548453
618,GRCh38_alldifficultregions.bed,0.03856749311294766,0.09668508287292818,0.06029285099052541,0.0742705570291777
619,GRCh38_alldifficultregions.bed,0.5161290322580645,0.6274509803921569,0.7441860465116279,0.6808510638297872
620,GRCh38_alldifficultregions.bed,0.4901234567901235,0.6336791699920191,0.6838931955211025,0.6578293289146644
621,GRCh38_alldifficultregions.bed,0.2735016732582902,0.2971900826446281,0.7743324720068906,0.429526994744386
622,GRCh38_alldifficultregions.bed,0.4912648497554158,0.7225077081192189,0.6055124892334195,0.6588566073102156
623,GRCh38_alldifficultregions.bed,0.2533908754623921,0.28296041308089503,0.7080103359173127,0.40432857845548453
624,GRCh38_alldifficultregions.bed,0.03856749311294766,0.09668508287292818,0.06029285099052541,0.0742705570291777
625,GRCh38_alldifficultregions.bed,0.5813639432815665,0.729043183742591,0.7416020671834626,0.7352690008539711
626,GRCh38_alldifficultregions.bed,0.6573705179282868,0.8977149075081611,0.710594315245478,0.7932692307692307
627,GRCh38_alldifficultregions.bed,0.3857451403887689,0.4362481680508061,0.7691645133505599,0.5567331670822943
628,GRCh38_alldifficultregions.bed,0.5478260869565217,0.7103209019947961,0.7054263565891473,0.7078651685393259
629,GRCh38_alldifficultregions.bed,0.3266393442622951,0.38391136801541426,0.6864771748492678,0.4924312635156009
630,GRCh38_alldifficultregions.bed,0.3604481246955675,0.4534313725490196,0.6373815676141258,0.5298961689939133
631,GRCh38_alldifficultregions.bed,0.5813639432815665,0.729043183742591,0.7416020671834626,0.7352690008539711
632,GRCh38_alldifficultregions.bed,0.6573705179282868,0.8977149075081611,0.710594315245478,0.7932692307692307
633,GRCh38_alldifficultregions.bed,0.3857451403887689,0.4362481680508061,0.7691645133505599,0.5567331670822943
634,GRCh38_alldifficultregions.bed,0.5478260869565217,0.7103209019947961,0.7054263565891473,0.7078651685393259
635,GRCh38_alldifficultregions.bed,0.3266393442622951,0.38391136801541426,0.6864771748492678,0.4924312635156009
636,GRCh38_alldifficultregions.bed,0.3604481246955675,0.4534313725490196,0.6373815676141258,0.5298961689939133
637,GRCh38_alldifficultregions.bed,0.5546272493573264,0.6860095389507154,0.7433247200689062,0.7135179826374534
638,GRCh38_alldifficultregions.bed,0.6341463414634146,0.8463886063072228,0.7166236003445305,0.7761194029850746
639,GRCh38_alldifficultregions.bed,0.27613776137761376,0.3004349280695885,0.7734711455641688,0.4327710843373494
640,GRCh38_alldifficultregions.bed,0.4963768115942029,0.6241457858769932,0.7080103359173127,0.6634382566585956
641,GRCh38_alldifficultregions.bed,0.24252199413489736,0.2688556566970091,0.7123169681309216,0.3903705451970734
642,GRCh38_alldifficultregions.bed,0.2527759634225996,0.2893457943925234,0.6666666666666666,0.4035453597497393
643,GRCh38_alldifficultregions.bed,0.5546272493573264,0.6860095389507154,0.7433247200689062,0.7135179826374534
644,GRCh38_alldifficultregions.bed,0.6341463414634146,0.8463886063072228,0.7166236003445305,0.7761194029850746
645,GRCh38_alldifficultregions.bed,0.27613776137761376,0.3004349280695885,0.7734711455641688,0.4327710843373494
646,GRCh38_alldifficultregions.bed,0.4963768115942029,0.6241457858769932,0.7080103359173127,0.6634382566585956
647,GRCh38_alldifficultregions.bed,0.24252199413489736,0.2688556566970091,0.7123169681309216,0.3903705451970734
648,GRCh38_alldifficultregions.bed,0.2527759634225996,0.2893457943925234,0.6666666666666666,0.4035453597497393
649,GRCh38_alldifficultregions.bed,0.545224541429475,0.672386895475819,0.7424633936261843,0.7056897257470324
650,GRCh38_alldifficultregions.bed,0.5684133915574964,0.7857142857142857,0.6726959517657192,0.7248259860788864
651,GRCh38_alldifficultregions.bed,0.39080962800875274,0.44273673772930094,0.7691645133505599,0.5619886721208307
652,GRCh38_alldifficultregions.bed,0.5424124513618677,0.8489646772228989,0.6003445305770887,0.7033299697275479
653,GRCh38_alldifficultregions.bed,0.3316708229426434,0.39060205580029367,0.6873385012919897,0.4981273408239701
654,GRCh38_alldifficultregions.bed,0.04426002766251729,0.1833810888252149,0.05512489233419466,0.08476821192052982
655,GRCh38_alldifficultregions.bed,0.545224541429475,0.672386895475819,0.7424633936261843,0.7056897257470324
656,GRCh38_alldifficultregions.bed,0.5684133915574964,0.7857142857142857,0.6726959517657192,0.7248259860788864
657,GRCh38_alldifficultregions.bed,0.39080962800875274,0.44273673772930094,0.7691645133505599,0.5619886721208307
658,GRCh38_alldifficultregions.bed,0.5424124513618677,0.8489646772228989,0.6003445305770887,0.7033299697275479
659,GRCh38_alldifficultregions.bed,0.3316708229426434,0.39060205580029367,0.6873385012919897,0.4981273408239701
660,GRCh38_alldifficultregions.bed,0.04426002766251729,0.1833810888252149,0.05512489233419466,0.08476821192052982
661,GRCh38_alldifficultregions.bed,0.5161290322580645,0.6274509803921569,0.7441860465116279,0.6808510638297872
662,GRCh38_alldifficultregions.bed,0.4901234567901235,0.6336791699920191,0.6838931955211025,0.6578293289146644
663,GRCh38_alldifficultregions.bed,0.2735016732582902,0.2971900826446281,0.7743324720068906,0.429526994744386
664,GRCh38_alldifficultregions.bed,0.4912648497554158,0.7225077081192189,0.6055124892334195,0.6588566073102156
665,GRCh38_alldifficultregions.bed,0.2533908754623921,0.28296041308089503,0.7080103359173127,0.40432857845548453
666,GRCh38_alldifficultregions.bed,0.03856749311294766,0.09668508287292818,0.06029285099052541,0.0742705570291777
667,GRCh38_alldifficultregions.bed,0.5161290322580645,0.6274509803921569,0.7441860465116279,0.6808510638297872
668,GRCh38_alldifficultregions.bed,0.4901234567901235,0.6336791699920191,0.6838931955211025,0.6578293289146644
669,GRCh38_alldifficultregions.bed,0.2735016732582902,0.2971900826446281,0.7743324720068906,0.429526994744386
670,GRCh38_alldifficultregions.bed,0.4912648497554158,0.7225077081192189,0.6055124892334195,0.6588566073102156
671,GRCh38_alldifficultregions.bed,0.2533908754623921,0.28296041308089503,0.7080103359173127,0.40432857845548453
672,GRCh38_alldifficultregions.bed,0.03856749311294766,0.09668508287292818,0.06029285099052541,0.0742705570291777
721,GRCh38_alldifficultregions.bed,0.7185301016419078,0.8862102217936355,0.7915590008613265,0.8362147406733395
722,GRCh38_alldifficultregions.bed,0.7198067632850241,0.916923076923077,0.7700258397932817,0.8370786516853933
723,GRCh38_alldifficultregions.bed,0.49921011058451814,0.5622775800711743,0.8165374677002584,0.6659641728134879
724,GRCh38_alldifficultregions.bed,0.6160458452722063,0.7853881278538812,0.7407407407407407,0.7624113475177305
725,GRCh38_alldifficultregions.bed,0.46267806267806266,0.577524893314367,0.6993970714900948,0.6326451110245421
726,GRCh38_alldifficultregions.bed,0.4890745501285347,0.6583044982698962,0.6554694229112834,0.6568839015968926
727,GRCh38_alldifficultregions.bed,0.7185301016419078,0.8862102217936355,0.7915590008613265,0.8362147406733395
728,GRCh38_alldifficultregions.bed,0.7198067632850241,0.916923076923077,0.7700258397932817,0.8370786516853933
729,GRCh38_alldifficultregions.bed,0.49921011058451814,0.5622775800711743,0.8165374677002584,0.6659641728134879
730,GRCh38_alldifficultregions.bed,0.6160458452722063,0.7853881278538812,0.7407407407407407,0.7624113475177305
731,GRCh38_alldifficultregions.bed,0.46267806267806266,0.577524893314367,0.6993970714900948,0.6326451110245421
732,GRCh38_alldifficultregions.bed,0.4890745501285347,0.6583044982698962,0.6554694229112834,0.6568839015968926
733,GRCh38_alldifficultregions.bed,0.7200938232994527,0.8864292589027911,0.7932816537467701,0.8372727272727272
734,GRCh38_alldifficultregions.bed,0.7155448717948718,0.9112244897959184,0.7691645133505599,0.8341896310135452
735,GRCh38_alldifficultregions.bed,0.45506692160611856,0.5055762081784386,0.8199827734711456,0.6254927726675427
736,GRCh38_alldifficultregions.bed,0.6061884669479606,0.767586821015138,0.7424633936261843,0.754816112084063
737,GRCh38_alldifficultregions.bed,0.45509977827050996,0.5607923497267759,0.7071490094745909,0.6255238095238095
738,GRCh38_alldifficultregions.bed,0.4667472793228537,0.6102766798418973,0.664944013781223,0.6364385820280297
739,GRCh38_alldifficultregions.bed,0.7200938232994527,0.8864292589027911,0.7932816537467701,0.8372727272727272
740,GRCh38_alldifficultregions.bed,0.7155448717948718,0.9112244897959184,0.7691645133505599,0.8341896310135452
741,GRCh38_alldifficultregions.bed,0.45506692160611856,0.5055762081784386,0.8199827734711456,0.6254927726675427
742,GRCh38_alldifficultregions.bed,0.6061884669479606,0.767586821015138,0.7424633936261843,0.754816112084063
743,GRCh38_alldifficultregions.bed,0.45509977827050996,0.5607923497267759,0.7071490094745909,0.6255238095238095
744,GRCh38_alldifficultregions.bed,0.4667472793228537,0.6102766798418973,0.664944013781223,0.6364385820280297
745,GRCh38_alldifficultregions.bed,0.72,0.8895348837209303,0.7906976744186046,0.8372093023255814
746,GRCh38_alldifficultregions.bed,0.7006319115323855,0.8941532258064516,0.7639965546942291,0.823966558290757
747,GRCh38_alldifficultregions.bed,0.5177887246852764,0.586848635235732,0.8148148148148148,0.6822935448972233
748,GRCh38_alldifficultregions.bed,0.6447876447876448,0.8617131062951496,0.719207579672696,0.7840375586854461
749,GRCh38_alldifficultregions.bed,0.475189725627554,0.595900439238653,0.7011197243755384,0.6442421844083894
750,GRCh38_alldifficultregions.bed,0.3216374269005848,0.6800618238021638,0.3789836347975883,0.48672566371681414
751,GRCh38_alldifficultregions.bed,0.72,0.8895348837209303,0.7906976744186046,0.8372093023255814
752,GRCh38_alldifficultregions.bed,0.7006319115323855,0.8941532258064516,0.7639965546942291,0.823966558290757
753,GRCh38_alldifficultregions.bed,0.5177887246852764,0.586848635235732,0.8148148148148148,0.6822935448972233
754,GRCh38_alldifficultregions.bed,0.6447876447876448,0.8617131062951496,0.719207579672696,0.7840375586854461
755,GRCh38_alldifficultregions.bed,0.475189725627554,0.595900439238653,0.7011197243755384,0.6442421844083894
756,GRCh38_alldifficultregions.bed,0.3216374269005848,0.6800618238021638,0.3789836347975883,0.48672566371681414
757,GRCh38_alldifficultregions.bed,0.7193119624706802,0.8863198458574181,0.7924203273040482,0.8367439745338789
758,GRCh38_alldifficultregions.bed,0.7017405063291139,0.895959595959596,0.7639965546942291,0.8247326824732681
759,GRCh38_alldifficultregions.bed,0.46637211585665195,0.52026286966046,0.818260120585702,0.6360897221292267
760,GRCh38_alldifficultregions.bed,0.6203566121842496,0.8186274509803921,0.719207579672696,0.7657038055937643
761,GRCh38_alldifficultregions.bed,0.46538024971623154,0.5770584095707249,0.7062876830318691,0.635166537567777
762,GRCh38_alldifficultregions.bed,0.30886426592797783,0.6117969821673526,0.384151593453919,0.47195767195767196
763,GRCh38_alldifficultregions.bed,0.7193119624706802,0.8863198458574181,0.7924203273040482,0.8367439745338789
764,GRCh38_alldifficultregions.bed,0.7017405063291139,0.895959595959596,0.7639965546942291,0.8247326824732681
765,GRCh38_alldifficultregions.bed,0.46637211585665195,0.52026286966046,0.818260120585702,0.6360897221292267
766,GRCh38_alldifficultregions.bed,0.6203566121842496,0.8186274509803921,0.719207579672696,0.7657038055937643
767,GRCh38_alldifficultregions.bed,0.46538024971623154,0.5770584095707249,0.7062876830318691,0.635166537567777
768,GRCh38_alldifficultregions.bed,0.30886426592797783,0.6117969821673526,0.384151593453919,0.47195767195767196
769,GRCh38_alldifficultregions.bed,0.7699757869249395,0.9244186046511628,0.8217054263565892,0.8700410396716827
770,GRCh38_alldifficultregions.bed,0.752,0.9135082604470359,0.8096468561584841,0.8584474885844748
771,GRCh38_alldifficultregions.bed,0.7513988808952837,0.912621359223301,0.8096468561584841,0.8580556823368325
772,GRCh38_alldifficultregions.bed,0.7697262479871175,0.9218900675024108,0.8234280792420328,0.8698817106460419
773,GRCh38_alldifficultregions.bed,0.7757322175732217,0.9646201873048907,0.7984496124031008,0.8737040527803959
774,GRCh38_alldifficultregions.bed,0.7575,0.9588607594936709,0.7829457364341085,0.8620199146514936
775,GRCh38_alldifficultregions.bed,0.7614297589359933,0.9561586638830898,0.788975021533161,0.8645587541293062
776,GRCh38_alldifficultregions.bed,0.7789029535864979,0.9746568109820486,0.7950043066322137,0.8757115749525618
777,GRCh38_alldifficultregions.bed,0.557703240477544,0.6212792906903103,0.8449612403100775,0.7160583941605839
778,GRCh38_alldifficultregions.bed,0.38965653375444137,0.41839762611275966,0.8501291989664083,0.5607954545454545
779,GRCh38_alldifficultregions.bed,0.38449552006232957,0.4124529878813205,0.8501291989664083,0.5554305008441194
780,GRCh38_alldifficultregions.bed,0.5848719475878499,0.6546666666666666,0.8458225667527993,0.7380683953400976
781,GRCh38_alldifficultregions.bed,0.6479289940828402,0.8209934395501406,0.7545219638242894,0.786355475763016
782,GRCh38_alldifficultregions.bed,0.6245407788390889,0.8095238095238095,0.7321274763135228,0.7688828584350973
783,GRCh38_alldifficultregions.bed,0.6302943287867911,0.790990990990991,0.756244616709733,0.7732276530162923
784,GRCh38_alldifficultregions.bed,0.6477794793261868,0.8536831483350151,0.7286821705426356,0.7862453531598512
785,GRCh38_alldifficultregions.bed,0.46065479609419874,0.5803183791606368,0.6907838070628768,0.6307510813999214
786,GRCh38_alldifficultregions.bed,0.4337851929092805,0.5235997482693517,0.7166236003445305,0.6050909090909091
787,GRCh38_alldifficultregions.bed,0.440231700895208,0.531130876747141,0.7200689061154177,0.6113345521023765
788,GRCh38_alldifficultregions.bed,0.46418171228887595,0.5890613451589062,0.6864771748492678,0.634049323786794
789,GRCh38_alldifficultregions.bed,0.5236081747709654,0.7422577422577422,0.6399655469422911,0.6873265494912117
790,GRCh38_alldifficultregions.bed,0.36838390966831336,0.6709511568123393,0.4496124031007752,0.5384218669417226
791,GRCh38_alldifficultregions.bed,0.4840686274509804,0.626486915146709,0.6804478897502153,0.6523534269199008
792,GRCh38_alldifficultregions.bed,0.3766333589546503,0.7777777777777778,0.42204995693367786,0.5471803461753211
793,GRCh38_alldifficultregions.bed,0.7699757869249395,0.9244186046511628,0.8217054263565892,0.8700410396716827
794,GRCh38_alldifficultregions.bed,0.752,0.9135082604470359,0.8096468561584841,0.8584474885844748
795,GRCh38_alldifficultregions.bed,0.7513988808952837,0.912621359223301,0.8096468561584841,0.8580556823368325
796,GRCh38_alldifficultregions.bed,0.7697262479871175,0.9218900675024108,0.8234280792420328,0.8698817106460419
797,GRCh38_alldifficultregions.bed,0.7757322175732217,0.9646201873048907,0.7984496124031008,0.8737040527803959
798,GRCh38_alldifficultregions.bed,0.7575,0.9588607594936709,0.7829457364341085,0.8620199146514936
799,GRCh38_alldifficultregions.bed,0.7614297589359933,0.9561586638830898,0.788975021533161,0.8645587541293062
800,GRCh38_alldifficultregions.bed,0.7789029535864979,0.9746568109820486,0.7950043066322137,0.8757115749525618
801,GRCh38_alldifficultregions.bed,0.557703240477544,0.6212792906903103,0.8449612403100775,0.7160583941605839
802,GRCh38_alldifficultregions.bed,0.38965653375444137,0.41839762611275966,0.8501291989664083,0.5607954545454545
803,GRCh38_alldifficultregions.bed,0.38449552006232957,0.4124529878813205,0.8501291989664083,0.5554305008441194
804,GRCh38_alldifficultregions.bed,0.5848719475878499,0.6546666666666666,0.8458225667527993,0.7380683953400976
805,GRCh38_alldifficultregions.bed,0.6479289940828402,0.8209934395501406,0.7545219638242894,0.786355475763016
806,GRCh38_alldifficultregions.bed,0.6245407788390889,0.8095238095238095,0.7321274763135228,0.7688828584350973
807,GRCh38_alldifficultregions.bed,0.6302943287867911,0.790990990990991,0.756244616709733,0.7732276530162923
808,GRCh38_alldifficultregions.bed,0.6477794793261868,0.8536831483350151,0.7286821705426356,0.7862453531598512
809,GRCh38_alldifficultregions.bed,0.46065479609419874,0.5803183791606368,0.6907838070628768,0.6307510813999214
810,GRCh38_alldifficultregions.bed,0.4337851929092805,0.5235997482693517,0.7166236003445305,0.6050909090909091
811,GRCh38_alldifficultregions.bed,0.440231700895208,0.531130876747141,0.7200689061154177,0.6113345521023765
812,GRCh38_alldifficultregions.bed,0.46418171228887595,0.5890613451589062,0.6864771748492678,0.634049323786794
813,GRCh38_alldifficultregions.bed,0.5236081747709654,0.7422577422577422,0.6399655469422911,0.6873265494912117
814,GRCh38_alldifficultregions.bed,0.36838390966831336,0.6709511568123393,0.4496124031007752,0.5384218669417226
815,GRCh38_alldifficultregions.bed,0.4840686274509804,0.626486915146709,0.6804478897502153,0.6523534269199008
816,GRCh38_alldifficultregions.bed,0.3766333589546503,0.7777777777777778,0.42204995693367786,0.5471803461753211
817,GRCh38_alldifficultregions.bed,0.7699757869249395,0.9244186046511628,0.8217054263565892,0.8700410396716827
818,GRCh38_alldifficultregions.bed,0.752,0.9135082604470359,0.8096468561584841,0.8584474885844748
819,GRCh38_alldifficultregions.bed,0.7513988808952837,0.912621359223301,0.8096468561584841,0.8580556823368325
820,GRCh38_alldifficultregions.bed,0.7697262479871175,0.9218900675024108,0.8234280792420328,0.8698817106460419
821,GRCh38_alldifficultregions.bed,0.7757322175732217,0.9646201873048907,0.7984496124031008,0.8737040527803959
822,GRCh38_alldifficultregions.bed,0.7575,0.9588607594936709,0.7829457364341085,0.8620199146514936
823,GRCh38_alldifficultregions.bed,0.7614297589359933,0.9561586638830898,0.788975021533161,0.8645587541293062
824,GRCh38_alldifficultregions.bed,0.7789029535864979,0.9746568109820486,0.7950043066322137,0.8757115749525618
825,GRCh38_alldifficultregions.bed,0.557703240477544,0.6212792906903103,0.8449612403100775,0.7160583941605839
826,GRCh38_alldifficultregions.bed,0.38965653375444137,0.41839762611275966,0.8501291989664083,0.5607954545454545
827,GRCh38_alldifficultregions.bed,0.38449552006232957,0.4124529878813205,0.8501291989664083,0.5554305008441194
828,GRCh38_alldifficultregions.bed,0.5848719475878499,0.6546666666666666,0.8458225667527993,0.7380683953400976
829,GRCh38_alldifficultregions.bed,0.6479289940828402,0.8209934395501406,0.7545219638242894,0.786355475763016
830,GRCh38_alldifficultregions.bed,0.6245407788390889,0.8095238095238095,0.7321274763135228,0.7688828584350973
831,GRCh38_alldifficultregions.bed,0.6302943287867911,0.790990990990991,0.756244616709733,0.7732276530162923
832,GRCh38_alldifficultregions.bed,0.6477794793261868,0.8536831483350151,0.7286821705426356,0.7862453531598512
833,GRCh38_alldifficultregions.bed,0.46091954022988507,0.5807385952208545,0.6907838070628768,0.6309992132179386
834,GRCh38_alldifficultregions.bed,0.4337851929092805,0.5235997482693517,0.7166236003445305,0.6050909090909091
835,GRCh38_alldifficultregions.bed,0.440231700895208,0.531130876747141,0.7200689061154177,0.6113345521023765
836,GRCh38_alldifficultregions.bed,0.46418171228887595,0.5890613451589062,0.6864771748492678,0.634049323786794
837,GRCh38_alldifficultregions.bed,0.5236081747709654,0.7422577422577422,0.6399655469422911,0.6873265494912117
838,GRCh38_alldifficultregions.bed,0.36838390966831336,0.6709511568123393,0.4496124031007752,0.5384218669417226
839,GRCh38_alldifficultregions.bed,0.4840686274509804,0.626486915146709,0.6804478897502153,0.6523534269199008
840,GRCh38_alldifficultregions.bed,0.3766333589546503,0.7777777777777778,0.42204995693367786,0.5471803461753211
841,GRCh38_alldifficultregions.bed,0.7699757869249395,0.9244186046511628,0.8217054263565892,0.8700410396716827
842,GRCh38_alldifficultregions.bed,0.752,0.9135082604470359,0.8096468561584841,0.8584474885844748
843,GRCh38_alldifficultregions.bed,0.7513988808952837,0.912621359223301,0.8096468561584841,0.8580556823368325
844,GRCh38_alldifficultregions.bed,0.7697262479871175,0.9218900675024108,0.8234280792420328,0.8698817106460419
845,GRCh38_alldifficultregions.bed,0.7757322175732217,0.9646201873048907,0.7984496124031008,0.8737040527803959
846,GRCh38_alldifficultregions.bed,0.7575,0.9588607594936709,0.7829457364341085,0.8620199146514936
847,GRCh38_alldifficultregions.bed,0.7614297589359933,0.9561586638830898,0.788975021533161,0.8645587541293062
848,GRCh38_alldifficultregions.bed,0.7789029535864979,0.9746568109820486,0.7950043066322137,0.8757115749525618
849,GRCh38_alldifficultregions.bed,0.557703240477544,0.6212792906903103,0.8449612403100775,0.7160583941605839
850,GRCh38_alldifficultregions.bed,0.38965653375444137,0.41839762611275966,0.8501291989664083,0.5607954545454545
851,GRCh38_alldifficultregions.bed,0.38449552006232957,0.4124529878813205,0.8501291989664083,0.5554305008441194
852,GRCh38_alldifficultregions.bed,0.5848719475878499,0.6546666666666666,0.8458225667527993,0.7380683953400976
853,GRCh38_alldifficultregions.bed,0.6479289940828402,0.8209934395501406,0.7545219638242894,0.786355475763016
854,GRCh38_alldifficultregions.bed,0.6245407788390889,0.8095238095238095,0.7321274763135228,0.7688828584350973
855,GRCh38_alldifficultregions.bed,0.6302943287867911,0.790990990990991,0.756244616709733,0.7732276530162923
856,GRCh38_alldifficultregions.bed,0.6477794793261868,0.8536831483350151,0.7286821705426356,0.7862453531598512
857,GRCh38_alldifficultregions.bed,0.46065479609419874,0.5803183791606368,0.6907838070628768,0.6307510813999214
858,GRCh38_alldifficultregions.bed,0.4337851929092805,0.5235997482693517,0.7166236003445305,0.6050909090909091
859,GRCh38_alldifficultregions.bed,0.440231700895208,0.531130876747141,0.7200689061154177,0.6113345521023765
860,GRCh38_alldifficultregions.bed,0.46418171228887595,0.5890613451589062,0.6864771748492678,0.634049323786794
861,GRCh38_alldifficultregions.bed,0.5236081747709654,0.7422577422577422,0.6399655469422911,0.6873265494912117
862,GRCh38_alldifficultregions.bed,0.36838390966831336,0.6709511568123393,0.4496124031007752,0.5384218669417226
863,GRCh38_alldifficultregions.bed,0.4840686274509804,0.626486915146709,0.6804478897502153,0.6523534269199008
864,GRCh38_alldifficultregions.bed,0.3766333589546503,0.7777777777777778,0.42204995693367786,0.5471803461753211
2,GRCh38_notinalldifficultregions.bed,0.7445887445887446,0.8210023866348448,0.8888888888888888,0.8535980148883374
8,GRCh38_notinalldifficultregions.bed,0.7421203438395415,0.8151062155782848,0.892334194659776,0.8519736842105262
14,GRCh38_notinalldifficultregions.bed,0.730225988700565,0.8021722265321956,0.8906115417743324,0.8440816326530612
20,GRCh38_notinalldifficultregions.bed,0.7595588235294117,0.838474025974026,0.8897502153316107,0.8633514417049728
26,GRCh38_notinalldifficultregions.bed,0.8122977346278317,0.9304911955514366,0.8647717484926787,0.8964285714285714
32,GRCh38_notinalldifficultregions.bed,0.7915672235481305,0.9120073327222732,0.8570198105081827,0.8836589698046182
38,GRCh38_notinalldifficultregions.bed,0.7941640378548895,0.9039497307001796,0.8673557278208441,0.8852747252747254
44,GRCh38_notinalldifficultregions.bed,0.8008064516129032,0.9263059701492538,0.8552971576227391,0.8893864755933722
50,GRCh38_notinalldifficultregions.bed,0.5288844621513944,0.5563122053431115,0.9147286821705426,0.69185667752443
56,GRCh38_notinalldifficultregions.bed,0.4542343883661249,0.4743188923626619,0.9147286821705426,0.6247058823529411
62,GRCh38_notinalldifficultregions.bed,0.43655030800821354,0.4548566538296962,0.9155900086132644,0.6077758719268153
68,GRCh38_notinalldifficultregions.bed,0.5567226890756303,0.5879090404880755,0.9130060292850991,0.7152496626180836
74,GRCh38_notinalldifficultregions.bed,0.6537649542575651,0.7813288477712363,0.8001722652885443,0.7906382978723404
80,GRCh38_notinalldifficultregions.bed,0.6467625899280576,0.7969858156028369,0.7743324720068906,0.7854958497160334
86,GRCh38_notinalldifficultregions.bed,0.6382978723404256,0.7585644371941273,0.8010335917312662,0.7792207792207793
92,GRCh38_notinalldifficultregions.bed,0.6706497386109037,0.8345724907063197,0.7734711455641688,0.8028609745194456
98,GRCh38_notinalldifficultregions.bed,0.470620239390642,0.5609597924773022,0.7450473729543498,0.6400295967443581
104,GRCh38_notinalldifficultregions.bed,0.4791666666666667,0.5686402081977879,0.7527993109388458,0.647887323943662
110,GRCh38_notinalldifficultregions.bed,0.46905016008537886,0.5521356783919598,0.7571059431524548,0.6385760988013076
116,GRCh38_notinalldifficultregions.bed,0.48056338028169016,0.5814587593728698,0.7347114556416882,0.6491628614916286
122,GRCh38_notinalldifficultregions.bed,0.5202052597819115,0.6708023159636063,0.6985357450473729,0.6843881856540084
128,GRCh38_notinalldifficultregions.bed,0.33102012491325467,0.6301188903566711,0.4108527131782946,0.4973931178310741
134,GRCh38_notinalldifficultregions.bed,0.4875072632190587,0.5997140814867763,0.7226528854435831,0.6554687499999999
140,GRCh38_notinalldifficultregions.bed,0.3516153268219384,0.7335423197492164,0.40310077519379844,0.5202890494719289
147,GRCh38_notinalldifficultregions.bed,0.7150974025974026,0.9254201680672269,0.7588285960378983,0.8338854708944629
148,GRCh38_notinalldifficultregions.bed,0.7445887445887446,0.8210023866348448,0.8888888888888888,0.8535980148883374
149,GRCh38_notinalldifficultregions.bed,0.7150974025974026,0.9254201680672269,0.7588285960378983,0.8338854708944629
150,GRCh38_notinalldifficultregions.bed,0.7790697674418605,0.8862433862433863,0.8656330749354005,0.8758169934640522
153,GRCh38_notinalldifficultregions.bed,0.6467589220684632,0.8072727272727273,0.7648578811369509,0.7854931446262715
154,GRCh38_notinalldifficultregions.bed,0.7421203438395415,0.8151062155782848,0.892334194659776,0.8519736842105262
155,GRCh38_notinalldifficultregions.bed,0.6467589220684632,0.8072727272727273,0.7648578811369509,0.7854931446262715
156,GRCh38_notinalldifficultregions.bed,0.7812257564003103,0.8872246696035242,0.8673557278208441,0.877177700348432
159,GRCh38_notinalldifficultregions.bed,0.7088709677419355,0.9175365344467641,0.7571059431524548,0.829636621047664
160,GRCh38_notinalldifficultregions.bed,0.730225988700565,0.8021722265321956,0.8906115417743324,0.8440816326530612
161,GRCh38_notinalldifficultregions.bed,0.7088709677419355,0.9175365344467641,0.7571059431524548,0.829636621047664
162,GRCh38_notinalldifficultregions.bed,0.7833850931677019,0.8882042253521126,0.8690783807062877,0.8785372224640836
165,GRCh38_notinalldifficultregions.bed,0.6782140107775212,0.8645731108930323,0.7588285960378983,0.8082568807339449
166,GRCh38_notinalldifficultregions.bed,0.7595588235294117,0.838474025974026,0.8897502153316107,0.8633514417049728
167,GRCh38_notinalldifficultregions.bed,0.6782140107775212,0.8645731108930323,0.7588285960378983,0.8082568807339449
168,GRCh38_notinalldifficultregions.bed,0.7799377916018663,0.8891843971631206,0.8639104220499569,0.8763652249890782
171,GRCh38_notinalldifficultregions.bed,0.6964856230031949,0.9055036344755971,0.7510766580534023,0.8210922787193974
172,GRCh38_notinalldifficultregions.bed,0.8122977346278317,0.9304911955514366,0.8647717484926787,0.8964285714285714
173,GRCh38_notinalldifficultregions.bed,0.6964856230031949,0.9055036344755971,0.7510766580534023,0.8210922787193974
174,GRCh38_notinalldifficultregions.bed,0.7846277021617294,0.9176029962546817,0.8440999138673557,0.879318079856438
177,GRCh38_notinalldifficultregions.bed,0.6213740458015267,0.8452751817237798,0.7011197243755384,0.7664783427495293
178,GRCh38_notinalldifficultregions.bed,0.7915672235481305,0.9120073327222732,0.8570198105081827,0.8836589698046182
179,GRCh38_notinalldifficultregions.bed,0.6213740458015267,0.8452751817237798,0.7011197243755384,0.7664783427495293
180,GRCh38_notinalldifficultregions.bed,0.7625786163522013,0.8973172987974098,0.8354866494401378,0.8652988403211419
183,GRCh38_notinalldifficultregions.bed,0.7019704433497537,0.9375,0.7364341085271318,0.8248914616497829
184,GRCh38_notinalldifficultregions.bed,0.7941640378548895,0.9039497307001796,0.8673557278208441,0.8852747252747254
185,GRCh38_notinalldifficultregions.bed,0.7019704433497537,0.9375,0.7364341085271318,0.8248914616497829
186,GRCh38_notinalldifficultregions.bed,0.7788385043754972,0.9106976744186046,0.843238587424634,0.8756708407871199
189,GRCh38_notinalldifficultregions.bed,0.6508447304907482,0.9079685746352413,0.6968130921619293,0.7884990253411306
190,GRCh38_notinalldifficultregions.bed,0.8008064516129032,0.9263059701492538,0.8552971576227391,0.8893864755933722
191,GRCh38_notinalldifficultregions.bed,0.6508447304907482,0.9079685746352413,0.6968130921619293,0.7884990253411306
192,GRCh38_notinalldifficultregions.bed,0.7613814756671899,0.8956602031394275,0.8354866494401378,0.8645276292335115
195,GRCh38_notinalldifficultregions.bed,0.43507109004739336,0.4916979110873058,0.7906976744186046,0.6063408190224571
196,GRCh38_notinalldifficultregions.bed,0.5288844621513944,0.5563122053431115,0.9147286821705426,0.69185667752443
197,GRCh38_notinalldifficultregions.bed,0.43507109004739336,0.4916979110873058,0.7906976744186046,0.6063408190224571
198,GRCh38_notinalldifficultregions.bed,0.5283597342871742,0.5650273224043716,0.8906115417743324,0.6914075560013372
201,GRCh38_notinalldifficultregions.bed,0.40218340611353715,0.44926829268292684,0.7932816537467701,0.5736530675801931
202,GRCh38_notinalldifficultregions.bed,0.4542343883661249,0.4743188923626619,0.9147286821705426,0.6247058823529411
203,GRCh38_notinalldifficultregions.bed,0.40218340611353715,0.44926829268292684,0.7932816537467701,0.5736530675801931
204,GRCh38_notinalldifficultregions.bed,0.49240986717267554,0.5229219143576826,0.8940568475452196,0.6598855689764781
207,GRCh38_notinalldifficultregions.bed,0.39134125636672323,0.43552196504487484,0.7941429801894918,0.5625381330079317
208,GRCh38_notinalldifficultregions.bed,0.43655030800821354,0.4548566538296962,0.9155900086132644,0.6077758719268153
209,GRCh38_notinalldifficultregions.bed,0.39134125636672323,0.43552196504487484,0.7941429801894918,0.5625381330079317
210,GRCh38_notinalldifficultregions.bed,0.4801477377654663,0.508557457212714,0.8957795004306632,0.6487835308796007
213,GRCh38_notinalldifficultregions.bed,0.44741966893865626,0.5071743929359823,0.7915590008613265,0.6182307433568784
214,GRCh38_notinalldifficultregions.bed,0.5567226890756303,0.5879090404880755,0.9130060292850991,0.7152496626180836
215,GRCh38_notinalldifficultregions.bed,0.44741966893865626,0.5071743929359823,0.7915590008613265,0.6182307433568784
216,GRCh38_notinalldifficultregions.bed,0.5483528161530287,0.5887050770108385,0.8888888888888888,0.7083047357584076
219,GRCh38_notinalldifficultregions.bed,0.5454545454545454,0.7037671232876712,0.7080103359173127,0.7058823529411765
220,GRCh38_notinalldifficultregions.bed,0.6537649542575651,0.7813288477712363,0.8001722652885443,0.7906382978723404
221,GRCh38_notinalldifficultregions.bed,0.5454545454545454,0.7037671232876712,0.7080103359173127,0.7058823529411765
222,GRCh38_notinalldifficultregions.bed,0.666904422253923,0.7950680272108843,0.8053402239448751,0.8001711596063328
225,GRCh38_notinalldifficultregions.bed,0.5129310344827587,0.7555555555555555,0.6149870801033591,0.678062678062678
226,GRCh38_notinalldifficultregions.bed,0.6467625899280576,0.7969858156028369,0.7743324720068906,0.7854958497160334
227,GRCh38_notinalldifficultregions.bed,0.5129310344827587,0.7555555555555555,0.6149870801033591,0.678062678062678
228,GRCh38_notinalldifficultregions.bed,0.6698670605612999,0.8245454545454546,0.781223083548665,0.8022998673153473
231,GRCh38_notinalldifficultregions.bed,0.5036540803897686,0.632262996941896,0.7123169681309216,0.6699068448764681
232,GRCh38_notinalldifficultregions.bed,0.6382978723404256,0.7585644371941273,0.8010335917312662,0.7792207792207793
233,GRCh38_notinalldifficultregions.bed,0.5036540803897686,0.632262996941896,0.7123169681309216,0.6699068448764681
234,GRCh38_notinalldifficultregions.bed,0.6552447552447552,0.7769485903814262,0.8070628768303187,0.7917194761301225
237,GRCh38_notinalldifficultregions.bed,0.5513219284603421,0.8501199040767387,0.6106804478897502,0.7107769423558897
238,GRCh38_notinalldifficultregions.bed,0.6706497386109037,0.8345724907063197,0.7734711455641688,0.8028609745194456
239,GRCh38_notinalldifficultregions.bed,0.5513219284603421,0.8501199040767387,0.6106804478897502,0.7107769423558897
240,GRCh38_notinalldifficultregions.bed,0.6998456790123457,0.8704414587332053,0.781223083548665,0.8234226055379028
243,GRCh38_notinalldifficultregions.bed,0.3326732673267327,0.3811252268602541,0.7235142118863049,0.4992570579494799
244,GRCh38_notinalldifficultregions.bed,0.470620239390642,0.5609597924773022,0.7450473729543498,0.6400295967443581
245,GRCh38_notinalldifficultregions.bed,0.3326732673267327,0.3811252268602541,0.7235142118863049,0.4992570579494799
246,GRCh38_notinalldifficultregions.bed,0.49858836815358554,0.5914266577361018,0.7605512489233419,0.6654107008289375
249,GRCh38_notinalldifficultregions.bed,0.29049897470950103,0.32504780114722753,0.7321274763135228,0.4502118644067797
250,GRCh38_notinalldifficultregions.bed,0.4791666666666667,0.5686402081977879,0.7527993109388458,0.647887323943662
251,GRCh38_notinalldifficultregions.bed,0.29049897470950103,0.32504780114722753,0.7321274763135228,0.4502118644067797
252,GRCh38_notinalldifficultregions.bed,0.501123595505618,0.5903375248180013,0.768303186907838,0.6676646706586825
255,GRCh38_notinalldifficultregions.bed,0.28189028420356904,0.3138337012509198,0.7347114556416882,0.439804073214746
256,GRCh38_notinalldifficultregions.bed,0.46905016008537886,0.5521356783919598,0.7571059431524548,0.6385760988013076
257,GRCh38_notinalldifficultregions.bed,0.28189028420356904,0.3138337012509198,0.7347114556416882,0.439804073214746
258,GRCh38_notinalldifficultregions.bed,0.4895833333333333,0.5739074550128535,0.7691645133505599,0.6573426573426574
261,GRCh38_notinalldifficultregions.bed,0.3373639661426844,0.38803894297635605,0.7209302325581395,0.5045207956600362
262,GRCh38_notinalldifficultregions.bed,0.48056338028169016,0.5814587593728698,0.7347114556416882,0.6491628614916286
263,GRCh38_notinalldifficultregions.bed,0.3373639661426844,0.38803894297635605,0.7209302325581395,0.5045207956600362
264,GRCh38_notinalldifficultregions.bed,0.5118702953097858,0.6096551724137931,0.7614125753660638,0.6771351972424359
267,GRCh38_notinalldifficultregions.bed,0.3650868137024871,0.4450800915331808,0.6701119724375538,0.5348917153661052
268,GRCh38_notinalldifficultregions.bed,0.5202052597819115,0.6708023159636063,0.6985357450473729,0.6843881856540084
269,GRCh38_notinalldifficultregions.bed,0.3650868137024871,0.4450800915331808,0.6701119724375538,0.5348917153661052
270,GRCh38_notinalldifficultregions.bed,0.53125,0.6717741935483871,0.7174849267872524,0.6938775510204082
273,GRCh38_notinalldifficultregions.bed,0.07556270096463022,0.16666666666666666,0.12144702842377261,0.14050822122571002
274,GRCh38_notinalldifficultregions.bed,0.33102012491325467,0.6301188903566711,0.4108527131782946,0.4973931178310741
275,GRCh38_notinalldifficultregions.bed,0.07556270096463022,0.16666666666666666,0.12144702842377261,0.14050822122571002
276,GRCh38_notinalldifficultregions.bed,0.33516483516483514,0.6232439335887612,0.42032730404823426,0.5020576131687242
279,GRCh38_notinalldifficultregions.bed,0.29011227816008694,0.3336109954185756,0.689922480620155,0.44974733295901176
280,GRCh38_notinalldifficultregions.bed,0.4875072632190587,0.5997140814867763,0.7226528854435831,0.6554687499999999
281,GRCh38_notinalldifficultregions.bed,0.29011227816008694,0.3336109954185756,0.689922480620155,0.44974733295901176
282,GRCh38_notinalldifficultregions.bed,0.5038713519952353,0.6202346041055719,0.7286821705426356,0.6700990099009901
285,GRCh38_notinalldifficultregions.bed,0.08634920634920636,0.24727272727272728,0.11714039621016366,0.15897136177673876
286,GRCh38_notinalldifficultregions.bed,0.3516153268219384,0.7335423197492164,0.40310077519379844,0.5202890494719289
287,GRCh38_notinalldifficultregions.bed,0.08634920634920636,0.24727272727272728,0.11714039621016366,0.15897136177673876
288,GRCh38_notinalldifficultregions.bed,0.3490909090909091,0.69164265129683,0.4134366925064599,0.5175202156334231
290,GRCh38_notinalldifficultregions.bed,0.7445887445887446,0.8210023866348448,0.8888888888888888,0.8535980148883374
296,GRCh38_notinalldifficultregions.bed,0.7421203438395415,0.8151062155782848,0.892334194659776,0.8519736842105262
302,GRCh38_notinalldifficultregions.bed,0.730225988700565,0.8021722265321956,0.8906115417743324,0.8440816326530612
308,GRCh38_notinalldifficultregions.bed,0.7595588235294117,0.838474025974026,0.8897502153316107,0.8633514417049728
314,GRCh38_notinalldifficultregions.bed,0.8122977346278317,0.9304911955514366,0.8647717484926787,0.8964285714285714
320,GRCh38_notinalldifficultregions.bed,0.7915672235481305,0.9120073327222732,0.8570198105081827,0.8836589698046182
326,GRCh38_notinalldifficultregions.bed,0.7941640378548895,0.9039497307001796,0.8673557278208441,0.8852747252747254
332,GRCh38_notinalldifficultregions.bed,0.8008064516129032,0.9263059701492538,0.8552971576227391,0.8893864755933722
338,GRCh38_notinalldifficultregions.bed,0.5288844621513944,0.5563122053431115,0.9147286821705426,0.69185667752443
344,GRCh38_notinalldifficultregions.bed,0.4542343883661249,0.4743188923626619,0.9147286821705426,0.6247058823529411
350,GRCh38_notinalldifficultregions.bed,0.43655030800821354,0.4548566538296962,0.9155900086132644,0.6077758719268153
356,GRCh38_notinalldifficultregions.bed,0.5567226890756303,0.5879090404880755,0.9130060292850991,0.7152496626180836
362,GRCh38_notinalldifficultregions.bed,0.6537649542575651,0.7813288477712363,0.8001722652885443,0.7906382978723404
368,GRCh38_notinalldifficultregions.bed,0.6467625899280576,0.7969858156028369,0.7743324720068906,0.7854958497160334
374,GRCh38_notinalldifficultregions.bed,0.6382978723404256,0.7585644371941273,0.8010335917312662,0.7792207792207793
380,GRCh38_notinalldifficultregions.bed,0.6706497386109037,0.8345724907063197,0.7734711455641688,0.8028609745194456
386,GRCh38_notinalldifficultregions.bed,0.470620239390642,0.5609597924773022,0.7450473729543498,0.6400295967443581
392,GRCh38_notinalldifficultregions.bed,0.4791666666666667,0.5686402081977879,0.7527993109388458,0.647887323943662
398,GRCh38_notinalldifficultregions.bed,0.46905016008537886,0.5521356783919598,0.7571059431524548,0.6385760988013076
404,GRCh38_notinalldifficultregions.bed,0.48056338028169016,0.5814587593728698,0.7347114556416882,0.6491628614916286
410,GRCh38_notinalldifficultregions.bed,0.5202052597819115,0.6708023159636063,0.6985357450473729,0.6843881856540084
416,GRCh38_notinalldifficultregions.bed,0.33102012491325467,0.6301188903566711,0.4108527131782946,0.4973931178310741
422,GRCh38_notinalldifficultregions.bed,0.4875072632190587,0.5997140814867763,0.7226528854435831,0.6554687499999999
428,GRCh38_notinalldifficultregions.bed,0.3516153268219384,0.7335423197492164,0.40310077519379844,0.5202890494719289
435,GRCh38_notinalldifficultregions.bed,0.7150974025974026,0.9254201680672269,0.7588285960378983,0.8338854708944629
436,GRCh38_notinalldifficultregions.bed,0.7445887445887446,0.8210023866348448,0.8888888888888888,0.8535980148883374
437,GRCh38_notinalldifficultregions.bed,0.7150974025974026,0.9254201680672269,0.7588285960378983,0.8338854708944629
438,GRCh38_notinalldifficultregions.bed,0.7790697674418605,0.8862433862433863,0.8656330749354005,0.8758169934640522
441,GRCh38_notinalldifficultregions.bed,0.6467589220684632,0.8072727272727273,0.7648578811369509,0.7854931446262715
442,GRCh38_notinalldifficultregions.bed,0.7421203438395415,0.8151062155782848,0.892334194659776,0.8519736842105262
443,GRCh38_notinalldifficultregions.bed,0.6467589220684632,0.8072727272727273,0.7648578811369509,0.7854931446262715
444,GRCh38_notinalldifficultregions.bed,0.7812257564003103,0.8872246696035242,0.8673557278208441,0.877177700348432
447,GRCh38_notinalldifficultregions.bed,0.7088709677419355,0.9175365344467641,0.7571059431524548,0.829636621047664
448,GRCh38_notinalldifficultregions.bed,0.730225988700565,0.8021722265321956,0.8906115417743324,0.8440816326530612
449,GRCh38_notinalldifficultregions.bed,0.7088709677419355,0.9175365344467641,0.7571059431524548,0.829636621047664
450,GRCh38_notinalldifficultregions.bed,0.7833850931677019,0.8882042253521126,0.8690783807062877,0.8785372224640836
453,GRCh38_notinalldifficultregions.bed,0.6782140107775212,0.8645731108930323,0.7588285960378983,0.8082568807339449
454,GRCh38_notinalldifficultregions.bed,0.7595588235294117,0.838474025974026,0.8897502153316107,0.8633514417049728
455,GRCh38_notinalldifficultregions.bed,0.6782140107775212,0.8645731108930323,0.7588285960378983,0.8082568807339449
456,GRCh38_notinalldifficultregions.bed,0.7799377916018663,0.8891843971631206,0.8639104220499569,0.8763652249890782
459,GRCh38_notinalldifficultregions.bed,0.6964856230031949,0.9055036344755971,0.7510766580534023,0.8210922787193974
460,GRCh38_notinalldifficultregions.bed,0.8122977346278317,0.9304911955514366,0.8647717484926787,0.8964285714285714
461,GRCh38_notinalldifficultregions.bed,0.6964856230031949,0.9055036344755971,0.7510766580534023,0.8210922787193974
462,GRCh38_notinalldifficultregions.bed,0.7846277021617294,0.9176029962546817,0.8440999138673557,0.879318079856438
465,GRCh38_notinalldifficultregions.bed,0.6213740458015267,0.8452751817237798,0.7011197243755384,0.7664783427495293
466,GRCh38_notinalldifficultregions.bed,0.7915672235481305,0.9120073327222732,0.8570198105081827,0.8836589698046182
467,GRCh38_notinalldifficultregions.bed,0.6213740458015267,0.8452751817237798,0.7011197243755384,0.7664783427495293
468,GRCh38_notinalldifficultregions.bed,0.7625786163522013,0.8973172987974098,0.8354866494401378,0.8652988403211419
471,GRCh38_notinalldifficultregions.bed,0.7019704433497537,0.9375,0.7364341085271318,0.8248914616497829
472,GRCh38_notinalldifficultregions.bed,0.7941640378548895,0.9039497307001796,0.8673557278208441,0.8852747252747254
473,GRCh38_notinalldifficultregions.bed,0.7019704433497537,0.9375,0.7364341085271318,0.8248914616497829
474,GRCh38_notinalldifficultregions.bed,0.7788385043754972,0.9106976744186046,0.843238587424634,0.8756708407871199
477,GRCh38_notinalldifficultregions.bed,0.6508447304907482,0.9079685746352413,0.6968130921619293,0.7884990253411306
478,GRCh38_notinalldifficultregions.bed,0.8008064516129032,0.9263059701492538,0.8552971576227391,0.8893864755933722
479,GRCh38_notinalldifficultregions.bed,0.6508447304907482,0.9079685746352413,0.6968130921619293,0.7884990253411306
480,GRCh38_notinalldifficultregions.bed,0.7613814756671899,0.8956602031394275,0.8354866494401378,0.8645276292335115
483,GRCh38_notinalldifficultregions.bed,0.43507109004739336,0.4916979110873058,0.7906976744186046,0.6063408190224571
484,GRCh38_notinalldifficultregions.bed,0.5288844621513944,0.5563122053431115,0.9147286821705426,0.69185667752443
485,GRCh38_notinalldifficultregions.bed,0.43507109004739336,0.4916979110873058,0.7906976744186046,0.6063408190224571
486,GRCh38_notinalldifficultregions.bed,0.5283597342871742,0.5650273224043716,0.8906115417743324,0.6914075560013372
489,GRCh38_notinalldifficultregions.bed,0.40218340611353715,0.44926829268292684,0.7932816537467701,0.5736530675801931
490,GRCh38_notinalldifficultregions.bed,0.4542343883661249,0.4743188923626619,0.9147286821705426,0.6247058823529411
491,GRCh38_notinalldifficultregions.bed,0.40218340611353715,0.44926829268292684,0.7932816537467701,0.5736530675801931
492,GRCh38_notinalldifficultregions.bed,0.49240986717267554,0.5229219143576826,0.8940568475452196,0.6598855689764781
495,GRCh38_notinalldifficultregions.bed,0.39134125636672323,0.43552196504487484,0.7941429801894918,0.5625381330079317
496,GRCh38_notinalldifficultregions.bed,0.43655030800821354,0.4548566538296962,0.9155900086132644,0.6077758719268153
497,GRCh38_notinalldifficultregions.bed,0.39134125636672323,0.43552196504487484,0.7941429801894918,0.5625381330079317
498,GRCh38_notinalldifficultregions.bed,0.4801477377654663,0.508557457212714,0.8957795004306632,0.6487835308796007
501,GRCh38_notinalldifficultregions.bed,0.44741966893865626,0.5071743929359823,0.7915590008613265,0.6182307433568784
502,GRCh38_notinalldifficultregions.bed,0.5567226890756303,0.5879090404880755,0.9130060292850991,0.7152496626180836
503,GRCh38_notinalldifficultregions.bed,0.44741966893865626,0.5071743929359823,0.7915590008613265,0.6182307433568784
504,GRCh38_notinalldifficultregions.bed,0.5483528161530287,0.5887050770108385,0.8888888888888888,0.7083047357584076
507,GRCh38_notinalldifficultregions.bed,0.5454545454545454,0.7037671232876712,0.7080103359173127,0.7058823529411765
508,GRCh38_notinalldifficultregions.bed,0.6537649542575651,0.7813288477712363,0.8001722652885443,0.7906382978723404
509,GRCh38_notinalldifficultregions.bed,0.5454545454545454,0.7037671232876712,0.7080103359173127,0.7058823529411765
510,GRCh38_notinalldifficultregions.bed,0.666904422253923,0.7950680272108843,0.8053402239448751,0.8001711596063328
513,GRCh38_notinalldifficultregions.bed,0.5129310344827587,0.7555555555555555,0.6149870801033591,0.678062678062678
514,GRCh38_notinalldifficultregions.bed,0.6467625899280576,0.7969858156028369,0.7743324720068906,0.7854958497160334
515,GRCh38_notinalldifficultregions.bed,0.5129310344827587,0.7555555555555555,0.6149870801033591,0.678062678062678
516,GRCh38_notinalldifficultregions.bed,0.6698670605612999,0.8245454545454546,0.781223083548665,0.8022998673153473
519,GRCh38_notinalldifficultregions.bed,0.5036540803897686,0.632262996941896,0.7123169681309216,0.6699068448764681
520,GRCh38_notinalldifficultregions.bed,0.6382978723404256,0.7585644371941273,0.8010335917312662,0.7792207792207793
521,GRCh38_notinalldifficultregions.bed,0.5036540803897686,0.632262996941896,0.7123169681309216,0.6699068448764681
522,GRCh38_notinalldifficultregions.bed,0.6552447552447552,0.7769485903814262,0.8070628768303187,0.7917194761301225
525,GRCh38_notinalldifficultregions.bed,0.5513219284603421,0.8501199040767387,0.6106804478897502,0.7107769423558897
526,GRCh38_notinalldifficultregions.bed,0.6706497386109037,0.8345724907063197,0.7734711455641688,0.8028609745194456
527,GRCh38_notinalldifficultregions.bed,0.5513219284603421,0.8501199040767387,0.6106804478897502,0.7107769423558897
528,GRCh38_notinalldifficultregions.bed,0.6998456790123457,0.8704414587332053,0.781223083548665,0.8234226055379028
531,GRCh38_notinalldifficultregions.bed,0.3326732673267327,0.3811252268602541,0.7235142118863049,0.4992570579494799
532,GRCh38_notinalldifficultregions.bed,0.470620239390642,0.5609597924773022,0.7450473729543498,0.6400295967443581
533,GRCh38_notinalldifficultregions.bed,0.3326732673267327,0.3811252268602541,0.7235142118863049,0.4992570579494799
534,GRCh38_notinalldifficultregions.bed,0.49858836815358554,0.5914266577361018,0.7605512489233419,0.6654107008289375
537,GRCh38_notinalldifficultregions.bed,0.29049897470950103,0.32504780114722753,0.7321274763135228,0.4502118644067797
538,GRCh38_notinalldifficultregions.bed,0.4791666666666667,0.5686402081977879,0.7527993109388458,0.647887323943662
539,GRCh38_notinalldifficultregions.bed,0.29049897470950103,0.32504780114722753,0.7321274763135228,0.4502118644067797
540,GRCh38_notinalldifficultregions.bed,0.501123595505618,0.5903375248180013,0.768303186907838,0.6676646706586825
543,GRCh38_notinalldifficultregions.bed,0.28189028420356904,0.3138337012509198,0.7347114556416882,0.439804073214746
544,GRCh38_notinalldifficultregions.bed,0.46905016008537886,0.5521356783919598,0.7571059431524548,0.6385760988013076
545,GRCh38_notinalldifficultregions.bed,0.28189028420356904,0.3138337012509198,0.7347114556416882,0.439804073214746
546,GRCh38_notinalldifficultregions.bed,0.4895833333333333,0.5739074550128535,0.7691645133505599,0.6573426573426574
549,GRCh38_notinalldifficultregions.bed,0.3373639661426844,0.38803894297635605,0.7209302325581395,0.5045207956600362
550,GRCh38_notinalldifficultregions.bed,0.48056338028169016,0.5814587593728698,0.7347114556416882,0.6491628614916286
551,GRCh38_notinalldifficultregions.bed,0.3373639661426844,0.38803894297635605,0.7209302325581395,0.5045207956600362
552,GRCh38_notinalldifficultregions.bed,0.5118702953097858,0.6096551724137931,0.7614125753660638,0.6771351972424359
555,GRCh38_notinalldifficultregions.bed,0.3650868137024871,0.4450800915331808,0.6701119724375538,0.5348917153661052
556,GRCh38_notinalldifficultregions.bed,0.5202052597819115,0.6708023159636063,0.6985357450473729,0.6843881856540084
557,GRCh38_notinalldifficultregions.bed,0.3650868137024871,0.4450800915331808,0.6701119724375538,0.5348917153661052
558,GRCh38_notinalldifficultregions.bed,0.53125,0.6717741935483871,0.7174849267872524,0.6938775510204082
561,GRCh38_notinalldifficultregions.bed,0.07556270096463022,0.16666666666666666,0.12144702842377261,0.14050822122571002
562,GRCh38_notinalldifficultregions.bed,0.33102012491325467,0.6301188903566711,0.4108527131782946,0.4973931178310741
563,GRCh38_notinalldifficultregions.bed,0.07556270096463022,0.16666666666666666,0.12144702842377261,0.14050822122571002
564,GRCh38_notinalldifficultregions.bed,0.33516483516483514,0.6232439335887612,0.42032730404823426,0.5020576131687242
567,GRCh38_notinalldifficultregions.bed,0.29011227816008694,0.3336109954185756,0.689922480620155,0.44974733295901176
568,GRCh38_notinalldifficultregions.bed,0.4875072632190587,0.5997140814867763,0.7226528854435831,0.6554687499999999
569,GRCh38_notinalldifficultregions.bed,0.29011227816008694,0.3336109954185756,0.689922480620155,0.44974733295901176
570,GRCh38_notinalldifficultregions.bed,0.5038713519952353,0.6202346041055719,0.7286821705426356,0.6700990099009901
573,GRCh38_notinalldifficultregions.bed,0.08634920634920636,0.24727272727272728,0.11714039621016366,0.15897136177673876
574,GRCh38_notinalldifficultregions.bed,0.3516153268219384,0.7335423197492164,0.40310077519379844,0.5202890494719289
575,GRCh38_notinalldifficultregions.bed,0.08634920634920636,0.24727272727272728,0.11714039621016366,0.15897136177673876
576,GRCh38_notinalldifficultregions.bed,0.3490909090909091,0.69164265129683,0.4134366925064599,0.5175202156334231
577,GRCh38_notinalldifficultregions.bed,0.6211920529801325,0.7288267288267288,0.8079242032730405,0.7663398692810457
578,GRCh38_notinalldifficultregions.bed,0.7093206951026856,0.8953140578265204,0.7734711455641688,0.8299445471349353
579,GRCh38_notinalldifficultregions.bed,0.40635451505016723,0.44121652292328645,0.8372093023255814,0.577883472057075
580,GRCh38_notinalldifficultregions.bed,0.5897945659377071,0.7189014539579968,0.7665805340223945,0.7419758232596915
581,GRCh38_notinalldifficultregions.bed,0.345679012345679,0.3913435527502254,0.7476313522825151,0.5137614678899083
582,GRCh38_notinalldifficultregions.bed,0.38446969696969696,0.46057855927396485,0.6993970714900948,0.5554035567715458
583,GRCh38_notinalldifficultregions.bed,0.6211920529801325,0.7288267288267288,0.8079242032730405,0.7663398692810457
584,GRCh38_notinalldifficultregions.bed,0.7093206951026856,0.8953140578265204,0.7734711455641688,0.8299445471349353
585,GRCh38_notinalldifficultregions.bed,0.40635451505016723,0.44121652292328645,0.8372093023255814,0.577883472057075
586,GRCh38_notinalldifficultregions.bed,0.5897945659377071,0.7189014539579968,0.7665805340223945,0.7419758232596915
587,GRCh38_notinalldifficultregions.bed,0.345679012345679,0.3913435527502254,0.7476313522825151,0.5137614678899083
588,GRCh38_notinalldifficultregions.bed,0.38446969696969696,0.46057855927396485,0.6993970714900948,0.5554035567715458
589,GRCh38_notinalldifficultregions.bed,0.5889724310776943,0.6836363636363636,0.8096468561584841,0.7413249211356467
590,GRCh38_notinalldifficultregions.bed,0.6825037707390649,0.8457943925233645,0.7795004306632214,0.8112953832362171
591,GRCh38_notinalldifficultregions.bed,0.2867625476959202,0.3031337263419175,0.8415159345391904,0.4457116788321168
592,GRCh38_notinalldifficultregions.bed,0.5305637982195845,0.6304654442877292,0.7700258397932817,0.6932919736331912
593,GRCh38_notinalldifficultregions.bed,0.253945885005637,0.27402676399026765,0.7760551248923342,0.40503483928972805
594,GRCh38_notinalldifficultregions.bed,0.26556146387238033,0.29428076256499136,0.7312661498708011,0.41967375185368266
595,GRCh38_notinalldifficultregions.bed,0.5889724310776943,0.6836363636363636,0.8096468561584841,0.7413249211356467
596,GRCh38_notinalldifficultregions.bed,0.6825037707390649,0.8457943925233645,0.7795004306632214,0.8112953832362171
597,GRCh38_notinalldifficultregions.bed,0.2867625476959202,0.3031337263419175,0.8415159345391904,0.4457116788321168
598,GRCh38_notinalldifficultregions.bed,0.5305637982195845,0.6304654442877292,0.7700258397932817,0.6932919736331912
599,GRCh38_notinalldifficultregions.bed,0.253945885005637,0.27402676399026765,0.7760551248923342,0.40503483928972805
600,GRCh38_notinalldifficultregions.bed,0.26556146387238033,0.29428076256499136,0.7312661498708011,0.41967375185368266
601,GRCh38_notinalldifficultregions.bed,0.5803461063040791,0.6726361031518625,0.8087855297157622,0.7344544387954635
602,GRCh38_notinalldifficultregions.bed,0.6109117013639627,0.7857802400738689,0.7329888027562446,0.7584670231729056
603,GRCh38_notinalldifficultregions.bed,0.41099365750528544,0.44669117647058826,0.8372093023255814,0.5825591848966137
604,GRCh38_notinalldifficultregions.bed,0.5892857142857143,0.8566591422121896,0.6537467700258398,0.7415730337078651
605,GRCh38_notinalldifficultregions.bed,0.35279805352798055,0.4,0.7493540051679587,0.5215827338129496
606,GRCh38_notinalldifficultregions.bed,0.04697072838665759,0.1830238726790451,0.059431524547803614,0.08972691807542262
607,GRCh38_notinalldifficultregions.bed,0.5803461063040791,0.6726361031518625,0.8087855297157622,0.7344544387954635
608,GRCh38_notinalldifficultregions.bed,0.6109117013639627,0.7857802400738689,0.7329888027562446,0.7584670231729056
609,GRCh38_notinalldifficultregions.bed,0.41099365750528544,0.44669117647058826,0.8372093023255814,0.5825591848966137
610,GRCh38_notinalldifficultregions.bed,0.5892857142857143,0.8566591422121896,0.6537467700258398,0.7415730337078651
611,GRCh38_notinalldifficultregions.bed,0.35279805352798055,0.4,0.7493540051679587,0.5215827338129496
612,GRCh38_notinalldifficultregions.bed,0.04697072838665759,0.1830238726790451,0.059431524547803614,0.08972691807542262
613,GRCh38_notinalldifficultregions.bed,0.547093023255814,0.6273333333333333,0.8105081826012058,0.7072529124389326
614,GRCh38_notinalldifficultregions.bed,0.5186298076923077,0.6317715959004392,0.7433247200689062,0.6830233478432924
615,GRCh38_notinalldifficultregions.bed,0.2838503914178023,0.2996632996632997,0.843238587424634,0.442186088527552
616,GRCh38_notinalldifficultregions.bed,0.532314107018763,0.7337164750957854,0.6597760551248923,0.6947845804988662
617,GRCh38_notinalldifficultregions.bed,0.2665676077265973,0.2892615285391809,0.772609819121447,0.42092914124824027
618,GRCh38_notinalldifficultregions.bed,0.0400427122263748,0.09529860228716645,0.06459948320413436,0.07700205338809035
619,GRCh38_notinalldifficultregions.bed,0.547093023255814,0.6273333333333333,0.8105081826012058,0.7072529124389326
620,GRCh38_notinalldifficultregions.bed,0.5186298076923077,0.6317715959004392,0.7433247200689062,0.6830233478432924
621,GRCh38_notinalldifficultregions.bed,0.2838503914178023,0.2996632996632997,0.843238587424634,0.442186088527552
622,GRCh38_notinalldifficultregions.bed,0.532314107018763,0.7337164750957854,0.6597760551248923,0.6947845804988662
623,GRCh38_notinalldifficultregions.bed,0.2665676077265973,0.2892615285391809,0.772609819121447,0.42092914124824027
624,GRCh38_notinalldifficultregions.bed,0.0400427122263748,0.09529860228716645,0.06459948320413436,0.07700205338809035
625,GRCh38_notinalldifficultregions.bed,0.6211920529801325,0.7288267288267288,0.8079242032730405,0.7663398692810457
626,GRCh38_notinalldifficultregions.bed,0.7093206951026856,0.8953140578265204,0.7734711455641688,0.8299445471349353
627,GRCh38_notinalldifficultregions.bed,0.40635451505016723,0.44121652292328645,0.8372093023255814,0.577883472057075
628,GRCh38_notinalldifficultregions.bed,0.5897945659377071,0.7189014539579968,0.7665805340223945,0.7419758232596915
629,GRCh38_notinalldifficultregions.bed,0.345679012345679,0.3913435527502254,0.7476313522825151,0.5137614678899083
630,GRCh38_notinalldifficultregions.bed,0.38446969696969696,0.46057855927396485,0.6993970714900948,0.5554035567715458
631,GRCh38_notinalldifficultregions.bed,0.6211920529801325,0.7288267288267288,0.8079242032730405,0.7663398692810457
632,GRCh38_notinalldifficultregions.bed,0.7093206951026856,0.8953140578265204,0.7734711455641688,0.8299445471349353
633,GRCh38_notinalldifficultregions.bed,0.40635451505016723,0.44121652292328645,0.8372093023255814,0.577883472057075
634,GRCh38_notinalldifficultregions.bed,0.5897945659377071,0.7189014539579968,0.7665805340223945,0.7419758232596915
635,GRCh38_notinalldifficultregions.bed,0.345679012345679,0.3913435527502254,0.7476313522825151,0.5137614678899083
636,GRCh38_notinalldifficultregions.bed,0.38446969696969696,0.46057855927396485,0.6993970714900948,0.5554035567715458
637,GRCh38_notinalldifficultregions.bed,0.5889724310776943,0.6836363636363636,0.8096468561584841,0.7413249211356467
638,GRCh38_notinalldifficultregions.bed,0.6825037707390649,0.8457943925233645,0.7795004306632214,0.8112953832362171
639,GRCh38_notinalldifficultregions.bed,0.2867625476959202,0.3031337263419175,0.8415159345391904,0.4457116788321168
640,GRCh38_notinalldifficultregions.bed,0.5305637982195845,0.6304654442877292,0.7700258397932817,0.6932919736331912
641,GRCh38_notinalldifficultregions.bed,0.253945885005637,0.27402676399026765,0.7760551248923342,0.40503483928972805
642,GRCh38_notinalldifficultregions.bed,0.26556146387238033,0.29428076256499136,0.7312661498708011,0.41967375185368266
643,GRCh38_notinalldifficultregions.bed,0.5889724310776943,0.6836363636363636,0.8096468561584841,0.7413249211356467
644,GRCh38_notinalldifficultregions.bed,0.6825037707390649,0.8457943925233645,0.7795004306632214,0.8112953832362171
645,GRCh38_notinalldifficultregions.bed,0.2867625476959202,0.3031337263419175,0.8415159345391904,0.4457116788321168
646,GRCh38_notinalldifficultregions.bed,0.5305637982195845,0.6304654442877292,0.7700258397932817,0.6932919736331912
647,GRCh38_notinalldifficultregions.bed,0.253945885005637,0.27402676399026765,0.7760551248923342,0.40503483928972805
648,GRCh38_notinalldifficultregions.bed,0.26556146387238033,0.29428076256499136,0.7312661498708011,0.41967375185368266
649,GRCh38_notinalldifficultregions.bed,0.5803461063040791,0.6726361031518625,0.8087855297157622,0.7344544387954635
650,GRCh38_notinalldifficultregions.bed,0.6109117013639627,0.7857802400738689,0.7329888027562446,0.7584670231729056
651,GRCh38_notinalldifficultregions.bed,0.41099365750528544,0.44669117647058826,0.8372093023255814,0.5825591848966137
652,GRCh38_notinalldifficultregions.bed,0.5892857142857143,0.8566591422121896,0.6537467700258398,0.7415730337078651
653,GRCh38_notinalldifficultregions.bed,0.35279805352798055,0.4,0.7493540051679587,0.5215827338129496
654,GRCh38_notinalldifficultregions.bed,0.04697072838665759,0.1830238726790451,0.059431524547803614,0.08972691807542262
655,GRCh38_notinalldifficultregions.bed,0.5803461063040791,0.6726361031518625,0.8087855297157622,0.7344544387954635
656,GRCh38_notinalldifficultregions.bed,0.6109117013639627,0.7857802400738689,0.7329888027562446,0.7584670231729056
657,GRCh38_notinalldifficultregions.bed,0.41099365750528544,0.44669117647058826,0.8372093023255814,0.5825591848966137
658,GRCh38_notinalldifficultregions.bed,0.5892857142857143,0.8566591422121896,0.6537467700258398,0.7415730337078651
659,GRCh38_notinalldifficultregions.bed,0.35279805352798055,0.4,0.7493540051679587,0.5215827338129496
660,GRCh38_notinalldifficultregions.bed,0.04697072838665759,0.1830238726790451,0.059431524547803614,0.08972691807542262
661,GRCh38_notinalldifficultregions.bed,0.547093023255814,0.6273333333333333,0.8105081826012058,0.7072529124389326
662,GRCh38_notinalldifficultregions.bed,0.5186298076923077,0.6317715959004392,0.7433247200689062,0.6830233478432924
663,GRCh38_notinalldifficultregions.bed,0.2838503914178023,0.2996632996632997,0.843238587424634,0.442186088527552
664,GRCh38_notinalldifficultregions.bed,0.532314107018763,0.7337164750957854,0.6597760551248923,0.6947845804988662
665,GRCh38_notinalldifficultregions.bed,0.2665676077265973,0.2892615285391809,0.772609819121447,0.42092914124824027
666,GRCh38_notinalldifficultregions.bed,0.0400427122263748,0.09529860228716645,0.06459948320413436,0.07700205338809035
667,GRCh38_notinalldifficultregions.bed,0.547093023255814,0.6273333333333333,0.8105081826012058,0.7072529124389326
668,GRCh38_notinalldifficultregions.bed,0.5186298076923077,0.6317715959004392,0.7433247200689062,0.6830233478432924
669,GRCh38_notinalldifficultregions.bed,0.2838503914178023,0.2996632996632997,0.843238587424634,0.442186088527552
670,GRCh38_notinalldifficultregions.bed,0.532314107018763,0.7337164750957854,0.6597760551248923,0.6947845804988662
671,GRCh38_notinalldifficultregions.bed,0.2665676077265973,0.2892615285391809,0.772609819121447,0.42092914124824027
672,GRCh38_notinalldifficultregions.bed,0.0400427122263748,0.09529860228716645,0.06459948320413436,0.07700205338809035
721,GRCh38_notinalldifficultregions.bed,0.7790697674418605,0.8862433862433863,0.8656330749354005,0.8758169934640522
722,GRCh38_notinalldifficultregions.bed,0.7846277021617294,0.9176029962546817,0.8440999138673557,0.879318079856438
723,GRCh38_notinalldifficultregions.bed,0.5283597342871742,0.5650273224043716,0.8906115417743324,0.6914075560013372
724,GRCh38_notinalldifficultregions.bed,0.666904422253923,0.7950680272108843,0.8053402239448751,0.8001711596063328
725,GRCh38_notinalldifficultregions.bed,0.49858836815358554,0.5914266577361018,0.7605512489233419,0.6654107008289375
726,GRCh38_notinalldifficultregions.bed,0.53125,0.6717741935483871,0.7174849267872524,0.6938775510204082
727,GRCh38_notinalldifficultregions.bed,0.7790697674418605,0.8862433862433863,0.8656330749354005,0.8758169934640522
728,GRCh38_notinalldifficultregions.bed,0.7846277021617294,0.9176029962546817,0.8440999138673557,0.879318079856438
729,GRCh38_notinalldifficultregions.bed,0.5283597342871742,0.5650273224043716,0.8906115417743324,0.6914075560013372
730,GRCh38_notinalldifficultregions.bed,0.666904422253923,0.7950680272108843,0.8053402239448751,0.8001711596063328
731,GRCh38_notinalldifficultregions.bed,0.49858836815358554,0.5914266577361018,0.7605512489233419,0.6654107008289375
732,GRCh38_notinalldifficultregions.bed,0.53125,0.6717741935483871,0.7174849267872524,0.6938775510204082
733,GRCh38_notinalldifficultregions.bed,0.7833850931677019,0.8882042253521126,0.8690783807062877,0.8785372224640836
734,GRCh38_notinalldifficultregions.bed,0.7788385043754972,0.9106976744186046,0.843238587424634,0.8756708407871199
735,GRCh38_notinalldifficultregions.bed,0.4801477377654663,0.508557457212714,0.8957795004306632,0.6487835308796007
736,GRCh38_notinalldifficultregions.bed,0.6552447552447552,0.7769485903814262,0.8070628768303187,0.7917194761301225
737,GRCh38_notinalldifficultregions.bed,0.4895833333333333,0.5739074550128535,0.7691645133505599,0.6573426573426574
738,GRCh38_notinalldifficultregions.bed,0.5038713519952353,0.6202346041055719,0.7286821705426356,0.6700990099009901
739,GRCh38_notinalldifficultregions.bed,0.7833850931677019,0.8882042253521126,0.8690783807062877,0.8785372224640836
740,GRCh38_notinalldifficultregions.bed,0.7788385043754972,0.9106976744186046,0.843238587424634,0.8756708407871199
741,GRCh38_notinalldifficultregions.bed,0.4801477377654663,0.508557457212714,0.8957795004306632,0.6487835308796007
742,GRCh38_notinalldifficultregions.bed,0.6552447552447552,0.7769485903814262,0.8070628768303187,0.7917194761301225
743,GRCh38_notinalldifficultregions.bed,0.4895833333333333,0.5739074550128535,0.7691645133505599,0.6573426573426574
744,GRCh38_notinalldifficultregions.bed,0.5038713519952353,0.6202346041055719,0.7286821705426356,0.6700990099009901
745,GRCh38_notinalldifficultregions.bed,0.7799377916018663,0.8891843971631206,0.8639104220499569,0.8763652249890782
746,GRCh38_notinalldifficultregions.bed,0.7613814756671899,0.8956602031394275,0.8354866494401378,0.8645276292335115
747,GRCh38_notinalldifficultregions.bed,0.5483528161530287,0.5887050770108385,0.8888888888888888,0.7083047357584076
748,GRCh38_notinalldifficultregions.bed,0.6998456790123457,0.8704414587332053,0.781223083548665,0.8234226055379028
749,GRCh38_notinalldifficultregions.bed,0.5118702953097858,0.6096551724137931,0.7614125753660638,0.6771351972424359
750,GRCh38_notinalldifficultregions.bed,0.3490909090909091,0.69164265129683,0.4134366925064599,0.5175202156334231
751,GRCh38_notinalldifficultregions.bed,0.7799377916018663,0.8891843971631206,0.8639104220499569,0.8763652249890782
752,GRCh38_notinalldifficultregions.bed,0.7613814756671899,0.8956602031394275,0.8354866494401378,0.8645276292335115
753,GRCh38_notinalldifficultregions.bed,0.5483528161530287,0.5887050770108385,0.8888888888888888,0.7083047357584076
754,GRCh38_notinalldifficultregions.bed,0.6998456790123457,0.8704414587332053,0.781223083548665,0.8234226055379028
755,GRCh38_notinalldifficultregions.bed,0.5118702953097858,0.6096551724137931,0.7614125753660638,0.6771351972424359
756,GRCh38_notinalldifficultregions.bed,0.3490909090909091,0.69164265129683,0.4134366925064599,0.5175202156334231
757,GRCh38_notinalldifficultregions.bed,0.7812257564003103,0.8872246696035242,0.8673557278208441,0.877177700348432
758,GRCh38_notinalldifficultregions.bed,0.7625786163522013,0.8973172987974098,0.8354866494401378,0.8652988403211419
759,GRCh38_notinalldifficultregions.bed,0.49240986717267554,0.5229219143576826,0.8940568475452196,0.6598855689764781
760,GRCh38_notinalldifficultregions.bed,0.6698670605612999,0.8245454545454546,0.781223083548665,0.8022998673153473
761,GRCh38_notinalldifficultregions.bed,0.501123595505618,0.5903375248180013,0.768303186907838,0.6676646706586825
762,GRCh38_notinalldifficultregions.bed,0.33516483516483514,0.6232439335887612,0.42032730404823426,0.5020576131687242
763,GRCh38_notinalldifficultregions.bed,0.7812257564003103,0.8872246696035242,0.8673557278208441,0.877177700348432
764,GRCh38_notinalldifficultregions.bed,0.7625786163522013,0.8973172987974098,0.8354866494401378,0.8652988403211419
765,GRCh38_notinalldifficultregions.bed,0.49240986717267554,0.5229219143576826,0.8940568475452196,0.6598855689764781
766,GRCh38_notinalldifficultregions.bed,0.6698670605612999,0.8245454545454546,0.781223083548665,0.8022998673153473
767,GRCh38_notinalldifficultregions.bed,0.501123595505618,0.5903375248180013,0.768303186907838,0.6676646706586825
768,GRCh38_notinalldifficultregions.bed,0.33516483516483514,0.6232439335887612,0.42032730404823426,0.5020576131687242
769,GRCh38_notinalldifficultregions.bed,0.8374899436846339,0.9269813000890472,0.896640826873385,0.9115586690017512
770,GRCh38_notinalldifficultregions.bed,0.8175298804780876,0.9160714285714285,0.8837209302325582,0.8996054362121877
771,GRCh38_notinalldifficultregions.bed,0.8175298804780876,0.9160714285714285,0.8837209302325582,0.8996054362121877
772,GRCh38_notinalldifficultregions.bed,0.8377510040160643,0.9254658385093167,0.8983634797588286,0.9117132867132867
773,GRCh38_notinalldifficultregions.bed,0.8478260869565217,0.9666348903717826,0.8733850129198967,0.9176470588235294
774,GRCh38_notinalldifficultregions.bed,0.827930174563591,0.9595375722543352,0.8578811369509044,0.9058663028649385
775,GRCh38_notinalldifficultregions.bed,0.8300165837479271,0.9569789674952199,0.8621877691645133,0.907113729043951
776,GRCh38_notinalldifficultregions.bed,0.8507588532883642,0.9758220502901354,0.8690783807062877,0.919362186788155
777,GRCh38_notinalldifficultregions.bed,0.5957683741648107,0.6275659824046921,0.921619293712317,0.7466852756454989
778,GRCh38_notinalldifficultregions.bed,0.4091081593927894,0.4224137931034483,0.9285099052540913,0.5806625370320495
779,GRCh38_notinalldifficultregions.bed,0.4033644859813084,0.4161203239490937,0.9293712316968131,0.5748534896110815
780,GRCh38_notinalldifficultregions.bed,0.6270491803278688,0.6619283065512979,0.9224806201550387,0.7707808564231738
781,GRCh38_notinalldifficultregions.bed,0.7022844509948416,0.8294168842471714,0.8208440999138673,0.825108225108225
782,GRCh38_notinalldifficultregions.bed,0.6773957571324067,0.8180212014134276,0.797588285960379,0.8076755342346271
783,GRCh38_notinalldifficultregions.bed,0.684060042887777,0.800836820083682,0.8242894056847545,0.8123938879456706
784,GRCh38_notinalldifficultregions.bed,0.7032799389778794,0.8600746268656716,0.7941429801894918,0.8257948947604119
785,GRCh38_notinalldifficultregions.bed,0.4962962962962963,0.5945392491467577,0.7502153316106804,0.6633663366336634
786,GRCh38_notinalldifficultregions.bed,0.4680082559339525,0.5385985748218527,0.781223083548665,0.6376098418277679
787,GRCh38_notinalldifficultregions.bed,0.47522170057381324,0.5464907018596281,0.7846683893195521,0.6442715700141444
788,GRCh38_notinalldifficultregions.bed,0.5002888503755055,0.6030640668523677,0.7459086993970715,0.666923373122834
789,GRCh38_notinalldifficultregions.bed,0.5657342657342658,0.7504638218923934,0.6968130921619293,0.7226440375167485
790,GRCh38_notinalldifficultregions.bed,0.39523475823405746,0.6795180722891566,0.48578811369509045,0.5665494726268206
791,GRCh38_notinalldifficultregions.bed,0.5223970944309927,0.6373707533234859,0.7433247200689062,0.6862823061630218
792,GRCh38_notinalldifficultregions.bed,0.40488922841864017,0.7817109144542773,0.45650301464254955,0.5764002175095161
793,GRCh38_notinalldifficultregions.bed,0.8374899436846339,0.9269813000890472,0.896640826873385,0.9115586690017512
794,GRCh38_notinalldifficultregions.bed,0.8175298804780876,0.9160714285714285,0.8837209302325582,0.8996054362121877
795,GRCh38_notinalldifficultregions.bed,0.8175298804780876,0.9160714285714285,0.8837209302325582,0.8996054362121877
796,GRCh38_notinalldifficultregions.bed,0.8377510040160643,0.9254658385093167,0.8983634797588286,0.9117132867132867
797,GRCh38_notinalldifficultregions.bed,0.8478260869565217,0.9666348903717826,0.8733850129198967,0.9176470588235294
798,GRCh38_notinalldifficultregions.bed,0.827930174563591,0.9595375722543352,0.8578811369509044,0.9058663028649385
799,GRCh38_notinalldifficultregions.bed,0.8300165837479271,0.9569789674952199,0.8621877691645133,0.907113729043951
800,GRCh38_notinalldifficultregions.bed,0.8507588532883642,0.9758220502901354,0.8690783807062877,0.919362186788155
801,GRCh38_notinalldifficultregions.bed,0.5957683741648107,0.6275659824046921,0.921619293712317,0.7466852756454989
802,GRCh38_notinalldifficultregions.bed,0.4091081593927894,0.4224137931034483,0.9285099052540913,0.5806625370320495
803,GRCh38_notinalldifficultregions.bed,0.4033644859813084,0.4161203239490937,0.9293712316968131,0.5748534896110815
804,GRCh38_notinalldifficultregions.bed,0.6270491803278688,0.6619283065512979,0.9224806201550387,0.7707808564231738
805,GRCh38_notinalldifficultregions.bed,0.7022844509948416,0.8294168842471714,0.8208440999138673,0.825108225108225
806,GRCh38_notinalldifficultregions.bed,0.6773957571324067,0.8180212014134276,0.797588285960379,0.8076755342346271
807,GRCh38_notinalldifficultregions.bed,0.684060042887777,0.800836820083682,0.8242894056847545,0.8123938879456706
808,GRCh38_notinalldifficultregions.bed,0.7032799389778794,0.8600746268656716,0.7941429801894918,0.8257948947604119
809,GRCh38_notinalldifficultregions.bed,0.4962962962962963,0.5945392491467577,0.7502153316106804,0.6633663366336634
810,GRCh38_notinalldifficultregions.bed,0.4680082559339525,0.5385985748218527,0.781223083548665,0.6376098418277679
811,GRCh38_notinalldifficultregions.bed,0.47522170057381324,0.5464907018596281,0.7846683893195521,0.6442715700141444
812,GRCh38_notinalldifficultregions.bed,0.5002888503755055,0.6030640668523677,0.7459086993970715,0.666923373122834
813,GRCh38_notinalldifficultregions.bed,0.5657342657342658,0.7504638218923934,0.6968130921619293,0.7226440375167485
814,GRCh38_notinalldifficultregions.bed,0.39523475823405746,0.6795180722891566,0.48578811369509045,0.5665494726268206
815,GRCh38_notinalldifficultregions.bed,0.5223970944309927,0.6373707533234859,0.7433247200689062,0.6862823061630218
816,GRCh38_notinalldifficultregions.bed,0.40488922841864017,0.7817109144542773,0.45650301464254955,0.5764002175095161
817,GRCh38_notinalldifficultregions.bed,0.8374899436846339,0.9269813000890472,0.896640826873385,0.9115586690017512
818,GRCh38_notinalldifficultregions.bed,0.8175298804780876,0.9160714285714285,0.8837209302325582,0.8996054362121877
819,GRCh38_notinalldifficultregions.bed,0.8175298804780876,0.9160714285714285,0.8837209302325582,0.8996054362121877
820,GRCh38_notinalldifficultregions.bed,0.8377510040160643,0.9254658385093167,0.8983634797588286,0.9117132867132867
821,GRCh38_notinalldifficultregions.bed,0.8478260869565217,0.9666348903717826,0.8733850129198967,0.9176470588235294
822,GRCh38_notinalldifficultregions.bed,0.827930174563591,0.9595375722543352,0.8578811369509044,0.9058663028649385
823,GRCh38_notinalldifficultregions.bed,0.8300165837479271,0.9569789674952199,0.8621877691645133,0.907113729043951
824,GRCh38_notinalldifficultregions.bed,0.8507588532883642,0.9758220502901354,0.8690783807062877,0.919362186788155
825,GRCh38_notinalldifficultregions.bed,0.5957683741648107,0.6275659824046921,0.921619293712317,0.7466852756454989
826,GRCh38_notinalldifficultregions.bed,0.4091081593927894,0.4224137931034483,0.9285099052540913,0.5806625370320495
827,GRCh38_notinalldifficultregions.bed,0.4033644859813084,0.4161203239490937,0.9293712316968131,0.5748534896110815
828,GRCh38_notinalldifficultregions.bed,0.6270491803278688,0.6619283065512979,0.9224806201550387,0.7707808564231738
829,GRCh38_notinalldifficultregions.bed,0.7022844509948416,0.8294168842471714,0.8208440999138673,0.825108225108225
830,GRCh38_notinalldifficultregions.bed,0.6773957571324067,0.8180212014134276,0.797588285960379,0.8076755342346271
831,GRCh38_notinalldifficultregions.bed,0.684060042887777,0.800836820083682,0.8242894056847545,0.8123938879456706
832,GRCh38_notinalldifficultregions.bed,0.7032799389778794,0.8600746268656716,0.7941429801894918,0.8257948947604119
833,GRCh38_notinalldifficultregions.bed,0.4965792474344356,0.5949453551912568,0.7502153316106804,0.6636190476190477
834,GRCh38_notinalldifficultregions.bed,0.4680082559339525,0.5385985748218527,0.781223083548665,0.6376098418277679
835,GRCh38_notinalldifficultregions.bed,0.47522170057381324,0.5464907018596281,0.7846683893195521,0.6442715700141444
836,GRCh38_notinalldifficultregions.bed,0.5002888503755055,0.6030640668523677,0.7459086993970715,0.666923373122834
837,GRCh38_notinalldifficultregions.bed,0.5657342657342658,0.7504638218923934,0.6968130921619293,0.7226440375167485
838,GRCh38_notinalldifficultregions.bed,0.39523475823405746,0.6795180722891566,0.48578811369509045,0.5665494726268206
839,GRCh38_notinalldifficultregions.bed,0.5223970944309927,0.6373707533234859,0.7433247200689062,0.6862823061630218
840,GRCh38_notinalldifficultregions.bed,0.40488922841864017,0.7817109144542773,0.45650301464254955,0.5764002175095161
841,GRCh38_notinalldifficultregions.bed,0.8374899436846339,0.9269813000890472,0.896640826873385,0.9115586690017512
842,GRCh38_notinalldifficultregions.bed,0.8175298804780876,0.9160714285714285,0.8837209302325582,0.8996054362121877
843,GRCh38_notinalldifficultregions.bed,0.8175298804780876,0.9160714285714285,0.8837209302325582,0.8996054362121877
844,GRCh38_notinalldifficultregions.bed,0.8377510040160643,0.9254658385093167,0.8983634797588286,0.9117132867132867
845,GRCh38_notinalldifficultregions.bed,0.8478260869565217,0.9666348903717826,0.8733850129198967,0.9176470588235294
846,GRCh38_notinalldifficultregions.bed,0.827930174563591,0.9595375722543352,0.8578811369509044,0.9058663028649385
847,GRCh38_notinalldifficultregions.bed,0.8300165837479271,0.9569789674952199,0.8621877691645133,0.907113729043951
848,GRCh38_notinalldifficultregions.bed,0.8507588532883642,0.9758220502901354,0.8690783807062877,0.919362186788155
849,GRCh38_notinalldifficultregions.bed,0.5957683741648107,0.6275659824046921,0.921619293712317,0.7466852756454989
850,GRCh38_notinalldifficultregions.bed,0.4091081593927894,0.4224137931034483,0.9285099052540913,0.5806625370320495
851,GRCh38_notinalldifficultregions.bed,0.4033644859813084,0.4161203239490937,0.9293712316968131,0.5748534896110815
852,GRCh38_notinalldifficultregions.bed,0.6270491803278688,0.6619283065512979,0.9224806201550387,0.7707808564231738
853,GRCh38_notinalldifficultregions.bed,0.7022844509948416,0.8294168842471714,0.8208440999138673,0.825108225108225
854,GRCh38_notinalldifficultregions.bed,0.6773957571324067,0.8180212014134276,0.797588285960379,0.8076755342346271
855,GRCh38_notinalldifficultregions.bed,0.684060042887777,0.800836820083682,0.8242894056847545,0.8123938879456706
856,GRCh38_notinalldifficultregions.bed,0.7032799389778794,0.8600746268656716,0.7941429801894918,0.8257948947604119
857,GRCh38_notinalldifficultregions.bed,0.4962962962962963,0.5945392491467577,0.7502153316106804,0.6633663366336634
858,GRCh38_notinalldifficultregions.bed,0.4680082559339525,0.5385985748218527,0.781223083548665,0.6376098418277679
859,GRCh38_notinalldifficultregions.bed,0.47522170057381324,0.5464907018596281,0.7846683893195521,0.6442715700141444
860,GRCh38_notinalldifficultregions.bed,0.5002888503755055,0.6030640668523677,0.7459086993970715,0.666923373122834
861,GRCh38_notinalldifficultregions.bed,0.5657342657342658,0.7504638218923934,0.6968130921619293,0.7226440375167485
862,GRCh38_notinalldifficultregions.bed,0.39523475823405746,0.6795180722891566,0.48578811369509045,0.5665494726268206
863,GRCh38_notinalldifficultregions.bed,0.5223970944309927,0.6373707533234859,0.7433247200689062,0.6862823061630218
864,GRCh38_notinalldifficultregions.bed,0.40488922841864017,0.7817109144542773,0.45650301464254955,0.5764002175095161
