TestCaseNo,phase,Sample,operatingSystem,Environment,isTrimmed,baseRecalibration,Mapper,M_Version,VariantCaller,VC_Version,ReferenceGenom,Duplicates,VariantFilter,FilterPass,SOMATICfilter,remove_indels,TMB,FileLink,Result VCF Count,Author,Slurm_id,Node,ElapsedTime
TestCase 2,done,EA,Linux,Altay + COSAP,YES,YES,BWA,,Mutect,,hg38,MARK,,,,,15.613695238895232,https://drive.google.com/drive/folders/11CFGjNSahIPeM0WqvGEZBq6zYFTHYqzr?usp=share_link,1261,GUL EDA,29812.0,a047,07:15:00
TestCase 8,done,EA,Linux,Altay + COSAP,NO,NO,BWA,,Mutect,,hg38,MARK,,,,,15.79942515846972,https://drive.google.com/drive/folders/1I7r5auf-01mBb5E81M3vnwWO5hhO57_A?usp=share_link,1276,GUL EDA,29812.0,a047,06:12:47
TestCase 14,done,EA,Linux,Altay + COSAP,YES,NO,BWA,,Mutect,,hg38,MARK,,,,,16.009919067320805,https://drive.google.com/drive/folders/1AN-msyirHOlOLsEJw3aQvahPv7-WIHb4?usp=share_link,1293,GUL EDA,29812.0,a047,05:48:51
TestCase 20,done,EA,Linux,Altay + COSAP,NO,YES,BWA,,Mutect,,hg38,MARK,,,,,15.316527367576054,https://drive.google.com/drive/folders/1hhxI843QwDE_C5vWoE95TZEbqyrPCDxI?usp=share_link,1237,GUL EDA,29812.0,a047,07:44:08
TestCase 26,done,EA,Linux,Altay + COSAP,YES,YES,BOWTIE,,Mutect,,hg38,MARK,,,,,13.397318198639686,https://drive.google.com/drive/folders/1sxq7kOYyoJGVYZpGmMiVBBmzpY1V9O3x?usp=share_link,1082,GUL EDA,29811.0,a078,07:36:41
TestCase 32,done,EA,Linux,Altay + COSAP,NO,NO,BOWTIE,,Mutect,,hg38,MARK,,,,,13.545902134299276,https://drive.google.com/drive/folders/1aU_EFnpEGsQl02cL6ELI2R5hFVKmsCPi?usp=share_link,1094,GUL EDA,29811.0,a078,09:57:30
TestCase 38,done,EA,Linux,Altay + COSAP,YES,NO,BOWTIE,,Mutect,,hg38,MARK,,,,,13.830688010980156,https://drive.google.com/drive/folders/1Zi72RDijNlg8DTq2227rQg_BSB9bX3IJ?usp=share_link,1117,GUL EDA,29811.0,a078,06:05:48
TestCase 44,done,EA,Linux,Altay + COSAP,NO,YES,BOWTIE,,Mutect,,hg38,MARK,,,,,13.310644236171589,https://drive.google.com/drive/folders/1L-ZfgLUOT5PqOLsIgdk571EDIKnel0Rx?usp=share_link,1075,GUL EDA,29811.0,a078,10:37:11
TestCase 50,done,EA,Linux,Altay + COSAP,YES,YES,BWA,,Strelka,,hg38,MARK,,,,,23.71151973234288,https://drive.google.com/drive/folders/1RmzNj56Cp0K7TJBPOH6Q7L88h3lWEk9Q?usp=share_link,1915,GUL EDA,29813.0,a063,03:34:43
TestCase 56,done,EA,Linux,Altay + COSAP,NO,NO,BWA,,Strelka,,hg38,MARK,,,,,27.797577962981602,https://drive.google.com/drive/folders/1UAhDecOaz4vsT722b4TvMP5zEKeWdGjE?usp=share_link,2245,GUL EDA,29813.0,a063,01:39:41
TestCase 62,done,EA,Linux,Altay + COSAP,YES,NO,BWA,,Strelka,,hg38,MARK,,,,,29.011013437534924,https://drive.google.com/drive/folders/15VRG0zszZMMAIGL_xQs1KaZDEVJSMBUx?usp=share_link,2343,GUL EDA,29813.0,a063,02:00:07
TestCase 68,done,EA,Linux,Altay + COSAP,NO,YES,BWA,,Strelka,,hg38,MARK,,,,,22.39902830068317,https://drive.google.com/drive/folders/1zmPBirxM8-5lCzr8op6O_jMSKHbVa0WX?usp=share_link,1809,GUL EDA,29813.0,a063,03:23:03
TestCase 74,done,EA,Linux,Altay + COSAP,YES,YES,BOWTIE,,Strelka,,hg38,MARK,,,,,14.771719603490892,https://drive.google.com/drive/folders/1du0tSwKEvX-OJGSmb10NVjeSd6nZlYoS?usp=share_link,1193,GUL EDA,29810.0,a076,04:14:42
TestCase 80,done,EA,Linux,Altay + COSAP,NO,NO,BOWTIE,,Strelka,,hg38,MARK,,,,,14.004035935916344,https://drive.google.com/drive/folders/14i1KXkyuAFQC_vSfzDfXwI9V3DSd3EcP?usp=share_link,1131,GUL EDA,29810.0,a076,02:19:51
TestCase 86,done,EA,Linux,Altay + COSAP,YES,NO,BOWTIE,,Strelka,,hg38,MARK,,,,,15.229853405107956,https://drive.google.com/drive/folders/1X1OvI85JdMUE9OKO3eqy33ZcqztXDglP?usp=share_link,1230,GUL EDA,29810.0,a076,02:29:00
TestCase 92,done,EA,Linux,Altay + COSAP,NO,YES,BOWTIE,,Strelka,,hg38,MARK,,,,,13.372554209363086,https://drive.google.com/drive/folders/18UgGLTMly_ck00MAYK6ZJ0xGRVhecGLA?usp=share_link,1080,GUL EDA,29810.0,a076,03:57:32
TestCase 98,done,EA,Linux,Altay + COSAP,YES,YES,BWA,,SomaticSniper,,hg38,MARK,,,,,19.192091689363686,https://drive.google.com/drive/folders/1gSBVQkJiWYWyylBvYCvAAMQNOEUNjBkx?usp=share_link,1550,GUL EDA,29814.0,a041,03:56:22
TestCase 104,done,EA,Linux,Altay + COSAP,NO,NO,BWA,,SomaticSniper,,hg38,MARK,,,,,19.105417726895595,https://drive.google.com/drive/folders/1FPivop-LSA7K2-C5yi9kOPHyR5wCUZHP?usp=share_link,1543,GUL EDA,29814.0,a041,02:03:55
TestCase 110,done,EA,Linux,Altay + COSAP,YES,NO,BWA,,SomaticSniper,,hg38,MARK,,,,,19.811191421278647,https://drive.google.com/drive/folders/1mcioFtr2bfHCVV-FEBglHffw_MIBH8vb?usp=share_link,1600,GUL EDA,29814.0,a041,02:22:27
TestCase 116,done,EA,Linux,Altay + COSAP,NO,YES,BWA,,SomaticSniper,,hg38,MARK,,,,,18.238678102214653,https://drive.google.com/drive/folders/15DFnlF183CbHS1R_hYPDIEq2zjuU3Y3X?usp=share_link,1473,GUL EDA,29814.0,a041,03:46:40
TestCase 122,done,EA,Linux,Altay + COSAP,YES,YES,BOWTIE,,SomaticSniper,,hg38,MARK,,,,,14.994595506980277,https://drive.google.com/drive/folders/1C2f3IV4-eHfgojqbn6SDF9Sk_Ulv8C6A?usp=share_link,1211,GUL EDA,29809.0,a071,04:31:48
TestCase 128,done,EA,Linux,Altay + COSAP,NO,NO,BOWTIE,,SomaticSniper,,hg38,MARK,,,,,9.385551935830758,https://drive.google.com/drive/folders/1SeTlOlnA95OXDjw4WA1PtS_71COGCvtr?usp=share_link,758,GUL EDA,29809.0,a071,02:38:59
TestCase 134,done,EA,Linux,Altay + COSAP,YES,NO,BOWTIE,,SomaticSniper,,hg38,MARK,,,,,17.347174488257114,https://drive.google.com/drive/folders/1VqP-8TL2NhqQlXkViIQjY4Z4P6S8lEsz?usp=share_link,1401,GUL EDA,29809.0,a071,02:50:38
TestCase 140,done,EA,Linux,Altay + COSAP,NO,YES,BOWTIE,,SomaticSniper,,hg38,MARK,,,,,7.9120945738731585,https://drive.google.com/drive/folders/1RVIun0kXIERjrnmIAsjzXF-wjVALlegh?usp=share_link,639,GUL EDA,29809.0,a071,04:30:22
TestCase 147,done,LL,,Uhem + COSAP,YES,YES,BWA,,Mutect,,hg38,MARK,,,,,11.837186874213991,https://drive.google.com/drive/folders/1vWoVy9aCVv2StqjdOKg8RfQSc8RQkqSm?usp=sharing,956,GÜL EDA,658693.0,s008,2:59:11
TestCase 148,done,EA,,Uhem + COSAP,YES,YES,BWA,,Mutect,,hg38,MARK,,,,,15.613695238895232,https://drive.google.com/drive/folders/1ygSTlgnLpgcp5YsE1GUyjLxVhq4J0Zyy?usp=share_link,1261,GUL EDA,664682.0,s004,07:47:19
TestCase 149,done,LL,,Altay + COSAP,YES,YES,BWA,,Mutect,,hg38,MARK,,,,,11.837186874213991,https://drive.google.com/drive/folders/1FKQVwBYlBmgi5NJFrgG7yilm_6l2_Q48?usp=share_link,956,GÜL EDA,29303.0,a062,02:54:31
TestCase 150,done,NC,,Uhem + COSAP,YES,YES,BWA,,Mutect,,hg38,MARK,,,,,14.078327903746136,https://drive.google.com/drive/folders/1A2b7Tkg-uO8gqx9VG-9tDB67WwczurN3?usp=sharing,1137,GÜL EDA,658815.0,s020,7:15:03
TestCase 153,done,LL,,Uhem + COSAP,NO,NO,BWA,,Mutect,,hg38,MARK,,,,,13.669722080682266,https://drive.google.com/drive/folders/1MyPazmdRCvDAZCz2NgEM5nPAschmaR0q?usp=sharing,1104,GÜL EDA,658693.0,s008,3:09:49
TestCase 154,done,EA,,Uhem + COSAP,NO,NO,BWA,,Mutect,,hg38,MARK,,,,,15.79942515846972,https://drive.google.com/drive/folders/1vtLTLJQeH17TMHVhL017rJQToyA2F03g?usp=share_link,1276,GUL EDA,664682.0,s004,07:05:44
TestCase 155,done,LL,,Altay + COSAP,NO,NO,BWA,,Mutect,,hg38,MARK,,,,,13.669722080682266,https://drive.google.com/drive/folders/1RwdnB0iHh2EBxOTPr2K59iYPgh2gOkEB?usp=share_link,1104,GÜL EDA,29303.0,a062,03:16:30
TestCase 156,done,NC,,Uhem + COSAP,NO,NO,BWA,,Mutect,,hg38,MARK,,,,,14.090709898384436,https://drive.google.com/drive/folders/1mwJcPWevZL-VMV-W0zOZvlXFEM471x4_?usp=sharing,1138,GÜL EDA,658815.0,s020,8:33:53
TestCase 159,done,LL,,Uhem + COSAP,YES,NO,BWA,,Mutect,,hg38,MARK,,,,,11.911478842043786,https://drive.google.com/drive/folders/1nG9mtUIQHH0jq09Rb9ys_R7ke8WR0oAN?usp=sharing,962,GÜL EDA,658693.0,s008,2:30:06
TestCase 160,done,EA,,Uhem + COSAP,YES,NO,BWA,,Mutect,,hg38,MARK,,,,,16.009919067320805,https://drive.google.com/drive/folders/1iUDA0pAZW5d-wkqfhq9kOnSmk8jahdju?usp=share_link,1293,GUL EDA,664682.0,s004,06:19:42
TestCase 161,done,LL,,Altay + COSAP,YES,NO,BWA,,Mutect,,hg38,MARK,,,,,11.911478842043786,https://drive.google.com/drive/folders/1Zk9U3XQ-PtX9WPPEd5HmiH1NeBMF9khf?usp=share_link,962,GÜL EDA,29303.0,a062,02:32:36
TestCase 162,done,NC,,Uhem + COSAP,YES,NO,BWA,,Mutect,,hg38,MARK,,,,,14.103091893022736,https://drive.google.com/drive/folders/16gFyokwJjLooHXg9lOJgfSHVs2mN_Gfd?usp=sharing,1139,GÜL EDA,658815.0,s020,6:24:13
TestCase 165,done,LL,,Uhem + COSAP,NO,YES,BWA,,Mutect,,hg38,MARK,,,,,12.666780514980033,https://drive.google.com/drive/folders/15aaRh7RdN3-O9P8_r4mWSCvRF7P-ZF5s?usp=sharing,1023,GÜL EDA,658693.0,s008,3:32:01
TestCase 166,done,EA,,Uhem + COSAP,NO,YES,BWA,,Mutect,,hg38,MARK,,,,,15.316527367576054,https://drive.google.com/drive/folders/11W_Ar5CA-RP9wUBfkeu9D-UrWJJD53WY?usp=share_link,1237,GUL EDA,664682.0,s004,08:32:12
TestCase 167,done,LL,,Altay + COSAP,NO,YES,BWA,,Mutect,,hg38,MARK,,,,,12.666780514980033,https://drive.google.com/drive/folders/1T3ikpDtSbAN7ZQWfpBFKDc5fs7muHtzg?usp=share_link,1023,GÜL EDA,29303.0,a062,03:16:30
TestCase 168,done,NC,,Uhem + COSAP,NO,YES,BWA,,Mutect,,hg38,MARK,,,,,14.004035935916344,https://drive.google.com/drive/folders/1lux6hcvBRDGW3J6wZ7N9r5qthnewlQdi?usp=sharing,1131,GÜL EDA,658815.0,s020,9:05:42
TestCase 171,done,LL,,Uhem + COSAP,YES,YES,BOWTIE,,Mutect,,hg38,MARK,,,,,11.973388815235284,https://drive.google.com/drive/folders/18Um7Eo57qudYYSNijf4HYY-TkSheYP4q?usp=sharing,967,GÜL EDA,658696.0,s028,3:02:11
TestCase 172,done,EA,,Uhem + COSAP,YES,YES,BOWTIE,,Mutect,,hg38,MARK,,,,,13.397318198639686,https://drive.google.com/drive/folders/1VE0n871upyH9O33jNIJcEfHOi5SFwrYx?usp=share_link,1082,GUL EDA,664679.0,s067,08:53:30
TestCase 173,done,LL,,Altay + COSAP,YES,YES,BOWTIE,,Mutect,,hg38,MARK,,,,,11.973388815235284,https://drive.google.com/drive/folders/1wGXIB7Mn3RKoxlYMHqJlrwb_8DcN9w6I?usp=share_link,967,GÜL EDA,29304.0,a057,02:53:08
TestCase 174,done,NC,,Uhem + COSAP,YES,YES,BOWTIE,,Mutect,,hg38,MARK,,,,,13.261116257618394,https://drive.google.com/drive/folders/1KeFW5JRrWc1pIGuniBdVy5MfQI2sZMev?usp=sharing,1071,GÜL EDA,658818.0,s022,7:10:35
TestCase 177,done,LL,,Uhem + COSAP,NO,NO,BOWTIE,,Mutect,,hg38,MARK,,,,,11.98577080987358,https://drive.google.com/drive/folders/1A6EcNVssFwIcmaEshf0J6ndUucF7MebZ?usp=sharing,968,GÜL EDA,658696.0,s028,3:51:14
TestCase 178,done,EA,,Uhem + COSAP,NO,NO,BOWTIE,,Mutect,,hg38,MARK,,,,,13.545902134299276,https://drive.google.com/drive/folders/1r0o01kibN26PneNXroov7VesfgAJy_pc?usp=share_link,1094,GUL EDA,664679.0,s067,12:00:05
TestCase 179,done,LL,,Altay + COSAP,NO,NO,BOWTIE,,Mutect,,hg38,MARK,,,,,11.98577080987358,https://drive.google.com/drive/folders/164mc4w3XNp58to9oFUca2bEiwGUZehO4?usp=share_link,968,GÜL EDA,29304.0,a057,03:54:07
TestCase 180,done,NC,,Uhem + COSAP,NO,NO,BOWTIE,,Mutect,,hg38,MARK,,,,,13.42208218791628,https://drive.google.com/drive/folders/17f525kcRsQlSudplvE89GR2nVhAllsR1?usp=sharing,1084,GÜL EDA,658818.0,s022,10:56:36
TestCase 183,done,LL,,Uhem + COSAP,YES,NO,BOWTIE,,Mutect,,hg38,MARK,,,,,11.341907088682024,https://drive.google.com/drive/folders/1HJ8_4WI0ZNmW5iTS-7cDPVB_KAT2KEqX?usp=sharing,916,GÜL EDA,658696.0,s028,2:28:14
TestCase 184,done,EA,,Uhem + COSAP,YES,NO,BOWTIE,,Mutect,,hg38,MARK,,,,,13.830688010980156,https://drive.google.com/drive/folders/1XQ09fu4Lmuf3nSradkI0lB_tff2-OYZY?usp=share_link,1117,GUL EDA,664679.0,s067,07:06:47
TestCase 185,done,LL,,Altay + COSAP,YES,NO,BOWTIE,,Mutect,,hg38,MARK,,,,,11.341907088682024,https://drive.google.com/drive/folders/1LJt6pHE1yhnf_K6_om32tSxm31TIOZ9l?usp=share_link,916,GÜL EDA,29304.0,a057,02:30:39
TestCase 186,done,NC,,Uhem + COSAP,YES,NO,BOWTIE,,Mutect,,hg38,MARK,,,,,13.34779022008649,https://drive.google.com/drive/folders/1BZVJWs4-LF47rW0BMHuCfxFb-uSL1mkl?usp=sharing,1078,GÜL EDA,658818.0,s022,6:09:56
TestCase 189,done,LL,,Uhem + COSAP,NO,YES,BOWTIE,,Mutect,,hg38,MARK,,,,,11.081885201277744,https://drive.google.com/drive/folders/1hqT1veYtg3ANTeeLZwZ5M_q5tVWjoOMd?usp=sharing,895,GÜL EDA,658696.0,s028,3:52:38
TestCase 190,done,EA,,Uhem + COSAP,NO,YES,BOWTIE,,Mutect,,hg38,MARK,,,,,13.310644236171589,https://drive.google.com/drive/folders/1p_KUXQ45r63XustQVssxiRg4vsq_LoJD?usp=share_link,1075,GUL EDA,664679.0,s067,12:24:31
TestCase 191,done,LL,,Altay + COSAP,NO,YES,BOWTIE,,Mutect,,hg38,MARK,,,,,11.081885201277744,https://drive.google.com/drive/folders/1Veqsl4fMGvV_tOuSaIpQOHcIIVfEgmGL?usp=share_link,895,GÜL EDA,29304.0,a057,03:51:21
TestCase 192,done,NC,,Uhem + COSAP,NO,YES,BOWTIE,,Mutect,,hg38,MARK,,,,,13.446846177192882,https://drive.google.com/drive/folders/1XOhxZ9pvl8xDx4-TQ7RK2uTuNAK5QnzZ?usp=sharing,1086,GÜL EDA,658818.0,s022,9:49:26
TestCase 195,done,LL,,Uhem + COSAP,YES,YES,BWA,,Strelka,,hg38,MARK,,,,,23.17909396289601,https://drive.google.com/drive/folders/1SjomkMU7UHuUNE9w9caPps2E08ORKXEK?usp=sharing,1872,GÜL EDA,655629.0,s022,1:23:18
TestCase 196,done,EA,,Uhem + COSAP,YES,YES,BWA,,Strelka,,hg38,MARK,,,,,23.71151973234288,https://drive.google.com/drive/folders/1nos7SHfVgEmTXAVrxVgylT-L8mLKJ1Zk?usp=share_link,1915,GUL EDA,664683.0,s023,03:11:37
TestCase 197,done,LL,,Altay + COSAP,YES,YES,BWA,,Strelka,,hg38,MARK,,,,,23.17909396289601,https://drive.google.com/drive/folders/1yHMuSdHkW8yIFq3tmt_-LUm1jzethL2R?usp=share_link,1872,GÜL EDA,29193.0,a043,01:25:44
TestCase 198,done,NC,,Uhem + COSAP,YES,YES,BWA,,Strelka,,hg38,MARK,,,,,22.720960161278946,https://drive.google.com/drive/folders/1MfecbP1TbyFNVNSa1-L_v52h4NQPGffR?usp=sharing,1835,GÜL EDA,655356.0,s023,2:42:53
TestCase 201,done,LL,,Uhem + COSAP,NO,NO,BWA,,Strelka,,hg38,MARK,,,,,25.44499898170476,https://drive.google.com/drive/folders/1aY3z3eGQJ5bYaW2Ce7a77VfLJiNR9_xf?usp=sharing,2055,GÜL EDA,655629.0,s022,0:44:06
TestCase 202,done,EA,,Uhem + COSAP,NO,NO,BWA,,Strelka,,hg38,MARK,,,,,27.797577962981602,https://drive.google.com/drive/folders/1PuvIleO2C7ZXe6jh8XdUIglwEEnTrsnv?usp=share_link,2245,GUL EDA,664683.0,s023,02:00:47
TestCase 203,done,LL,,Altay + COSAP,NO,NO,BWA,,Strelka,,hg38,MARK,,,,,25.44499898170476,https://drive.google.com/drive/folders/1ziSErxfmI8D5R2mEiQ-MxPLNSCQd96nQ?usp=share_link,2055,GÜL EDA,29193.0,a043,00:41:23
TestCase 204,done,NC,,Uhem + COSAP,NO,NO,BWA,,Strelka,,hg38,MARK,,,,,24.62778733557701,https://drive.google.com/drive/folders/1tyGNUhbWOCgXB8vcxZQCmcB7ZVdjSTkL?usp=sharing,1989,GÜL EDA,655595.0,f010,0:55:57
TestCase 207,done,LL,,Uhem + COSAP,YES,NO,BWA,,Strelka,,hg38,MARK,,,,,26.2745926224708,https://drive.google.com/drive/folders/1v8rfJ7LVl6kG_NaSn6OfR9CqLHbTgalw?usp=sharing,2122,GÜL EDA,655629.0,s022,0:37:34
TestCase 208,done,EA,,Uhem + COSAP,YES,NO,BWA,,Strelka,,hg38,MARK,,,,,29.011013437534924,https://drive.google.com/drive/folders/1sjW7hxpo1q5cerSzEICGx8ygM3v6H5LY?usp=share_link,2343,GUL EDA,664683.0,s023,01:59:32
TestCase 209,done,LL,,Altay + COSAP,YES,NO,BWA,,Strelka,,hg38,MARK,,,,,26.2745926224708,https://drive.google.com/drive/folders/1N6HmkvPyMMV-NJ_ugdUVVmJtsaI94IIt?usp=share_link,2122,GÜL EDA,29193.0,a043,00:43:39
TestCase 210,done,NC,,Uhem + COSAP,YES,NO,BWA,,Strelka,,hg38,MARK,,,,,25.383089008513263,https://drive.google.com/drive/folders/1ImgcUG03MxA6IA6fCDYM0OHJV10R8bPN?usp=sharing,2050,GÜL EDA,655595.0,f010,1:01:53
TestCase 213,done,LL,,Uhem + COSAP,NO,YES,BWA,,Strelka,,hg38,MARK,,,,,22.49808425778956,https://drive.google.com/drive/folders/1tP9mYpPyIvXd8OrnIL8Fq3_cES7W172B?usp=sharing,1817,GÜL EDA,655629.0,s022,1:22:52
TestCase 214,done,EA,,Uhem + COSAP,NO,YES,BWA,,Strelka,,hg38,MARK,,,,,22.39902830068317,https://drive.google.com/drive/folders/1vFtqslZ1a7gQ4Lg9OLOoPBSRXfq24o_o?usp=share_link,1809,GUL EDA,664683.0,s023,03:46:06
TestCase 215,done,LL,,Altay + COSAP,NO,YES,BWA,,Strelka,,hg38,MARK,,,,,22.49808425778956,https://drive.google.com/drive/folders/1L_Ka1HKzJjgty0zJKYRjognYSj7N1ly8?usp=share_link,1817,GÜL EDA,29193.0,a043,01:22:33
TestCase 216,done,NC,,Uhem + COSAP,NO,YES,BWA,,Strelka,,hg38,MARK,,,,,21.755164579491616,https://drive.google.com/drive/folders/1hSV7fiVYKstVmvWDcwN6uFF_SrHtTooI?usp=sharing,1757,GÜL EDA,655595.0,f010,2:25:31
TestCase 219,done,LL,,Uhem + COSAP,YES,YES,BOWTIE,,Strelka,,hg38,MARK,,,,,14.524079710724909,https://drive.google.com/drive/folders/1yRx-Pu0-EPhwYHnUxSiEtVxMHzCSf-Nu?usp=sharing,1173,GÜL EDA,655629.0,s022,1:37:23
TestCase 220,done,EA,,Uhem + COSAP,YES,YES,BOWTIE,,Strelka,,hg38,MARK,,,,,14.771719603490892,https://drive.google.com/drive/folders/10E3nw6zudVj42_kidJM4iZhFRjGg9PfJ?usp=share_link,1193,GUL EDA,664680.0,f003,03:56:26
TestCase 221,done,LL,,Altay + COSAP,YES,YES,BOWTIE,,Strelka,,hg38,MARK,,,,,14.524079710724909,https://drive.google.com/drive/folders/153QIUZg0duUG0Bq_k8w-IbatuC7lZeM5?usp=share_link,1173,GÜL EDA,29194.0,a044,01:36:23
TestCase 222,done,NC,,Uhem + COSAP,YES,YES,BOWTIE,,Strelka,,hg38,MARK,,,,,14.598371678554704,https://drive.google.com/drive/folders/1VDgAhVC-d3z63F8XjVru0ZKD-5pEiNnt?usp=sharing,1179,GÜL EDA,655356.0,s023,2:41:39
TestCase 225,done,LL,,Uhem + COSAP,NO,NO,BOWTIE,,Strelka,,hg38,MARK,,,,,11.750512911745894,https://drive.google.com/drive/folders/1qRvob0u7u_9ndIV0r-elKa0LsgqoI0jL?usp=sharing,949,GÜL EDA,655629.0,s022,0:46:53
TestCase 226,done,EA,,Uhem + COSAP,NO,NO,BOWTIE,,Strelka,,hg38,MARK,,,,,14.004035935916344,https://drive.google.com/drive/folders/1_hZXXl8a0Cyrxnav7uCTJ3cQLJ0bkaUV?usp=share_link,1131,GUL EDA,664680.0,f003,02:06:25
TestCase 227,done,LL,,Altay + COSAP,NO,NO,BOWTIE,,Strelka,,hg38,MARK,,,,,11.750512911745894,https://drive.google.com/drive/folders/1040_DtCvhl7esSHzl-kMEOR2SZliMl4S?usp=share_link,949,GÜL EDA,29194.0,a044,00:46:40
TestCase 228,done,NC,,Uhem + COSAP,NO,NO,BOWTIE,,Strelka,,hg38,MARK,,,,,13.657340086043966,https://drive.google.com/drive/folders/1Tvj2csY6zhVGMxh1cC0fcWgpBhFwOlfn?usp=sharing,1103,GÜL EDA,655356.0,s023,1:16:19
TestCase 231,done,LL,,Uhem + COSAP,YES,NO,BOWTIE,,Strelka,,hg38,MARK,,,,,16.257558960086783,https://drive.google.com/drive/folders/1Nm0gZjs-lqE-MTv_T8G40MGBFCAp2Y4W?usp=sharing,1313,GÜL EDA,655629.0,s022,0:49:57
TestCase 232,done,EA,,Uhem + COSAP,YES,NO,BOWTIE,,Strelka,,hg38,MARK,,,,,15.229853405107956,https://drive.google.com/drive/folders/1wR94vbmRUX1xPa2m2Z9TaqF_jfZPKpuj?usp=share_link,1230,GUL EDA,664680.0,f003,02:14:47
TestCase 233,done,LL,,Altay + COSAP,YES,NO,BOWTIE,,Strelka,,hg38,MARK,,,,,16.257558960086783,https://drive.google.com/drive/folders/1GcntHVeKuCfyY8G6cxBOnXUJcmfzlTPT?usp=share_link,1313,GÜL EDA,29194.0,a044,00:53:31
TestCase 234,done,NC,,Uhem + COSAP,YES,NO,BOWTIE,,Strelka,,hg38,MARK,,,,,14.969831517703676,https://drive.google.com/drive/folders/1A0k55VyHQp_UCPSqJWjhjuKV4HcNBMTW?usp=sharing,1209,GÜL EDA,655356.0,s023,1:19:49
TestCase 237,done,LL,,Uhem + COSAP,NO,YES,BOWTIE,,Strelka,,hg38,MARK,,,,,10.37611150689469,https://drive.google.com/drive/folders/1JsmwwjSDtoaoR1tIpMyyYWKag5I8gUjV?usp=sharing,838,GÜL EDA,655629.0,s022,1:30:34
TestCase 238,done,EA,,Uhem + COSAP,NO,YES,BOWTIE,,Strelka,,hg38,MARK,,,,,13.372554209363086,https://drive.google.com/drive/folders/19O4Sb3fdNSoqC7kYfDeNoWkMF6nXFZXk?usp=share_link,1080,GUL EDA,664680.0,f003,03:51:50
TestCase 239,done,LL,,Altay + COSAP,NO,YES,BOWTIE,,Strelka,,hg38,MARK,,,,,10.37611150689469,https://drive.google.com/drive/folders/1kukQH2yiLnm66j61uGSd8S3hW21SjsXQ?usp=share_link,838,GÜL EDA,29194.0,a044,01:27:47
TestCase 240,done,NC,,Uhem + COSAP,NO,YES,BOWTIE,,Strelka,,hg38,MARK,,,,,12.939184397022615,https://drive.google.com/drive/folders/1YDLG_EzvICMJ6fjmNWfQ4ziZMa1p5HOJ?usp=sharing,1045,GÜL EDA,655356.0,s023,2:39:04
TestCase 243,done,LL,,Uhem + COSAP,YES,YES,BWA,,SomaticSniper,,hg38,MARK,,,,,27.364208150641126,https://drive.google.com/drive/folders/1gpAAI9G-2f4NfeCgEjoP3jOisi5c2w_d?usp=sharing,2210,GÜL EDA,658694.0,s011,1:30:55
TestCase 244,done,EA,,Uhem + COSAP,YES,YES,BWA,,SomaticSniper,,hg38,MARK,,,,,19.192091689363686,https://drive.google.com/drive/folders/1hxiYE-W2m1wEOBczvILIsTzj_2Vi2O0Y?usp=share_link,1550,GUL EDA,664684.0,s030,04:36:26
TestCase 245,done,LL,,Altay + COSAP,YES,YES,BWA,,SomaticSniper,,hg38,MARK,,,,,27.364208150641126,https://drive.google.com/drive/folders/10HWe-R5C5ieizaJABtRr7S0-86i_n4lp?usp=share_link,2210,GÜL EDA,29306.0,a059,01:31:54
TestCase 246,done,NC,,Uhem + COSAP,YES,YES,BWA,,SomaticSniper,,hg38,MARK,,,,,18.56060996281043,https://drive.google.com/drive/folders/1IZH3Tqx8wrW69dTiHWxeW_NuwteqlrPR?usp=sharing,1499,GÜL EDA,658817.0,s021,2:34:52
TestCase 249,done,LL,,Uhem + COSAP,NO,NO,BWA,,SomaticSniper,,hg38,MARK,,,,,32.46558994162038,https://drive.google.com/drive/folders/19miaDaZlws1ne145avDrLZWdm9Fedpv5?usp=sharing,2622,GÜL EDA,658694.0,s011,0:40:53
TestCase 250,done,EA,,Uhem + COSAP,NO,NO,BWA,,SomaticSniper,,hg38,MARK,,,,,19.105417726895595,https://drive.google.com/drive/folders/1P6Jp6FAN3FXzZziIXWhJ6BCO9CjAQhTx?usp=share_link,1543,GUL EDA,664684.0,s030,02:48:39
TestCase 251,done,LL,,Altay + COSAP,NO,NO,BWA,,SomaticSniper,,hg38,MARK,,,,,32.46558994162038,https://drive.google.com/drive/folders/1Bd97WOTWKxw2n88rbYlnYXPdI5A6kZxA?usp=share_link,2622,GÜL EDA,29306.0,a059,00:46:40
TestCase 252,done,NC,,Uhem + COSAP,NO,NO,BWA,,SomaticSniper,,hg38,MARK,,,,,18.77110387166152,https://drive.google.com/drive/folders/1IqQTXVh_uSmcT5vjg-lMHMMIB1lk1ws-?usp=sharing,1516,GÜL EDA,658817.0,s021,1:09:56
TestCase 255,done,LL,,Uhem + COSAP,YES,NO,BWA,,SomaticSniper,,hg38,MARK,,,,,33.728553394726895,https://drive.google.com/drive/folders/1Xs66tf9lUSNaQ_CPsne33ff0Ydct2EwF?usp=sharing,2724,GÜL EDA,658694.0,s011,0:42:50
TestCase 256,done,EA,,Uhem + COSAP,YES,NO,BWA,,SomaticSniper,,hg38,MARK,,,,,19.811191421278647,https://drive.google.com/drive/folders/10cilAatwCjKKP7mN2ikHPdZv6_Q89xiG?usp=share_link,1600,GUL EDA,664684.0,s030,02:50:05
TestCase 257,done,LL,,Altay + COSAP,YES,NO,BWA,,SomaticSniper,,hg38,MARK,,,,,33.728553394726895,https://drive.google.com/drive/folders/1Ph7S_ByMFDvEQAYXp5mQFinqHGTUgaf1?usp=share_link,2724,GÜL EDA,29306.0,a059,00:47:30
TestCase 258,done,NC,,Uhem + COSAP,YES,NO,BWA,,SomaticSniper,,hg38,MARK,,,,,19.34067562502328,https://drive.google.com/drive/folders/13WGAIpTE6T1nZ9A6x8kvWrjGMhxiGxYa?usp=sharing,1562,GÜL EDA,658817.0,s021,1:13:23
TestCase 261,done,LL,,Uhem + COSAP,NO,YES,BWA,,SomaticSniper,,hg38,MARK,,,,,26.794636397279373,https://drive.google.com/drive/folders/1OUiVYTlXfeC1MYaxIi9JAENpv3UHHPbY?usp=sharing,2164,GÜL EDA,658694.0,s011,1:29:53
TestCase 262,done,EA,,Uhem + COSAP,NO,YES,BWA,,SomaticSniper,,hg38,MARK,,,,,18.238678102214653,https://drive.google.com/drive/folders/1Ib-PzwXgPp7YOk_13LsJwcKM_DMElICo?usp=share_link,1473,GUL EDA,664684.0,s030,04:16:05
TestCase 263,done,LL,,Altay + COSAP,NO,YES,BWA,,SomaticSniper,,hg38,MARK,,,,,26.794636397279373,https://drive.google.com/drive/folders/1F9DcbPk7ndGDhqIjX0rpVssNfUkpC7vx?usp=share_link,2164,GÜL EDA,29306.0,a059,01:29:06
TestCase 264,done,NC,,Uhem + COSAP,NO,YES,BWA,,SomaticSniper,,hg38,MARK,,,,,18.028184193363572,https://drive.google.com/drive/folders/18ZSxUHgjO-AU8f8o_UUNLbXUK1SBQMxn?usp=sharing,1456,GÜL EDA,658817.0,s021,2:34:13
TestCase 267,done,LL,,Uhem + COSAP,YES,YES,BOWTIE,,SomaticSniper,,hg38,MARK,,,,,21.693254606300115,https://drive.google.com/drive/folders/11uRd6KL-t3GSx-w6QZdYjN--ncDHh1eK?usp=sharing,1752,GÜL EDA,658697.0,s032,1:45:03
TestCase 268,done,EA,,Uhem + COSAP,YES,YES,BOWTIE,,SomaticSniper,,hg38,MARK,,,,,14.994595506980277,https://drive.google.com/drive/folders/1DwsCycjTuq7KMLygsLkkhl31Zjf2beqO?usp=share_link,1211,GUL EDA,664681.0,s002,04:21:53
TestCase 269,done,LL,,Altay + COSAP,YES,YES,BOWTIE,,SomaticSniper,,hg38,MARK,,,,,21.693254606300115,https://drive.google.com/drive/folders/1Wy_QlskofvmdYnv7y2JVM4kWKUlt95JN?usp=share_link,1752,GÜL EDA,29305.0,a058,01:42:08
TestCase 270,done,NC,,Uhem + COSAP,YES,YES,BOWTIE,,SomaticSniper,,hg38,MARK,,,,,15.427965319320743,https://drive.google.com/drive/folders/1zBMstGYEMI-sXF2xLMSoJ8nR_9wYiJVa?usp=sharing,1246,GÜL EDA,658819.0,s027,3:01:27
TestCase 273,done,LL,,Uhem + COSAP,NO,NO,BOWTIE,,SomaticSniper,,hg38,MARK,,,,,10.475167464001085,https://drive.google.com/drive/folders/1jm3R_ofH8LwGX4wWgizt8E8JFVJxt5rD?usp=sharing,846,GÜL EDA,658697.0,s032,0:53:28
TestCase 274,done,EA,,Uhem + COSAP,NO,NO,BOWTIE,,SomaticSniper,,hg38,MARK,,,,,9.385551935830758,https://drive.google.com/drive/folders/1_hCaKBdqxF2VUmL14ToEg997peXG0Mqs?usp=share_link,758,GUL EDA,664681.0,s002,02:32:17
TestCase 275,done,LL,,Altay + COSAP,NO,NO,BOWTIE,,SomaticSniper,,hg38,MARK,,,,,10.475167464001085,https://drive.google.com/drive/folders/1R8mFa-v0waeQWPXIdd7kTvmpDIFb8Gfe?usp=share_link,846,GÜL EDA,29305.0,a058,00:53:47
TestCase 276,done,NC,,Uhem + COSAP,NO,NO,BOWTIE,,SomaticSniper,,hg38,MARK,,,,,9.744629780341434,https://drive.google.com/drive/folders/1Nho3wHwcmAUKTQHjKrBVNHAWGpNp2_Yv?usp=sharing,787,GÜL EDA,658819.0,s027,1:32:46
TestCase 279,done,LL,,Uhem + COSAP,YES,NO,BOWTIE,,SomaticSniper,,hg38,MARK,,,,,29.791079099747762,https://drive.google.com/drive/folders/1HbstKHqD_9-g2vBECxWejVUkOtFvA8ye?usp=sharing,2406,GÜL EDA,658697.0,s032,0:55:54
TestCase 280,done,EA,,Uhem + COSAP,YES,NO,BOWTIE,,SomaticSniper,,hg38,MARK,,,,,17.347174488257114,https://drive.google.com/drive/folders/1vg99UX1OIxo1h9eXhZIxApkOc4XyFpOF?usp=share_link,1401,GUL EDA,664681.0,s002,02:37:56
TestCase 281,done,LL,,Altay + COSAP,YES,NO,BOWTIE,,SomaticSniper,,hg38,MARK,,,,,29.791079099747762,https://drive.google.com/drive/folders/1JsC13506tgJ7KjYqb2p6C6912PDANVVD?usp=share_link,2406,GÜL EDA,29305.0,a058,00:59:35
TestCase 282,done,NC,,Uhem + COSAP,YES,NO,BOWTIE,,SomaticSniper,,hg38,MARK,,,,,16.950950659831538,https://drive.google.com/drive/folders/17OxxiAu3o_n8_AJ2LhWWJiuf7sIy_CBW?usp=sharing,1369,GÜL EDA,658819.0,s027,1:35:48
TestCase 285,done,LL,,Uhem + COSAP,NO,YES,BOWTIE,,SomaticSniper,,hg38,MARK,,,,,6.810097051064534,https://drive.google.com/drive/folders/15Ppg2mlcQ9HoNLGht--TMbc-FakVYsdv?usp=sharing,550,GÜL EDA,658697.0,s032,1:40:09
TestCase 286,done,EA,,Uhem + COSAP,NO,YES,BOWTIE,,SomaticSniper,,hg38,MARK,,,,,7.9120945738731585,https://drive.google.com/drive/folders/1Z74DQhkBSknjsO9f3uieDiakwaokgqSp?usp=share_link,639,GUL EDA,664681.0,s002,04:18:51
TestCase 287,done,LL,,Altay + COSAP,NO,YES,BOWTIE,,SomaticSniper,,hg38,MARK,,,,,6.810097051064534,https://drive.google.com/drive/folders/1LnHxIO5zh2K-PMFjrhnYhrTm53pconh0?usp=share_link,550,GÜL EDA,29305.0,a058,01:36:35
TestCase 288,done,NC,,Uhem + COSAP,NO,YES,BOWTIE,,SomaticSniper,,hg38,MARK,,,,,8.63025026289451,https://drive.google.com/drive/folders/1nFChvbysbN3zdlkFTz2EvRjybx2-coXy?usp=sharing,697,GÜL EDA,658819.0,s027,3:00:33
TestCase 290,done,EA,Linux,Altay + COSAP,YES,YES,BWA,,Mutect,,hg38,DELETE,,,,,15.613695238895232,https://drive.google.com/drive/folders/1UQs3QLOZr0zMkBip2iabnrGF3Fft5uCp?usp=share_link,1261,GUL EDA,30428.0,a079,06:07:30
TestCase 296,done,EA,Linux,Altay + COSAP,NO,NO,BWA,,Mutect,,hg38,DELETE,,,,,15.79942515846972,https://drive.google.com/drive/folders/1isvrWsadzsBiMmBuQxSQjLG8UR5lXBws?usp=share_link,1276,GUL EDA,30428.0,a079,06:31:30
TestCase 302,done,EA,Linux,Altay + COSAP,YES,NO,BWA,,Mutect,,hg38,DELETE,,,,,16.009919067320805,https://drive.google.com/drive/folders/1v1z1dpyui-Hqt7uGC-yYFULAkzoUpJZI?usp=share_link,1293,GUL EDA,30428.0,a079,05:47:03
TestCase 308,done,EA,Linux,Altay + COSAP,NO,YES,BWA,,Mutect,,hg38,DELETE,,,,,15.316527367576054,https://drive.google.com/drive/folders/1m-B8ISpfzdTGMDtFWaV6sbAwqcWu4EIb?usp=share_link,1237,GUL EDA,30428.0,a079,08:12:58
TestCase 314,done,EA,Linux,Altay + COSAP,YES,YES,BOWTIE,,Mutect,,hg38,DELETE,,,,,13.397318198639686,https://drive.google.com/drive/folders/1_ARO8B8cyyJu6OveY-n2ipwhgzRXDTuE?usp=share_link,1082,GUL EDA,30431.0,a061,07:55:59
TestCase 320,done,EA,Linux,Altay + COSAP,NO,NO,BOWTIE,,Mutect,,hg38,DELETE,,,,,13.545902134299276,https://drive.google.com/drive/folders/1wd8bTl9SZvP0LclVvbFNAlppW3LQ_AZ2?usp=share_link,1094,GUL EDA,30431.0,a061,10:10:03
TestCase 326,done,EA,Linux,Altay + COSAP,YES,NO,BOWTIE,,Mutect,,hg38,DELETE,,,,,13.830688010980156,https://drive.google.com/drive/folders/1fwNg1uoaiMnlFGr8h7qALF1g5teItSJO?usp=share_link,1117,GUL EDA,30431.0,a061,06:10:35
TestCase 332,done,EA,Linux,Altay + COSAP,NO,YES,BOWTIE,,Mutect,,hg38,DELETE,,,,,13.310644236171589,https://drive.google.com/drive/folders/1iAXkQZjagu03OuZj2A8iGoF-g9wnMwWV?usp=share_link,1075,GUL EDA,30431.0,a061,10:55:33
TestCase 338,done,EA,Linux,Altay + COSAP,YES,YES,BWA,,Strelka,,hg38,DELETE,,,,,23.71151973234288,https://drive.google.com/drive/folders/144AkcBrJ0WNL2gEqFbCTnT6paoIS_WjF?usp=share_link,1915,GUL EDA,31577.0,a046,03:58:20
TestCase 344,done,EA,Linux,Altay + COSAP,NO,NO,BWA,,Strelka,,hg38,DELETE,,,,,27.797577962981602,https://drive.google.com/drive/folders/1XUUalQ1imlPWtYiOhxp1xUNSvg9DtBzh?usp=share_link,2245,GUL EDA,30429.0,a048,01:49:01
TestCase 350,done,EA,Linux,Altay + COSAP,YES,NO,BWA,,Strelka,,hg38,DELETE,,,,,29.011013437534924,https://drive.google.com/drive/folders/1N6F7_XmZ9pJLwy8NCx0k1scLxbjyhJf8?usp=share_link,2343,GUL EDA,30429.0,a048,02:03:24
TestCase 356,done,EA,Linux,Altay + COSAP,NO,YES,BWA,,Strelka,,hg38,DELETE,,,,,22.39902830068317,https://drive.google.com/drive/folders/1KbY7KdipQZI4M0eq1ecKanY9jXfdsFUB?usp=share_link,1809,GUL EDA,30429.0,a048,03:34:30
TestCase 362,done,EA,Linux,Altay + COSAP,YES,YES,BOWTIE,,Strelka,,hg38,DELETE,,,,,14.771719603490892,https://drive.google.com/drive/folders/1h4ZQPf5xJI0Sj8rv3WA-YHOniw8gobdD?usp=share_link,1193,GUL EDA,30432.0,a062,04:30:56
TestCase 368,done,EA,Linux,Altay + COSAP,NO,NO,BOWTIE,,Strelka,,hg38,DELETE,,,,,14.004035935916344,https://drive.google.com/drive/folders/12hPkcC6UAQ8KBo2Wat9lZi3u4NAothwZ?usp=share_link,1131,GUL EDA,30432.0,a062,02:15:48
TestCase 374,done,EA,Linux,Altay + COSAP,YES,NO,BOWTIE,,Strelka,,hg38,DELETE,,,,,15.229853405107956,https://drive.google.com/drive/folders/1r3Y_6xUFFkisO6s-c4bQABd8fKpelK-P?usp=share_link,1230,GUL EDA,30432.0,a062,02:37:28
TestCase 380,done,EA,Linux,Altay + COSAP,NO,YES,BOWTIE,,Strelka,,hg38,DELETE,,,,,13.372554209363086,https://drive.google.com/drive/folders/1BiwLDYzzI8C8XHx2arfqpvw1L0x98TiL?usp=share_link,1080,GUL EDA,30432.0,a062,04:15:32
TestCase 386,done,EA,Linux,Altay + COSAP,YES,YES,BWA,,SomaticSniper,,hg38,DELETE,,,,,19.192091689363686,https://drive.google.com/drive/folders/1sdkahl2DEdeZOE3_Y15ywZZDDJWuk5JA?usp=share_link,1550,GUL EDA,30430.0,a049,04:19:05
TestCase 392,done,EA,Linux,Altay + COSAP,NO,NO,BWA,,SomaticSniper,,hg38,DELETE,,,,,19.105417726895595,https://drive.google.com/drive/folders/1CpZX7aYlUbuF85U3p_bvIeLYBtDw7aQu?usp=share_link,1543,GUL EDA,30430.0,a049,02:10:21
TestCase 398,done,EA,Linux,Altay + COSAP,YES,NO,BWA,,SomaticSniper,,hg38,DELETE,,,,,19.811191421278647,https://drive.google.com/drive/folders/1IeAqlL6nqdjS5GMO2MSnMYQ_cATXROju?usp=share_link,1600,GUL EDA,30430.0,a049,02:29:23
TestCase 404,done,EA,Linux,Altay + COSAP,NO,YES,BWA,,SomaticSniper,,hg38,DELETE,,,,,18.238678102214653,https://drive.google.com/drive/folders/15xyZh-NHe0bQR_xeXXuBXxzc_bXDVgXY?usp=share_link,1473,GUL EDA,30430.0,a049,04:06:32
TestCase 410,done,EA,Linux,Altay + COSAP,YES,YES,BOWTIE,,SomaticSniper,,hg38,DELETE,,,,,14.994595506980277,https://drive.google.com/drive/folders/1E6ALLZeZlHHS5os7vi4XyNUFFcnH0wAu?usp=share_link,1211,GUL EDA,30433.0,a064,04:57:47
TestCase 416,done,EA,Linux,Altay + COSAP,NO,NO,BOWTIE,,SomaticSniper,,hg38,DELETE,,,,,9.385551935830758,https://drive.google.com/drive/folders/1fL_yso2WUgkqHC6IhBcCmjeUocM0TCPS?usp=share_link,758,GUL EDA,30433.0,a064,02:46:02
TestCase 422,done,EA,Linux,Altay + COSAP,YES,NO,BOWTIE,,SomaticSniper,,hg38,DELETE,,,,,17.347174488257114,https://drive.google.com/drive/folders/17PruuaGPE_DxGdPgGtohemvnN1WoEHr2?usp=share_link,1401,GUL EDA,30433.0,a064,02:57:27
TestCase 428,done,EA,Linux,Altay + COSAP,NO,YES,BOWTIE,,SomaticSniper,,hg38,DELETE,,,,,7.9120945738731585,https://drive.google.com/drive/folders/1hzg6YcjT3AJ0COyIIkdHY2buWeQ8bEdu?usp=share_link,639,GUL EDA,30433.0,a064,04:49:56
TestCase 435,done,LL,,Uhem + COSAP,YES,YES,BWA,,Mutect,,hg38,DELETE,,,,,11.837186874213991,https://drive.google.com/drive/folders/1nBnrEG0vkv4A5IgkUWdftstaSswYPD7h?usp=sharing,956,GÜL EDA,658495.0,s046,2:51:10
TestCase 436,done,EA,,Uhem + COSAP,YES,YES,BWA,,Mutect,,hg38,DELETE,,,,,15.613695238895232,https://drive.google.com/drive/folders/1bLD58iBnzMpe14_wZ8Gbt7FY-TI4lpd5?usp=share_link,1261,GUL EDA,665287.0,s063,08:50:36
TestCase 437,done,LL,,Altay + COSAP,YES,YES,BWA,,Mutect,,hg38,DELETE,,,,,11.837186874213991,https://drive.google.com/drive/folders/1TjUNWLp0yUXgTKnVM56ba8JRpf6Y1RUK?usp=share_link,956,GÜL EDA,31617.0,a081,02:56:15
TestCase 438,done,NC,,Uhem + COSAP,YES,YES,BWA,,Mutect,,hg38,DELETE,,,,,14.078327903746136,https://drive.google.com/drive/folders/1bTZQM-tNJf3HVRlNV4RF09QhtYvZZ3fB?usp=sharing,1137,GÜL EDA,659021.0,s012,7:22:50
TestCase 441,done,LL,,Uhem + COSAP,NO,NO,BWA,,Mutect,,hg38,DELETE,,,,,13.669722080682266,https://drive.google.com/drive/folders/1X2ykoeKkbCWuXJ2z4GVHGQWaxjzDhTY7?usp=sharing,1104,GÜL EDA,658495.0,s046,3:10:12
TestCase 442,done,EA,,Uhem + COSAP,NO,NO,BWA,,Mutect,,hg38,DELETE,,,,,15.79942515846972,https://drive.google.com/drive/folders/14qSEiTXQ7hwJolLW47sjMaTRzvrihIPk?usp=share_link,1276,GUL EDA,665287.0,s063,07:45:24
TestCase 443,done,LL,,Altay + COSAP,NO,NO,BWA,,Mutect,,hg38,DELETE,,,,,13.669722080682266,https://drive.google.com/drive/folders/1pSUPC7daJKmN19jVlALflNxHh2YYQYjQ?usp=share_link,1104,GÜL EDA,31617.0,a081,03:17:13
TestCase 444,done,NC,,Uhem + COSAP,NO,NO,BWA,,Mutect,,hg38,DELETE,,,,,14.090709898384436,https://drive.google.com/drive/folders/1mVJKNRmjwHjHyazlVQIFEqIM6GRXP16x?usp=sharing,1138,GÜL EDA,659021.0,s012,9:05:06
TestCase 447,done,LL,,Uhem + COSAP,YES,NO,BWA,,Mutect,,hg38,DELETE,,,,,11.911478842043786,https://drive.google.com/drive/folders/10WE83fU9Cvp3xpJi83fQ47i1twlDb4Fi?usp=sharing,962,GÜL EDA,658495.0,s046,2:26:31
TestCase 448,done,EA,,Uhem + COSAP,YES,NO,BWA,,Mutect,,hg38,DELETE,,,,,16.009919067320805,https://drive.google.com/drive/folders/1CNeHUxd890JsTAu6kDcyj_7gumlsNza1?usp=share_link,1293,GUL EDA,665287.0,s063,06:59:08
TestCase 449,done,LL,,Altay + COSAP,YES,NO,BWA,,Mutect,,hg38,DELETE,,,,,11.911478842043786,https://drive.google.com/drive/folders/1BIh6NX8x01baNmdapy6EBN3qT__vhTeY?usp=share_link,962,GÜL EDA,31617.0,a081,02:30:55
TestCase 450,done,NC,,Uhem + COSAP,YES,NO,BWA,,Mutect,,hg38,DELETE,,,,,14.103091893022736,https://drive.google.com/drive/folders/1ADj7G8s8BLBjHFfJn_I0AvX2Vn5_4tb_?usp=sharing,1139,GÜL EDA,659021.0,s012,6:32:11
TestCase 453,done,LL,,Uhem + COSAP,NO,YES,BWA,,Mutect,,hg38,DELETE,,,,,12.666780514980033,https://drive.google.com/drive/folders/15JRvOTguoFu78gATC9DRoD4ABN8GKOv6?usp=sharing,1023,GÜL EDA,658495.0,s046,3:27:06
TestCase 454,done,EA,,Uhem + COSAP,NO,YES,BWA,,Mutect,,hg38,DELETE,,,,,15.316527367576054,https://drive.google.com/drive/folders/1LxbAnOgemlUr3WPITpsaqlmoZnumNqFj?usp=share_link,1237,GUL EDA,665287.0,s063,09:42:07
TestCase 455,done,LL,,Altay + COSAP,NO,YES,BWA,,Mutect,,hg38,DELETE,,,,,12.666780514980033,https://drive.google.com/drive/folders/1C7LpGML11bW0oVuNm7C7BDg6yM8I6H_j?usp=share_link,1023,GÜL EDA,31617.0,a081,03:35:02
TestCase 456,done,NC,,Uhem + COSAP,NO,YES,BWA,,Mutect,,hg38,DELETE,,,,,14.004035935916344,https://drive.google.com/drive/folders/1tkdRKlQSg43WsKr0D5JkW-6nGp75D5ck?usp=sharing,1131,GÜL EDA,659021.0,s012,9:02:31
TestCase 459,done,LL,,Uhem + COSAP,YES,YES,BOWTIE,,Mutect,,hg38,DELETE,,,,,11.973388815235284,https://drive.google.com/drive/folders/1KyHLsnJSI6c9kquU-2o3t8X4hhv50MLd?usp=sharing,967,GÜL EDA,658498.0,s042,3:04:35
TestCase 460,done,EA,,Uhem + COSAP,YES,YES,BOWTIE,,Mutect,,hg38,DELETE,,,,,13.397318198639686,https://drive.google.com/drive/folders/19KcdTpkcVnXljVPYvjnlUzMSsWFkXEC7?usp=share_link,1082,GUL EDA,665290.0,s066,09:17:06
TestCase 461,done,LL,,Altay + COSAP,YES,YES,BOWTIE,,Mutect,,hg38,DELETE,,,,,11.973388815235284,https://drive.google.com/drive/folders/1MoTijW6y3iP8m50lKGgIQ-Lp_MgHAf0F?usp=share_link,967,GÜL EDA,31620.0,a076,02:52:52
TestCase 462,done,NC,,Uhem + COSAP,YES,YES,BOWTIE,,Mutect,,hg38,DELETE,,,,,13.261116257618394,https://drive.google.com/drive/folders/1QPTjnixuq_LwXmDN2Z2Ycku0xbiMQU1E?usp=sharing,1071,GÜL EDA,659023.0,s022,7:12:41
TestCase 465,done,LL,,Uhem + COSAP,NO,NO,BOWTIE,,Mutect,,hg38,DELETE,,,,,11.98577080987358,https://drive.google.com/drive/folders/198PQ6Ewo7vRyoFhfzf0kC1oDuyJ879lU?usp=sharing,968,GÜL EDA,658498.0,s042,4:13:58
TestCase 466,done,EA,,Uhem + COSAP,NO,NO,BOWTIE,,Mutect,,hg38,DELETE,,,,,13.545902134299276,https://drive.google.com/drive/folders/1RJnPmMzUfZj7G-isHy0m6kTmWIkjrdJk?usp=share_link,1094,GUL EDA,665290.0,s066,12:07:36
TestCase 467,done,LL,,Altay + COSAP,NO,NO,BOWTIE,,Mutect,,hg38,DELETE,,,,,11.98577080987358,https://drive.google.com/drive/folders/1Dv-Pv81y_w1X0RNSiRf7nMlkWLyGzhMb?usp=share_link,968,GÜL EDA,31620.0,a076,03:52:28
TestCase 468,done,NC,,Uhem + COSAP,NO,NO,BOWTIE,,Mutect,,hg38,DELETE,,,,,13.42208218791628,https://drive.google.com/drive/folders/1boZwTou4FinDOddWNw0r84g0lMsJLK1w?usp=sharing,1084,GÜL EDA,659023.0,s022,10:58:56
TestCase 471,done,LL,,Uhem + COSAP,YES,NO,BOWTIE,,Mutect,,hg38,DELETE,,,,,11.341907088682024,https://drive.google.com/drive/folders/1F1A05glBm5JKdY2L7HW9KQkZQ13WtNMf?usp=sharing,916,GÜL EDA,658498.0,s042,2:42:15
TestCase 472,done,EA,,Uhem + COSAP,YES,NO,BOWTIE,,Mutect,,hg38,DELETE,,,,,13.830688010980156,https://drive.google.com/drive/folders/1TGSgLzvJwwbdP7N6YIGs4XQdUft9U-Ge?usp=share_link,1117,GUL EDA,665290.0,s066,07:15:09
TestCase 473,done,LL,,Altay + COSAP,YES,NO,BOWTIE,,Mutect,,hg38,DELETE,,,,,11.341907088682024,https://drive.google.com/drive/folders/1vSwXYS13EicQZ7zqYLDJbbU76uPZg0Pl?usp=share_link,916,GÜL EDA,31620.0,a076,02:29:26
TestCase 474,done,NC,,Uhem + COSAP,YES,NO,BOWTIE,,Mutect,,hg38,DELETE,,,,,13.34779022008649,https://drive.google.com/drive/folders/1No-4hrziR2D6xvJ5FbikUBEKfKuJdhkG?usp=sharing,1078,GÜL EDA,659023.0,s022,6:05:45
TestCase 477,done,LL,,Uhem + COSAP,NO,YES,BOWTIE,,Mutect,,hg38,DELETE,,,,,11.081885201277744,https://drive.google.com/drive/folders/1EjpwvT7Kb1M5U8VVO5GHpwW3saLnask1?usp=sharing,895,GÜL EDA,658498.0,s042,4:09:33
TestCase 478,done,EA,,Uhem + COSAP,NO,YES,BOWTIE,,Mutect,,hg38,DELETE,,,,,13.310644236171589,https://drive.google.com/drive/folders/1CF4lrnIypeGLt2gk8lJLuk6j0SWEfHML?usp=share_link,1075,GUL EDA,665290.0,s066,12:44:01
TestCase 479,done,LL,,Altay + COSAP,NO,YES,BOWTIE,,Mutect,,hg38,DELETE,,,,,11.081885201277744,https://drive.google.com/drive/folders/1biLYVHYtuW68jB501QWwAX9vWdc_7y7o?usp=share_link,895,GÜL EDA,31620.0,a076,03:44:02
TestCase 480,done,NC,,Uhem + COSAP,NO,YES,BOWTIE,,Mutect,,hg38,DELETE,,,,,13.446846177192882,https://drive.google.com/drive/folders/11qDZOWWtfF_-1TYNDurujebbbeF1pVmG?usp=sharing,1086,GÜL EDA,659023.0,s022,9:48:41
TestCase 483,done,LL,,Uhem + COSAP,YES,YES,BWA,,Strelka,,hg38,DELETE,,,,,23.17909396289601,https://drive.google.com/drive/folders/1ycRRP55yOI4ELwh7HpzqQ3guTrm047nP?usp=sharing,1872,GÜL EDA,655822.0,s037,1:16:45
TestCase 484,done,EA,,Uhem + COSAP,YES,YES,BWA,,Strelka,,hg38,DELETE,,,,,23.71151973234288,https://drive.google.com/drive/folders/1Ou8e0D_wxPL7F3xN5Xp-cdGK44z1UIIT?usp=share_link,1915,GUL EDA,665288.0,s064,03:44:14
TestCase 485,done,LL,,Altay + COSAP,YES,YES,BWA,,Strelka,,hg38,DELETE,,,,,23.17909396289601,https://drive.google.com/drive/folders/1lg3jMqbMhn-ahPeo6aZearEzheRpmsoW?usp=share_link,1872,GÜL EDA,31618.0,a084,01:23:36
TestCase 486,done,NC,,Uhem + COSAP,YES,YES,BWA,,Strelka,,hg38,DELETE,,,,,22.720960161278946,https://drive.google.com/drive/folders/199aS-22j-Du3ePJFinCMQuuVJZ43oOxd?usp=sharing,1835,GÜL EDA,655770.0,s021,2:16:45
TestCase 489,done,LL,,Uhem + COSAP,NO,NO,BWA,,Strelka,,hg38,DELETE,,,,,25.44499898170476,https://drive.google.com/drive/folders/11IsIHIPStR7tjtyi9bdso8mlUBjjvEl2?usp=sharing,2055,GÜL EDA,655822.0,s037,0:42:25
TestCase 490,done,EA,,Uhem + COSAP,NO,NO,BWA,,Strelka,,hg38,DELETE,,,,,27.797577962981602,https://drive.google.com/drive/folders/11gZjua2sT8HptohvJjzttlulxkGhJeAM?usp=share_link,2245,GUL EDA,665288.0,s064,01:37:40
TestCase 491,done,LL,,Altay + COSAP,NO,NO,BWA,,Strelka,,hg38,DELETE,,,,,25.44499898170476,https://drive.google.com/drive/folders/1wIA-gQd3nWmwNY3UOEYR_Bh31bIUde59?usp=share_link,2055,GÜL EDA,31618.0,a084,00:37:57
TestCase 492,done,NC,,Uhem + COSAP,NO,NO,BWA,,Strelka,,hg38,DELETE,,,,,24.62778733557701,https://drive.google.com/drive/folders/1fEXIs6YZzyUJPinhMm8YW9Q4r5sgPfly?usp=sharing,1989,GÜL EDA,655770.0,s021,0:58:05
TestCase 495,done,LL,,Uhem + COSAP,YES,NO,BWA,,Strelka,,hg38,DELETE,,,,,26.2745926224708,https://drive.google.com/drive/folders/1lzoPLPuTSr5JZ8WDS3JPI25ybRFqHbAJ?usp=sharing,2122,GÜL EDA,655822.0,s037,0:34:45
TestCase 496,done,EA,,Uhem + COSAP,YES,NO,BWA,,Strelka,,hg38,DELETE,,,,,29.011013437534924,https://drive.google.com/drive/folders/1CPzWlPV6ox0S-4rg-QyS9yWylNY_a1VW?usp=share_link,2343,GUL EDA,665288.0,s064,01:44:11
TestCase 497,done,LL,,Altay + COSAP,YES,NO,BWA,,Strelka,,hg38,DELETE,,,,,26.2745926224708,https://drive.google.com/drive/folders/1_Cfc5WDB20gDGhuL5Jb4iMxhsFDzsF5X?usp=share_link,2122,GÜL EDA,31618.0,a084,00:45:14
TestCase 498,done,NC,,Uhem + COSAP,YES,NO,BWA,,Strelka,,hg38,DELETE,,,,,25.383089008513263,https://drive.google.com/drive/folders/1Prw8v5igWpSyPidwKfXiH2JbdxCAERWx?usp=sharing,2050,GÜL EDA,655770.0,s021,1:02:33
TestCase 501,done,LL,,Uhem + COSAP,NO,YES,BWA,,Strelka,,hg38,DELETE,,,,,22.49808425778956,https://drive.google.com/drive/folders/1tp87F42QW28AvqTTD4evV9fN7WBCfaK0?usp=sharing,1817,GÜL EDA,655822.0,s037,1:14:50
TestCase 502,done,EA,,Uhem + COSAP,NO,YES,BWA,,Strelka,,hg38,DELETE,,,,,22.39902830068317,https://drive.google.com/drive/folders/11s-QzzutmyhaXy2uyW0JHX_j_RQq2-i6?usp=share_link,1809,GUL EDA,665288.0,s064,03:42:07
TestCase 503,done,LL,,Altay + COSAP,NO,YES,BWA,,Strelka,,hg38,DELETE,,,,,22.49808425778956,https://drive.google.com/drive/folders/1um_KhhmVc5u-q5cJYWZOCNGYJzTEZbWB?usp=share_link,1817,GÜL EDA,31618.0,a084,01:21:16
TestCase 504,done,NC,,Uhem + COSAP,NO,YES,BWA,,Strelka,,hg38,DELETE,,,,,21.755164579491616,https://drive.google.com/drive/folders/1x6_7RIE7WP0hBKL72Z1u5An38n2SlQB6?usp=sharing,1757,GÜL EDA,655770.0,s021,2:25:58
TestCase 507,done,LL,,Uhem + COSAP,YES,YES,BOWTIE,,Strelka,,hg38,DELETE,,,,,14.524079710724909,https://drive.google.com/drive/folders/1rrJS191Im0qNfmdjieJs0xbKaNgaOtEk?usp=sharing,1173,GÜL EDA,655822.0,s037,1:30:59
TestCase 508,done,EA,,Uhem + COSAP,YES,YES,BOWTIE,,Strelka,,hg38,DELETE,,,,,14.771719603490892,https://drive.google.com/drive/folders/1tUqXWo-PTyUE6tMg1AUTCeSA4ukT6ID0?usp=share_link,1193,GUL EDA,665558.0,s014,04:17:18
TestCase 509,done,LL,,Altay + COSAP,YES,YES,BOWTIE,,Strelka,,hg38,DELETE,,,,,14.524079710724909,https://drive.google.com/drive/folders/1bM3yOdt_YVdvd8Y6kNqQV6Hk5NoDxFgW?usp=share_link,1173,GÜL EDA,31621.0,a049,01:35:41
TestCase 510,done,NC,,Uhem + COSAP,YES,YES,BOWTIE,,Strelka,,hg38,DELETE,,,,,14.598371678554704,https://drive.google.com/drive/folders/16_vFLyesajFMnhJfD-2LZUEIpoPNnz6R?usp=sharing,1179,GÜL EDA,655770.0,s021,2:40:22
TestCase 513,done,LL,,Uhem + COSAP,NO,NO,BOWTIE,,Strelka,,hg38,DELETE,,,,,11.750512911745894,https://drive.google.com/drive/folders/1A5K3ow-Yx5JbRzSJyJ7bm8kWtGtm9XZ6?usp=sharing,949,GÜL EDA,655822.0,s037,0:45:46
TestCase 514,done,EA,,Uhem + COSAP,NO,NO,BOWTIE,,Strelka,,hg38,DELETE,,,,,14.004035935916344,https://drive.google.com/drive/folders/1-I13qAaqujeXJzx0_rphKVHb1hmwtMgO?usp=share_link,1131,GUL EDA,665291.0,s067,02:16:57
TestCase 515,done,LL,,Altay + COSAP,NO,NO,BOWTIE,,Strelka,,hg38,DELETE,,,,,11.750512911745894,https://drive.google.com/drive/folders/1BYq5m6io8_4pyUZYyiPM8TKcAODr4kkF?usp=share_link,949,GÜL EDA,31621.0,a049,00:46:22
TestCase 516,done,NC,,Uhem + COSAP,NO,NO,BOWTIE,,Strelka,,hg38,DELETE,,,,,13.657340086043966,https://drive.google.com/drive/folders/14-nYzqXu7k5YFKuq1OObWYtdWN9HvWhh?usp=sharing,1103,GÜL EDA,655770.0,s021,1:15:25
TestCase 519,done,LL,,Uhem + COSAP,YES,NO,BOWTIE,,Strelka,,hg38,DELETE,,,,,16.257558960086783,https://drive.google.com/drive/folders/1UwOvScon4_zrq682p9Txuz9_X-kgd0RZ?usp=sharing,1313,GÜL EDA,655822.0,s037,0:47:53
TestCase 520,done,EA,,Uhem + COSAP,YES,NO,BOWTIE,,Strelka,,hg38,DELETE,,,,,15.229853405107956,https://drive.google.com/drive/folders/16WEIgvVJscA0H2cLCm2LAygws5ro9OnC?usp=share_link,1230,GUL EDA,665291.0,s067,02:24:03
TestCase 521,done,LL,,Altay + COSAP,YES,NO,BOWTIE,,Strelka,,hg38,DELETE,,,,,16.257558960086783,https://drive.google.com/drive/folders/1qeYbg7rwpa7aCKdjpR9yakQ3Y7aOd_q4?usp=share_link,1313,GÜL EDA,31621.0,a049,00:54:20
TestCase 522,done,NC,,Uhem + COSAP,YES,NO,BOWTIE,,Strelka,,hg38,DELETE,,,,,14.969831517703676,https://drive.google.com/drive/folders/1N9lCyrvgRppAqmJFPM1I0ei2_o2BFq1j?usp=sharing,1209,GÜL EDA,655770.0,s021,1:18:18
TestCase 525,done,LL,,Uhem + COSAP,NO,YES,BOWTIE,,Strelka,,hg38,DELETE,,,,,10.37611150689469,https://drive.google.com/drive/folders/1sRQfyHil_WtR26U58jpgtkm9re9XLp8Q?usp=sharing,838,GÜL EDA,655822.0,s037,1:24:15
TestCase 526,done,EA,,Uhem + COSAP,NO,YES,BOWTIE,,Strelka,,hg38,DELETE,,,,,13.372554209363086,https://drive.google.com/drive/folders/1SKqOLz5d1F1Nq7bX26ioSXzMvzTvcEdk?usp=share_link,1080,GUL EDA,665291.0,s067,04:29:30
TestCase 527,done,LL,,Altay + COSAP,NO,YES,BOWTIE,,Strelka,,hg38,DELETE,,,,,10.37611150689469,https://drive.google.com/drive/folders/1tnPAy9TscNGykZbv-LFUQl5SgaL7GR_3?usp=share_link,838,GÜL EDA,31621.0,a049,01:26:31
TestCase 528,done,NC,,Uhem + COSAP,NO,YES,BOWTIE,,Strelka,,hg38,DELETE,,,,,12.939184397022615,https://drive.google.com/drive/folders/1T9lBjqrEkP4YWWHuHHXFyzW02EXHSHNa?usp=sharing,1045,GÜL EDA,655770.0,s021,2:37:41
TestCase 531,done,LL,,Uhem + COSAP,YES,YES,BWA,,SomaticSniper,,hg38,DELETE,,,,,27.364208150641126,https://drive.google.com/drive/folders/1tDvdc4rgwzhOrS2Kbb1yEm6wjn4BvLgE?usp=sharing,2210,GÜL EDA,658497.0,s045,1:31:18
TestCase 532,done,EA,,Uhem + COSAP,YES,YES,BWA,,SomaticSniper,,hg38,DELETE,,,,,19.192091689363686,https://drive.google.com/drive/folders/1FbVCCgiWrlvAzR8xKrQZEYEtaQi-mzla?usp=share_link,1550,GUL EDA,665289.0,s065,04:14:17
TestCase 533,done,LL,,Altay + COSAP,YES,YES,BWA,,SomaticSniper,,hg38,DELETE,,,,,27.364208150641126,https://drive.google.com/drive/folders/1glhFKeRQZr8FDvVFG9HJ9K0I_DDXpeJ9?usp=share_link,2210,GÜL EDA,31619.0,a065,01:30:26
TestCase 534,done,NC,,Uhem + COSAP,YES,YES,BWA,,SomaticSniper,,hg38,DELETE,,,,,18.56060996281043,https://drive.google.com/drive/folders/1bVOoDBHwcGRbN4vGbXkh-dW-IkuESbHM?usp=sharing,1499,GÜL EDA,659022.0,s020,2:35:13
TestCase 537,done,LL,,Uhem + COSAP,NO,NO,BWA,,SomaticSniper,,hg38,DELETE,,,,,32.46558994162038,https://drive.google.com/drive/folders/1pIWDGWlcoKUNnJAKSOc37_-zEDUGWZ5_?usp=sharing,2622,GÜL EDA,658497.0,s045,0:41:53
TestCase 538,done,EA,,Uhem + COSAP,NO,NO,BWA,,SomaticSniper,,hg38,DELETE,,,,,19.105417726895595,https://drive.google.com/drive/folders/1qNoilbAT8raJ_0la1rI1iixmIoQw8S8A?usp=share_link,1543,GUL EDA,665289.0,s065,02:03:41
TestCase 539,done,LL,,Altay + COSAP,NO,NO,BWA,,SomaticSniper,,hg38,DELETE,,,,,32.46558994162038,https://drive.google.com/drive/folders/1Aw-ZTlLe6wNebyEaBDoN3raM8iKQ0O73?usp=share_link,2622,GÜL EDA,31619.0,a065,00:46:35
TestCase 540,done,NC,,Uhem + COSAP,NO,NO,BWA,,SomaticSniper,,hg38,DELETE,,,,,18.77110387166152,https://drive.google.com/drive/folders/1_46ZHyaJP0vB_fDcWcmC6B91FfLGwTjM?usp=sharing,1516,GÜL EDA,659022.0,s020,1:09:09
TestCase 543,done,LL,,Uhem + COSAP,YES,NO,BWA,,SomaticSniper,,hg38,DELETE,,,,,33.728553394726895,https://drive.google.com/drive/folders/1MfHEdTFeU4wK-V1L66mWr_05PGN2FHH3?usp=sharing,2724,GÜL EDA,658497.0,s045,0:45:12
TestCase 544,done,EA,,Uhem + COSAP,YES,NO,BWA,,SomaticSniper,,hg38,DELETE,,,,,19.811191421278647,https://drive.google.com/drive/folders/1A4_Qinj_Gsk5trSpwTeIgSq-VR-7giSq?usp=share_link,1600,GUL EDA,665289.0,s065,02:14:07
TestCase 545,done,LL,,Altay + COSAP,YES,NO,BWA,,SomaticSniper,,hg38,DELETE,,,,,33.728553394726895,https://drive.google.com/drive/folders/11mD0kTguGoMSGLs3s1GOW7Yd9eD1NnnY?usp=share_link,2724,GÜL EDA,31619.0,a065,00:49:52
TestCase 546,done,NC,,Uhem + COSAP,YES,NO,BWA,,SomaticSniper,,hg38,DELETE,,,,,19.34067562502328,https://drive.google.com/drive/folders/1PPYgguR-dv3gao7gcaGBOYm7Ph2IRp0Y?usp=sharing,1562,GÜL EDA,659022.0,s020,1:12:17
TestCase 549,done,LL,,Uhem + COSAP,NO,YES,BWA,,SomaticSniper,,hg38,DELETE,,,,,26.794636397279373,https://drive.google.com/drive/folders/1_xYeQM9TQtbn9EythN36GqKu3uTVQOIQ?usp=sharing,2164,GÜL EDA,658497.0,s045,1:32:47
TestCase 550,done,EA,,Uhem + COSAP,NO,YES,BWA,,SomaticSniper,,hg38,DELETE,,,,,18.238678102214653,https://drive.google.com/drive/folders/13gWhSKZZoHeIUyw7OoBYrKnBvBZJZhx7?usp=share_link,1473,GUL EDA,665289.0,s065,04:13:09
TestCase 551,done,LL,,Altay + COSAP,NO,YES,BWA,,SomaticSniper,,hg38,DELETE,,,,,26.794636397279373,https://drive.google.com/drive/folders/1WtEEA8NVeUAFOokzvCyWqVelVBxmt0Aa?usp=share_link,2164,GÜL EDA,31619.0,a065,01:29:18
TestCase 552,done,NC,,Uhem + COSAP,NO,YES,BWA,,SomaticSniper,,hg38,DELETE,,,,,18.028184193363572,https://drive.google.com/drive/folders/1ZIbbiXkiNRGMC7KW9BtwXQvwedEvEb7W?usp=sharing,1456,GÜL EDA,659022.0,s020,2:32:16
TestCase 555,done,LL,,Uhem + COSAP,YES,YES,BOWTIE,,SomaticSniper,,hg38,DELETE,,,,,21.693254606300115,https://drive.google.com/drive/folders/16zrMWdtsp50W8e0kAuF96auAj_a5b92e?usp=sharing,1752,GÜL EDA,658499.0,s022,1:46:00
TestCase 556,done,EA,,Uhem + COSAP,YES,YES,BOWTIE,,SomaticSniper,,hg38,DELETE,,,,,14.994595506980277,https://drive.google.com/drive/folders/10dIv-6-4MngJq0seRl_88xi09ME6-Aa9?usp=share_link,1211,GUL EDA,665292.0,s036,05:00:35
TestCase 557,done,LL,,Altay + COSAP,YES,YES,BOWTIE,,SomaticSniper,,hg38,DELETE,,,,,21.693254606300115,https://drive.google.com/drive/folders/1xortqwpT8_Siawe0tpXEtCtPbpdQO_QK?usp=share_link,1752,GÜL EDA,31622.0,a055,01:44:27
TestCase 558,done,NC,,Uhem + COSAP,YES,YES,BOWTIE,,SomaticSniper,,hg38,DELETE,,,,,15.427965319320743,https://drive.google.com/drive/folders/1l8VnXmyRuroC1b7Wsdx1Mt4fvJbvfgRP?usp=sharing,1246,GÜL EDA,659024.0,s023,3:01:02
TestCase 561,done,LL,,Uhem + COSAP,NO,NO,BOWTIE,,SomaticSniper,,hg38,DELETE,,,,,10.475167464001085,https://drive.google.com/drive/folders/1VGjpz-nJGqd1UrLXcRCVQcdj1gvJpV2P?usp=sharing,846,GÜL EDA,658499.0,s022,0:54:24
TestCase 562,done,EA,,Uhem + COSAP,NO,NO,BOWTIE,,SomaticSniper,,hg38,DELETE,,,,,9.385551935830758,https://drive.google.com/drive/folders/1sgY2qvTtxHnprlYI5HUOUp6Tc-FLKK9I?usp=share_link,758,GUL EDA,665292.0,s036,02:50:36
TestCase 563,done,LL,,Altay + COSAP,NO,NO,BOWTIE,,SomaticSniper,,hg38,DELETE,,,,,10.475167464001085,https://drive.google.com/drive/folders/1H72bH4uOvD-GqZR9CASSTPbdrujHAJQP?usp=share_link,846,GÜL EDA,31622.0,a055,00:54:13
TestCase 564,done,NC,,Uhem + COSAP,NO,NO,BOWTIE,,SomaticSniper,,hg38,DELETE,,,,,9.744629780341434,https://drive.google.com/drive/folders/1C3oPGvj--9dMhpFxCIckfFVO6eqPq-S2?usp=sharing,787,GÜL EDA,659024.0,s023,1:33:52
TestCase 567,done,LL,,Uhem + COSAP,YES,NO,BOWTIE,,SomaticSniper,,hg38,DELETE,,,,,29.791079099747762,https://drive.google.com/drive/folders/1k6x6J6v9J248s5cv1lQv3tq6tQUcFd_i?usp=sharing,2406,GÜL EDA,658499.0,s022,0:57:22
TestCase 568,done,EA,,Uhem + COSAP,YES,NO,BOWTIE,,SomaticSniper,,hg38,DELETE,,,,,17.347174488257114,https://drive.google.com/drive/folders/11yrTHd81GT4ttWqJUKqyHLXGFf7YzrwV?usp=share_link,1401,GUL EDA,665292.0,s036,02:50:22
TestCase 569,done,LL,,Altay + COSAP,YES,NO,BOWTIE,,SomaticSniper,,hg38,DELETE,,,,,29.791079099747762,https://drive.google.com/drive/folders/1Lgl6LEE3lowNhYTTutGTEYYCOSgdSYYi?usp=share_link,2406,GÜL EDA,31622.0,a055,00:59:33
TestCase 570,done,NC,,Uhem + COSAP,YES,NO,BOWTIE,,SomaticSniper,,hg38,DELETE,,,,,16.950950659831538,https://drive.google.com/drive/folders/1fst5n432Op8RJZKzTgiqaJiGsYK_iuJn?usp=sharing,1369,GÜL EDA,659024.0,s023,1:35:26
TestCase 573,done,LL,,Uhem + COSAP,NO,YES,BOWTIE,,SomaticSniper,,hg38,DELETE,,,,,6.810097051064534,https://drive.google.com/drive/folders/1UgHCVyl3RMzA1q4cRZesWR3BWHJvTUuJ?usp=sharing,550,GÜL EDA,658499.0,s022,1:41:31
TestCase 574,done,EA,,Uhem + COSAP,NO,YES,BOWTIE,,SomaticSniper,,hg38,DELETE,,,,,7.9120945738731585,https://drive.google.com/drive/folders/1g9Klj-85vWAADnt_LuoWdMt6SazcxXRt?usp=share_link,639,GUL EDA,665292.0,s036,05:01:51
TestCase 575,done,LL,,Altay + COSAP,NO,YES,BOWTIE,,SomaticSniper,,hg38,DELETE,,,,,6.810097051064534,https://drive.google.com/drive/folders/14QyS2Ib94CxrGpxWQ0CcOe7rVFzF7Cwh?usp=share_link,550,GÜL EDA,31622.0,a055,01:35:12
TestCase 576,done,NC,,Uhem + COSAP,NO,YES,BOWTIE,,SomaticSniper,,hg38,DELETE,,,,,8.63025026289451,https://drive.google.com/drive/folders/1v8baOzqyXa5BWm8E0ZFVCSZhSPncfBqZ?usp=sharing,697,GÜL EDA,659024.0,s023,2:58:15
TestCase 577,done,FD,Linux,Uhem + COSAP,YES,YES,BWA,,Mutect,,hg38,DELETE,,,,,15.972773083405906,https://drive.google.com/drive/folders/1oGtpckx9QUKySQAWmZQh-4uthqH8BE8a?usp=share_link,1290,GUL EDA,665278.0,s036,04:28:11
TestCase 578,done,FD,Linux,Uhem + COSAP,YES,YES,BOWTIE,,Mutect,,hg38,DELETE,,,,,12.456286606128948,https://drive.google.com/drive/folders/1LJGEXjKHU2ErnAZrkZ6xyXci0b0uAQYX?usp=share_link,1006,GUL EDA,665281.0,s051,04:39:50
TestCase 579,done,FD,Linux,Uhem + COSAP,YES,YES,BWA,,Strelka,,hg38,DELETE,,,,,27.351826156002826,https://drive.google.com/drive/folders/1AL9WsjNu51PDZ1puv3rNBMuXY1rPuaF9?usp=share_link,2209,GUL EDA,665279.0,s041,01:42:01
TestCase 580,done,FD,Linux,Uhem + COSAP,YES,YES,BOWTIE,,Strelka,,hg38,DELETE,,,,,15.378437340767546,https://drive.google.com/drive/folders/1_uNIkizCQjDynclLIOlZLJYvrA_lim0K?usp=share_link,1242,GUL EDA,665282.0,s054,02:00:00
TestCase 581,done,FD,Linux,Uhem + COSAP,YES,YES,BWA,,SomaticSniper,,hg38,DELETE,,,,,27.57470205949221,https://drive.google.com/drive/folders/17sQf3fE37_8oO06glqJxLLaEOh_mPEoi?usp=share_link,2227,GUL EDA,665280.0,s049,01:52:26
TestCase 582,done,FD,Linux,Uhem + COSAP,YES,YES,BOWTIE,,SomaticSniper,,hg38,DELETE,,,,,21.878984525874603,https://drive.google.com/drive/folders/1v0V0s9BvhjSd3eSztdrLGdoB8xC1oBP2?usp=share_link,1767,GUL EDA,665283.0,s055,02:13:20
TestCase 583,done,FD,Linux,Uhem + COSAP,YES,YES,BWA,,Mutect,,hg38,MARK,,,,,15.972773083405906,https://drive.google.com/drive/folders/10oxlPm5fQeJEvcn2x9DZVXtILtNATyg-?usp=share_link,1290,GUL EDA,664589.0,s029,04:25:05
TestCase 584,done,FD,Linux,Uhem + COSAP,YES,YES,BOWTIE,,Mutect,,hg38,MARK,,,,,12.456286606128948,https://drive.google.com/drive/folders/1U2RqEmWD2Gx0qGaxE-D2j8N0qZ-zhQX9?usp=share_link,1006,GUL EDA,664586.0,s025,04:08:48
TestCase 585,done,FD,Linux,Uhem + COSAP,YES,YES,BWA,,Strelka,,hg38,MARK,,,,,27.351826156002826,https://drive.google.com/drive/folders/1mFRtxPD9035XBO6YSeCgvw80a95a_tiz?usp=share_link,2209,GUL EDA,664587.0,s026,01:29:18
TestCase 586,done,FD,Linux,Uhem + COSAP,YES,YES,BOWTIE,,Strelka,,hg38,MARK,,,,,15.378437340767546,https://drive.google.com/drive/folders/1guIo5gRFlPWil60YiEV5ww5_dOrgErGt?usp=share_link,1242,GUL EDA,664584.0,s017,01:47:10
TestCase 587,done,FD,Linux,Uhem + COSAP,YES,YES,BWA,,SomaticSniper,,hg38,MARK,,,,,27.57470205949221,https://drive.google.com/drive/folders/1wBcHgV_boPo-bBkhr0dVQNEygFJCx4AN?usp=share_link,2227,GUL EDA,664588.0,s027,01:37:58
TestCase 588,done,FD,Linux,Uhem + COSAP,YES,YES,BOWTIE,,SomaticSniper,,hg38,MARK,,,,,21.878984525874603,https://drive.google.com/drive/folders/1oDLCKYGk3dJJo9R3C0h_4B-9NOEnOSzc?usp=share_link,1767,GUL EDA,664585.0,s019,01:56:03
TestCase 589,done,FD,Linux,Uhem + COSAP,YES,NO,BWA,,Mutect,,hg38,DELETE,,,,,17.06238861157623,https://drive.google.com/drive/folders/1CAB9xKjsh00BcItrCIl9Yw68x-tBsJ2m?usp=share_link,1378,GUL EDA,665278.0,s036,04:22:39
TestCase 590,done,FD,Linux,Uhem + COSAP,YES,NO,BOWTIE,,Mutect,,hg38,DELETE,,,,,13.285880246894992,https://drive.google.com/drive/folders/1iPfJpFhcbf-1VggxRPfdevOJ23Emqh19?usp=share_link,1073,GUL EDA,665281.0,s051,04:22:56
TestCase 591,done,FD,Linux,Uhem + COSAP,YES,NO,BWA,,Strelka,,hg38,DELETE,,,,,40.00622467634457,https://drive.google.com/drive/folders/1EaHfvZFhawKj4_4s2981XLNxCx9-oiLz?usp=share_link,3231,GUL EDA,665279.0,s041,00:43:33
TestCase 592,done,FD,Linux,Uhem + COSAP,YES,NO,BOWTIE,,Strelka,,hg38,DELETE,,,,,17.607196375661395,https://drive.google.com/drive/folders/1h3kAL9as-l0IiyGM5evKfYXvNSFEyIBx?usp=share_link,1422,GUL EDA,665282.0,s054,01:00:39
TestCase 593,done,FD,Linux,Uhem + COSAP,YES,NO,BWA,,SomaticSniper,,hg38,DELETE,,,,,40.8482003117489,https://drive.google.com/drive/folders/1DPTlkuy4mt1lACPp2bdJLAEOGfPsrY5N?usp=share_link,3299,GUL EDA,665280.0,s049,00:54:16
TestCase 594,done,FD,Linux,Uhem + COSAP,YES,NO,BOWTIE,,SomaticSniper,,hg38,DELETE,,,,,35.80872849396115,https://drive.google.com/drive/folders/1bDHyvDiq2jI0KOxRz1jofVFkYbwtTzDu?usp=share_link,2892,GUL EDA,665283.0,s055,01:10:11
TestCase 595,done,FD,Linux,Uhem + COSAP,YES,NO,BWA,,Mutect,,hg38,MARK,,,,,17.06238861157623,https://drive.google.com/drive/folders/1GdaP4sFL_MQv4mDuI2rWTaCsD8_mHrBC?usp=share_link,1378,GUL EDA,664589.0,s029,04:16:01
TestCase 596,done,FD,Linux,Uhem + COSAP,YES,NO,BOWTIE,,Mutect,,hg38,MARK,,,,,13.285880246894992,https://drive.google.com/drive/folders/1-olUZMq23NhMXFd2Z-62JognN0r94X0R?usp=share_link,1073,GUL EDA,664586.0,s025,04:02:41
TestCase 597,done,FD,Linux,Uhem + COSAP,YES,NO,BWA,,Strelka,,hg38,MARK,,,,,40.00622467634457,https://drive.google.com/drive/folders/18HyQNR6NQgZCSer3_fGb9CHJPTf2SKLt?usp=share_link,3231,GUL EDA,664587.0,s026,00:52:02
TestCase 598,done,FD,Linux,Uhem + COSAP,YES,NO,BOWTIE,,Strelka,,hg38,MARK,,,,,17.607196375661395,https://drive.google.com/drive/folders/1Kz9q0u7vDeff3I7zUGpxHKGlOv9oQH_h?usp=share_link,1422,GUL EDA,664584.0,s017,00:56:19
TestCase 599,done,FD,Linux,Uhem + COSAP,YES,NO,BWA,,SomaticSniper,,hg38,MARK,,,,,40.8482003117489,https://drive.google.com/drive/folders/1rk2WfX9vn3142CQazqb8hqSYeo7-g8kI?usp=share_link,3299,GUL EDA,664588.0,s027,00:46:51
TestCase 600,done,FD,Linux,Uhem + COSAP,YES,NO,BOWTIE,,SomaticSniper,,hg38,MARK,,,,,35.80872849396115,https://drive.google.com/drive/folders/1OyZ0p2hkt6gEMzWbu5CH25922XW13Skm?usp=share_link,2892,GUL EDA,664585.0,s019,01:03:56
TestCase 601,done,FD,Linux,Uhem + COSAP,NO,YES,BWA,,Mutect,,hg38,DELETE,,,,,17.334792493618814,https://drive.google.com/drive/folders/1kwt9rlfwAQdwaHM7rMVoDc7rEHFXc6v3?usp=share_link,1400,GUL EDA,665278.0,s036,06:00:24
TestCase 602,done,FD,Linux,Uhem + COSAP,NO,YES,BOWTIE,,Mutect,,hg38,DELETE,,,,,13.446846177192882,https://drive.google.com/drive/folders/13FIQKarikD69dJHzU-pd_xvg8zKTZC2D?usp=share_link,1086,GUL EDA,665281.0,s051,05:59:38
TestCase 603,done,FD,Linux,Uhem + COSAP,NO,YES,BWA,,Strelka,,hg38,DELETE,,,,,27.01751230076875,https://drive.google.com/drive/folders/1hE5dT-X-_218ZV6oKJEuWYpchLrrBE9p?usp=share_link,2182,GUL EDA,665279.0,s041,01:42:26
TestCase 604,done,FD,Linux,Uhem + COSAP,NO,YES,BOWTIE,,Strelka,,hg38,DELETE,,,,,11.007593233447947,https://drive.google.com/drive/folders/1Nc9dVGZRyXDOpezXDdxUeLMmF5t7QWCb?usp=share_link,889,GUL EDA,665282.0,s054,01:55:10
TestCase 605,done,FD,Linux,Uhem + COSAP,NO,YES,BWA,,SomaticSniper,,hg38,DELETE,,,,,27.02989429540705,https://drive.google.com/drive/folders/1piUMTpuH76Na3Vk3f9jd6BadmrGQoxwF?usp=share_link,2183,GUL EDA,665280.0,s049,01:54:24
TestCase 606,done,FD,Linux,Uhem + COSAP,NO,YES,BOWTIE,,SomaticSniper,,hg38,DELETE,,,,,4.6680119786387815,https://drive.google.com/drive/folders/1231RoCDYngf-whBwUCEkUPeX5eOdr4tV?usp=share_link,377,GUL EDA,665283.0,s055,02:08:40
TestCase 607,done,FD,Linux,Uhem + COSAP,NO,YES,BWA,,Mutect,,hg38,MARK,,,,,17.334792493618814,https://drive.google.com/drive/folders/1E7BMgYJwNDsd8sHVDrkMjYAliYOdBH2j?usp=share_link,1400,GUL EDA,664589.0,s029,05:49:50
TestCase 608,done,FD,Linux,Uhem + COSAP,NO,YES,BOWTIE,,Mutect,,hg38,MARK,,,,,13.446846177192882,https://drive.google.com/drive/folders/1EK4hGSLONZNT56xVnO-VVcH5EqXv0Y7l?usp=share_link,1086,GUL EDA,664586.0,s025,05:25:47
TestCase 609,done,FD,Linux,Uhem + COSAP,NO,YES,BWA,,Strelka,,hg38,MARK,,,,,27.01751230076875,https://drive.google.com/drive/folders/12Ia4R8Nc0GDydyTNjwbjBrG-pv4IKRbd?usp=share_link,2182,GUL EDA,664587.0,s026,01:30:00
TestCase 610,done,FD,Linux,Uhem + COSAP,NO,YES,BOWTIE,,Strelka,,hg38,MARK,,,,,11.007593233447947,https://drive.google.com/drive/folders/1JYWRLSm1VuFNZiGpeJrmQRILTytS3ABp?usp=share_link,889,GUL EDA,664584.0,s017,01:42:10
TestCase 611,done,FD,Linux,Uhem + COSAP,NO,YES,BWA,,SomaticSniper,,hg38,MARK,,,,,27.02989429540705,https://drive.google.com/drive/folders/1oQGkrg3YoTOCtSk4ftpLMlIdCeCKvSor?usp=share_link,2183,GUL EDA,664588.0,s027,01:37:12
TestCase 612,done,FD,Linux,Uhem + COSAP,NO,YES,BOWTIE,,SomaticSniper,,hg38,MARK,,,,,4.6680119786387815,https://drive.google.com/drive/folders/1YAB-0InymltMtwmjTVYcO7oAQpkJqGw9?usp=share_link,377,GUL EDA,664585.0,s019,01:52:05
TestCase 613,done,FD,Linux,Uhem + COSAP,NO,NO,BWA,,Mutect,,hg38,DELETE,,,,,18.622519936001925,https://drive.google.com/drive/folders/1XIaK3MnEOlzk-hh8oxJnsQNdJk6NcUjI?usp=share_link,1504,GUL EDA,665278.0,s036,06:00:31
TestCase 614,done,FD,Linux,Uhem + COSAP,NO,NO,BOWTIE,,Mutect,,hg38,DELETE,,,,,16.950950659831538,https://drive.google.com/drive/folders/1YxHGHQTga9f7MFiGuURsH2cmH0r2iRgy?usp=share_link,1369,GUL EDA,665281.0,s051,07:07:24
TestCase 615,done,FD,Linux,Uhem + COSAP,NO,NO,BWA,,Strelka,,hg38,DELETE,,,,,40.53865044579143,https://drive.google.com/drive/folders/1_EUR-gbm4RskWJMyrscogLMZM00ezXoP?usp=share_link,3274,GUL EDA,665279.0,s041,00:41:31
TestCase 616,done,FD,Linux,Uhem + COSAP,NO,NO,BOWTIE,,Strelka,,hg38,DELETE,,,,,12.976330380937512,https://drive.google.com/drive/folders/1lbt5wxzL3eLI8DH6GwqaCFwUUc1Q9K6A?usp=share_link,1048,GUL EDA,665282.0,s054,00:58:02
TestCase 617,done,FD,Linux,Uhem + COSAP,NO,NO,BWA,,SomaticSniper,,hg38,DELETE,,,,,38.508003325110366,https://drive.google.com/drive/folders/1oYeoC-xY5XPjT8nm0a7W0gsO65bgXh_i?usp=share_link,3110,GUL EDA,665280.0,s049,00:51:25
TestCase 618,done,FD,Linux,Uhem + COSAP,NO,NO,BOWTIE,,SomaticSniper,,hg38,DELETE,,,,,9.769393769618032,https://drive.google.com/drive/folders/1uMZzpTNKJzT04hvgDu9IZTplTh12MBuH?usp=share_link,789,GUL EDA,665283.0,s055,01:08:43
TestCase 619,done,FD,Linux,Uhem + COSAP,NO,NO,BWA,,Mutect,,hg38,MARK,,,,,18.622519936001925,https://drive.google.com/drive/folders/11jpR4EEXgP4sKWIcq_AYFq_sekFD6yg5?usp=share_link,1504,GUL EDA,664589.0,s029,06:01:37
TestCase 620,done,FD,Linux,Uhem + COSAP,NO,NO,BOWTIE,,Mutect,,hg38,MARK,,,,,16.950950659831538,https://drive.google.com/drive/folders/1_BbV-VWGBN9ELsF_sD1lx77YUdjqFc9g?usp=share_link,1369,GUL EDA,664586.0,s025,06:30:27
TestCase 621,done,FD,Linux,Uhem + COSAP,NO,NO,BWA,,Strelka,,hg38,MARK,,,,,40.53865044579143,https://drive.google.com/drive/folders/1810qdIbGf9wy23kpSCRLtc7-4tLm8jFN?usp=share_link,3274,GUL EDA,664587.0,s026,00:36:41
TestCase 622,done,FD,Linux,Uhem + COSAP,NO,NO,BOWTIE,,Strelka,,hg38,MARK,,,,,12.976330380937512,https://drive.google.com/drive/folders/1zFLDwumAPkrEi-0yVf9JL_H5SyssfGSW?usp=share_link,1048,GUL EDA,664584.0,s017,00:53:30
TestCase 623,done,FD,Linux,Uhem + COSAP,NO,NO,BWA,,SomaticSniper,,hg38,MARK,,,,,38.508003325110366,https://drive.google.com/drive/folders/1VNyRvJLa5WTU0jMQKHXotgpMlwubFUNG?usp=share_link,3110,GUL EDA,664588.0,s027,00:44:25
TestCase 624,done,FD,Linux,Uhem + COSAP,NO,NO,BOWTIE,,SomaticSniper,,hg38,MARK,,,,,9.769393769618032,https://drive.google.com/drive/folders/1gLX5cC_JjbllFcMxAmZ2sUhV8hBMa2Im?usp=share_link,789,GUL EDA,664585.0,s019,01:02:32
TestCase 625,done,FD,Linux,Altay + COSAP,YES,YES,BWA,,Mutect,,hg38,DELETE,,,,,15.972773083405906,https://drive.google.com/drive/folders/1KauaXiizEigeV8p7LCGaetRR0i6Oiin8?usp=share_link,1290,GUL EDA,30434.0,a068,04:13:45
TestCase 626,done,FD,Linux,Altay + COSAP,YES,YES,BOWTIE,,Mutect,,hg38,DELETE,,,,,12.456286606128948,https://drive.google.com/drive/folders/1dKFdcQfvQyJYcwOAWdbMtax18l3X7-h7?usp=share_link,1006,GUL EDA,30437.0,a058,03:59:38
TestCase 627,done,FD,Linux,Altay + COSAP,YES,YES,BWA,,Strelka,,hg38,DELETE,,,,,27.351826156002826,https://drive.google.com/drive/folders/13o8n_x3eeR92nORII0QYeV4k5DxO3Jva?usp=share_link,2209,GUL EDA,30435.0,a051,01:44:14
TestCase 628,done,FD,Linux,Altay + COSAP,YES,YES,BOWTIE,,Strelka,,hg38,DELETE,,,,,15.378437340767546,https://drive.google.com/drive/folders/1WefUpt54aQc-CWAT5gUq48whO41ucmKg?usp=share_link,1242,GUL EDA,30438.0,a036,01:53:47
TestCase 629,done,FD,Linux,Altay + COSAP,YES,YES,BWA,,SomaticSniper,,hg38,DELETE,,,,,27.57470205949221,https://drive.google.com/drive/folders/1C3yUt2IgM2hxDJXxu053bt3jrwaLcDpq?usp=share_link,2227,GUL EDA,30436.0,a057,01:50:21
TestCase 630,done,FD,Linux,Altay + COSAP,YES,YES,BOWTIE,,SomaticSniper,,hg38,DELETE,,,,,21.878984525874603,https://drive.google.com/drive/folders/1MrZemJoK0yJkzEJKPtTf3y7W_iOr0S7T?usp=share_link,1767,GUL EDA,30439.0,a041,02:04:26
TestCase 631,done,FD,Linux,Altay + COSAP,YES,YES,BWA,,Mutect,,hg38,MARK,,,,,15.972773083405906,https://drive.google.com/drive/folders/1xzVlLTNMPWe3ZxnVTOhK7UbsOCBlH48p?usp=share_link,1290,GUL EDA,29757.0,a077,04:01:43
TestCase 632,done,FD,Linux,Altay + COSAP,YES,YES,BOWTIE,,Mutect,,hg38,MARK,,,,,12.456286606128948,https://drive.google.com/drive/folders/1BxWGWSITUNsCFk1Mr32TTC6KLZv2EBYu?usp=share_link,1006,GUL EDA,29760.0,a059,03:51:23
TestCase 633,done,FD,Linux,Altay + COSAP,YES,YES,BWA,,Strelka,,hg38,MARK,,,,,27.351826156002826,https://drive.google.com/drive/folders/1SSTLrOpPUSjVrkTsIVydNL3pSHjJusm0?usp=share_link,2209,GUL EDA,31609.0,a065,01:35:49
TestCase 634,done,FD,Linux,Altay + COSAP,YES,YES,BOWTIE,,Strelka,,hg38,MARK,,,,,15.378437340767546,https://drive.google.com/drive/folders/1U7DwTC_aKdPVnN6E-fcYLtRXnIidqqNB?usp=share_link,1242,GUL EDA,29759.0,a058,01:51:22
TestCase 635,done,FD,Linux,Altay + COSAP,YES,YES,BWA,,SomaticSniper,,hg38,MARK,,,,,27.57470205949221,https://drive.google.com/drive/folders/1kghcWF9-5MO9rsJ6pi5UOVFWF88klLwX?usp=share_link,2227,GUL EDA,29755.0,a064,01:44:48
TestCase 636,done,FD,Linux,Altay + COSAP,YES,YES,BOWTIE,,SomaticSniper,,hg38,MARK,,,,,21.878984525874603,https://drive.google.com/drive/folders/1cGzOMafUO-1YWHbnlVTQHLOyGySYwVYg?usp=share_link,1767,GUL EDA,29758.0,a078,01:58:47
TestCase 637,done,FD,Linux,Altay + COSAP,YES,NO,BWA,,Mutect,,hg38,DELETE,,,,,17.06238861157623,https://drive.google.com/drive/folders/1iOfvLh5MhmXzHpLXnalKqs0m-miAe1YE?usp=share_link,1378,GUL EDA,30434.0,a068,03:53:51
TestCase 638,done,FD,Linux,Altay + COSAP,YES,NO,BOWTIE,,Mutect,,hg38,DELETE,,,,,13.285880246894992,https://drive.google.com/drive/folders/1X1yFsXY_EVFnYgROeYScIh9Man5V2YId?usp=share_link,1073,GUL EDA,30437.0,a058,03:42:20
TestCase 639,done,FD,Linux,Altay + COSAP,YES,NO,BWA,,Strelka,,hg38,DELETE,,,,,40.00622467634457,https://drive.google.com/drive/folders/1165R8yNLUCMflnr4T8Ws5nqkrSyC4dLJ?usp=share_link,3231,GUL EDA,30435.0,a051,00:49:44
TestCase 640,done,FD,Linux,Altay + COSAP,YES,NO,BOWTIE,,Strelka,,hg38,DELETE,,,,,17.607196375661395,https://drive.google.com/drive/folders/1JT6dF6x045EiZXBSQiAk5ZXrBLddo3Fr?usp=share_link,1422,GUL EDA,30438.0,a036,01:00:35
TestCase 641,done,FD,Linux,Altay + COSAP,YES,NO,BWA,,SomaticSniper,,hg38,DELETE,,,,,40.8482003117489,https://drive.google.com/drive/folders/1ILQR67uqCvDwaEFN22Cw2AMweOCHZSmX?usp=share_link,3299,GUL EDA,30436.0,a057,00:55:41
TestCase 642,done,FD,Linux,Altay + COSAP,YES,NO,BOWTIE,,SomaticSniper,,hg38,DELETE,,,,,35.80872849396115,https://drive.google.com/drive/folders/1YcTT_QBgRMRJZ9N2XIWb7Sg8KW1tZAwm?usp=share_link,2892,GUL EDA,30439.0,a041,01:09:04
TestCase 643,done,FD,Linux,Altay + COSAP,YES,NO,BWA,,Mutect,,hg38,MARK,,,,,17.06238861157623,https://drive.google.com/drive/folders/1EbOX9b6sJsS-MzeK9-X3nlR6Mybt9E7l?usp=share_link,1378,GUL EDA,29757.0,a077,04:05:41
TestCase 644,done,FD,Linux,Altay + COSAP,YES,NO,BOWTIE,,Mutect,,hg38,MARK,,,,,13.285880246894992,https://drive.google.com/drive/folders/16vowUCUBXlUlSNB7fv_00wMzbTFt1Cd5?usp=share_link,1073,GUL EDA,29760.0,a059,03:37:10
TestCase 645,done,FD,Linux,Altay + COSAP,YES,NO,BWA,,Strelka,,hg38,MARK,,,,,40.00622467634457,https://drive.google.com/drive/folders/1IfzrLMldyKhPAd735MANdQPvQrZiCwGB?usp=share_link,3231,GUL EDA,29756.0,a066,00:50:18
TestCase 646,done,FD,Linux,Altay + COSAP,YES,NO,BOWTIE,,Strelka,,hg38,MARK,,,,,17.607196375661395,https://drive.google.com/drive/folders/1chsL6nd2O6syVxQy6w00qUyAIB_EKl1R?usp=share_link,1422,GUL EDA,29759.0,a058,00:59:39
TestCase 647,done,FD,Linux,Altay + COSAP,YES,NO,BWA,,SomaticSniper,,hg38,MARK,,,,,40.8482003117489,https://drive.google.com/drive/folders/11ipLWn3umSlKQnrOooSRh-63dZuYLGUB?usp=share_link,3299,GUL EDA,29755.0,a064,00:54:54
TestCase 648,done,FD,Linux,Altay + COSAP,YES,NO,BOWTIE,,SomaticSniper,,hg38,MARK,,,,,35.80872849396115,https://drive.google.com/drive/folders/1eWN_JgoSi0zWuzdKsNtvANsPSnSOSSLL?usp=share_link,2892,GUL EDA,29758.0,a078,01:08:47
TestCase 649,done,FD,Linux,Altay + COSAP,NO,YES,BWA,,Mutect,,hg38,DELETE,,,,,17.334792493618814,https://drive.google.com/drive/folders/1U4Nte3bHt_RbcrumE4sg_CXPkMS3rtFS?usp=share_link,1400,GUL EDA,30434.0,a068,05:30:49
TestCase 650,done,FD,Linux,Altay + COSAP,NO,YES,BOWTIE,,Mutect,,hg38,DELETE,,,,,13.446846177192882,https://drive.google.com/drive/folders/1xrLCee8g0iBgYg86Q8zDr8r_BE_3_7pL?usp=share_link,1086,GUL EDA,30437.0,a058,05:09:53
TestCase 651,done,FD,Linux,Altay + COSAP,NO,YES,BWA,,Strelka,,hg38,DELETE,,,,,27.01751230076875,https://drive.google.com/drive/folders/1A16kWHL7tMmYtdav8taVTeU1RMu-RnkG?usp=share_link,2182,GUL EDA,30435.0,a051,01:39:48
TestCase 652,done,FD,Linux,Altay + COSAP,NO,YES,BOWTIE,,Strelka,,hg38,DELETE,,,,,11.007593233447947,https://drive.google.com/drive/folders/19l-0jzd-3oM4U6SDc2Tk5Cnu8oDixX0G?usp=sharing,889,GUL EDA,30438.0,a036,01:46:08
TestCase 653,done,FD,Linux,Altay + COSAP,NO,YES,BWA,,SomaticSniper,,hg38,DELETE,,,,,27.02989429540705,https://drive.google.com/drive/folders/13uW0a7tpGqD33eseJ6LOD2xjLkcygsrl?usp=share_link,2183,GUL EDA,30436.0,a057,01:49:27
TestCase 654,done,FD,Linux,Altay + COSAP,NO,YES,BOWTIE,,SomaticSniper,,hg38,DELETE,,,,,4.6680119786387815,https://drive.google.com/drive/folders/1pFhPqs4bCLJInnlaSGZBPG-joC6rXfL3?usp=share_link,377,GUL EDA,30439.0,a041,01:57:55
TestCase 655,done,FD,Linux,Altay + COSAP,NO,YES,BWA,,Mutect,,hg38,MARK,,,,,17.334792493618814,https://drive.google.com/drive/folders/1Vpt2s5zmsFYCP6eRLnhajVfch26AVn4o?usp=share_link,1400,GUL EDA,29757.0,a077,05:10:29
TestCase 656,done,FD,Linux,Altay + COSAP,NO,YES,BOWTIE,,Mutect,,hg38,MARK,,,,,13.446846177192882,https://drive.google.com/drive/folders/1f-7hYHq1dD6ZIdwkusq251BwL9YuN9Bb?usp=share_link,1086,GUL EDA,29760.0,a059,04:56:28
TestCase 657,done,FD,Linux,Altay + COSAP,NO,YES,BWA,,Strelka,,hg38,MARK,,,,,27.01751230076875,https://drive.google.com/drive/folders/1-0IOtlsEhPVBSLkV9cTovobKckriEeTC?usp=share_link,2182,GUL EDA,29756.0,a066,01:31:51
TestCase 658,done,FD,Linux,Altay + COSAP,NO,YES,BOWTIE,,Strelka,,hg38,MARK,,,,,11.007593233447947,https://drive.google.com/drive/folders/1vpHTODYsb2juFC0YY5P7rnmoC3MRbd6i?usp=share_link,889,GUL EDA,29759.0,a058,01:38:51
TestCase 659,done,FD,Linux,Altay + COSAP,NO,YES,BWA,,SomaticSniper,,hg38,MARK,,,,,27.02989429540705,https://drive.google.com/drive/folders/1zDU2gkEVk4h7sinWmfOHK_z4tv7nvNUj?usp=share_link,2183,GUL EDA,29755.0,a064,01:40:12
TestCase 660,done,FD,Linux,Altay + COSAP,NO,YES,BOWTIE,,SomaticSniper,,hg38,MARK,,,,,4.6680119786387815,https://drive.google.com/drive/folders/1859yaWNQllo84HsqpRlTZhvoo0bRedv9?usp=share_link,377,GUL EDA,29758.0,a078,01:50:28
TestCase 661,done,FD,Linux,Altay + COSAP,NO,NO,BWA,,Mutect,,hg38,DELETE,,,,,18.622519936001925,https://drive.google.com/drive/folders/1yHlXOQfSJRaMpQg8kSxBAuY-Wsf6IMta?usp=share_link,1504,GUL EDA,30434.0,a068,05:28:18
TestCase 662,done,FD,Linux,Altay + COSAP,NO,NO,BOWTIE,,Mutect,,hg38,DELETE,,,,,16.950950659831538,https://drive.google.com/drive/folders/11iMFrvt3UF2MB9dWqyJID-lA6fWiUaz_?usp=share_link,1369,GUL EDA,30437.0,a058,05:54:00
TestCase 663,done,FD,Linux,Altay + COSAP,NO,NO,BWA,,Strelka,,hg38,DELETE,,,,,40.53865044579143,https://drive.google.com/drive/folders/19CLXisDuibAoDumE_mmANwB8IwKCiTtE?usp=share_link,3274,GUL EDA,30435.0,a051,00:43:38
TestCase 664,done,FD,Linux,Altay + COSAP,NO,NO,BOWTIE,,Strelka,,hg38,DELETE,,,,,12.976330380937512,https://drive.google.com/drive/folders/1Uy_MTZ8YKVGw3Bc2Y_9eANEBqeOle0yv?usp=share_link,1048,GUL EDA,30438.0,a036,00:52:40
TestCase 665,done,FD,Linux,Altay + COSAP,NO,NO,BWA,,SomaticSniper,,hg38,DELETE,,,,,38.508003325110366,https://drive.google.com/drive/folders/1bp6e_Vt9DVS5KiSe6DW4AP2_uh5Xi-fF?usp=share_link,3110,GUL EDA,30436.0,a057,00:52:26
TestCase 666,done,FD,Linux,Altay + COSAP,NO,NO,BOWTIE,,SomaticSniper,,hg38,DELETE,,,,,9.769393769618032,https://drive.google.com/drive/folders/1bS-xNG9p6apRC_hYTNhnAjz-VwQDHGey?usp=share_link,789,GUL EDA,30439.0,a041,01:02:29
TestCase 667,done,FD,Linux,Altay + COSAP,NO,NO,BWA,,Mutect,,hg38,MARK,,,,,18.622519936001925,https://drive.google.com/drive/folders/1Pda12OqpyNEekaPODVgNE8ik7CG0Tfnd?usp=share_link,1504,GUL EDA,29757.0,a077,05:35:14
TestCase 668,done,FD,Linux,Altay + COSAP,NO,NO,BOWTIE,,Mutect,,hg38,MARK,,,,,16.950950659831538,https://drive.google.com/drive/folders/1m6e5NQSt-Jh02tok8EhEC9uvUW58iwVw?usp=share_link,1369,GUL EDA,29760.0,a059,05:51:49
TestCase 669,done,FD,Linux,Altay + COSAP,NO,NO,BWA,,Strelka,,hg38,MARK,,,,,40.53865044579143,https://drive.google.com/drive/folders/1gwg1mOoSjRQBlqPvXCjHU6K3VBRFpAbw?usp=share_link,3274,GUL EDA,29756.0,a066,00:43:14
TestCase 670,done,FD,Linux,Altay + COSAP,NO,NO,BOWTIE,,Strelka,,hg38,MARK,,,,,12.976330380937512,https://drive.google.com/drive/folders/1lxEa5kLSzIkkyuIxsMHO0Gw1ZSY7ox2T?usp=share_link,1048,GUL EDA,29759.0,a058,00:52:28
TestCase 671,done,FD,Linux,Altay + COSAP,NO,NO,BWA,,SomaticSniper,,hg38,MARK,,,,,38.508003325110366,https://drive.google.com/drive/folders/18mCHhy83kinpDaZFsCi7xMbAlYVaVJUW?usp=share_link,3110,GUL EDA,29755.0,a064,00:51:14
TestCase 672,done,FD,Linux,Altay + COSAP,NO,NO,BOWTIE,,SomaticSniper,,hg38,MARK,,,,,9.769393769618032,https://drive.google.com/drive/folders/1lXHiNhh3LgHbhT4GINop_b5audVgDjNz?usp=share_link,789,GUL EDA,29758.0,a078,01:00:45
TestCase 721,done,NC,,Altay + COSAP,YES,YES,BWA,,Mutect,,hg38,DELETE,,,,,14.078327903746136,https://drive.google.com/drive/folders/14egaf5qGpCRAWaGEcCeEyreg61PyYxPE?usp=share_link,1137,GUL EDA,31650.0,a086,07:11:00
TestCase 722,done,NC,,Altay + COSAP,YES,YES,BOWTIE,,Mutect,,hg38,DELETE,,,,,13.261116257618394,https://drive.google.com/drive/folders/1uFJkjBfUZrSeE8BW2QoOXGZl34BIVCW9?usp=share_link,1071,GUL EDA,31653.0,a060,06:51:03
TestCase 723,done,NC,,Altay + COSAP,YES,YES,BWA,,Strelka,,hg38,DELETE,,,,,22.720960161278946,https://drive.google.com/drive/folders/13bDh3Afye_B0llZbMvBWGS_C8Rlb8yib?usp=share_link,1835,GUL EDA,31651.0,a087,02:32:33
TestCase 724,done,NC,,Altay + COSAP,YES,YES,BOWTIE,,Strelka,,hg38,DELETE,,,,,14.598371678554704,https://drive.google.com/drive/folders/1lzhLkzZSd3YoIPpjWXJjPDr-6K95v_Tj?usp=share_link,1179,GUL EDA,31654.0,a053,02:44:57
TestCase 725,done,NC,,Altay + COSAP,YES,YES,BWA,,SomaticSniper,,hg38,DELETE,,,,,18.56060996281043,https://drive.google.com/drive/folders/1rL4n0qqzCk6QEi_-7ZHPAtimHGI31PX_?usp=share_link,1499,GUL EDA,31652.0,a059,02:45:43
TestCase 726,done,NC,,Altay + COSAP,YES,YES,BOWTIE,,SomaticSniper,,hg38,DELETE,,,,,15.427965319320743,https://drive.google.com/drive/folders/1stYh7rWdtQ9QkCkSozMe1wZj6_hyWL17?usp=share_link,1246,GUL EDA,31655.0,a054,03:03:32
TestCase 727,done,NC,,Altay + COSAP,YES,YES,BWA,,Mutect,,hg38,MARK,,,,,14.078327903746136,https://drive.google.com/drive/folders/1AjSV2H8XNavs4J_XtamW5CM2X-eZtqC6?usp=share_link,1137,GUL EDA,39297.0,a068,07:17:00
TestCase 728,done,NC,,Altay + COSAP,YES,YES,BOWTIE,,Mutect,,hg38,MARK,,,,,13.261116257618394,https://drive.google.com/drive/folders/1PKFJQK-Z-2Oyk8yLWAIzmbhduW3IrYQj?usp=share_link,1071,GUL EDA,29302.0,a061,06:39:42
TestCase 729,done,NC,,Altay + COSAP,YES,YES,BWA,,Strelka,,hg38,MARK,,,,,22.720960161278946,https://drive.google.com/drive/folders/1nDztRNBiaST4vbkKaF6MeK2HfHL3T4J2?usp=share_link,1835,GUL EDA,29299.0,a075,2:29:03
TestCase 730,done,NC,,Altay + COSAP,YES,YES,BOWTIE,,Strelka,,hg38,MARK,,,,,14.598371678554704,https://drive.google.com/drive/folders/1lNVw21OUKcp9C5cSYRPbiZ8dPeOHtcg2?usp=share_link,1179,GUL EDA,29300.0,a063,02:51:06
TestCase 731,done,NC,,Altay + COSAP,YES,YES,BWA,,SomaticSniper,,hg38,MARK,,,,,18.56060996281043,https://drive.google.com/drive/folders/1Hz4DgwzaB5Ubxl2WThcQ9FfjD4wnvc58?usp=share_link,1499,GUL EDA,29298.0,a071,02:46:53
TestCase 732,done,NC,,Altay + COSAP,YES,YES,BOWTIE,,SomaticSniper,,hg38,MARK,,,,,15.427965319320743,https://drive.google.com/drive/folders/1ZxDLP01tV3owyoOYwblP5Mh47elYEjnv?usp=share_link,1246,GUL EDA,29301.0,a060,03:06:45
TestCase 733,done,NC,,Altay + COSAP,YES,NO,BWA,,Mutect,,hg38,DELETE,,,,,14.103091893022736,https://drive.google.com/drive/folders/1RUn99WjlujVoPpl8viQ1sj9bAteUL274?usp=share_link,1139,GUL EDA,31650.0,a086,06:09:46
TestCase 734,done,NC,,Altay + COSAP,YES,NO,BOWTIE,,Mutect,,hg38,DELETE,,,,,13.34779022008649,https://drive.google.com/drive/folders/1y3RHOClAJ3TYLNICMNaOdYA0U7Ycu2oO?usp=share_link,1078,GUL EDA,31653.0,a060,05:45:18
TestCase 735,done,NC,,Altay + COSAP,YES,NO,BWA,,Strelka,,hg38,DELETE,,,,,25.383089008513263,https://drive.google.com/drive/folders/1V6k_mV0ssL7bcJTcrpU_89AKDGIzZg7m?usp=share_link,2050,GUL EDA,31651.0,a087,01:19:43
TestCase 736,done,NC,,Altay + COSAP,YES,NO,BOWTIE,,Strelka,,hg38,DELETE,,,,,14.969831517703676,https://drive.google.com/drive/folders/1epeOdjdUkeZijASKYIZrJFZkZT5UjX5s?usp=share_link,1209,GUL EDA,31654.0,a053,01:25:48
TestCase 737,done,NC,,Altay + COSAP,YES,NO,BWA,,SomaticSniper,,hg38,DELETE,,,,,19.34067562502328,https://drive.google.com/drive/folders/1IgvOAYbxL3UZrr3s-7gjF1WWsu60z74v?usp=share_link,1562,GUL EDA,31652.0,a059,01:26:04
TestCase 738,done,NC,,Altay + COSAP,YES,NO,BOWTIE,,SomaticSniper,,hg38,DELETE,,,,,16.950950659831538,https://drive.google.com/drive/folders/1UlVPX0lv4QXRiUkv20jg_KodTcMiLnuz?usp=share_link,1369,GUL EDA,31655.0,a054,01:42:53
TestCase 739,done,NC,,Altay + COSAP,YES,NO,BWA,,Mutect,,hg38,MARK,,,,,14.103091893022736,https://drive.google.com/drive/folders/1njZuojLN_-MdXQ_v-7yhGY-2mQV7Jbti?usp=share_link,1139,GUL EDA,39297.0,a068,06:09:31
TestCase 740,done,NC,,Altay + COSAP,YES,NO,BOWTIE,,Mutect,,hg38,MARK,,,,,13.34779022008649,https://drive.google.com/drive/folders/1meOYjbU0sYLyAOMVnxoD_1TUbWH_fJAu?usp=share_link,1078,GUL EDA,29302.0,a061,05:40:05
TestCase 741,done,NC,,Altay + COSAP,YES,NO,BWA,,Strelka,,hg38,MARK,,,,,25.383089008513263,https://drive.google.com/drive/folders/1Y3-Xg1ghhdiEe4ekANwPl2bBEm_Bya7X?usp=share_link,2050,GUL EDA,29299.0,a075,01:11:56
TestCase 742,done,NC,,Altay + COSAP,YES,NO,BOWTIE,,Strelka,,hg38,MARK,,,,,14.969831517703676,https://drive.google.com/drive/folders/1QlHXOCg41jvfv4FQcVDxUp6hYueDqDjH?usp=share_link,1209,GUL EDA,29300.0,a063,01:27:17
TestCase 743,done,NC,,Altay + COSAP,YES,NO,BWA,,SomaticSniper,,hg38,MARK,,,,,19.34067562502328,https://drive.google.com/drive/folders/1z8frnO6sjAmXDwE84eTUOQhv1lh32Sg0?usp=share_link,1562,GUL EDA,29298.0,a071,01:24:38
TestCase 744,done,NC,,Altay + COSAP,YES,NO,BOWTIE,,SomaticSniper,,hg38,MARK,,,,,16.950950659831538,https://drive.google.com/drive/folders/1_AB-5G0Ti-J027vZlzmF1RZNIZ5uO6Wu?usp=share_link,1369,GUL EDA,29301.0,a060,01:42:03
TestCase 745,done,NC,,Altay + COSAP,NO,YES,BWA,,Mutect,,hg38,DELETE,,,,,14.004035935916344,https://drive.google.com/drive/folders/1vnUvO7vhLqfvFKLko6PNIWPDa245Pbc1?usp=share_link,1131,GUL EDA,31650.0,a086,08:39:23
TestCase 746,done,NC,,Altay + COSAP,NO,YES,BOWTIE,,Mutect,,hg38,DELETE,,,,,13.446846177192882,https://drive.google.com/drive/folders/1uMC__bzKApzlzY6C02BhrZ6mKdc2ZgSV?usp=share_link,1086,GUL EDA,31653.0,a060,09:10:56
TestCase 747,done,NC,,Altay + COSAP,NO,YES,BWA,,Strelka,,hg38,DELETE,,,,,21.755164579491616,https://drive.google.com/drive/folders/136F5kCEBM2KoZYpn1rdsGIGpMqNkFf9d?usp=share_link,1757,GUL EDA,31651.0,a087,02:20:41
TestCase 748,done,NC,,Altay + COSAP,NO,YES,BOWTIE,,Strelka,,hg38,DELETE,,,,,12.939184397022615,https://drive.google.com/drive/folders/1PShCEzEZpubyWs4hqg13fKd3uyOchpaF?usp=share_link,1045,GUL EDA,31654.0,a053,02:41:08
TestCase 749,done,NC,,Altay + COSAP,NO,YES,BWA,,SomaticSniper,,hg38,DELETE,,,,,18.028184193363572,https://drive.google.com/drive/folders/1QyXcWJ7MK6MHPSGj0Xx2xWyUiikHkSgW?usp=share_link,1456,GUL EDA,31652.0,a059,02:39:37
TestCase 750,done,NC,,Altay + COSAP,NO,YES,BOWTIE,,SomaticSniper,,hg38,DELETE,,,,,8.63025026289451,https://drive.google.com/drive/folders/1uQSoaab-5tz2hjcqn5QFxZCLHAdAlx2T?usp=share_link,697,GUL EDA,31655.0,a054,02:58:37
TestCase 751,done,NC,,Altay + COSAP,NO,YES,BWA,,Mutect,,hg38,MARK,,,,,14.004035935916344,https://drive.google.com/drive/folders/17SOwOs0cMP3Nbq83S-u3Vl7SAKMYMKNx?usp=share_link,1131,GUL EDA,39297.0,a068,08:36:11
TestCase 752,done,NC,,Altay + COSAP,NO,YES,BOWTIE,,Mutect,,hg38,MARK,,,,,13.446846177192882,https://drive.google.com/drive/folders/1rgiZmN_LttlFvsKva7Okmk0Wnn4MJbjc?usp=share_link,1086,GUL EDA,29302.0,a061,09:13:28
TestCase 753,done,NC,,Altay + COSAP,NO,YES,BWA,,Strelka,,hg38,MARK,,,,,21.755164579491616,https://drive.google.com/drive/folders/1ubRsTT5qK-fNtPh5cLw2zpLl4yu2OS4B?usp=share_link,1757,GUL EDA,29299.0,a075,02:22:46
TestCase 754,done,NC,,Altay + COSAP,NO,YES,BOWTIE,,Strelka,,hg38,MARK,,,,,12.939184397022615,https://drive.google.com/drive/folders/1coTVhvhjWPFGBZ1uP8iTKscsSX5svS7L?usp=share_link,1045,GUL EDA,29300.0,a063,02:38:08
TestCase 755,done,NC,,Altay + COSAP,NO,YES,BWA,,SomaticSniper,,hg38,MARK,,,,,18.028184193363572,https://drive.google.com/drive/folders/1-opVKtAOmW2Pu7-JPcdLQDZxCdvAiBd5?usp=share_link,1456,GUL EDA,29298.0,a071,02:40:21
TestCase 756,done,NC,,Altay + COSAP,NO,YES,BOWTIE,,SomaticSniper,,hg38,MARK,,,,,8.63025026289451,https://drive.google.com/drive/folders/1d2nEkJW2j_4rqxnLAS3jirwJ2gNWpi0i?usp=share_link,697,GUL EDA,29301.0,a060,03:00:33
TestCase 757,done,NC,,Altay + COSAP,NO,NO,BWA,,Mutect,,hg38,DELETE,,,,,14.090709898384436,https://drive.google.com/drive/folders/1qjg8p98swbEXaCNm9txOFo1YGG-J8aF_?usp=share_link,1138,GUL EDA,31650.0,a086,07:54:05
TestCase 758,done,NC,,Altay + COSAP,NO,NO,BOWTIE,,Mutect,,hg38,DELETE,,,,,13.42208218791628,https://drive.google.com/drive/folders/1b6JmSGYpQN1BXV_N6ehdloq5B3iV3E74?usp=share_link,1084,GUL EDA,31653.0,a060,10:09:45
TestCase 759,done,NC,,Altay + COSAP,NO,NO,BWA,,Strelka,,hg38,DELETE,,,,,24.62778733557701,https://drive.google.com/drive/folders/1VNgkP03wv1S7aeG0zQJolwBo5p8NjfxC?usp=share_link,1989,GUL EDA,31651.0,a087,00:59:28
TestCase 760,done,NC,,Altay + COSAP,NO,NO,BOWTIE,,Strelka,,hg38,DELETE,,,,,13.657340086043966,https://drive.google.com/drive/folders/1qUywg7NyWEpVYe1ilc5IL09YJ_wH3o-P?usp=share_link,1103,GUL EDA,31654.0,a053,01:17:29
TestCase 761,done,NC,,Altay + COSAP,NO,NO,BWA,,SomaticSniper,,hg38,DELETE,,,,,18.77110387166152,https://drive.google.com/drive/folders/1-qvOoIk30klC02whALz87cOFpD5SQ9E5?usp=share_link,1516,GUL EDA,31652.0,a059,01:15:04
TestCase 762,done,NC,,Altay + COSAP,NO,NO,BOWTIE,,SomaticSniper,,hg38,DELETE,,,,,9.744629780341434,https://drive.google.com/drive/folders/1hbcKFCOUcaXdFs9prU7RKWbxOtfFpfB4?usp=share_link,787,GUL EDA,31655.0,a054,01:32:44
TestCase 763,done,NC,,Altay + COSAP,NO,NO,BWA,,Mutect,,hg38,MARK,,,,,14.090709898384436,https://drive.google.com/drive/folders/1Gmvt5Q6WbTubx_ilWBoV7f_DVvUG_rug?usp=share_link,1138,GUL EDA,39297.0,a068,07:56:19
TestCase 764,done,NC,,Altay + COSAP,NO,NO,BOWTIE,,Mutect,,hg38,MARK,,,,,13.42208218791628,https://drive.google.com/drive/folders/1i0AvOeNxnAAtVDwI4nGIX40UyjLfLq8s?usp=share_link,1084,GUL EDA,29302.0,a061,10:25:30
TestCase 765,done,NC,,Altay + COSAP,NO,NO,BWA,,Strelka,,hg38,MARK,,,,,24.62778733557701,https://drive.google.com/drive/folders/1dkirWfW6Pn63JEIhWBczXdgv8qyU7wTO?usp=share_link,1989,GUL EDA,29299.0,a075,00:59:51
TestCase 766,done,NC,,Altay + COSAP,NO,NO,BOWTIE,,Strelka,,hg38,MARK,,,,,13.657340086043966,https://drive.google.com/drive/folders/1JvJ-ALQbeEMJttiC6WqKTPLXsrx03NBM?usp=share_link,1103,GUL EDA,29300.0,a063,01:20:07
TestCase 767,done,NC,,Altay + COSAP,NO,NO,BWA,,SomaticSniper,,hg38,MARK,,,,,18.77110387166152,https://drive.google.com/drive/folders/19KQoIqoLDtEhYZgk1pLaaoyo9FNYRIkA?usp=share_link,1516,GUL EDA,29298.0,a071,01:16:12
TestCase 768,done,NC,,Altay + COSAP,NO,NO,BOWTIE,,SomaticSniper,,hg38,MARK,,,,,9.744629780341434,https://drive.google.com/drive/folders/1FEk1efsM6-rt1OTXTj-dCYxSpNwn5TSr?usp=share_link,787,GUL EDA,29301.0,a060,01:32:35
TestCase 769,done,IL,,Uhem + COSAP,YES,YES,BWA,,Mutect,,hg38,MARK,,,,,13.966889952001445,https://drive.google.com/drive/folders/1xSJE865A4YHH5hfFfDodAPAsJlYZ8qz6?usp=share_link,1128,GUL EDA,664396.0,s030,9:01:44
TestCase 770,done,IL,,Uhem + COSAP,NO,NO,BWA,,Mutect,,hg38,MARK,,,,,13.929743968086548,https://drive.google.com/drive/folders/17KkNX0yaMprQ2X_p8qewJ-R7yRGVwmEZ?usp=share_link,1125,GUL EDA,664396.0,s030,10:59:36
TestCase 771,done,IL,,Uhem + COSAP,YES,NO,BWA,,Mutect,,hg38,MARK,,,,,13.929743968086548,https://drive.google.com/drive/folders/1fBY0jmMdCAOrERQwVAkerFpkx7sIkKt7?usp=share_link,1125,GUL EDA,664396.0,s030,9:19:48
TestCase 772,done,IL,,Uhem + COSAP,NO,YES,BWA,,Mutect,,hg38,MARK,,,,,14.016417930554642,https://drive.google.com/drive/folders/1naiRtqTZuoOhOGbCFNR9T4LPidua2VUq?usp=share_link,1132,GUL EDA,664396.0,s030,10:59:37
TestCase 773,done,IL,,Uhem + COSAP,YES,YES,BOWTIE,,Mutect,,hg38,MARK,,,,,13.050622348767307,https://drive.google.com/drive/folders/1s3RB5ROKEf8aMLlv9batNNOYeNcRn3tk?usp=share_link,1054,GUL EDA,664398.0,s031,8:58:46
TestCase 774,done,IL,,Uhem + COSAP,NO,NO,BOWTIE,,Mutect,,hg38,MARK,,,,,12.914420407746015,https://drive.google.com/drive/folders/1tZdq2keuc8lgaqyiwStgr0h-nyEo-ljy?usp=share_link,1043,GUL EDA,664398.0,s031,12:43:08
TestCase 775,done,IL,,Uhem + COSAP,YES,NO,BOWTIE,,Mutect,,hg38,MARK,,,,,13.013476364852409,https://drive.google.com/drive/folders/1ICnYfohCbisV53DbNsRWvAcQNr9IiQVO?usp=share_link,1051,GUL EDA,664398.0,s031,8:28:59
TestCase 776,done,IL,,Uhem + COSAP,NO,YES,BOWTIE,,Mutect,,hg38,MARK,,,,,12.86489242919282,https://drive.google.com/drive/folders/1fa4k2-m-xdlB6HV0GgSaZffeAdPVfcS1?usp=share_link,1039,GUL EDA,664398.0,s031,11:16:33
TestCase 777,done,IL,,Uhem + COSAP,YES,YES,BWA,,Strelka,,hg38,MARK,,,,,21.185592826129845,https://drive.google.com/drive/folders/1RIIBX3FwlJGCxlZNFL1apIyf4ppgqEVl?usp=share_link,1711,GUL EDA,663458.0,s003,3:37:58
TestCase 778,done,IL,,Uhem + COSAP,NO,NO,BWA,,Strelka,,hg38,MARK,,,,,31.71028826868413,https://drive.google.com/drive/folders/1TrEumO2XaBK0ensptcBOD1fAco45O4_N?usp=share_link,2561,GUL EDA,663458.0,s003,1:49:17
TestCase 779,done,IL,,Uhem + COSAP,YES,NO,BWA,,Strelka,,hg38,MARK,,,,,32.20556805421609,https://drive.google.com/drive/folders/1KdCnPOci6Wk_FxvwMIl1t0uIL52pUyoZ?usp=share_link,2601,GUL EDA,663458.0,s003,2:09:07
TestCase 780,done,IL,,Uhem + COSAP,NO,YES,BWA,,Strelka,,hg38,MARK,,,,,20.120741287236125,https://drive.google.com/drive/folders/1JtBzS5VZyGOmgRApwNotGhD2k8BWwJ1m?usp=share_link,1625,GUL EDA,663458.0,s003,3:28:17
TestCase 781,done,IL,,Uhem + COSAP,YES,YES,BOWTIE,,Strelka,,hg38,MARK,,,,,14.276439817958925,https://drive.google.com/drive/folders/1UNb7CXM4_gE6EcVMKWUSLpx_0iVItB4U?usp=share_link,1153,GUL EDA,663459.0,s009,4:34:27
TestCase 782,done,IL,,Uhem + COSAP,NO,NO,BOWTIE,,Strelka,,hg38,MARK,,,,,14.065945909107835,https://drive.google.com/drive/folders/1jt6thVhfymA1q2lUuWenkzHc1rQaplW1?usp=share_link,1136,GUL EDA,663459.0,s009,2:38:48
TestCase 783,done,IL,,Uhem + COSAP,YES,NO,BOWTIE,,Strelka,,hg38,MARK,,,,,14.846011571320686,https://drive.google.com/drive/folders/1scpSdN5rN9M5t6paytM6RnLRNvfHmqQL?usp=share_link,1199,GUL EDA,663459.0,s009,2:52:57
TestCase 784,done,IL,,Uhem + COSAP,NO,YES,BOWTIE,,Strelka,,hg38,MARK,,,,,13.323026230809887,https://drive.google.com/drive/folders/1pV8APrmmJuxX5aVVm0hCz2e7ZO3DLbui?usp=share_link,1076,GUL EDA,663459.0,s009,4:22:49
TestCase 785,done,IL,,Uhem + COSAP,YES,YES,BWA,,SomaticSniper,,hg38,MARK,,,,,18.189150123661452,https://drive.google.com/drive/folders/1lKWKCKM4QokBTDtOAtARhIjgZplXYN9u?usp=share_link,1469,GUL EDA,664397.0,s029,4:05:06
TestCase 786,done,IL,,Uhem + COSAP,NO,NO,BWA,,SomaticSniper,,hg38,MARK,,,,,20.90080694944897,https://drive.google.com/drive/folders/1L277qUk7UMiUeGERBTnT6UwDP4k4W0Gs?usp=share_link,1688,GUL EDA,664397.0,s029,2:05:52
TestCase 787,done,IL,,Uhem + COSAP,YES,NO,BWA,,SomaticSniper,,hg38,MARK,,,,,20.690313040597886,https://drive.google.com/drive/folders/11_d9iVQ_qcNPhOxffqGSHUdEquweiFA3?usp=share_link,1671,GUL EDA,664397.0,s029,2:20:43
TestCase 788,done,IL,,Uhem + COSAP,NO,YES,BWA,,SomaticSniper,,hg38,MARK,,,,,17.83007227915078,https://drive.google.com/drive/folders/15KJvXpYbWGvYCC_FYGoD-RQijBwhCP-p?usp=share_link,1440,GUL EDA,664397.0,s029,3:53:20
TestCase 789,done,IL,,Uhem + COSAP,YES,YES,BOWTIE,,SomaticSniper,,hg38,MARK,,,,,13.384936204001384,https://drive.google.com/drive/folders/1wd1CIS3J1Cp8FPu7_vh-uWhuok8xE2E9?usp=share_link,1081,GUL EDA,664399.0,s033,4:58:44
TestCase 790,done,IL,,Uhem + COSAP,NO,NO,BOWTIE,,SomaticSniper,,hg38,MARK,,,,,10.301819539064896,https://drive.google.com/drive/folders/1qad-OThV1K_eK9EQE1pnb-oRa3byxtFi?usp=share_link,832,GUL EDA,664399.0,s033,2:59:47
TestCase 791,done,IL,,Uhem + COSAP,YES,NO,BOWTIE,,SomaticSniper,,hg38,MARK,,,,,16.80236672417195,https://drive.google.com/drive/folders/1ayJn-ZnOtQ8kI_fIQUBXJsc-7lE8yHFy?usp=share_link,1357,GUL EDA,664399.0,s033,3:13:43
TestCase 792,done,IL,,Uhem + COSAP,NO,YES,BOWTIE,,SomaticSniper,,hg38,MARK,,,,,8.419756354043423,https://drive.google.com/drive/folders/1d46jn_gDm8DHhF5cdoqriKUvUw0JOlPE?usp=share_link,680,GUL EDA,664399.0,s033,4:48:21
TestCase 793,done,IL,,Uhem + COSAP,YES,YES,BWA,,Mutect,,hg38,DELETE,,,,,13.966889952001445,https://drive.google.com/drive/folders/1G_p4DYJooSkon0DyfR3Wp9W5a_AJ4EKd?usp=share_link,1128,GUL EDA,666590.0,s035,9:33:31
TestCase 794,done,IL,,Uhem + COSAP,NO,NO,BWA,,Mutect,,hg38,DELETE,,,,,13.929743968086548,https://drive.google.com/drive/folders/1uVXruc-f2h9LtGHsKw_jwO4KDhFxGis3?usp=share_link,1125,GUL EDA,665272.0,s006,9:15:02
TestCase 795,done,IL,,Uhem + COSAP,YES,NO,BWA,,Mutect,,hg38,DELETE,,,,,13.929743968086548,https://drive.google.com/drive/folders/1Dtry0vCEFQaehLzHZ7f5ZknCjEmxtXXz?usp=share_link,1125,GUL EDA,665275.0,s019,8:39:15
TestCase 796,done,IL,,Uhem + COSAP,NO,YES,BWA,,Mutect,,hg38,DELETE,,,,,14.016417930554642,https://drive.google.com/drive/folders/1UOYQXBoAcoU089P9wb6YPkdUhm0LJ__o?usp=share_link,1132,GUL EDA,665272.0,s006,9:47:24
TestCase 797,done,IL,,Uhem + COSAP,YES,YES,BOWTIE,,Mutect,,hg38,DELETE,,,,,13.050622348767307,https://drive.google.com/drive/folders/1Xcoaj8qf-mLCIldaxEFUtSgpFEF3uzxn?usp=share_link,1054,GUL EDA,665626.0,s011,9:46:54
TestCase 798,done,IL,,Uhem + COSAP,NO,NO,BOWTIE,,Mutect,,hg38,DELETE,,,,,12.914420407746015,https://drive.google.com/drive/folders/1SGDuX0gFThfreRTd2pPWK0dwQoS5m5hY?usp=share_link,1043,GUL EDA,665626.0,s011,13:03:41
TestCase 799,done,IL,,Uhem + COSAP,YES,NO,BOWTIE,,Mutect,,hg38,DELETE,,,,,13.013476364852409,https://drive.google.com/drive/folders/1C5QSZftQRlepUVdfyh1MCrGcaJNs6S_E?usp=share_link,1051,GUL EDA,665626.0,s011,8:48:24
TestCase 800,done,IL,,Uhem + COSAP,NO,YES,BOWTIE,,Mutect,,hg38,DELETE,,,,,12.86489242919282,https://drive.google.com/drive/folders/12eU38u61mwvDeg4RsV9IwbclfD-zQs3Y?usp=share_link,1039,GUL EDA,665626.0,s011,11:56:32
TestCase 801,done,IL,,Uhem + COSAP,YES,YES,BWA,,Strelka,,hg38,DELETE,,,,,21.185592826129845,https://drive.google.com/drive/folders/1Fg1mZvDLbnYgW_ouZCQhWATCF6F6_MH5?usp=share_link,1711,GUL EDA,666592.0,s039,4:15:49
TestCase 802,done,IL,,Uhem + COSAP,NO,NO,BWA,,Strelka,,hg38,DELETE,,,,,31.71028826868413,https://drive.google.com/drive/folders/1VcOomCeon3AirN9rK7jZBeRlCGQLQyJa?usp=share_link,2561,GUL EDA,666592.0,s039,1:56:29
TestCase 803,done,IL,,Uhem + COSAP,YES,NO,BWA,,Strelka,,hg38,DELETE,,,,,32.20556805421609,https://drive.google.com/drive/folders/1Psbd0URIFVB5Ucz3NdmY1ohCZPTYJeKL?usp=share_link,2601,GUL EDA,665276.0,s026,2:09:22
TestCase 804,done,IL,,Uhem + COSAP,NO,YES,BWA,,Strelka,,hg38,DELETE,,,,,20.120741287236125,https://drive.google.com/drive/folders/1nGCWQlSOVp_Qvx5d0GwpCTUKgwZRz5LB?usp=share_link,1625,GUL EDA,666592.0,s039,4:06:24
TestCase 805,done,IL,,Uhem + COSAP,YES,YES,BOWTIE,,Strelka,,hg38,DELETE,,,,,14.276439817958925,https://drive.google.com/drive/folders/1xNb_sHFmD56BN8ZqCZ8nYD2vxFodL3Ds?usp=share_link,1153,GUL EDA,665627.0,s013,5:12:46
TestCase 806,done,IL,,Uhem + COSAP,NO,NO,BOWTIE,,Strelka,,hg38,DELETE,,,,,14.065945909107835,https://drive.google.com/drive/folders/1kUe9GiNEgTydKUgH_jQ5fjHVWSAMpMth?usp=share_link,1136,GUL EDA,665627.0,s013,2:51:42
TestCase 807,done,IL,,Uhem + COSAP,YES,NO,BOWTIE,,Strelka,,hg38,DELETE,,,,,14.846011571320686,https://drive.google.com/drive/folders/1kA5P3Bq0aMngd4gs5oa82ofEGf7lG0tK?usp=share_link,1199,GUL EDA,665627.0,s013,3:02:37
TestCase 808,done,IL,,Uhem + COSAP,NO,YES,BOWTIE,,Strelka,,hg38,DELETE,,,,,13.323026230809887,https://drive.google.com/drive/folders/1zkfYDJzMMmoYq_kw5SQ8nl8IeEWpBgw4?usp=share_link,1076,GUL EDA,665627.0,s013,5:05:12
TestCase 809,done,IL,,Uhem + COSAP,YES,YES,BWA,,SomaticSniper,,hg38,DELETE,,,,,18.189150123661452,https://drive.google.com/drive/folders/1XKjQKOK-b9JheyfwbnwQWp9QDLaO3hAf?usp=share_link,1469,GUL EDA,666593.0,s040,4:45:31
TestCase 810,done,IL,,Uhem + COSAP,NO,NO,BWA,,SomaticSniper,,hg38,DELETE,,,,,20.90080694944897,https://drive.google.com/drive/folders/1TwSw7CQa9r-z3gdlNVtRpy4KAr9pJPkz?usp=share_link,1688,GUL EDA,666593.0,s040,2:19:54
TestCase 811,done,IL,,Uhem + COSAP,YES,NO,BWA,,SomaticSniper,,hg38,DELETE,,,,,20.690313040597886,https://drive.google.com/drive/folders/1hhPeyhUKeccSUESfA5B_1XcVyGSLZ8F4?usp=share_link,1671,GUL EDA,665274.0,s018,2:34:26
TestCase 812,done,IL,,Uhem + COSAP,NO,YES,BWA,,SomaticSniper,,hg38,DELETE,,,,,17.83007227915078,https://drive.google.com/drive/folders/1bN5zw8LTs5IKSQPXaC2baJdrY_6afv5r?usp=sharing,1440,GUL EDA,665274.0,s018,2:12:30
TestCase 813,done,IL,,Uhem + COSAP,YES,YES,BOWTIE,,SomaticSniper,,hg38,DELETE,,,,,13.384936204001384,https://drive.google.com/drive/folders/1_mkwuv6JcG81eAd6Aw3eI1yKUH5l4acK?usp=share_link,1081,GUL EDA,665628.0,s014,5:42:30
TestCase 814,done,IL,,Uhem + COSAP,NO,NO,BOWTIE,,SomaticSniper,,hg38,DELETE,,,,,10.301819539064896,https://drive.google.com/drive/folders/1vXZceRRYOHnBtU2tqqRtm0GYuSQMS10k?usp=share_link,832,GUL EDA,665628.0,s014,3:15:28
TestCase 815,done,IL,,Uhem + COSAP,YES,NO,BOWTIE,,SomaticSniper,,hg38,DELETE,,,,,16.80236672417195,https://drive.google.com/drive/folders/1kK725uDlQptErTiQnsEUHRv0dFtcWcBO?usp=share_link,1357,GUL EDA,665628.0,s014,3:27:29
TestCase 816,done,IL,,Uhem + COSAP,NO,YES,BOWTIE,,SomaticSniper,,hg38,DELETE,,,,,8.419756354043423,https://drive.google.com/drive/folders/1PRkMnxnTgKBpvUTPls7W2OY_HGuaIJYy?usp=share_link,680,GUL EDA,665628.0,s014,5:34:10
TestCase 817,done,IL,,Altay + COSAP,YES,YES,BWA,,Mutect,,hg38,MARK,,,,,13.966889952001445,https://drive.google.com/drive/folders/1EwBWxrr3bl2OMawoKZLOclQQ_7do7KGT?usp=share_link,1128,GUL EDA,29713.0,a074,8:12:31
TestCase 818,done,IL,,Altay + COSAP,NO,NO,BWA,,Mutect,,hg38,MARK,,,,,13.929743968086548,https://drive.google.com/drive/folders/10yrM-mAcfxjbMOGvZXLGzbS58FuzvXz1?usp=share_link,1125,GUL EDA,29713.0,a074,7:52:47
TestCase 819,done,IL,,Altay + COSAP,YES,NO,BWA,,Mutect,,hg38,MARK,,,,,13.929743968086548,https://drive.google.com/drive/folders/1ZZOzI4NfenbayOmJj36t1C2lfX0olBZy?usp=share_link,1125,GUL EDA,29713.0,a074,7:26:13
TestCase 820,done,IL,,Altay + COSAP,NO,YES,BWA,,Mutect,,hg38,MARK,,,,,14.016417930554642,https://drive.google.com/drive/folders/146djNiQqiytwpYmbunNyIPO6IFCRwZ1Y?usp=share_link,1132,GUL EDA,29713.0,a074,8:25:08
TestCase 821,done,IL,,Altay + COSAP,YES,YES,BOWTIE,,Mutect,,hg38,MARK,,,,,13.050622348767307,https://drive.google.com/drive/folders/1Rastwq8iAu-uUpFr8PUDIPOnmPM6wwHA?usp=share_link,1054,GUL EDA,29715.0,a075,8:22:42
TestCase 822,done,IL,,Altay + COSAP,NO,NO,BOWTIE,,Mutect,,hg38,MARK,,,,,12.914420407746015,https://drive.google.com/drive/folders/1lYpatuDGuAQk4lFbqevy45ImpkN_R5VB?usp=share_link,1043,GUL EDA,29715.0,a075,11:31:14
TestCase 823,done,IL,,Altay + COSAP,YES,NO,BOWTIE,,Mutect,,hg38,MARK,,,,,13.013476364852409,https://drive.google.com/drive/folders/18fHt8ddAwWcj36oYAospjHvmXpq0ZI4Q?usp=share_link,1051,GUL EDA,29715.0,a075,7:46:30
TestCase 824,done,IL,,Altay + COSAP,NO,YES,BOWTIE,,Mutect,,hg38,MARK,,,,,12.86489242919282,https://drive.google.com/drive/folders/15i-1qKmIRNBmhftOEsMLpE2KeRWu0Dxr?usp=share_link,1039,GUL EDA,29715.0,a075,10:11:36
TestCase 825,done,IL,,Altay + COSAP,YES,YES,BWA,,Strelka,,hg38,MARK,,,,,21.185592826129845,https://drive.google.com/drive/folders/1XDpV3Y2Jetf16IV9OqU9sjcM5Cp-BoFV?usp=share_link,1711,GUL EDA,29201.0,a047,3:44:17
TestCase 826,done,IL,,Altay + COSAP,NO,NO,BWA,,Strelka,,hg38,MARK,,,,,31.71028826868413,https://drive.google.com/drive/folders/1L7bDbhvWrsF_fr1l5EyVpxlIjItKEaL6?usp=share_link,2561,GUL EDA,29201.0,a047,2:11:31
TestCase 827,done,IL,,Altay + COSAP,YES,NO,BWA,,Strelka,,hg38,MARK,,,,,32.20556805421609,https://drive.google.com/drive/folders/1JMNU7VN96Iyl5-0hqg-SZX2MAwFCGq7k?usp=share_link,2601,GUL EDA,29201.0,a047,2:33:36
TestCase 828,done,IL,,Altay + COSAP,NO,YES,BWA,,Strelka,,hg38,MARK,,,,,20.120741287236125,https://drive.google.com/drive/folders/1qUh7hoDRfbKcBQnX9P3XQ3SGvRRXPSol?usp=share_link,1625,GUL EDA,29201.0,a047,3:47:20
TestCase 829,done,IL,,Altay + COSAP,YES,YES,BOWTIE,,Strelka,,hg38,MARK,,,,,14.276439817958925,https://drive.google.com/drive/folders/1zbuUxFWmNcwjNuXR-NRHRW60fshgQ3nz?usp=share_link,1153,GUL EDA,29200.0,a046,4:23:48
TestCase 830,done,IL,,Altay + COSAP,NO,NO,BOWTIE,,Strelka,,hg38,MARK,,,,,14.065945909107835,https://drive.google.com/drive/folders/170ab4CD4CLxQzPPj2VtR2b6iEOFmToZq?usp=share_link,1136,GUL EDA,29200.0,a046,2:48:54
TestCase 831,done,IL,,Altay + COSAP,YES,NO,BOWTIE,,Strelka,,hg38,MARK,,,,,14.846011571320686,https://drive.google.com/drive/folders/1qWk2xgn8a5gSRSx8VeGhuTH045OTE1XN?usp=share_link,1199,GUL EDA,29200.0,a046,3:12:52
TestCase 832,done,IL,,Altay + COSAP,NO,YES,BOWTIE,,Strelka,,hg38,MARK,,,,,13.323026230809887,https://drive.google.com/drive/folders/1GP7Tyagbbn0UCwFyWvmpZp2iB0Wl4js9?usp=share_link,1076,GUL EDA,29200.0,a046,4:32:47
TestCase 833,done,IL,,Altay + COSAP,YES,YES,BWA,,SomaticSniper,,hg38,MARK,,,,,18.17676812902316,https://drive.google.com/drive/folders/1ZHcg3BsRh1MFEVaKs4999lLOuS33vG0I?usp=share_link,1468,GUL EDA,29714.0,a068,4:36:16
TestCase 834,done,IL,,Altay + COSAP,NO,NO,BWA,,SomaticSniper,,hg38,MARK,,,,,20.90080694944897,https://drive.google.com/drive/folders/1qLLmGrScbyDLfFF4HJOuYoWPFN7sdo9I?usp=share_link,1688,GUL EDA,29714.0,a068,2:34:58
TestCase 835,done,IL,,Altay + COSAP,YES,NO,BWA,,SomaticSniper,,hg38,MARK,,,,,20.690313040597886,https://drive.google.com/drive/folders/1Fb_8sGcNdvGmSfu-LoZNbm1wa4_2nnd6?usp=share_link,1671,GUL EDA,29714.0,a068,2:48:48
TestCase 836,done,IL,,Altay + COSAP,NO,YES,BWA,,SomaticSniper,,hg38,MARK,,,,,17.83007227915078,https://drive.google.com/drive/folders/10wdNS_2eol7QSRklU4rGoxSVC5qhbeF2?usp=share_link,1440,GUL EDA,29714.0,a068,4:14:56
TestCase 837,done,IL,,Altay + COSAP,YES,YES,BOWTIE,,SomaticSniper,,hg38,MARK,,,,,13.384936204001384,https://drive.google.com/drive/folders/1g49l8JukHVxttCrv1e404cU_CPIlg66E?usp=share_link,1081,GUL EDA,29716.0,a044,5:19:05
TestCase 838,done,IL,,Altay + COSAP,NO,NO,BOWTIE,,SomaticSniper,,hg38,MARK,,,,,10.301819539064896,https://drive.google.com/drive/folders/1pHCHf5yKbhp8TRFJuAZpqgCp_bCxsRH9?usp=share_link,832,GUL EDA,29716.0,a044,3:12:13
TestCase 839,done,IL,,Altay + COSAP,YES,NO,BOWTIE,,SomaticSniper,,hg38,MARK,,,,,16.80236672417195,https://drive.google.com/drive/folders/1UNHENyR5aPyGGZ908cnqKr1E4zLgx8Ac?usp=share_link,1357,GUL EDA,29716.0,a044,3:30:36
TestCase 840,done,IL,,Altay + COSAP,NO,YES,BOWTIE,,SomaticSniper,,hg38,MARK,,,,,8.419756354043423,https://drive.google.com/drive/folders/1c_OGHGSzhliy_U_nD7KFMwAjsxFwVjRS?usp=share_link,680,GUL EDA,29716.0,a044,4:58:51
TestCase 841,done,IL,,Altay + COSAP,YES,YES,BWA,,Mutect,,hg38,DELETE,,,,,13.966889952001445,https://drive.google.com/drive/folders/1t3c0nQlUcTu2yfWBS1EABfZ9rBJj50oG?usp=share_link,1128,GUL EDA,30440.0,a042,8:51:55
TestCase 842,done,IL,,Altay + COSAP,NO,NO,BWA,,Mutect,,hg38,DELETE,,,,,13.929743968086548,https://drive.google.com/drive/folders/1N_tK4v1G30nIMkLC_o35688L6bxHs1SJ?usp=share_link,1125,GUL EDA,30440.0,a042,8:23:48
TestCase 843,done,IL,,Altay + COSAP,YES,NO,BWA,,Mutect,,hg38,DELETE,,,,,13.929743968086548,https://drive.google.com/drive/folders/1LwU8eMhTQO7UCj2Bwv26mKLoq2-pQyqD?usp=share_link,1125,GUL EDA,30440.0,a042,7:52:17
TestCase 844,done,IL,,Altay + COSAP,NO,YES,BWA,,Mutect,,hg38,DELETE,,,,,14.016417930554642,https://drive.google.com/drive/folders/13NYQk6QWDnj6yA0kHa0_Uc21w6nqkRTV?usp=share_link,1132,GUL EDA,30440.0,a042,9:09:52
TestCase 845,done,IL,,Altay + COSAP,YES,YES,BOWTIE,,Mutect,,hg38,DELETE,,,,,13.050622348767307,https://drive.google.com/drive/folders/1ZGY-wEoYP13r2y53bF6mj7qwbG_YTG3b?usp=share_link,1054,GUL EDA,30443.0,a045,9:22:51
TestCase 846,done,IL,,Altay + COSAP,NO,NO,BOWTIE,,Mutect,,hg38,DELETE,,,,,12.914420407746015,https://drive.google.com/drive/folders/1ovuQRFv9XroQfZYv82vqDyrPYbHX0qC6?usp=share_link,1043,GUL EDA,30443.0,a045,11:56:24
TestCase 847,done,IL,,Altay + COSAP,YES,NO,BOWTIE,,Mutect,,hg38,DELETE,,,,,13.013476364852409,https://drive.google.com/drive/folders/1MEBWzt6xWa-4W-0NjHSyRaJhsF8ksyLS?usp=share_link,1051,GUL EDA,30443.0,a045,7:54:23
TestCase 848,done,IL,,Altay + COSAP,NO,YES,BOWTIE,,Mutect,,hg38,DELETE,,,,,12.86489242919282,https://drive.google.com/drive/folders/1Fl6R3JmIJYBLfkIBzsRMPEPuZhCyaCeV?usp=share_link,1039,GUL EDA,30443.0,a045,11:11:46
TestCase 849,done,IL,,Altay + COSAP,YES,YES,BWA,,Strelka,,hg38,DELETE,,,,,21.185592826129845,https://drive.google.com/drive/folders/12c3CJXgsz6wl2sfK_CirnkPWcER62kKI?usp=share_link,1711,GUL EDA,30441.0,a043,4:58:00
TestCase 850,done,IL,,Altay + COSAP,NO,NO,BWA,,Strelka,,hg38,DELETE,,,,,31.71028826868413,https://drive.google.com/drive/folders/1fpwx2K0zbxxVyytlSkuk90wF3mkXABmb?usp=share_link,2561,GUL EDA,30441.0,a043,2:24:24
TestCase 851,done,IL,,Altay + COSAP,YES,NO,BWA,,Strelka,,hg38,DELETE,,,,,32.20556805421609,https://drive.google.com/drive/folders/1-L2B9iy6iEwgrOMFMPddrb4quRg8-LKj?usp=share_link,2601,GUL EDA,30441.0,a043,2:44:19
TestCase 852,done,IL,,Altay + COSAP,NO,YES,BWA,,Strelka,,hg38,DELETE,,,,,20.120741287236125,https://drive.google.com/drive/folders/1N_tK4v1G30nIMkLC_o35688L6bxHs1SJ?usp=share_link,1625,GUL EDA,30441.0,a043,4:34:06
TestCase 853,done,IL,,Altay + COSAP,YES,YES,BOWTIE,,Strelka,,hg38,DELETE,,,,,14.276439817958925,https://drive.google.com/drive/folders/1u9kdhf-9SZjhh35ZOqkUlfhza4iiOcba?usp=share_link,1153,GUL EDA,30444.0,a073,5:34:47
TestCase 854,done,IL,,Altay + COSAP,NO,NO,BOWTIE,,Strelka,,hg38,DELETE,,,,,14.065945909107835,https://drive.google.com/drive/folders/1QtECcgfRumjFI91rwRp5aeZx8h8pCruZ?usp=share_link,1136,GUL EDA,30444.0,a073,2:57:10
TestCase 855,done,IL,,Altay + COSAP,YES,NO,BOWTIE,,Strelka,,hg38,DELETE,,,,,14.846011571320686,https://drive.google.com/drive/folders/17goHc-zGVmLbolSxxmz78i_Ozpc_Xq75?usp=share_link,1199,GUL EDA,30444.0,a073,3:19:24
TestCase 856,done,IL,,Altay + COSAP,NO,YES,BOWTIE,,Strelka,,hg38,DELETE,,,,,13.323026230809887,https://drive.google.com/drive/folders/1QVClRmLLZugJ5ckYD2Y6At1sy2Q-jyaL?usp=share_link,1076,GUL EDA,30444.0,a073,5:11:43
TestCase 857,done,IL,,Altay + COSAP,YES,YES,BWA,,SomaticSniper,,hg38,DELETE,,,,,18.189150123661452,https://drive.google.com/drive/folders/1t8aO7hjofPBJpo-zMiD4DLyCTZyaYp6J?usp=share_link,1469,GUL EDA,30442.0,a044,5:17:33
TestCase 858,done,IL,,Altay + COSAP,NO,NO,BWA,,SomaticSniper,,hg38,DELETE,,,,,20.90080694944897,https://drive.google.com/drive/folders/1z3tuSC_YF7FKHwnDX6OTnXXcXTCOXWMC?usp=share_link,1688,GUL EDA,30442.0,a044,2:46:53
TestCase 859,done,IL,,Altay + COSAP,YES,NO,BWA,,SomaticSniper,,hg38,DELETE,,,,,20.690313040597886,https://drive.google.com/drive/folders/1_RI-5CQNu6-q49ZXb31jgofRd_vGz2qt?usp=share_link,1671,GUL EDA,30442.0,a044,3:06:09
TestCase 860,done,IL,,Altay + COSAP,NO,YES,BWA,,SomaticSniper,,hg38,DELETE,,,,,17.83007227915078,https://drive.google.com/drive/folders/1B3kaQE7ajVKkcPZ7X-xpiVaFVaGQTHPP?usp=share_link,1440,GUL EDA,30442.0,a044,5:11:14
TestCase 861,done,IL,,Altay + COSAP,YES,YES,BOWTIE,,SomaticSniper,,hg38,DELETE,,,,,13.384936204001384,https://drive.google.com/drive/folders/1uRlXD6JjCMMbU756YGz1sTQ4UKpI9fmz?usp=share_link,1081,GUL EDA,30445.0,a046,6:07:54
TestCase 862,done,IL,,Altay + COSAP,NO,NO,BOWTIE,,SomaticSniper,,hg38,DELETE,,,,,10.301819539064896,https://drive.google.com/drive/folders/1LSeQxMzc2AS-VgGqiPdp1QYrgI52HNKv?usp=share_link,832,GUL EDA,30445.0,a046,3:23:52
TestCase 863,done,IL,,Altay + COSAP,YES,NO,BOWTIE,,SomaticSniper,,hg38,DELETE,,,,,16.80236672417195,https://drive.google.com/drive/folders/1rl-6uYToDdMJ67lz_zaqYcqBD01StfGJ?usp=share_link,1357,GUL EDA,30445.0,a046,3:56:29
TestCase 864,done,IL,,Altay + COSAP,NO,YES,BOWTIE,,SomaticSniper,,hg38,DELETE,,,,,8.419756354043423,https://drive.google.com/drive/folders/1LOSXcSSr3IBSoWAau-Lqw6LE9jwGQr2O?usp=share_link,680,GUL EDA,30445.0,a046,5:40:36
