run,TestCaseNo,region,filter,n_input,n_kept,iou,precision,recall,f1
2,2,GRCh38_alldifficultregions,corrected,1261,324,0.20633631194151097,0.7839506172839507,0.21877691645133507,0.34208754208754216
2,2,GRCh38_alldifficultregions,legacy,1261,1151,0.6900584795321637,0.8201563857515204,0.8130921619293713,0.8166089965397924
2,2,GRCh38_alllowmapandsegdupregions,corrected,1261,47,0.030716723549488054,0.7659574468085106,0.031007751937984496,0.05960264900662251
2,2,GRCh38_alllowmapandsegdupregions,legacy,1261,940,0.5796992481203007,0.8202127659574469,0.6640826873385013,0.7339362208472157
2,2,GRCh38_notinalldifficultregions,corrected,1261,937,0.5942249240121581,0.8345784418356457,0.673557278208441,0.7454718779790276
2,2,GRCh38_notinalldifficultregions,legacy,1261,1257,0.7445887445887446,0.8210023866348448,0.8888888888888888,0.8535980148883374
2,2,GRCh38_notinalllowmapandsegdupregions,corrected,1261,1214,0.7272727272727273,0.8237232289950577,0.8613264427217916,0.8421052631578948
2,2,GRCh38_notinalllowmapandsegdupregions,legacy,1261,1261,0.7474747474747475,0.8215701823949246,0.892334194659776,0.8554913294797688
2,2,GRCh38_notinsegdups,corrected,1261,1219,0.730909090909091,0.8244462674323215,0.8656330749354005,0.8445378151260504
2,2,GRCh38_notinsegdups,legacy,1261,1261,0.7474747474747475,0.8215701823949246,0.892334194659776,0.8554913294797688
2,2,GRCh38_segdups,corrected,1261,42,0.026450511945392493,0.7380952380952381,0.026701119724375538,0.051537822111388194
2,2,GRCh38_segdups,legacy,1261,755,0.46932515337423314,0.8105960264900662,0.5271317829457365,0.6388308977035491
8,8,GRCh38_alldifficultregions,corrected,1276,324,0.2082994304312449,0.7901234567901234,0.22049956933677864,0.3447811447811448
8,8,GRCh38_alldifficultregions,legacy,1276,1170,0.6866859623733719,0.8111111111111111,0.8173987941429802,0.8142428142428142
8,8,GRCh38_alllowmapandsegdupregions,corrected,1276,45,0.03076923076923077,0.8,0.031007751937984496,0.059701492537313425
8,8,GRCh38_alllowmapandsegdupregions,legacy,1276,959,0.5762081784386617,0.808133472367049,0.6675279931093885,0.7311320754716981
8,8,GRCh38_notinalldifficultregions,corrected,1276,952,0.5911144578313253,0.8245798319327731,0.6761412575366064,0.743019403691434
8,8,GRCh38_notinalldifficultregions,legacy,1276,1271,0.7421203438395415,0.8151062155782848,0.892334194659776,0.8519736842105262
8,8,GRCh38_notinalllowmapandsegdupregions,corrected,1276,1231,0.7245854361932228,0.8164094232331438,0.8656330749354005,0.8403010033444817
8,8,GRCh38_notinalllowmapandsegdupregions,legacy,1276,1276,0.745702005730659,0.8158307210031348,0.896640826873385,0.8543290931473123
8,8,GRCh38_notinsegdups,corrected,1276,1236,0.7281903388608507,0.8171521035598706,0.8699397071490095,0.8427200667501042
8,8,GRCh38_notinsegdups,legacy,1276,1276,0.745702005730659,0.8158307210031348,0.896640826873385,0.8543290931473123
8,8,GRCh38_segdups,corrected,1276,40,0.026495726495726495,0.775,0.026701119724375538,0.05162364696086595
8,8,GRCh38_segdups,legacy,1276,768,0.47027439024390244,0.8033854166666666,0.5314384151593454,0.6397096941420425
14,14,GRCh38_alldifficultregions,corrected,1293,331,0.20516962843295639,0.7673716012084593,0.21877691645133507,0.34048257372654156
14,14,GRCh38_alldifficultregions,legacy,1293,1184,0.6761972837741244,0.7989864864864865,0.8148148148148148,0.8068230277185501
14,14,GRCh38_alllowmapandsegdupregions,corrected,1293,48,0.030690537084398978,0.75,0.031007751937984496,0.059553349875930514
14,14,GRCh38_alllowmapandsegdupregions,legacy,1293,968,0.5700589970501475,0.7985537190082644,0.6658053402239449,0.7261625176139033
14,14,GRCh38_notinalldifficultregions,corrected,1293,962,0.585511575802838,0.814968814968815,0.6752799310938846,0.7385774846914744
14,14,GRCh38_notinalldifficultregions,legacy,1293,1289,0.730225988700565,0.8021722265321956,0.8906115417743324,0.8440816326530612
14,14,GRCh38_notinalllowmapandsegdupregions,corrected,1293,1245,0.7136752136752137,0.8048192771084337,0.8630490956072352,0.8329177057356608
14,14,GRCh38_notinalllowmapandsegdupregions,legacy,1293,1293,0.7330508474576272,0.802784222737819,0.8940568475452196,0.8459657701711492
14,14,GRCh38_notinsegdups,corrected,1293,1250,0.7172364672364673,0.8056,0.8673557278208441,0.8353380340107839
14,14,GRCh38_notinsegdups,legacy,1293,1293,0.7330508474576272,0.802784222737819,0.8940568475452196,0.8459657701711492
14,14,GRCh38_segdups,corrected,1293,43,0.026427962489343565,0.7209302325581395,0.026701119724375538,0.05149501661129568
14,14,GRCh38_segdups,legacy,1293,777,0.4637462235649547,0.7902187902187903,0.52885443583118,0.6336429308565532
20,20,GRCh38_alldifficultregions,corrected,1237,319,0.20816326530612245,0.799373040752351,0.21963824289405684,0.34459459459459457
20,20,GRCh38_alldifficultregions,legacy,1237,1128,0.7043931496649293,0.8386524822695035,0.8148148148148148,0.8265618173875054
20,20,GRCh38_alllowmapandsegdupregions,corrected,1237,44,0.030795551753635585,0.8181818181818182,0.031007751937984496,0.05975103734439835
20,20,GRCh38_alllowmapandsegdupregions,legacy,1237,919,0.5902140672782875,0.8400435255712732,0.664944013781223,0.7423076923076923
20,20,GRCh38_notinalldifficultregions,corrected,1237,918,0.6041666666666666,0.8529411764705882,0.6744186046511628,0.7532467532467532
20,20,GRCh38_notinalldifficultregions,legacy,1237,1232,0.7595588235294117,0.838474025974026,0.8897502153316107,0.8633514417049728
20,20,GRCh38_notinalllowmapandsegdupregions,corrected,1237,1193,0.7411242603550295,0.8398994132439229,0.8630490956072352,0.8513169073916736
20,20,GRCh38_notinalllowmapandsegdupregions,legacy,1237,1237,0.763235294117647,0.8391269199676638,0.8940568475452196,0.865721434528774
20,20,GRCh38_notinsegdups,corrected,1237,1198,0.7448224852071006,0.840567612687813,0.8673557278208441,0.8537515896566342
20,20,GRCh38_notinsegdups,legacy,1237,1237,0.763235294117647,0.8391269199676638,0.8940568475452196,0.865721434528774
20,20,GRCh38_segdups,corrected,1237,39,0.026518391787852865,0.7948717948717948,0.026701119724375538,0.05166666666666667
20,20,GRCh38_segdups,legacy,1237,738,0.4778210116731518,0.8319783197831978,0.52885443583118,0.6466561348077935
26,26,GRCh38_alldifficultregions,corrected,1082,257,0.1946082561078349,0.8988326848249028,0.19896640826873385,0.3258110014104373
26,26,GRCh38_alldifficultregions,legacy,1082,986,0.7455284552845528,0.9300202839756593,0.7898363479758829,0.8542151839776432
26,26,GRCh38_alllowmapandsegdupregions,corrected,1082,17,0.012027491408934709,0.8235294117647058,0.012058570198105082,0.023769100169779286
26,26,GRCh38_alllowmapandsegdupregions,legacy,1082,799,0.6118421052631579,0.9311639549436797,0.6408268733850129,0.7591836734693878
26,26,GRCh38_notinalldifficultregions,corrected,1082,825,0.6413223140495867,0.9406060606060606,0.6683893195521102,0.7814702920443101
26,26,GRCh38_notinalldifficultregions,legacy,1082,1079,0.8122977346278317,0.9304911955514366,0.8647717484926787,0.8964285714285714
26,26,GRCh38_notinalllowmapandsegdupregions,corrected,1082,1065,0.805352798053528,0.9323943661971831,0.8552971576227391,0.8921832884097034
26,26,GRCh38_notinalllowmapandsegdupregions,legacy,1082,1082,0.8147249190938511,0.9306839186691312,0.8673557278208441,0.8979045920641997
26,26,GRCh38_notinsegdups,corrected,1082,1065,0.805352798053528,0.9323943661971831,0.8552971576227391,0.8921832884097034
26,26,GRCh38_notinsegdups,legacy,1082,1082,0.8147249190938511,0.9306839186691312,0.8673557278208441,0.8979045920641997
26,26,GRCh38_segdups,corrected,1082,17,0.012027491408934709,0.8235294117647058,0.012058570198105082,0.023769100169779286
26,26,GRCh38_segdups,legacy,1082,638,0.4904722452361226,0.9278996865203761,0.5099052540913006,0.6581434130072261
32,32,GRCh38_alldifficultregions,corrected,1094,259,0.1912751677852349,0.8803088803088803,0.19638242894056848,0.3211267605633803
32,32,GRCh38_alldifficultregions,legacy,1094,996,0.7256,0.9106425702811245,0.781223083548665,0.840982846546129
32,32,GRCh38_alllowmapandsegdupregions,corrected,1094,15,0.01117798796216681,0.8666666666666667,0.01119724375538329,0.022108843537414963
32,32,GRCh38_alllowmapandsegdupregions,legacy,1094,806,0.5952960259529603,0.9106699751861043,0.632213608957795,0.7463141840366039
32,32,GRCh38_notinalldifficultregions,corrected,1094,835,0.6280587275693311,0.9221556886227545,0.6632213608957795,0.7715430861723447
32,32,GRCh38_notinalldifficultregions,legacy,1094,1091,0.7915672235481305,0.9120073327222732,0.8570198105081827,0.8836589698046182
32,32,GRCh38_notinalllowmapandsegdupregions,corrected,1094,1079,0.7848605577689243,0.9128822984244671,0.8484065460809647,0.8794642857142857
32,32,GRCh38_notinalllowmapandsegdupregions,legacy,1094,1094,0.7939538583929993,0.9122486288848263,0.859603789836348,0.8851441241685145
32,32,GRCh38_notinsegdups,corrected,1094,1079,0.7848605577689243,0.9128822984244671,0.8484065460809647,0.8794642857142857
32,32,GRCh38_notinsegdups,legacy,1094,1094,0.7939538583929993,0.9122486288848263,0.859603789836348,0.8851441241685145
32,32,GRCh38_segdups,corrected,1094,15,0.01117798796216681,0.8666666666666667,0.01119724375538329,0.022108843537414963
32,32,GRCh38_segdups,legacy,1094,650,0.4795751633986928,0.9030769230769231,0.5055986218776917,0.6482606294864716
38,38,GRCh38_alldifficultregions,corrected,1117,267,0.19298245614035087,0.8651685393258427,0.19896640826873385,0.3235294117647059
38,38,GRCh38_alldifficultregions,legacy,1117,1018,0.7307386814932486,0.9037328094302554,0.7924203273040482,0.8444240477283156
38,38,GRCh38_alllowmapandsegdupregions,corrected,1117,18,0.01201716738197425,0.7777777777777778,0.012058570198105082,0.02374893977947413
38,38,GRCh38_alllowmapandsegdupregions,legacy,1117,827,0.6019339242546333,0.9032648125755743,0.6434108527131783,0.7515090543259557
38,38,GRCh38_notinalldifficultregions,corrected,1117,850,0.6323051948051948,0.9164705882352941,0.6709732988802756,0.7747389358528095
38,38,GRCh38_notinalldifficultregions,legacy,1117,1114,0.7941640378548895,0.9039497307001796,0.8673557278208441,0.8852747252747254
38,38,GRCh38_notinalllowmapandsegdupregions,corrected,1117,1099,0.7879746835443038,0.9062784349408554,0.8578811369509044,0.8814159292035398
38,38,GRCh38_notinalllowmapandsegdupregions,legacy,1117,1117,0.7965299684542587,0.9042076991942704,0.8699397071490095,0.8867427568042142
38,38,GRCh38_notinsegdups,corrected,1117,1099,0.7879746835443038,0.9062784349408554,0.8578811369509044,0.8814159292035398
38,38,GRCh38_notinsegdups,legacy,1117,1117,0.7965299684542587,0.9042076991942704,0.8699397071490095,0.8867427568042142
38,38,GRCh38_segdups,corrected,1117,18,0.01201716738197425,0.7777777777777778,0.012058570198105082,0.02374893977947413
38,38,GRCh38_segdups,legacy,1117,663,0.48413344182262,0.8974358974358975,0.512489233419466,0.6524122807017544
44,44,GRCh38_alldifficultregions,corrected,1075,256,0.1907563025210084,0.88671875,0.19552110249784668,0.3203952011291461
44,44,GRCh38_alldifficultregions,legacy,1075,978,0.733387358184765,0.9253578732106339,0.7795004306632214,0.8461898083216457
44,44,GRCh38_alllowmapandsegdupregions,corrected,1075,14,0.010318142734307825,0.8571428571428571,0.0103359173126615,0.02042553191489362
44,44,GRCh38_alllowmapandsegdupregions,legacy,1075,791,0.6,0.9254108723135271,0.6304909560723514,0.75
44,44,GRCh38_notinalldifficultregions,corrected,1075,819,0.6350123864574732,0.938949938949939,0.6623600344530577,0.7767676767676768
44,44,GRCh38_notinalldifficultregions,legacy,1075,1072,0.8008064516129032,0.9263059701492538,0.8552971576227391,0.8893864755933722
44,44,GRCh38_notinalllowmapandsegdupregions,corrected,1075,1061,0.7948303715670436,0.9274269557021678,0.8475452196382429,0.8856885688568858
44,44,GRCh38_notinalllowmapandsegdupregions,legacy,1075,1075,0.8032258064516129,0.9265116279069767,0.8578811369509044,0.89087656529517
44,44,GRCh38_notinsegdups,corrected,1075,1061,0.7948303715670436,0.9274269557021678,0.8475452196382429,0.8856885688568858
44,44,GRCh38_notinsegdups,legacy,1075,1075,0.8032258064516129,0.9265116279069767,0.8578811369509044,0.89087656529517
44,44,GRCh38_segdups,corrected,1075,14,0.010318142734307825,0.8571428571428571,0.0103359173126615,0.02042553191489362
44,44,GRCh38_segdups,legacy,1075,633,0.48142031379025596,0.9210110584518167,0.5021533161068045,0.6499442586399108
50,50,GRCh38_alldifficultregions,corrected,1915,565,0.1797676008202324,0.4654867256637168,0.22652885443583118,0.3047508690614137
50,50,GRCh38_alldifficultregions,legacy,1915,1763,0.49871860584315736,0.5519001701644923,0.8380706287683032,0.6655266757865937
50,50,GRCh38_alllowmapandsegdupregions,corrected,1915,69,0.03101424979044426,0.5362318840579711,0.03186907838070629,0.06016260162601626
50,50,GRCh38_alllowmapandsegdupregions,legacy,1915,1449,0.4348543155579989,0.5458937198067633,0.6813092161929372,0.6061302681992337
50,50,GRCh38_notinalldifficultregions,corrected,1915,1350,0.47014051522248246,0.5948148148148148,0.6916451335055986,0.6395858223815213
50,50,GRCh38_notinalldifficultregions,legacy,1915,1909,0.5288844621513944,0.5563122053431115,0.9147286821705426,0.69185667752443
50,50,GRCh38_notinalllowmapandsegdupregions,corrected,1915,1846,0.5202224469160769,0.557421451787649,0.8863049095607235,0.6844030595277686
50,50,GRCh38_notinalllowmapandsegdupregions,legacy,1915,1915,0.5303482587064676,0.5566579634464752,0.9181739879414298,0.693107932379714
50,50,GRCh38_notinsegdups,corrected,1915,1852,0.5217171717171717,0.5577753779697624,0.8897502153316107,0.6856953202787919
50,50,GRCh38_notinsegdups,legacy,1915,1915,0.5303482587064676,0.5566579634464752,0.9181739879414298,0.693107932379714
50,50,GRCh38_segdups,corrected,1915,63,0.027707808564231738,0.5238095238095238,0.028423772609819122,0.05392156862745098
50,50,GRCh38_segdups,legacy,1915,1158,0.37626112759643915,0.5474956822107081,0.5460809646856158,0.5467874083656749
56,56,GRCh38_alldifficultregions,corrected,2245,645,0.16968911917098445,0.4062015503875969,0.22566752799310938,0.29014396456256925
56,56,GRCh38_alldifficultregions,legacy,2245,2060,0.43346684468179797,0.4728155339805825,0.8389319552110249,0.6047811238745731
56,56,GRCh38_alllowmapandsegdupregions,corrected,2245,78,0.030782029950083195,0.47435897435897434,0.03186907838070629,0.05972558514931396
56,56,GRCh38_alllowmapandsegdupregions,legacy,2245,1704,0.38205499276411,0.4647887323943662,0.6821705426356589,0.5528795811518324
56,56,GRCh38_notinalldifficultregions,corrected,2245,1600,0.41155419222903883,0.503125,0.6933677863910422,0.5831220572256429
56,56,GRCh38_notinalldifficultregions,legacy,2245,2239,0.4542343883661249,0.4743188923626619,0.9147286821705426,0.6247058823529411
56,56,GRCh38_notinalllowmapandsegdupregions,corrected,2245,2167,0.4482158398607485,0.47531149053991695,0.8871662360034454,0.6189903846153846
56,56,GRCh38_notinalllowmapandsegdupregions,legacy,2245,2245,0.4561778537836682,0.4752783964365256,0.9190353143841516,0.6265413975337639
56,56,GRCh38_notinsegdups,corrected,2245,2175,0.44917463075586445,0.4754022988505747,0.8906115417743324,0.6199040767386091
56,56,GRCh38_notinsegdups,legacy,2245,2245,0.4561778537836682,0.4752783964365256,0.9190353143841516,0.6265413975337639
56,56,GRCh38_segdups,corrected,2245,70,0.027545909849749584,0.4714285714285714,0.028423772609819122,0.053614947197400495
56,56,GRCh38_segdups,legacy,2245,1376,0.33385909568874866,0.46148255813953487,0.5469422911283376,0.5005912495072921
62,62,GRCh38_alldifficultregions,corrected,2343,711,0.163455562461156,0.369901547116737,0.22652885443583118,0.280982905982906
62,62,GRCh38_alldifficultregions,legacy,2343,2151,0.41659538066723695,0.4528126452812645,0.8389319552110249,0.5881642512077295
62,62,GRCh38_alllowmapandsegdupregions,corrected,2343,75,0.030859049207673062,0.49333333333333335,0.03186907838070629,0.0598705501618123
62,62,GRCh38_alllowmapandsegdupregions,legacy,2343,1774,0.36957536164255717,0.4464487034949267,0.6821705426356589,0.5396933560477001
62,62,GRCh38_notinalldifficultregions,corrected,2343,1632,0.4042232277526395,0.49264705882352944,0.6925064599483204,0.5757250268528464
62,62,GRCh38_notinalldifficultregions,legacy,2343,2337,0.43655030800821354,0.4548566538296962,0.9155900086132644,0.6077758719268153
62,62,GRCh38_notinalllowmapandsegdupregions,corrected,2343,2268,0.42934556065027096,0.4541446208112875,0.8871662360034454,0.6007582385535142
62,62,GRCh38_notinalllowmapandsegdupregions,legacy,2343,2343,0.43783340172343044,0.45539906103286387,0.9190353143841516,0.6090182648401826
62,62,GRCh38_notinsegdups,corrected,2343,2275,0.43047460449625313,0.4545054945054945,0.8906115417743324,0.6018626309662398
62,62,GRCh38_notinsegdups,legacy,2343,2343,0.43783340172343044,0.45539906103286387,0.9190353143841516,0.6090182648401826
62,62,GRCh38_segdups,corrected,2343,68,0.027591973244147156,0.4852941176470588,0.028423772609819122,0.053702196908055326
62,62,GRCh38_segdups,legacy,2343,1428,0.3249744114636643,0.44467787114845936,0.5469422911283376,0.4905368868288914
68,68,GRCh38_alldifficultregions,corrected,1809,527,0.18373071528751753,0.4971537001897533,0.22566752799310938,0.3104265402843602
68,68,GRCh38_alldifficultregions,legacy,1809,1664,0.5245547760388559,0.5841346153846154,0.8372093023255814,0.6881415929203539
68,68,GRCh38_alllowmapandsegdupregions,corrected,1809,72,0.030936454849498328,0.5138888888888888,0.03186907838070629,0.0600162206001622
68,68,GRCh38_alllowmapandsegdupregions,legacy,1809,1372,0.4549109707064905,0.577259475218659,0.6821705426356589,0.6253454401894987
68,68,GRCh38_notinalldifficultregions,corrected,1809,1282,0.4896341463414634,0.6263650546021841,0.6916451335055986,0.6573884568153908
68,68,GRCh38_notinalldifficultregions,legacy,1809,1803,0.5567226890756303,0.5879090404880755,0.9130060292850991,0.7152496626180836
68,68,GRCh38_notinalllowmapandsegdupregions,corrected,1809,1737,0.5497326203208556,0.5918249856073691,0.8854435831180018,0.7094547964113183
68,68,GRCh38_notinalllowmapandsegdupregions,legacy,1809,1809,0.5590551181102362,0.5887230514096186,0.917312661498708,0.7171717171717172
68,68,GRCh38_notinsegdups,corrected,1809,1744,0.5509877202349173,0.591743119266055,0.8888888888888888,0.7104991394148021
68,68,GRCh38_notinsegdups,legacy,1809,1809,0.5590551181102362,0.5887230514096186,0.917312661498708,0.7171717171717172
68,68,GRCh38_segdups,corrected,1809,65,0.027661357921207042,0.5076923076923077,0.028423772609819122,0.053833605220228384
68,68,GRCh38_segdups,legacy,1809,1110,0.38814180929095354,0.5720720720720721,0.5469422911283376,0.5592250110083664
74,74,GRCh38_alldifficultregions,corrected,1193,330,0.17586750788643532,0.6757575757575758,0.1920757967269595,0.29912810194500333
74,74,GRCh38_alldifficultregions,legacy,1193,1101,0.6031183557760453,0.7729336966394187,0.7329888027562446,0.7524314765694076
74,74,GRCh38_alllowmapandsegdupregions,corrected,1193,34,0.022241231822070145,0.7647058823529411,0.02239448751076658,0.04351464435146444
74,74,GRCh38_alllowmapandsegdupregions,legacy,1193,905,0.5058309037900874,0.7668508287292818,0.5977605512489234,0.6718296224588578
74,74,GRCh38_notinalldifficultregions,corrected,1193,863,0.5403348554033486,0.8227114716106605,0.611541774332472,0.7015810276679842
74,74,GRCh38_notinalldifficultregions,legacy,1193,1189,0.6537649542575651,0.7813288477712363,0.8001722652885443,0.7906382978723404
74,74,GRCh38_notinalllowmapandsegdupregions,corrected,1193,1159,0.6418966737438075,0.7825711820534944,0.781223083548665,0.781896551724138
74,74,GRCh38_notinalllowmapandsegdupregions,legacy,1193,1193,0.6565798733286418,0.7820620284995808,0.8036175710594315,0.7926932880203906
74,74,GRCh38_notinsegdups,corrected,1193,1162,0.6428571428571429,0.7822719449225474,0.7829457364341085,0.782608695652174
74,74,GRCh38_notinsegdups,legacy,1193,1193,0.6565798733286418,0.7820620284995808,0.8036175710594315,0.7926932880203906
74,74,GRCh38_segdups,corrected,1193,31,0.02054794520547945,0.7741935483870968,0.020671834625323,0.04026845637583893
74,74,GRCh38_segdups,legacy,1193,729,0.41679160419790107,0.7626886145404664,0.4788975021533161,0.5883597883597884
80,80,GRCh38_alldifficultregions,corrected,1131,307,0.17346123101518784,0.7068403908794788,0.18690783807062877,0.2956403269754769
80,80,GRCh38_alldifficultregions,legacy,1131,1051,0.5971119133574008,0.7868696479543292,0.7123169681309216,0.747739602169982
80,80,GRCh38_alllowmapandsegdupregions,corrected,1131,30,0.02056555269922879,0.8,0.020671834625323,0.0403022670025189
80,80,GRCh38_alllowmapandsegdupregions,legacy,1131,866,0.5003700962250185,0.7806004618937644,0.5822566752799311,0.6669955599407992
80,80,GRCh38_notinalldifficultregions,corrected,1131,824,0.5269230769230769,0.8313106796116505,0.5900086132644272,0.6901763224181361
80,80,GRCh38_notinalldifficultregions,legacy,1131,1128,0.6467625899280576,0.7969858156028369,0.7743324720068906,0.7854958497160334
80,80,GRCh38_notinalllowmapandsegdupregions,corrected,1131,1101,0.634393063583815,0.7974568574023615,0.756244616709733,0.7763041556145005
80,80,GRCh38_notinalllowmapandsegdupregions,legacy,1131,1131,0.6489208633093525,0.7975243147656941,0.7769164513350559,0.787085514834206
80,80,GRCh38_notinsegdups,corrected,1131,1103,0.6358381502890174,0.7978241160471442,0.7579672695951766,0.7773851590106006
80,80,GRCh38_notinsegdups,legacy,1131,1131,0.6489208633093525,0.7975243147656941,0.7769164513350559,0.787085514834206
80,80,GRCh38_segdups,corrected,1131,28,0.018851756640959727,0.7857142857142857,0.018949181739879414,0.03700588730025232
80,80,GRCh38_segdups,legacy,1131,699,0.4133738601823708,0.7782546494992847,0.46856158484065463,0.5849462365591398
86,86,GRCh38_alldifficultregions,corrected,1230,346,0.17367601246105918,0.6445086705202312,0.1920757967269595,0.2959522229595222
86,86,GRCh38_alldifficultregions,legacy,1230,1138,0.5888044229440221,0.7486818980667839,0.7338501291989664,0.7411918225315355
86,86,GRCh38_alllowmapandsegdupregions,corrected,1230,35,0.022222222222222223,0.7428571428571429,0.02239448751076658,0.04347826086956522
86,86,GRCh38_alllowmapandsegdupregions,legacy,1230,938,0.495014245014245,0.7409381663113006,0.5986218776916451,0.662220104811815
86,86,GRCh38_notinalldifficultregions,corrected,1230,884,0.532983508245877,0.8042986425339367,0.6124031007751938,0.6953545232273839
86,86,GRCh38_notinalldifficultregions,legacy,1230,1226,0.6382978723404256,0.7585644371941273,0.8010335917312662,0.7792207792207793
86,86,GRCh38_notinalllowmapandsegdupregions,corrected,1230,1195,0.6270718232044199,0.7598326359832636,0.7820844099913867,0.7707979626485568
86,86,GRCh38_notinalllowmapandsegdupregions,legacy,1230,1230,0.6410432395332876,0.759349593495935,0.8044788975021533,0.781263069845253
86,86,GRCh38_notinsegdups,corrected,1230,1198,0.6280193236714976,0.7595993322203672,0.7838070628768303,0.7715133531157269
86,86,GRCh38_notinsegdups,legacy,1230,1230,0.6410432395332876,0.759349593495935,0.8044788975021533,0.781263069845253
86,86,GRCh38_segdups,corrected,1230,32,0.020530367835757058,0.75,0.020671834625323,0.040234702430846606
86,86,GRCh38_segdups,legacy,1230,760,0.4083577712609971,0.7328947368421053,0.4797588285960379,0.5799062988027069
92,92,GRCh38_alldifficultregions,corrected,1080,285,0.1784841075794621,0.7684210526315789,0.18863049095607234,0.30290456431535273
92,92,GRCh38_alldifficultregions,legacy,1080,1000,0.6199400299850075,0.827,0.7123169681309216,0.7653863951874131
92,92,GRCh38_alllowmapandsegdupregions,corrected,1080,31,0.021422450728363324,0.8064516129032258,0.02153316106804479,0.04194630872483222
92,92,GRCh38_alllowmapandsegdupregions,legacy,1080,826,0.516793893129771,0.8196125907990315,0.5831180017226529,0.6814292903875189
92,92,GRCh38_notinalldifficultregions,corrected,1080,795,0.5365278868813825,0.8591194968553459,0.5882859603789836,0.698364008179959
92,92,GRCh38_notinalldifficultregions,legacy,1080,1076,0.6706497386109037,0.8345724907063197,0.7734711455641688,0.8028609745194456
92,92,GRCh38_notinalllowmapandsegdupregions,corrected,1080,1049,0.6579144786196549,0.8360343183984748,0.7553832902670112,0.7936651583710409
92,92,GRCh38_notinalllowmapandsegdupregions,legacy,1080,1080,0.6736370425690814,0.8351851851851851,0.7769164513350559,0.8049977688531905
92,92,GRCh38_notinsegdups,corrected,1080,1051,0.6594148537134283,0.8363463368220743,0.7571059431524548,0.7947558770343581
92,92,GRCh38_notinsegdups,legacy,1080,1080,0.6736370425690814,0.8351851851851851,0.7769164513350559,0.8049977688531905
92,92,GRCh38_segdups,corrected,1080,29,0.01970865467009426,0.7931034482758621,0.019810508182601206,0.038655462184873944
92,92,GRCh38_segdups,legacy,1080,664,0.42578125,0.8207831325301205,0.4694229112833764,0.5972602739726027
98,98,GRCh38_alldifficultregions,corrected,1550,620,0.13729246487867178,0.3467741935483871,0.18518518518518517,0.2414373947220662
98,98,GRCh38_alldifficultregions,legacy,1550,1449,0.4380165289256198,0.5486542443064182,0.6847545219638242,0.6091954022988505
98,98,GRCh38_alllowmapandsegdupregions,corrected,1550,161,0.02242846094354215,0.18012422360248448,0.024978466838931956,0.04387291981845689
98,98,GRCh38_alllowmapandsegdupregions,legacy,1550,1202,0.3851113716295428,0.5465890183028286,0.5658914728682171,0.5560727888277613
98,98,GRCh38_notinalldifficultregions,corrected,1550,930,0.4551148225469729,0.7032258064516129,0.5633074935400517,0.6255380200860832
98,98,GRCh38_notinalldifficultregions,legacy,1550,1542,0.470620239390642,0.5609597924773022,0.7450473729543498,0.6400295967443581
98,98,GRCh38_notinalllowmapandsegdupregions,corrected,1550,1389,0.49122807017543857,0.6047516198704104,0.7235142118863049,0.6588235294117647
98,98,GRCh38_notinalllowmapandsegdupregions,legacy,1550,1548,0.4722826086956522,0.5613695090439277,0.7484926787252368,0.6415651531930602
98,98,GRCh38_notinsegdups,corrected,1550,1392,0.49298245614035086,0.6056034482758621,0.7260981912144703,0.6603995299647473
98,98,GRCh38_notinsegdups,legacy,1550,1548,0.4722826086956522,0.5613695090439277,0.7484926787252368,0.6415651531930602
98,98,GRCh38_segdups,corrected,1550,158,0.020108275328692964,0.16455696202531644,0.02239448751076658,0.039423805913570885
98,98,GRCh38_segdups,legacy,1550,995,0.32432432432432434,0.5306532663316583,0.45478036175710596,0.4897959183673469
104,104,GRCh38_alldifficultregions,corrected,1543,601,0.1411917098445596,0.3627287853577371,0.18776916451335057,0.24744608399545973
104,104,GRCh38_alldifficultregions,legacy,1543,1440,0.44741235392320533,0.5583333333333333,0.6925064599483204,0.6182237600922722
104,104,GRCh38_alllowmapandsegdupregions,corrected,1543,145,0.022709475332811275,0.2,0.024978466838931956,0.0444104134762634
104,104,GRCh38_alllowmapandsegdupregions,legacy,1543,1188,0.3940652818991098,0.5589225589225589,0.5719207579672696,0.5653469561515538
104,104,GRCh38_notinalldifficultregions,corrected,1543,942,0.4573804573804574,0.7006369426751592,0.5684754521963824,0.6276747503566334
104,104,GRCh38_notinalldifficultregions,legacy,1543,1537,0.4791666666666667,0.5686402081977879,0.7527993109388458,0.647887323943662
104,104,GRCh38_notinalllowmapandsegdupregions,corrected,1543,1398,0.4964912280701754,0.6072961373390557,0.7312661498708011,0.6635404454865181
104,104,GRCh38_notinalllowmapandsegdupregions,legacy,1543,1543,0.48083242059145676,0.5690213869086196,0.756244616709733,0.6494082840236687
104,104,GRCh38_notinsegdups,corrected,1543,1403,0.4976635514018692,0.6072701354240913,0.7338501291989664,0.6645865834633385
104,104,GRCh38_notinsegdups,legacy,1543,1543,0.48083242059145676,0.5690213869086196,0.756244616709733,0.6494082840236687
104,104,GRCh38_segdups,corrected,1543,140,0.0203921568627451,0.18571428571428572,0.02239448751076658,0.03996925441967717
104,104,GRCh38_segdups,legacy,1543,978,0.3310516490354698,0.5439672801635992,0.4582256675279931,0.49742870500233755
110,110,GRCh38_alldifficultregions,corrected,1600,631,0.13994910941475827,0.3486529318541997,0.18949181739879414,0.24553571428571433
110,110,GRCh38_alldifficultregions,legacy,1600,1498,0.43729729729729727,0.5400534045393859,0.6968130921619293,0.6084994358781497
110,110,GRCh38_alllowmapandsegdupregions,corrected,1600,145,0.022709475332811275,0.2,0.024978466838931956,0.0444104134762634
110,110,GRCh38_alllowmapandsegdupregions,legacy,1600,1230,0.38689095127610207,0.5422764227642276,0.5745047372954349,0.5579255541614387
110,110,GRCh38_notinalldifficultregions,corrected,1600,969,0.45194274028629855,0.6842105263157895,0.5710594315245479,0.6225352112676056
110,110,GRCh38_notinalldifficultregions,legacy,1600,1592,0.46905016008537886,0.5521356783919598,0.7571059431524548,0.6385760988013076
110,110,GRCh38_notinalllowmapandsegdupregions,corrected,1600,1455,0.48467650397275824,0.5869415807560138,0.73557278208441,0.6529051987767583
110,110,GRCh38_notinalllowmapandsegdupregions,legacy,1600,1598,0.470682302771855,0.5525657071339174,0.7605512489233419,0.6400869880391447
110,110,GRCh38_notinsegdups,corrected,1600,1458,0.48637911464245176,0.5877914951989026,0.7381567614125754,0.6544482626956853
110,110,GRCh38_notinsegdups,legacy,1600,1598,0.470682302771855,0.5525657071339174,0.7605512489233419,0.6400869880391447
110,110,GRCh38_segdups,corrected,1600,142,0.020360219263899765,0.18309859154929578,0.02239448751076658,0.03990790483499616
110,110,GRCh38_segdups,legacy,1600,1019,0.3260340632603406,0.5260058881256133,0.4616709732988803,0.491743119266055
116,116,GRCh38_alldifficultregions,corrected,1473,578,0.13883431565160445,0.36678200692041524,0.1826012058570198,0.24381828637147784
116,116,GRCh38_alldifficultregions,legacy,1473,1373,0.4471730439748715,0.5702840495265841,0.6744186046511628,0.6179952644041041
116,116,GRCh38_alllowmapandsegdupregions,corrected,1473,149,0.0218408736349454,0.18791946308724833,0.024117140396210164,0.042748091603053436
116,116,GRCh38_alllowmapandsegdupregions,legacy,1473,1141,0.39177750906892383,0.567922874671341,0.5581395348837209,0.5629887054735012
116,116,GRCh38_notinalldifficultregions,corrected,1473,895,0.4571226080793763,0.7206703910614525,0.5555555555555556,0.627431906614786
116,116,GRCh38_notinalldifficultregions,legacy,1473,1467,0.48056338028169016,0.5814587593728698,0.7347114556416882,0.6491628614916286
116,116,GRCh38_notinalllowmapandsegdupregions,corrected,1473,1324,0.5006038647342995,0.6261329305135952,0.7140396210163652,0.6672032193158954
116,116,GRCh38_notinalllowmapandsegdupregions,legacy,1473,1473,0.48227349465391106,0.581805838424983,0.7381567614125754,0.6507213363705391
116,116,GRCh38_notinsegdups,corrected,1473,1328,0.5021122510561256,0.6265060240963856,0.7166236003445305,0.6685415829650463
116,116,GRCh38_notinsegdups,legacy,1473,1473,0.48227349465391106,0.581805838424983,0.7381567614125754,0.6507213363705391
116,116,GRCh38_segdups,corrected,1473,145,0.0195160031225605,0.1724137931034483,0.02153316106804479,0.03828483920367535
116,116,GRCh38_segdups,legacy,1473,943,0.32744479495268136,0.5503711558854719,0.4470284237726098,0.49334600760456276
122,122,GRCh38_alldifficultregions,corrected,1211,354,0.1339820359281437,0.5056497175141242,0.15417743324720068,0.23630363036303628
122,122,GRCh38_alldifficultregions,legacy,1211,1121,0.4808565866320571,0.6610169491525424,0.6382428940568475,0.64943032427695
122,122,GRCh38_alllowmapandsegdupregions,corrected,1211,6,0.0034393809114359416,0.6666666666666666,0.0034453057708871662,0.006855184233076263
122,122,GRCh38_alllowmapandsegdupregions,legacy,1211,922,0.4102911306702776,0.6572668112798264,0.5219638242894057,0.5818530964954393
122,122,GRCh38_notinalldifficultregions,corrected,1211,857,0.45809248554913296,0.7397899649941657,0.5460809646856158,0.6283448959365708
122,122,GRCh38_notinalldifficultregions,legacy,1211,1209,0.5202052597819115,0.6708023159636063,0.6985357450473729,0.6843881856540084
122,122,GRCh38_notinalllowmapandsegdupregions,corrected,1211,1205,0.5195889531149647,0.6713692946058091,0.6968130921619293,0.68385460693153
122,122,GRCh38_notinalllowmapandsegdupregions,legacy,1211,1211,0.5214881334188582,0.671345995045417,0.7002583979328165,0.6854974704890389
122,122,GRCh38_notinsegdups,corrected,1211,1205,0.5195889531149647,0.6713692946058091,0.6968130921619293,0.68385460693153
122,122,GRCh38_notinsegdups,legacy,1211,1211,0.5214881334188582,0.671345995045417,0.7002583979328165,0.6854974704890389
122,122,GRCh38_segdups,corrected,1211,6,0.0034393809114359416,0.6666666666666666,0.0034453057708871662,0.006855184233076263
122,122,GRCh38_segdups,legacy,1211,742,0.34203102961918197,0.6536388140161725,0.4177433247200689,0.509721492380452
128,128,GRCh38_alldifficultregions,corrected,758,218,0.07566302652106084,0.44495412844036697,0.08354866494401378,0.1406816533720087
128,128,GRCh38_alldifficultregions,legacy,758,691,0.2969187675070028,0.613603473227207,0.3652024117140396,0.45788336933045354
128,128,GRCh38_alllowmapandsegdupregions,corrected,758,1,0.0,0.0,0.0,0.0
128,128,GRCh38_alllowmapandsegdupregions,legacy,758,557,0.2521865889212828,0.6211849192100538,0.2980189491817399,0.40279394644935973
128,128,GRCh38_notinalldifficultregions,corrected,758,540,0.28863636363636364,0.7055555555555556,0.3281653746770026,0.44797178130511456
128,128,GRCh38_notinalldifficultregions,legacy,758,757,0.33102012491325467,0.6301188903566711,0.4108527131782946,0.4973931178310741
128,128,GRCh38_notinalllowmapandsegdupregions,corrected,758,757,0.33194444444444443,0.631439894319683,0.4117140396210164,0.4984358706986445
128,128,GRCh38_notinalllowmapandsegdupregions,legacy,758,758,0.33171408743927827,0.6306068601583114,0.4117140396210164,0.4981761334028141
128,128,GRCh38_notinsegdups,corrected,758,757,0.33194444444444443,0.631439894319683,0.4117140396210164,0.4984358706986445
128,128,GRCh38_notinsegdups,legacy,758,758,0.33171408743927827,0.6306068601583114,0.4117140396210164,0.4981761334028141
128,128,GRCh38_segdups,corrected,758,1,0.0,0.0,0.0,0.0
128,128,GRCh38_segdups,legacy,758,445,0.20299625468164795,0.6089887640449438,0.23341946597760552,0.33748443337484435
134,134,GRCh38_alldifficultregions,corrected,1401,440,0.1314487632508834,0.42272727272727273,0.16020671834625322,0.23235477826358525
134,134,GRCh38_alldifficultregions,legacy,1401,1305,0.45229681978798586,0.5885057471264368,0.661498708010336,0.6228710462287104
134,134,GRCh38_alllowmapandsegdupregions,corrected,1401,7,0.003436426116838488,0.5714285714285714,0.0034453057708871662,0.006849315068493151
134,134,GRCh38_alllowmapandsegdupregions,legacy,1401,1055,0.3928346951602766,0.5924170616113744,0.5383290267011197,0.5640794223826716
134,134,GRCh38_notinalldifficultregions,corrected,1401,961,0.44648943421949555,0.6815816857440167,0.5641688199827735,0.6173421300659755
134,134,GRCh38_notinalldifficultregions,legacy,1401,1399,0.4875072632190587,0.5997140814867763,0.7226528854435831,0.6554687499999999
134,134,GRCh38_notinalllowmapandsegdupregions,corrected,1401,1394,0.4871944121071013,0.6004304160688666,0.7209302325581395,0.6551859099804305
134,134,GRCh38_notinalllowmapandsegdupregions,legacy,1401,1401,0.4886693782684486,0.6002855103497502,0.7243755383290267,0.6565183450429353
134,134,GRCh38_notinsegdups,corrected,1401,1394,0.4871944121071013,0.6004304160688666,0.7209302325581395,0.6551859099804305
134,134,GRCh38_notinsegdups,legacy,1401,1401,0.4886693782684486,0.6002855103497502,0.7243755383290267,0.6565183450429353
134,134,GRCh38_segdups,corrected,1401,7,0.003436426116838488,0.5714285714285714,0.0034453057708871662,0.006849315068493151
134,134,GRCh38_segdups,legacy,1401,855,0.32981530343007914,0.5847953216374269,0.4306632213608958,0.49603174603174605
140,140,GRCh38_alldifficultregions,corrected,639,161,0.07742461287693561,0.5900621118012422,0.0818260120585702,0.1437216338880484
140,140,GRCh38_alldifficultregions,legacy,639,576,0.31491294473883424,0.7222222222222222,0.35831180017226527,0.47898675877950486
140,140,GRCh38_alllowmapandsegdupregions,corrected,639,0,0.0,,0.0,
140,140,GRCh38_alllowmapandsegdupregions,legacy,639,470,0.26434108527131783,0.725531914893617,0.29371231696813094,0.41814837522992027
140,140,GRCh38_notinalldifficultregions,corrected,639,478,0.2956521739130435,0.7824267782426778,0.32213608957795004,0.4563758389261745
140,140,GRCh38_notinalldifficultregions,legacy,639,638,0.3516153268219384,0.7335423197492164,0.40310077519379844,0.5202890494719289
140,140,GRCh38_notinalllowmapandsegdupregions,corrected,639,639,0.35236664162284,0.7339593114241002,0.40396210163652024,0.5211111111111112
140,140,GRCh38_notinalllowmapandsegdupregions,legacy,639,639,0.35236664162284,0.7339593114241002,0.40396210163652024,0.5211111111111112
140,140,GRCh38_notinsegdups,corrected,639,639,0.35236664162284,0.7339593114241002,0.40396210163652024,0.5211111111111112
140,140,GRCh38_notinsegdups,legacy,639,639,0.35236664162284,0.7339593114241002,0.40396210163652024,0.5211111111111112
140,140,GRCh38_segdups,corrected,639,0,0.0,,0.0,
140,140,GRCh38_segdups,legacy,639,369,0.21044303797468356,0.7208672086720868,0.22911283376399655,0.3477124183006536
147,147,GRCh38_alldifficultregions,corrected,956,246,0.18734177215189873,0.9024390243902439,0.19121447028423771,0.31556503198294245
147,147,GRCh38_alldifficultregions,legacy,956,881,0.6588139723801787,0.9205448354143019,0.6985357450473729,0.7943192948090108
147,147,GRCh38_alllowmapandsegdupregions,corrected,956,43,0.02555366269165247,0.6976744186046512,0.025839793281653745,0.04983388704318936
147,147,GRCh38_alllowmapandsegdupregions,legacy,956,721,0.5438884331419196,0.9195561719833565,0.5710594315245479,0.7045696068012753
147,147,GRCh38_notinalldifficultregions,corrected,956,710,0.5488410596026491,0.9338028169014084,0.5710594315245479,0.7087119187600213
147,147,GRCh38_notinalldifficultregions,legacy,956,952,0.7150974025974026,0.9254201680672269,0.7588285960378983,0.8338854708944629
147,147,GRCh38_notinalllowmapandsegdupregions,corrected,956,913,0.7013945857260049,0.9364731653888281,0.7364341085271318,0.8244937319189971
147,147,GRCh38_notinalllowmapandsegdupregions,legacy,956,956,0.7183441558441559,0.9257322175732218,0.7622739018087855,0.8360888049126122
147,147,GRCh38_notinsegdups,corrected,956,918,0.7040983606557377,0.9357298474945533,0.739879414298019,0.8263588263588264
147,147,GRCh38_notinsegdups,legacy,956,956,0.7183441558441559,0.9257322175732218,0.7622739018087855,0.8360888049126122
147,147,GRCh38_segdups,corrected,956,38,0.02216538789428815,0.6842105263157895,0.02239448751076658,0.043369474562135114
147,147,GRCh38_segdups,legacy,956,574,0.43625827814569534,0.9181184668989547,0.45391903531438416,0.607492795389049
148,148,GRCh38_alldifficultregions,corrected,1261,324,0.20633631194151097,0.7839506172839507,0.21877691645133507,0.34208754208754216
148,148,GRCh38_alldifficultregions,legacy,1261,1151,0.6900584795321637,0.8201563857515204,0.8130921619293713,0.8166089965397924
148,148,GRCh38_alllowmapandsegdupregions,corrected,1261,47,0.030716723549488054,0.7659574468085106,0.031007751937984496,0.05960264900662251
148,148,GRCh38_alllowmapandsegdupregions,legacy,1261,940,0.5796992481203007,0.8202127659574469,0.6640826873385013,0.7339362208472157
148,148,GRCh38_notinalldifficultregions,corrected,1261,937,0.5942249240121581,0.8345784418356457,0.673557278208441,0.7454718779790276
148,148,GRCh38_notinalldifficultregions,legacy,1261,1257,0.7445887445887446,0.8210023866348448,0.8888888888888888,0.8535980148883374
148,148,GRCh38_notinalllowmapandsegdupregions,corrected,1261,1214,0.7272727272727273,0.8237232289950577,0.8613264427217916,0.8421052631578948
148,148,GRCh38_notinalllowmapandsegdupregions,legacy,1261,1261,0.7474747474747475,0.8215701823949246,0.892334194659776,0.8554913294797688
148,148,GRCh38_notinsegdups,corrected,1261,1219,0.730909090909091,0.8244462674323215,0.8656330749354005,0.8445378151260504
148,148,GRCh38_notinsegdups,legacy,1261,1261,0.7474747474747475,0.8215701823949246,0.892334194659776,0.8554913294797688
148,148,GRCh38_segdups,corrected,1261,42,0.026450511945392493,0.7380952380952381,0.026701119724375538,0.051537822111388194
148,148,GRCh38_segdups,legacy,1261,755,0.46932515337423314,0.8105960264900662,0.5271317829457365,0.6388308977035491
149,149,GRCh38_alldifficultregions,corrected,956,246,0.18734177215189873,0.9024390243902439,0.19121447028423771,0.31556503198294245
149,149,GRCh38_alldifficultregions,legacy,956,881,0.6588139723801787,0.9205448354143019,0.6985357450473729,0.7943192948090108
149,149,GRCh38_alllowmapandsegdupregions,corrected,956,43,0.02555366269165247,0.6976744186046512,0.025839793281653745,0.04983388704318936
149,149,GRCh38_alllowmapandsegdupregions,legacy,956,721,0.5438884331419196,0.9195561719833565,0.5710594315245479,0.7045696068012753
149,149,GRCh38_notinalldifficultregions,corrected,956,710,0.5488410596026491,0.9338028169014084,0.5710594315245479,0.7087119187600213
149,149,GRCh38_notinalldifficultregions,legacy,956,952,0.7150974025974026,0.9254201680672269,0.7588285960378983,0.8338854708944629
149,149,GRCh38_notinalllowmapandsegdupregions,corrected,956,913,0.7013945857260049,0.9364731653888281,0.7364341085271318,0.8244937319189971
149,149,GRCh38_notinalllowmapandsegdupregions,legacy,956,956,0.7183441558441559,0.9257322175732218,0.7622739018087855,0.8360888049126122
149,149,GRCh38_notinsegdups,corrected,956,918,0.7040983606557377,0.9357298474945533,0.739879414298019,0.8263588263588264
149,149,GRCh38_notinsegdups,legacy,956,956,0.7183441558441559,0.9257322175732218,0.7622739018087855,0.8360888049126122
149,149,GRCh38_segdups,corrected,956,38,0.02216538789428815,0.6842105263157895,0.02239448751076658,0.043369474562135114
149,149,GRCh38_segdups,legacy,956,574,0.43625827814569534,0.9181184668989547,0.45391903531438416,0.607492795389049
150,150,GRCh38_alldifficultregions,corrected,1137,294,0.2004950495049505,0.826530612244898,0.20930232558139536,0.33402061855670107
150,150,GRCh38_alldifficultregions,legacy,1137,1037,0.7185301016419078,0.8862102217936355,0.7915590008613265,0.8362147406733395
150,150,GRCh38_alllowmapandsegdupregions,corrected,1137,42,0.028205128205128206,0.7857142857142857,0.028423772609819122,0.054862842892768084
150,150,GRCh38_alllowmapandsegdupregions,legacy,1137,843,0.594272076372315,0.8861209964412812,0.6434108527131783,0.7455089820359282
150,150,GRCh38_notinalldifficultregions,corrected,1137,843,0.6174334140435835,0.9074733096085409,0.6589147286821705,0.7634730538922155
150,150,GRCh38_notinalldifficultregions,legacy,1137,1134,0.7790697674418605,0.8862433862433863,0.8656330749354005,0.8758169934640522
150,150,GRCh38_notinalllowmapandsegdupregions,corrected,1137,1095,0.7611241217798594,0.8904109589041096,0.8397932816537468,0.8643617021276596
150,150,GRCh38_notinalllowmapandsegdupregions,legacy,1137,1137,0.7813953488372093,0.8865435356200527,0.8682170542635659,0.8772845953002611
150,150,GRCh38_notinsegdups,corrected,1137,1102,0.7638347622759158,0.8892921960072595,0.8440999138673557,0.8661069376933274
150,150,GRCh38_notinsegdups,legacy,1137,1137,0.7813953488372093,0.8865435356200527,0.8682170542635659,0.8772845953002611
150,150,GRCh38_segdups,corrected,1137,35,0.023972602739726026,0.8,0.024117140396210164,0.04682274247491639
150,150,GRCh38_segdups,legacy,1137,669,0.48058252427184467,0.8878923766816144,0.5116279069767442,0.6491803278688525
153,153,GRCh38_alldifficultregions,corrected,1104,278,0.1804757998359311,0.7913669064748201,0.18949181739879414,0.30576789437109103
153,153,GRCh38_alldifficultregions,legacy,1104,1007,0.6023651145602366,0.8093346573982125,0.7019810508182601,0.7518450184501845
153,153,GRCh38_alllowmapandsegdupregions,corrected,1104,48,0.02457627118644068,0.6041666666666666,0.024978466838931956,0.04797353184449958
153,153,GRCh38_alllowmapandsegdupregions,legacy,1104,829,0.5018867924528302,0.8021712907117008,0.5727820844099913,0.6683417085427136
153,153,GRCh38_notinalldifficultregions,corrected,1104,826,0.5110266159695818,0.8135593220338984,0.5788113695090439,0.6763965777554102
153,153,GRCh38_notinalldifficultregions,legacy,1104,1100,0.6467589220684632,0.8072727272727273,0.7648578811369509,0.7854931446262715
153,153,GRCh38_notinalllowmapandsegdupregions,corrected,1104,1056,0.6373707533234859,0.8172348484848485,0.7433247200689062,0.778529544429409
153,153,GRCh38_notinalllowmapandsegdupregions,legacy,1104,1104,0.6496722505462491,0.8079710144927537,0.768303186907838,0.7876379690949227
153,153,GRCh38_notinsegdups,corrected,1104,1060,0.6403249630723782,0.8179245283018868,0.7467700258397932,0.7807294011706438
153,153,GRCh38_notinsegdups,legacy,1104,1104,0.6496722505462491,0.8079710144927537,0.768303186907838,0.7876379690949227
153,153,GRCh38_segdups,corrected,1104,44,0.0211864406779661,0.5681818181818182,0.02153316106804479,0.04149377593360996
153,153,GRCh38_segdups,legacy,1104,673,0.40644171779141103,0.787518573551263,0.45650301464254955,0.5779716466739367
154,154,GRCh38_alldifficultregions,corrected,1276,324,0.2082994304312449,0.7901234567901234,0.22049956933677864,0.3447811447811448
154,154,GRCh38_alldifficultregions,legacy,1276,1170,0.6866859623733719,0.8111111111111111,0.8173987941429802,0.8142428142428142
154,154,GRCh38_alllowmapandsegdupregions,corrected,1276,45,0.03076923076923077,0.8,0.031007751937984496,0.059701492537313425
154,154,GRCh38_alllowmapandsegdupregions,legacy,1276,959,0.5762081784386617,0.808133472367049,0.6675279931093885,0.7311320754716981
154,154,GRCh38_notinalldifficultregions,corrected,1276,952,0.5911144578313253,0.8245798319327731,0.6761412575366064,0.743019403691434
154,154,GRCh38_notinalldifficultregions,legacy,1276,1271,0.7421203438395415,0.8151062155782848,0.892334194659776,0.8519736842105262
154,154,GRCh38_notinalllowmapandsegdupregions,corrected,1276,1231,0.7245854361932228,0.8164094232331438,0.8656330749354005,0.8403010033444817
154,154,GRCh38_notinalllowmapandsegdupregions,legacy,1276,1276,0.745702005730659,0.8158307210031348,0.896640826873385,0.8543290931473123
154,154,GRCh38_notinsegdups,corrected,1276,1236,0.7281903388608507,0.8171521035598706,0.8699397071490095,0.8427200667501042
154,154,GRCh38_notinsegdups,legacy,1276,1276,0.745702005730659,0.8158307210031348,0.896640826873385,0.8543290931473123
154,154,GRCh38_segdups,corrected,1276,40,0.026495726495726495,0.775,0.026701119724375538,0.05162364696086595
154,154,GRCh38_segdups,legacy,1276,768,0.47027439024390244,0.8033854166666666,0.5314384151593454,0.6397096941420425
155,155,GRCh38_alldifficultregions,corrected,1104,278,0.1804757998359311,0.7913669064748201,0.18949181739879414,0.30576789437109103
155,155,GRCh38_alldifficultregions,legacy,1104,1007,0.6023651145602366,0.8093346573982125,0.7019810508182601,0.7518450184501845
155,155,GRCh38_alllowmapandsegdupregions,corrected,1104,48,0.02457627118644068,0.6041666666666666,0.024978466838931956,0.04797353184449958
155,155,GRCh38_alllowmapandsegdupregions,legacy,1104,829,0.5018867924528302,0.8021712907117008,0.5727820844099913,0.6683417085427136
155,155,GRCh38_notinalldifficultregions,corrected,1104,826,0.5110266159695818,0.8135593220338984,0.5788113695090439,0.6763965777554102
155,155,GRCh38_notinalldifficultregions,legacy,1104,1100,0.6467589220684632,0.8072727272727273,0.7648578811369509,0.7854931446262715
155,155,GRCh38_notinalllowmapandsegdupregions,corrected,1104,1056,0.6373707533234859,0.8172348484848485,0.7433247200689062,0.778529544429409
155,155,GRCh38_notinalllowmapandsegdupregions,legacy,1104,1104,0.6496722505462491,0.8079710144927537,0.768303186907838,0.7876379690949227
155,155,GRCh38_notinsegdups,corrected,1104,1060,0.6403249630723782,0.8179245283018868,0.7467700258397932,0.7807294011706438
155,155,GRCh38_notinsegdups,legacy,1104,1104,0.6496722505462491,0.8079710144927537,0.768303186907838,0.7876379690949227
155,155,GRCh38_segdups,corrected,1104,44,0.0211864406779661,0.5681818181818182,0.02153316106804479,0.04149377593360996
155,155,GRCh38_segdups,legacy,1104,673,0.40644171779141103,0.787518573551263,0.45650301464254955,0.5779716466739367
156,156,GRCh38_alldifficultregions,corrected,1138,291,0.20198675496688742,0.8384879725085911,0.21016365202411713,0.3360881542699724
156,156,GRCh38_alldifficultregions,legacy,1138,1038,0.7193119624706802,0.8863198458574181,0.7924203273040482,0.8367439745338789
156,156,GRCh38_alllowmapandsegdupregions,corrected,1138,43,0.028181041844577284,0.7674418604651163,0.028423772609819122,0.054817275747508304
156,156,GRCh38_alllowmapandsegdupregions,legacy,1138,849,0.5927099841521395,0.8810365135453475,0.6442721791559001,0.7442786069651741
156,156,GRCh38_notinalldifficultregions,corrected,1138,847,0.6167471819645732,0.9043683589138135,0.6597760551248923,0.7629482071713148
156,156,GRCh38_notinalldifficultregions,legacy,1138,1135,0.7812257564003103,0.8872246696035242,0.8673557278208441,0.877177700348432
156,156,GRCh38_notinalllowmapandsegdupregions,corrected,1138,1095,0.7638780297107115,0.8922374429223744,0.8415159345391904,0.8661347517730495
156,156,GRCh38_notinalllowmapandsegdupregions,legacy,1138,1138,0.7835531419705197,0.8875219683655536,0.8699397071490095,0.8786428882122662
156,156,GRCh38_notinsegdups,corrected,1138,1102,0.7665886026541764,0.8911070780399274,0.8458225667527993,0.8678745028722934
156,156,GRCh38_notinsegdups,legacy,1138,1138,0.7835531419705197,0.8875219683655536,0.8699397071490095,0.8786428882122662
156,156,GRCh38_segdups,corrected,1138,36,0.023952095808383235,0.7777777777777778,0.024117140396210164,0.046783625730994156
156,156,GRCh38_segdups,legacy,1138,676,0.47906602254428343,0.8801775147928994,0.512489233419466,0.6477953184540011
159,159,GRCh38_alldifficultregions,corrected,962,243,0.1848101265822785,0.9012345679012346,0.18863049095607234,0.31196581196581197
159,159,GRCh38_alldifficultregions,legacy,962,886,0.6534733441033925,0.9130925507900677,0.6968130921619293,0.7904250122129947
159,159,GRCh38_alllowmapandsegdupregions,corrected,962,39,0.024765157984628524,0.7435897435897436,0.024978466838931956,0.04833333333333334
159,159,GRCh38_alllowmapandsegdupregions,legacy,962,726,0.5391517128874388,0.9104683195592287,0.5693367786391043,0.7005829358770536
159,159,GRCh38_notinalldifficultregions,corrected,962,719,0.5460526315789473,0.9235048678720446,0.5719207579672696,0.7063829787234043
159,159,GRCh38_notinalldifficultregions,legacy,962,958,0.7088709677419355,0.9175365344467641,0.7571059431524548,0.829636621047664
159,159,GRCh38_notinalllowmapandsegdupregions,corrected,962,923,0.6943089430894309,0.9252437703141928,0.73557278208441,0.81957773512476
159,159,GRCh38_notinalllowmapandsegdupregions,legacy,962,962,0.7120967741935483,0.9178794178794178,0.7605512489233419,0.8318417333961375
159,159,GRCh38_notinsegdups,corrected,962,927,0.697560975609756,0.9255663430420712,0.7390180878552972,0.82183908045977
159,159,GRCh38_notinsegdups,legacy,962,962,0.7120967741935483,0.9178794178794178,0.7605512489233419,0.8318417333961375
159,159,GRCh38_segdups,corrected,962,35,0.02134927412467976,0.7142857142857143,0.02153316106804479,0.04180602006688963
159,159,GRCh38_segdups,legacy,962,579,0.4332784184514003,0.9084628670120898,0.45305770887166236,0.6045977011494253
160,160,GRCh38_alldifficultregions,corrected,1293,331,0.20516962843295639,0.7673716012084593,0.21877691645133507,0.34048257372654156
160,160,GRCh38_alldifficultregions,legacy,1293,1184,0.6761972837741244,0.7989864864864865,0.8148148148148148,0.8068230277185501
160,160,GRCh38_alllowmapandsegdupregions,corrected,1293,48,0.030690537084398978,0.75,0.031007751937984496,0.059553349875930514
160,160,GRCh38_alllowmapandsegdupregions,legacy,1293,968,0.5700589970501475,0.7985537190082644,0.6658053402239449,0.7261625176139033
160,160,GRCh38_notinalldifficultregions,corrected,1293,962,0.585511575802838,0.814968814968815,0.6752799310938846,0.7385774846914744
160,160,GRCh38_notinalldifficultregions,legacy,1293,1289,0.730225988700565,0.8021722265321956,0.8906115417743324,0.8440816326530612
160,160,GRCh38_notinalllowmapandsegdupregions,corrected,1293,1245,0.7136752136752137,0.8048192771084337,0.8630490956072352,0.8329177057356608
160,160,GRCh38_notinalllowmapandsegdupregions,legacy,1293,1293,0.7330508474576272,0.802784222737819,0.8940568475452196,0.8459657701711492
160,160,GRCh38_notinsegdups,corrected,1293,1250,0.7172364672364673,0.8056,0.8673557278208441,0.8353380340107839
160,160,GRCh38_notinsegdups,legacy,1293,1293,0.7330508474576272,0.802784222737819,0.8940568475452196,0.8459657701711492
160,160,GRCh38_segdups,corrected,1293,43,0.026427962489343565,0.7209302325581395,0.026701119724375538,0.05149501661129568
160,160,GRCh38_segdups,legacy,1293,777,0.4637462235649547,0.7902187902187903,0.52885443583118,0.6336429308565532
161,161,GRCh38_alldifficultregions,corrected,962,243,0.1848101265822785,0.9012345679012346,0.18863049095607234,0.31196581196581197
161,161,GRCh38_alldifficultregions,legacy,962,886,0.6534733441033925,0.9130925507900677,0.6968130921619293,0.7904250122129947
161,161,GRCh38_alllowmapandsegdupregions,corrected,962,39,0.024765157984628524,0.7435897435897436,0.024978466838931956,0.04833333333333334
161,161,GRCh38_alllowmapandsegdupregions,legacy,962,726,0.5391517128874388,0.9104683195592287,0.5693367786391043,0.7005829358770536
161,161,GRCh38_notinalldifficultregions,corrected,962,719,0.5460526315789473,0.9235048678720446,0.5719207579672696,0.7063829787234043
161,161,GRCh38_notinalldifficultregions,legacy,962,958,0.7088709677419355,0.9175365344467641,0.7571059431524548,0.829636621047664
161,161,GRCh38_notinalllowmapandsegdupregions,corrected,962,923,0.6943089430894309,0.9252437703141928,0.73557278208441,0.81957773512476
161,161,GRCh38_notinalllowmapandsegdupregions,legacy,962,962,0.7120967741935483,0.9178794178794178,0.7605512489233419,0.8318417333961375
161,161,GRCh38_notinsegdups,corrected,962,927,0.697560975609756,0.9255663430420712,0.7390180878552972,0.82183908045977
161,161,GRCh38_notinsegdups,legacy,962,962,0.7120967741935483,0.9178794178794178,0.7605512489233419,0.8318417333961375
161,161,GRCh38_segdups,corrected,962,35,0.02134927412467976,0.7142857142857143,0.02153316106804479,0.04180602006688963
161,161,GRCh38_segdups,legacy,962,579,0.4332784184514003,0.9084628670120898,0.45305770887166236,0.6045977011494253
162,162,GRCh38_alldifficultregions,corrected,1139,287,0.20066334991708126,0.8432055749128919,0.20844099913867356,0.3342541436464088
162,162,GRCh38_alldifficultregions,legacy,1139,1039,0.7200938232994527,0.8864292589027911,0.7932816537467701,0.8372727272727272
162,162,GRCh38_alllowmapandsegdupregions,corrected,1139,44,0.028156996587030716,0.75,0.028423772609819122,0.054771784232365145
162,162,GRCh38_alllowmapandsegdupregions,legacy,1139,847,0.5949166004765687,0.8842975206611571,0.6451335055986219,0.7460159362549802
162,162,GRCh38_notinalldifficultregions,corrected,1139,852,0.6194690265486725,0.903755868544601,0.6632213608957795,0.7650273224043717
162,162,GRCh38_notinalldifficultregions,legacy,1139,1136,0.7833850931677019,0.8882042253521126,0.8690783807062877,0.8785372224640836
162,162,GRCh38_notinalllowmapandsegdupregions,corrected,1139,1095,0.7666405638214565,0.8940639269406393,0.843238587424634,0.8679078014184398
162,162,GRCh38_notinalllowmapandsegdupregions,legacy,1139,1139,0.7857142857142857,0.8884986830553117,0.8716623600344531,0.88
162,162,GRCh38_notinsegdups,corrected,1139,1102,0.7693510555121188,0.8929219600725953,0.8475452196382429,0.8696420680512593
162,162,GRCh38_notinsegdups,legacy,1139,1139,0.7857142857142857,0.8884986830553117,0.8716623600344531,0.88
162,162,GRCh38_segdups,corrected,1139,37,0.023931623931623933,0.7567567567567568,0.024117140396210164,0.04674457429048414
162,162,GRCh38_segdups,legacy,1139,675,0.4806451612903226,0.882962962962963,0.5133505598621878,0.6492374727668845
165,165,GRCh38_alldifficultregions,corrected,1023,262,0.18386023294509152,0.8435114503816794,0.19035314384151594,0.3106113843991567
165,165,GRCh38_alldifficultregions,legacy,1023,943,0.6272235112142305,0.8600212089077413,0.6985357450473729,0.770912547528517
165,165,GRCh38_alllowmapandsegdupregions,corrected,1023,46,0.02461799660441426,0.6304347826086957,0.024978466838931956,0.04805302402651201
165,165,GRCh38_alllowmapandsegdupregions,legacy,1023,770,0.5204724409448819,0.8584415584415584,0.5693367786391043,0.6846193682030036
165,165,GRCh38_notinalldifficultregions,corrected,1023,761,0.5278219395866455,0.8725361366622865,0.5719207579672696,0.6909469302809574
165,165,GRCh38_notinalldifficultregions,legacy,1023,1019,0.6782140107775212,0.8645731108930323,0.7588285960378983,0.8082568807339449
165,165,GRCh38_notinalllowmapandsegdupregions,corrected,1023,977,0.6677067082683308,0.8761514841351075,0.7372954349698536,0.8007483629560336
165,165,GRCh38_notinalllowmapandsegdupregions,legacy,1023,1023,0.6812933025404158,0.8651026392961877,0.7622739018087855,0.8104395604395604
165,165,GRCh38_notinsegdups,corrected,1023,982,0.6703039750584567,0.8757637474541752,0.7407407407407407,0.8026131591227251
165,165,GRCh38_notinsegdups,legacy,1023,1023,0.6812933025404158,0.8651026392961877,0.7622739018087855,0.8104395604395604
165,165,GRCh38_segdups,corrected,1023,41,0.021240441801189464,0.6097560975609756,0.02153316106804479,0.04159733777038269
165,165,GRCh38_segdups,legacy,1023,617,0.41899441340782123,0.8508914100486223,0.45219638242894056,0.5905511811023623
166,166,GRCh38_alldifficultregions,corrected,1237,319,0.20816326530612245,0.799373040752351,0.21963824289405684,0.34459459459459457
166,166,GRCh38_alldifficultregions,legacy,1237,1128,0.7043931496649293,0.8386524822695035,0.8148148148148148,0.8265618173875054
166,166,GRCh38_alllowmapandsegdupregions,corrected,1237,44,0.030795551753635585,0.8181818181818182,0.031007751937984496,0.05975103734439835
166,166,GRCh38_alllowmapandsegdupregions,legacy,1237,919,0.5902140672782875,0.8400435255712732,0.664944013781223,0.7423076923076923
166,166,GRCh38_notinalldifficultregions,corrected,1237,918,0.6041666666666666,0.8529411764705882,0.6744186046511628,0.7532467532467532
166,166,GRCh38_notinalldifficultregions,legacy,1237,1232,0.7595588235294117,0.838474025974026,0.8897502153316107,0.8633514417049728
166,166,GRCh38_notinalllowmapandsegdupregions,corrected,1237,1193,0.7411242603550295,0.8398994132439229,0.8630490956072352,0.8513169073916736
166,166,GRCh38_notinalllowmapandsegdupregions,legacy,1237,1237,0.763235294117647,0.8391269199676638,0.8940568475452196,0.865721434528774
166,166,GRCh38_notinsegdups,corrected,1237,1198,0.7448224852071006,0.840567612687813,0.8673557278208441,0.8537515896566342
166,166,GRCh38_notinsegdups,legacy,1237,1237,0.763235294117647,0.8391269199676638,0.8940568475452196,0.865721434528774
166,166,GRCh38_segdups,corrected,1237,39,0.026518391787852865,0.7948717948717948,0.026701119724375538,0.05166666666666667
166,166,GRCh38_segdups,legacy,1237,738,0.4778210116731518,0.8319783197831978,0.52885443583118,0.6466561348077935
167,167,GRCh38_alldifficultregions,corrected,1023,262,0.18386023294509152,0.8435114503816794,0.19035314384151594,0.3106113843991567
167,167,GRCh38_alldifficultregions,legacy,1023,943,0.6272235112142305,0.8600212089077413,0.6985357450473729,0.770912547528517
167,167,GRCh38_alllowmapandsegdupregions,corrected,1023,46,0.02461799660441426,0.6304347826086957,0.024978466838931956,0.04805302402651201
167,167,GRCh38_alllowmapandsegdupregions,legacy,1023,770,0.5204724409448819,0.8584415584415584,0.5693367786391043,0.6846193682030036
167,167,GRCh38_notinalldifficultregions,corrected,1023,761,0.5278219395866455,0.8725361366622865,0.5719207579672696,0.6909469302809574
167,167,GRCh38_notinalldifficultregions,legacy,1023,1019,0.6782140107775212,0.8645731108930323,0.7588285960378983,0.8082568807339449
167,167,GRCh38_notinalllowmapandsegdupregions,corrected,1023,977,0.6677067082683308,0.8761514841351075,0.7372954349698536,0.8007483629560336
167,167,GRCh38_notinalllowmapandsegdupregions,legacy,1023,1023,0.6812933025404158,0.8651026392961877,0.7622739018087855,0.8104395604395604
167,167,GRCh38_notinsegdups,corrected,1023,982,0.6703039750584567,0.8757637474541752,0.7407407407407407,0.8026131591227251
167,167,GRCh38_notinsegdups,legacy,1023,1023,0.6812933025404158,0.8651026392961877,0.7622739018087855,0.8104395604395604
167,167,GRCh38_segdups,corrected,1023,41,0.021240441801189464,0.6097560975609756,0.02153316106804479,0.04159733777038269
167,167,GRCh38_segdups,legacy,1023,617,0.41899441340782123,0.8508914100486223,0.45219638242894056,0.5905511811023623
168,168,GRCh38_alldifficultregions,corrected,1131,295,0.20032976092333057,0.823728813559322,0.20930232558139536,0.3337912087912088
168,168,GRCh38_alldifficultregions,legacy,1131,1032,0.72,0.8895348837209303,0.7906976744186046,0.8372093023255814
168,168,GRCh38_alllowmapandsegdupregions,corrected,1131,42,0.028205128205128206,0.7857142857142857,0.028423772609819122,0.054862842892768084
168,168,GRCh38_alllowmapandsegdupregions,legacy,1131,843,0.5930047694753577,0.8849347568208779,0.6425495262704565,0.7445109780439122
168,168,GRCh38_notinalldifficultregions,corrected,1131,836,0.6183144246353323,0.9126794258373205,0.657192075796727,0.7641462193289934
168,168,GRCh38_notinalldifficultregions,legacy,1131,1128,0.7799377916018663,0.8891843971631206,0.8639104220499569,0.8763652249890782
168,168,GRCh38_notinalllowmapandsegdupregions,corrected,1131,1089,0.7619420516836335,0.8934802571166207,0.8380706287683032,0.8648888888888888
168,168,GRCh38_notinalllowmapandsegdupregions,legacy,1131,1131,0.7822706065318819,0.8894783377541998,0.8664944013781223,0.8778359511343804
168,168,GRCh38_notinsegdups,corrected,1131,1096,0.764659890539484,0.8923357664233577,0.8423772609819121,0.8666371289322109
168,168,GRCh38_notinsegdups,legacy,1131,1131,0.7822706065318819,0.8894783377541998,0.8664944013781223,0.8778359511343804
168,168,GRCh38_segdups,corrected,1131,35,0.023972602739726026,0.8,0.024117140396210164,0.04682274247491639
168,168,GRCh38_segdups,legacy,1131,669,0.4793856103476152,0.8863976083707026,0.5107665805340224,0.6480874316939891
171,171,GRCh38_alldifficultregions,corrected,967,222,0.1760204081632653,0.9324324324324325,0.17829457364341086,0.2993492407809111
171,171,GRCh38_alldifficultregions,legacy,967,882,0.6436041834271923,0.9070294784580499,0.6890611541774333,0.7831620166421929
171,171,GRCh38_alllowmapandsegdupregions,corrected,967,19,0.012006861063464836,0.7368421052631579,0.012058570198105082,0.023728813559322038
171,171,GRCh38_alllowmapandsegdupregions,legacy,967,719,0.5296989422294548,0.9054242002781642,0.5607235142118863,0.6925531914893616
171,171,GRCh38_notinalldifficultregions,corrected,967,745,0.5408245755860954,0.897986577181208,0.5762273901808785,0.7019937040923399
171,171,GRCh38_notinalldifficultregions,legacy,967,963,0.6964856230031949,0.9055036344755971,0.7510766580534023,0.8210922787193974
171,171,GRCh38_notinalllowmapandsegdupregions,corrected,967,948,0.6912590216519647,0.9092827004219409,0.7424633936261843,0.8174490279753438
171,171,GRCh38_notinalllowmapandsegdupregions,legacy,967,967,0.6996805111821086,0.905894519131334,0.7545219638242894,0.8233082706766917
171,171,GRCh38_notinsegdups,corrected,967,951,0.6896,0.9064143007360673,0.7424633936261843,0.8162878787878788
171,171,GRCh38_notinsegdups,legacy,967,967,0.6996805111821086,0.905894519131334,0.7545219638242894,0.8233082706766917
171,171,GRCh38_segdups,corrected,967,16,0.012037833190025795,0.875,0.012058570198105082,0.0237892948173322
171,171,GRCh38_segdups,legacy,967,575,0.4276315789473684,0.9043478260869565,0.4478897502153316,0.5990783410138248
172,172,GRCh38_alldifficultregions,corrected,1082,257,0.1946082561078349,0.8988326848249028,0.19896640826873385,0.3258110014104373
172,172,GRCh38_alldifficultregions,legacy,1082,986,0.7455284552845528,0.9300202839756593,0.7898363479758829,0.8542151839776432
172,172,GRCh38_alllowmapandsegdupregions,corrected,1082,17,0.012027491408934709,0.8235294117647058,0.012058570198105082,0.023769100169779286
172,172,GRCh38_alllowmapandsegdupregions,legacy,1082,799,0.6118421052631579,0.9311639549436797,0.6408268733850129,0.7591836734693878
172,172,GRCh38_notinalldifficultregions,corrected,1082,825,0.6413223140495867,0.9406060606060606,0.6683893195521102,0.7814702920443101
172,172,GRCh38_notinalldifficultregions,legacy,1082,1079,0.8122977346278317,0.9304911955514366,0.8647717484926787,0.8964285714285714
172,172,GRCh38_notinalllowmapandsegdupregions,corrected,1082,1065,0.805352798053528,0.9323943661971831,0.8552971576227391,0.8921832884097034
172,172,GRCh38_notinalllowmapandsegdupregions,legacy,1082,1082,0.8147249190938511,0.9306839186691312,0.8673557278208441,0.8979045920641997
172,172,GRCh38_notinsegdups,corrected,1082,1065,0.805352798053528,0.9323943661971831,0.8552971576227391,0.8921832884097034
172,172,GRCh38_notinsegdups,legacy,1082,1082,0.8147249190938511,0.9306839186691312,0.8673557278208441,0.8979045920641997
172,172,GRCh38_segdups,corrected,1082,17,0.012027491408934709,0.8235294117647058,0.012058570198105082,0.023769100169779286
172,172,GRCh38_segdups,legacy,1082,638,0.4904722452361226,0.9278996865203761,0.5099052540913006,0.6581434130072261
173,173,GRCh38_alldifficultregions,corrected,967,222,0.1760204081632653,0.9324324324324325,0.17829457364341086,0.2993492407809111
173,173,GRCh38_alldifficultregions,legacy,967,882,0.6436041834271923,0.9070294784580499,0.6890611541774333,0.7831620166421929
173,173,GRCh38_alllowmapandsegdupregions,corrected,967,19,0.012006861063464836,0.7368421052631579,0.012058570198105082,0.023728813559322038
173,173,GRCh38_alllowmapandsegdupregions,legacy,967,719,0.5296989422294548,0.9054242002781642,0.5607235142118863,0.6925531914893616
173,173,GRCh38_notinalldifficultregions,corrected,967,745,0.5408245755860954,0.897986577181208,0.5762273901808785,0.7019937040923399
173,173,GRCh38_notinalldifficultregions,legacy,967,963,0.6964856230031949,0.9055036344755971,0.7510766580534023,0.8210922787193974
173,173,GRCh38_notinalllowmapandsegdupregions,corrected,967,948,0.6912590216519647,0.9092827004219409,0.7424633936261843,0.8174490279753438
173,173,GRCh38_notinalllowmapandsegdupregions,legacy,967,967,0.6996805111821086,0.905894519131334,0.7545219638242894,0.8233082706766917
173,173,GRCh38_notinsegdups,corrected,967,951,0.6896,0.9064143007360673,0.7424633936261843,0.8162878787878788
173,173,GRCh38_notinsegdups,legacy,967,967,0.6996805111821086,0.905894519131334,0.7545219638242894,0.8233082706766917
173,173,GRCh38_segdups,corrected,967,16,0.012037833190025795,0.875,0.012058570198105082,0.0237892948173322
173,173,GRCh38_segdups,legacy,967,575,0.4276315789473684,0.9043478260869565,0.4478897502153316,0.5990783410138248
174,174,GRCh38_alldifficultregions,corrected,1071,254,0.18410041841004185,0.8661417322834646,0.18949181739879414,0.3109540636042403
174,174,GRCh38_alldifficultregions,legacy,1071,975,0.7198067632850241,0.916923076923077,0.7700258397932817,0.8370786516853933
174,174,GRCh38_alllowmapandsegdupregions,corrected,1071,17,0.009425878320479864,0.6470588235294118,0.009474590869939707,0.01867572156196944
174,174,GRCh38_alllowmapandsegdupregions,legacy,1071,788,0.5897226753670473,0.9175126903553299,0.6227390180878553,0.7419189327860441
174,174,GRCh38_notinalldifficultregions,corrected,1071,817,0.6279835390946502,0.9339045287637698,0.657192075796727,0.7714863498483316
174,174,GRCh38_notinalldifficultregions,legacy,1071,1068,0.7846277021617294,0.9176029962546817,0.8440999138673557,0.879318079856438
174,174,GRCh38_notinalllowmapandsegdupregions,corrected,1071,1054,0.7819790828640386,0.9222011385199241,0.8372093023255814,0.8776523702031603
174,174,GRCh38_notinalllowmapandsegdupregions,legacy,1071,1071,0.7870296236989591,0.9178338001867413,0.8466838931955211,0.8808243727598567
174,174,GRCh38_notinsegdups,corrected,1071,1056,0.7807228915662651,0.9204545454545454,0.8372093023255814,0.8768606224627874
174,174,GRCh38_notinsegdups,legacy,1071,1071,0.7870296236989591,0.9178338001867413,0.8466838931955211,0.8808243727598567
174,174,GRCh38_segdups,corrected,1071,15,0.00944206008583691,0.7333333333333333,0.009474590869939707,0.01870748299319728
174,174,GRCh38_segdups,legacy,1071,625,0.47603305785123967,0.9216,0.49612403100775193,0.64501679731243
177,177,GRCh38_alldifficultregions,corrected,968,222,0.15829145728643215,0.8513513513513513,0.16279069767441862,0.27331887201735355
177,177,GRCh38_alldifficultregions,legacy,968,883,0.573518090839107,0.8437146092865232,0.6416881998277347,0.7289628180039139
177,177,GRCh38_alllowmapandsegdupregions,corrected,968,14,0.008583690987124463,0.7142857142857143,0.008613264427217916,0.01702127659574468
177,177,GRCh38_alllowmapandsegdupregions,legacy,968,715,0.4748427672955975,0.8447552447552448,0.5202411714039621,0.6439232409381663
177,177,GRCh38_notinalldifficultregions,corrected,968,746,0.4921752738654147,0.8431635388739946,0.5417743324720069,0.659674882013634
177,177,GRCh38_notinalldifficultregions,legacy,968,963,0.6213740458015267,0.8452751817237798,0.7011197243755384,0.7664783427495293
177,177,GRCh38_notinalllowmapandsegdupregions,corrected,968,954,0.6182096403978576,0.8469601677148847,0.6959517657192076,0.7640661938534278
177,177,GRCh38_notinalllowmapandsegdupregions,legacy,968,968,0.623951182303585,0.8450413223140496,0.7045650301464255,0.7684358853922029
177,177,GRCh38_notinsegdups,corrected,968,956,0.6172650878533231,0.8451882845188284,0.6959517657192076,0.7633443552196506
177,177,GRCh38_notinsegdups,legacy,968,968,0.623951182303585,0.8450413223140496,0.7045650301464255,0.7684358853922029
177,177,GRCh38_segdups,corrected,968,12,0.008598452278589854,0.8333333333333334,0.008613264427217916,0.017050298380221655
177,177,GRCh38_segdups,legacy,968,573,0.383878691141261,0.8394415357766143,0.4142980189491817,0.5547866205305652
178,178,GRCh38_alldifficultregions,corrected,1094,259,0.1912751677852349,0.8803088803088803,0.19638242894056848,0.3211267605633803
178,178,GRCh38_alldifficultregions,legacy,1094,996,0.7256,0.9106425702811245,0.781223083548665,0.840982846546129
178,178,GRCh38_alllowmapandsegdupregions,corrected,1094,15,0.01117798796216681,0.8666666666666667,0.01119724375538329,0.022108843537414963
178,178,GRCh38_alllowmapandsegdupregions,legacy,1094,806,0.5952960259529603,0.9106699751861043,0.632213608957795,0.7463141840366039
178,178,GRCh38_notinalldifficultregions,corrected,1094,835,0.6280587275693311,0.9221556886227545,0.6632213608957795,0.7715430861723447
178,178,GRCh38_notinalldifficultregions,legacy,1094,1091,0.7915672235481305,0.9120073327222732,0.8570198105081827,0.8836589698046182
178,178,GRCh38_notinalllowmapandsegdupregions,corrected,1094,1079,0.7848605577689243,0.9128822984244671,0.8484065460809647,0.8794642857142857
178,178,GRCh38_notinalllowmapandsegdupregions,legacy,1094,1094,0.7939538583929993,0.9122486288848263,0.859603789836348,0.8851441241685145
178,178,GRCh38_notinsegdups,corrected,1094,1079,0.7848605577689243,0.9128822984244671,0.8484065460809647,0.8794642857142857
178,178,GRCh38_notinsegdups,legacy,1094,1094,0.7939538583929993,0.9122486288848263,0.859603789836348,0.8851441241685145
178,178,GRCh38_segdups,corrected,1094,15,0.01117798796216681,0.8666666666666667,0.01119724375538329,0.022108843537414963
178,178,GRCh38_segdups,legacy,1094,650,0.4795751633986928,0.9030769230769231,0.5055986218776917,0.6482606294864716
179,179,GRCh38_alldifficultregions,corrected,968,222,0.15829145728643215,0.8513513513513513,0.16279069767441862,0.27331887201735355
179,179,GRCh38_alldifficultregions,legacy,968,883,0.573518090839107,0.8437146092865232,0.6416881998277347,0.7289628180039139
179,179,GRCh38_alllowmapandsegdupregions,corrected,968,14,0.008583690987124463,0.7142857142857143,0.008613264427217916,0.01702127659574468
179,179,GRCh38_alllowmapandsegdupregions,legacy,968,715,0.4748427672955975,0.8447552447552448,0.5202411714039621,0.6439232409381663
179,179,GRCh38_notinalldifficultregions,corrected,968,746,0.4921752738654147,0.8431635388739946,0.5417743324720069,0.659674882013634
179,179,GRCh38_notinalldifficultregions,legacy,968,963,0.6213740458015267,0.8452751817237798,0.7011197243755384,0.7664783427495293
179,179,GRCh38_notinalllowmapandsegdupregions,corrected,968,954,0.6182096403978576,0.8469601677148847,0.6959517657192076,0.7640661938534278
179,179,GRCh38_notinalllowmapandsegdupregions,legacy,968,968,0.623951182303585,0.8450413223140496,0.7045650301464255,0.7684358853922029
179,179,GRCh38_notinsegdups,corrected,968,956,0.6172650878533231,0.8451882845188284,0.6959517657192076,0.7633443552196506
179,179,GRCh38_notinsegdups,legacy,968,968,0.623951182303585,0.8450413223140496,0.7045650301464255,0.7684358853922029
179,179,GRCh38_segdups,corrected,968,12,0.008598452278589854,0.8333333333333334,0.008613264427217916,0.017050298380221655
179,179,GRCh38_segdups,legacy,968,573,0.383878691141261,0.8394415357766143,0.4142980189491817,0.5547866205305652
180,180,GRCh38_alldifficultregions,corrected,1084,252,0.18045112781954886,0.8571428571428571,0.18604651162790697,0.3057324840764331
180,180,GRCh38_alldifficultregions,legacy,1084,990,0.7017405063291139,0.895959595959596,0.7639965546942291,0.8247326824732681
180,180,GRCh38_alllowmapandsegdupregions,corrected,1084,15,0.008576329331046312,0.6666666666666666,0.008613264427217916,0.017006802721088437
180,180,GRCh38_alllowmapandsegdupregions,legacy,1084,804,0.5732586068855084,0.8905472636815921,0.6167097329888027,0.7287531806615776
180,180,GRCh38_notinalldifficultregions,corrected,1084,832,0.6124595469255664,0.9098557692307693,0.6520241171403962,0.7596588058203713
180,180,GRCh38_notinalldifficultregions,legacy,1084,1081,0.7625786163522013,0.8973172987974098,0.8354866494401378,0.8652988403211419
180,180,GRCh38_notinalllowmapandsegdupregions,corrected,1084,1069,0.7600631412786109,0.9008419083255379,0.8294573643410853,0.8636771300448431
180,180,GRCh38_notinalllowmapandsegdupregions,legacy,1084,1084,0.764937106918239,0.8976014760147601,0.8380706287683032,0.8668151447661471
180,180,GRCh38_notinsegdups,corrected,1084,1070,0.7594637223974764,0.9,0.8294573643410853,0.863290004482295
180,180,GRCh38_notinsegdups,legacy,1084,1084,0.764937106918239,0.8976014760147601,0.8380706287683032,0.8668151447661471
180,180,GRCh38_segdups,corrected,1084,14,0.008583690987124463,0.7142857142857143,0.008613264427217916,0.01702127659574468
180,180,GRCh38_segdups,legacy,1084,639,0.4634146341463415,0.892018779342723,0.4909560723514212,0.6333333333333333
183,183,GRCh38_alldifficultregions,corrected,916,222,0.17203389830508475,0.9144144144144144,0.1748492678725237,0.2935647143890094
183,183,GRCh38_alldifficultregions,legacy,916,839,0.6460905349794238,0.9356376638855781,0.6761412575366064,0.785
183,183,GRCh38_alllowmapandsegdupregions,corrected,916,15,0.010309278350515464,0.8,0.0103359173126615,0.020408163265306124
183,183,GRCh38_alllowmapandsegdupregions,legacy,916,680,0.5290697674418605,0.9367647058823529,0.5486649440137812,0.6920152091254752
183,183,GRCh38_notinalldifficultregions,corrected,916,694,0.5471226021684737,0.9452449567723343,0.5650301464254953,0.7072776280323452
183,183,GRCh38_notinalldifficultregions,legacy,916,912,0.7019704433497537,0.9375,0.7364341085271318,0.8248914616497829
183,183,GRCh38_notinalllowmapandsegdupregions,corrected,916,901,0.697119341563786,0.9400665926748057,0.7295434969853575,0.8215324927255092
183,183,GRCh38_notinalllowmapandsegdupregions,legacy,916,916,0.7052545155993432,0.9377729257641921,0.739879414298019,0.8271545498314878
183,183,GRCh38_notinsegdups,corrected,916,903,0.6959737058340181,0.937984496124031,0.7295434969853575,0.8207364341085271
183,183,GRCh38_notinsegdups,legacy,916,916,0.7052545155993432,0.9377729257641921,0.739879414298019,0.8271545498314878
183,183,GRCh38_segdups,corrected,916,13,0.010327022375215147,0.9230769230769231,0.0103359173126615,0.020442930153321978
183,183,GRCh38_segdups,legacy,916,539,0.42737195633921077,0.9443413729128015,0.4384151593453919,0.5988235294117646
184,184,GRCh38_alldifficultregions,corrected,1117,267,0.19298245614035087,0.8651685393258427,0.19896640826873385,0.3235294117647059
184,184,GRCh38_alldifficultregions,legacy,1117,1018,0.7307386814932486,0.9037328094302554,0.7924203273040482,0.8444240477283156
184,184,GRCh38_alllowmapandsegdupregions,corrected,1117,18,0.01201716738197425,0.7777777777777778,0.012058570198105082,0.02374893977947413
184,184,GRCh38_alllowmapandsegdupregions,legacy,1117,827,0.6019339242546333,0.9032648125755743,0.6434108527131783,0.7515090543259557
184,184,GRCh38_notinalldifficultregions,corrected,1117,850,0.6323051948051948,0.9164705882352941,0.6709732988802756,0.7747389358528095
184,184,GRCh38_notinalldifficultregions,legacy,1117,1114,0.7941640378548895,0.9039497307001796,0.8673557278208441,0.8852747252747254
184,184,GRCh38_notinalllowmapandsegdupregions,corrected,1117,1099,0.7879746835443038,0.9062784349408554,0.8578811369509044,0.8814159292035398
184,184,GRCh38_notinalllowmapandsegdupregions,legacy,1117,1117,0.7965299684542587,0.9042076991942704,0.8699397071490095,0.8867427568042142
184,184,GRCh38_notinsegdups,corrected,1117,1099,0.7879746835443038,0.9062784349408554,0.8578811369509044,0.8814159292035398
184,184,GRCh38_notinsegdups,legacy,1117,1117,0.7965299684542587,0.9042076991942704,0.8699397071490095,0.8867427568042142
184,184,GRCh38_segdups,corrected,1117,18,0.01201716738197425,0.7777777777777778,0.012058570198105082,0.02374893977947413
184,184,GRCh38_segdups,legacy,1117,663,0.48413344182262,0.8974358974358975,0.512489233419466,0.6524122807017544
185,185,GRCh38_alldifficultregions,corrected,916,222,0.17203389830508475,0.9144144144144144,0.1748492678725237,0.2935647143890094
185,185,GRCh38_alldifficultregions,legacy,916,839,0.6460905349794238,0.9356376638855781,0.6761412575366064,0.785
185,185,GRCh38_alllowmapandsegdupregions,corrected,916,15,0.010309278350515464,0.8,0.0103359173126615,0.020408163265306124
185,185,GRCh38_alllowmapandsegdupregions,legacy,916,680,0.5290697674418605,0.9367647058823529,0.5486649440137812,0.6920152091254752
185,185,GRCh38_notinalldifficultregions,corrected,916,694,0.5471226021684737,0.9452449567723343,0.5650301464254953,0.7072776280323452
185,185,GRCh38_notinalldifficultregions,legacy,916,912,0.7019704433497537,0.9375,0.7364341085271318,0.8248914616497829
185,185,GRCh38_notinalllowmapandsegdupregions,corrected,916,901,0.697119341563786,0.9400665926748057,0.7295434969853575,0.8215324927255092
185,185,GRCh38_notinalllowmapandsegdupregions,legacy,916,916,0.7052545155993432,0.9377729257641921,0.739879414298019,0.8271545498314878
185,185,GRCh38_notinsegdups,corrected,916,903,0.6959737058340181,0.937984496124031,0.7295434969853575,0.8207364341085271
185,185,GRCh38_notinsegdups,legacy,916,916,0.7052545155993432,0.9377729257641921,0.739879414298019,0.8271545498314878
185,185,GRCh38_segdups,corrected,916,13,0.010327022375215147,0.9230769230769231,0.0103359173126615,0.020442930153321978
185,185,GRCh38_segdups,legacy,916,539,0.42737195633921077,0.9443413729128015,0.4384151593453919,0.5988235294117646
186,186,GRCh38_alldifficultregions,corrected,1078,249,0.18387909319899245,0.8795180722891566,0.18863049095607234,0.3106382978723404
186,186,GRCh38_alldifficultregions,legacy,1078,980,0.7155448717948718,0.9112244897959184,0.7691645133505599,0.8341896310135452
186,186,GRCh38_alllowmapandsegdupregions,corrected,1078,17,0.009425878320479864,0.6470588235294118,0.009474590869939707,0.01867572156196944
186,186,GRCh38_alllowmapandsegdupregions,legacy,1078,793,0.5834683954619124,0.9079445145018915,0.6201550387596899,0.7369498464687819
186,186,GRCh38_notinalldifficultregions,corrected,1078,829,0.6218418907905461,0.9203860072376358,0.657192075796727,0.7668341708542713
186,186,GRCh38_notinalldifficultregions,legacy,1078,1075,0.7788385043754972,0.9106976744186046,0.843238587424634,0.8756708407871199
186,186,GRCh38_notinalllowmapandsegdupregions,corrected,1078,1061,0.7761790567545963,0.9151743638077285,0.8363479758828596,0.873987398739874
186,186,GRCh38_notinalllowmapandsegdupregions,legacy,1078,1078,0.781225139220366,0.9109461966604824,0.8458225667527993,0.8771773112996875
186,186,GRCh38_notinsegdups,corrected,1078,1063,0.7749401436552275,0.9134524929444967,0.8363479758828596,0.8732014388489209
186,186,GRCh38_notinsegdups,legacy,1078,1078,0.781225139220366,0.9109461966604824,0.8458225667527993,0.8771773112996875
186,186,GRCh38_segdups,corrected,1078,15,0.00944206008583691,0.7333333333333333,0.009474590869939707,0.01870748299319728
186,186,GRCh38_segdups,legacy,1078,629,0.47082990961380444,0.9109697933227345,0.4935400516795866,0.6402234636871509
189,189,GRCh38_alldifficultregions,corrected,895,203,0.1598639455782313,0.9261083743842364,0.16192937123169682,0.2756598240469208
189,189,GRCh38_alldifficultregions,legacy,895,815,0.598705501618123,0.9079754601226994,0.6373815676141258,0.7489878542510122
189,189,GRCh38_alllowmapandsegdupregions,corrected,895,14,0.007718696397941681,0.6428571428571429,0.007751937984496124,0.015319148936170214
189,189,GRCh38_alllowmapandsegdupregions,legacy,895,659,0.4918032786885246,0.9104704097116844,0.5167958656330749,0.6593406593406592
189,189,GRCh38_notinalldifficultregions,corrected,895,692,0.508957654723127,0.903179190751445,0.5383290267011197,0.6745817593092283
189,189,GRCh38_notinalldifficultregions,legacy,895,891,0.6508447304907482,0.9079685746352413,0.6968130921619293,0.7884990253411306
189,189,GRCh38_notinalllowmapandsegdupregions,corrected,895,881,0.6494345718901454,0.9125993189557321,0.6925064599483204,0.7874632713026445
189,189,GRCh38_notinalllowmapandsegdupregions,legacy,895,895,0.6540627514078842,0.9083798882681564,0.7002583979328165,0.7908560311284046
189,189,GRCh38_notinsegdups,corrected,895,883,0.6483870967741936,0.9105322763306908,0.6925064599483204,0.7866927592954989
189,189,GRCh38_notinsegdups,legacy,895,895,0.6540627514078842,0.9083798882681564,0.7002583979328165,0.7908560311284046
189,189,GRCh38_segdups,corrected,895,12,0.007731958762886598,0.75,0.007751937984496124,0.015345268542199487
189,189,GRCh38_segdups,legacy,895,522,0.39436619718309857,0.9118773946360154,0.4099913867355728,0.5656565656565657
190,190,GRCh38_alldifficultregions,corrected,1075,256,0.1907563025210084,0.88671875,0.19552110249784668,0.3203952011291461
190,190,GRCh38_alldifficultregions,legacy,1075,978,0.733387358184765,0.9253578732106339,0.7795004306632214,0.8461898083216457
190,190,GRCh38_alllowmapandsegdupregions,corrected,1075,14,0.010318142734307825,0.8571428571428571,0.0103359173126615,0.02042553191489362
190,190,GRCh38_alllowmapandsegdupregions,legacy,1075,791,0.6,0.9254108723135271,0.6304909560723514,0.75
190,190,GRCh38_notinalldifficultregions,corrected,1075,819,0.6350123864574732,0.938949938949939,0.6623600344530577,0.7767676767676768
190,190,GRCh38_notinalldifficultregions,legacy,1075,1072,0.8008064516129032,0.9263059701492538,0.8552971576227391,0.8893864755933722
190,190,GRCh38_notinalllowmapandsegdupregions,corrected,1075,1061,0.7948303715670436,0.9274269557021678,0.8475452196382429,0.8856885688568858
190,190,GRCh38_notinalllowmapandsegdupregions,legacy,1075,1075,0.8032258064516129,0.9265116279069767,0.8578811369509044,0.89087656529517
190,190,GRCh38_notinsegdups,corrected,1075,1061,0.7948303715670436,0.9274269557021678,0.8475452196382429,0.8856885688568858
190,190,GRCh38_notinsegdups,legacy,1075,1075,0.8032258064516129,0.9265116279069767,0.8578811369509044,0.89087656529517
190,190,GRCh38_segdups,corrected,1075,14,0.010318142734307825,0.8571428571428571,0.0103359173126615,0.02042553191489362
190,190,GRCh38_segdups,legacy,1075,633,0.48142031379025596,0.9210110584518167,0.5021533161068045,0.6499442586399108
191,191,GRCh38_alldifficultregions,corrected,895,203,0.1598639455782313,0.9261083743842364,0.16192937123169682,0.2756598240469208
191,191,GRCh38_alldifficultregions,legacy,895,815,0.598705501618123,0.9079754601226994,0.6373815676141258,0.7489878542510122
191,191,GRCh38_alllowmapandsegdupregions,corrected,895,14,0.007718696397941681,0.6428571428571429,0.007751937984496124,0.015319148936170214
191,191,GRCh38_alllowmapandsegdupregions,legacy,895,659,0.4918032786885246,0.9104704097116844,0.5167958656330749,0.6593406593406592
191,191,GRCh38_notinalldifficultregions,corrected,895,692,0.508957654723127,0.903179190751445,0.5383290267011197,0.6745817593092283
191,191,GRCh38_notinalldifficultregions,legacy,895,891,0.6508447304907482,0.9079685746352413,0.6968130921619293,0.7884990253411306
191,191,GRCh38_notinalllowmapandsegdupregions,corrected,895,881,0.6494345718901454,0.9125993189557321,0.6925064599483204,0.7874632713026445
191,191,GRCh38_notinalllowmapandsegdupregions,legacy,895,895,0.6540627514078842,0.9083798882681564,0.7002583979328165,0.7908560311284046
191,191,GRCh38_notinsegdups,corrected,895,883,0.6483870967741936,0.9105322763306908,0.6925064599483204,0.7866927592954989
191,191,GRCh38_notinsegdups,legacy,895,895,0.6540627514078842,0.9083798882681564,0.7002583979328165,0.7908560311284046
191,191,GRCh38_segdups,corrected,895,12,0.007731958762886598,0.75,0.007751937984496124,0.015345268542199487
191,191,GRCh38_segdups,legacy,895,522,0.39436619718309857,0.9118773946360154,0.4099913867355728,0.5656565656565657
192,192,GRCh38_alldifficultregions,corrected,1086,258,0.17955112219451372,0.8372093023255814,0.18604651162790697,0.3044397463002114
192,192,GRCh38_alldifficultregions,legacy,1086,992,0.7006319115323855,0.8941532258064516,0.7639965546942291,0.823966558290757
192,192,GRCh38_alllowmapandsegdupregions,corrected,1086,15,0.008576329331046312,0.6666666666666666,0.008613264427217916,0.017006802721088437
192,192,GRCh38_alllowmapandsegdupregions,legacy,1086,798,0.5760257441673371,0.8972431077694235,0.6167097329888027,0.7309851965288411
192,192,GRCh38_notinalldifficultregions,corrected,1086,828,0.614448051948052,0.9142512077294686,0.6520241171403962,0.7611865258924081
192,192,GRCh38_notinalldifficultregions,legacy,1086,1083,0.7613814756671899,0.8956602031394275,0.8354866494401378,0.8645276292335115
192,192,GRCh38_notinalllowmapandsegdupregions,corrected,1086,1071,0.7588652482269503,0.8991596638655462,0.8294573643410853,0.8629032258064517
192,192,GRCh38_notinalllowmapandsegdupregions,legacy,1086,1086,0.7637362637362637,0.8959484346224678,0.8380706287683032,0.8660436137071651
192,192,GRCh38_notinsegdups,corrected,1086,1072,0.7582677165354331,0.898320895522388,0.8294573643410853,0.8625167935512764
192,192,GRCh38_notinsegdups,legacy,1086,1086,0.7637362637362637,0.8959484346224678,0.8380706287683032,0.8660436137071651
192,192,GRCh38_segdups,corrected,1086,14,0.008583690987124463,0.7142857142857143,0.008613264427217916,0.01702127659574468
192,192,GRCh38_segdups,legacy,1086,634,0.4641109298531811,0.8974763406940063,0.4900947459086994,0.6339832869080779
195,195,GRCh38_alldifficultregions,corrected,1872,527,0.15537303216974674,0.4307400379506641,0.19552110249784668,0.268957345971564
195,195,GRCh38_alldifficultregions,legacy,1872,1739,0.41050583657587547,0.48533640023001723,0.726959517657192,0.5820689655172413
195,195,GRCh38_alllowmapandsegdupregions,corrected,1872,87,0.02631578947368421,0.367816091954023,0.02756244616709733,0.05128205128205127
195,195,GRCh38_alllowmapandsegdupregions,legacy,1872,1447,0.36116910229645094,0.4782308223911541,0.5960378983634798,0.5306748466257669
195,195,GRCh38_notinalldifficultregions,corrected,1872,1345,0.3837658752070679,0.516728624535316,0.5986218776916451,0.5546687948922585
195,195,GRCh38_notinalldifficultregions,legacy,1872,1867,0.43507109004739336,0.4916979110873058,0.7906976744186046,0.6063408190224571
195,195,GRCh38_notinalllowmapandsegdupregions,corrected,1872,1785,0.43287937743190663,0.49859943977591037,0.7665805340223945,0.6042090970807874
195,195,GRCh38_notinalllowmapandsegdupregions,legacy,1872,1872,0.43675982946470865,0.49252136752136755,0.7941429801894918,0.6079788987800858
195,195,GRCh38_notinsegdups,corrected,1872,1792,0.434191355026712,0.49888392857142855,0.7700258397932817,0.6054859464950897
195,195,GRCh38_notinsegdups,legacy,1872,1872,0.43675982946470865,0.49252136752136755,0.7941429801894918,0.6079788987800858
195,195,GRCh38_segdups,corrected,1872,80,0.023083264633140973,0.35,0.024117140396210164,0.045124899274778404
195,195,GRCh38_segdups,legacy,1872,1144,0.31264236902050113,0.4798951048951049,0.4728682170542636,0.47635574837310196
196,196,GRCh38_alldifficultregions,corrected,1915,565,0.1797676008202324,0.4654867256637168,0.22652885443583118,0.3047508690614137
196,196,GRCh38_alldifficultregions,legacy,1915,1763,0.49871860584315736,0.5519001701644923,0.8380706287683032,0.6655266757865937
196,196,GRCh38_alllowmapandsegdupregions,corrected,1915,69,0.03101424979044426,0.5362318840579711,0.03186907838070629,0.06016260162601626
196,196,GRCh38_alllowmapandsegdupregions,legacy,1915,1449,0.4348543155579989,0.5458937198067633,0.6813092161929372,0.6061302681992337
196,196,GRCh38_notinalldifficultregions,corrected,1915,1350,0.47014051522248246,0.5948148148148148,0.6916451335055986,0.6395858223815213
196,196,GRCh38_notinalldifficultregions,legacy,1915,1909,0.5288844621513944,0.5563122053431115,0.9147286821705426,0.69185667752443
196,196,GRCh38_notinalllowmapandsegdupregions,corrected,1915,1846,0.5202224469160769,0.557421451787649,0.8863049095607235,0.6844030595277686
196,196,GRCh38_notinalllowmapandsegdupregions,legacy,1915,1915,0.5303482587064676,0.5566579634464752,0.9181739879414298,0.693107932379714
196,196,GRCh38_notinsegdups,corrected,1915,1852,0.5217171717171717,0.5577753779697624,0.8897502153316107,0.6856953202787919
196,196,GRCh38_notinsegdups,legacy,1915,1915,0.5303482587064676,0.5566579634464752,0.9181739879414298,0.693107932379714
196,196,GRCh38_segdups,corrected,1915,63,0.027707808564231738,0.5238095238095238,0.028423772609819122,0.05392156862745098
196,196,GRCh38_segdups,legacy,1915,1158,0.37626112759643915,0.5474956822107081,0.5460809646856158,0.5467874083656749
197,197,GRCh38_alldifficultregions,corrected,1872,527,0.15537303216974674,0.4307400379506641,0.19552110249784668,0.268957345971564
197,197,GRCh38_alldifficultregions,legacy,1872,1739,0.41050583657587547,0.48533640023001723,0.726959517657192,0.5820689655172413
197,197,GRCh38_alllowmapandsegdupregions,corrected,1872,87,0.02631578947368421,0.367816091954023,0.02756244616709733,0.05128205128205127
197,197,GRCh38_alllowmapandsegdupregions,legacy,1872,1447,0.36116910229645094,0.4782308223911541,0.5960378983634798,0.5306748466257669
197,197,GRCh38_notinalldifficultregions,corrected,1872,1345,0.3837658752070679,0.516728624535316,0.5986218776916451,0.5546687948922585
197,197,GRCh38_notinalldifficultregions,legacy,1872,1867,0.43507109004739336,0.4916979110873058,0.7906976744186046,0.6063408190224571
197,197,GRCh38_notinalllowmapandsegdupregions,corrected,1872,1785,0.43287937743190663,0.49859943977591037,0.7665805340223945,0.6042090970807874
197,197,GRCh38_notinalllowmapandsegdupregions,legacy,1872,1872,0.43675982946470865,0.49252136752136755,0.7941429801894918,0.6079788987800858
197,197,GRCh38_notinsegdups,corrected,1872,1792,0.434191355026712,0.49888392857142855,0.7700258397932817,0.6054859464950897
197,197,GRCh38_notinsegdups,legacy,1872,1872,0.43675982946470865,0.49252136752136755,0.7941429801894918,0.6079788987800858
197,197,GRCh38_segdups,corrected,1872,80,0.023083264633140973,0.35,0.024117140396210164,0.045124899274778404
197,197,GRCh38_segdups,legacy,1872,1144,0.31264236902050113,0.4798951048951049,0.4728682170542636,0.47635574837310196
198,198,GRCh38_alldifficultregions,corrected,1835,530,0.17430555555555555,0.47358490566037736,0.21619293712316967,0.2968657599053814
198,198,GRCh38_alldifficultregions,legacy,1835,1686,0.49921011058451814,0.5622775800711743,0.8165374677002584,0.6659641728134879
198,198,GRCh38_alllowmapandsegdupregions,corrected,1835,73,0.028333333333333332,0.4657534246575342,0.029285099052540915,0.05510534846029174
198,198,GRCh38_alllowmapandsegdupregions,legacy,1835,1384,0.43057897695334457,0.5534682080924855,0.6597760551248923,0.6019646365422396
198,198,GRCh38_notinalldifficultregions,corrected,1835,1305,0.46873138773079215,0.6030651340996168,0.67786391042205,0.6382806163828061
198,198,GRCh38_notinalldifficultregions,legacy,1835,1830,0.5283597342871742,0.5650273224043716,0.8906115417743324,0.6914075560013372
198,198,GRCh38_notinalllowmapandsegdupregions,corrected,1835,1762,0.5231891610213653,0.5698070374574348,0.8647717484926787,0.6869654464591174
198,198,GRCh38_notinalllowmapandsegdupregions,legacy,1835,1835,0.5301327885597549,0.5656675749318801,0.8940568475452196,0.6929238985313753
198,198,GRCh38_notinsegdups,corrected,1835,1768,0.5247267048412285,0.5701357466063348,0.8682170542635659,0.6882895186070331
198,198,GRCh38_notinsegdups,legacy,1835,1835,0.5301327885597549,0.5656675749318801,0.8940568475452196,0.6929238985313753
198,198,GRCh38_segdups,corrected,1835,67,0.025041736227045076,0.44776119402985076,0.025839793281653745,0.04885993485342019
198,198,GRCh38_segdups,legacy,1835,1112,0.3709288299155609,0.5530575539568345,0.5297157622739018,0.541135063792345
201,201,GRCh38_alldifficultregions,corrected,2055,560,0.15271265907568654,0.40714285714285714,0.19638242894056848,0.26496223126089485
201,201,GRCh38_alldifficultregions,legacy,2055,1908,0.3811881188118812,0.4439203354297694,0.7295434969853575,0.5519713261648745
201,201,GRCh38_alllowmapandsegdupregions,corrected,2055,98,0.026916802610114192,0.336734693877551,0.028423772609819122,0.05242255758538523
201,201,GRCh38_alllowmapandsegdupregions,legacy,2055,1579,0.3391984359726295,0.4395186827105763,0.5977605512489234,0.5065693430656935
201,201,GRCh38_notinalldifficultregions,corrected,2055,1495,0.3557937723328229,0.4662207357859532,0.6003445305770887,0.5248493975903614
201,201,GRCh38_notinalldifficultregions,legacy,2055,2050,0.40218340611353715,0.44926829268292684,0.7932816537467701,0.5736530675801931
201,201,GRCh38_notinalllowmapandsegdupregions,corrected,2055,1957,0.40071877807726863,0.455799693408278,0.768303186907838,0.5721616420782553
201,201,GRCh38_notinalllowmapandsegdupregions,legacy,2055,2055,0.40375381929288523,0.45012165450121655,0.7967269595176572,0.5752487562189055
201,201,GRCh38_notinsegdups,corrected,2055,1965,0.40179372197309415,0.45597964376590333,0.7717484926787253,0.5732565579014716
201,201,GRCh38_notinsegdups,legacy,2055,2055,0.40375381929288523,0.45012165450121655,0.7967269595176572,0.5752487562189055
201,201,GRCh38_segdups,corrected,2055,90,0.023731587561374796,0.32222222222222224,0.024978466838931956,0.04636290967226219
201,201,GRCh38_segdups,legacy,2055,1250,0.2969338353953739,0.4416,0.4754521963824289,0.4579012857735379
202,202,GRCh38_alldifficultregions,corrected,2245,645,0.16968911917098445,0.4062015503875969,0.22566752799310938,0.29014396456256925
202,202,GRCh38_alldifficultregions,legacy,2245,2060,0.43346684468179797,0.4728155339805825,0.8389319552110249,0.6047811238745731
202,202,GRCh38_alllowmapandsegdupregions,corrected,2245,78,0.030782029950083195,0.47435897435897434,0.03186907838070629,0.05972558514931396
202,202,GRCh38_alllowmapandsegdupregions,legacy,2245,1704,0.38205499276411,0.4647887323943662,0.6821705426356589,0.5528795811518324
202,202,GRCh38_notinalldifficultregions,corrected,2245,1600,0.41155419222903883,0.503125,0.6933677863910422,0.5831220572256429
202,202,GRCh38_notinalldifficultregions,legacy,2245,2239,0.4542343883661249,0.4743188923626619,0.9147286821705426,0.6247058823529411
202,202,GRCh38_notinalllowmapandsegdupregions,corrected,2245,2167,0.4482158398607485,0.47531149053991695,0.8871662360034454,0.6189903846153846
202,202,GRCh38_notinalllowmapandsegdupregions,legacy,2245,2245,0.4561778537836682,0.4752783964365256,0.9190353143841516,0.6265413975337639
202,202,GRCh38_notinsegdups,corrected,2245,2175,0.44917463075586445,0.4754022988505747,0.8906115417743324,0.6199040767386091
202,202,GRCh38_notinsegdups,legacy,2245,2245,0.4561778537836682,0.4752783964365256,0.9190353143841516,0.6265413975337639
202,202,GRCh38_segdups,corrected,2245,70,0.027545909849749584,0.4714285714285714,0.028423772609819122,0.053614947197400495
202,202,GRCh38_segdups,legacy,2245,1376,0.33385909568874866,0.46148255813953487,0.5469422911283376,0.5005912495072921
203,203,GRCh38_alldifficultregions,corrected,2055,560,0.15271265907568654,0.40714285714285714,0.19638242894056848,0.26496223126089485
203,203,GRCh38_alldifficultregions,legacy,2055,1908,0.3811881188118812,0.4439203354297694,0.7295434969853575,0.5519713261648745
203,203,GRCh38_alllowmapandsegdupregions,corrected,2055,98,0.026916802610114192,0.336734693877551,0.028423772609819122,0.05242255758538523
203,203,GRCh38_alllowmapandsegdupregions,legacy,2055,1579,0.3391984359726295,0.4395186827105763,0.5977605512489234,0.5065693430656935
203,203,GRCh38_notinalldifficultregions,corrected,2055,1495,0.3557937723328229,0.4662207357859532,0.6003445305770887,0.5248493975903614
203,203,GRCh38_notinalldifficultregions,legacy,2055,2050,0.40218340611353715,0.44926829268292684,0.7932816537467701,0.5736530675801931
203,203,GRCh38_notinalllowmapandsegdupregions,corrected,2055,1957,0.40071877807726863,0.455799693408278,0.768303186907838,0.5721616420782553
203,203,GRCh38_notinalllowmapandsegdupregions,legacy,2055,2055,0.40375381929288523,0.45012165450121655,0.7967269595176572,0.5752487562189055
203,203,GRCh38_notinsegdups,corrected,2055,1965,0.40179372197309415,0.45597964376590333,0.7717484926787253,0.5732565579014716
203,203,GRCh38_notinsegdups,legacy,2055,2055,0.40375381929288523,0.45012165450121655,0.7967269595176572,0.5752487562189055
203,203,GRCh38_segdups,corrected,2055,90,0.023731587561374796,0.32222222222222224,0.024978466838931956,0.04636290967226219
203,203,GRCh38_segdups,legacy,2055,1250,0.2969338353953739,0.4416,0.4754521963824289,0.4579012857735379
204,204,GRCh38_alldifficultregions,corrected,1989,534,0.17382271468144045,0.4700374531835206,0.21619293712316967,0.296165191740413
204,204,GRCh38_alldifficultregions,legacy,1989,1826,0.46637211585665195,0.52026286966046,0.818260120585702,0.6360897221292267
204,204,GRCh38_alllowmapandsegdupregions,corrected,1989,71,0.028380634390651086,0.4788732394366197,0.029285099052540915,0.0551948051948052
204,204,GRCh38_alllowmapandsegdupregions,legacy,1989,1493,0.40721102863202546,0.5144005358338914,0.661498708010336,0.5787490580256218
204,204,GRCh38_notinalldifficultregions,corrected,1989,1455,0.4334246575342466,0.5436426116838488,0.6813092161929372,0.6047400611620796
204,204,GRCh38_notinalldifficultregions,legacy,1989,1985,0.49240986717267554,0.5229219143576826,0.8940568475452196,0.6598855689764781
204,204,GRCh38_notinalllowmapandsegdupregions,corrected,1989,1918,0.48672139063254466,0.5255474452554745,0.8682170542635659,0.6547580383241312
204,204,GRCh38_notinalllowmapandsegdupregions,legacy,1989,1989,0.49430740037950666,0.5238813474107592,0.8975021533161068,0.6615873015873016
204,204,GRCh38_notinsegdups,corrected,1989,1924,0.48818137964302943,0.525987525987526,0.8716623600344531,0.6560777957860616
204,204,GRCh38_notinsegdups,legacy,1989,1989,0.49430740037950666,0.5238813474107592,0.8975021533161068,0.6615873015873016
204,204,GRCh38_segdups,corrected,1989,65,0.02508361204013378,0.46153846153846156,0.025839793281653745,0.04893964110929853
204,204,GRCh38_segdups,legacy,1989,1191,0.35561959654178676,0.5180520570948782,0.5314384151593454,0.5246598639455782
207,207,GRCh38_alldifficultregions,corrected,2122,599,0.14882506527415143,0.3806343906510851,0.19638242894056848,0.2590909090909091
207,207,GRCh38_alldifficultregions,legacy,2122,1969,0.37160385626643294,0.43067546978161503,0.7304048234280792,0.54185303514377
207,207,GRCh38_alllowmapandsegdupregions,corrected,2122,97,0.026938775510204082,0.3402061855670103,0.028423772609819122,0.05246422893481717
207,207,GRCh38_alllowmapandsegdupregions,legacy,2122,1637,0.32984790874524716,0.4239462431276726,0.5977605512489234,0.4960686204431737
207,207,GRCh38_notinalldifficultregions,corrected,2122,1523,0.351460221550856,0.4583059750492449,0.6012058570198106,0.5201192250372578
207,207,GRCh38_notinalldifficultregions,legacy,2122,2117,0.39134125636672323,0.43552196504487484,0.7941429801894918,0.5625381330079317
207,207,GRCh38_notinalllowmapandsegdupregions,corrected,2122,2025,0.3894461404273877,0.44098765432098763,0.7691645133505599,0.5605775266792216
207,207,GRCh38_notinalllowmapandsegdupregions,legacy,2122,2122,0.3928722952906237,0.4363807728557964,0.797588285960379,0.5641181845872678
207,207,GRCh38_notinsegdups,corrected,2122,2033,0.39050936003482806,0.441219872110182,0.772609819121447,0.5616781465247339
207,207,GRCh38_notinsegdups,legacy,2122,2122,0.3928722952906237,0.4363807728557964,0.797588285960379,0.5641181845872678
207,207,GRCh38_segdups,corrected,2122,89,0.02375102375102375,0.3258426966292135,0.024978466838931956,0.0464
207,207,GRCh38_segdups,legacy,2122,1298,0.2887840670859539,0.42449922958397535,0.47459086993970717,0.4481496543310288
208,208,GRCh38_alldifficultregions,corrected,2343,711,0.163455562461156,0.369901547116737,0.22652885443583118,0.280982905982906
208,208,GRCh38_alldifficultregions,legacy,2343,2151,0.41659538066723695,0.4528126452812645,0.8389319552110249,0.5881642512077295
208,208,GRCh38_alllowmapandsegdupregions,corrected,2343,75,0.030859049207673062,0.49333333333333335,0.03186907838070629,0.0598705501618123
208,208,GRCh38_alllowmapandsegdupregions,legacy,2343,1774,0.36957536164255717,0.4464487034949267,0.6821705426356589,0.5396933560477001
208,208,GRCh38_notinalldifficultregions,corrected,2343,1632,0.4042232277526395,0.49264705882352944,0.6925064599483204,0.5757250268528464
208,208,GRCh38_notinalldifficultregions,legacy,2343,2337,0.43655030800821354,0.4548566538296962,0.9155900086132644,0.6077758719268153
208,208,GRCh38_notinalllowmapandsegdupregions,corrected,2343,2268,0.42934556065027096,0.4541446208112875,0.8871662360034454,0.6007582385535142
208,208,GRCh38_notinalllowmapandsegdupregions,legacy,2343,2343,0.43783340172343044,0.45539906103286387,0.9190353143841516,0.6090182648401826
208,208,GRCh38_notinsegdups,corrected,2343,2275,0.43047460449625313,0.4545054945054945,0.8906115417743324,0.6018626309662398
208,208,GRCh38_notinsegdups,legacy,2343,2343,0.43783340172343044,0.45539906103286387,0.9190353143841516,0.6090182648401826
208,208,GRCh38_segdups,corrected,2343,68,0.027591973244147156,0.4852941176470588,0.028423772609819122,0.053702196908055326
208,208,GRCh38_segdups,legacy,2343,1428,0.3249744114636643,0.44467787114845936,0.5469422911283376,0.4905368868288914
209,209,GRCh38_alldifficultregions,corrected,2122,599,0.14882506527415143,0.3806343906510851,0.19638242894056848,0.2590909090909091
209,209,GRCh38_alldifficultregions,legacy,2122,1969,0.37160385626643294,0.43067546978161503,0.7304048234280792,0.54185303514377
209,209,GRCh38_alllowmapandsegdupregions,corrected,2122,97,0.026938775510204082,0.3402061855670103,0.028423772609819122,0.05246422893481717
209,209,GRCh38_alllowmapandsegdupregions,legacy,2122,1637,0.32984790874524716,0.4239462431276726,0.5977605512489234,0.4960686204431737
209,209,GRCh38_notinalldifficultregions,corrected,2122,1523,0.351460221550856,0.4583059750492449,0.6012058570198106,0.5201192250372578
209,209,GRCh38_notinalldifficultregions,legacy,2122,2117,0.39134125636672323,0.43552196504487484,0.7941429801894918,0.5625381330079317
209,209,GRCh38_notinalllowmapandsegdupregions,corrected,2122,2025,0.3894461404273877,0.44098765432098763,0.7691645133505599,0.5605775266792216
209,209,GRCh38_notinalllowmapandsegdupregions,legacy,2122,2122,0.3928722952906237,0.4363807728557964,0.797588285960379,0.5641181845872678
209,209,GRCh38_notinsegdups,corrected,2122,2033,0.39050936003482806,0.441219872110182,0.772609819121447,0.5616781465247339
209,209,GRCh38_notinsegdups,legacy,2122,2122,0.3928722952906237,0.4363807728557964,0.797588285960379,0.5641181845872678
209,209,GRCh38_segdups,corrected,2122,89,0.02375102375102375,0.3258426966292135,0.024978466838931956,0.0464
209,209,GRCh38_segdups,legacy,2122,1298,0.2887840670859539,0.42449922958397535,0.47459086993970717,0.4481496543310288
210,210,GRCh38_alldifficultregions,corrected,2050,575,0.16902356902356902,0.4365217391304348,0.21619293712316967,0.2891705069124424
210,210,GRCh38_alldifficultregions,legacy,2050,1883,0.45506692160611856,0.5055762081784386,0.8199827734711456,0.6254927726675427
210,210,GRCh38_alllowmapandsegdupregions,corrected,2050,77,0.02823920265780731,0.44155844155844154,0.029285099052540915,0.05492730210016156
210,210,GRCh38_alllowmapandsegdupregions,legacy,2050,1539,0.39896373056994816,0.5003248862897985,0.6632213608957795,0.5703703703703704
210,210,GRCh38_notinalldifficultregions,corrected,2050,1475,0.4302767227346717,0.5376271186440678,0.6830318690783808,0.6016691957511381
210,210,GRCh38_notinalldifficultregions,legacy,2050,2045,0.4801477377654663,0.508557457212714,0.8957795004306632,0.6487835308796007
210,210,GRCh38_notinalllowmapandsegdupregions,corrected,2050,1973,0.4755178907721281,0.5119107957425241,0.8699397071490095,0.6445437141033822
210,210,GRCh38_notinalllowmapandsegdupregions,legacy,2050,2050,0.48177203507152744,0.5092682926829268,0.8992248062015504,0.650264715042043
210,210,GRCh38_notinsegdups,corrected,2050,1979,0.47695202257761055,0.5123799898938858,0.8733850129198967,0.6458598726114649
210,210,GRCh38_notinsegdups,legacy,2050,2050,0.48177203507152744,0.5092682926829268,0.8992248062015504,0.650264715042043
210,210,GRCh38_segdups,corrected,2050,71,0.024958402662229616,0.4225352112676056,0.025839793281653745,0.0487012987012987
210,210,GRCh38_segdups,legacy,2050,1231,0.3491257755217146,0.5028432168968319,0.533161068044789,0.5175585284280937
213,213,GRCh38_alldifficultregions,corrected,1817,493,0.15988779803646563,0.46247464503042596,0.19638242894056848,0.27569528415961303
213,213,GRCh38_alldifficultregions,legacy,1817,1690,0.42123629112662014,0.5,0.7278208440999139,0.5927744650999649
213,213,GRCh38_alllowmapandsegdupregions,corrected,1817,90,0.027093596059113302,0.36666666666666664,0.028423772609819122,0.052757793764988015
213,213,GRCh38_alllowmapandsegdupregions,legacy,1817,1393,0.3723804406233208,0.49748743718592964,0.5968992248062015,0.5426781519185592
213,213,GRCh38_notinalldifficultregions,corrected,1817,1324,0.388268156424581,0.5249244712990937,0.5986218776916451,0.5593561368209257
213,213,GRCh38_notinalldifficultregions,legacy,1817,1812,0.44741966893865626,0.5071743929359823,0.7915590008613265,0.6182307433568784
213,213,GRCh38_notinalllowmapandsegdupregions,corrected,1817,1727,0.44544544544544545,0.5153445280833816,0.7665805340223945,0.6163434903047091
213,213,GRCh38_notinalllowmapandsegdupregions,legacy,1817,1817,0.4491484184914842,0.5079801871216291,0.7950043066322137,0.6198791134989927
213,213,GRCh38_notinsegdups,corrected,1817,1734,0.44677661169415295,0.5155709342560554,0.7700258397932817,0.6176165803108808
213,213,GRCh38_notinsegdups,legacy,1817,1817,0.4491484184914842,0.5079801871216291,0.7950043066322137,0.6198791134989927
213,213,GRCh38_segdups,corrected,1817,83,0.023868312757201648,0.3493975903614458,0.024978466838931956,0.046623794212218655
213,213,GRCh38_segdups,legacy,1817,1099,0.32241076653013456,0.5013648771610555,0.47459086993970717,0.4876106194690265
214,214,GRCh38_alldifficultregions,corrected,1809,527,0.18373071528751753,0.4971537001897533,0.22566752799310938,0.3104265402843602
214,214,GRCh38_alldifficultregions,legacy,1809,1664,0.5245547760388559,0.5841346153846154,0.8372093023255814,0.6881415929203539
214,214,GRCh38_alllowmapandsegdupregions,corrected,1809,72,0.030936454849498328,0.5138888888888888,0.03186907838070629,0.0600162206001622
214,214,GRCh38_alllowmapandsegdupregions,legacy,1809,1372,0.4549109707064905,0.577259475218659,0.6821705426356589,0.6253454401894987
214,214,GRCh38_notinalldifficultregions,corrected,1809,1282,0.4896341463414634,0.6263650546021841,0.6916451335055986,0.6573884568153908
214,214,GRCh38_notinalldifficultregions,legacy,1809,1803,0.5567226890756303,0.5879090404880755,0.9130060292850991,0.7152496626180836
214,214,GRCh38_notinalllowmapandsegdupregions,corrected,1809,1737,0.5497326203208556,0.5918249856073691,0.8854435831180018,0.7094547964113183
214,214,GRCh38_notinalllowmapandsegdupregions,legacy,1809,1809,0.5590551181102362,0.5887230514096186,0.917312661498708,0.7171717171717172
214,214,GRCh38_notinsegdups,corrected,1809,1744,0.5509877202349173,0.591743119266055,0.8888888888888888,0.7104991394148021
214,214,GRCh38_notinsegdups,legacy,1809,1809,0.5590551181102362,0.5887230514096186,0.917312661498708,0.7171717171717172
214,214,GRCh38_segdups,corrected,1809,65,0.027661357921207042,0.5076923076923077,0.028423772609819122,0.053833605220228384
214,214,GRCh38_segdups,legacy,1809,1110,0.38814180929095354,0.5720720720720721,0.5469422911283376,0.5592250110083664
215,215,GRCh38_alldifficultregions,corrected,1817,493,0.15988779803646563,0.46247464503042596,0.19638242894056848,0.27569528415961303
215,215,GRCh38_alldifficultregions,legacy,1817,1690,0.42123629112662014,0.5,0.7278208440999139,0.5927744650999649
215,215,GRCh38_alllowmapandsegdupregions,corrected,1817,90,0.027093596059113302,0.36666666666666664,0.028423772609819122,0.052757793764988015
215,215,GRCh38_alllowmapandsegdupregions,legacy,1817,1393,0.3723804406233208,0.49748743718592964,0.5968992248062015,0.5426781519185592
215,215,GRCh38_notinalldifficultregions,corrected,1817,1324,0.388268156424581,0.5249244712990937,0.5986218776916451,0.5593561368209257
215,215,GRCh38_notinalldifficultregions,legacy,1817,1812,0.44741966893865626,0.5071743929359823,0.7915590008613265,0.6182307433568784
215,215,GRCh38_notinalllowmapandsegdupregions,corrected,1817,1727,0.44544544544544545,0.5153445280833816,0.7665805340223945,0.6163434903047091
215,215,GRCh38_notinalllowmapandsegdupregions,legacy,1817,1817,0.4491484184914842,0.5079801871216291,0.7950043066322137,0.6198791134989927
215,215,GRCh38_notinsegdups,corrected,1817,1734,0.44677661169415295,0.5155709342560554,0.7700258397932817,0.6176165803108808
215,215,GRCh38_notinsegdups,legacy,1817,1817,0.4491484184914842,0.5079801871216291,0.7950043066322137,0.6198791134989927
215,215,GRCh38_segdups,corrected,1817,83,0.023868312757201648,0.3493975903614458,0.024978466838931956,0.046623794212218655
215,215,GRCh38_segdups,legacy,1817,1099,0.32241076653013456,0.5013648771610555,0.47459086993970717,0.4876106194690265
216,216,GRCh38_alldifficultregions,corrected,1757,482,0.18031609195402298,0.520746887966805,0.21619293712316967,0.3055386488131467
216,216,GRCh38_alldifficultregions,legacy,1757,1612,0.5177887246852764,0.586848635235732,0.8148148148148148,0.6822935448972233
216,216,GRCh38_alllowmapandsegdupregions,corrected,1757,65,0.028523489932885907,0.5230769230769231,0.029285099052540915,0.05546492659053833
216,216,GRCh38_alllowmapandsegdupregions,legacy,1757,1319,0.44522144522144524,0.579226686884003,0.6580534022394487,0.6161290322580645
216,216,GRCh38_notinalldifficultregions,corrected,1757,1275,0.47546941247728647,0.615686274509804,0.6761412575366064,0.6444991789819375
216,216,GRCh38_notinalldifficultregions,legacy,1757,1753,0.5483528161530287,0.5887050770108385,0.8888888888888888,0.7083047357584076
216,216,GRCh38_notinalllowmapandsegdupregions,corrected,1757,1692,0.5413290113452188,0.5921985815602837,0.8630490956072352,0.7024185068349106
216,216,GRCh38_notinalllowmapandsegdupregions,legacy,1757,1757,0.5504782146652497,0.5896414342629482,0.892334194659776,0.7100753941055518
216,216,GRCh38_notinsegdups,corrected,1757,1698,0.5429033998920669,0.5924617196702002,0.8664944013781223,0.7037425673312346
216,216,GRCh38_notinsegdups,legacy,1757,1757,0.5504782146652497,0.5896414342629482,0.892334194659776,0.7100753941055518
216,216,GRCh38_segdups,corrected,1757,59,0.025210084033613446,0.5084745762711864,0.025839793281653745,0.04918032786885246
216,216,GRCh38_segdups,legacy,1757,1057,0.38193146417445484,0.5799432355723746,0.5279931093884582,0.5527502254283138
219,219,GRCh38_alldifficultregions,corrected,1173,295,0.15647339158061954,0.6677966101694915,0.16968130921619293,0.2706043956043956
219,219,GRCh38_alldifficultregions,legacy,1173,1089,0.5100671140939598,0.6978879706152433,0.6546080964685616,0.6755555555555556
219,219,GRCh38_alllowmapandsegdupregions,corrected,1173,38,0.020425531914893616,0.631578947368421,0.020671834625323,0.04003336113427857
219,219,GRCh38_alllowmapandsegdupregions,legacy,1173,878,0.4379407616361072,0.7072892938496583,0.5348837209302325,0.6091221186856303
219,219,GRCh38_notinalldifficultregions,corrected,1173,878,0.4460992907801418,0.7164009111617312,0.5417743324720069,0.616969102501226
219,219,GRCh38_notinalldifficultregions,legacy,1173,1168,0.5454545454545454,0.7037671232876712,0.7080103359173127,0.7058823529411765
219,219,GRCh38_notinalllowmapandsegdupregions,corrected,1173,1135,0.536813922356091,0.7066079295154185,0.6907838070628768,0.6986062717770035
219,219,GRCh38_notinalllowmapandsegdupregions,legacy,1173,1173,0.5477453580901857,0.7041773231031543,0.7114556416881999,0.7077977720651243
219,219,GRCh38_notinsegdups,corrected,1173,1137,0.5381526104417671,0.7071240105540897,0.6925064599483204,0.6997389033942558
219,219,GRCh38_notinsegdups,legacy,1173,1173,0.5477453580901857,0.7041773231031543,0.7114556416881999,0.7077977720651243
219,219,GRCh38_segdups,corrected,1173,36,0.01872340425531915,0.6111111111111112,0.018949181739879414,0.03675856307435255
219,219,GRCh38_segdups,legacy,1173,691,0.36578171091445427,0.7178002894356006,0.4272179155900086,0.5356371490280777
220,220,GRCh38_alldifficultregions,corrected,1193,330,0.17586750788643532,0.6757575757575758,0.1920757967269595,0.29912810194500333
220,220,GRCh38_alldifficultregions,legacy,1193,1101,0.6031183557760453,0.7729336966394187,0.7329888027562446,0.7524314765694076
220,220,GRCh38_alllowmapandsegdupregions,corrected,1193,34,0.022241231822070145,0.7647058823529411,0.02239448751076658,0.04351464435146444
220,220,GRCh38_alllowmapandsegdupregions,legacy,1193,905,0.5058309037900874,0.7668508287292818,0.5977605512489234,0.6718296224588578
220,220,GRCh38_notinalldifficultregions,corrected,1193,863,0.5403348554033486,0.8227114716106605,0.611541774332472,0.7015810276679842
220,220,GRCh38_notinalldifficultregions,legacy,1193,1189,0.6537649542575651,0.7813288477712363,0.8001722652885443,0.7906382978723404
220,220,GRCh38_notinalllowmapandsegdupregions,corrected,1193,1159,0.6418966737438075,0.7825711820534944,0.781223083548665,0.781896551724138
220,220,GRCh38_notinalllowmapandsegdupregions,legacy,1193,1193,0.6565798733286418,0.7820620284995808,0.8036175710594315,0.7926932880203906
220,220,GRCh38_notinsegdups,corrected,1193,1162,0.6428571428571429,0.7822719449225474,0.7829457364341085,0.782608695652174
220,220,GRCh38_notinsegdups,legacy,1193,1193,0.6565798733286418,0.7820620284995808,0.8036175710594315,0.7926932880203906
220,220,GRCh38_segdups,corrected,1193,31,0.02054794520547945,0.7741935483870968,0.020671834625323,0.04026845637583893
220,220,GRCh38_segdups,legacy,1193,729,0.41679160419790107,0.7626886145404664,0.4788975021533161,0.5883597883597884
221,221,GRCh38_alldifficultregions,corrected,1173,295,0.15647339158061954,0.6677966101694915,0.16968130921619293,0.2706043956043956
221,221,GRCh38_alldifficultregions,legacy,1173,1089,0.5100671140939598,0.6978879706152433,0.6546080964685616,0.6755555555555556
221,221,GRCh38_alllowmapandsegdupregions,corrected,1173,38,0.020425531914893616,0.631578947368421,0.020671834625323,0.04003336113427857
221,221,GRCh38_alllowmapandsegdupregions,legacy,1173,878,0.4379407616361072,0.7072892938496583,0.5348837209302325,0.6091221186856303
221,221,GRCh38_notinalldifficultregions,corrected,1173,878,0.4460992907801418,0.7164009111617312,0.5417743324720069,0.616969102501226
221,221,GRCh38_notinalldifficultregions,legacy,1173,1168,0.5454545454545454,0.7037671232876712,0.7080103359173127,0.7058823529411765
221,221,GRCh38_notinalllowmapandsegdupregions,corrected,1173,1135,0.536813922356091,0.7066079295154185,0.6907838070628768,0.6986062717770035
221,221,GRCh38_notinalllowmapandsegdupregions,legacy,1173,1173,0.5477453580901857,0.7041773231031543,0.7114556416881999,0.7077977720651243
221,221,GRCh38_notinsegdups,corrected,1173,1137,0.5381526104417671,0.7071240105540897,0.6925064599483204,0.6997389033942558
221,221,GRCh38_notinsegdups,legacy,1173,1173,0.5477453580901857,0.7041773231031543,0.7114556416881999,0.7077977720651243
221,221,GRCh38_segdups,corrected,1173,36,0.01872340425531915,0.6111111111111112,0.018949181739879414,0.03675856307435255
221,221,GRCh38_segdups,legacy,1173,691,0.36578171091445427,0.7178002894356006,0.4272179155900086,0.5356371490280777
222,222,GRCh38_alldifficultregions,corrected,1179,315,0.17985611510791366,0.7142857142857143,0.1937984496124031,0.3048780487804878
222,222,GRCh38_alldifficultregions,legacy,1179,1095,0.6160458452722063,0.7853881278538812,0.7407407407407407,0.7624113475177305
222,222,GRCh38_alllowmapandsegdupregions,corrected,1179,35,0.02134927412467976,0.7142857142857143,0.02153316106804479,0.04180602006688963
222,222,GRCh38_alllowmapandsegdupregions,legacy,1179,900,0.5087847730600292,0.7722222222222223,0.5986218776916451,0.6744298884036876
222,222,GRCh38_notinalldifficultregions,corrected,1179,864,0.5434451219512195,0.8252314814814815,0.6141257536606374,0.7041975308641975
222,222,GRCh38_notinalldifficultregions,legacy,1179,1176,0.666904422253923,0.7950680272108843,0.8053402239448751,0.8001711596063328
222,222,GRCh38_notinalllowmapandsegdupregions,corrected,1179,1144,0.6558908045977011,0.7980769230769231,0.7863910422049957,0.7921908893709327
222,222,GRCh38_notinalllowmapandsegdupregions,legacy,1179,1179,0.6690442225392297,0.7955894826123834,0.8079242032730405,0.8017094017094016
222,222,GRCh38_notinsegdups,corrected,1179,1148,0.6575735821966978,0.7979094076655052,0.788975021533161,0.7934170636639237
222,222,GRCh38_notinsegdups,legacy,1179,1179,0.6690442225392297,0.7955894826123834,0.8079242032730405,0.8017094017094016
222,222,GRCh38_segdups,corrected,1179,31,0.018803418803418803,0.7096774193548387,0.018949181739879414,0.03691275167785235
222,222,GRCh38_segdups,legacy,1179,708,0.42129277566539924,0.7824858757062146,0.4771748492678725,0.5928303905831995
225,225,GRCh38_alldifficultregions,corrected,949,215,0.13344316309719934,0.7534883720930232,0.13953488372093023,0.23546511627906974
225,225,GRCh38_alldifficultregions,legacy,949,875,0.4732272069464544,0.7474285714285714,0.5633074935400517,0.6424361493123771
225,225,GRCh38_alllowmapandsegdupregions,corrected,949,26,0.016267123287671232,0.7307692307692307,0.01636520241171404,0.032013479359730417
225,225,GRCh38_alllowmapandsegdupregions,legacy,949,711,0.40224719101123596,0.7552742616033755,0.4625322997416021,0.5737179487179488
225,225,GRCh38_notinalldifficultregions,corrected,949,734,0.4141791044776119,0.7561307901907357,0.4780361757105943,0.5857519788918205
225,225,GRCh38_notinalldifficultregions,legacy,949,945,0.5129310344827587,0.7555555555555555,0.6149870801033591,0.678062678062678
225,225,GRCh38_notinalllowmapandsegdupregions,corrected,949,923,0.5036075036075036,0.7562296858071506,0.6012058570198106,0.6698656429942419
225,225,GRCh38_notinalllowmapandsegdupregions,legacy,949,949,0.5147164393395549,0.7555321390937829,0.6175710594315246,0.6796208530805687
225,225,GRCh38_notinsegdups,corrected,949,926,0.5046863734679163,0.755939524838013,0.602928509905254,0.670819357930043
225,225,GRCh38_notinsegdups,legacy,949,949,0.5147164393395549,0.7555321390937829,0.6175710594315246,0.6796208530805687
225,225,GRCh38_segdups,corrected,949,23,0.01456726649528706,0.7391304347826086,0.014642549526270457,0.028716216216216218
225,225,GRCh38_segdups,legacy,949,568,0.3382352941176471,0.7693661971830986,0.3763996554694229,0.5054945054945055
226,226,GRCh38_alldifficultregions,corrected,1131,307,0.17346123101518784,0.7068403908794788,0.18690783807062877,0.2956403269754769
226,226,GRCh38_alldifficultregions,legacy,1131,1051,0.5971119133574008,0.7868696479543292,0.7123169681309216,0.747739602169982
226,226,GRCh38_alllowmapandsegdupregions,corrected,1131,30,0.02056555269922879,0.8,0.020671834625323,0.0403022670025189
226,226,GRCh38_alllowmapandsegdupregions,legacy,1131,866,0.5003700962250185,0.7806004618937644,0.5822566752799311,0.6669955599407992
226,226,GRCh38_notinalldifficultregions,corrected,1131,824,0.5269230769230769,0.8313106796116505,0.5900086132644272,0.6901763224181361
226,226,GRCh38_notinalldifficultregions,legacy,1131,1128,0.6467625899280576,0.7969858156028369,0.7743324720068906,0.7854958497160334
226,226,GRCh38_notinalllowmapandsegdupregions,corrected,1131,1101,0.634393063583815,0.7974568574023615,0.756244616709733,0.7763041556145005
226,226,GRCh38_notinalllowmapandsegdupregions,legacy,1131,1131,0.6489208633093525,0.7975243147656941,0.7769164513350559,0.787085514834206
226,226,GRCh38_notinsegdups,corrected,1131,1103,0.6358381502890174,0.7978241160471442,0.7579672695951766,0.7773851590106006
226,226,GRCh38_notinsegdups,legacy,1131,1131,0.6489208633093525,0.7975243147656941,0.7769164513350559,0.787085514834206
226,226,GRCh38_segdups,corrected,1131,28,0.018851756640959727,0.7857142857142857,0.018949181739879414,0.03700588730025232
226,226,GRCh38_segdups,legacy,1131,699,0.4133738601823708,0.7782546494992847,0.46856158484065463,0.5849462365591398
227,227,GRCh38_alldifficultregions,corrected,949,215,0.13344316309719934,0.7534883720930232,0.13953488372093023,0.23546511627906974
227,227,GRCh38_alldifficultregions,legacy,949,875,0.4732272069464544,0.7474285714285714,0.5633074935400517,0.6424361493123771
227,227,GRCh38_alllowmapandsegdupregions,corrected,949,26,0.016267123287671232,0.7307692307692307,0.01636520241171404,0.032013479359730417
227,227,GRCh38_alllowmapandsegdupregions,legacy,949,711,0.40224719101123596,0.7552742616033755,0.4625322997416021,0.5737179487179488
227,227,GRCh38_notinalldifficultregions,corrected,949,734,0.4141791044776119,0.7561307901907357,0.4780361757105943,0.5857519788918205
227,227,GRCh38_notinalldifficultregions,legacy,949,945,0.5129310344827587,0.7555555555555555,0.6149870801033591,0.678062678062678
227,227,GRCh38_notinalllowmapandsegdupregions,corrected,949,923,0.5036075036075036,0.7562296858071506,0.6012058570198106,0.6698656429942419
227,227,GRCh38_notinalllowmapandsegdupregions,legacy,949,949,0.5147164393395549,0.7555321390937829,0.6175710594315246,0.6796208530805687
227,227,GRCh38_notinsegdups,corrected,949,926,0.5046863734679163,0.755939524838013,0.602928509905254,0.670819357930043
227,227,GRCh38_notinsegdups,legacy,949,949,0.5147164393395549,0.7555321390937829,0.6175710594315246,0.6796208530805687
227,227,GRCh38_segdups,corrected,949,23,0.01456726649528706,0.7391304347826086,0.014642549526270457,0.028716216216216218
227,227,GRCh38_segdups,legacy,949,568,0.3382352941176471,0.7693661971830986,0.3763996554694229,0.5054945054945055
228,228,GRCh38_alldifficultregions,corrected,1103,271,0.17280917280917282,0.7785977859778598,0.181739879414298,0.29469273743016755
228,228,GRCh38_alldifficultregions,legacy,1103,1020,0.6203566121842496,0.8186274509803921,0.719207579672696,0.7657038055937643
228,228,GRCh38_alllowmapandsegdupregions,corrected,1103,34,0.021367521367521368,0.7352941176470589,0.02153316106804479,0.04184100418410042
228,228,GRCh38_alllowmapandsegdupregions,legacy,1103,841,0.5143721633888049,0.8085612366230678,0.5857019810508183,0.6793206793206793
228,228,GRCh38_notinalldifficultregions,corrected,1103,832,0.5401854714064915,0.8401442307692307,0.6020671834625323,0.7014550928248872
228,228,GRCh38_notinalldifficultregions,legacy,1103,1100,0.6698670605612999,0.8245454545454546,0.781223083548665,0.8022998673153473
228,228,GRCh38_notinalllowmapandsegdupregions,corrected,1103,1069,0.6579925650557621,0.8278765201122544,0.7622739018087855,0.7937219730941705
228,228,GRCh38_notinalllowmapandsegdupregions,legacy,1103,1103,0.672082717872969,0.8250226654578422,0.7838070628768303,0.8038869257950529
228,228,GRCh38_notinsegdups,corrected,1103,1073,0.6597325408618128,0.8275862068965517,0.7648578811369509,0.7949865711727842
228,228,GRCh38_notinsegdups,legacy,1103,1103,0.672082717872969,0.8250226654578422,0.7838070628768303,0.8038869257950529
228,228,GRCh38_segdups,corrected,1103,30,0.018819503849443968,0.7333333333333333,0.018949181739879414,0.036943744752308987
228,228,GRCh38_segdups,legacy,1103,668,0.4233463035019455,0.8143712574850299,0.46856158484065463,0.5948605795516676
231,231,GRCh38_alldifficultregions,corrected,1313,320,0.1543257989088075,0.61875,0.17054263565891473,0.2673869007427414
231,231,GRCh38_alldifficultregions,legacy,1313,1222,0.47280593325092707,0.6260229132569558,0.6589147286821705,0.6420478388585816
231,231,GRCh38_alllowmapandsegdupregions,corrected,1313,40,0.020390824129141887,0.6,0.020671834625323,0.03996669442131558
231,231,GRCh38_alllowmapandsegdupregions,legacy,1313,999,0.40808344198174706,0.6266266266266266,0.5391903531438416,0.5796296296296296
231,231,GRCh38_notinalldifficultregions,corrected,1313,993,0.4161735700197239,0.6374622356495468,0.5452196382428941,0.5877437325905294
231,231,GRCh38_notinalldifficultregions,legacy,1313,1308,0.5036540803897686,0.632262996941896,0.7123169681309216,0.6699068448764681
231,231,GRCh38_notinalllowmapandsegdupregions,corrected,1313,1273,0.4960049170251998,0.6339355852317361,0.6950904392764858,0.6631059983566147
231,231,GRCh38_notinalllowmapandsegdupregions,legacy,1313,1313,0.5057821059038344,0.6329017517136329,0.7157622739018088,0.67178658043654
231,231,GRCh38_notinsegdups,corrected,1313,1275,0.4972341733251383,0.6345098039215686,0.6968130921619293,0.6642036124794746
231,231,GRCh38_notinsegdups,legacy,1313,1313,0.5057821059038344,0.6329017517136329,0.7157622739018088,0.67178658043654
231,231,GRCh38_segdups,corrected,1313,38,0.018691588785046728,0.5789473684210527,0.018949181739879414,0.03669724770642202
231,231,GRCh38_segdups,legacy,1313,785,0.3467128027681661,0.6382165605095541,0.4315245478036176,0.5149023638232271
232,232,GRCh38_alldifficultregions,corrected,1230,346,0.17367601246105918,0.6445086705202312,0.1920757967269595,0.2959522229595222
232,232,GRCh38_alldifficultregions,legacy,1230,1138,0.5888044229440221,0.7486818980667839,0.7338501291989664,0.7411918225315355
232,232,GRCh38_alllowmapandsegdupregions,corrected,1230,35,0.022222222222222223,0.7428571428571429,0.02239448751076658,0.04347826086956522
232,232,GRCh38_alllowmapandsegdupregions,legacy,1230,938,0.495014245014245,0.7409381663113006,0.5986218776916451,0.662220104811815
232,232,GRCh38_notinalldifficultregions,corrected,1230,884,0.532983508245877,0.8042986425339367,0.6124031007751938,0.6953545232273839
232,232,GRCh38_notinalldifficultregions,legacy,1230,1226,0.6382978723404256,0.7585644371941273,0.8010335917312662,0.7792207792207793
232,232,GRCh38_notinalllowmapandsegdupregions,corrected,1230,1195,0.6270718232044199,0.7598326359832636,0.7820844099913867,0.7707979626485568
232,232,GRCh38_notinalllowmapandsegdupregions,legacy,1230,1230,0.6410432395332876,0.759349593495935,0.8044788975021533,0.781263069845253
232,232,GRCh38_notinsegdups,corrected,1230,1198,0.6280193236714976,0.7595993322203672,0.7838070628768303,0.7715133531157269
232,232,GRCh38_notinsegdups,legacy,1230,1230,0.6410432395332876,0.759349593495935,0.8044788975021533,0.781263069845253
232,232,GRCh38_segdups,corrected,1230,32,0.020530367835757058,0.75,0.020671834625323,0.040234702430846606
232,232,GRCh38_segdups,legacy,1230,760,0.4083577712609971,0.7328947368421053,0.4797588285960379,0.5799062988027069
233,233,GRCh38_alldifficultregions,corrected,1313,320,0.1543257989088075,0.61875,0.17054263565891473,0.2673869007427414
233,233,GRCh38_alldifficultregions,legacy,1313,1222,0.47280593325092707,0.6260229132569558,0.6589147286821705,0.6420478388585816
233,233,GRCh38_alllowmapandsegdupregions,corrected,1313,40,0.020390824129141887,0.6,0.020671834625323,0.03996669442131558
233,233,GRCh38_alllowmapandsegdupregions,legacy,1313,999,0.40808344198174706,0.6266266266266266,0.5391903531438416,0.5796296296296296
233,233,GRCh38_notinalldifficultregions,corrected,1313,993,0.4161735700197239,0.6374622356495468,0.5452196382428941,0.5877437325905294
233,233,GRCh38_notinalldifficultregions,legacy,1313,1308,0.5036540803897686,0.632262996941896,0.7123169681309216,0.6699068448764681
233,233,GRCh38_notinalllowmapandsegdupregions,corrected,1313,1273,0.4960049170251998,0.6339355852317361,0.6950904392764858,0.6631059983566147
233,233,GRCh38_notinalllowmapandsegdupregions,legacy,1313,1313,0.5057821059038344,0.6329017517136329,0.7157622739018088,0.67178658043654
233,233,GRCh38_notinsegdups,corrected,1313,1275,0.4972341733251383,0.6345098039215686,0.6968130921619293,0.6642036124794746
233,233,GRCh38_notinsegdups,legacy,1313,1313,0.5057821059038344,0.6329017517136329,0.7157622739018088,0.67178658043654
233,233,GRCh38_segdups,corrected,1313,38,0.018691588785046728,0.5789473684210527,0.018949181739879414,0.03669724770642202
233,233,GRCh38_segdups,legacy,1313,785,0.3467128027681661,0.6382165605095541,0.4315245478036176,0.5149023638232271
234,234,GRCh38_alldifficultregions,corrected,1209,324,0.17857142857142858,0.6944444444444444,0.1937984496124031,0.30303030303030304
234,234,GRCh38_alldifficultregions,legacy,1209,1123,0.6061884669479606,0.767586821015138,0.7424633936261843,0.754816112084063
234,234,GRCh38_alllowmapandsegdupregions,corrected,1209,35,0.02134927412467976,0.7142857142857143,0.02153316106804479,0.04180602006688963
234,234,GRCh38_alllowmapandsegdupregions,legacy,1209,923,0.5025234318673396,0.7551462621885157,0.6003445305770887,0.6689059500959693
234,234,GRCh38_notinalldifficultregions,corrected,1209,885,0.5371900826446281,0.807909604519774,0.615848406546081,0.6989247311827956
234,234,GRCh38_notinalldifficultregions,legacy,1209,1206,0.6552447552447552,0.7769485903814262,0.8070628768303187,0.7917194761301225
234,234,GRCh38_notinalllowmapandsegdupregions,corrected,1209,1174,0.6443661971830986,0.7793867120954003,0.7881136950904393,0.7837259100642399
234,234,GRCh38_notinalllowmapandsegdupregions,legacy,1209,1209,0.6573426573426573,0.7775020678246485,0.8096468561584841,0.7932489451476793
234,234,GRCh38_notinsegdups,corrected,1209,1178,0.6460239268121042,0.7792869269949066,0.7906976744186046,0.7849508336896109
234,234,GRCh38_notinsegdups,legacy,1209,1209,0.6573426573426573,0.7775020678246485,0.8096468561584841,0.7932489451476793
234,234,GRCh38_segdups,corrected,1209,31,0.018803418803418803,0.7096774193548387,0.018949181739879414,0.03691275167785235
234,234,GRCh38_segdups,legacy,1209,725,0.41697971450037563,0.7655172413793103,0.4780361757105943,0.5885471898197242
237,237,GRCh38_alldifficultregions,corrected,838,195,0.13472803347280335,0.8256410256410256,0.13867355727820843,0.2374631268436578
237,237,GRCh38_alldifficultregions,legacy,838,771,0.5058456742010912,0.8417639429312581,0.5590008613264428,0.6718426501035196
237,237,GRCh38_alllowmapandsegdupregions,corrected,838,24,0.016295025728987993,0.7916666666666666,0.01636520241171404,0.032067510548523206
237,237,GRCh38_alllowmapandsegdupregions,legacy,838,623,0.4272,0.8571428571428571,0.4599483204134367,0.5986547085201793
237,237,GRCh38_notinalldifficultregions,corrected,838,643,0.4397446129289705,0.8569206842923794,0.47459086993970717,0.6108647450110865
237,237,GRCh38_notinalldifficultregions,legacy,838,834,0.5513219284603421,0.8501199040767387,0.6106804478897502,0.7107769423558897
237,237,GRCh38_notinalllowmapandsegdupregions,corrected,838,814,0.5405616224648986,0.8513513513513513,0.5968992248062015,0.7017721518987342
237,237,GRCh38_notinalllowmapandsegdupregions,legacy,838,838,0.5532245532245532,0.8496420047732697,0.6132644272179156,0.7123561780890446
237,237,GRCh38_notinsegdups,corrected,838,817,0.5416991426344505,0.8506731946144431,0.5986218776916451,0.7027300303336703
237,237,GRCh38_notinsegdups,legacy,838,838,0.5532245532245532,0.8496420047732697,0.6132644272179156,0.7123561780890446
237,237,GRCh38_segdups,corrected,838,21,0.014592274678111588,0.8095238095238095,0.014642549526270457,0.028764805414551613
237,237,GRCh38_segdups,legacy,838,506,0.3530844155844156,0.8596837944664032,0.37467700258397935,0.521895620875825
238,238,GRCh38_alldifficultregions,corrected,1080,285,0.1784841075794621,0.7684210526315789,0.18863049095607234,0.30290456431535273
238,238,GRCh38_alldifficultregions,legacy,1080,1000,0.6199400299850075,0.827,0.7123169681309216,0.7653863951874131
238,238,GRCh38_alllowmapandsegdupregions,corrected,1080,31,0.021422450728363324,0.8064516129032258,0.02153316106804479,0.04194630872483222
238,238,GRCh38_alllowmapandsegdupregions,legacy,1080,826,0.516793893129771,0.8196125907990315,0.5831180017226529,0.6814292903875189
238,238,GRCh38_notinalldifficultregions,corrected,1080,795,0.5365278868813825,0.8591194968553459,0.5882859603789836,0.698364008179959
238,238,GRCh38_notinalldifficultregions,legacy,1080,1076,0.6706497386109037,0.8345724907063197,0.7734711455641688,0.8028609745194456
238,238,GRCh38_notinalllowmapandsegdupregions,corrected,1080,1049,0.6579144786196549,0.8360343183984748,0.7553832902670112,0.7936651583710409
238,238,GRCh38_notinalllowmapandsegdupregions,legacy,1080,1080,0.6736370425690814,0.8351851851851851,0.7769164513350559,0.8049977688531905
238,238,GRCh38_notinsegdups,corrected,1080,1051,0.6594148537134283,0.8363463368220743,0.7571059431524548,0.7947558770343581
238,238,GRCh38_notinsegdups,legacy,1080,1080,0.6736370425690814,0.8351851851851851,0.7769164513350559,0.8049977688531905
238,238,GRCh38_segdups,corrected,1080,29,0.01970865467009426,0.7931034482758621,0.019810508182601206,0.038655462184873944
238,238,GRCh38_segdups,legacy,1080,664,0.42578125,0.8207831325301205,0.4694229112833764,0.5972602739726027
239,239,GRCh38_alldifficultregions,corrected,838,195,0.13472803347280335,0.8256410256410256,0.13867355727820843,0.2374631268436578
239,239,GRCh38_alldifficultregions,legacy,838,771,0.5058456742010912,0.8417639429312581,0.5590008613264428,0.6718426501035196
239,239,GRCh38_alllowmapandsegdupregions,corrected,838,24,0.016295025728987993,0.7916666666666666,0.01636520241171404,0.032067510548523206
239,239,GRCh38_alllowmapandsegdupregions,legacy,838,623,0.4272,0.8571428571428571,0.4599483204134367,0.5986547085201793
239,239,GRCh38_notinalldifficultregions,corrected,838,643,0.4397446129289705,0.8569206842923794,0.47459086993970717,0.6108647450110865
239,239,GRCh38_notinalldifficultregions,legacy,838,834,0.5513219284603421,0.8501199040767387,0.6106804478897502,0.7107769423558897
239,239,GRCh38_notinalllowmapandsegdupregions,corrected,838,814,0.5405616224648986,0.8513513513513513,0.5968992248062015,0.7017721518987342
239,239,GRCh38_notinalllowmapandsegdupregions,legacy,838,838,0.5532245532245532,0.8496420047732697,0.6132644272179156,0.7123561780890446
239,239,GRCh38_notinsegdups,corrected,838,817,0.5416991426344505,0.8506731946144431,0.5986218776916451,0.7027300303336703
239,239,GRCh38_notinsegdups,legacy,838,838,0.5532245532245532,0.8496420047732697,0.6132644272179156,0.7123561780890446
239,239,GRCh38_segdups,corrected,838,21,0.014592274678111588,0.8095238095238095,0.014642549526270457,0.028764805414551613
239,239,GRCh38_segdups,legacy,838,506,0.3530844155844156,0.8596837944664032,0.37467700258397935,0.521895620875825
240,240,GRCh38_alldifficultregions,corrected,1045,258,0.1756420878210439,0.8217054263565892,0.1826012058570198,0.29880197322057783
240,240,GRCh38_alldifficultregions,legacy,1045,969,0.6447876447876448,0.8617131062951496,0.719207579672696,0.7840375586854461
240,240,GRCh38_alllowmapandsegdupregions,corrected,1045,31,0.021422450728363324,0.8064516129032258,0.02153316106804479,0.04194630872483222
240,240,GRCh38_alllowmapandsegdupregions,legacy,1045,794,0.5333333333333333,0.8564231738035264,0.5857019810508183,0.6956521739130435
240,240,GRCh38_notinalldifficultregions,corrected,1045,787,0.5584,0.8869123252858958,0.6012058570198106,0.7166324435318275
240,240,GRCh38_notinalldifficultregions,legacy,1045,1042,0.6998456790123457,0.8704414587332053,0.781223083548665,0.8234226055379028
240,240,GRCh38_notinalllowmapandsegdupregions,corrected,1045,1014,0.686046511627907,0.8727810650887574,0.7622739018087855,0.8137931034482758
240,240,GRCh38_notinalllowmapandsegdupregions,legacy,1045,1045,0.7021604938271605,0.8708133971291866,0.7838070628768303,0.8250226654578423
240,240,GRCh38_notinsegdups,corrected,1045,1018,0.6878388845855926,0.8722986247544204,0.7648578811369509,0.815052776502983
240,240,GRCh38_notinsegdups,legacy,1045,1045,0.7021604938271605,0.8708133971291866,0.7838070628768303,0.8250226654578423
240,240,GRCh38_segdups,corrected,1045,27,0.018867924528301886,0.8148148148148148,0.018949181739879414,0.03703703703703704
240,240,GRCh38_segdups,legacy,1045,631,0.4358974358974359,0.8621236133122029,0.46856158484065463,0.6071428571428572
243,243,GRCh38_alldifficultregions,corrected,2210,788,0.12011494252873563,0.2652284263959391,0.18001722652885443,0.21446895844022576
243,243,GRCh38_alldifficultregions,legacy,2210,2067,0.31701346389228885,0.37590711175616837,0.6692506459948321,0.48141263940520446
243,243,GRCh38_alllowmapandsegdupregions,corrected,2210,158,0.02248062015503876,0.18354430379746836,0.024978466838931956,0.04397270659590599
243,243,GRCh38_alllowmapandsegdupregions,legacy,2210,1717,0.2836752899197145,0.37041351193942923,0.5478036175710594,0.4419735927727589
243,243,GRCh38_notinalldifficultregions,corrected,2210,1422,0.3266563944530046,0.4472573839662447,0.5478036175710594,0.49245063879210216
243,243,GRCh38_notinalldifficultregions,legacy,2210,2204,0.3326732673267327,0.3811252268602541,0.7235142118863049,0.4992570579494799
243,243,GRCh38_notinalllowmapandsegdupregions,corrected,2210,2052,0.3404255319148936,0.39766081871345027,0.7028423772609819,0.5079365079365079
243,243,GRCh38_notinalllowmapandsegdupregions,legacy,2210,2210,0.3345209817893903,0.38235294117647056,0.7278208440999139,0.5013349154553545
243,243,GRCh38_notinsegdups,corrected,2210,2059,0.34110787172011664,0.3977659057795046,0.7054263565891473,0.5086956521739131
243,243,GRCh38_notinsegdups,legacy,2210,2210,0.3345209817893903,0.38235294117647056,0.7278208440999139,0.5013349154553545
243,243,GRCh38_segdups,corrected,2210,151,0.02021772939346812,0.17218543046357615,0.02239448751076658,0.039634146341463415
243,243,GRCh38_segdups,legacy,2210,1376,0.25222112537018754,0.37136627906976744,0.4401378122308355,0.402837997635002
244,244,GRCh38_alldifficultregions,corrected,1550,620,0.13729246487867178,0.3467741935483871,0.18518518518518517,0.2414373947220662
244,244,GRCh38_alldifficultregions,legacy,1550,1449,0.4380165289256198,0.5486542443064182,0.6847545219638242,0.6091954022988505
244,244,GRCh38_alllowmapandsegdupregions,corrected,1550,161,0.02242846094354215,0.18012422360248448,0.024978466838931956,0.04387291981845689
244,244,GRCh38_alllowmapandsegdupregions,legacy,1550,1202,0.3851113716295428,0.5465890183028286,0.5658914728682171,0.5560727888277613
244,244,GRCh38_notinalldifficultregions,corrected,1550,930,0.4551148225469729,0.7032258064516129,0.5633074935400517,0.6255380200860832
244,244,GRCh38_notinalldifficultregions,legacy,1550,1542,0.470620239390642,0.5609597924773022,0.7450473729543498,0.6400295967443581
244,244,GRCh38_notinalllowmapandsegdupregions,corrected,1550,1389,0.49122807017543857,0.6047516198704104,0.7235142118863049,0.6588235294117647
244,244,GRCh38_notinalllowmapandsegdupregions,legacy,1550,1548,0.4722826086956522,0.5613695090439277,0.7484926787252368,0.6415651531930602
244,244,GRCh38_notinsegdups,corrected,1550,1392,0.49298245614035086,0.6056034482758621,0.7260981912144703,0.6603995299647473
244,244,GRCh38_notinsegdups,legacy,1550,1548,0.4722826086956522,0.5613695090439277,0.7484926787252368,0.6415651531930602
244,244,GRCh38_segdups,corrected,1550,158,0.020108275328692964,0.16455696202531644,0.02239448751076658,0.039423805913570885
244,244,GRCh38_segdups,legacy,1550,995,0.32432432432432434,0.5306532663316583,0.45478036175710596,0.4897959183673469
245,245,GRCh38_alldifficultregions,corrected,2210,788,0.12011494252873563,0.2652284263959391,0.18001722652885443,0.21446895844022576
245,245,GRCh38_alldifficultregions,legacy,2210,2067,0.31701346389228885,0.37590711175616837,0.6692506459948321,0.48141263940520446
245,245,GRCh38_alllowmapandsegdupregions,corrected,2210,158,0.02248062015503876,0.18354430379746836,0.024978466838931956,0.04397270659590599
245,245,GRCh38_alllowmapandsegdupregions,legacy,2210,1717,0.2836752899197145,0.37041351193942923,0.5478036175710594,0.4419735927727589
245,245,GRCh38_notinalldifficultregions,corrected,2210,1422,0.3266563944530046,0.4472573839662447,0.5478036175710594,0.49245063879210216
245,245,GRCh38_notinalldifficultregions,legacy,2210,2204,0.3326732673267327,0.3811252268602541,0.7235142118863049,0.4992570579494799
245,245,GRCh38_notinalllowmapandsegdupregions,corrected,2210,2052,0.3404255319148936,0.39766081871345027,0.7028423772609819,0.5079365079365079
245,245,GRCh38_notinalllowmapandsegdupregions,legacy,2210,2210,0.3345209817893903,0.38235294117647056,0.7278208440999139,0.5013349154553545
245,245,GRCh38_notinsegdups,corrected,2210,2059,0.34110787172011664,0.3977659057795046,0.7054263565891473,0.5086956521739131
245,245,GRCh38_notinsegdups,legacy,2210,2210,0.3345209817893903,0.38235294117647056,0.7278208440999139,0.5013349154553545
245,245,GRCh38_segdups,corrected,2210,151,0.02021772939346812,0.17218543046357615,0.02239448751076658,0.039634146341463415
245,245,GRCh38_segdups,legacy,2210,1376,0.25222112537018754,0.37136627906976744,0.4401378122308355,0.402837997635002
246,246,GRCh38_alldifficultregions,corrected,1499,614,0.14001284521515736,0.3550488599348534,0.18776916451335057,0.24563380281690142
246,246,GRCh38_alldifficultregions,legacy,1499,1406,0.46267806267806266,0.577524893314367,0.6993970714900948,0.6326451110245421
246,246,GRCh38_alllowmapandsegdupregions,corrected,1499,133,0.022116903633491312,0.21052631578947367,0.024117140396210164,0.04327666151468316
246,246,GRCh38_alllowmapandsegdupregions,legacy,1499,1166,0.3984375,0.5686106346483705,0.5710594315245479,0.5698324022346368
246,246,GRCh38_notinalldifficultregions,corrected,1499,885,0.485838779956427,0.7559322033898305,0.5762273901808785,0.653958944281525
246,246,GRCh38_notinalldifficultregions,legacy,1499,1493,0.49858836815358554,0.5914266577361018,0.7605512489233419,0.6654107008289375
246,246,GRCh38_notinalllowmapandsegdupregions,corrected,1499,1366,0.5149880095923262,0.6288433382137628,0.739879414298019,0.6798575385833003
246,246,GRCh38_notinalllowmapandsegdupregions,legacy,1499,1499,0.5002820078962211,0.5917278185456971,0.7639965546942291,0.6669172932330827
246,246,GRCh38_notinsegdups,corrected,1499,1372,0.5167664670658683,0.6290087463556852,0.7433247200689062,0.6814054480852745
246,246,GRCh38_notinsegdups,legacy,1499,1499,0.5002820078962211,0.5917278185456971,0.7639965546942291,0.6669172932330827
246,246,GRCh38_segdups,corrected,1499,127,0.0189873417721519,0.1889763779527559,0.020671834625323,0.037267080745341616
246,246,GRCh38_segdups,legacy,1499,960,0.33480176211453744,0.5541666666666667,0.4582256675279931,0.5016501650165017
249,249,GRCh38_alldifficultregions,corrected,2622,912,0.11331901181525242,0.23135964912280702,0.181739879414298,0.20356970574047276
249,249,GRCh38_alldifficultregions,legacy,2622,2465,0.2776603241719521,0.31967545638945233,0.6787252368647717,0.4346387203530061
249,249,GRCh38_alllowmapandsegdupregions,corrected,2622,177,0.022935779816513763,0.1694915254237288,0.025839793281653745,0.04484304932735426
249,249,GRCh38_alllowmapandsegdupregions,legacy,2622,2034,0.2524500196001568,0.3166175024582104,0.5546942291128337,0.40312989045383407
249,249,GRCh38_notinalldifficultregions,corrected,2622,1710,0.28917826672653796,0.37660818713450295,0.5546942291128337,0.4486241727621038
249,249,GRCh38_notinalldifficultregions,legacy,2622,2615,0.29049897470950103,0.32504780114722753,0.7321274763135228,0.4502118644067797
249,249,GRCh38_notinalllowmapandsegdupregions,corrected,2622,2445,0.296655879180151,0.3374233128834356,0.710594315245478,0.4575707154742097
249,249,GRCh38_notinalllowmapandsegdupregions,legacy,2622,2622,0.29200819672131145,0.32608695652173914,0.7364341085271318,0.45202220459952414
249,249,GRCh38_notinsegdups,corrected,2622,2453,0.2972002871500359,0.33754586220953936,0.7131782945736435,0.45821804095185387
249,249,GRCh38_notinsegdups,legacy,2622,2622,0.29200819672131145,0.32608695652173914,0.7364341085271318,0.45202220459952414
249,249,GRCh38_segdups,corrected,2622,169,0.02072141212586339,0.15976331360946747,0.023255813953488372,0.04060150375939849
249,249,GRCh38_segdups,legacy,2622,1642,0.22723292469352013,0.3160779537149817,0.4470284237726098,0.37031751694612913
250,250,GRCh38_alldifficultregions,corrected,1543,601,0.1411917098445596,0.3627287853577371,0.18776916451335057,0.24744608399545973
250,250,GRCh38_alldifficultregions,legacy,1543,1440,0.44741235392320533,0.5583333333333333,0.6925064599483204,0.6182237600922722
250,250,GRCh38_alllowmapandsegdupregions,corrected,1543,145,0.022709475332811275,0.2,0.024978466838931956,0.0444104134762634
250,250,GRCh38_alllowmapandsegdupregions,legacy,1543,1188,0.3940652818991098,0.5589225589225589,0.5719207579672696,0.5653469561515538
250,250,GRCh38_notinalldifficultregions,corrected,1543,942,0.4573804573804574,0.7006369426751592,0.5684754521963824,0.6276747503566334
250,250,GRCh38_notinalldifficultregions,legacy,1543,1537,0.4791666666666667,0.5686402081977879,0.7527993109388458,0.647887323943662
250,250,GRCh38_notinalllowmapandsegdupregions,corrected,1543,1398,0.4964912280701754,0.6072961373390557,0.7312661498708011,0.6635404454865181
250,250,GRCh38_notinalllowmapandsegdupregions,legacy,1543,1543,0.48083242059145676,0.5690213869086196,0.756244616709733,0.6494082840236687
250,250,GRCh38_notinsegdups,corrected,1543,1403,0.4976635514018692,0.6072701354240913,0.7338501291989664,0.6645865834633385
250,250,GRCh38_notinsegdups,legacy,1543,1543,0.48083242059145676,0.5690213869086196,0.756244616709733,0.6494082840236687
250,250,GRCh38_segdups,corrected,1543,140,0.0203921568627451,0.18571428571428572,0.02239448751076658,0.03996925441967717
250,250,GRCh38_segdups,legacy,1543,978,0.3310516490354698,0.5439672801635992,0.4582256675279931,0.49742870500233755
251,251,GRCh38_alldifficultregions,corrected,2622,912,0.11331901181525242,0.23135964912280702,0.181739879414298,0.20356970574047276
251,251,GRCh38_alldifficultregions,legacy,2622,2465,0.2776603241719521,0.31967545638945233,0.6787252368647717,0.4346387203530061
251,251,GRCh38_alllowmapandsegdupregions,corrected,2622,177,0.022935779816513763,0.1694915254237288,0.025839793281653745,0.04484304932735426
251,251,GRCh38_alllowmapandsegdupregions,legacy,2622,2034,0.2524500196001568,0.3166175024582104,0.5546942291128337,0.40312989045383407
251,251,GRCh38_notinalldifficultregions,corrected,2622,1710,0.28917826672653796,0.37660818713450295,0.5546942291128337,0.4486241727621038
251,251,GRCh38_notinalldifficultregions,legacy,2622,2615,0.29049897470950103,0.32504780114722753,0.7321274763135228,0.4502118644067797
251,251,GRCh38_notinalllowmapandsegdupregions,corrected,2622,2445,0.296655879180151,0.3374233128834356,0.710594315245478,0.4575707154742097
251,251,GRCh38_notinalllowmapandsegdupregions,legacy,2622,2622,0.29200819672131145,0.32608695652173914,0.7364341085271318,0.45202220459952414
251,251,GRCh38_notinsegdups,corrected,2622,2453,0.2972002871500359,0.33754586220953936,0.7131782945736435,0.45821804095185387
251,251,GRCh38_notinsegdups,legacy,2622,2622,0.29200819672131145,0.32608695652173914,0.7364341085271318,0.45202220459952414
251,251,GRCh38_segdups,corrected,2622,169,0.02072141212586339,0.15976331360946747,0.023255813953488372,0.04060150375939849
251,251,GRCh38_segdups,legacy,2622,1642,0.22723292469352013,0.3160779537149817,0.4470284237726098,0.37031751694612913
252,252,GRCh38_alldifficultregions,corrected,1516,602,0.1403622250970246,0.36046511627906974,0.18690783807062877,0.2461712989222915
252,252,GRCh38_alldifficultregions,legacy,1516,1421,0.46538024971623154,0.5770584095707249,0.7062876830318691,0.635166537567777
252,252,GRCh38_alllowmapandsegdupregions,corrected,1516,128,0.022204599524187154,0.21875,0.024117140396210164,0.04344453064391001
252,252,GRCh38_alllowmapandsegdupregions,legacy,1516,1174,0.4032451923076923,0.5715502555366269,0.5779500430663221,0.5747323340471092
252,252,GRCh38_notinalldifficultregions,corrected,1516,914,0.4863896848137536,0.7428884026258206,0.5848406546080964,0.6544578313253012
252,252,GRCh38_notinalldifficultregions,legacy,1516,1511,0.501123595505618,0.5903375248180013,0.768303186907838,0.6676646706586825
252,252,GRCh38_notinalllowmapandsegdupregions,corrected,1516,1388,0.5163593099345628,0.6253602305475504,0.7476313522825151,0.6810513927030208
252,252,GRCh38_notinalllowmapandsegdupregions,legacy,1516,1516,0.5030881527231892,0.5910290237467019,0.7717484926787253,0.6694060515502428
252,252,GRCh38_notinsegdups,corrected,1516,1393,0.5184304399524375,0.6259870782483847,0.7510766580534023,0.682850430696946
252,252,GRCh38_notinsegdups,legacy,1516,1516,0.5030881527231892,0.5910290237467019,0.7717484926787253,0.6694060515502428
252,252,GRCh38_segdups,corrected,1516,123,0.01904761904761905,0.1951219512195122,0.020671834625323,0.037383177570093455
252,252,GRCh38_segdups,legacy,1516,962,0.33943217665615144,0.5592515592515592,0.46339362618432384,0.5068299576071597
255,255,GRCh38_alldifficultregions,corrected,2724,943,0.11205073995771671,0.22481442205726404,0.1826012058570198,0.20152091254752852
255,255,GRCh38_alldifficultregions,legacy,2724,2554,0.2705198358413133,0.30971025841816757,0.6813092161929372,0.42584118438761775
255,255,GRCh38_alllowmapandsegdupregions,corrected,2724,183,0.0228310502283105,0.16393442622950818,0.025839793281653745,0.04464285714285714
255,255,GRCh38_alllowmapandsegdupregions,legacy,2724,2120,0.24563401670463175,0.30518867924528303,0.5572782084409992,0.39439195367266083
255,255,GRCh38_notinalldifficultregions,corrected,2724,1781,0.2813588850174216,0.3627175743964065,0.5564168819982773,0.43915703602991163
255,255,GRCh38_notinalldifficultregions,legacy,2724,2718,0.28189028420356904,0.3138337012509198,0.7347114556416882,0.439804073214746
255,255,GRCh38_notinalllowmapandsegdupregions,corrected,2724,2541,0.2881002087682672,0.32585596221959856,0.7131782945736435,0.4473257698541329
255,255,GRCh38_notinalllowmapandsegdupregions,legacy,2724,2724,0.28344895936570863,0.31497797356828194,0.7390180878552972,0.44169884169884166
255,255,GRCh38_notinsegdups,corrected,2724,2548,0.28874218207088254,0.326138147566719,0.7157622739018088,0.44809921811809117
255,255,GRCh38_notinsegdups,legacy,2724,2724,0.28344895936570863,0.31497797356828194,0.7390180878552972,0.44169884169884166
255,255,GRCh38_segdups,corrected,2724,176,0.020610687022900764,0.1534090909090909,0.023255813953488372,0.04038893044128646
255,255,GRCh38_segdups,legacy,2724,1711,0.22108843537414966,0.30391583869082406,0.4478897502153316,0.36211699164345407
256,256,GRCh38_alldifficultregions,corrected,1600,631,0.13994910941475827,0.3486529318541997,0.18949181739879414,0.24553571428571433
256,256,GRCh38_alldifficultregions,legacy,1600,1498,0.43729729729729727,0.5400534045393859,0.6968130921619293,0.6084994358781497
256,256,GRCh38_alllowmapandsegdupregions,corrected,1600,145,0.022709475332811275,0.2,0.024978466838931956,0.0444104134762634
256,256,GRCh38_alllowmapandsegdupregions,legacy,1600,1230,0.38689095127610207,0.5422764227642276,0.5745047372954349,0.5579255541614387
256,256,GRCh38_notinalldifficultregions,corrected,1600,969,0.45194274028629855,0.6842105263157895,0.5710594315245479,0.6225352112676056
256,256,GRCh38_notinalldifficultregions,legacy,1600,1592,0.46905016008537886,0.5521356783919598,0.7571059431524548,0.6385760988013076
256,256,GRCh38_notinalllowmapandsegdupregions,corrected,1600,1455,0.48467650397275824,0.5869415807560138,0.73557278208441,0.6529051987767583
256,256,GRCh38_notinalllowmapandsegdupregions,legacy,1600,1598,0.470682302771855,0.5525657071339174,0.7605512489233419,0.6400869880391447
256,256,GRCh38_notinsegdups,corrected,1600,1458,0.48637911464245176,0.5877914951989026,0.7381567614125754,0.6544482626956853
256,256,GRCh38_notinsegdups,legacy,1600,1598,0.470682302771855,0.5525657071339174,0.7605512489233419,0.6400869880391447
256,256,GRCh38_segdups,corrected,1600,142,0.020360219263899765,0.18309859154929578,0.02239448751076658,0.03990790483499616
256,256,GRCh38_segdups,legacy,1600,1019,0.3260340632603406,0.5260058881256133,0.4616709732988803,0.491743119266055
257,257,GRCh38_alldifficultregions,corrected,2724,943,0.11205073995771671,0.22481442205726404,0.1826012058570198,0.20152091254752852
257,257,GRCh38_alldifficultregions,legacy,2724,2554,0.2705198358413133,0.30971025841816757,0.6813092161929372,0.42584118438761775
257,257,GRCh38_alllowmapandsegdupregions,corrected,2724,183,0.0228310502283105,0.16393442622950818,0.025839793281653745,0.04464285714285714
257,257,GRCh38_alllowmapandsegdupregions,legacy,2724,2120,0.24563401670463175,0.30518867924528303,0.5572782084409992,0.39439195367266083
257,257,GRCh38_notinalldifficultregions,corrected,2724,1781,0.2813588850174216,0.3627175743964065,0.5564168819982773,0.43915703602991163
257,257,GRCh38_notinalldifficultregions,legacy,2724,2718,0.28189028420356904,0.3138337012509198,0.7347114556416882,0.439804073214746
257,257,GRCh38_notinalllowmapandsegdupregions,corrected,2724,2541,0.2881002087682672,0.32585596221959856,0.7131782945736435,0.4473257698541329
257,257,GRCh38_notinalllowmapandsegdupregions,legacy,2724,2724,0.28344895936570863,0.31497797356828194,0.7390180878552972,0.44169884169884166
257,257,GRCh38_notinsegdups,corrected,2724,2548,0.28874218207088254,0.326138147566719,0.7157622739018088,0.44809921811809117
257,257,GRCh38_notinsegdups,legacy,2724,2724,0.28344895936570863,0.31497797356828194,0.7390180878552972,0.44169884169884166
257,257,GRCh38_segdups,corrected,2724,176,0.020610687022900764,0.1534090909090909,0.023255813953488372,0.04038893044128646
257,257,GRCh38_segdups,legacy,2724,1711,0.22108843537414966,0.30391583869082406,0.4478897502153316,0.36211699164345407
258,258,GRCh38_alldifficultregions,corrected,1562,630,0.1385886840432295,0.346031746031746,0.18776916451335057,0.24343941931881632
258,258,GRCh38_alldifficultregions,legacy,1562,1464,0.45509977827050996,0.5607923497267759,0.7071490094745909,0.6255238095238095
258,258,GRCh38_alllowmapandsegdupregions,corrected,1562,131,0.022151898734177215,0.21374045801526717,0.024117140396210164,0.043343653250773995
258,258,GRCh38_alllowmapandsegdupregions,legacy,1562,1212,0.39424206815511165,0.5536303630363036,0.5779500430663221,0.5655288664138222
258,258,GRCh38_notinalldifficultregions,corrected,1562,932,0.4801980198019802,0.7285407725321889,0.5848406546080964,0.6488294314381271
258,258,GRCh38_notinalldifficultregions,legacy,1562,1556,0.4895833333333333,0.5739074550128535,0.7691645133505599,0.6573426573426574
258,258,GRCh38_notinalllowmapandsegdupregions,corrected,1562,1431,0.5043528728961114,0.6072676450034941,0.7484926787252368,0.6705246913580246
258,258,GRCh38_notinalllowmapandsegdupregions,legacy,1562,1562,0.49123767798466594,0.5742637644046095,0.772609819121447,0.6588321704002938
258,258,GRCh38_notinsegdups,corrected,1562,1437,0.5060869565217392,0.6075156576200418,0.751937984496124,0.6720554272517322
258,258,GRCh38_notinsegdups,legacy,1562,1562,0.49123767798466594,0.5742637644046095,0.772609819121447,0.6588321704002938
258,258,GRCh38_segdups,corrected,1562,125,0.01901743264659271,0.192,0.020671834625323,0.03732503888024884
258,258,GRCh38_segdups,legacy,1562,996,0.3331273176761434,0.5411646586345381,0.46425495262704564,0.49976819656930915
261,261,GRCh38_alldifficultregions,corrected,2164,758,0.12222222222222222,0.2757255936675462,0.18001722652885443,0.21782178217821782
261,261,GRCh38_alldifficultregions,legacy,2164,2032,0.32051282051282054,0.3813976377952756,0.6675279931093885,0.48543689320388345
261,261,GRCh38_alllowmapandsegdupregions,corrected,2164,162,0.02241112828438949,0.17901234567901234,0.024978466838931956,0.04383975812547241
261,261,GRCh38_alllowmapandsegdupregions,legacy,2164,1679,0.2873980054397099,0.3776057176891007,0.5460809646856158,0.44647887323943664
261,261,GRCh38_notinalldifficultregions,corrected,2164,1406,0.32730093071354704,0.45021337126600286,0.5452196382428941,0.49318270354499416
261,261,GRCh38_notinalldifficultregions,legacy,2164,2157,0.3373639661426844,0.38803894297635605,0.7209302325581395,0.5045207956600362
261,261,GRCh38_notinalllowmapandsegdupregions,corrected,2164,2002,0.34595744680851065,0.4060939060939061,0.7002583979328165,0.5140689219095795
261,261,GRCh38_notinalllowmapandsegdupregions,legacy,2164,2164,0.3391059202577527,0.38909426987060997,0.7252368647717485,0.5064661654135337
261,261,GRCh38_notinsegdups,corrected,2164,2010,0.3464968152866242,0.4059701492537313,0.7028423772609819,0.5146641438032167
261,261,GRCh38_notinsegdups,legacy,2164,2164,0.3391059202577527,0.38909426987060997,0.7252368647717485,0.5064661654135337
261,261,GRCh38_segdups,corrected,2164,154,0.02017067494181536,0.16883116883116883,0.02239448751076658,0.03954372623574144
261,261,GRCh38_segdups,legacy,2164,1349,0.255,0.3780578206078577,0.4392764857881137,0.40637450199203184
262,262,GRCh38_alldifficultregions,corrected,1473,578,0.13883431565160445,0.36678200692041524,0.1826012058570198,0.24381828637147784
262,262,GRCh38_alldifficultregions,legacy,1473,1373,0.4471730439748715,0.5702840495265841,0.6744186046511628,0.6179952644041041
262,262,GRCh38_alllowmapandsegdupregions,corrected,1473,149,0.0218408736349454,0.18791946308724833,0.024117140396210164,0.042748091603053436
262,262,GRCh38_alllowmapandsegdupregions,legacy,1473,1141,0.39177750906892383,0.567922874671341,0.5581395348837209,0.5629887054735012
262,262,GRCh38_notinalldifficultregions,corrected,1473,895,0.4571226080793763,0.7206703910614525,0.5555555555555556,0.627431906614786
262,262,GRCh38_notinalldifficultregions,legacy,1473,1467,0.48056338028169016,0.5814587593728698,0.7347114556416882,0.6491628614916286
262,262,GRCh38_notinalllowmapandsegdupregions,corrected,1473,1324,0.5006038647342995,0.6261329305135952,0.7140396210163652,0.6672032193158954
262,262,GRCh38_notinalllowmapandsegdupregions,legacy,1473,1473,0.48227349465391106,0.581805838424983,0.7381567614125754,0.6507213363705391
262,262,GRCh38_notinsegdups,corrected,1473,1328,0.5021122510561256,0.6265060240963856,0.7166236003445305,0.6685415829650463
262,262,GRCh38_notinsegdups,legacy,1473,1473,0.48227349465391106,0.581805838424983,0.7381567614125754,0.6507213363705391
262,262,GRCh38_segdups,corrected,1473,145,0.0195160031225605,0.1724137931034483,0.02153316106804479,0.03828483920367535
262,262,GRCh38_segdups,legacy,1473,943,0.32744479495268136,0.5503711558854719,0.4470284237726098,0.49334600760456276
263,263,GRCh38_alldifficultregions,corrected,2164,758,0.12222222222222222,0.2757255936675462,0.18001722652885443,0.21782178217821782
263,263,GRCh38_alldifficultregions,legacy,2164,2032,0.32051282051282054,0.3813976377952756,0.6675279931093885,0.48543689320388345
263,263,GRCh38_alllowmapandsegdupregions,corrected,2164,162,0.02241112828438949,0.17901234567901234,0.024978466838931956,0.04383975812547241
263,263,GRCh38_alllowmapandsegdupregions,legacy,2164,1679,0.2873980054397099,0.3776057176891007,0.5460809646856158,0.44647887323943664
263,263,GRCh38_notinalldifficultregions,corrected,2164,1406,0.32730093071354704,0.45021337126600286,0.5452196382428941,0.49318270354499416
263,263,GRCh38_notinalldifficultregions,legacy,2164,2157,0.3373639661426844,0.38803894297635605,0.7209302325581395,0.5045207956600362
263,263,GRCh38_notinalllowmapandsegdupregions,corrected,2164,2002,0.34595744680851065,0.4060939060939061,0.7002583979328165,0.5140689219095795
263,263,GRCh38_notinalllowmapandsegdupregions,legacy,2164,2164,0.3391059202577527,0.38909426987060997,0.7252368647717485,0.5064661654135337
263,263,GRCh38_notinsegdups,corrected,2164,2010,0.3464968152866242,0.4059701492537313,0.7028423772609819,0.5146641438032167
263,263,GRCh38_notinsegdups,legacy,2164,2164,0.3391059202577527,0.38909426987060997,0.7252368647717485,0.5064661654135337
263,263,GRCh38_segdups,corrected,2164,154,0.02017067494181536,0.16883116883116883,0.02239448751076658,0.03954372623574144
263,263,GRCh38_segdups,legacy,2164,1349,0.255,0.3780578206078577,0.4392764857881137,0.40637450199203184
264,264,GRCh38_alldifficultregions,corrected,1456,586,0.14332460732984292,0.37372013651877134,0.18863049095607234,0.25071551230681166
264,264,GRCh38_alldifficultregions,legacy,1456,1366,0.475189725627554,0.595900439238653,0.7011197243755384,0.6442421844083894
264,264,GRCh38_alllowmapandsegdupregions,corrected,1456,133,0.022116903633491312,0.21052631578947367,0.024117140396210164,0.04327666151468316
264,264,GRCh38_alllowmapandsegdupregions,legacy,1456,1126,0.4091189155884165,0.5896980461811723,0.5719207579672696,0.5806733712286839
264,264,GRCh38_notinalldifficultregions,corrected,1456,870,0.4911894273127753,0.7689655172413793,0.5762273901808785,0.6587887740029542
264,264,GRCh38_notinalldifficultregions,legacy,1456,1450,0.5118702953097858,0.6096551724137931,0.7614125753660638,0.6771351972424359
264,264,GRCh38_notinalllowmapandsegdupregions,corrected,1456,1323,0.5295566502463054,0.6500377928949358,0.7407407407407407,0.6924315619967794
264,264,GRCh38_notinalllowmapandsegdupregions,legacy,1456,1456,0.5135916714864083,0.6098901098901099,0.7648578811369509,0.6786396637371036
264,264,GRCh38_notinsegdups,corrected,1456,1328,0.5316923076923077,0.6506024096385542,0.7441860465116279,0.694254720771394
264,264,GRCh38_notinsegdups,legacy,1456,1456,0.5135916714864083,0.6098901098901099,0.7648578811369509,0.6786396637371036
264,264,GRCh38_segdups,corrected,1456,128,0.018972332015810278,0.1875,0.020671834625323,0.037238169123351435
264,264,GRCh38_segdups,legacy,1456,927,0.34190231362467866,0.5738942826321467,0.4582256675279931,0.5095785440613028
267,267,GRCh38_alldifficultregions,corrected,1752,474,0.12063056888279644,0.37130801687763715,0.1515934539190353,0.21529051987767583
267,267,GRCh38_alldifficultregions,legacy,1752,1625,0.34654422426292897,0.4412307692307692,0.6175710594315246,0.5147164393395549
267,267,GRCh38_alllowmapandsegdupregions,corrected,1752,16,0.004266211604095563,0.3125,0.004306632213608958,0.008496176720475788
267,267,GRCh38_alllowmapandsegdupregions,legacy,1752,1308,0.3077330508474576,0.4441896024464832,0.5004306632213609,0.4706358849736736
267,267,GRCh38_notinalldifficultregions,corrected,1752,1278,0.33060556464811786,0.47417840375586856,0.5219638242894057,0.4969249692496925
267,267,GRCh38_notinalldifficultregions,legacy,1752,1748,0.3650868137024871,0.4450800915331808,0.6701119724375538,0.5348917153661052
267,267,GRCh38_notinalllowmapandsegdupregions,corrected,1752,1736,0.36650943396226415,0.4475806451612903,0.6692506459948321,0.536416983085951
267,267,GRCh38_notinalllowmapandsegdupregions,legacy,1752,1752,0.3669638667292351,0.4463470319634703,0.673557278208441,0.5369035358736698
267,267,GRCh38_notinsegdups,corrected,1752,1736,0.36650943396226415,0.4475806451612903,0.6692506459948321,0.536416983085951
267,267,GRCh38_notinsegdups,legacy,1752,1752,0.3669638667292351,0.4463470319634703,0.673557278208441,0.5369035358736698
267,267,GRCh38_segdups,corrected,1752,16,0.004266211604095563,0.3125,0.004306632213608958,0.008496176720475788
267,267,GRCh38_segdups,legacy,1752,1035,0.26936416184971096,0.4502415458937198,0.40137812230835485,0.42440801457194893
268,268,GRCh38_alldifficultregions,corrected,1211,354,0.1339820359281437,0.5056497175141242,0.15417743324720068,0.23630363036303628
268,268,GRCh38_alldifficultregions,legacy,1211,1121,0.4808565866320571,0.6610169491525424,0.6382428940568475,0.64943032427695
268,268,GRCh38_alllowmapandsegdupregions,corrected,1211,6,0.0034393809114359416,0.6666666666666666,0.0034453057708871662,0.006855184233076263
268,268,GRCh38_alllowmapandsegdupregions,legacy,1211,922,0.4102911306702776,0.6572668112798264,0.5219638242894057,0.5818530964954393
268,268,GRCh38_notinalldifficultregions,corrected,1211,857,0.45809248554913296,0.7397899649941657,0.5460809646856158,0.6283448959365708
268,268,GRCh38_notinalldifficultregions,legacy,1211,1209,0.5202052597819115,0.6708023159636063,0.6985357450473729,0.6843881856540084
268,268,GRCh38_notinalllowmapandsegdupregions,corrected,1211,1205,0.5195889531149647,0.6713692946058091,0.6968130921619293,0.68385460693153
268,268,GRCh38_notinalllowmapandsegdupregions,legacy,1211,1211,0.5214881334188582,0.671345995045417,0.7002583979328165,0.6854974704890389
268,268,GRCh38_notinsegdups,corrected,1211,1205,0.5195889531149647,0.6713692946058091,0.6968130921619293,0.68385460693153
268,268,GRCh38_notinsegdups,legacy,1211,1211,0.5214881334188582,0.671345995045417,0.7002583979328165,0.6854974704890389
268,268,GRCh38_segdups,corrected,1211,6,0.0034393809114359416,0.6666666666666666,0.0034453057708871662,0.006855184233076263
268,268,GRCh38_segdups,legacy,1211,742,0.34203102961918197,0.6536388140161725,0.4177433247200689,0.509721492380452
269,269,GRCh38_alldifficultregions,corrected,1752,474,0.12063056888279644,0.37130801687763715,0.1515934539190353,0.21529051987767583
269,269,GRCh38_alldifficultregions,legacy,1752,1625,0.34654422426292897,0.4412307692307692,0.6175710594315246,0.5147164393395549
269,269,GRCh38_alllowmapandsegdupregions,corrected,1752,16,0.004266211604095563,0.3125,0.004306632213608958,0.008496176720475788
269,269,GRCh38_alllowmapandsegdupregions,legacy,1752,1308,0.3077330508474576,0.4441896024464832,0.5004306632213609,0.4706358849736736
269,269,GRCh38_notinalldifficultregions,corrected,1752,1278,0.33060556464811786,0.47417840375586856,0.5219638242894057,0.4969249692496925
269,269,GRCh38_notinalldifficultregions,legacy,1752,1748,0.3650868137024871,0.4450800915331808,0.6701119724375538,0.5348917153661052
269,269,GRCh38_notinalllowmapandsegdupregions,corrected,1752,1736,0.36650943396226415,0.4475806451612903,0.6692506459948321,0.536416983085951
269,269,GRCh38_notinalllowmapandsegdupregions,legacy,1752,1752,0.3669638667292351,0.4463470319634703,0.673557278208441,0.5369035358736698
269,269,GRCh38_notinsegdups,corrected,1752,1736,0.36650943396226415,0.4475806451612903,0.6692506459948321,0.536416983085951
269,269,GRCh38_notinsegdups,legacy,1752,1752,0.3669638667292351,0.4463470319634703,0.673557278208441,0.5369035358736698
269,269,GRCh38_segdups,corrected,1752,16,0.004266211604095563,0.3125,0.004306632213608958,0.008496176720475788
269,269,GRCh38_segdups,legacy,1752,1035,0.26936416184971096,0.4502415458937198,0.40137812230835485,0.42440801457194893
270,270,GRCh38_alldifficultregions,corrected,1246,366,0.13447251114413075,0.49453551912568305,0.15590008613264428,0.23706614276358876
270,270,GRCh38_alldifficultregions,legacy,1246,1156,0.4890745501285347,0.6583044982698962,0.6554694229112834,0.6568839015968926
270,270,GRCh38_alllowmapandsegdupregions,corrected,1246,10,0.001710863986313088,0.2,0.0017226528854435831,0.003415883859948762
270,270,GRCh38_alllowmapandsegdupregions,legacy,1246,930,0.4176271186440678,0.6623655913978495,0.5305770887166236,0.5891917742706838
270,270,GRCh38_notinalldifficultregions,corrected,1246,880,0.471521268925739,0.7431818181818182,0.5633074935400517,0.6408623223909848
270,270,GRCh38_notinalldifficultregions,legacy,1246,1240,0.53125,0.6717741935483871,0.7174849267872524,0.6938775510204082
270,270,GRCh38_notinalllowmapandsegdupregions,corrected,1246,1236,0.532608695652174,0.6739482200647249,0.7174849267872524,0.6950354609929077
270,270,GRCh38_notinalllowmapandsegdupregions,legacy,1246,1246,0.5311704834605598,0.6701444622792937,0.719207579672696,0.6938097216452015
270,270,GRCh38_notinsegdups,corrected,1246,1236,0.532608695652174,0.6739482200647249,0.7174849267872524,0.6950354609929077
270,270,GRCh38_notinsegdups,legacy,1246,1246,0.5311704834605598,0.6701444622792937,0.719207579672696,0.6938097216452015
270,270,GRCh38_segdups,corrected,1246,10,0.001710863986313088,0.2,0.0017226528854435831,0.003415883859948762
270,270,GRCh38_segdups,legacy,1246,750,0.3457746478873239,0.6546666666666666,0.42291128337639966,0.5138670852956567
273,273,GRCh38_alldifficultregions,corrected,846,201,0.02637528259231349,0.17412935323383086,0.030146425495262703,0.05139500734214391
273,273,GRCh38_alldifficultregions,legacy,846,789,0.0743801652892562,0.17110266159695817,0.11627906976744186,0.13846153846153844
273,273,GRCh38_alllowmapandsegdupregions,corrected,846,3,0.0,0.0,0.0,0.0
273,273,GRCh38_alllowmapandsegdupregions,legacy,846,647,0.06165590135055784,0.16228748068006182,0.09043927648578812,0.11615044247787612
273,273,GRCh38_notinalldifficultregions,corrected,846,645,0.06235294117647059,0.16434108527131783,0.0913006029285099,0.11738648947951272
273,273,GRCh38_notinalldifficultregions,legacy,846,846,0.07556270096463022,0.16666666666666666,0.12144702842377261,0.14050822122571002
273,273,GRCh38_notinalllowmapandsegdupregions,corrected,846,843,0.07568438003220612,0.16725978647686832,0.12144702842377261,0.1407185628742515
273,273,GRCh38_notinalllowmapandsegdupregions,legacy,846,846,0.07556270096463022,0.16666666666666666,0.12144702842377261,0.14050822122571002
273,273,GRCh38_notinsegdups,corrected,846,843,0.07568438003220612,0.16725978647686832,0.12144702842377261,0.1407185628742515
273,273,GRCh38_notinsegdups,legacy,846,846,0.07556270096463022,0.16666666666666666,0.12144702842377261,0.14050822122571002
273,273,GRCh38_segdups,corrected,846,3,0.0,0.0,0.0,0.0
273,273,GRCh38_segdups,legacy,846,511,0.05223410950283197,0.162426614481409,0.0714900947459087,0.09928229665071771
274,274,GRCh38_alldifficultregions,corrected,758,218,0.07566302652106084,0.44495412844036697,0.08354866494401378,0.1406816533720087
274,274,GRCh38_alldifficultregions,legacy,758,691,0.2969187675070028,0.613603473227207,0.3652024117140396,0.45788336933045354
274,274,GRCh38_alllowmapandsegdupregions,corrected,758,1,0.0,0.0,0.0,0.0
274,274,GRCh38_alllowmapandsegdupregions,legacy,758,557,0.2521865889212828,0.6211849192100538,0.2980189491817399,0.40279394644935973
274,274,GRCh38_notinalldifficultregions,corrected,758,540,0.28863636363636364,0.7055555555555556,0.3281653746770026,0.44797178130511456
274,274,GRCh38_notinalldifficultregions,legacy,758,757,0.33102012491325467,0.6301188903566711,0.4108527131782946,0.4973931178310741
274,274,GRCh38_notinalllowmapandsegdupregions,corrected,758,757,0.33194444444444443,0.631439894319683,0.4117140396210164,0.4984358706986445
274,274,GRCh38_notinalllowmapandsegdupregions,legacy,758,758,0.33171408743927827,0.6306068601583114,0.4117140396210164,0.4981761334028141
274,274,GRCh38_notinsegdups,corrected,758,757,0.33194444444444443,0.631439894319683,0.4117140396210164,0.4984358706986445
274,274,GRCh38_notinsegdups,legacy,758,758,0.33171408743927827,0.6306068601583114,0.4117140396210164,0.4981761334028141
274,274,GRCh38_segdups,corrected,758,1,0.0,0.0,0.0,0.0
274,274,GRCh38_segdups,legacy,758,445,0.20299625468164795,0.6089887640449438,0.23341946597760552,0.33748443337484435
275,275,GRCh38_alldifficultregions,corrected,846,201,0.02637528259231349,0.17412935323383086,0.030146425495262703,0.05139500734214391
275,275,GRCh38_alldifficultregions,legacy,846,789,0.0743801652892562,0.17110266159695817,0.11627906976744186,0.13846153846153844
275,275,GRCh38_alllowmapandsegdupregions,corrected,846,3,0.0,0.0,0.0,0.0
275,275,GRCh38_alllowmapandsegdupregions,legacy,846,647,0.06165590135055784,0.16228748068006182,0.09043927648578812,0.11615044247787612
275,275,GRCh38_notinalldifficultregions,corrected,846,645,0.06235294117647059,0.16434108527131783,0.0913006029285099,0.11738648947951272
275,275,GRCh38_notinalldifficultregions,legacy,846,846,0.07556270096463022,0.16666666666666666,0.12144702842377261,0.14050822122571002
275,275,GRCh38_notinalllowmapandsegdupregions,corrected,846,843,0.07568438003220612,0.16725978647686832,0.12144702842377261,0.1407185628742515
275,275,GRCh38_notinalllowmapandsegdupregions,legacy,846,846,0.07556270096463022,0.16666666666666666,0.12144702842377261,0.14050822122571002
275,275,GRCh38_notinsegdups,corrected,846,843,0.07568438003220612,0.16725978647686832,0.12144702842377261,0.1407185628742515
275,275,GRCh38_notinsegdups,legacy,846,846,0.07556270096463022,0.16666666666666666,0.12144702842377261,0.14050822122571002
275,275,GRCh38_segdups,corrected,846,3,0.0,0.0,0.0,0.0
275,275,GRCh38_segdups,legacy,846,511,0.05223410950283197,0.162426614481409,0.0714900947459087,0.09928229665071771
276,276,GRCh38_alldifficultregions,corrected,787,222,0.0779423226812159,0.45045045045045046,0.08613264427217916,0.14461315979754158
276,276,GRCh38_alldifficultregions,legacy,787,729,0.30886426592797783,0.6117969821673526,0.384151593453919,0.47195767195767196
276,276,GRCh38_alllowmapandsegdupregions,corrected,787,5,0.001718213058419244,0.4,0.0017226528854435831,0.003430531732418525
276,276,GRCh38_alllowmapandsegdupregions,legacy,787,585,0.2588320115356885,0.6136752136752137,0.30921619293712316,0.41122565864833904
276,276,GRCh38_notinalldifficultregions,corrected,787,565,0.29094988780852654,0.6884955752212389,0.3350559862187769,0.45075318655851676
276,276,GRCh38_notinalldifficultregions,legacy,787,783,0.33516483516483514,0.6232439335887612,0.42032730404823426,0.5020576131687242
276,276,GRCh38_notinalllowmapandsegdupregions,corrected,787,782,0.33447802197802196,0.6227621483375959,0.41946597760551246,0.5012866700977869
276,276,GRCh38_notinalllowmapandsegdupregions,legacy,787,787,0.33516106922549693,0.6213468869123253,0.42118863049095606,0.5020533880903492
276,276,GRCh38_notinsegdups,corrected,787,782,0.33447802197802196,0.6227621483375959,0.41946597760551246,0.5012866700977869
276,276,GRCh38_notinsegdups,legacy,787,787,0.33516106922549693,0.6213468869123253,0.42118863049095606,0.5020533880903492
276,276,GRCh38_segdups,corrected,787,5,0.001718213058419244,0.4,0.0017226528854435831,0.003430531732418525
276,276,GRCh38_segdups,legacy,787,470,0.2144452717795979,0.6127659574468085,0.24806201550387597,0.35315757204169224
279,279,GRCh38_alldifficultregions,corrected,2406,647,0.10920245398773006,0.2751159196290572,0.1533161068044789,0.19690265486725667
279,279,GRCh38_alldifficultregions,legacy,2406,2239,0.2772351615326822,0.3296114336757481,0.6356589147286822,0.4341176470588235
279,279,GRCh38_alllowmapandsegdupregions,corrected,2406,20,0.004251700680272109,0.25,0.004306632213608958,0.008467400508044032
279,279,GRCh38_alllowmapandsegdupregions,legacy,2406,1826,0.2497907949790795,0.32694414019715223,0.5142118863049095,0.39973217274857714
279,279,GRCh38_notinalldifficultregions,corrected,2406,1759,0.27344090710859137,0.3564525298465037,0.5400516795865633,0.42945205479452053
279,279,GRCh38_notinalldifficultregions,legacy,2406,2401,0.29011227816008694,0.3336109954185756,0.689922480620155,0.44974733295901176
279,279,GRCh38_notinalllowmapandsegdupregions,corrected,2406,2386,0.2912267928649436,0.3352891869237217,0.6890611541774333,0.4510854243022273
279,279,GRCh38_notinalllowmapandsegdupregions,legacy,2406,2406,0.29145546705286024,0.3345802161263508,0.6933677863910422,0.45135968601065324
279,279,GRCh38_notinsegdups,corrected,2406,2386,0.2912267928649436,0.3352891869237217,0.6890611541774333,0.4510854243022273
279,279,GRCh38_notinsegdups,legacy,2406,2406,0.29145546705286024,0.3345802161263508,0.6933677863910422,0.45135968601065324
279,279,GRCh38_segdups,corrected,2406,20,0.004251700680272109,0.25,0.004306632213608958,0.008467400508044032
279,279,GRCh38_segdups,legacy,2406,1450,0.22467166979362102,0.3303448275862069,0.4125753660637382,0.3669092301800077
280,280,GRCh38_alldifficultregions,corrected,1401,440,0.1314487632508834,0.42272727272727273,0.16020671834625322,0.23235477826358525
280,280,GRCh38_alldifficultregions,legacy,1401,1305,0.45229681978798586,0.5885057471264368,0.661498708010336,0.6228710462287104
280,280,GRCh38_alllowmapandsegdupregions,corrected,1401,7,0.003436426116838488,0.5714285714285714,0.0034453057708871662,0.006849315068493151
280,280,GRCh38_alllowmapandsegdupregions,legacy,1401,1055,0.3928346951602766,0.5924170616113744,0.5383290267011197,0.5640794223826716
280,280,GRCh38_notinalldifficultregions,corrected,1401,961,0.44648943421949555,0.6815816857440167,0.5641688199827735,0.6173421300659755
280,280,GRCh38_notinalldifficultregions,legacy,1401,1399,0.4875072632190587,0.5997140814867763,0.7226528854435831,0.6554687499999999
280,280,GRCh38_notinalllowmapandsegdupregions,corrected,1401,1394,0.4871944121071013,0.6004304160688666,0.7209302325581395,0.6551859099804305
280,280,GRCh38_notinalllowmapandsegdupregions,legacy,1401,1401,0.4886693782684486,0.6002855103497502,0.7243755383290267,0.6565183450429353
280,280,GRCh38_notinsegdups,corrected,1401,1394,0.4871944121071013,0.6004304160688666,0.7209302325581395,0.6551859099804305
280,280,GRCh38_notinsegdups,legacy,1401,1401,0.4886693782684486,0.6002855103497502,0.7243755383290267,0.6565183450429353
280,280,GRCh38_segdups,corrected,1401,7,0.003436426116838488,0.5714285714285714,0.0034453057708871662,0.006849315068493151
280,280,GRCh38_segdups,legacy,1401,855,0.32981530343007914,0.5847953216374269,0.4306632213608958,0.49603174603174605
281,281,GRCh38_alldifficultregions,corrected,2406,647,0.10920245398773006,0.2751159196290572,0.1533161068044789,0.19690265486725667
281,281,GRCh38_alldifficultregions,legacy,2406,2239,0.2772351615326822,0.3296114336757481,0.6356589147286822,0.4341176470588235
281,281,GRCh38_alllowmapandsegdupregions,corrected,2406,20,0.004251700680272109,0.25,0.004306632213608958,0.008467400508044032
281,281,GRCh38_alllowmapandsegdupregions,legacy,2406,1826,0.2497907949790795,0.32694414019715223,0.5142118863049095,0.39973217274857714
281,281,GRCh38_notinalldifficultregions,corrected,2406,1759,0.27344090710859137,0.3564525298465037,0.5400516795865633,0.42945205479452053
281,281,GRCh38_notinalldifficultregions,legacy,2406,2401,0.29011227816008694,0.3336109954185756,0.689922480620155,0.44974733295901176
281,281,GRCh38_notinalllowmapandsegdupregions,corrected,2406,2386,0.2912267928649436,0.3352891869237217,0.6890611541774333,0.4510854243022273
281,281,GRCh38_notinalllowmapandsegdupregions,legacy,2406,2406,0.29145546705286024,0.3345802161263508,0.6933677863910422,0.45135968601065324
281,281,GRCh38_notinsegdups,corrected,2406,2386,0.2912267928649436,0.3352891869237217,0.6890611541774333,0.4510854243022273
281,281,GRCh38_notinsegdups,legacy,2406,2406,0.29145546705286024,0.3345802161263508,0.6933677863910422,0.45135968601065324
281,281,GRCh38_segdups,corrected,2406,20,0.004251700680272109,0.25,0.004306632213608958,0.008467400508044032
281,281,GRCh38_segdups,legacy,2406,1450,0.22467166979362102,0.3303448275862069,0.4125753660637382,0.3669092301800077
282,282,GRCh38_alldifficultregions,corrected,1369,418,0.12947067238912732,0.43301435406698563,0.15590008613264428,0.22925902469917672
282,282,GRCh38_alldifficultregions,legacy,1369,1265,0.4667472793228537,0.6102766798418973,0.664944013781223,0.6364385820280297
282,282,GRCh38_alllowmapandsegdupregions,corrected,1369,9,0.0017123287671232876,0.2222222222222222,0.0017226528854435831,0.003418803418803419
282,282,GRCh38_alllowmapandsegdupregions,legacy,1369,1023,0.40089801154586274,0.6109481915933529,0.5383290267011197,0.5723443223443223
282,282,GRCh38_notinalldifficultregions,corrected,1369,951,0.4615916955017301,0.7013669821240799,0.5745047372954349,0.6316287878787878
282,282,GRCh38_notinalldifficultregions,legacy,1369,1364,0.5038713519952353,0.6202346041055719,0.7286821705426356,0.6700990099009901
282,282,GRCh38_notinalllowmapandsegdupregions,corrected,1369,1360,0.5050746268656716,0.6220588235294118,0.7286821705426356,0.6711622372074574
282,282,GRCh38_notinalllowmapandsegdupregions,legacy,1369,1369,0.5041617122473246,0.6194302410518627,0.7304048234280792,0.6703557312252965
282,282,GRCh38_notinsegdups,corrected,1369,1360,0.5050746268656716,0.6220588235294118,0.7286821705426356,0.6711622372074574
282,282,GRCh38_notinsegdups,legacy,1369,1369,0.5041617122473246,0.6194302410518627,0.7304048234280792,0.6703557312252965
282,282,GRCh38_segdups,corrected,1369,9,0.0017123287671232876,0.2222222222222222,0.0017226528854435831,0.003418803418803419
282,282,GRCh38_segdups,legacy,1369,826,0.3362474781439139,0.6053268765133172,0.4306632213608958,0.5032712632108707
285,285,GRCh38_alldifficultregions,corrected,550,147,0.026687598116169546,0.23129251700680273,0.029285099052540915,0.05198776758409786
285,285,GRCh38_alldifficultregions,legacy,550,517,0.08397932816537468,0.2514506769825919,0.1119724375538329,0.15494636471990467
285,285,GRCh38_alllowmapandsegdupregions,corrected,550,5,0.0,0.0,0.0,0.0
285,285,GRCh38_alllowmapandsegdupregions,legacy,550,413,0.06856754921928038,0.24455205811138014,0.08699397071490095,0.12833545108005084
285,285,GRCh38_notinalldifficultregions,corrected,550,403,0.06976744186046512,0.2531017369727047,0.08785529715762273,0.13043478260869565
285,285,GRCh38_notinalldifficultregions,legacy,550,550,0.08634920634920636,0.24727272727272728,0.11714039621016366,0.15897136177673876
285,285,GRCh38_notinalllowmapandsegdupregions,corrected,550,545,0.08662420382165605,0.24954128440366974,0.11714039621016366,0.15943728018757328
285,285,GRCh38_notinalllowmapandsegdupregions,legacy,550,550,0.08634920634920636,0.24727272727272728,0.11714039621016366,0.15897136177673876
285,285,GRCh38_notinsegdups,corrected,550,545,0.08662420382165605,0.24954128440366974,0.11714039621016366,0.15943728018757328
285,285,GRCh38_notinsegdups,legacy,550,550,0.08634920634920636,0.24727272727272728,0.11714039621016366,0.15897136177673876
285,285,GRCh38_segdups,corrected,550,5,0.0,0.0,0.0,0.0
285,285,GRCh38_segdups,legacy,550,321,0.05630791161796151,0.24610591900311526,0.06804478897502153,0.10661268556005396
286,286,GRCh38_alldifficultregions,corrected,639,161,0.07742461287693561,0.5900621118012422,0.0818260120585702,0.1437216338880484
286,286,GRCh38_alldifficultregions,legacy,639,576,0.31491294473883424,0.7222222222222222,0.35831180017226527,0.47898675877950486
286,286,GRCh38_alllowmapandsegdupregions,corrected,639,0,0.0,,0.0,
286,286,GRCh38_alllowmapandsegdupregions,legacy,639,470,0.26434108527131783,0.725531914893617,0.29371231696813094,0.41814837522992027
286,286,GRCh38_notinalldifficultregions,corrected,639,478,0.2956521739130435,0.7824267782426778,0.32213608957795004,0.4563758389261745
286,286,GRCh38_notinalldifficultregions,legacy,639,638,0.3516153268219384,0.7335423197492164,0.40310077519379844,0.5202890494719289
286,286,GRCh38_notinalllowmapandsegdupregions,corrected,639,639,0.35236664162284,0.7339593114241002,0.40396210163652024,0.5211111111111112
286,286,GRCh38_notinalllowmapandsegdupregions,legacy,639,639,0.35236664162284,0.7339593114241002,0.40396210163652024,0.5211111111111112
286,286,GRCh38_notinsegdups,corrected,639,639,0.35236664162284,0.7339593114241002,0.40396210163652024,0.5211111111111112
286,286,GRCh38_notinsegdups,legacy,639,639,0.35236664162284,0.7339593114241002,0.40396210163652024,0.5211111111111112
286,286,GRCh38_segdups,corrected,639,0,0.0,,0.0,
286,286,GRCh38_segdups,legacy,639,369,0.21044303797468356,0.7208672086720868,0.22911283376399655,0.3477124183006536
287,287,GRCh38_alldifficultregions,corrected,550,147,0.026687598116169546,0.23129251700680273,0.029285099052540915,0.05198776758409786
287,287,GRCh38_alldifficultregions,legacy,550,517,0.08397932816537468,0.2514506769825919,0.1119724375538329,0.15494636471990467
287,287,GRCh38_alllowmapandsegdupregions,corrected,550,5,0.0,0.0,0.0,0.0
287,287,GRCh38_alllowmapandsegdupregions,legacy,550,413,0.06856754921928038,0.24455205811138014,0.08699397071490095,0.12833545108005084
287,287,GRCh38_notinalldifficultregions,corrected,550,403,0.06976744186046512,0.2531017369727047,0.08785529715762273,0.13043478260869565
287,287,GRCh38_notinalldifficultregions,legacy,550,550,0.08634920634920636,0.24727272727272728,0.11714039621016366,0.15897136177673876
287,287,GRCh38_notinalllowmapandsegdupregions,corrected,550,545,0.08662420382165605,0.24954128440366974,0.11714039621016366,0.15943728018757328
287,287,GRCh38_notinalllowmapandsegdupregions,legacy,550,550,0.08634920634920636,0.24727272727272728,0.11714039621016366,0.15897136177673876
287,287,GRCh38_notinsegdups,corrected,550,545,0.08662420382165605,0.24954128440366974,0.11714039621016366,0.15943728018757328
287,287,GRCh38_notinsegdups,legacy,550,550,0.08634920634920636,0.24727272727272728,0.11714039621016366,0.15897136177673876
287,287,GRCh38_segdups,corrected,550,5,0.0,0.0,0.0,0.0
287,287,GRCh38_segdups,legacy,550,321,0.05630791161796151,0.24610591900311526,0.06804478897502153,0.10661268556005396
288,288,GRCh38_alldifficultregions,corrected,697,185,0.07766212970376302,0.5243243243243243,0.08354866494401378,0.14413075780089152
288,288,GRCh38_alldifficultregions,legacy,697,647,0.3216374269005848,0.6800618238021638,0.3789836347975883,0.48672566371681414
288,288,GRCh38_alllowmapandsegdupregions,corrected,697,6,0.0017167381974248926,0.3333333333333333,0.0017226528854435831,0.0034275921165381317
288,288,GRCh38_alllowmapandsegdupregions,legacy,697,515,0.2668178382464097,0.6854368932038835,0.3040482342807924,0.4212410501193317
288,288,GRCh38_notinalldifficultregions,corrected,697,512,0.2979053529868115,0.75,0.330749354005168,0.4590555887627017
288,288,GRCh38_notinalldifficultregions,legacy,697,694,0.3490909090909091,0.69164265129683,0.4134366925064599,0.5175202156334231
288,288,GRCh38_notinalllowmapandsegdupregions,corrected,697,691,0.348871085214858,0.6931982633863966,0.4125753660637382,0.5172786177105831
288,288,GRCh38_notinalllowmapandsegdupregions,legacy,697,697,0.3493100944081336,0.6901004304160688,0.4142980189491817,0.5177610333692142
288,288,GRCh38_notinsegdups,corrected,697,691,0.348871085214858,0.6931982633863966,0.4125753660637382,0.5172786177105831
288,288,GRCh38_notinsegdups,legacy,697,697,0.3493100944081336,0.6901004304160688,0.4142980189491817,0.5177610333692142
288,288,GRCh38_segdups,corrected,697,6,0.0017167381974248926,0.3333333333333333,0.0017226528854435831,0.0034275921165381317
288,288,GRCh38_segdups,legacy,697,412,0.2193798449612403,0.6868932038834952,0.24375538329026702,0.3598219961856326
290,290,GRCh38_alldifficultregions,corrected,1261,324,0.20633631194151097,0.7839506172839507,0.21877691645133507,0.34208754208754216
290,290,GRCh38_alldifficultregions,legacy,1261,1151,0.6900584795321637,0.8201563857515204,0.8130921619293713,0.8166089965397924
290,290,GRCh38_alllowmapandsegdupregions,corrected,1261,47,0.030716723549488054,0.7659574468085106,0.031007751937984496,0.05960264900662251
290,290,GRCh38_alllowmapandsegdupregions,legacy,1261,940,0.5796992481203007,0.8202127659574469,0.6640826873385013,0.7339362208472157
290,290,GRCh38_notinalldifficultregions,corrected,1261,937,0.5942249240121581,0.8345784418356457,0.673557278208441,0.7454718779790276
290,290,GRCh38_notinalldifficultregions,legacy,1261,1257,0.7445887445887446,0.8210023866348448,0.8888888888888888,0.8535980148883374
290,290,GRCh38_notinalllowmapandsegdupregions,corrected,1261,1214,0.7272727272727273,0.8237232289950577,0.8613264427217916,0.8421052631578948
290,290,GRCh38_notinalllowmapandsegdupregions,legacy,1261,1261,0.7474747474747475,0.8215701823949246,0.892334194659776,0.8554913294797688
290,290,GRCh38_notinsegdups,corrected,1261,1219,0.730909090909091,0.8244462674323215,0.8656330749354005,0.8445378151260504
290,290,GRCh38_notinsegdups,legacy,1261,1261,0.7474747474747475,0.8215701823949246,0.892334194659776,0.8554913294797688
290,290,GRCh38_segdups,corrected,1261,42,0.026450511945392493,0.7380952380952381,0.026701119724375538,0.051537822111388194
290,290,GRCh38_segdups,legacy,1261,755,0.46932515337423314,0.8105960264900662,0.5271317829457365,0.6388308977035491
296,296,GRCh38_alldifficultregions,corrected,1276,324,0.2082994304312449,0.7901234567901234,0.22049956933677864,0.3447811447811448
296,296,GRCh38_alldifficultregions,legacy,1276,1170,0.6866859623733719,0.8111111111111111,0.8173987941429802,0.8142428142428142
296,296,GRCh38_alllowmapandsegdupregions,corrected,1276,45,0.03076923076923077,0.8,0.031007751937984496,0.059701492537313425
296,296,GRCh38_alllowmapandsegdupregions,legacy,1276,959,0.5762081784386617,0.808133472367049,0.6675279931093885,0.7311320754716981
296,296,GRCh38_notinalldifficultregions,corrected,1276,952,0.5911144578313253,0.8245798319327731,0.6761412575366064,0.743019403691434
296,296,GRCh38_notinalldifficultregions,legacy,1276,1271,0.7421203438395415,0.8151062155782848,0.892334194659776,0.8519736842105262
296,296,GRCh38_notinalllowmapandsegdupregions,corrected,1276,1231,0.7245854361932228,0.8164094232331438,0.8656330749354005,0.8403010033444817
296,296,GRCh38_notinalllowmapandsegdupregions,legacy,1276,1276,0.745702005730659,0.8158307210031348,0.896640826873385,0.8543290931473123
296,296,GRCh38_notinsegdups,corrected,1276,1236,0.7281903388608507,0.8171521035598706,0.8699397071490095,0.8427200667501042
296,296,GRCh38_notinsegdups,legacy,1276,1276,0.745702005730659,0.8158307210031348,0.896640826873385,0.8543290931473123
296,296,GRCh38_segdups,corrected,1276,40,0.026495726495726495,0.775,0.026701119724375538,0.05162364696086595
296,296,GRCh38_segdups,legacy,1276,768,0.47027439024390244,0.8033854166666666,0.5314384151593454,0.6397096941420425
302,302,GRCh38_alldifficultregions,corrected,1293,331,0.20516962843295639,0.7673716012084593,0.21877691645133507,0.34048257372654156
302,302,GRCh38_alldifficultregions,legacy,1293,1184,0.6761972837741244,0.7989864864864865,0.8148148148148148,0.8068230277185501
302,302,GRCh38_alllowmapandsegdupregions,corrected,1293,48,0.030690537084398978,0.75,0.031007751937984496,0.059553349875930514
302,302,GRCh38_alllowmapandsegdupregions,legacy,1293,968,0.5700589970501475,0.7985537190082644,0.6658053402239449,0.7261625176139033
302,302,GRCh38_notinalldifficultregions,corrected,1293,962,0.585511575802838,0.814968814968815,0.6752799310938846,0.7385774846914744
302,302,GRCh38_notinalldifficultregions,legacy,1293,1289,0.730225988700565,0.8021722265321956,0.8906115417743324,0.8440816326530612
302,302,GRCh38_notinalllowmapandsegdupregions,corrected,1293,1245,0.7136752136752137,0.8048192771084337,0.8630490956072352,0.8329177057356608
302,302,GRCh38_notinalllowmapandsegdupregions,legacy,1293,1293,0.7330508474576272,0.802784222737819,0.8940568475452196,0.8459657701711492
302,302,GRCh38_notinsegdups,corrected,1293,1250,0.7172364672364673,0.8056,0.8673557278208441,0.8353380340107839
302,302,GRCh38_notinsegdups,legacy,1293,1293,0.7330508474576272,0.802784222737819,0.8940568475452196,0.8459657701711492
302,302,GRCh38_segdups,corrected,1293,43,0.026427962489343565,0.7209302325581395,0.026701119724375538,0.05149501661129568
302,302,GRCh38_segdups,legacy,1293,777,0.4637462235649547,0.7902187902187903,0.52885443583118,0.6336429308565532
308,308,GRCh38_alldifficultregions,corrected,1237,319,0.20816326530612245,0.799373040752351,0.21963824289405684,0.34459459459459457
308,308,GRCh38_alldifficultregions,legacy,1237,1128,0.7043931496649293,0.8386524822695035,0.8148148148148148,0.8265618173875054
308,308,GRCh38_alllowmapandsegdupregions,corrected,1237,44,0.030795551753635585,0.8181818181818182,0.031007751937984496,0.05975103734439835
308,308,GRCh38_alllowmapandsegdupregions,legacy,1237,919,0.5902140672782875,0.8400435255712732,0.664944013781223,0.7423076923076923
308,308,GRCh38_notinalldifficultregions,corrected,1237,918,0.6041666666666666,0.8529411764705882,0.6744186046511628,0.7532467532467532
308,308,GRCh38_notinalldifficultregions,legacy,1237,1232,0.7595588235294117,0.838474025974026,0.8897502153316107,0.8633514417049728
308,308,GRCh38_notinalllowmapandsegdupregions,corrected,1237,1193,0.7411242603550295,0.8398994132439229,0.8630490956072352,0.8513169073916736
308,308,GRCh38_notinalllowmapandsegdupregions,legacy,1237,1237,0.763235294117647,0.8391269199676638,0.8940568475452196,0.865721434528774
308,308,GRCh38_notinsegdups,corrected,1237,1198,0.7448224852071006,0.840567612687813,0.8673557278208441,0.8537515896566342
308,308,GRCh38_notinsegdups,legacy,1237,1237,0.763235294117647,0.8391269199676638,0.8940568475452196,0.865721434528774
308,308,GRCh38_segdups,corrected,1237,39,0.026518391787852865,0.7948717948717948,0.026701119724375538,0.05166666666666667
308,308,GRCh38_segdups,legacy,1237,738,0.4778210116731518,0.8319783197831978,0.52885443583118,0.6466561348077935
314,314,GRCh38_alldifficultregions,corrected,1082,257,0.1946082561078349,0.8988326848249028,0.19896640826873385,0.3258110014104373
314,314,GRCh38_alldifficultregions,legacy,1082,986,0.7455284552845528,0.9300202839756593,0.7898363479758829,0.8542151839776432
314,314,GRCh38_alllowmapandsegdupregions,corrected,1082,17,0.012027491408934709,0.8235294117647058,0.012058570198105082,0.023769100169779286
314,314,GRCh38_alllowmapandsegdupregions,legacy,1082,799,0.6118421052631579,0.9311639549436797,0.6408268733850129,0.7591836734693878
314,314,GRCh38_notinalldifficultregions,corrected,1082,825,0.6413223140495867,0.9406060606060606,0.6683893195521102,0.7814702920443101
314,314,GRCh38_notinalldifficultregions,legacy,1082,1079,0.8122977346278317,0.9304911955514366,0.8647717484926787,0.8964285714285714
314,314,GRCh38_notinalllowmapandsegdupregions,corrected,1082,1065,0.805352798053528,0.9323943661971831,0.8552971576227391,0.8921832884097034
314,314,GRCh38_notinalllowmapandsegdupregions,legacy,1082,1082,0.8147249190938511,0.9306839186691312,0.8673557278208441,0.8979045920641997
314,314,GRCh38_notinsegdups,corrected,1082,1065,0.805352798053528,0.9323943661971831,0.8552971576227391,0.8921832884097034
314,314,GRCh38_notinsegdups,legacy,1082,1082,0.8147249190938511,0.9306839186691312,0.8673557278208441,0.8979045920641997
314,314,GRCh38_segdups,corrected,1082,17,0.012027491408934709,0.8235294117647058,0.012058570198105082,0.023769100169779286
314,314,GRCh38_segdups,legacy,1082,638,0.4904722452361226,0.9278996865203761,0.5099052540913006,0.6581434130072261
320,320,GRCh38_alldifficultregions,corrected,1094,259,0.1912751677852349,0.8803088803088803,0.19638242894056848,0.3211267605633803
320,320,GRCh38_alldifficultregions,legacy,1094,996,0.7256,0.9106425702811245,0.781223083548665,0.840982846546129
320,320,GRCh38_alllowmapandsegdupregions,corrected,1094,15,0.01117798796216681,0.8666666666666667,0.01119724375538329,0.022108843537414963
320,320,GRCh38_alllowmapandsegdupregions,legacy,1094,806,0.5952960259529603,0.9106699751861043,0.632213608957795,0.7463141840366039
320,320,GRCh38_notinalldifficultregions,corrected,1094,835,0.6280587275693311,0.9221556886227545,0.6632213608957795,0.7715430861723447
320,320,GRCh38_notinalldifficultregions,legacy,1094,1091,0.7915672235481305,0.9120073327222732,0.8570198105081827,0.8836589698046182
320,320,GRCh38_notinalllowmapandsegdupregions,corrected,1094,1079,0.7848605577689243,0.9128822984244671,0.8484065460809647,0.8794642857142857
320,320,GRCh38_notinalllowmapandsegdupregions,legacy,1094,1094,0.7939538583929993,0.9122486288848263,0.859603789836348,0.8851441241685145
320,320,GRCh38_notinsegdups,corrected,1094,1079,0.7848605577689243,0.9128822984244671,0.8484065460809647,0.8794642857142857
320,320,GRCh38_notinsegdups,legacy,1094,1094,0.7939538583929993,0.9122486288848263,0.859603789836348,0.8851441241685145
320,320,GRCh38_segdups,corrected,1094,15,0.01117798796216681,0.8666666666666667,0.01119724375538329,0.022108843537414963
320,320,GRCh38_segdups,legacy,1094,650,0.4795751633986928,0.9030769230769231,0.5055986218776917,0.6482606294864716
326,326,GRCh38_alldifficultregions,corrected,1117,267,0.19298245614035087,0.8651685393258427,0.19896640826873385,0.3235294117647059
326,326,GRCh38_alldifficultregions,legacy,1117,1018,0.7307386814932486,0.9037328094302554,0.7924203273040482,0.8444240477283156
326,326,GRCh38_alllowmapandsegdupregions,corrected,1117,18,0.01201716738197425,0.7777777777777778,0.012058570198105082,0.02374893977947413
326,326,GRCh38_alllowmapandsegdupregions,legacy,1117,827,0.6019339242546333,0.9032648125755743,0.6434108527131783,0.7515090543259557
326,326,GRCh38_notinalldifficultregions,corrected,1117,850,0.6323051948051948,0.9164705882352941,0.6709732988802756,0.7747389358528095
326,326,GRCh38_notinalldifficultregions,legacy,1117,1114,0.7941640378548895,0.9039497307001796,0.8673557278208441,0.8852747252747254
326,326,GRCh38_notinalllowmapandsegdupregions,corrected,1117,1099,0.7879746835443038,0.9062784349408554,0.8578811369509044,0.8814159292035398
326,326,GRCh38_notinalllowmapandsegdupregions,legacy,1117,1117,0.7965299684542587,0.9042076991942704,0.8699397071490095,0.8867427568042142
326,326,GRCh38_notinsegdups,corrected,1117,1099,0.7879746835443038,0.9062784349408554,0.8578811369509044,0.8814159292035398
326,326,GRCh38_notinsegdups,legacy,1117,1117,0.7965299684542587,0.9042076991942704,0.8699397071490095,0.8867427568042142
326,326,GRCh38_segdups,corrected,1117,18,0.01201716738197425,0.7777777777777778,0.012058570198105082,0.02374893977947413
326,326,GRCh38_segdups,legacy,1117,663,0.48413344182262,0.8974358974358975,0.512489233419466,0.6524122807017544
332,332,GRCh38_alldifficultregions,corrected,1075,256,0.1907563025210084,0.88671875,0.19552110249784668,0.3203952011291461
332,332,GRCh38_alldifficultregions,legacy,1075,978,0.733387358184765,0.9253578732106339,0.7795004306632214,0.8461898083216457
332,332,GRCh38_alllowmapandsegdupregions,corrected,1075,14,0.010318142734307825,0.8571428571428571,0.0103359173126615,0.02042553191489362
332,332,GRCh38_alllowmapandsegdupregions,legacy,1075,791,0.6,0.9254108723135271,0.6304909560723514,0.75
332,332,GRCh38_notinalldifficultregions,corrected,1075,819,0.6350123864574732,0.938949938949939,0.6623600344530577,0.7767676767676768
332,332,GRCh38_notinalldifficultregions,legacy,1075,1072,0.8008064516129032,0.9263059701492538,0.8552971576227391,0.8893864755933722
332,332,GRCh38_notinalllowmapandsegdupregions,corrected,1075,1061,0.7948303715670436,0.9274269557021678,0.8475452196382429,0.8856885688568858
332,332,GRCh38_notinalllowmapandsegdupregions,legacy,1075,1075,0.8032258064516129,0.9265116279069767,0.8578811369509044,0.89087656529517
332,332,GRCh38_notinsegdups,corrected,1075,1061,0.7948303715670436,0.9274269557021678,0.8475452196382429,0.8856885688568858
332,332,GRCh38_notinsegdups,legacy,1075,1075,0.8032258064516129,0.9265116279069767,0.8578811369509044,0.89087656529517
332,332,GRCh38_segdups,corrected,1075,14,0.010318142734307825,0.8571428571428571,0.0103359173126615,0.02042553191489362
332,332,GRCh38_segdups,legacy,1075,633,0.48142031379025596,0.9210110584518167,0.5021533161068045,0.6499442586399108
338,338,GRCh38_alldifficultregions,corrected,1915,565,0.1797676008202324,0.4654867256637168,0.22652885443583118,0.3047508690614137
338,338,GRCh38_alldifficultregions,legacy,1915,1763,0.49871860584315736,0.5519001701644923,0.8380706287683032,0.6655266757865937
338,338,GRCh38_alllowmapandsegdupregions,corrected,1915,69,0.03101424979044426,0.5362318840579711,0.03186907838070629,0.06016260162601626
338,338,GRCh38_alllowmapandsegdupregions,legacy,1915,1449,0.4348543155579989,0.5458937198067633,0.6813092161929372,0.6061302681992337
338,338,GRCh38_notinalldifficultregions,corrected,1915,1350,0.47014051522248246,0.5948148148148148,0.6916451335055986,0.6395858223815213
338,338,GRCh38_notinalldifficultregions,legacy,1915,1909,0.5288844621513944,0.5563122053431115,0.9147286821705426,0.69185667752443
338,338,GRCh38_notinalllowmapandsegdupregions,corrected,1915,1846,0.5202224469160769,0.557421451787649,0.8863049095607235,0.6844030595277686
338,338,GRCh38_notinalllowmapandsegdupregions,legacy,1915,1915,0.5303482587064676,0.5566579634464752,0.9181739879414298,0.693107932379714
338,338,GRCh38_notinsegdups,corrected,1915,1852,0.5217171717171717,0.5577753779697624,0.8897502153316107,0.6856953202787919
338,338,GRCh38_notinsegdups,legacy,1915,1915,0.5303482587064676,0.5566579634464752,0.9181739879414298,0.693107932379714
338,338,GRCh38_segdups,corrected,1915,63,0.027707808564231738,0.5238095238095238,0.028423772609819122,0.05392156862745098
338,338,GRCh38_segdups,legacy,1915,1158,0.37626112759643915,0.5474956822107081,0.5460809646856158,0.5467874083656749
344,344,GRCh38_alldifficultregions,corrected,2245,645,0.16968911917098445,0.4062015503875969,0.22566752799310938,0.29014396456256925
344,344,GRCh38_alldifficultregions,legacy,2245,2060,0.43346684468179797,0.4728155339805825,0.8389319552110249,0.6047811238745731
344,344,GRCh38_alllowmapandsegdupregions,corrected,2245,78,0.030782029950083195,0.47435897435897434,0.03186907838070629,0.05972558514931396
344,344,GRCh38_alllowmapandsegdupregions,legacy,2245,1704,0.38205499276411,0.4647887323943662,0.6821705426356589,0.5528795811518324
344,344,GRCh38_notinalldifficultregions,corrected,2245,1600,0.41155419222903883,0.503125,0.6933677863910422,0.5831220572256429
344,344,GRCh38_notinalldifficultregions,legacy,2245,2239,0.4542343883661249,0.4743188923626619,0.9147286821705426,0.6247058823529411
344,344,GRCh38_notinalllowmapandsegdupregions,corrected,2245,2167,0.4482158398607485,0.47531149053991695,0.8871662360034454,0.6189903846153846
344,344,GRCh38_notinalllowmapandsegdupregions,legacy,2245,2245,0.4561778537836682,0.4752783964365256,0.9190353143841516,0.6265413975337639
344,344,GRCh38_notinsegdups,corrected,2245,2175,0.44917463075586445,0.4754022988505747,0.8906115417743324,0.6199040767386091
344,344,GRCh38_notinsegdups,legacy,2245,2245,0.4561778537836682,0.4752783964365256,0.9190353143841516,0.6265413975337639
344,344,GRCh38_segdups,corrected,2245,70,0.027545909849749584,0.4714285714285714,0.028423772609819122,0.053614947197400495
344,344,GRCh38_segdups,legacy,2245,1376,0.33385909568874866,0.46148255813953487,0.5469422911283376,0.5005912495072921
350,350,GRCh38_alldifficultregions,corrected,2343,711,0.163455562461156,0.369901547116737,0.22652885443583118,0.280982905982906
350,350,GRCh38_alldifficultregions,legacy,2343,2151,0.41659538066723695,0.4528126452812645,0.8389319552110249,0.5881642512077295
350,350,GRCh38_alllowmapandsegdupregions,corrected,2343,75,0.030859049207673062,0.49333333333333335,0.03186907838070629,0.0598705501618123
350,350,GRCh38_alllowmapandsegdupregions,legacy,2343,1774,0.36957536164255717,0.4464487034949267,0.6821705426356589,0.5396933560477001
350,350,GRCh38_notinalldifficultregions,corrected,2343,1632,0.4042232277526395,0.49264705882352944,0.6925064599483204,0.5757250268528464
350,350,GRCh38_notinalldifficultregions,legacy,2343,2337,0.43655030800821354,0.4548566538296962,0.9155900086132644,0.6077758719268153
350,350,GRCh38_notinalllowmapandsegdupregions,corrected,2343,2268,0.42934556065027096,0.4541446208112875,0.8871662360034454,0.6007582385535142
350,350,GRCh38_notinalllowmapandsegdupregions,legacy,2343,2343,0.43783340172343044,0.45539906103286387,0.9190353143841516,0.6090182648401826
350,350,GRCh38_notinsegdups,corrected,2343,2275,0.43047460449625313,0.4545054945054945,0.8906115417743324,0.6018626309662398
350,350,GRCh38_notinsegdups,legacy,2343,2343,0.43783340172343044,0.45539906103286387,0.9190353143841516,0.6090182648401826
350,350,GRCh38_segdups,corrected,2343,68,0.027591973244147156,0.4852941176470588,0.028423772609819122,0.053702196908055326
350,350,GRCh38_segdups,legacy,2343,1428,0.3249744114636643,0.44467787114845936,0.5469422911283376,0.4905368868288914
356,356,GRCh38_alldifficultregions,corrected,1809,527,0.18373071528751753,0.4971537001897533,0.22566752799310938,0.3104265402843602
356,356,GRCh38_alldifficultregions,legacy,1809,1664,0.5245547760388559,0.5841346153846154,0.8372093023255814,0.6881415929203539
356,356,GRCh38_alllowmapandsegdupregions,corrected,1809,72,0.030936454849498328,0.5138888888888888,0.03186907838070629,0.0600162206001622
356,356,GRCh38_alllowmapandsegdupregions,legacy,1809,1372,0.4549109707064905,0.577259475218659,0.6821705426356589,0.6253454401894987
356,356,GRCh38_notinalldifficultregions,corrected,1809,1282,0.4896341463414634,0.6263650546021841,0.6916451335055986,0.6573884568153908
356,356,GRCh38_notinalldifficultregions,legacy,1809,1803,0.5567226890756303,0.5879090404880755,0.9130060292850991,0.7152496626180836
356,356,GRCh38_notinalllowmapandsegdupregions,corrected,1809,1737,0.5497326203208556,0.5918249856073691,0.8854435831180018,0.7094547964113183
356,356,GRCh38_notinalllowmapandsegdupregions,legacy,1809,1809,0.5590551181102362,0.5887230514096186,0.917312661498708,0.7171717171717172
356,356,GRCh38_notinsegdups,corrected,1809,1744,0.5509877202349173,0.591743119266055,0.8888888888888888,0.7104991394148021
356,356,GRCh38_notinsegdups,legacy,1809,1809,0.5590551181102362,0.5887230514096186,0.917312661498708,0.7171717171717172
356,356,GRCh38_segdups,corrected,1809,65,0.027661357921207042,0.5076923076923077,0.028423772609819122,0.053833605220228384
356,356,GRCh38_segdups,legacy,1809,1110,0.38814180929095354,0.5720720720720721,0.5469422911283376,0.5592250110083664
362,362,GRCh38_alldifficultregions,corrected,1193,330,0.17586750788643532,0.6757575757575758,0.1920757967269595,0.29912810194500333
362,362,GRCh38_alldifficultregions,legacy,1193,1101,0.6031183557760453,0.7729336966394187,0.7329888027562446,0.7524314765694076
362,362,GRCh38_alllowmapandsegdupregions,corrected,1193,34,0.022241231822070145,0.7647058823529411,0.02239448751076658,0.04351464435146444
362,362,GRCh38_alllowmapandsegdupregions,legacy,1193,905,0.5058309037900874,0.7668508287292818,0.5977605512489234,0.6718296224588578
362,362,GRCh38_notinalldifficultregions,corrected,1193,863,0.5403348554033486,0.8227114716106605,0.611541774332472,0.7015810276679842
362,362,GRCh38_notinalldifficultregions,legacy,1193,1189,0.6537649542575651,0.7813288477712363,0.8001722652885443,0.7906382978723404
362,362,GRCh38_notinalllowmapandsegdupregions,corrected,1193,1159,0.6418966737438075,0.7825711820534944,0.781223083548665,0.781896551724138
362,362,GRCh38_notinalllowmapandsegdupregions,legacy,1193,1193,0.6565798733286418,0.7820620284995808,0.8036175710594315,0.7926932880203906
362,362,GRCh38_notinsegdups,corrected,1193,1162,0.6428571428571429,0.7822719449225474,0.7829457364341085,0.782608695652174
362,362,GRCh38_notinsegdups,legacy,1193,1193,0.6565798733286418,0.7820620284995808,0.8036175710594315,0.7926932880203906
362,362,GRCh38_segdups,corrected,1193,31,0.02054794520547945,0.7741935483870968,0.020671834625323,0.04026845637583893
362,362,GRCh38_segdups,legacy,1193,729,0.41679160419790107,0.7626886145404664,0.4788975021533161,0.5883597883597884
368,368,GRCh38_alldifficultregions,corrected,1131,307,0.17346123101518784,0.7068403908794788,0.18690783807062877,0.2956403269754769
368,368,GRCh38_alldifficultregions,legacy,1131,1051,0.5971119133574008,0.7868696479543292,0.7123169681309216,0.747739602169982
368,368,GRCh38_alllowmapandsegdupregions,corrected,1131,30,0.02056555269922879,0.8,0.020671834625323,0.0403022670025189
368,368,GRCh38_alllowmapandsegdupregions,legacy,1131,866,0.5003700962250185,0.7806004618937644,0.5822566752799311,0.6669955599407992
368,368,GRCh38_notinalldifficultregions,corrected,1131,824,0.5269230769230769,0.8313106796116505,0.5900086132644272,0.6901763224181361
368,368,GRCh38_notinalldifficultregions,legacy,1131,1128,0.6467625899280576,0.7969858156028369,0.7743324720068906,0.7854958497160334
368,368,GRCh38_notinalllowmapandsegdupregions,corrected,1131,1101,0.634393063583815,0.7974568574023615,0.756244616709733,0.7763041556145005
368,368,GRCh38_notinalllowmapandsegdupregions,legacy,1131,1131,0.6489208633093525,0.7975243147656941,0.7769164513350559,0.787085514834206
368,368,GRCh38_notinsegdups,corrected,1131,1103,0.6358381502890174,0.7978241160471442,0.7579672695951766,0.7773851590106006
368,368,GRCh38_notinsegdups,legacy,1131,1131,0.6489208633093525,0.7975243147656941,0.7769164513350559,0.787085514834206
368,368,GRCh38_segdups,corrected,1131,28,0.018851756640959727,0.7857142857142857,0.018949181739879414,0.03700588730025232
368,368,GRCh38_segdups,legacy,1131,699,0.4133738601823708,0.7782546494992847,0.46856158484065463,0.5849462365591398
374,374,GRCh38_alldifficultregions,corrected,1230,346,0.17367601246105918,0.6445086705202312,0.1920757967269595,0.2959522229595222
374,374,GRCh38_alldifficultregions,legacy,1230,1138,0.5888044229440221,0.7486818980667839,0.7338501291989664,0.7411918225315355
374,374,GRCh38_alllowmapandsegdupregions,corrected,1230,35,0.022222222222222223,0.7428571428571429,0.02239448751076658,0.04347826086956522
374,374,GRCh38_alllowmapandsegdupregions,legacy,1230,938,0.495014245014245,0.7409381663113006,0.5986218776916451,0.662220104811815
374,374,GRCh38_notinalldifficultregions,corrected,1230,884,0.532983508245877,0.8042986425339367,0.6124031007751938,0.6953545232273839
374,374,GRCh38_notinalldifficultregions,legacy,1230,1226,0.6382978723404256,0.7585644371941273,0.8010335917312662,0.7792207792207793
374,374,GRCh38_notinalllowmapandsegdupregions,corrected,1230,1195,0.6270718232044199,0.7598326359832636,0.7820844099913867,0.7707979626485568
374,374,GRCh38_notinalllowmapandsegdupregions,legacy,1230,1230,0.6410432395332876,0.759349593495935,0.8044788975021533,0.781263069845253
374,374,GRCh38_notinsegdups,corrected,1230,1198,0.6280193236714976,0.7595993322203672,0.7838070628768303,0.7715133531157269
374,374,GRCh38_notinsegdups,legacy,1230,1230,0.6410432395332876,0.759349593495935,0.8044788975021533,0.781263069845253
374,374,GRCh38_segdups,corrected,1230,32,0.020530367835757058,0.75,0.020671834625323,0.040234702430846606
374,374,GRCh38_segdups,legacy,1230,760,0.4083577712609971,0.7328947368421053,0.4797588285960379,0.5799062988027069
380,380,GRCh38_alldifficultregions,corrected,1080,285,0.1784841075794621,0.7684210526315789,0.18863049095607234,0.30290456431535273
380,380,GRCh38_alldifficultregions,legacy,1080,1000,0.6199400299850075,0.827,0.7123169681309216,0.7653863951874131
380,380,GRCh38_alllowmapandsegdupregions,corrected,1080,31,0.021422450728363324,0.8064516129032258,0.02153316106804479,0.04194630872483222
380,380,GRCh38_alllowmapandsegdupregions,legacy,1080,826,0.516793893129771,0.8196125907990315,0.5831180017226529,0.6814292903875189
380,380,GRCh38_notinalldifficultregions,corrected,1080,795,0.5365278868813825,0.8591194968553459,0.5882859603789836,0.698364008179959
380,380,GRCh38_notinalldifficultregions,legacy,1080,1076,0.6706497386109037,0.8345724907063197,0.7734711455641688,0.8028609745194456
380,380,GRCh38_notinalllowmapandsegdupregions,corrected,1080,1049,0.6579144786196549,0.8360343183984748,0.7553832902670112,0.7936651583710409
380,380,GRCh38_notinalllowmapandsegdupregions,legacy,1080,1080,0.6736370425690814,0.8351851851851851,0.7769164513350559,0.8049977688531905
380,380,GRCh38_notinsegdups,corrected,1080,1051,0.6594148537134283,0.8363463368220743,0.7571059431524548,0.7947558770343581
380,380,GRCh38_notinsegdups,legacy,1080,1080,0.6736370425690814,0.8351851851851851,0.7769164513350559,0.8049977688531905
380,380,GRCh38_segdups,corrected,1080,29,0.01970865467009426,0.7931034482758621,0.019810508182601206,0.038655462184873944
380,380,GRCh38_segdups,legacy,1080,664,0.42578125,0.8207831325301205,0.4694229112833764,0.5972602739726027
386,386,GRCh38_alldifficultregions,corrected,1550,620,0.13729246487867178,0.3467741935483871,0.18518518518518517,0.2414373947220662
386,386,GRCh38_alldifficultregions,legacy,1550,1449,0.4380165289256198,0.5486542443064182,0.6847545219638242,0.6091954022988505
386,386,GRCh38_alllowmapandsegdupregions,corrected,1550,161,0.02242846094354215,0.18012422360248448,0.024978466838931956,0.04387291981845689
386,386,GRCh38_alllowmapandsegdupregions,legacy,1550,1202,0.3851113716295428,0.5465890183028286,0.5658914728682171,0.5560727888277613
386,386,GRCh38_notinalldifficultregions,corrected,1550,930,0.4551148225469729,0.7032258064516129,0.5633074935400517,0.6255380200860832
386,386,GRCh38_notinalldifficultregions,legacy,1550,1542,0.470620239390642,0.5609597924773022,0.7450473729543498,0.6400295967443581
386,386,GRCh38_notinalllowmapandsegdupregions,corrected,1550,1389,0.49122807017543857,0.6047516198704104,0.7235142118863049,0.6588235294117647
386,386,GRCh38_notinalllowmapandsegdupregions,legacy,1550,1548,0.4722826086956522,0.5613695090439277,0.7484926787252368,0.6415651531930602
386,386,GRCh38_notinsegdups,corrected,1550,1392,0.49298245614035086,0.6056034482758621,0.7260981912144703,0.6603995299647473
386,386,GRCh38_notinsegdups,legacy,1550,1548,0.4722826086956522,0.5613695090439277,0.7484926787252368,0.6415651531930602
386,386,GRCh38_segdups,corrected,1550,158,0.020108275328692964,0.16455696202531644,0.02239448751076658,0.039423805913570885
386,386,GRCh38_segdups,legacy,1550,995,0.32432432432432434,0.5306532663316583,0.45478036175710596,0.4897959183673469
392,392,GRCh38_alldifficultregions,corrected,1543,601,0.1411917098445596,0.3627287853577371,0.18776916451335057,0.24744608399545973
392,392,GRCh38_alldifficultregions,legacy,1543,1440,0.44741235392320533,0.5583333333333333,0.6925064599483204,0.6182237600922722
392,392,GRCh38_alllowmapandsegdupregions,corrected,1543,145,0.022709475332811275,0.2,0.024978466838931956,0.0444104134762634
392,392,GRCh38_alllowmapandsegdupregions,legacy,1543,1188,0.3940652818991098,0.5589225589225589,0.5719207579672696,0.5653469561515538
392,392,GRCh38_notinalldifficultregions,corrected,1543,942,0.4573804573804574,0.7006369426751592,0.5684754521963824,0.6276747503566334
392,392,GRCh38_notinalldifficultregions,legacy,1543,1537,0.4791666666666667,0.5686402081977879,0.7527993109388458,0.647887323943662
392,392,GRCh38_notinalllowmapandsegdupregions,corrected,1543,1398,0.4964912280701754,0.6072961373390557,0.7312661498708011,0.6635404454865181
392,392,GRCh38_notinalllowmapandsegdupregions,legacy,1543,1543,0.48083242059145676,0.5690213869086196,0.756244616709733,0.6494082840236687
392,392,GRCh38_notinsegdups,corrected,1543,1403,0.4976635514018692,0.6072701354240913,0.7338501291989664,0.6645865834633385
392,392,GRCh38_notinsegdups,legacy,1543,1543,0.48083242059145676,0.5690213869086196,0.756244616709733,0.6494082840236687
392,392,GRCh38_segdups,corrected,1543,140,0.0203921568627451,0.18571428571428572,0.02239448751076658,0.03996925441967717
392,392,GRCh38_segdups,legacy,1543,978,0.3310516490354698,0.5439672801635992,0.4582256675279931,0.49742870500233755
398,398,GRCh38_alldifficultregions,corrected,1600,631,0.13994910941475827,0.3486529318541997,0.18949181739879414,0.24553571428571433
398,398,GRCh38_alldifficultregions,legacy,1600,1498,0.43729729729729727,0.5400534045393859,0.6968130921619293,0.6084994358781497
398,398,GRCh38_alllowmapandsegdupregions,corrected,1600,145,0.022709475332811275,0.2,0.024978466838931956,0.0444104134762634
398,398,GRCh38_alllowmapandsegdupregions,legacy,1600,1230,0.38689095127610207,0.5422764227642276,0.5745047372954349,0.5579255541614387
398,398,GRCh38_notinalldifficultregions,corrected,1600,969,0.45194274028629855,0.6842105263157895,0.5710594315245479,0.6225352112676056
398,398,GRCh38_notinalldifficultregions,legacy,1600,1592,0.46905016008537886,0.5521356783919598,0.7571059431524548,0.6385760988013076
398,398,GRCh38_notinalllowmapandsegdupregions,corrected,1600,1455,0.48467650397275824,0.5869415807560138,0.73557278208441,0.6529051987767583
398,398,GRCh38_notinalllowmapandsegdupregions,legacy,1600,1598,0.470682302771855,0.5525657071339174,0.7605512489233419,0.6400869880391447
398,398,GRCh38_notinsegdups,corrected,1600,1458,0.48637911464245176,0.5877914951989026,0.7381567614125754,0.6544482626956853
398,398,GRCh38_notinsegdups,legacy,1600,1598,0.470682302771855,0.5525657071339174,0.7605512489233419,0.6400869880391447
398,398,GRCh38_segdups,corrected,1600,142,0.020360219263899765,0.18309859154929578,0.02239448751076658,0.03990790483499616
398,398,GRCh38_segdups,legacy,1600,1019,0.3260340632603406,0.5260058881256133,0.4616709732988803,0.491743119266055
404,404,GRCh38_alldifficultregions,corrected,1473,578,0.13883431565160445,0.36678200692041524,0.1826012058570198,0.24381828637147784
404,404,GRCh38_alldifficultregions,legacy,1473,1373,0.4471730439748715,0.5702840495265841,0.6744186046511628,0.6179952644041041
404,404,GRCh38_alllowmapandsegdupregions,corrected,1473,149,0.0218408736349454,0.18791946308724833,0.024117140396210164,0.042748091603053436
404,404,GRCh38_alllowmapandsegdupregions,legacy,1473,1141,0.39177750906892383,0.567922874671341,0.5581395348837209,0.5629887054735012
404,404,GRCh38_notinalldifficultregions,corrected,1473,895,0.4571226080793763,0.7206703910614525,0.5555555555555556,0.627431906614786
404,404,GRCh38_notinalldifficultregions,legacy,1473,1467,0.48056338028169016,0.5814587593728698,0.7347114556416882,0.6491628614916286
404,404,GRCh38_notinalllowmapandsegdupregions,corrected,1473,1324,0.5006038647342995,0.6261329305135952,0.7140396210163652,0.6672032193158954
404,404,GRCh38_notinalllowmapandsegdupregions,legacy,1473,1473,0.48227349465391106,0.581805838424983,0.7381567614125754,0.6507213363705391
404,404,GRCh38_notinsegdups,corrected,1473,1328,0.5021122510561256,0.6265060240963856,0.7166236003445305,0.6685415829650463
404,404,GRCh38_notinsegdups,legacy,1473,1473,0.48227349465391106,0.581805838424983,0.7381567614125754,0.6507213363705391
404,404,GRCh38_segdups,corrected,1473,145,0.0195160031225605,0.1724137931034483,0.02153316106804479,0.03828483920367535
404,404,GRCh38_segdups,legacy,1473,943,0.32744479495268136,0.5503711558854719,0.4470284237726098,0.49334600760456276
410,410,GRCh38_alldifficultregions,corrected,1211,354,0.1339820359281437,0.5056497175141242,0.15417743324720068,0.23630363036303628
410,410,GRCh38_alldifficultregions,legacy,1211,1121,0.4808565866320571,0.6610169491525424,0.6382428940568475,0.64943032427695
410,410,GRCh38_alllowmapandsegdupregions,corrected,1211,6,0.0034393809114359416,0.6666666666666666,0.0034453057708871662,0.006855184233076263
410,410,GRCh38_alllowmapandsegdupregions,legacy,1211,922,0.4102911306702776,0.6572668112798264,0.5219638242894057,0.5818530964954393
410,410,GRCh38_notinalldifficultregions,corrected,1211,857,0.45809248554913296,0.7397899649941657,0.5460809646856158,0.6283448959365708
410,410,GRCh38_notinalldifficultregions,legacy,1211,1209,0.5202052597819115,0.6708023159636063,0.6985357450473729,0.6843881856540084
410,410,GRCh38_notinalllowmapandsegdupregions,corrected,1211,1205,0.5195889531149647,0.6713692946058091,0.6968130921619293,0.68385460693153
410,410,GRCh38_notinalllowmapandsegdupregions,legacy,1211,1211,0.5214881334188582,0.671345995045417,0.7002583979328165,0.6854974704890389
410,410,GRCh38_notinsegdups,corrected,1211,1205,0.5195889531149647,0.6713692946058091,0.6968130921619293,0.68385460693153
410,410,GRCh38_notinsegdups,legacy,1211,1211,0.5214881334188582,0.671345995045417,0.7002583979328165,0.6854974704890389
410,410,GRCh38_segdups,corrected,1211,6,0.0034393809114359416,0.6666666666666666,0.0034453057708871662,0.006855184233076263
410,410,GRCh38_segdups,legacy,1211,742,0.34203102961918197,0.6536388140161725,0.4177433247200689,0.509721492380452
416,416,GRCh38_alldifficultregions,corrected,758,218,0.07566302652106084,0.44495412844036697,0.08354866494401378,0.1406816533720087
416,416,GRCh38_alldifficultregions,legacy,758,691,0.2969187675070028,0.613603473227207,0.3652024117140396,0.45788336933045354
416,416,GRCh38_alllowmapandsegdupregions,corrected,758,1,0.0,0.0,0.0,0.0
416,416,GRCh38_alllowmapandsegdupregions,legacy,758,557,0.2521865889212828,0.6211849192100538,0.2980189491817399,0.40279394644935973
416,416,GRCh38_notinalldifficultregions,corrected,758,540,0.28863636363636364,0.7055555555555556,0.3281653746770026,0.44797178130511456
416,416,GRCh38_notinalldifficultregions,legacy,758,757,0.33102012491325467,0.6301188903566711,0.4108527131782946,0.4973931178310741
416,416,GRCh38_notinalllowmapandsegdupregions,corrected,758,757,0.33194444444444443,0.631439894319683,0.4117140396210164,0.4984358706986445
416,416,GRCh38_notinalllowmapandsegdupregions,legacy,758,758,0.33171408743927827,0.6306068601583114,0.4117140396210164,0.4981761334028141
416,416,GRCh38_notinsegdups,corrected,758,757,0.33194444444444443,0.631439894319683,0.4117140396210164,0.4984358706986445
416,416,GRCh38_notinsegdups,legacy,758,758,0.33171408743927827,0.6306068601583114,0.4117140396210164,0.4981761334028141
416,416,GRCh38_segdups,corrected,758,1,0.0,0.0,0.0,0.0
416,416,GRCh38_segdups,legacy,758,445,0.20299625468164795,0.6089887640449438,0.23341946597760552,0.33748443337484435
422,422,GRCh38_alldifficultregions,corrected,1401,440,0.1314487632508834,0.42272727272727273,0.16020671834625322,0.23235477826358525
422,422,GRCh38_alldifficultregions,legacy,1401,1305,0.45229681978798586,0.5885057471264368,0.661498708010336,0.6228710462287104
422,422,GRCh38_alllowmapandsegdupregions,corrected,1401,7,0.003436426116838488,0.5714285714285714,0.0034453057708871662,0.006849315068493151
422,422,GRCh38_alllowmapandsegdupregions,legacy,1401,1055,0.3928346951602766,0.5924170616113744,0.5383290267011197,0.5640794223826716
422,422,GRCh38_notinalldifficultregions,corrected,1401,961,0.44648943421949555,0.6815816857440167,0.5641688199827735,0.6173421300659755
422,422,GRCh38_notinalldifficultregions,legacy,1401,1399,0.4875072632190587,0.5997140814867763,0.7226528854435831,0.6554687499999999
422,422,GRCh38_notinalllowmapandsegdupregions,corrected,1401,1394,0.4871944121071013,0.6004304160688666,0.7209302325581395,0.6551859099804305
422,422,GRCh38_notinalllowmapandsegdupregions,legacy,1401,1401,0.4886693782684486,0.6002855103497502,0.7243755383290267,0.6565183450429353
422,422,GRCh38_notinsegdups,corrected,1401,1394,0.4871944121071013,0.6004304160688666,0.7209302325581395,0.6551859099804305
422,422,GRCh38_notinsegdups,legacy,1401,1401,0.4886693782684486,0.6002855103497502,0.7243755383290267,0.6565183450429353
422,422,GRCh38_segdups,corrected,1401,7,0.003436426116838488,0.5714285714285714,0.0034453057708871662,0.006849315068493151
422,422,GRCh38_segdups,legacy,1401,855,0.32981530343007914,0.5847953216374269,0.4306632213608958,0.49603174603174605
428,428,GRCh38_alldifficultregions,corrected,639,161,0.07742461287693561,0.5900621118012422,0.0818260120585702,0.1437216338880484
428,428,GRCh38_alldifficultregions,legacy,639,576,0.31491294473883424,0.7222222222222222,0.35831180017226527,0.47898675877950486
428,428,GRCh38_alllowmapandsegdupregions,corrected,639,0,0.0,,0.0,
428,428,GRCh38_alllowmapandsegdupregions,legacy,639,470,0.26434108527131783,0.725531914893617,0.29371231696813094,0.41814837522992027
428,428,GRCh38_notinalldifficultregions,corrected,639,478,0.2956521739130435,0.7824267782426778,0.32213608957795004,0.4563758389261745
428,428,GRCh38_notinalldifficultregions,legacy,639,638,0.3516153268219384,0.7335423197492164,0.40310077519379844,0.5202890494719289
428,428,GRCh38_notinalllowmapandsegdupregions,corrected,639,639,0.35236664162284,0.7339593114241002,0.40396210163652024,0.5211111111111112
428,428,GRCh38_notinalllowmapandsegdupregions,legacy,639,639,0.35236664162284,0.7339593114241002,0.40396210163652024,0.5211111111111112
428,428,GRCh38_notinsegdups,corrected,639,639,0.35236664162284,0.7339593114241002,0.40396210163652024,0.5211111111111112
428,428,GRCh38_notinsegdups,legacy,639,639,0.35236664162284,0.7339593114241002,0.40396210163652024,0.5211111111111112
428,428,GRCh38_segdups,corrected,639,0,0.0,,0.0,
428,428,GRCh38_segdups,legacy,639,369,0.21044303797468356,0.7208672086720868,0.22911283376399655,0.3477124183006536
435,435,GRCh38_alldifficultregions,corrected,956,246,0.18734177215189873,0.9024390243902439,0.19121447028423771,0.31556503198294245
435,435,GRCh38_alldifficultregions,legacy,956,881,0.6588139723801787,0.9205448354143019,0.6985357450473729,0.7943192948090108
435,435,GRCh38_alllowmapandsegdupregions,corrected,956,43,0.02555366269165247,0.6976744186046512,0.025839793281653745,0.04983388704318936
435,435,GRCh38_alllowmapandsegdupregions,legacy,956,721,0.5438884331419196,0.9195561719833565,0.5710594315245479,0.7045696068012753
435,435,GRCh38_notinalldifficultregions,corrected,956,710,0.5488410596026491,0.9338028169014084,0.5710594315245479,0.7087119187600213
435,435,GRCh38_notinalldifficultregions,legacy,956,952,0.7150974025974026,0.9254201680672269,0.7588285960378983,0.8338854708944629
435,435,GRCh38_notinalllowmapandsegdupregions,corrected,956,913,0.7013945857260049,0.9364731653888281,0.7364341085271318,0.8244937319189971
435,435,GRCh38_notinalllowmapandsegdupregions,legacy,956,956,0.7183441558441559,0.9257322175732218,0.7622739018087855,0.8360888049126122
435,435,GRCh38_notinsegdups,corrected,956,918,0.7040983606557377,0.9357298474945533,0.739879414298019,0.8263588263588264
435,435,GRCh38_notinsegdups,legacy,956,956,0.7183441558441559,0.9257322175732218,0.7622739018087855,0.8360888049126122
435,435,GRCh38_segdups,corrected,956,38,0.02216538789428815,0.6842105263157895,0.02239448751076658,0.043369474562135114
435,435,GRCh38_segdups,legacy,956,574,0.43625827814569534,0.9181184668989547,0.45391903531438416,0.607492795389049
436,436,GRCh38_alldifficultregions,corrected,1261,324,0.20633631194151097,0.7839506172839507,0.21877691645133507,0.34208754208754216
436,436,GRCh38_alldifficultregions,legacy,1261,1151,0.6900584795321637,0.8201563857515204,0.8130921619293713,0.8166089965397924
436,436,GRCh38_alllowmapandsegdupregions,corrected,1261,47,0.030716723549488054,0.7659574468085106,0.031007751937984496,0.05960264900662251
436,436,GRCh38_alllowmapandsegdupregions,legacy,1261,940,0.5796992481203007,0.8202127659574469,0.6640826873385013,0.7339362208472157
436,436,GRCh38_notinalldifficultregions,corrected,1261,937,0.5942249240121581,0.8345784418356457,0.673557278208441,0.7454718779790276
436,436,GRCh38_notinalldifficultregions,legacy,1261,1257,0.7445887445887446,0.8210023866348448,0.8888888888888888,0.8535980148883374
436,436,GRCh38_notinalllowmapandsegdupregions,corrected,1261,1214,0.7272727272727273,0.8237232289950577,0.8613264427217916,0.8421052631578948
436,436,GRCh38_notinalllowmapandsegdupregions,legacy,1261,1261,0.7474747474747475,0.8215701823949246,0.892334194659776,0.8554913294797688
436,436,GRCh38_notinsegdups,corrected,1261,1219,0.730909090909091,0.8244462674323215,0.8656330749354005,0.8445378151260504
436,436,GRCh38_notinsegdups,legacy,1261,1261,0.7474747474747475,0.8215701823949246,0.892334194659776,0.8554913294797688
436,436,GRCh38_segdups,corrected,1261,42,0.026450511945392493,0.7380952380952381,0.026701119724375538,0.051537822111388194
436,436,GRCh38_segdups,legacy,1261,755,0.46932515337423314,0.8105960264900662,0.5271317829457365,0.6388308977035491
437,437,GRCh38_alldifficultregions,corrected,956,246,0.18734177215189873,0.9024390243902439,0.19121447028423771,0.31556503198294245
437,437,GRCh38_alldifficultregions,legacy,956,881,0.6588139723801787,0.9205448354143019,0.6985357450473729,0.7943192948090108
437,437,GRCh38_alllowmapandsegdupregions,corrected,956,43,0.02555366269165247,0.6976744186046512,0.025839793281653745,0.04983388704318936
437,437,GRCh38_alllowmapandsegdupregions,legacy,956,721,0.5438884331419196,0.9195561719833565,0.5710594315245479,0.7045696068012753
437,437,GRCh38_notinalldifficultregions,corrected,956,710,0.5488410596026491,0.9338028169014084,0.5710594315245479,0.7087119187600213
437,437,GRCh38_notinalldifficultregions,legacy,956,952,0.7150974025974026,0.9254201680672269,0.7588285960378983,0.8338854708944629
437,437,GRCh38_notinalllowmapandsegdupregions,corrected,956,913,0.7013945857260049,0.9364731653888281,0.7364341085271318,0.8244937319189971
437,437,GRCh38_notinalllowmapandsegdupregions,legacy,956,956,0.7183441558441559,0.9257322175732218,0.7622739018087855,0.8360888049126122
437,437,GRCh38_notinsegdups,corrected,956,918,0.7040983606557377,0.9357298474945533,0.739879414298019,0.8263588263588264
437,437,GRCh38_notinsegdups,legacy,956,956,0.7183441558441559,0.9257322175732218,0.7622739018087855,0.8360888049126122
437,437,GRCh38_segdups,corrected,956,38,0.02216538789428815,0.6842105263157895,0.02239448751076658,0.043369474562135114
437,437,GRCh38_segdups,legacy,956,574,0.43625827814569534,0.9181184668989547,0.45391903531438416,0.607492795389049
438,438,GRCh38_alldifficultregions,corrected,1137,294,0.2004950495049505,0.826530612244898,0.20930232558139536,0.33402061855670107
438,438,GRCh38_alldifficultregions,legacy,1137,1037,0.7185301016419078,0.8862102217936355,0.7915590008613265,0.8362147406733395
438,438,GRCh38_alllowmapandsegdupregions,corrected,1137,42,0.028205128205128206,0.7857142857142857,0.028423772609819122,0.054862842892768084
438,438,GRCh38_alllowmapandsegdupregions,legacy,1137,843,0.594272076372315,0.8861209964412812,0.6434108527131783,0.7455089820359282
438,438,GRCh38_notinalldifficultregions,corrected,1137,843,0.6174334140435835,0.9074733096085409,0.6589147286821705,0.7634730538922155
438,438,GRCh38_notinalldifficultregions,legacy,1137,1134,0.7790697674418605,0.8862433862433863,0.8656330749354005,0.8758169934640522
438,438,GRCh38_notinalllowmapandsegdupregions,corrected,1137,1095,0.7611241217798594,0.8904109589041096,0.8397932816537468,0.8643617021276596
438,438,GRCh38_notinalllowmapandsegdupregions,legacy,1137,1137,0.7813953488372093,0.8865435356200527,0.8682170542635659,0.8772845953002611
438,438,GRCh38_notinsegdups,corrected,1137,1102,0.7638347622759158,0.8892921960072595,0.8440999138673557,0.8661069376933274
438,438,GRCh38_notinsegdups,legacy,1137,1137,0.7813953488372093,0.8865435356200527,0.8682170542635659,0.8772845953002611
438,438,GRCh38_segdups,corrected,1137,35,0.023972602739726026,0.8,0.024117140396210164,0.04682274247491639
438,438,GRCh38_segdups,legacy,1137,669,0.48058252427184467,0.8878923766816144,0.5116279069767442,0.6491803278688525
441,441,GRCh38_alldifficultregions,corrected,1104,278,0.1804757998359311,0.7913669064748201,0.18949181739879414,0.30576789437109103
441,441,GRCh38_alldifficultregions,legacy,1104,1007,0.6023651145602366,0.8093346573982125,0.7019810508182601,0.7518450184501845
441,441,GRCh38_alllowmapandsegdupregions,corrected,1104,48,0.02457627118644068,0.6041666666666666,0.024978466838931956,0.04797353184449958
441,441,GRCh38_alllowmapandsegdupregions,legacy,1104,829,0.5018867924528302,0.8021712907117008,0.5727820844099913,0.6683417085427136
441,441,GRCh38_notinalldifficultregions,corrected,1104,826,0.5110266159695818,0.8135593220338984,0.5788113695090439,0.6763965777554102
441,441,GRCh38_notinalldifficultregions,legacy,1104,1100,0.6467589220684632,0.8072727272727273,0.7648578811369509,0.7854931446262715
441,441,GRCh38_notinalllowmapandsegdupregions,corrected,1104,1056,0.6373707533234859,0.8172348484848485,0.7433247200689062,0.778529544429409
441,441,GRCh38_notinalllowmapandsegdupregions,legacy,1104,1104,0.6496722505462491,0.8079710144927537,0.768303186907838,0.7876379690949227
441,441,GRCh38_notinsegdups,corrected,1104,1060,0.6403249630723782,0.8179245283018868,0.7467700258397932,0.7807294011706438
441,441,GRCh38_notinsegdups,legacy,1104,1104,0.6496722505462491,0.8079710144927537,0.768303186907838,0.7876379690949227
441,441,GRCh38_segdups,corrected,1104,44,0.0211864406779661,0.5681818181818182,0.02153316106804479,0.04149377593360996
441,441,GRCh38_segdups,legacy,1104,673,0.40644171779141103,0.787518573551263,0.45650301464254955,0.5779716466739367
442,442,GRCh38_alldifficultregions,corrected,1276,324,0.2082994304312449,0.7901234567901234,0.22049956933677864,0.3447811447811448
442,442,GRCh38_alldifficultregions,legacy,1276,1170,0.6866859623733719,0.8111111111111111,0.8173987941429802,0.8142428142428142
442,442,GRCh38_alllowmapandsegdupregions,corrected,1276,45,0.03076923076923077,0.8,0.031007751937984496,0.059701492537313425
442,442,GRCh38_alllowmapandsegdupregions,legacy,1276,959,0.5762081784386617,0.808133472367049,0.6675279931093885,0.7311320754716981
442,442,GRCh38_notinalldifficultregions,corrected,1276,952,0.5911144578313253,0.8245798319327731,0.6761412575366064,0.743019403691434
442,442,GRCh38_notinalldifficultregions,legacy,1276,1271,0.7421203438395415,0.8151062155782848,0.892334194659776,0.8519736842105262
442,442,GRCh38_notinalllowmapandsegdupregions,corrected,1276,1231,0.7245854361932228,0.8164094232331438,0.8656330749354005,0.8403010033444817
442,442,GRCh38_notinalllowmapandsegdupregions,legacy,1276,1276,0.745702005730659,0.8158307210031348,0.896640826873385,0.8543290931473123
442,442,GRCh38_notinsegdups,corrected,1276,1236,0.7281903388608507,0.8171521035598706,0.8699397071490095,0.8427200667501042
442,442,GRCh38_notinsegdups,legacy,1276,1276,0.745702005730659,0.8158307210031348,0.896640826873385,0.8543290931473123
442,442,GRCh38_segdups,corrected,1276,40,0.026495726495726495,0.775,0.026701119724375538,0.05162364696086595
442,442,GRCh38_segdups,legacy,1276,768,0.47027439024390244,0.8033854166666666,0.5314384151593454,0.6397096941420425
443,443,GRCh38_alldifficultregions,corrected,1104,278,0.1804757998359311,0.7913669064748201,0.18949181739879414,0.30576789437109103
443,443,GRCh38_alldifficultregions,legacy,1104,1007,0.6023651145602366,0.8093346573982125,0.7019810508182601,0.7518450184501845
443,443,GRCh38_alllowmapandsegdupregions,corrected,1104,48,0.02457627118644068,0.6041666666666666,0.024978466838931956,0.04797353184449958
443,443,GRCh38_alllowmapandsegdupregions,legacy,1104,829,0.5018867924528302,0.8021712907117008,0.5727820844099913,0.6683417085427136
443,443,GRCh38_notinalldifficultregions,corrected,1104,826,0.5110266159695818,0.8135593220338984,0.5788113695090439,0.6763965777554102
443,443,GRCh38_notinalldifficultregions,legacy,1104,1100,0.6467589220684632,0.8072727272727273,0.7648578811369509,0.7854931446262715
443,443,GRCh38_notinalllowmapandsegdupregions,corrected,1104,1056,0.6373707533234859,0.8172348484848485,0.7433247200689062,0.778529544429409
443,443,GRCh38_notinalllowmapandsegdupregions,legacy,1104,1104,0.6496722505462491,0.8079710144927537,0.768303186907838,0.7876379690949227
443,443,GRCh38_notinsegdups,corrected,1104,1060,0.6403249630723782,0.8179245283018868,0.7467700258397932,0.7807294011706438
443,443,GRCh38_notinsegdups,legacy,1104,1104,0.6496722505462491,0.8079710144927537,0.768303186907838,0.7876379690949227
443,443,GRCh38_segdups,corrected,1104,44,0.0211864406779661,0.5681818181818182,0.02153316106804479,0.04149377593360996
443,443,GRCh38_segdups,legacy,1104,673,0.40644171779141103,0.787518573551263,0.45650301464254955,0.5779716466739367
444,444,GRCh38_alldifficultregions,corrected,1138,291,0.20198675496688742,0.8384879725085911,0.21016365202411713,0.3360881542699724
444,444,GRCh38_alldifficultregions,legacy,1138,1038,0.7193119624706802,0.8863198458574181,0.7924203273040482,0.8367439745338789
444,444,GRCh38_alllowmapandsegdupregions,corrected,1138,43,0.028181041844577284,0.7674418604651163,0.028423772609819122,0.054817275747508304
444,444,GRCh38_alllowmapandsegdupregions,legacy,1138,849,0.5927099841521395,0.8810365135453475,0.6442721791559001,0.7442786069651741
444,444,GRCh38_notinalldifficultregions,corrected,1138,847,0.6167471819645732,0.9043683589138135,0.6597760551248923,0.7629482071713148
444,444,GRCh38_notinalldifficultregions,legacy,1138,1135,0.7812257564003103,0.8872246696035242,0.8673557278208441,0.877177700348432
444,444,GRCh38_notinalllowmapandsegdupregions,corrected,1138,1095,0.7638780297107115,0.8922374429223744,0.8415159345391904,0.8661347517730495
444,444,GRCh38_notinalllowmapandsegdupregions,legacy,1138,1138,0.7835531419705197,0.8875219683655536,0.8699397071490095,0.8786428882122662
444,444,GRCh38_notinsegdups,corrected,1138,1102,0.7665886026541764,0.8911070780399274,0.8458225667527993,0.8678745028722934
444,444,GRCh38_notinsegdups,legacy,1138,1138,0.7835531419705197,0.8875219683655536,0.8699397071490095,0.8786428882122662
444,444,GRCh38_segdups,corrected,1138,36,0.023952095808383235,0.7777777777777778,0.024117140396210164,0.046783625730994156
444,444,GRCh38_segdups,legacy,1138,676,0.47906602254428343,0.8801775147928994,0.512489233419466,0.6477953184540011
447,447,GRCh38_alldifficultregions,corrected,962,243,0.1848101265822785,0.9012345679012346,0.18863049095607234,0.31196581196581197
447,447,GRCh38_alldifficultregions,legacy,962,886,0.6534733441033925,0.9130925507900677,0.6968130921619293,0.7904250122129947
447,447,GRCh38_alllowmapandsegdupregions,corrected,962,39,0.024765157984628524,0.7435897435897436,0.024978466838931956,0.04833333333333334
447,447,GRCh38_alllowmapandsegdupregions,legacy,962,726,0.5391517128874388,0.9104683195592287,0.5693367786391043,0.7005829358770536
447,447,GRCh38_notinalldifficultregions,corrected,962,719,0.5460526315789473,0.9235048678720446,0.5719207579672696,0.7063829787234043
447,447,GRCh38_notinalldifficultregions,legacy,962,958,0.7088709677419355,0.9175365344467641,0.7571059431524548,0.829636621047664
447,447,GRCh38_notinalllowmapandsegdupregions,corrected,962,923,0.6943089430894309,0.9252437703141928,0.73557278208441,0.81957773512476
447,447,GRCh38_notinalllowmapandsegdupregions,legacy,962,962,0.7120967741935483,0.9178794178794178,0.7605512489233419,0.8318417333961375
447,447,GRCh38_notinsegdups,corrected,962,927,0.697560975609756,0.9255663430420712,0.7390180878552972,0.82183908045977
447,447,GRCh38_notinsegdups,legacy,962,962,0.7120967741935483,0.9178794178794178,0.7605512489233419,0.8318417333961375
447,447,GRCh38_segdups,corrected,962,35,0.02134927412467976,0.7142857142857143,0.02153316106804479,0.04180602006688963
447,447,GRCh38_segdups,legacy,962,579,0.4332784184514003,0.9084628670120898,0.45305770887166236,0.6045977011494253
448,448,GRCh38_alldifficultregions,corrected,1293,331,0.20516962843295639,0.7673716012084593,0.21877691645133507,0.34048257372654156
448,448,GRCh38_alldifficultregions,legacy,1293,1184,0.6761972837741244,0.7989864864864865,0.8148148148148148,0.8068230277185501
448,448,GRCh38_alllowmapandsegdupregions,corrected,1293,48,0.030690537084398978,0.75,0.031007751937984496,0.059553349875930514
448,448,GRCh38_alllowmapandsegdupregions,legacy,1293,968,0.5700589970501475,0.7985537190082644,0.6658053402239449,0.7261625176139033
448,448,GRCh38_notinalldifficultregions,corrected,1293,962,0.585511575802838,0.814968814968815,0.6752799310938846,0.7385774846914744
448,448,GRCh38_notinalldifficultregions,legacy,1293,1289,0.730225988700565,0.8021722265321956,0.8906115417743324,0.8440816326530612
448,448,GRCh38_notinalllowmapandsegdupregions,corrected,1293,1245,0.7136752136752137,0.8048192771084337,0.8630490956072352,0.8329177057356608
448,448,GRCh38_notinalllowmapandsegdupregions,legacy,1293,1293,0.7330508474576272,0.802784222737819,0.8940568475452196,0.8459657701711492
448,448,GRCh38_notinsegdups,corrected,1293,1250,0.7172364672364673,0.8056,0.8673557278208441,0.8353380340107839
448,448,GRCh38_notinsegdups,legacy,1293,1293,0.7330508474576272,0.802784222737819,0.8940568475452196,0.8459657701711492
448,448,GRCh38_segdups,corrected,1293,43,0.026427962489343565,0.7209302325581395,0.026701119724375538,0.05149501661129568
448,448,GRCh38_segdups,legacy,1293,777,0.4637462235649547,0.7902187902187903,0.52885443583118,0.6336429308565532
449,449,GRCh38_alldifficultregions,corrected,962,243,0.1848101265822785,0.9012345679012346,0.18863049095607234,0.31196581196581197
449,449,GRCh38_alldifficultregions,legacy,962,886,0.6534733441033925,0.9130925507900677,0.6968130921619293,0.7904250122129947
449,449,GRCh38_alllowmapandsegdupregions,corrected,962,39,0.024765157984628524,0.7435897435897436,0.024978466838931956,0.04833333333333334
449,449,GRCh38_alllowmapandsegdupregions,legacy,962,726,0.5391517128874388,0.9104683195592287,0.5693367786391043,0.7005829358770536
449,449,GRCh38_notinalldifficultregions,corrected,962,719,0.5460526315789473,0.9235048678720446,0.5719207579672696,0.7063829787234043
449,449,GRCh38_notinalldifficultregions,legacy,962,958,0.7088709677419355,0.9175365344467641,0.7571059431524548,0.829636621047664
449,449,GRCh38_notinalllowmapandsegdupregions,corrected,962,923,0.6943089430894309,0.9252437703141928,0.73557278208441,0.81957773512476
449,449,GRCh38_notinalllowmapandsegdupregions,legacy,962,962,0.7120967741935483,0.9178794178794178,0.7605512489233419,0.8318417333961375
449,449,GRCh38_notinsegdups,corrected,962,927,0.697560975609756,0.9255663430420712,0.7390180878552972,0.82183908045977
449,449,GRCh38_notinsegdups,legacy,962,962,0.7120967741935483,0.9178794178794178,0.7605512489233419,0.8318417333961375
449,449,GRCh38_segdups,corrected,962,35,0.02134927412467976,0.7142857142857143,0.02153316106804479,0.04180602006688963
449,449,GRCh38_segdups,legacy,962,579,0.4332784184514003,0.9084628670120898,0.45305770887166236,0.6045977011494253
450,450,GRCh38_alldifficultregions,corrected,1139,287,0.20066334991708126,0.8432055749128919,0.20844099913867356,0.3342541436464088
450,450,GRCh38_alldifficultregions,legacy,1139,1039,0.7200938232994527,0.8864292589027911,0.7932816537467701,0.8372727272727272
450,450,GRCh38_alllowmapandsegdupregions,corrected,1139,44,0.028156996587030716,0.75,0.028423772609819122,0.054771784232365145
450,450,GRCh38_alllowmapandsegdupregions,legacy,1139,847,0.5949166004765687,0.8842975206611571,0.6451335055986219,0.7460159362549802
450,450,GRCh38_notinalldifficultregions,corrected,1139,852,0.6194690265486725,0.903755868544601,0.6632213608957795,0.7650273224043717
450,450,GRCh38_notinalldifficultregions,legacy,1139,1136,0.7833850931677019,0.8882042253521126,0.8690783807062877,0.8785372224640836
450,450,GRCh38_notinalllowmapandsegdupregions,corrected,1139,1095,0.7666405638214565,0.8940639269406393,0.843238587424634,0.8679078014184398
450,450,GRCh38_notinalllowmapandsegdupregions,legacy,1139,1139,0.7857142857142857,0.8884986830553117,0.8716623600344531,0.88
450,450,GRCh38_notinsegdups,corrected,1139,1102,0.7693510555121188,0.8929219600725953,0.8475452196382429,0.8696420680512593
450,450,GRCh38_notinsegdups,legacy,1139,1139,0.7857142857142857,0.8884986830553117,0.8716623600344531,0.88
450,450,GRCh38_segdups,corrected,1139,37,0.023931623931623933,0.7567567567567568,0.024117140396210164,0.04674457429048414
450,450,GRCh38_segdups,legacy,1139,675,0.4806451612903226,0.882962962962963,0.5133505598621878,0.6492374727668845
453,453,GRCh38_alldifficultregions,corrected,1023,262,0.18386023294509152,0.8435114503816794,0.19035314384151594,0.3106113843991567
453,453,GRCh38_alldifficultregions,legacy,1023,943,0.6272235112142305,0.8600212089077413,0.6985357450473729,0.770912547528517
453,453,GRCh38_alllowmapandsegdupregions,corrected,1023,46,0.02461799660441426,0.6304347826086957,0.024978466838931956,0.04805302402651201
453,453,GRCh38_alllowmapandsegdupregions,legacy,1023,770,0.5204724409448819,0.8584415584415584,0.5693367786391043,0.6846193682030036
453,453,GRCh38_notinalldifficultregions,corrected,1023,761,0.5278219395866455,0.8725361366622865,0.5719207579672696,0.6909469302809574
453,453,GRCh38_notinalldifficultregions,legacy,1023,1019,0.6782140107775212,0.8645731108930323,0.7588285960378983,0.8082568807339449
453,453,GRCh38_notinalllowmapandsegdupregions,corrected,1023,977,0.6677067082683308,0.8761514841351075,0.7372954349698536,0.8007483629560336
453,453,GRCh38_notinalllowmapandsegdupregions,legacy,1023,1023,0.6812933025404158,0.8651026392961877,0.7622739018087855,0.8104395604395604
453,453,GRCh38_notinsegdups,corrected,1023,982,0.6703039750584567,0.8757637474541752,0.7407407407407407,0.8026131591227251
453,453,GRCh38_notinsegdups,legacy,1023,1023,0.6812933025404158,0.8651026392961877,0.7622739018087855,0.8104395604395604
453,453,GRCh38_segdups,corrected,1023,41,0.021240441801189464,0.6097560975609756,0.02153316106804479,0.04159733777038269
453,453,GRCh38_segdups,legacy,1023,617,0.41899441340782123,0.8508914100486223,0.45219638242894056,0.5905511811023623
454,454,GRCh38_alldifficultregions,corrected,1237,319,0.20816326530612245,0.799373040752351,0.21963824289405684,0.34459459459459457
454,454,GRCh38_alldifficultregions,legacy,1237,1128,0.7043931496649293,0.8386524822695035,0.8148148148148148,0.8265618173875054
454,454,GRCh38_alllowmapandsegdupregions,corrected,1237,44,0.030795551753635585,0.8181818181818182,0.031007751937984496,0.05975103734439835
454,454,GRCh38_alllowmapandsegdupregions,legacy,1237,919,0.5902140672782875,0.8400435255712732,0.664944013781223,0.7423076923076923
454,454,GRCh38_notinalldifficultregions,corrected,1237,918,0.6041666666666666,0.8529411764705882,0.6744186046511628,0.7532467532467532
454,454,GRCh38_notinalldifficultregions,legacy,1237,1232,0.7595588235294117,0.838474025974026,0.8897502153316107,0.8633514417049728
454,454,GRCh38_notinalllowmapandsegdupregions,corrected,1237,1193,0.7411242603550295,0.8398994132439229,0.8630490956072352,0.8513169073916736
454,454,GRCh38_notinalllowmapandsegdupregions,legacy,1237,1237,0.763235294117647,0.8391269199676638,0.8940568475452196,0.865721434528774
454,454,GRCh38_notinsegdups,corrected,1237,1198,0.7448224852071006,0.840567612687813,0.8673557278208441,0.8537515896566342
454,454,GRCh38_notinsegdups,legacy,1237,1237,0.763235294117647,0.8391269199676638,0.8940568475452196,0.865721434528774
454,454,GRCh38_segdups,corrected,1237,39,0.026518391787852865,0.7948717948717948,0.026701119724375538,0.05166666666666667
454,454,GRCh38_segdups,legacy,1237,738,0.4778210116731518,0.8319783197831978,0.52885443583118,0.6466561348077935
455,455,GRCh38_alldifficultregions,corrected,1023,262,0.18386023294509152,0.8435114503816794,0.19035314384151594,0.3106113843991567
455,455,GRCh38_alldifficultregions,legacy,1023,943,0.6272235112142305,0.8600212089077413,0.6985357450473729,0.770912547528517
455,455,GRCh38_alllowmapandsegdupregions,corrected,1023,46,0.02461799660441426,0.6304347826086957,0.024978466838931956,0.04805302402651201
455,455,GRCh38_alllowmapandsegdupregions,legacy,1023,770,0.5204724409448819,0.8584415584415584,0.5693367786391043,0.6846193682030036
455,455,GRCh38_notinalldifficultregions,corrected,1023,761,0.5278219395866455,0.8725361366622865,0.5719207579672696,0.6909469302809574
455,455,GRCh38_notinalldifficultregions,legacy,1023,1019,0.6782140107775212,0.8645731108930323,0.7588285960378983,0.8082568807339449
455,455,GRCh38_notinalllowmapandsegdupregions,corrected,1023,977,0.6677067082683308,0.8761514841351075,0.7372954349698536,0.8007483629560336
455,455,GRCh38_notinalllowmapandsegdupregions,legacy,1023,1023,0.6812933025404158,0.8651026392961877,0.7622739018087855,0.8104395604395604
455,455,GRCh38_notinsegdups,corrected,1023,982,0.6703039750584567,0.8757637474541752,0.7407407407407407,0.8026131591227251
455,455,GRCh38_notinsegdups,legacy,1023,1023,0.6812933025404158,0.8651026392961877,0.7622739018087855,0.8104395604395604
455,455,GRCh38_segdups,corrected,1023,41,0.021240441801189464,0.6097560975609756,0.02153316106804479,0.04159733777038269
455,455,GRCh38_segdups,legacy,1023,617,0.41899441340782123,0.8508914100486223,0.45219638242894056,0.5905511811023623
456,456,GRCh38_alldifficultregions,corrected,1131,295,0.20032976092333057,0.823728813559322,0.20930232558139536,0.3337912087912088
456,456,GRCh38_alldifficultregions,legacy,1131,1032,0.72,0.8895348837209303,0.7906976744186046,0.8372093023255814
456,456,GRCh38_alllowmapandsegdupregions,corrected,1131,42,0.028205128205128206,0.7857142857142857,0.028423772609819122,0.054862842892768084
456,456,GRCh38_alllowmapandsegdupregions,legacy,1131,843,0.5930047694753577,0.8849347568208779,0.6425495262704565,0.7445109780439122
456,456,GRCh38_notinalldifficultregions,corrected,1131,836,0.6183144246353323,0.9126794258373205,0.657192075796727,0.7641462193289934
456,456,GRCh38_notinalldifficultregions,legacy,1131,1128,0.7799377916018663,0.8891843971631206,0.8639104220499569,0.8763652249890782
456,456,GRCh38_notinalllowmapandsegdupregions,corrected,1131,1089,0.7619420516836335,0.8934802571166207,0.8380706287683032,0.8648888888888888
456,456,GRCh38_notinalllowmapandsegdupregions,legacy,1131,1131,0.7822706065318819,0.8894783377541998,0.8664944013781223,0.8778359511343804
456,456,GRCh38_notinsegdups,corrected,1131,1096,0.764659890539484,0.8923357664233577,0.8423772609819121,0.8666371289322109
456,456,GRCh38_notinsegdups,legacy,1131,1131,0.7822706065318819,0.8894783377541998,0.8664944013781223,0.8778359511343804
456,456,GRCh38_segdups,corrected,1131,35,0.023972602739726026,0.8,0.024117140396210164,0.04682274247491639
456,456,GRCh38_segdups,legacy,1131,669,0.4793856103476152,0.8863976083707026,0.5107665805340224,0.6480874316939891
459,459,GRCh38_alldifficultregions,corrected,967,222,0.1760204081632653,0.9324324324324325,0.17829457364341086,0.2993492407809111
459,459,GRCh38_alldifficultregions,legacy,967,882,0.6436041834271923,0.9070294784580499,0.6890611541774333,0.7831620166421929
459,459,GRCh38_alllowmapandsegdupregions,corrected,967,19,0.012006861063464836,0.7368421052631579,0.012058570198105082,0.023728813559322038
459,459,GRCh38_alllowmapandsegdupregions,legacy,967,719,0.5296989422294548,0.9054242002781642,0.5607235142118863,0.6925531914893616
459,459,GRCh38_notinalldifficultregions,corrected,967,745,0.5408245755860954,0.897986577181208,0.5762273901808785,0.7019937040923399
459,459,GRCh38_notinalldifficultregions,legacy,967,963,0.6964856230031949,0.9055036344755971,0.7510766580534023,0.8210922787193974
459,459,GRCh38_notinalllowmapandsegdupregions,corrected,967,948,0.6912590216519647,0.9092827004219409,0.7424633936261843,0.8174490279753438
459,459,GRCh38_notinalllowmapandsegdupregions,legacy,967,967,0.6996805111821086,0.905894519131334,0.7545219638242894,0.8233082706766917
459,459,GRCh38_notinsegdups,corrected,967,951,0.6896,0.9064143007360673,0.7424633936261843,0.8162878787878788
459,459,GRCh38_notinsegdups,legacy,967,967,0.6996805111821086,0.905894519131334,0.7545219638242894,0.8233082706766917
459,459,GRCh38_segdups,corrected,967,16,0.012037833190025795,0.875,0.012058570198105082,0.0237892948173322
459,459,GRCh38_segdups,legacy,967,575,0.4276315789473684,0.9043478260869565,0.4478897502153316,0.5990783410138248
460,460,GRCh38_alldifficultregions,corrected,1082,257,0.1946082561078349,0.8988326848249028,0.19896640826873385,0.3258110014104373
460,460,GRCh38_alldifficultregions,legacy,1082,986,0.7455284552845528,0.9300202839756593,0.7898363479758829,0.8542151839776432
460,460,GRCh38_alllowmapandsegdupregions,corrected,1082,17,0.012027491408934709,0.8235294117647058,0.012058570198105082,0.023769100169779286
460,460,GRCh38_alllowmapandsegdupregions,legacy,1082,799,0.6118421052631579,0.9311639549436797,0.6408268733850129,0.7591836734693878
460,460,GRCh38_notinalldifficultregions,corrected,1082,825,0.6413223140495867,0.9406060606060606,0.6683893195521102,0.7814702920443101
460,460,GRCh38_notinalldifficultregions,legacy,1082,1079,0.8122977346278317,0.9304911955514366,0.8647717484926787,0.8964285714285714
460,460,GRCh38_notinalllowmapandsegdupregions,corrected,1082,1065,0.805352798053528,0.9323943661971831,0.8552971576227391,0.8921832884097034
460,460,GRCh38_notinalllowmapandsegdupregions,legacy,1082,1082,0.8147249190938511,0.9306839186691312,0.8673557278208441,0.8979045920641997
460,460,GRCh38_notinsegdups,corrected,1082,1065,0.805352798053528,0.9323943661971831,0.8552971576227391,0.8921832884097034
460,460,GRCh38_notinsegdups,legacy,1082,1082,0.8147249190938511,0.9306839186691312,0.8673557278208441,0.8979045920641997
460,460,GRCh38_segdups,corrected,1082,17,0.012027491408934709,0.8235294117647058,0.012058570198105082,0.023769100169779286
460,460,GRCh38_segdups,legacy,1082,638,0.4904722452361226,0.9278996865203761,0.5099052540913006,0.6581434130072261
461,461,GRCh38_alldifficultregions,corrected,967,222,0.1760204081632653,0.9324324324324325,0.17829457364341086,0.2993492407809111
461,461,GRCh38_alldifficultregions,legacy,967,882,0.6436041834271923,0.9070294784580499,0.6890611541774333,0.7831620166421929
461,461,GRCh38_alllowmapandsegdupregions,corrected,967,19,0.012006861063464836,0.7368421052631579,0.012058570198105082,0.023728813559322038
461,461,GRCh38_alllowmapandsegdupregions,legacy,967,719,0.5296989422294548,0.9054242002781642,0.5607235142118863,0.6925531914893616
461,461,GRCh38_notinalldifficultregions,corrected,967,745,0.5408245755860954,0.897986577181208,0.5762273901808785,0.7019937040923399
461,461,GRCh38_notinalldifficultregions,legacy,967,963,0.6964856230031949,0.9055036344755971,0.7510766580534023,0.8210922787193974
461,461,GRCh38_notinalllowmapandsegdupregions,corrected,967,948,0.6912590216519647,0.9092827004219409,0.7424633936261843,0.8174490279753438
461,461,GRCh38_notinalllowmapandsegdupregions,legacy,967,967,0.6996805111821086,0.905894519131334,0.7545219638242894,0.8233082706766917
461,461,GRCh38_notinsegdups,corrected,967,951,0.6896,0.9064143007360673,0.7424633936261843,0.8162878787878788
461,461,GRCh38_notinsegdups,legacy,967,967,0.6996805111821086,0.905894519131334,0.7545219638242894,0.8233082706766917
461,461,GRCh38_segdups,corrected,967,16,0.012037833190025795,0.875,0.012058570198105082,0.0237892948173322
461,461,GRCh38_segdups,legacy,967,575,0.4276315789473684,0.9043478260869565,0.4478897502153316,0.5990783410138248
462,462,GRCh38_alldifficultregions,corrected,1071,254,0.18410041841004185,0.8661417322834646,0.18949181739879414,0.3109540636042403
462,462,GRCh38_alldifficultregions,legacy,1071,975,0.7198067632850241,0.916923076923077,0.7700258397932817,0.8370786516853933
462,462,GRCh38_alllowmapandsegdupregions,corrected,1071,17,0.009425878320479864,0.6470588235294118,0.009474590869939707,0.01867572156196944
462,462,GRCh38_alllowmapandsegdupregions,legacy,1071,788,0.5897226753670473,0.9175126903553299,0.6227390180878553,0.7419189327860441
462,462,GRCh38_notinalldifficultregions,corrected,1071,817,0.6279835390946502,0.9339045287637698,0.657192075796727,0.7714863498483316
462,462,GRCh38_notinalldifficultregions,legacy,1071,1068,0.7846277021617294,0.9176029962546817,0.8440999138673557,0.879318079856438
462,462,GRCh38_notinalllowmapandsegdupregions,corrected,1071,1054,0.7819790828640386,0.9222011385199241,0.8372093023255814,0.8776523702031603
462,462,GRCh38_notinalllowmapandsegdupregions,legacy,1071,1071,0.7870296236989591,0.9178338001867413,0.8466838931955211,0.8808243727598567
462,462,GRCh38_notinsegdups,corrected,1071,1056,0.7807228915662651,0.9204545454545454,0.8372093023255814,0.8768606224627874
462,462,GRCh38_notinsegdups,legacy,1071,1071,0.7870296236989591,0.9178338001867413,0.8466838931955211,0.8808243727598567
462,462,GRCh38_segdups,corrected,1071,15,0.00944206008583691,0.7333333333333333,0.009474590869939707,0.01870748299319728
462,462,GRCh38_segdups,legacy,1071,625,0.47603305785123967,0.9216,0.49612403100775193,0.64501679731243
465,465,GRCh38_alldifficultregions,corrected,968,222,0.15829145728643215,0.8513513513513513,0.16279069767441862,0.27331887201735355
465,465,GRCh38_alldifficultregions,legacy,968,883,0.573518090839107,0.8437146092865232,0.6416881998277347,0.7289628180039139
465,465,GRCh38_alllowmapandsegdupregions,corrected,968,14,0.008583690987124463,0.7142857142857143,0.008613264427217916,0.01702127659574468
465,465,GRCh38_alllowmapandsegdupregions,legacy,968,715,0.4748427672955975,0.8447552447552448,0.5202411714039621,0.6439232409381663
465,465,GRCh38_notinalldifficultregions,corrected,968,746,0.4921752738654147,0.8431635388739946,0.5417743324720069,0.659674882013634
465,465,GRCh38_notinalldifficultregions,legacy,968,963,0.6213740458015267,0.8452751817237798,0.7011197243755384,0.7664783427495293
465,465,GRCh38_notinalllowmapandsegdupregions,corrected,968,954,0.6182096403978576,0.8469601677148847,0.6959517657192076,0.7640661938534278
465,465,GRCh38_notinalllowmapandsegdupregions,legacy,968,968,0.623951182303585,0.8450413223140496,0.7045650301464255,0.7684358853922029
465,465,GRCh38_notinsegdups,corrected,968,956,0.6172650878533231,0.8451882845188284,0.6959517657192076,0.7633443552196506
465,465,GRCh38_notinsegdups,legacy,968,968,0.623951182303585,0.8450413223140496,0.7045650301464255,0.7684358853922029
465,465,GRCh38_segdups,corrected,968,12,0.008598452278589854,0.8333333333333334,0.008613264427217916,0.017050298380221655
465,465,GRCh38_segdups,legacy,968,573,0.383878691141261,0.8394415357766143,0.4142980189491817,0.5547866205305652
466,466,GRCh38_alldifficultregions,corrected,1094,259,0.1912751677852349,0.8803088803088803,0.19638242894056848,0.3211267605633803
466,466,GRCh38_alldifficultregions,legacy,1094,996,0.7256,0.9106425702811245,0.781223083548665,0.840982846546129
466,466,GRCh38_alllowmapandsegdupregions,corrected,1094,15,0.01117798796216681,0.8666666666666667,0.01119724375538329,0.022108843537414963
466,466,GRCh38_alllowmapandsegdupregions,legacy,1094,806,0.5952960259529603,0.9106699751861043,0.632213608957795,0.7463141840366039
466,466,GRCh38_notinalldifficultregions,corrected,1094,835,0.6280587275693311,0.9221556886227545,0.6632213608957795,0.7715430861723447
466,466,GRCh38_notinalldifficultregions,legacy,1094,1091,0.7915672235481305,0.9120073327222732,0.8570198105081827,0.8836589698046182
466,466,GRCh38_notinalllowmapandsegdupregions,corrected,1094,1079,0.7848605577689243,0.9128822984244671,0.8484065460809647,0.8794642857142857
466,466,GRCh38_notinalllowmapandsegdupregions,legacy,1094,1094,0.7939538583929993,0.9122486288848263,0.859603789836348,0.8851441241685145
466,466,GRCh38_notinsegdups,corrected,1094,1079,0.7848605577689243,0.9128822984244671,0.8484065460809647,0.8794642857142857
466,466,GRCh38_notinsegdups,legacy,1094,1094,0.7939538583929993,0.9122486288848263,0.859603789836348,0.8851441241685145
466,466,GRCh38_segdups,corrected,1094,15,0.01117798796216681,0.8666666666666667,0.01119724375538329,0.022108843537414963
466,466,GRCh38_segdups,legacy,1094,650,0.4795751633986928,0.9030769230769231,0.5055986218776917,0.6482606294864716
467,467,GRCh38_alldifficultregions,corrected,968,222,0.15829145728643215,0.8513513513513513,0.16279069767441862,0.27331887201735355
467,467,GRCh38_alldifficultregions,legacy,968,883,0.573518090839107,0.8437146092865232,0.6416881998277347,0.7289628180039139
467,467,GRCh38_alllowmapandsegdupregions,corrected,968,14,0.008583690987124463,0.7142857142857143,0.008613264427217916,0.01702127659574468
467,467,GRCh38_alllowmapandsegdupregions,legacy,968,715,0.4748427672955975,0.8447552447552448,0.5202411714039621,0.6439232409381663
467,467,GRCh38_notinalldifficultregions,corrected,968,746,0.4921752738654147,0.8431635388739946,0.5417743324720069,0.659674882013634
467,467,GRCh38_notinalldifficultregions,legacy,968,963,0.6213740458015267,0.8452751817237798,0.7011197243755384,0.7664783427495293
467,467,GRCh38_notinalllowmapandsegdupregions,corrected,968,954,0.6182096403978576,0.8469601677148847,0.6959517657192076,0.7640661938534278
467,467,GRCh38_notinalllowmapandsegdupregions,legacy,968,968,0.623951182303585,0.8450413223140496,0.7045650301464255,0.7684358853922029
467,467,GRCh38_notinsegdups,corrected,968,956,0.6172650878533231,0.8451882845188284,0.6959517657192076,0.7633443552196506
467,467,GRCh38_notinsegdups,legacy,968,968,0.623951182303585,0.8450413223140496,0.7045650301464255,0.7684358853922029
467,467,GRCh38_segdups,corrected,968,12,0.008598452278589854,0.8333333333333334,0.008613264427217916,0.017050298380221655
467,467,GRCh38_segdups,legacy,968,573,0.383878691141261,0.8394415357766143,0.4142980189491817,0.5547866205305652
468,468,GRCh38_alldifficultregions,corrected,1084,252,0.18045112781954886,0.8571428571428571,0.18604651162790697,0.3057324840764331
468,468,GRCh38_alldifficultregions,legacy,1084,990,0.7017405063291139,0.895959595959596,0.7639965546942291,0.8247326824732681
468,468,GRCh38_alllowmapandsegdupregions,corrected,1084,15,0.008576329331046312,0.6666666666666666,0.008613264427217916,0.017006802721088437
468,468,GRCh38_alllowmapandsegdupregions,legacy,1084,804,0.5732586068855084,0.8905472636815921,0.6167097329888027,0.7287531806615776
468,468,GRCh38_notinalldifficultregions,corrected,1084,832,0.6124595469255664,0.9098557692307693,0.6520241171403962,0.7596588058203713
468,468,GRCh38_notinalldifficultregions,legacy,1084,1081,0.7625786163522013,0.8973172987974098,0.8354866494401378,0.8652988403211419
468,468,GRCh38_notinalllowmapandsegdupregions,corrected,1084,1069,0.7600631412786109,0.9008419083255379,0.8294573643410853,0.8636771300448431
468,468,GRCh38_notinalllowmapandsegdupregions,legacy,1084,1084,0.764937106918239,0.8976014760147601,0.8380706287683032,0.8668151447661471
468,468,GRCh38_notinsegdups,corrected,1084,1070,0.7594637223974764,0.9,0.8294573643410853,0.863290004482295
468,468,GRCh38_notinsegdups,legacy,1084,1084,0.764937106918239,0.8976014760147601,0.8380706287683032,0.8668151447661471
468,468,GRCh38_segdups,corrected,1084,14,0.008583690987124463,0.7142857142857143,0.008613264427217916,0.01702127659574468
468,468,GRCh38_segdups,legacy,1084,639,0.4634146341463415,0.892018779342723,0.4909560723514212,0.6333333333333333
471,471,GRCh38_alldifficultregions,corrected,916,222,0.17203389830508475,0.9144144144144144,0.1748492678725237,0.2935647143890094
471,471,GRCh38_alldifficultregions,legacy,916,839,0.6460905349794238,0.9356376638855781,0.6761412575366064,0.785
471,471,GRCh38_alllowmapandsegdupregions,corrected,916,15,0.010309278350515464,0.8,0.0103359173126615,0.020408163265306124
471,471,GRCh38_alllowmapandsegdupregions,legacy,916,680,0.5290697674418605,0.9367647058823529,0.5486649440137812,0.6920152091254752
471,471,GRCh38_notinalldifficultregions,corrected,916,694,0.5471226021684737,0.9452449567723343,0.5650301464254953,0.7072776280323452
471,471,GRCh38_notinalldifficultregions,legacy,916,912,0.7019704433497537,0.9375,0.7364341085271318,0.8248914616497829
471,471,GRCh38_notinalllowmapandsegdupregions,corrected,916,901,0.697119341563786,0.9400665926748057,0.7295434969853575,0.8215324927255092
471,471,GRCh38_notinalllowmapandsegdupregions,legacy,916,916,0.7052545155993432,0.9377729257641921,0.739879414298019,0.8271545498314878
471,471,GRCh38_notinsegdups,corrected,916,903,0.6959737058340181,0.937984496124031,0.7295434969853575,0.8207364341085271
471,471,GRCh38_notinsegdups,legacy,916,916,0.7052545155993432,0.9377729257641921,0.739879414298019,0.8271545498314878
471,471,GRCh38_segdups,corrected,916,13,0.010327022375215147,0.9230769230769231,0.0103359173126615,0.020442930153321978
471,471,GRCh38_segdups,legacy,916,539,0.42737195633921077,0.9443413729128015,0.4384151593453919,0.5988235294117646
472,472,GRCh38_alldifficultregions,corrected,1117,267,0.19298245614035087,0.8651685393258427,0.19896640826873385,0.3235294117647059
472,472,GRCh38_alldifficultregions,legacy,1117,1018,0.7307386814932486,0.9037328094302554,0.7924203273040482,0.8444240477283156
472,472,GRCh38_alllowmapandsegdupregions,corrected,1117,18,0.01201716738197425,0.7777777777777778,0.012058570198105082,0.02374893977947413
472,472,GRCh38_alllowmapandsegdupregions,legacy,1117,827,0.6019339242546333,0.9032648125755743,0.6434108527131783,0.7515090543259557
472,472,GRCh38_notinalldifficultregions,corrected,1117,850,0.6323051948051948,0.9164705882352941,0.6709732988802756,0.7747389358528095
472,472,GRCh38_notinalldifficultregions,legacy,1117,1114,0.7941640378548895,0.9039497307001796,0.8673557278208441,0.8852747252747254
472,472,GRCh38_notinalllowmapandsegdupregions,corrected,1117,1099,0.7879746835443038,0.9062784349408554,0.8578811369509044,0.8814159292035398
472,472,GRCh38_notinalllowmapandsegdupregions,legacy,1117,1117,0.7965299684542587,0.9042076991942704,0.8699397071490095,0.8867427568042142
472,472,GRCh38_notinsegdups,corrected,1117,1099,0.7879746835443038,0.9062784349408554,0.8578811369509044,0.8814159292035398
472,472,GRCh38_notinsegdups,legacy,1117,1117,0.7965299684542587,0.9042076991942704,0.8699397071490095,0.8867427568042142
472,472,GRCh38_segdups,corrected,1117,18,0.01201716738197425,0.7777777777777778,0.012058570198105082,0.02374893977947413
472,472,GRCh38_segdups,legacy,1117,663,0.48413344182262,0.8974358974358975,0.512489233419466,0.6524122807017544
473,473,GRCh38_alldifficultregions,corrected,916,222,0.17203389830508475,0.9144144144144144,0.1748492678725237,0.2935647143890094
473,473,GRCh38_alldifficultregions,legacy,916,839,0.6460905349794238,0.9356376638855781,0.6761412575366064,0.785
473,473,GRCh38_alllowmapandsegdupregions,corrected,916,15,0.010309278350515464,0.8,0.0103359173126615,0.020408163265306124
473,473,GRCh38_alllowmapandsegdupregions,legacy,916,680,0.5290697674418605,0.9367647058823529,0.5486649440137812,0.6920152091254752
473,473,GRCh38_notinalldifficultregions,corrected,916,694,0.5471226021684737,0.9452449567723343,0.5650301464254953,0.7072776280323452
473,473,GRCh38_notinalldifficultregions,legacy,916,912,0.7019704433497537,0.9375,0.7364341085271318,0.8248914616497829
473,473,GRCh38_notinalllowmapandsegdupregions,corrected,916,901,0.697119341563786,0.9400665926748057,0.7295434969853575,0.8215324927255092
473,473,GRCh38_notinalllowmapandsegdupregions,legacy,916,916,0.7052545155993432,0.9377729257641921,0.739879414298019,0.8271545498314878
473,473,GRCh38_notinsegdups,corrected,916,903,0.6959737058340181,0.937984496124031,0.7295434969853575,0.8207364341085271
473,473,GRCh38_notinsegdups,legacy,916,916,0.7052545155993432,0.9377729257641921,0.739879414298019,0.8271545498314878
473,473,GRCh38_segdups,corrected,916,13,0.010327022375215147,0.9230769230769231,0.0103359173126615,0.020442930153321978
473,473,GRCh38_segdups,legacy,916,539,0.42737195633921077,0.9443413729128015,0.4384151593453919,0.5988235294117646
474,474,GRCh38_alldifficultregions,corrected,1078,249,0.18387909319899245,0.8795180722891566,0.18863049095607234,0.3106382978723404
474,474,GRCh38_alldifficultregions,legacy,1078,980,0.7155448717948718,0.9112244897959184,0.7691645133505599,0.8341896310135452
474,474,GRCh38_alllowmapandsegdupregions,corrected,1078,17,0.009425878320479864,0.6470588235294118,0.009474590869939707,0.01867572156196944
474,474,GRCh38_alllowmapandsegdupregions,legacy,1078,793,0.5834683954619124,0.9079445145018915,0.6201550387596899,0.7369498464687819
474,474,GRCh38_notinalldifficultregions,corrected,1078,829,0.6218418907905461,0.9203860072376358,0.657192075796727,0.7668341708542713
474,474,GRCh38_notinalldifficultregions,legacy,1078,1075,0.7788385043754972,0.9106976744186046,0.843238587424634,0.8756708407871199
474,474,GRCh38_notinalllowmapandsegdupregions,corrected,1078,1061,0.7761790567545963,0.9151743638077285,0.8363479758828596,0.873987398739874
474,474,GRCh38_notinalllowmapandsegdupregions,legacy,1078,1078,0.781225139220366,0.9109461966604824,0.8458225667527993,0.8771773112996875
474,474,GRCh38_notinsegdups,corrected,1078,1063,0.7749401436552275,0.9134524929444967,0.8363479758828596,0.8732014388489209
474,474,GRCh38_notinsegdups,legacy,1078,1078,0.781225139220366,0.9109461966604824,0.8458225667527993,0.8771773112996875
474,474,GRCh38_segdups,corrected,1078,15,0.00944206008583691,0.7333333333333333,0.009474590869939707,0.01870748299319728
474,474,GRCh38_segdups,legacy,1078,629,0.47082990961380444,0.9109697933227345,0.4935400516795866,0.6402234636871509
477,477,GRCh38_alldifficultregions,corrected,895,203,0.1598639455782313,0.9261083743842364,0.16192937123169682,0.2756598240469208
477,477,GRCh38_alldifficultregions,legacy,895,815,0.598705501618123,0.9079754601226994,0.6373815676141258,0.7489878542510122
477,477,GRCh38_alllowmapandsegdupregions,corrected,895,14,0.007718696397941681,0.6428571428571429,0.007751937984496124,0.015319148936170214
477,477,GRCh38_alllowmapandsegdupregions,legacy,895,659,0.4918032786885246,0.9104704097116844,0.5167958656330749,0.6593406593406592
477,477,GRCh38_notinalldifficultregions,corrected,895,692,0.508957654723127,0.903179190751445,0.5383290267011197,0.6745817593092283
477,477,GRCh38_notinalldifficultregions,legacy,895,891,0.6508447304907482,0.9079685746352413,0.6968130921619293,0.7884990253411306
477,477,GRCh38_notinalllowmapandsegdupregions,corrected,895,881,0.6494345718901454,0.9125993189557321,0.6925064599483204,0.7874632713026445
477,477,GRCh38_notinalllowmapandsegdupregions,legacy,895,895,0.6540627514078842,0.9083798882681564,0.7002583979328165,0.7908560311284046
477,477,GRCh38_notinsegdups,corrected,895,883,0.6483870967741936,0.9105322763306908,0.6925064599483204,0.7866927592954989
477,477,GRCh38_notinsegdups,legacy,895,895,0.6540627514078842,0.9083798882681564,0.7002583979328165,0.7908560311284046
477,477,GRCh38_segdups,corrected,895,12,0.007731958762886598,0.75,0.007751937984496124,0.015345268542199487
477,477,GRCh38_segdups,legacy,895,522,0.39436619718309857,0.9118773946360154,0.4099913867355728,0.5656565656565657
478,478,GRCh38_alldifficultregions,corrected,1075,256,0.1907563025210084,0.88671875,0.19552110249784668,0.3203952011291461
478,478,GRCh38_alldifficultregions,legacy,1075,978,0.733387358184765,0.9253578732106339,0.7795004306632214,0.8461898083216457
478,478,GRCh38_alllowmapandsegdupregions,corrected,1075,14,0.010318142734307825,0.8571428571428571,0.0103359173126615,0.02042553191489362
478,478,GRCh38_alllowmapandsegdupregions,legacy,1075,791,0.6,0.9254108723135271,0.6304909560723514,0.75
478,478,GRCh38_notinalldifficultregions,corrected,1075,819,0.6350123864574732,0.938949938949939,0.6623600344530577,0.7767676767676768
478,478,GRCh38_notinalldifficultregions,legacy,1075,1072,0.8008064516129032,0.9263059701492538,0.8552971576227391,0.8893864755933722
478,478,GRCh38_notinalllowmapandsegdupregions,corrected,1075,1061,0.7948303715670436,0.9274269557021678,0.8475452196382429,0.8856885688568858
478,478,GRCh38_notinalllowmapandsegdupregions,legacy,1075,1075,0.8032258064516129,0.9265116279069767,0.8578811369509044,0.89087656529517
478,478,GRCh38_notinsegdups,corrected,1075,1061,0.7948303715670436,0.9274269557021678,0.8475452196382429,0.8856885688568858
478,478,GRCh38_notinsegdups,legacy,1075,1075,0.8032258064516129,0.9265116279069767,0.8578811369509044,0.89087656529517
478,478,GRCh38_segdups,corrected,1075,14,0.010318142734307825,0.8571428571428571,0.0103359173126615,0.02042553191489362
478,478,GRCh38_segdups,legacy,1075,633,0.48142031379025596,0.9210110584518167,0.5021533161068045,0.6499442586399108
479,479,GRCh38_alldifficultregions,corrected,895,203,0.1598639455782313,0.9261083743842364,0.16192937123169682,0.2756598240469208
479,479,GRCh38_alldifficultregions,legacy,895,815,0.598705501618123,0.9079754601226994,0.6373815676141258,0.7489878542510122
479,479,GRCh38_alllowmapandsegdupregions,corrected,895,14,0.007718696397941681,0.6428571428571429,0.007751937984496124,0.015319148936170214
479,479,GRCh38_alllowmapandsegdupregions,legacy,895,659,0.4918032786885246,0.9104704097116844,0.5167958656330749,0.6593406593406592
479,479,GRCh38_notinalldifficultregions,corrected,895,692,0.508957654723127,0.903179190751445,0.5383290267011197,0.6745817593092283
479,479,GRCh38_notinalldifficultregions,legacy,895,891,0.6508447304907482,0.9079685746352413,0.6968130921619293,0.7884990253411306
479,479,GRCh38_notinalllowmapandsegdupregions,corrected,895,881,0.6494345718901454,0.9125993189557321,0.6925064599483204,0.7874632713026445
479,479,GRCh38_notinalllowmapandsegdupregions,legacy,895,895,0.6540627514078842,0.9083798882681564,0.7002583979328165,0.7908560311284046
479,479,GRCh38_notinsegdups,corrected,895,883,0.6483870967741936,0.9105322763306908,0.6925064599483204,0.7866927592954989
479,479,GRCh38_notinsegdups,legacy,895,895,0.6540627514078842,0.9083798882681564,0.7002583979328165,0.7908560311284046
479,479,GRCh38_segdups,corrected,895,12,0.007731958762886598,0.75,0.007751937984496124,0.015345268542199487
479,479,GRCh38_segdups,legacy,895,522,0.39436619718309857,0.9118773946360154,0.4099913867355728,0.5656565656565657
480,480,GRCh38_alldifficultregions,corrected,1086,258,0.17955112219451372,0.8372093023255814,0.18604651162790697,0.3044397463002114
480,480,GRCh38_alldifficultregions,legacy,1086,992,0.7006319115323855,0.8941532258064516,0.7639965546942291,0.823966558290757
480,480,GRCh38_alllowmapandsegdupregions,corrected,1086,15,0.008576329331046312,0.6666666666666666,0.008613264427217916,0.017006802721088437
480,480,GRCh38_alllowmapandsegdupregions,legacy,1086,798,0.5760257441673371,0.8972431077694235,0.6167097329888027,0.7309851965288411
480,480,GRCh38_notinalldifficultregions,corrected,1086,828,0.614448051948052,0.9142512077294686,0.6520241171403962,0.7611865258924081
480,480,GRCh38_notinalldifficultregions,legacy,1086,1083,0.7613814756671899,0.8956602031394275,0.8354866494401378,0.8645276292335115
480,480,GRCh38_notinalllowmapandsegdupregions,corrected,1086,1071,0.7588652482269503,0.8991596638655462,0.8294573643410853,0.8629032258064517
480,480,GRCh38_notinalllowmapandsegdupregions,legacy,1086,1086,0.7637362637362637,0.8959484346224678,0.8380706287683032,0.8660436137071651
480,480,GRCh38_notinsegdups,corrected,1086,1072,0.7582677165354331,0.898320895522388,0.8294573643410853,0.8625167935512764
480,480,GRCh38_notinsegdups,legacy,1086,1086,0.7637362637362637,0.8959484346224678,0.8380706287683032,0.8660436137071651
480,480,GRCh38_segdups,corrected,1086,14,0.008583690987124463,0.7142857142857143,0.008613264427217916,0.01702127659574468
480,480,GRCh38_segdups,legacy,1086,634,0.4641109298531811,0.8974763406940063,0.4900947459086994,0.6339832869080779
483,483,GRCh38_alldifficultregions,corrected,1872,527,0.15537303216974674,0.4307400379506641,0.19552110249784668,0.268957345971564
483,483,GRCh38_alldifficultregions,legacy,1872,1739,0.41050583657587547,0.48533640023001723,0.726959517657192,0.5820689655172413
483,483,GRCh38_alllowmapandsegdupregions,corrected,1872,87,0.02631578947368421,0.367816091954023,0.02756244616709733,0.05128205128205127
483,483,GRCh38_alllowmapandsegdupregions,legacy,1872,1447,0.36116910229645094,0.4782308223911541,0.5960378983634798,0.5306748466257669
483,483,GRCh38_notinalldifficultregions,corrected,1872,1345,0.3837658752070679,0.516728624535316,0.5986218776916451,0.5546687948922585
483,483,GRCh38_notinalldifficultregions,legacy,1872,1867,0.43507109004739336,0.4916979110873058,0.7906976744186046,0.6063408190224571
483,483,GRCh38_notinalllowmapandsegdupregions,corrected,1872,1785,0.43287937743190663,0.49859943977591037,0.7665805340223945,0.6042090970807874
483,483,GRCh38_notinalllowmapandsegdupregions,legacy,1872,1872,0.43675982946470865,0.49252136752136755,0.7941429801894918,0.6079788987800858
483,483,GRCh38_notinsegdups,corrected,1872,1792,0.434191355026712,0.49888392857142855,0.7700258397932817,0.6054859464950897
483,483,GRCh38_notinsegdups,legacy,1872,1872,0.43675982946470865,0.49252136752136755,0.7941429801894918,0.6079788987800858
483,483,GRCh38_segdups,corrected,1872,80,0.023083264633140973,0.35,0.024117140396210164,0.045124899274778404
483,483,GRCh38_segdups,legacy,1872,1144,0.31264236902050113,0.4798951048951049,0.4728682170542636,0.47635574837310196
484,484,GRCh38_alldifficultregions,corrected,1915,565,0.1797676008202324,0.4654867256637168,0.22652885443583118,0.3047508690614137
484,484,GRCh38_alldifficultregions,legacy,1915,1763,0.49871860584315736,0.5519001701644923,0.8380706287683032,0.6655266757865937
484,484,GRCh38_alllowmapandsegdupregions,corrected,1915,69,0.03101424979044426,0.5362318840579711,0.03186907838070629,0.06016260162601626
484,484,GRCh38_alllowmapandsegdupregions,legacy,1915,1449,0.4348543155579989,0.5458937198067633,0.6813092161929372,0.6061302681992337
484,484,GRCh38_notinalldifficultregions,corrected,1915,1350,0.47014051522248246,0.5948148148148148,0.6916451335055986,0.6395858223815213
484,484,GRCh38_notinalldifficultregions,legacy,1915,1909,0.5288844621513944,0.5563122053431115,0.9147286821705426,0.69185667752443
484,484,GRCh38_notinalllowmapandsegdupregions,corrected,1915,1846,0.5202224469160769,0.557421451787649,0.8863049095607235,0.6844030595277686
484,484,GRCh38_notinalllowmapandsegdupregions,legacy,1915,1915,0.5303482587064676,0.5566579634464752,0.9181739879414298,0.693107932379714
484,484,GRCh38_notinsegdups,corrected,1915,1852,0.5217171717171717,0.5577753779697624,0.8897502153316107,0.6856953202787919
484,484,GRCh38_notinsegdups,legacy,1915,1915,0.5303482587064676,0.5566579634464752,0.9181739879414298,0.693107932379714
484,484,GRCh38_segdups,corrected,1915,63,0.027707808564231738,0.5238095238095238,0.028423772609819122,0.05392156862745098
484,484,GRCh38_segdups,legacy,1915,1158,0.37626112759643915,0.5474956822107081,0.5460809646856158,0.5467874083656749
485,485,GRCh38_alldifficultregions,corrected,1872,527,0.15537303216974674,0.4307400379506641,0.19552110249784668,0.268957345971564
485,485,GRCh38_alldifficultregions,legacy,1872,1739,0.41050583657587547,0.48533640023001723,0.726959517657192,0.5820689655172413
485,485,GRCh38_alllowmapandsegdupregions,corrected,1872,87,0.02631578947368421,0.367816091954023,0.02756244616709733,0.05128205128205127
485,485,GRCh38_alllowmapandsegdupregions,legacy,1872,1447,0.36116910229645094,0.4782308223911541,0.5960378983634798,0.5306748466257669
485,485,GRCh38_notinalldifficultregions,corrected,1872,1345,0.3837658752070679,0.516728624535316,0.5986218776916451,0.5546687948922585
485,485,GRCh38_notinalldifficultregions,legacy,1872,1867,0.43507109004739336,0.4916979110873058,0.7906976744186046,0.6063408190224571
485,485,GRCh38_notinalllowmapandsegdupregions,corrected,1872,1785,0.43287937743190663,0.49859943977591037,0.7665805340223945,0.6042090970807874
485,485,GRCh38_notinalllowmapandsegdupregions,legacy,1872,1872,0.43675982946470865,0.49252136752136755,0.7941429801894918,0.6079788987800858
485,485,GRCh38_notinsegdups,corrected,1872,1792,0.434191355026712,0.49888392857142855,0.7700258397932817,0.6054859464950897
485,485,GRCh38_notinsegdups,legacy,1872,1872,0.43675982946470865,0.49252136752136755,0.7941429801894918,0.6079788987800858
485,485,GRCh38_segdups,corrected,1872,80,0.023083264633140973,0.35,0.024117140396210164,0.045124899274778404
485,485,GRCh38_segdups,legacy,1872,1144,0.31264236902050113,0.4798951048951049,0.4728682170542636,0.47635574837310196
486,486,GRCh38_alldifficultregions,corrected,1835,530,0.17430555555555555,0.47358490566037736,0.21619293712316967,0.2968657599053814
486,486,GRCh38_alldifficultregions,legacy,1835,1686,0.49921011058451814,0.5622775800711743,0.8165374677002584,0.6659641728134879
486,486,GRCh38_alllowmapandsegdupregions,corrected,1835,73,0.028333333333333332,0.4657534246575342,0.029285099052540915,0.05510534846029174
486,486,GRCh38_alllowmapandsegdupregions,legacy,1835,1384,0.43057897695334457,0.5534682080924855,0.6597760551248923,0.6019646365422396
486,486,GRCh38_notinalldifficultregions,corrected,1835,1305,0.46873138773079215,0.6030651340996168,0.67786391042205,0.6382806163828061
486,486,GRCh38_notinalldifficultregions,legacy,1835,1830,0.5283597342871742,0.5650273224043716,0.8906115417743324,0.6914075560013372
486,486,GRCh38_notinalllowmapandsegdupregions,corrected,1835,1762,0.5231891610213653,0.5698070374574348,0.8647717484926787,0.6869654464591174
486,486,GRCh38_notinalllowmapandsegdupregions,legacy,1835,1835,0.5301327885597549,0.5656675749318801,0.8940568475452196,0.6929238985313753
486,486,GRCh38_notinsegdups,corrected,1835,1768,0.5247267048412285,0.5701357466063348,0.8682170542635659,0.6882895186070331
486,486,GRCh38_notinsegdups,legacy,1835,1835,0.5301327885597549,0.5656675749318801,0.8940568475452196,0.6929238985313753
486,486,GRCh38_segdups,corrected,1835,67,0.025041736227045076,0.44776119402985076,0.025839793281653745,0.04885993485342019
486,486,GRCh38_segdups,legacy,1835,1112,0.3709288299155609,0.5530575539568345,0.5297157622739018,0.541135063792345
489,489,GRCh38_alldifficultregions,corrected,2055,560,0.15271265907568654,0.40714285714285714,0.19638242894056848,0.26496223126089485
489,489,GRCh38_alldifficultregions,legacy,2055,1908,0.3811881188118812,0.4439203354297694,0.7295434969853575,0.5519713261648745
489,489,GRCh38_alllowmapandsegdupregions,corrected,2055,98,0.026916802610114192,0.336734693877551,0.028423772609819122,0.05242255758538523
489,489,GRCh38_alllowmapandsegdupregions,legacy,2055,1579,0.3391984359726295,0.4395186827105763,0.5977605512489234,0.5065693430656935
489,489,GRCh38_notinalldifficultregions,corrected,2055,1495,0.3557937723328229,0.4662207357859532,0.6003445305770887,0.5248493975903614
489,489,GRCh38_notinalldifficultregions,legacy,2055,2050,0.40218340611353715,0.44926829268292684,0.7932816537467701,0.5736530675801931
489,489,GRCh38_notinalllowmapandsegdupregions,corrected,2055,1957,0.40071877807726863,0.455799693408278,0.768303186907838,0.5721616420782553
489,489,GRCh38_notinalllowmapandsegdupregions,legacy,2055,2055,0.40375381929288523,0.45012165450121655,0.7967269595176572,0.5752487562189055
489,489,GRCh38_notinsegdups,corrected,2055,1965,0.40179372197309415,0.45597964376590333,0.7717484926787253,0.5732565579014716
489,489,GRCh38_notinsegdups,legacy,2055,2055,0.40375381929288523,0.45012165450121655,0.7967269595176572,0.5752487562189055
489,489,GRCh38_segdups,corrected,2055,90,0.023731587561374796,0.32222222222222224,0.024978466838931956,0.04636290967226219
489,489,GRCh38_segdups,legacy,2055,1250,0.2969338353953739,0.4416,0.4754521963824289,0.4579012857735379
490,490,GRCh38_alldifficultregions,corrected,2245,645,0.16968911917098445,0.4062015503875969,0.22566752799310938,0.29014396456256925
490,490,GRCh38_alldifficultregions,legacy,2245,2060,0.43346684468179797,0.4728155339805825,0.8389319552110249,0.6047811238745731
490,490,GRCh38_alllowmapandsegdupregions,corrected,2245,78,0.030782029950083195,0.47435897435897434,0.03186907838070629,0.05972558514931396
490,490,GRCh38_alllowmapandsegdupregions,legacy,2245,1704,0.38205499276411,0.4647887323943662,0.6821705426356589,0.5528795811518324
490,490,GRCh38_notinalldifficultregions,corrected,2245,1600,0.41155419222903883,0.503125,0.6933677863910422,0.5831220572256429
490,490,GRCh38_notinalldifficultregions,legacy,2245,2239,0.4542343883661249,0.4743188923626619,0.9147286821705426,0.6247058823529411
490,490,GRCh38_notinalllowmapandsegdupregions,corrected,2245,2167,0.4482158398607485,0.47531149053991695,0.8871662360034454,0.6189903846153846
490,490,GRCh38_notinalllowmapandsegdupregions,legacy,2245,2245,0.4561778537836682,0.4752783964365256,0.9190353143841516,0.6265413975337639
490,490,GRCh38_notinsegdups,corrected,2245,2175,0.44917463075586445,0.4754022988505747,0.8906115417743324,0.6199040767386091
490,490,GRCh38_notinsegdups,legacy,2245,2245,0.4561778537836682,0.4752783964365256,0.9190353143841516,0.6265413975337639
490,490,GRCh38_segdups,corrected,2245,70,0.027545909849749584,0.4714285714285714,0.028423772609819122,0.053614947197400495
490,490,GRCh38_segdups,legacy,2245,1376,0.33385909568874866,0.46148255813953487,0.5469422911283376,0.5005912495072921
491,491,GRCh38_alldifficultregions,corrected,2055,560,0.15271265907568654,0.40714285714285714,0.19638242894056848,0.26496223126089485
491,491,GRCh38_alldifficultregions,legacy,2055,1908,0.3811881188118812,0.4439203354297694,0.7295434969853575,0.5519713261648745
491,491,GRCh38_alllowmapandsegdupregions,corrected,2055,98,0.026916802610114192,0.336734693877551,0.028423772609819122,0.05242255758538523
491,491,GRCh38_alllowmapandsegdupregions,legacy,2055,1579,0.3391984359726295,0.4395186827105763,0.5977605512489234,0.5065693430656935
491,491,GRCh38_notinalldifficultregions,corrected,2055,1495,0.3557937723328229,0.4662207357859532,0.6003445305770887,0.5248493975903614
491,491,GRCh38_notinalldifficultregions,legacy,2055,2050,0.40218340611353715,0.44926829268292684,0.7932816537467701,0.5736530675801931
491,491,GRCh38_notinalllowmapandsegdupregions,corrected,2055,1957,0.40071877807726863,0.455799693408278,0.768303186907838,0.5721616420782553
491,491,GRCh38_notinalllowmapandsegdupregions,legacy,2055,2055,0.40375381929288523,0.45012165450121655,0.7967269595176572,0.5752487562189055
491,491,GRCh38_notinsegdups,corrected,2055,1965,0.40179372197309415,0.45597964376590333,0.7717484926787253,0.5732565579014716
491,491,GRCh38_notinsegdups,legacy,2055,2055,0.40375381929288523,0.45012165450121655,0.7967269595176572,0.5752487562189055
491,491,GRCh38_segdups,corrected,2055,90,0.023731587561374796,0.32222222222222224,0.024978466838931956,0.04636290967226219
491,491,GRCh38_segdups,legacy,2055,1250,0.2969338353953739,0.4416,0.4754521963824289,0.4579012857735379
492,492,GRCh38_alldifficultregions,corrected,1989,534,0.17382271468144045,0.4700374531835206,0.21619293712316967,0.296165191740413
492,492,GRCh38_alldifficultregions,legacy,1989,1826,0.46637211585665195,0.52026286966046,0.818260120585702,0.6360897221292267
492,492,GRCh38_alllowmapandsegdupregions,corrected,1989,71,0.028380634390651086,0.4788732394366197,0.029285099052540915,0.0551948051948052
492,492,GRCh38_alllowmapandsegdupregions,legacy,1989,1493,0.40721102863202546,0.5144005358338914,0.661498708010336,0.5787490580256218
492,492,GRCh38_notinalldifficultregions,corrected,1989,1455,0.4334246575342466,0.5436426116838488,0.6813092161929372,0.6047400611620796
492,492,GRCh38_notinalldifficultregions,legacy,1989,1985,0.49240986717267554,0.5229219143576826,0.8940568475452196,0.6598855689764781
492,492,GRCh38_notinalllowmapandsegdupregions,corrected,1989,1918,0.48672139063254466,0.5255474452554745,0.8682170542635659,0.6547580383241312
492,492,GRCh38_notinalllowmapandsegdupregions,legacy,1989,1989,0.49430740037950666,0.5238813474107592,0.8975021533161068,0.6615873015873016
492,492,GRCh38_notinsegdups,corrected,1989,1924,0.48818137964302943,0.525987525987526,0.8716623600344531,0.6560777957860616
492,492,GRCh38_notinsegdups,legacy,1989,1989,0.49430740037950666,0.5238813474107592,0.8975021533161068,0.6615873015873016
492,492,GRCh38_segdups,corrected,1989,65,0.02508361204013378,0.46153846153846156,0.025839793281653745,0.04893964110929853
492,492,GRCh38_segdups,legacy,1989,1191,0.35561959654178676,0.5180520570948782,0.5314384151593454,0.5246598639455782
495,495,GRCh38_alldifficultregions,corrected,2122,599,0.14882506527415143,0.3806343906510851,0.19638242894056848,0.2590909090909091
495,495,GRCh38_alldifficultregions,legacy,2122,1969,0.37160385626643294,0.43067546978161503,0.7304048234280792,0.54185303514377
495,495,GRCh38_alllowmapandsegdupregions,corrected,2122,97,0.026938775510204082,0.3402061855670103,0.028423772609819122,0.05246422893481717
495,495,GRCh38_alllowmapandsegdupregions,legacy,2122,1637,0.32984790874524716,0.4239462431276726,0.5977605512489234,0.4960686204431737
495,495,GRCh38_notinalldifficultregions,corrected,2122,1523,0.351460221550856,0.4583059750492449,0.6012058570198106,0.5201192250372578
495,495,GRCh38_notinalldifficultregions,legacy,2122,2117,0.39134125636672323,0.43552196504487484,0.7941429801894918,0.5625381330079317
495,495,GRCh38_notinalllowmapandsegdupregions,corrected,2122,2025,0.3894461404273877,0.44098765432098763,0.7691645133505599,0.5605775266792216
495,495,GRCh38_notinalllowmapandsegdupregions,legacy,2122,2122,0.3928722952906237,0.4363807728557964,0.797588285960379,0.5641181845872678
495,495,GRCh38_notinsegdups,corrected,2122,2033,0.39050936003482806,0.441219872110182,0.772609819121447,0.5616781465247339
495,495,GRCh38_notinsegdups,legacy,2122,2122,0.3928722952906237,0.4363807728557964,0.797588285960379,0.5641181845872678
495,495,GRCh38_segdups,corrected,2122,89,0.02375102375102375,0.3258426966292135,0.024978466838931956,0.0464
495,495,GRCh38_segdups,legacy,2122,1298,0.2887840670859539,0.42449922958397535,0.47459086993970717,0.4481496543310288
496,496,GRCh38_alldifficultregions,corrected,2343,711,0.163455562461156,0.369901547116737,0.22652885443583118,0.280982905982906
496,496,GRCh38_alldifficultregions,legacy,2343,2151,0.41659538066723695,0.4528126452812645,0.8389319552110249,0.5881642512077295
496,496,GRCh38_alllowmapandsegdupregions,corrected,2343,75,0.030859049207673062,0.49333333333333335,0.03186907838070629,0.0598705501618123
496,496,GRCh38_alllowmapandsegdupregions,legacy,2343,1774,0.36957536164255717,0.4464487034949267,0.6821705426356589,0.5396933560477001
496,496,GRCh38_notinalldifficultregions,corrected,2343,1632,0.4042232277526395,0.49264705882352944,0.6925064599483204,0.5757250268528464
496,496,GRCh38_notinalldifficultregions,legacy,2343,2337,0.43655030800821354,0.4548566538296962,0.9155900086132644,0.6077758719268153
496,496,GRCh38_notinalllowmapandsegdupregions,corrected,2343,2268,0.42934556065027096,0.4541446208112875,0.8871662360034454,0.6007582385535142
496,496,GRCh38_notinalllowmapandsegdupregions,legacy,2343,2343,0.43783340172343044,0.45539906103286387,0.9190353143841516,0.6090182648401826
496,496,GRCh38_notinsegdups,corrected,2343,2275,0.43047460449625313,0.4545054945054945,0.8906115417743324,0.6018626309662398
496,496,GRCh38_notinsegdups,legacy,2343,2343,0.43783340172343044,0.45539906103286387,0.9190353143841516,0.6090182648401826
496,496,GRCh38_segdups,corrected,2343,68,0.027591973244147156,0.4852941176470588,0.028423772609819122,0.053702196908055326
496,496,GRCh38_segdups,legacy,2343,1428,0.3249744114636643,0.44467787114845936,0.5469422911283376,0.4905368868288914
497,497,GRCh38_alldifficultregions,corrected,2122,599,0.14882506527415143,0.3806343906510851,0.19638242894056848,0.2590909090909091
497,497,GRCh38_alldifficultregions,legacy,2122,1969,0.37160385626643294,0.43067546978161503,0.7304048234280792,0.54185303514377
497,497,GRCh38_alllowmapandsegdupregions,corrected,2122,97,0.026938775510204082,0.3402061855670103,0.028423772609819122,0.05246422893481717
497,497,GRCh38_alllowmapandsegdupregions,legacy,2122,1637,0.32984790874524716,0.4239462431276726,0.5977605512489234,0.4960686204431737
497,497,GRCh38_notinalldifficultregions,corrected,2122,1523,0.351460221550856,0.4583059750492449,0.6012058570198106,0.5201192250372578
497,497,GRCh38_notinalldifficultregions,legacy,2122,2117,0.39134125636672323,0.43552196504487484,0.7941429801894918,0.5625381330079317
497,497,GRCh38_notinalllowmapandsegdupregions,corrected,2122,2025,0.3894461404273877,0.44098765432098763,0.7691645133505599,0.5605775266792216
497,497,GRCh38_notinalllowmapandsegdupregions,legacy,2122,2122,0.3928722952906237,0.4363807728557964,0.797588285960379,0.5641181845872678
497,497,GRCh38_notinsegdups,corrected,2122,2033,0.39050936003482806,0.441219872110182,0.772609819121447,0.5616781465247339
497,497,GRCh38_notinsegdups,legacy,2122,2122,0.3928722952906237,0.4363807728557964,0.797588285960379,0.5641181845872678
497,497,GRCh38_segdups,corrected,2122,89,0.02375102375102375,0.3258426966292135,0.024978466838931956,0.0464
497,497,GRCh38_segdups,legacy,2122,1298,0.2887840670859539,0.42449922958397535,0.47459086993970717,0.4481496543310288
498,498,GRCh38_alldifficultregions,corrected,2050,575,0.16902356902356902,0.4365217391304348,0.21619293712316967,0.2891705069124424
498,498,GRCh38_alldifficultregions,legacy,2050,1883,0.45506692160611856,0.5055762081784386,0.8199827734711456,0.6254927726675427
498,498,GRCh38_alllowmapandsegdupregions,corrected,2050,77,0.02823920265780731,0.44155844155844154,0.029285099052540915,0.05492730210016156
498,498,GRCh38_alllowmapandsegdupregions,legacy,2050,1539,0.39896373056994816,0.5003248862897985,0.6632213608957795,0.5703703703703704
498,498,GRCh38_notinalldifficultregions,corrected,2050,1475,0.4302767227346717,0.5376271186440678,0.6830318690783808,0.6016691957511381
498,498,GRCh38_notinalldifficultregions,legacy,2050,2045,0.4801477377654663,0.508557457212714,0.8957795004306632,0.6487835308796007
498,498,GRCh38_notinalllowmapandsegdupregions,corrected,2050,1973,0.4755178907721281,0.5119107957425241,0.8699397071490095,0.6445437141033822
498,498,GRCh38_notinalllowmapandsegdupregions,legacy,2050,2050,0.48177203507152744,0.5092682926829268,0.8992248062015504,0.650264715042043
498,498,GRCh38_notinsegdups,corrected,2050,1979,0.47695202257761055,0.5123799898938858,0.8733850129198967,0.6458598726114649
498,498,GRCh38_notinsegdups,legacy,2050,2050,0.48177203507152744,0.5092682926829268,0.8992248062015504,0.650264715042043
498,498,GRCh38_segdups,corrected,2050,71,0.024958402662229616,0.4225352112676056,0.025839793281653745,0.0487012987012987
498,498,GRCh38_segdups,legacy,2050,1231,0.3491257755217146,0.5028432168968319,0.533161068044789,0.5175585284280937
501,501,GRCh38_alldifficultregions,corrected,1817,493,0.15988779803646563,0.46247464503042596,0.19638242894056848,0.27569528415961303
501,501,GRCh38_alldifficultregions,legacy,1817,1690,0.42123629112662014,0.5,0.7278208440999139,0.5927744650999649
501,501,GRCh38_alllowmapandsegdupregions,corrected,1817,90,0.027093596059113302,0.36666666666666664,0.028423772609819122,0.052757793764988015
501,501,GRCh38_alllowmapandsegdupregions,legacy,1817,1393,0.3723804406233208,0.49748743718592964,0.5968992248062015,0.5426781519185592
501,501,GRCh38_notinalldifficultregions,corrected,1817,1324,0.388268156424581,0.5249244712990937,0.5986218776916451,0.5593561368209257
501,501,GRCh38_notinalldifficultregions,legacy,1817,1812,0.44741966893865626,0.5071743929359823,0.7915590008613265,0.6182307433568784
501,501,GRCh38_notinalllowmapandsegdupregions,corrected,1817,1727,0.44544544544544545,0.5153445280833816,0.7665805340223945,0.6163434903047091
501,501,GRCh38_notinalllowmapandsegdupregions,legacy,1817,1817,0.4491484184914842,0.5079801871216291,0.7950043066322137,0.6198791134989927
501,501,GRCh38_notinsegdups,corrected,1817,1734,0.44677661169415295,0.5155709342560554,0.7700258397932817,0.6176165803108808
501,501,GRCh38_notinsegdups,legacy,1817,1817,0.4491484184914842,0.5079801871216291,0.7950043066322137,0.6198791134989927
501,501,GRCh38_segdups,corrected,1817,83,0.023868312757201648,0.3493975903614458,0.024978466838931956,0.046623794212218655
501,501,GRCh38_segdups,legacy,1817,1099,0.32241076653013456,0.5013648771610555,0.47459086993970717,0.4876106194690265
502,502,GRCh38_alldifficultregions,corrected,1809,527,0.18373071528751753,0.4971537001897533,0.22566752799310938,0.3104265402843602
502,502,GRCh38_alldifficultregions,legacy,1809,1664,0.5245547760388559,0.5841346153846154,0.8372093023255814,0.6881415929203539
502,502,GRCh38_alllowmapandsegdupregions,corrected,1809,72,0.030936454849498328,0.5138888888888888,0.03186907838070629,0.0600162206001622
502,502,GRCh38_alllowmapandsegdupregions,legacy,1809,1372,0.4549109707064905,0.577259475218659,0.6821705426356589,0.6253454401894987
502,502,GRCh38_notinalldifficultregions,corrected,1809,1282,0.4896341463414634,0.6263650546021841,0.6916451335055986,0.6573884568153908
502,502,GRCh38_notinalldifficultregions,legacy,1809,1803,0.5567226890756303,0.5879090404880755,0.9130060292850991,0.7152496626180836
502,502,GRCh38_notinalllowmapandsegdupregions,corrected,1809,1737,0.5497326203208556,0.5918249856073691,0.8854435831180018,0.7094547964113183
502,502,GRCh38_notinalllowmapandsegdupregions,legacy,1809,1809,0.5590551181102362,0.5887230514096186,0.917312661498708,0.7171717171717172
502,502,GRCh38_notinsegdups,corrected,1809,1744,0.5509877202349173,0.591743119266055,0.8888888888888888,0.7104991394148021
502,502,GRCh38_notinsegdups,legacy,1809,1809,0.5590551181102362,0.5887230514096186,0.917312661498708,0.7171717171717172
502,502,GRCh38_segdups,corrected,1809,65,0.027661357921207042,0.5076923076923077,0.028423772609819122,0.053833605220228384
502,502,GRCh38_segdups,legacy,1809,1110,0.38814180929095354,0.5720720720720721,0.5469422911283376,0.5592250110083664
503,503,GRCh38_alldifficultregions,corrected,1817,493,0.15988779803646563,0.46247464503042596,0.19638242894056848,0.27569528415961303
503,503,GRCh38_alldifficultregions,legacy,1817,1690,0.42123629112662014,0.5,0.7278208440999139,0.5927744650999649
503,503,GRCh38_alllowmapandsegdupregions,corrected,1817,90,0.027093596059113302,0.36666666666666664,0.028423772609819122,0.052757793764988015
503,503,GRCh38_alllowmapandsegdupregions,legacy,1817,1393,0.3723804406233208,0.49748743718592964,0.5968992248062015,0.5426781519185592
503,503,GRCh38_notinalldifficultregions,corrected,1817,1324,0.388268156424581,0.5249244712990937,0.5986218776916451,0.5593561368209257
503,503,GRCh38_notinalldifficultregions,legacy,1817,1812,0.44741966893865626,0.5071743929359823,0.7915590008613265,0.6182307433568784
503,503,GRCh38_notinalllowmapandsegdupregions,corrected,1817,1727,0.44544544544544545,0.5153445280833816,0.7665805340223945,0.6163434903047091
503,503,GRCh38_notinalllowmapandsegdupregions,legacy,1817,1817,0.4491484184914842,0.5079801871216291,0.7950043066322137,0.6198791134989927
503,503,GRCh38_notinsegdups,corrected,1817,1734,0.44677661169415295,0.5155709342560554,0.7700258397932817,0.6176165803108808
503,503,GRCh38_notinsegdups,legacy,1817,1817,0.4491484184914842,0.5079801871216291,0.7950043066322137,0.6198791134989927
503,503,GRCh38_segdups,corrected,1817,83,0.023868312757201648,0.3493975903614458,0.024978466838931956,0.046623794212218655
503,503,GRCh38_segdups,legacy,1817,1099,0.32241076653013456,0.5013648771610555,0.47459086993970717,0.4876106194690265
504,504,GRCh38_alldifficultregions,corrected,1757,482,0.18031609195402298,0.520746887966805,0.21619293712316967,0.3055386488131467
504,504,GRCh38_alldifficultregions,legacy,1757,1612,0.5177887246852764,0.586848635235732,0.8148148148148148,0.6822935448972233
504,504,GRCh38_alllowmapandsegdupregions,corrected,1757,65,0.028523489932885907,0.5230769230769231,0.029285099052540915,0.05546492659053833
504,504,GRCh38_alllowmapandsegdupregions,legacy,1757,1319,0.44522144522144524,0.579226686884003,0.6580534022394487,0.6161290322580645
504,504,GRCh38_notinalldifficultregions,corrected,1757,1275,0.47546941247728647,0.615686274509804,0.6761412575366064,0.6444991789819375
504,504,GRCh38_notinalldifficultregions,legacy,1757,1753,0.5483528161530287,0.5887050770108385,0.8888888888888888,0.7083047357584076
504,504,GRCh38_notinalllowmapandsegdupregions,corrected,1757,1692,0.5413290113452188,0.5921985815602837,0.8630490956072352,0.7024185068349106
504,504,GRCh38_notinalllowmapandsegdupregions,legacy,1757,1757,0.5504782146652497,0.5896414342629482,0.892334194659776,0.7100753941055518
504,504,GRCh38_notinsegdups,corrected,1757,1698,0.5429033998920669,0.5924617196702002,0.8664944013781223,0.7037425673312346
504,504,GRCh38_notinsegdups,legacy,1757,1757,0.5504782146652497,0.5896414342629482,0.892334194659776,0.7100753941055518
504,504,GRCh38_segdups,corrected,1757,59,0.025210084033613446,0.5084745762711864,0.025839793281653745,0.04918032786885246
504,504,GRCh38_segdups,legacy,1757,1057,0.38193146417445484,0.5799432355723746,0.5279931093884582,0.5527502254283138
507,507,GRCh38_alldifficultregions,corrected,1173,295,0.15647339158061954,0.6677966101694915,0.16968130921619293,0.2706043956043956
507,507,GRCh38_alldifficultregions,legacy,1173,1089,0.5100671140939598,0.6978879706152433,0.6546080964685616,0.6755555555555556
507,507,GRCh38_alllowmapandsegdupregions,corrected,1173,38,0.020425531914893616,0.631578947368421,0.020671834625323,0.04003336113427857
507,507,GRCh38_alllowmapandsegdupregions,legacy,1173,878,0.4379407616361072,0.7072892938496583,0.5348837209302325,0.6091221186856303
507,507,GRCh38_notinalldifficultregions,corrected,1173,878,0.4460992907801418,0.7164009111617312,0.5417743324720069,0.616969102501226
507,507,GRCh38_notinalldifficultregions,legacy,1173,1168,0.5454545454545454,0.7037671232876712,0.7080103359173127,0.7058823529411765
507,507,GRCh38_notinalllowmapandsegdupregions,corrected,1173,1135,0.536813922356091,0.7066079295154185,0.6907838070628768,0.6986062717770035
507,507,GRCh38_notinalllowmapandsegdupregions,legacy,1173,1173,0.5477453580901857,0.7041773231031543,0.7114556416881999,0.7077977720651243
507,507,GRCh38_notinsegdups,corrected,1173,1137,0.5381526104417671,0.7071240105540897,0.6925064599483204,0.6997389033942558
507,507,GRCh38_notinsegdups,legacy,1173,1173,0.5477453580901857,0.7041773231031543,0.7114556416881999,0.7077977720651243
507,507,GRCh38_segdups,corrected,1173,36,0.01872340425531915,0.6111111111111112,0.018949181739879414,0.03675856307435255
507,507,GRCh38_segdups,legacy,1173,691,0.36578171091445427,0.7178002894356006,0.4272179155900086,0.5356371490280777
508,508,GRCh38_alldifficultregions,corrected,1193,330,0.17586750788643532,0.6757575757575758,0.1920757967269595,0.29912810194500333
508,508,GRCh38_alldifficultregions,legacy,1193,1101,0.6031183557760453,0.7729336966394187,0.7329888027562446,0.7524314765694076
508,508,GRCh38_alllowmapandsegdupregions,corrected,1193,34,0.022241231822070145,0.7647058823529411,0.02239448751076658,0.04351464435146444
508,508,GRCh38_alllowmapandsegdupregions,legacy,1193,905,0.5058309037900874,0.7668508287292818,0.5977605512489234,0.6718296224588578
508,508,GRCh38_notinalldifficultregions,corrected,1193,863,0.5403348554033486,0.8227114716106605,0.611541774332472,0.7015810276679842
508,508,GRCh38_notinalldifficultregions,legacy,1193,1189,0.6537649542575651,0.7813288477712363,0.8001722652885443,0.7906382978723404
508,508,GRCh38_notinalllowmapandsegdupregions,corrected,1193,1159,0.6418966737438075,0.7825711820534944,0.781223083548665,0.781896551724138
508,508,GRCh38_notinalllowmapandsegdupregions,legacy,1193,1193,0.6565798733286418,0.7820620284995808,0.8036175710594315,0.7926932880203906
508,508,GRCh38_notinsegdups,corrected,1193,1162,0.6428571428571429,0.7822719449225474,0.7829457364341085,0.782608695652174
508,508,GRCh38_notinsegdups,legacy,1193,1193,0.6565798733286418,0.7820620284995808,0.8036175710594315,0.7926932880203906
508,508,GRCh38_segdups,corrected,1193,31,0.02054794520547945,0.7741935483870968,0.020671834625323,0.04026845637583893
508,508,GRCh38_segdups,legacy,1193,729,0.41679160419790107,0.7626886145404664,0.4788975021533161,0.5883597883597884
509,509,GRCh38_alldifficultregions,corrected,1173,295,0.15647339158061954,0.6677966101694915,0.16968130921619293,0.2706043956043956
509,509,GRCh38_alldifficultregions,legacy,1173,1089,0.5100671140939598,0.6978879706152433,0.6546080964685616,0.6755555555555556
509,509,GRCh38_alllowmapandsegdupregions,corrected,1173,38,0.020425531914893616,0.631578947368421,0.020671834625323,0.04003336113427857
509,509,GRCh38_alllowmapandsegdupregions,legacy,1173,878,0.4379407616361072,0.7072892938496583,0.5348837209302325,0.6091221186856303
509,509,GRCh38_notinalldifficultregions,corrected,1173,878,0.4460992907801418,0.7164009111617312,0.5417743324720069,0.616969102501226
509,509,GRCh38_notinalldifficultregions,legacy,1173,1168,0.5454545454545454,0.7037671232876712,0.7080103359173127,0.7058823529411765
509,509,GRCh38_notinalllowmapandsegdupregions,corrected,1173,1135,0.536813922356091,0.7066079295154185,0.6907838070628768,0.6986062717770035
509,509,GRCh38_notinalllowmapandsegdupregions,legacy,1173,1173,0.5477453580901857,0.7041773231031543,0.7114556416881999,0.7077977720651243
509,509,GRCh38_notinsegdups,corrected,1173,1137,0.5381526104417671,0.7071240105540897,0.6925064599483204,0.6997389033942558
509,509,GRCh38_notinsegdups,legacy,1173,1173,0.5477453580901857,0.7041773231031543,0.7114556416881999,0.7077977720651243
509,509,GRCh38_segdups,corrected,1173,36,0.01872340425531915,0.6111111111111112,0.018949181739879414,0.03675856307435255
509,509,GRCh38_segdups,legacy,1173,691,0.36578171091445427,0.7178002894356006,0.4272179155900086,0.5356371490280777
510,510,GRCh38_alldifficultregions,corrected,1179,315,0.17985611510791366,0.7142857142857143,0.1937984496124031,0.3048780487804878
510,510,GRCh38_alldifficultregions,legacy,1179,1095,0.6160458452722063,0.7853881278538812,0.7407407407407407,0.7624113475177305
510,510,GRCh38_alllowmapandsegdupregions,corrected,1179,35,0.02134927412467976,0.7142857142857143,0.02153316106804479,0.04180602006688963
510,510,GRCh38_alllowmapandsegdupregions,legacy,1179,900,0.5087847730600292,0.7722222222222223,0.5986218776916451,0.6744298884036876
510,510,GRCh38_notinalldifficultregions,corrected,1179,864,0.5434451219512195,0.8252314814814815,0.6141257536606374,0.7041975308641975
510,510,GRCh38_notinalldifficultregions,legacy,1179,1176,0.666904422253923,0.7950680272108843,0.8053402239448751,0.8001711596063328
510,510,GRCh38_notinalllowmapandsegdupregions,corrected,1179,1144,0.6558908045977011,0.7980769230769231,0.7863910422049957,0.7921908893709327
510,510,GRCh38_notinalllowmapandsegdupregions,legacy,1179,1179,0.6690442225392297,0.7955894826123834,0.8079242032730405,0.8017094017094016
510,510,GRCh38_notinsegdups,corrected,1179,1148,0.6575735821966978,0.7979094076655052,0.788975021533161,0.7934170636639237
510,510,GRCh38_notinsegdups,legacy,1179,1179,0.6690442225392297,0.7955894826123834,0.8079242032730405,0.8017094017094016
510,510,GRCh38_segdups,corrected,1179,31,0.018803418803418803,0.7096774193548387,0.018949181739879414,0.03691275167785235
510,510,GRCh38_segdups,legacy,1179,708,0.42129277566539924,0.7824858757062146,0.4771748492678725,0.5928303905831995
513,513,GRCh38_alldifficultregions,corrected,949,215,0.13344316309719934,0.7534883720930232,0.13953488372093023,0.23546511627906974
513,513,GRCh38_alldifficultregions,legacy,949,875,0.4732272069464544,0.7474285714285714,0.5633074935400517,0.6424361493123771
513,513,GRCh38_alllowmapandsegdupregions,corrected,949,26,0.016267123287671232,0.7307692307692307,0.01636520241171404,0.032013479359730417
513,513,GRCh38_alllowmapandsegdupregions,legacy,949,711,0.40224719101123596,0.7552742616033755,0.4625322997416021,0.5737179487179488
513,513,GRCh38_notinalldifficultregions,corrected,949,734,0.4141791044776119,0.7561307901907357,0.4780361757105943,0.5857519788918205
513,513,GRCh38_notinalldifficultregions,legacy,949,945,0.5129310344827587,0.7555555555555555,0.6149870801033591,0.678062678062678
513,513,GRCh38_notinalllowmapandsegdupregions,corrected,949,923,0.5036075036075036,0.7562296858071506,0.6012058570198106,0.6698656429942419
513,513,GRCh38_notinalllowmapandsegdupregions,legacy,949,949,0.5147164393395549,0.7555321390937829,0.6175710594315246,0.6796208530805687
513,513,GRCh38_notinsegdups,corrected,949,926,0.5046863734679163,0.755939524838013,0.602928509905254,0.670819357930043
513,513,GRCh38_notinsegdups,legacy,949,949,0.5147164393395549,0.7555321390937829,0.6175710594315246,0.6796208530805687
513,513,GRCh38_segdups,corrected,949,23,0.01456726649528706,0.7391304347826086,0.014642549526270457,0.028716216216216218
513,513,GRCh38_segdups,legacy,949,568,0.3382352941176471,0.7693661971830986,0.3763996554694229,0.5054945054945055
514,514,GRCh38_alldifficultregions,corrected,1131,307,0.17346123101518784,0.7068403908794788,0.18690783807062877,0.2956403269754769
514,514,GRCh38_alldifficultregions,legacy,1131,1051,0.5971119133574008,0.7868696479543292,0.7123169681309216,0.747739602169982
514,514,GRCh38_alllowmapandsegdupregions,corrected,1131,30,0.02056555269922879,0.8,0.020671834625323,0.0403022670025189
514,514,GRCh38_alllowmapandsegdupregions,legacy,1131,866,0.5003700962250185,0.7806004618937644,0.5822566752799311,0.6669955599407992
514,514,GRCh38_notinalldifficultregions,corrected,1131,824,0.5269230769230769,0.8313106796116505,0.5900086132644272,0.6901763224181361
514,514,GRCh38_notinalldifficultregions,legacy,1131,1128,0.6467625899280576,0.7969858156028369,0.7743324720068906,0.7854958497160334
514,514,GRCh38_notinalllowmapandsegdupregions,corrected,1131,1101,0.634393063583815,0.7974568574023615,0.756244616709733,0.7763041556145005
514,514,GRCh38_notinalllowmapandsegdupregions,legacy,1131,1131,0.6489208633093525,0.7975243147656941,0.7769164513350559,0.787085514834206
514,514,GRCh38_notinsegdups,corrected,1131,1103,0.6358381502890174,0.7978241160471442,0.7579672695951766,0.7773851590106006
514,514,GRCh38_notinsegdups,legacy,1131,1131,0.6489208633093525,0.7975243147656941,0.7769164513350559,0.787085514834206
514,514,GRCh38_segdups,corrected,1131,28,0.018851756640959727,0.7857142857142857,0.018949181739879414,0.03700588730025232
514,514,GRCh38_segdups,legacy,1131,699,0.4133738601823708,0.7782546494992847,0.46856158484065463,0.5849462365591398
515,515,GRCh38_alldifficultregions,corrected,949,215,0.13344316309719934,0.7534883720930232,0.13953488372093023,0.23546511627906974
515,515,GRCh38_alldifficultregions,legacy,949,875,0.4732272069464544,0.7474285714285714,0.5633074935400517,0.6424361493123771
515,515,GRCh38_alllowmapandsegdupregions,corrected,949,26,0.016267123287671232,0.7307692307692307,0.01636520241171404,0.032013479359730417
515,515,GRCh38_alllowmapandsegdupregions,legacy,949,711,0.40224719101123596,0.7552742616033755,0.4625322997416021,0.5737179487179488
515,515,GRCh38_notinalldifficultregions,corrected,949,734,0.4141791044776119,0.7561307901907357,0.4780361757105943,0.5857519788918205
515,515,GRCh38_notinalldifficultregions,legacy,949,945,0.5129310344827587,0.7555555555555555,0.6149870801033591,0.678062678062678
515,515,GRCh38_notinalllowmapandsegdupregions,corrected,949,923,0.5036075036075036,0.7562296858071506,0.6012058570198106,0.6698656429942419
515,515,GRCh38_notinalllowmapandsegdupregions,legacy,949,949,0.5147164393395549,0.7555321390937829,0.6175710594315246,0.6796208530805687
515,515,GRCh38_notinsegdups,corrected,949,926,0.5046863734679163,0.755939524838013,0.602928509905254,0.670819357930043
515,515,GRCh38_notinsegdups,legacy,949,949,0.5147164393395549,0.7555321390937829,0.6175710594315246,0.6796208530805687
515,515,GRCh38_segdups,corrected,949,23,0.01456726649528706,0.7391304347826086,0.014642549526270457,0.028716216216216218
515,515,GRCh38_segdups,legacy,949,568,0.3382352941176471,0.7693661971830986,0.3763996554694229,0.5054945054945055
516,516,GRCh38_alldifficultregions,corrected,1103,271,0.17280917280917282,0.7785977859778598,0.181739879414298,0.29469273743016755
516,516,GRCh38_alldifficultregions,legacy,1103,1020,0.6203566121842496,0.8186274509803921,0.719207579672696,0.7657038055937643
516,516,GRCh38_alllowmapandsegdupregions,corrected,1103,34,0.021367521367521368,0.7352941176470589,0.02153316106804479,0.04184100418410042
516,516,GRCh38_alllowmapandsegdupregions,legacy,1103,841,0.5143721633888049,0.8085612366230678,0.5857019810508183,0.6793206793206793
516,516,GRCh38_notinalldifficultregions,corrected,1103,832,0.5401854714064915,0.8401442307692307,0.6020671834625323,0.7014550928248872
516,516,GRCh38_notinalldifficultregions,legacy,1103,1100,0.6698670605612999,0.8245454545454546,0.781223083548665,0.8022998673153473
516,516,GRCh38_notinalllowmapandsegdupregions,corrected,1103,1069,0.6579925650557621,0.8278765201122544,0.7622739018087855,0.7937219730941705
516,516,GRCh38_notinalllowmapandsegdupregions,legacy,1103,1103,0.672082717872969,0.8250226654578422,0.7838070628768303,0.8038869257950529
516,516,GRCh38_notinsegdups,corrected,1103,1073,0.6597325408618128,0.8275862068965517,0.7648578811369509,0.7949865711727842
516,516,GRCh38_notinsegdups,legacy,1103,1103,0.672082717872969,0.8250226654578422,0.7838070628768303,0.8038869257950529
516,516,GRCh38_segdups,corrected,1103,30,0.018819503849443968,0.7333333333333333,0.018949181739879414,0.036943744752308987
516,516,GRCh38_segdups,legacy,1103,668,0.4233463035019455,0.8143712574850299,0.46856158484065463,0.5948605795516676
519,519,GRCh38_alldifficultregions,corrected,1313,320,0.1543257989088075,0.61875,0.17054263565891473,0.2673869007427414
519,519,GRCh38_alldifficultregions,legacy,1313,1222,0.47280593325092707,0.6260229132569558,0.6589147286821705,0.6420478388585816
519,519,GRCh38_alllowmapandsegdupregions,corrected,1313,40,0.020390824129141887,0.6,0.020671834625323,0.03996669442131558
519,519,GRCh38_alllowmapandsegdupregions,legacy,1313,999,0.40808344198174706,0.6266266266266266,0.5391903531438416,0.5796296296296296
519,519,GRCh38_notinalldifficultregions,corrected,1313,993,0.4161735700197239,0.6374622356495468,0.5452196382428941,0.5877437325905294
519,519,GRCh38_notinalldifficultregions,legacy,1313,1308,0.5036540803897686,0.632262996941896,0.7123169681309216,0.6699068448764681
519,519,GRCh38_notinalllowmapandsegdupregions,corrected,1313,1273,0.4960049170251998,0.6339355852317361,0.6950904392764858,0.6631059983566147
519,519,GRCh38_notinalllowmapandsegdupregions,legacy,1313,1313,0.5057821059038344,0.6329017517136329,0.7157622739018088,0.67178658043654
519,519,GRCh38_notinsegdups,corrected,1313,1275,0.4972341733251383,0.6345098039215686,0.6968130921619293,0.6642036124794746
519,519,GRCh38_notinsegdups,legacy,1313,1313,0.5057821059038344,0.6329017517136329,0.7157622739018088,0.67178658043654
519,519,GRCh38_segdups,corrected,1313,38,0.018691588785046728,0.5789473684210527,0.018949181739879414,0.03669724770642202
519,519,GRCh38_segdups,legacy,1313,785,0.3467128027681661,0.6382165605095541,0.4315245478036176,0.5149023638232271
520,520,GRCh38_alldifficultregions,corrected,1230,346,0.17367601246105918,0.6445086705202312,0.1920757967269595,0.2959522229595222
520,520,GRCh38_alldifficultregions,legacy,1230,1138,0.5888044229440221,0.7486818980667839,0.7338501291989664,0.7411918225315355
520,520,GRCh38_alllowmapandsegdupregions,corrected,1230,35,0.022222222222222223,0.7428571428571429,0.02239448751076658,0.04347826086956522
520,520,GRCh38_alllowmapandsegdupregions,legacy,1230,938,0.495014245014245,0.7409381663113006,0.5986218776916451,0.662220104811815
520,520,GRCh38_notinalldifficultregions,corrected,1230,884,0.532983508245877,0.8042986425339367,0.6124031007751938,0.6953545232273839
520,520,GRCh38_notinalldifficultregions,legacy,1230,1226,0.6382978723404256,0.7585644371941273,0.8010335917312662,0.7792207792207793
520,520,GRCh38_notinalllowmapandsegdupregions,corrected,1230,1195,0.6270718232044199,0.7598326359832636,0.7820844099913867,0.7707979626485568
520,520,GRCh38_notinalllowmapandsegdupregions,legacy,1230,1230,0.6410432395332876,0.759349593495935,0.8044788975021533,0.781263069845253
520,520,GRCh38_notinsegdups,corrected,1230,1198,0.6280193236714976,0.7595993322203672,0.7838070628768303,0.7715133531157269
520,520,GRCh38_notinsegdups,legacy,1230,1230,0.6410432395332876,0.759349593495935,0.8044788975021533,0.781263069845253
520,520,GRCh38_segdups,corrected,1230,32,0.020530367835757058,0.75,0.020671834625323,0.040234702430846606
520,520,GRCh38_segdups,legacy,1230,760,0.4083577712609971,0.7328947368421053,0.4797588285960379,0.5799062988027069
521,521,GRCh38_alldifficultregions,corrected,1313,320,0.1543257989088075,0.61875,0.17054263565891473,0.2673869007427414
521,521,GRCh38_alldifficultregions,legacy,1313,1222,0.47280593325092707,0.6260229132569558,0.6589147286821705,0.6420478388585816
521,521,GRCh38_alllowmapandsegdupregions,corrected,1313,40,0.020390824129141887,0.6,0.020671834625323,0.03996669442131558
521,521,GRCh38_alllowmapandsegdupregions,legacy,1313,999,0.40808344198174706,0.6266266266266266,0.5391903531438416,0.5796296296296296
521,521,GRCh38_notinalldifficultregions,corrected,1313,993,0.4161735700197239,0.6374622356495468,0.5452196382428941,0.5877437325905294
521,521,GRCh38_notinalldifficultregions,legacy,1313,1308,0.5036540803897686,0.632262996941896,0.7123169681309216,0.6699068448764681
521,521,GRCh38_notinalllowmapandsegdupregions,corrected,1313,1273,0.4960049170251998,0.6339355852317361,0.6950904392764858,0.6631059983566147
521,521,GRCh38_notinalllowmapandsegdupregions,legacy,1313,1313,0.5057821059038344,0.6329017517136329,0.7157622739018088,0.67178658043654
521,521,GRCh38_notinsegdups,corrected,1313,1275,0.4972341733251383,0.6345098039215686,0.6968130921619293,0.6642036124794746
521,521,GRCh38_notinsegdups,legacy,1313,1313,0.5057821059038344,0.6329017517136329,0.7157622739018088,0.67178658043654
521,521,GRCh38_segdups,corrected,1313,38,0.018691588785046728,0.5789473684210527,0.018949181739879414,0.03669724770642202
521,521,GRCh38_segdups,legacy,1313,785,0.3467128027681661,0.6382165605095541,0.4315245478036176,0.5149023638232271
522,522,GRCh38_alldifficultregions,corrected,1209,324,0.17857142857142858,0.6944444444444444,0.1937984496124031,0.30303030303030304
522,522,GRCh38_alldifficultregions,legacy,1209,1123,0.6061884669479606,0.767586821015138,0.7424633936261843,0.754816112084063
522,522,GRCh38_alllowmapandsegdupregions,corrected,1209,35,0.02134927412467976,0.7142857142857143,0.02153316106804479,0.04180602006688963
522,522,GRCh38_alllowmapandsegdupregions,legacy,1209,923,0.5025234318673396,0.7551462621885157,0.6003445305770887,0.6689059500959693
522,522,GRCh38_notinalldifficultregions,corrected,1209,885,0.5371900826446281,0.807909604519774,0.615848406546081,0.6989247311827956
522,522,GRCh38_notinalldifficultregions,legacy,1209,1206,0.6552447552447552,0.7769485903814262,0.8070628768303187,0.7917194761301225
522,522,GRCh38_notinalllowmapandsegdupregions,corrected,1209,1174,0.6443661971830986,0.7793867120954003,0.7881136950904393,0.7837259100642399
522,522,GRCh38_notinalllowmapandsegdupregions,legacy,1209,1209,0.6573426573426573,0.7775020678246485,0.8096468561584841,0.7932489451476793
522,522,GRCh38_notinsegdups,corrected,1209,1178,0.6460239268121042,0.7792869269949066,0.7906976744186046,0.7849508336896109
522,522,GRCh38_notinsegdups,legacy,1209,1209,0.6573426573426573,0.7775020678246485,0.8096468561584841,0.7932489451476793
522,522,GRCh38_segdups,corrected,1209,31,0.018803418803418803,0.7096774193548387,0.018949181739879414,0.03691275167785235
522,522,GRCh38_segdups,legacy,1209,725,0.41697971450037563,0.7655172413793103,0.4780361757105943,0.5885471898197242
525,525,GRCh38_alldifficultregions,corrected,838,195,0.13472803347280335,0.8256410256410256,0.13867355727820843,0.2374631268436578
525,525,GRCh38_alldifficultregions,legacy,838,771,0.5058456742010912,0.8417639429312581,0.5590008613264428,0.6718426501035196
525,525,GRCh38_alllowmapandsegdupregions,corrected,838,24,0.016295025728987993,0.7916666666666666,0.01636520241171404,0.032067510548523206
525,525,GRCh38_alllowmapandsegdupregions,legacy,838,623,0.4272,0.8571428571428571,0.4599483204134367,0.5986547085201793
525,525,GRCh38_notinalldifficultregions,corrected,838,643,0.4397446129289705,0.8569206842923794,0.47459086993970717,0.6108647450110865
525,525,GRCh38_notinalldifficultregions,legacy,838,834,0.5513219284603421,0.8501199040767387,0.6106804478897502,0.7107769423558897
525,525,GRCh38_notinalllowmapandsegdupregions,corrected,838,814,0.5405616224648986,0.8513513513513513,0.5968992248062015,0.7017721518987342
525,525,GRCh38_notinalllowmapandsegdupregions,legacy,838,838,0.5532245532245532,0.8496420047732697,0.6132644272179156,0.7123561780890446
525,525,GRCh38_notinsegdups,corrected,838,817,0.5416991426344505,0.8506731946144431,0.5986218776916451,0.7027300303336703
525,525,GRCh38_notinsegdups,legacy,838,838,0.5532245532245532,0.8496420047732697,0.6132644272179156,0.7123561780890446
525,525,GRCh38_segdups,corrected,838,21,0.014592274678111588,0.8095238095238095,0.014642549526270457,0.028764805414551613
525,525,GRCh38_segdups,legacy,838,506,0.3530844155844156,0.8596837944664032,0.37467700258397935,0.521895620875825
526,526,GRCh38_alldifficultregions,corrected,1080,285,0.1784841075794621,0.7684210526315789,0.18863049095607234,0.30290456431535273
526,526,GRCh38_alldifficultregions,legacy,1080,1000,0.6199400299850075,0.827,0.7123169681309216,0.7653863951874131
526,526,GRCh38_alllowmapandsegdupregions,corrected,1080,31,0.021422450728363324,0.8064516129032258,0.02153316106804479,0.04194630872483222
526,526,GRCh38_alllowmapandsegdupregions,legacy,1080,826,0.516793893129771,0.8196125907990315,0.5831180017226529,0.6814292903875189
526,526,GRCh38_notinalldifficultregions,corrected,1080,795,0.5365278868813825,0.8591194968553459,0.5882859603789836,0.698364008179959
526,526,GRCh38_notinalldifficultregions,legacy,1080,1076,0.6706497386109037,0.8345724907063197,0.7734711455641688,0.8028609745194456
526,526,GRCh38_notinalllowmapandsegdupregions,corrected,1080,1049,0.6579144786196549,0.8360343183984748,0.7553832902670112,0.7936651583710409
526,526,GRCh38_notinalllowmapandsegdupregions,legacy,1080,1080,0.6736370425690814,0.8351851851851851,0.7769164513350559,0.8049977688531905
526,526,GRCh38_notinsegdups,corrected,1080,1051,0.6594148537134283,0.8363463368220743,0.7571059431524548,0.7947558770343581
526,526,GRCh38_notinsegdups,legacy,1080,1080,0.6736370425690814,0.8351851851851851,0.7769164513350559,0.8049977688531905
526,526,GRCh38_segdups,corrected,1080,29,0.01970865467009426,0.7931034482758621,0.019810508182601206,0.038655462184873944
526,526,GRCh38_segdups,legacy,1080,664,0.42578125,0.8207831325301205,0.4694229112833764,0.5972602739726027
527,527,GRCh38_alldifficultregions,corrected,838,195,0.13472803347280335,0.8256410256410256,0.13867355727820843,0.2374631268436578
527,527,GRCh38_alldifficultregions,legacy,838,771,0.5058456742010912,0.8417639429312581,0.5590008613264428,0.6718426501035196
527,527,GRCh38_alllowmapandsegdupregions,corrected,838,24,0.016295025728987993,0.7916666666666666,0.01636520241171404,0.032067510548523206
527,527,GRCh38_alllowmapandsegdupregions,legacy,838,623,0.4272,0.8571428571428571,0.4599483204134367,0.5986547085201793
527,527,GRCh38_notinalldifficultregions,corrected,838,643,0.4397446129289705,0.8569206842923794,0.47459086993970717,0.6108647450110865
527,527,GRCh38_notinalldifficultregions,legacy,838,834,0.5513219284603421,0.8501199040767387,0.6106804478897502,0.7107769423558897
527,527,GRCh38_notinalllowmapandsegdupregions,corrected,838,814,0.5405616224648986,0.8513513513513513,0.5968992248062015,0.7017721518987342
527,527,GRCh38_notinalllowmapandsegdupregions,legacy,838,838,0.5532245532245532,0.8496420047732697,0.6132644272179156,0.7123561780890446
527,527,GRCh38_notinsegdups,corrected,838,817,0.5416991426344505,0.8506731946144431,0.5986218776916451,0.7027300303336703
527,527,GRCh38_notinsegdups,legacy,838,838,0.5532245532245532,0.8496420047732697,0.6132644272179156,0.7123561780890446
527,527,GRCh38_segdups,corrected,838,21,0.014592274678111588,0.8095238095238095,0.014642549526270457,0.028764805414551613
527,527,GRCh38_segdups,legacy,838,506,0.3530844155844156,0.8596837944664032,0.37467700258397935,0.521895620875825
528,528,GRCh38_alldifficultregions,corrected,1045,258,0.1756420878210439,0.8217054263565892,0.1826012058570198,0.29880197322057783
528,528,GRCh38_alldifficultregions,legacy,1045,969,0.6447876447876448,0.8617131062951496,0.719207579672696,0.7840375586854461
528,528,GRCh38_alllowmapandsegdupregions,corrected,1045,31,0.021422450728363324,0.8064516129032258,0.02153316106804479,0.04194630872483222
528,528,GRCh38_alllowmapandsegdupregions,legacy,1045,794,0.5333333333333333,0.8564231738035264,0.5857019810508183,0.6956521739130435
528,528,GRCh38_notinalldifficultregions,corrected,1045,787,0.5584,0.8869123252858958,0.6012058570198106,0.7166324435318275
528,528,GRCh38_notinalldifficultregions,legacy,1045,1042,0.6998456790123457,0.8704414587332053,0.781223083548665,0.8234226055379028
528,528,GRCh38_notinalllowmapandsegdupregions,corrected,1045,1014,0.686046511627907,0.8727810650887574,0.7622739018087855,0.8137931034482758
528,528,GRCh38_notinalllowmapandsegdupregions,legacy,1045,1045,0.7021604938271605,0.8708133971291866,0.7838070628768303,0.8250226654578423
528,528,GRCh38_notinsegdups,corrected,1045,1018,0.6878388845855926,0.8722986247544204,0.7648578811369509,0.815052776502983
528,528,GRCh38_notinsegdups,legacy,1045,1045,0.7021604938271605,0.8708133971291866,0.7838070628768303,0.8250226654578423
528,528,GRCh38_segdups,corrected,1045,27,0.018867924528301886,0.8148148148148148,0.018949181739879414,0.03703703703703704
528,528,GRCh38_segdups,legacy,1045,631,0.4358974358974359,0.8621236133122029,0.46856158484065463,0.6071428571428572
531,531,GRCh38_alldifficultregions,corrected,2210,788,0.12011494252873563,0.2652284263959391,0.18001722652885443,0.21446895844022576
531,531,GRCh38_alldifficultregions,legacy,2210,2067,0.31701346389228885,0.37590711175616837,0.6692506459948321,0.48141263940520446
531,531,GRCh38_alllowmapandsegdupregions,corrected,2210,158,0.02248062015503876,0.18354430379746836,0.024978466838931956,0.04397270659590599
531,531,GRCh38_alllowmapandsegdupregions,legacy,2210,1717,0.2836752899197145,0.37041351193942923,0.5478036175710594,0.4419735927727589
531,531,GRCh38_notinalldifficultregions,corrected,2210,1422,0.3266563944530046,0.4472573839662447,0.5478036175710594,0.49245063879210216
531,531,GRCh38_notinalldifficultregions,legacy,2210,2204,0.3326732673267327,0.3811252268602541,0.7235142118863049,0.4992570579494799
531,531,GRCh38_notinalllowmapandsegdupregions,corrected,2210,2052,0.3404255319148936,0.39766081871345027,0.7028423772609819,0.5079365079365079
531,531,GRCh38_notinalllowmapandsegdupregions,legacy,2210,2210,0.3345209817893903,0.38235294117647056,0.7278208440999139,0.5013349154553545
531,531,GRCh38_notinsegdups,corrected,2210,2059,0.34110787172011664,0.3977659057795046,0.7054263565891473,0.5086956521739131
531,531,GRCh38_notinsegdups,legacy,2210,2210,0.3345209817893903,0.38235294117647056,0.7278208440999139,0.5013349154553545
531,531,GRCh38_segdups,corrected,2210,151,0.02021772939346812,0.17218543046357615,0.02239448751076658,0.039634146341463415
531,531,GRCh38_segdups,legacy,2210,1376,0.25222112537018754,0.37136627906976744,0.4401378122308355,0.402837997635002
532,532,GRCh38_alldifficultregions,corrected,1550,620,0.13729246487867178,0.3467741935483871,0.18518518518518517,0.2414373947220662
532,532,GRCh38_alldifficultregions,legacy,1550,1449,0.4380165289256198,0.5486542443064182,0.6847545219638242,0.6091954022988505
532,532,GRCh38_alllowmapandsegdupregions,corrected,1550,161,0.02242846094354215,0.18012422360248448,0.024978466838931956,0.04387291981845689
532,532,GRCh38_alllowmapandsegdupregions,legacy,1550,1202,0.3851113716295428,0.5465890183028286,0.5658914728682171,0.5560727888277613
532,532,GRCh38_notinalldifficultregions,corrected,1550,930,0.4551148225469729,0.7032258064516129,0.5633074935400517,0.6255380200860832
532,532,GRCh38_notinalldifficultregions,legacy,1550,1542,0.470620239390642,0.5609597924773022,0.7450473729543498,0.6400295967443581
532,532,GRCh38_notinalllowmapandsegdupregions,corrected,1550,1389,0.49122807017543857,0.6047516198704104,0.7235142118863049,0.6588235294117647
532,532,GRCh38_notinalllowmapandsegdupregions,legacy,1550,1548,0.4722826086956522,0.5613695090439277,0.7484926787252368,0.6415651531930602
532,532,GRCh38_notinsegdups,corrected,1550,1392,0.49298245614035086,0.6056034482758621,0.7260981912144703,0.6603995299647473
532,532,GRCh38_notinsegdups,legacy,1550,1548,0.4722826086956522,0.5613695090439277,0.7484926787252368,0.6415651531930602
532,532,GRCh38_segdups,corrected,1550,158,0.020108275328692964,0.16455696202531644,0.02239448751076658,0.039423805913570885
532,532,GRCh38_segdups,legacy,1550,995,0.32432432432432434,0.5306532663316583,0.45478036175710596,0.4897959183673469
533,533,GRCh38_alldifficultregions,corrected,2210,788,0.12011494252873563,0.2652284263959391,0.18001722652885443,0.21446895844022576
533,533,GRCh38_alldifficultregions,legacy,2210,2067,0.31701346389228885,0.37590711175616837,0.6692506459948321,0.48141263940520446
533,533,GRCh38_alllowmapandsegdupregions,corrected,2210,158,0.02248062015503876,0.18354430379746836,0.024978466838931956,0.04397270659590599
533,533,GRCh38_alllowmapandsegdupregions,legacy,2210,1717,0.2836752899197145,0.37041351193942923,0.5478036175710594,0.4419735927727589
533,533,GRCh38_notinalldifficultregions,corrected,2210,1422,0.3266563944530046,0.4472573839662447,0.5478036175710594,0.49245063879210216
533,533,GRCh38_notinalldifficultregions,legacy,2210,2204,0.3326732673267327,0.3811252268602541,0.7235142118863049,0.4992570579494799
533,533,GRCh38_notinalllowmapandsegdupregions,corrected,2210,2052,0.3404255319148936,0.39766081871345027,0.7028423772609819,0.5079365079365079
533,533,GRCh38_notinalllowmapandsegdupregions,legacy,2210,2210,0.3345209817893903,0.38235294117647056,0.7278208440999139,0.5013349154553545
533,533,GRCh38_notinsegdups,corrected,2210,2059,0.34110787172011664,0.3977659057795046,0.7054263565891473,0.5086956521739131
533,533,GRCh38_notinsegdups,legacy,2210,2210,0.3345209817893903,0.38235294117647056,0.7278208440999139,0.5013349154553545
533,533,GRCh38_segdups,corrected,2210,151,0.02021772939346812,0.17218543046357615,0.02239448751076658,0.039634146341463415
533,533,GRCh38_segdups,legacy,2210,1376,0.25222112537018754,0.37136627906976744,0.4401378122308355,0.402837997635002
534,534,GRCh38_alldifficultregions,corrected,1499,614,0.14001284521515736,0.3550488599348534,0.18776916451335057,0.24563380281690142
534,534,GRCh38_alldifficultregions,legacy,1499,1406,0.46267806267806266,0.577524893314367,0.6993970714900948,0.6326451110245421
534,534,GRCh38_alllowmapandsegdupregions,corrected,1499,133,0.022116903633491312,0.21052631578947367,0.024117140396210164,0.04327666151468316
534,534,GRCh38_alllowmapandsegdupregions,legacy,1499,1166,0.3984375,0.5686106346483705,0.5710594315245479,0.5698324022346368
534,534,GRCh38_notinalldifficultregions,corrected,1499,885,0.485838779956427,0.7559322033898305,0.5762273901808785,0.653958944281525
534,534,GRCh38_notinalldifficultregions,legacy,1499,1493,0.49858836815358554,0.5914266577361018,0.7605512489233419,0.6654107008289375
534,534,GRCh38_notinalllowmapandsegdupregions,corrected,1499,1366,0.5149880095923262,0.6288433382137628,0.739879414298019,0.6798575385833003
534,534,GRCh38_notinalllowmapandsegdupregions,legacy,1499,1499,0.5002820078962211,0.5917278185456971,0.7639965546942291,0.6669172932330827
534,534,GRCh38_notinsegdups,corrected,1499,1372,0.5167664670658683,0.6290087463556852,0.7433247200689062,0.6814054480852745
534,534,GRCh38_notinsegdups,legacy,1499,1499,0.5002820078962211,0.5917278185456971,0.7639965546942291,0.6669172932330827
534,534,GRCh38_segdups,corrected,1499,127,0.0189873417721519,0.1889763779527559,0.020671834625323,0.037267080745341616
534,534,GRCh38_segdups,legacy,1499,960,0.33480176211453744,0.5541666666666667,0.4582256675279931,0.5016501650165017
537,537,GRCh38_alldifficultregions,corrected,2622,912,0.11331901181525242,0.23135964912280702,0.181739879414298,0.20356970574047276
537,537,GRCh38_alldifficultregions,legacy,2622,2465,0.2776603241719521,0.31967545638945233,0.6787252368647717,0.4346387203530061
537,537,GRCh38_alllowmapandsegdupregions,corrected,2622,177,0.022935779816513763,0.1694915254237288,0.025839793281653745,0.04484304932735426
537,537,GRCh38_alllowmapandsegdupregions,legacy,2622,2034,0.2524500196001568,0.3166175024582104,0.5546942291128337,0.40312989045383407
537,537,GRCh38_notinalldifficultregions,corrected,2622,1710,0.28917826672653796,0.37660818713450295,0.5546942291128337,0.4486241727621038
537,537,GRCh38_notinalldifficultregions,legacy,2622,2615,0.29049897470950103,0.32504780114722753,0.7321274763135228,0.4502118644067797
537,537,GRCh38_notinalllowmapandsegdupregions,corrected,2622,2445,0.296655879180151,0.3374233128834356,0.710594315245478,0.4575707154742097
537,537,GRCh38_notinalllowmapandsegdupregions,legacy,2622,2622,0.29200819672131145,0.32608695652173914,0.7364341085271318,0.45202220459952414
537,537,GRCh38_notinsegdups,corrected,2622,2453,0.2972002871500359,0.33754586220953936,0.7131782945736435,0.45821804095185387
537,537,GRCh38_notinsegdups,legacy,2622,2622,0.29200819672131145,0.32608695652173914,0.7364341085271318,0.45202220459952414
537,537,GRCh38_segdups,corrected,2622,169,0.02072141212586339,0.15976331360946747,0.023255813953488372,0.04060150375939849
537,537,GRCh38_segdups,legacy,2622,1642,0.22723292469352013,0.3160779537149817,0.4470284237726098,0.37031751694612913
538,538,GRCh38_alldifficultregions,corrected,1543,601,0.1411917098445596,0.3627287853577371,0.18776916451335057,0.24744608399545973
538,538,GRCh38_alldifficultregions,legacy,1543,1440,0.44741235392320533,0.5583333333333333,0.6925064599483204,0.6182237600922722
538,538,GRCh38_alllowmapandsegdupregions,corrected,1543,145,0.022709475332811275,0.2,0.024978466838931956,0.0444104134762634
538,538,GRCh38_alllowmapandsegdupregions,legacy,1543,1188,0.3940652818991098,0.5589225589225589,0.5719207579672696,0.5653469561515538
538,538,GRCh38_notinalldifficultregions,corrected,1543,942,0.4573804573804574,0.7006369426751592,0.5684754521963824,0.6276747503566334
538,538,GRCh38_notinalldifficultregions,legacy,1543,1537,0.4791666666666667,0.5686402081977879,0.7527993109388458,0.647887323943662
538,538,GRCh38_notinalllowmapandsegdupregions,corrected,1543,1398,0.4964912280701754,0.6072961373390557,0.7312661498708011,0.6635404454865181
538,538,GRCh38_notinalllowmapandsegdupregions,legacy,1543,1543,0.48083242059145676,0.5690213869086196,0.756244616709733,0.6494082840236687
538,538,GRCh38_notinsegdups,corrected,1543,1403,0.4976635514018692,0.6072701354240913,0.7338501291989664,0.6645865834633385
538,538,GRCh38_notinsegdups,legacy,1543,1543,0.48083242059145676,0.5690213869086196,0.756244616709733,0.6494082840236687
538,538,GRCh38_segdups,corrected,1543,140,0.0203921568627451,0.18571428571428572,0.02239448751076658,0.03996925441967717
538,538,GRCh38_segdups,legacy,1543,978,0.3310516490354698,0.5439672801635992,0.4582256675279931,0.49742870500233755
539,539,GRCh38_alldifficultregions,corrected,2622,912,0.11331901181525242,0.23135964912280702,0.181739879414298,0.20356970574047276
539,539,GRCh38_alldifficultregions,legacy,2622,2465,0.2776603241719521,0.31967545638945233,0.6787252368647717,0.4346387203530061
539,539,GRCh38_alllowmapandsegdupregions,corrected,2622,177,0.022935779816513763,0.1694915254237288,0.025839793281653745,0.04484304932735426
539,539,GRCh38_alllowmapandsegdupregions,legacy,2622,2034,0.2524500196001568,0.3166175024582104,0.5546942291128337,0.40312989045383407
539,539,GRCh38_notinalldifficultregions,corrected,2622,1710,0.28917826672653796,0.37660818713450295,0.5546942291128337,0.4486241727621038
539,539,GRCh38_notinalldifficultregions,legacy,2622,2615,0.29049897470950103,0.32504780114722753,0.7321274763135228,0.4502118644067797
539,539,GRCh38_notinalllowmapandsegdupregions,corrected,2622,2445,0.296655879180151,0.3374233128834356,0.710594315245478,0.4575707154742097
539,539,GRCh38_notinalllowmapandsegdupregions,legacy,2622,2622,0.29200819672131145,0.32608695652173914,0.7364341085271318,0.45202220459952414
539,539,GRCh38_notinsegdups,corrected,2622,2453,0.2972002871500359,0.33754586220953936,0.7131782945736435,0.45821804095185387
539,539,GRCh38_notinsegdups,legacy,2622,2622,0.29200819672131145,0.32608695652173914,0.7364341085271318,0.45202220459952414
539,539,GRCh38_segdups,corrected,2622,169,0.02072141212586339,0.15976331360946747,0.023255813953488372,0.04060150375939849
539,539,GRCh38_segdups,legacy,2622,1642,0.22723292469352013,0.3160779537149817,0.4470284237726098,0.37031751694612913
540,540,GRCh38_alldifficultregions,corrected,1516,602,0.1403622250970246,0.36046511627906974,0.18690783807062877,0.2461712989222915
540,540,GRCh38_alldifficultregions,legacy,1516,1421,0.46538024971623154,0.5770584095707249,0.7062876830318691,0.635166537567777
540,540,GRCh38_alllowmapandsegdupregions,corrected,1516,128,0.022204599524187154,0.21875,0.024117140396210164,0.04344453064391001
540,540,GRCh38_alllowmapandsegdupregions,legacy,1516,1174,0.4032451923076923,0.5715502555366269,0.5779500430663221,0.5747323340471092
540,540,GRCh38_notinalldifficultregions,corrected,1516,914,0.4863896848137536,0.7428884026258206,0.5848406546080964,0.6544578313253012
540,540,GRCh38_notinalldifficultregions,legacy,1516,1511,0.501123595505618,0.5903375248180013,0.768303186907838,0.6676646706586825
540,540,GRCh38_notinalllowmapandsegdupregions,corrected,1516,1388,0.5163593099345628,0.6253602305475504,0.7476313522825151,0.6810513927030208
540,540,GRCh38_notinalllowmapandsegdupregions,legacy,1516,1516,0.5030881527231892,0.5910290237467019,0.7717484926787253,0.6694060515502428
540,540,GRCh38_notinsegdups,corrected,1516,1393,0.5184304399524375,0.6259870782483847,0.7510766580534023,0.682850430696946
540,540,GRCh38_notinsegdups,legacy,1516,1516,0.5030881527231892,0.5910290237467019,0.7717484926787253,0.6694060515502428
540,540,GRCh38_segdups,corrected,1516,123,0.01904761904761905,0.1951219512195122,0.020671834625323,0.037383177570093455
540,540,GRCh38_segdups,legacy,1516,962,0.33943217665615144,0.5592515592515592,0.46339362618432384,0.5068299576071597
543,543,GRCh38_alldifficultregions,corrected,2724,943,0.11205073995771671,0.22481442205726404,0.1826012058570198,0.20152091254752852
543,543,GRCh38_alldifficultregions,legacy,2724,2554,0.2705198358413133,0.30971025841816757,0.6813092161929372,0.42584118438761775
543,543,GRCh38_alllowmapandsegdupregions,corrected,2724,183,0.0228310502283105,0.16393442622950818,0.025839793281653745,0.04464285714285714
543,543,GRCh38_alllowmapandsegdupregions,legacy,2724,2120,0.24563401670463175,0.30518867924528303,0.5572782084409992,0.39439195367266083
543,543,GRCh38_notinalldifficultregions,corrected,2724,1781,0.2813588850174216,0.3627175743964065,0.5564168819982773,0.43915703602991163
543,543,GRCh38_notinalldifficultregions,legacy,2724,2718,0.28189028420356904,0.3138337012509198,0.7347114556416882,0.439804073214746
543,543,GRCh38_notinalllowmapandsegdupregions,corrected,2724,2541,0.2881002087682672,0.32585596221959856,0.7131782945736435,0.4473257698541329
543,543,GRCh38_notinalllowmapandsegdupregions,legacy,2724,2724,0.28344895936570863,0.31497797356828194,0.7390180878552972,0.44169884169884166
543,543,GRCh38_notinsegdups,corrected,2724,2548,0.28874218207088254,0.326138147566719,0.7157622739018088,0.44809921811809117
543,543,GRCh38_notinsegdups,legacy,2724,2724,0.28344895936570863,0.31497797356828194,0.7390180878552972,0.44169884169884166
543,543,GRCh38_segdups,corrected,2724,176,0.020610687022900764,0.1534090909090909,0.023255813953488372,0.04038893044128646
543,543,GRCh38_segdups,legacy,2724,1711,0.22108843537414966,0.30391583869082406,0.4478897502153316,0.36211699164345407
544,544,GRCh38_alldifficultregions,corrected,1600,631,0.13994910941475827,0.3486529318541997,0.18949181739879414,0.24553571428571433
544,544,GRCh38_alldifficultregions,legacy,1600,1498,0.43729729729729727,0.5400534045393859,0.6968130921619293,0.6084994358781497
544,544,GRCh38_alllowmapandsegdupregions,corrected,1600,145,0.022709475332811275,0.2,0.024978466838931956,0.0444104134762634
544,544,GRCh38_alllowmapandsegdupregions,legacy,1600,1230,0.38689095127610207,0.5422764227642276,0.5745047372954349,0.5579255541614387
544,544,GRCh38_notinalldifficultregions,corrected,1600,969,0.45194274028629855,0.6842105263157895,0.5710594315245479,0.6225352112676056
544,544,GRCh38_notinalldifficultregions,legacy,1600,1592,0.46905016008537886,0.5521356783919598,0.7571059431524548,0.6385760988013076
544,544,GRCh38_notinalllowmapandsegdupregions,corrected,1600,1455,0.48467650397275824,0.5869415807560138,0.73557278208441,0.6529051987767583
544,544,GRCh38_notinalllowmapandsegdupregions,legacy,1600,1598,0.470682302771855,0.5525657071339174,0.7605512489233419,0.6400869880391447
544,544,GRCh38_notinsegdups,corrected,1600,1458,0.48637911464245176,0.5877914951989026,0.7381567614125754,0.6544482626956853
544,544,GRCh38_notinsegdups,legacy,1600,1598,0.470682302771855,0.5525657071339174,0.7605512489233419,0.6400869880391447
544,544,GRCh38_segdups,corrected,1600,142,0.020360219263899765,0.18309859154929578,0.02239448751076658,0.03990790483499616
544,544,GRCh38_segdups,legacy,1600,1019,0.3260340632603406,0.5260058881256133,0.4616709732988803,0.491743119266055
545,545,GRCh38_alldifficultregions,corrected,2724,943,0.11205073995771671,0.22481442205726404,0.1826012058570198,0.20152091254752852
545,545,GRCh38_alldifficultregions,legacy,2724,2554,0.2705198358413133,0.30971025841816757,0.6813092161929372,0.42584118438761775
545,545,GRCh38_alllowmapandsegdupregions,corrected,2724,183,0.0228310502283105,0.16393442622950818,0.025839793281653745,0.04464285714285714
545,545,GRCh38_alllowmapandsegdupregions,legacy,2724,2120,0.24563401670463175,0.30518867924528303,0.5572782084409992,0.39439195367266083
545,545,GRCh38_notinalldifficultregions,corrected,2724,1781,0.2813588850174216,0.3627175743964065,0.5564168819982773,0.43915703602991163
545,545,GRCh38_notinalldifficultregions,legacy,2724,2718,0.28189028420356904,0.3138337012509198,0.7347114556416882,0.439804073214746
545,545,GRCh38_notinalllowmapandsegdupregions,corrected,2724,2541,0.2881002087682672,0.32585596221959856,0.7131782945736435,0.4473257698541329
545,545,GRCh38_notinalllowmapandsegdupregions,legacy,2724,2724,0.28344895936570863,0.31497797356828194,0.7390180878552972,0.44169884169884166
545,545,GRCh38_notinsegdups,corrected,2724,2548,0.28874218207088254,0.326138147566719,0.7157622739018088,0.44809921811809117
545,545,GRCh38_notinsegdups,legacy,2724,2724,0.28344895936570863,0.31497797356828194,0.7390180878552972,0.44169884169884166
545,545,GRCh38_segdups,corrected,2724,176,0.020610687022900764,0.1534090909090909,0.023255813953488372,0.04038893044128646
545,545,GRCh38_segdups,legacy,2724,1711,0.22108843537414966,0.30391583869082406,0.4478897502153316,0.36211699164345407
546,546,GRCh38_alldifficultregions,corrected,1562,630,0.1385886840432295,0.346031746031746,0.18776916451335057,0.24343941931881632
546,546,GRCh38_alldifficultregions,legacy,1562,1464,0.45509977827050996,0.5607923497267759,0.7071490094745909,0.6255238095238095
546,546,GRCh38_alllowmapandsegdupregions,corrected,1562,131,0.022151898734177215,0.21374045801526717,0.024117140396210164,0.043343653250773995
546,546,GRCh38_alllowmapandsegdupregions,legacy,1562,1212,0.39424206815511165,0.5536303630363036,0.5779500430663221,0.5655288664138222
546,546,GRCh38_notinalldifficultregions,corrected,1562,932,0.4801980198019802,0.7285407725321889,0.5848406546080964,0.6488294314381271
546,546,GRCh38_notinalldifficultregions,legacy,1562,1556,0.4895833333333333,0.5739074550128535,0.7691645133505599,0.6573426573426574
546,546,GRCh38_notinalllowmapandsegdupregions,corrected,1562,1431,0.5043528728961114,0.6072676450034941,0.7484926787252368,0.6705246913580246
546,546,GRCh38_notinalllowmapandsegdupregions,legacy,1562,1562,0.49123767798466594,0.5742637644046095,0.772609819121447,0.6588321704002938
546,546,GRCh38_notinsegdups,corrected,1562,1437,0.5060869565217392,0.6075156576200418,0.751937984496124,0.6720554272517322
546,546,GRCh38_notinsegdups,legacy,1562,1562,0.49123767798466594,0.5742637644046095,0.772609819121447,0.6588321704002938
546,546,GRCh38_segdups,corrected,1562,125,0.01901743264659271,0.192,0.020671834625323,0.03732503888024884
546,546,GRCh38_segdups,legacy,1562,996,0.3331273176761434,0.5411646586345381,0.46425495262704564,0.49976819656930915
549,549,GRCh38_alldifficultregions,corrected,2164,758,0.12222222222222222,0.2757255936675462,0.18001722652885443,0.21782178217821782
549,549,GRCh38_alldifficultregions,legacy,2164,2032,0.32051282051282054,0.3813976377952756,0.6675279931093885,0.48543689320388345
549,549,GRCh38_alllowmapandsegdupregions,corrected,2164,162,0.02241112828438949,0.17901234567901234,0.024978466838931956,0.04383975812547241
549,549,GRCh38_alllowmapandsegdupregions,legacy,2164,1679,0.2873980054397099,0.3776057176891007,0.5460809646856158,0.44647887323943664
549,549,GRCh38_notinalldifficultregions,corrected,2164,1406,0.32730093071354704,0.45021337126600286,0.5452196382428941,0.49318270354499416
549,549,GRCh38_notinalldifficultregions,legacy,2164,2157,0.3373639661426844,0.38803894297635605,0.7209302325581395,0.5045207956600362
549,549,GRCh38_notinalllowmapandsegdupregions,corrected,2164,2002,0.34595744680851065,0.4060939060939061,0.7002583979328165,0.5140689219095795
549,549,GRCh38_notinalllowmapandsegdupregions,legacy,2164,2164,0.3391059202577527,0.38909426987060997,0.7252368647717485,0.5064661654135337
549,549,GRCh38_notinsegdups,corrected,2164,2010,0.3464968152866242,0.4059701492537313,0.7028423772609819,0.5146641438032167
549,549,GRCh38_notinsegdups,legacy,2164,2164,0.3391059202577527,0.38909426987060997,0.7252368647717485,0.5064661654135337
549,549,GRCh38_segdups,corrected,2164,154,0.02017067494181536,0.16883116883116883,0.02239448751076658,0.03954372623574144
549,549,GRCh38_segdups,legacy,2164,1349,0.255,0.3780578206078577,0.4392764857881137,0.40637450199203184
550,550,GRCh38_alldifficultregions,corrected,1473,578,0.13883431565160445,0.36678200692041524,0.1826012058570198,0.24381828637147784
550,550,GRCh38_alldifficultregions,legacy,1473,1373,0.4471730439748715,0.5702840495265841,0.6744186046511628,0.6179952644041041
550,550,GRCh38_alllowmapandsegdupregions,corrected,1473,149,0.0218408736349454,0.18791946308724833,0.024117140396210164,0.042748091603053436
550,550,GRCh38_alllowmapandsegdupregions,legacy,1473,1141,0.39177750906892383,0.567922874671341,0.5581395348837209,0.5629887054735012
550,550,GRCh38_notinalldifficultregions,corrected,1473,895,0.4571226080793763,0.7206703910614525,0.5555555555555556,0.627431906614786
550,550,GRCh38_notinalldifficultregions,legacy,1473,1467,0.48056338028169016,0.5814587593728698,0.7347114556416882,0.6491628614916286
550,550,GRCh38_notinalllowmapandsegdupregions,corrected,1473,1324,0.5006038647342995,0.6261329305135952,0.7140396210163652,0.6672032193158954
550,550,GRCh38_notinalllowmapandsegdupregions,legacy,1473,1473,0.48227349465391106,0.581805838424983,0.7381567614125754,0.6507213363705391
550,550,GRCh38_notinsegdups,corrected,1473,1328,0.5021122510561256,0.6265060240963856,0.7166236003445305,0.6685415829650463
550,550,GRCh38_notinsegdups,legacy,1473,1473,0.48227349465391106,0.581805838424983,0.7381567614125754,0.6507213363705391
550,550,GRCh38_segdups,corrected,1473,145,0.0195160031225605,0.1724137931034483,0.02153316106804479,0.03828483920367535
550,550,GRCh38_segdups,legacy,1473,943,0.32744479495268136,0.5503711558854719,0.4470284237726098,0.49334600760456276
551,551,GRCh38_alldifficultregions,corrected,2164,758,0.12222222222222222,0.2757255936675462,0.18001722652885443,0.21782178217821782
551,551,GRCh38_alldifficultregions,legacy,2164,2032,0.32051282051282054,0.3813976377952756,0.6675279931093885,0.48543689320388345
551,551,GRCh38_alllowmapandsegdupregions,corrected,2164,162,0.02241112828438949,0.17901234567901234,0.024978466838931956,0.04383975812547241
551,551,GRCh38_alllowmapandsegdupregions,legacy,2164,1679,0.2873980054397099,0.3776057176891007,0.5460809646856158,0.44647887323943664
551,551,GRCh38_notinalldifficultregions,corrected,2164,1406,0.32730093071354704,0.45021337126600286,0.5452196382428941,0.49318270354499416
551,551,GRCh38_notinalldifficultregions,legacy,2164,2157,0.3373639661426844,0.38803894297635605,0.7209302325581395,0.5045207956600362
551,551,GRCh38_notinalllowmapandsegdupregions,corrected,2164,2002,0.34595744680851065,0.4060939060939061,0.7002583979328165,0.5140689219095795
551,551,GRCh38_notinalllowmapandsegdupregions,legacy,2164,2164,0.3391059202577527,0.38909426987060997,0.7252368647717485,0.5064661654135337
551,551,GRCh38_notinsegdups,corrected,2164,2010,0.3464968152866242,0.4059701492537313,0.7028423772609819,0.5146641438032167
551,551,GRCh38_notinsegdups,legacy,2164,2164,0.3391059202577527,0.38909426987060997,0.7252368647717485,0.5064661654135337
551,551,GRCh38_segdups,corrected,2164,154,0.02017067494181536,0.16883116883116883,0.02239448751076658,0.03954372623574144
551,551,GRCh38_segdups,legacy,2164,1349,0.255,0.3780578206078577,0.4392764857881137,0.40637450199203184
552,552,GRCh38_alldifficultregions,corrected,1456,586,0.14332460732984292,0.37372013651877134,0.18863049095607234,0.25071551230681166
552,552,GRCh38_alldifficultregions,legacy,1456,1366,0.475189725627554,0.595900439238653,0.7011197243755384,0.6442421844083894
552,552,GRCh38_alllowmapandsegdupregions,corrected,1456,133,0.022116903633491312,0.21052631578947367,0.024117140396210164,0.04327666151468316
552,552,GRCh38_alllowmapandsegdupregions,legacy,1456,1126,0.4091189155884165,0.5896980461811723,0.5719207579672696,0.5806733712286839
552,552,GRCh38_notinalldifficultregions,corrected,1456,870,0.4911894273127753,0.7689655172413793,0.5762273901808785,0.6587887740029542
552,552,GRCh38_notinalldifficultregions,legacy,1456,1450,0.5118702953097858,0.6096551724137931,0.7614125753660638,0.6771351972424359
552,552,GRCh38_notinalllowmapandsegdupregions,corrected,1456,1323,0.5295566502463054,0.6500377928949358,0.7407407407407407,0.6924315619967794
552,552,GRCh38_notinalllowmapandsegdupregions,legacy,1456,1456,0.5135916714864083,0.6098901098901099,0.7648578811369509,0.6786396637371036
552,552,GRCh38_notinsegdups,corrected,1456,1328,0.5316923076923077,0.6506024096385542,0.7441860465116279,0.694254720771394
552,552,GRCh38_notinsegdups,legacy,1456,1456,0.5135916714864083,0.6098901098901099,0.7648578811369509,0.6786396637371036
552,552,GRCh38_segdups,corrected,1456,128,0.018972332015810278,0.1875,0.020671834625323,0.037238169123351435
552,552,GRCh38_segdups,legacy,1456,927,0.34190231362467866,0.5738942826321467,0.4582256675279931,0.5095785440613028
555,555,GRCh38_alldifficultregions,corrected,1752,474,0.12063056888279644,0.37130801687763715,0.1515934539190353,0.21529051987767583
555,555,GRCh38_alldifficultregions,legacy,1752,1625,0.34654422426292897,0.4412307692307692,0.6175710594315246,0.5147164393395549
555,555,GRCh38_alllowmapandsegdupregions,corrected,1752,16,0.004266211604095563,0.3125,0.004306632213608958,0.008496176720475788
555,555,GRCh38_alllowmapandsegdupregions,legacy,1752,1308,0.3077330508474576,0.4441896024464832,0.5004306632213609,0.4706358849736736
555,555,GRCh38_notinalldifficultregions,corrected,1752,1278,0.33060556464811786,0.47417840375586856,0.5219638242894057,0.4969249692496925
555,555,GRCh38_notinalldifficultregions,legacy,1752,1748,0.3650868137024871,0.4450800915331808,0.6701119724375538,0.5348917153661052
555,555,GRCh38_notinalllowmapandsegdupregions,corrected,1752,1736,0.36650943396226415,0.4475806451612903,0.6692506459948321,0.536416983085951
555,555,GRCh38_notinalllowmapandsegdupregions,legacy,1752,1752,0.3669638667292351,0.4463470319634703,0.673557278208441,0.5369035358736698
555,555,GRCh38_notinsegdups,corrected,1752,1736,0.36650943396226415,0.4475806451612903,0.6692506459948321,0.536416983085951
555,555,GRCh38_notinsegdups,legacy,1752,1752,0.3669638667292351,0.4463470319634703,0.673557278208441,0.5369035358736698
555,555,GRCh38_segdups,corrected,1752,16,0.004266211604095563,0.3125,0.004306632213608958,0.008496176720475788
555,555,GRCh38_segdups,legacy,1752,1035,0.26936416184971096,0.4502415458937198,0.40137812230835485,0.42440801457194893
556,556,GRCh38_alldifficultregions,corrected,1211,354,0.1339820359281437,0.5056497175141242,0.15417743324720068,0.23630363036303628
556,556,GRCh38_alldifficultregions,legacy,1211,1121,0.4808565866320571,0.6610169491525424,0.6382428940568475,0.64943032427695
556,556,GRCh38_alllowmapandsegdupregions,corrected,1211,6,0.0034393809114359416,0.6666666666666666,0.0034453057708871662,0.006855184233076263
556,556,GRCh38_alllowmapandsegdupregions,legacy,1211,922,0.4102911306702776,0.6572668112798264,0.5219638242894057,0.5818530964954393
556,556,GRCh38_notinalldifficultregions,corrected,1211,857,0.45809248554913296,0.7397899649941657,0.5460809646856158,0.6283448959365708
556,556,GRCh38_notinalldifficultregions,legacy,1211,1209,0.5202052597819115,0.6708023159636063,0.6985357450473729,0.6843881856540084
556,556,GRCh38_notinalllowmapandsegdupregions,corrected,1211,1205,0.5195889531149647,0.6713692946058091,0.6968130921619293,0.68385460693153
556,556,GRCh38_notinalllowmapandsegdupregions,legacy,1211,1211,0.5214881334188582,0.671345995045417,0.7002583979328165,0.6854974704890389
556,556,GRCh38_notinsegdups,corrected,1211,1205,0.5195889531149647,0.6713692946058091,0.6968130921619293,0.68385460693153
556,556,GRCh38_notinsegdups,legacy,1211,1211,0.5214881334188582,0.671345995045417,0.7002583979328165,0.6854974704890389
556,556,GRCh38_segdups,corrected,1211,6,0.0034393809114359416,0.6666666666666666,0.0034453057708871662,0.006855184233076263
556,556,GRCh38_segdups,legacy,1211,742,0.34203102961918197,0.6536388140161725,0.4177433247200689,0.509721492380452
557,557,GRCh38_alldifficultregions,corrected,1752,474,0.12063056888279644,0.37130801687763715,0.1515934539190353,0.21529051987767583
557,557,GRCh38_alldifficultregions,legacy,1752,1625,0.34654422426292897,0.4412307692307692,0.6175710594315246,0.5147164393395549
557,557,GRCh38_alllowmapandsegdupregions,corrected,1752,16,0.004266211604095563,0.3125,0.004306632213608958,0.008496176720475788
557,557,GRCh38_alllowmapandsegdupregions,legacy,1752,1308,0.3077330508474576,0.4441896024464832,0.5004306632213609,0.4706358849736736
557,557,GRCh38_notinalldifficultregions,corrected,1752,1278,0.33060556464811786,0.47417840375586856,0.5219638242894057,0.4969249692496925
557,557,GRCh38_notinalldifficultregions,legacy,1752,1748,0.3650868137024871,0.4450800915331808,0.6701119724375538,0.5348917153661052
557,557,GRCh38_notinalllowmapandsegdupregions,corrected,1752,1736,0.36650943396226415,0.4475806451612903,0.6692506459948321,0.536416983085951
557,557,GRCh38_notinalllowmapandsegdupregions,legacy,1752,1752,0.3669638667292351,0.4463470319634703,0.673557278208441,0.5369035358736698
557,557,GRCh38_notinsegdups,corrected,1752,1736,0.36650943396226415,0.4475806451612903,0.6692506459948321,0.536416983085951
557,557,GRCh38_notinsegdups,legacy,1752,1752,0.3669638667292351,0.4463470319634703,0.673557278208441,0.5369035358736698
557,557,GRCh38_segdups,corrected,1752,16,0.004266211604095563,0.3125,0.004306632213608958,0.008496176720475788
557,557,GRCh38_segdups,legacy,1752,1035,0.26936416184971096,0.4502415458937198,0.40137812230835485,0.42440801457194893
558,558,GRCh38_alldifficultregions,corrected,1246,366,0.13447251114413075,0.49453551912568305,0.15590008613264428,0.23706614276358876
558,558,GRCh38_alldifficultregions,legacy,1246,1156,0.4890745501285347,0.6583044982698962,0.6554694229112834,0.6568839015968926
558,558,GRCh38_alllowmapandsegdupregions,corrected,1246,10,0.001710863986313088,0.2,0.0017226528854435831,0.003415883859948762
558,558,GRCh38_alllowmapandsegdupregions,legacy,1246,930,0.4176271186440678,0.6623655913978495,0.5305770887166236,0.5891917742706838
558,558,GRCh38_notinalldifficultregions,corrected,1246,880,0.471521268925739,0.7431818181818182,0.5633074935400517,0.6408623223909848
558,558,GRCh38_notinalldifficultregions,legacy,1246,1240,0.53125,0.6717741935483871,0.7174849267872524,0.6938775510204082
558,558,GRCh38_notinalllowmapandsegdupregions,corrected,1246,1236,0.532608695652174,0.6739482200647249,0.7174849267872524,0.6950354609929077
558,558,GRCh38_notinalllowmapandsegdupregions,legacy,1246,1246,0.5311704834605598,0.6701444622792937,0.719207579672696,0.6938097216452015
558,558,GRCh38_notinsegdups,corrected,1246,1236,0.532608695652174,0.6739482200647249,0.7174849267872524,0.6950354609929077
558,558,GRCh38_notinsegdups,legacy,1246,1246,0.5311704834605598,0.6701444622792937,0.719207579672696,0.6938097216452015
558,558,GRCh38_segdups,corrected,1246,10,0.001710863986313088,0.2,0.0017226528854435831,0.003415883859948762
558,558,GRCh38_segdups,legacy,1246,750,0.3457746478873239,0.6546666666666666,0.42291128337639966,0.5138670852956567
561,561,GRCh38_alldifficultregions,corrected,846,201,0.02637528259231349,0.17412935323383086,0.030146425495262703,0.05139500734214391
561,561,GRCh38_alldifficultregions,legacy,846,789,0.0743801652892562,0.17110266159695817,0.11627906976744186,0.13846153846153844
561,561,GRCh38_alllowmapandsegdupregions,corrected,846,3,0.0,0.0,0.0,0.0
561,561,GRCh38_alllowmapandsegdupregions,legacy,846,647,0.06165590135055784,0.16228748068006182,0.09043927648578812,0.11615044247787612
561,561,GRCh38_notinalldifficultregions,corrected,846,645,0.06235294117647059,0.16434108527131783,0.0913006029285099,0.11738648947951272
561,561,GRCh38_notinalldifficultregions,legacy,846,846,0.07556270096463022,0.16666666666666666,0.12144702842377261,0.14050822122571002
561,561,GRCh38_notinalllowmapandsegdupregions,corrected,846,843,0.07568438003220612,0.16725978647686832,0.12144702842377261,0.1407185628742515
561,561,GRCh38_notinalllowmapandsegdupregions,legacy,846,846,0.07556270096463022,0.16666666666666666,0.12144702842377261,0.14050822122571002
561,561,GRCh38_notinsegdups,corrected,846,843,0.07568438003220612,0.16725978647686832,0.12144702842377261,0.1407185628742515
561,561,GRCh38_notinsegdups,legacy,846,846,0.07556270096463022,0.16666666666666666,0.12144702842377261,0.14050822122571002
561,561,GRCh38_segdups,corrected,846,3,0.0,0.0,0.0,0.0
561,561,GRCh38_segdups,legacy,846,511,0.05223410950283197,0.162426614481409,0.0714900947459087,0.09928229665071771
562,562,GRCh38_alldifficultregions,corrected,758,218,0.07566302652106084,0.44495412844036697,0.08354866494401378,0.1406816533720087
562,562,GRCh38_alldifficultregions,legacy,758,691,0.2969187675070028,0.613603473227207,0.3652024117140396,0.45788336933045354
562,562,GRCh38_alllowmapandsegdupregions,corrected,758,1,0.0,0.0,0.0,0.0
562,562,GRCh38_alllowmapandsegdupregions,legacy,758,557,0.2521865889212828,0.6211849192100538,0.2980189491817399,0.40279394644935973
562,562,GRCh38_notinalldifficultregions,corrected,758,540,0.28863636363636364,0.7055555555555556,0.3281653746770026,0.44797178130511456
562,562,GRCh38_notinalldifficultregions,legacy,758,757,0.33102012491325467,0.6301188903566711,0.4108527131782946,0.4973931178310741
562,562,GRCh38_notinalllowmapandsegdupregions,corrected,758,757,0.33194444444444443,0.631439894319683,0.4117140396210164,0.4984358706986445
562,562,GRCh38_notinalllowmapandsegdupregions,legacy,758,758,0.33171408743927827,0.6306068601583114,0.4117140396210164,0.4981761334028141
562,562,GRCh38_notinsegdups,corrected,758,757,0.33194444444444443,0.631439894319683,0.4117140396210164,0.4984358706986445
562,562,GRCh38_notinsegdups,legacy,758,758,0.33171408743927827,0.6306068601583114,0.4117140396210164,0.4981761334028141
562,562,GRCh38_segdups,corrected,758,1,0.0,0.0,0.0,0.0
562,562,GRCh38_segdups,legacy,758,445,0.20299625468164795,0.6089887640449438,0.23341946597760552,0.33748443337484435
563,563,GRCh38_alldifficultregions,corrected,846,201,0.02637528259231349,0.17412935323383086,0.030146425495262703,0.05139500734214391
563,563,GRCh38_alldifficultregions,legacy,846,789,0.0743801652892562,0.17110266159695817,0.11627906976744186,0.13846153846153844
563,563,GRCh38_alllowmapandsegdupregions,corrected,846,3,0.0,0.0,0.0,0.0
563,563,GRCh38_alllowmapandsegdupregions,legacy,846,647,0.06165590135055784,0.16228748068006182,0.09043927648578812,0.11615044247787612
563,563,GRCh38_notinalldifficultregions,corrected,846,645,0.06235294117647059,0.16434108527131783,0.0913006029285099,0.11738648947951272
563,563,GRCh38_notinalldifficultregions,legacy,846,846,0.07556270096463022,0.16666666666666666,0.12144702842377261,0.14050822122571002
563,563,GRCh38_notinalllowmapandsegdupregions,corrected,846,843,0.07568438003220612,0.16725978647686832,0.12144702842377261,0.1407185628742515
563,563,GRCh38_notinalllowmapandsegdupregions,legacy,846,846,0.07556270096463022,0.16666666666666666,0.12144702842377261,0.14050822122571002
563,563,GRCh38_notinsegdups,corrected,846,843,0.07568438003220612,0.16725978647686832,0.12144702842377261,0.1407185628742515
563,563,GRCh38_notinsegdups,legacy,846,846,0.07556270096463022,0.16666666666666666,0.12144702842377261,0.14050822122571002
563,563,GRCh38_segdups,corrected,846,3,0.0,0.0,0.0,0.0
563,563,GRCh38_segdups,legacy,846,511,0.05223410950283197,0.162426614481409,0.0714900947459087,0.09928229665071771
564,564,GRCh38_alldifficultregions,corrected,787,222,0.0779423226812159,0.45045045045045046,0.08613264427217916,0.14461315979754158
564,564,GRCh38_alldifficultregions,legacy,787,729,0.30886426592797783,0.6117969821673526,0.384151593453919,0.47195767195767196
564,564,GRCh38_alllowmapandsegdupregions,corrected,787,5,0.001718213058419244,0.4,0.0017226528854435831,0.003430531732418525
564,564,GRCh38_alllowmapandsegdupregions,legacy,787,585,0.2588320115356885,0.6136752136752137,0.30921619293712316,0.41122565864833904
564,564,GRCh38_notinalldifficultregions,corrected,787,565,0.29094988780852654,0.6884955752212389,0.3350559862187769,0.45075318655851676
564,564,GRCh38_notinalldifficultregions,legacy,787,783,0.33516483516483514,0.6232439335887612,0.42032730404823426,0.5020576131687242
564,564,GRCh38_notinalllowmapandsegdupregions,corrected,787,782,0.33447802197802196,0.6227621483375959,0.41946597760551246,0.5012866700977869
564,564,GRCh38_notinalllowmapandsegdupregions,legacy,787,787,0.33516106922549693,0.6213468869123253,0.42118863049095606,0.5020533880903492
564,564,GRCh38_notinsegdups,corrected,787,782,0.33447802197802196,0.6227621483375959,0.41946597760551246,0.5012866700977869
564,564,GRCh38_notinsegdups,legacy,787,787,0.33516106922549693,0.6213468869123253,0.42118863049095606,0.5020533880903492
564,564,GRCh38_segdups,corrected,787,5,0.001718213058419244,0.4,0.0017226528854435831,0.003430531732418525
564,564,GRCh38_segdups,legacy,787,470,0.2144452717795979,0.6127659574468085,0.24806201550387597,0.35315757204169224
567,567,GRCh38_alldifficultregions,corrected,2406,647,0.10920245398773006,0.2751159196290572,0.1533161068044789,0.19690265486725667
567,567,GRCh38_alldifficultregions,legacy,2406,2239,0.2772351615326822,0.3296114336757481,0.6356589147286822,0.4341176470588235
567,567,GRCh38_alllowmapandsegdupregions,corrected,2406,20,0.004251700680272109,0.25,0.004306632213608958,0.008467400508044032
567,567,GRCh38_alllowmapandsegdupregions,legacy,2406,1826,0.2497907949790795,0.32694414019715223,0.5142118863049095,0.39973217274857714
567,567,GRCh38_notinalldifficultregions,corrected,2406,1759,0.27344090710859137,0.3564525298465037,0.5400516795865633,0.42945205479452053
567,567,GRCh38_notinalldifficultregions,legacy,2406,2401,0.29011227816008694,0.3336109954185756,0.689922480620155,0.44974733295901176
567,567,GRCh38_notinalllowmapandsegdupregions,corrected,2406,2386,0.2912267928649436,0.3352891869237217,0.6890611541774333,0.4510854243022273
567,567,GRCh38_notinalllowmapandsegdupregions,legacy,2406,2406,0.29145546705286024,0.3345802161263508,0.6933677863910422,0.45135968601065324
567,567,GRCh38_notinsegdups,corrected,2406,2386,0.2912267928649436,0.3352891869237217,0.6890611541774333,0.4510854243022273
567,567,GRCh38_notinsegdups,legacy,2406,2406,0.29145546705286024,0.3345802161263508,0.6933677863910422,0.45135968601065324
567,567,GRCh38_segdups,corrected,2406,20,0.004251700680272109,0.25,0.004306632213608958,0.008467400508044032
567,567,GRCh38_segdups,legacy,2406,1450,0.22467166979362102,0.3303448275862069,0.4125753660637382,0.3669092301800077
568,568,GRCh38_alldifficultregions,corrected,1401,440,0.1314487632508834,0.42272727272727273,0.16020671834625322,0.23235477826358525
568,568,GRCh38_alldifficultregions,legacy,1401,1305,0.45229681978798586,0.5885057471264368,0.661498708010336,0.6228710462287104
568,568,GRCh38_alllowmapandsegdupregions,corrected,1401,7,0.003436426116838488,0.5714285714285714,0.0034453057708871662,0.006849315068493151
568,568,GRCh38_alllowmapandsegdupregions,legacy,1401,1055,0.3928346951602766,0.5924170616113744,0.5383290267011197,0.5640794223826716
568,568,GRCh38_notinalldifficultregions,corrected,1401,961,0.44648943421949555,0.6815816857440167,0.5641688199827735,0.6173421300659755
568,568,GRCh38_notinalldifficultregions,legacy,1401,1399,0.4875072632190587,0.5997140814867763,0.7226528854435831,0.6554687499999999
568,568,GRCh38_notinalllowmapandsegdupregions,corrected,1401,1394,0.4871944121071013,0.6004304160688666,0.7209302325581395,0.6551859099804305
568,568,GRCh38_notinalllowmapandsegdupregions,legacy,1401,1401,0.4886693782684486,0.6002855103497502,0.7243755383290267,0.6565183450429353
568,568,GRCh38_notinsegdups,corrected,1401,1394,0.4871944121071013,0.6004304160688666,0.7209302325581395,0.6551859099804305
568,568,GRCh38_notinsegdups,legacy,1401,1401,0.4886693782684486,0.6002855103497502,0.7243755383290267,0.6565183450429353
568,568,GRCh38_segdups,corrected,1401,7,0.003436426116838488,0.5714285714285714,0.0034453057708871662,0.006849315068493151
568,568,GRCh38_segdups,legacy,1401,855,0.32981530343007914,0.5847953216374269,0.4306632213608958,0.49603174603174605
569,569,GRCh38_alldifficultregions,corrected,2406,647,0.10920245398773006,0.2751159196290572,0.1533161068044789,0.19690265486725667
569,569,GRCh38_alldifficultregions,legacy,2406,2239,0.2772351615326822,0.3296114336757481,0.6356589147286822,0.4341176470588235
569,569,GRCh38_alllowmapandsegdupregions,corrected,2406,20,0.004251700680272109,0.25,0.004306632213608958,0.008467400508044032
569,569,GRCh38_alllowmapandsegdupregions,legacy,2406,1826,0.2497907949790795,0.32694414019715223,0.5142118863049095,0.39973217274857714
569,569,GRCh38_notinalldifficultregions,corrected,2406,1759,0.27344090710859137,0.3564525298465037,0.5400516795865633,0.42945205479452053
569,569,GRCh38_notinalldifficultregions,legacy,2406,2401,0.29011227816008694,0.3336109954185756,0.689922480620155,0.44974733295901176
569,569,GRCh38_notinalllowmapandsegdupregions,corrected,2406,2386,0.2912267928649436,0.3352891869237217,0.6890611541774333,0.4510854243022273
569,569,GRCh38_notinalllowmapandsegdupregions,legacy,2406,2406,0.29145546705286024,0.3345802161263508,0.6933677863910422,0.45135968601065324
569,569,GRCh38_notinsegdups,corrected,2406,2386,0.2912267928649436,0.3352891869237217,0.6890611541774333,0.4510854243022273
569,569,GRCh38_notinsegdups,legacy,2406,2406,0.29145546705286024,0.3345802161263508,0.6933677863910422,0.45135968601065324
569,569,GRCh38_segdups,corrected,2406,20,0.004251700680272109,0.25,0.004306632213608958,0.008467400508044032
569,569,GRCh38_segdups,legacy,2406,1450,0.22467166979362102,0.3303448275862069,0.4125753660637382,0.3669092301800077
570,570,GRCh38_alldifficultregions,corrected,1369,418,0.12947067238912732,0.43301435406698563,0.15590008613264428,0.22925902469917672
570,570,GRCh38_alldifficultregions,legacy,1369,1265,0.4667472793228537,0.6102766798418973,0.664944013781223,0.6364385820280297
570,570,GRCh38_alllowmapandsegdupregions,corrected,1369,9,0.0017123287671232876,0.2222222222222222,0.0017226528854435831,0.003418803418803419
570,570,GRCh38_alllowmapandsegdupregions,legacy,1369,1023,0.40089801154586274,0.6109481915933529,0.5383290267011197,0.5723443223443223
570,570,GRCh38_notinalldifficultregions,corrected,1369,951,0.4615916955017301,0.7013669821240799,0.5745047372954349,0.6316287878787878
570,570,GRCh38_notinalldifficultregions,legacy,1369,1364,0.5038713519952353,0.6202346041055719,0.7286821705426356,0.6700990099009901
570,570,GRCh38_notinalllowmapandsegdupregions,corrected,1369,1360,0.5050746268656716,0.6220588235294118,0.7286821705426356,0.6711622372074574
570,570,GRCh38_notinalllowmapandsegdupregions,legacy,1369,1369,0.5041617122473246,0.6194302410518627,0.7304048234280792,0.6703557312252965
570,570,GRCh38_notinsegdups,corrected,1369,1360,0.5050746268656716,0.6220588235294118,0.7286821705426356,0.6711622372074574
570,570,GRCh38_notinsegdups,legacy,1369,1369,0.5041617122473246,0.6194302410518627,0.7304048234280792,0.6703557312252965
570,570,GRCh38_segdups,corrected,1369,9,0.0017123287671232876,0.2222222222222222,0.0017226528854435831,0.003418803418803419
570,570,GRCh38_segdups,legacy,1369,826,0.3362474781439139,0.6053268765133172,0.4306632213608958,0.5032712632108707
573,573,GRCh38_alldifficultregions,corrected,550,147,0.026687598116169546,0.23129251700680273,0.029285099052540915,0.05198776758409786
573,573,GRCh38_alldifficultregions,legacy,550,517,0.08397932816537468,0.2514506769825919,0.1119724375538329,0.15494636471990467
573,573,GRCh38_alllowmapandsegdupregions,corrected,550,5,0.0,0.0,0.0,0.0
573,573,GRCh38_alllowmapandsegdupregions,legacy,550,413,0.06856754921928038,0.24455205811138014,0.08699397071490095,0.12833545108005084
573,573,GRCh38_notinalldifficultregions,corrected,550,403,0.06976744186046512,0.2531017369727047,0.08785529715762273,0.13043478260869565
573,573,GRCh38_notinalldifficultregions,legacy,550,550,0.08634920634920636,0.24727272727272728,0.11714039621016366,0.15897136177673876
573,573,GRCh38_notinalllowmapandsegdupregions,corrected,550,545,0.08662420382165605,0.24954128440366974,0.11714039621016366,0.15943728018757328
573,573,GRCh38_notinalllowmapandsegdupregions,legacy,550,550,0.08634920634920636,0.24727272727272728,0.11714039621016366,0.15897136177673876
573,573,GRCh38_notinsegdups,corrected,550,545,0.08662420382165605,0.24954128440366974,0.11714039621016366,0.15943728018757328
573,573,GRCh38_notinsegdups,legacy,550,550,0.08634920634920636,0.24727272727272728,0.11714039621016366,0.15897136177673876
573,573,GRCh38_segdups,corrected,550,5,0.0,0.0,0.0,0.0
573,573,GRCh38_segdups,legacy,550,321,0.05630791161796151,0.24610591900311526,0.06804478897502153,0.10661268556005396
574,574,GRCh38_alldifficultregions,corrected,639,161,0.07742461287693561,0.5900621118012422,0.0818260120585702,0.1437216338880484
574,574,GRCh38_alldifficultregions,legacy,639,576,0.31491294473883424,0.7222222222222222,0.35831180017226527,0.47898675877950486
574,574,GRCh38_alllowmapandsegdupregions,corrected,639,0,0.0,,0.0,
574,574,GRCh38_alllowmapandsegdupregions,legacy,639,470,0.26434108527131783,0.725531914893617,0.29371231696813094,0.41814837522992027
574,574,GRCh38_notinalldifficultregions,corrected,639,478,0.2956521739130435,0.7824267782426778,0.32213608957795004,0.4563758389261745
574,574,GRCh38_notinalldifficultregions,legacy,639,638,0.3516153268219384,0.7335423197492164,0.40310077519379844,0.5202890494719289
574,574,GRCh38_notinalllowmapandsegdupregions,corrected,639,639,0.35236664162284,0.7339593114241002,0.40396210163652024,0.5211111111111112
574,574,GRCh38_notinalllowmapandsegdupregions,legacy,639,639,0.35236664162284,0.7339593114241002,0.40396210163652024,0.5211111111111112
574,574,GRCh38_notinsegdups,corrected,639,639,0.35236664162284,0.7339593114241002,0.40396210163652024,0.5211111111111112
574,574,GRCh38_notinsegdups,legacy,639,639,0.35236664162284,0.7339593114241002,0.40396210163652024,0.5211111111111112
574,574,GRCh38_segdups,corrected,639,0,0.0,,0.0,
574,574,GRCh38_segdups,legacy,639,369,0.21044303797468356,0.7208672086720868,0.22911283376399655,0.3477124183006536
575,575,GRCh38_alldifficultregions,corrected,550,147,0.026687598116169546,0.23129251700680273,0.029285099052540915,0.05198776758409786
575,575,GRCh38_alldifficultregions,legacy,550,517,0.08397932816537468,0.2514506769825919,0.1119724375538329,0.15494636471990467
575,575,GRCh38_alllowmapandsegdupregions,corrected,550,5,0.0,0.0,0.0,0.0
575,575,GRCh38_alllowmapandsegdupregions,legacy,550,413,0.06856754921928038,0.24455205811138014,0.08699397071490095,0.12833545108005084
575,575,GRCh38_notinalldifficultregions,corrected,550,403,0.06976744186046512,0.2531017369727047,0.08785529715762273,0.13043478260869565
575,575,GRCh38_notinalldifficultregions,legacy,550,550,0.08634920634920636,0.24727272727272728,0.11714039621016366,0.15897136177673876
575,575,GRCh38_notinalllowmapandsegdupregions,corrected,550,545,0.08662420382165605,0.24954128440366974,0.11714039621016366,0.15943728018757328
575,575,GRCh38_notinalllowmapandsegdupregions,legacy,550,550,0.08634920634920636,0.24727272727272728,0.11714039621016366,0.15897136177673876
575,575,GRCh38_notinsegdups,corrected,550,545,0.08662420382165605,0.24954128440366974,0.11714039621016366,0.15943728018757328
575,575,GRCh38_notinsegdups,legacy,550,550,0.08634920634920636,0.24727272727272728,0.11714039621016366,0.15897136177673876
575,575,GRCh38_segdups,corrected,550,5,0.0,0.0,0.0,0.0
575,575,GRCh38_segdups,legacy,550,321,0.05630791161796151,0.24610591900311526,0.06804478897502153,0.10661268556005396
576,576,GRCh38_alldifficultregions,corrected,697,185,0.07766212970376302,0.5243243243243243,0.08354866494401378,0.14413075780089152
576,576,GRCh38_alldifficultregions,legacy,697,647,0.3216374269005848,0.6800618238021638,0.3789836347975883,0.48672566371681414
576,576,GRCh38_alllowmapandsegdupregions,corrected,697,6,0.0017167381974248926,0.3333333333333333,0.0017226528854435831,0.0034275921165381317
576,576,GRCh38_alllowmapandsegdupregions,legacy,697,515,0.2668178382464097,0.6854368932038835,0.3040482342807924,0.4212410501193317
576,576,GRCh38_notinalldifficultregions,corrected,697,512,0.2979053529868115,0.75,0.330749354005168,0.4590555887627017
576,576,GRCh38_notinalldifficultregions,legacy,697,694,0.3490909090909091,0.69164265129683,0.4134366925064599,0.5175202156334231
576,576,GRCh38_notinalllowmapandsegdupregions,corrected,697,691,0.348871085214858,0.6931982633863966,0.4125753660637382,0.5172786177105831
576,576,GRCh38_notinalllowmapandsegdupregions,legacy,697,697,0.3493100944081336,0.6901004304160688,0.4142980189491817,0.5177610333692142
576,576,GRCh38_notinsegdups,corrected,697,691,0.348871085214858,0.6931982633863966,0.4125753660637382,0.5172786177105831
576,576,GRCh38_notinsegdups,legacy,697,697,0.3493100944081336,0.6901004304160688,0.4142980189491817,0.5177610333692142
576,576,GRCh38_segdups,corrected,697,6,0.0017167381974248926,0.3333333333333333,0.0017226528854435831,0.0034275921165381317
576,576,GRCh38_segdups,legacy,697,412,0.2193798449612403,0.6868932038834952,0.24375538329026702,0.3598219961856326
577,577,GRCh38_alldifficultregions,corrected,1290,331,0.183187946074544,0.6978851963746223,0.19896640826873385,0.30965147453083114
577,577,GRCh38_alldifficultregions,legacy,1290,1181,0.5813639432815665,0.729043183742591,0.7416020671834626,0.7352690008539711
577,577,GRCh38_alllowmapandsegdupregions,corrected,1290,56,0.02527379949452401,0.5357142857142857,0.025839793281653745,0.049301561216105176
577,577,GRCh38_alllowmapandsegdupregions,legacy,1290,968,0.486731843575419,0.7200413223140496,0.6003445305770887,0.6547674964772193
577,577,GRCh38_notinalldifficultregions,corrected,1290,959,0.5035460992907801,0.7403545359749739,0.611541774332472,0.669811320754717
577,577,GRCh38_notinalldifficultregions,legacy,1290,1287,0.6211920529801325,0.7288267288267288,0.8079242032730405,0.7663398692810457
577,577,GRCh38_notinalllowmapandsegdupregions,corrected,1290,1234,0.6138814016172507,0.7382495948136143,0.7846683893195521,0.7607515657620042
577,577,GRCh38_notinalllowmapandsegdupregions,legacy,1290,1290,0.6231788079470199,0.7294573643410853,0.8105081826012058,0.7678498572011424
577,577,GRCh38_notinsegdups,corrected,1290,1238,0.616576819407008,0.7390953150242326,0.7881136950904393,0.7628178407669862
577,577,GRCh38_notinsegdups,legacy,1290,1290,0.6231788079470199,0.7294573643410853,0.8105081826012058,0.7678498572011424
577,577,GRCh38_segdups,corrected,1290,52,0.02190395956192081,0.5,0.02239448751076658,0.04286892003297609
577,577,GRCh38_segdups,legacy,1290,773,0.39840925524222703,0.7128072445019404,0.47459086993970717,0.5698035160289555
578,578,GRCh38_alldifficultregions,corrected,1006,234,0.17820945945945946,0.9017094017094017,0.181739879414298,0.3025089605734767
578,578,GRCh38_alldifficultregions,legacy,1006,919,0.6573705179282868,0.8977149075081611,0.710594315245478,0.7932692307692307
578,578,GRCh38_alllowmapandsegdupregions,corrected,1006,16,0.010300429184549357,0.75,0.0103359173126615,0.020390824129141887
578,578,GRCh38_alllowmapandsegdupregions,legacy,1006,739,0.5359741309620049,0.8971583220568335,0.5710594315245479,0.6978947368421052
578,578,GRCh38_notinalldifficultregions,corrected,1006,772,0.5551086082059533,0.8937823834196891,0.5943152454780362,0.7139161924469736
578,578,GRCh38_notinalldifficultregions,legacy,1006,1003,0.7093206951026856,0.8953140578265204,0.7734711455641688,0.8299445471349353
578,578,GRCh38_notinalllowmapandsegdupregions,corrected,1006,990,0.7044374009508716,0.897979797979798,0.7657192075796727,0.8265922826592284
578,578,GRCh38_notinalllowmapandsegdupregions,legacy,1006,1006,0.7116903633491312,0.8956262425447317,0.7760551248923342,0.8315643747115828
578,578,GRCh38_notinsegdups,corrected,1006,992,0.7033227848101266,0.8961693548387096,0.7657192075796727,0.8258244310264747
578,578,GRCh38_notinsegdups,legacy,1006,1006,0.7116903633491312,0.8956262425447317,0.7760551248923342,0.8315643747115828
578,578,GRCh38_segdups,corrected,1006,14,0.010318142734307825,0.8571428571428571,0.0103359173126615,0.02042553191489362
578,578,GRCh38_segdups,legacy,1006,583,0.42950819672131146,0.8987993138936535,0.45133505598621876,0.6009174311926606
579,579,GRCh38_alldifficultregions,corrected,2209,656,0.15365079365079365,0.36890243902439024,0.20844099913867356,0.2663731425426527
579,579,GRCh38_alldifficultregions,legacy,2209,2047,0.3857451403887689,0.4362481680508061,0.7691645133505599,0.5567331670822943
579,579,GRCh38_alllowmapandsegdupregions,corrected,2209,98,0.027755102040816326,0.3469387755102041,0.029285099052540915,0.054011119936457505
579,579,GRCh38_alllowmapandsegdupregions,legacy,2209,1676,0.34073724007561434,0.4301909307875895,0.6210163652024118,0.508283397955587
579,579,GRCh38_notinalldifficultregions,corrected,2209,1553,0.37139969681657403,0.4732775273663876,0.6330749354005168,0.5416359616801768
579,579,GRCh38_notinalldifficultregions,legacy,2209,2203,0.40635451505016723,0.44121652292328645,0.8372093023255814,0.577883472057075
579,579,GRCh38_notinalllowmapandsegdupregions,corrected,2209,2111,0.40489480463718336,0.44670772145902415,0.8122308354866494,0.5764058679706601
579,579,GRCh38_notinalllowmapandsegdupregions,legacy,2209,2209,0.4082741328875888,0.4422815753734722,0.8415159345391904,0.5798219584569733
579,579,GRCh38_notinsegdups,corrected,2209,2115,0.40661227994847576,0.4477541371158392,0.8156761412575366,0.5781440781440781
579,579,GRCh38_notinsegdups,legacy,2209,2209,0.4082741328875888,0.4422815753734722,0.8415159345391904,0.5798219584569733
579,579,GRCh38_segdups,corrected,2209,94,0.024489795918367346,0.3191489361702128,0.025839793281653745,0.04780876494023904
579,579,GRCh38_segdups,legacy,2209,1336,0.2984919396775871,0.4296407185628742,0.49440137812230833,0.4597517020424509
580,580,GRCh38_alldifficultregions,corrected,1242,330,0.16575449569976544,0.6424242424242425,0.1826012058570198,0.28437290409121396
580,580,GRCh38_alldifficultregions,legacy,1242,1153,0.5478260869565217,0.7103209019947961,0.7054263565891473,0.7078651685393259
580,580,GRCh38_alllowmapandsegdupregions,corrected,1242,37,0.02480752780153978,0.7837837837837838,0.024978466838931956,0.04841402337228715
580,580,GRCh38_alllowmapandsegdupregions,legacy,1242,947,0.4588235294117647,0.7001055966209081,0.5710594315245479,0.6290322580645161
580,580,GRCh38_notinalldifficultregions,corrected,1242,912,0.49029475197699496,0.7478070175438597,0.5874246339362619,0.6579835986493006
580,580,GRCh38_notinalldifficultregions,legacy,1242,1238,0.5897945659377071,0.7189014539579968,0.7665805340223945,0.7419758232596915
580,580,GRCh38_notinalllowmapandsegdupregions,corrected,1242,1205,0.5762824783477681,0.7178423236514523,0.7450473729543498,0.7311918850380389
580,580,GRCh38_notinalllowmapandsegdupregions,legacy,1242,1242,0.5924453280318092,0.7198067632850241,0.7700258397932817,0.7440699126092384
580,580,GRCh38_notinsegdups,corrected,1242,1209,0.5778961384820239,0.717948717948718,0.7476313522825151,0.7324894514767933
580,580,GRCh38_notinsegdups,legacy,1242,1242,0.5924453280318092,0.7198067632850241,0.7700258397932817,0.7440699126092384
580,580,GRCh38_segdups,corrected,1242,33,0.02226027397260274,0.7878787878787878,0.02239448751076658,0.04355108877721943
580,580,GRCh38_segdups,legacy,1242,748,0.38233164373642287,0.7058823529411765,0.45478036175710596,0.5531691985332636
581,581,GRCh38_alldifficultregions,corrected,2227,924,0.11676486341724691,0.23593073593073594,0.18776916451335057,0.20911270983213429
581,581,GRCh38_alldifficultregions,legacy,2227,2076,0.3266393442622951,0.38391136801541426,0.6864771748492678,0.4924312635156009
581,581,GRCh38_alllowmapandsegdupregions,corrected,2227,178,0.02291825821237586,0.16853932584269662,0.025839793281653745,0.04480955937266617
581,581,GRCh38_alllowmapandsegdupregions,legacy,2227,1703,0.2935862691960253,0.3816793893129771,0.5598621877691645,0.4539106145251397
581,581,GRCh38_notinalldifficultregions,corrected,2227,1303,0.36207849640685463,0.5026861089792786,0.5641688199827735,0.5316558441558442
581,581,GRCh38_notinalldifficultregions,legacy,2227,2218,0.345679012345679,0.3913435527502254,0.7476313522825151,0.5137614678899083
581,581,GRCh38_notinalllowmapandsegdupregions,corrected,2227,2049,0.3561470215462611,0.41142020497803805,0.7260981912144703,0.525233644859813
581,581,GRCh38_notinalllowmapandsegdupregions,legacy,2227,2227,0.347117296222664,0.3920071845532106,0.751937984496124,0.5153482880755609
581,581,GRCh38_notinsegdups,corrected,2227,2057,0.35723323492197384,0.4117647058823529,0.7295434969853575,0.526413921690491
581,581,GRCh38_notinsegdups,legacy,2227,2227,0.347117296222664,0.3920071845532106,0.751937984496124,0.5153482880755609
581,581,GRCh38_segdups,corrected,2227,170,0.01992337164750958,0.15294117647058825,0.02239448751076658,0.03906836964688204
581,581,GRCh38_segdups,legacy,2227,1387,0.25765054294175715,0.37635183850036047,0.4496124031007752,0.40973312401883827
582,582,GRCh38_alldifficultregions,corrected,1767,573,0.11368015414258188,0.3089005235602094,0.1524547803617571,0.2041522491349481
582,582,GRCh38_alldifficultregions,legacy,1767,1632,0.3604481246955675,0.4534313725490196,0.6373815676141258,0.5298961689939133
582,582,GRCh38_alllowmapandsegdupregions,corrected,1767,11,0.0025662959794696323,0.2727272727272727,0.002583979328165375,0.005119453924914676
582,582,GRCh38_alllowmapandsegdupregions,legacy,1767,1325,0.3174350821409645,0.4520754716981132,0.5159345391903531,0.4818986323411102
582,582,GRCh38_notinalldifficultregions,corrected,1767,1194,0.37157833430401865,0.5343383584589615,0.549526270456503,0.5418259023354565
582,582,GRCh38_notinalldifficultregions,legacy,1767,1763,0.38446969696969696,0.46057855927396485,0.6993970714900948,0.5554035567715458
582,582,GRCh38_notinalllowmapandsegdupregions,corrected,1767,1756,0.3857482185273159,0.4624145785876993,0.6993970714900948,0.5567363729859445
582,582,GRCh38_notinalllowmapandsegdupregions,legacy,1767,1767,0.38570752484619025,0.46123372948500285,0.7019810508182601,0.5566939890710384
582,582,GRCh38_notinsegdups,corrected,1767,1756,0.3857482185273159,0.4624145785876993,0.6993970714900948,0.5567363729859445
582,582,GRCh38_notinsegdups,legacy,1767,1767,0.38570752484619025,0.46123372948500285,0.7019810508182601,0.5566939890710384
582,582,GRCh38_segdups,corrected,1767,11,0.0025662959794696323,0.2727272727272727,0.002583979328165375,0.005119453924914676
582,582,GRCh38_segdups,legacy,1767,1059,0.2765957446808511,0.4542020774315392,0.4142980189491817,0.43333333333333335
583,583,GRCh38_alldifficultregions,corrected,1290,331,0.183187946074544,0.6978851963746223,0.19896640826873385,0.30965147453083114
583,583,GRCh38_alldifficultregions,legacy,1290,1181,0.5813639432815665,0.729043183742591,0.7416020671834626,0.7352690008539711
583,583,GRCh38_alllowmapandsegdupregions,corrected,1290,56,0.02527379949452401,0.5357142857142857,0.025839793281653745,0.049301561216105176
583,583,GRCh38_alllowmapandsegdupregions,legacy,1290,968,0.486731843575419,0.7200413223140496,0.6003445305770887,0.6547674964772193
583,583,GRCh38_notinalldifficultregions,corrected,1290,959,0.5035460992907801,0.7403545359749739,0.611541774332472,0.669811320754717
583,583,GRCh38_notinalldifficultregions,legacy,1290,1287,0.6211920529801325,0.7288267288267288,0.8079242032730405,0.7663398692810457
583,583,GRCh38_notinalllowmapandsegdupregions,corrected,1290,1234,0.6138814016172507,0.7382495948136143,0.7846683893195521,0.7607515657620042
583,583,GRCh38_notinalllowmapandsegdupregions,legacy,1290,1290,0.6231788079470199,0.7294573643410853,0.8105081826012058,0.7678498572011424
583,583,GRCh38_notinsegdups,corrected,1290,1238,0.616576819407008,0.7390953150242326,0.7881136950904393,0.7628178407669862
583,583,GRCh38_notinsegdups,legacy,1290,1290,0.6231788079470199,0.7294573643410853,0.8105081826012058,0.7678498572011424
583,583,GRCh38_segdups,corrected,1290,52,0.02190395956192081,0.5,0.02239448751076658,0.04286892003297609
583,583,GRCh38_segdups,legacy,1290,773,0.39840925524222703,0.7128072445019404,0.47459086993970717,0.5698035160289555
584,584,GRCh38_alldifficultregions,corrected,1006,234,0.17820945945945946,0.9017094017094017,0.181739879414298,0.3025089605734767
584,584,GRCh38_alldifficultregions,legacy,1006,919,0.6573705179282868,0.8977149075081611,0.710594315245478,0.7932692307692307
584,584,GRCh38_alllowmapandsegdupregions,corrected,1006,16,0.010300429184549357,0.75,0.0103359173126615,0.020390824129141887
584,584,GRCh38_alllowmapandsegdupregions,legacy,1006,739,0.5359741309620049,0.8971583220568335,0.5710594315245479,0.6978947368421052
584,584,GRCh38_notinalldifficultregions,corrected,1006,772,0.5551086082059533,0.8937823834196891,0.5943152454780362,0.7139161924469736
584,584,GRCh38_notinalldifficultregions,legacy,1006,1003,0.7093206951026856,0.8953140578265204,0.7734711455641688,0.8299445471349353
584,584,GRCh38_notinalllowmapandsegdupregions,corrected,1006,990,0.7044374009508716,0.897979797979798,0.7657192075796727,0.8265922826592284
584,584,GRCh38_notinalllowmapandsegdupregions,legacy,1006,1006,0.7116903633491312,0.8956262425447317,0.7760551248923342,0.8315643747115828
584,584,GRCh38_notinsegdups,corrected,1006,992,0.7033227848101266,0.8961693548387096,0.7657192075796727,0.8258244310264747
584,584,GRCh38_notinsegdups,legacy,1006,1006,0.7116903633491312,0.8956262425447317,0.7760551248923342,0.8315643747115828
584,584,GRCh38_segdups,corrected,1006,14,0.010318142734307825,0.8571428571428571,0.0103359173126615,0.02042553191489362
584,584,GRCh38_segdups,legacy,1006,583,0.42950819672131146,0.8987993138936535,0.45133505598621876,0.6009174311926606
585,585,GRCh38_alldifficultregions,corrected,2209,656,0.15365079365079365,0.36890243902439024,0.20844099913867356,0.2663731425426527
585,585,GRCh38_alldifficultregions,legacy,2209,2047,0.3857451403887689,0.4362481680508061,0.7691645133505599,0.5567331670822943
585,585,GRCh38_alllowmapandsegdupregions,corrected,2209,98,0.027755102040816326,0.3469387755102041,0.029285099052540915,0.054011119936457505
585,585,GRCh38_alllowmapandsegdupregions,legacy,2209,1676,0.34073724007561434,0.4301909307875895,0.6210163652024118,0.508283397955587
585,585,GRCh38_notinalldifficultregions,corrected,2209,1553,0.37139969681657403,0.4732775273663876,0.6330749354005168,0.5416359616801768
585,585,GRCh38_notinalldifficultregions,legacy,2209,2203,0.40635451505016723,0.44121652292328645,0.8372093023255814,0.577883472057075
585,585,GRCh38_notinalllowmapandsegdupregions,corrected,2209,2111,0.40489480463718336,0.44670772145902415,0.8122308354866494,0.5764058679706601
585,585,GRCh38_notinalllowmapandsegdupregions,legacy,2209,2209,0.4082741328875888,0.4422815753734722,0.8415159345391904,0.5798219584569733
585,585,GRCh38_notinsegdups,corrected,2209,2115,0.40661227994847576,0.4477541371158392,0.8156761412575366,0.5781440781440781
585,585,GRCh38_notinsegdups,legacy,2209,2209,0.4082741328875888,0.4422815753734722,0.8415159345391904,0.5798219584569733
585,585,GRCh38_segdups,corrected,2209,94,0.024489795918367346,0.3191489361702128,0.025839793281653745,0.04780876494023904
585,585,GRCh38_segdups,legacy,2209,1336,0.2984919396775871,0.4296407185628742,0.49440137812230833,0.4597517020424509
586,586,GRCh38_alldifficultregions,corrected,1242,330,0.16575449569976544,0.6424242424242425,0.1826012058570198,0.28437290409121396
586,586,GRCh38_alldifficultregions,legacy,1242,1153,0.5478260869565217,0.7103209019947961,0.7054263565891473,0.7078651685393259
586,586,GRCh38_alllowmapandsegdupregions,corrected,1242,37,0.02480752780153978,0.7837837837837838,0.024978466838931956,0.04841402337228715
586,586,GRCh38_alllowmapandsegdupregions,legacy,1242,947,0.4588235294117647,0.7001055966209081,0.5710594315245479,0.6290322580645161
586,586,GRCh38_notinalldifficultregions,corrected,1242,912,0.49029475197699496,0.7478070175438597,0.5874246339362619,0.6579835986493006
586,586,GRCh38_notinalldifficultregions,legacy,1242,1238,0.5897945659377071,0.7189014539579968,0.7665805340223945,0.7419758232596915
586,586,GRCh38_notinalllowmapandsegdupregions,corrected,1242,1205,0.5762824783477681,0.7178423236514523,0.7450473729543498,0.7311918850380389
586,586,GRCh38_notinalllowmapandsegdupregions,legacy,1242,1242,0.5924453280318092,0.7198067632850241,0.7700258397932817,0.7440699126092384
586,586,GRCh38_notinsegdups,corrected,1242,1209,0.5778961384820239,0.717948717948718,0.7476313522825151,0.7324894514767933
586,586,GRCh38_notinsegdups,legacy,1242,1242,0.5924453280318092,0.7198067632850241,0.7700258397932817,0.7440699126092384
586,586,GRCh38_segdups,corrected,1242,33,0.02226027397260274,0.7878787878787878,0.02239448751076658,0.04355108877721943
586,586,GRCh38_segdups,legacy,1242,748,0.38233164373642287,0.7058823529411765,0.45478036175710596,0.5531691985332636
587,587,GRCh38_alldifficultregions,corrected,2227,924,0.11676486341724691,0.23593073593073594,0.18776916451335057,0.20911270983213429
587,587,GRCh38_alldifficultregions,legacy,2227,2076,0.3266393442622951,0.38391136801541426,0.6864771748492678,0.4924312635156009
587,587,GRCh38_alllowmapandsegdupregions,corrected,2227,178,0.02291825821237586,0.16853932584269662,0.025839793281653745,0.04480955937266617
587,587,GRCh38_alllowmapandsegdupregions,legacy,2227,1703,0.2935862691960253,0.3816793893129771,0.5598621877691645,0.4539106145251397
587,587,GRCh38_notinalldifficultregions,corrected,2227,1303,0.36207849640685463,0.5026861089792786,0.5641688199827735,0.5316558441558442
587,587,GRCh38_notinalldifficultregions,legacy,2227,2218,0.345679012345679,0.3913435527502254,0.7476313522825151,0.5137614678899083
587,587,GRCh38_notinalllowmapandsegdupregions,corrected,2227,2049,0.3561470215462611,0.41142020497803805,0.7260981912144703,0.525233644859813
587,587,GRCh38_notinalllowmapandsegdupregions,legacy,2227,2227,0.347117296222664,0.3920071845532106,0.751937984496124,0.5153482880755609
587,587,GRCh38_notinsegdups,corrected,2227,2057,0.35723323492197384,0.4117647058823529,0.7295434969853575,0.526413921690491
587,587,GRCh38_notinsegdups,legacy,2227,2227,0.347117296222664,0.3920071845532106,0.751937984496124,0.5153482880755609
587,587,GRCh38_segdups,corrected,2227,170,0.01992337164750958,0.15294117647058825,0.02239448751076658,0.03906836964688204
587,587,GRCh38_segdups,legacy,2227,1387,0.25765054294175715,0.37635183850036047,0.4496124031007752,0.40973312401883827
588,588,GRCh38_alldifficultregions,corrected,1767,573,0.11368015414258188,0.3089005235602094,0.1524547803617571,0.2041522491349481
588,588,GRCh38_alldifficultregions,legacy,1767,1632,0.3604481246955675,0.4534313725490196,0.6373815676141258,0.5298961689939133
588,588,GRCh38_alllowmapandsegdupregions,corrected,1767,11,0.0025662959794696323,0.2727272727272727,0.002583979328165375,0.005119453924914676
588,588,GRCh38_alllowmapandsegdupregions,legacy,1767,1325,0.3174350821409645,0.4520754716981132,0.5159345391903531,0.4818986323411102
588,588,GRCh38_notinalldifficultregions,corrected,1767,1194,0.37157833430401865,0.5343383584589615,0.549526270456503,0.5418259023354565
588,588,GRCh38_notinalldifficultregions,legacy,1767,1763,0.38446969696969696,0.46057855927396485,0.6993970714900948,0.5554035567715458
588,588,GRCh38_notinalllowmapandsegdupregions,corrected,1767,1756,0.3857482185273159,0.4624145785876993,0.6993970714900948,0.5567363729859445
588,588,GRCh38_notinalllowmapandsegdupregions,legacy,1767,1767,0.38570752484619025,0.46123372948500285,0.7019810508182601,0.5566939890710384
588,588,GRCh38_notinsegdups,corrected,1767,1756,0.3857482185273159,0.4624145785876993,0.6993970714900948,0.5567363729859445
588,588,GRCh38_notinsegdups,legacy,1767,1767,0.38570752484619025,0.46123372948500285,0.7019810508182601,0.5566939890710384
588,588,GRCh38_segdups,corrected,1767,11,0.0025662959794696323,0.2727272727272727,0.002583979328165375,0.005119453924914676
588,588,GRCh38_segdups,legacy,1767,1059,0.2765957446808511,0.4542020774315392,0.4142980189491817,0.43333333333333335
589,589,GRCh38_alldifficultregions,corrected,1378,346,0.18196078431372548,0.6705202312138728,0.19982773471145565,0.30789648307896483
589,589,GRCh38_alldifficultregions,legacy,1378,1258,0.5546272493573264,0.6860095389507154,0.7433247200689062,0.7135179826374534
589,589,GRCh38_alllowmapandsegdupregions,corrected,1378,58,0.025231286795626577,0.5172413793103449,0.025839793281653745,0.04922067268252665
589,589,GRCh38_alllowmapandsegdupregions,legacy,1378,1022,0.46805648957632817,0.6810176125244618,0.599483204134367,0.6376546037562987
589,589,GRCh38_notinalldifficultregions,corrected,1378,1032,0.4797570850202429,0.688953488372093,0.6124031007751938,0.6484268125854994
589,589,GRCh38_notinalldifficultregions,legacy,1378,1375,0.5889724310776943,0.6836363636363636,0.8096468561584841,0.7413249211356467
589,589,GRCh38_notinalllowmapandsegdupregions,corrected,1378,1320,0.5822704081632653,0.6916666666666667,0.7863910422049957,0.735993550987505
589,589,GRCh38_notinalllowmapandsegdupregions,legacy,1378,1378,0.5908521303258145,0.6843251088534107,0.8122308354866494,0.7428121307601416
589,589,GRCh38_notinsegdups,corrected,1378,1325,0.5844486934353091,0.6920754716981132,0.7898363479758829,0.7377312952534192
589,589,GRCh38_notinsegdups,legacy,1378,1378,0.5908521303258145,0.6843251088534107,0.8122308354866494,0.7428121307601416
589,589,GRCh38_segdups,corrected,1378,53,0.021885521885521887,0.49056603773584906,0.02239448751076658,0.042833607907742995
589,589,GRCh38_segdups,legacy,1378,821,0.3840782122905028,0.6699147381242387,0.4737295434969854,0.5549949545913219
590,590,GRCh38_alldifficultregions,corrected,1073,249,0.17696160267111852,0.8514056224899599,0.1826012058570198,0.300709219858156
590,590,GRCh38_alldifficultregions,legacy,1073,983,0.6341463414634146,0.8463886063072228,0.7166236003445305,0.7761194029850746
590,590,GRCh38_alllowmapandsegdupregions,corrected,1073,16,0.010300429184549357,0.75,0.0103359173126615,0.020390824129141887
590,590,GRCh38_alllowmapandsegdupregions,legacy,1073,789,0.5210608424336973,0.8466413181242078,0.5753660637381568,0.6851282051282052
590,590,GRCh38_notinalldifficultregions,corrected,1073,824,0.5399534522885958,0.8446601941747572,0.599483204134367,0.7012594458438287
590,590,GRCh38_notinalldifficultregions,legacy,1073,1070,0.6825037707390649,0.8457943925233645,0.7795004306632214,0.8112953832362171
590,590,GRCh38_notinalllowmapandsegdupregions,corrected,1073,1057,0.6777609682299546,0.847682119205298,0.7717484926787253,0.8079350766456267
590,590,GRCh38_notinalllowmapandsegdupregions,legacy,1073,1073,0.6847662141779789,0.8462255358807083,0.7820844099913867,0.8128916741271262
590,590,GRCh38_notinsegdups,corrected,1073,1059,0.676737160120846,0.846081208687441,0.7717484926787253,0.8072072072072072
590,590,GRCh38_notinsegdups,legacy,1073,1073,0.6847662141779789,0.8462255358807083,0.7820844099913867,0.8128916741271262
590,590,GRCh38_segdups,corrected,1073,14,0.010318142734307825,0.8571428571428571,0.0103359173126615,0.02042553191489362
590,590,GRCh38_segdups,legacy,1073,627,0.420174741858618,0.8437001594896332,0.45564168819982775,0.5917225950782998
591,591,GRCh38_alldifficultregions,corrected,3231,981,0.12736842105263158,0.24668705402650357,0.20844099913867356,0.22595704948646125
591,591,GRCh38_alldifficultregions,legacy,3231,2989,0.27613776137761376,0.3004349280695885,0.7734711455641688,0.4327710843373494
591,591,GRCh38_alllowmapandsegdupregions,corrected,3231,132,0.027005559968228753,0.25757575757575757,0.029285099052540915,0.0525908739365816
591,591,GRCh38_alllowmapandsegdupregions,legacy,3231,2451,0.25069252077562326,0.2953896368829049,0.6236003445305771,0.40088593576965664
591,591,GRCh38_notinalldifficultregions,corrected,3231,2250,0.2770497940846125,0.3288888888888889,0.6373815676141258,0.4338903547346819
591,591,GRCh38_notinalldifficultregions,legacy,3231,3223,0.2867625476959202,0.3031337263419175,0.8415159345391904,0.4457116788321168
591,591,GRCh38_notinalllowmapandsegdupregions,corrected,3231,3099,0.286231884057971,0.3059051306873185,0.8165374677002584,0.44507042253521134
591,591,GRCh38_notinalllowmapandsegdupregions,legacy,3231,3231,0.2879765395894428,0.3039306716186939,0.8458225667527993,0.44717668488160295
591,591,GRCh38_notinsegdups,corrected,3231,3104,0.2873528523996378,0.30670103092783507,0.8199827734711456,0.44642438452520516
591,591,GRCh38_notinsegdups,legacy,3231,3231,0.2879765395894428,0.3039306716186939,0.8458225667527993,0.44717668488160295
591,591,GRCh38_segdups,corrected,3231,127,0.02384737678855326,0.23622047244094488,0.025839793281653745,0.04658385093167702
591,591,GRCh38_segdups,legacy,3231,1964,0.2259709690074539,0.29327902240325865,0.49612403100775193,0.36863999999999997
592,592,GRCh38_alldifficultregions,corrected,1422,382,0.16102332580887885,0.5602094240837696,0.1843238587424634,0.27738172391445237
592,592,GRCh38_alldifficultregions,legacy,1422,1317,0.4963768115942029,0.6241457858769932,0.7080103359173127,0.6634382566585956
592,592,GRCh38_alllowmapandsegdupregions,corrected,1422,40,0.024744027303754267,0.725,0.024978466838931956,0.048293089092422976
592,592,GRCh38_alllowmapandsegdupregions,legacy,1422,1082,0.42141951837769326,0.6146025878003697,0.5727820844099913,0.5929558626839055
592,592,GRCh38_notinalldifficultregions,corrected,1422,1040,0.45088991430454844,0.6576923076923077,0.5891472868217055,0.6215356656065425
592,592,GRCh38_notinalldifficultregions,legacy,1422,1418,0.5305637982195845,0.6304654442877292,0.7700258397932817,0.6932919736331912
592,592,GRCh38_notinalllowmapandsegdupregions,corrected,1422,1382,0.519115890083632,0.6287988422575976,0.7484926787252368,0.6834447502949272
592,592,GRCh38_notinalllowmapandsegdupregions,legacy,1422,1422,0.5329376854599407,0.6315049226441631,0.7734711455641688,0.6953155245838173
592,592,GRCh38_notinsegdups,corrected,1422,1386,0.5205970149253731,0.6291486291486291,0.7510766580534023,0.6847271299568121
592,592,GRCh38_notinsegdups,legacy,1422,1422,0.5329376854599407,0.6315049226441631,0.7734711455641688,0.6953155245838173
592,592,GRCh38_segdups,corrected,1422,36,0.02220324508966695,0.7222222222222222,0.02239448751076658,0.04344193817878028
592,592,GRCh38_segdups,legacy,1422,855,0.3566621803499327,0.6198830409356725,0.45650301464254955,0.5257936507936508
593,593,GRCh38_alldifficultregions,corrected,3299,1247,0.10509407985314365,0.18364073777064957,0.19724375538329025,0.19019933554817278
593,593,GRCh38_alldifficultregions,legacy,3299,3076,0.24252199413489736,0.2688556566970091,0.7123169681309216,0.3903705451970734
593,593,GRCh38_alllowmapandsegdupregions,corrected,3299,197,0.024132730015082957,0.16243654822335024,0.02756244616709733,0.04712812960235641
593,593,GRCh38_alllowmapandsegdupregions,legacy,3299,2515,0.22451698867421718,0.2679920477137177,0.5805340223944875,0.36670293797606096
593,593,GRCh38_notinalldifficultregions,corrected,3299,2052,0.2669558359621451,0.32992202729044834,0.5831180017226529,0.42141300964830375
593,593,GRCh38_notinalldifficultregions,legacy,3299,3288,0.253945885005637,0.27402676399026765,0.7760551248923342,0.40503483928972805
593,593,GRCh38_notinalllowmapandsegdupregions,corrected,3299,3102,0.25789318383003834,0.28175370728562216,0.7527993109388458,0.41003987802017355
593,593,GRCh38_notinalllowmapandsegdupregions,legacy,3299,3299,0.2549240292628025,0.27462867535616853,0.7803617571059431,0.40627802690582965
593,593,GRCh38_notinsegdups,corrected,3299,3112,0.2586156111929308,0.28213367609254497,0.756244616709733,0.4109524923941025
593,593,GRCh38_notinsegdups,legacy,3299,3299,0.2549240292628025,0.27462867535616853,0.7803617571059431,0.40627802690582965
593,593,GRCh38_segdups,corrected,3299,187,0.021212121212121213,0.1497326203208556,0.024117140396210164,0.04154302670623146
593,593,GRCh38_segdups,legacy,3299,2022,0.20385779122541603,0.2665677546983185,0.46425495262704564,0.3386742067232171
594,594,GRCh38_alldifficultregions,corrected,2892,893,0.1007502679528403,0.21052631578947367,0.16192937123169682,0.18305744888023368
594,594,GRCh38_alldifficultregions,legacy,2892,2675,0.2527759634225996,0.2893457943925234,0.6666666666666666,0.4035453597497393
594,594,GRCh38_alllowmapandsegdupregions,corrected,2892,23,0.003389830508474576,0.17391304347826086,0.0034453057708871662,0.006756756756756756
594,594,GRCh38_alllowmapandsegdupregions,legacy,2892,2169,0.23105360443622922,0.28815122176118024,0.5383290267011197,0.3753753753753753
594,594,GRCh38_notinalldifficultregions,corrected,2892,1999,0.266025641025641,0.3321660830415208,0.5719207579672696,0.4202531645569621
594,594,GRCh38_notinalldifficultregions,legacy,2892,2885,0.26556146387238033,0.29428076256499136,0.7312661498708011,0.41967375185368266
594,594,GRCh38_notinalllowmapandsegdupregions,corrected,2892,2869,0.2664990571967316,0.29557337051237365,0.7304048234280792,0.42084367245657567
594,594,GRCh38_notinalllowmapandsegdupregions,legacy,2892,2892,0.2661668228678538,0.2946058091286307,0.7338501291989664,0.4204293116210215
594,594,GRCh38_notinsegdups,corrected,2892,2869,0.2664990571967316,0.29557337051237365,0.7304048234280792,0.42084367245657567
594,594,GRCh38_notinsegdups,legacy,2892,2892,0.2661668228678538,0.2946058091286307,0.7338501291989664,0.4204293116210215
594,594,GRCh38_segdups,corrected,2892,23,0.003389830508474576,0.17391304347826086,0.0034453057708871662,0.006756756756756756
594,594,GRCh38_segdups,legacy,2892,1710,0.21037099494097808,0.291812865497076,0.429801894918174,0.34761407175200276
595,595,GRCh38_alldifficultregions,corrected,1378,346,0.18196078431372548,0.6705202312138728,0.19982773471145565,0.30789648307896483
595,595,GRCh38_alldifficultregions,legacy,1378,1258,0.5546272493573264,0.6860095389507154,0.7433247200689062,0.7135179826374534
595,595,GRCh38_alllowmapandsegdupregions,corrected,1378,58,0.025231286795626577,0.5172413793103449,0.025839793281653745,0.04922067268252665
595,595,GRCh38_alllowmapandsegdupregions,legacy,1378,1022,0.46805648957632817,0.6810176125244618,0.599483204134367,0.6376546037562987
595,595,GRCh38_notinalldifficultregions,corrected,1378,1032,0.4797570850202429,0.688953488372093,0.6124031007751938,0.6484268125854994
595,595,GRCh38_notinalldifficultregions,legacy,1378,1375,0.5889724310776943,0.6836363636363636,0.8096468561584841,0.7413249211356467
595,595,GRCh38_notinalllowmapandsegdupregions,corrected,1378,1320,0.5822704081632653,0.6916666666666667,0.7863910422049957,0.735993550987505
595,595,GRCh38_notinalllowmapandsegdupregions,legacy,1378,1378,0.5908521303258145,0.6843251088534107,0.8122308354866494,0.7428121307601416
595,595,GRCh38_notinsegdups,corrected,1378,1325,0.5844486934353091,0.6920754716981132,0.7898363479758829,0.7377312952534192
595,595,GRCh38_notinsegdups,legacy,1378,1378,0.5908521303258145,0.6843251088534107,0.8122308354866494,0.7428121307601416
595,595,GRCh38_segdups,corrected,1378,53,0.021885521885521887,0.49056603773584906,0.02239448751076658,0.042833607907742995
595,595,GRCh38_segdups,legacy,1378,821,0.3840782122905028,0.6699147381242387,0.4737295434969854,0.5549949545913219
596,596,GRCh38_alldifficultregions,corrected,1073,249,0.17696160267111852,0.8514056224899599,0.1826012058570198,0.300709219858156
596,596,GRCh38_alldifficultregions,legacy,1073,983,0.6341463414634146,0.8463886063072228,0.7166236003445305,0.7761194029850746
596,596,GRCh38_alllowmapandsegdupregions,corrected,1073,16,0.010300429184549357,0.75,0.0103359173126615,0.020390824129141887
596,596,GRCh38_alllowmapandsegdupregions,legacy,1073,789,0.5210608424336973,0.8466413181242078,0.5753660637381568,0.6851282051282052
596,596,GRCh38_notinalldifficultregions,corrected,1073,824,0.5399534522885958,0.8446601941747572,0.599483204134367,0.7012594458438287
596,596,GRCh38_notinalldifficultregions,legacy,1073,1070,0.6825037707390649,0.8457943925233645,0.7795004306632214,0.8112953832362171
596,596,GRCh38_notinalllowmapandsegdupregions,corrected,1073,1057,0.6777609682299546,0.847682119205298,0.7717484926787253,0.8079350766456267
596,596,GRCh38_notinalllowmapandsegdupregions,legacy,1073,1073,0.6847662141779789,0.8462255358807083,0.7820844099913867,0.8128916741271262
596,596,GRCh38_notinsegdups,corrected,1073,1059,0.676737160120846,0.846081208687441,0.7717484926787253,0.8072072072072072
596,596,GRCh38_notinsegdups,legacy,1073,1073,0.6847662141779789,0.8462255358807083,0.7820844099913867,0.8128916741271262
596,596,GRCh38_segdups,corrected,1073,14,0.010318142734307825,0.8571428571428571,0.0103359173126615,0.02042553191489362
596,596,GRCh38_segdups,legacy,1073,627,0.420174741858618,0.8437001594896332,0.45564168819982775,0.5917225950782998
597,597,GRCh38_alldifficultregions,corrected,3231,981,0.12736842105263158,0.24668705402650357,0.20844099913867356,0.22595704948646125
597,597,GRCh38_alldifficultregions,legacy,3231,2989,0.27613776137761376,0.3004349280695885,0.7734711455641688,0.4327710843373494
597,597,GRCh38_alllowmapandsegdupregions,corrected,3231,132,0.027005559968228753,0.25757575757575757,0.029285099052540915,0.0525908739365816
597,597,GRCh38_alllowmapandsegdupregions,legacy,3231,2451,0.25069252077562326,0.2953896368829049,0.6236003445305771,0.40088593576965664
597,597,GRCh38_notinalldifficultregions,corrected,3231,2250,0.2770497940846125,0.3288888888888889,0.6373815676141258,0.4338903547346819
597,597,GRCh38_notinalldifficultregions,legacy,3231,3223,0.2867625476959202,0.3031337263419175,0.8415159345391904,0.4457116788321168
597,597,GRCh38_notinalllowmapandsegdupregions,corrected,3231,3099,0.286231884057971,0.3059051306873185,0.8165374677002584,0.44507042253521134
597,597,GRCh38_notinalllowmapandsegdupregions,legacy,3231,3231,0.2879765395894428,0.3039306716186939,0.8458225667527993,0.44717668488160295
597,597,GRCh38_notinsegdups,corrected,3231,3104,0.2873528523996378,0.30670103092783507,0.8199827734711456,0.44642438452520516
597,597,GRCh38_notinsegdups,legacy,3231,3231,0.2879765395894428,0.3039306716186939,0.8458225667527993,0.44717668488160295
597,597,GRCh38_segdups,corrected,3231,127,0.02384737678855326,0.23622047244094488,0.025839793281653745,0.04658385093167702
597,597,GRCh38_segdups,legacy,3231,1964,0.2259709690074539,0.29327902240325865,0.49612403100775193,0.36863999999999997
598,598,GRCh38_alldifficultregions,corrected,1422,382,0.16102332580887885,0.5602094240837696,0.1843238587424634,0.27738172391445237
598,598,GRCh38_alldifficultregions,legacy,1422,1317,0.4963768115942029,0.6241457858769932,0.7080103359173127,0.6634382566585956
598,598,GRCh38_alllowmapandsegdupregions,corrected,1422,40,0.024744027303754267,0.725,0.024978466838931956,0.048293089092422976
598,598,GRCh38_alllowmapandsegdupregions,legacy,1422,1082,0.42141951837769326,0.6146025878003697,0.5727820844099913,0.5929558626839055
598,598,GRCh38_notinalldifficultregions,corrected,1422,1040,0.45088991430454844,0.6576923076923077,0.5891472868217055,0.6215356656065425
598,598,GRCh38_notinalldifficultregions,legacy,1422,1418,0.5305637982195845,0.6304654442877292,0.7700258397932817,0.6932919736331912
598,598,GRCh38_notinalllowmapandsegdupregions,corrected,1422,1382,0.519115890083632,0.6287988422575976,0.7484926787252368,0.6834447502949272
598,598,GRCh38_notinalllowmapandsegdupregions,legacy,1422,1422,0.5329376854599407,0.6315049226441631,0.7734711455641688,0.6953155245838173
598,598,GRCh38_notinsegdups,corrected,1422,1386,0.5205970149253731,0.6291486291486291,0.7510766580534023,0.6847271299568121
598,598,GRCh38_notinsegdups,legacy,1422,1422,0.5329376854599407,0.6315049226441631,0.7734711455641688,0.6953155245838173
598,598,GRCh38_segdups,corrected,1422,36,0.02220324508966695,0.7222222222222222,0.02239448751076658,0.04344193817878028
598,598,GRCh38_segdups,legacy,1422,855,0.3566621803499327,0.6198830409356725,0.45650301464254955,0.5257936507936508
599,599,GRCh38_alldifficultregions,corrected,3299,1247,0.10509407985314365,0.18364073777064957,0.19724375538329025,0.19019933554817278
599,599,GRCh38_alldifficultregions,legacy,3299,3076,0.24252199413489736,0.2688556566970091,0.7123169681309216,0.3903705451970734
599,599,GRCh38_alllowmapandsegdupregions,corrected,3299,197,0.024132730015082957,0.16243654822335024,0.02756244616709733,0.04712812960235641
599,599,GRCh38_alllowmapandsegdupregions,legacy,3299,2515,0.22451698867421718,0.2679920477137177,0.5805340223944875,0.36670293797606096
599,599,GRCh38_notinalldifficultregions,corrected,3299,2052,0.2669558359621451,0.32992202729044834,0.5831180017226529,0.42141300964830375
599,599,GRCh38_notinalldifficultregions,legacy,3299,3288,0.253945885005637,0.27402676399026765,0.7760551248923342,0.40503483928972805
599,599,GRCh38_notinalllowmapandsegdupregions,corrected,3299,3102,0.25789318383003834,0.28175370728562216,0.7527993109388458,0.41003987802017355
599,599,GRCh38_notinalllowmapandsegdupregions,legacy,3299,3299,0.2549240292628025,0.27462867535616853,0.7803617571059431,0.40627802690582965
599,599,GRCh38_notinsegdups,corrected,3299,3112,0.2586156111929308,0.28213367609254497,0.756244616709733,0.4109524923941025
599,599,GRCh38_notinsegdups,legacy,3299,3299,0.2549240292628025,0.27462867535616853,0.7803617571059431,0.40627802690582965
599,599,GRCh38_segdups,corrected,3299,187,0.021212121212121213,0.1497326203208556,0.024117140396210164,0.04154302670623146
599,599,GRCh38_segdups,legacy,3299,2022,0.20385779122541603,0.2665677546983185,0.46425495262704564,0.3386742067232171
600,600,GRCh38_alldifficultregions,corrected,2892,893,0.1007502679528403,0.21052631578947367,0.16192937123169682,0.18305744888023368
600,600,GRCh38_alldifficultregions,legacy,2892,2675,0.2527759634225996,0.2893457943925234,0.6666666666666666,0.4035453597497393
600,600,GRCh38_alllowmapandsegdupregions,corrected,2892,23,0.003389830508474576,0.17391304347826086,0.0034453057708871662,0.006756756756756756
600,600,GRCh38_alllowmapandsegdupregions,legacy,2892,2169,0.23105360443622922,0.28815122176118024,0.5383290267011197,0.3753753753753753
600,600,GRCh38_notinalldifficultregions,corrected,2892,1999,0.266025641025641,0.3321660830415208,0.5719207579672696,0.4202531645569621
600,600,GRCh38_notinalldifficultregions,legacy,2892,2885,0.26556146387238033,0.29428076256499136,0.7312661498708011,0.41967375185368266
600,600,GRCh38_notinalllowmapandsegdupregions,corrected,2892,2869,0.2664990571967316,0.29557337051237365,0.7304048234280792,0.42084367245657567
600,600,GRCh38_notinalllowmapandsegdupregions,legacy,2892,2892,0.2661668228678538,0.2946058091286307,0.7338501291989664,0.4204293116210215
600,600,GRCh38_notinsegdups,corrected,2892,2869,0.2664990571967316,0.29557337051237365,0.7304048234280792,0.42084367245657567
600,600,GRCh38_notinsegdups,legacy,2892,2892,0.2661668228678538,0.2946058091286307,0.7338501291989664,0.4204293116210215
600,600,GRCh38_segdups,corrected,2892,23,0.003389830508474576,0.17391304347826086,0.0034453057708871662,0.006756756756756756
600,600,GRCh38_segdups,legacy,2892,1710,0.21037099494097808,0.291812865497076,0.429801894918174,0.34761407175200276
601,601,GRCh38_alldifficultregions,corrected,1400,360,0.17906976744186046,0.6416666666666667,0.19896640826873385,0.30374753451676534
601,601,GRCh38_alldifficultregions,legacy,1400,1282,0.545224541429475,0.672386895475819,0.7424633936261843,0.7056897257470324
601,601,GRCh38_alllowmapandsegdupregions,corrected,1400,62,0.025146689019279127,0.4838709677419355,0.025839793281653745,0.0490596892886345
601,601,GRCh38_alllowmapandsegdupregions,legacy,1400,1052,0.45976253298153036,0.6625475285171103,0.6003445305770887,0.6299141436963398
601,601,GRCh38_notinalldifficultregions,corrected,1400,1040,0.4771812080536913,0.6836538461538462,0.6124031007751938,0.6460699681962745
601,601,GRCh38_notinalldifficultregions,legacy,1400,1396,0.5803461063040791,0.6726361031518625,0.8087855297157622,0.7344544387954635
601,601,GRCh38_notinalllowmapandsegdupregions,corrected,1400,1338,0.5746691871455577,0.6816143497757847,0.7855297157622739,0.729891956782713
601,601,GRCh38_notinalllowmapandsegdupregions,legacy,1400,1399,0.5822002472187886,0.6733380986418871,0.8113695090439277,0.7359375
601,601,GRCh38_notinsegdups,corrected,1400,1343,0.5768261964735516,0.6820551005212211,0.788975021533161,0.7316293929712461
601,601,GRCh38_notinsegdups,legacy,1400,1400,0.5818406423718344,0.6728571428571428,0.8113695090439277,0.735650136665365
601,601,GRCh38_segdups,corrected,1400,57,0.02181208053691275,0.45614035087719296,0.02239448751076658,0.042692939244663386
601,601,GRCh38_segdups,legacy,1400,841,0.3797381116471399,0.6551724137931034,0.47459086993970717,0.5504495504495505
602,602,GRCh38_alldifficultregions,corrected,1086,247,0.16075845012366036,0.7894736842105263,0.16795865633074936,0.27698863636363635
602,602,GRCh38_alldifficultregions,legacy,1086,994,0.5684133915574964,0.7857142857142857,0.6726959517657192,0.7248259860788864
602,602,GRCh38_alllowmapandsegdupregions,corrected,1086,10,0.00774526678141136,0.9,0.007751937984496124,0.015371477369769427
602,602,GRCh38_alllowmapandsegdupregions,legacy,1086,790,0.46691729323308273,0.7860759493670886,0.5348837209302325,0.636596617119426
602,602,GRCh38_notinalldifficultregions,corrected,1086,839,0.49142431021625654,0.7854588796185935,0.5676141257536607,0.6589999999999999
602,602,GRCh38_notinalldifficultregions,legacy,1086,1083,0.6109117013639627,0.7857802400738689,0.7329888027562446,0.7584670231729056
602,602,GRCh38_notinalllowmapandsegdupregions,corrected,1086,1076,0.6070402298850575,0.7853159851301115,0.7278208440999139,0.7554760840411265
602,602,GRCh38_notinalllowmapandsegdupregions,legacy,1086,1086,0.6130653266331658,0.7863720073664825,0.73557278208441,0.7601246105919003
602,602,GRCh38_notinsegdups,corrected,1086,1077,0.6066044508255564,0.7845868152274837,0.7278208440999139,0.7551385165326184
602,602,GRCh38_notinsegdups,legacy,1086,1086,0.6130653266331658,0.7863720073664825,0.73557278208441,0.7601246105919003
602,602,GRCh38_segdups,corrected,1086,9,0.007751937984496124,1.0,0.007751937984496124,0.015384615384615384
602,602,GRCh38_segdups,legacy,1086,620,0.3752895752895753,0.7838709677419354,0.4186046511627907,0.5457608085345312
603,603,GRCh38_alldifficultregions,corrected,2182,614,0.15710560625814862,0.3925081433224756,0.20757967269595176,0.2715492957746479
603,603,GRCh38_alldifficultregions,legacy,2182,2017,0.39080962800875274,0.44273673772930094,0.7691645133505599,0.5619886721208307
603,603,GRCh38_alllowmapandsegdupregions,corrected,2182,101,0.02768729641693811,0.33663366336633666,0.029285099052540915,0.05388272583201268
603,603,GRCh38_alllowmapandsegdupregions,legacy,2182,1650,0.34497607655502394,0.43696969696969695,0.6210163652024118,0.5129847029526858
603,603,GRCh38_notinalldifficultregions,corrected,2182,1568,0.369292523833417,0.46938775510204084,0.6339362618432386,0.5393917185782339
603,603,GRCh38_notinalldifficultregions,legacy,2182,2176,0.41099365750528544,0.44669117647058826,0.8372093023255814,0.5825591848966137
603,603,GRCh38_notinalllowmapandsegdupregions,corrected,2182,2081,0.4101783384080035,0.45314752522825563,0.8122308354866494,0.5817396668723009
603,603,GRCh38_notinalllowmapandsegdupregions,legacy,2182,2182,0.41293322062552834,0.4477543538038497,0.8415159345391904,0.5845049356865092
603,603,GRCh38_notinsegdups,corrected,2182,2085,0.4119182253153545,0.4541966426858513,0.8156761412575366,0.5834873690696242
603,603,GRCh38_notinsegdups,legacy,2182,2182,0.41293322062552834,0.4477543538038497,0.8415159345391904,0.5845049356865092
603,603,GRCh38_segdups,corrected,2182,97,0.024429967426710098,0.30927835051546393,0.025839793281653745,0.047694753577106515
603,603,GRCh38_segdups,legacy,2182,1319,0.3011542497376705,0.4351781652767248,0.49440137812230833,0.4629032258064516
604,604,GRCh38_alldifficultregions,corrected,889,210,0.14728033472803348,0.8380952380952381,0.1515934539190353,0.25674690007293943
604,604,GRCh38_alldifficultregions,legacy,889,821,0.5424124513618677,0.8489646772228989,0.6003445305770887,0.7033299697275479
604,604,GRCh38_alllowmapandsegdupregions,corrected,889,26,0.01888412017167382,0.8461538461538461,0.018949181739879414,0.03706823925863521
604,604,GRCh38_alllowmapandsegdupregions,legacy,889,670,0.4451460142067877,0.8417910447761194,0.48578811369509045,0.6160567995630802
604,604,GRCh38_notinalldifficultregions,corrected,889,679,0.46730462519936206,0.8630338733431517,0.5047372954349698,0.6369565217391304
604,604,GRCh38_notinalldifficultregions,legacy,889,886,0.5892857142857143,0.8566591422121896,0.6537467700258398,0.7415730337078651
604,604,GRCh38_notinalllowmapandsegdupregions,corrected,889,863,0.5763239875389408,0.8574739281575898,0.6373815676141258,0.7312252964426879
604,604,GRCh38_notinalllowmapandsegdupregions,legacy,889,889,0.5916149068322981,0.8571428571428571,0.6563307493540051,0.7434146341463415
604,604,GRCh38_notinsegdups,corrected,889,866,0.5786604361370716,0.8579676674364896,0.6399655469422911,0.7331031080414405
604,604,GRCh38_notinsegdups,legacy,889,889,0.5916149068322981,0.8571428571428571,0.6563307493540051,0.7434146341463415
604,604,GRCh38_segdups,corrected,889,23,0.01630901287553648,0.8260869565217391,0.01636520241171404,0.03209459459459459
604,604,GRCh38_segdups,legacy,889,536,0.3619582664526485,0.8414179104477612,0.38845822566752797,0.5315262227460223
605,605,GRCh38_alldifficultregions,corrected,2183,891,0.11825613079019073,0.24354657687991021,0.18690783807062877,0.2115009746588694
605,605,GRCh38_alldifficultregions,legacy,2183,2043,0.3316708229426434,0.39060205580029367,0.6873385012919897,0.4981273408239701
605,605,GRCh38_alllowmapandsegdupregions,corrected,2183,175,0.022970903522205207,0.17142857142857143,0.025839793281653745,0.044910179640718556
605,605,GRCh38_alllowmapandsegdupregions,legacy,2183,1684,0.2973096215230278,0.38717339667458434,0.5615848406546081,0.45834797891036905
605,605,GRCh38_notinalldifficultregions,corrected,2183,1292,0.3658129175946548,0.5085139318885449,0.5658914728682171,0.5356706074194864
605,605,GRCh38_notinalldifficultregions,legacy,2183,2175,0.35279805352798055,0.4,0.7493540051679587,0.5215827338129496
605,605,GRCh38_notinalllowmapandsegdupregions,corrected,2183,2008,0.36301075268817207,0.4203187250996016,0.726959517657192,0.5326601451562007
605,605,GRCh38_notinalllowmapandsegdupregions,legacy,2183,2183,0.35384615384615387,0.40036646816307836,0.7527993109388458,0.5227272727272727
605,605,GRCh38_notinsegdups,corrected,2183,2014,0.3638316151202749,0.42055610724925524,0.7295434969853575,0.5335433070866141
605,605,GRCh38_notinsegdups,legacy,2183,2183,0.35384615384615387,0.40036646816307836,0.7527993109388458,0.5227272727272727
605,605,GRCh38_segdups,corrected,2183,169,0.02072141212586339,0.15976331360946747,0.023255813953488372,0.04060150375939849
605,605,GRCh38_segdups,legacy,2183,1372,0.26082628173220507,0.3819241982507289,0.45133505598621876,0.41373864982234504
606,606,GRCh38_alldifficultregions,corrected,377,131,0.009375,0.0916030534351145,0.0103359173126615,0.018575851393188854
606,606,GRCh38_alldifficultregions,legacy,377,349,0.04426002766251729,0.1833810888252149,0.05512489233419466,0.08476821192052982
606,606,GRCh38_alllowmapandsegdupregions,corrected,377,2,0.0,0.0,0.0,0.0
606,606,GRCh38_alllowmapandsegdupregions,legacy,377,297,0.041428571428571426,0.19528619528619529,0.04995693367786391,0.07956104252400549
606,606,GRCh38_notinalldifficultregions,corrected,377,246,0.042222222222222223,0.23170731707317074,0.04909560723514212,0.08102345415778252
606,606,GRCh38_notinalldifficultregions,legacy,377,377,0.04697072838665759,0.1830238726790451,0.059431524547803614,0.08972691807542262
606,606,GRCh38_notinalllowmapandsegdupregions,corrected,377,375,0.04703476482617587,0.184,0.059431524547803614,0.08984374999999999
606,606,GRCh38_notinalllowmapandsegdupregions,legacy,377,377,0.04697072838665759,0.1830238726790451,0.059431524547803614,0.08972691807542262
606,606,GRCh38_notinsegdups,corrected,377,375,0.04703476482617587,0.184,0.059431524547803614,0.08984374999999999
606,606,GRCh38_notinsegdups,legacy,377,377,0.04697072838665759,0.1830238726790451,0.059431524547803614,0.08972691807542262
606,606,GRCh38_segdups,corrected,377,2,0.0,0.0,0.0,0.0
606,606,GRCh38_segdups,legacy,377,236,0.038661710037174724,0.22033898305084745,0.04478897502153316,0.07444523979957052
607,607,GRCh38_alldifficultregions,corrected,1400,360,0.17906976744186046,0.6416666666666667,0.19896640826873385,0.30374753451676534
607,607,GRCh38_alldifficultregions,legacy,1400,1282,0.545224541429475,0.672386895475819,0.7424633936261843,0.7056897257470324
607,607,GRCh38_alllowmapandsegdupregions,corrected,1400,62,0.025146689019279127,0.4838709677419355,0.025839793281653745,0.0490596892886345
607,607,GRCh38_alllowmapandsegdupregions,legacy,1400,1052,0.45976253298153036,0.6625475285171103,0.6003445305770887,0.6299141436963398
607,607,GRCh38_notinalldifficultregions,corrected,1400,1040,0.4771812080536913,0.6836538461538462,0.6124031007751938,0.6460699681962745
607,607,GRCh38_notinalldifficultregions,legacy,1400,1396,0.5803461063040791,0.6726361031518625,0.8087855297157622,0.7344544387954635
607,607,GRCh38_notinalllowmapandsegdupregions,corrected,1400,1338,0.5746691871455577,0.6816143497757847,0.7855297157622739,0.729891956782713
607,607,GRCh38_notinalllowmapandsegdupregions,legacy,1400,1399,0.5822002472187886,0.6733380986418871,0.8113695090439277,0.7359375
607,607,GRCh38_notinsegdups,corrected,1400,1343,0.5768261964735516,0.6820551005212211,0.788975021533161,0.7316293929712461
607,607,GRCh38_notinsegdups,legacy,1400,1400,0.5818406423718344,0.6728571428571428,0.8113695090439277,0.735650136665365
607,607,GRCh38_segdups,corrected,1400,57,0.02181208053691275,0.45614035087719296,0.02239448751076658,0.042692939244663386
607,607,GRCh38_segdups,legacy,1400,841,0.3797381116471399,0.6551724137931034,0.47459086993970717,0.5504495504495505
608,608,GRCh38_alldifficultregions,corrected,1086,247,0.16075845012366036,0.7894736842105263,0.16795865633074936,0.27698863636363635
608,608,GRCh38_alldifficultregions,legacy,1086,994,0.5684133915574964,0.7857142857142857,0.6726959517657192,0.7248259860788864
608,608,GRCh38_alllowmapandsegdupregions,corrected,1086,10,0.00774526678141136,0.9,0.007751937984496124,0.015371477369769427
608,608,GRCh38_alllowmapandsegdupregions,legacy,1086,790,0.46691729323308273,0.7860759493670886,0.5348837209302325,0.636596617119426
608,608,GRCh38_notinalldifficultregions,corrected,1086,839,0.49142431021625654,0.7854588796185935,0.5676141257536607,0.6589999999999999
608,608,GRCh38_notinalldifficultregions,legacy,1086,1083,0.6109117013639627,0.7857802400738689,0.7329888027562446,0.7584670231729056
608,608,GRCh38_notinalllowmapandsegdupregions,corrected,1086,1076,0.6070402298850575,0.7853159851301115,0.7278208440999139,0.7554760840411265
608,608,GRCh38_notinalllowmapandsegdupregions,legacy,1086,1086,0.6130653266331658,0.7863720073664825,0.73557278208441,0.7601246105919003
608,608,GRCh38_notinsegdups,corrected,1086,1077,0.6066044508255564,0.7845868152274837,0.7278208440999139,0.7551385165326184
608,608,GRCh38_notinsegdups,legacy,1086,1086,0.6130653266331658,0.7863720073664825,0.73557278208441,0.7601246105919003
608,608,GRCh38_segdups,corrected,1086,9,0.007751937984496124,1.0,0.007751937984496124,0.015384615384615384
608,608,GRCh38_segdups,legacy,1086,620,0.3752895752895753,0.7838709677419354,0.4186046511627907,0.5457608085345312
609,609,GRCh38_alldifficultregions,corrected,2182,614,0.15710560625814862,0.3925081433224756,0.20757967269595176,0.2715492957746479
609,609,GRCh38_alldifficultregions,legacy,2182,2017,0.39080962800875274,0.44273673772930094,0.7691645133505599,0.5619886721208307
609,609,GRCh38_alllowmapandsegdupregions,corrected,2182,101,0.02768729641693811,0.33663366336633666,0.029285099052540915,0.05388272583201268
609,609,GRCh38_alllowmapandsegdupregions,legacy,2182,1650,0.34497607655502394,0.43696969696969695,0.6210163652024118,0.5129847029526858
609,609,GRCh38_notinalldifficultregions,corrected,2182,1568,0.369292523833417,0.46938775510204084,0.6339362618432386,0.5393917185782339
609,609,GRCh38_notinalldifficultregions,legacy,2182,2176,0.41099365750528544,0.44669117647058826,0.8372093023255814,0.5825591848966137
609,609,GRCh38_notinalllowmapandsegdupregions,corrected,2182,2081,0.4101783384080035,0.45314752522825563,0.8122308354866494,0.5817396668723009
609,609,GRCh38_notinalllowmapandsegdupregions,legacy,2182,2182,0.41293322062552834,0.4477543538038497,0.8415159345391904,0.5845049356865092
609,609,GRCh38_notinsegdups,corrected,2182,2085,0.4119182253153545,0.4541966426858513,0.8156761412575366,0.5834873690696242
609,609,GRCh38_notinsegdups,legacy,2182,2182,0.41293322062552834,0.4477543538038497,0.8415159345391904,0.5845049356865092
609,609,GRCh38_segdups,corrected,2182,97,0.024429967426710098,0.30927835051546393,0.025839793281653745,0.047694753577106515
609,609,GRCh38_segdups,legacy,2182,1319,0.3011542497376705,0.4351781652767248,0.49440137812230833,0.4629032258064516
610,610,GRCh38_alldifficultregions,corrected,889,210,0.14728033472803348,0.8380952380952381,0.1515934539190353,0.25674690007293943
610,610,GRCh38_alldifficultregions,legacy,889,821,0.5424124513618677,0.8489646772228989,0.6003445305770887,0.7033299697275479
610,610,GRCh38_alllowmapandsegdupregions,corrected,889,26,0.01888412017167382,0.8461538461538461,0.018949181739879414,0.03706823925863521
610,610,GRCh38_alllowmapandsegdupregions,legacy,889,670,0.4451460142067877,0.8417910447761194,0.48578811369509045,0.6160567995630802
610,610,GRCh38_notinalldifficultregions,corrected,889,679,0.46730462519936206,0.8630338733431517,0.5047372954349698,0.6369565217391304
610,610,GRCh38_notinalldifficultregions,legacy,889,886,0.5892857142857143,0.8566591422121896,0.6537467700258398,0.7415730337078651
610,610,GRCh38_notinalllowmapandsegdupregions,corrected,889,863,0.5763239875389408,0.8574739281575898,0.6373815676141258,0.7312252964426879
610,610,GRCh38_notinalllowmapandsegdupregions,legacy,889,889,0.5916149068322981,0.8571428571428571,0.6563307493540051,0.7434146341463415
610,610,GRCh38_notinsegdups,corrected,889,866,0.5786604361370716,0.8579676674364896,0.6399655469422911,0.7331031080414405
610,610,GRCh38_notinsegdups,legacy,889,889,0.5916149068322981,0.8571428571428571,0.6563307493540051,0.7434146341463415
610,610,GRCh38_segdups,corrected,889,23,0.01630901287553648,0.8260869565217391,0.01636520241171404,0.03209459459459459
610,610,GRCh38_segdups,legacy,889,536,0.3619582664526485,0.8414179104477612,0.38845822566752797,0.5315262227460223
611,611,GRCh38_alldifficultregions,corrected,2183,891,0.11825613079019073,0.24354657687991021,0.18690783807062877,0.2115009746588694
611,611,GRCh38_alldifficultregions,legacy,2183,2043,0.3316708229426434,0.39060205580029367,0.6873385012919897,0.4981273408239701
611,611,GRCh38_alllowmapandsegdupregions,corrected,2183,175,0.022970903522205207,0.17142857142857143,0.025839793281653745,0.044910179640718556
611,611,GRCh38_alllowmapandsegdupregions,legacy,2183,1684,0.2973096215230278,0.38717339667458434,0.5615848406546081,0.45834797891036905
611,611,GRCh38_notinalldifficultregions,corrected,2183,1292,0.3658129175946548,0.5085139318885449,0.5658914728682171,0.5356706074194864
611,611,GRCh38_notinalldifficultregions,legacy,2183,2175,0.35279805352798055,0.4,0.7493540051679587,0.5215827338129496
611,611,GRCh38_notinalllowmapandsegdupregions,corrected,2183,2008,0.36301075268817207,0.4203187250996016,0.726959517657192,0.5326601451562007
611,611,GRCh38_notinalllowmapandsegdupregions,legacy,2183,2183,0.35384615384615387,0.40036646816307836,0.7527993109388458,0.5227272727272727
611,611,GRCh38_notinsegdups,corrected,2183,2014,0.3638316151202749,0.42055610724925524,0.7295434969853575,0.5335433070866141
611,611,GRCh38_notinsegdups,legacy,2183,2183,0.35384615384615387,0.40036646816307836,0.7527993109388458,0.5227272727272727
611,611,GRCh38_segdups,corrected,2183,169,0.02072141212586339,0.15976331360946747,0.023255813953488372,0.04060150375939849
611,611,GRCh38_segdups,legacy,2183,1372,0.26082628173220507,0.3819241982507289,0.45133505598621876,0.41373864982234504
612,612,GRCh38_alldifficultregions,corrected,377,131,0.009375,0.0916030534351145,0.0103359173126615,0.018575851393188854
612,612,GRCh38_alldifficultregions,legacy,377,349,0.04426002766251729,0.1833810888252149,0.05512489233419466,0.08476821192052982
612,612,GRCh38_alllowmapandsegdupregions,corrected,377,2,0.0,0.0,0.0,0.0
612,612,GRCh38_alllowmapandsegdupregions,legacy,377,297,0.041428571428571426,0.19528619528619529,0.04995693367786391,0.07956104252400549
612,612,GRCh38_notinalldifficultregions,corrected,377,246,0.042222222222222223,0.23170731707317074,0.04909560723514212,0.08102345415778252
612,612,GRCh38_notinalldifficultregions,legacy,377,377,0.04697072838665759,0.1830238726790451,0.059431524547803614,0.08972691807542262
612,612,GRCh38_notinalllowmapandsegdupregions,corrected,377,375,0.04703476482617587,0.184,0.059431524547803614,0.08984374999999999
612,612,GRCh38_notinalllowmapandsegdupregions,legacy,377,377,0.04697072838665759,0.1830238726790451,0.059431524547803614,0.08972691807542262
612,612,GRCh38_notinsegdups,corrected,377,375,0.04703476482617587,0.184,0.059431524547803614,0.08984374999999999
612,612,GRCh38_notinsegdups,legacy,377,377,0.04697072838665759,0.1830238726790451,0.059431524547803614,0.08972691807542262
612,612,GRCh38_segdups,corrected,377,2,0.0,0.0,0.0,0.0
612,612,GRCh38_segdups,legacy,377,236,0.038661710037174724,0.22033898305084745,0.04478897502153316,0.07444523979957052
613,613,GRCh38_alldifficultregions,corrected,1504,377,0.178544061302682,0.6180371352785146,0.20068906115417742,0.30299089726918077
613,613,GRCh38_alldifficultregions,legacy,1504,1377,0.5161290322580645,0.6274509803921569,0.7441860465116279,0.6808510638297872
613,613,GRCh38_alllowmapandsegdupregions,corrected,1504,62,0.025146689019279127,0.4838709677419355,0.025839793281653745,0.0490596892886345
613,613,GRCh38_alllowmapandsegdupregions,legacy,1504,1117,0.44086021505376344,0.6239928379588182,0.6003445305770887,0.6119402985074627
613,613,GRCh38_notinalldifficultregions,corrected,1504,1127,0.450856055802156,0.6308784383318545,0.6124031007751938,0.6215034965034965
613,613,GRCh38_notinalldifficultregions,legacy,1504,1500,0.547093023255814,0.6273333333333333,0.8105081826012058,0.7072529124389326
613,613,GRCh38_notinalllowmapandsegdupregions,corrected,1504,1442,0.5411486086441681,0.6338418862690708,0.7872523686477175,0.7022666154437189
613,613,GRCh38_notinalllowmapandsegdupregions,legacy,1504,1503,0.5488372093023256,0.6280771789753826,0.8130921619293713,0.7087087087087087
613,613,GRCh38_notinsegdups,corrected,1504,1447,0.5431952662721894,0.6344160331720802,0.7906976744186046,0.7039877300613496
613,613,GRCh38_notinsegdups,legacy,1504,1504,0.5485183033120279,0.6276595744680851,0.8130921619293713,0.7084427767354596
613,613,GRCh38_segdups,corrected,1504,57,0.02181208053691275,0.45614035087719296,0.02239448751076658,0.042692939244663386
613,613,GRCh38_segdups,legacy,1504,898,0.36538461538461536,0.6135857461024499,0.47459086993970717,0.5352112676056338
614,614,GRCh38_alldifficultregions,corrected,1369,295,0.15463917525773196,0.6610169491525424,0.16795865633074936,0.26785714285714285
614,614,GRCh38_alldifficultregions,legacy,1369,1253,0.4901234567901235,0.6336791699920191,0.6838931955211025,0.6578293289146644
614,614,GRCh38_alllowmapandsegdupregions,corrected,1369,15,0.007712082262210797,0.6,0.007751937984496124,0.015306122448979591
614,614,GRCh38_alllowmapandsegdupregions,legacy,1369,998,0.4129581151832461,0.6322645290581163,0.5434969853574505,0.584529874942103
614,614,GRCh38_notinalldifficultregions,corrected,1369,1074,0.4290281329923274,0.6247672253258846,0.5779500430663221,0.6004474272930649
614,614,GRCh38_notinalldifficultregions,legacy,1369,1366,0.5186298076923077,0.6317715959004392,0.7433247200689062,0.6830233478432924
614,614,GRCh38_notinalllowmapandsegdupregions,corrected,1369,1354,0.5168878166465621,0.6329394387001477,0.7381567614125754,0.6815109343936382
614,614,GRCh38_notinalllowmapandsegdupregions,legacy,1369,1369,0.5204326923076923,0.6325785244704164,0.7459086993970715,0.6845849802371542
614,614,GRCh38_notinsegdups,corrected,1369,1355,0.5165762507534659,0.6324723247232472,0.7381567614125754,0.6812400635930047
614,614,GRCh38_notinsegdups,legacy,1369,1369,0.5204326923076923,0.6325785244704164,0.7459086993970715,0.6845849802371542
614,614,GRCh38_segdups,corrected,1369,14,0.007718696397941681,0.6428571428571429,0.007751937984496124,0.015319148936170214
614,614,GRCh38_segdups,legacy,1369,800,0.3385665529010239,0.62,0.4272179155900086,0.5058643549209587
615,615,GRCh38_alldifficultregions,corrected,3274,946,0.1297587131367292,0.2558139534883721,0.20844099913867356,0.22971048884670148
615,615,GRCh38_alldifficultregions,legacy,3274,3025,0.2735016732582902,0.2971900826446281,0.7743324720068906,0.429526994744386
615,615,GRCh38_alllowmapandsegdupregions,corrected,3274,132,0.027005559968228753,0.25757575757575757,0.029285099052540915,0.0525908739365816
615,615,GRCh38_alllowmapandsegdupregions,legacy,3274,2486,0.24811772758384668,0.2916331456154465,0.6244616709732989,0.3975870578557719
615,615,GRCh38_notinalldifficultregions,corrected,3274,2328,0.27011285038223515,0.31872852233676974,0.6391042204995694,0.42533677271424475
615,615,GRCh38_notinalldifficultregions,legacy,3274,3267,0.2838503914178023,0.2996632996632997,0.843238587424634,0.442186088527552
615,615,GRCh38_notinalllowmapandsegdupregions,corrected,3274,3142,0.2833283626603042,0.302355187778485,0.818260120585702,0.4415524052986288
615,615,GRCh38_notinalllowmapandsegdupregions,legacy,3274,3274,0.28513474355259344,0.30054978619425776,0.8475452196382429,0.44374295377677553
615,615,GRCh38_notinsegdups,corrected,3274,3146,0.284521324187295,0.30324221233312143,0.8217054263565892,0.4429997678198282
615,615,GRCh38_notinsegdups,legacy,3274,3274,0.28513474355259344,0.30054978619425776,0.8475452196382429,0.44374295377677553
615,615,GRCh38_segdups,corrected,3274,128,0.023828435266084195,0.234375,0.025839793281653745,0.04654771140418929
615,615,GRCh38_segdups,legacy,3274,2003,0.22351121423047177,0.28856714927608584,0.49784668389319553,0.3653603034134007
616,616,GRCh38_alldifficultregions,corrected,1048,253,0.14308811641067098,0.6996047430830039,0.1524547803617571,0.2503536067892504
616,616,GRCh38_alldifficultregions,legacy,1048,973,0.4912648497554158,0.7225077081192189,0.6055124892334195,0.6588566073102156
616,616,GRCh38_alllowmapandsegdupregions,corrected,1048,29,0.018835616438356163,0.7586206896551724,0.018949181739879414,0.03697478991596639
616,616,GRCh38_alllowmapandsegdupregions,legacy,1048,793,0.40879596250901223,0.7150063051702396,0.4883720930232558,0.5803480040941658
616,616,GRCh38_notinalldifficultregions,corrected,1048,795,0.4340175953079179,0.7446540880503144,0.5099052540913006,0.6053169734151329
616,616,GRCh38_notinalldifficultregions,legacy,1048,1044,0.532314107018763,0.7337164750957854,0.6597760551248923,0.6947845804988662
616,616,GRCh38_notinalllowmapandsegdupregions,corrected,1048,1019,0.5212840195394278,0.7330716388616291,0.6434108527131783,0.6853211009174313
616,616,GRCh38_notinalllowmapandsegdupregions,legacy,1048,1048,0.5340277777777778,0.7337786259541985,0.6623600344530577,0.6962426437301947
616,616,GRCh38_notinsegdups,corrected,1048,1022,0.5233775296580601,0.7338551859099804,0.6459948320413437,0.6871278057718735
616,616,GRCh38_notinsegdups,legacy,1048,1048,0.5340277777777778,0.7337786259541985,0.6623600344530577,0.6962426437301947
616,616,GRCh38_segdups,corrected,1048,26,0.016267123287671232,0.7307692307692307,0.01636520241171404,0.032013479359730417
616,616,GRCh38_segdups,legacy,1048,632,0.33805970149253733,0.7167721518987342,0.39018087855297157,0.5052983825989961
617,617,GRCh38_alldifficultregions,corrected,3110,1167,0.10751665080875357,0.19365895458440446,0.19465977605512488,0.19415807560137457
617,617,GRCh38_alldifficultregions,legacy,3110,2905,0.2533908754623921,0.28296041308089503,0.7080103359173127,0.40432857845548453
617,617,GRCh38_alllowmapandsegdupregions,corrected,3110,196,0.023378582202111614,0.15816326530612246,0.026701119724375538,0.04568901989683125
617,617,GRCh38_alllowmapandsegdupregions,legacy,3110,2384,0.23304347826086957,0.28104026845637586,0.5770887166236004,0.37799717912552894
617,617,GRCh38_notinalldifficultregions,corrected,3110,1943,0.27789213668176205,0.3474009264024704,0.5813953488372093,0.43492268041237114
617,617,GRCh38_notinalldifficultregions,legacy,3110,3101,0.2665676077265973,0.2892615285391809,0.772609819121447,0.42092914124824027
617,617,GRCh38_notinalllowmapandsegdupregions,corrected,3110,2914,0.2714508580343214,0.29855868222374743,0.7493540051679587,0.4269938650306748
617,617,GRCh38_notinalllowmapandsegdupregions,legacy,3110,3110,0.2673590504451039,0.2897106109324759,0.7760551248923342,0.4219152423320066
617,617,GRCh38_notinsegdups,corrected,3110,2921,0.2720473667809286,0.29887024991441286,0.751937984496124,0.42773150416462513
617,617,GRCh38_notinsegdups,legacy,3110,3110,0.2673590504451039,0.2897106109324759,0.7760551248923342,0.4219152423320066
617,617,GRCh38_segdups,corrected,3110,189,0.02118003025718608,0.14814814814814814,0.024117140396210164,0.04148148148148148
617,617,GRCh38_segdups,legacy,3110,1910,0.21143984220907297,0.2806282722513089,0.4616709732988803,0.34907196352979486
618,618,GRCh38_alldifficultregions,corrected,789,249,0.010752688172043012,0.060240963855421686,0.012919896640826873,0.021276595744680847
618,618,GRCh38_alldifficultregions,legacy,789,724,0.03856749311294766,0.09668508287292818,0.06029285099052541,0.0742705570291777
618,618,GRCh38_alllowmapandsegdupregions,corrected,789,4,0.0,0.0,0.0,0.0
618,618,GRCh38_alllowmapandsegdupregions,legacy,789,593,0.03603071470761961,0.10286677908937605,0.05254091300602928,0.06955530216647662
618,618,GRCh38_notinalldifficultregions,corrected,789,540,0.03719512195121951,0.11296296296296296,0.05254091300602928,0.0717225161669606
618,618,GRCh38_notinalldifficultregions,legacy,789,787,0.0400427122263748,0.09529860228716645,0.06459948320413436,0.07700205338809035
618,618,GRCh38_notinalllowmapandsegdupregions,corrected,789,785,0.040641711229946524,0.09681528662420383,0.06546080964685616,0.07810894141829394
618,618,GRCh38_notinalllowmapandsegdupregions,legacy,789,789,0.04055496264674493,0.09632446134347275,0.06546080964685616,0.07794871794871795
618,618,GRCh38_notinsegdups,corrected,789,785,0.040641711229946524,0.09681528662420383,0.06546080964685616,0.07810894141829394
618,618,GRCh38_notinsegdups,legacy,789,789,0.04055496264674493,0.09632446134347275,0.06546080964685616,0.07794871794871795
618,618,GRCh38_segdups,corrected,789,4,0.0,0.0,0.0,0.0
618,618,GRCh38_segdups,legacy,789,468,0.0349428208386277,0.11752136752136752,0.047372954349698536,0.06752608962553713
619,619,GRCh38_alldifficultregions,corrected,1504,377,0.178544061302682,0.6180371352785146,0.20068906115417742,0.30299089726918077
619,619,GRCh38_alldifficultregions,legacy,1504,1377,0.5161290322580645,0.6274509803921569,0.7441860465116279,0.6808510638297872
619,619,GRCh38_alllowmapandsegdupregions,corrected,1504,62,0.025146689019279127,0.4838709677419355,0.025839793281653745,0.0490596892886345
619,619,GRCh38_alllowmapandsegdupregions,legacy,1504,1117,0.44086021505376344,0.6239928379588182,0.6003445305770887,0.6119402985074627
619,619,GRCh38_notinalldifficultregions,corrected,1504,1127,0.450856055802156,0.6308784383318545,0.6124031007751938,0.6215034965034965
619,619,GRCh38_notinalldifficultregions,legacy,1504,1500,0.547093023255814,0.6273333333333333,0.8105081826012058,0.7072529124389326
619,619,GRCh38_notinalllowmapandsegdupregions,corrected,1504,1442,0.5411486086441681,0.6338418862690708,0.7872523686477175,0.7022666154437189
619,619,GRCh38_notinalllowmapandsegdupregions,legacy,1504,1503,0.5488372093023256,0.6280771789753826,0.8130921619293713,0.7087087087087087
619,619,GRCh38_notinsegdups,corrected,1504,1447,0.5431952662721894,0.6344160331720802,0.7906976744186046,0.7039877300613496
619,619,GRCh38_notinsegdups,legacy,1504,1504,0.5485183033120279,0.6276595744680851,0.8130921619293713,0.7084427767354596
619,619,GRCh38_segdups,corrected,1504,57,0.02181208053691275,0.45614035087719296,0.02239448751076658,0.042692939244663386
619,619,GRCh38_segdups,legacy,1504,898,0.36538461538461536,0.6135857461024499,0.47459086993970717,0.5352112676056338
620,620,GRCh38_alldifficultregions,corrected,1369,295,0.15463917525773196,0.6610169491525424,0.16795865633074936,0.26785714285714285
620,620,GRCh38_alldifficultregions,legacy,1369,1253,0.4901234567901235,0.6336791699920191,0.6838931955211025,0.6578293289146644
620,620,GRCh38_alllowmapandsegdupregions,corrected,1369,15,0.007712082262210797,0.6,0.007751937984496124,0.015306122448979591
620,620,GRCh38_alllowmapandsegdupregions,legacy,1369,998,0.4129581151832461,0.6322645290581163,0.5434969853574505,0.584529874942103
620,620,GRCh38_notinalldifficultregions,corrected,1369,1074,0.4290281329923274,0.6247672253258846,0.5779500430663221,0.6004474272930649
620,620,GRCh38_notinalldifficultregions,legacy,1369,1366,0.5186298076923077,0.6317715959004392,0.7433247200689062,0.6830233478432924
620,620,GRCh38_notinalllowmapandsegdupregions,corrected,1369,1354,0.5168878166465621,0.6329394387001477,0.7381567614125754,0.6815109343936382
620,620,GRCh38_notinalllowmapandsegdupregions,legacy,1369,1369,0.5204326923076923,0.6325785244704164,0.7459086993970715,0.6845849802371542
620,620,GRCh38_notinsegdups,corrected,1369,1355,0.5165762507534659,0.6324723247232472,0.7381567614125754,0.6812400635930047
620,620,GRCh38_notinsegdups,legacy,1369,1369,0.5204326923076923,0.6325785244704164,0.7459086993970715,0.6845849802371542
620,620,GRCh38_segdups,corrected,1369,14,0.007718696397941681,0.6428571428571429,0.007751937984496124,0.015319148936170214
620,620,GRCh38_segdups,legacy,1369,800,0.3385665529010239,0.62,0.4272179155900086,0.5058643549209587
621,621,GRCh38_alldifficultregions,corrected,3274,946,0.1297587131367292,0.2558139534883721,0.20844099913867356,0.22971048884670148
621,621,GRCh38_alldifficultregions,legacy,3274,3025,0.2735016732582902,0.2971900826446281,0.7743324720068906,0.429526994744386
621,621,GRCh38_alllowmapandsegdupregions,corrected,3274,132,0.027005559968228753,0.25757575757575757,0.029285099052540915,0.0525908739365816
621,621,GRCh38_alllowmapandsegdupregions,legacy,3274,2486,0.24811772758384668,0.2916331456154465,0.6244616709732989,0.3975870578557719
621,621,GRCh38_notinalldifficultregions,corrected,3274,2328,0.27011285038223515,0.31872852233676974,0.6391042204995694,0.42533677271424475
621,621,GRCh38_notinalldifficultregions,legacy,3274,3267,0.2838503914178023,0.2996632996632997,0.843238587424634,0.442186088527552
621,621,GRCh38_notinalllowmapandsegdupregions,corrected,3274,3142,0.2833283626603042,0.302355187778485,0.818260120585702,0.4415524052986288
621,621,GRCh38_notinalllowmapandsegdupregions,legacy,3274,3274,0.28513474355259344,0.30054978619425776,0.8475452196382429,0.44374295377677553
621,621,GRCh38_notinsegdups,corrected,3274,3146,0.284521324187295,0.30324221233312143,0.8217054263565892,0.4429997678198282
621,621,GRCh38_notinsegdups,legacy,3274,3274,0.28513474355259344,0.30054978619425776,0.8475452196382429,0.44374295377677553
621,621,GRCh38_segdups,corrected,3274,128,0.023828435266084195,0.234375,0.025839793281653745,0.04654771140418929
621,621,GRCh38_segdups,legacy,3274,2003,0.22351121423047177,0.28856714927608584,0.49784668389319553,0.3653603034134007
622,622,GRCh38_alldifficultregions,corrected,1048,253,0.14308811641067098,0.6996047430830039,0.1524547803617571,0.2503536067892504
622,622,GRCh38_alldifficultregions,legacy,1048,973,0.4912648497554158,0.7225077081192189,0.6055124892334195,0.6588566073102156
622,622,GRCh38_alllowmapandsegdupregions,corrected,1048,29,0.018835616438356163,0.7586206896551724,0.018949181739879414,0.03697478991596639
622,622,GRCh38_alllowmapandsegdupregions,legacy,1048,793,0.40879596250901223,0.7150063051702396,0.4883720930232558,0.5803480040941658
622,622,GRCh38_notinalldifficultregions,corrected,1048,795,0.4340175953079179,0.7446540880503144,0.5099052540913006,0.6053169734151329
622,622,GRCh38_notinalldifficultregions,legacy,1048,1044,0.532314107018763,0.7337164750957854,0.6597760551248923,0.6947845804988662
622,622,GRCh38_notinalllowmapandsegdupregions,corrected,1048,1019,0.5212840195394278,0.7330716388616291,0.6434108527131783,0.6853211009174313
622,622,GRCh38_notinalllowmapandsegdupregions,legacy,1048,1048,0.5340277777777778,0.7337786259541985,0.6623600344530577,0.6962426437301947
622,622,GRCh38_notinsegdups,corrected,1048,1022,0.5233775296580601,0.7338551859099804,0.6459948320413437,0.6871278057718735
622,622,GRCh38_notinsegdups,legacy,1048,1048,0.5340277777777778,0.7337786259541985,0.6623600344530577,0.6962426437301947
622,622,GRCh38_segdups,corrected,1048,26,0.016267123287671232,0.7307692307692307,0.01636520241171404,0.032013479359730417
622,622,GRCh38_segdups,legacy,1048,632,0.33805970149253733,0.7167721518987342,0.39018087855297157,0.5052983825989961
623,623,GRCh38_alldifficultregions,corrected,3110,1167,0.10751665080875357,0.19365895458440446,0.19465977605512488,0.19415807560137457
623,623,GRCh38_alldifficultregions,legacy,3110,2905,0.2533908754623921,0.28296041308089503,0.7080103359173127,0.40432857845548453
623,623,GRCh38_alllowmapandsegdupregions,corrected,3110,196,0.023378582202111614,0.15816326530612246,0.026701119724375538,0.04568901989683125
623,623,GRCh38_alllowmapandsegdupregions,legacy,3110,2384,0.23304347826086957,0.28104026845637586,0.5770887166236004,0.37799717912552894
623,623,GRCh38_notinalldifficultregions,corrected,3110,1943,0.27789213668176205,0.3474009264024704,0.5813953488372093,0.43492268041237114
623,623,GRCh38_notinalldifficultregions,legacy,3110,3101,0.2665676077265973,0.2892615285391809,0.772609819121447,0.42092914124824027
623,623,GRCh38_notinalllowmapandsegdupregions,corrected,3110,2914,0.2714508580343214,0.29855868222374743,0.7493540051679587,0.4269938650306748
623,623,GRCh38_notinalllowmapandsegdupregions,legacy,3110,3110,0.2673590504451039,0.2897106109324759,0.7760551248923342,0.4219152423320066
623,623,GRCh38_notinsegdups,corrected,3110,2921,0.2720473667809286,0.29887024991441286,0.751937984496124,0.42773150416462513
623,623,GRCh38_notinsegdups,legacy,3110,3110,0.2673590504451039,0.2897106109324759,0.7760551248923342,0.4219152423320066
623,623,GRCh38_segdups,corrected,3110,189,0.02118003025718608,0.14814814814814814,0.024117140396210164,0.04148148148148148
623,623,GRCh38_segdups,legacy,3110,1910,0.21143984220907297,0.2806282722513089,0.4616709732988803,0.34907196352979486
624,624,GRCh38_alldifficultregions,corrected,789,249,0.010752688172043012,0.060240963855421686,0.012919896640826873,0.021276595744680847
624,624,GRCh38_alldifficultregions,legacy,789,724,0.03856749311294766,0.09668508287292818,0.06029285099052541,0.0742705570291777
624,624,GRCh38_alllowmapandsegdupregions,corrected,789,4,0.0,0.0,0.0,0.0
624,624,GRCh38_alllowmapandsegdupregions,legacy,789,593,0.03603071470761961,0.10286677908937605,0.05254091300602928,0.06955530216647662
624,624,GRCh38_notinalldifficultregions,corrected,789,540,0.03719512195121951,0.11296296296296296,0.05254091300602928,0.0717225161669606
624,624,GRCh38_notinalldifficultregions,legacy,789,787,0.0400427122263748,0.09529860228716645,0.06459948320413436,0.07700205338809035
624,624,GRCh38_notinalllowmapandsegdupregions,corrected,789,785,0.040641711229946524,0.09681528662420383,0.06546080964685616,0.07810894141829394
624,624,GRCh38_notinalllowmapandsegdupregions,legacy,789,789,0.04055496264674493,0.09632446134347275,0.06546080964685616,0.07794871794871795
624,624,GRCh38_notinsegdups,corrected,789,785,0.040641711229946524,0.09681528662420383,0.06546080964685616,0.07810894141829394
624,624,GRCh38_notinsegdups,legacy,789,789,0.04055496264674493,0.09632446134347275,0.06546080964685616,0.07794871794871795
624,624,GRCh38_segdups,corrected,789,4,0.0,0.0,0.0,0.0
624,624,GRCh38_segdups,legacy,789,468,0.0349428208386277,0.11752136752136752,0.047372954349698536,0.06752608962553713
625,625,GRCh38_alldifficultregions,corrected,1290,331,0.183187946074544,0.6978851963746223,0.19896640826873385,0.30965147453083114
625,625,GRCh38_alldifficultregions,legacy,1290,1181,0.5813639432815665,0.729043183742591,0.7416020671834626,0.7352690008539711
625,625,GRCh38_alllowmapandsegdupregions,corrected,1290,56,0.02527379949452401,0.5357142857142857,0.025839793281653745,0.049301561216105176
625,625,GRCh38_alllowmapandsegdupregions,legacy,1290,968,0.486731843575419,0.7200413223140496,0.6003445305770887,0.6547674964772193
625,625,GRCh38_notinalldifficultregions,corrected,1290,959,0.5035460992907801,0.7403545359749739,0.611541774332472,0.669811320754717
625,625,GRCh38_notinalldifficultregions,legacy,1290,1287,0.6211920529801325,0.7288267288267288,0.8079242032730405,0.7663398692810457
625,625,GRCh38_notinalllowmapandsegdupregions,corrected,1290,1234,0.6138814016172507,0.7382495948136143,0.7846683893195521,0.7607515657620042
625,625,GRCh38_notinalllowmapandsegdupregions,legacy,1290,1290,0.6231788079470199,0.7294573643410853,0.8105081826012058,0.7678498572011424
625,625,GRCh38_notinsegdups,corrected,1290,1238,0.616576819407008,0.7390953150242326,0.7881136950904393,0.7628178407669862
625,625,GRCh38_notinsegdups,legacy,1290,1290,0.6231788079470199,0.7294573643410853,0.8105081826012058,0.7678498572011424
625,625,GRCh38_segdups,corrected,1290,52,0.02190395956192081,0.5,0.02239448751076658,0.04286892003297609
625,625,GRCh38_segdups,legacy,1290,773,0.39840925524222703,0.7128072445019404,0.47459086993970717,0.5698035160289555
626,626,GRCh38_alldifficultregions,corrected,1006,234,0.17820945945945946,0.9017094017094017,0.181739879414298,0.3025089605734767
626,626,GRCh38_alldifficultregions,legacy,1006,919,0.6573705179282868,0.8977149075081611,0.710594315245478,0.7932692307692307
626,626,GRCh38_alllowmapandsegdupregions,corrected,1006,16,0.010300429184549357,0.75,0.0103359173126615,0.020390824129141887
626,626,GRCh38_alllowmapandsegdupregions,legacy,1006,739,0.5359741309620049,0.8971583220568335,0.5710594315245479,0.6978947368421052
626,626,GRCh38_notinalldifficultregions,corrected,1006,772,0.5551086082059533,0.8937823834196891,0.5943152454780362,0.7139161924469736
626,626,GRCh38_notinalldifficultregions,legacy,1006,1003,0.7093206951026856,0.8953140578265204,0.7734711455641688,0.8299445471349353
626,626,GRCh38_notinalllowmapandsegdupregions,corrected,1006,990,0.7044374009508716,0.897979797979798,0.7657192075796727,0.8265922826592284
626,626,GRCh38_notinalllowmapandsegdupregions,legacy,1006,1006,0.7116903633491312,0.8956262425447317,0.7760551248923342,0.8315643747115828
626,626,GRCh38_notinsegdups,corrected,1006,992,0.7033227848101266,0.8961693548387096,0.7657192075796727,0.8258244310264747
626,626,GRCh38_notinsegdups,legacy,1006,1006,0.7116903633491312,0.8956262425447317,0.7760551248923342,0.8315643747115828
626,626,GRCh38_segdups,corrected,1006,14,0.010318142734307825,0.8571428571428571,0.0103359173126615,0.02042553191489362
626,626,GRCh38_segdups,legacy,1006,583,0.42950819672131146,0.8987993138936535,0.45133505598621876,0.6009174311926606
627,627,GRCh38_alldifficultregions,corrected,2209,656,0.15365079365079365,0.36890243902439024,0.20844099913867356,0.2663731425426527
627,627,GRCh38_alldifficultregions,legacy,2209,2047,0.3857451403887689,0.4362481680508061,0.7691645133505599,0.5567331670822943
627,627,GRCh38_alllowmapandsegdupregions,corrected,2209,98,0.027755102040816326,0.3469387755102041,0.029285099052540915,0.054011119936457505
627,627,GRCh38_alllowmapandsegdupregions,legacy,2209,1676,0.34073724007561434,0.4301909307875895,0.6210163652024118,0.508283397955587
627,627,GRCh38_notinalldifficultregions,corrected,2209,1553,0.37139969681657403,0.4732775273663876,0.6330749354005168,0.5416359616801768
627,627,GRCh38_notinalldifficultregions,legacy,2209,2203,0.40635451505016723,0.44121652292328645,0.8372093023255814,0.577883472057075
627,627,GRCh38_notinalllowmapandsegdupregions,corrected,2209,2111,0.40489480463718336,0.44670772145902415,0.8122308354866494,0.5764058679706601
627,627,GRCh38_notinalllowmapandsegdupregions,legacy,2209,2209,0.4082741328875888,0.4422815753734722,0.8415159345391904,0.5798219584569733
627,627,GRCh38_notinsegdups,corrected,2209,2115,0.40661227994847576,0.4477541371158392,0.8156761412575366,0.5781440781440781
627,627,GRCh38_notinsegdups,legacy,2209,2209,0.4082741328875888,0.4422815753734722,0.8415159345391904,0.5798219584569733
627,627,GRCh38_segdups,corrected,2209,94,0.024489795918367346,0.3191489361702128,0.025839793281653745,0.04780876494023904
627,627,GRCh38_segdups,legacy,2209,1336,0.2984919396775871,0.4296407185628742,0.49440137812230833,0.4597517020424509
628,628,GRCh38_alldifficultregions,corrected,1242,330,0.16575449569976544,0.6424242424242425,0.1826012058570198,0.28437290409121396
628,628,GRCh38_alldifficultregions,legacy,1242,1153,0.5478260869565217,0.7103209019947961,0.7054263565891473,0.7078651685393259
628,628,GRCh38_alllowmapandsegdupregions,corrected,1242,37,0.02480752780153978,0.7837837837837838,0.024978466838931956,0.04841402337228715
628,628,GRCh38_alllowmapandsegdupregions,legacy,1242,947,0.4588235294117647,0.7001055966209081,0.5710594315245479,0.6290322580645161
628,628,GRCh38_notinalldifficultregions,corrected,1242,912,0.49029475197699496,0.7478070175438597,0.5874246339362619,0.6579835986493006
628,628,GRCh38_notinalldifficultregions,legacy,1242,1238,0.5897945659377071,0.7189014539579968,0.7665805340223945,0.7419758232596915
628,628,GRCh38_notinalllowmapandsegdupregions,corrected,1242,1205,0.5762824783477681,0.7178423236514523,0.7450473729543498,0.7311918850380389
628,628,GRCh38_notinalllowmapandsegdupregions,legacy,1242,1242,0.5924453280318092,0.7198067632850241,0.7700258397932817,0.7440699126092384
628,628,GRCh38_notinsegdups,corrected,1242,1209,0.5778961384820239,0.717948717948718,0.7476313522825151,0.7324894514767933
628,628,GRCh38_notinsegdups,legacy,1242,1242,0.5924453280318092,0.7198067632850241,0.7700258397932817,0.7440699126092384
628,628,GRCh38_segdups,corrected,1242,33,0.02226027397260274,0.7878787878787878,0.02239448751076658,0.04355108877721943
628,628,GRCh38_segdups,legacy,1242,748,0.38233164373642287,0.7058823529411765,0.45478036175710596,0.5531691985332636
629,629,GRCh38_alldifficultregions,corrected,2227,924,0.11676486341724691,0.23593073593073594,0.18776916451335057,0.20911270983213429
629,629,GRCh38_alldifficultregions,legacy,2227,2076,0.3266393442622951,0.38391136801541426,0.6864771748492678,0.4924312635156009
629,629,GRCh38_alllowmapandsegdupregions,corrected,2227,178,0.02291825821237586,0.16853932584269662,0.025839793281653745,0.04480955937266617
629,629,GRCh38_alllowmapandsegdupregions,legacy,2227,1703,0.2935862691960253,0.3816793893129771,0.5598621877691645,0.4539106145251397
629,629,GRCh38_notinalldifficultregions,corrected,2227,1303,0.36207849640685463,0.5026861089792786,0.5641688199827735,0.5316558441558442
629,629,GRCh38_notinalldifficultregions,legacy,2227,2218,0.345679012345679,0.3913435527502254,0.7476313522825151,0.5137614678899083
629,629,GRCh38_notinalllowmapandsegdupregions,corrected,2227,2049,0.3561470215462611,0.41142020497803805,0.7260981912144703,0.525233644859813
629,629,GRCh38_notinalllowmapandsegdupregions,legacy,2227,2227,0.347117296222664,0.3920071845532106,0.751937984496124,0.5153482880755609
629,629,GRCh38_notinsegdups,corrected,2227,2057,0.35723323492197384,0.4117647058823529,0.7295434969853575,0.526413921690491
629,629,GRCh38_notinsegdups,legacy,2227,2227,0.347117296222664,0.3920071845532106,0.751937984496124,0.5153482880755609
629,629,GRCh38_segdups,corrected,2227,170,0.01992337164750958,0.15294117647058825,0.02239448751076658,0.03906836964688204
629,629,GRCh38_segdups,legacy,2227,1387,0.25765054294175715,0.37635183850036047,0.4496124031007752,0.40973312401883827
630,630,GRCh38_alldifficultregions,corrected,1767,573,0.11368015414258188,0.3089005235602094,0.1524547803617571,0.2041522491349481
630,630,GRCh38_alldifficultregions,legacy,1767,1632,0.3604481246955675,0.4534313725490196,0.6373815676141258,0.5298961689939133
630,630,GRCh38_alllowmapandsegdupregions,corrected,1767,11,0.0025662959794696323,0.2727272727272727,0.002583979328165375,0.005119453924914676
630,630,GRCh38_alllowmapandsegdupregions,legacy,1767,1325,0.3174350821409645,0.4520754716981132,0.5159345391903531,0.4818986323411102
630,630,GRCh38_notinalldifficultregions,corrected,1767,1194,0.37157833430401865,0.5343383584589615,0.549526270456503,0.5418259023354565
630,630,GRCh38_notinalldifficultregions,legacy,1767,1763,0.38446969696969696,0.46057855927396485,0.6993970714900948,0.5554035567715458
630,630,GRCh38_notinalllowmapandsegdupregions,corrected,1767,1756,0.3857482185273159,0.4624145785876993,0.6993970714900948,0.5567363729859445
630,630,GRCh38_notinalllowmapandsegdupregions,legacy,1767,1767,0.38570752484619025,0.46123372948500285,0.7019810508182601,0.5566939890710384
630,630,GRCh38_notinsegdups,corrected,1767,1756,0.3857482185273159,0.4624145785876993,0.6993970714900948,0.5567363729859445
630,630,GRCh38_notinsegdups,legacy,1767,1767,0.38570752484619025,0.46123372948500285,0.7019810508182601,0.5566939890710384
630,630,GRCh38_segdups,corrected,1767,11,0.0025662959794696323,0.2727272727272727,0.002583979328165375,0.005119453924914676
630,630,GRCh38_segdups,legacy,1767,1059,0.2765957446808511,0.4542020774315392,0.4142980189491817,0.43333333333333335
631,631,GRCh38_alldifficultregions,corrected,1290,331,0.183187946074544,0.6978851963746223,0.19896640826873385,0.30965147453083114
631,631,GRCh38_alldifficultregions,legacy,1290,1181,0.5813639432815665,0.729043183742591,0.7416020671834626,0.7352690008539711
631,631,GRCh38_alllowmapandsegdupregions,corrected,1290,56,0.02527379949452401,0.5357142857142857,0.025839793281653745,0.049301561216105176
631,631,GRCh38_alllowmapandsegdupregions,legacy,1290,968,0.486731843575419,0.7200413223140496,0.6003445305770887,0.6547674964772193
631,631,GRCh38_notinalldifficultregions,corrected,1290,959,0.5035460992907801,0.7403545359749739,0.611541774332472,0.669811320754717
631,631,GRCh38_notinalldifficultregions,legacy,1290,1287,0.6211920529801325,0.7288267288267288,0.8079242032730405,0.7663398692810457
631,631,GRCh38_notinalllowmapandsegdupregions,corrected,1290,1234,0.6138814016172507,0.7382495948136143,0.7846683893195521,0.7607515657620042
631,631,GRCh38_notinalllowmapandsegdupregions,legacy,1290,1290,0.6231788079470199,0.7294573643410853,0.8105081826012058,0.7678498572011424
631,631,GRCh38_notinsegdups,corrected,1290,1238,0.616576819407008,0.7390953150242326,0.7881136950904393,0.7628178407669862
631,631,GRCh38_notinsegdups,legacy,1290,1290,0.6231788079470199,0.7294573643410853,0.8105081826012058,0.7678498572011424
631,631,GRCh38_segdups,corrected,1290,52,0.02190395956192081,0.5,0.02239448751076658,0.04286892003297609
631,631,GRCh38_segdups,legacy,1290,773,0.39840925524222703,0.7128072445019404,0.47459086993970717,0.5698035160289555
632,632,GRCh38_alldifficultregions,corrected,1006,234,0.17820945945945946,0.9017094017094017,0.181739879414298,0.3025089605734767
632,632,GRCh38_alldifficultregions,legacy,1006,919,0.6573705179282868,0.8977149075081611,0.710594315245478,0.7932692307692307
632,632,GRCh38_alllowmapandsegdupregions,corrected,1006,16,0.010300429184549357,0.75,0.0103359173126615,0.020390824129141887
632,632,GRCh38_alllowmapandsegdupregions,legacy,1006,739,0.5359741309620049,0.8971583220568335,0.5710594315245479,0.6978947368421052
632,632,GRCh38_notinalldifficultregions,corrected,1006,772,0.5551086082059533,0.8937823834196891,0.5943152454780362,0.7139161924469736
632,632,GRCh38_notinalldifficultregions,legacy,1006,1003,0.7093206951026856,0.8953140578265204,0.7734711455641688,0.8299445471349353
632,632,GRCh38_notinalllowmapandsegdupregions,corrected,1006,990,0.7044374009508716,0.897979797979798,0.7657192075796727,0.8265922826592284
632,632,GRCh38_notinalllowmapandsegdupregions,legacy,1006,1006,0.7116903633491312,0.8956262425447317,0.7760551248923342,0.8315643747115828
632,632,GRCh38_notinsegdups,corrected,1006,992,0.7033227848101266,0.8961693548387096,0.7657192075796727,0.8258244310264747
632,632,GRCh38_notinsegdups,legacy,1006,1006,0.7116903633491312,0.8956262425447317,0.7760551248923342,0.8315643747115828
632,632,GRCh38_segdups,corrected,1006,14,0.010318142734307825,0.8571428571428571,0.0103359173126615,0.02042553191489362
632,632,GRCh38_segdups,legacy,1006,583,0.42950819672131146,0.8987993138936535,0.45133505598621876,0.6009174311926606
633,633,GRCh38_alldifficultregions,corrected,2209,656,0.15365079365079365,0.36890243902439024,0.20844099913867356,0.2663731425426527
633,633,GRCh38_alldifficultregions,legacy,2209,2047,0.3857451403887689,0.4362481680508061,0.7691645133505599,0.5567331670822943
633,633,GRCh38_alllowmapandsegdupregions,corrected,2209,98,0.027755102040816326,0.3469387755102041,0.029285099052540915,0.054011119936457505
633,633,GRCh38_alllowmapandsegdupregions,legacy,2209,1676,0.34073724007561434,0.4301909307875895,0.6210163652024118,0.508283397955587
633,633,GRCh38_notinalldifficultregions,corrected,2209,1553,0.37139969681657403,0.4732775273663876,0.6330749354005168,0.5416359616801768
633,633,GRCh38_notinalldifficultregions,legacy,2209,2203,0.40635451505016723,0.44121652292328645,0.8372093023255814,0.577883472057075
633,633,GRCh38_notinalllowmapandsegdupregions,corrected,2209,2111,0.40489480463718336,0.44670772145902415,0.8122308354866494,0.5764058679706601
633,633,GRCh38_notinalllowmapandsegdupregions,legacy,2209,2209,0.4082741328875888,0.4422815753734722,0.8415159345391904,0.5798219584569733
633,633,GRCh38_notinsegdups,corrected,2209,2115,0.40661227994847576,0.4477541371158392,0.8156761412575366,0.5781440781440781
633,633,GRCh38_notinsegdups,legacy,2209,2209,0.4082741328875888,0.4422815753734722,0.8415159345391904,0.5798219584569733
633,633,GRCh38_segdups,corrected,2209,94,0.024489795918367346,0.3191489361702128,0.025839793281653745,0.04780876494023904
633,633,GRCh38_segdups,legacy,2209,1336,0.2984919396775871,0.4296407185628742,0.49440137812230833,0.4597517020424509
634,634,GRCh38_alldifficultregions,corrected,1242,330,0.16575449569976544,0.6424242424242425,0.1826012058570198,0.28437290409121396
634,634,GRCh38_alldifficultregions,legacy,1242,1153,0.5478260869565217,0.7103209019947961,0.7054263565891473,0.7078651685393259
634,634,GRCh38_alllowmapandsegdupregions,corrected,1242,37,0.02480752780153978,0.7837837837837838,0.024978466838931956,0.04841402337228715
634,634,GRCh38_alllowmapandsegdupregions,legacy,1242,947,0.4588235294117647,0.7001055966209081,0.5710594315245479,0.6290322580645161
634,634,GRCh38_notinalldifficultregions,corrected,1242,912,0.49029475197699496,0.7478070175438597,0.5874246339362619,0.6579835986493006
634,634,GRCh38_notinalldifficultregions,legacy,1242,1238,0.5897945659377071,0.7189014539579968,0.7665805340223945,0.7419758232596915
634,634,GRCh38_notinalllowmapandsegdupregions,corrected,1242,1205,0.5762824783477681,0.7178423236514523,0.7450473729543498,0.7311918850380389
634,634,GRCh38_notinalllowmapandsegdupregions,legacy,1242,1242,0.5924453280318092,0.7198067632850241,0.7700258397932817,0.7440699126092384
634,634,GRCh38_notinsegdups,corrected,1242,1209,0.5778961384820239,0.717948717948718,0.7476313522825151,0.7324894514767933
634,634,GRCh38_notinsegdups,legacy,1242,1242,0.5924453280318092,0.7198067632850241,0.7700258397932817,0.7440699126092384
634,634,GRCh38_segdups,corrected,1242,33,0.02226027397260274,0.7878787878787878,0.02239448751076658,0.04355108877721943
634,634,GRCh38_segdups,legacy,1242,748,0.38233164373642287,0.7058823529411765,0.45478036175710596,0.5531691985332636
635,635,GRCh38_alldifficultregions,corrected,2227,924,0.11676486341724691,0.23593073593073594,0.18776916451335057,0.20911270983213429
635,635,GRCh38_alldifficultregions,legacy,2227,2076,0.3266393442622951,0.38391136801541426,0.6864771748492678,0.4924312635156009
635,635,GRCh38_alllowmapandsegdupregions,corrected,2227,178,0.02291825821237586,0.16853932584269662,0.025839793281653745,0.04480955937266617
635,635,GRCh38_alllowmapandsegdupregions,legacy,2227,1703,0.2935862691960253,0.3816793893129771,0.5598621877691645,0.4539106145251397
635,635,GRCh38_notinalldifficultregions,corrected,2227,1303,0.36207849640685463,0.5026861089792786,0.5641688199827735,0.5316558441558442
635,635,GRCh38_notinalldifficultregions,legacy,2227,2218,0.345679012345679,0.3913435527502254,0.7476313522825151,0.5137614678899083
635,635,GRCh38_notinalllowmapandsegdupregions,corrected,2227,2049,0.3561470215462611,0.41142020497803805,0.7260981912144703,0.525233644859813
635,635,GRCh38_notinalllowmapandsegdupregions,legacy,2227,2227,0.347117296222664,0.3920071845532106,0.751937984496124,0.5153482880755609
635,635,GRCh38_notinsegdups,corrected,2227,2057,0.35723323492197384,0.4117647058823529,0.7295434969853575,0.526413921690491
635,635,GRCh38_notinsegdups,legacy,2227,2227,0.347117296222664,0.3920071845532106,0.751937984496124,0.5153482880755609
635,635,GRCh38_segdups,corrected,2227,170,0.01992337164750958,0.15294117647058825,0.02239448751076658,0.03906836964688204
635,635,GRCh38_segdups,legacy,2227,1387,0.25765054294175715,0.37635183850036047,0.4496124031007752,0.40973312401883827
636,636,GRCh38_alldifficultregions,corrected,1767,573,0.11368015414258188,0.3089005235602094,0.1524547803617571,0.2041522491349481
636,636,GRCh38_alldifficultregions,legacy,1767,1632,0.3604481246955675,0.4534313725490196,0.6373815676141258,0.5298961689939133
636,636,GRCh38_alllowmapandsegdupregions,corrected,1767,11,0.0025662959794696323,0.2727272727272727,0.002583979328165375,0.005119453924914676
636,636,GRCh38_alllowmapandsegdupregions,legacy,1767,1325,0.3174350821409645,0.4520754716981132,0.5159345391903531,0.4818986323411102
636,636,GRCh38_notinalldifficultregions,corrected,1767,1194,0.37157833430401865,0.5343383584589615,0.549526270456503,0.5418259023354565
636,636,GRCh38_notinalldifficultregions,legacy,1767,1763,0.38446969696969696,0.46057855927396485,0.6993970714900948,0.5554035567715458
636,636,GRCh38_notinalllowmapandsegdupregions,corrected,1767,1756,0.3857482185273159,0.4624145785876993,0.6993970714900948,0.5567363729859445
636,636,GRCh38_notinalllowmapandsegdupregions,legacy,1767,1767,0.38570752484619025,0.46123372948500285,0.7019810508182601,0.5566939890710384
636,636,GRCh38_notinsegdups,corrected,1767,1756,0.3857482185273159,0.4624145785876993,0.6993970714900948,0.5567363729859445
636,636,GRCh38_notinsegdups,legacy,1767,1767,0.38570752484619025,0.46123372948500285,0.7019810508182601,0.5566939890710384
636,636,GRCh38_segdups,corrected,1767,11,0.0025662959794696323,0.2727272727272727,0.002583979328165375,0.005119453924914676
636,636,GRCh38_segdups,legacy,1767,1059,0.2765957446808511,0.4542020774315392,0.4142980189491817,0.43333333333333335
637,637,GRCh38_alldifficultregions,corrected,1378,346,0.18196078431372548,0.6705202312138728,0.19982773471145565,0.30789648307896483
637,637,GRCh38_alldifficultregions,legacy,1378,1258,0.5546272493573264,0.6860095389507154,0.7433247200689062,0.7135179826374534
637,637,GRCh38_alllowmapandsegdupregions,corrected,1378,58,0.025231286795626577,0.5172413793103449,0.025839793281653745,0.04922067268252665
637,637,GRCh38_alllowmapandsegdupregions,legacy,1378,1022,0.46805648957632817,0.6810176125244618,0.599483204134367,0.6376546037562987
637,637,GRCh38_notinalldifficultregions,corrected,1378,1032,0.4797570850202429,0.688953488372093,0.6124031007751938,0.6484268125854994
637,637,GRCh38_notinalldifficultregions,legacy,1378,1375,0.5889724310776943,0.6836363636363636,0.8096468561584841,0.7413249211356467
637,637,GRCh38_notinalllowmapandsegdupregions,corrected,1378,1320,0.5822704081632653,0.6916666666666667,0.7863910422049957,0.735993550987505
637,637,GRCh38_notinalllowmapandsegdupregions,legacy,1378,1378,0.5908521303258145,0.6843251088534107,0.8122308354866494,0.7428121307601416
637,637,GRCh38_notinsegdups,corrected,1378,1325,0.5844486934353091,0.6920754716981132,0.7898363479758829,0.7377312952534192
637,637,GRCh38_notinsegdups,legacy,1378,1378,0.5908521303258145,0.6843251088534107,0.8122308354866494,0.7428121307601416
637,637,GRCh38_segdups,corrected,1378,53,0.021885521885521887,0.49056603773584906,0.02239448751076658,0.042833607907742995
637,637,GRCh38_segdups,legacy,1378,821,0.3840782122905028,0.6699147381242387,0.4737295434969854,0.5549949545913219
638,638,GRCh38_alldifficultregions,corrected,1073,249,0.17696160267111852,0.8514056224899599,0.1826012058570198,0.300709219858156
638,638,GRCh38_alldifficultregions,legacy,1073,983,0.6341463414634146,0.8463886063072228,0.7166236003445305,0.7761194029850746
638,638,GRCh38_alllowmapandsegdupregions,corrected,1073,16,0.010300429184549357,0.75,0.0103359173126615,0.020390824129141887
638,638,GRCh38_alllowmapandsegdupregions,legacy,1073,789,0.5210608424336973,0.8466413181242078,0.5753660637381568,0.6851282051282052
638,638,GRCh38_notinalldifficultregions,corrected,1073,824,0.5399534522885958,0.8446601941747572,0.599483204134367,0.7012594458438287
638,638,GRCh38_notinalldifficultregions,legacy,1073,1070,0.6825037707390649,0.8457943925233645,0.7795004306632214,0.8112953832362171
638,638,GRCh38_notinalllowmapandsegdupregions,corrected,1073,1057,0.6777609682299546,0.847682119205298,0.7717484926787253,0.8079350766456267
638,638,GRCh38_notinalllowmapandsegdupregions,legacy,1073,1073,0.6847662141779789,0.8462255358807083,0.7820844099913867,0.8128916741271262
638,638,GRCh38_notinsegdups,corrected,1073,1059,0.676737160120846,0.846081208687441,0.7717484926787253,0.8072072072072072
638,638,GRCh38_notinsegdups,legacy,1073,1073,0.6847662141779789,0.8462255358807083,0.7820844099913867,0.8128916741271262
638,638,GRCh38_segdups,corrected,1073,14,0.010318142734307825,0.8571428571428571,0.0103359173126615,0.02042553191489362
638,638,GRCh38_segdups,legacy,1073,627,0.420174741858618,0.8437001594896332,0.45564168819982775,0.5917225950782998
639,639,GRCh38_alldifficultregions,corrected,3231,981,0.12736842105263158,0.24668705402650357,0.20844099913867356,0.22595704948646125
639,639,GRCh38_alldifficultregions,legacy,3231,2989,0.27613776137761376,0.3004349280695885,0.7734711455641688,0.4327710843373494
639,639,GRCh38_alllowmapandsegdupregions,corrected,3231,132,0.027005559968228753,0.25757575757575757,0.029285099052540915,0.0525908739365816
639,639,GRCh38_alllowmapandsegdupregions,legacy,3231,2451,0.25069252077562326,0.2953896368829049,0.6236003445305771,0.40088593576965664
639,639,GRCh38_notinalldifficultregions,corrected,3231,2250,0.2770497940846125,0.3288888888888889,0.6373815676141258,0.4338903547346819
639,639,GRCh38_notinalldifficultregions,legacy,3231,3223,0.2867625476959202,0.3031337263419175,0.8415159345391904,0.4457116788321168
639,639,GRCh38_notinalllowmapandsegdupregions,corrected,3231,3099,0.286231884057971,0.3059051306873185,0.8165374677002584,0.44507042253521134
639,639,GRCh38_notinalllowmapandsegdupregions,legacy,3231,3231,0.2879765395894428,0.3039306716186939,0.8458225667527993,0.44717668488160295
639,639,GRCh38_notinsegdups,corrected,3231,3104,0.2873528523996378,0.30670103092783507,0.8199827734711456,0.44642438452520516
639,639,GRCh38_notinsegdups,legacy,3231,3231,0.2879765395894428,0.3039306716186939,0.8458225667527993,0.44717668488160295
639,639,GRCh38_segdups,corrected,3231,127,0.02384737678855326,0.23622047244094488,0.025839793281653745,0.04658385093167702
639,639,GRCh38_segdups,legacy,3231,1964,0.2259709690074539,0.29327902240325865,0.49612403100775193,0.36863999999999997
640,640,GRCh38_alldifficultregions,corrected,1422,382,0.16102332580887885,0.5602094240837696,0.1843238587424634,0.27738172391445237
640,640,GRCh38_alldifficultregions,legacy,1422,1317,0.4963768115942029,0.6241457858769932,0.7080103359173127,0.6634382566585956
640,640,GRCh38_alllowmapandsegdupregions,corrected,1422,40,0.024744027303754267,0.725,0.024978466838931956,0.048293089092422976
640,640,GRCh38_alllowmapandsegdupregions,legacy,1422,1082,0.42141951837769326,0.6146025878003697,0.5727820844099913,0.5929558626839055
640,640,GRCh38_notinalldifficultregions,corrected,1422,1040,0.45088991430454844,0.6576923076923077,0.5891472868217055,0.6215356656065425
640,640,GRCh38_notinalldifficultregions,legacy,1422,1418,0.5305637982195845,0.6304654442877292,0.7700258397932817,0.6932919736331912
640,640,GRCh38_notinalllowmapandsegdupregions,corrected,1422,1382,0.519115890083632,0.6287988422575976,0.7484926787252368,0.6834447502949272
640,640,GRCh38_notinalllowmapandsegdupregions,legacy,1422,1422,0.5329376854599407,0.6315049226441631,0.7734711455641688,0.6953155245838173
640,640,GRCh38_notinsegdups,corrected,1422,1386,0.5205970149253731,0.6291486291486291,0.7510766580534023,0.6847271299568121
640,640,GRCh38_notinsegdups,legacy,1422,1422,0.5329376854599407,0.6315049226441631,0.7734711455641688,0.6953155245838173
640,640,GRCh38_segdups,corrected,1422,36,0.02220324508966695,0.7222222222222222,0.02239448751076658,0.04344193817878028
640,640,GRCh38_segdups,legacy,1422,855,0.3566621803499327,0.6198830409356725,0.45650301464254955,0.5257936507936508
641,641,GRCh38_alldifficultregions,corrected,3299,1247,0.10509407985314365,0.18364073777064957,0.19724375538329025,0.19019933554817278
641,641,GRCh38_alldifficultregions,legacy,3299,3076,0.24252199413489736,0.2688556566970091,0.7123169681309216,0.3903705451970734
641,641,GRCh38_alllowmapandsegdupregions,corrected,3299,197,0.024132730015082957,0.16243654822335024,0.02756244616709733,0.04712812960235641
641,641,GRCh38_alllowmapandsegdupregions,legacy,3299,2515,0.22451698867421718,0.2679920477137177,0.5805340223944875,0.36670293797606096
641,641,GRCh38_notinalldifficultregions,corrected,3299,2052,0.2669558359621451,0.32992202729044834,0.5831180017226529,0.42141300964830375
641,641,GRCh38_notinalldifficultregions,legacy,3299,3288,0.253945885005637,0.27402676399026765,0.7760551248923342,0.40503483928972805
641,641,GRCh38_notinalllowmapandsegdupregions,corrected,3299,3102,0.25789318383003834,0.28175370728562216,0.7527993109388458,0.41003987802017355
641,641,GRCh38_notinalllowmapandsegdupregions,legacy,3299,3299,0.2549240292628025,0.27462867535616853,0.7803617571059431,0.40627802690582965
641,641,GRCh38_notinsegdups,corrected,3299,3112,0.2586156111929308,0.28213367609254497,0.756244616709733,0.4109524923941025
641,641,GRCh38_notinsegdups,legacy,3299,3299,0.2549240292628025,0.27462867535616853,0.7803617571059431,0.40627802690582965
641,641,GRCh38_segdups,corrected,3299,187,0.021212121212121213,0.1497326203208556,0.024117140396210164,0.04154302670623146
641,641,GRCh38_segdups,legacy,3299,2022,0.20385779122541603,0.2665677546983185,0.46425495262704564,0.3386742067232171
642,642,GRCh38_alldifficultregions,corrected,2892,893,0.1007502679528403,0.21052631578947367,0.16192937123169682,0.18305744888023368
642,642,GRCh38_alldifficultregions,legacy,2892,2675,0.2527759634225996,0.2893457943925234,0.6666666666666666,0.4035453597497393
642,642,GRCh38_alllowmapandsegdupregions,corrected,2892,23,0.003389830508474576,0.17391304347826086,0.0034453057708871662,0.006756756756756756
642,642,GRCh38_alllowmapandsegdupregions,legacy,2892,2169,0.23105360443622922,0.28815122176118024,0.5383290267011197,0.3753753753753753
642,642,GRCh38_notinalldifficultregions,corrected,2892,1999,0.266025641025641,0.3321660830415208,0.5719207579672696,0.4202531645569621
642,642,GRCh38_notinalldifficultregions,legacy,2892,2885,0.26556146387238033,0.29428076256499136,0.7312661498708011,0.41967375185368266
642,642,GRCh38_notinalllowmapandsegdupregions,corrected,2892,2869,0.2664990571967316,0.29557337051237365,0.7304048234280792,0.42084367245657567
642,642,GRCh38_notinalllowmapandsegdupregions,legacy,2892,2892,0.2661668228678538,0.2946058091286307,0.7338501291989664,0.4204293116210215
642,642,GRCh38_notinsegdups,corrected,2892,2869,0.2664990571967316,0.29557337051237365,0.7304048234280792,0.42084367245657567
642,642,GRCh38_notinsegdups,legacy,2892,2892,0.2661668228678538,0.2946058091286307,0.7338501291989664,0.4204293116210215
642,642,GRCh38_segdups,corrected,2892,23,0.003389830508474576,0.17391304347826086,0.0034453057708871662,0.006756756756756756
642,642,GRCh38_segdups,legacy,2892,1710,0.21037099494097808,0.291812865497076,0.429801894918174,0.34761407175200276
643,643,GRCh38_alldifficultregions,corrected,1378,346,0.18196078431372548,0.6705202312138728,0.19982773471145565,0.30789648307896483
643,643,GRCh38_alldifficultregions,legacy,1378,1258,0.5546272493573264,0.6860095389507154,0.7433247200689062,0.7135179826374534
643,643,GRCh38_alllowmapandsegdupregions,corrected,1378,58,0.025231286795626577,0.5172413793103449,0.025839793281653745,0.04922067268252665
643,643,GRCh38_alllowmapandsegdupregions,legacy,1378,1022,0.46805648957632817,0.6810176125244618,0.599483204134367,0.6376546037562987
643,643,GRCh38_notinalldifficultregions,corrected,1378,1032,0.4797570850202429,0.688953488372093,0.6124031007751938,0.6484268125854994
643,643,GRCh38_notinalldifficultregions,legacy,1378,1375,0.5889724310776943,0.6836363636363636,0.8096468561584841,0.7413249211356467
643,643,GRCh38_notinalllowmapandsegdupregions,corrected,1378,1320,0.5822704081632653,0.6916666666666667,0.7863910422049957,0.735993550987505
643,643,GRCh38_notinalllowmapandsegdupregions,legacy,1378,1378,0.5908521303258145,0.6843251088534107,0.8122308354866494,0.7428121307601416
643,643,GRCh38_notinsegdups,corrected,1378,1325,0.5844486934353091,0.6920754716981132,0.7898363479758829,0.7377312952534192
643,643,GRCh38_notinsegdups,legacy,1378,1378,0.5908521303258145,0.6843251088534107,0.8122308354866494,0.7428121307601416
643,643,GRCh38_segdups,corrected,1378,53,0.021885521885521887,0.49056603773584906,0.02239448751076658,0.042833607907742995
643,643,GRCh38_segdups,legacy,1378,821,0.3840782122905028,0.6699147381242387,0.4737295434969854,0.5549949545913219
644,644,GRCh38_alldifficultregions,corrected,1073,249,0.17696160267111852,0.8514056224899599,0.1826012058570198,0.300709219858156
644,644,GRCh38_alldifficultregions,legacy,1073,983,0.6341463414634146,0.8463886063072228,0.7166236003445305,0.7761194029850746
644,644,GRCh38_alllowmapandsegdupregions,corrected,1073,16,0.010300429184549357,0.75,0.0103359173126615,0.020390824129141887
644,644,GRCh38_alllowmapandsegdupregions,legacy,1073,789,0.5210608424336973,0.8466413181242078,0.5753660637381568,0.6851282051282052
644,644,GRCh38_notinalldifficultregions,corrected,1073,824,0.5399534522885958,0.8446601941747572,0.599483204134367,0.7012594458438287
644,644,GRCh38_notinalldifficultregions,legacy,1073,1070,0.6825037707390649,0.8457943925233645,0.7795004306632214,0.8112953832362171
644,644,GRCh38_notinalllowmapandsegdupregions,corrected,1073,1057,0.6777609682299546,0.847682119205298,0.7717484926787253,0.8079350766456267
644,644,GRCh38_notinalllowmapandsegdupregions,legacy,1073,1073,0.6847662141779789,0.8462255358807083,0.7820844099913867,0.8128916741271262
644,644,GRCh38_notinsegdups,corrected,1073,1059,0.676737160120846,0.846081208687441,0.7717484926787253,0.8072072072072072
644,644,GRCh38_notinsegdups,legacy,1073,1073,0.6847662141779789,0.8462255358807083,0.7820844099913867,0.8128916741271262
644,644,GRCh38_segdups,corrected,1073,14,0.010318142734307825,0.8571428571428571,0.0103359173126615,0.02042553191489362
644,644,GRCh38_segdups,legacy,1073,627,0.420174741858618,0.8437001594896332,0.45564168819982775,0.5917225950782998
645,645,GRCh38_alldifficultregions,corrected,3231,981,0.12736842105263158,0.24668705402650357,0.20844099913867356,0.22595704948646125
645,645,GRCh38_alldifficultregions,legacy,3231,2989,0.27613776137761376,0.3004349280695885,0.7734711455641688,0.4327710843373494
645,645,GRCh38_alllowmapandsegdupregions,corrected,3231,132,0.027005559968228753,0.25757575757575757,0.029285099052540915,0.0525908739365816
645,645,GRCh38_alllowmapandsegdupregions,legacy,3231,2451,0.25069252077562326,0.2953896368829049,0.6236003445305771,0.40088593576965664
645,645,GRCh38_notinalldifficultregions,corrected,3231,2250,0.2770497940846125,0.3288888888888889,0.6373815676141258,0.4338903547346819
645,645,GRCh38_notinalldifficultregions,legacy,3231,3223,0.2867625476959202,0.3031337263419175,0.8415159345391904,0.4457116788321168
645,645,GRCh38_notinalllowmapandsegdupregions,corrected,3231,3099,0.286231884057971,0.3059051306873185,0.8165374677002584,0.44507042253521134
645,645,GRCh38_notinalllowmapandsegdupregions,legacy,3231,3231,0.2879765395894428,0.3039306716186939,0.8458225667527993,0.44717668488160295
645,645,GRCh38_notinsegdups,corrected,3231,3104,0.2873528523996378,0.30670103092783507,0.8199827734711456,0.44642438452520516
645,645,GRCh38_notinsegdups,legacy,3231,3231,0.2879765395894428,0.3039306716186939,0.8458225667527993,0.44717668488160295
645,645,GRCh38_segdups,corrected,3231,127,0.02384737678855326,0.23622047244094488,0.025839793281653745,0.04658385093167702
645,645,GRCh38_segdups,legacy,3231,1964,0.2259709690074539,0.29327902240325865,0.49612403100775193,0.36863999999999997
646,646,GRCh38_alldifficultregions,corrected,1422,382,0.16102332580887885,0.5602094240837696,0.1843238587424634,0.27738172391445237
646,646,GRCh38_alldifficultregions,legacy,1422,1317,0.4963768115942029,0.6241457858769932,0.7080103359173127,0.6634382566585956
646,646,GRCh38_alllowmapandsegdupregions,corrected,1422,40,0.024744027303754267,0.725,0.024978466838931956,0.048293089092422976
646,646,GRCh38_alllowmapandsegdupregions,legacy,1422,1082,0.42141951837769326,0.6146025878003697,0.5727820844099913,0.5929558626839055
646,646,GRCh38_notinalldifficultregions,corrected,1422,1040,0.45088991430454844,0.6576923076923077,0.5891472868217055,0.6215356656065425
646,646,GRCh38_notinalldifficultregions,legacy,1422,1418,0.5305637982195845,0.6304654442877292,0.7700258397932817,0.6932919736331912
646,646,GRCh38_notinalllowmapandsegdupregions,corrected,1422,1382,0.519115890083632,0.6287988422575976,0.7484926787252368,0.6834447502949272
646,646,GRCh38_notinalllowmapandsegdupregions,legacy,1422,1422,0.5329376854599407,0.6315049226441631,0.7734711455641688,0.6953155245838173
646,646,GRCh38_notinsegdups,corrected,1422,1386,0.5205970149253731,0.6291486291486291,0.7510766580534023,0.6847271299568121
646,646,GRCh38_notinsegdups,legacy,1422,1422,0.5329376854599407,0.6315049226441631,0.7734711455641688,0.6953155245838173
646,646,GRCh38_segdups,corrected,1422,36,0.02220324508966695,0.7222222222222222,0.02239448751076658,0.04344193817878028
646,646,GRCh38_segdups,legacy,1422,855,0.3566621803499327,0.6198830409356725,0.45650301464254955,0.5257936507936508
647,647,GRCh38_alldifficultregions,corrected,3299,1247,0.10509407985314365,0.18364073777064957,0.19724375538329025,0.19019933554817278
647,647,GRCh38_alldifficultregions,legacy,3299,3076,0.24252199413489736,0.2688556566970091,0.7123169681309216,0.3903705451970734
647,647,GRCh38_alllowmapandsegdupregions,corrected,3299,197,0.024132730015082957,0.16243654822335024,0.02756244616709733,0.04712812960235641
647,647,GRCh38_alllowmapandsegdupregions,legacy,3299,2515,0.22451698867421718,0.2679920477137177,0.5805340223944875,0.36670293797606096
647,647,GRCh38_notinalldifficultregions,corrected,3299,2052,0.2669558359621451,0.32992202729044834,0.5831180017226529,0.42141300964830375
647,647,GRCh38_notinalldifficultregions,legacy,3299,3288,0.253945885005637,0.27402676399026765,0.7760551248923342,0.40503483928972805
647,647,GRCh38_notinalllowmapandsegdupregions,corrected,3299,3102,0.25789318383003834,0.28175370728562216,0.7527993109388458,0.41003987802017355
647,647,GRCh38_notinalllowmapandsegdupregions,legacy,3299,3299,0.2549240292628025,0.27462867535616853,0.7803617571059431,0.40627802690582965
647,647,GRCh38_notinsegdups,corrected,3299,3112,0.2586156111929308,0.28213367609254497,0.756244616709733,0.4109524923941025
647,647,GRCh38_notinsegdups,legacy,3299,3299,0.2549240292628025,0.27462867535616853,0.7803617571059431,0.40627802690582965
647,647,GRCh38_segdups,corrected,3299,187,0.021212121212121213,0.1497326203208556,0.024117140396210164,0.04154302670623146
647,647,GRCh38_segdups,legacy,3299,2022,0.20385779122541603,0.2665677546983185,0.46425495262704564,0.3386742067232171
648,648,GRCh38_alldifficultregions,corrected,2892,893,0.1007502679528403,0.21052631578947367,0.16192937123169682,0.18305744888023368
648,648,GRCh38_alldifficultregions,legacy,2892,2675,0.2527759634225996,0.2893457943925234,0.6666666666666666,0.4035453597497393
648,648,GRCh38_alllowmapandsegdupregions,corrected,2892,23,0.003389830508474576,0.17391304347826086,0.0034453057708871662,0.006756756756756756
648,648,GRCh38_alllowmapandsegdupregions,legacy,2892,2169,0.23105360443622922,0.28815122176118024,0.5383290267011197,0.3753753753753753
648,648,GRCh38_notinalldifficultregions,corrected,2892,1999,0.266025641025641,0.3321660830415208,0.5719207579672696,0.4202531645569621
648,648,GRCh38_notinalldifficultregions,legacy,2892,2885,0.26556146387238033,0.29428076256499136,0.7312661498708011,0.41967375185368266
648,648,GRCh38_notinalllowmapandsegdupregions,corrected,2892,2869,0.2664990571967316,0.29557337051237365,0.7304048234280792,0.42084367245657567
648,648,GRCh38_notinalllowmapandsegdupregions,legacy,2892,2892,0.2661668228678538,0.2946058091286307,0.7338501291989664,0.4204293116210215
648,648,GRCh38_notinsegdups,corrected,2892,2869,0.2664990571967316,0.29557337051237365,0.7304048234280792,0.42084367245657567
648,648,GRCh38_notinsegdups,legacy,2892,2892,0.2661668228678538,0.2946058091286307,0.7338501291989664,0.4204293116210215
648,648,GRCh38_segdups,corrected,2892,23,0.003389830508474576,0.17391304347826086,0.0034453057708871662,0.006756756756756756
648,648,GRCh38_segdups,legacy,2892,1710,0.21037099494097808,0.291812865497076,0.429801894918174,0.34761407175200276
649,649,GRCh38_alldifficultregions,corrected,1400,360,0.17906976744186046,0.6416666666666667,0.19896640826873385,0.30374753451676534
649,649,GRCh38_alldifficultregions,legacy,1400,1282,0.545224541429475,0.672386895475819,0.7424633936261843,0.7056897257470324
649,649,GRCh38_alllowmapandsegdupregions,corrected,1400,62,0.025146689019279127,0.4838709677419355,0.025839793281653745,0.0490596892886345
649,649,GRCh38_alllowmapandsegdupregions,legacy,1400,1052,0.45976253298153036,0.6625475285171103,0.6003445305770887,0.6299141436963398
649,649,GRCh38_notinalldifficultregions,corrected,1400,1040,0.4771812080536913,0.6836538461538462,0.6124031007751938,0.6460699681962745
649,649,GRCh38_notinalldifficultregions,legacy,1400,1396,0.5803461063040791,0.6726361031518625,0.8087855297157622,0.7344544387954635
649,649,GRCh38_notinalllowmapandsegdupregions,corrected,1400,1338,0.5746691871455577,0.6816143497757847,0.7855297157622739,0.729891956782713
649,649,GRCh38_notinalllowmapandsegdupregions,legacy,1400,1399,0.5822002472187886,0.6733380986418871,0.8113695090439277,0.7359375
649,649,GRCh38_notinsegdups,corrected,1400,1343,0.5768261964735516,0.6820551005212211,0.788975021533161,0.7316293929712461
649,649,GRCh38_notinsegdups,legacy,1400,1400,0.5818406423718344,0.6728571428571428,0.8113695090439277,0.735650136665365
649,649,GRCh38_segdups,corrected,1400,57,0.02181208053691275,0.45614035087719296,0.02239448751076658,0.042692939244663386
649,649,GRCh38_segdups,legacy,1400,841,0.3797381116471399,0.6551724137931034,0.47459086993970717,0.5504495504495505
650,650,GRCh38_alldifficultregions,corrected,1086,247,0.16075845012366036,0.7894736842105263,0.16795865633074936,0.27698863636363635
650,650,GRCh38_alldifficultregions,legacy,1086,994,0.5684133915574964,0.7857142857142857,0.6726959517657192,0.7248259860788864
650,650,GRCh38_alllowmapandsegdupregions,corrected,1086,10,0.00774526678141136,0.9,0.007751937984496124,0.015371477369769427
650,650,GRCh38_alllowmapandsegdupregions,legacy,1086,790,0.46691729323308273,0.7860759493670886,0.5348837209302325,0.636596617119426
650,650,GRCh38_notinalldifficultregions,corrected,1086,839,0.49142431021625654,0.7854588796185935,0.5676141257536607,0.6589999999999999
650,650,GRCh38_notinalldifficultregions,legacy,1086,1083,0.6109117013639627,0.7857802400738689,0.7329888027562446,0.7584670231729056
650,650,GRCh38_notinalllowmapandsegdupregions,corrected,1086,1076,0.6070402298850575,0.7853159851301115,0.7278208440999139,0.7554760840411265
650,650,GRCh38_notinalllowmapandsegdupregions,legacy,1086,1086,0.6130653266331658,0.7863720073664825,0.73557278208441,0.7601246105919003
650,650,GRCh38_notinsegdups,corrected,1086,1077,0.6066044508255564,0.7845868152274837,0.7278208440999139,0.7551385165326184
650,650,GRCh38_notinsegdups,legacy,1086,1086,0.6130653266331658,0.7863720073664825,0.73557278208441,0.7601246105919003
650,650,GRCh38_segdups,corrected,1086,9,0.007751937984496124,1.0,0.007751937984496124,0.015384615384615384
650,650,GRCh38_segdups,legacy,1086,620,0.3752895752895753,0.7838709677419354,0.4186046511627907,0.5457608085345312
651,651,GRCh38_alldifficultregions,corrected,2182,614,0.15710560625814862,0.3925081433224756,0.20757967269595176,0.2715492957746479
651,651,GRCh38_alldifficultregions,legacy,2182,2017,0.39080962800875274,0.44273673772930094,0.7691645133505599,0.5619886721208307
651,651,GRCh38_alllowmapandsegdupregions,corrected,2182,101,0.02768729641693811,0.33663366336633666,0.029285099052540915,0.05388272583201268
651,651,GRCh38_alllowmapandsegdupregions,legacy,2182,1650,0.34497607655502394,0.43696969696969695,0.6210163652024118,0.5129847029526858
651,651,GRCh38_notinalldifficultregions,corrected,2182,1568,0.369292523833417,0.46938775510204084,0.6339362618432386,0.5393917185782339
651,651,GRCh38_notinalldifficultregions,legacy,2182,2176,0.41099365750528544,0.44669117647058826,0.8372093023255814,0.5825591848966137
651,651,GRCh38_notinalllowmapandsegdupregions,corrected,2182,2081,0.4101783384080035,0.45314752522825563,0.8122308354866494,0.5817396668723009
651,651,GRCh38_notinalllowmapandsegdupregions,legacy,2182,2182,0.41293322062552834,0.4477543538038497,0.8415159345391904,0.5845049356865092
651,651,GRCh38_notinsegdups,corrected,2182,2085,0.4119182253153545,0.4541966426858513,0.8156761412575366,0.5834873690696242
651,651,GRCh38_notinsegdups,legacy,2182,2182,0.41293322062552834,0.4477543538038497,0.8415159345391904,0.5845049356865092
651,651,GRCh38_segdups,corrected,2182,97,0.024429967426710098,0.30927835051546393,0.025839793281653745,0.047694753577106515
651,651,GRCh38_segdups,legacy,2182,1319,0.3011542497376705,0.4351781652767248,0.49440137812230833,0.4629032258064516
652,652,GRCh38_alldifficultregions,corrected,889,210,0.14728033472803348,0.8380952380952381,0.1515934539190353,0.25674690007293943
652,652,GRCh38_alldifficultregions,legacy,889,821,0.5424124513618677,0.8489646772228989,0.6003445305770887,0.7033299697275479
652,652,GRCh38_alllowmapandsegdupregions,corrected,889,26,0.01888412017167382,0.8461538461538461,0.018949181739879414,0.03706823925863521
652,652,GRCh38_alllowmapandsegdupregions,legacy,889,670,0.4451460142067877,0.8417910447761194,0.48578811369509045,0.6160567995630802
652,652,GRCh38_notinalldifficultregions,corrected,889,679,0.46730462519936206,0.8630338733431517,0.5047372954349698,0.6369565217391304
652,652,GRCh38_notinalldifficultregions,legacy,889,886,0.5892857142857143,0.8566591422121896,0.6537467700258398,0.7415730337078651
652,652,GRCh38_notinalllowmapandsegdupregions,corrected,889,863,0.5763239875389408,0.8574739281575898,0.6373815676141258,0.7312252964426879
652,652,GRCh38_notinalllowmapandsegdupregions,legacy,889,889,0.5916149068322981,0.8571428571428571,0.6563307493540051,0.7434146341463415
652,652,GRCh38_notinsegdups,corrected,889,866,0.5786604361370716,0.8579676674364896,0.6399655469422911,0.7331031080414405
652,652,GRCh38_notinsegdups,legacy,889,889,0.5916149068322981,0.8571428571428571,0.6563307493540051,0.7434146341463415
652,652,GRCh38_segdups,corrected,889,23,0.01630901287553648,0.8260869565217391,0.01636520241171404,0.03209459459459459
652,652,GRCh38_segdups,legacy,889,536,0.3619582664526485,0.8414179104477612,0.38845822566752797,0.5315262227460223
653,653,GRCh38_alldifficultregions,corrected,2183,891,0.11825613079019073,0.24354657687991021,0.18690783807062877,0.2115009746588694
653,653,GRCh38_alldifficultregions,legacy,2183,2043,0.3316708229426434,0.39060205580029367,0.6873385012919897,0.4981273408239701
653,653,GRCh38_alllowmapandsegdupregions,corrected,2183,175,0.022970903522205207,0.17142857142857143,0.025839793281653745,0.044910179640718556
653,653,GRCh38_alllowmapandsegdupregions,legacy,2183,1684,0.2973096215230278,0.38717339667458434,0.5615848406546081,0.45834797891036905
653,653,GRCh38_notinalldifficultregions,corrected,2183,1292,0.3658129175946548,0.5085139318885449,0.5658914728682171,0.5356706074194864
653,653,GRCh38_notinalldifficultregions,legacy,2183,2175,0.35279805352798055,0.4,0.7493540051679587,0.5215827338129496
653,653,GRCh38_notinalllowmapandsegdupregions,corrected,2183,2008,0.36301075268817207,0.4203187250996016,0.726959517657192,0.5326601451562007
653,653,GRCh38_notinalllowmapandsegdupregions,legacy,2183,2183,0.35384615384615387,0.40036646816307836,0.7527993109388458,0.5227272727272727
653,653,GRCh38_notinsegdups,corrected,2183,2014,0.3638316151202749,0.42055610724925524,0.7295434969853575,0.5335433070866141
653,653,GRCh38_notinsegdups,legacy,2183,2183,0.35384615384615387,0.40036646816307836,0.7527993109388458,0.5227272727272727
653,653,GRCh38_segdups,corrected,2183,169,0.02072141212586339,0.15976331360946747,0.023255813953488372,0.04060150375939849
653,653,GRCh38_segdups,legacy,2183,1372,0.26082628173220507,0.3819241982507289,0.45133505598621876,0.41373864982234504
654,654,GRCh38_alldifficultregions,corrected,377,131,0.009375,0.0916030534351145,0.0103359173126615,0.018575851393188854
654,654,GRCh38_alldifficultregions,legacy,377,349,0.04426002766251729,0.1833810888252149,0.05512489233419466,0.08476821192052982
654,654,GRCh38_alllowmapandsegdupregions,corrected,377,2,0.0,0.0,0.0,0.0
654,654,GRCh38_alllowmapandsegdupregions,legacy,377,297,0.041428571428571426,0.19528619528619529,0.04995693367786391,0.07956104252400549
654,654,GRCh38_notinalldifficultregions,corrected,377,246,0.042222222222222223,0.23170731707317074,0.04909560723514212,0.08102345415778252
654,654,GRCh38_notinalldifficultregions,legacy,377,377,0.04697072838665759,0.1830238726790451,0.059431524547803614,0.08972691807542262
654,654,GRCh38_notinalllowmapandsegdupregions,corrected,377,375,0.04703476482617587,0.184,0.059431524547803614,0.08984374999999999
654,654,GRCh38_notinalllowmapandsegdupregions,legacy,377,377,0.04697072838665759,0.1830238726790451,0.059431524547803614,0.08972691807542262
654,654,GRCh38_notinsegdups,corrected,377,375,0.04703476482617587,0.184,0.059431524547803614,0.08984374999999999
654,654,GRCh38_notinsegdups,legacy,377,377,0.04697072838665759,0.1830238726790451,0.059431524547803614,0.08972691807542262
654,654,GRCh38_segdups,corrected,377,2,0.0,0.0,0.0,0.0
654,654,GRCh38_segdups,legacy,377,236,0.038661710037174724,0.22033898305084745,0.04478897502153316,0.07444523979957052
655,655,GRCh38_alldifficultregions,corrected,1400,360,0.17906976744186046,0.6416666666666667,0.19896640826873385,0.30374753451676534
655,655,GRCh38_alldifficultregions,legacy,1400,1282,0.545224541429475,0.672386895475819,0.7424633936261843,0.7056897257470324
655,655,GRCh38_alllowmapandsegdupregions,corrected,1400,62,0.025146689019279127,0.4838709677419355,0.025839793281653745,0.0490596892886345
655,655,GRCh38_alllowmapandsegdupregions,legacy,1400,1052,0.45976253298153036,0.6625475285171103,0.6003445305770887,0.6299141436963398
655,655,GRCh38_notinalldifficultregions,corrected,1400,1040,0.4771812080536913,0.6836538461538462,0.6124031007751938,0.6460699681962745
655,655,GRCh38_notinalldifficultregions,legacy,1400,1396,0.5803461063040791,0.6726361031518625,0.8087855297157622,0.7344544387954635
655,655,GRCh38_notinalllowmapandsegdupregions,corrected,1400,1338,0.5746691871455577,0.6816143497757847,0.7855297157622739,0.729891956782713
655,655,GRCh38_notinalllowmapandsegdupregions,legacy,1400,1399,0.5822002472187886,0.6733380986418871,0.8113695090439277,0.7359375
655,655,GRCh38_notinsegdups,corrected,1400,1343,0.5768261964735516,0.6820551005212211,0.788975021533161,0.7316293929712461
655,655,GRCh38_notinsegdups,legacy,1400,1400,0.5818406423718344,0.6728571428571428,0.8113695090439277,0.735650136665365
655,655,GRCh38_segdups,corrected,1400,57,0.02181208053691275,0.45614035087719296,0.02239448751076658,0.042692939244663386
655,655,GRCh38_segdups,legacy,1400,841,0.3797381116471399,0.6551724137931034,0.47459086993970717,0.5504495504495505
656,656,GRCh38_alldifficultregions,corrected,1086,247,0.16075845012366036,0.7894736842105263,0.16795865633074936,0.27698863636363635
656,656,GRCh38_alldifficultregions,legacy,1086,994,0.5684133915574964,0.7857142857142857,0.6726959517657192,0.7248259860788864
656,656,GRCh38_alllowmapandsegdupregions,corrected,1086,10,0.00774526678141136,0.9,0.007751937984496124,0.015371477369769427
656,656,GRCh38_alllowmapandsegdupregions,legacy,1086,790,0.46691729323308273,0.7860759493670886,0.5348837209302325,0.636596617119426
656,656,GRCh38_notinalldifficultregions,corrected,1086,839,0.49142431021625654,0.7854588796185935,0.5676141257536607,0.6589999999999999
656,656,GRCh38_notinalldifficultregions,legacy,1086,1083,0.6109117013639627,0.7857802400738689,0.7329888027562446,0.7584670231729056
656,656,GRCh38_notinalllowmapandsegdupregions,corrected,1086,1076,0.6070402298850575,0.7853159851301115,0.7278208440999139,0.7554760840411265
656,656,GRCh38_notinalllowmapandsegdupregions,legacy,1086,1086,0.6130653266331658,0.7863720073664825,0.73557278208441,0.7601246105919003
656,656,GRCh38_notinsegdups,corrected,1086,1077,0.6066044508255564,0.7845868152274837,0.7278208440999139,0.7551385165326184
656,656,GRCh38_notinsegdups,legacy,1086,1086,0.6130653266331658,0.7863720073664825,0.73557278208441,0.7601246105919003
656,656,GRCh38_segdups,corrected,1086,9,0.007751937984496124,1.0,0.007751937984496124,0.015384615384615384
656,656,GRCh38_segdups,legacy,1086,620,0.3752895752895753,0.7838709677419354,0.4186046511627907,0.5457608085345312
657,657,GRCh38_alldifficultregions,corrected,2182,614,0.15710560625814862,0.3925081433224756,0.20757967269595176,0.2715492957746479
657,657,GRCh38_alldifficultregions,legacy,2182,2017,0.39080962800875274,0.44273673772930094,0.7691645133505599,0.5619886721208307
657,657,GRCh38_alllowmapandsegdupregions,corrected,2182,101,0.02768729641693811,0.33663366336633666,0.029285099052540915,0.05388272583201268
657,657,GRCh38_alllowmapandsegdupregions,legacy,2182,1650,0.34497607655502394,0.43696969696969695,0.6210163652024118,0.5129847029526858
657,657,GRCh38_notinalldifficultregions,corrected,2182,1568,0.369292523833417,0.46938775510204084,0.6339362618432386,0.5393917185782339
657,657,GRCh38_notinalldifficultregions,legacy,2182,2176,0.41099365750528544,0.44669117647058826,0.8372093023255814,0.5825591848966137
657,657,GRCh38_notinalllowmapandsegdupregions,corrected,2182,2081,0.4101783384080035,0.45314752522825563,0.8122308354866494,0.5817396668723009
657,657,GRCh38_notinalllowmapandsegdupregions,legacy,2182,2182,0.41293322062552834,0.4477543538038497,0.8415159345391904,0.5845049356865092
657,657,GRCh38_notinsegdups,corrected,2182,2085,0.4119182253153545,0.4541966426858513,0.8156761412575366,0.5834873690696242
657,657,GRCh38_notinsegdups,legacy,2182,2182,0.41293322062552834,0.4477543538038497,0.8415159345391904,0.5845049356865092
657,657,GRCh38_segdups,corrected,2182,97,0.024429967426710098,0.30927835051546393,0.025839793281653745,0.047694753577106515
657,657,GRCh38_segdups,legacy,2182,1319,0.3011542497376705,0.4351781652767248,0.49440137812230833,0.4629032258064516
658,658,GRCh38_alldifficultregions,corrected,889,210,0.14728033472803348,0.8380952380952381,0.1515934539190353,0.25674690007293943
658,658,GRCh38_alldifficultregions,legacy,889,821,0.5424124513618677,0.8489646772228989,0.6003445305770887,0.7033299697275479
658,658,GRCh38_alllowmapandsegdupregions,corrected,889,26,0.01888412017167382,0.8461538461538461,0.018949181739879414,0.03706823925863521
658,658,GRCh38_alllowmapandsegdupregions,legacy,889,670,0.4451460142067877,0.8417910447761194,0.48578811369509045,0.6160567995630802
658,658,GRCh38_notinalldifficultregions,corrected,889,679,0.46730462519936206,0.8630338733431517,0.5047372954349698,0.6369565217391304
658,658,GRCh38_notinalldifficultregions,legacy,889,886,0.5892857142857143,0.8566591422121896,0.6537467700258398,0.7415730337078651
658,658,GRCh38_notinalllowmapandsegdupregions,corrected,889,863,0.5763239875389408,0.8574739281575898,0.6373815676141258,0.7312252964426879
658,658,GRCh38_notinalllowmapandsegdupregions,legacy,889,889,0.5916149068322981,0.8571428571428571,0.6563307493540051,0.7434146341463415
658,658,GRCh38_notinsegdups,corrected,889,866,0.5786604361370716,0.8579676674364896,0.6399655469422911,0.7331031080414405
658,658,GRCh38_notinsegdups,legacy,889,889,0.5916149068322981,0.8571428571428571,0.6563307493540051,0.7434146341463415
658,658,GRCh38_segdups,corrected,889,23,0.01630901287553648,0.8260869565217391,0.01636520241171404,0.03209459459459459
658,658,GRCh38_segdups,legacy,889,536,0.3619582664526485,0.8414179104477612,0.38845822566752797,0.5315262227460223
659,659,GRCh38_alldifficultregions,corrected,2183,891,0.11825613079019073,0.24354657687991021,0.18690783807062877,0.2115009746588694
659,659,GRCh38_alldifficultregions,legacy,2183,2043,0.3316708229426434,0.39060205580029367,0.6873385012919897,0.4981273408239701
659,659,GRCh38_alllowmapandsegdupregions,corrected,2183,175,0.022970903522205207,0.17142857142857143,0.025839793281653745,0.044910179640718556
659,659,GRCh38_alllowmapandsegdupregions,legacy,2183,1684,0.2973096215230278,0.38717339667458434,0.5615848406546081,0.45834797891036905
659,659,GRCh38_notinalldifficultregions,corrected,2183,1292,0.3658129175946548,0.5085139318885449,0.5658914728682171,0.5356706074194864
659,659,GRCh38_notinalldifficultregions,legacy,2183,2175,0.35279805352798055,0.4,0.7493540051679587,0.5215827338129496
659,659,GRCh38_notinalllowmapandsegdupregions,corrected,2183,2008,0.36301075268817207,0.4203187250996016,0.726959517657192,0.5326601451562007
659,659,GRCh38_notinalllowmapandsegdupregions,legacy,2183,2183,0.35384615384615387,0.40036646816307836,0.7527993109388458,0.5227272727272727
659,659,GRCh38_notinsegdups,corrected,2183,2014,0.3638316151202749,0.42055610724925524,0.7295434969853575,0.5335433070866141
659,659,GRCh38_notinsegdups,legacy,2183,2183,0.35384615384615387,0.40036646816307836,0.7527993109388458,0.5227272727272727
659,659,GRCh38_segdups,corrected,2183,169,0.02072141212586339,0.15976331360946747,0.023255813953488372,0.04060150375939849
659,659,GRCh38_segdups,legacy,2183,1372,0.26082628173220507,0.3819241982507289,0.45133505598621876,0.41373864982234504
660,660,GRCh38_alldifficultregions,corrected,377,131,0.009375,0.0916030534351145,0.0103359173126615,0.018575851393188854
660,660,GRCh38_alldifficultregions,legacy,377,349,0.04426002766251729,0.1833810888252149,0.05512489233419466,0.08476821192052982
660,660,GRCh38_alllowmapandsegdupregions,corrected,377,2,0.0,0.0,0.0,0.0
660,660,GRCh38_alllowmapandsegdupregions,legacy,377,297,0.041428571428571426,0.19528619528619529,0.04995693367786391,0.07956104252400549
660,660,GRCh38_notinalldifficultregions,corrected,377,246,0.042222222222222223,0.23170731707317074,0.04909560723514212,0.08102345415778252
660,660,GRCh38_notinalldifficultregions,legacy,377,377,0.04697072838665759,0.1830238726790451,0.059431524547803614,0.08972691807542262
660,660,GRCh38_notinalllowmapandsegdupregions,corrected,377,375,0.04703476482617587,0.184,0.059431524547803614,0.08984374999999999
660,660,GRCh38_notinalllowmapandsegdupregions,legacy,377,377,0.04697072838665759,0.1830238726790451,0.059431524547803614,0.08972691807542262
660,660,GRCh38_notinsegdups,corrected,377,375,0.04703476482617587,0.184,0.059431524547803614,0.08984374999999999
660,660,GRCh38_notinsegdups,legacy,377,377,0.04697072838665759,0.1830238726790451,0.059431524547803614,0.08972691807542262
660,660,GRCh38_segdups,corrected,377,2,0.0,0.0,0.0,0.0
660,660,GRCh38_segdups,legacy,377,236,0.038661710037174724,0.22033898305084745,0.04478897502153316,0.07444523979957052
661,661,GRCh38_alldifficultregions,corrected,1504,377,0.178544061302682,0.6180371352785146,0.20068906115417742,0.30299089726918077
661,661,GRCh38_alldifficultregions,legacy,1504,1377,0.5161290322580645,0.6274509803921569,0.7441860465116279,0.6808510638297872
661,661,GRCh38_alllowmapandsegdupregions,corrected,1504,62,0.025146689019279127,0.4838709677419355,0.025839793281653745,0.0490596892886345
661,661,GRCh38_alllowmapandsegdupregions,legacy,1504,1117,0.44086021505376344,0.6239928379588182,0.6003445305770887,0.6119402985074627
661,661,GRCh38_notinalldifficultregions,corrected,1504,1127,0.450856055802156,0.6308784383318545,0.6124031007751938,0.6215034965034965
661,661,GRCh38_notinalldifficultregions,legacy,1504,1500,0.547093023255814,0.6273333333333333,0.8105081826012058,0.7072529124389326
661,661,GRCh38_notinalllowmapandsegdupregions,corrected,1504,1442,0.5411486086441681,0.6338418862690708,0.7872523686477175,0.7022666154437189
661,661,GRCh38_notinalllowmapandsegdupregions,legacy,1504,1503,0.5488372093023256,0.6280771789753826,0.8130921619293713,0.7087087087087087
661,661,GRCh38_notinsegdups,corrected,1504,1447,0.5431952662721894,0.6344160331720802,0.7906976744186046,0.7039877300613496
661,661,GRCh38_notinsegdups,legacy,1504,1504,0.5485183033120279,0.6276595744680851,0.8130921619293713,0.7084427767354596
661,661,GRCh38_segdups,corrected,1504,57,0.02181208053691275,0.45614035087719296,0.02239448751076658,0.042692939244663386
661,661,GRCh38_segdups,legacy,1504,898,0.36538461538461536,0.6135857461024499,0.47459086993970717,0.5352112676056338
662,662,GRCh38_alldifficultregions,corrected,1369,295,0.15463917525773196,0.6610169491525424,0.16795865633074936,0.26785714285714285
662,662,GRCh38_alldifficultregions,legacy,1369,1253,0.4901234567901235,0.6336791699920191,0.6838931955211025,0.6578293289146644
662,662,GRCh38_alllowmapandsegdupregions,corrected,1369,15,0.007712082262210797,0.6,0.007751937984496124,0.015306122448979591
662,662,GRCh38_alllowmapandsegdupregions,legacy,1369,998,0.4129581151832461,0.6322645290581163,0.5434969853574505,0.584529874942103
662,662,GRCh38_notinalldifficultregions,corrected,1369,1074,0.4290281329923274,0.6247672253258846,0.5779500430663221,0.6004474272930649
662,662,GRCh38_notinalldifficultregions,legacy,1369,1366,0.5186298076923077,0.6317715959004392,0.7433247200689062,0.6830233478432924
662,662,GRCh38_notinalllowmapandsegdupregions,corrected,1369,1354,0.5168878166465621,0.6329394387001477,0.7381567614125754,0.6815109343936382
662,662,GRCh38_notinalllowmapandsegdupregions,legacy,1369,1369,0.5204326923076923,0.6325785244704164,0.7459086993970715,0.6845849802371542
662,662,GRCh38_notinsegdups,corrected,1369,1355,0.5165762507534659,0.6324723247232472,0.7381567614125754,0.6812400635930047
662,662,GRCh38_notinsegdups,legacy,1369,1369,0.5204326923076923,0.6325785244704164,0.7459086993970715,0.6845849802371542
662,662,GRCh38_segdups,corrected,1369,14,0.007718696397941681,0.6428571428571429,0.007751937984496124,0.015319148936170214
662,662,GRCh38_segdups,legacy,1369,800,0.3385665529010239,0.62,0.4272179155900086,0.5058643549209587
663,663,GRCh38_alldifficultregions,corrected,3274,946,0.1297587131367292,0.2558139534883721,0.20844099913867356,0.22971048884670148
663,663,GRCh38_alldifficultregions,legacy,3274,3025,0.2735016732582902,0.2971900826446281,0.7743324720068906,0.429526994744386
663,663,GRCh38_alllowmapandsegdupregions,corrected,3274,132,0.027005559968228753,0.25757575757575757,0.029285099052540915,0.0525908739365816
663,663,GRCh38_alllowmapandsegdupregions,legacy,3274,2486,0.24811772758384668,0.2916331456154465,0.6244616709732989,0.3975870578557719
663,663,GRCh38_notinalldifficultregions,corrected,3274,2328,0.27011285038223515,0.31872852233676974,0.6391042204995694,0.42533677271424475
663,663,GRCh38_notinalldifficultregions,legacy,3274,3267,0.2838503914178023,0.2996632996632997,0.843238587424634,0.442186088527552
663,663,GRCh38_notinalllowmapandsegdupregions,corrected,3274,3142,0.2833283626603042,0.302355187778485,0.818260120585702,0.4415524052986288
663,663,GRCh38_notinalllowmapandsegdupregions,legacy,3274,3274,0.28513474355259344,0.30054978619425776,0.8475452196382429,0.44374295377677553
663,663,GRCh38_notinsegdups,corrected,3274,3146,0.284521324187295,0.30324221233312143,0.8217054263565892,0.4429997678198282
663,663,GRCh38_notinsegdups,legacy,3274,3274,0.28513474355259344,0.30054978619425776,0.8475452196382429,0.44374295377677553
663,663,GRCh38_segdups,corrected,3274,128,0.023828435266084195,0.234375,0.025839793281653745,0.04654771140418929
663,663,GRCh38_segdups,legacy,3274,2003,0.22351121423047177,0.28856714927608584,0.49784668389319553,0.3653603034134007
664,664,GRCh38_alldifficultregions,corrected,1048,253,0.14308811641067098,0.6996047430830039,0.1524547803617571,0.2503536067892504
664,664,GRCh38_alldifficultregions,legacy,1048,973,0.4912648497554158,0.7225077081192189,0.6055124892334195,0.6588566073102156
664,664,GRCh38_alllowmapandsegdupregions,corrected,1048,29,0.018835616438356163,0.7586206896551724,0.018949181739879414,0.03697478991596639
664,664,GRCh38_alllowmapandsegdupregions,legacy,1048,793,0.40879596250901223,0.7150063051702396,0.4883720930232558,0.5803480040941658
664,664,GRCh38_notinalldifficultregions,corrected,1048,795,0.4340175953079179,0.7446540880503144,0.5099052540913006,0.6053169734151329
664,664,GRCh38_notinalldifficultregions,legacy,1048,1044,0.532314107018763,0.7337164750957854,0.6597760551248923,0.6947845804988662
664,664,GRCh38_notinalllowmapandsegdupregions,corrected,1048,1019,0.5212840195394278,0.7330716388616291,0.6434108527131783,0.6853211009174313
664,664,GRCh38_notinalllowmapandsegdupregions,legacy,1048,1048,0.5340277777777778,0.7337786259541985,0.6623600344530577,0.6962426437301947
664,664,GRCh38_notinsegdups,corrected,1048,1022,0.5233775296580601,0.7338551859099804,0.6459948320413437,0.6871278057718735
664,664,GRCh38_notinsegdups,legacy,1048,1048,0.5340277777777778,0.7337786259541985,0.6623600344530577,0.6962426437301947
664,664,GRCh38_segdups,corrected,1048,26,0.016267123287671232,0.7307692307692307,0.01636520241171404,0.032013479359730417
664,664,GRCh38_segdups,legacy,1048,632,0.33805970149253733,0.7167721518987342,0.39018087855297157,0.5052983825989961
665,665,GRCh38_alldifficultregions,corrected,3110,1167,0.10751665080875357,0.19365895458440446,0.19465977605512488,0.19415807560137457
665,665,GRCh38_alldifficultregions,legacy,3110,2905,0.2533908754623921,0.28296041308089503,0.7080103359173127,0.40432857845548453
665,665,GRCh38_alllowmapandsegdupregions,corrected,3110,196,0.023378582202111614,0.15816326530612246,0.026701119724375538,0.04568901989683125
665,665,GRCh38_alllowmapandsegdupregions,legacy,3110,2384,0.23304347826086957,0.28104026845637586,0.5770887166236004,0.37799717912552894
665,665,GRCh38_notinalldifficultregions,corrected,3110,1943,0.27789213668176205,0.3474009264024704,0.5813953488372093,0.43492268041237114
665,665,GRCh38_notinalldifficultregions,legacy,3110,3101,0.2665676077265973,0.2892615285391809,0.772609819121447,0.42092914124824027
665,665,GRCh38_notinalllowmapandsegdupregions,corrected,3110,2914,0.2714508580343214,0.29855868222374743,0.7493540051679587,0.4269938650306748
665,665,GRCh38_notinalllowmapandsegdupregions,legacy,3110,3110,0.2673590504451039,0.2897106109324759,0.7760551248923342,0.4219152423320066
665,665,GRCh38_notinsegdups,corrected,3110,2921,0.2720473667809286,0.29887024991441286,0.751937984496124,0.42773150416462513
665,665,GRCh38_notinsegdups,legacy,3110,3110,0.2673590504451039,0.2897106109324759,0.7760551248923342,0.4219152423320066
665,665,GRCh38_segdups,corrected,3110,189,0.02118003025718608,0.14814814814814814,0.024117140396210164,0.04148148148148148
665,665,GRCh38_segdups,legacy,3110,1910,0.21143984220907297,0.2806282722513089,0.4616709732988803,0.34907196352979486
666,666,GRCh38_alldifficultregions,corrected,789,249,0.010752688172043012,0.060240963855421686,0.012919896640826873,0.021276595744680847
666,666,GRCh38_alldifficultregions,legacy,789,724,0.03856749311294766,0.09668508287292818,0.06029285099052541,0.0742705570291777
666,666,GRCh38_alllowmapandsegdupregions,corrected,789,4,0.0,0.0,0.0,0.0
666,666,GRCh38_alllowmapandsegdupregions,legacy,789,593,0.03603071470761961,0.10286677908937605,0.05254091300602928,0.06955530216647662
666,666,GRCh38_notinalldifficultregions,corrected,789,540,0.03719512195121951,0.11296296296296296,0.05254091300602928,0.0717225161669606
666,666,GRCh38_notinalldifficultregions,legacy,789,787,0.0400427122263748,0.09529860228716645,0.06459948320413436,0.07700205338809035
666,666,GRCh38_notinalllowmapandsegdupregions,corrected,789,785,0.040641711229946524,0.09681528662420383,0.06546080964685616,0.07810894141829394
666,666,GRCh38_notinalllowmapandsegdupregions,legacy,789,789,0.04055496264674493,0.09632446134347275,0.06546080964685616,0.07794871794871795
666,666,GRCh38_notinsegdups,corrected,789,785,0.040641711229946524,0.09681528662420383,0.06546080964685616,0.07810894141829394
666,666,GRCh38_notinsegdups,legacy,789,789,0.04055496264674493,0.09632446134347275,0.06546080964685616,0.07794871794871795
666,666,GRCh38_segdups,corrected,789,4,0.0,0.0,0.0,0.0
666,666,GRCh38_segdups,legacy,789,468,0.0349428208386277,0.11752136752136752,0.047372954349698536,0.06752608962553713
667,667,GRCh38_alldifficultregions,corrected,1504,377,0.178544061302682,0.6180371352785146,0.20068906115417742,0.30299089726918077
667,667,GRCh38_alldifficultregions,legacy,1504,1377,0.5161290322580645,0.6274509803921569,0.7441860465116279,0.6808510638297872
667,667,GRCh38_alllowmapandsegdupregions,corrected,1504,62,0.025146689019279127,0.4838709677419355,0.025839793281653745,0.0490596892886345
667,667,GRCh38_alllowmapandsegdupregions,legacy,1504,1117,0.44086021505376344,0.6239928379588182,0.6003445305770887,0.6119402985074627
667,667,GRCh38_notinalldifficultregions,corrected,1504,1127,0.450856055802156,0.6308784383318545,0.6124031007751938,0.6215034965034965
667,667,GRCh38_notinalldifficultregions,legacy,1504,1500,0.547093023255814,0.6273333333333333,0.8105081826012058,0.7072529124389326
667,667,GRCh38_notinalllowmapandsegdupregions,corrected,1504,1442,0.5411486086441681,0.6338418862690708,0.7872523686477175,0.7022666154437189
667,667,GRCh38_notinalllowmapandsegdupregions,legacy,1504,1503,0.5488372093023256,0.6280771789753826,0.8130921619293713,0.7087087087087087
667,667,GRCh38_notinsegdups,corrected,1504,1447,0.5431952662721894,0.6344160331720802,0.7906976744186046,0.7039877300613496
667,667,GRCh38_notinsegdups,legacy,1504,1504,0.5485183033120279,0.6276595744680851,0.8130921619293713,0.7084427767354596
667,667,GRCh38_segdups,corrected,1504,57,0.02181208053691275,0.45614035087719296,0.02239448751076658,0.042692939244663386
667,667,GRCh38_segdups,legacy,1504,898,0.36538461538461536,0.6135857461024499,0.47459086993970717,0.5352112676056338
668,668,GRCh38_alldifficultregions,corrected,1369,295,0.15463917525773196,0.6610169491525424,0.16795865633074936,0.26785714285714285
668,668,GRCh38_alldifficultregions,legacy,1369,1253,0.4901234567901235,0.6336791699920191,0.6838931955211025,0.6578293289146644
668,668,GRCh38_alllowmapandsegdupregions,corrected,1369,15,0.007712082262210797,0.6,0.007751937984496124,0.015306122448979591
668,668,GRCh38_alllowmapandsegdupregions,legacy,1369,998,0.4129581151832461,0.6322645290581163,0.5434969853574505,0.584529874942103
668,668,GRCh38_notinalldifficultregions,corrected,1369,1074,0.4290281329923274,0.6247672253258846,0.5779500430663221,0.6004474272930649
668,668,GRCh38_notinalldifficultregions,legacy,1369,1366,0.5186298076923077,0.6317715959004392,0.7433247200689062,0.6830233478432924
668,668,GRCh38_notinalllowmapandsegdupregions,corrected,1369,1354,0.5168878166465621,0.6329394387001477,0.7381567614125754,0.6815109343936382
668,668,GRCh38_notinalllowmapandsegdupregions,legacy,1369,1369,0.5204326923076923,0.6325785244704164,0.7459086993970715,0.6845849802371542
668,668,GRCh38_notinsegdups,corrected,1369,1355,0.5165762507534659,0.6324723247232472,0.7381567614125754,0.6812400635930047
668,668,GRCh38_notinsegdups,legacy,1369,1369,0.5204326923076923,0.6325785244704164,0.7459086993970715,0.6845849802371542
668,668,GRCh38_segdups,corrected,1369,14,0.007718696397941681,0.6428571428571429,0.007751937984496124,0.015319148936170214
668,668,GRCh38_segdups,legacy,1369,800,0.3385665529010239,0.62,0.4272179155900086,0.5058643549209587
669,669,GRCh38_alldifficultregions,corrected,3274,946,0.1297587131367292,0.2558139534883721,0.20844099913867356,0.22971048884670148
669,669,GRCh38_alldifficultregions,legacy,3274,3025,0.2735016732582902,0.2971900826446281,0.7743324720068906,0.429526994744386
669,669,GRCh38_alllowmapandsegdupregions,corrected,3274,132,0.027005559968228753,0.25757575757575757,0.029285099052540915,0.0525908739365816
669,669,GRCh38_alllowmapandsegdupregions,legacy,3274,2486,0.24811772758384668,0.2916331456154465,0.6244616709732989,0.3975870578557719
669,669,GRCh38_notinalldifficultregions,corrected,3274,2328,0.27011285038223515,0.31872852233676974,0.6391042204995694,0.42533677271424475
669,669,GRCh38_notinalldifficultregions,legacy,3274,3267,0.2838503914178023,0.2996632996632997,0.843238587424634,0.442186088527552
669,669,GRCh38_notinalllowmapandsegdupregions,corrected,3274,3142,0.2833283626603042,0.302355187778485,0.818260120585702,0.4415524052986288
669,669,GRCh38_notinalllowmapandsegdupregions,legacy,3274,3274,0.28513474355259344,0.30054978619425776,0.8475452196382429,0.44374295377677553
669,669,GRCh38_notinsegdups,corrected,3274,3146,0.284521324187295,0.30324221233312143,0.8217054263565892,0.4429997678198282
669,669,GRCh38_notinsegdups,legacy,3274,3274,0.28513474355259344,0.30054978619425776,0.8475452196382429,0.44374295377677553
669,669,GRCh38_segdups,corrected,3274,128,0.023828435266084195,0.234375,0.025839793281653745,0.04654771140418929
669,669,GRCh38_segdups,legacy,3274,2003,0.22351121423047177,0.28856714927608584,0.49784668389319553,0.3653603034134007
670,670,GRCh38_alldifficultregions,corrected,1048,253,0.14308811641067098,0.6996047430830039,0.1524547803617571,0.2503536067892504
670,670,GRCh38_alldifficultregions,legacy,1048,973,0.4912648497554158,0.7225077081192189,0.6055124892334195,0.6588566073102156
670,670,GRCh38_alllowmapandsegdupregions,corrected,1048,29,0.018835616438356163,0.7586206896551724,0.018949181739879414,0.03697478991596639
670,670,GRCh38_alllowmapandsegdupregions,legacy,1048,793,0.40879596250901223,0.7150063051702396,0.4883720930232558,0.5803480040941658
670,670,GRCh38_notinalldifficultregions,corrected,1048,795,0.4340175953079179,0.7446540880503144,0.5099052540913006,0.6053169734151329
670,670,GRCh38_notinalldifficultregions,legacy,1048,1044,0.532314107018763,0.7337164750957854,0.6597760551248923,0.6947845804988662
670,670,GRCh38_notinalllowmapandsegdupregions,corrected,1048,1019,0.5212840195394278,0.7330716388616291,0.6434108527131783,0.6853211009174313
670,670,GRCh38_notinalllowmapandsegdupregions,legacy,1048,1048,0.5340277777777778,0.7337786259541985,0.6623600344530577,0.6962426437301947
670,670,GRCh38_notinsegdups,corrected,1048,1022,0.5233775296580601,0.7338551859099804,0.6459948320413437,0.6871278057718735
670,670,GRCh38_notinsegdups,legacy,1048,1048,0.5340277777777778,0.7337786259541985,0.6623600344530577,0.6962426437301947
670,670,GRCh38_segdups,corrected,1048,26,0.016267123287671232,0.7307692307692307,0.01636520241171404,0.032013479359730417
670,670,GRCh38_segdups,legacy,1048,632,0.33805970149253733,0.7167721518987342,0.39018087855297157,0.5052983825989961
671,671,GRCh38_alldifficultregions,corrected,3110,1167,0.10751665080875357,0.19365895458440446,0.19465977605512488,0.19415807560137457
671,671,GRCh38_alldifficultregions,legacy,3110,2905,0.2533908754623921,0.28296041308089503,0.7080103359173127,0.40432857845548453
671,671,GRCh38_alllowmapandsegdupregions,corrected,3110,196,0.023378582202111614,0.15816326530612246,0.026701119724375538,0.04568901989683125
671,671,GRCh38_alllowmapandsegdupregions,legacy,3110,2384,0.23304347826086957,0.28104026845637586,0.5770887166236004,0.37799717912552894
671,671,GRCh38_notinalldifficultregions,corrected,3110,1943,0.27789213668176205,0.3474009264024704,0.5813953488372093,0.43492268041237114
671,671,GRCh38_notinalldifficultregions,legacy,3110,3101,0.2665676077265973,0.2892615285391809,0.772609819121447,0.42092914124824027
671,671,GRCh38_notinalllowmapandsegdupregions,corrected,3110,2914,0.2714508580343214,0.29855868222374743,0.7493540051679587,0.4269938650306748
671,671,GRCh38_notinalllowmapandsegdupregions,legacy,3110,3110,0.2673590504451039,0.2897106109324759,0.7760551248923342,0.4219152423320066
671,671,GRCh38_notinsegdups,corrected,3110,2921,0.2720473667809286,0.29887024991441286,0.751937984496124,0.42773150416462513
671,671,GRCh38_notinsegdups,legacy,3110,3110,0.2673590504451039,0.2897106109324759,0.7760551248923342,0.4219152423320066
671,671,GRCh38_segdups,corrected,3110,189,0.02118003025718608,0.14814814814814814,0.024117140396210164,0.04148148148148148
671,671,GRCh38_segdups,legacy,3110,1910,0.21143984220907297,0.2806282722513089,0.4616709732988803,0.34907196352979486
672,672,GRCh38_alldifficultregions,corrected,789,249,0.010752688172043012,0.060240963855421686,0.012919896640826873,0.021276595744680847
672,672,GRCh38_alldifficultregions,legacy,789,724,0.03856749311294766,0.09668508287292818,0.06029285099052541,0.0742705570291777
672,672,GRCh38_alllowmapandsegdupregions,corrected,789,4,0.0,0.0,0.0,0.0
672,672,GRCh38_alllowmapandsegdupregions,legacy,789,593,0.03603071470761961,0.10286677908937605,0.05254091300602928,0.06955530216647662
672,672,GRCh38_notinalldifficultregions,corrected,789,540,0.03719512195121951,0.11296296296296296,0.05254091300602928,0.0717225161669606
672,672,GRCh38_notinalldifficultregions,legacy,789,787,0.0400427122263748,0.09529860228716645,0.06459948320413436,0.07700205338809035
672,672,GRCh38_notinalllowmapandsegdupregions,corrected,789,785,0.040641711229946524,0.09681528662420383,0.06546080964685616,0.07810894141829394
672,672,GRCh38_notinalllowmapandsegdupregions,legacy,789,789,0.04055496264674493,0.09632446134347275,0.06546080964685616,0.07794871794871795
672,672,GRCh38_notinsegdups,corrected,789,785,0.040641711229946524,0.09681528662420383,0.06546080964685616,0.07810894141829394
672,672,GRCh38_notinsegdups,legacy,789,789,0.04055496264674493,0.09632446134347275,0.06546080964685616,0.07794871794871795
672,672,GRCh38_segdups,corrected,789,4,0.0,0.0,0.0,0.0
672,672,GRCh38_segdups,legacy,789,468,0.0349428208386277,0.11752136752136752,0.047372954349698536,0.06752608962553713
721,721,GRCh38_alldifficultregions,corrected,1137,294,0.2004950495049505,0.826530612244898,0.20930232558139536,0.33402061855670107
721,721,GRCh38_alldifficultregions,legacy,1137,1037,0.7185301016419078,0.8862102217936355,0.7915590008613265,0.8362147406733395
721,721,GRCh38_alllowmapandsegdupregions,corrected,1137,42,0.028205128205128206,0.7857142857142857,0.028423772609819122,0.054862842892768084
721,721,GRCh38_alllowmapandsegdupregions,legacy,1137,843,0.594272076372315,0.8861209964412812,0.6434108527131783,0.7455089820359282
721,721,GRCh38_notinalldifficultregions,corrected,1137,843,0.6174334140435835,0.9074733096085409,0.6589147286821705,0.7634730538922155
721,721,GRCh38_notinalldifficultregions,legacy,1137,1134,0.7790697674418605,0.8862433862433863,0.8656330749354005,0.8758169934640522
721,721,GRCh38_notinalllowmapandsegdupregions,corrected,1137,1095,0.7611241217798594,0.8904109589041096,0.8397932816537468,0.8643617021276596
721,721,GRCh38_notinalllowmapandsegdupregions,legacy,1137,1137,0.7813953488372093,0.8865435356200527,0.8682170542635659,0.8772845953002611
721,721,GRCh38_notinsegdups,corrected,1137,1102,0.7638347622759158,0.8892921960072595,0.8440999138673557,0.8661069376933274
721,721,GRCh38_notinsegdups,legacy,1137,1137,0.7813953488372093,0.8865435356200527,0.8682170542635659,0.8772845953002611
721,721,GRCh38_segdups,corrected,1137,35,0.023972602739726026,0.8,0.024117140396210164,0.04682274247491639
721,721,GRCh38_segdups,legacy,1137,669,0.48058252427184467,0.8878923766816144,0.5116279069767442,0.6491803278688525
722,722,GRCh38_alldifficultregions,corrected,1071,254,0.18410041841004185,0.8661417322834646,0.18949181739879414,0.3109540636042403
722,722,GRCh38_alldifficultregions,legacy,1071,975,0.7198067632850241,0.916923076923077,0.7700258397932817,0.8370786516853933
722,722,GRCh38_alllowmapandsegdupregions,corrected,1071,17,0.009425878320479864,0.6470588235294118,0.009474590869939707,0.01867572156196944
722,722,GRCh38_alllowmapandsegdupregions,legacy,1071,788,0.5897226753670473,0.9175126903553299,0.6227390180878553,0.7419189327860441
722,722,GRCh38_notinalldifficultregions,corrected,1071,817,0.6279835390946502,0.9339045287637698,0.657192075796727,0.7714863498483316
722,722,GRCh38_notinalldifficultregions,legacy,1071,1068,0.7846277021617294,0.9176029962546817,0.8440999138673557,0.879318079856438
722,722,GRCh38_notinalllowmapandsegdupregions,corrected,1071,1054,0.7819790828640386,0.9222011385199241,0.8372093023255814,0.8776523702031603
722,722,GRCh38_notinalllowmapandsegdupregions,legacy,1071,1071,0.7870296236989591,0.9178338001867413,0.8466838931955211,0.8808243727598567
722,722,GRCh38_notinsegdups,corrected,1071,1056,0.7807228915662651,0.9204545454545454,0.8372093023255814,0.8768606224627874
722,722,GRCh38_notinsegdups,legacy,1071,1071,0.7870296236989591,0.9178338001867413,0.8466838931955211,0.8808243727598567
722,722,GRCh38_segdups,corrected,1071,15,0.00944206008583691,0.7333333333333333,0.009474590869939707,0.01870748299319728
722,722,GRCh38_segdups,legacy,1071,625,0.47603305785123967,0.9216,0.49612403100775193,0.64501679731243
723,723,GRCh38_alldifficultregions,corrected,1835,530,0.17430555555555555,0.47358490566037736,0.21619293712316967,0.2968657599053814
723,723,GRCh38_alldifficultregions,legacy,1835,1686,0.49921011058451814,0.5622775800711743,0.8165374677002584,0.6659641728134879
723,723,GRCh38_alllowmapandsegdupregions,corrected,1835,73,0.028333333333333332,0.4657534246575342,0.029285099052540915,0.05510534846029174
723,723,GRCh38_alllowmapandsegdupregions,legacy,1835,1384,0.43057897695334457,0.5534682080924855,0.6597760551248923,0.6019646365422396
723,723,GRCh38_notinalldifficultregions,corrected,1835,1305,0.46873138773079215,0.6030651340996168,0.67786391042205,0.6382806163828061
723,723,GRCh38_notinalldifficultregions,legacy,1835,1830,0.5283597342871742,0.5650273224043716,0.8906115417743324,0.6914075560013372
723,723,GRCh38_notinalllowmapandsegdupregions,corrected,1835,1762,0.5231891610213653,0.5698070374574348,0.8647717484926787,0.6869654464591174
723,723,GRCh38_notinalllowmapandsegdupregions,legacy,1835,1835,0.5301327885597549,0.5656675749318801,0.8940568475452196,0.6929238985313753
723,723,GRCh38_notinsegdups,corrected,1835,1768,0.5247267048412285,0.5701357466063348,0.8682170542635659,0.6882895186070331
723,723,GRCh38_notinsegdups,legacy,1835,1835,0.5301327885597549,0.5656675749318801,0.8940568475452196,0.6929238985313753
723,723,GRCh38_segdups,corrected,1835,67,0.025041736227045076,0.44776119402985076,0.025839793281653745,0.04885993485342019
723,723,GRCh38_segdups,legacy,1835,1112,0.3709288299155609,0.5530575539568345,0.5297157622739018,0.541135063792345
724,724,GRCh38_alldifficultregions,corrected,1179,315,0.17985611510791366,0.7142857142857143,0.1937984496124031,0.3048780487804878
724,724,GRCh38_alldifficultregions,legacy,1179,1095,0.6160458452722063,0.7853881278538812,0.7407407407407407,0.7624113475177305
724,724,GRCh38_alllowmapandsegdupregions,corrected,1179,35,0.02134927412467976,0.7142857142857143,0.02153316106804479,0.04180602006688963
724,724,GRCh38_alllowmapandsegdupregions,legacy,1179,900,0.5087847730600292,0.7722222222222223,0.5986218776916451,0.6744298884036876
724,724,GRCh38_notinalldifficultregions,corrected,1179,864,0.5434451219512195,0.8252314814814815,0.6141257536606374,0.7041975308641975
724,724,GRCh38_notinalldifficultregions,legacy,1179,1176,0.666904422253923,0.7950680272108843,0.8053402239448751,0.8001711596063328
724,724,GRCh38_notinalllowmapandsegdupregions,corrected,1179,1144,0.6558908045977011,0.7980769230769231,0.7863910422049957,0.7921908893709327
724,724,GRCh38_notinalllowmapandsegdupregions,legacy,1179,1179,0.6690442225392297,0.7955894826123834,0.8079242032730405,0.8017094017094016
724,724,GRCh38_notinsegdups,corrected,1179,1148,0.6575735821966978,0.7979094076655052,0.788975021533161,0.7934170636639237
724,724,GRCh38_notinsegdups,legacy,1179,1179,0.6690442225392297,0.7955894826123834,0.8079242032730405,0.8017094017094016
724,724,GRCh38_segdups,corrected,1179,31,0.018803418803418803,0.7096774193548387,0.018949181739879414,0.03691275167785235
724,724,GRCh38_segdups,legacy,1179,708,0.42129277566539924,0.7824858757062146,0.4771748492678725,0.5928303905831995
725,725,GRCh38_alldifficultregions,corrected,1499,614,0.14001284521515736,0.3550488599348534,0.18776916451335057,0.24563380281690142
725,725,GRCh38_alldifficultregions,legacy,1499,1406,0.46267806267806266,0.577524893314367,0.6993970714900948,0.6326451110245421
725,725,GRCh38_alllowmapandsegdupregions,corrected,1499,133,0.022116903633491312,0.21052631578947367,0.024117140396210164,0.04327666151468316
725,725,GRCh38_alllowmapandsegdupregions,legacy,1499,1166,0.3984375,0.5686106346483705,0.5710594315245479,0.5698324022346368
725,725,GRCh38_notinalldifficultregions,corrected,1499,885,0.485838779956427,0.7559322033898305,0.5762273901808785,0.653958944281525
725,725,GRCh38_notinalldifficultregions,legacy,1499,1493,0.49858836815358554,0.5914266577361018,0.7605512489233419,0.6654107008289375
725,725,GRCh38_notinalllowmapandsegdupregions,corrected,1499,1366,0.5149880095923262,0.6288433382137628,0.739879414298019,0.6798575385833003
725,725,GRCh38_notinalllowmapandsegdupregions,legacy,1499,1499,0.5002820078962211,0.5917278185456971,0.7639965546942291,0.6669172932330827
725,725,GRCh38_notinsegdups,corrected,1499,1372,0.5167664670658683,0.6290087463556852,0.7433247200689062,0.6814054480852745
725,725,GRCh38_notinsegdups,legacy,1499,1499,0.5002820078962211,0.5917278185456971,0.7639965546942291,0.6669172932330827
725,725,GRCh38_segdups,corrected,1499,127,0.0189873417721519,0.1889763779527559,0.020671834625323,0.037267080745341616
725,725,GRCh38_segdups,legacy,1499,960,0.33480176211453744,0.5541666666666667,0.4582256675279931,0.5016501650165017
726,726,GRCh38_alldifficultregions,corrected,1246,366,0.13447251114413075,0.49453551912568305,0.15590008613264428,0.23706614276358876
726,726,GRCh38_alldifficultregions,legacy,1246,1156,0.4890745501285347,0.6583044982698962,0.6554694229112834,0.6568839015968926
726,726,GRCh38_alllowmapandsegdupregions,corrected,1246,10,0.001710863986313088,0.2,0.0017226528854435831,0.003415883859948762
726,726,GRCh38_alllowmapandsegdupregions,legacy,1246,930,0.4176271186440678,0.6623655913978495,0.5305770887166236,0.5891917742706838
726,726,GRCh38_notinalldifficultregions,corrected,1246,880,0.471521268925739,0.7431818181818182,0.5633074935400517,0.6408623223909848
726,726,GRCh38_notinalldifficultregions,legacy,1246,1240,0.53125,0.6717741935483871,0.7174849267872524,0.6938775510204082
726,726,GRCh38_notinalllowmapandsegdupregions,corrected,1246,1236,0.532608695652174,0.6739482200647249,0.7174849267872524,0.6950354609929077
726,726,GRCh38_notinalllowmapandsegdupregions,legacy,1246,1246,0.5311704834605598,0.6701444622792937,0.719207579672696,0.6938097216452015
726,726,GRCh38_notinsegdups,corrected,1246,1236,0.532608695652174,0.6739482200647249,0.7174849267872524,0.6950354609929077
726,726,GRCh38_notinsegdups,legacy,1246,1246,0.5311704834605598,0.6701444622792937,0.719207579672696,0.6938097216452015
726,726,GRCh38_segdups,corrected,1246,10,0.001710863986313088,0.2,0.0017226528854435831,0.003415883859948762
726,726,GRCh38_segdups,legacy,1246,750,0.3457746478873239,0.6546666666666666,0.42291128337639966,0.5138670852956567
727,727,GRCh38_alldifficultregions,corrected,1137,294,0.2004950495049505,0.826530612244898,0.20930232558139536,0.33402061855670107
727,727,GRCh38_alldifficultregions,legacy,1137,1037,0.7185301016419078,0.8862102217936355,0.7915590008613265,0.8362147406733395
727,727,GRCh38_alllowmapandsegdupregions,corrected,1137,42,0.028205128205128206,0.7857142857142857,0.028423772609819122,0.054862842892768084
727,727,GRCh38_alllowmapandsegdupregions,legacy,1137,843,0.594272076372315,0.8861209964412812,0.6434108527131783,0.7455089820359282
727,727,GRCh38_notinalldifficultregions,corrected,1137,843,0.6174334140435835,0.9074733096085409,0.6589147286821705,0.7634730538922155
727,727,GRCh38_notinalldifficultregions,legacy,1137,1134,0.7790697674418605,0.8862433862433863,0.8656330749354005,0.8758169934640522
727,727,GRCh38_notinalllowmapandsegdupregions,corrected,1137,1095,0.7611241217798594,0.8904109589041096,0.8397932816537468,0.8643617021276596
727,727,GRCh38_notinalllowmapandsegdupregions,legacy,1137,1137,0.7813953488372093,0.8865435356200527,0.8682170542635659,0.8772845953002611
727,727,GRCh38_notinsegdups,corrected,1137,1102,0.7638347622759158,0.8892921960072595,0.8440999138673557,0.8661069376933274
727,727,GRCh38_notinsegdups,legacy,1137,1137,0.7813953488372093,0.8865435356200527,0.8682170542635659,0.8772845953002611
727,727,GRCh38_segdups,corrected,1137,35,0.023972602739726026,0.8,0.024117140396210164,0.04682274247491639
727,727,GRCh38_segdups,legacy,1137,669,0.48058252427184467,0.8878923766816144,0.5116279069767442,0.6491803278688525
728,728,GRCh38_alldifficultregions,corrected,1071,254,0.18410041841004185,0.8661417322834646,0.18949181739879414,0.3109540636042403
728,728,GRCh38_alldifficultregions,legacy,1071,975,0.7198067632850241,0.916923076923077,0.7700258397932817,0.8370786516853933
728,728,GRCh38_alllowmapandsegdupregions,corrected,1071,17,0.009425878320479864,0.6470588235294118,0.009474590869939707,0.01867572156196944
728,728,GRCh38_alllowmapandsegdupregions,legacy,1071,788,0.5897226753670473,0.9175126903553299,0.6227390180878553,0.7419189327860441
728,728,GRCh38_notinalldifficultregions,corrected,1071,817,0.6279835390946502,0.9339045287637698,0.657192075796727,0.7714863498483316
728,728,GRCh38_notinalldifficultregions,legacy,1071,1068,0.7846277021617294,0.9176029962546817,0.8440999138673557,0.879318079856438
728,728,GRCh38_notinalllowmapandsegdupregions,corrected,1071,1054,0.7819790828640386,0.9222011385199241,0.8372093023255814,0.8776523702031603
728,728,GRCh38_notinalllowmapandsegdupregions,legacy,1071,1071,0.7870296236989591,0.9178338001867413,0.8466838931955211,0.8808243727598567
728,728,GRCh38_notinsegdups,corrected,1071,1056,0.7807228915662651,0.9204545454545454,0.8372093023255814,0.8768606224627874
728,728,GRCh38_notinsegdups,legacy,1071,1071,0.7870296236989591,0.9178338001867413,0.8466838931955211,0.8808243727598567
728,728,GRCh38_segdups,corrected,1071,15,0.00944206008583691,0.7333333333333333,0.009474590869939707,0.01870748299319728
728,728,GRCh38_segdups,legacy,1071,625,0.47603305785123967,0.9216,0.49612403100775193,0.64501679731243
729,729,GRCh38_alldifficultregions,corrected,1835,530,0.17430555555555555,0.47358490566037736,0.21619293712316967,0.2968657599053814
729,729,GRCh38_alldifficultregions,legacy,1835,1686,0.49921011058451814,0.5622775800711743,0.8165374677002584,0.6659641728134879
729,729,GRCh38_alllowmapandsegdupregions,corrected,1835,73,0.028333333333333332,0.4657534246575342,0.029285099052540915,0.05510534846029174
729,729,GRCh38_alllowmapandsegdupregions,legacy,1835,1384,0.43057897695334457,0.5534682080924855,0.6597760551248923,0.6019646365422396
729,729,GRCh38_notinalldifficultregions,corrected,1835,1305,0.46873138773079215,0.6030651340996168,0.67786391042205,0.6382806163828061
729,729,GRCh38_notinalldifficultregions,legacy,1835,1830,0.5283597342871742,0.5650273224043716,0.8906115417743324,0.6914075560013372
729,729,GRCh38_notinalllowmapandsegdupregions,corrected,1835,1762,0.5231891610213653,0.5698070374574348,0.8647717484926787,0.6869654464591174
729,729,GRCh38_notinalllowmapandsegdupregions,legacy,1835,1835,0.5301327885597549,0.5656675749318801,0.8940568475452196,0.6929238985313753
729,729,GRCh38_notinsegdups,corrected,1835,1768,0.5247267048412285,0.5701357466063348,0.8682170542635659,0.6882895186070331
729,729,GRCh38_notinsegdups,legacy,1835,1835,0.5301327885597549,0.5656675749318801,0.8940568475452196,0.6929238985313753
729,729,GRCh38_segdups,corrected,1835,67,0.025041736227045076,0.44776119402985076,0.025839793281653745,0.04885993485342019
729,729,GRCh38_segdups,legacy,1835,1112,0.3709288299155609,0.5530575539568345,0.5297157622739018,0.541135063792345
730,730,GRCh38_alldifficultregions,corrected,1179,315,0.17985611510791366,0.7142857142857143,0.1937984496124031,0.3048780487804878
730,730,GRCh38_alldifficultregions,legacy,1179,1095,0.6160458452722063,0.7853881278538812,0.7407407407407407,0.7624113475177305
730,730,GRCh38_alllowmapandsegdupregions,corrected,1179,35,0.02134927412467976,0.7142857142857143,0.02153316106804479,0.04180602006688963
730,730,GRCh38_alllowmapandsegdupregions,legacy,1179,900,0.5087847730600292,0.7722222222222223,0.5986218776916451,0.6744298884036876
730,730,GRCh38_notinalldifficultregions,corrected,1179,864,0.5434451219512195,0.8252314814814815,0.6141257536606374,0.7041975308641975
730,730,GRCh38_notinalldifficultregions,legacy,1179,1176,0.666904422253923,0.7950680272108843,0.8053402239448751,0.8001711596063328
730,730,GRCh38_notinalllowmapandsegdupregions,corrected,1179,1144,0.6558908045977011,0.7980769230769231,0.7863910422049957,0.7921908893709327
730,730,GRCh38_notinalllowmapandsegdupregions,legacy,1179,1179,0.6690442225392297,0.7955894826123834,0.8079242032730405,0.8017094017094016
730,730,GRCh38_notinsegdups,corrected,1179,1148,0.6575735821966978,0.7979094076655052,0.788975021533161,0.7934170636639237
730,730,GRCh38_notinsegdups,legacy,1179,1179,0.6690442225392297,0.7955894826123834,0.8079242032730405,0.8017094017094016
730,730,GRCh38_segdups,corrected,1179,31,0.018803418803418803,0.7096774193548387,0.018949181739879414,0.03691275167785235
730,730,GRCh38_segdups,legacy,1179,708,0.42129277566539924,0.7824858757062146,0.4771748492678725,0.5928303905831995
731,731,GRCh38_alldifficultregions,corrected,1499,614,0.14001284521515736,0.3550488599348534,0.18776916451335057,0.24563380281690142
731,731,GRCh38_alldifficultregions,legacy,1499,1406,0.46267806267806266,0.577524893314367,0.6993970714900948,0.6326451110245421
731,731,GRCh38_alllowmapandsegdupregions,corrected,1499,133,0.022116903633491312,0.21052631578947367,0.024117140396210164,0.04327666151468316
731,731,GRCh38_alllowmapandsegdupregions,legacy,1499,1166,0.3984375,0.5686106346483705,0.5710594315245479,0.5698324022346368
731,731,GRCh38_notinalldifficultregions,corrected,1499,885,0.485838779956427,0.7559322033898305,0.5762273901808785,0.653958944281525
731,731,GRCh38_notinalldifficultregions,legacy,1499,1493,0.49858836815358554,0.5914266577361018,0.7605512489233419,0.6654107008289375
731,731,GRCh38_notinalllowmapandsegdupregions,corrected,1499,1366,0.5149880095923262,0.6288433382137628,0.739879414298019,0.6798575385833003
731,731,GRCh38_notinalllowmapandsegdupregions,legacy,1499,1499,0.5002820078962211,0.5917278185456971,0.7639965546942291,0.6669172932330827
731,731,GRCh38_notinsegdups,corrected,1499,1372,0.5167664670658683,0.6290087463556852,0.7433247200689062,0.6814054480852745
731,731,GRCh38_notinsegdups,legacy,1499,1499,0.5002820078962211,0.5917278185456971,0.7639965546942291,0.6669172932330827
731,731,GRCh38_segdups,corrected,1499,127,0.0189873417721519,0.1889763779527559,0.020671834625323,0.037267080745341616
731,731,GRCh38_segdups,legacy,1499,960,0.33480176211453744,0.5541666666666667,0.4582256675279931,0.5016501650165017
732,732,GRCh38_alldifficultregions,corrected,1246,366,0.13447251114413075,0.49453551912568305,0.15590008613264428,0.23706614276358876
732,732,GRCh38_alldifficultregions,legacy,1246,1156,0.4890745501285347,0.6583044982698962,0.6554694229112834,0.6568839015968926
732,732,GRCh38_alllowmapandsegdupregions,corrected,1246,10,0.001710863986313088,0.2,0.0017226528854435831,0.003415883859948762
732,732,GRCh38_alllowmapandsegdupregions,legacy,1246,930,0.4176271186440678,0.6623655913978495,0.5305770887166236,0.5891917742706838
732,732,GRCh38_notinalldifficultregions,corrected,1246,880,0.471521268925739,0.7431818181818182,0.5633074935400517,0.6408623223909848
732,732,GRCh38_notinalldifficultregions,legacy,1246,1240,0.53125,0.6717741935483871,0.7174849267872524,0.6938775510204082
732,732,GRCh38_notinalllowmapandsegdupregions,corrected,1246,1236,0.532608695652174,0.6739482200647249,0.7174849267872524,0.6950354609929077
732,732,GRCh38_notinalllowmapandsegdupregions,legacy,1246,1246,0.5311704834605598,0.6701444622792937,0.719207579672696,0.6938097216452015
732,732,GRCh38_notinsegdups,corrected,1246,1236,0.532608695652174,0.6739482200647249,0.7174849267872524,0.6950354609929077
732,732,GRCh38_notinsegdups,legacy,1246,1246,0.5311704834605598,0.6701444622792937,0.719207579672696,0.6938097216452015
732,732,GRCh38_segdups,corrected,1246,10,0.001710863986313088,0.2,0.0017226528854435831,0.003415883859948762
732,732,GRCh38_segdups,legacy,1246,750,0.3457746478873239,0.6546666666666666,0.42291128337639966,0.5138670852956567
733,733,GRCh38_alldifficultregions,corrected,1139,287,0.20066334991708126,0.8432055749128919,0.20844099913867356,0.3342541436464088
733,733,GRCh38_alldifficultregions,legacy,1139,1039,0.7200938232994527,0.8864292589027911,0.7932816537467701,0.8372727272727272
733,733,GRCh38_alllowmapandsegdupregions,corrected,1139,44,0.028156996587030716,0.75,0.028423772609819122,0.054771784232365145
733,733,GRCh38_alllowmapandsegdupregions,legacy,1139,847,0.5949166004765687,0.8842975206611571,0.6451335055986219,0.7460159362549802
733,733,GRCh38_notinalldifficultregions,corrected,1139,852,0.6194690265486725,0.903755868544601,0.6632213608957795,0.7650273224043717
733,733,GRCh38_notinalldifficultregions,legacy,1139,1136,0.7833850931677019,0.8882042253521126,0.8690783807062877,0.8785372224640836
733,733,GRCh38_notinalllowmapandsegdupregions,corrected,1139,1095,0.7666405638214565,0.8940639269406393,0.843238587424634,0.8679078014184398
733,733,GRCh38_notinalllowmapandsegdupregions,legacy,1139,1139,0.7857142857142857,0.8884986830553117,0.8716623600344531,0.88
733,733,GRCh38_notinsegdups,corrected,1139,1102,0.7693510555121188,0.8929219600725953,0.8475452196382429,0.8696420680512593
733,733,GRCh38_notinsegdups,legacy,1139,1139,0.7857142857142857,0.8884986830553117,0.8716623600344531,0.88
733,733,GRCh38_segdups,corrected,1139,37,0.023931623931623933,0.7567567567567568,0.024117140396210164,0.04674457429048414
733,733,GRCh38_segdups,legacy,1139,675,0.4806451612903226,0.882962962962963,0.5133505598621878,0.6492374727668845
734,734,GRCh38_alldifficultregions,corrected,1078,249,0.18387909319899245,0.8795180722891566,0.18863049095607234,0.3106382978723404
734,734,GRCh38_alldifficultregions,legacy,1078,980,0.7155448717948718,0.9112244897959184,0.7691645133505599,0.8341896310135452
734,734,GRCh38_alllowmapandsegdupregions,corrected,1078,17,0.009425878320479864,0.6470588235294118,0.009474590869939707,0.01867572156196944
734,734,GRCh38_alllowmapandsegdupregions,legacy,1078,793,0.5834683954619124,0.9079445145018915,0.6201550387596899,0.7369498464687819
734,734,GRCh38_notinalldifficultregions,corrected,1078,829,0.6218418907905461,0.9203860072376358,0.657192075796727,0.7668341708542713
734,734,GRCh38_notinalldifficultregions,legacy,1078,1075,0.7788385043754972,0.9106976744186046,0.843238587424634,0.8756708407871199
734,734,GRCh38_notinalllowmapandsegdupregions,corrected,1078,1061,0.7761790567545963,0.9151743638077285,0.8363479758828596,0.873987398739874
734,734,GRCh38_notinalllowmapandsegdupregions,legacy,1078,1078,0.781225139220366,0.9109461966604824,0.8458225667527993,0.8771773112996875
734,734,GRCh38_notinsegdups,corrected,1078,1063,0.7749401436552275,0.9134524929444967,0.8363479758828596,0.8732014388489209
734,734,GRCh38_notinsegdups,legacy,1078,1078,0.781225139220366,0.9109461966604824,0.8458225667527993,0.8771773112996875
734,734,GRCh38_segdups,corrected,1078,15,0.00944206008583691,0.7333333333333333,0.009474590869939707,0.01870748299319728
734,734,GRCh38_segdups,legacy,1078,629,0.47082990961380444,0.9109697933227345,0.4935400516795866,0.6402234636871509
735,735,GRCh38_alldifficultregions,corrected,2050,575,0.16902356902356902,0.4365217391304348,0.21619293712316967,0.2891705069124424
735,735,GRCh38_alldifficultregions,legacy,2050,1883,0.45506692160611856,0.5055762081784386,0.8199827734711456,0.6254927726675427
735,735,GRCh38_alllowmapandsegdupregions,corrected,2050,77,0.02823920265780731,0.44155844155844154,0.029285099052540915,0.05492730210016156
735,735,GRCh38_alllowmapandsegdupregions,legacy,2050,1539,0.39896373056994816,0.5003248862897985,0.6632213608957795,0.5703703703703704
735,735,GRCh38_notinalldifficultregions,corrected,2050,1475,0.4302767227346717,0.5376271186440678,0.6830318690783808,0.6016691957511381
735,735,GRCh38_notinalldifficultregions,legacy,2050,2045,0.4801477377654663,0.508557457212714,0.8957795004306632,0.6487835308796007
735,735,GRCh38_notinalllowmapandsegdupregions,corrected,2050,1973,0.4755178907721281,0.5119107957425241,0.8699397071490095,0.6445437141033822
735,735,GRCh38_notinalllowmapandsegdupregions,legacy,2050,2050,0.48177203507152744,0.5092682926829268,0.8992248062015504,0.650264715042043
735,735,GRCh38_notinsegdups,corrected,2050,1979,0.47695202257761055,0.5123799898938858,0.8733850129198967,0.6458598726114649
735,735,GRCh38_notinsegdups,legacy,2050,2050,0.48177203507152744,0.5092682926829268,0.8992248062015504,0.650264715042043
735,735,GRCh38_segdups,corrected,2050,71,0.024958402662229616,0.4225352112676056,0.025839793281653745,0.0487012987012987
735,735,GRCh38_segdups,legacy,2050,1231,0.3491257755217146,0.5028432168968319,0.533161068044789,0.5175585284280937
736,736,GRCh38_alldifficultregions,corrected,1209,324,0.17857142857142858,0.6944444444444444,0.1937984496124031,0.30303030303030304
736,736,GRCh38_alldifficultregions,legacy,1209,1123,0.6061884669479606,0.767586821015138,0.7424633936261843,0.754816112084063
736,736,GRCh38_alllowmapandsegdupregions,corrected,1209,35,0.02134927412467976,0.7142857142857143,0.02153316106804479,0.04180602006688963
736,736,GRCh38_alllowmapandsegdupregions,legacy,1209,923,0.5025234318673396,0.7551462621885157,0.6003445305770887,0.6689059500959693
736,736,GRCh38_notinalldifficultregions,corrected,1209,885,0.5371900826446281,0.807909604519774,0.615848406546081,0.6989247311827956
736,736,GRCh38_notinalldifficultregions,legacy,1209,1206,0.6552447552447552,0.7769485903814262,0.8070628768303187,0.7917194761301225
736,736,GRCh38_notinalllowmapandsegdupregions,corrected,1209,1174,0.6443661971830986,0.7793867120954003,0.7881136950904393,0.7837259100642399
736,736,GRCh38_notinalllowmapandsegdupregions,legacy,1209,1209,0.6573426573426573,0.7775020678246485,0.8096468561584841,0.7932489451476793
736,736,GRCh38_notinsegdups,corrected,1209,1178,0.6460239268121042,0.7792869269949066,0.7906976744186046,0.7849508336896109
736,736,GRCh38_notinsegdups,legacy,1209,1209,0.6573426573426573,0.7775020678246485,0.8096468561584841,0.7932489451476793
736,736,GRCh38_segdups,corrected,1209,31,0.018803418803418803,0.7096774193548387,0.018949181739879414,0.03691275167785235
736,736,GRCh38_segdups,legacy,1209,725,0.41697971450037563,0.7655172413793103,0.4780361757105943,0.5885471898197242
737,737,GRCh38_alldifficultregions,corrected,1562,630,0.1385886840432295,0.346031746031746,0.18776916451335057,0.24343941931881632
737,737,GRCh38_alldifficultregions,legacy,1562,1464,0.45509977827050996,0.5607923497267759,0.7071490094745909,0.6255238095238095
737,737,GRCh38_alllowmapandsegdupregions,corrected,1562,131,0.022151898734177215,0.21374045801526717,0.024117140396210164,0.043343653250773995
737,737,GRCh38_alllowmapandsegdupregions,legacy,1562,1212,0.39424206815511165,0.5536303630363036,0.5779500430663221,0.5655288664138222
737,737,GRCh38_notinalldifficultregions,corrected,1562,932,0.4801980198019802,0.7285407725321889,0.5848406546080964,0.6488294314381271
737,737,GRCh38_notinalldifficultregions,legacy,1562,1556,0.4895833333333333,0.5739074550128535,0.7691645133505599,0.6573426573426574
737,737,GRCh38_notinalllowmapandsegdupregions,corrected,1562,1431,0.5043528728961114,0.6072676450034941,0.7484926787252368,0.6705246913580246
737,737,GRCh38_notinalllowmapandsegdupregions,legacy,1562,1562,0.49123767798466594,0.5742637644046095,0.772609819121447,0.6588321704002938
737,737,GRCh38_notinsegdups,corrected,1562,1437,0.5060869565217392,0.6075156576200418,0.751937984496124,0.6720554272517322
737,737,GRCh38_notinsegdups,legacy,1562,1562,0.49123767798466594,0.5742637644046095,0.772609819121447,0.6588321704002938
737,737,GRCh38_segdups,corrected,1562,125,0.01901743264659271,0.192,0.020671834625323,0.03732503888024884
737,737,GRCh38_segdups,legacy,1562,996,0.3331273176761434,0.5411646586345381,0.46425495262704564,0.49976819656930915
738,738,GRCh38_alldifficultregions,corrected,1369,418,0.12947067238912732,0.43301435406698563,0.15590008613264428,0.22925902469917672
738,738,GRCh38_alldifficultregions,legacy,1369,1265,0.4667472793228537,0.6102766798418973,0.664944013781223,0.6364385820280297
738,738,GRCh38_alllowmapandsegdupregions,corrected,1369,9,0.0017123287671232876,0.2222222222222222,0.0017226528854435831,0.003418803418803419
738,738,GRCh38_alllowmapandsegdupregions,legacy,1369,1023,0.40089801154586274,0.6109481915933529,0.5383290267011197,0.5723443223443223
738,738,GRCh38_notinalldifficultregions,corrected,1369,951,0.4615916955017301,0.7013669821240799,0.5745047372954349,0.6316287878787878
738,738,GRCh38_notinalldifficultregions,legacy,1369,1364,0.5038713519952353,0.6202346041055719,0.7286821705426356,0.6700990099009901
738,738,GRCh38_notinalllowmapandsegdupregions,corrected,1369,1360,0.5050746268656716,0.6220588235294118,0.7286821705426356,0.6711622372074574
738,738,GRCh38_notinalllowmapandsegdupregions,legacy,1369,1369,0.5041617122473246,0.6194302410518627,0.7304048234280792,0.6703557312252965
738,738,GRCh38_notinsegdups,corrected,1369,1360,0.5050746268656716,0.6220588235294118,0.7286821705426356,0.6711622372074574
738,738,GRCh38_notinsegdups,legacy,1369,1369,0.5041617122473246,0.6194302410518627,0.7304048234280792,0.6703557312252965
738,738,GRCh38_segdups,corrected,1369,9,0.0017123287671232876,0.2222222222222222,0.0017226528854435831,0.003418803418803419
738,738,GRCh38_segdups,legacy,1369,826,0.3362474781439139,0.6053268765133172,0.4306632213608958,0.5032712632108707
739,739,GRCh38_alldifficultregions,corrected,1139,287,0.20066334991708126,0.8432055749128919,0.20844099913867356,0.3342541436464088
739,739,GRCh38_alldifficultregions,legacy,1139,1039,0.7200938232994527,0.8864292589027911,0.7932816537467701,0.8372727272727272
739,739,GRCh38_alllowmapandsegdupregions,corrected,1139,44,0.028156996587030716,0.75,0.028423772609819122,0.054771784232365145
739,739,GRCh38_alllowmapandsegdupregions,legacy,1139,847,0.5949166004765687,0.8842975206611571,0.6451335055986219,0.7460159362549802
739,739,GRCh38_notinalldifficultregions,corrected,1139,852,0.6194690265486725,0.903755868544601,0.6632213608957795,0.7650273224043717
739,739,GRCh38_notinalldifficultregions,legacy,1139,1136,0.7833850931677019,0.8882042253521126,0.8690783807062877,0.8785372224640836
739,739,GRCh38_notinalllowmapandsegdupregions,corrected,1139,1095,0.7666405638214565,0.8940639269406393,0.843238587424634,0.8679078014184398
739,739,GRCh38_notinalllowmapandsegdupregions,legacy,1139,1139,0.7857142857142857,0.8884986830553117,0.8716623600344531,0.88
739,739,GRCh38_notinsegdups,corrected,1139,1102,0.7693510555121188,0.8929219600725953,0.8475452196382429,0.8696420680512593
739,739,GRCh38_notinsegdups,legacy,1139,1139,0.7857142857142857,0.8884986830553117,0.8716623600344531,0.88
739,739,GRCh38_segdups,corrected,1139,37,0.023931623931623933,0.7567567567567568,0.024117140396210164,0.04674457429048414
739,739,GRCh38_segdups,legacy,1139,675,0.4806451612903226,0.882962962962963,0.5133505598621878,0.6492374727668845
740,740,GRCh38_alldifficultregions,corrected,1078,249,0.18387909319899245,0.8795180722891566,0.18863049095607234,0.3106382978723404
740,740,GRCh38_alldifficultregions,legacy,1078,980,0.7155448717948718,0.9112244897959184,0.7691645133505599,0.8341896310135452
740,740,GRCh38_alllowmapandsegdupregions,corrected,1078,17,0.009425878320479864,0.6470588235294118,0.009474590869939707,0.01867572156196944
740,740,GRCh38_alllowmapandsegdupregions,legacy,1078,793,0.5834683954619124,0.9079445145018915,0.6201550387596899,0.7369498464687819
740,740,GRCh38_notinalldifficultregions,corrected,1078,829,0.6218418907905461,0.9203860072376358,0.657192075796727,0.7668341708542713
740,740,GRCh38_notinalldifficultregions,legacy,1078,1075,0.7788385043754972,0.9106976744186046,0.843238587424634,0.8756708407871199
740,740,GRCh38_notinalllowmapandsegdupregions,corrected,1078,1061,0.7761790567545963,0.9151743638077285,0.8363479758828596,0.873987398739874
740,740,GRCh38_notinalllowmapandsegdupregions,legacy,1078,1078,0.781225139220366,0.9109461966604824,0.8458225667527993,0.8771773112996875
740,740,GRCh38_notinsegdups,corrected,1078,1063,0.7749401436552275,0.9134524929444967,0.8363479758828596,0.8732014388489209
740,740,GRCh38_notinsegdups,legacy,1078,1078,0.781225139220366,0.9109461966604824,0.8458225667527993,0.8771773112996875
740,740,GRCh38_segdups,corrected,1078,15,0.00944206008583691,0.7333333333333333,0.009474590869939707,0.01870748299319728
740,740,GRCh38_segdups,legacy,1078,629,0.47082990961380444,0.9109697933227345,0.4935400516795866,0.6402234636871509
741,741,GRCh38_alldifficultregions,corrected,2050,575,0.16902356902356902,0.4365217391304348,0.21619293712316967,0.2891705069124424
741,741,GRCh38_alldifficultregions,legacy,2050,1883,0.45506692160611856,0.5055762081784386,0.8199827734711456,0.6254927726675427
741,741,GRCh38_alllowmapandsegdupregions,corrected,2050,77,0.02823920265780731,0.44155844155844154,0.029285099052540915,0.05492730210016156
741,741,GRCh38_alllowmapandsegdupregions,legacy,2050,1539,0.39896373056994816,0.5003248862897985,0.6632213608957795,0.5703703703703704
741,741,GRCh38_notinalldifficultregions,corrected,2050,1475,0.4302767227346717,0.5376271186440678,0.6830318690783808,0.6016691957511381
741,741,GRCh38_notinalldifficultregions,legacy,2050,2045,0.4801477377654663,0.508557457212714,0.8957795004306632,0.6487835308796007
741,741,GRCh38_notinalllowmapandsegdupregions,corrected,2050,1973,0.4755178907721281,0.5119107957425241,0.8699397071490095,0.6445437141033822
741,741,GRCh38_notinalllowmapandsegdupregions,legacy,2050,2050,0.48177203507152744,0.5092682926829268,0.8992248062015504,0.650264715042043
741,741,GRCh38_notinsegdups,corrected,2050,1979,0.47695202257761055,0.5123799898938858,0.8733850129198967,0.6458598726114649
741,741,GRCh38_notinsegdups,legacy,2050,2050,0.48177203507152744,0.5092682926829268,0.8992248062015504,0.650264715042043
741,741,GRCh38_segdups,corrected,2050,71,0.024958402662229616,0.4225352112676056,0.025839793281653745,0.0487012987012987
741,741,GRCh38_segdups,legacy,2050,1231,0.3491257755217146,0.5028432168968319,0.533161068044789,0.5175585284280937
742,742,GRCh38_alldifficultregions,corrected,1209,324,0.17857142857142858,0.6944444444444444,0.1937984496124031,0.30303030303030304
742,742,GRCh38_alldifficultregions,legacy,1209,1123,0.6061884669479606,0.767586821015138,0.7424633936261843,0.754816112084063
742,742,GRCh38_alllowmapandsegdupregions,corrected,1209,35,0.02134927412467976,0.7142857142857143,0.02153316106804479,0.04180602006688963
742,742,GRCh38_alllowmapandsegdupregions,legacy,1209,923,0.5025234318673396,0.7551462621885157,0.6003445305770887,0.6689059500959693
742,742,GRCh38_notinalldifficultregions,corrected,1209,885,0.5371900826446281,0.807909604519774,0.615848406546081,0.6989247311827956
742,742,GRCh38_notinalldifficultregions,legacy,1209,1206,0.6552447552447552,0.7769485903814262,0.8070628768303187,0.7917194761301225
742,742,GRCh38_notinalllowmapandsegdupregions,corrected,1209,1174,0.6443661971830986,0.7793867120954003,0.7881136950904393,0.7837259100642399
742,742,GRCh38_notinalllowmapandsegdupregions,legacy,1209,1209,0.6573426573426573,0.7775020678246485,0.8096468561584841,0.7932489451476793
742,742,GRCh38_notinsegdups,corrected,1209,1178,0.6460239268121042,0.7792869269949066,0.7906976744186046,0.7849508336896109
742,742,GRCh38_notinsegdups,legacy,1209,1209,0.6573426573426573,0.7775020678246485,0.8096468561584841,0.7932489451476793
742,742,GRCh38_segdups,corrected,1209,31,0.018803418803418803,0.7096774193548387,0.018949181739879414,0.03691275167785235
742,742,GRCh38_segdups,legacy,1209,725,0.41697971450037563,0.7655172413793103,0.4780361757105943,0.5885471898197242
743,743,GRCh38_alldifficultregions,corrected,1562,630,0.1385886840432295,0.346031746031746,0.18776916451335057,0.24343941931881632
743,743,GRCh38_alldifficultregions,legacy,1562,1464,0.45509977827050996,0.5607923497267759,0.7071490094745909,0.6255238095238095
743,743,GRCh38_alllowmapandsegdupregions,corrected,1562,131,0.022151898734177215,0.21374045801526717,0.024117140396210164,0.043343653250773995
743,743,GRCh38_alllowmapandsegdupregions,legacy,1562,1212,0.39424206815511165,0.5536303630363036,0.5779500430663221,0.5655288664138222
743,743,GRCh38_notinalldifficultregions,corrected,1562,932,0.4801980198019802,0.7285407725321889,0.5848406546080964,0.6488294314381271
743,743,GRCh38_notinalldifficultregions,legacy,1562,1556,0.4895833333333333,0.5739074550128535,0.7691645133505599,0.6573426573426574
743,743,GRCh38_notinalllowmapandsegdupregions,corrected,1562,1431,0.5043528728961114,0.6072676450034941,0.7484926787252368,0.6705246913580246
743,743,GRCh38_notinalllowmapandsegdupregions,legacy,1562,1562,0.49123767798466594,0.5742637644046095,0.772609819121447,0.6588321704002938
743,743,GRCh38_notinsegdups,corrected,1562,1437,0.5060869565217392,0.6075156576200418,0.751937984496124,0.6720554272517322
743,743,GRCh38_notinsegdups,legacy,1562,1562,0.49123767798466594,0.5742637644046095,0.772609819121447,0.6588321704002938
743,743,GRCh38_segdups,corrected,1562,125,0.01901743264659271,0.192,0.020671834625323,0.03732503888024884
743,743,GRCh38_segdups,legacy,1562,996,0.3331273176761434,0.5411646586345381,0.46425495262704564,0.49976819656930915
744,744,GRCh38_alldifficultregions,corrected,1369,418,0.12947067238912732,0.43301435406698563,0.15590008613264428,0.22925902469917672
744,744,GRCh38_alldifficultregions,legacy,1369,1265,0.4667472793228537,0.6102766798418973,0.664944013781223,0.6364385820280297
744,744,GRCh38_alllowmapandsegdupregions,corrected,1369,9,0.0017123287671232876,0.2222222222222222,0.0017226528854435831,0.003418803418803419
744,744,GRCh38_alllowmapandsegdupregions,legacy,1369,1023,0.40089801154586274,0.6109481915933529,0.5383290267011197,0.5723443223443223
744,744,GRCh38_notinalldifficultregions,corrected,1369,951,0.4615916955017301,0.7013669821240799,0.5745047372954349,0.6316287878787878
744,744,GRCh38_notinalldifficultregions,legacy,1369,1364,0.5038713519952353,0.6202346041055719,0.7286821705426356,0.6700990099009901
744,744,GRCh38_notinalllowmapandsegdupregions,corrected,1369,1360,0.5050746268656716,0.6220588235294118,0.7286821705426356,0.6711622372074574
744,744,GRCh38_notinalllowmapandsegdupregions,legacy,1369,1369,0.5041617122473246,0.6194302410518627,0.7304048234280792,0.6703557312252965
744,744,GRCh38_notinsegdups,corrected,1369,1360,0.5050746268656716,0.6220588235294118,0.7286821705426356,0.6711622372074574
744,744,GRCh38_notinsegdups,legacy,1369,1369,0.5041617122473246,0.6194302410518627,0.7304048234280792,0.6703557312252965
744,744,GRCh38_segdups,corrected,1369,9,0.0017123287671232876,0.2222222222222222,0.0017226528854435831,0.003418803418803419
744,744,GRCh38_segdups,legacy,1369,826,0.3362474781439139,0.6053268765133172,0.4306632213608958,0.5032712632108707
745,745,GRCh38_alldifficultregions,corrected,1131,295,0.20032976092333057,0.823728813559322,0.20930232558139536,0.3337912087912088
745,745,GRCh38_alldifficultregions,legacy,1131,1032,0.72,0.8895348837209303,0.7906976744186046,0.8372093023255814
745,745,GRCh38_alllowmapandsegdupregions,corrected,1131,42,0.028205128205128206,0.7857142857142857,0.028423772609819122,0.054862842892768084
745,745,GRCh38_alllowmapandsegdupregions,legacy,1131,843,0.5930047694753577,0.8849347568208779,0.6425495262704565,0.7445109780439122
745,745,GRCh38_notinalldifficultregions,corrected,1131,836,0.6183144246353323,0.9126794258373205,0.657192075796727,0.7641462193289934
745,745,GRCh38_notinalldifficultregions,legacy,1131,1128,0.7799377916018663,0.8891843971631206,0.8639104220499569,0.8763652249890782
745,745,GRCh38_notinalllowmapandsegdupregions,corrected,1131,1089,0.7619420516836335,0.8934802571166207,0.8380706287683032,0.8648888888888888
745,745,GRCh38_notinalllowmapandsegdupregions,legacy,1131,1131,0.7822706065318819,0.8894783377541998,0.8664944013781223,0.8778359511343804
745,745,GRCh38_notinsegdups,corrected,1131,1096,0.764659890539484,0.8923357664233577,0.8423772609819121,0.8666371289322109
745,745,GRCh38_notinsegdups,legacy,1131,1131,0.7822706065318819,0.8894783377541998,0.8664944013781223,0.8778359511343804
745,745,GRCh38_segdups,corrected,1131,35,0.023972602739726026,0.8,0.024117140396210164,0.04682274247491639
745,745,GRCh38_segdups,legacy,1131,669,0.4793856103476152,0.8863976083707026,0.5107665805340224,0.6480874316939891
746,746,GRCh38_alldifficultregions,corrected,1086,258,0.17955112219451372,0.8372093023255814,0.18604651162790697,0.3044397463002114
746,746,GRCh38_alldifficultregions,legacy,1086,992,0.7006319115323855,0.8941532258064516,0.7639965546942291,0.823966558290757
746,746,GRCh38_alllowmapandsegdupregions,corrected,1086,15,0.008576329331046312,0.6666666666666666,0.008613264427217916,0.017006802721088437
746,746,GRCh38_alllowmapandsegdupregions,legacy,1086,798,0.5760257441673371,0.8972431077694235,0.6167097329888027,0.7309851965288411
746,746,GRCh38_notinalldifficultregions,corrected,1086,828,0.614448051948052,0.9142512077294686,0.6520241171403962,0.7611865258924081
746,746,GRCh38_notinalldifficultregions,legacy,1086,1083,0.7613814756671899,0.8956602031394275,0.8354866494401378,0.8645276292335115
746,746,GRCh38_notinalllowmapandsegdupregions,corrected,1086,1071,0.7588652482269503,0.8991596638655462,0.8294573643410853,0.8629032258064517
746,746,GRCh38_notinalllowmapandsegdupregions,legacy,1086,1086,0.7637362637362637,0.8959484346224678,0.8380706287683032,0.8660436137071651
746,746,GRCh38_notinsegdups,corrected,1086,1072,0.7582677165354331,0.898320895522388,0.8294573643410853,0.8625167935512764
746,746,GRCh38_notinsegdups,legacy,1086,1086,0.7637362637362637,0.8959484346224678,0.8380706287683032,0.8660436137071651
746,746,GRCh38_segdups,corrected,1086,14,0.008583690987124463,0.7142857142857143,0.008613264427217916,0.01702127659574468
746,746,GRCh38_segdups,legacy,1086,634,0.4641109298531811,0.8974763406940063,0.4900947459086994,0.6339832869080779
747,747,GRCh38_alldifficultregions,corrected,1757,482,0.18031609195402298,0.520746887966805,0.21619293712316967,0.3055386488131467
747,747,GRCh38_alldifficultregions,legacy,1757,1612,0.5177887246852764,0.586848635235732,0.8148148148148148,0.6822935448972233
747,747,GRCh38_alllowmapandsegdupregions,corrected,1757,65,0.028523489932885907,0.5230769230769231,0.029285099052540915,0.05546492659053833
747,747,GRCh38_alllowmapandsegdupregions,legacy,1757,1319,0.44522144522144524,0.579226686884003,0.6580534022394487,0.6161290322580645
747,747,GRCh38_notinalldifficultregions,corrected,1757,1275,0.47546941247728647,0.615686274509804,0.6761412575366064,0.6444991789819375
747,747,GRCh38_notinalldifficultregions,legacy,1757,1753,0.5483528161530287,0.5887050770108385,0.8888888888888888,0.7083047357584076
747,747,GRCh38_notinalllowmapandsegdupregions,corrected,1757,1692,0.5413290113452188,0.5921985815602837,0.8630490956072352,0.7024185068349106
747,747,GRCh38_notinalllowmapandsegdupregions,legacy,1757,1757,0.5504782146652497,0.5896414342629482,0.892334194659776,0.7100753941055518
747,747,GRCh38_notinsegdups,corrected,1757,1698,0.5429033998920669,0.5924617196702002,0.8664944013781223,0.7037425673312346
747,747,GRCh38_notinsegdups,legacy,1757,1757,0.5504782146652497,0.5896414342629482,0.892334194659776,0.7100753941055518
747,747,GRCh38_segdups,corrected,1757,59,0.025210084033613446,0.5084745762711864,0.025839793281653745,0.04918032786885246
747,747,GRCh38_segdups,legacy,1757,1057,0.38193146417445484,0.5799432355723746,0.5279931093884582,0.5527502254283138
748,748,GRCh38_alldifficultregions,corrected,1045,258,0.1756420878210439,0.8217054263565892,0.1826012058570198,0.29880197322057783
748,748,GRCh38_alldifficultregions,legacy,1045,969,0.6447876447876448,0.8617131062951496,0.719207579672696,0.7840375586854461
748,748,GRCh38_alllowmapandsegdupregions,corrected,1045,31,0.021422450728363324,0.8064516129032258,0.02153316106804479,0.04194630872483222
748,748,GRCh38_alllowmapandsegdupregions,legacy,1045,794,0.5333333333333333,0.8564231738035264,0.5857019810508183,0.6956521739130435
748,748,GRCh38_notinalldifficultregions,corrected,1045,787,0.5584,0.8869123252858958,0.6012058570198106,0.7166324435318275
748,748,GRCh38_notinalldifficultregions,legacy,1045,1042,0.6998456790123457,0.8704414587332053,0.781223083548665,0.8234226055379028
748,748,GRCh38_notinalllowmapandsegdupregions,corrected,1045,1014,0.686046511627907,0.8727810650887574,0.7622739018087855,0.8137931034482758
748,748,GRCh38_notinalllowmapandsegdupregions,legacy,1045,1045,0.7021604938271605,0.8708133971291866,0.7838070628768303,0.8250226654578423
748,748,GRCh38_notinsegdups,corrected,1045,1018,0.6878388845855926,0.8722986247544204,0.7648578811369509,0.815052776502983
748,748,GRCh38_notinsegdups,legacy,1045,1045,0.7021604938271605,0.8708133971291866,0.7838070628768303,0.8250226654578423
748,748,GRCh38_segdups,corrected,1045,27,0.018867924528301886,0.8148148148148148,0.018949181739879414,0.03703703703703704
748,748,GRCh38_segdups,legacy,1045,631,0.4358974358974359,0.8621236133122029,0.46856158484065463,0.6071428571428572
749,749,GRCh38_alldifficultregions,corrected,1456,586,0.14332460732984292,0.37372013651877134,0.18863049095607234,0.25071551230681166
749,749,GRCh38_alldifficultregions,legacy,1456,1366,0.475189725627554,0.595900439238653,0.7011197243755384,0.6442421844083894
749,749,GRCh38_alllowmapandsegdupregions,corrected,1456,133,0.022116903633491312,0.21052631578947367,0.024117140396210164,0.04327666151468316
749,749,GRCh38_alllowmapandsegdupregions,legacy,1456,1126,0.4091189155884165,0.5896980461811723,0.5719207579672696,0.5806733712286839
749,749,GRCh38_notinalldifficultregions,corrected,1456,870,0.4911894273127753,0.7689655172413793,0.5762273901808785,0.6587887740029542
749,749,GRCh38_notinalldifficultregions,legacy,1456,1450,0.5118702953097858,0.6096551724137931,0.7614125753660638,0.6771351972424359
749,749,GRCh38_notinalllowmapandsegdupregions,corrected,1456,1323,0.5295566502463054,0.6500377928949358,0.7407407407407407,0.6924315619967794
749,749,GRCh38_notinalllowmapandsegdupregions,legacy,1456,1456,0.5135916714864083,0.6098901098901099,0.7648578811369509,0.6786396637371036
749,749,GRCh38_notinsegdups,corrected,1456,1328,0.5316923076923077,0.6506024096385542,0.7441860465116279,0.694254720771394
749,749,GRCh38_notinsegdups,legacy,1456,1456,0.5135916714864083,0.6098901098901099,0.7648578811369509,0.6786396637371036
749,749,GRCh38_segdups,corrected,1456,128,0.018972332015810278,0.1875,0.020671834625323,0.037238169123351435
749,749,GRCh38_segdups,legacy,1456,927,0.34190231362467866,0.5738942826321467,0.4582256675279931,0.5095785440613028
750,750,GRCh38_alldifficultregions,corrected,697,185,0.07766212970376302,0.5243243243243243,0.08354866494401378,0.14413075780089152
750,750,GRCh38_alldifficultregions,legacy,697,647,0.3216374269005848,0.6800618238021638,0.3789836347975883,0.48672566371681414
750,750,GRCh38_alllowmapandsegdupregions,corrected,697,6,0.0017167381974248926,0.3333333333333333,0.0017226528854435831,0.0034275921165381317
750,750,GRCh38_alllowmapandsegdupregions,legacy,697,515,0.2668178382464097,0.6854368932038835,0.3040482342807924,0.4212410501193317
750,750,GRCh38_notinalldifficultregions,corrected,697,512,0.2979053529868115,0.75,0.330749354005168,0.4590555887627017
750,750,GRCh38_notinalldifficultregions,legacy,697,694,0.3490909090909091,0.69164265129683,0.4134366925064599,0.5175202156334231
750,750,GRCh38_notinalllowmapandsegdupregions,corrected,697,691,0.348871085214858,0.6931982633863966,0.4125753660637382,0.5172786177105831
750,750,GRCh38_notinalllowmapandsegdupregions,legacy,697,697,0.3493100944081336,0.6901004304160688,0.4142980189491817,0.5177610333692142
750,750,GRCh38_notinsegdups,corrected,697,691,0.348871085214858,0.6931982633863966,0.4125753660637382,0.5172786177105831
750,750,GRCh38_notinsegdups,legacy,697,697,0.3493100944081336,0.6901004304160688,0.4142980189491817,0.5177610333692142
750,750,GRCh38_segdups,corrected,697,6,0.0017167381974248926,0.3333333333333333,0.0017226528854435831,0.0034275921165381317
750,750,GRCh38_segdups,legacy,697,412,0.2193798449612403,0.6868932038834952,0.24375538329026702,0.3598219961856326
751,751,GRCh38_alldifficultregions,corrected,1131,295,0.20032976092333057,0.823728813559322,0.20930232558139536,0.3337912087912088
751,751,GRCh38_alldifficultregions,legacy,1131,1032,0.72,0.8895348837209303,0.7906976744186046,0.8372093023255814
751,751,GRCh38_alllowmapandsegdupregions,corrected,1131,42,0.028205128205128206,0.7857142857142857,0.028423772609819122,0.054862842892768084
751,751,GRCh38_alllowmapandsegdupregions,legacy,1131,843,0.5930047694753577,0.8849347568208779,0.6425495262704565,0.7445109780439122
751,751,GRCh38_notinalldifficultregions,corrected,1131,836,0.6183144246353323,0.9126794258373205,0.657192075796727,0.7641462193289934
751,751,GRCh38_notinalldifficultregions,legacy,1131,1128,0.7799377916018663,0.8891843971631206,0.8639104220499569,0.8763652249890782
751,751,GRCh38_notinalllowmapandsegdupregions,corrected,1131,1089,0.7619420516836335,0.8934802571166207,0.8380706287683032,0.8648888888888888
751,751,GRCh38_notinalllowmapandsegdupregions,legacy,1131,1131,0.7822706065318819,0.8894783377541998,0.8664944013781223,0.8778359511343804
751,751,GRCh38_notinsegdups,corrected,1131,1096,0.764659890539484,0.8923357664233577,0.8423772609819121,0.8666371289322109
751,751,GRCh38_notinsegdups,legacy,1131,1131,0.7822706065318819,0.8894783377541998,0.8664944013781223,0.8778359511343804
751,751,GRCh38_segdups,corrected,1131,35,0.023972602739726026,0.8,0.024117140396210164,0.04682274247491639
751,751,GRCh38_segdups,legacy,1131,669,0.4793856103476152,0.8863976083707026,0.5107665805340224,0.6480874316939891
752,752,GRCh38_alldifficultregions,corrected,1086,258,0.17955112219451372,0.8372093023255814,0.18604651162790697,0.3044397463002114
752,752,GRCh38_alldifficultregions,legacy,1086,992,0.7006319115323855,0.8941532258064516,0.7639965546942291,0.823966558290757
752,752,GRCh38_alllowmapandsegdupregions,corrected,1086,15,0.008576329331046312,0.6666666666666666,0.008613264427217916,0.017006802721088437
752,752,GRCh38_alllowmapandsegdupregions,legacy,1086,798,0.5760257441673371,0.8972431077694235,0.6167097329888027,0.7309851965288411
752,752,GRCh38_notinalldifficultregions,corrected,1086,828,0.614448051948052,0.9142512077294686,0.6520241171403962,0.7611865258924081
752,752,GRCh38_notinalldifficultregions,legacy,1086,1083,0.7613814756671899,0.8956602031394275,0.8354866494401378,0.8645276292335115
752,752,GRCh38_notinalllowmapandsegdupregions,corrected,1086,1071,0.7588652482269503,0.8991596638655462,0.8294573643410853,0.8629032258064517
752,752,GRCh38_notinalllowmapandsegdupregions,legacy,1086,1086,0.7637362637362637,0.8959484346224678,0.8380706287683032,0.8660436137071651
752,752,GRCh38_notinsegdups,corrected,1086,1072,0.7582677165354331,0.898320895522388,0.8294573643410853,0.8625167935512764
752,752,GRCh38_notinsegdups,legacy,1086,1086,0.7637362637362637,0.8959484346224678,0.8380706287683032,0.8660436137071651
752,752,GRCh38_segdups,corrected,1086,14,0.008583690987124463,0.7142857142857143,0.008613264427217916,0.01702127659574468
752,752,GRCh38_segdups,legacy,1086,634,0.4641109298531811,0.8974763406940063,0.4900947459086994,0.6339832869080779
753,753,GRCh38_alldifficultregions,corrected,1757,482,0.18031609195402298,0.520746887966805,0.21619293712316967,0.3055386488131467
753,753,GRCh38_alldifficultregions,legacy,1757,1612,0.5177887246852764,0.586848635235732,0.8148148148148148,0.6822935448972233
753,753,GRCh38_alllowmapandsegdupregions,corrected,1757,65,0.028523489932885907,0.5230769230769231,0.029285099052540915,0.05546492659053833
753,753,GRCh38_alllowmapandsegdupregions,legacy,1757,1319,0.44522144522144524,0.579226686884003,0.6580534022394487,0.6161290322580645
753,753,GRCh38_notinalldifficultregions,corrected,1757,1275,0.47546941247728647,0.615686274509804,0.6761412575366064,0.6444991789819375
753,753,GRCh38_notinalldifficultregions,legacy,1757,1753,0.5483528161530287,0.5887050770108385,0.8888888888888888,0.7083047357584076
753,753,GRCh38_notinalllowmapandsegdupregions,corrected,1757,1692,0.5413290113452188,0.5921985815602837,0.8630490956072352,0.7024185068349106
753,753,GRCh38_notinalllowmapandsegdupregions,legacy,1757,1757,0.5504782146652497,0.5896414342629482,0.892334194659776,0.7100753941055518
753,753,GRCh38_notinsegdups,corrected,1757,1698,0.5429033998920669,0.5924617196702002,0.8664944013781223,0.7037425673312346
753,753,GRCh38_notinsegdups,legacy,1757,1757,0.5504782146652497,0.5896414342629482,0.892334194659776,0.7100753941055518
753,753,GRCh38_segdups,corrected,1757,59,0.025210084033613446,0.5084745762711864,0.025839793281653745,0.04918032786885246
753,753,GRCh38_segdups,legacy,1757,1057,0.38193146417445484,0.5799432355723746,0.5279931093884582,0.5527502254283138
754,754,GRCh38_alldifficultregions,corrected,1045,258,0.1756420878210439,0.8217054263565892,0.1826012058570198,0.29880197322057783
754,754,GRCh38_alldifficultregions,legacy,1045,969,0.6447876447876448,0.8617131062951496,0.719207579672696,0.7840375586854461
754,754,GRCh38_alllowmapandsegdupregions,corrected,1045,31,0.021422450728363324,0.8064516129032258,0.02153316106804479,0.04194630872483222
754,754,GRCh38_alllowmapandsegdupregions,legacy,1045,794,0.5333333333333333,0.8564231738035264,0.5857019810508183,0.6956521739130435
754,754,GRCh38_notinalldifficultregions,corrected,1045,787,0.5584,0.8869123252858958,0.6012058570198106,0.7166324435318275
754,754,GRCh38_notinalldifficultregions,legacy,1045,1042,0.6998456790123457,0.8704414587332053,0.781223083548665,0.8234226055379028
754,754,GRCh38_notinalllowmapandsegdupregions,corrected,1045,1014,0.686046511627907,0.8727810650887574,0.7622739018087855,0.8137931034482758
754,754,GRCh38_notinalllowmapandsegdupregions,legacy,1045,1045,0.7021604938271605,0.8708133971291866,0.7838070628768303,0.8250226654578423
754,754,GRCh38_notinsegdups,corrected,1045,1018,0.6878388845855926,0.8722986247544204,0.7648578811369509,0.815052776502983
754,754,GRCh38_notinsegdups,legacy,1045,1045,0.7021604938271605,0.8708133971291866,0.7838070628768303,0.8250226654578423
754,754,GRCh38_segdups,corrected,1045,27,0.018867924528301886,0.8148148148148148,0.018949181739879414,0.03703703703703704
754,754,GRCh38_segdups,legacy,1045,631,0.4358974358974359,0.8621236133122029,0.46856158484065463,0.6071428571428572
755,755,GRCh38_alldifficultregions,corrected,1456,586,0.14332460732984292,0.37372013651877134,0.18863049095607234,0.25071551230681166
755,755,GRCh38_alldifficultregions,legacy,1456,1366,0.475189725627554,0.595900439238653,0.7011197243755384,0.6442421844083894
755,755,GRCh38_alllowmapandsegdupregions,corrected,1456,133,0.022116903633491312,0.21052631578947367,0.024117140396210164,0.04327666151468316
755,755,GRCh38_alllowmapandsegdupregions,legacy,1456,1126,0.4091189155884165,0.5896980461811723,0.5719207579672696,0.5806733712286839
755,755,GRCh38_notinalldifficultregions,corrected,1456,870,0.4911894273127753,0.7689655172413793,0.5762273901808785,0.6587887740029542
755,755,GRCh38_notinalldifficultregions,legacy,1456,1450,0.5118702953097858,0.6096551724137931,0.7614125753660638,0.6771351972424359
755,755,GRCh38_notinalllowmapandsegdupregions,corrected,1456,1323,0.5295566502463054,0.6500377928949358,0.7407407407407407,0.6924315619967794
755,755,GRCh38_notinalllowmapandsegdupregions,legacy,1456,1456,0.5135916714864083,0.6098901098901099,0.7648578811369509,0.6786396637371036
755,755,GRCh38_notinsegdups,corrected,1456,1328,0.5316923076923077,0.6506024096385542,0.7441860465116279,0.694254720771394
755,755,GRCh38_notinsegdups,legacy,1456,1456,0.5135916714864083,0.6098901098901099,0.7648578811369509,0.6786396637371036
755,755,GRCh38_segdups,corrected,1456,128,0.018972332015810278,0.1875,0.020671834625323,0.037238169123351435
755,755,GRCh38_segdups,legacy,1456,927,0.34190231362467866,0.5738942826321467,0.4582256675279931,0.5095785440613028
756,756,GRCh38_alldifficultregions,corrected,697,185,0.07766212970376302,0.5243243243243243,0.08354866494401378,0.14413075780089152
756,756,GRCh38_alldifficultregions,legacy,697,647,0.3216374269005848,0.6800618238021638,0.3789836347975883,0.48672566371681414
756,756,GRCh38_alllowmapandsegdupregions,corrected,697,6,0.0017167381974248926,0.3333333333333333,0.0017226528854435831,0.0034275921165381317
756,756,GRCh38_alllowmapandsegdupregions,legacy,697,515,0.2668178382464097,0.6854368932038835,0.3040482342807924,0.4212410501193317
756,756,GRCh38_notinalldifficultregions,corrected,697,512,0.2979053529868115,0.75,0.330749354005168,0.4590555887627017
756,756,GRCh38_notinalldifficultregions,legacy,697,694,0.3490909090909091,0.69164265129683,0.4134366925064599,0.5175202156334231
756,756,GRCh38_notinalllowmapandsegdupregions,corrected,697,691,0.348871085214858,0.6931982633863966,0.4125753660637382,0.5172786177105831
756,756,GRCh38_notinalllowmapandsegdupregions,legacy,697,697,0.3493100944081336,0.6901004304160688,0.4142980189491817,0.5177610333692142
756,756,GRCh38_notinsegdups,corrected,697,691,0.348871085214858,0.6931982633863966,0.4125753660637382,0.5172786177105831
756,756,GRCh38_notinsegdups,legacy,697,697,0.3493100944081336,0.6901004304160688,0.4142980189491817,0.5177610333692142
756,756,GRCh38_segdups,corrected,697,6,0.0017167381974248926,0.3333333333333333,0.0017226528854435831,0.0034275921165381317
756,756,GRCh38_segdups,legacy,697,412,0.2193798449612403,0.6868932038834952,0.24375538329026702,0.3598219961856326
757,757,GRCh38_alldifficultregions,corrected,1138,291,0.20198675496688742,0.8384879725085911,0.21016365202411713,0.3360881542699724
757,757,GRCh38_alldifficultregions,legacy,1138,1038,0.7193119624706802,0.8863198458574181,0.7924203273040482,0.8367439745338789
757,757,GRCh38_alllowmapandsegdupregions,corrected,1138,43,0.028181041844577284,0.7674418604651163,0.028423772609819122,0.054817275747508304
757,757,GRCh38_alllowmapandsegdupregions,legacy,1138,849,0.5927099841521395,0.8810365135453475,0.6442721791559001,0.7442786069651741
757,757,GRCh38_notinalldifficultregions,corrected,1138,847,0.6167471819645732,0.9043683589138135,0.6597760551248923,0.7629482071713148
757,757,GRCh38_notinalldifficultregions,legacy,1138,1135,0.7812257564003103,0.8872246696035242,0.8673557278208441,0.877177700348432
757,757,GRCh38_notinalllowmapandsegdupregions,corrected,1138,1095,0.7638780297107115,0.8922374429223744,0.8415159345391904,0.8661347517730495
757,757,GRCh38_notinalllowmapandsegdupregions,legacy,1138,1138,0.7835531419705197,0.8875219683655536,0.8699397071490095,0.8786428882122662
757,757,GRCh38_notinsegdups,corrected,1138,1102,0.7665886026541764,0.8911070780399274,0.8458225667527993,0.8678745028722934
757,757,GRCh38_notinsegdups,legacy,1138,1138,0.7835531419705197,0.8875219683655536,0.8699397071490095,0.8786428882122662
757,757,GRCh38_segdups,corrected,1138,36,0.023952095808383235,0.7777777777777778,0.024117140396210164,0.046783625730994156
757,757,GRCh38_segdups,legacy,1138,676,0.47906602254428343,0.8801775147928994,0.512489233419466,0.6477953184540011
758,758,GRCh38_alldifficultregions,corrected,1084,252,0.18045112781954886,0.8571428571428571,0.18604651162790697,0.3057324840764331
758,758,GRCh38_alldifficultregions,legacy,1084,990,0.7017405063291139,0.895959595959596,0.7639965546942291,0.8247326824732681
758,758,GRCh38_alllowmapandsegdupregions,corrected,1084,15,0.008576329331046312,0.6666666666666666,0.008613264427217916,0.017006802721088437
758,758,GRCh38_alllowmapandsegdupregions,legacy,1084,804,0.5732586068855084,0.8905472636815921,0.6167097329888027,0.7287531806615776
758,758,GRCh38_notinalldifficultregions,corrected,1084,832,0.6124595469255664,0.9098557692307693,0.6520241171403962,0.7596588058203713
758,758,GRCh38_notinalldifficultregions,legacy,1084,1081,0.7625786163522013,0.8973172987974098,0.8354866494401378,0.8652988403211419
758,758,GRCh38_notinalllowmapandsegdupregions,corrected,1084,1069,0.7600631412786109,0.9008419083255379,0.8294573643410853,0.8636771300448431
758,758,GRCh38_notinalllowmapandsegdupregions,legacy,1084,1084,0.764937106918239,0.8976014760147601,0.8380706287683032,0.8668151447661471
758,758,GRCh38_notinsegdups,corrected,1084,1070,0.7594637223974764,0.9,0.8294573643410853,0.863290004482295
758,758,GRCh38_notinsegdups,legacy,1084,1084,0.764937106918239,0.8976014760147601,0.8380706287683032,0.8668151447661471
758,758,GRCh38_segdups,corrected,1084,14,0.008583690987124463,0.7142857142857143,0.008613264427217916,0.01702127659574468
758,758,GRCh38_segdups,legacy,1084,639,0.4634146341463415,0.892018779342723,0.4909560723514212,0.6333333333333333
759,759,GRCh38_alldifficultregions,corrected,1989,534,0.17382271468144045,0.4700374531835206,0.21619293712316967,0.296165191740413
759,759,GRCh38_alldifficultregions,legacy,1989,1826,0.46637211585665195,0.52026286966046,0.818260120585702,0.6360897221292267
759,759,GRCh38_alllowmapandsegdupregions,corrected,1989,71,0.028380634390651086,0.4788732394366197,0.029285099052540915,0.0551948051948052
759,759,GRCh38_alllowmapandsegdupregions,legacy,1989,1493,0.40721102863202546,0.5144005358338914,0.661498708010336,0.5787490580256218
759,759,GRCh38_notinalldifficultregions,corrected,1989,1455,0.4334246575342466,0.5436426116838488,0.6813092161929372,0.6047400611620796
759,759,GRCh38_notinalldifficultregions,legacy,1989,1985,0.49240986717267554,0.5229219143576826,0.8940568475452196,0.6598855689764781
759,759,GRCh38_notinalllowmapandsegdupregions,corrected,1989,1918,0.48672139063254466,0.5255474452554745,0.8682170542635659,0.6547580383241312
759,759,GRCh38_notinalllowmapandsegdupregions,legacy,1989,1989,0.49430740037950666,0.5238813474107592,0.8975021533161068,0.6615873015873016
759,759,GRCh38_notinsegdups,corrected,1989,1924,0.48818137964302943,0.525987525987526,0.8716623600344531,0.6560777957860616
759,759,GRCh38_notinsegdups,legacy,1989,1989,0.49430740037950666,0.5238813474107592,0.8975021533161068,0.6615873015873016
759,759,GRCh38_segdups,corrected,1989,65,0.02508361204013378,0.46153846153846156,0.025839793281653745,0.04893964110929853
759,759,GRCh38_segdups,legacy,1989,1191,0.35561959654178676,0.5180520570948782,0.5314384151593454,0.5246598639455782
760,760,GRCh38_alldifficultregions,corrected,1103,271,0.17280917280917282,0.7785977859778598,0.181739879414298,0.29469273743016755
760,760,GRCh38_alldifficultregions,legacy,1103,1020,0.6203566121842496,0.8186274509803921,0.719207579672696,0.7657038055937643
760,760,GRCh38_alllowmapandsegdupregions,corrected,1103,34,0.021367521367521368,0.7352941176470589,0.02153316106804479,0.04184100418410042
760,760,GRCh38_alllowmapandsegdupregions,legacy,1103,841,0.5143721633888049,0.8085612366230678,0.5857019810508183,0.6793206793206793
760,760,GRCh38_notinalldifficultregions,corrected,1103,832,0.5401854714064915,0.8401442307692307,0.6020671834625323,0.7014550928248872
760,760,GRCh38_notinalldifficultregions,legacy,1103,1100,0.6698670605612999,0.8245454545454546,0.781223083548665,0.8022998673153473
760,760,GRCh38_notinalllowmapandsegdupregions,corrected,1103,1069,0.6579925650557621,0.8278765201122544,0.7622739018087855,0.7937219730941705
760,760,GRCh38_notinalllowmapandsegdupregions,legacy,1103,1103,0.672082717872969,0.8250226654578422,0.7838070628768303,0.8038869257950529
760,760,GRCh38_notinsegdups,corrected,1103,1073,0.6597325408618128,0.8275862068965517,0.7648578811369509,0.7949865711727842
760,760,GRCh38_notinsegdups,legacy,1103,1103,0.672082717872969,0.8250226654578422,0.7838070628768303,0.8038869257950529
760,760,GRCh38_segdups,corrected,1103,30,0.018819503849443968,0.7333333333333333,0.018949181739879414,0.036943744752308987
760,760,GRCh38_segdups,legacy,1103,668,0.4233463035019455,0.8143712574850299,0.46856158484065463,0.5948605795516676
761,761,GRCh38_alldifficultregions,corrected,1516,602,0.1403622250970246,0.36046511627906974,0.18690783807062877,0.2461712989222915
761,761,GRCh38_alldifficultregions,legacy,1516,1421,0.46538024971623154,0.5770584095707249,0.7062876830318691,0.635166537567777
761,761,GRCh38_alllowmapandsegdupregions,corrected,1516,128,0.022204599524187154,0.21875,0.024117140396210164,0.04344453064391001
761,761,GRCh38_alllowmapandsegdupregions,legacy,1516,1174,0.4032451923076923,0.5715502555366269,0.5779500430663221,0.5747323340471092
761,761,GRCh38_notinalldifficultregions,corrected,1516,914,0.4863896848137536,0.7428884026258206,0.5848406546080964,0.6544578313253012
761,761,GRCh38_notinalldifficultregions,legacy,1516,1511,0.501123595505618,0.5903375248180013,0.768303186907838,0.6676646706586825
761,761,GRCh38_notinalllowmapandsegdupregions,corrected,1516,1388,0.5163593099345628,0.6253602305475504,0.7476313522825151,0.6810513927030208
761,761,GRCh38_notinalllowmapandsegdupregions,legacy,1516,1516,0.5030881527231892,0.5910290237467019,0.7717484926787253,0.6694060515502428
761,761,GRCh38_notinsegdups,corrected,1516,1393,0.5184304399524375,0.6259870782483847,0.7510766580534023,0.682850430696946
761,761,GRCh38_notinsegdups,legacy,1516,1516,0.5030881527231892,0.5910290237467019,0.7717484926787253,0.6694060515502428
761,761,GRCh38_segdups,corrected,1516,123,0.01904761904761905,0.1951219512195122,0.020671834625323,0.037383177570093455
761,761,GRCh38_segdups,legacy,1516,962,0.33943217665615144,0.5592515592515592,0.46339362618432384,0.5068299576071597
762,762,GRCh38_alldifficultregions,corrected,787,222,0.0779423226812159,0.45045045045045046,0.08613264427217916,0.14461315979754158
762,762,GRCh38_alldifficultregions,legacy,787,729,0.30886426592797783,0.6117969821673526,0.384151593453919,0.47195767195767196
762,762,GRCh38_alllowmapandsegdupregions,corrected,787,5,0.001718213058419244,0.4,0.0017226528854435831,0.003430531732418525
762,762,GRCh38_alllowmapandsegdupregions,legacy,787,585,0.2588320115356885,0.6136752136752137,0.30921619293712316,0.41122565864833904
762,762,GRCh38_notinalldifficultregions,corrected,787,565,0.29094988780852654,0.6884955752212389,0.3350559862187769,0.45075318655851676
762,762,GRCh38_notinalldifficultregions,legacy,787,783,0.33516483516483514,0.6232439335887612,0.42032730404823426,0.5020576131687242
762,762,GRCh38_notinalllowmapandsegdupregions,corrected,787,782,0.33447802197802196,0.6227621483375959,0.41946597760551246,0.5012866700977869
762,762,GRCh38_notinalllowmapandsegdupregions,legacy,787,787,0.33516106922549693,0.6213468869123253,0.42118863049095606,0.5020533880903492
762,762,GRCh38_notinsegdups,corrected,787,782,0.33447802197802196,0.6227621483375959,0.41946597760551246,0.5012866700977869
762,762,GRCh38_notinsegdups,legacy,787,787,0.33516106922549693,0.6213468869123253,0.42118863049095606,0.5020533880903492
762,762,GRCh38_segdups,corrected,787,5,0.001718213058419244,0.4,0.0017226528854435831,0.003430531732418525
762,762,GRCh38_segdups,legacy,787,470,0.2144452717795979,0.6127659574468085,0.24806201550387597,0.35315757204169224
763,763,GRCh38_alldifficultregions,corrected,1138,291,0.20198675496688742,0.8384879725085911,0.21016365202411713,0.3360881542699724
763,763,GRCh38_alldifficultregions,legacy,1138,1038,0.7193119624706802,0.8863198458574181,0.7924203273040482,0.8367439745338789
763,763,GRCh38_alllowmapandsegdupregions,corrected,1138,43,0.028181041844577284,0.7674418604651163,0.028423772609819122,0.054817275747508304
763,763,GRCh38_alllowmapandsegdupregions,legacy,1138,849,0.5927099841521395,0.8810365135453475,0.6442721791559001,0.7442786069651741
763,763,GRCh38_notinalldifficultregions,corrected,1138,847,0.6167471819645732,0.9043683589138135,0.6597760551248923,0.7629482071713148
763,763,GRCh38_notinalldifficultregions,legacy,1138,1135,0.7812257564003103,0.8872246696035242,0.8673557278208441,0.877177700348432
763,763,GRCh38_notinalllowmapandsegdupregions,corrected,1138,1095,0.7638780297107115,0.8922374429223744,0.8415159345391904,0.8661347517730495
763,763,GRCh38_notinalllowmapandsegdupregions,legacy,1138,1138,0.7835531419705197,0.8875219683655536,0.8699397071490095,0.8786428882122662
763,763,GRCh38_notinsegdups,corrected,1138,1102,0.7665886026541764,0.8911070780399274,0.8458225667527993,0.8678745028722934
763,763,GRCh38_notinsegdups,legacy,1138,1138,0.7835531419705197,0.8875219683655536,0.8699397071490095,0.8786428882122662
763,763,GRCh38_segdups,corrected,1138,36,0.023952095808383235,0.7777777777777778,0.024117140396210164,0.046783625730994156
763,763,GRCh38_segdups,legacy,1138,676,0.47906602254428343,0.8801775147928994,0.512489233419466,0.6477953184540011
764,764,GRCh38_alldifficultregions,corrected,1084,252,0.18045112781954886,0.8571428571428571,0.18604651162790697,0.3057324840764331
764,764,GRCh38_alldifficultregions,legacy,1084,990,0.7017405063291139,0.895959595959596,0.7639965546942291,0.8247326824732681
764,764,GRCh38_alllowmapandsegdupregions,corrected,1084,15,0.008576329331046312,0.6666666666666666,0.008613264427217916,0.017006802721088437
764,764,GRCh38_alllowmapandsegdupregions,legacy,1084,804,0.5732586068855084,0.8905472636815921,0.6167097329888027,0.7287531806615776
764,764,GRCh38_notinalldifficultregions,corrected,1084,832,0.6124595469255664,0.9098557692307693,0.6520241171403962,0.7596588058203713
764,764,GRCh38_notinalldifficultregions,legacy,1084,1081,0.7625786163522013,0.8973172987974098,0.8354866494401378,0.8652988403211419
764,764,GRCh38_notinalllowmapandsegdupregions,corrected,1084,1069,0.7600631412786109,0.9008419083255379,0.8294573643410853,0.8636771300448431
764,764,GRCh38_notinalllowmapandsegdupregions,legacy,1084,1084,0.764937106918239,0.8976014760147601,0.8380706287683032,0.8668151447661471
764,764,GRCh38_notinsegdups,corrected,1084,1070,0.7594637223974764,0.9,0.8294573643410853,0.863290004482295
764,764,GRCh38_notinsegdups,legacy,1084,1084,0.764937106918239,0.8976014760147601,0.8380706287683032,0.8668151447661471
764,764,GRCh38_segdups,corrected,1084,14,0.008583690987124463,0.7142857142857143,0.008613264427217916,0.01702127659574468
764,764,GRCh38_segdups,legacy,1084,639,0.4634146341463415,0.892018779342723,0.4909560723514212,0.6333333333333333
765,765,GRCh38_alldifficultregions,corrected,1989,534,0.17382271468144045,0.4700374531835206,0.21619293712316967,0.296165191740413
765,765,GRCh38_alldifficultregions,legacy,1989,1826,0.46637211585665195,0.52026286966046,0.818260120585702,0.6360897221292267
765,765,GRCh38_alllowmapandsegdupregions,corrected,1989,71,0.028380634390651086,0.4788732394366197,0.029285099052540915,0.0551948051948052
765,765,GRCh38_alllowmapandsegdupregions,legacy,1989,1493,0.40721102863202546,0.5144005358338914,0.661498708010336,0.5787490580256218
765,765,GRCh38_notinalldifficultregions,corrected,1989,1455,0.4334246575342466,0.5436426116838488,0.6813092161929372,0.6047400611620796
765,765,GRCh38_notinalldifficultregions,legacy,1989,1985,0.49240986717267554,0.5229219143576826,0.8940568475452196,0.6598855689764781
765,765,GRCh38_notinalllowmapandsegdupregions,corrected,1989,1918,0.48672139063254466,0.5255474452554745,0.8682170542635659,0.6547580383241312
765,765,GRCh38_notinalllowmapandsegdupregions,legacy,1989,1989,0.49430740037950666,0.5238813474107592,0.8975021533161068,0.6615873015873016
765,765,GRCh38_notinsegdups,corrected,1989,1924,0.48818137964302943,0.525987525987526,0.8716623600344531,0.6560777957860616
765,765,GRCh38_notinsegdups,legacy,1989,1989,0.49430740037950666,0.5238813474107592,0.8975021533161068,0.6615873015873016
765,765,GRCh38_segdups,corrected,1989,65,0.02508361204013378,0.46153846153846156,0.025839793281653745,0.04893964110929853
765,765,GRCh38_segdups,legacy,1989,1191,0.35561959654178676,0.5180520570948782,0.5314384151593454,0.5246598639455782
766,766,GRCh38_alldifficultregions,corrected,1103,271,0.17280917280917282,0.7785977859778598,0.181739879414298,0.29469273743016755
766,766,GRCh38_alldifficultregions,legacy,1103,1020,0.6203566121842496,0.8186274509803921,0.719207579672696,0.7657038055937643
766,766,GRCh38_alllowmapandsegdupregions,corrected,1103,34,0.021367521367521368,0.7352941176470589,0.02153316106804479,0.04184100418410042
766,766,GRCh38_alllowmapandsegdupregions,legacy,1103,841,0.5143721633888049,0.8085612366230678,0.5857019810508183,0.6793206793206793
766,766,GRCh38_notinalldifficultregions,corrected,1103,832,0.5401854714064915,0.8401442307692307,0.6020671834625323,0.7014550928248872
766,766,GRCh38_notinalldifficultregions,legacy,1103,1100,0.6698670605612999,0.8245454545454546,0.781223083548665,0.8022998673153473
766,766,GRCh38_notinalllowmapandsegdupregions,corrected,1103,1069,0.6579925650557621,0.8278765201122544,0.7622739018087855,0.7937219730941705
766,766,GRCh38_notinalllowmapandsegdupregions,legacy,1103,1103,0.672082717872969,0.8250226654578422,0.7838070628768303,0.8038869257950529
766,766,GRCh38_notinsegdups,corrected,1103,1073,0.6597325408618128,0.8275862068965517,0.7648578811369509,0.7949865711727842
766,766,GRCh38_notinsegdups,legacy,1103,1103,0.672082717872969,0.8250226654578422,0.7838070628768303,0.8038869257950529
766,766,GRCh38_segdups,corrected,1103,30,0.018819503849443968,0.7333333333333333,0.018949181739879414,0.036943744752308987
766,766,GRCh38_segdups,legacy,1103,668,0.4233463035019455,0.8143712574850299,0.46856158484065463,0.5948605795516676
767,767,GRCh38_alldifficultregions,corrected,1516,602,0.1403622250970246,0.36046511627906974,0.18690783807062877,0.2461712989222915
767,767,GRCh38_alldifficultregions,legacy,1516,1421,0.46538024971623154,0.5770584095707249,0.7062876830318691,0.635166537567777
767,767,GRCh38_alllowmapandsegdupregions,corrected,1516,128,0.022204599524187154,0.21875,0.024117140396210164,0.04344453064391001
767,767,GRCh38_alllowmapandsegdupregions,legacy,1516,1174,0.4032451923076923,0.5715502555366269,0.5779500430663221,0.5747323340471092
767,767,GRCh38_notinalldifficultregions,corrected,1516,914,0.4863896848137536,0.7428884026258206,0.5848406546080964,0.6544578313253012
767,767,GRCh38_notinalldifficultregions,legacy,1516,1511,0.501123595505618,0.5903375248180013,0.768303186907838,0.6676646706586825
767,767,GRCh38_notinalllowmapandsegdupregions,corrected,1516,1388,0.5163593099345628,0.6253602305475504,0.7476313522825151,0.6810513927030208
767,767,GRCh38_notinalllowmapandsegdupregions,legacy,1516,1516,0.5030881527231892,0.5910290237467019,0.7717484926787253,0.6694060515502428
767,767,GRCh38_notinsegdups,corrected,1516,1393,0.5184304399524375,0.6259870782483847,0.7510766580534023,0.682850430696946
767,767,GRCh38_notinsegdups,legacy,1516,1516,0.5030881527231892,0.5910290237467019,0.7717484926787253,0.6694060515502428
767,767,GRCh38_segdups,corrected,1516,123,0.01904761904761905,0.1951219512195122,0.020671834625323,0.037383177570093455
767,767,GRCh38_segdups,legacy,1516,962,0.33943217665615144,0.5592515592515592,0.46339362618432384,0.5068299576071597
768,768,GRCh38_alldifficultregions,corrected,787,222,0.0779423226812159,0.45045045045045046,0.08613264427217916,0.14461315979754158
768,768,GRCh38_alldifficultregions,legacy,787,729,0.30886426592797783,0.6117969821673526,0.384151593453919,0.47195767195767196
768,768,GRCh38_alllowmapandsegdupregions,corrected,787,5,0.001718213058419244,0.4,0.0017226528854435831,0.003430531732418525
768,768,GRCh38_alllowmapandsegdupregions,legacy,787,585,0.2588320115356885,0.6136752136752137,0.30921619293712316,0.41122565864833904
768,768,GRCh38_notinalldifficultregions,corrected,787,565,0.29094988780852654,0.6884955752212389,0.3350559862187769,0.45075318655851676
768,768,GRCh38_notinalldifficultregions,legacy,787,783,0.33516483516483514,0.6232439335887612,0.42032730404823426,0.5020576131687242
768,768,GRCh38_notinalllowmapandsegdupregions,corrected,787,782,0.33447802197802196,0.6227621483375959,0.41946597760551246,0.5012866700977869
768,768,GRCh38_notinalllowmapandsegdupregions,legacy,787,787,0.33516106922549693,0.6213468869123253,0.42118863049095606,0.5020533880903492
768,768,GRCh38_notinsegdups,corrected,787,782,0.33447802197802196,0.6227621483375959,0.41946597760551246,0.5012866700977869
768,768,GRCh38_notinsegdups,legacy,787,787,0.33516106922549693,0.6213468869123253,0.42118863049095606,0.5020533880903492
768,768,GRCh38_segdups,corrected,787,5,0.001718213058419244,0.4,0.0017226528854435831,0.003430531732418525
768,768,GRCh38_segdups,legacy,787,470,0.2144452717795979,0.6127659574468085,0.24806201550387597,0.35315757204169224
769,769,GRCh38_alldifficultregions,corrected,1128,296,0.21619365609348914,0.875,0.223083548664944,0.35552505147563485
769,769,GRCh38_alldifficultregions,legacy,1128,1032,0.7699757869249395,0.9244186046511628,0.8217054263565892,0.8700410396716827
769,769,GRCh38_alllowmapandsegdupregions,corrected,1128,40,0.030017152658662092,0.875,0.030146425495262703,0.058284762697751874
769,769,GRCh38_alllowmapandsegdupregions,legacy,1128,831,0.6341263330598852,0.9302045728038508,0.6658053402239449,0.7761044176706827
769,769,GRCh38_notinalldifficultregions,corrected,1128,832,0.6525704809286899,0.9459134615384616,0.67786391042205,0.789764174611139
769,769,GRCh38_notinalldifficultregions,legacy,1128,1123,0.8374899436846339,0.9269813000890472,0.896640826873385,0.9115586690017512
769,769,GRCh38_notinalllowmapandsegdupregions,corrected,1128,1088,0.8166397415185783,0.9292279411764706,0.8708010335917312,0.8990662516674076
769,769,GRCh38_notinalllowmapandsegdupregions,legacy,1128,1128,0.8415124698310539,0.9273049645390071,0.9009474590869939,0.9139362166885103
769,769,GRCh38_notinsegdups,corrected,1128,1093,0.8206785137318255,0.929551692589204,0.8751076658053403,0.90150842945874
769,769,GRCh38_notinsegdups,legacy,1128,1128,0.8415124698310539,0.9273049645390071,0.9009474590869939,0.9139362166885103
769,769,GRCh38_segdups,corrected,1128,35,0.025728987993138937,0.8571428571428571,0.025839793281653745,0.05016722408026756
769,769,GRCh38_segdups,legacy,1128,659,0.5103734439834025,0.9332321699544764,0.5297157622739018,0.6758241758241759
770,770,GRCh38_alldifficultregions,corrected,1125,295,0.21333333333333335,0.8677966101694915,0.22049956933677864,0.3516483516483516
770,770,GRCh38_alldifficultregions,legacy,1125,1029,0.752,0.9135082604470359,0.8096468561584841,0.8584474885844748
770,770,GRCh38_alllowmapandsegdupregions,corrected,1125,42,0.0290846877673225,0.8095238095238095,0.029285099052540915,0.05652535328345802
770,770,GRCh38_alllowmapandsegdupregions,legacy,1125,825,0.6199021207177814,0.9212121212121213,0.6546080964685616,0.7653575025176234
770,770,GRCh38_notinalldifficultregions,corrected,1125,830,0.6373355263157895,0.9337349397590361,0.6675279931093885,0.7785032646911101
770,770,GRCh38_notinalldifficultregions,legacy,1125,1120,0.8175298804780876,0.9160714285714285,0.8837209302325582,0.8996054362121877
770,770,GRCh38_notinalllowmapandsegdupregions,corrected,1125,1083,0.7995188452285485,0.9205909510618652,0.8587424633936261,0.8885918003565062
770,770,GRCh38_notinalllowmapandsegdupregions,legacy,1125,1125,0.8215139442231075,0.9164444444444444,0.8880275624461671,0.9020122484689413
770,770,GRCh38_notinsegdups,corrected,1125,1088,0.8035284683239775,0.9209558823529411,0.8630490956072352,0.8910626945309026
770,770,GRCh38_notinsegdups,legacy,1125,1125,0.8215139442231075,0.9164444444444444,0.8880275624461671,0.9020122484689413
770,770,GRCh38_segdups,corrected,1125,37,0.02480752780153978,0.7837837837837838,0.024978466838931956,0.04841402337228715
770,770,GRCh38_segdups,legacy,1125,655,0.4971145919208574,0.9206106870229007,0.5193798449612403,0.6640969162995595
771,771,GRCh38_alldifficultregions,corrected,1125,295,0.21333333333333335,0.8677966101694915,0.22049956933677864,0.3516483516483516
771,771,GRCh38_alldifficultregions,legacy,1125,1030,0.7513988808952837,0.912621359223301,0.8096468561584841,0.8580556823368325
771,771,GRCh38_alllowmapandsegdupregions,corrected,1125,40,0.02913453299057412,0.85,0.029285099052540915,0.05661948376353039
771,771,GRCh38_alllowmapandsegdupregions,legacy,1125,825,0.6212244897959184,0.9224242424242424,0.6554694229112834,0.7663645518630412
771,771,GRCh38_notinalldifficultregions,corrected,1125,830,0.6373355263157895,0.9337349397590361,0.6675279931093885,0.7785032646911101
771,771,GRCh38_notinalldifficultregions,legacy,1125,1120,0.8175298804780876,0.9160714285714285,0.8837209302325582,0.8996054362121877
771,771,GRCh38_notinalllowmapandsegdupregions,corrected,1125,1085,0.7982385908726981,0.9188940092165898,0.8587424633936261,0.88780053428317
771,771,GRCh38_notinalllowmapandsegdupregions,legacy,1125,1125,0.8215139442231075,0.9164444444444444,0.8880275624461671,0.9020122484689413
771,771,GRCh38_notinsegdups,corrected,1125,1090,0.8022417934347478,0.9192660550458716,0.8630490956072352,0.890270990670813
771,771,GRCh38_notinsegdups,legacy,1125,1125,0.8215139442231075,0.9164444444444444,0.8880275624461671,0.9020122484689413
771,771,GRCh38_segdups,corrected,1125,35,0.024850042844901457,0.8285714285714286,0.024978466838931956,0.048494983277591976
771,771,GRCh38_segdups,legacy,1125,652,0.49958643507030603,0.9263803680981595,0.5202411714039621,0.6662989520132377
772,772,GRCh38_alldifficultregions,corrected,1132,297,0.21601334445371143,0.8720538720538721,0.223083548664944,0.355281207133059
772,772,GRCh38_alldifficultregions,legacy,1132,1037,0.7697262479871175,0.9218900675024108,0.8234280792420328,0.8698817106460419
772,772,GRCh38_alllowmapandsegdupregions,corrected,1132,43,0.029940119760479042,0.813953488372093,0.030146425495262703,0.05813953488372093
772,772,GRCh38_alllowmapandsegdupregions,legacy,1132,835,0.6320523303352412,0.925748502994012,0.6658053402239449,0.7745490981963928
772,772,GRCh38_notinalldifficultregions,corrected,1132,835,0.6536868268434134,0.9449101796407186,0.6795865633074936,0.7905811623246495
772,772,GRCh38_notinalldifficultregions,legacy,1132,1127,0.8377510040160643,0.9254658385093167,0.8983634797588286,0.9117132867132867
772,772,GRCh38_notinalllowmapandsegdupregions,corrected,1132,1089,0.8189167340339532,0.9302112029384757,0.8725236864771748,0.9004444444444444
772,772,GRCh38_notinalllowmapandsegdupregions,legacy,1132,1132,0.8417670682730923,0.9257950530035336,0.9026701119724375,0.9140863497601396
772,772,GRCh38_notinsegdups,corrected,1132,1094,0.8229587712206953,0.9305301645338209,0.8768303186907838,0.9028824833702882
772,772,GRCh38_notinsegdups,legacy,1132,1132,0.8417670682730923,0.9257950530035336,0.9026701119724375,0.9140863497601396
772,772,GRCh38_segdups,corrected,1132,38,0.02566295979469632,0.7894736842105263,0.025839793281653745,0.0500417014178482
772,772,GRCh38_segdups,legacy,1132,661,0.5095277547638773,0.9304084720121029,0.5297157622739018,0.6750823271130625
773,773,GRCh38_alldifficultregions,corrected,1054,257,0.1996615905245347,0.9182879377431906,0.20327304048234282,0.33286318758815236
773,773,GRCh38_alldifficultregions,legacy,1054,961,0.7757322175732217,0.9646201873048907,0.7984496124031008,0.8737040527803959
773,773,GRCh38_alllowmapandsegdupregions,corrected,1054,26,0.01452991452991453,0.6538461538461539,0.014642549526270457,0.028643639427127218
773,773,GRCh38_alllowmapandsegdupregions,legacy,1054,772,0.627104377104377,0.9650259067357513,0.6416881998277347,0.7708225556130367
773,773,GRCh38_notinalldifficultregions,corrected,1054,797,0.6663829787234042,0.9824341279799247,0.6744186046511628,0.7997957099080694
773,773,GRCh38_notinalldifficultregions,legacy,1054,1049,0.8478260869565217,0.9666348903717826,0.8733850129198967,0.9176470588235294
773,773,GRCh38_notinalllowmapandsegdupregions,corrected,1054,1028,0.8441449031171019,0.9747081712062257,0.8630490956072352,0.9154865235267245
773,773,GRCh38_notinalllowmapandsegdupregions,legacy,1054,1054,0.8520066889632107,0.9667931688804554,0.8776916451335056,0.9200902934537246
773,773,GRCh38_notinsegdups,corrected,1054,1028,0.8441449031171019,0.9747081712062257,0.8630490956072352,0.9154865235267245
773,773,GRCh38_notinsegdups,legacy,1054,1054,0.8520066889632107,0.9667931688804554,0.8776916451335056,0.9200902934537246
773,773,GRCh38_segdups,corrected,1054,26,0.01452991452991453,0.6538461538461539,0.014642549526270457,0.028643639427127218
773,773,GRCh38_segdups,legacy,1054,616,0.5021132713440406,0.9642857142857143,0.5116279069767442,0.6685424873382104
774,774,GRCh38_alldifficultregions,corrected,1043,253,0.1952662721893491,0.9130434782608695,0.19896640826873385,0.32673267326732675
774,774,GRCh38_alldifficultregions,legacy,1043,948,0.7575,0.9588607594936709,0.7829457364341085,0.8620199146514936
774,774,GRCh38_alllowmapandsegdupregions,corrected,1043,22,0.013710368466152529,0.7272727272727273,0.013781223083548665,0.027049873203719356
774,774,GRCh38_alllowmapandsegdupregions,legacy,1043,764,0.6135792120704108,0.9581151832460733,0.6304909560723514,0.7605194805194804
774,774,GRCh38_notinalldifficultregions,corrected,1043,790,0.6519898391193903,0.9746835443037974,0.6632213608957795,0.7893388006150693
774,774,GRCh38_notinalldifficultregions,legacy,1043,1038,0.827930174563591,0.9595375722543352,0.8578811369509044,0.9058663028649385
774,774,GRCh38_notinalllowmapandsegdupregions,corrected,1043,1021,0.822890559732665,0.9647404505386875,0.8484065460809647,0.9028414298808431
774,774,GRCh38_notinalllowmapandsegdupregions,legacy,1043,1043,0.8320864505403158,0.959731543624161,0.8621877691645133,0.9083484573502723
774,774,GRCh38_notinsegdups,corrected,1043,1021,0.822890559732665,0.9647404505386875,0.8484065460809647,0.9028414298808431
774,774,GRCh38_notinsegdups,legacy,1043,1043,0.8320864505403158,0.959731543624161,0.8621877691645133,0.9083484573502723
774,774,GRCh38_segdups,corrected,1043,22,0.013710368466152529,0.7272727272727273,0.013781223083548665,0.027049873203719356
774,774,GRCh38_segdups,legacy,1043,605,0.49155405405405406,0.9619834710743802,0.5012919896640827,0.6591166477916196
775,775,GRCh38_alldifficultregions,corrected,1051,260,0.1991561181434599,0.9076923076923077,0.20327304048234282,0.3321604503870514
775,775,GRCh38_alldifficultregions,legacy,1051,958,0.7614297589359933,0.9561586638830898,0.788975021533161,0.8645587541293062
775,775,GRCh38_alllowmapandsegdupregions,corrected,1051,26,0.01452991452991453,0.6538461538461539,0.014642549526270457,0.028643639427127218
775,775,GRCh38_alllowmapandsegdupregions,legacy,1051,769,0.6204869857262805,0.9609882964889467,0.6365202411714039,0.7658031088082901
775,775,GRCh38_notinalldifficultregions,corrected,1051,791,0.6514382402707276,0.9734513274336283,0.6632213608957795,0.7889344262295083
775,775,GRCh38_notinalldifficultregions,legacy,1051,1046,0.8300165837479271,0.9569789674952199,0.8621877691645133,0.907113729043951
775,775,GRCh38_notinalllowmapandsegdupregions,corrected,1051,1025,0.8262322472848789,0.9648780487804878,0.8518518518518519,0.9048490393412626
775,775,GRCh38_notinalllowmapandsegdupregions,legacy,1051,1051,0.8341625207296849,0.9571836346336822,0.8664944013781223,0.9095840867992767
775,775,GRCh38_notinsegdups,corrected,1051,1025,0.8262322472848789,0.9648780487804878,0.8518518518518519,0.9048490393412626
775,775,GRCh38_notinsegdups,legacy,1051,1051,0.8341625207296849,0.9571836346336822,0.8664944013781223,0.9095840867992767
775,775,GRCh38_segdups,corrected,1051,26,0.01452991452991453,0.6538461538461539,0.014642549526270457,0.028643639427127218
775,775,GRCh38_segdups,legacy,1051,613,0.4983108108108108,0.9624796084828712,0.508182601205857,0.665163472378805
776,776,GRCh38_alldifficultregions,corrected,1039,246,0.1974468085106383,0.943089430894309,0.19982773471145565,0.3297796730632552
776,776,GRCh38_alldifficultregions,legacy,1039,947,0.7789029535864979,0.9746568109820486,0.7950043066322137,0.8757115749525618
776,776,GRCh38_alllowmapandsegdupregions,corrected,1039,19,0.012875536480686695,0.7894736842105263,0.012919896640826873,0.025423728813559324
776,776,GRCh38_alllowmapandsegdupregions,legacy,1039,760,0.6293469041560644,0.9763157894736842,0.6391042204995694,0.7725143154606975
776,776,GRCh38_notinalldifficultregions,corrected,1039,793,0.6672354948805461,0.9861286254728878,0.673557278208441,0.8004094165813715
776,776,GRCh38_notinalldifficultregions,legacy,1039,1034,0.8507588532883642,0.9758220502901354,0.8690783807062877,0.919362186788155
776,776,GRCh38_notinalllowmapandsegdupregions,corrected,1039,1020,0.8451776649746193,0.9794117647058823,0.8604651162790697,0.9160935350756534
776,776,GRCh38_notinalllowmapandsegdupregions,legacy,1039,1039,0.8549747048903878,0.9759384023099134,0.8733850129198967,0.9218181818181818
776,776,GRCh38_notinsegdups,corrected,1039,1021,0.8444632290786137,0.9784524975514202,0.8604651162790697,0.9156736938588451
776,776,GRCh38_notinsegdups,legacy,1039,1039,0.8549747048903878,0.9759384023099134,0.8733850129198967,0.9218181818181818
776,776,GRCh38_segdups,corrected,1039,18,0.01288659793814433,0.8333333333333334,0.012919896640826873,0.02544529262086514
776,776,GRCh38_segdups,legacy,1039,603,0.5038363171355499,0.9800995024875622,0.5090439276485789,0.6700680272108843
777,777,GRCh38_alldifficultregions,corrected,1711,536,0.18422889043963714,0.4925373134328358,0.22739018087855298,0.31113730111962284
777,777,GRCh38_alldifficultregions,legacy,1711,1579,0.557703240477544,0.6212792906903103,0.8449612403100775,0.7160583941605839
777,777,GRCh38_alllowmapandsegdupregions,corrected,1711,58,0.030431107354184278,0.6206896551724138,0.031007751937984496,0.059064807219032
777,777,GRCh38_alllowmapandsegdupregions,legacy,1711,1276,0.48055893074119077,0.6199059561128527,0.6813092161929372,0.6491588018054987
777,777,GRCh38_notinalldifficultregions,corrected,1711,1175,0.5318032786885246,0.6902127659574468,0.6985357450473729,0.6943493150684931
777,777,GRCh38_notinalldifficultregions,legacy,1711,1705,0.5957683741648107,0.6275659824046921,0.921619293712317,0.7466852756454989
777,777,GRCh38_notinalllowmapandsegdupregions,corrected,1711,1653,0.5853521126760564,0.6285541439806412,0.8949181739879414,0.738450604122246
777,777,GRCh38_notinalllowmapandsegdupregions,legacy,1711,1711,0.5982192543127435,0.6282875511396844,0.9259259259259259,0.7486072423398329
777,777,GRCh38_notinsegdups,corrected,1711,1658,0.5872747747747747,0.6290711700844391,0.8983634797588286,0.7399787158566868
777,777,GRCh38_notinsegdups,legacy,1711,1711,0.5982192543127435,0.6282875511396844,0.9259259259259259,0.7486072423398329
777,777,GRCh38_segdups,corrected,1711,53,0.02707275803722504,0.6037735849056604,0.02756244616709733,0.05271828665568369
777,777,GRCh38_segdups,legacy,1711,1014,0.4077669902912621,0.621301775147929,0.5426356589147286,0.5793103448275863
778,778,GRCh38_alldifficultregions,corrected,2561,735,0.16390423572744015,0.363265306122449,0.22997416020671835,0.28164556962025317
778,778,GRCh38_alldifficultregions,legacy,2561,2359,0.38965653375444137,0.41839762611275966,0.8501291989664083,0.5607954545454545
778,778,GRCh38_alllowmapandsegdupregions,corrected,2561,63,0.030303030303030304,0.5714285714285714,0.031007751937984496,0.0588235294117647
778,778,GRCh38_alllowmapandsegdupregions,legacy,2561,1926,0.34744652989960717,0.4132917964693666,0.6856158484065461,0.5157110463232912
778,778,GRCh38_notinalldifficultregions,corrected,2561,1826,0.375863657300783,0.44687842278203727,0.7028423772609819,0.5463675929025777
778,778,GRCh38_notinalldifficultregions,legacy,2561,2552,0.4091081593927894,0.4224137931034483,0.9285099052540913,0.5806625370320495
778,778,GRCh38_notinalllowmapandsegdupregions,corrected,2561,2498,0.40084226646248083,0.4191353082465973,0.9018087855297158,0.5722875102487018
778,778,GRCh38_notinalllowmapandsegdupregions,legacy,2561,2561,0.41038272072754833,0.4228816868410777,0.9328165374677002,0.5819451907576572
778,778,GRCh38_notinsegdups,corrected,2561,2503,0.40221967087638727,0.4198961246504195,0.905254091300603,0.5736899563318777
778,778,GRCh38_notinsegdups,legacy,2561,2561,0.41038272072754833,0.4228816868410777,0.9328165374677002,0.5819451907576572
778,778,GRCh38_segdups,corrected,2561,58,0.02695871946082561,0.5517241379310345,0.02756244616709733,0.05250205086136177
778,778,GRCh38_segdups,legacy,2561,1527,0.3093034583536288,0.4158480681074001,0.5469422911283376,0.4724702380952381
779,779,GRCh38_alldifficultregions,corrected,2601,784,0.15842763549731984,0.3392857142857143,0.22911283376399655,0.2735218508997429
779,779,GRCh38_alldifficultregions,legacy,2601,2393,0.38449552006232957,0.4124529878813205,0.8501291989664083,0.5554305008441194
779,779,GRCh38_alllowmapandsegdupregions,corrected,2601,64,0.030277544154751892,0.5625,0.031007751937984496,0.05877551020408163
779,779,GRCh38_alllowmapandsegdupregions,legacy,2601,1958,0.3426603529918209,0.4065372829417773,0.6856158484065461,0.5104200064123117
779,779,GRCh38_notinalldifficultregions,corrected,2601,1817,0.3787037037037037,0.45019262520638414,0.7045650301464255,0.5493619879113498
779,779,GRCh38_notinalldifficultregions,legacy,2601,2593,0.4033644859813084,0.4161203239490937,0.9293712316968131,0.5748534896110815
779,779,GRCh38_notinalllowmapandsegdupregions,corrected,2601,2537,0.39547169811320754,0.41308632242806465,0.9026701119724375,0.5667928610059492
779,779,GRCh38_notinalllowmapandsegdupregions,legacy,2601,2601,0.40477968633308437,0.41676278354479046,0.9336778639104221,0.5762892078681553
779,779,GRCh38_notinsegdups,corrected,2601,2542,0.3968313843832516,0.4138473642800944,0.9061154177433247,0.5681879557115851
779,779,GRCh38_notinsegdups,legacy,2601,2601,0.40477968633308437,0.41676278354479046,0.9336778639104221,0.5762892078681553
779,779,GRCh38_segdups,corrected,2601,59,0.026936026936026935,0.5423728813559322,0.02756244616709733,0.05245901639344262
779,779,GRCh38_segdups,legacy,2601,1566,0.3035372848948375,0.4054916985951469,0.5469422911283376,0.4657132379904657
780,780,GRCh38_alldifficultregions,corrected,1625,484,0.19202898550724637,0.5475206611570248,0.22825150732127478,0.32218844984802436
780,780,GRCh38_alldifficultregions,legacy,1625,1500,0.5848719475878499,0.6546666666666666,0.8458225667527993,0.7380683953400976
780,780,GRCh38_alllowmapandsegdupregions,corrected,1625,58,0.030431107354184278,0.6206896551724138,0.031007751937984496,0.059064807219032
780,780,GRCh38_alllowmapandsegdupregions,legacy,1625,1217,0.4984247006931317,0.6499589153656532,0.6813092161929372,0.6652649285113541
780,780,GRCh38_notinalldifficultregions,corrected,1625,1141,0.5439302481556003,0.7107800175284837,0.6985357450473729,0.7046046915725457
780,780,GRCh38_notinalldifficultregions,legacy,1625,1618,0.6270491803278688,0.6619283065512979,0.9224806201550387,0.7707808564231738
780,780,GRCh38_notinalllowmapandsegdupregions,corrected,1625,1567,0.6161137440758294,0.6636885768985322,0.8957795004306632,0.7624633431085045
780,780,GRCh38_notinalllowmapandsegdupregions,legacy,1625,1625,0.6292397660818714,0.6621538461538462,0.9267872523686477,0.7724335965541996
780,780,GRCh38_notinsegdups,corrected,1625,1572,0.6181172291296625,0.6641221374045801,0.8992248062015504,0.7639956092206366
780,780,GRCh38_notinsegdups,legacy,1625,1625,0.6292397660818714,0.6621538461538462,0.9267872523686477,0.7724335965541996
780,780,GRCh38_segdups,corrected,1625,53,0.02707275803722504,0.6037735849056604,0.02756244616709733,0.05271828665568369
780,780,GRCh38_segdups,legacy,1625,968,0.4202801867911941,0.6508264462809917,0.5426356589147286,0.5918271488961954
781,781,GRCh38_alldifficultregions,corrected,1153,310,0.18438003220611915,0.7387096774193549,0.19724375538329025,0.3113528212100612
781,781,GRCh38_alldifficultregions,legacy,1153,1067,0.6479289940828402,0.8209934395501406,0.7545219638242894,0.786355475763016
781,781,GRCh38_alllowmapandsegdupregions,corrected,1153,37,0.02305721605465414,0.7297297297297297,0.023255813953488372,0.04507512520868113
781,781,GRCh38_alllowmapandsegdupregions,legacy,1153,874,0.53353428786737,0.8100686498855835,0.6098191214470284,0.6958230958230958
781,781,GRCh38_notinalldifficultregions,corrected,1153,843,0.5705329153605015,0.863582443653618,0.6270456503014643,0.7265469061876247
781,781,GRCh38_notinalldifficultregions,legacy,1153,1149,0.7022844509948416,0.8294168842471714,0.8208440999138673,0.825108225108225
781,781,GRCh38_notinalllowmapandsegdupregions,corrected,1153,1116,0.6904231625835189,0.8333333333333334,0.8010335917312662,0.8168642951251647
781,781,GRCh38_notinalllowmapandsegdupregions,legacy,1153,1153,0.705232129697863,0.8300086730268864,0.8242894056847545,0.8271391529818496
781,781,GRCh38_notinsegdups,corrected,1153,1118,0.6919079435783222,0.8336314847942755,0.8027562446167097,0.8179025888547609
781,781,GRCh38_notinsegdups,legacy,1153,1153,0.705232129697863,0.8300086730268864,0.8242894056847545,0.8271391529818496
781,781,GRCh38_segdups,corrected,1153,35,0.02134927412467976,0.7142857142857143,0.02153316106804479,0.04180602006688963
781,781,GRCh38_segdups,legacy,1153,701,0.4367283950617284,0.8074179743223966,0.48751076658053405,0.6079484425349088
782,782,GRCh38_alldifficultregions,corrected,1136,300,0.18108326596604687,0.7466666666666667,0.1929371231696813,0.3066392881587954
782,782,GRCh38_alldifficultregions,legacy,1136,1050,0.6245407788390889,0.8095238095238095,0.7321274763135228,0.7688828584350973
782,782,GRCh38_alllowmapandsegdupregions,corrected,1136,34,0.021367521367521368,0.7352941176470589,0.02153316106804479,0.04184100418410042
782,782,GRCh38_alllowmapandsegdupregions,legacy,1136,854,0.5127627627627628,0.7997658079625293,0.5882859603789836,0.6779156327543424
782,782,GRCh38_notinalldifficultregions,corrected,1136,836,0.546862896979086,0.8444976076555024,0.6080964685615848,0.7070605908863296
782,782,GRCh38_notinalldifficultregions,legacy,1136,1132,0.6773957571324067,0.8180212014134276,0.797588285960379,0.8076755342346271
782,782,GRCh38_notinalllowmapandsegdupregions,corrected,1136,1102,0.666421207658321,0.8212341197822142,0.7795004306632214,0.7998232434821034
782,782,GRCh38_notinalllowmapandsegdupregions,legacy,1136,1136,0.6803218727139722,0.8186619718309859,0.8010335917312662,0.8097518502394427
782,782,GRCh38_notinsegdups,corrected,1136,1104,0.6678939617083947,0.8215579710144928,0.781223083548665,0.8008830022075056
782,782,GRCh38_notinsegdups,legacy,1136,1136,0.6803218727139722,0.8186619718309859,0.8010335917312662,0.8097518502394427
782,782,GRCh38_segdups,corrected,1136,32,0.019658119658119658,0.71875,0.019810508182601206,0.038558256496227995
782,782,GRCh38_segdups,legacy,1136,683,0.4228395061728395,0.8023426061493412,0.4720068906115418,0.5943600867678959
783,783,GRCh38_alldifficultregions,corrected,1199,331,0.183187946074544,0.6978851963746223,0.19896640826873385,0.30965147453083114
783,783,GRCh38_alldifficultregions,legacy,1199,1110,0.6302943287867911,0.790990990990991,0.756244616709733,0.7732276530162923
783,783,GRCh38_alllowmapandsegdupregions,corrected,1199,37,0.02305721605465414,0.7297297297297297,0.023255813953488372,0.04507512520868113
783,783,GRCh38_alllowmapandsegdupregions,legacy,1199,908,0.5235640648011782,0.7830396475770925,0.6124031007751938,0.6872885451909134
783,783,GRCh38_notinalldifficultregions,corrected,1199,868,0.5619707467282525,0.8410138248847926,0.6287683031869078,0.7195662888122227
783,783,GRCh38_notinalldifficultregions,legacy,1199,1195,0.684060042887777,0.800836820083682,0.8242894056847545,0.8123938879456706
783,783,GRCh38_notinalllowmapandsegdupregions,corrected,1199,1162,0.6724262059035278,0.8037865748709122,0.8044788975021533,0.8041325871717606
783,783,GRCh38_notinalllowmapandsegdupregions,legacy,1199,1199,0.6869192280200143,0.8015012510425354,0.8277347114556417,0.8144067796610169
783,783,GRCh38_notinsegdups,corrected,1199,1164,0.673866090712743,0.8041237113402062,0.8062015503875969,0.8051612903225807
783,783,GRCh38_notinsegdups,legacy,1199,1199,0.6869192280200143,0.8015012510425354,0.8277347114556417,0.8144067796610169
783,783,GRCh38_segdups,corrected,1199,35,0.02134927412467976,0.7142857142857143,0.02153316106804479,0.04180602006688963
783,783,GRCh38_segdups,legacy,1199,725,0.4309559939301973,0.783448275862069,0.4892334194659776,0.6023329798515377
784,784,GRCh38_alldifficultregions,corrected,1076,273,0.18219291014014838,0.8095238095238095,0.19035314384151594,0.3082287308228731
784,784,GRCh38_alldifficultregions,legacy,1076,991,0.6477794793261868,0.8536831483350151,0.7286821705426356,0.7862453531598512
784,784,GRCh38_alllowmapandsegdupregions,corrected,1076,34,0.021367521367521368,0.7352941176470589,0.02153316106804479,0.04184100418410042
784,784,GRCh38_alllowmapandsegdupregions,legacy,1076,808,0.5263565891472868,0.8403465346534653,0.5848406546080964,0.6896901980700862
784,784,GRCh38_notinalldifficultregions,corrected,1076,803,0.5599682287529786,0.8779576587795765,0.6072351421188631,0.7179226069246436
784,784,GRCh38_notinalldifficultregions,legacy,1076,1072,0.7032799389778794,0.8600746268656716,0.7941429801894918,0.8257948947604119
784,784,GRCh38_notinalllowmapandsegdupregions,corrected,1076,1042,0.6920122887864824,0.8646833013435701,0.7760551248923342,0.8179754879709488
784,784,GRCh38_notinalllowmapandsegdupregions,legacy,1076,1076,0.7063310450038138,0.8605947955390335,0.797588285960379,0.8278945015645954
784,784,GRCh38_notinsegdups,corrected,1076,1044,0.6935483870967742,0.8649425287356322,0.7777777777777778,0.819047619047619
784,784,GRCh38_notinsegdups,legacy,1076,1076,0.7063310450038138,0.8605947955390335,0.797588285960379,0.8278945015645954
784,784,GRCh38_segdups,corrected,1076,32,0.019658119658119658,0.71875,0.019810508182601206,0.038558256496227995
784,784,GRCh38_segdups,legacy,1076,650,0.4293606945540647,0.8369230769230769,0.46856158484065463,0.6007730535615683
785,785,GRCh38_alldifficultregions,corrected,1469,678,0.13518518518518519,0.3230088495575221,0.18863049095607234,0.23817292006525284
785,785,GRCh38_alldifficultregions,legacy,1469,1382,0.46065479609419874,0.5803183791606368,0.6907838070628768,0.6307510813999214
785,785,GRCh38_alllowmapandsegdupregions,corrected,1469,156,0.023310023310023312,0.19230769230769232,0.025839793281653745,0.04555808656036446
785,785,GRCh38_alllowmapandsegdupregions,legacy,1469,1140,0.39963503649635035,0.5763157894736842,0.5658914728682171,0.5710560625814863
785,785,GRCh38_notinalldifficultregions,corrected,1469,791,0.5061728395061729,0.8293299620733249,0.5650301464254953,0.6721311475409836
785,785,GRCh38_notinalldifficultregions,legacy,1469,1465,0.4962962962962963,0.5945392491467577,0.7502153316106804,0.6633663366336634
785,785,GRCh38_notinalllowmapandsegdupregions,corrected,1469,1313,0.5187231430325353,0.6435643564356436,0.7278208440999139,0.6831042845594179
785,785,GRCh38_notinalllowmapandsegdupregions,legacy,1469,1469,0.4985754985754986,0.595643294758339,0.7536606373815676,0.6653992395437263
785,785,GRCh38_notinsegdups,corrected,1469,1317,0.5211786372007366,0.6446469248291572,0.7312661498708011,0.685230024213075
785,785,GRCh38_notinsegdups,legacy,1469,1469,0.4985754985754986,0.595643294758339,0.7536606373815676,0.6653992395437263
785,785,GRCh38_segdups,corrected,1469,152,0.020202020202020204,0.17105263157894737,0.02239448751076658,0.0396039603960396
785,785,GRCh38_segdups,legacy,1469,941,0.3371501272264631,0.563230605738576,0.45650301464254955,0.5042816365366318
786,786,GRCh38_alldifficultregions,corrected,1688,824,0.1304100227790433,0.2779126213592233,0.19724375538329025,0.23073047858942064
786,786,GRCh38_alldifficultregions,legacy,1688,1589,0.4337851929092805,0.5235997482693517,0.7166236003445305,0.6050909090909091
786,786,GRCh38_alllowmapandsegdupregions,corrected,1688,140,0.023603461841070025,0.21428571428571427,0.025839793281653745,0.04611837048424289
786,786,GRCh38_alllowmapandsegdupregions,legacy,1688,1291,0.3837471783295711,0.5267234701781565,0.5857019810508183,0.5546492659053834
786,786,GRCh38_notinalldifficultregions,corrected,1688,864,0.5078183172002978,0.7893518518518519,0.5874246339362619,0.6735802469135802
786,786,GRCh38_notinalldifficultregions,legacy,1688,1684,0.4680082559339525,0.5385985748218527,0.781223083548665,0.6376098418277679
786,786,GRCh38_notinalllowmapandsegdupregions,corrected,1688,1548,0.48194748358862144,0.5691214470284238,0.7588285960378983,0.6504245108896273
786,786,GRCh38_notinalllowmapandsegdupregions,legacy,1688,1688,0.47007223942208465,0.5396919431279621,0.7846683893195521,0.6395226395226395
786,786,GRCh38_notinsegdups,corrected,1688,1553,0.4838709677419355,0.5698647778493239,0.7622739018087855,0.6521739130434782
786,786,GRCh38_notinsegdups,legacy,1688,1688,0.47007223942208465,0.5396919431279621,0.7846683893195521,0.6395226395226395
786,786,GRCh38_segdups,corrected,1688,135,0.02047244094488189,0.1925925925925926,0.02239448751076658,0.040123456790123455
786,786,GRCh38_segdups,legacy,1688,1066,0.32401902497027346,0.5112570356472795,0.4694229112833764,0.4894476874719353
787,787,GRCh38_alldifficultregions,corrected,1671,800,0.13287117273252455,0.2875,0.19810508182601205,0.23457419683834776
787,787,GRCh38_alldifficultregions,legacy,1671,1574,0.440231700895208,0.531130876747141,0.7200689061154177,0.6113345521023765
787,787,GRCh38_alllowmapandsegdupregions,corrected,1671,142,0.02356637863315004,0.2112676056338028,0.025839793281653745,0.04604758250191864
787,787,GRCh38_alllowmapandsegdupregions,legacy,1671,1287,0.38696883852691216,0.5306915306915307,0.5882859603789836,0.5580065359477124
787,787,GRCh38_notinalldifficultregions,corrected,1671,871,0.5085374907201188,0.7864523536165328,0.5900086132644272,0.6742125984251969
787,787,GRCh38_notinalldifficultregions,legacy,1671,1667,0.47522170057381324,0.5464907018596281,0.7846683893195521,0.6442715700141444
787,787,GRCh38_notinalllowmapandsegdupregions,corrected,1671,1529,0.4903047091412742,0.578809679529104,0.7622739018087855,0.6579925650557621
787,787,GRCh38_notinalllowmapandsegdupregions,legacy,1671,1671,0.47730829420970267,0.547576301615799,0.7881136950904393,0.646186440677966
787,787,GRCh38_notinsegdups,corrected,1671,1534,0.49224806201550386,0.5795306388526728,0.7657192075796727,0.6597402597402597
787,787,GRCh38_notinsegdups,legacy,1671,1671,0.47730829420970267,0.547576301615799,0.7881136950904393,0.646186440677966
787,787,GRCh38_segdups,corrected,1671,137,0.020440251572327043,0.1897810218978102,0.02239448751076658,0.04006163328197226
787,787,GRCh38_segdups,legacy,1671,1058,0.3279473369239976,0.5179584120982986,0.4720068906115418,0.4939161784587652
788,788,GRCh38_alldifficultregions,corrected,1440,662,0.13582554517133957,0.3293051359516616,0.18776916451335057,0.23916620954470652
788,788,GRCh38_alldifficultregions,legacy,1440,1353,0.46418171228887595,0.5890613451589062,0.6864771748492678,0.634049323786794
788,788,GRCh38_alllowmapandsegdupregions,corrected,1440,150,0.0234192037470726,0.2,0.025839793281653745,0.04576659038901602
788,788,GRCh38_alllowmapandsegdupregions,legacy,1440,1110,0.4044526901669759,0.5891891891891892,0.5633074935400517,0.5759577278731837
788,788,GRCh38_notinalldifficultregions,corrected,1440,778,0.5066045066045066,0.8380462724935732,0.5615848406546081,0.6725116039195461
788,788,GRCh38_notinalldifficultregions,legacy,1440,1436,0.5002888503755055,0.6030640668523677,0.7459086993970715,0.666923373122834
788,788,GRCh38_notinalllowmapandsegdupregions,corrected,1440,1290,0.521415270018622,0.6511627906976745,0.7235142118863049,0.6854345165238678
788,788,GRCh38_notinalllowmapandsegdupregions,legacy,1440,1440,0.5025996533795494,0.6041666666666666,0.7493540051679587,0.6689734717416379
788,788,GRCh38_notinsegdups,corrected,1440,1295,0.5235732009925558,0.6517374517374518,0.726959517657192,0.6872964169381107
788,788,GRCh38_notinsegdups,legacy,1440,1440,0.5025996533795494,0.6041666666666666,0.7493540051679587,0.6689734717416379
788,788,GRCh38_segdups,corrected,1440,145,0.0203125,0.1793103448275862,0.02239448751076658,0.039816232771822356
788,788,GRCh38_segdups,legacy,1440,916,0.34,0.5753275109170306,0.45391903531438416,0.5074626865671641
789,789,GRCh38_alldifficultregions,corrected,1081,323,0.13803680981595093,0.5572755417956656,0.15503875968992248,0.2425876010781671
789,789,GRCh38_alldifficultregions,legacy,1081,1001,0.5236081747709654,0.7422577422577422,0.6399655469422911,0.6873265494912117
789,789,GRCh38_alllowmapandsegdupregions,corrected,1081,7,0.003436426116838488,0.5714285714285714,0.0034453057708871662,0.006849315068493151
789,789,GRCh38_alllowmapandsegdupregions,legacy,1081,809,0.4390065741417093,0.7428924598269468,0.5176571920757967,0.6101522842639594
789,789,GRCh38_notinalldifficultregions,corrected,1081,758,0.49106449106449107,0.8337730870712401,0.5443583118001722,0.658676393955185
789,789,GRCh38_notinalldifficultregions,legacy,1081,1078,0.5657342657342658,0.7504638218923934,0.6968130921619293,0.7226440375167485
789,789,GRCh38_notinalllowmapandsegdupregions,corrected,1081,1074,0.5662228451296426,0.7523277467411545,0.6959517657192076,0.7230425055928412
789,789,GRCh38_notinalllowmapandsegdupregions,legacy,1081,1081,0.5678321678321678,0.7511563367252544,0.6993970714900948,0.7243532560214094
789,789,GRCh38_notinsegdups,corrected,1081,1074,0.5662228451296426,0.7523277467411545,0.6959517657192076,0.7230425055928412
789,789,GRCh38_notinsegdups,legacy,1081,1081,0.5678321678321678,0.7511563367252544,0.6993970714900948,0.7243532560214094
789,789,GRCh38_segdups,corrected,1081,7,0.003436426116838488,0.5714285714285714,0.0034453057708871662,0.006849315068493151
789,789,GRCh38_segdups,legacy,1081,650,0.36370481927710846,0.7430769230769231,0.4160206718346253,0.5334069574820541
790,790,GRCh38_alldifficultregions,corrected,832,248,0.09564541213063764,0.4959677419354839,0.10594315245478036,0.17459190915542938
790,790,GRCh38_alldifficultregions,legacy,832,778,0.36838390966831336,0.6709511568123393,0.4496124031007752,0.5384218669417226
790,790,GRCh38_alllowmapandsegdupregions,corrected,832,4,0.000859106529209622,0.25,0.0008613264427217916,0.0017167381974248926
790,790,GRCh38_alllowmapandsegdupregions,legacy,832,626,0.30724213606437456,0.670926517571885,0.36175710594315247,0.47006155567991054
790,790,GRCh38_notinalldifficultregions,corrected,832,584,0.3402457757296467,0.7585616438356164,0.3815676141257537,0.5077363896848138
790,790,GRCh38_notinalldifficultregions,legacy,832,830,0.39523475823405746,0.6795180722891566,0.48578811369509045,0.5665494726268206
790,790,GRCh38_notinalllowmapandsegdupregions,corrected,832,828,0.3967696629213483,0.6823671497584541,0.48664944013781225,0.5681246857717446
790,790,GRCh38_notinalllowmapandsegdupregions,legacy,832,832,0.39663629992992294,0.6802884615384616,0.48751076658053405,0.5679879578524837
790,790,GRCh38_notinsegdups,corrected,832,828,0.3967696629213483,0.6823671497584541,0.48664944013781225,0.5681246857717446
790,790,GRCh38_notinsegdups,legacy,832,832,0.39663629992992294,0.6802884615384616,0.48751076658053405,0.5679879578524837
790,790,GRCh38_segdups,corrected,832,4,0.000859106529209622,0.25,0.0008613264427217916,0.0017167381974248926
790,790,GRCh38_segdups,legacy,832,496,0.24680210684725357,0.6612903225806451,0.28251507321274766,0.395896197948099
791,791,GRCh38_alldifficultregions,corrected,1357,465,0.13706293706293707,0.421505376344086,0.16881998277347116,0.24108241082410825
791,791,GRCh38_alldifficultregions,legacy,1357,1261,0.4840686274509804,0.626486915146709,0.6804478897502153,0.6523534269199008
791,791,GRCh38_alllowmapandsegdupregions,corrected,1357,9,0.004291845493562232,0.5555555555555556,0.004306632213608958,0.008547008547008548
791,791,GRCh38_alllowmapandsegdupregions,legacy,1357,1013,0.4153645833333333,0.629812438302073,0.549526270456503,0.5869365225390984
791,791,GRCh38_notinalldifficultregions,corrected,1357,892,0.48445408532176426,0.7511210762331838,0.5770887166236004,0.6527033609352167
791,791,GRCh38_notinalldifficultregions,legacy,1357,1354,0.5223970944309927,0.6373707533234859,0.7433247200689062,0.6862823061630218
791,791,GRCh38_notinalllowmapandsegdupregions,corrected,1357,1348,0.5224514563106796,0.6387240356083086,0.7416020671834626,0.6863292148266241
791,791,GRCh38_notinalllowmapandsegdupregions,legacy,1357,1357,0.5242130750605327,0.6381724392041267,0.7459086993970715,0.687847498014297
791,791,GRCh38_notinsegdups,corrected,1357,1348,0.5224514563106796,0.6387240356083086,0.7416020671834626,0.6863292148266241
791,791,GRCh38_notinsegdups,legacy,1357,1357,0.5242130750605327,0.6381724392041267,0.7459086993970715,0.687847498014297
791,791,GRCh38_segdups,corrected,1357,9,0.004291845493562232,0.5555555555555556,0.004306632213608958,0.008547008547008548
791,791,GRCh38_segdups,legacy,1357,811,0.34791524265208473,0.6276202219482121,0.4384151593453919,0.5162271805273834
792,792,GRCh38_alldifficultregions,corrected,680,180,0.08935824532900082,0.6111111111111112,0.09474590869939707,0.16405667412378822
792,792,GRCh38_alldifficultregions,legacy,680,630,0.3766333589546503,0.7777777777777778,0.42204995693367786,0.5471803461753211
792,792,GRCh38_alllowmapandsegdupregions,corrected,680,2,0.0,0.0,0.0,0.0
792,792,GRCh38_alllowmapandsegdupregions,legacy,680,502,0.3115141955835962,0.7868525896414342,0.34022394487510765,0.47504509921828014
792,792,GRCh38_notinalldifficultregions,corrected,680,500,0.34059725585149314,0.844,0.363479758828596,0.5081276339554486
792,792,GRCh38_notinalldifficultregions,legacy,680,678,0.40488922841864017,0.7817109144542773,0.45650301464254955,0.5764002175095161
792,792,GRCh38_notinalllowmapandsegdupregions,corrected,680,678,0.4070390206579954,0.7846607669616519,0.4582256675279931,0.5785753126699292
792,792,GRCh38_notinalllowmapandsegdupregions,legacy,680,680,0.40641711229946526,0.7823529411764706,0.4582256675279931,0.5779467680608366
792,792,GRCh38_notinsegdups,corrected,680,678,0.4070390206579954,0.7846607669616519,0.4582256675279931,0.5785753126699292
792,792,GRCh38_notinsegdups,legacy,680,680,0.40641711229946526,0.7823529411764706,0.4582256675279931,0.5779467680608366
792,792,GRCh38_segdups,corrected,680,2,0.0,0.0,0.0,0.0
792,792,GRCh38_segdups,legacy,680,392,0.249396621078037,0.7908163265306123,0.2670111972437554,0.39922730199613654
793,793,GRCh38_alldifficultregions,corrected,1128,296,0.21619365609348914,0.875,0.223083548664944,0.35552505147563485
793,793,GRCh38_alldifficultregions,legacy,1128,1032,0.7699757869249395,0.9244186046511628,0.8217054263565892,0.8700410396716827
793,793,GRCh38_alllowmapandsegdupregions,corrected,1128,40,0.030017152658662092,0.875,0.030146425495262703,0.058284762697751874
793,793,GRCh38_alllowmapandsegdupregions,legacy,1128,831,0.6341263330598852,0.9302045728038508,0.6658053402239449,0.7761044176706827
793,793,GRCh38_notinalldifficultregions,corrected,1128,832,0.6525704809286899,0.9459134615384616,0.67786391042205,0.789764174611139
793,793,GRCh38_notinalldifficultregions,legacy,1128,1123,0.8374899436846339,0.9269813000890472,0.896640826873385,0.9115586690017512
793,793,GRCh38_notinalllowmapandsegdupregions,corrected,1128,1088,0.8166397415185783,0.9292279411764706,0.8708010335917312,0.8990662516674076
793,793,GRCh38_notinalllowmapandsegdupregions,legacy,1128,1128,0.8415124698310539,0.9273049645390071,0.9009474590869939,0.9139362166885103
793,793,GRCh38_notinsegdups,corrected,1128,1093,0.8206785137318255,0.929551692589204,0.8751076658053403,0.90150842945874
793,793,GRCh38_notinsegdups,legacy,1128,1128,0.8415124698310539,0.9273049645390071,0.9009474590869939,0.9139362166885103
793,793,GRCh38_segdups,corrected,1128,35,0.025728987993138937,0.8571428571428571,0.025839793281653745,0.05016722408026756
793,793,GRCh38_segdups,legacy,1128,659,0.5103734439834025,0.9332321699544764,0.5297157622739018,0.6758241758241759
794,794,GRCh38_alldifficultregions,corrected,1125,295,0.21333333333333335,0.8677966101694915,0.22049956933677864,0.3516483516483516
794,794,GRCh38_alldifficultregions,legacy,1125,1029,0.752,0.9135082604470359,0.8096468561584841,0.8584474885844748
794,794,GRCh38_alllowmapandsegdupregions,corrected,1125,42,0.0290846877673225,0.8095238095238095,0.029285099052540915,0.05652535328345802
794,794,GRCh38_alllowmapandsegdupregions,legacy,1125,825,0.6199021207177814,0.9212121212121213,0.6546080964685616,0.7653575025176234
794,794,GRCh38_notinalldifficultregions,corrected,1125,830,0.6373355263157895,0.9337349397590361,0.6675279931093885,0.7785032646911101
794,794,GRCh38_notinalldifficultregions,legacy,1125,1120,0.8175298804780876,0.9160714285714285,0.8837209302325582,0.8996054362121877
794,794,GRCh38_notinalllowmapandsegdupregions,corrected,1125,1083,0.7995188452285485,0.9205909510618652,0.8587424633936261,0.8885918003565062
794,794,GRCh38_notinalllowmapandsegdupregions,legacy,1125,1125,0.8215139442231075,0.9164444444444444,0.8880275624461671,0.9020122484689413
794,794,GRCh38_notinsegdups,corrected,1125,1088,0.8035284683239775,0.9209558823529411,0.8630490956072352,0.8910626945309026
794,794,GRCh38_notinsegdups,legacy,1125,1125,0.8215139442231075,0.9164444444444444,0.8880275624461671,0.9020122484689413
794,794,GRCh38_segdups,corrected,1125,37,0.02480752780153978,0.7837837837837838,0.024978466838931956,0.04841402337228715
794,794,GRCh38_segdups,legacy,1125,655,0.4971145919208574,0.9206106870229007,0.5193798449612403,0.6640969162995595
795,795,GRCh38_alldifficultregions,corrected,1125,295,0.21333333333333335,0.8677966101694915,0.22049956933677864,0.3516483516483516
795,795,GRCh38_alldifficultregions,legacy,1125,1030,0.7513988808952837,0.912621359223301,0.8096468561584841,0.8580556823368325
795,795,GRCh38_alllowmapandsegdupregions,corrected,1125,40,0.02913453299057412,0.85,0.029285099052540915,0.05661948376353039
795,795,GRCh38_alllowmapandsegdupregions,legacy,1125,825,0.6212244897959184,0.9224242424242424,0.6554694229112834,0.7663645518630412
795,795,GRCh38_notinalldifficultregions,corrected,1125,830,0.6373355263157895,0.9337349397590361,0.6675279931093885,0.7785032646911101
795,795,GRCh38_notinalldifficultregions,legacy,1125,1120,0.8175298804780876,0.9160714285714285,0.8837209302325582,0.8996054362121877
795,795,GRCh38_notinalllowmapandsegdupregions,corrected,1125,1085,0.7982385908726981,0.9188940092165898,0.8587424633936261,0.88780053428317
795,795,GRCh38_notinalllowmapandsegdupregions,legacy,1125,1125,0.8215139442231075,0.9164444444444444,0.8880275624461671,0.9020122484689413
795,795,GRCh38_notinsegdups,corrected,1125,1090,0.8022417934347478,0.9192660550458716,0.8630490956072352,0.890270990670813
795,795,GRCh38_notinsegdups,legacy,1125,1125,0.8215139442231075,0.9164444444444444,0.8880275624461671,0.9020122484689413
795,795,GRCh38_segdups,corrected,1125,35,0.024850042844901457,0.8285714285714286,0.024978466838931956,0.048494983277591976
795,795,GRCh38_segdups,legacy,1125,652,0.49958643507030603,0.9263803680981595,0.5202411714039621,0.6662989520132377
796,796,GRCh38_alldifficultregions,corrected,1132,297,0.21601334445371143,0.8720538720538721,0.223083548664944,0.355281207133059
796,796,GRCh38_alldifficultregions,legacy,1132,1037,0.7697262479871175,0.9218900675024108,0.8234280792420328,0.8698817106460419
796,796,GRCh38_alllowmapandsegdupregions,corrected,1132,43,0.029940119760479042,0.813953488372093,0.030146425495262703,0.05813953488372093
796,796,GRCh38_alllowmapandsegdupregions,legacy,1132,835,0.6320523303352412,0.925748502994012,0.6658053402239449,0.7745490981963928
796,796,GRCh38_notinalldifficultregions,corrected,1132,835,0.6536868268434134,0.9449101796407186,0.6795865633074936,0.7905811623246495
796,796,GRCh38_notinalldifficultregions,legacy,1132,1127,0.8377510040160643,0.9254658385093167,0.8983634797588286,0.9117132867132867
796,796,GRCh38_notinalllowmapandsegdupregions,corrected,1132,1089,0.8189167340339532,0.9302112029384757,0.8725236864771748,0.9004444444444444
796,796,GRCh38_notinalllowmapandsegdupregions,legacy,1132,1132,0.8417670682730923,0.9257950530035336,0.9026701119724375,0.9140863497601396
796,796,GRCh38_notinsegdups,corrected,1132,1094,0.8229587712206953,0.9305301645338209,0.8768303186907838,0.9028824833702882
796,796,GRCh38_notinsegdups,legacy,1132,1132,0.8417670682730923,0.9257950530035336,0.9026701119724375,0.9140863497601396
796,796,GRCh38_segdups,corrected,1132,38,0.02566295979469632,0.7894736842105263,0.025839793281653745,0.0500417014178482
796,796,GRCh38_segdups,legacy,1132,661,0.5095277547638773,0.9304084720121029,0.5297157622739018,0.6750823271130625
797,797,GRCh38_alldifficultregions,corrected,1054,257,0.1996615905245347,0.9182879377431906,0.20327304048234282,0.33286318758815236
797,797,GRCh38_alldifficultregions,legacy,1054,961,0.7757322175732217,0.9646201873048907,0.7984496124031008,0.8737040527803959
797,797,GRCh38_alllowmapandsegdupregions,corrected,1054,26,0.01452991452991453,0.6538461538461539,0.014642549526270457,0.028643639427127218
797,797,GRCh38_alllowmapandsegdupregions,legacy,1054,772,0.627104377104377,0.9650259067357513,0.6416881998277347,0.7708225556130367
797,797,GRCh38_notinalldifficultregions,corrected,1054,797,0.6663829787234042,0.9824341279799247,0.6744186046511628,0.7997957099080694
797,797,GRCh38_notinalldifficultregions,legacy,1054,1049,0.8478260869565217,0.9666348903717826,0.8733850129198967,0.9176470588235294
797,797,GRCh38_notinalllowmapandsegdupregions,corrected,1054,1028,0.8441449031171019,0.9747081712062257,0.8630490956072352,0.9154865235267245
797,797,GRCh38_notinalllowmapandsegdupregions,legacy,1054,1054,0.8520066889632107,0.9667931688804554,0.8776916451335056,0.9200902934537246
797,797,GRCh38_notinsegdups,corrected,1054,1028,0.8441449031171019,0.9747081712062257,0.8630490956072352,0.9154865235267245
797,797,GRCh38_notinsegdups,legacy,1054,1054,0.8520066889632107,0.9667931688804554,0.8776916451335056,0.9200902934537246
797,797,GRCh38_segdups,corrected,1054,26,0.01452991452991453,0.6538461538461539,0.014642549526270457,0.028643639427127218
797,797,GRCh38_segdups,legacy,1054,616,0.5021132713440406,0.9642857142857143,0.5116279069767442,0.6685424873382104
798,798,GRCh38_alldifficultregions,corrected,1043,253,0.1952662721893491,0.9130434782608695,0.19896640826873385,0.32673267326732675
798,798,GRCh38_alldifficultregions,legacy,1043,948,0.7575,0.9588607594936709,0.7829457364341085,0.8620199146514936
798,798,GRCh38_alllowmapandsegdupregions,corrected,1043,22,0.013710368466152529,0.7272727272727273,0.013781223083548665,0.027049873203719356
798,798,GRCh38_alllowmapandsegdupregions,legacy,1043,764,0.6135792120704108,0.9581151832460733,0.6304909560723514,0.7605194805194804
798,798,GRCh38_notinalldifficultregions,corrected,1043,790,0.6519898391193903,0.9746835443037974,0.6632213608957795,0.7893388006150693
798,798,GRCh38_notinalldifficultregions,legacy,1043,1038,0.827930174563591,0.9595375722543352,0.8578811369509044,0.9058663028649385
798,798,GRCh38_notinalllowmapandsegdupregions,corrected,1043,1021,0.822890559732665,0.9647404505386875,0.8484065460809647,0.9028414298808431
798,798,GRCh38_notinalllowmapandsegdupregions,legacy,1043,1043,0.8320864505403158,0.959731543624161,0.8621877691645133,0.9083484573502723
798,798,GRCh38_notinsegdups,corrected,1043,1021,0.822890559732665,0.9647404505386875,0.8484065460809647,0.9028414298808431
798,798,GRCh38_notinsegdups,legacy,1043,1043,0.8320864505403158,0.959731543624161,0.8621877691645133,0.9083484573502723
798,798,GRCh38_segdups,corrected,1043,22,0.013710368466152529,0.7272727272727273,0.013781223083548665,0.027049873203719356
798,798,GRCh38_segdups,legacy,1043,605,0.49155405405405406,0.9619834710743802,0.5012919896640827,0.6591166477916196
799,799,GRCh38_alldifficultregions,corrected,1051,260,0.1991561181434599,0.9076923076923077,0.20327304048234282,0.3321604503870514
799,799,GRCh38_alldifficultregions,legacy,1051,958,0.7614297589359933,0.9561586638830898,0.788975021533161,0.8645587541293062
799,799,GRCh38_alllowmapandsegdupregions,corrected,1051,26,0.01452991452991453,0.6538461538461539,0.014642549526270457,0.028643639427127218
799,799,GRCh38_alllowmapandsegdupregions,legacy,1051,769,0.6204869857262805,0.9609882964889467,0.6365202411714039,0.7658031088082901
799,799,GRCh38_notinalldifficultregions,corrected,1051,791,0.6514382402707276,0.9734513274336283,0.6632213608957795,0.7889344262295083
799,799,GRCh38_notinalldifficultregions,legacy,1051,1046,0.8300165837479271,0.9569789674952199,0.8621877691645133,0.907113729043951
799,799,GRCh38_notinalllowmapandsegdupregions,corrected,1051,1025,0.8262322472848789,0.9648780487804878,0.8518518518518519,0.9048490393412626
799,799,GRCh38_notinalllowmapandsegdupregions,legacy,1051,1051,0.8341625207296849,0.9571836346336822,0.8664944013781223,0.9095840867992767
799,799,GRCh38_notinsegdups,corrected,1051,1025,0.8262322472848789,0.9648780487804878,0.8518518518518519,0.9048490393412626
799,799,GRCh38_notinsegdups,legacy,1051,1051,0.8341625207296849,0.9571836346336822,0.8664944013781223,0.9095840867992767
799,799,GRCh38_segdups,corrected,1051,26,0.01452991452991453,0.6538461538461539,0.014642549526270457,0.028643639427127218
799,799,GRCh38_segdups,legacy,1051,613,0.4983108108108108,0.9624796084828712,0.508182601205857,0.665163472378805
800,800,GRCh38_alldifficultregions,corrected,1039,246,0.1974468085106383,0.943089430894309,0.19982773471145565,0.3297796730632552
800,800,GRCh38_alldifficultregions,legacy,1039,947,0.7789029535864979,0.9746568109820486,0.7950043066322137,0.8757115749525618
800,800,GRCh38_alllowmapandsegdupregions,corrected,1039,19,0.012875536480686695,0.7894736842105263,0.012919896640826873,0.025423728813559324
800,800,GRCh38_alllowmapandsegdupregions,legacy,1039,760,0.6293469041560644,0.9763157894736842,0.6391042204995694,0.7725143154606975
800,800,GRCh38_notinalldifficultregions,corrected,1039,793,0.6672354948805461,0.9861286254728878,0.673557278208441,0.8004094165813715
800,800,GRCh38_notinalldifficultregions,legacy,1039,1034,0.8507588532883642,0.9758220502901354,0.8690783807062877,0.919362186788155
800,800,GRCh38_notinalllowmapandsegdupregions,corrected,1039,1020,0.8451776649746193,0.9794117647058823,0.8604651162790697,0.9160935350756534
800,800,GRCh38_notinalllowmapandsegdupregions,legacy,1039,1039,0.8549747048903878,0.9759384023099134,0.8733850129198967,0.9218181818181818
800,800,GRCh38_notinsegdups,corrected,1039,1021,0.8444632290786137,0.9784524975514202,0.8604651162790697,0.9156736938588451
800,800,GRCh38_notinsegdups,legacy,1039,1039,0.8549747048903878,0.9759384023099134,0.8733850129198967,0.9218181818181818
800,800,GRCh38_segdups,corrected,1039,18,0.01288659793814433,0.8333333333333334,0.012919896640826873,0.02544529262086514
800,800,GRCh38_segdups,legacy,1039,603,0.5038363171355499,0.9800995024875622,0.5090439276485789,0.6700680272108843
801,801,GRCh38_alldifficultregions,corrected,1711,536,0.18422889043963714,0.4925373134328358,0.22739018087855298,0.31113730111962284
801,801,GRCh38_alldifficultregions,legacy,1711,1579,0.557703240477544,0.6212792906903103,0.8449612403100775,0.7160583941605839
801,801,GRCh38_alllowmapandsegdupregions,corrected,1711,58,0.030431107354184278,0.6206896551724138,0.031007751937984496,0.059064807219032
801,801,GRCh38_alllowmapandsegdupregions,legacy,1711,1276,0.48055893074119077,0.6199059561128527,0.6813092161929372,0.6491588018054987
801,801,GRCh38_notinalldifficultregions,corrected,1711,1175,0.5318032786885246,0.6902127659574468,0.6985357450473729,0.6943493150684931
801,801,GRCh38_notinalldifficultregions,legacy,1711,1705,0.5957683741648107,0.6275659824046921,0.921619293712317,0.7466852756454989
801,801,GRCh38_notinalllowmapandsegdupregions,corrected,1711,1653,0.5853521126760564,0.6285541439806412,0.8949181739879414,0.738450604122246
801,801,GRCh38_notinalllowmapandsegdupregions,legacy,1711,1711,0.5982192543127435,0.6282875511396844,0.9259259259259259,0.7486072423398329
801,801,GRCh38_notinsegdups,corrected,1711,1658,0.5872747747747747,0.6290711700844391,0.8983634797588286,0.7399787158566868
801,801,GRCh38_notinsegdups,legacy,1711,1711,0.5982192543127435,0.6282875511396844,0.9259259259259259,0.7486072423398329
801,801,GRCh38_segdups,corrected,1711,53,0.02707275803722504,0.6037735849056604,0.02756244616709733,0.05271828665568369
801,801,GRCh38_segdups,legacy,1711,1014,0.4077669902912621,0.621301775147929,0.5426356589147286,0.5793103448275863
802,802,GRCh38_alldifficultregions,corrected,2561,735,0.16390423572744015,0.363265306122449,0.22997416020671835,0.28164556962025317
802,802,GRCh38_alldifficultregions,legacy,2561,2359,0.38965653375444137,0.41839762611275966,0.8501291989664083,0.5607954545454545
802,802,GRCh38_alllowmapandsegdupregions,corrected,2561,63,0.030303030303030304,0.5714285714285714,0.031007751937984496,0.0588235294117647
802,802,GRCh38_alllowmapandsegdupregions,legacy,2561,1926,0.34744652989960717,0.4132917964693666,0.6856158484065461,0.5157110463232912
802,802,GRCh38_notinalldifficultregions,corrected,2561,1826,0.375863657300783,0.44687842278203727,0.7028423772609819,0.5463675929025777
802,802,GRCh38_notinalldifficultregions,legacy,2561,2552,0.4091081593927894,0.4224137931034483,0.9285099052540913,0.5806625370320495
802,802,GRCh38_notinalllowmapandsegdupregions,corrected,2561,2498,0.40084226646248083,0.4191353082465973,0.9018087855297158,0.5722875102487018
802,802,GRCh38_notinalllowmapandsegdupregions,legacy,2561,2561,0.41038272072754833,0.4228816868410777,0.9328165374677002,0.5819451907576572
802,802,GRCh38_notinsegdups,corrected,2561,2503,0.40221967087638727,0.4198961246504195,0.905254091300603,0.5736899563318777
802,802,GRCh38_notinsegdups,legacy,2561,2561,0.41038272072754833,0.4228816868410777,0.9328165374677002,0.5819451907576572
802,802,GRCh38_segdups,corrected,2561,58,0.02695871946082561,0.5517241379310345,0.02756244616709733,0.05250205086136177
802,802,GRCh38_segdups,legacy,2561,1527,0.3093034583536288,0.4158480681074001,0.5469422911283376,0.4724702380952381
803,803,GRCh38_alldifficultregions,corrected,2601,784,0.15842763549731984,0.3392857142857143,0.22911283376399655,0.2735218508997429
803,803,GRCh38_alldifficultregions,legacy,2601,2393,0.38449552006232957,0.4124529878813205,0.8501291989664083,0.5554305008441194
803,803,GRCh38_alllowmapandsegdupregions,corrected,2601,64,0.030277544154751892,0.5625,0.031007751937984496,0.05877551020408163
803,803,GRCh38_alllowmapandsegdupregions,legacy,2601,1958,0.3426603529918209,0.4065372829417773,0.6856158484065461,0.5104200064123117
803,803,GRCh38_notinalldifficultregions,corrected,2601,1817,0.3787037037037037,0.45019262520638414,0.7045650301464255,0.5493619879113498
803,803,GRCh38_notinalldifficultregions,legacy,2601,2593,0.4033644859813084,0.4161203239490937,0.9293712316968131,0.5748534896110815
803,803,GRCh38_notinalllowmapandsegdupregions,corrected,2601,2537,0.39547169811320754,0.41308632242806465,0.9026701119724375,0.5667928610059492
803,803,GRCh38_notinalllowmapandsegdupregions,legacy,2601,2601,0.40477968633308437,0.41676278354479046,0.9336778639104221,0.5762892078681553
803,803,GRCh38_notinsegdups,corrected,2601,2542,0.3968313843832516,0.4138473642800944,0.9061154177433247,0.5681879557115851
803,803,GRCh38_notinsegdups,legacy,2601,2601,0.40477968633308437,0.41676278354479046,0.9336778639104221,0.5762892078681553
803,803,GRCh38_segdups,corrected,2601,59,0.026936026936026935,0.5423728813559322,0.02756244616709733,0.05245901639344262
803,803,GRCh38_segdups,legacy,2601,1566,0.3035372848948375,0.4054916985951469,0.5469422911283376,0.4657132379904657
804,804,GRCh38_alldifficultregions,corrected,1625,484,0.19202898550724637,0.5475206611570248,0.22825150732127478,0.32218844984802436
804,804,GRCh38_alldifficultregions,legacy,1625,1500,0.5848719475878499,0.6546666666666666,0.8458225667527993,0.7380683953400976
804,804,GRCh38_alllowmapandsegdupregions,corrected,1625,58,0.030431107354184278,0.6206896551724138,0.031007751937984496,0.059064807219032
804,804,GRCh38_alllowmapandsegdupregions,legacy,1625,1217,0.4984247006931317,0.6499589153656532,0.6813092161929372,0.6652649285113541
804,804,GRCh38_notinalldifficultregions,corrected,1625,1141,0.5439302481556003,0.7107800175284837,0.6985357450473729,0.7046046915725457
804,804,GRCh38_notinalldifficultregions,legacy,1625,1618,0.6270491803278688,0.6619283065512979,0.9224806201550387,0.7707808564231738
804,804,GRCh38_notinalllowmapandsegdupregions,corrected,1625,1567,0.6161137440758294,0.6636885768985322,0.8957795004306632,0.7624633431085045
804,804,GRCh38_notinalllowmapandsegdupregions,legacy,1625,1625,0.6292397660818714,0.6621538461538462,0.9267872523686477,0.7724335965541996
804,804,GRCh38_notinsegdups,corrected,1625,1572,0.6181172291296625,0.6641221374045801,0.8992248062015504,0.7639956092206366
804,804,GRCh38_notinsegdups,legacy,1625,1625,0.6292397660818714,0.6621538461538462,0.9267872523686477,0.7724335965541996
804,804,GRCh38_segdups,corrected,1625,53,0.02707275803722504,0.6037735849056604,0.02756244616709733,0.05271828665568369
804,804,GRCh38_segdups,legacy,1625,968,0.4202801867911941,0.6508264462809917,0.5426356589147286,0.5918271488961954
805,805,GRCh38_alldifficultregions,corrected,1153,310,0.18438003220611915,0.7387096774193549,0.19724375538329025,0.3113528212100612
805,805,GRCh38_alldifficultregions,legacy,1153,1067,0.6479289940828402,0.8209934395501406,0.7545219638242894,0.786355475763016
805,805,GRCh38_alllowmapandsegdupregions,corrected,1153,37,0.02305721605465414,0.7297297297297297,0.023255813953488372,0.04507512520868113
805,805,GRCh38_alllowmapandsegdupregions,legacy,1153,874,0.53353428786737,0.8100686498855835,0.6098191214470284,0.6958230958230958
805,805,GRCh38_notinalldifficultregions,corrected,1153,843,0.5705329153605015,0.863582443653618,0.6270456503014643,0.7265469061876247
805,805,GRCh38_notinalldifficultregions,legacy,1153,1149,0.7022844509948416,0.8294168842471714,0.8208440999138673,0.825108225108225
805,805,GRCh38_notinalllowmapandsegdupregions,corrected,1153,1116,0.6904231625835189,0.8333333333333334,0.8010335917312662,0.8168642951251647
805,805,GRCh38_notinalllowmapandsegdupregions,legacy,1153,1153,0.705232129697863,0.8300086730268864,0.8242894056847545,0.8271391529818496
805,805,GRCh38_notinsegdups,corrected,1153,1118,0.6919079435783222,0.8336314847942755,0.8027562446167097,0.8179025888547609
805,805,GRCh38_notinsegdups,legacy,1153,1153,0.705232129697863,0.8300086730268864,0.8242894056847545,0.8271391529818496
805,805,GRCh38_segdups,corrected,1153,35,0.02134927412467976,0.7142857142857143,0.02153316106804479,0.04180602006688963
805,805,GRCh38_segdups,legacy,1153,701,0.4367283950617284,0.8074179743223966,0.48751076658053405,0.6079484425349088
806,806,GRCh38_alldifficultregions,corrected,1136,300,0.18108326596604687,0.7466666666666667,0.1929371231696813,0.3066392881587954
806,806,GRCh38_alldifficultregions,legacy,1136,1050,0.6245407788390889,0.8095238095238095,0.7321274763135228,0.7688828584350973
806,806,GRCh38_alllowmapandsegdupregions,corrected,1136,34,0.021367521367521368,0.7352941176470589,0.02153316106804479,0.04184100418410042
806,806,GRCh38_alllowmapandsegdupregions,legacy,1136,854,0.5127627627627628,0.7997658079625293,0.5882859603789836,0.6779156327543424
806,806,GRCh38_notinalldifficultregions,corrected,1136,836,0.546862896979086,0.8444976076555024,0.6080964685615848,0.7070605908863296
806,806,GRCh38_notinalldifficultregions,legacy,1136,1132,0.6773957571324067,0.8180212014134276,0.797588285960379,0.8076755342346271
806,806,GRCh38_notinalllowmapandsegdupregions,corrected,1136,1102,0.666421207658321,0.8212341197822142,0.7795004306632214,0.7998232434821034
806,806,GRCh38_notinalllowmapandsegdupregions,legacy,1136,1136,0.6803218727139722,0.8186619718309859,0.8010335917312662,0.8097518502394427
806,806,GRCh38_notinsegdups,corrected,1136,1104,0.6678939617083947,0.8215579710144928,0.781223083548665,0.8008830022075056
806,806,GRCh38_notinsegdups,legacy,1136,1136,0.6803218727139722,0.8186619718309859,0.8010335917312662,0.8097518502394427
806,806,GRCh38_segdups,corrected,1136,32,0.019658119658119658,0.71875,0.019810508182601206,0.038558256496227995
806,806,GRCh38_segdups,legacy,1136,683,0.4228395061728395,0.8023426061493412,0.4720068906115418,0.5943600867678959
807,807,GRCh38_alldifficultregions,corrected,1199,331,0.183187946074544,0.6978851963746223,0.19896640826873385,0.30965147453083114
807,807,GRCh38_alldifficultregions,legacy,1199,1110,0.6302943287867911,0.790990990990991,0.756244616709733,0.7732276530162923
807,807,GRCh38_alllowmapandsegdupregions,corrected,1199,37,0.02305721605465414,0.7297297297297297,0.023255813953488372,0.04507512520868113
807,807,GRCh38_alllowmapandsegdupregions,legacy,1199,908,0.5235640648011782,0.7830396475770925,0.6124031007751938,0.6872885451909134
807,807,GRCh38_notinalldifficultregions,corrected,1199,868,0.5619707467282525,0.8410138248847926,0.6287683031869078,0.7195662888122227
807,807,GRCh38_notinalldifficultregions,legacy,1199,1195,0.684060042887777,0.800836820083682,0.8242894056847545,0.8123938879456706
807,807,GRCh38_notinalllowmapandsegdupregions,corrected,1199,1162,0.6724262059035278,0.8037865748709122,0.8044788975021533,0.8041325871717606
807,807,GRCh38_notinalllowmapandsegdupregions,legacy,1199,1199,0.6869192280200143,0.8015012510425354,0.8277347114556417,0.8144067796610169
807,807,GRCh38_notinsegdups,corrected,1199,1164,0.673866090712743,0.8041237113402062,0.8062015503875969,0.8051612903225807
807,807,GRCh38_notinsegdups,legacy,1199,1199,0.6869192280200143,0.8015012510425354,0.8277347114556417,0.8144067796610169
807,807,GRCh38_segdups,corrected,1199,35,0.02134927412467976,0.7142857142857143,0.02153316106804479,0.04180602006688963
807,807,GRCh38_segdups,legacy,1199,725,0.4309559939301973,0.783448275862069,0.4892334194659776,0.6023329798515377
808,808,GRCh38_alldifficultregions,corrected,1076,273,0.18219291014014838,0.8095238095238095,0.19035314384151594,0.3082287308228731
808,808,GRCh38_alldifficultregions,legacy,1076,991,0.6477794793261868,0.8536831483350151,0.7286821705426356,0.7862453531598512
808,808,GRCh38_alllowmapandsegdupregions,corrected,1076,34,0.021367521367521368,0.7352941176470589,0.02153316106804479,0.04184100418410042
808,808,GRCh38_alllowmapandsegdupregions,legacy,1076,808,0.5263565891472868,0.8403465346534653,0.5848406546080964,0.6896901980700862
808,808,GRCh38_notinalldifficultregions,corrected,1076,803,0.5599682287529786,0.8779576587795765,0.6072351421188631,0.7179226069246436
808,808,GRCh38_notinalldifficultregions,legacy,1076,1072,0.7032799389778794,0.8600746268656716,0.7941429801894918,0.8257948947604119
808,808,GRCh38_notinalllowmapandsegdupregions,corrected,1076,1042,0.6920122887864824,0.8646833013435701,0.7760551248923342,0.8179754879709488
808,808,GRCh38_notinalllowmapandsegdupregions,legacy,1076,1076,0.7063310450038138,0.8605947955390335,0.797588285960379,0.8278945015645954
808,808,GRCh38_notinsegdups,corrected,1076,1044,0.6935483870967742,0.8649425287356322,0.7777777777777778,0.819047619047619
808,808,GRCh38_notinsegdups,legacy,1076,1076,0.7063310450038138,0.8605947955390335,0.797588285960379,0.8278945015645954
808,808,GRCh38_segdups,corrected,1076,32,0.019658119658119658,0.71875,0.019810508182601206,0.038558256496227995
808,808,GRCh38_segdups,legacy,1076,650,0.4293606945540647,0.8369230769230769,0.46856158484065463,0.6007730535615683
809,809,GRCh38_alldifficultregions,corrected,1469,678,0.13518518518518519,0.3230088495575221,0.18863049095607234,0.23817292006525284
809,809,GRCh38_alldifficultregions,legacy,1469,1382,0.46065479609419874,0.5803183791606368,0.6907838070628768,0.6307510813999214
809,809,GRCh38_alllowmapandsegdupregions,corrected,1469,156,0.023310023310023312,0.19230769230769232,0.025839793281653745,0.04555808656036446
809,809,GRCh38_alllowmapandsegdupregions,legacy,1469,1140,0.39963503649635035,0.5763157894736842,0.5658914728682171,0.5710560625814863
809,809,GRCh38_notinalldifficultregions,corrected,1469,791,0.5061728395061729,0.8293299620733249,0.5650301464254953,0.6721311475409836
809,809,GRCh38_notinalldifficultregions,legacy,1469,1465,0.4962962962962963,0.5945392491467577,0.7502153316106804,0.6633663366336634
809,809,GRCh38_notinalllowmapandsegdupregions,corrected,1469,1313,0.5187231430325353,0.6435643564356436,0.7278208440999139,0.6831042845594179
809,809,GRCh38_notinalllowmapandsegdupregions,legacy,1469,1469,0.4985754985754986,0.595643294758339,0.7536606373815676,0.6653992395437263
809,809,GRCh38_notinsegdups,corrected,1469,1317,0.5211786372007366,0.6446469248291572,0.7312661498708011,0.685230024213075
809,809,GRCh38_notinsegdups,legacy,1469,1469,0.4985754985754986,0.595643294758339,0.7536606373815676,0.6653992395437263
809,809,GRCh38_segdups,corrected,1469,152,0.020202020202020204,0.17105263157894737,0.02239448751076658,0.0396039603960396
809,809,GRCh38_segdups,legacy,1469,941,0.3371501272264631,0.563230605738576,0.45650301464254955,0.5042816365366318
810,810,GRCh38_alldifficultregions,corrected,1688,824,0.1304100227790433,0.2779126213592233,0.19724375538329025,0.23073047858942064
810,810,GRCh38_alldifficultregions,legacy,1688,1589,0.4337851929092805,0.5235997482693517,0.7166236003445305,0.6050909090909091
810,810,GRCh38_alllowmapandsegdupregions,corrected,1688,140,0.023603461841070025,0.21428571428571427,0.025839793281653745,0.04611837048424289
810,810,GRCh38_alllowmapandsegdupregions,legacy,1688,1291,0.3837471783295711,0.5267234701781565,0.5857019810508183,0.5546492659053834
810,810,GRCh38_notinalldifficultregions,corrected,1688,864,0.5078183172002978,0.7893518518518519,0.5874246339362619,0.6735802469135802
810,810,GRCh38_notinalldifficultregions,legacy,1688,1684,0.4680082559339525,0.5385985748218527,0.781223083548665,0.6376098418277679
810,810,GRCh38_notinalllowmapandsegdupregions,corrected,1688,1548,0.48194748358862144,0.5691214470284238,0.7588285960378983,0.6504245108896273
810,810,GRCh38_notinalllowmapandsegdupregions,legacy,1688,1688,0.47007223942208465,0.5396919431279621,0.7846683893195521,0.6395226395226395
810,810,GRCh38_notinsegdups,corrected,1688,1553,0.4838709677419355,0.5698647778493239,0.7622739018087855,0.6521739130434782
810,810,GRCh38_notinsegdups,legacy,1688,1688,0.47007223942208465,0.5396919431279621,0.7846683893195521,0.6395226395226395
810,810,GRCh38_segdups,corrected,1688,135,0.02047244094488189,0.1925925925925926,0.02239448751076658,0.040123456790123455
810,810,GRCh38_segdups,legacy,1688,1066,0.32401902497027346,0.5112570356472795,0.4694229112833764,0.4894476874719353
811,811,GRCh38_alldifficultregions,corrected,1671,800,0.13287117273252455,0.2875,0.19810508182601205,0.23457419683834776
811,811,GRCh38_alldifficultregions,legacy,1671,1574,0.440231700895208,0.531130876747141,0.7200689061154177,0.6113345521023765
811,811,GRCh38_alllowmapandsegdupregions,corrected,1671,142,0.02356637863315004,0.2112676056338028,0.025839793281653745,0.04604758250191864
811,811,GRCh38_alllowmapandsegdupregions,legacy,1671,1287,0.38696883852691216,0.5306915306915307,0.5882859603789836,0.5580065359477124
811,811,GRCh38_notinalldifficultregions,corrected,1671,871,0.5085374907201188,0.7864523536165328,0.5900086132644272,0.6742125984251969
811,811,GRCh38_notinalldifficultregions,legacy,1671,1667,0.47522170057381324,0.5464907018596281,0.7846683893195521,0.6442715700141444
811,811,GRCh38_notinalllowmapandsegdupregions,corrected,1671,1529,0.4903047091412742,0.578809679529104,0.7622739018087855,0.6579925650557621
811,811,GRCh38_notinalllowmapandsegdupregions,legacy,1671,1671,0.47730829420970267,0.547576301615799,0.7881136950904393,0.646186440677966
811,811,GRCh38_notinsegdups,corrected,1671,1534,0.49224806201550386,0.5795306388526728,0.7657192075796727,0.6597402597402597
811,811,GRCh38_notinsegdups,legacy,1671,1671,0.47730829420970267,0.547576301615799,0.7881136950904393,0.646186440677966
811,811,GRCh38_segdups,corrected,1671,137,0.020440251572327043,0.1897810218978102,0.02239448751076658,0.04006163328197226
811,811,GRCh38_segdups,legacy,1671,1058,0.3279473369239976,0.5179584120982986,0.4720068906115418,0.4939161784587652
812,812,GRCh38_alldifficultregions,corrected,1440,662,0.13582554517133957,0.3293051359516616,0.18776916451335057,0.23916620954470652
812,812,GRCh38_alldifficultregions,legacy,1440,1353,0.46418171228887595,0.5890613451589062,0.6864771748492678,0.634049323786794
812,812,GRCh38_alllowmapandsegdupregions,corrected,1440,150,0.0234192037470726,0.2,0.025839793281653745,0.04576659038901602
812,812,GRCh38_alllowmapandsegdupregions,legacy,1440,1110,0.4044526901669759,0.5891891891891892,0.5633074935400517,0.5759577278731837
812,812,GRCh38_notinalldifficultregions,corrected,1440,778,0.5066045066045066,0.8380462724935732,0.5615848406546081,0.6725116039195461
812,812,GRCh38_notinalldifficultregions,legacy,1440,1436,0.5002888503755055,0.6030640668523677,0.7459086993970715,0.666923373122834
812,812,GRCh38_notinalllowmapandsegdupregions,corrected,1440,1290,0.521415270018622,0.6511627906976745,0.7235142118863049,0.6854345165238678
812,812,GRCh38_notinalllowmapandsegdupregions,legacy,1440,1440,0.5025996533795494,0.6041666666666666,0.7493540051679587,0.6689734717416379
812,812,GRCh38_notinsegdups,corrected,1440,1295,0.5235732009925558,0.6517374517374518,0.726959517657192,0.6872964169381107
812,812,GRCh38_notinsegdups,legacy,1440,1440,0.5025996533795494,0.6041666666666666,0.7493540051679587,0.6689734717416379
812,812,GRCh38_segdups,corrected,1440,145,0.0203125,0.1793103448275862,0.02239448751076658,0.039816232771822356
812,812,GRCh38_segdups,legacy,1440,916,0.34,0.5753275109170306,0.45391903531438416,0.5074626865671641
813,813,GRCh38_alldifficultregions,corrected,1081,323,0.13803680981595093,0.5572755417956656,0.15503875968992248,0.2425876010781671
813,813,GRCh38_alldifficultregions,legacy,1081,1001,0.5236081747709654,0.7422577422577422,0.6399655469422911,0.6873265494912117
813,813,GRCh38_alllowmapandsegdupregions,corrected,1081,7,0.003436426116838488,0.5714285714285714,0.0034453057708871662,0.006849315068493151
813,813,GRCh38_alllowmapandsegdupregions,legacy,1081,809,0.4390065741417093,0.7428924598269468,0.5176571920757967,0.6101522842639594
813,813,GRCh38_notinalldifficultregions,corrected,1081,758,0.49106449106449107,0.8337730870712401,0.5443583118001722,0.658676393955185
813,813,GRCh38_notinalldifficultregions,legacy,1081,1078,0.5657342657342658,0.7504638218923934,0.6968130921619293,0.7226440375167485
813,813,GRCh38_notinalllowmapandsegdupregions,corrected,1081,1074,0.5662228451296426,0.7523277467411545,0.6959517657192076,0.7230425055928412
813,813,GRCh38_notinalllowmapandsegdupregions,legacy,1081,1081,0.5678321678321678,0.7511563367252544,0.6993970714900948,0.7243532560214094
813,813,GRCh38_notinsegdups,corrected,1081,1074,0.5662228451296426,0.7523277467411545,0.6959517657192076,0.7230425055928412
813,813,GRCh38_notinsegdups,legacy,1081,1081,0.5678321678321678,0.7511563367252544,0.6993970714900948,0.7243532560214094
813,813,GRCh38_segdups,corrected,1081,7,0.003436426116838488,0.5714285714285714,0.0034453057708871662,0.006849315068493151
813,813,GRCh38_segdups,legacy,1081,650,0.36370481927710846,0.7430769230769231,0.4160206718346253,0.5334069574820541
814,814,GRCh38_alldifficultregions,corrected,832,248,0.09564541213063764,0.4959677419354839,0.10594315245478036,0.17459190915542938
814,814,GRCh38_alldifficultregions,legacy,832,778,0.36838390966831336,0.6709511568123393,0.4496124031007752,0.5384218669417226
814,814,GRCh38_alllowmapandsegdupregions,corrected,832,4,0.000859106529209622,0.25,0.0008613264427217916,0.0017167381974248926
814,814,GRCh38_alllowmapandsegdupregions,legacy,832,626,0.30724213606437456,0.670926517571885,0.36175710594315247,0.47006155567991054
814,814,GRCh38_notinalldifficultregions,corrected,832,584,0.3402457757296467,0.7585616438356164,0.3815676141257537,0.5077363896848138
814,814,GRCh38_notinalldifficultregions,legacy,832,830,0.39523475823405746,0.6795180722891566,0.48578811369509045,0.5665494726268206
814,814,GRCh38_notinalllowmapandsegdupregions,corrected,832,828,0.3967696629213483,0.6823671497584541,0.48664944013781225,0.5681246857717446
814,814,GRCh38_notinalllowmapandsegdupregions,legacy,832,832,0.39663629992992294,0.6802884615384616,0.48751076658053405,0.5679879578524837
814,814,GRCh38_notinsegdups,corrected,832,828,0.3967696629213483,0.6823671497584541,0.48664944013781225,0.5681246857717446
814,814,GRCh38_notinsegdups,legacy,832,832,0.39663629992992294,0.6802884615384616,0.48751076658053405,0.5679879578524837
814,814,GRCh38_segdups,corrected,832,4,0.000859106529209622,0.25,0.0008613264427217916,0.0017167381974248926
814,814,GRCh38_segdups,legacy,832,496,0.24680210684725357,0.6612903225806451,0.28251507321274766,0.395896197948099
815,815,GRCh38_alldifficultregions,corrected,1357,465,0.13706293706293707,0.421505376344086,0.16881998277347116,0.24108241082410825
815,815,GRCh38_alldifficultregions,legacy,1357,1261,0.4840686274509804,0.626486915146709,0.6804478897502153,0.6523534269199008
815,815,GRCh38_alllowmapandsegdupregions,corrected,1357,9,0.004291845493562232,0.5555555555555556,0.004306632213608958,0.008547008547008548
815,815,GRCh38_alllowmapandsegdupregions,legacy,1357,1013,0.4153645833333333,0.629812438302073,0.549526270456503,0.5869365225390984
815,815,GRCh38_notinalldifficultregions,corrected,1357,892,0.48445408532176426,0.7511210762331838,0.5770887166236004,0.6527033609352167
815,815,GRCh38_notinalldifficultregions,legacy,1357,1354,0.5223970944309927,0.6373707533234859,0.7433247200689062,0.6862823061630218
815,815,GRCh38_notinalllowmapandsegdupregions,corrected,1357,1348,0.5224514563106796,0.6387240356083086,0.7416020671834626,0.6863292148266241
815,815,GRCh38_notinalllowmapandsegdupregions,legacy,1357,1357,0.5242130750605327,0.6381724392041267,0.7459086993970715,0.687847498014297
815,815,GRCh38_notinsegdups,corrected,1357,1348,0.5224514563106796,0.6387240356083086,0.7416020671834626,0.6863292148266241
815,815,GRCh38_notinsegdups,legacy,1357,1357,0.5242130750605327,0.6381724392041267,0.7459086993970715,0.687847498014297
815,815,GRCh38_segdups,corrected,1357,9,0.004291845493562232,0.5555555555555556,0.004306632213608958,0.008547008547008548
815,815,GRCh38_segdups,legacy,1357,811,0.34791524265208473,0.6276202219482121,0.4384151593453919,0.5162271805273834
816,816,GRCh38_alldifficultregions,corrected,680,180,0.08935824532900082,0.6111111111111112,0.09474590869939707,0.16405667412378822
816,816,GRCh38_alldifficultregions,legacy,680,630,0.3766333589546503,0.7777777777777778,0.42204995693367786,0.5471803461753211
816,816,GRCh38_alllowmapandsegdupregions,corrected,680,2,0.0,0.0,0.0,0.0
816,816,GRCh38_alllowmapandsegdupregions,legacy,680,502,0.3115141955835962,0.7868525896414342,0.34022394487510765,0.47504509921828014
816,816,GRCh38_notinalldifficultregions,corrected,680,500,0.34059725585149314,0.844,0.363479758828596,0.5081276339554486
816,816,GRCh38_notinalldifficultregions,legacy,680,678,0.40488922841864017,0.7817109144542773,0.45650301464254955,0.5764002175095161
816,816,GRCh38_notinalllowmapandsegdupregions,corrected,680,678,0.4070390206579954,0.7846607669616519,0.4582256675279931,0.5785753126699292
816,816,GRCh38_notinalllowmapandsegdupregions,legacy,680,680,0.40641711229946526,0.7823529411764706,0.4582256675279931,0.5779467680608366
816,816,GRCh38_notinsegdups,corrected,680,678,0.4070390206579954,0.7846607669616519,0.4582256675279931,0.5785753126699292
816,816,GRCh38_notinsegdups,legacy,680,680,0.40641711229946526,0.7823529411764706,0.4582256675279931,0.5779467680608366
816,816,GRCh38_segdups,corrected,680,2,0.0,0.0,0.0,0.0
816,816,GRCh38_segdups,legacy,680,392,0.249396621078037,0.7908163265306123,0.2670111972437554,0.39922730199613654
817,817,GRCh38_alldifficultregions,corrected,1128,296,0.21619365609348914,0.875,0.223083548664944,0.35552505147563485
817,817,GRCh38_alldifficultregions,legacy,1128,1032,0.7699757869249395,0.9244186046511628,0.8217054263565892,0.8700410396716827
817,817,GRCh38_alllowmapandsegdupregions,corrected,1128,40,0.030017152658662092,0.875,0.030146425495262703,0.058284762697751874
817,817,GRCh38_alllowmapandsegdupregions,legacy,1128,831,0.6341263330598852,0.9302045728038508,0.6658053402239449,0.7761044176706827
817,817,GRCh38_notinalldifficultregions,corrected,1128,832,0.6525704809286899,0.9459134615384616,0.67786391042205,0.789764174611139
817,817,GRCh38_notinalldifficultregions,legacy,1128,1123,0.8374899436846339,0.9269813000890472,0.896640826873385,0.9115586690017512
817,817,GRCh38_notinalllowmapandsegdupregions,corrected,1128,1088,0.8166397415185783,0.9292279411764706,0.8708010335917312,0.8990662516674076
817,817,GRCh38_notinalllowmapandsegdupregions,legacy,1128,1128,0.8415124698310539,0.9273049645390071,0.9009474590869939,0.9139362166885103
817,817,GRCh38_notinsegdups,corrected,1128,1093,0.8206785137318255,0.929551692589204,0.8751076658053403,0.90150842945874
817,817,GRCh38_notinsegdups,legacy,1128,1128,0.8415124698310539,0.9273049645390071,0.9009474590869939,0.9139362166885103
817,817,GRCh38_segdups,corrected,1128,35,0.025728987993138937,0.8571428571428571,0.025839793281653745,0.05016722408026756
817,817,GRCh38_segdups,legacy,1128,659,0.5103734439834025,0.9332321699544764,0.5297157622739018,0.6758241758241759
818,818,GRCh38_alldifficultregions,corrected,1125,295,0.21333333333333335,0.8677966101694915,0.22049956933677864,0.3516483516483516
818,818,GRCh38_alldifficultregions,legacy,1125,1029,0.752,0.9135082604470359,0.8096468561584841,0.8584474885844748
818,818,GRCh38_alllowmapandsegdupregions,corrected,1125,42,0.0290846877673225,0.8095238095238095,0.029285099052540915,0.05652535328345802
818,818,GRCh38_alllowmapandsegdupregions,legacy,1125,825,0.6199021207177814,0.9212121212121213,0.6546080964685616,0.7653575025176234
818,818,GRCh38_notinalldifficultregions,corrected,1125,830,0.6373355263157895,0.9337349397590361,0.6675279931093885,0.7785032646911101
818,818,GRCh38_notinalldifficultregions,legacy,1125,1120,0.8175298804780876,0.9160714285714285,0.8837209302325582,0.8996054362121877
818,818,GRCh38_notinalllowmapandsegdupregions,corrected,1125,1083,0.7995188452285485,0.9205909510618652,0.8587424633936261,0.8885918003565062
818,818,GRCh38_notinalllowmapandsegdupregions,legacy,1125,1125,0.8215139442231075,0.9164444444444444,0.8880275624461671,0.9020122484689413
818,818,GRCh38_notinsegdups,corrected,1125,1088,0.8035284683239775,0.9209558823529411,0.8630490956072352,0.8910626945309026
818,818,GRCh38_notinsegdups,legacy,1125,1125,0.8215139442231075,0.9164444444444444,0.8880275624461671,0.9020122484689413
818,818,GRCh38_segdups,corrected,1125,37,0.02480752780153978,0.7837837837837838,0.024978466838931956,0.04841402337228715
818,818,GRCh38_segdups,legacy,1125,655,0.4971145919208574,0.9206106870229007,0.5193798449612403,0.6640969162995595
819,819,GRCh38_alldifficultregions,corrected,1125,295,0.21333333333333335,0.8677966101694915,0.22049956933677864,0.3516483516483516
819,819,GRCh38_alldifficultregions,legacy,1125,1030,0.7513988808952837,0.912621359223301,0.8096468561584841,0.8580556823368325
819,819,GRCh38_alllowmapandsegdupregions,corrected,1125,40,0.02913453299057412,0.85,0.029285099052540915,0.05661948376353039
819,819,GRCh38_alllowmapandsegdupregions,legacy,1125,825,0.6212244897959184,0.9224242424242424,0.6554694229112834,0.7663645518630412
819,819,GRCh38_notinalldifficultregions,corrected,1125,830,0.6373355263157895,0.9337349397590361,0.6675279931093885,0.7785032646911101
819,819,GRCh38_notinalldifficultregions,legacy,1125,1120,0.8175298804780876,0.9160714285714285,0.8837209302325582,0.8996054362121877
819,819,GRCh38_notinalllowmapandsegdupregions,corrected,1125,1085,0.7982385908726981,0.9188940092165898,0.8587424633936261,0.88780053428317
819,819,GRCh38_notinalllowmapandsegdupregions,legacy,1125,1125,0.8215139442231075,0.9164444444444444,0.8880275624461671,0.9020122484689413
819,819,GRCh38_notinsegdups,corrected,1125,1090,0.8022417934347478,0.9192660550458716,0.8630490956072352,0.890270990670813
819,819,GRCh38_notinsegdups,legacy,1125,1125,0.8215139442231075,0.9164444444444444,0.8880275624461671,0.9020122484689413
819,819,GRCh38_segdups,corrected,1125,35,0.024850042844901457,0.8285714285714286,0.024978466838931956,0.048494983277591976
819,819,GRCh38_segdups,legacy,1125,652,0.49958643507030603,0.9263803680981595,0.5202411714039621,0.6662989520132377
820,820,GRCh38_alldifficultregions,corrected,1132,297,0.21601334445371143,0.8720538720538721,0.223083548664944,0.355281207133059
820,820,GRCh38_alldifficultregions,legacy,1132,1037,0.7697262479871175,0.9218900675024108,0.8234280792420328,0.8698817106460419
820,820,GRCh38_alllowmapandsegdupregions,corrected,1132,43,0.029940119760479042,0.813953488372093,0.030146425495262703,0.05813953488372093
820,820,GRCh38_alllowmapandsegdupregions,legacy,1132,835,0.6320523303352412,0.925748502994012,0.6658053402239449,0.7745490981963928
820,820,GRCh38_notinalldifficultregions,corrected,1132,835,0.6536868268434134,0.9449101796407186,0.6795865633074936,0.7905811623246495
820,820,GRCh38_notinalldifficultregions,legacy,1132,1127,0.8377510040160643,0.9254658385093167,0.8983634797588286,0.9117132867132867
820,820,GRCh38_notinalllowmapandsegdupregions,corrected,1132,1089,0.8189167340339532,0.9302112029384757,0.8725236864771748,0.9004444444444444
820,820,GRCh38_notinalllowmapandsegdupregions,legacy,1132,1132,0.8417670682730923,0.9257950530035336,0.9026701119724375,0.9140863497601396
820,820,GRCh38_notinsegdups,corrected,1132,1094,0.8229587712206953,0.9305301645338209,0.8768303186907838,0.9028824833702882
820,820,GRCh38_notinsegdups,legacy,1132,1132,0.8417670682730923,0.9257950530035336,0.9026701119724375,0.9140863497601396
820,820,GRCh38_segdups,corrected,1132,38,0.02566295979469632,0.7894736842105263,0.025839793281653745,0.0500417014178482
820,820,GRCh38_segdups,legacy,1132,661,0.5095277547638773,0.9304084720121029,0.5297157622739018,0.6750823271130625
821,821,GRCh38_alldifficultregions,corrected,1054,257,0.1996615905245347,0.9182879377431906,0.20327304048234282,0.33286318758815236
821,821,GRCh38_alldifficultregions,legacy,1054,961,0.7757322175732217,0.9646201873048907,0.7984496124031008,0.8737040527803959
821,821,GRCh38_alllowmapandsegdupregions,corrected,1054,26,0.01452991452991453,0.6538461538461539,0.014642549526270457,0.028643639427127218
821,821,GRCh38_alllowmapandsegdupregions,legacy,1054,772,0.627104377104377,0.9650259067357513,0.6416881998277347,0.7708225556130367
821,821,GRCh38_notinalldifficultregions,corrected,1054,797,0.6663829787234042,0.9824341279799247,0.6744186046511628,0.7997957099080694
821,821,GRCh38_notinalldifficultregions,legacy,1054,1049,0.8478260869565217,0.9666348903717826,0.8733850129198967,0.9176470588235294
821,821,GRCh38_notinalllowmapandsegdupregions,corrected,1054,1028,0.8441449031171019,0.9747081712062257,0.8630490956072352,0.9154865235267245
821,821,GRCh38_notinalllowmapandsegdupregions,legacy,1054,1054,0.8520066889632107,0.9667931688804554,0.8776916451335056,0.9200902934537246
821,821,GRCh38_notinsegdups,corrected,1054,1028,0.8441449031171019,0.9747081712062257,0.8630490956072352,0.9154865235267245
821,821,GRCh38_notinsegdups,legacy,1054,1054,0.8520066889632107,0.9667931688804554,0.8776916451335056,0.9200902934537246
821,821,GRCh38_segdups,corrected,1054,26,0.01452991452991453,0.6538461538461539,0.014642549526270457,0.028643639427127218
821,821,GRCh38_segdups,legacy,1054,616,0.5021132713440406,0.9642857142857143,0.5116279069767442,0.6685424873382104
822,822,GRCh38_alldifficultregions,corrected,1043,253,0.1952662721893491,0.9130434782608695,0.19896640826873385,0.32673267326732675
822,822,GRCh38_alldifficultregions,legacy,1043,948,0.7575,0.9588607594936709,0.7829457364341085,0.8620199146514936
822,822,GRCh38_alllowmapandsegdupregions,corrected,1043,22,0.013710368466152529,0.7272727272727273,0.013781223083548665,0.027049873203719356
822,822,GRCh38_alllowmapandsegdupregions,legacy,1043,764,0.6135792120704108,0.9581151832460733,0.6304909560723514,0.7605194805194804
822,822,GRCh38_notinalldifficultregions,corrected,1043,790,0.6519898391193903,0.9746835443037974,0.6632213608957795,0.7893388006150693
822,822,GRCh38_notinalldifficultregions,legacy,1043,1038,0.827930174563591,0.9595375722543352,0.8578811369509044,0.9058663028649385
822,822,GRCh38_notinalllowmapandsegdupregions,corrected,1043,1021,0.822890559732665,0.9647404505386875,0.8484065460809647,0.9028414298808431
822,822,GRCh38_notinalllowmapandsegdupregions,legacy,1043,1043,0.8320864505403158,0.959731543624161,0.8621877691645133,0.9083484573502723
822,822,GRCh38_notinsegdups,corrected,1043,1021,0.822890559732665,0.9647404505386875,0.8484065460809647,0.9028414298808431
822,822,GRCh38_notinsegdups,legacy,1043,1043,0.8320864505403158,0.959731543624161,0.8621877691645133,0.9083484573502723
822,822,GRCh38_segdups,corrected,1043,22,0.013710368466152529,0.7272727272727273,0.013781223083548665,0.027049873203719356
822,822,GRCh38_segdups,legacy,1043,605,0.49155405405405406,0.9619834710743802,0.5012919896640827,0.6591166477916196
823,823,GRCh38_alldifficultregions,corrected,1051,260,0.1991561181434599,0.9076923076923077,0.20327304048234282,0.3321604503870514
823,823,GRCh38_alldifficultregions,legacy,1051,958,0.7614297589359933,0.9561586638830898,0.788975021533161,0.8645587541293062
823,823,GRCh38_alllowmapandsegdupregions,corrected,1051,26,0.01452991452991453,0.6538461538461539,0.014642549526270457,0.028643639427127218
823,823,GRCh38_alllowmapandsegdupregions,legacy,1051,769,0.6204869857262805,0.9609882964889467,0.6365202411714039,0.7658031088082901
823,823,GRCh38_notinalldifficultregions,corrected,1051,791,0.6514382402707276,0.9734513274336283,0.6632213608957795,0.7889344262295083
823,823,GRCh38_notinalldifficultregions,legacy,1051,1046,0.8300165837479271,0.9569789674952199,0.8621877691645133,0.907113729043951
823,823,GRCh38_notinalllowmapandsegdupregions,corrected,1051,1025,0.8262322472848789,0.9648780487804878,0.8518518518518519,0.9048490393412626
823,823,GRCh38_notinalllowmapandsegdupregions,legacy,1051,1051,0.8341625207296849,0.9571836346336822,0.8664944013781223,0.9095840867992767
823,823,GRCh38_notinsegdups,corrected,1051,1025,0.8262322472848789,0.9648780487804878,0.8518518518518519,0.9048490393412626
823,823,GRCh38_notinsegdups,legacy,1051,1051,0.8341625207296849,0.9571836346336822,0.8664944013781223,0.9095840867992767
823,823,GRCh38_segdups,corrected,1051,26,0.01452991452991453,0.6538461538461539,0.014642549526270457,0.028643639427127218
823,823,GRCh38_segdups,legacy,1051,613,0.4983108108108108,0.9624796084828712,0.508182601205857,0.665163472378805
824,824,GRCh38_alldifficultregions,corrected,1039,246,0.1974468085106383,0.943089430894309,0.19982773471145565,0.3297796730632552
824,824,GRCh38_alldifficultregions,legacy,1039,947,0.7789029535864979,0.9746568109820486,0.7950043066322137,0.8757115749525618
824,824,GRCh38_alllowmapandsegdupregions,corrected,1039,19,0.012875536480686695,0.7894736842105263,0.012919896640826873,0.025423728813559324
824,824,GRCh38_alllowmapandsegdupregions,legacy,1039,760,0.6293469041560644,0.9763157894736842,0.6391042204995694,0.7725143154606975
824,824,GRCh38_notinalldifficultregions,corrected,1039,793,0.6672354948805461,0.9861286254728878,0.673557278208441,0.8004094165813715
824,824,GRCh38_notinalldifficultregions,legacy,1039,1034,0.8507588532883642,0.9758220502901354,0.8690783807062877,0.919362186788155
824,824,GRCh38_notinalllowmapandsegdupregions,corrected,1039,1020,0.8451776649746193,0.9794117647058823,0.8604651162790697,0.9160935350756534
824,824,GRCh38_notinalllowmapandsegdupregions,legacy,1039,1039,0.8549747048903878,0.9759384023099134,0.8733850129198967,0.9218181818181818
824,824,GRCh38_notinsegdups,corrected,1039,1021,0.8444632290786137,0.9784524975514202,0.8604651162790697,0.9156736938588451
824,824,GRCh38_notinsegdups,legacy,1039,1039,0.8549747048903878,0.9759384023099134,0.8733850129198967,0.9218181818181818
824,824,GRCh38_segdups,corrected,1039,18,0.01288659793814433,0.8333333333333334,0.012919896640826873,0.02544529262086514
824,824,GRCh38_segdups,legacy,1039,603,0.5038363171355499,0.9800995024875622,0.5090439276485789,0.6700680272108843
825,825,GRCh38_alldifficultregions,corrected,1711,536,0.18422889043963714,0.4925373134328358,0.22739018087855298,0.31113730111962284
825,825,GRCh38_alldifficultregions,legacy,1711,1579,0.557703240477544,0.6212792906903103,0.8449612403100775,0.7160583941605839
825,825,GRCh38_alllowmapandsegdupregions,corrected,1711,58,0.030431107354184278,0.6206896551724138,0.031007751937984496,0.059064807219032
825,825,GRCh38_alllowmapandsegdupregions,legacy,1711,1276,0.48055893074119077,0.6199059561128527,0.6813092161929372,0.6491588018054987
825,825,GRCh38_notinalldifficultregions,corrected,1711,1175,0.5318032786885246,0.6902127659574468,0.6985357450473729,0.6943493150684931
825,825,GRCh38_notinalldifficultregions,legacy,1711,1705,0.5957683741648107,0.6275659824046921,0.921619293712317,0.7466852756454989
825,825,GRCh38_notinalllowmapandsegdupregions,corrected,1711,1653,0.5853521126760564,0.6285541439806412,0.8949181739879414,0.738450604122246
825,825,GRCh38_notinalllowmapandsegdupregions,legacy,1711,1711,0.5982192543127435,0.6282875511396844,0.9259259259259259,0.7486072423398329
825,825,GRCh38_notinsegdups,corrected,1711,1658,0.5872747747747747,0.6290711700844391,0.8983634797588286,0.7399787158566868
825,825,GRCh38_notinsegdups,legacy,1711,1711,0.5982192543127435,0.6282875511396844,0.9259259259259259,0.7486072423398329
825,825,GRCh38_segdups,corrected,1711,53,0.02707275803722504,0.6037735849056604,0.02756244616709733,0.05271828665568369
825,825,GRCh38_segdups,legacy,1711,1014,0.4077669902912621,0.621301775147929,0.5426356589147286,0.5793103448275863
826,826,GRCh38_alldifficultregions,corrected,2561,735,0.16390423572744015,0.363265306122449,0.22997416020671835,0.28164556962025317
826,826,GRCh38_alldifficultregions,legacy,2561,2359,0.38965653375444137,0.41839762611275966,0.8501291989664083,0.5607954545454545
826,826,GRCh38_alllowmapandsegdupregions,corrected,2561,63,0.030303030303030304,0.5714285714285714,0.031007751937984496,0.0588235294117647
826,826,GRCh38_alllowmapandsegdupregions,legacy,2561,1926,0.34744652989960717,0.4132917964693666,0.6856158484065461,0.5157110463232912
826,826,GRCh38_notinalldifficultregions,corrected,2561,1826,0.375863657300783,0.44687842278203727,0.7028423772609819,0.5463675929025777
826,826,GRCh38_notinalldifficultregions,legacy,2561,2552,0.4091081593927894,0.4224137931034483,0.9285099052540913,0.5806625370320495
826,826,GRCh38_notinalllowmapandsegdupregions,corrected,2561,2498,0.40084226646248083,0.4191353082465973,0.9018087855297158,0.5722875102487018
826,826,GRCh38_notinalllowmapandsegdupregions,legacy,2561,2561,0.41038272072754833,0.4228816868410777,0.9328165374677002,0.5819451907576572
826,826,GRCh38_notinsegdups,corrected,2561,2503,0.40221967087638727,0.4198961246504195,0.905254091300603,0.5736899563318777
826,826,GRCh38_notinsegdups,legacy,2561,2561,0.41038272072754833,0.4228816868410777,0.9328165374677002,0.5819451907576572
826,826,GRCh38_segdups,corrected,2561,58,0.02695871946082561,0.5517241379310345,0.02756244616709733,0.05250205086136177
826,826,GRCh38_segdups,legacy,2561,1527,0.3093034583536288,0.4158480681074001,0.5469422911283376,0.4724702380952381
827,827,GRCh38_alldifficultregions,corrected,2601,784,0.15842763549731984,0.3392857142857143,0.22911283376399655,0.2735218508997429
827,827,GRCh38_alldifficultregions,legacy,2601,2393,0.38449552006232957,0.4124529878813205,0.8501291989664083,0.5554305008441194
827,827,GRCh38_alllowmapandsegdupregions,corrected,2601,64,0.030277544154751892,0.5625,0.031007751937984496,0.05877551020408163
827,827,GRCh38_alllowmapandsegdupregions,legacy,2601,1958,0.3426603529918209,0.4065372829417773,0.6856158484065461,0.5104200064123117
827,827,GRCh38_notinalldifficultregions,corrected,2601,1817,0.3787037037037037,0.45019262520638414,0.7045650301464255,0.5493619879113498
827,827,GRCh38_notinalldifficultregions,legacy,2601,2593,0.4033644859813084,0.4161203239490937,0.9293712316968131,0.5748534896110815
827,827,GRCh38_notinalllowmapandsegdupregions,corrected,2601,2537,0.39547169811320754,0.41308632242806465,0.9026701119724375,0.5667928610059492
827,827,GRCh38_notinalllowmapandsegdupregions,legacy,2601,2601,0.40477968633308437,0.41676278354479046,0.9336778639104221,0.5762892078681553
827,827,GRCh38_notinsegdups,corrected,2601,2542,0.3968313843832516,0.4138473642800944,0.9061154177433247,0.5681879557115851
827,827,GRCh38_notinsegdups,legacy,2601,2601,0.40477968633308437,0.41676278354479046,0.9336778639104221,0.5762892078681553
827,827,GRCh38_segdups,corrected,2601,59,0.026936026936026935,0.5423728813559322,0.02756244616709733,0.05245901639344262
827,827,GRCh38_segdups,legacy,2601,1566,0.3035372848948375,0.4054916985951469,0.5469422911283376,0.4657132379904657
828,828,GRCh38_alldifficultregions,corrected,1625,484,0.19202898550724637,0.5475206611570248,0.22825150732127478,0.32218844984802436
828,828,GRCh38_alldifficultregions,legacy,1625,1500,0.5848719475878499,0.6546666666666666,0.8458225667527993,0.7380683953400976
828,828,GRCh38_alllowmapandsegdupregions,corrected,1625,58,0.030431107354184278,0.6206896551724138,0.031007751937984496,0.059064807219032
828,828,GRCh38_alllowmapandsegdupregions,legacy,1625,1217,0.4984247006931317,0.6499589153656532,0.6813092161929372,0.6652649285113541
828,828,GRCh38_notinalldifficultregions,corrected,1625,1141,0.5439302481556003,0.7107800175284837,0.6985357450473729,0.7046046915725457
828,828,GRCh38_notinalldifficultregions,legacy,1625,1618,0.6270491803278688,0.6619283065512979,0.9224806201550387,0.7707808564231738
828,828,GRCh38_notinalllowmapandsegdupregions,corrected,1625,1567,0.6161137440758294,0.6636885768985322,0.8957795004306632,0.7624633431085045
828,828,GRCh38_notinalllowmapandsegdupregions,legacy,1625,1625,0.6292397660818714,0.6621538461538462,0.9267872523686477,0.7724335965541996
828,828,GRCh38_notinsegdups,corrected,1625,1572,0.6181172291296625,0.6641221374045801,0.8992248062015504,0.7639956092206366
828,828,GRCh38_notinsegdups,legacy,1625,1625,0.6292397660818714,0.6621538461538462,0.9267872523686477,0.7724335965541996
828,828,GRCh38_segdups,corrected,1625,53,0.02707275803722504,0.6037735849056604,0.02756244616709733,0.05271828665568369
828,828,GRCh38_segdups,legacy,1625,968,0.4202801867911941,0.6508264462809917,0.5426356589147286,0.5918271488961954
829,829,GRCh38_alldifficultregions,corrected,1153,310,0.18438003220611915,0.7387096774193549,0.19724375538329025,0.3113528212100612
829,829,GRCh38_alldifficultregions,legacy,1153,1067,0.6479289940828402,0.8209934395501406,0.7545219638242894,0.786355475763016
829,829,GRCh38_alllowmapandsegdupregions,corrected,1153,37,0.02305721605465414,0.7297297297297297,0.023255813953488372,0.04507512520868113
829,829,GRCh38_alllowmapandsegdupregions,legacy,1153,874,0.53353428786737,0.8100686498855835,0.6098191214470284,0.6958230958230958
829,829,GRCh38_notinalldifficultregions,corrected,1153,843,0.5705329153605015,0.863582443653618,0.6270456503014643,0.7265469061876247
829,829,GRCh38_notinalldifficultregions,legacy,1153,1149,0.7022844509948416,0.8294168842471714,0.8208440999138673,0.825108225108225
829,829,GRCh38_notinalllowmapandsegdupregions,corrected,1153,1116,0.6904231625835189,0.8333333333333334,0.8010335917312662,0.8168642951251647
829,829,GRCh38_notinalllowmapandsegdupregions,legacy,1153,1153,0.705232129697863,0.8300086730268864,0.8242894056847545,0.8271391529818496
829,829,GRCh38_notinsegdups,corrected,1153,1118,0.6919079435783222,0.8336314847942755,0.8027562446167097,0.8179025888547609
829,829,GRCh38_notinsegdups,legacy,1153,1153,0.705232129697863,0.8300086730268864,0.8242894056847545,0.8271391529818496
829,829,GRCh38_segdups,corrected,1153,35,0.02134927412467976,0.7142857142857143,0.02153316106804479,0.04180602006688963
829,829,GRCh38_segdups,legacy,1153,701,0.4367283950617284,0.8074179743223966,0.48751076658053405,0.6079484425349088
830,830,GRCh38_alldifficultregions,corrected,1136,300,0.18108326596604687,0.7466666666666667,0.1929371231696813,0.3066392881587954
830,830,GRCh38_alldifficultregions,legacy,1136,1050,0.6245407788390889,0.8095238095238095,0.7321274763135228,0.7688828584350973
830,830,GRCh38_alllowmapandsegdupregions,corrected,1136,34,0.021367521367521368,0.7352941176470589,0.02153316106804479,0.04184100418410042
830,830,GRCh38_alllowmapandsegdupregions,legacy,1136,854,0.5127627627627628,0.7997658079625293,0.5882859603789836,0.6779156327543424
830,830,GRCh38_notinalldifficultregions,corrected,1136,836,0.546862896979086,0.8444976076555024,0.6080964685615848,0.7070605908863296
830,830,GRCh38_notinalldifficultregions,legacy,1136,1132,0.6773957571324067,0.8180212014134276,0.797588285960379,0.8076755342346271
830,830,GRCh38_notinalllowmapandsegdupregions,corrected,1136,1102,0.666421207658321,0.8212341197822142,0.7795004306632214,0.7998232434821034
830,830,GRCh38_notinalllowmapandsegdupregions,legacy,1136,1136,0.6803218727139722,0.8186619718309859,0.8010335917312662,0.8097518502394427
830,830,GRCh38_notinsegdups,corrected,1136,1104,0.6678939617083947,0.8215579710144928,0.781223083548665,0.8008830022075056
830,830,GRCh38_notinsegdups,legacy,1136,1136,0.6803218727139722,0.8186619718309859,0.8010335917312662,0.8097518502394427
830,830,GRCh38_segdups,corrected,1136,32,0.019658119658119658,0.71875,0.019810508182601206,0.038558256496227995
830,830,GRCh38_segdups,legacy,1136,683,0.4228395061728395,0.8023426061493412,0.4720068906115418,0.5943600867678959
831,831,GRCh38_alldifficultregions,corrected,1199,331,0.183187946074544,0.6978851963746223,0.19896640826873385,0.30965147453083114
831,831,GRCh38_alldifficultregions,legacy,1199,1110,0.6302943287867911,0.790990990990991,0.756244616709733,0.7732276530162923
831,831,GRCh38_alllowmapandsegdupregions,corrected,1199,37,0.02305721605465414,0.7297297297297297,0.023255813953488372,0.04507512520868113
831,831,GRCh38_alllowmapandsegdupregions,legacy,1199,908,0.5235640648011782,0.7830396475770925,0.6124031007751938,0.6872885451909134
831,831,GRCh38_notinalldifficultregions,corrected,1199,868,0.5619707467282525,0.8410138248847926,0.6287683031869078,0.7195662888122227
831,831,GRCh38_notinalldifficultregions,legacy,1199,1195,0.684060042887777,0.800836820083682,0.8242894056847545,0.8123938879456706
831,831,GRCh38_notinalllowmapandsegdupregions,corrected,1199,1162,0.6724262059035278,0.8037865748709122,0.8044788975021533,0.8041325871717606
831,831,GRCh38_notinalllowmapandsegdupregions,legacy,1199,1199,0.6869192280200143,0.8015012510425354,0.8277347114556417,0.8144067796610169
831,831,GRCh38_notinsegdups,corrected,1199,1164,0.673866090712743,0.8041237113402062,0.8062015503875969,0.8051612903225807
831,831,GRCh38_notinsegdups,legacy,1199,1199,0.6869192280200143,0.8015012510425354,0.8277347114556417,0.8144067796610169
831,831,GRCh38_segdups,corrected,1199,35,0.02134927412467976,0.7142857142857143,0.02153316106804479,0.04180602006688963
831,831,GRCh38_segdups,legacy,1199,725,0.4309559939301973,0.783448275862069,0.4892334194659776,0.6023329798515377
832,832,GRCh38_alldifficultregions,corrected,1076,273,0.18219291014014838,0.8095238095238095,0.19035314384151594,0.3082287308228731
832,832,GRCh38_alldifficultregions,legacy,1076,991,0.6477794793261868,0.8536831483350151,0.7286821705426356,0.7862453531598512
832,832,GRCh38_alllowmapandsegdupregions,corrected,1076,34,0.021367521367521368,0.7352941176470589,0.02153316106804479,0.04184100418410042
832,832,GRCh38_alllowmapandsegdupregions,legacy,1076,808,0.5263565891472868,0.8403465346534653,0.5848406546080964,0.6896901980700862
832,832,GRCh38_notinalldifficultregions,corrected,1076,803,0.5599682287529786,0.8779576587795765,0.6072351421188631,0.7179226069246436
832,832,GRCh38_notinalldifficultregions,legacy,1076,1072,0.7032799389778794,0.8600746268656716,0.7941429801894918,0.8257948947604119
832,832,GRCh38_notinalllowmapandsegdupregions,corrected,1076,1042,0.6920122887864824,0.8646833013435701,0.7760551248923342,0.8179754879709488
832,832,GRCh38_notinalllowmapandsegdupregions,legacy,1076,1076,0.7063310450038138,0.8605947955390335,0.797588285960379,0.8278945015645954
832,832,GRCh38_notinsegdups,corrected,1076,1044,0.6935483870967742,0.8649425287356322,0.7777777777777778,0.819047619047619
832,832,GRCh38_notinsegdups,legacy,1076,1076,0.7063310450038138,0.8605947955390335,0.797588285960379,0.8278945015645954
832,832,GRCh38_segdups,corrected,1076,32,0.019658119658119658,0.71875,0.019810508182601206,0.038558256496227995
832,832,GRCh38_segdups,legacy,1076,650,0.4293606945540647,0.8369230769230769,0.46856158484065463,0.6007730535615683
833,833,GRCh38_alldifficultregions,corrected,1468,677,0.1352686843730698,0.32348596750369274,0.18863049095607234,0.2383025027203482
833,833,GRCh38_alldifficultregions,legacy,1468,1381,0.46091954022988507,0.5807385952208545,0.6907838070628768,0.6309992132179386
833,833,GRCh38_alllowmapandsegdupregions,corrected,1468,155,0.02332814930015552,0.1935483870967742,0.025839793281653745,0.04559270516717325
833,833,GRCh38_alllowmapandsegdupregions,legacy,1468,1139,0.3998782714546561,0.5768217734855136,0.5658914728682171,0.5713043478260869
833,833,GRCh38_notinalldifficultregions,corrected,1468,791,0.5061728395061729,0.8293299620733249,0.5650301464254953,0.6721311475409836
833,833,GRCh38_notinalldifficultregions,legacy,1468,1464,0.4965792474344356,0.5949453551912568,0.7502153316106804,0.6636190476190477
833,833,GRCh38_notinalllowmapandsegdupregions,corrected,1468,1313,0.5187231430325353,0.6435643564356436,0.7278208440999139,0.6831042845594179
833,833,GRCh38_notinalllowmapandsegdupregions,legacy,1468,1468,0.49885974914481185,0.5960490463215259,0.7536606373815676,0.6656523392925067
833,833,GRCh38_notinsegdups,corrected,1468,1317,0.5211786372007366,0.6446469248291572,0.7312661498708011,0.685230024213075
833,833,GRCh38_notinsegdups,legacy,1468,1468,0.49885974914481185,0.5960490463215259,0.7536606373815676,0.6656523392925067
833,833,GRCh38_segdups,corrected,1468,151,0.02021772939346812,0.17218543046357615,0.02239448751076658,0.039634146341463415
833,833,GRCh38_segdups,legacy,1468,940,0.33736473583704646,0.5638297872340425,0.45650301464254955,0.5045216563541172
834,834,GRCh38_alldifficultregions,corrected,1688,824,0.1304100227790433,0.2779126213592233,0.19724375538329025,0.23073047858942064
834,834,GRCh38_alldifficultregions,legacy,1688,1589,0.4337851929092805,0.5235997482693517,0.7166236003445305,0.6050909090909091
834,834,GRCh38_alllowmapandsegdupregions,corrected,1688,140,0.023603461841070025,0.21428571428571427,0.025839793281653745,0.04611837048424289
834,834,GRCh38_alllowmapandsegdupregions,legacy,1688,1291,0.3837471783295711,0.5267234701781565,0.5857019810508183,0.5546492659053834
834,834,GRCh38_notinalldifficultregions,corrected,1688,864,0.5078183172002978,0.7893518518518519,0.5874246339362619,0.6735802469135802
834,834,GRCh38_notinalldifficultregions,legacy,1688,1684,0.4680082559339525,0.5385985748218527,0.781223083548665,0.6376098418277679
834,834,GRCh38_notinalllowmapandsegdupregions,corrected,1688,1548,0.48194748358862144,0.5691214470284238,0.7588285960378983,0.6504245108896273
834,834,GRCh38_notinalllowmapandsegdupregions,legacy,1688,1688,0.47007223942208465,0.5396919431279621,0.7846683893195521,0.6395226395226395
834,834,GRCh38_notinsegdups,corrected,1688,1553,0.4838709677419355,0.5698647778493239,0.7622739018087855,0.6521739130434782
834,834,GRCh38_notinsegdups,legacy,1688,1688,0.47007223942208465,0.5396919431279621,0.7846683893195521,0.6395226395226395
834,834,GRCh38_segdups,corrected,1688,135,0.02047244094488189,0.1925925925925926,0.02239448751076658,0.040123456790123455
834,834,GRCh38_segdups,legacy,1688,1066,0.32401902497027346,0.5112570356472795,0.4694229112833764,0.4894476874719353
835,835,GRCh38_alldifficultregions,corrected,1671,800,0.13287117273252455,0.2875,0.19810508182601205,0.23457419683834776
835,835,GRCh38_alldifficultregions,legacy,1671,1574,0.440231700895208,0.531130876747141,0.7200689061154177,0.6113345521023765
835,835,GRCh38_alllowmapandsegdupregions,corrected,1671,142,0.02356637863315004,0.2112676056338028,0.025839793281653745,0.04604758250191864
835,835,GRCh38_alllowmapandsegdupregions,legacy,1671,1287,0.38696883852691216,0.5306915306915307,0.5882859603789836,0.5580065359477124
835,835,GRCh38_notinalldifficultregions,corrected,1671,871,0.5085374907201188,0.7864523536165328,0.5900086132644272,0.6742125984251969
835,835,GRCh38_notinalldifficultregions,legacy,1671,1667,0.47522170057381324,0.5464907018596281,0.7846683893195521,0.6442715700141444
835,835,GRCh38_notinalllowmapandsegdupregions,corrected,1671,1529,0.4903047091412742,0.578809679529104,0.7622739018087855,0.6579925650557621
835,835,GRCh38_notinalllowmapandsegdupregions,legacy,1671,1671,0.47730829420970267,0.547576301615799,0.7881136950904393,0.646186440677966
835,835,GRCh38_notinsegdups,corrected,1671,1534,0.49224806201550386,0.5795306388526728,0.7657192075796727,0.6597402597402597
835,835,GRCh38_notinsegdups,legacy,1671,1671,0.47730829420970267,0.547576301615799,0.7881136950904393,0.646186440677966
835,835,GRCh38_segdups,corrected,1671,137,0.020440251572327043,0.1897810218978102,0.02239448751076658,0.04006163328197226
835,835,GRCh38_segdups,legacy,1671,1058,0.3279473369239976,0.5179584120982986,0.4720068906115418,0.4939161784587652
836,836,GRCh38_alldifficultregions,corrected,1440,662,0.13582554517133957,0.3293051359516616,0.18776916451335057,0.23916620954470652
836,836,GRCh38_alldifficultregions,legacy,1440,1353,0.46418171228887595,0.5890613451589062,0.6864771748492678,0.634049323786794
836,836,GRCh38_alllowmapandsegdupregions,corrected,1440,150,0.0234192037470726,0.2,0.025839793281653745,0.04576659038901602
836,836,GRCh38_alllowmapandsegdupregions,legacy,1440,1110,0.4044526901669759,0.5891891891891892,0.5633074935400517,0.5759577278731837
836,836,GRCh38_notinalldifficultregions,corrected,1440,778,0.5066045066045066,0.8380462724935732,0.5615848406546081,0.6725116039195461
836,836,GRCh38_notinalldifficultregions,legacy,1440,1436,0.5002888503755055,0.6030640668523677,0.7459086993970715,0.666923373122834
836,836,GRCh38_notinalllowmapandsegdupregions,corrected,1440,1290,0.521415270018622,0.6511627906976745,0.7235142118863049,0.6854345165238678
836,836,GRCh38_notinalllowmapandsegdupregions,legacy,1440,1440,0.5025996533795494,0.6041666666666666,0.7493540051679587,0.6689734717416379
836,836,GRCh38_notinsegdups,corrected,1440,1295,0.5235732009925558,0.6517374517374518,0.726959517657192,0.6872964169381107
836,836,GRCh38_notinsegdups,legacy,1440,1440,0.5025996533795494,0.6041666666666666,0.7493540051679587,0.6689734717416379
836,836,GRCh38_segdups,corrected,1440,145,0.0203125,0.1793103448275862,0.02239448751076658,0.039816232771822356
836,836,GRCh38_segdups,legacy,1440,916,0.34,0.5753275109170306,0.45391903531438416,0.5074626865671641
837,837,GRCh38_alldifficultregions,corrected,1081,323,0.13803680981595093,0.5572755417956656,0.15503875968992248,0.2425876010781671
837,837,GRCh38_alldifficultregions,legacy,1081,1001,0.5236081747709654,0.7422577422577422,0.6399655469422911,0.6873265494912117
837,837,GRCh38_alllowmapandsegdupregions,corrected,1081,7,0.003436426116838488,0.5714285714285714,0.0034453057708871662,0.006849315068493151
837,837,GRCh38_alllowmapandsegdupregions,legacy,1081,809,0.4390065741417093,0.7428924598269468,0.5176571920757967,0.6101522842639594
837,837,GRCh38_notinalldifficultregions,corrected,1081,758,0.49106449106449107,0.8337730870712401,0.5443583118001722,0.658676393955185
837,837,GRCh38_notinalldifficultregions,legacy,1081,1078,0.5657342657342658,0.7504638218923934,0.6968130921619293,0.7226440375167485
837,837,GRCh38_notinalllowmapandsegdupregions,corrected,1081,1074,0.5662228451296426,0.7523277467411545,0.6959517657192076,0.7230425055928412
837,837,GRCh38_notinalllowmapandsegdupregions,legacy,1081,1081,0.5678321678321678,0.7511563367252544,0.6993970714900948,0.7243532560214094
837,837,GRCh38_notinsegdups,corrected,1081,1074,0.5662228451296426,0.7523277467411545,0.6959517657192076,0.7230425055928412
837,837,GRCh38_notinsegdups,legacy,1081,1081,0.5678321678321678,0.7511563367252544,0.6993970714900948,0.7243532560214094
837,837,GRCh38_segdups,corrected,1081,7,0.003436426116838488,0.5714285714285714,0.0034453057708871662,0.006849315068493151
837,837,GRCh38_segdups,legacy,1081,650,0.36370481927710846,0.7430769230769231,0.4160206718346253,0.5334069574820541
838,838,GRCh38_alldifficultregions,corrected,832,248,0.09564541213063764,0.4959677419354839,0.10594315245478036,0.17459190915542938
838,838,GRCh38_alldifficultregions,legacy,832,778,0.36838390966831336,0.6709511568123393,0.4496124031007752,0.5384218669417226
838,838,GRCh38_alllowmapandsegdupregions,corrected,832,4,0.000859106529209622,0.25,0.0008613264427217916,0.0017167381974248926
838,838,GRCh38_alllowmapandsegdupregions,legacy,832,626,0.30724213606437456,0.670926517571885,0.36175710594315247,0.47006155567991054
838,838,GRCh38_notinalldifficultregions,corrected,832,584,0.3402457757296467,0.7585616438356164,0.3815676141257537,0.5077363896848138
838,838,GRCh38_notinalldifficultregions,legacy,832,830,0.39523475823405746,0.6795180722891566,0.48578811369509045,0.5665494726268206
838,838,GRCh38_notinalllowmapandsegdupregions,corrected,832,828,0.3967696629213483,0.6823671497584541,0.48664944013781225,0.5681246857717446
838,838,GRCh38_notinalllowmapandsegdupregions,legacy,832,832,0.39663629992992294,0.6802884615384616,0.48751076658053405,0.5679879578524837
838,838,GRCh38_notinsegdups,corrected,832,828,0.3967696629213483,0.6823671497584541,0.48664944013781225,0.5681246857717446
838,838,GRCh38_notinsegdups,legacy,832,832,0.39663629992992294,0.6802884615384616,0.48751076658053405,0.5679879578524837
838,838,GRCh38_segdups,corrected,832,4,0.000859106529209622,0.25,0.0008613264427217916,0.0017167381974248926
838,838,GRCh38_segdups,legacy,832,496,0.24680210684725357,0.6612903225806451,0.28251507321274766,0.395896197948099
839,839,GRCh38_alldifficultregions,corrected,1357,465,0.13706293706293707,0.421505376344086,0.16881998277347116,0.24108241082410825
839,839,GRCh38_alldifficultregions,legacy,1357,1261,0.4840686274509804,0.626486915146709,0.6804478897502153,0.6523534269199008
839,839,GRCh38_alllowmapandsegdupregions,corrected,1357,9,0.004291845493562232,0.5555555555555556,0.004306632213608958,0.008547008547008548
839,839,GRCh38_alllowmapandsegdupregions,legacy,1357,1013,0.4153645833333333,0.629812438302073,0.549526270456503,0.5869365225390984
839,839,GRCh38_notinalldifficultregions,corrected,1357,892,0.48445408532176426,0.7511210762331838,0.5770887166236004,0.6527033609352167
839,839,GRCh38_notinalldifficultregions,legacy,1357,1354,0.5223970944309927,0.6373707533234859,0.7433247200689062,0.6862823061630218
839,839,GRCh38_notinalllowmapandsegdupregions,corrected,1357,1348,0.5224514563106796,0.6387240356083086,0.7416020671834626,0.6863292148266241
839,839,GRCh38_notinalllowmapandsegdupregions,legacy,1357,1357,0.5242130750605327,0.6381724392041267,0.7459086993970715,0.687847498014297
839,839,GRCh38_notinsegdups,corrected,1357,1348,0.5224514563106796,0.6387240356083086,0.7416020671834626,0.6863292148266241
839,839,GRCh38_notinsegdups,legacy,1357,1357,0.5242130750605327,0.6381724392041267,0.7459086993970715,0.687847498014297
839,839,GRCh38_segdups,corrected,1357,9,0.004291845493562232,0.5555555555555556,0.004306632213608958,0.008547008547008548
839,839,GRCh38_segdups,legacy,1357,811,0.34791524265208473,0.6276202219482121,0.4384151593453919,0.5162271805273834
840,840,GRCh38_alldifficultregions,corrected,680,180,0.08935824532900082,0.6111111111111112,0.09474590869939707,0.16405667412378822
840,840,GRCh38_alldifficultregions,legacy,680,630,0.3766333589546503,0.7777777777777778,0.42204995693367786,0.5471803461753211
840,840,GRCh38_alllowmapandsegdupregions,corrected,680,2,0.0,0.0,0.0,0.0
840,840,GRCh38_alllowmapandsegdupregions,legacy,680,502,0.3115141955835962,0.7868525896414342,0.34022394487510765,0.47504509921828014
840,840,GRCh38_notinalldifficultregions,corrected,680,500,0.34059725585149314,0.844,0.363479758828596,0.5081276339554486
840,840,GRCh38_notinalldifficultregions,legacy,680,678,0.40488922841864017,0.7817109144542773,0.45650301464254955,0.5764002175095161
840,840,GRCh38_notinalllowmapandsegdupregions,corrected,680,678,0.4070390206579954,0.7846607669616519,0.4582256675279931,0.5785753126699292
840,840,GRCh38_notinalllowmapandsegdupregions,legacy,680,680,0.40641711229946526,0.7823529411764706,0.4582256675279931,0.5779467680608366
840,840,GRCh38_notinsegdups,corrected,680,678,0.4070390206579954,0.7846607669616519,0.4582256675279931,0.5785753126699292
840,840,GRCh38_notinsegdups,legacy,680,680,0.40641711229946526,0.7823529411764706,0.4582256675279931,0.5779467680608366
840,840,GRCh38_segdups,corrected,680,2,0.0,0.0,0.0,0.0
840,840,GRCh38_segdups,legacy,680,392,0.249396621078037,0.7908163265306123,0.2670111972437554,0.39922730199613654
841,841,GRCh38_alldifficultregions,corrected,1128,296,0.21619365609348914,0.875,0.223083548664944,0.35552505147563485
841,841,GRCh38_alldifficultregions,legacy,1128,1032,0.7699757869249395,0.9244186046511628,0.8217054263565892,0.8700410396716827
841,841,GRCh38_alllowmapandsegdupregions,corrected,1128,40,0.030017152658662092,0.875,0.030146425495262703,0.058284762697751874
841,841,GRCh38_alllowmapandsegdupregions,legacy,1128,831,0.6341263330598852,0.9302045728038508,0.6658053402239449,0.7761044176706827
841,841,GRCh38_notinalldifficultregions,corrected,1128,832,0.6525704809286899,0.9459134615384616,0.67786391042205,0.789764174611139
841,841,GRCh38_notinalldifficultregions,legacy,1128,1123,0.8374899436846339,0.9269813000890472,0.896640826873385,0.9115586690017512
841,841,GRCh38_notinalllowmapandsegdupregions,corrected,1128,1088,0.8166397415185783,0.9292279411764706,0.8708010335917312,0.8990662516674076
841,841,GRCh38_notinalllowmapandsegdupregions,legacy,1128,1128,0.8415124698310539,0.9273049645390071,0.9009474590869939,0.9139362166885103
841,841,GRCh38_notinsegdups,corrected,1128,1093,0.8206785137318255,0.929551692589204,0.8751076658053403,0.90150842945874
841,841,GRCh38_notinsegdups,legacy,1128,1128,0.8415124698310539,0.9273049645390071,0.9009474590869939,0.9139362166885103
841,841,GRCh38_segdups,corrected,1128,35,0.025728987993138937,0.8571428571428571,0.025839793281653745,0.05016722408026756
841,841,GRCh38_segdups,legacy,1128,659,0.5103734439834025,0.9332321699544764,0.5297157622739018,0.6758241758241759
842,842,GRCh38_alldifficultregions,corrected,1125,295,0.21333333333333335,0.8677966101694915,0.22049956933677864,0.3516483516483516
842,842,GRCh38_alldifficultregions,legacy,1125,1029,0.752,0.9135082604470359,0.8096468561584841,0.8584474885844748
842,842,GRCh38_alllowmapandsegdupregions,corrected,1125,42,0.0290846877673225,0.8095238095238095,0.029285099052540915,0.05652535328345802
842,842,GRCh38_alllowmapandsegdupregions,legacy,1125,825,0.6199021207177814,0.9212121212121213,0.6546080964685616,0.7653575025176234
842,842,GRCh38_notinalldifficultregions,corrected,1125,830,0.6373355263157895,0.9337349397590361,0.6675279931093885,0.7785032646911101
842,842,GRCh38_notinalldifficultregions,legacy,1125,1120,0.8175298804780876,0.9160714285714285,0.8837209302325582,0.8996054362121877
842,842,GRCh38_notinalllowmapandsegdupregions,corrected,1125,1083,0.7995188452285485,0.9205909510618652,0.8587424633936261,0.8885918003565062
842,842,GRCh38_notinalllowmapandsegdupregions,legacy,1125,1125,0.8215139442231075,0.9164444444444444,0.8880275624461671,0.9020122484689413
842,842,GRCh38_notinsegdups,corrected,1125,1088,0.8035284683239775,0.9209558823529411,0.8630490956072352,0.8910626945309026
842,842,GRCh38_notinsegdups,legacy,1125,1125,0.8215139442231075,0.9164444444444444,0.8880275624461671,0.9020122484689413
842,842,GRCh38_segdups,corrected,1125,37,0.02480752780153978,0.7837837837837838,0.024978466838931956,0.04841402337228715
842,842,GRCh38_segdups,legacy,1125,655,0.4971145919208574,0.9206106870229007,0.5193798449612403,0.6640969162995595
843,843,GRCh38_alldifficultregions,corrected,1125,295,0.21333333333333335,0.8677966101694915,0.22049956933677864,0.3516483516483516
843,843,GRCh38_alldifficultregions,legacy,1125,1030,0.7513988808952837,0.912621359223301,0.8096468561584841,0.8580556823368325
843,843,GRCh38_alllowmapandsegdupregions,corrected,1125,40,0.02913453299057412,0.85,0.029285099052540915,0.05661948376353039
843,843,GRCh38_alllowmapandsegdupregions,legacy,1125,825,0.6212244897959184,0.9224242424242424,0.6554694229112834,0.7663645518630412
843,843,GRCh38_notinalldifficultregions,corrected,1125,830,0.6373355263157895,0.9337349397590361,0.6675279931093885,0.7785032646911101
843,843,GRCh38_notinalldifficultregions,legacy,1125,1120,0.8175298804780876,0.9160714285714285,0.8837209302325582,0.8996054362121877
843,843,GRCh38_notinalllowmapandsegdupregions,corrected,1125,1085,0.7982385908726981,0.9188940092165898,0.8587424633936261,0.88780053428317
843,843,GRCh38_notinalllowmapandsegdupregions,legacy,1125,1125,0.8215139442231075,0.9164444444444444,0.8880275624461671,0.9020122484689413
843,843,GRCh38_notinsegdups,corrected,1125,1090,0.8022417934347478,0.9192660550458716,0.8630490956072352,0.890270990670813
843,843,GRCh38_notinsegdups,legacy,1125,1125,0.8215139442231075,0.9164444444444444,0.8880275624461671,0.9020122484689413
843,843,GRCh38_segdups,corrected,1125,35,0.024850042844901457,0.8285714285714286,0.024978466838931956,0.048494983277591976
843,843,GRCh38_segdups,legacy,1125,652,0.49958643507030603,0.9263803680981595,0.5202411714039621,0.6662989520132377
844,844,GRCh38_alldifficultregions,corrected,1132,297,0.21601334445371143,0.8720538720538721,0.223083548664944,0.355281207133059
844,844,GRCh38_alldifficultregions,legacy,1132,1037,0.7697262479871175,0.9218900675024108,0.8234280792420328,0.8698817106460419
844,844,GRCh38_alllowmapandsegdupregions,corrected,1132,43,0.029940119760479042,0.813953488372093,0.030146425495262703,0.05813953488372093
844,844,GRCh38_alllowmapandsegdupregions,legacy,1132,835,0.6320523303352412,0.925748502994012,0.6658053402239449,0.7745490981963928
844,844,GRCh38_notinalldifficultregions,corrected,1132,835,0.6536868268434134,0.9449101796407186,0.6795865633074936,0.7905811623246495
844,844,GRCh38_notinalldifficultregions,legacy,1132,1127,0.8377510040160643,0.9254658385093167,0.8983634797588286,0.9117132867132867
844,844,GRCh38_notinalllowmapandsegdupregions,corrected,1132,1089,0.8189167340339532,0.9302112029384757,0.8725236864771748,0.9004444444444444
844,844,GRCh38_notinalllowmapandsegdupregions,legacy,1132,1132,0.8417670682730923,0.9257950530035336,0.9026701119724375,0.9140863497601396
844,844,GRCh38_notinsegdups,corrected,1132,1094,0.8229587712206953,0.9305301645338209,0.8768303186907838,0.9028824833702882
844,844,GRCh38_notinsegdups,legacy,1132,1132,0.8417670682730923,0.9257950530035336,0.9026701119724375,0.9140863497601396
844,844,GRCh38_segdups,corrected,1132,38,0.02566295979469632,0.7894736842105263,0.025839793281653745,0.0500417014178482
844,844,GRCh38_segdups,legacy,1132,661,0.5095277547638773,0.9304084720121029,0.5297157622739018,0.6750823271130625
845,845,GRCh38_alldifficultregions,corrected,1054,257,0.1996615905245347,0.9182879377431906,0.20327304048234282,0.33286318758815236
845,845,GRCh38_alldifficultregions,legacy,1054,961,0.7757322175732217,0.9646201873048907,0.7984496124031008,0.8737040527803959
845,845,GRCh38_alllowmapandsegdupregions,corrected,1054,26,0.01452991452991453,0.6538461538461539,0.014642549526270457,0.028643639427127218
845,845,GRCh38_alllowmapandsegdupregions,legacy,1054,772,0.627104377104377,0.9650259067357513,0.6416881998277347,0.7708225556130367
845,845,GRCh38_notinalldifficultregions,corrected,1054,797,0.6663829787234042,0.9824341279799247,0.6744186046511628,0.7997957099080694
845,845,GRCh38_notinalldifficultregions,legacy,1054,1049,0.8478260869565217,0.9666348903717826,0.8733850129198967,0.9176470588235294
845,845,GRCh38_notinalllowmapandsegdupregions,corrected,1054,1028,0.8441449031171019,0.9747081712062257,0.8630490956072352,0.9154865235267245
845,845,GRCh38_notinalllowmapandsegdupregions,legacy,1054,1054,0.8520066889632107,0.9667931688804554,0.8776916451335056,0.9200902934537246
845,845,GRCh38_notinsegdups,corrected,1054,1028,0.8441449031171019,0.9747081712062257,0.8630490956072352,0.9154865235267245
845,845,GRCh38_notinsegdups,legacy,1054,1054,0.8520066889632107,0.9667931688804554,0.8776916451335056,0.9200902934537246
845,845,GRCh38_segdups,corrected,1054,26,0.01452991452991453,0.6538461538461539,0.014642549526270457,0.028643639427127218
845,845,GRCh38_segdups,legacy,1054,616,0.5021132713440406,0.9642857142857143,0.5116279069767442,0.6685424873382104
846,846,GRCh38_alldifficultregions,corrected,1043,253,0.1952662721893491,0.9130434782608695,0.19896640826873385,0.32673267326732675
846,846,GRCh38_alldifficultregions,legacy,1043,948,0.7575,0.9588607594936709,0.7829457364341085,0.8620199146514936
846,846,GRCh38_alllowmapandsegdupregions,corrected,1043,22,0.013710368466152529,0.7272727272727273,0.013781223083548665,0.027049873203719356
846,846,GRCh38_alllowmapandsegdupregions,legacy,1043,764,0.6135792120704108,0.9581151832460733,0.6304909560723514,0.7605194805194804
846,846,GRCh38_notinalldifficultregions,corrected,1043,790,0.6519898391193903,0.9746835443037974,0.6632213608957795,0.7893388006150693
846,846,GRCh38_notinalldifficultregions,legacy,1043,1038,0.827930174563591,0.9595375722543352,0.8578811369509044,0.9058663028649385
846,846,GRCh38_notinalllowmapandsegdupregions,corrected,1043,1021,0.822890559732665,0.9647404505386875,0.8484065460809647,0.9028414298808431
846,846,GRCh38_notinalllowmapandsegdupregions,legacy,1043,1043,0.8320864505403158,0.959731543624161,0.8621877691645133,0.9083484573502723
846,846,GRCh38_notinsegdups,corrected,1043,1021,0.822890559732665,0.9647404505386875,0.8484065460809647,0.9028414298808431
846,846,GRCh38_notinsegdups,legacy,1043,1043,0.8320864505403158,0.959731543624161,0.8621877691645133,0.9083484573502723
846,846,GRCh38_segdups,corrected,1043,22,0.013710368466152529,0.7272727272727273,0.013781223083548665,0.027049873203719356
846,846,GRCh38_segdups,legacy,1043,605,0.49155405405405406,0.9619834710743802,0.5012919896640827,0.6591166477916196
847,847,GRCh38_alldifficultregions,corrected,1051,260,0.1991561181434599,0.9076923076923077,0.20327304048234282,0.3321604503870514
847,847,GRCh38_alldifficultregions,legacy,1051,958,0.7614297589359933,0.9561586638830898,0.788975021533161,0.8645587541293062
847,847,GRCh38_alllowmapandsegdupregions,corrected,1051,26,0.01452991452991453,0.6538461538461539,0.014642549526270457,0.028643639427127218
847,847,GRCh38_alllowmapandsegdupregions,legacy,1051,769,0.6204869857262805,0.9609882964889467,0.6365202411714039,0.7658031088082901
847,847,GRCh38_notinalldifficultregions,corrected,1051,791,0.6514382402707276,0.9734513274336283,0.6632213608957795,0.7889344262295083
847,847,GRCh38_notinalldifficultregions,legacy,1051,1046,0.8300165837479271,0.9569789674952199,0.8621877691645133,0.907113729043951
847,847,GRCh38_notinalllowmapandsegdupregions,corrected,1051,1025,0.8262322472848789,0.9648780487804878,0.8518518518518519,0.9048490393412626
847,847,GRCh38_notinalllowmapandsegdupregions,legacy,1051,1051,0.8341625207296849,0.9571836346336822,0.8664944013781223,0.9095840867992767
847,847,GRCh38_notinsegdups,corrected,1051,1025,0.8262322472848789,0.9648780487804878,0.8518518518518519,0.9048490393412626
847,847,GRCh38_notinsegdups,legacy,1051,1051,0.8341625207296849,0.9571836346336822,0.8664944013781223,0.9095840867992767
847,847,GRCh38_segdups,corrected,1051,26,0.01452991452991453,0.6538461538461539,0.014642549526270457,0.028643639427127218
847,847,GRCh38_segdups,legacy,1051,613,0.4983108108108108,0.9624796084828712,0.508182601205857,0.665163472378805
848,848,GRCh38_alldifficultregions,corrected,1039,246,0.1974468085106383,0.943089430894309,0.19982773471145565,0.3297796730632552
848,848,GRCh38_alldifficultregions,legacy,1039,947,0.7789029535864979,0.9746568109820486,0.7950043066322137,0.8757115749525618
848,848,GRCh38_alllowmapandsegdupregions,corrected,1039,19,0.012875536480686695,0.7894736842105263,0.012919896640826873,0.025423728813559324
848,848,GRCh38_alllowmapandsegdupregions,legacy,1039,760,0.6293469041560644,0.9763157894736842,0.6391042204995694,0.7725143154606975
848,848,GRCh38_notinalldifficultregions,corrected,1039,793,0.6672354948805461,0.9861286254728878,0.673557278208441,0.8004094165813715
848,848,GRCh38_notinalldifficultregions,legacy,1039,1034,0.8507588532883642,0.9758220502901354,0.8690783807062877,0.919362186788155
848,848,GRCh38_notinalllowmapandsegdupregions,corrected,1039,1020,0.8451776649746193,0.9794117647058823,0.8604651162790697,0.9160935350756534
848,848,GRCh38_notinalllowmapandsegdupregions,legacy,1039,1039,0.8549747048903878,0.9759384023099134,0.8733850129198967,0.9218181818181818
848,848,GRCh38_notinsegdups,corrected,1039,1021,0.8444632290786137,0.9784524975514202,0.8604651162790697,0.9156736938588451
848,848,GRCh38_notinsegdups,legacy,1039,1039,0.8549747048903878,0.9759384023099134,0.8733850129198967,0.9218181818181818
848,848,GRCh38_segdups,corrected,1039,18,0.01288659793814433,0.8333333333333334,0.012919896640826873,0.02544529262086514
848,848,GRCh38_segdups,legacy,1039,603,0.5038363171355499,0.9800995024875622,0.5090439276485789,0.6700680272108843
849,849,GRCh38_alldifficultregions,corrected,1711,536,0.18422889043963714,0.4925373134328358,0.22739018087855298,0.31113730111962284
849,849,GRCh38_alldifficultregions,legacy,1711,1579,0.557703240477544,0.6212792906903103,0.8449612403100775,0.7160583941605839
849,849,GRCh38_alllowmapandsegdupregions,corrected,1711,58,0.030431107354184278,0.6206896551724138,0.031007751937984496,0.059064807219032
849,849,GRCh38_alllowmapandsegdupregions,legacy,1711,1276,0.48055893074119077,0.6199059561128527,0.6813092161929372,0.6491588018054987
849,849,GRCh38_notinalldifficultregions,corrected,1711,1175,0.5318032786885246,0.6902127659574468,0.6985357450473729,0.6943493150684931
849,849,GRCh38_notinalldifficultregions,legacy,1711,1705,0.5957683741648107,0.6275659824046921,0.921619293712317,0.7466852756454989
849,849,GRCh38_notinalllowmapandsegdupregions,corrected,1711,1653,0.5853521126760564,0.6285541439806412,0.8949181739879414,0.738450604122246
849,849,GRCh38_notinalllowmapandsegdupregions,legacy,1711,1711,0.5982192543127435,0.6282875511396844,0.9259259259259259,0.7486072423398329
849,849,GRCh38_notinsegdups,corrected,1711,1658,0.5872747747747747,0.6290711700844391,0.8983634797588286,0.7399787158566868
849,849,GRCh38_notinsegdups,legacy,1711,1711,0.5982192543127435,0.6282875511396844,0.9259259259259259,0.7486072423398329
849,849,GRCh38_segdups,corrected,1711,53,0.02707275803722504,0.6037735849056604,0.02756244616709733,0.05271828665568369
849,849,GRCh38_segdups,legacy,1711,1014,0.4077669902912621,0.621301775147929,0.5426356589147286,0.5793103448275863
850,850,GRCh38_alldifficultregions,corrected,2561,735,0.16390423572744015,0.363265306122449,0.22997416020671835,0.28164556962025317
850,850,GRCh38_alldifficultregions,legacy,2561,2359,0.38965653375444137,0.41839762611275966,0.8501291989664083,0.5607954545454545
850,850,GRCh38_alllowmapandsegdupregions,corrected,2561,63,0.030303030303030304,0.5714285714285714,0.031007751937984496,0.0588235294117647
850,850,GRCh38_alllowmapandsegdupregions,legacy,2561,1926,0.34744652989960717,0.4132917964693666,0.6856158484065461,0.5157110463232912
850,850,GRCh38_notinalldifficultregions,corrected,2561,1826,0.375863657300783,0.44687842278203727,0.7028423772609819,0.5463675929025777
850,850,GRCh38_notinalldifficultregions,legacy,2561,2552,0.4091081593927894,0.4224137931034483,0.9285099052540913,0.5806625370320495
850,850,GRCh38_notinalllowmapandsegdupregions,corrected,2561,2498,0.40084226646248083,0.4191353082465973,0.9018087855297158,0.5722875102487018
850,850,GRCh38_notinalllowmapandsegdupregions,legacy,2561,2561,0.41038272072754833,0.4228816868410777,0.9328165374677002,0.5819451907576572
850,850,GRCh38_notinsegdups,corrected,2561,2503,0.40221967087638727,0.4198961246504195,0.905254091300603,0.5736899563318777
850,850,GRCh38_notinsegdups,legacy,2561,2561,0.41038272072754833,0.4228816868410777,0.9328165374677002,0.5819451907576572
850,850,GRCh38_segdups,corrected,2561,58,0.02695871946082561,0.5517241379310345,0.02756244616709733,0.05250205086136177
850,850,GRCh38_segdups,legacy,2561,1527,0.3093034583536288,0.4158480681074001,0.5469422911283376,0.4724702380952381
851,851,GRCh38_alldifficultregions,corrected,2601,784,0.15842763549731984,0.3392857142857143,0.22911283376399655,0.2735218508997429
851,851,GRCh38_alldifficultregions,legacy,2601,2393,0.38449552006232957,0.4124529878813205,0.8501291989664083,0.5554305008441194
851,851,GRCh38_alllowmapandsegdupregions,corrected,2601,64,0.030277544154751892,0.5625,0.031007751937984496,0.05877551020408163
851,851,GRCh38_alllowmapandsegdupregions,legacy,2601,1958,0.3426603529918209,0.4065372829417773,0.6856158484065461,0.5104200064123117
851,851,GRCh38_notinalldifficultregions,corrected,2601,1817,0.3787037037037037,0.45019262520638414,0.7045650301464255,0.5493619879113498
851,851,GRCh38_notinalldifficultregions,legacy,2601,2593,0.4033644859813084,0.4161203239490937,0.9293712316968131,0.5748534896110815
851,851,GRCh38_notinalllowmapandsegdupregions,corrected,2601,2537,0.39547169811320754,0.41308632242806465,0.9026701119724375,0.5667928610059492
851,851,GRCh38_notinalllowmapandsegdupregions,legacy,2601,2601,0.40477968633308437,0.41676278354479046,0.9336778639104221,0.5762892078681553
851,851,GRCh38_notinsegdups,corrected,2601,2542,0.3968313843832516,0.4138473642800944,0.9061154177433247,0.5681879557115851
851,851,GRCh38_notinsegdups,legacy,2601,2601,0.40477968633308437,0.41676278354479046,0.9336778639104221,0.5762892078681553
851,851,GRCh38_segdups,corrected,2601,59,0.026936026936026935,0.5423728813559322,0.02756244616709733,0.05245901639344262
851,851,GRCh38_segdups,legacy,2601,1566,0.3035372848948375,0.4054916985951469,0.5469422911283376,0.4657132379904657
852,852,GRCh38_alldifficultregions,corrected,1625,484,0.19202898550724637,0.5475206611570248,0.22825150732127478,0.32218844984802436
852,852,GRCh38_alldifficultregions,legacy,1625,1500,0.5848719475878499,0.6546666666666666,0.8458225667527993,0.7380683953400976
852,852,GRCh38_alllowmapandsegdupregions,corrected,1625,58,0.030431107354184278,0.6206896551724138,0.031007751937984496,0.059064807219032
852,852,GRCh38_alllowmapandsegdupregions,legacy,1625,1217,0.4984247006931317,0.6499589153656532,0.6813092161929372,0.6652649285113541
852,852,GRCh38_notinalldifficultregions,corrected,1625,1141,0.5439302481556003,0.7107800175284837,0.6985357450473729,0.7046046915725457
852,852,GRCh38_notinalldifficultregions,legacy,1625,1618,0.6270491803278688,0.6619283065512979,0.9224806201550387,0.7707808564231738
852,852,GRCh38_notinalllowmapandsegdupregions,corrected,1625,1567,0.6161137440758294,0.6636885768985322,0.8957795004306632,0.7624633431085045
852,852,GRCh38_notinalllowmapandsegdupregions,legacy,1625,1625,0.6292397660818714,0.6621538461538462,0.9267872523686477,0.7724335965541996
852,852,GRCh38_notinsegdups,corrected,1625,1572,0.6181172291296625,0.6641221374045801,0.8992248062015504,0.7639956092206366
852,852,GRCh38_notinsegdups,legacy,1625,1625,0.6292397660818714,0.6621538461538462,0.9267872523686477,0.7724335965541996
852,852,GRCh38_segdups,corrected,1625,53,0.02707275803722504,0.6037735849056604,0.02756244616709733,0.05271828665568369
852,852,GRCh38_segdups,legacy,1625,968,0.4202801867911941,0.6508264462809917,0.5426356589147286,0.5918271488961954
853,853,GRCh38_alldifficultregions,corrected,1153,310,0.18438003220611915,0.7387096774193549,0.19724375538329025,0.3113528212100612
853,853,GRCh38_alldifficultregions,legacy,1153,1067,0.6479289940828402,0.8209934395501406,0.7545219638242894,0.786355475763016
853,853,GRCh38_alllowmapandsegdupregions,corrected,1153,37,0.02305721605465414,0.7297297297297297,0.023255813953488372,0.04507512520868113
853,853,GRCh38_alllowmapandsegdupregions,legacy,1153,874,0.53353428786737,0.8100686498855835,0.6098191214470284,0.6958230958230958
853,853,GRCh38_notinalldifficultregions,corrected,1153,843,0.5705329153605015,0.863582443653618,0.6270456503014643,0.7265469061876247
853,853,GRCh38_notinalldifficultregions,legacy,1153,1149,0.7022844509948416,0.8294168842471714,0.8208440999138673,0.825108225108225
853,853,GRCh38_notinalllowmapandsegdupregions,corrected,1153,1116,0.6904231625835189,0.8333333333333334,0.8010335917312662,0.8168642951251647
853,853,GRCh38_notinalllowmapandsegdupregions,legacy,1153,1153,0.705232129697863,0.8300086730268864,0.8242894056847545,0.8271391529818496
853,853,GRCh38_notinsegdups,corrected,1153,1118,0.6919079435783222,0.8336314847942755,0.8027562446167097,0.8179025888547609
853,853,GRCh38_notinsegdups,legacy,1153,1153,0.705232129697863,0.8300086730268864,0.8242894056847545,0.8271391529818496
853,853,GRCh38_segdups,corrected,1153,35,0.02134927412467976,0.7142857142857143,0.02153316106804479,0.04180602006688963
853,853,GRCh38_segdups,legacy,1153,701,0.4367283950617284,0.8074179743223966,0.48751076658053405,0.6079484425349088
854,854,GRCh38_alldifficultregions,corrected,1136,300,0.18108326596604687,0.7466666666666667,0.1929371231696813,0.3066392881587954
854,854,GRCh38_alldifficultregions,legacy,1136,1050,0.6245407788390889,0.8095238095238095,0.7321274763135228,0.7688828584350973
854,854,GRCh38_alllowmapandsegdupregions,corrected,1136,34,0.021367521367521368,0.7352941176470589,0.02153316106804479,0.04184100418410042
854,854,GRCh38_alllowmapandsegdupregions,legacy,1136,854,0.5127627627627628,0.7997658079625293,0.5882859603789836,0.6779156327543424
854,854,GRCh38_notinalldifficultregions,corrected,1136,836,0.546862896979086,0.8444976076555024,0.6080964685615848,0.7070605908863296
854,854,GRCh38_notinalldifficultregions,legacy,1136,1132,0.6773957571324067,0.8180212014134276,0.797588285960379,0.8076755342346271
854,854,GRCh38_notinalllowmapandsegdupregions,corrected,1136,1102,0.666421207658321,0.8212341197822142,0.7795004306632214,0.7998232434821034
854,854,GRCh38_notinalllowmapandsegdupregions,legacy,1136,1136,0.6803218727139722,0.8186619718309859,0.8010335917312662,0.8097518502394427
854,854,GRCh38_notinsegdups,corrected,1136,1104,0.6678939617083947,0.8215579710144928,0.781223083548665,0.8008830022075056
854,854,GRCh38_notinsegdups,legacy,1136,1136,0.6803218727139722,0.8186619718309859,0.8010335917312662,0.8097518502394427
854,854,GRCh38_segdups,corrected,1136,32,0.019658119658119658,0.71875,0.019810508182601206,0.038558256496227995
854,854,GRCh38_segdups,legacy,1136,683,0.4228395061728395,0.8023426061493412,0.4720068906115418,0.5943600867678959
855,855,GRCh38_alldifficultregions,corrected,1199,331,0.183187946074544,0.6978851963746223,0.19896640826873385,0.30965147453083114
855,855,GRCh38_alldifficultregions,legacy,1199,1110,0.6302943287867911,0.790990990990991,0.756244616709733,0.7732276530162923
855,855,GRCh38_alllowmapandsegdupregions,corrected,1199,37,0.02305721605465414,0.7297297297297297,0.023255813953488372,0.04507512520868113
855,855,GRCh38_alllowmapandsegdupregions,legacy,1199,908,0.5235640648011782,0.7830396475770925,0.6124031007751938,0.6872885451909134
855,855,GRCh38_notinalldifficultregions,corrected,1199,868,0.5619707467282525,0.8410138248847926,0.6287683031869078,0.7195662888122227
855,855,GRCh38_notinalldifficultregions,legacy,1199,1195,0.684060042887777,0.800836820083682,0.8242894056847545,0.8123938879456706
855,855,GRCh38_notinalllowmapandsegdupregions,corrected,1199,1162,0.6724262059035278,0.8037865748709122,0.8044788975021533,0.8041325871717606
855,855,GRCh38_notinalllowmapandsegdupregions,legacy,1199,1199,0.6869192280200143,0.8015012510425354,0.8277347114556417,0.8144067796610169
855,855,GRCh38_notinsegdups,corrected,1199,1164,0.673866090712743,0.8041237113402062,0.8062015503875969,0.8051612903225807
855,855,GRCh38_notinsegdups,legacy,1199,1199,0.6869192280200143,0.8015012510425354,0.8277347114556417,0.8144067796610169
855,855,GRCh38_segdups,corrected,1199,35,0.02134927412467976,0.7142857142857143,0.02153316106804479,0.04180602006688963
855,855,GRCh38_segdups,legacy,1199,725,0.4309559939301973,0.783448275862069,0.4892334194659776,0.6023329798515377
856,856,GRCh38_alldifficultregions,corrected,1076,273,0.18219291014014838,0.8095238095238095,0.19035314384151594,0.3082287308228731
856,856,GRCh38_alldifficultregions,legacy,1076,991,0.6477794793261868,0.8536831483350151,0.7286821705426356,0.7862453531598512
856,856,GRCh38_alllowmapandsegdupregions,corrected,1076,34,0.021367521367521368,0.7352941176470589,0.02153316106804479,0.04184100418410042
856,856,GRCh38_alllowmapandsegdupregions,legacy,1076,808,0.5263565891472868,0.8403465346534653,0.5848406546080964,0.6896901980700862
856,856,GRCh38_notinalldifficultregions,corrected,1076,803,0.5599682287529786,0.8779576587795765,0.6072351421188631,0.7179226069246436
856,856,GRCh38_notinalldifficultregions,legacy,1076,1072,0.7032799389778794,0.8600746268656716,0.7941429801894918,0.8257948947604119
856,856,GRCh38_notinalllowmapandsegdupregions,corrected,1076,1042,0.6920122887864824,0.8646833013435701,0.7760551248923342,0.8179754879709488
856,856,GRCh38_notinalllowmapandsegdupregions,legacy,1076,1076,0.7063310450038138,0.8605947955390335,0.797588285960379,0.8278945015645954
856,856,GRCh38_notinsegdups,corrected,1076,1044,0.6935483870967742,0.8649425287356322,0.7777777777777778,0.819047619047619
856,856,GRCh38_notinsegdups,legacy,1076,1076,0.7063310450038138,0.8605947955390335,0.797588285960379,0.8278945015645954
856,856,GRCh38_segdups,corrected,1076,32,0.019658119658119658,0.71875,0.019810508182601206,0.038558256496227995
856,856,GRCh38_segdups,legacy,1076,650,0.4293606945540647,0.8369230769230769,0.46856158484065463,0.6007730535615683
857,857,GRCh38_alldifficultregions,corrected,1469,678,0.13518518518518519,0.3230088495575221,0.18863049095607234,0.23817292006525284
857,857,GRCh38_alldifficultregions,legacy,1469,1382,0.46065479609419874,0.5803183791606368,0.6907838070628768,0.6307510813999214
857,857,GRCh38_alllowmapandsegdupregions,corrected,1469,156,0.023310023310023312,0.19230769230769232,0.025839793281653745,0.04555808656036446
857,857,GRCh38_alllowmapandsegdupregions,legacy,1469,1140,0.39963503649635035,0.5763157894736842,0.5658914728682171,0.5710560625814863
857,857,GRCh38_notinalldifficultregions,corrected,1469,791,0.5061728395061729,0.8293299620733249,0.5650301464254953,0.6721311475409836
857,857,GRCh38_notinalldifficultregions,legacy,1469,1465,0.4962962962962963,0.5945392491467577,0.7502153316106804,0.6633663366336634
857,857,GRCh38_notinalllowmapandsegdupregions,corrected,1469,1313,0.5187231430325353,0.6435643564356436,0.7278208440999139,0.6831042845594179
857,857,GRCh38_notinalllowmapandsegdupregions,legacy,1469,1469,0.4985754985754986,0.595643294758339,0.7536606373815676,0.6653992395437263
857,857,GRCh38_notinsegdups,corrected,1469,1317,0.5211786372007366,0.6446469248291572,0.7312661498708011,0.685230024213075
857,857,GRCh38_notinsegdups,legacy,1469,1469,0.4985754985754986,0.595643294758339,0.7536606373815676,0.6653992395437263
857,857,GRCh38_segdups,corrected,1469,152,0.020202020202020204,0.17105263157894737,0.02239448751076658,0.0396039603960396
857,857,GRCh38_segdups,legacy,1469,941,0.3371501272264631,0.563230605738576,0.45650301464254955,0.5042816365366318
858,858,GRCh38_alldifficultregions,corrected,1688,824,0.1304100227790433,0.2779126213592233,0.19724375538329025,0.23073047858942064
858,858,GRCh38_alldifficultregions,legacy,1688,1589,0.4337851929092805,0.5235997482693517,0.7166236003445305,0.6050909090909091
858,858,GRCh38_alllowmapandsegdupregions,corrected,1688,140,0.023603461841070025,0.21428571428571427,0.025839793281653745,0.04611837048424289
858,858,GRCh38_alllowmapandsegdupregions,legacy,1688,1291,0.3837471783295711,0.5267234701781565,0.5857019810508183,0.5546492659053834
858,858,GRCh38_notinalldifficultregions,corrected,1688,864,0.5078183172002978,0.7893518518518519,0.5874246339362619,0.6735802469135802
858,858,GRCh38_notinalldifficultregions,legacy,1688,1684,0.4680082559339525,0.5385985748218527,0.781223083548665,0.6376098418277679
858,858,GRCh38_notinalllowmapandsegdupregions,corrected,1688,1548,0.48194748358862144,0.5691214470284238,0.7588285960378983,0.6504245108896273
858,858,GRCh38_notinalllowmapandsegdupregions,legacy,1688,1688,0.47007223942208465,0.5396919431279621,0.7846683893195521,0.6395226395226395
858,858,GRCh38_notinsegdups,corrected,1688,1553,0.4838709677419355,0.5698647778493239,0.7622739018087855,0.6521739130434782
858,858,GRCh38_notinsegdups,legacy,1688,1688,0.47007223942208465,0.5396919431279621,0.7846683893195521,0.6395226395226395
858,858,GRCh38_segdups,corrected,1688,135,0.02047244094488189,0.1925925925925926,0.02239448751076658,0.040123456790123455
858,858,GRCh38_segdups,legacy,1688,1066,0.32401902497027346,0.5112570356472795,0.4694229112833764,0.4894476874719353
859,859,GRCh38_alldifficultregions,corrected,1671,800,0.13287117273252455,0.2875,0.19810508182601205,0.23457419683834776
859,859,GRCh38_alldifficultregions,legacy,1671,1574,0.440231700895208,0.531130876747141,0.7200689061154177,0.6113345521023765
859,859,GRCh38_alllowmapandsegdupregions,corrected,1671,142,0.02356637863315004,0.2112676056338028,0.025839793281653745,0.04604758250191864
859,859,GRCh38_alllowmapandsegdupregions,legacy,1671,1287,0.38696883852691216,0.5306915306915307,0.5882859603789836,0.5580065359477124
859,859,GRCh38_notinalldifficultregions,corrected,1671,871,0.5085374907201188,0.7864523536165328,0.5900086132644272,0.6742125984251969
859,859,GRCh38_notinalldifficultregions,legacy,1671,1667,0.47522170057381324,0.5464907018596281,0.7846683893195521,0.6442715700141444
859,859,GRCh38_notinalllowmapandsegdupregions,corrected,1671,1529,0.4903047091412742,0.578809679529104,0.7622739018087855,0.6579925650557621
859,859,GRCh38_notinalllowmapandsegdupregions,legacy,1671,1671,0.47730829420970267,0.547576301615799,0.7881136950904393,0.646186440677966
859,859,GRCh38_notinsegdups,corrected,1671,1534,0.49224806201550386,0.5795306388526728,0.7657192075796727,0.6597402597402597
859,859,GRCh38_notinsegdups,legacy,1671,1671,0.47730829420970267,0.547576301615799,0.7881136950904393,0.646186440677966
859,859,GRCh38_segdups,corrected,1671,137,0.020440251572327043,0.1897810218978102,0.02239448751076658,0.04006163328197226
859,859,GRCh38_segdups,legacy,1671,1058,0.3279473369239976,0.5179584120982986,0.4720068906115418,0.4939161784587652
860,860,GRCh38_alldifficultregions,corrected,1440,662,0.13582554517133957,0.3293051359516616,0.18776916451335057,0.23916620954470652
860,860,GRCh38_alldifficultregions,legacy,1440,1353,0.46418171228887595,0.5890613451589062,0.6864771748492678,0.634049323786794
860,860,GRCh38_alllowmapandsegdupregions,corrected,1440,150,0.0234192037470726,0.2,0.025839793281653745,0.04576659038901602
860,860,GRCh38_alllowmapandsegdupregions,legacy,1440,1110,0.4044526901669759,0.5891891891891892,0.5633074935400517,0.5759577278731837
860,860,GRCh38_notinalldifficultregions,corrected,1440,778,0.5066045066045066,0.8380462724935732,0.5615848406546081,0.6725116039195461
860,860,GRCh38_notinalldifficultregions,legacy,1440,1436,0.5002888503755055,0.6030640668523677,0.7459086993970715,0.666923373122834
860,860,GRCh38_notinalllowmapandsegdupregions,corrected,1440,1290,0.521415270018622,0.6511627906976745,0.7235142118863049,0.6854345165238678
860,860,GRCh38_notinalllowmapandsegdupregions,legacy,1440,1440,0.5025996533795494,0.6041666666666666,0.7493540051679587,0.6689734717416379
860,860,GRCh38_notinsegdups,corrected,1440,1295,0.5235732009925558,0.6517374517374518,0.726959517657192,0.6872964169381107
860,860,GRCh38_notinsegdups,legacy,1440,1440,0.5025996533795494,0.6041666666666666,0.7493540051679587,0.6689734717416379
860,860,GRCh38_segdups,corrected,1440,145,0.0203125,0.1793103448275862,0.02239448751076658,0.039816232771822356
860,860,GRCh38_segdups,legacy,1440,916,0.34,0.5753275109170306,0.45391903531438416,0.5074626865671641
861,861,GRCh38_alldifficultregions,corrected,1081,323,0.13803680981595093,0.5572755417956656,0.15503875968992248,0.2425876010781671
861,861,GRCh38_alldifficultregions,legacy,1081,1001,0.5236081747709654,0.7422577422577422,0.6399655469422911,0.6873265494912117
861,861,GRCh38_alllowmapandsegdupregions,corrected,1081,7,0.003436426116838488,0.5714285714285714,0.0034453057708871662,0.006849315068493151
861,861,GRCh38_alllowmapandsegdupregions,legacy,1081,809,0.4390065741417093,0.7428924598269468,0.5176571920757967,0.6101522842639594
861,861,GRCh38_notinalldifficultregions,corrected,1081,758,0.49106449106449107,0.8337730870712401,0.5443583118001722,0.658676393955185
861,861,GRCh38_notinalldifficultregions,legacy,1081,1078,0.5657342657342658,0.7504638218923934,0.6968130921619293,0.7226440375167485
861,861,GRCh38_notinalllowmapandsegdupregions,corrected,1081,1074,0.5662228451296426,0.7523277467411545,0.6959517657192076,0.7230425055928412
861,861,GRCh38_notinalllowmapandsegdupregions,legacy,1081,1081,0.5678321678321678,0.7511563367252544,0.6993970714900948,0.7243532560214094
861,861,GRCh38_notinsegdups,corrected,1081,1074,0.5662228451296426,0.7523277467411545,0.6959517657192076,0.7230425055928412
861,861,GRCh38_notinsegdups,legacy,1081,1081,0.5678321678321678,0.7511563367252544,0.6993970714900948,0.7243532560214094
861,861,GRCh38_segdups,corrected,1081,7,0.003436426116838488,0.5714285714285714,0.0034453057708871662,0.006849315068493151
861,861,GRCh38_segdups,legacy,1081,650,0.36370481927710846,0.7430769230769231,0.4160206718346253,0.5334069574820541
862,862,GRCh38_alldifficultregions,corrected,832,248,0.09564541213063764,0.4959677419354839,0.10594315245478036,0.17459190915542938
862,862,GRCh38_alldifficultregions,legacy,832,778,0.36838390966831336,0.6709511568123393,0.4496124031007752,0.5384218669417226
862,862,GRCh38_alllowmapandsegdupregions,corrected,832,4,0.000859106529209622,0.25,0.0008613264427217916,0.0017167381974248926
862,862,GRCh38_alllowmapandsegdupregions,legacy,832,626,0.30724213606437456,0.670926517571885,0.36175710594315247,0.47006155567991054
862,862,GRCh38_notinalldifficultregions,corrected,832,584,0.3402457757296467,0.7585616438356164,0.3815676141257537,0.5077363896848138
862,862,GRCh38_notinalldifficultregions,legacy,832,830,0.39523475823405746,0.6795180722891566,0.48578811369509045,0.5665494726268206
862,862,GRCh38_notinalllowmapandsegdupregions,corrected,832,828,0.3967696629213483,0.6823671497584541,0.48664944013781225,0.5681246857717446
862,862,GRCh38_notinalllowmapandsegdupregions,legacy,832,832,0.39663629992992294,0.6802884615384616,0.48751076658053405,0.5679879578524837
862,862,GRCh38_notinsegdups,corrected,832,828,0.3967696629213483,0.6823671497584541,0.48664944013781225,0.5681246857717446
862,862,GRCh38_notinsegdups,legacy,832,832,0.39663629992992294,0.6802884615384616,0.48751076658053405,0.5679879578524837
862,862,GRCh38_segdups,corrected,832,4,0.000859106529209622,0.25,0.0008613264427217916,0.0017167381974248926
862,862,GRCh38_segdups,legacy,832,496,0.24680210684725357,0.6612903225806451,0.28251507321274766,0.395896197948099
863,863,GRCh38_alldifficultregions,corrected,1357,465,0.13706293706293707,0.421505376344086,0.16881998277347116,0.24108241082410825
863,863,GRCh38_alldifficultregions,legacy,1357,1261,0.4840686274509804,0.626486915146709,0.6804478897502153,0.6523534269199008
863,863,GRCh38_alllowmapandsegdupregions,corrected,1357,9,0.004291845493562232,0.5555555555555556,0.004306632213608958,0.008547008547008548
863,863,GRCh38_alllowmapandsegdupregions,legacy,1357,1013,0.4153645833333333,0.629812438302073,0.549526270456503,0.5869365225390984
863,863,GRCh38_notinalldifficultregions,corrected,1357,892,0.48445408532176426,0.7511210762331838,0.5770887166236004,0.6527033609352167
863,863,GRCh38_notinalldifficultregions,legacy,1357,1354,0.5223970944309927,0.6373707533234859,0.7433247200689062,0.6862823061630218
863,863,GRCh38_notinalllowmapandsegdupregions,corrected,1357,1348,0.5224514563106796,0.6387240356083086,0.7416020671834626,0.6863292148266241
863,863,GRCh38_notinalllowmapandsegdupregions,legacy,1357,1357,0.5242130750605327,0.6381724392041267,0.7459086993970715,0.687847498014297
863,863,GRCh38_notinsegdups,corrected,1357,1348,0.5224514563106796,0.6387240356083086,0.7416020671834626,0.6863292148266241
863,863,GRCh38_notinsegdups,legacy,1357,1357,0.5242130750605327,0.6381724392041267,0.7459086993970715,0.687847498014297
863,863,GRCh38_segdups,corrected,1357,9,0.004291845493562232,0.5555555555555556,0.004306632213608958,0.008547008547008548
863,863,GRCh38_segdups,legacy,1357,811,0.34791524265208473,0.6276202219482121,0.4384151593453919,0.5162271805273834
864,864,GRCh38_alldifficultregions,corrected,680,180,0.08935824532900082,0.6111111111111112,0.09474590869939707,0.16405667412378822
864,864,GRCh38_alldifficultregions,legacy,680,630,0.3766333589546503,0.7777777777777778,0.42204995693367786,0.5471803461753211
864,864,GRCh38_alllowmapandsegdupregions,corrected,680,2,0.0,0.0,0.0,0.0
864,864,GRCh38_alllowmapandsegdupregions,legacy,680,502,0.3115141955835962,0.7868525896414342,0.34022394487510765,0.47504509921828014
864,864,GRCh38_notinalldifficultregions,corrected,680,500,0.34059725585149314,0.844,0.363479758828596,0.5081276339554486
864,864,GRCh38_notinalldifficultregions,legacy,680,678,0.40488922841864017,0.7817109144542773,0.45650301464254955,0.5764002175095161
864,864,GRCh38_notinalllowmapandsegdupregions,corrected,680,678,0.4070390206579954,0.7846607669616519,0.4582256675279931,0.5785753126699292
864,864,GRCh38_notinalllowmapandsegdupregions,legacy,680,680,0.40641711229946526,0.7823529411764706,0.4582256675279931,0.5779467680608366
864,864,GRCh38_notinsegdups,corrected,680,678,0.4070390206579954,0.7846607669616519,0.4582256675279931,0.5785753126699292
864,864,GRCh38_notinsegdups,legacy,680,680,0.40641711229946526,0.7823529411764706,0.4582256675279931,0.5779467680608366
864,864,GRCh38_segdups,corrected,680,2,0.0,0.0,0.0,0.0
864,864,GRCh38_segdups,legacy,680,392,0.249396621078037,0.7908163265306123,0.2670111972437554,0.39922730199613654
